:020000040800F2
:1000000000000220751003083160010881620108B8
:10001000996201089D620108A162010800000000C8
:10002000000000000000000000000000A5620108C0
:10003000A962010800000000AD6201081560010816
:10004000E1100308E1100308E1100308E1100308C0
:10005000E1100308E1100308E1100308E1100308B0
:10006000E1100308E1100308E1100308E1100308A0
:10007000E1100308E1100308156401085D6401083C
:10008000E1100308CD630108E1100308E110030843
:10009000E1100308E1100308E1100308E110030870
:1000A000E1100308E1100308E1100308E110030860
:1000B000D9620108E1100308E11003082D65010869
:1000C000256501083D65010835650108E110030853
:1000D000E1100308ED640108F5640108FD640108FE
:1000E000E1100308E11003081DD60108B162010800
:1000F000E1100308E1100308E1100308A5640108FA
:10010000E1100308E110030861630108E11003082E
:10011000056501081D650108E1100308E1100308E9
:10012000E1100308E1100308E1100308E1100308DF
:10013000E1100308E1100308E1100308E1100308CF
:10014000E1100308E1100308E110030825D60108B7
:10015000E1100308E110030885630108E1100308BA
:100160004D65010845650108E1100308E110030829
:10017000E1100308E1100308E1100308E11003088F
:08018000E1100308E11003087F
:1080000081F0004102E000BF83F0004330B54FEA49
:1080100041044FEA430594EA050F08BF90EA020FB6
:108020001FBF54EA000C55EA020C7FEA645C7FEA49
:10803000655C00F0E2804FEA5454D4EB5555B8BF6C
:108040006D420CDD2C4480EA020281EA030382EADD
:10805000000083EA010180EA020281EA0303362D6F
:1080600088BF30BD11F0004F4FEA01314FF4801C42
:108070004CEA113102D0404261EB410113F0004F54
:108080004FEA03334CEA133302D0524263EB43030B
:1080900094EA050F00F0A780A4F10104D5F1200EA9
:1080A0000DDB02FA0EFC22FA05F2801841F1000104
:1080B00003FA0EF2801843FA05F359410EE0A5F1D8
:1080C00020050EF1200E012A03FA0EFC28BF4CF009
:1080D000020C43FA05F3C01851EBE37101F00045BF
:1080E00007D54FF0000EDCF1000C7EEB00006EEBCC
:1080F0000101B1F5801F1BD3B1F5001F0CD3490856
:108100005FEA30004FEA3C0C04F101044FEA4452AC
:1081100012F5800F80F09A80BCF1004F08BF5FEA33
:10812000500C50F1000041EB045141EA050130BD13
:108130005FEA4C0C404141EB0101013C28BFB1F525
:10814000801FE9D291F0000F04BF01460020B1FA70
:1081500081F308BF2033A3F10B03B3F120020CDA43
:108160000C3208DD02F1140CC2F10C0201FA0CF021
:1081700021FA02F10CE002F11402D8BFC2F1200C86
:1081800001FA02F120FA0CFCDCBF41EA0C0190403C
:10819000E41AA2BF01EB0451294330BD6FEA040485
:1081A0001F3C1CDA0C340EDC04F11404C4F1200270
:1081B00020FA04F001FA02F340EA030021FA04F382
:1081C00045EA030130BDC4F10C04C4F1200220FAD9
:1081D00002F001FA04F340EA0300294630BD21FA17
:1081E00004F0294630BD94F0000F83F4801306BFDD
:1081F00081F480110134013D4EE77FEA645C18BFD1
:108200007FEA655C29D094EA050F08BF90EA020F67
:1082100005D054EA000C04BF1946104630BD91EA5F
:10822000030F1EBF0021002030BD5FEA545C05D162
:108230004000494128BF41F0004130BD14F58004A1
:108240003CBF01F5801130BD01F0004545F0FE4115
:1082500041F470014FF0000030BD7FEA645C1ABF4A
:10826000194610467FEA655C1CBF0B46024650EA81
:10827000013406BF52EA033591EA030F41F40021AD
:1082800030BD00BF90F0000F04BF0021704730B533
:108290004FF4806404F132044FF000054FF0000108
:1082A00050E700BF90F0000F04BF0021704730B5C9
:1082B0004FF4806404F1320410F0004548BF40429E
:1082C0004FF000013EE700BF42004FEAE2014FEAF3
:1082D00031014FEA02701FBF12F07F4393F07F4FCE
:1082E00081F06051704732F07F4208BF704793F0D1
:1082F0007F4F04BF41F40021704730B54FF46074E4
:1083000001F0004521F000411CE700BF50EA0102E6
:1083100008BF704730B54FF000050AE050EA01028F
:1083200008BF704730B511F0004502D5404261EBFF
:1083300041014FF4806404F132045FEA915C3FF440
:10834000D8AE4FF003025FEADC0C18BF03325FEADD
:10835000DC0C18BF033202EBDC02C2F1200300FA8E
:1083600003FC20FA02F001FA03FE40EA0E0021FAB3
:1083700002F11444BDE600BF70B54FF0FF0C4CF4A1
:10838000E06C1CEA11541DBF1CEA135594EA0C0F53
:1083900095EA0C0F00F0DEF82C4481EA030621EA8E
:1083A0004C5123EA4C5350EA013518BF52EA0335C9
:1083B00041F4801143F4801338D0A0FB02CE4FF07B
:1083C0000005E1FB02E506F00042E0FB03E54FF0AB
:1083D0000006E1FB03569CF0000F18BF4EF0010EA3
:1083E000A4F1FF04B6F5007F64F5407404D25FEA9F
:1083F0004E0E6D4146EB060642EAC62141EA555152
:108400004FEAC52040EA5E504FEACE2EB4F1FD0C93
:1084100088BFBCF5E06F1ED8BEF1004F08BF5FEA11
:10842000500E50F1000041EB045170BD06F00046C3
:1084300046EA010140EA020081EA0301B4EB5C0470
:10844000C2BFD4EB0C0541EA045170BD41F4801168
:108450004FF0000E013C00F3AB8014F1360FDEBF8D
:10846000002001F0004170BDC4F10004203C35DA69
:108470000C341BDC04F11404C4F1200500FA05F3EC
:1084800020FA04F001FA05F240EA020001F000428D
:1084900021F0004110EBD37021FA04F642EB060103
:1084A0005EEA430E08BF20EAD37070BDC4F10C042D
:1084B000C4F1200500FA04F320FA05F001FA04F2F1
:1084C00040EA020001F0004110EBD37041F10001DD
:1084D0005EEA430E08BF20EAD37070BDC4F12005E8
:1084E00000FA05F24EEA020E20FA04F301FA05F250
:1084F00043EA020321FA04F001F0004121FA04F2F8
:1085000020EA020000EBD3705EEA430E08BF20EAC7
:10851000D37070BD94F0000F0FD101F00046400001
:1085200041EB010111F4801F08BF013CF7D041EA83
:10853000060195F0000F18BF704703F00046520087
:1085400043EB030313F4801F08BF013DF7D043EA58
:108550000603704794EA0C0F0CEA135518BF95EA0E
:108560000C0F0CD050EA410618BF52EA4306D1D195
:1085700081EA030101F000414FF0000070BD50EAB4
:10858000410606BF1046194652EA430619D094EA3E
:108590000C0F02D150EA013613D195EA0C0F05D128
:1085A00052EA03361CBF104619460AD181EA03017C
:1085B00001F0004141F0FE4141F470014FF0000034
:1085C00070BD41F0FE4141F4780170BD70B54FF0CF
:1085D000FF0C4CF4E06C1CEA11541DBF1CEA13554F
:1085E00094EA0C0F95EA0C0F00F0A7F8A4EB050431
:1085F00081EA030E52EA03354FEA013100F0888028
:108600004FEA03334FF0805545EA131343EA1263F0
:108610004FEA022245EA111545EA10654FEA0026A5
:108620000EF000419D4208BF964244F1FD0404F55E
:10863000407402D25B084FEA3202B61A65EB0305BA
:108640005B084FEA32024FF480104FF4002CB6EB77
:10865000020E75EB030E22BFB61A754640EA0C00F7
:108660005B084FEA3202B6EB020E75EB030E22BF37
:10867000B61A754640EA5C005B084FEA3202B6EB78
:10868000020E75EB030E22BFB61A754640EA9C0037
:108690005B084FEA3202B6EB020E75EB030E22BF07
:1086A000B61A754640EADC0055EA060E18D04FEAC5
:1086B000051545EA16754FEA06164FEAC30343EA65
:1086C00052734FEAC2025FEA1C1CC0D111F4801F32
:1086D0000BD141EA00014FF000004FF0004CB6E72B
:1086E00011F4801F04BF01430020B4F1FD0C88BFCA
:1086F000BCF5E06F3FF6AFAEB5EB030C04BFB6EBD5
:10870000020C5FEA500C50F1000041EB045170BDC7
:108710000EF0004E4EEA113114EB5C04C2BFD4EBF4
:108720000C0541EA045170BD41F480114FF0000E78
:10873000013C90E645EA060E8DE60CEA135594EAF4
:108740000C0F08BF95EA0C0F3FF43BAF94EA0C0FF7
:108750000AD150EA01347FF434AF95EA0C0F7FF46C
:1087600025AF104619462CE795EA0C0F06D152EAC0
:1087700003353FF4FDAE1046194622E750EA4106A4
:1087800018BF52EA43067FF4C5AE50EA41047FF4B5
:108790000DAF52EA43057FF4EBAE12E74FF0FF3C1A
:1087A00006E000BF4FF0010C02E000BF4FF0010CEB
:1087B0004DF804CD4FEA410C7FEA6C5C4FEA430C64
:1087C00018BF7FEA6C5C1BD001B050EA410C0CBFB3
:1087D00052EA430C91EA030F02BF90EA020F002015
:1087E000704710F1000F91EA030F58BF994208BF7C
:1087F00090422CBFD8176FEAE37040F00100704739
:108800004FEA410C7FEA6C5C02D150EA013C07D18F
:108810004FEA430C7FEA6C5CD6D152EA033CD3D0DA
:108820005DF8040B704700BF8446104662468C46D4
:108830001946634600E000BF01B5FFF7B7FF002807
:1088400048BF10F1000F01BD4DF808EDFFF7F4FF30
:108850000CBF012000205DF808FB00BF4DF808EDBB
:10886000FFF7EAFF34BF012000205DF808FB00BFDE
:108870004DF808EDFFF7E0FF94BF012000205DF800
:1088800008FB00BF4DF808EDFFF7CEFF94BF0120B5
:1088900000205DF808FB00BF4DF808EDFFF7C4FFAE
:1088A00034BF012000205DF808FB00BF4FEA410CF7
:1088B0007FEA6C5C02D150EA013C0AD14FEA430CDA
:1088C0007FEA6C5C02D152EA033C02D14FF0000017
:1088D00070474FF0010070474FEA410212F5001255
:1088E00015D211D56FF47873B3EB625212D94FEAF7
:1088F000C12343F0004343EA505311F0004F23FAE1
:1089000002F018BF404270474FF00000704750EA35
:10891000013005D111F0004008BF6FF000407047F2
:108920004FF00000704700BF4FEA4102B2F1E04350
:1089300024BFB3F5001CDCF1FE5C0DD901F0004C46
:108940004FEAC0024CEA5070B2F1004F40EB830096
:1089500008BF20F00100704711F0804F21D113F1C2
:108960003872BCBF01F00040704741F480114FEAFB
:108970005252C2F11802C2F1200C10FA0CF320FA84
:1089800002F018BF40F001004FEAC1234FEAD323A1
:1089900003FA0CFC40EA0C0023FA02F34FEA43030B
:1089A000CCE77FEA625307D150EA01331EBF4FF094
:1089B000FE4040F44000704701F0004040F0FE40AF
:1089C00040F40000704700BF80F0004002E000BFAC
:1089D00081F0004142001FBF5FEA410392EA030FAA
:1089E0007FEA226C7FEA236C6AD04FEA1262D2EBF4
:1089F0001363C1BFD218414048404140B8BF5B42F9
:108A0000192B88BF704710F0004F40F4000020F091
:108A10007F4018BF404211F0004F41F4000121F0A7
:108A20007F4118BF494292EA030F3FD0A2F10102F1
:108A300041FA03FC10EB0C00C3F1200301FA03F12F
:108A400000F0004302D5494260EB4000B0F5000F52
:108A500013D3B0F1807F06D340084FEA310102F111
:108A60000102FE2A51D2B1F1004F40EBC25008BFC3
:108A700020F0010040EA03007047490040EB00008D
:108A8000013A28BFB0F5000FEDD2B0FA80FCACF18E
:108A9000080CB2EB0C0200FA0CF0AABF00EBC250BB
:108AA00052421843BCBFD0401843704792F0000FA9
:108AB00081F4000106BF80F400000132013BB5E7FC
:108AC0004FEA41037FEA226C18BF7FEA236C21D072
:108AD00092EA030F04D092F0000F08BF08467047D7
:108AE00090EA010F1CBF0020704712F07F4F04D1A5
:108AF000400028BF40F00040704712F100723CBFB8
:108B000000F50000704700F0004343F0FE4040F4E1
:108B1000000070477FEA226216BF08467FEA23639F
:108B20000146420206BF5FEA412390EA010F40F48A
:108B3000800070474FF0000304E000BF10F00043D6
:108B400048BF40425FEA000C08BF704743F09643BD
:108B500001464FF000001CE050EA010208BF7047D8
:108B60004FF000030AE000BF50EA010208BF70475F
:108B700011F0004302D5404261EB41015FEA010C74
:108B800002BF84460146002043F0B64308BFA3F16C
:108B90008053A3F50003BCFA8CF2083AA3EBC2534E
:108BA00010DB01FA02FC634400FA02FCC2F120026D
:108BB000BCF1004F20FA02F243EB020008BF20F0A4
:108BC0000100704702F1200201FA02FCC2F120020A
:108BD00050EA4C0021FA02F243EB020008BF20EAFF
:108BE000DC70704753B94AB9002908BF00281CBF80
:108BF0004FF0FF314FF0FF3000F00CB8ADF1080C32
:108C00006DE904CE2CF046FBDDF804E0DDE902233B
:108C100004B07047704700BF844641EA000313F078
:108C200003036DD1403A41D351F8043B40F8043B73
:108C300051F8043B40F8043B51F8043B40F8043B36
:108C400051F8043B40F8043B51F8043B40F8043B26
:108C500051F8043B40F8043B51F8043B40F8043B16
:108C600051F8043B40F8043B51F8043B40F8043B06
:108C700051F8043B40F8043B51F8043B40F8043BF6
:108C800051F8043B40F8043B51F8043B40F8043BE6
:108C900051F8043B40F8043B51F8043B40F8043BD6
:108CA00051F8043B40F8043B403ABDD2303211D376
:108CB00051F8043B40F8043B51F8043B40F8043BB6
:108CC00051F8043B40F8043B51F8043B40F8043BA6
:108CD000103AEDD20C3205D351F8043B40F8043B76
:108CE000043AF9D2043208D0D2071CBF11F8013B74
:108CF00000F8013B01D30B8803806046704700BF3A
:108D0000082A13D38B078DD010F003038AD0C3F148
:108D10000403D21ADB071CBF11F8013B00F8013B2A
:108D200080D331F8023B20F8023B7BE7043AD9D3E9
:108D3000013A11F8013B00F8013BF9D20B780370BE
:108D40004B7843708B78837060467047000000005A
:108D50000000000000000000000000000000000013
:108D60000000000000000000000000000000000003
:108D700000000000000000000000000000000000F3
:108D800030B490F800F020F007016FF0000C10F004
:108D9000070491F820F040F048804FF000046FF095
:108DA0000700D1E9002391F840F000F1080082FAB1
:108DB0004CF2A4FA8CF283FA4CF3A2FA8CF34BBB7C
:108DC000D1E9022382FA4CF200F10800A4FA8CF2F5
:108DD00083FA4CF3A2FA8CF3E3B9D1E9042382FAC3
:108DE0004CF200F10800A4FA8CF283FA4CF3A2FAD8
:108DF0008CF37BB9D1E9062301F1200182FA4CF210
:108E000000F10800A4FA8CF283FA4CF3A2FA8CF376
:108E1000002BC6D0002A04BF04301A4612BAB2FA98
:108E200082F200EBD20030BC7047D1E9002304F09D
:108E30000305C4F100004FEAC50514F0040F91F8D2
:108E400040F00CFA05F562EA05021CBF63EA05036F
:108E500062464FF00004AAE708B5064B1A783AB903
:108E6000054A1AB10548AFF30080024B01221A707F
:108E700008BD00BFC004002000000000AC90030843
:108E800008B5034B1BB103490348AFF3008008BD8D
:108E900000000000C4040020AC9003080F4BDFF872
:108EA0004CC010B553F820400D4BDCF800204FF4B7
:108EB0002E7E0EFB00300B4BD0F82CE0D0F8B40225
:108EC0009950134408495C60C3F808E0D8600B6807
:108ED00010320133CCF800200B6010BDF87C00206C
:108EE000803B002000000010600500206805002085
:108EF00000B5244B24491B782448DFF8A4E0244A19
:108F00008B71A3F1020CBCF1020FDFF898C0C1F81D
:108F100000C0DFF894C00388DCF800C012681D4868
:108F2000CB81C1F818C0DEF800300068C8614FF08E
:108F3000020CA1F804C04FF4E02CC1F808C0C1E94C
:108F400004238CBF4FF0020C4FF0140C124B81F82D
:108F50000CC00A4615204FF0100E4FF0000C42F8DE
:108F6000200F81F807E003F1540081F80DC053F899
:108F7000041B42F8041F8342F9D1084B0022C3E9C5
:108F8000002200BDEC000020000000104805002079
:108F90006405002054050020F4040020780000102F
:108FA000600500205452414358050020774B1A7841
:108FB000F2B170B5764C217882B0D1B1754B1E7884
:108FC0001D4608F0ABF9FFF7C7FD734A9FED737AB2
:108FD000117807EE900A67EE877A0129FCEEE77AAE
:108FE00022D011F0FD0F60D02178297002B070BD41
:108FF000704708F093F9684A92F800C0BCF1010F7D
:1090000005D0634B634D1978297002B070BD019291
:10901000FFF7A2FD9FED617A5E4D5F4A07EE900A71
:1090200067EE877AFCEEE77A5D49097805292ED14B
:109030005749097859B35B48D0F800C040F6F7703B
:10904000844524D8584A17EE904A1068A042CCD8DC
:1090500017EE901A0120FFF721FF17EE901A00205B
:10906000FFF71CFF17EE901A0220FFF717FF474B80
:10907000474A1B7811784D484B4AC0ED007A023BB5
:10908000022B8CBF0223142323441360ADE7474B0C
:109090000192C3ED007AFFF72BFF3D4A1178019A48
:1090A00029700223137002B070BD1EB93C4B1B78AF
:1090B000052B02D0364B197897E73A4B3C491E6096
:1090C00080230B603B499FED3C6A0B603B493C4B66
:1090D00091ED007ADFED3B6AC3ED007A27EE067A68
:1090E000324B3149C3ED007AB4EEE67A0123F1EE5A
:1090F00010FAC1ED007A137044DCDFED337AF4EE40
:10910000C77AF1EE10FAD8BFF0EE477AFCEEE77AB4
:1091100017EE900A2D4B2E4A2E491080D3F8EC0200
:109120000860D3F8FC024860D3F800038860D3F8E5
:10913000C802C860D3F8CC020861D3F8D4024861F1
:10914000D3F8D802886103F2A4500068C86103F222
:10915000B4500068086203F5B7600068486203F520
:10916000B0600068886203F284500068C86203F24D
:109170008C5003F5B26300681B6808634B63FFF70C
:10918000B7FE97E74FF6FF70C4E700BFEC00002082
:10919000FC2F002051050020530500206F12833A58
:1091A000387D0020600500204C050020540500207B
:1091B000680500206405002000007A44700000204B
:1091C0005805002000FF7F4700000000803B002082
:1091D00048050020F4040020154B1B7813B1154BF3
:1091E0001A6802B9704700B583B008F097F8FFF726
:1091F000B3FC9FED117A114A07EE900A67EE877A69
:10920000FCEEE77AC2ED007AFFF772FE094B0C48DC
:109210001B680C49009108331B0103600A4A502166
:10922000012012F02FFA094B187003B000BD00BFE7
:10923000EC000020600500206F12833A54050020E6
:109240005C0500200000001000000C085005002004
:109250000B48027910B400230A4C802163F34102C9
:1092600021600271084C094A094821601370094CB9
:1092700009490A4A037023600B6010BC13607047F1
:109280003C7D002064050020680500205305002077
:10929000F004002060050020E4040020E804002021
:1092A000704700BF364A37483749D0F800C008B584
:1092B000137943F002031371344A0020012308603C
:1092C0001370BCF1000F1AD0314B324A03F1800009
:1092D00052F8041F43F8041B8342F9D12E4B2F4848
:1092E0002F49304A006808604FF0010E83F800E013
:1092F0004FEA0C1313602C4B80221A6008BD244ADD
:109300002A48802112F072F9214A294910688842BE
:109310004FF001030FD0802200211D482CF006FAE7
:10932000204A1D481E490023136003700B601E4B2A
:1093300080221A6008BD92F804C0BCF1020FEAD185
:10934000D1791029E7D1516940F6F77001F1FF3E5C
:109350008645E0D8107A40F002001072154A16488F
:1093600013700D4A0E4B82F800C018600D4A0801B8
:1093700001F10803114910601B010B60BBE700BF3E
:109380003C7D002060050020E0040020F004002067
:1093900070050020FCFFFF0F52050020640500202F
:1093A000EC040020E8040020E404002000000C0885
:1093B000545241435005002080000C085C050020F9
:1093C000054B187838B1054B054A1B6812681343E2
:1093D00014BF012000207047F0040020E4040020A6
:1093E000E8040020474B1B78002B7FD02DE9F04F7D
:1093F000454B464F1D683A68A7B08246002D5CD0A9
:109400000DF1180942484946002301E0802B76D02F
:10941000013304780C709D4200F1010001F101015B
:10942000F4D12C46ED1A384B1D60002A4CD0CDF8F3
:109430000490DFF8F080374D374EA1441FE0D3F899
:1094400004E0D3F808C056F800B0DB68C9F80C3067
:10945000C9F800B0C9F804E0C9F808C0012900F152
:10946000100004F11004A2F1100203D1B0F5803F06
:1094700028BF80203A60286009F1100912B37F2CC0
:1094800020D898F800102868022900EB0603D6D1EE
:1094900002AA102112F0AAF8DDE90202DDE9043186
:1094A000C9F80000C9F80C10C9F80420C9F8083040
:1094B00028683A6898F80010D0E7A2B12C460DF160
:1094C0001809B4E7DDF80490E2B2144C4B46216869
:1094D00050461DF0BFFF0C4B22681B6839680132F3
:1094E0000B43226003D027B0BDE8F08F70470C49D2
:1094F000044A13700A7963F341020A71F3E71C46C8
:1095000090E700BFF0040020E4040020E8040020FD
:1095100070050020EC04002000000010E004002092
:109520003C7D002052050020144B154A53F8203092
:109530001268934220D2F7EE007A30EE270AF6EE58
:10954000007A20EE270ADFED0F7A0F4A20EE270A75
:109550003421BDEEC00A01FB032210EE103A1BB20B
:10956000B3F5FA6FA8BF4FF4FA63D269B3F57A7F07
:10957000B8BF4FF47A731360704700BF045E0308EE
:10958000000000200000FA444C7C0308124B134AF0
:1095900053F82030126893421CD2F7EE007A30EE76
:1095A000270ADFED0F7A0F4A20EE270A3421BDEE9D
:1095B000C00A01FB032210EE103A40F698011BB2DC
:1095C0008B42A8BF0B46D269B3F5487FB8BF4FF4B2
:1095D00048731360704700BF045E0308000000205A
:1095E00000007A444C7C03080F4B104A53F820309B
:1095F0001268934216D2DFED0E7A0E4A20EE270A49
:109600003421BDEEC00A01FB032210EE103A40F2F5
:10961000E7311BB28B42A8BF0B46D269012BB8BF02
:1096200001231360704700BF045E030800000020A0
:1096300000007A444C7C0308704700BF2DE9F84FC6
:109640002DED028BC24EDFF86093F27899F800306E
:10965000900740F1AC80002B00F0A980BD4ABE4BC2
:10966000D2ED007A93EDAE7A27EE877AFEEE006AAD
:10967000B4EEE67AF1EE10FAB6EE006A07D4B4EE74
:10968000C67AF1EE10FA00F3D281B1EE476A93ED9B
:10969000007AB24B27EE877AFEEE006AB4EEE67AE5
:1096A000F1EE10FA83ED006A00F1BB81B6EE006ABC
:1096B000B4EEC67AF1EE10FA01DCF1EE476AA84A80
:1096C000A84B92ED006AC3ED006A67EE867ABEEEA3
:1096D000007AF4EEC77AF1EE10FA08D4B6EE007A0A
:1096E000F4EEC77AF1EE10FAD8BFB0EE677A9E4B6F
:1096F0009E4900221A6081ED007A03F02BFD9C4BFD
:109700001B78002B00F0B080DFF8A082994CD8F8CD
:10971000003000202060002B00F08C819FED968AA5
:10972000DFF88CA2954F964D9AED001A07EB800357
:1097300005EB800BD3ED000A9BED000A01F090F9D8
:1097400099F800308BED000A002B40F054818D4BCE
:1097500020681B78052B00F03381022B00F030814C
:1097600005EB800383ED008AB0EE480A8300F278AF
:10977000120700F1DD80844B1B6898472068834BFB
:10978000D8F8002003EB800305EB8001D3ED007ACD
:1097900091ED007A013077EE877A9042C3ED007A3E
:1097A0002060C1D37A4A13680133136060E0794ABC
:1097B00092ED007AFEEE007AB4EEE77AF1EE10FA5E
:1097C00039D4F6EE007AB4EEE77AF1EE10FAC8BFBB
:1097D000B0EE677A6049614AD1EDAD6A82ED007AF8
:1097E000FEEE007AF4EEE76AF1EE10FA08D4F6EE37
:1097F000007AF4EEE76AF1EE10FAD8BFF0EE667A7E
:10980000654A584992ED007AC1ED007A13F0FD0FD8
:10981000FEEE007AB4EEE77A10D0F1EE10FA00F125
:109820000381F6EE006AB4EEE67AF1EE10FA11DC8E
:10983000F1EE477A0EE0B0EE677ACBE7F1EE10FA80
:1098400008D4F6EE007AB4EEE77AF1EE10FAD8BF5B
:10985000F0EE477A454BC3ED007A03F07BFC444BB6
:109860001B78002B7FF450AF424CDFF84081434F10
:1098700003F0BAFE03F034FCD8F800302360092B63
:1098800046D83F4D9FED458ADFF82881DFF828A1B3
:10989000DFF8289198ED001A07EB830205EB830BA4
:1098A000D2ED000A9BED000A01F0DAF88BED000A18
:1098B000F378226813F0080F02F1010325D15AF85A
:1098C0002200374905EB820CD9F800204FF0340E06
:1098D00090420EFB0011B7EE007A40F6980014D2C9
:1098E000DCED007AC96977EE877A67EE887AFDEE5B
:1098F000E77A17EE902A12B28242A8BF0246B2F56A
:10990000487FB8BF4FF448720A60092B2360C1D961
:109910001A4E244D0A2323600FCE0FC50FCE0FC55C
:1099200096E8030085E80300BDEC028BBDE8F88FE4
:10993000164A1344D3ED007A77EE807A0130C3EDF6
:10994000007AD8F8003020609842FFF4EDAE29E7A5
:109950003C7D002010000020803B00200C060020F1
:10996000F040002008060020000600200406002029
:10997000C0060020F0050020000000006406002062
:109980003C060020387D0020F405002090060020D1
:109990008C060020EC400020A443002000007A4404
:1099A0004C7C030814060020B18E00200400002027
:1099B000BC060020B8060020045E0308000000205A
:1099C0001D4B93ED000A05EB8003D3ED007AF4EE16
:1099D000C07AF1EE10FA4FEA800308D4B7EE000A1D
:1099E000F4EEC07AF1EE10FAD8BFB0EE670AEA18CA
:1099F00082ED000ABBE60FF00DF80346206843B184
:109A0000F378190709D405EB800393ED000A83006E
:109A1000EDE7B0EE480A8300E9E79FED080A83000E
:109A2000E5E7F6EE006A4AE6F6EE007A12E7B0EEF7
:109A3000666A2CE6024FB5E6AC3800200000000054
:109A4000640600202DE9F047B249DFF81483CB7893
:109A5000B148B24F98F800203D68DFF8089323F032
:109A6000200382B0CB70AE4BAE491B78C35CAE48CE
:109A7000A2F10104B4FA84F4AB4200784FEA541422
:109A800028BF2B460B6089F80040002840F0BA80C0
:109A9000022A00F0698107EE903AB8EEE77AF7EE15
:109AA000006AC6EE877AA149A14E02EB8202033317
:109AB00056F8220033F003039A46C1ED007A9D491F
:109AC000086006EB82013ED0DFED9B7A9B4C9C4EFA
:109AD000C4ED007AC6ED007A002D40F07B81C4ED24
:109AE000017AC6ED017A3B680025022BA560B560BE
:109AF00000F21D830023E360F360BAF1040F20D06D
:109B00003B680025062B2561356100F241836561C4
:109B10007561BAF1060F14D93B680025082BA561C1
:109B2000B56100F2FE83E561F561BAF1080F08D96D
:109B30003B680025042B2562356200F2448465628F
:109B4000756299F80040002C40F0D4807D4C3A6852
:109B500054F82A309342C0F0CC830AF1010354F840
:109B6000232039688A42C0F0FE83BAF1080F0AF157
:109B7000020300F0BF8054F8232039688A42C0F005
:109B800009840AF1030354F8232039688A42C0F09B
:109B90003C840AF1040354F8232039688A42C0F057
:109BA0004D840AF1050354F8232039688A42C0F035
:109BB0005E84BAF1040F00F09D803B68082B00F230
:109BC00087843B68042B40F295805C4E5C4D5E4878
:109BD0004FF07C5440F2DC5345F2E472A821346229
:109BE0002C6213F00FF83B68052B40F28380574836
:109BF000746240F2DC5345F2E472A8216C6213F007
:109C000001F877E04B4A52494C4C1160002B00F0B0
:109C1000F8804FEA83084A4E0193424600212046CD
:109C20002BF084FD0021424630462BF07FFD019B46
:109C30000A2B5CD004EB0801B0444FF07C52092B96
:109C40000A60C8F8002003F1010150D004EB810044
:109C500006EB8101082B0A60026003F1020146D085
:109C600004EB810006EB8101072B0A60026003F11F
:109C700003013CD004EB810006EB81014FF07C52E4
:109C8000062B0A60026003F1040130D004EB81006E
:109C900006EB8101052B0A60026003F1050126D065
:109CA00004EB810006EB8101042B0A60026003F1E2
:109CB00006011CD004EB810006EB8101032B0A6036
:109CC000026003F1070112D004EB810006EB810171
:109CD000022B0A60026003F1080108D004EB810046
:109CE00006EB810102600A600BB962627262002DAC
:109CF00040F09C802822002116482BF017FD164BBF
:109D000001241C6004F084F9144B1C7002B0BDE8FF
:109D1000F08700BF3C7D00202C5E0308000000207F
:109D2000F500002004000020B18E00201006002065
:109D3000DC5D0308F4050020000000003C06002064
:109D400064060020045E03081C7D0308507D0308A0
:109D50008D950008900600208C060020C00600208B
:109D60000C000020C10600202B4B2C4C2C4E2D4A01
:109D700008604FF07C581A60C4F80080C6F8008074
:109D8000002D40F03D82C4F80480C6F804804FF0F6
:109D90007C53A360B3604FF07C53E360F3604FF0FB
:109DA0007C53236133614FF07C53636173614FF0E7
:109DB0007C53A361B3614FF07C53E361F3613B6873
:109DC0004FF07C55042B2562356200F202826562F9
:109DD00075628FE7D1E9022313488988CDED017AB6
:109DE00012F010FF3B68DDED017A012BC4ED017A22
:109DF000C6ED017A00F28D81C4ED027AC6ED027AD9
:109E000078E6074E4FF07C5222606260A2603260BA
:109E10007260B26003212DE7F40500203C060020AB
:109E200064060020399600084C7C0308D04E4FF49D
:109E30007A7345F2E472A821304612F0E3FE3D68E1
:109E4000012D67D94FF47A7345F2E472A82106F127
:109E5000340012F0D7FE3D68022D5BD94FF47A73BF
:109E600045F2E472A82106F1680012F0CBFE3D68CD
:109E7000032D4FD94FF47A7345F2E472A82106F10D
:109E80009C0012F0BFFE3D68062D2DD94FF47A7369
:109E900045F2E472A82106F59C7012F0B3FE3D680D
:109EA000072D21D94FF47A7345F2E472A82106F503
:109EB000B67012F0A7FE3D68082D15D94FF47A73DD
:109EC00045F2E472A82106F5D07012F09BFE3D68C1
:109ED000092D09D94FF47A7345F2E472A82106F5E9
:109EE000EA7012F08FFE3D68042D13D9A1484FF49B
:109EF0007A7345F2E472A82112F084FE3D68052DC4
:109F000008D99D484FF47A7345F2E472A82112F003
:109F100079FE3D68002D3FF4EDAE94ED007ADFED63
:109F2000976AF169D4ED017AB7EE006A37EE067AE6
:109F300040F6980227EE267ABDEEC77A17EE103A61
:109F40001BB29342A8BF1346B3F5487FB8BF4FF486
:109F50004873012D0B603FF4CDAE77EE867A316DFC
:109F600094ED027A67EEA67AFDEEE77A17EE903A64
:109F70001BB29342A8BF1346B3F5487FB8BF4FF456
:109F80004873022D0B603FF4B5AE37EE067AD6F873
:109F90008410D4ED037A27EE267ABDEEC77A17EE49
:109FA000103A1BB29342A8BF1346B3F5487FB8BF1F
:109FB0004FF44873032D0B603FF49CAE77EE867A26
:109FC000D6F8B81094ED047A67EEA67AFDEEE77A3B
:109FD00017EE903A1BB29342A8BF1346B3F5487FE1
:109FE000B8BF4FF44873062D0B6040F28F8237EEF6
:109FF000067AD6F85411D4ED057A27EE267ABDEE0E
:10A00000C77A17EE103A1BB29342A8BF1346B3F5B6
:10A01000487FB8BF4FF44873072D0B6043D077EEED
:10A02000867AD6F8881194ED067A67EEA67AFDEE68
:10A03000E77A17EE903A1BB29342A8BF1346B3F5E6
:10A04000487FB8BF4FF44873082D0B602BD037EE14
:10A05000067AD6F8BC11D4ED077A27EE267ABDEE43
:10A06000C77A17EE103A1BB29342A8BF1346B3F556
:10A07000487FB8BF4FF44873092D0B6013D077EEBB
:10A08000867A67EEA67AFDEEE77A17EE903A1BB273
:10A090009342A8BF1346B3F5487FD6F8F021B8BF66
:10A0A0004FF448731360D4ED087ADFED346AD6F8C4
:10A0B000EC1094ED097AB7EE006A77EE867A40F6F6
:10A0C000980267EEA67AFDEEE77A17EE903A1BB299
:10A0D0009342A8BF1346B3F5487FB8BF4FF4487307
:10A0E000052D0B603FF406AE77EE067AD6F8201108
:10A0F00067EEA67AFDEEE77A17EE903A1BB293422E
:10A10000A8BF1346B3F5487FB8BF4FF448730B6040
:10A11000F0E598F800101A4B1A4801EB810103EBA7
:10A120008101D1E90223898812F06CFDDBE498F803
:10A130000010134B144801EB810103EB8101D1E9BD
:10A140000223898812F05EFD3B68E560032BF56011
:10A150007FF6D3AC98F80010094B0C4801EB810155
:10A1600003EB8101D1E90223898812F04BFDC4E49D
:10A170004C7C03081C7D0308507D030800007A44D2
:10A18000DC5D0308807C0308B47C0308E87C0308DA
:10A1900098F80010C14BC24801EB810103EB81012B
:10A1A000D1E90223898812F02DFD3B686561072BF8
:10A1B00075617FF6AEAC98F80010B84BB94801EB6A
:10A1C000810103EB8101D1E90223898812F01AFD94
:10A1D0009FE440F2DC53B44845F2E472A82112F047
:10A1E00011FD3B686562052B75627FF683ADAF4854
:10A1F00040F2DC5345F2E472A82112F003FD79E548
:10A2000040F2DC53AA4845F2E472A82112F0FAFCAD
:10A210003B68C4F80480012BC6F804807FF6B7AD14
:10A2200040F2DC53A34845F2E472A82112F0EAFCA4
:10A230003B68C4F80880022BC6F808807FF6ABADF7
:10A2400040F2DC539C4845F2E472A82112F0DAFC9B
:10A250003B68C4F80C80032BC6F80C807FF69FADDA
:10A2600040F2DC53954845F2E472A82112F0CAFC92
:10A270003B68C4F81080062BC6F810807FF693ADBB
:10A2800040F2DC53864845F2E472A82112F0BAFC91
:10A290003B68C4F81480072BC6F814807FF687AD9E
:10A2A00040F2DC537F4845F2E472A82112F0AAFC88
:10A2B0003B68C4F81880082BC6F818807FF67BAD81
:10A2C00040F2DC537E4845F2E472A82112F09AFC79
:10A2D0003B68C4F81C80092BC6F81C807FF66FAD64
:10A2E000784840F2DC5345F2E472A82112F08AFC6F
:10A2F00065E57549754A6E4801EB8A0102EB8A02F1
:10A30000342505FB03004FF07C530B601360A8213C
:10A3100040F2DC5345F2E47212F074FC0AF10103DE
:10A320001DE498F800105D4B654801EB810103EBDB
:10A330008101D1E90223898812F064FC3B68E56160
:10A34000092BF5617FF6F1AB98F80010534B5D488F
:10A3500001EB810103EB8101D1E90223898812F02D
:10A3600051FCFFF7E2BB5949574D05EB830501EB63
:10A3700083034F49342000FB02104FF07C522A60C7
:10A380001A60A82140F2DC5345F2E47212F03AFC64
:10A39000FFF7EBBB4D494C4D05EB830501EB830308
:10A3A0004349342000FB02104FF07C521A602A60AF
:10A3B00040F2DC5345F2E472A82112F023FC0AF1CA
:10A3C0000303FFF7E0BB98F80010344B364801EB6D
:10A3D000810103EB8101D1E90223898812F012FC8B
:10A3E0003B686562052B75627FF6ABAB98F8001091
:10A3F0002A4B2E4801EB810103EB8101D1E90223B5
:10A40000898812F0FFFBFFF79CBB30492E4D05EB0E
:10A41000830501EB83032649342000FB02104FF033
:10A420007C521A602A6040F2DC5345F2E472A821A3
:10A4300012F0E8FB0AF10403FFF7ADBB2349224DFC
:10A4400005EB830501EB83031949342000FB02105F
:10A450004FF07C521A602A6040F2DC5345F2E472FD
:10A46000A82112F0CFFB0AF10503FFF79CBB1749A7
:10A47000154C04EB830401EB83030D49342000FBEE
:10A4800002104FF07C5222601A60A82140F2DC5387
:10A4900045F2E47212F0B6FBFFF78BBBDC5D0308FC
:10A4A000847D0308B87D03081C7D0308507D0308E4
:10A4B0004C7C0308807C0308B47C0308E87C030818
:10A4C000EC7D0308207E03083C0600206406002083
:10A4D000104E114D11484FF07C5440F2DC5345F2C0
:10A4E000E472A821B461AC6112F08CFB3B68092BCB
:10A4F0007FF667AB0A48F46140F2DC5345F2E47240
:10A50000A821EC6112F07EFBFFF75BBB042D3FF44A
:10A51000F1ABC8E53C06002064060020EC7D030892
:10A52000207E03082DE9F0411E4C054606F0F6FE9C
:10A53000D4E9022390429941F8D30121284600F042
:10A54000C7FD01210746284600F00EFE9F21384630
:10A5500000F0F2FE144E154B3446187006F1050853
:10A560000021384600F0E8FE04F8010B4445F7D11D
:10A570002846002100F0F8FD33783279B1787478FC
:10A58000F0781F2B08BF282C42EA01020CBF0123E0
:10A590000023012808BF002A0CBF0120002018401A
:10A5A000BDE8F081782F002018000020C3060020AD
:10A5B00070B5194C054606F0B1FED4E9022390426D
:10A5C0009941F8D30021284600F082FD012106467A
:10A5D000284600F0C9FD8021304600F0ADFE0F4C4A
:10A5E00000212070304600F0A7FE00212070304688
:10A5F00000F0A2FE00212070304600F09DFE0021F8
:10A600002070284600F0B0FDBDE8704023220023F2
:10A61000012006F0C3BF00BF782F0020C306002032
:10A62000F8B52A4C054606F079FED4E9022390429B
:10A630009941F8D30021284600F04AFD0121074640
:10A64000284600F091FD3D21384600F075FE204E71
:10A650002A213070384600F06FFE80213070384675
:10A6600000F06AFEA6213070384600F065FE002139
:10A670003070284600F078FD48F6B802002301202B
:10A6800006F08CFF06F04AFED4E90223904299417D
:10A69000F8D30121284600F01BFD0121044628467D
:10A6A00000F062FDD721204600F046FE0021307008
:10A6B000204600F041FE074C00212070284600F0A3
:10A6C00053FD207800F00100F8BD00BF782F002076
:10A6D000C3060020C206002010B50320FFF768FF64
:10A6E0000320FFF71FFF04460320FFF799FF2040D8
:10A6F000C0B210BD00000000534B1B68002B40F09F
:10A7000094802DE9F04F514B514E1F68514D85B04B
:10A710008DED030A0024504B06FB0737380CFDF77C
:10A72000C1FD47A3D3E90023FDF750FF02460B46C6
:10A73000FDF76CFC22462B46FDF766FC464B06FBFC
:10A7400007378246380C8B46FDF7ACFD3CA3D3E9B6
:10A750000023FDF73BFF02460B46FDF757FC224660
:10A760002B46FDF751FC5246CDE900015B465046B1
:10A770005946FDF701FE80468946DDE900010246A3
:10A780000B46FDF7F9FD02460B4640464946FDF7EC
:10A790003DFC22462B4680468946FEF773F800288A
:10A7A000B9D10022002340464946FEF74DF8002863
:10A7B000B1D1264B294C1F6049EC108B26F0E4FCEC
:10A7C000002251EC100B4FF04043FDF7D5FD4246FF
:10A7D0004B46FDF7FBFE41EC100B26F09DFD57ECC0
:10A7E000106BDDE9000132463B46FDF7C5FDFEF783
:10A7F0009BF8154D2060012432463B462C605046A4
:10A800005946FDF7B9FD044603980D46FDF75CFD7A
:10A8100002460B4620462946FDF7AEFDFEF784F8BA
:10A8200000EE100A05B0BDE8F08F0C4AD2ED007AB8
:10A83000054A002320EE270A13607047AFF300801B
:10A840000000E0FFFFFFEF41D006002024000020C1
:10A850000D6619000000F03F5FF36E3CCC0600204F
:10A8600010B5044606F01EFE0023C4E90003C4E947
:10A87000023310BD10B5C160044606F013FE20601F
:10A8800010BD00BF10B5044606F00CFE2368C01AC8
:10A89000B0F57A7F8ABF0020B4F90C00E06010BDEB
:10A8A00003787BB343781C4A0133A2FB031202F402
:10A8B000FF7101EB52029B1A00EB8302437082EDA1
:10A8C000010A90ED017A90ED020AD0ED037AB4EE20
:10A8D000C07AF1EE10FA0EDDB4EEE77AF1EE10FA7E
:10A8E000D8BFF0EE477AB4EEE70AF1EE10FAD8BF1F
:10A8F000B0EE670A7047F0EE406AB0EE470AB0EE7D
:10A90000667AE9E7012380ED030A80ED020A80ED13
:10A91000010A0380704700BFABAAAAAAD0F80021A1
:10A92000012A34D090F80C31A3B93AB100F1800378
:10A9300003EB8201A3EC010A8B42FBD107EE902AC4
:10A94000F8EEE77A012367EE807A80F80C31C0EDEB
:10A95000447A7047D0F80831D0ED447A00EB830197
:10A96000D1ED206A81ED200A07EE102A77EEE67A13
:10A97000B8EE477A77EE807A013387EE870AB3FB29
:10A98000F2F102FB1133C0F80831C0ED447A704790
:10A990000B46202B10B51146044613D8013BB3FAE1
:10A9A00083F3C3F1200301209840042200F1FF3C0F
:10A9B0009A40C4E9400C2046FEF72EF9002384F8A3
:10A9C0000C3110BD80224FF01F0C2020F1E700BF9A
:10A9D00090F80C31D0F80011FBB100B5D0E941E29C
:10A9E000531C03EA0E0300EB820282ED200A9FED66
:10A9F000130AC0F8083179B1024600EB810CB2ECC1
:10AA0000017A00EB8301D1ED207A01339445A7EE62
:10AA1000270A0EEA0303F2D100BD39B100F1800329
:10AA200003EB8101A3EC010A9942FBD1002201232F
:10AA3000C0F8082180F80C31704700BF000000000A
:10AA4000DFED067A20EE277AF7EE006AC6EE877A07
:10AA500077EEA07A80EEA70A704700BFDB0FC940EF
:10AA600070EEC00AA0EE810A704700BFDFED0C7ADD
:10AA70009FED0C7A20EE270AF7EE006AC6EE807A88
:10AA80000023037027EE877AC6EEA75A86EE876A00
:10AA9000C0ED017AC0ED025A80ED036A704700BF35
:10AAA000DB0FC940F304353F0378F0EE407AD3B1B1
:10AAB000D0ED076A90ED027A30EE666A20EE877A72
:10AAC000F0EE667AE6EE077A90ED080A90ED037AEA
:10AAD000C0ED077A60EE870A37EEC07AA7EE200A4B
:10AAE00080ED080A704701230370C0ED077A80EDFE
:10AAF000080A7047B5EEC00AF1EE10FA02DC9FEDCD
:10AB0000050A7047F1EEC07AB7EE007A87EE270AA1
:10AB1000704700BF00000000254B00B5D3ED007A60
:10AB2000F4EE417AF1EE10FA87B0F0EE406A13D1FC
:10AB3000204A214B92ED000AD3ED007A20EEA77A4D
:10AB400060EE800AA6EE807AE6EEE70A80ED007AF3
:10AB5000C1ED000A07B000BD8DED040AB0EE410A58
:10AB6000CDE90201CDED050A8DED001A26F082FD3A
:10AB70009DED001A104A8DED011AF0EE407AB0EE0C
:10AB8000410AC2ED007ACDED007A26F033FD094A84
:10AB90009DED011A064BDDED050ADDED046ADDEDE4
:10ABA000007A83ED001ADDE9020182ED000AC5E7B3
:10ABB000C806002020000020C4060020012AB0F9A9
:10ABC00000C0B1F900300FD0032A08D0022A04D106
:10ABD000CCF1000CA0F800C05B420B8070475B42D8
:10ABE000038063460B8070470380CCF100030B8029
:10ABF000704700BFB5EEC00AF1EE10FA08D5DFEDE0
:10AC00000C7A30EE270AB5EEC00AF1EE10FAF8D44D
:10AC1000DFED077AB4EEE70AF1EE10FA06DB30EE6C
:10AC2000670AB4EEE70AF1EE10FAF8DA704700BFEF
:10AC3000DB0FC940DFED107AB4EEE70AF1EE10FA4F
:10AC400009D59FED0E7A30EE070AB4EEE70AF1EE71
:10AC500010FAF8D47047DFED0A7AB4EEE70AF1EEA5
:10AC600010FA08DB9FED057A30EE470AB4EEE70AEA
:10AC7000F1EE10FAF8DA7047DB0F49C0DB0FC9407C
:10AC8000DB0F4940B4EEE00AF1EE10FA02DD30EEDF
:10AC9000600A7047F1EE607AF4EEC07AF1EE10FAD5
:10ACA00002DD30EE200A70479FED010A704700BFB9
:10ACB0000000000021EE211A70EE417AF4EEE07AF5
:10ACC000F1EE10FA0ADC31EE001AF4EEC10AF1EEF0
:10ACD00010FAD4BFF0EE607AF0EE417AB0EE670A77
:10ACE000704700BF60EE810AF1EE607AF4EEC07A40
:10ACF000F1EE10FA02DD30EE800A7047F4EEC00A81
:10AD0000F1EE10FA02D530EE600A70479FED010AAD
:10AD1000704700BF000000002DED108B8CB04FF08D
:10AD2000000CCDE909CCCDE906CCCDE903CCDFEDB3
:10AD3000E74A8DED010ACDF82CC0CDF820C0CDF842
:10AD400014C0002900F0A98101EB410CF0EE641A57
:10AD5000B0EE644AB0EE643AF0EE642AF0EE643A83
:10AD6000B0EE642AB0EE641AF0EE640AB0EE640A43
:10AD7000B0EE648AF0EE648AF0EE64AAB0EE64BAD3
:10AD8000F0EE64BA00EB8C0CB0EE649AF0EE649ACC
:10AD9000B0EE64AAD0ED006A90ED017AD0ED027AAF
:10ADA00026EEA65A67EE075A27EEA76A0C308445AE
:10ADB000E6EE85AAA7EE250AA7EE862AA6EE87AAC2
:10ADC000E6EEA79AA7EE279AE5EE073AE5EE272AE0
:10ADD000A6EEA53AA5EEA74AE6EE861AE7EE064AE3
:10ADE0007BEEA6BA3BEE05BA78EE878A38EE258A66
:10ADF00070EEA70A31EE061ACCD18DED078A8DEDE3
:10AE00000A0ACDED03BA8DED06BACDED09AACDED56
:10AE1000048ACDED050A8DED081A8DED0B2AB0EEF2
:10AE20006B0AB0EE688AB0EE4BDAF0EE41CA07EE7C
:10AE3000901AF8EE677AF7EE006A86EEA77A00209D
:10AE4000DDED07DADDED058ADDED0A7A27EE000A91
:10AE500027EE088A27EE044A27EE0DDA67EE2DDA90
:10AE6000A7EE224A67EE288A20EE002A68EE082A1A
:10AE700067EE2CCA3DEE8DCA67EE03BA72EE226A07
:10AE800028EEA83A3CEE2CCA67EE233A76EE836AA7
:10AE9000E7EE273AB8EE00EAF0EE4C7AE6EE8E7A6C
:10AEA000E7EE243A77EEA67AF6EE00EA76EEE77A57
:10AEB0002CEE2EFAF0EE675AE6EE8E5ADDED096AB8
:10AEC000E7EE26BADDED0B6AE7EE21BAA6EE874A79
:10AED00067EEAE7A27EE0AAA67EE299A27EE099A5C
:10AEE000BAEE007A23EE87BA75EE8C5A6BEE87BA0B
:10AEF0003FEE275A24EE077AF2EE00FA8DED007A43
:10AF000065EEAF5AB0EE687AF0EE486AB0EE406A8D
:10AF1000F3EE001AF0EE453A31E066EE884A26EE8E
:10AF2000062AE6EE004A66EEA62AE8EE874AF0EE2A
:10AF30004C5AE4EE8E5A27EE073A72EE227A25EE4C
:10AF4000055A77EE837AA4EE045A75EEA75AA3EE5B
:10AF5000A35A77EEE57AF0EE675AE4EE8E5ADDED0D
:10AF6000014A67EEAE7A75EE8C5AB4EEE45AF1EE11
:10AF700010FA7FEE273A65EEAF5A40F3848029EE4F
:10AF8000874A73EE8D0AAAEE264A013080B2E8EEB7
:10AF9000C70AF1EE42AA7AEEE7AAE6EEC80AAAEEDE
:10AFA000804A69EE074A33EEAD1AEAEE064AA6EE8B
:10AFB000401AA0EE864AF1EE620A70EEE70AA8EEA9
:10AFC000C71AE0EE884A29EE265A7CEEA33AA9EE8B
:10AFD000865AE6EE403AE1EE264AB1EE431A71EEA9
:10AFE000677AE6EEC83AA8EEA75AF0EE6B0AE4EEEE
:10AFF000210AB0EE4B1A36EE064AA4EEA11A76EEFE
:10B00000A64A77EE077AA4EE402AA3EE875AE4EE2A
:10B01000C82AA8EEE73ADDED007A32EE0D2AE5EE19
:10B02000217A72EEAD2AB0EE655AA2EE215AF0EE08
:10B03000654A33EE2C3AE2EEA14AE3EE215AB5EE30
:10B04000405AF1EE10FAF5EE404A08BFB7EE005A4A
:10B05000F1EE10FAF5EE405A08BFF7EE004AF1EEB5
:10B0600010FA08BFF7EE005A80EE854A904281EE52
:10B07000245AC7EEA53A36EE446A76EEC56A37EE34
:10B08000637AFFF44AAF83ED006AC3ED016A83ED92
:10B09000027A0CB0BDEC108B70479DED030A9DED5C
:10B0A000048A9DED06DADDED08CAF0EE641AB0EE12
:10B0B000644AB0EE643AF0EE642AF0EE643AB0EE20
:10B0C000649AF0EE649AB0EE64AAB0E60000000064
:10B0D000204B214A30B500EB400503EB00101F4B1D
:10B0E000C07803EB401302EB85005C68D0E901C334
:10B0F000002918BF63461A4908889BB2984283B05A
:10B1000002D1204603B030BD0B80204600210193C0
:10B1100025F0DCFE2188104A019B12F82500114D14
:10B1200021F03802134323802B88834208D02388E0
:10B13000288060B923F003032380052006F02CF952
:10B140002046012125F0C2FE204603B030BD43F069
:10B150000303F1E708760308485E0308A8760308AE
:10B16000D6060020D406002008B50001094B1A5C61
:10B170003AB10830184429B1BDE80840002111F067
:10B18000B9BA08BD012111F0B5FABDE808400120A7
:10B1900006F002B9087603085C4B10B55C4C1878D1
:10B1A0001D2119F09BF8237813B1A378002B48D107
:10B1B000237C13B1A37C002B4FD194F820301BB11A
:10B1C00094F82230002B53D194F830301BB194F80E
:10B1D0003230002B57D194F840301BB194F84230F4
:10B1E000002B5BD194F850301BB194F85230002BF7
:10B1F0005FD194F860301BB194F86230002B63D1BA
:10B2000094F870301BB194F87230002B67D194F829
:10B2100080301BB194F88230002B6BD194F89030C1
:10B2200013B194F8923003B910BD3A48012111F0DE
:10B2300061FA012006F0B0F8BDE81040642006F085
:10B2400037B9012104F1080011F054FA012006F089
:10B25000A3F8642006F02CF9AAE701212E4811F08A
:10B2600049FA012006F098F8642006F021F9A4E7D5
:10B2700001212A4811F03EFA012006F08DF86420E1
:10B2800006F016F9A0E70121254811F033FA012054
:10B2900006F082F8642006F00BF99CE701212148B2
:10B2A00011F028FA012006F077F8642006F000F982
:10B2B00098E701211C4811F01DFA012006F06CF8F6
:10B2C000642006F0F5F894E70121184811F012FA0D
:10B2D000012006F061F8642006F0EAF890E7012109
:10B2E000134811F007FA012006F056F8642006F022
:10B2F000DFF88CE701210F4811F0FCF9012006F07E
:10B300004BF8642006F0D4F888E700BF7090002066
:10B3100008760308A0760308207603083076030831
:10B3200040760308507603086076030870760308B9
:10B330008076030890760308F8B505460F464FF46B
:10B3400080544FF6FF7603E0013CA4B2B44208D02B
:10B350000221284625F0D4FD0028F5D00CB920465E
:10B36000F8BD3946284625F0BFFD4FF480544FF60E
:10B37000FF7603E0013CA4B2B44207D00121284685
:10B3800025F0BEFD0028F5D0002CE8D0284625F099
:10B39000A7FDC0B2F8BD00BF2DE9F04F85B007464C
:10B3A00003936C4B0191D3F800A09346002800F062
:10B3B0008280694B1B78834200F0C680DFF8A09141
:10B3C000012138464FEA0718FFF782FE19F80830C6
:10B3D000029304462BB108F108004844002111F003
:10B3E00089F94FF480564FF6FF7504E0013EB6B27E
:10B3F000AE4200F08F800221204625F081FD00281A
:10B40000F4D0002E40F0868009EB08035B78042B13
:10B4100056D0BBF1000F18D0039E0197B3444FF6EE
:10B42000FF754FF4805703E0013FBFB2AF422BD00E
:10B430000221204625F064FD0028F5D027BB3846C0
:10B4400006F8010B5E45ECD1019F029B43B108F168
:10B4500008004844012111F04DF9012005F09CFF3E
:10B460003C4B1868504507D03C4B07EB470703EBB4
:10B4700087039A6801329A60A0EB0A00B0FA80F064
:10B48000400905B0BDE8F08F0021204625F02CFDD5
:10B490004FF4805703E0013FBFB2AF4207D0012114
:10B4A000204625F02DFD0028F5D0002FC7D02046DE
:10B4B00025F016FDC4E7019B43F0800301937DE76F
:10B4C0004FF480564FF6FF7503E0013EB6B2AE4230
:10B4D00007D00221204625F013FD0028F5D0002ECC
:10B4E00097D00021204625F0FFFC4FF480564FF600
:10B4F000FF7503E0013EB6B2AE4207D001212046FF
:10B5000025F0FEFC0028F5D0002E82D0204625F044
:10B51000E7FC7EE70199204625F0E6FC4FF48056D3
:10B520004FF6FF7503E0013EB6B2AE4208D00121EE
:10B53000204625F0E5FC0028F5D0002E3FF464AF4E
:10B54000204625F0CDFC5FE7012AB4D941F0C003C5
:10B55000019333E7D8060020F7000020E08E00209A
:10B56000087603082DE9F04FDFF840B1DFF840A17D
:10B5700085B0804602938946DBF8003000930021B5
:10B580001746FFF7A5FD4FEA081304461AF80320F3
:10B59000039301922AB103F108005044002111F0F5
:10B5A000A9F84FF480564FF6FF7503E0013EB6B29E
:10B5B000AE4260D00221204625F0A2FC0028F5D042
:10B5C000002E58D1EFB1029ECDF8088037444FF6D7
:10B5D000FF7516F8019B4FF4805805E008F1FF381D
:10B5E0001FFA88F8A8452CD00221204625F088FCB7
:10B5F0000028F3D0B8F1000F23D1B742E9D1DDF82C
:10B600000880019B43B1039808305044012111F098
:10B6100071F8012005F0C0FEDBF80000009B9842A5
:10B6200007D0214B08EB480803EB88039A680132E6
:10B630009A60009BC01AB0FA80F0400905B0BDE8DE
:10B64000F08F4946204625F04FFC4FF4805905E025
:10B6500009F1FF391FFA89F9A94508D001212046CF
:10B6600025F04EFC0028F3D0B9F1000FC5D02046DC
:10B6700025F036FCC1E74946204625F035FC4FF45D
:10B6800080564FF6FF7503E0013EB6B2AE4207D0DA
:10B690000121204625F034FC0028F5D0002E91D061
:10B6A000204625F01DFC8DE7E08E0020D806002006
:10B6B0000876030810B53D4A3D4B3E49D3ED007A6C
:10B6C00091ED000A3C4B3D4C3D483E4993ED007ADC
:10B6D00090ED006A3C4B3D482DED048B92ED008AC5
:10B6E0003B4A94ED009AD2ED005A3A4AD1ED008AD5
:10B6F000D2ED006A384C3949394A78EE670A38EE9B
:10B70000278A30EE250AD3ED007A364B70EEC70A51
:10B7100038EE478A39EE069A78EEE68A70EEA70A86
:10B7200038EE678A30EE000A78EEA88A39EE099A78
:10B7300084ED008A80ED009AC1ED008A82ED000A56
:10B74000C3ED000A25F048FEDFED277A274CF4EE22
:10B75000E78AF1EE10FA84ED010A24D49FED240A61
:10B76000F4EEC08AF1EE10FAD8BFB0EE680A25F008
:10B7700007FE204B1B78F1EE407A012BC4ED007AD6
:10B7800006D11D4BD3ED007A77EEC07AC4ED007A76
:10B79000F0EE480AB0EE490A25F01EFEBDEC048B1F
:10B7A00084ED020A10BDB0EE670AE0E7B00F00209A
:10B7B000A00F0020AC0F0020940F00209C0F002051
:10B7C000A40F0020980F00208C0F0020840F002071
:10B7D000900F0020A80F0020880F0020800F00206D
:10B7E0007C0F0020780F0020EFFF7FBFE07C00205F
:10B7F000EFFF7F3FB18E002094380020F8B53F4C1A
:10B800003F4F404E404D2DED068B94ED028AF6EEF3
:10B81000009A28EE298AB0EE480A25F0EBFEB0EE39
:10B82000409AB0EE480A25F025FFD4ED018A68EE73
:10B83000A98AB0EE408AB0EE680A25F0DBFEF0EE91
:10B8400040AAB0EE680A25F015FF94ED00AA2F4C2F
:10B850002AEE29AAF0EE408AB0EE4A0A25F0CAFE86
:10B86000F0EE409AB0EE4A0A25F004FF28EE2A5A7C
:10B8700028EE288A20EE456A69EE288A68EE005A8A
:10B88000A8EEA96A29EE2A9A66EE066AE9EE295A16
:10B8900068EE297AE5EEA56AE9EE007A20EE687A8C
:10B8A000B0EE660AA5EE297AA7EEA70A86ED006A31
:10B8B000A7EE070AC5ED007A84ED007AC7ED005ABD
:10B8C000FFF718F9BDEC068B97ED006AD6ED006A1C
:10B8D00095ED007AD4ED007A26EE006A66EE806A75
:10B8E00027EE007A67EE807A87ED006AC6ED006A7F
:10B8F00085ED007AC4ED007AF8BD00BFE07C002041
:10B90000C00F0020BC0F0020B80F0020B40F002093
:10B91000394B3A4AD3ED004ADFF8FCC0384BD2ED40
:10B92000005A93ED002A9CED006A91ED013A354AE8
:10B93000354BD1ED022A74EE866A75EEC27AB7EE07
:10B94000005AB0EE004AF0EE453AE6EEC43A37EE61
:10B95000A77AD2ED006AD1ED007A2C4A27EE037A5D
:10B9600093ED003A2A4BA3EEA77A76EE837AD3EDD5
:10B97000003A284B77EEA77A74EEA34AA7EEA27A94
:10B9800076EE237AB0EE456AA7EEC46AD3ED002ABC
:10B99000D2ED007A80ED007AD1ED011A35EE827A8F
:10B9A00026EE216A91ED002A37EE077A77EEE25A09
:10B9B000A7EE026A75EEA55A91ED027AA5EE876AA6
:10B9C00077EEA27A80ED016A36EEC37A91ED016AD4
:10B9D000D1ED006A77EEA77A37EE077A67EE867ABE
:10B9E000A4EEC45AE7EE267A91ED027AE5EE077AE4
:10B9F000C0ED027A704700BF940F00209C0F00201A
:10BA0000A40F0020980F0020A80F0020900F002006
:10BA1000A00F0020AC0F00208C0F00200A480B491B
:10BA200090ED007A0A4A0B4BD1ED007AD2ED006A14
:10BA300067EEC77A93ED007AE6EE877A77EEA77A1B
:10BA400027EE800A704700BFBC0F0020B40F002013
:10BA5000C00F0020B80F0020094A0A4BD2ED007A2F
:10BA600093ED007A084B77EEC77A93ED007A074B97
:10BA700077EEC77A93ED000A37EE800A704700BF71
:10BA8000B00F0020A00F0020940F00208C0F00208A
:10BA900008B5114B1621187818F020FC0F4A104BEE
:10BAA00052789FED100A520783ED010A83ED000AD8
:10BAB00005D583ED020ABDE80840FFF79FBE23F0DD
:10BAC00021FA074B084A82ED000A83ED020ABDE81D
:10BAD0000840FFF793BE00BF709000203C7D00201F
:10BAE000E07C0020000000008CBD002070B56C4B95
:10BAF0006C4C93ED027AD4ED007AE7EE007A2DEDEE
:10BB0000028BB0EE670A82B0C4ED007AFFF772F8DC
:10BB1000654A664BD2ED007A93ED007A644A654B34
:10BB20006549D3ED006A654B77EE877AB0EE408ABF
:10BB300092ED007A91ED000AD3ED000A84ED008ABF
:10BB400077EEE67A30EE070A5D4C77EEE00A30EEEB
:10BB5000000A25F041FC637A5A4ADB09F0EE407A8C
:10BB600082ED020A1BD1584B584D93ED000A37EE77
:10BB7000C00AFFF73FF8564BD5ED007A83ED000A77
:10BB800030EE670AFFF736F8637A524A23F08003F3
:10BB900082ED000A637202B0BDEC028B70BD637867
:10BBA0005B0771D54C4B494D93ED250A95ED007A15
:10BBB0004A4E30EE070A30EE670AFFF71BF89FED9A
:10BBC000487A20EE078AF6EE007A28EE278AB0EE51
:10BBD000480A25F00FFD8DED010AB0EE480A25F068
:10BBE00049FD404B9DED017AD3ED007A96ED005A68
:10BBF0003D483E49D0ED005A20EE676A67EE877AED
:10BC0000A5EE076AE5EE007A91ED005AC3ED007AE1
:10BC100060EE656A25EE000AE5EE076AA5EE870A82
:10BC2000C1ED006A20EE007A80ED000AA6EE067AE9
:10BC300086ED006AB0EE470AA6EEA60AA7EEA70AAE
:10BC4000FEF758FF28482949264B1E4AD6ED005AD0
:10BC500090ED006AD1ED006A93ED007AD2ED027AA0
:10BC6000194A65EE805A26EE006A66EE806A27EE73
:10BC7000007AC6ED005A92ED000A80ED006AC1ED2F
:10BC8000006A83ED007A72E738EE400AFEF7B2FFF1
:10BC90000D4B0C4A0D4DD2ED027A83ED000A66E79A
:10BCA000F87C00205C0F0020B00F0020A00F0020C7
:10BCB000A40F0020940F00209C0F00208C0F002068
:10BCC0003C7D0020E07C0020DC06002098BD0020A8
:10BCD00090BD002088BD0020E8A80020C00F0020F3
:10BCE0000AD7A33CB40F0020BC0F0020B80F0020DF
:10BCF00062EE026A2DE9F047E1EEA16ADFF808A3DF
:10BD0000A84B9AED007ADFEDA85ADFF8009393ED87
:10BD1000006ADFF8FC82A54BA54CA64EA64FA74DA6
:10BD2000E2EEA26A2DED108BF1EEE6EA82B0F7EEBC
:10BD3000007A99ED008A98ED00AAD4ED00AACDED25
:10BD4000003AEEEEE57A67EE07DA27EE08BAC3EDC1
:10BD500000DA9B4B8DED014A83ED00BA27EE0AEA2B
:10BD6000984BC5ED00EAF0EE408A27EE860A83ED97
:10BD700000EA27EE2A7A944B20EE000AFEEE007AC3
:10BD800083ED007A20EE270A904B68EE087AB6EE33
:10BD900000FAC3ED007A68EE0A7A8D4BC6ED007AA0
:10BDA00028EE2A8A6AEE0A7A83ED008A2AEE2AAA07
:10BDB000884BC7ED007A83ED00AA6AEEAAAA864BEB
:10BDC000F0EE609A64EE8FBAB0EE42CAF0EE61CA4D
:10BDD000B0EE62DAB0EE419AF0EE43FAC3ED00AA9B
:10BDE00025F0FCFAF5EEC0EAF1EE10FAF0EE400AAA
:10BDF00040F3D380794B93ED027AC7EE2E7A9FED14
:10BE0000787AF4EEC77AF1EE10FA40F1BC80754B07
:10BE10009FED751A93ED000AFEF722FE714B95ED2A
:10BE2000007A83ED000A714B1A78714B052AD3ED25
:10BE3000006A704BF2EE0E7A08BFF0EE407A83EDA6
:10BE4000000A67EEA67A6C4BB5EEC07AF1EE10FAF6
:10BE5000C3ED007A2BDDF7EE005AC5EE876A7DEE62
:10BE6000AADAB0EE006ABFEE007AADEE867A2CEE6A
:10BE700026CA38EE4E8A3BEE0ABA6CEEA6CA38EEF7
:10BE8000088A3BEE0BBA2DEE26DA2CEE476A6DEEF1
:10BE9000486AABEE0D6A2CEECBBAE7EE2C6AA8EE40
:10BEA0000CBAE7EE868AE7EEA69AA7EE8B9A534B7A
:10BEB000197ACD070AD55978480707D4D978C1F33C
:10BEC0004000890702D4052A00F0A48098ED007A8A
:10BED0009AED006AD9ED006A94ED004A29EE2B9A9A
:10BEE00068EEAB8A69EEAB9A67EE094A29EEC75A4B
:10BEF000E6EE284AA6EEE85AE4EE694A69EE665A8A
:10BF0000A4EE495AE6EE295A66EEA97A76EEA46ABC
:10BF1000E6EE097AE4EE285A36EE056A26EEA60A1F
:10BF2000E7EE687AA6EE060A37EE257A77EE847A8F
:10BF3000A7EE070A8AED006AA7EEA70AC9ED006A14
:10BF400088ED007AC4ED007AFEF7D4FD9AED006A20
:10BF5000D9ED006A98ED007AD4ED007A26EE006AF9
:10BF600066EE806A27EE007A67EE807A8AED006AD4
:10BF7000C9ED006A88ED007AC4ED007A02B0BDEC2C
:10BF8000108BBDE8F0879FED1E7AF4EEC77AF1EED4
:10BF900010FA02D560EE0F0A39E7DFED1A7A60EE8B
:10BFA000A70A34E7440000207CD6D03DB00F002023
:10BFB000B40F00209C0F0020940F0020D40F00200D
:10BFC000AC0F0020A80F0020A40F0020A00F00201D
:10BFD000980F0020900F00208C0F0020047D00207F
:10BFE000333333BF28000020CDCCCC3D387D00203A
:10BFF00048000020740F0020D80F00203C7D002056
:10C000009A9999BE00000000C00F0020BC0F0020CC
:10C01000B80F00209DED008A1A7ADDED01CA5A4D55
:10C0200028EE080A60F30002AFEEAF0A1A72B6EE0D
:10C0300000CAACEEAC0AFEF75DFDD5ED006AD7EDA7
:10C04000007A524B524A93ED004AD2ED004A96EDE7
:10C05000007A504B504A5149514891ED006A90ED99
:10C06000005A7CEE666A68EE00AA76EEE75A7CEE2D
:10C07000677A2FEE80BA2CEE80AA36EEC40A77EEED
:10C08000C46A77EE647A20EE2A0A67EEAA7A37EE5F
:10C09000247AE6EE8B7AA7EE0B0AD2ED006AB0EEB8
:10C0A000677AD3ED007A37EEA68A77EEE64A28EE75
:10C0B0002A8A76EE457AA4EE8A0A36EE056AA7EE5B
:10C0C0008B8AF0EE477AE6EE0A7A30EE000A77EED7
:10C0D000A77A20EE000AA5EE8A8AA7EEA70AFEF745
:10C0E00009FDD5ED007AD7ED006A2C492C4891ED79
:10C0F000006A90ED005A254B254AD3ED004A92ED97
:10C10000004A244B244AD6ED005A92ED007A7CEE88
:10C11000677A38EE088A77EEE67A3CEE66CA67EE12
:10C12000887A76EE456A36EE056A75EEC45AE6EE12
:10C13000007A93ED006A1B4B37EE067A3CEE64CA38
:10C1400066EE886A27EE087AECEE006AA5EE807A41
:10C1500077EEA77A76EEA66A37EE077A67EECB5AC5
:10C1600026EEEA6AEAEE265A27EE4AAAABEE076AFC
:10C17000AAEEA7AAD3ED006AE6EEA59AA6EE869AE5
:10C18000EAEE268AA2E600BFA00F00208C0F002056
:10C19000A40F0020900F0020AC0F0020980F00206B
:10C1A000A80F0020D00F0020174B1B78012B29D09F
:10C1B0002DE9F041154C164F164E174D2DED028B03
:10C1C00004F10C08B0EE408A384694ED000AF0EE17
:10C1D000480AFEF769FCF0EE407A284696ED000A20
:10C1E000E4EC017AF0EE480AFEF75EFC444507F500
:10C1F0009A77A6EC010A05F59A75E5D1BDEC028B9C
:10C20000BDE8F081704700BF207D0020047D002044
:10C21000B00B0020F87C00201408002070B52DED34
:10C22000028BAF4CA37A5B0782B003D502B0BDECA2
:10C23000028B70BDE3781E07B0EE408A40F1D980D2
:10C240000AF08AFD6379DD0630D56378580704D497
:10C25000A44B1B78002B40F02081237A9FEDA24A4B
:10C2600023F00103F0EE443AB0EE443A23729F4BC0
:10C270009F4993ED021AD1ED022A91ED002AD1EDEA
:10C28000011AD3ED000A93ED010AF0EE484AFFF7D8
:10C290002FFDFFF70FFA96499648FFF739FB2378F1
:10C2A000590603D5E3781A0740F1FF80E3781B07AE
:10C2B00040F1E180B0EE480AFFF718FC8E4BD3ED59
:10C2C000007AF4EE677AF1EE10FA40F0C2809FED4A
:10C2D0008B7AF4EEC77AF1EE10FA00F3BA80DFED54
:10C2E000886AF4EEE67AF1EE10FA00F1B280854B3E
:10C2F000D3ED007AF4EE677AF1EE10FA40F0A980FF
:10C30000F4EEC77AF1EE10FA00F3A380F4EEE67AC9
:10C31000F1EE10FA00F19D807B4BD3ED007AF4EE44
:10C32000677AF1EE10FA40F09480F4EEC77AF1EEFD
:10C3300010FA00F38E80F4EEE67AF1EE10FA00F1D6
:10C340008880724BD3ED007AF4EE677AF1EE10FA42
:10C350007FD1F4EEC77AF1EE10FAB0EE476A78DCDE
:10C36000F4EEE67AF1EE10FAF0EE665A71D4684B0C
:10C37000D3ED016AF4EE666AF1EE10FA69D1F4EEDB
:10C38000C76AF1EE10FA64DCF4EEE56AF1EE10FA39
:10C390005FD493ED007AB4EE477AF1EE10FA58D1FB
:10C3A000B4EEC67AF1EE10FA53DCB4EEE57AF1EEB3
:10C3B00010FA4ED4D3ED027AF4EE677AF1EE10FA69
:10C3C00047D1F4EEC67AF1EE10FA42DCF4EEE57AEB
:10C3D000F1EE10FA3DD44F4B4F48504AC3ED016A7D
:10C3E0000124002183ED007AC3ED027A04701180EC
:10C3F0001CE71EF05FFC0BF08DFD494B1B78012BF9
:10C4000024D03B4B474A394D474E93ED000A0192E9
:10C410001046F0EE480A0093FEF746FB009BF0EE54
:10C42000407AE3EC017A95ED000A00933046F0EE95
:10C43000480AFEF739FB3D49009B019AA5EC010A29
:10C440008B4202F59A7206F59A76DED122F0F6FD5D
:10C45000F8E6314B1B789BB9354963790A882F4838
:10C4600043F080030132637101230A80038002B02C
:10C47000BDEC028B70BDB0EE480A01F0DDFF19E79C
:10C48000244A234B5068116892689A60586019607A
:10C49000FFF7B4F9FFF70EF9DEE7264B93ED003A0C
:10C4A000D3ED013A93ED024AE1E6D0ED010A90EDB9
:10C4B000000AB0EE481A22F061F91F4A1F4BD2E978
:10C4C000000192ED027BC3E9000103F5A66110694A
:10C4D000586181ED007B516903F244521160E5E639
:10C4E0003C7D0020AC8E002000000000F87C002085
:10C4F000047D0020C40F0020C00F0020CAF2497143
:10C50000CAF249F1BC0F0020B80F0020B40F002080
:10C51000E07C0020640F0020600F0020720F0020DC
:10C52000207D0020B00B002014080020107D00208A
:10C53000700F00207CBD002068AA0020901600200B
:10C540002DE9F047414C424FD4ED000A97ED000A27
:10C55000DFF83C9186B0FEF773FA3E4A3E4BD4EDCD
:10C56000000AF0EE407A92ED000AC3ED007AFEF781
:10C5700067FA3A4A3A49107809783A4B3A4A33F816
:10C58000103032F81120394907EE902A06EE903A21
:10C590000B78374AB0EE407AF8EE677AB8EE660A62
:10C5A000012B82ED007A89ED000AC7ED007A1ED0DA
:10C5B000304C314E314DDFF8DC8004F5677A20468F
:10C5C000FEF754FA97ED000A3046FEF74FFA04F5ED
:10C5D0009A7498ED000A2846FEF748FA544514D09C
:10C5E00099ED000A06F59A7605F52E75E7E7234CD6
:10C5F000DFF8A08004F62805204698ED000A04F52F
:10C600002E74FEF733FAAC42F6D11D4C04F6280521
:10C610001C4E0FCEEC46ACE80F0096E803006A46CD
:10C620008CE803002046062104F52E74FEF7B0F9CD
:10C63000A542EDD1144B15480022B6EE000A1A703F
:10C6400006B0BDE8F047FEF711BA00BF347D002008
:10C650003C00002034000020BC060020C000002068
:10C66000C10000201867030828670308207D002008
:10C67000B8060020B00B002014080020F83C002071
:10C68000E43B0020D45803084C0F0020E0060020B3
:10C69000400000202C00002091ED016AD2ED017ACB
:10C6A000D1ED006A92ED007AD1ED025A67EEC67ABA
:10C6B00092ED026AE6EE877AD1ED036A92ED037A93
:10C6C000E5EEC67AE6EEC77AC0ED007A92ED006A32
:10C6D000D1ED017AD1ED006A92ED017AD1ED025AE5
:10C6E00067EE867A92ED036AE6EE877AD1ED036A09
:10C6F00092ED027AE5EE867AE6EEC77AC0ED017A2F
:10C7000091ED016AD2ED037AD1ED006A92ED027AE1
:10C71000D1ED025A67EEC67A92ED006AE6EE877AAC
:10C72000D1ED036A92ED017AE5EE867AE6EE877A3C
:10C73000C0ED027AD1ED017A92ED026AD1ED006A84
:10C7400092ED037AD1ED025A67EE867A92ED016A94
:10C75000E6EE877AD1ED036A92ED007AE5EEC67ACD
:10C76000E6EE877AC0ED037A704700BF344B91ED57
:10C77000017AD3ED007A334BD1ED006AD3ED004A54
:10C78000314B27EE877A93ED005A304BA4EEA67A10
:10C79000D1ED026AD3ED005AA5EE267AD1ED036AF7
:10C7A000A5EEA67A80ED007A91ED006AD1ED016ADE
:10C7B00091ED034A27EEC66AB5EEC07AA4EEA66AEA
:10C7C000D1ED026AA5EE446AF1EE10FAA5EEA66A72
:10C7D00080ED016AD1ED036A91ED024AD1ED003A94
:10C7E00067EEA66AE4EE846A91ED014AE5EE636ABB
:10C7F000E5EEC46AC0ED026A91ED024AD1ED033A5A
:10C8000067EEC47A91ED014AE4EEA37AD1ED004AD5
:10C81000E5EE047AE5EEE47AC0ED037A0FD5B1EEE9
:10C82000477AB1EE466AF1EE666AF1EE677A80ED1C
:10C83000007A80ED016AC0ED026AC0ED037A7047AC
:10C84000BC0F0020C00F0020B80F0020B40F002044
:10C8500010B52DED068BF6EE009A21EE298AF0EE4A
:10C86000408AB0EE480A0446B0EE60AA24F0C2FE48
:10C87000B0EE409AB0EE480A24F0FCFE68EEA98AB9
:10C88000B0EE408AB0EE680A24F0B4FEF0EE40AAA2
:10C89000B0EE680A24F0EEFE2AEE29AAF0EE408AF5
:10C8A000B0EE4A0A24F0A6FEF0EE409AB0EE4A0A34
:10C8B00024F0E0FE28EE2A5A28EE288A20EE456A67
:10C8C00069EE288A68EE005AA8EEA96A29EE2A9A2B
:10C8D00066EE066AE9EE295A68EE297AE5EEA56A5F
:10C8E000E9EE007A20EE687AB0EE660AA5EE297AC3
:10C8F000A7EEA70A84ED016AA7EE070AC4ED027A43
:10C9000084ED037AC4ED005AFEF7F4F8BDEC068B13
:10C9100094ED006AD4ED016A94ED027AD4ED037AC5
:10C9200026EE006A66EE806A27EE007A67EE807A6D
:10C9300084ED006AC4ED016A84ED027AC4ED037AE5
:10C9400010BD00BF114B1B78EBB1114A1378834225
:10C950001AD010B582B0002840F6FF710CBF0C460B
:10C960001924019045F2555024F0A2F8204624F0F5
:10C97000ABF824F0AFF8019B054A137002B0BDE894
:10C98000104024F0A7B8704724F0A4B8DE0F0020B0
:10C99000DC0F002010B545F2555082B024F088F825
:10C9A000042024F08BF845F2555024F081F840F62D
:10C9B000FF7024F089F824F08DF824F093F8174BD9
:10C9C000002401201C7024F053F9154B15491A78E6
:10C9D000154B032A4FF001000CBF02462246087097
:10C9E0001A7004D0114A0023138002B010BD2046F3
:10C9F00023F0FAFE4AF278510C4A0192B1EB104F43
:10CA000018BF002010802146204623F0DDFE064B93
:10CA1000019A1B78002BE6D002B010BDDC0F00207D
:10CA200001A10020DE0F0020DD0F0020E00F00201C
:10CA3000024B1B7803B9704724F04CB8DE0F00207E
:10CA4000054B1B7803B9704740F0254141F4F001D4
:10CA5000002023F0B9BE00BFDE0F0020204901EB0B
:10CA60008013D3ED087AF5EE407A00224FF0000CE7
:10CA7000F1EE10FA1A615A61C3F82CC083F830C085
:10CA80005A639A6383F83CC0C3ED007AC3ED037A1E
:10CA90005A609A6008D4B1EEE77A01EB801183ED19
:10CAA000097A81ED0A7A704700B5B0EE670A85B061
:10CAB000CDE90230CDED017A24F074FD029BB0EE99
:10CAC000407A9DED010A83ED097A24F06BFD03980D
:10CAD000034901EB801181ED0A0A05B000BD00BFDA
:10CAE000E40F0020F0B5384C384D394F394EA1B025
:10CAF00001202566A765E665FFF7B0FF0220C4F8B0
:10CB0000A050C4F89870C4F89C60FFF7A7FF324BA0
:10CB1000324D3348C4F8C050002119706A46802154
:10CB20000EF064FD2F4B009A9A424BD1DDED0A6A5C
:10CB30009DED0B7ADDED055A9DED066A089A039B83
:10CB400004980999DDED0F7A226166EEA64A0D9AE6
:10CB5000616127EE075A65EEA53A26EE064A079967
:10CB60002365C4F8902002230E9A60650C98C4F8DF
:10CB70009420C4ED096A119A84ED0A7AC4ED195A19
:10CB8000E06284ED1A6AE166C4ED103A84ED134A5E
:10CB900084F87030C4ED004A84ED035A84F83030D4
:10CBA000C4ED297A9DED107AC4F8AC2067EEA77A1F
:10CBB00067EE076A84ED2A7AC4ED207AC4ED236A11
:10CBC00084F8B03021B0F0BDE40F0020CDCCCC3DD6
:10CBD00095BFD633CD024C35E20F00206F12033BD8
:10CBE00000000C084944454ED54AD64B127883EDD7
:10CBF000300A052A00D07047D34A1278032AFAD0A7
:10CC000010B5D248D24A93F87C100068D2ED017A70
:10CC100084B0002900F0A08093ED1D7AB5EEC07AB3
:10CC2000F1EE10FA00F1BC81DFEDCA6AB4EEE67AEB
:10CC3000F1EE10FACCBF01210021002900F08C8018
:10CC4000D3ED1E6A37EEE66AB5EEC06AF1EE10FA71
:10CC500000F19C81DFEDC05AB4EEE56AF1EE10FA06
:10CC6000CCBF01210021002976D0D3ED135AD3ED9A
:10CC7000111A93ED122A93ED101AD3ED170A93EDC2
:10CC8000154AD3ED143A25EE873A61EE872AA2EED3
:10CC9000263AE1EE262A23EE075A24EE076AA2EE90
:10CCA000A65AA3EEA66A35EE205A37EEC66A82EE81
:10CCB000850AC3EE052AB7EE003AB7EE005AA0EE99
:10CCC000663AA2EEC75A20EE077AE0EE063A62EE26
:10CCD000A66A22EE470AA2EE864AA3EE010A26EED3
:10CCE000E16AD3ED160AC3ED143AA5EE856A66EE45
:10CCF000C16A65EEC75A30EE200AE2EE056AE3EE3D
:10CD0000215A36EE206AB5EE400AF1EE10FAC3ED74
:10CD1000126A83ED154A58BFF1EEC06A83ED100A1E
:10CD2000C3ED115A83ED136A00F17B81B5EE406AC1
:10CD3000F1EE10FAC3ED196A58BFF1EEC66A00F1C0
:10CD40006181D96E854C01314FF0010CD96684F8B0
:10CD500000C0C3ED1A6A00E0D96E58674FF0010CAD
:10CD6000C829C3ED1E7A83F87CC000F2AD8000298B
:10CD700040F0BE807A4993F8BC00096892ED027ACF
:10CD8000002800F0B980D3ED2D7AF5EEC07AF1EEEF
:10CD900010FA00F10F81DFED6F6AF4EEE67AF1EE42
:10CDA00010FACCBF01220022002A00F0A580D3EDAA
:10CDB0002E6A37EE666AB5EEC06AF1EE10FA00F13F
:10CDC000DB80DFED655AB4EEE56AF1EE10FACCBF18
:10CDD00001220022002A00F08F8093ED231A93EDA8
:10CDE000212AD3ED222AD3ED201AD3ED270AD3ED41
:10CDF000254A93ED244A67EE813A27EE823AE6EE21
:10CE0000A23AA6EEA13A67EEA35A27EEA46AE6EE8E
:10CE1000835AA6EE846A75EEA05A37EE466A83EE10
:10CE2000250A83EEA53AF7EE003AF7EE005AE6EE51
:10CE3000C03AE7EEC35A67EE807AA6EE004A66EE85
:10CE4000836A27EEE20AE6EE034AA1EEA30A26EE83
:10CE5000C26AD3ED260A83ED244AA1EE256A67EE65
:10CE6000C17A66EEE16A30EE200AE2EE237AE2EE63
:10CE7000A56A36EE206AB5EE400AF1EE10FAC3ED6F
:10CE8000254A83ED200AC3ED217AC3ED226A83EDA2
:10CE9000236A00F1A780F1EEC07AB5EE406AF1EEA8
:10CEA00010FAC3ED297A00F18F80F1EEC67AD3F83B
:10CEB000AC202A4801324FF0010C80F800C0C3F8C2
:10CEC000AC20C3ED2A7A19E0DFED267A93ED197ACA
:10CED000B4EEE77AF1EE10FA0AD593ED1A7AB4EED1
:10CEE000E77AF1EE10FA03D5022183F8701041E7DA
:10CEF000012183F870103DE7D3F8AC20C3F8B410DB
:10CF00000120C82A83ED2E7A83F8BC0014D9DFED06
:10CF1000157A93ED297AB4EEE77AF1EE10FA06D598
:10CF200093ED2A7AB4EEE77AF1EE10FA20D40122DA
:10CF300083F8B02004B010BD002AFBD0F7E700BF93
:10CF4000387D0020E40F0020B18E0020EC4000204E
:10CF5000F87C0020CDCCCC3DCDCC4C3DE20F002068
:10CF6000A44300200AD7233CCDCC4CBDCDCCCCBDB6
:10CF7000022283F8B020DDE75FED055AB4EEE56AE2
:10CF8000F1EE10FA4CBF0122002223E75FED0A5AAE
:10CF9000B4EEE56AF1EE10FA4CBF0121002162E621
:10CFA0005FED0E6AB4EEE67AF1EE10FA4CBF0121A5
:10CFB000002142E65FED136AF4EEE67AF1EE10FA34
:10CFC0004CBF01220022EFE6B0EE460A8DED027A58
:10CFD000019124F0E7FA1B4B9DED027A0199F0EEE6
:10CFE000407A64E78DED036A8DED027A019124F0B9
:10CFF000D9FA144B9DED036A9DED027A0199F0EE8A
:10D00000407A4AE7B0EE460A0290CDED017A24F06C
:10D01000C9FADDED017A02980B4A0A4BF0EE406A3C
:10D020008FE68DED036A0290CDED017A24F0BAFA15
:10D03000DDED017A02989DED036A034A014BF0EEA3
:10D04000406A73E6E40F0020F87C002010B5204C05
:10D050002378A2B0002B39D01E4B1F491A6D0291C4
:10D06000012103910592596D5A6ED3F8C0000490C6
:10D07000CDE90612D3E91A12CDE90812D3E9041258
:10D08000CDE90A12D3E90912CDE90C12D96AD3F815
:10D090009020CDE90E12D3F89410D3F8A420CDE956
:10D0A0001012D3F8A82012920021D3F8AC301393B9
:10D0B000382214A828F03AFB02A980230091074ADD
:10D0C000502101200EF0DEFA0023237022B010BDA3
:10D0D000E20F0020E40F00204944454E00000C08F8
:10D0E000154A164B1648D2ED006A93ED017AD0ED41
:10D0F000007A144992ED016A134AE6EE877A93EDBD
:10D10000007AD1ED006A114BE6EE076A92ED007AE3
:10D1100093ED085AD3ED095A0D4B77EE877AB6EEA8
:10D12000007AB0EE476AA5EE266AA5EEA77A83EDEF
:10D13000086A83ED097A7047E07C0020F80500203A
:10D14000D43800208481002000300020BC10002052
:10D1500064060020BE4B1B78002B40F09780BD4A30
:10D16000BD48BE49D2ED007A91ED007AD0ED005A6B
:10D17000BB4BBC4993ED006A0978BB4867EE876AF0
:10D1800067EEA57AE6EE256A0529E6EE477AC3ED55
:10D19000006A90ED007AC2ED007A00F0F180B34BA6
:10D1A0005B7A5B0720D5DFEDB25AB24BB7EE006A6F
:10D1B00077EE655A36EE476A93ED005AAE4BF4EEC1
:10D1C000C65AF1EE10FAD8BFB0EE656A26EE056ACF
:10D1D00093ED005AF1EE465AF4EEC55AF1EE10FA0C
:10D1E00040F3E380C3ED005AA44B1B78152B3BD8CA
:10D1F000DFE813F08C01A9011600A800A800A80020
:10D20000A800F200F200640164013A003A003A001A
:10D210003A003A003A003A003A003A00A800A80062
:10D22000954B974A974992ED056A93ED004AD1EDE7
:10D23000005A954BB7EE005A26EE046A75EE654A21
:10D2400075EE855AB0EE465AA4EEA75A94EEA76A38
:10D25000E5EEA76AF1EE455AF1EE467AC3ED026AB1
:10D26000C3ED005AC3ED017A884B196851B1864A63
:10D270000023D2ED007A013377EE877A9942E2EC0F
:10D28000017AF6D1824B83ED007A7047013B012B86
:10D2900000D97047754AD3789807C3F3400140F12D
:10D2A0009080714BD3ED007AD3789B071ED4694BE5
:10D2B00093ED007AB5EEC07AF1EE10FA01D5B1EE39
:10D2C000477A744BD3ED006AE6EE877AF5EEC07AC2
:10D2D000F1EE10FA00F172816F4B93ED007AF4EEEB
:10D2E000C77AF1EE10FAC8BFF0EE477AF5EEC07AD1
:10D2F000F1EE10FA00F15681B7EE007AF4EEC77A3B
:10D30000F1EE10FACCBF01210021B7EE007A00291E
:10D3100018BFF0EE477A614A574BD2ED006A93EDA1
:10D32000007A5B4A584BF0EE675AB0EE676AE6EE59
:10D33000875AA6EEC76AC3ED005AC2ED007A83EDA4
:10D34000016A70474C4A564B92ED006A93ED005AC1
:10D350004D4B26EE056AF1EE665A36EE675A75EECB
:10D36000C65A76EEC66A76EE277A82ED006AC3ED7B
:10D37000015AC3ED026A83ED005AC3ED037A73E7E5
:10D38000484B494AD3ED005A92ED006A474B37EEBD
:10D39000066A93ED007A354B5B7A26EE256A5B07C9
:10D3A00026EE077A7FF520AFFDE6B4EEC65AF1EE21
:10D3B00010FAD4BFF0EE455AF0EE465AC3ED005ACB
:10D3C00012E73B4B1B78002B00F0EF80D378DFEDAA
:10D3D000397A9A0799D46AE7274A314B9FED366A22
:10D3E000D2ED005A66EE866A93ED006A264B25EE72
:10D3F000866AB6EE005AB0EE664AF0EE664AF0EE85
:10D40000665A97EEC54AD7EE855AE7EEC54AE7EE6B
:10D41000856AB0EE463AF0EE463AA7EEC53AD7EE48
:10D42000853A34EE464A34EEC65A75EE865A76EEA2
:10D43000867A82ED006A83ED003A83ED014A83ED3E
:10D44000025AC3ED035AC3ED047AC3ED053A0BE764
:10D45000B18E0020080600204C000020B4100020EF
:10D460000C060020387D0020B03800203C7D0020D4
:10D47000CDCC4C3DE800002004060020F500002043
:10D48000BC100020AC100020640600200400002026
:10D49000B01000209C3800209038002078810020B7
:10D4A00008000020A0000020C8380020A4000020B0
:10D4B00090BE0020000000003BCD133F414A424B8C
:10D4C00092ED006A93ED005A404B26EE056AF1EEAC
:10D4D000665A76EE674A75EEC65A76EEC66A76EEFC
:10D4E000277AB6EE005A65EE855A66EE856A64EED6
:10D4F000854A67EE857A82ED006AC3ED015AC3ED75
:10D50000026AC3ED004AC3ED037AADE6304B9FEDEE
:10D51000315AD3ED004A2D4BB7EE006A74EE865AAD
:10D5200036EE646A65EEA75A67EEC67AF0EE654A93
:10D53000E6EEC54AE6EE855AC3ED014AC3ED025A4E
:10D54000C3ED007A90E69FED236A1E4BB0EE675A5A
:10D55000F0EE675AA6EEC65AE6EE865A93ED006ADA
:10D56000DFED1D6A194BF0EE673AB0EE454AF0EE7A
:10D57000654AD6EE263AA6EE264AE6EE264AD6EECC
:10D58000667AA6EE665AE6EE665AC3ED003A83ED79
:10D59000014AC3ED024AC3ED037A83ED045AC3ED99
:10D5A000055A61E6DFED0D7AB5E60D490D4BD1ED7B
:10D5B000007A93ED007A77EE877A75E6DFED077AE9
:10D5C0000021A2E6040600200800002064060020D6
:10D5D000AC10002036CD933FDAAC2A3F00000000AB
:10D5E000B0380020C8380020B54B1B78152B17D851
:10D5F000DFE813F0BB001600160016001600160038
:10D6000016001600160016001600C900F6002401C8
:10D610008A01D90194023A021C03F2025703430023
:10D62000A84AA94BA948AA4990ED005A90ED016A71
:10D63000A848D1ED015AD0ED007ADFF8C8C291EDCB
:10D64000007ADCED006AA449E5EE257AE6EE076A89
:10D6500091ED007A92ED085AD2ED095A77EE877A69
:10D66000B6EE007AB0EE476AA6EE856AA7EEA57A16
:10D6700083ED086A83ED097A70479849984ACB7818
:10D68000D2ED007A9A0704D4964B93ED007A77EEA8
:10D69000877AF5EEC07AF1EE10FA00F1A283B7EEC8
:10D6A000007AF4EEC77AF1EE10FAD8BFB0EE677ADE
:10D6B0008D488E4B834ADFF844C2D0ED002A1B7898
:10D6C0008B4892ED043ADCED006AD0ED007A002B35
:10D6D00000F08D83CB789B0700F17484F5EEC02AAF
:10D6E000F1EE10FA00F17F84B0EE625A814B93EDB7
:10D6F000006AF0EE665AE6EE055A734B63EE266A50
:10D70000B0EE675A92ED056A92ED022AA5EE835AB1
:10D71000F0EE673AE5EEC33AB0EE664AA6EE674A27
:10D72000D6EE676AF6EE007AD2ED035AF0EE674A5B
:10D73000E2EE054AB0EE675AA5EEA35AF0EE675A3C
:10D74000E4EE035AE6EE267A77EE226A37EE627A44
:10D75000C3ED024A83ED035AC3ED016A83ED007AFB
:10D76000C3ED045AC3ED057A5CE7614B554A93ED6E
:10D77000007AD2ED046A544BF6EE007AE6EE877A30
:10D78000C3ED047A4EE7554B5949DB784D4A56486C
:10D7900091ED007A92ED054AD0ED006A990704D424
:10D7A000554BD3ED007AA7EEA67A544BF6EE007AED
:10D7B000D2ED024A92ED045AD3ED005A424BB0EE3C
:10D7C000676AA4EE076AB0EE677AA4EEA67AE5EE81
:10D7D000257A83ED056A83ED027AC3ED047A21E7A9
:10D7E000464A434BD2ED007AD3ED006A354A364BB8
:10D7F000D2ED033A92ED024A3B4993ED016A91ED75
:10D80000005AF1EE675A37EEA67A75EEE65AF6EE52
:10D81000007AF0EE674AE3EE874AD3ED006AC3ED83
:10D82000034AE4EE257A36EE456A36EE857A83EDD4
:10D83000016A83ED007AC3ED027AF3E6274B214AB1
:10D84000DB7829482D4992ED046AD0ED007A91EDFC
:10D85000007A9B070CD4F5EEC07AF1EE10FA00F1D5
:10D86000BC83F0EE675A234BD3ED006AA6EEA57A8F
:10D870001F4BF0EE676AE6EE076AE6EE477A93ED35
:10D88000007A92ED025AD2ED035A1D4B76EE876A6A
:10D8900077EE877AB6EE007AB0EE476AA5EE266A92
:10D8A000A5EEA77AD3ED006AD2ED067A064B67EEB5
:10D8B000A67A83ED026A83ED037AC3ED067AB1E6B8
:10D8C000F5000020BC10002064060020E07C002051
:10D8D000F8050020D4380020003000203C7D0020D6
:10D8E000B0380020C83800200C060020A810002006
:10D8F00004060020A43800208838002008060020F4
:10D900000006002084810020BD49BE48CB78BE4A75
:10D91000DFF810C3D0ED006A92ED056ADCED007A05
:10D92000980704D4B94B93ED007AE7EE276AC978DB
:10D93000B74BB848B6EE007AA6EE667A890783ED53
:10D94000057AD2ED046A90ED007A0CD4F5EEC07A37
:10D95000F1EE10FA00F14483F0EE675AAE4991ED12
:10D96000006AA6EE257AAD49F0EE675AE6EE875AD0
:10D97000E6EEC77A92ED025AD2ED036AB6EE007A6D
:10D98000B0EE476AA5EE256AA6EEA77AD2ED067A32
:10D99000D1ED006A83ED026A67EEA67A83ED037A21
:10D9A000C3ED067A3EE69649974ACB78DFF874C213
:10D9B0009448D2ED055ADCED007AD0ED006A9B0761
:10D9C00004D4924B93ED007AE7EE276AC878904B27
:10D9D000B6EE007AB0EE476AA5EEA66A8007D2EDF1
:10D9E000035A83ED056A92ED046A92ED025AF1EE54
:10D9F000674A00F1DF818A48F5EEC07A90ED004A6F
:10DA0000F7EE006AF1EE10FA76EEC46A40F3C282D5
:10DA100066EEA76AB6EE007AF0EE474AE6EE854A71
:10DA2000C978A5EEA77A8807C3ED024A83ED037A89
:10DA300000F1C18278487749D0ED006A91ED007A13
:10DA4000A6EEA77A754992ED065AD1ED005AF6EE88
:10DA5000007AF0EE676AE7EE066AE5EE257AC3ED36
:10DA6000046AC3ED067ADDE56E4B6549D3ED007AB5
:10DA7000CB78654A9807D2ED036A92ED026AB1EE5F
:10DA8000675A00F17D81664BF5EEC07AD3ED005AFE
:10DA9000B7EE007AF1EE10FA37EE657A40F30782BE
:10DAA00027EE877AF6EE005AB0EE655AA7EE065AD0
:10DAB000C978574BE7EEA65A890783ED025AC3EDA2
:10DAC000035A00F109825448524990ED007A91EDD1
:10DAD000006AA7EE276A51484A4992ED047AD2EDCE
:10DAE000055A92ED065AF6EE007AF0EE676AE7EE16
:10DAF000066AB0EE677AA5EEC67AD0ED005A91EDCF
:10DB0000006AE5EE257A76EEC66A37EE467AC3ED10
:10DB1000046A83ED057AC3ED067A83E538493A4A0B
:10DB2000CB78DFF800C1374892ED056A9CED007AAA
:10DB3000D0ED006A9B0704D4344BD3ED007AE7EEB6
:10DB4000876AC878324BF6EE007AE6EE267A8007CE
:10DB5000B1EE475AC3ED057A40F10081F0EE456A17
:10DB6000F0EE475A2D48D2ED067AD0ED004A9FEDEF
:10DB70002E6A92ED034AC978264867EEE47AD2ED20
:10DB8000024A67EE867A8907B0EE676A94EE666AA3
:10DB9000E4EEA57AF6EE005A76EE256A77EEA57ADF
:10DBA000C3ED036AC3ED027A92ED046AD0ED006A18
:10DBB0000BD4B5EEC07AF1EE10FA01D4B0EE475AAC
:10DBC0001549D1ED007AE7EE856AF6EE007AE6EEC9
:10DBD000267AC3ED047A25E50D4B0B4A114992EDE7
:10DBE000026AD1ED006A93ED007AD3ED017AA6EED8
:10DBF000267AE6EE667A83ED007AC3ED017A11E5C6
:10DC00003C7D002004060020BC1000208838002045
:10DC10006406002008060020A4380020000600202A
:10DC2000A03800200C0600209A99993ECA4ACB4998
:10DC3000CB4BD1ED006AD2ED027A93ED007A92EDF2
:10DC4000056AC849C84BC978C84892ED045AA7EE7E
:10DC5000A67A8907F6EE007AE6EE077AC3ED057A32
:10DC600090ED007A0BD4F5EEC06AF1EE10FA01D512
:10DC7000F1EE666ABE49D1ED007AA7EEA67ABD49FB
:10DC8000D2ED065A91ED006AF6EE007AF0EE676A80
:10DC9000E5EE076AE5EE867AC3ED046AC3ED067A1F
:10DCA000C0E4B049B44ACB78D2ED007A980704D4E6
:10DCB000B24B93ED007A77EE877AF5EEC07AF1EE0B
:10DCC00010FA00F19180F7EE006AF4EEE67AF1EED8
:10DCD00010FAD8BFF0EE676ADFF884C2A848A94BF3
:10DCE0009D4A9CED007AD0ED007ADFF870C29F4823
:10DCF0001B789CED006AD2ED044A92ED055AD0EDF6
:10DD0000005A67EE277A002B00F0EA8064EEA56ADD
:10DD1000B6EE007AB0EE663AA5EE673A924BD5EED3
:10DD2000676AF0EE473AE3EE243AA6EE857AB1EE62
:10DD3000464A74EE676A36EE676A37EEE55A77EE62
:10DD4000A57AC3ED043A83ED057AC3ED016A83ED4C
:10DD5000026A83ED005AC3ED037A63E48A48B5EEA4
:10DD6000C07AD0ED007AF7EE006AF1EE10FA76EEA6
:10DD7000E76A40F32B8166EE875AF0EE456AF1E6DA
:10DD8000B6EE007AF0EE475AE7EE865AC978764B3F
:10DD9000A7EEA67A8807C3ED025A83ED037A00F155
:10DDA0009B80F5EEC07AF1EE10FA7FF58CAEF0EEC6
:10DDB000457A88E6F0EE476AE5EE276AC978A5EE6F
:10DDC000A77A8907C3ED026A83ED037A00F1F38035
:10DDD000F5EEC07AF1EE10FA7FF52CAEF0EE647A33
:10DDE00028E69FED6A7A63E4DFED686A74E7CB7832
:10DDF000980700F1E480F5EEC02AF1EE10FA00F188
:10DE0000FC80B0EE625A5A4BD3ED005AB0EE666A0F
:10DE1000A5EE856AC978544B92ED035AD2ED023AC9
:10DE2000B0EE624AF0EE625AE6EE435A8907A6EE79
:10DE3000034AB6EE006AF0EE464AE3EE844AA5EEE7
:10DE4000256AD2ED055AC3ED024A37EE275A37EE5E
:10DE5000677A83ED036A65EEE77A83ED015A83ED15
:10DE6000007A0CD4F5EEC02AF1EE10FA00F1C2806F
:10DE7000B0EE626A3E4991ED007AE7EE066AB0EED6
:10DE8000676AA6EE836AE6EEC37AB6EE007A76EEAD
:10DE9000226A77EEA27AB0EE476AA6EE836AA5EE12
:10DEA000A77A83ED046A83ED057AFFF7BBBB40F1E7
:10DEB000A780F6EE005A25EE077AF0EE654AE7EE07
:10DEC000864AC978284BE6EEC75A8907C3ED024A4D
:10DED000C3ED035A7FF56BAF244991ED006AFAE573
:10DEE0002B4BC978D3ED003A1F4B36EEA74A76EE9E
:10DEF000E76AF0EE447AE7EE237A8907E7EE636A91
:10DF0000C3ED017A25EE477AC3ED006A0BD4B5EE76
:10DF1000C06AF1EE10FA6AD4F0EE466A1449D1ED07
:10DF2000007AE7EEA65AF0EE476AE5EEA46AA5EE9F
:10DF3000E47A76EE866A37EE067AF6EE007AB0EE8E
:10DF4000676AA6EEA46AE7EE057A83ED046AC3ED7C
:10DF5000057AFFF767BB00BFBC1000200C0600204D
:10DF6000040600203C7D00206406002008060020F6
:10DF7000A438002000060020B0380020C838002057
:10DF800008000020A8100020A03800200000000099
:10DF90007881002037D564EEA66AB0EE474AA5EE38
:10DFA000274AC978A5EEE67A880783ED024A83ED11
:10DFB000037A7FF513AF154991ED007A42E5B0EE93
:10DFC000666A27E7F0EE665AFFF797BB7FF5C6ADA6
:10DFD00065EE266AF0EE475AC4E5F1EE675A42E470
:10DFE000F1EE675ABAE4B1EE625AFFF77FBBF1EE89
:10DFF000466A93E7B1EE626A3CE7B1EE625A02E725
:10E00000B0EE677A4EE5F0EE676A03E50806002099
:10E01000254B1A78254BF7EE007ABFEE007A12F006
:10E02000010F0CBFB0EE674AB0EE474A12F0020F84
:10E030000CBFF0EE674AF0EE474A12F0040F0CBF37
:10E04000B0EE675AB0EE475A12F0080F0CBFF0EE70
:10E05000675AF0EE475A12F0100F0CBFB0EE676A25
:10E06000B0EE476A12F0200F0CBFF0EE676AF0EED8
:10E07000476A12F0400F08BFB0EE677AC3ED007A2E
:10E08000C3ED017AC3ED077A83ED024AC3ED034A7B
:10E0900083ED045AC3ED055A83ED066AC3ED086AA1
:10E0A00083ED097A704700BF8A810020BC100020F0
:10E0B0002DE9F04F684B1C78052C87B018D09FEDE8
:10E0C0005A7B664B8DED027B9FED597B1A788DED67
:10E0D000007BCAB158A1D1E90001614A614CC2E993
:10E0E0000601002284ED000B1A7007B0BDE8F08F26
:10E0F0009FED537B594B8DED027B9FED537B1A783F
:10E100008DED007B002AE5D1564D554E95ED007BF7
:10E1100051EC100B53EC172B8DED047BF9F774FFCA
:10E1200096ED067BB0EE470AF0EE670A8046894618
:10E130005BEC17AB23F0F0F829F00047DDE90001B4
:10E1400053EC102BCDF800800197FAF715F9024631
:10E150000B46DDE90001FAF781FBE8B9052C4BD04D
:10E160003BA3D3E9002350465946FAF777FB78B929
:10E170003D4B002250465946FAF78EFB00284FD0FF
:10E18000394B00223649C1E90C2307B0BDE8F08FB6
:10E190002FA3D3E90023F5E7DDE90223334900206B
:10E1A000F9F732FF42464B46CDE90001FAF7E4F8B1
:10E1B000DDE90423F9F72AFF4246C5E900014B4691
:10E1C00040464946FAF7D8F8DDE90023FAF7D4F8D3
:10E1D000DDE902230746884650465946FAF7CCF84F
:10E1E00002460B4638464146F9F710FF052CC6E9B2
:10E1F000060182468B46B3D1194BD3E900030022B6
:10E2000023F00041194BFAF747FB0028A8D05246EB
:10E210005B4650465946F9F7F9FE82468B469FE722
:10E2200052465B46AEE700BF666666666666EE3FD0
:10E23000000000000000004000000040E17AA43F20
:10E24000AE47E17A14AEEF3F000000000000084046
:10E250009A9999999999B93F387D002052000020E8
:10E2600008110020F8100020000014400000F03FCA
:10E270002DE9F04F684B1B7889B0052B8DED020B13
:10E2800000F0B2809FED5C7B8DED047B634D00243C
:10E29000634B644F1A78002A40F08580624E96EDF9
:10E2A000087BD7E90089B0EE470AF0EE670A8DEDEA
:10E2B000007B23F031F842464B46DDE902018DED4B
:10E2C000060BF9F7A1FE9DED060B8C4653EC102BC7
:10E2D0008346294620462CF00045FAF74DF80246C1
:10E2E0000B4658462946FAF7B9FA002843D0DDE92B
:10E2F00004AB4E4952465B460020F9F785FE424684
:10E3000004460D464B4650465946FAF735F8DDE9C6
:10E3100002AB8046894652465B4620462946FAF7BC
:10E320002BF802460B4640464946F9F76FFE024677
:10E330000B46C7E9002350465946F9F765FE0246E9
:10E340000B468046894620462946FAF715F842468C
:10E350004B46FAF711F8DDE9002304460D46DDE9E6
:10E360000401FAF709F802460B4620462946F9F758
:10E370004DFECDE90001DDE9004521A3D3E90023ED
:10E3800020462946FAF76AFAF8B9294B00222046B6
:10E390002946FAF781FA00BB22462B46C6E9082334
:10E3A00009B0BDE8F08F9DED027B87ED007B9FED0E
:10E3B000167B00228DED007BB0EE470AF0EE670A77
:10E3C000DDE90289184E1A7073E70DA3D3E9002323
:10E3D000C6E9082309B0BDE8F08F154B0022C6E955
:10E3E000082309B0BDE8F08F9FED097B104D8DED3E
:10E3F000047B00244CE700BF666666666666EE3FF7
:10E400009A9999999999B93F00000000000000403D
:10E41000AE47E17A14AEEF3F387D0020000008409F
:10E4200051000020F0100020081100200000F03FF3
:10E4300000001440000000002DE9F04F2DED048B8A
:10E44000BF4C85B01CF0BAFFA379D90740F1B0806A
:10E45000BC4EA379D6ED027AF1EE006AB0EEE77A0F
:10E46000B4EEE67A23F00103F1EE10FAA371B1EEF7
:10E47000678A00F3A280637813F0010300F0B48090
:10E48000B14FB24DD7E90A01FAF74EFA4FF0000842
:10E490008146D7E90601FAF747FAAD4A1060D7E995
:10E4A0000801FAF741FAAB4BAB4AC3F80090106091
:10E4B0006278DFEDAA6A95ED0C1ACDED036AD307F9
:10E4C0004BBFA74A95ED010A92ED000AA44A0092BB
:10E4D000B8F1000F0CBFF0EE660AF0EE480A03F048
:10E4E00055F9009AD2ED008A18EE900AF9F7ECFE81
:10E4F0009C4A92ED000AC7E9040110EE100A8DED66
:10E50000000AF9F7E1FE984A92ED009A78EE497A0E
:10E51000C7E9000117EE900AF9F7D6FEC7E9020134
:10E5200019EE100AF9F7D0FE8A4BC7E90E011868F8
:10E53000F9F7CAFE8D4B95ED017A93ED006A8C4B8D
:10E540009DED000AD5ED0C0A78EEC67A37EE467AD4
:10E55000C3ED007A874B83ED007A874BC7E90A0148
:10E56000864883ED000AFCF79FFADDED036A844BD1
:10E57000D5ED0C0A8348F0EE407A96ED020AC3ED21
:10E58000007A30EE260AB1EE400AFCF78DFADFED94
:10E590007E7AE378B4EEE70AF1EE10FACCBF0122FE
:10E5A000002262F38613E370637943F0080363711A
:10E5B00005B0BDEC048BBDE8F08FF3EE047AB4EE49
:10E5C000E77AF1EE10FA7FF556AF6378DA07C3F316
:10E5D00000071BD55C4F5D4DD7E90A01FAF7A4F996
:10E5E0004FF00108814654E7584D00936868564F34
:10E5F000F9F76AFE41EC100BFFF75AFDD7E90A0163
:10E60000FAF792F9DDF80080814642E74F4D6868DD
:10E61000F9F75AFE41EC100BFFF74AFD18EE100A0D
:10E62000F9F752FE41EC100B80468946FFF720FEB9
:10E63000564B1A78002A4FD1554FC246D7E90023CE
:10E64000CB4640464946F9F7DFFC4BEC17AB87ED6C
:10E65000007B3D4F804689462DA3D3E90023D7E9AF
:10E660000A01F9F789FE2CA3D3E9002382468B46E1
:10E6700040464946F9F780FE42464B46F9F77CFE94
:10E6800027A3D3E90023F9F777FE02460B4650464D
:10E690005946F9F7BBFC24A3D3E9002380468946F9
:10E6A000FAF7DCF848BB22A3D3E9002340464946E9
:10E6B000FAF7F2F838B31EA3D3E90023104619463F
:10E6C000CDE90023FAF730F9DDE900238146C7E9F7
:10E6D0000A234FF00108DCE649EC178B1F702C4B26
:10E6E000194FDFF8B09083ED007B13A3D3E900232B
:10E6F0004FF00108C7E90A23CBE60BA3D3E90023B7
:10E70000DFF89490E3E742464B46D7E7AFF300804B
:10E71000666666666666EE3FA09999999999A93FE3
:10E72000FCA9F1D24D62503F8DEDB5A0F7C6B03EC9
:10E730007B14AE47E17A843F000000E0E2361A3FE6
:10E740003C7D0020C40F002008110020D87F00204D
:10E75000D02F0020C82F0020CC2F00200AE81C4119
:10E76000C02F0020C42F0020D42F0020C87F0020FD
:10E770000411002000110020B47F00207C7E0020C6
:10E78000B07F0020487D00200AE89C405000002017
:10E79000E810002017B7D138BD3786352DE9F0478E
:10E7A000DFF80C813E4ED8E90001D6E90823F9F7DD
:10E7B0002BFC0D46A8F5A661D6E902230446D1E953
:10E7C0000001F9F721FC224606460F462B4620465B
:10E7D0002946F9F7D1FD324681468A463B46304606
:10E7E0003946F9F7C9FD0B46024651464846F9F746
:10E7F0000DFC41EC100B22F08FFD51EC100BFAF7E1
:10E8000093F807EE900AB2EE047A08F5AD63F4EEE1
:10E81000C77AF1EE10FA18600CDC08F2745108F5B2
:10E82000AE6208F26C5800230B601360C8F8003029
:10E83000BDE8F08747EC116B45EC104B22F052FC21
:10E8400051EC100BFAF770F800EE100AFCF7D2F951
:10E85000144A08F26C54F0EE407A54ED010A92ED3D
:10E86000000AC4ED007A22F0B7FDFCF7E3F9DFED12
:10E870000E6AD4ED007A0D4BB0EE407A77EEE67A70
:10E8800093ED000A08F5AE6337EEC00A83ED007A17
:10E89000FCF7D0F908F2745888ED000ABDE8F0875B
:10E8A000182D002004110020DB0F494088BD0020F6
:10E8B000C01B002010B5494A494B11781A78494CC1
:10E8C0008A42D4ED007A82B04DD047481970037A5D
:10E8D000224643F04003F0EE676A62ED017A03726C
:10E8E000424B1B78052B0DD00B2B0BD03E494048DB
:10E8F0000B7AC2ED007A002423F040030B7204600F
:10E9000002B010BD3B4B93ED067A93ED006AF1EE39
:10E91000005A27EE257AB4EEC76AF1EE10FAE5DD6B
:10E9200077EEE67A0192B0EE670ACDED007AFCF759
:10E9300081F9DDED007AB5EEC00AF1EE10FAB0EE25
:10E94000670A14D4CDED007AFCF774F99FED2A7AAA
:10E95000DDED007AB4EEC07AF1EE10FA12DCD4EDFF
:10E96000007A019AC2E7224672ED016AB8E7FCF725
:10E9700061F99FED227ADDED007AB4EEC70AF1EE7F
:10E9800010FAECDDB0EE670A22F074FE184A9FED33
:10E990001C7A52ED047A52ED016A60EE277A94ED0A
:10E9A000000AC2ED007A67EEA67AF4EEC77AF1EEBD
:10E9B00010FA08D49FED137AF4EEC77AF1EE10FA4C
:10E9C000D8BFB0EE677A30EE070A84ED000AFCF794
:10E9D00011F984ED000A02B010BD00BF452C0020E3
:10E9E000601100204C2100203C7D00204738002091
:10E9F0005421002044210020DB0F493FDB0F49BF99
:10EA0000920A06BF920A063F094BDFED0A7A93EDA0
:10EA1000007AD3ED086A27EE277A4FF47A70C7EEB2
:10EA2000267AFCEEE77A17EE903A00FB03F0704787
:10EA3000442100209999993F0F4B104AD3ED007A59
:10EA400092ED007A77EEC77AF5EEC07AF1EE10FA21
:10EA500001D5F1EE677A9FED0A7AD3ED106A67EE81
:10EA6000877A4FF47A7087EEA67ABCEEC77A17EEF3
:10EA7000103A00FB03F07047D83800200411002042
:10EA80009999993F264BDFF8A4C01A782548264962
:10EA900022F0040200B51A709A7822F008029A70E7
:10EAA0009A7822F004029A709A7822F002029A7000
:10EAB0001A7A22F040021A72DA7922F08002DA71B0
:10EAC000DA78C2F300028CF8002093F803C02CF02F
:10EAD000010C83F803C000F65C2C00F21C530022EA
:10EAE000CCF800201A6000F64C2C01F5AD6300F262
:10EAF0002C5ECCF800201A6001F2645C01F5026320
:10EB000000F67C70C1F8B022C1F8AC2201F61C01FD
:10EB1000CEF80020CCF8002002601A600A6000BD28
:10EB20003C7D002080110020803B002078110020D7
:10EB300010B5304C2DED028BB0EE408A94ED000AFA
:10EB400082B038EE400AFCF775F82B4B1B78012B8E
:10EB500003D002B0BDEC028B10BD284AD4ED007A80
:10EB600012780C2A38EE670A2AD00193FCF762F873
:10EB70009FED237AF0EE407AB0EEC00AB4EEC70AF9
:10EB8000F1EE10FA0FDD1F4A019B1370F5EEC07A0B
:10EB9000F1EE10FA2AD44FF07E521B4B1A6002B0ED
:10EBA000BDEC028B10BD9FED197A164BB4EEC70A6F
:10EBB000F1EE10FA11D500221A70B0EE670AC8E71C
:10EBC0001048114A03704FF07E51116002B0BDEC45
:10EBD000028BBDE81040FCF70DB81B78002BECD081
:10EBE000094BD3ED007A20EE270AB2E7084AB1EECE
:10EBF000400AD2E788BD0020B18E002047380020AF
:10EC0000C2B832405411002050110020E4CB16400D
:10EC1000000080BF414B03F5A662D2ED007A93ED70
:10EC2000007A67EEA77AB0EE006AE7EE077AB0EEF8
:10EC3000407AF1EEE76AF4EEC66AF1EE10FA63DDAF
:10EC4000374B93ED056AF6EE007AB4EEE76AF1EE23
:10EC500010FA59DB334A92ED1F6AF1EE047AB4EEF2
:10EC6000E76AF1EE10FA4FD800B52DED028B83B0B4
:10EC7000CDED016A8DED000A22F0BCFCB0EE408AB9
:10EC80009DED000A22F0F6FC254BDDED016AD3ED87
:10EC9000007A93ED016A9DED007A67EEC07AFFEE8F
:10ECA000005AE6EE087A87EEA66AB4EEE56AF1EE5F
:10ECB00010FA2DD4B7EE000AB4EEC06AF1EE10FAE5
:10ECC000D8BFB0EE460A8DED007A22F059FBDFED99
:10ECD000167A9DED007AB4EEE70AF1EE10FA17D439
:10ECE000DFED127AB4EEE70AF1EE10FAD8BFF0EEDB
:10ECF000407A37EE677AB0EE470A03B0BDEC028B7C
:10ED00005DF804EBFBF776BFB0EE470AFBF772BF86
:10ED1000DFED067A37EE277AEDE700BFA416002074
:10ED2000B8A00020E8A80020920A06BF920A063F79
:10ED300038B54E4B1A7855072DED028B27D54C4927
:10ED40004C4A4D4C91ED001A1278D4ED007A14ED36
:10ED50000B0AB1EE411A002A31D09FED487A77EEC6
:10ED6000C77AF2EE000A27EE800AA4F27451A4F6E4
:10ED7000A420FBF7D1FE94ED020AFFF74BFF04ED50
:10ED8000020ABDEC028B3E4B00221A6038BD9A7815
:10ED900014071DD4DA78D0072DD4DA795106F0D5CE
:10EDA0009A78520759D59B789B07EAD5354B1B7843
:10EDB000002BE6D1344B53F8182C1A60E1E7B1EE82
:10EDC0000C7A77EEC77AF7EE080A27EE800ACCE7CE
:10EDD000294C274A90ED147AD4ED007A92ED001A6E
:10EDE00014ED0B0AD0ED160A77EEC77AB1EE411A90
:10EDF00027EE800AB9E7254D254CA869F9F752FAA4
:10EE0000D4E90023F9F700F9F9F78EFD08EE100AAE
:10EE10002868F9F747FAA4F5A663D3E90023F9F7C0
:10EE2000F3F8F9F781FD00EE900A20EEA07A04F2E3
:10EE30009C54A8EE087AD4ED007AF1EEC76A77EE1A
:10EE4000A77AF4EEE67AF1EE10FA0AD4084B93EDC5
:10EE5000000A0D4B83ED000A93E70B4B1A691A6009
:10EE60008FE7B0EE480A22F0B7FAF2E73C7D0020C7
:10EE700088BD0020B18E0020442100200000704297
:10EE80009C430020452C00203C210020482C0020E1
:10EE9000C01B0020B04BD3ED1F7AB0EE007AF4EE29
:10EEA000C77AF1EE10FA5AD977EEC77AF0EE086A0F
:10EEB00087EEA67AF7EE007A77EEC77AF5EE005A7B
:10EEC000F4EEE75AF1EE10FAD8BFF0EE675AA34A13
:10EED000A349D2ED007AD1ED126AA24912ED137A5C
:10EEE0008878F4EEE67AF1EE10FAD4BFB0EE676AF5
:10EEF000B0EE666A000703D40B785B0740F19E8092
:10EF0000994B002243F8042BD3ED007A974A887876
:10EF10001346F3EC016A77EEE67A000767EE276A9C
:10EF2000C3ED007A66EEA57AC2ED027A02D40B78C0
:10EF30005B0717D58E4B002243F8042BD3ED007AE4
:10EF40008C4A1346F3EC016A77EEE67A27EE877A6D
:10EF5000C3ED007A27EE257A82ED027A7047F7EE4C
:10EF6000005AB4E7844902F22453D1ED016A93EDCB
:10EF7000005A02F66C22D2ED007A66EE266A65EE41
:10EF8000277A66EEA56A67EEA57AF1EE663AF4EEA8
:10EF9000E37AF1EE10FA00F1BD80F4EEE67AF1EEDC
:10EFA00010FAC8BFF0EE667A744B754993ED006AAB
:10EFB00093ED024A25EE065AA3F5A96291ED006A87
:10EFC000D2ED004A25EE255AE5EE064AB1EE446A36
:10EFD000F4EEC64AF1EE10FA08D4F4EEC44AF1EEAB
:10EFE00010FAD4BFB0EE646AB0EE446A77EE867A67
:10EFF000644B82ED006AF5EEC07AF1EE10FAC3EDD3
:10F00000007A00F18A8037EEE65AB5EEC05AF1EE8A
:10F0100010FA95DDF7EE004AB5EEC06AF1EE10FA8F
:10F0200001D5B1EE466A36EE456AF0EE667A26EE16
:10F03000246AC3ED006A82ED006A81E74E4852ED12
:10F04000157AD0ED006AA2F6CC2393ED005A66EE55
:10F05000266A65EE277A66EEA56A67EEA57AF1EE76
:10F06000663AF4EEE37AF1EE10FA50D4F4EEE67A72
:10F07000F1EE10FAC8BFF0EE667A404B4048D3ED8F
:10F08000004A90ED003A93ED024A25EE245AA3F689
:10F09000782225EE255AD2ED004AE5EE034AB1EE7C
:10F0A000445AB4EEE45AF1EE10FA08DCF4EEC44A25
:10F0B000F1EE10FAD4BFB0EE645AB0EE445A77EED7
:10F0C000857A314B82ED005AF5EEC07AF1EE10FAF6
:10F0D000C3ED007A30D477EEE64AF5EEC04AF1EEA1
:10F0E00010FA7FF713AFB7EE004AB5EEC05AF1EE53
:10F0F00010FA01D5B1EE455A35EE645AF0EE667A53
:10F1000025EE045AC3ED006A82ED005AFEE6F0EEE9
:10F11000637AB2E7F0EE637A46E7B1EE675A35EE0E
:10F12000665AB5EEC05AF1EE10FA7FF709AFF0EE6D
:10F13000636AFFEE004A6FE7F1EE674A74EEE64A53
:10F14000F5EEC04AF1EE10FA7FF7E0AEF0EE636A3A
:10F15000BFEE004AC9E700BFE8A8002064210020F4
:10F16000E82D00203C7D00209C160020A4160020E5
:10F17000CC1B0020D41B002058110020142100209B
:10F180007C210020D01B0020A01600202DE9F04398
:10F190002DED048B064683B0CA48CB4C02F092F9A1
:10F1A000B7EE007AC7EE007AC84BD6E90878D6E900
:10F1B0000201254604F5A66949E9027883ED000AB3
:10F1C000C34B44E90201C3ED007AF5E80223F8F7E6
:10F1D0001BFFF9F7A9FBD9E9002308EE100A286004
:10F1E00041463846F8F710FFF9F79EFB68EE087ABB
:10F1F00000EE100AE0EE007A04F5A76304F6B425E9
:10F20000F0EE480AB1EEE77A1860DFF8EC8204F617
:10F21000BC2785ED007A22F0DFF8FBF7EBFC87EDE9
:10F22000000AFFF747FB98ED1F8A95ED009A97EDCE
:10F23000007A04F6CC23D3ED008AA64B38EE088A78
:10F240001B78B4EEE88AF1EE10FAC8BF012504F687
:10F25000C824D8BF0025012BD4ED009A00F0AF8060
:10F26000B0EE470A8DED017A22F0C4F9B5EEC00A7E
:10F27000F1EE10FA9DED017AF0EE407A00F19980FE
:10F28000954CB0EE470AC4ED007A22F0F3F9B5EEE2
:10F29000C00AF1EE10FA00F18980002D8F4B84ED49
:10F2A000010A08BFB0EE688AB4EEC89A9A78F1EE07
:10F2B00010FA4CBF0121002161F382029A701A7882
:10F2C000D1074DD499789A78C1F3800161F3410256
:10F2D0009A70834C3046FFF72BFDFFF7DBFD814A28
:10F2E000814992ED001AD4ED000AA4F5A66393EDCE
:10F2F000000AB1EE411AB1EE400AA1F52E70FBF7FB
:10F300000BFC04F28C54794AD4ED006A92EDAC7A8D
:10F31000F1EE667AB4EEE77AF1EE10FA4CD4B4EE80
:10F32000E67AF1EE10FAC8BFB0EE667A6E4C82ED66
:10F33000AC7A94ED007AF4EEC77AF1EE10FA08DCBC
:10F34000B4EEE67AF1EE10FAD4BFF0EE477AF0EEC2
:10F35000667AC4ED007A03B0BDEC048BBDE8F0839F
:10F360009A78C2F3800152077BD5614A92ED017A07
:10F37000B5EEC07AF1EE10FA01D5B1EE477AD8EDCC
:10F38000207A9A7877EEA77AF4EEE97AF1EE10FA1D
:10F39000D8BFF0EE697AF4EEC77AF1EE10FACCBF7E
:10F3A0000121002161F341029A7092E7B1EE400A17
:10F3B00073E7F1EE407A63E7B0EE677AB6E7002DC7
:10F3C000464B08BFB0EE688AB4EEC89A9A78F1EE60
:10F3D00010FA4CBF0121002161F382029A701A7861
:10F3E000D40743D499789A78C1F3800161F341023C
:10F3F0009A703E4C3F4E04F502620023B0EE470A7D
:10F400001360C4F8B032FFF705FC364BF0EE407ADB
:10F4100093ED000AC6ED007A37EEC00AFBF70AFC4E
:10F4200096ED0B7A96ED0C6A27EE000AF1EE477A1C
:10F43000C0EE066AF4EEE67AF1EE10FA08DCF4EEBD
:10F44000C76AF1EE10FAD4BFF0EE667AF0EE477AB2
:10F4500004F5AD64C4ED007A03B0BDEC048BBDE8E7
:10F46000F0839A7861F341029A7032E79A785007F4
:10F47000C2F380011ED51E4AD2ED016AF5EEC06AC4
:10F48000F1EE10FA1BD4D8ED207A9A7877EEA77AAD
:10F49000F4EEE97AF1EE10FAD8BFF0EE697AF4EE04
:10F4A000E67AF1EE10FACCBF0121002161F34102AE
:10F4B0009A709EE79A7861F341029A7099E7F1EEAB
:10F4C000666AE0E748110020901600207C210020A9
:10F4D00078210020B18E0020581100203C7D0020B2
:10F4E000DC1B002088BD0020E8400020803B00207D
:10F4F000D83800203C210020E8A8002010B5514B4E
:10F50000514C187882B01B2114F0E8FEE1784F4A84
:10F5100021F00101E170E17921F00801E171E17868
:10F52000104621F010010023E17040F808392178DD
:10F53000036021F08001464842F8103C42F8303C1C
:10F5400042F82C3C42F8283C42F8183C42F8243C53
:10F550002170404B00210170FF223F481A700022A9
:10F560000023C0E900233D48C0E900233C4B3D484F
:10F570001970682226F0DAF8A07A3B4B3B4A00214A
:10F58000C3E9001199600307C2E90011916055D4E5
:10F5900000F068FD9FED360A8DED010A0AF02EF9A4
:10F5A00021789DED010A334B334A83EDAC0A21F0FB
:10F5B00004012170A17882ED000A21F00801A170F8
:10F5C000A17802ED040A21F00401A170A17883ED75
:10F5D000AB0A21F00201A170217A284821F04001F4
:10F5E0002172E17921F08001E171E178C1F300013C
:10F5F0000170E178224821F00101E17002F5A66C6A
:10F6000002F5A46403F5AD6102F5256284ED000AFC
:10F6100081ED000A03F2645403F5026182ED000AF1
:10F6200003F61C030A228CED000A84ED000A81ED2A
:10F63000000A83ED000A027002B010BD00F0FEF96E
:10F64000A6E700BF709000203C7D002054210020E0
:10F65000452C00206011002068110020701100204E
:10F66000D4210020482C0020D8210020E8210020AF
:10F6700000000000803B0020AC1600207811002024
:10F680004738002070B51C4B1C4C93F99DC24FF0BD
:10F69000000EA4F800E0BCF1000F26D0184D03F2D4
:10F6A000AE237046724604E00132624503F129033D
:10F6B00017D093F828100729F6D1092816D81E6804
:10F6C000D3F804E045F8306005EBC00101320130A9
:10F6D0006245C1F804E080B24FF0010E03F1290346
:10F6E000E7D1BEF1000F00D0208070BD01329445FB
:10F6F000F7D02933D8E700BFB8810020802100204F
:10F70000842100201B4BDFED1C7A93ED007A2DE95C
:10F71000F04FB4EEE77AF1EE10FADFF868E083B06C
:10F720000CDD9EF80A301B0708D49EF8053043F024
:10F7300020038EF8053003B0BDE8F08F0F4BB3F80F
:10F7400000C0BCF1000F1FD10D4A9EF8053092EDAC
:10F75000007AD2ED0E7AB4EEE77AF1EE10FACCBF71
:10F760000122624662F345138EF8053003B0BDE80E
:10F77000F08F00BF041100200000F0428021002023
:10F78000282100203C7D0020AA4BAB4A0CF1FF3120
:10F79000D3E91C0652F8313014689842ACBF0027F8
:10F7A0000127A042ACBF00250125AF42B046A346C9
:10F7B000A9460FD002EBC1011D1B4B6851685B1AB3
:10F7C000011B01FB03F3516893FBF5F30B449E42CD
:10F7D000C0F22D8101230021BCF1010F00F01E8138
:10F7E00094680194A042ACBF0025012581F001037B
:10F7F000A945DBB2AA4610D0D7685668ABEB040522
:10F80000F61B041B04FB06F494FBF5F43C44A045F2
:10F81000B6BF0C461C4619462346BCF1020F00F049
:10F82000FD801469A042ACBF0025012581F00103D1
:10F83000AA45A346DBB2A94610D05769019DD668F8
:10F840002D1BF61B041B04FB06F494FBF5F43C444F
:10F85000A045B6BF0C461C4619462346BCF1030F13
:10F8600000F0DC8094690194A042ACBF0025012522
:10F8700081F00103A945DBB2AA4610D0D7695669C9
:10F88000ABEB0405F61B041B04FB06F494FBF5F438
:10F890003C44A045B6BF0C461C4619462346BCF165
:10F8A000040F00F0BB80146AA042ACBF0025012504
:10F8B00081F00103AA45A346DBB2A94610D0576ADE
:10F8C000019DD6692D1BF61B041B04FB06F494FB5B
:10F8D000F5F43C44A045B6BF0C461C4619462346E9
:10F8E000BCF1050F00F09A80946A0194A042ACBF6D
:10F8F0000025012581F00103A945DBB2AA4610D0FD
:10F90000D76A566AABEB0405F61B041B04FB06F42E
:10F9100094FBF5F43C44A045B6BF0C461C46194682
:10F920002346BCF1060F79D0146BA042ACBF002572
:10F93000012581F00103AA45A346DBB2A94610D0F8
:10F94000576B019DD66A2D1BF61B041B04FB06F4A6
:10F9500094FBF5F43C44A045B6BF0C461C46194642
:10F960002346BCF1070F59D0946B0194A042ACBF61
:10F970000025012581F00103A945DBB2AA4610D07C
:10F98000D76B566BABEB0405F61B041B04FB06F4AC
:10F9900094FBF5F43C44A045B6BF0C461C46194602
:10F9A0002346BCF1080F39D0146CA042ACBF00252F
:10F9B000012581F00103AA45A346DBB2A94610D078
:10F9C000576C019DD66B2D1BF61B041B04FB06F424
:10F9D00094FBF5F43C44A045B6BF0C461C461946C2
:10F9E0002346BCF1090F19D0D2F848C08445D4BFD2
:10F9F0000024012481F001034C45DBB20ED0A0EBC2
:10FA00000C04D06C526C121AABEB0C0C04FB02F21F
:10FA100092FBFCF202449045B8BF0B469EF80520CD
:10FA200063F345128EF8052003B0BDE8F08F002384
:10FA30000121D1E6E8A800208421002008B540F685
:10FA4000512200212C4825F071FE2C4A2C490346F6
:10FA50004FF0000E2120A2F800E004221A709872E4
:10FA60006FF0150298742648DFF8A8E0C3F801107B
:10FA70004FF0170C6FF008011A73C3F86B001A757A
:10FA80002048214A83F809C083F811C0D972DFF8F1
:10FA900088C0D974C3F842E01C49DFF880E0C3F89D
:10FAA0006F00C3F81D00C3F867201948C3F8902001
:10FAB0006FF01F02C3F83EE0C3F819C0DFF844E05E
:10FAC000C3F83A10C3F86310C3F894006FF07701DD
:10FAD0005420DA73DA75DFF848C0C3F846E05822DC
:10FAE000C3F88CC058735875997399751A741A763F
:10FAF000C3F898E008BD00BF558400208021002095
:10FB00000000C84200002041D5C8E058BA55F7EAC5
:10FB100000007A43000016430000A0415488E058DA
:10FB20001721F7EA38B5264B1A78530600D438BDAA
:10FB3000244D254C6A6BAA6301F0B4FC234A0021D2
:10FB4000D0626422204625F0F1FD1D4BD5E9360137
:10FB50005A78C4E9010122F04002D5E93C015A700B
:10FB6000DA78C4E907011A481A4922F01002DA705B
:10FB7000027807EE902A0A686264D5F8E82062618C
:10FB80001A78D5F8D01044F8041C42F080021A709C
:10FB90001A7AF8EE677A062542F08002C4ED127AEE
:10FBA0001A7284F8605003F0C5FD0221084608F07F
:10FBB00091FF28460221BDE8384008F08BBF00BF06
:10FBC0003C7D0020E8A800201C2D0020B82E00203D
:10FBD00089810020642100202DE9F04F244CE37836
:10FBE000DB0683B002D503B0BDE8F08F214D95ED63
:10FBF000007B05F5A66359EC178B93ED007B42461D
:10FC00004B46404649465BEC17ABF8F7B5FB52460E
:10FC100006460F465B4650465946F8F7ADFB02468E
:10FC20000B4630463946F8F7F1F941EC100B21F05C
:10FC300073FB05F6CC238DED000B1868F8F744FB39
:10FC40009DED000B02460B4651EC100BF8F724FE1D
:10FC50000028C8D0084BC3E90289C3E908AB03F008
:10FC600069FDE37843F01003E37003B0BDE8F08F63
:10FC70003C7D002090160020B02C00200023B1EB2A
:10FC8000030C18BF4FF0010CC0E90012437280F85A
:10FC900008C01946292001F075BC00BF10B5044604
:10FCA000292001F0C5FC78B1637A73B1012B07D12B
:10FCB000D4E9002191421CDC114900220A70227211
:10FCC000B3FA83F35B09637210BD0E4B1B7ADB0939
:10FCD00001D0237A1BB90A4B1B78002BF0D0216886
:10FCE000292001F04FFC637AB3FA83F35B09637256
:10FCF000EAE7891A292001F045FC637AE0E700BFB2
:10FD0000D42100203C7D0020074A0849137891F94E
:10FD10009D120133DBB28B421370C4BF00231370FA
:10FD2000034B05221A707047452C0020B881002033
:10FD30004738002008B50B4B1B78012B05D00A492A
:10FD40000A486822F8F768FF08BD094B5A7A52063C
:10FD5000F5D5DB78DB06F2D5064904486822F8F7CA
:10FD60005BFF08BDB18E0020182D0020E82D00207B
:10FD70003C7D0020B02C00202DE9F843474D484C35
:10FD80002DED048BD4E90023D5E90201F8F73CF905
:10FD900004F5A664D4E9002306460F46D5E9080118
:10FDA000F8F732F93246804689463B4630463946B6
:10FDB000F8F7E2FA424606460F464B4640464946A9
:10FDC000F8F7DAFA0B46024639463046F8F71EF9DC
:10FDD00041EC100B21F0A0FA51EC100BF8F7A4FD48
:10FDE000304B93ED247AF6EE007AB4EEE77AF1EE3A
:10FDF00010FA06EE900A3FDDC6EE877A2A4A2B4BB0
:10FE0000D5E90E459FED2A7AD2ED008AD3ED006A3E
:10FE1000B4EEE77AF1EE10FAD4BFB0EE478AB0EE56
:10FE2000678AF0EE687AE8EE667A17EE900AB0EE2E
:10FE3000679AF8F749FA02460B4620462946F8F732
:10FE40000DFD88B91B4BD3ED007AE8EE278A18EE3A
:10FE5000900AF8F739FA02460B4620462946B0EEDA
:10FE6000689AF8F719FD50B1B0EE490ABDEC048B61
:10FE7000BDE8F84309F0C2BC66EEA77ABEE72046AB
:10FE80002946F8F751FD09EE100AB0EE490ABDEC1B
:10FE9000048BBDE8F84309F0B1BC00BFE82D002099
:10FEA00090160020E8A8002004110020C43800208B
:10FEB0000000F042C0380020F0B55C4B5C4A197875
:10FEC000147883B0002900F082805A495A4F0C7090
:10FED0000020187097F99D329C427EDC002C7DD06A
:10FEE00004EB840604EBC6063E4406F52A73019330
:10FEF000D6F8AE02514D1DF063FA85ED020B019B61
:10FF0000D3F80A001DF05CFA4D4953EC102BD1E9EF
:10FF10001401F8F731FAC5E90801D6F8B602F8F786
:10FF2000D3F9C5E90E01D6F8BA32AB6496F8D632E9
:10FF3000D6F8BE22434E85F86430032B08BFF37811
:10FF4000EA6404BF43F00103F37004EB840304EBA1
:10FF5000C3043B1904F532742744D3F8C202D7F81E
:10FF60000610D7F80A202865D3F8C6026865D3F8CA
:10FF7000CA32AB65E9652A66B37A1B0725D42F4DD3
:10FF8000D5E90E670022002330463946F8F766FCB3
:10FF9000002838D12C4B002230463946F8F77CFC3B
:10FFA00070BB95ED157AB5EEC07AF1EE10FAC5E9A1
:10FFB0000E672BD4DFED257AB4EEE77AF1EE10FA76
:10FFC000D8BFF0EE477AC5ED157A03B0F0BD1949F8
:10FFD0000878A0427FF47AAFF7E710701C4B194EF7
:10FFE0001B78012B15D01B4914486822F8F714FE22
:10FFF000F378194A052123F001031170F370BBE770
:020000040801F1
:10000000114F0026CDE700260027CAE7DFED137A5F
:10001000D9E7737A5906E6D5F378DA06E3D51049BD
:1000200006486822F8F7F8FDE2E700BF5400002018
:10003000452C002053000020B8810020E82D00202E
:10004000E8A800203C7D002000005E400000F04257
:10005000B18E0020182D002047380020000000003D
:10006000B02C0020F8B5FFF727FF284F284C294E69
:10007000294D14E0072B3FD1284A2949137891F9DB
:100080009D0228490133DBB283421370C8BF0020B0
:100090004FF00503C8BF10700B70FFF70DFF97F806
:1000A0006430DA1E012AE5D8042B1F4A4FF0000104
:1000B0004FF029000CD0EB7897ED027BD7E90801CF
:1000C00043F0010382ED027BC2E90801EB70D3E744
:1000D000D7E91732B3F1000C18BF4FF0010C4FF005
:1000E000000EC4E9003284F809E084F808C001F089
:1000F00049FA237A3370BFE7D7E90E01F8F714FC09
:10010000BDE8F84000EE100A09F078BBE82D0020A9
:10011000E8210020D42100203C7D0020452C002037
:10012000B881002047380020482C002070B52A49AB
:1001300091F90040002C40DD40F651222748284D1F
:10014000F8F76AFD0022274BDFF8A8E02A80164660
:10015000104604E00132A24203F1290317D293F8BA
:1001600028100729F6D1092822D81E68D3F804C020
:100170004EF830600EEBC00101320130A242C1F8EE
:1001800004C080B24FF0010603F12903E7D306B1A2
:10019000288040F6512200210F4825F0C7FA124965
:1001A000124A01230B701370BDE870400AF0D2BEF2
:1001B00001329442EBD92933CCE740F65122002199
:1001C000064825F0B3FA064A034600210848C3F85A
:1001D00001001180DDE700BFF421002055840020DC
:1001E0008021002066840020B0810020540000207F
:1001F0000000C84284210020094BDB781B070ED584
:1002000010B40848084C094A0949126800232360C1
:100210000360084B002010BC08801A6070477047CC
:100220003C7D0020742E0020702E0020782E0020AF
:10023000582E00207C2E002030B52DED028B83B08F
:1002400001F06CF8132001F0F3F918B903B0BDEC1C
:10025000028B30BD1421132001F094F9C24801F043
:1002600031F9C24BDB781B07B0EE408A40F1DF81E9
:10027000BF4AC04BD2ED007AD3ED006A9FEDBE7A43
:1002800077EEA67AF4EEC77AF1EE10FA00F1FD806F
:10029000BA4BB7EE007AD3ED006AF4EEC77AF1EE0E
:1002A00010FAF5EEC06AD4BFB0EE676AB0EE476AE6
:1002B000F1EE10FAB0EE467A40F3D7819FEDB07AB6
:1002C000DFEDB05AC6EE877A9FEDAF7A67EEA57A7A
:1002D00067EE867A77EEA77A87EE870AB5EE400A50
:1002E000F1EE10FA00F10282B1EEC07AA74B1B7852
:1002F0009FEDA76A27EE277AC7EE065A002B00F07B
:10030000EA8007EE903A9FEDA36AF8EE677A27EE4F
:10031000866AF5EEC06AF1EE10FA85EE867A40F252
:10032000D6819D4B1D46DFED9D5A93ED006A66EE2A
:10033000A55AF4EEC65AF1EE10FA40F3B281DFEDA1
:10034000986ACDED017A26EE266A8DED007AC6EE2A
:10035000257A17EE900AF7F7B7FF02460B4680A101
:10036000D1E90001F7F750FEF8F7DEFA9DED007ACB
:10037000DDED017A06EE900A66EEA77AF0EE678A66
:10038000884B894A1B785BB1D2ED007AF5EEC07AD2
:10039000F1EE10FA04DD854B1B78052B00F01E8171
:1003A000834BF7EE007AC3ED007AB0EE670A0023C4
:1003B000DFED807A002B08BFF0EE407AD5ED006AC1
:1003C0009FED7D6A7D4C7E4B94ED000A009267EEB6
:1003D000085AF0EE470AE5EE866AB5EE001AC3ED5C
:1003E000007AC5ED006AFAF73BFB764BF0EE407AF7
:1003F000F0EE481A93ED000AC4ED007AF0EE680AB8
:10040000B7EE001AFAF756FC009A6E4BD2ED007A5E
:1004100083ED000AB4EEE70AF1EE10FA6ED8F5EEBD
:10042000C07AF1EE10FA69DD6449504AD1ED006AF4
:10043000DFED657A1378F4EEE76A43F02003F1EE1E
:1004400010FA137053DD4D4BD3ED007AF5EEC07A00
:10045000F1EE10FA4BDD95ED007A9FED5C6A5C4B96
:1004600077EEC77A9FED447AB4EEE77AF1EE10FAB0
:10047000D8BFB0EE677A27EE067AC7EE267AFCEE92
:10048000E77A17EE902A1A80E0E63C4BD3ED006A3B
:10049000F5EEC06AF1EE10FA40F3E7809FED386A9E
:1004A000DFED385A9FED385A384BC6EE867A1B7806
:1004B0009FED376A67EEA57A67EE877A77EEA77ABF
:1004C000C7EE855AB1EEE57A67EE277AC7EE865A0F
:1004D000002B7FF416AF9FED3F6AF0EE087A85EEB1
:1004E000867A1EE7214A137823F020031370384BD5
:1004F00000221A8003B0BDEC028B30BD1F4B95ED7E
:10050000007AD3ED007AB4EEE77AF1EE10FA8BDCE4
:10051000F5EEC07AF1EE10FAE4DD2F4B274AD3ED69
:10052000006A1249B7EE006A36EE666AD2ED006ADA
:100530000B7826EE276AB4EEC67A9FED236AF1EEB9
:1005400010FAC8BF0122F4EEC66AD8BF002262F3D7
:100550004513F1EE10FA0B703FF77FAFC7E700BF0E
:10056000CDCCCCCCCCCC1040502E00203C7D0020FB
:10057000B0380020C8380020000000005C2E0020A9
:100580000000FA440AE81C41D03EFE3C5C0000201A
:100590006666A63ECDCC6C40702E0020CDCC4C3D86
:1005A000CDCC4C3EB08E0020682E0020387D00203F
:1005B000580000209A99993FE4388E3E742E00200E
:1005C000A40000207C2E0020CDCCCC3D6666664089
:1005D000582E00209A993141F00000205349544B85
:1005E000D1ED000A93ED000A9FED521A0192C0EE80
:1005F000A80AF0EE481A8DED007AFAF75BFBF7EEE9
:10060000007A4B4B9DED007A019A83ED000AB4EE1F
:10061000E70AF1EE10FA3FF5D1AEDFED477AB4EE1E
:10062000E70AF1EE10FACCBF01230023C0E6012057
:1006300003F02EFE414B424AD3ED007A414B424D2E
:10064000187830EE677AD2ED007A27EE277A8DEDB2
:10065000007A03F01DFE3D4B9DED007AD3ED007A4C
:1006600060EE277AF0EE678A8AE69FED396ADFED61
:10067000397A394B27EE067A1B789FED386A37EEC8
:10068000077AC7EE275AF1EEE57A67EE877AC7EE6A
:10069000865A002B7FF435AE9FED316AF0EE087A72
:1006A00037E69FED305A26EE855AB4EEC56AF1EE74
:1006B00010FA10D59FED2C5A36EE656A66EE855A13
:1006C000F1EE006A86EE255A76EEC56A54E6DFED55
:1006D000276A1D4D50E636EE456AF0EE086A26EEB2
:1006E000266A86EE255A76EEC56A45E6CDED016AA4
:1006F000CDED007A20F056FF174BDDED007A9FED2F
:10070000177A1B78DDED016A60EE277AC7EE875A0B
:10071000002B3FF4E0AE07EE903A9FED156AF8EE3D
:10072000677A27EE866A85EE867AFAE5782E0020CB
:1007300058000020CCCC4C3D9A99993F602E002067
:10074000642E0020F0750308702E00206000002049
:100750000AE81C41D03EFE3C5C0000206666A63ED6
:100760009A9931413333733F6666663F66668640C9
:10077000CDCC6C4005480649064A074B0B604FF04C
:10078000030C80F800C01360704700BF5C000020BD
:100790007C2E0020782E00209A9949412DE9F843BB
:1007A000444BDFF85891187812212DED048B13F08B
:1007B00095FD414B4149D3ED007A414A0968D27811
:1007C0004048C9F80010B6EE087A3F4967EE877ACC
:1007D0004FF07E540460C1ED007A3C483C49002350
:1007E0000B6003603B4B0021198013070BD53A497E
:1007F0003A4A3B4BC9F8003003200870BDEC048B2B
:100800001360BDE8F883374B374F93F80080334DC2
:10081000364E9FED378A9FED379A404603F038FDFC
:10082000D7ED007A67EE807A0120C5ED007A03F0FB
:100830002FFDC82486ED000A052000F039FE404651
:10084000D5ED008A03F024FDD7ED000AB0EE001AC2
:1008500060EE200AF0EE481AB0EE680AFAF72AFABB
:100860000120D6ED008A85ED000A03F011FDF0EEBF
:10087000481AF0EE400AB0EE491AB0EE680AFAF7EC
:1008800019FA013CA4B286ED000A002CD4D195EDF2
:10089000007ADFED196A104A89ED007AC7EE267AF0
:1008A000FDEEE77A17EE903A1370BDEC048BBDE8CD
:1008B000F88300BF709000205C2E0020682E00207E
:1008C0003C7D0020A40000206C2E0020702E002013
:1008D000742E0020582E00205C000020782E00206E
:1008E0009A994941F075030860000020602E0020AD
:1008F0000AD7A33B00004843CDCC6C407C2E00209F
:1009000070B51A4B0546D879C30694B02AD50C4663
:100910001646012000F09AFE0028FAD06BBAADF816
:100920000C304CB132460DF10D03301912F9011B98
:1009300003F8011F9042F9D10D49A31C03AA0092AC
:1009400091F83410DBB2FF2203200BF063FA00F0C1
:10095000010441F288320023012000F01FFE2046EE
:1009600014B070BDC0F30014F3E700BF3C7D00205D
:1009700008760308F0B5194BDC791346E20685B01A
:1009800021D5174C1F460E46054600F0C7FCD4E99A
:10099000022390429941F8D3124A92F8344003ABB3
:1009A0006ABA0093ADF80C200223FF2221460320EF
:1009B0000BF030FAFF2203200097F3B221460BF030
:1009C000A7F905B0F0BD0029FBD00A461846FF2163
:1009D00005B0BDE8F04024F0A9BE00BF3C7D00207A
:1009E000782F002008760308024B1878003818BFCB
:1009F00001207047B42E0020C84ADFEDC90AD2EDAD
:100A0000007AF4EEE07AF1EE10FA40F2BC802DE9C3
:100A1000F0412DED028BC34B1B7888B0F0EE401AED
:100A2000002B00F0A180022B00F04782032B00F086
:100A30006481012B40F03F82BB4DAA7A910704D418
:100A4000BA4A1278002A40F0A183B949B94EDFF8BA
:100A50000883B94FB94A92ED007AFAEE086AB4EE0B
:100A6000E67AF1EE10FA00F3C382F0EE046A27EEA4
:100A7000667A77EE877AD1ED006A96ED007AF4EE29
:100A8000E67AF1EE10FA07DDD7ED007AF4EEC77AD8
:100A9000F1EE10FA00F32E8171EE877AC6ED007A3E
:100AA000EA79920703D52A78540640F16B83A44A69
:100AB00092F83210022903D9A979C90600F1E4821B
:100AC000B0EE007AF4EEC77AF1EE10FA40F16682E9
:100AD000B6EE007A67EE877A9FED9A7A67EE877AAC
:100AE000F0EE678AB1EE678A2A78520640F13582C5
:100AF000DFED8B0A9FED931AB0EE600ACDE900306E
:100B0000FAF7D8F8904ADDE9003092ED001AF0EEDD
:100B1000407AB0EE670AF0EE480A009388ED001ABA
:100B20000190FBF795FED7ED007A884B884A1A6052
:100B3000B1EE047A77EE877A96ED007AF4EEC77A12
:100B4000F1EE10FA1E46009B17D8DFED827AF4EE24
:100B5000E78AF1EE10FA10D8744A0198002111705A
:100B6000704902220A70ABE1714991ED007AF4EE0E
:100B7000C77AF1EE10FA09DD0023184608B0BDEC83
:100B8000028BBDE8F081002318467047DFF8DCC116
:100B9000DCED156AF4EEE67AF1EE10FAC8BFF0EE7D
:100BA000676A37EEA66AB4EEC67AF1EE10FAE3D4BD
:100BB0005D4C94F80AC01CF0020F254600F01B8221
:100BC000DFF8A4C19CF800E0BEF1000F3FF435AFA0
:100BD000F4EEC70AF1EE10FAD4BFF0EE477AF0EE69
:100BE000607A77EEE67AB2EE086AF4EEE70AF1EEA2
:100BF00010FAC8BFF0EE607A87EE867A8CF8003083
:100C000094F801C0009363F3861C84F801C0DFF8F8
:100C100038C1484BDCF800E0DFF854C103901E46B1
:100C20000191DCED004ADFF84CC1C3ED000AB3EEE0
:100C3000056AB4EEC76A9CED005A474BDFF838C12D
:100C4000C3F800E0F1EE10FAD8BFB0EE467AF1EE4C
:100C5000005A37EE257A9846DCED005A364BDFF81D
:100C60001CC183ED007A9CED006ADFF814C18DEDA4
:100C7000020A1F46394BCCED004AC3ED000A8CED49
:100C8000015ACCED025A8CED036A354BDFF8F4C003
:100C9000C3ED000ACCED006A324BDFF8ECC0C3EDC7
:100CA000000ACCED007A04F005F9FDF7EBFEDFF861
:100CB000DCC0009B8CF800301C4B94F80AE0174A0B
:100CC0000199DDED021A03984FF0010C83F800C082
:100CD000144B1EF0020F83F800C040F0A48263465C
:100CE00096ED007AD7ED007AB4EEE77AF1EE10FADD
:100CF0007FF5D2AE87ED007ACEE60B4CA37A99074A
:100D00002546C3F3400243D46378064916480A7067
:100D100062F386130122027063702DE764000020E5
:100D200000000000B42E00203C7D0020A02E0020FA
:100D3000001100209C2E002068000020C42F0020FD
:100D4000E8A80020920A863F88BD0020B038002025
:100D5000CDCC0C3F35FA8E3C842E0020902E002006
:100D60008C2E0020C83800206C000020182D002098
:100D7000C00F0020BC0F0020B80F0020B40F0020CF
:100D8000A42E0020982E0020942E0020882E0020D3
:100D9000A34BDFEDA47A93ED000ACDED001AA1EE8E
:100DA000A70A0290CDED010AF9F724FF9C4BDDED77
:100DB000010A0298B0EE401A9FED9B0A83ED001ADB
:100DC000FBF746FD99499A4A9A4BD1ED005A92EDAC
:100DD000007A9949D3ED0B7A91ED006ADDED001AA6
:100DE000C3ED095A35EEC77AF1EE466A67EE277A07
:100DF00083ED0A7AF4EEE67AF1EE10FAC3ED117A99
:100E000008D4F4EEC67AF1EE10FAD4BFF0EE676AB9
:100E1000F0EE466A894B8A4993F83200C1ED006AC8
:100E2000022816D9A879C20613D5DFED867A93ED8C
:100E3000237AB4EEE77AF1EE10FA0AD5DFED827A82
:100E4000F4EEE67AF1EE10FAD8BFF0EE667AC1ED74
:100E5000007A7E49CDED001A7D4BD1F898121960C9
:100E600002F09EF9DDED001A002840F0A581794BD3
:100E70006F4AD3ED007AF5EEC07AF1EE10FA00F188
:100E8000D681B6EE007AF4EEC77AF1EE10FA0FD5FD
:100E9000D2ED007AF5EEC07AF1EE10FA00F184811D
:100EA000B6EE007AF4EEC77AF1EE10FA00F1848122
:100EB000694B00221A6001235FE6684D644E0123EE
:100EC000674A4FF07E51D2F800C0C0F800C03160D0
:100ED000516841609168D2688160C260EA79940784
:100EE00003D52A78520640F15681014604A80093A2
:100EF000FBF73CFCDDED067ADDED056A9DED077A3A
:100F00009FED586A009B67EEA77AE6EEA67AE7EEB9
:100F1000077AF4EEC67AF1EE10FA7FF52EAE524A59
:100F2000117841B1E9798F0705D529784C06C1F3CD
:100F3000801040F164816B784C4A4D494D4C92EDE4
:100F4000000A43F0400300226B7022700A7008F020
:100F500055FC494B1B6833600EE6DFED480A9FEDF8
:100F6000481ACDED011AB0EE600ACDE90230F9F76A
:100F7000A1FEDFED2C6A98ED007ADDED011A8DED12
:100F8000000AA1EEA67AB0EE470AF9F733FEDDE9D2
:100F90000230DDED007AB0EE401ABAE5F1EE006AFB
:100FA000F4EEE67AF1EE10FA29D497ED007AB4EE79
:100FB000E77AF1EE10FA00F3F280F1EE046A37EE10
:100FC000266AB4EEE76AF1EE10FA40F3138177EE89
:100FD000C77AB7EE007A87EEA66ADFED2A6A77EE67
:100FE000467A67EEA67AF0EE678AB1EE678A7BE50D
:100FF000B3EE0E7A3DE51E4A012111701DE577EE34
:10100000C77AB6EE007A27EE677ADFED1C6ADFED6D
:101010001C7AE7EE267AF0EE678AB1EE678A63E51E
:10102000842E0020960A063FC7B8B23E80380020C2
:10103000C42F0020D838002094000020E8A8002009
:10104000C8380020CDCCCC3D00000000B881002085
:10105000B038002004110020802E00203C7D0020AC
:10106000A42E002017B7D13B882E0020982E0020F8
:101070006C000020B42E002004300020920A863E2E
:10108000920A863FDB0F493F97ED007AF4EEC77A6C
:10109000F1EE10FA7FF514AD6949D2ED230A91ED16
:1010A000000ACDED001AB1EE046A81EE861ACDE990
:1010B00001308DED036AF9F7D3FC624ADDED001AC9
:1010C000D2ED236A604A9FED617A92ED005A97ED66
:1010D000003A5B49A1EEA65ADDE9013082ED005AE3
:1010E0005B4A81ED000AD2ED006AF7EE007A76EEF7
:1010F000C56AF4EEC07AF1EE10FAB4EEE67AD4BF27
:10110000F0EE405AF0EE675AF1EE10FAD4BFB0EEAE
:10111000665AB0EE475A85EE257AD6ED007A37EE5C
:10112000277AB0EE084A37EE047AF3EE0E4AF4EE70
:10113000C74AF1EE10FAD8BFB0EE647AB4EEC37AC3
:10114000F1EE10FA65EE843A13D59DED036A37EEA1
:10115000866AB4EEC76AF1EE10FAC8BFB0EE467AFE
:10116000B4EEC76AF1EE10FAD8BFB0EE476A87ED69
:10117000006AF4EEE36AF1EE10FA3FF6A1ACC7EDB7
:10118000007A9DE4334A0121117090E4324EDFF879
:10119000EC80324FA4E52F4A01211170A5E69FEDA6
:1011A000308ADFED308A9FE4BEEE007AF4EEC77A33
:1011B000F1EE10FA7FF77CAE2B4B93ED007A71EED7
:1011C000871AF7EE087AF4EEE71AF1EE10FAC3ED9B
:1011D000001A7FF770AE6B78244A254C002060F32C
:1011E000861310706B70207002F0B0F8214B04224F
:1011F0001A70C1E49FED208ADFED148A74E4DFF8F1
:1012000084C01E49DCF800C0174BC1F800C01C495F
:10121000107000221A600A6003F04CFE144B032287
:101220001A70009BA9E4D2ED007A634612E4BEEE88
:10123000007AF4EEC77AF1EE10FA3FF729AE37E6FE
:10124000902E0020E8A800208C2E00200000000036
:10125000942E0020882E00209C2E00206800002064
:10126000DB0F49BFDB0F493F802E00206C000020C0
:10127000B42E0020387D002000000080842E002045
:10128000C838002088BD00201248827A22F002026D
:1012900010B48272104A114C11484FF0010C002317
:1012A00082F800C000210F4A217003600E4C0F48E5
:1012B00010600F4A21700F4C13600F480F4A2360D3
:1012C0000F4C036013600F480F4A217010BC03607D
:1012D000136070473C7D00206C000020B42E00207D
:1012E0009C2E002068000020A02E0020CAF2497128
:1012F000942E0020982E0020902E00208C2E00206E
:10130000882E0020842E0020802E0020704700BFF1
:10131000014B00221A707047B52E00202DE9D048ED
:101320001B4985B04FF0E02408680190A0690023B4
:101330000246CDE9022300BF019E08688642F3D130
:10134000144B019CD3E9006779017001801B41EACD
:10135000D66161EB0701890041EA90718000801934
:10136000DDE902BC41EB0701C90041EA5071C00050
:10137000B0EB0B00D3E9002361EB0C01F7F732FC73
:101380004FF47A73E4FB030105B0BDE8D08800BFD9
:10139000B4430020A02F00202DE9F04F3F4E8BB02A
:1013A00007464FF0E02C31680491DCF81810002358
:1013B0000A46CDE9062300BF049831688842F2D17D
:1013C000DFF8DC90DDF81080D9E900014B01420123
:1013D000121A43EAD06363EB01039B0043EA927362
:1013E00092001218DDE906AB43EB0103DB0043EA90
:1013F0005273D200B2EB0A0063EB0B01D9E9002370
:10140000F7F7F0FB10EB070A4FF47A7341F1000B8A
:10141000E8FB03AB03934FF0E02733680593BB6908
:1014200000251C46CDE9084500BF059A33689A425D
:10143000F3D1DDF81480D9E900234FEA431C4FEAC9
:10144000421EBEEB020EDDE908014CEAD26C6CEBE9
:10145000030C4FEA8C0CCDE900014CEA9E7C4FEA6C
:101460008E0E1EEB020E00994CEB03034FEACE02E8
:10147000501A4FEAC303019A43EA5E7363EB020119
:10148000D9E90023F7F7AEFB039BE8FB03015045C6
:1014900071EB0B01C1D30BB0BDE8F08FB44300205A
:1014A000A02F0020014B1868704700BFB4430020F4
:1014B000034A13680133184413689842FCD87047F4
:1014C000B4430020F0B52B4985B004464FF0E02529
:1014D00008680190A86900230246CDE9022300BFF5
:1014E000019E08688642F3D1234E019DD6E9002370
:1014F00059015001801A41EAD26161EB0301890070
:1015000041EA90718000801841EB0301DDE902237C
:10151000C90041EA5071C000801A61EB0301D6E9AD
:101520000023F7F75FFB4FF47A730646E5FB036190
:10153000D4E900030F46301A61EB030177EB030394
:1015400002D2013841F10001F7F706FBDFED0B7A1B
:1015500000EE100A20EE270AF5EE007AB4EEE70A54
:10156000F1EE10FAC4E9006701DD9FED050A05B050
:10157000F0BD00BFB4430020A02F0020BD3786354A
:10158000CDCC4C3E034B1A68034B114443F820105A
:10159000704700BFB4430020B82E00202DE9F04171
:1015A0002049164684B0074698464FF0E0220B6863
:1015B0000193936900251C46CDE9024500BF019BBC
:1015C00008688342F3D1184D019CD5E900235901E5
:1015D0005001801A41EAD26161EB0301890041EABE
:1015E00090718000801841EB0301DDE90223C900FE
:1015F00041EA5071C000801A61EB0301D5E9002374
:10160000F7F7F0FA4FF47A734246E4FB0362074BB4
:10161000841903EBC70342EB0105C3E9004504B09D
:10162000BDE8F081B4430020A02F0020782F0020D7
:10163000044A054B1B6852F8200098428CBF0020DA
:1016400001207047B82E0020B4430020D0B52049B7
:1016500084B006464FF0E02408680190A06900239A
:101660000246CDE9022300BF019F08688742F3D1FB
:10167000184F019C1849D7E9002301EBC60C500113
:101680005901801A41EAD26161EB0301890041EA04
:1016900090718000801841EB0301DDE90223C9004D
:1016A00041EA5071C000801A61EB0301D7E90023C1
:1016B000DCE90067F7F796FA4FF47A73E4FB03016D
:1016C000B042B9412CBF0120002004B0D0BD00BF02
:1016D000B4430020A02F0020782F002010B584B044
:1016E00068461FF013FC009C2049A1FB04C10020A8
:1016F0008A0C1F49DFF88CC00346C1E900231D494D
:101700001D4AD1F8FC3043F08073C1F8FC301368F7
:1017100043F001031360DCF80030DFF86CC0ACFB71
:1017200003C34FF0E0229B09013B5361F02381F892
:1017300023304FF0070C114990610346C2F810C0E6
:10174000024641F8232001332F2BFAD10C4B002005
:101750000021C3E90001C3E90201C3E90401C3E9AF
:101760000601C3E9080104B010BD00BF83DE1B43BE
:10177000A02F002000ED00E0001000E0B82E0020B7
:10178000782F002028020020D34D62102DE9F04769
:101790002DED048BB84B1A78002A40F05F81B74FCB
:1017A000DFF81483DFF8149397ED003AD8ED003A90
:1017B000D9ED002ADFF808E3B14EB24996ED008A70
:1017C000DEED006AD1ED007ADFF8F8C2AE4A9CED9A
:1017D000005AAE4DAE48DFF8F0A2AE4C95ED002AAF
:1017E00094ED009AD0ED005A9AED006AAA4BE6EE0D
:1017F000817AE8EE416A21EE014AF0EE664AD2EDC6
:10180000006AE5EE016AB6EE007A24EE077AA2EEEF
:10181000415AE2EE476AE8EE477AA5EE816AE9EEC0
:10182000415AA9EE476AA2EE018AE1EE267AE1EE7C
:10183000054AA1EE655A70EEC30AA9EE478AE0EEAA
:10184000813AE7EE654AE7EE467A61EE071A67EEFF
:10185000070AF0EE458A93ED007A9FED905AB4EEB8
:10186000C57AF1EE10FAE3EE812AA9EE412AE1EE03
:10187000466A08D4B1EE045AB4EEC57AF1EE10FA15
:10188000D8BFB0EE475A864B9FED867A93ED001A8B
:10189000B4EEC71AF1EE10FA08D4B2EE047AB4EE40
:1018A000C71AF1EE10FAD8BFB0EE417A7E4BE4EEE3
:1018B000078AE7EE207AE7EE216AE7EE214A93ED08
:1018C000004A9FED7A7AB4EEC74AF1EE10FA08D4D6
:1018D0009FED727AB4EEC74AF1EE10FAD8BFB0EEBF
:1018E000447A30EE624AB9EE040AB4EEC04AF1EE30
:1018F00010FA39EE071A08D4B1EE040AB4EEC04A61
:10190000F1EE10FAD8BFB0EE440A37EE857AB7EEA2
:10191000004A84EE075AB0EE634A64EE850A67EE29
:10192000851AA0EE204AE0EE212ABAEE047AB4EE3F
:10193000C74AF1EE10FA28EE055AC9ED002A08D47C
:10194000B2EE047AB4EEC74AF1EE10FAD8BFB0EEA8
:10195000447AA0EE053A88ED007ABAEE0E7AB4EE3B
:10196000C73AF1EE10FA08D4B2EE0E7AB4EEC73AE6
:10197000F1EE10FAD8BFB0EE437AB0EE484AA7EEC7
:10198000C54AA6EEC52AF0EE413AE6EE453A87EDA5
:10199000007A9FED477AE7EEE04AB0EE685AB4EE7F
:1019A000C47AA6EEE05ABDEC048BE6EE605AF1EE86
:1019B00010FAB4EEC27AC8BFB0EE474AE7EEE17A59
:1019C000F1EE10FAB4EEE37AC8BFB0EE472AE6EEC5
:1019D000E16AF1EE10FAB4EEE47AC8BFF0EE473AED
:1019E000A6EE616AF1EE10FAB4EEC57AC8BFF0EE69
:1019F000474AF1EE10FAB4EEE57AC8BFB0EE475AA6
:101A0000F1EE10FAB4EEE77AC8BFF0EE475AF1EE05
:101A100010FAB4EEE67AC8BFF0EE477AF1EE10FAAB
:101A2000B4EEC67AC8BFF0EE476AF1EE10FAD8BF3E
:101A3000B0EE467A86ED004A85ED002AC4ED003A04
:101A4000CEED004A8CED005AC0ED005AC1ED007A8F
:101A5000C2ED006A8AED007ABDE8F0870022DFED72
:101A6000153A064FDFF85080DFF850901A70F0EE0C
:101A7000402AB0EE603A9DE674000020D42F00208A
:101A8000AC2F002080000020BC2F0020A82F0020B9
:101A9000B02F002078000020D02F00200AD7233C50
:101AA000CC2F0020CDCCCC3DC82F002077CC2B32C2
:101AB000BD37863500000000C42F0020C02F002055
:101AC000B42F00207C000020B82F002059B170B541
:101AD000054E0446451814F8011B307804F0A8FEA2
:101AE000AC42F8D170BD704774900020044B1B7855
:101AF00023B1044B044A1B680121D154704700BF35
:101B00008400002074900020EC43002038B5044687
:101B10000D46FFF703FCDFF8F8C0DCF80830CCF81E
:101B20000C50DA179C4275EB02023CBFA3F57F43D1
:101B3000FF3BE31A1DB2CCF808402C4CB5F52F6FD3
:101B400022789BB21ADD2A4DDFF8C8C0CCF80030ED
:101B50002B682860C01A6B68696061EB0301254B34
:101B6000C3E90001244B01211970244B24491A7048
:101B700000232370CCF804300B7038BD6FF4617112
:101B8000591889B240F2AE40814225D91A4B002142
:101B900019701A4B01321B78D2B293422270ECD8E2
:101BA000154B184C1A782378EAB9043B5BB2002B2A
:101BB000D4BF00210121142BA8BF14236FF01305FB
:101BC0001148AB42B8BF2B46027923700F4B61F32B
:101BD000C3021970027138BD02EB82010CEBC10C1B
:101BE000CCF81C30D5E70133E0E700BF843000209B
:101BF00098300020883000204537002085000020E4
:101C000046370020860000203C7D0020473700201A
:101C1000E833002090300020884BDFED897A1A7974
:101C20001968B3F802C09888C1F3CA2102F0010212
:101C300007EE101A920242EA9C12F8EEC70A07EE6B
:101C4000102A59681A7AB3F806C0C0F34A00F8EEB1
:101C5000C75A07EE100AC1F30A3102F00302B8EEC8
:101C6000C71A520207EE101A42EADC12B3F808C093
:101C70009968187BF8EEC71A07EE102ACCF38A0C85
:101C8000B8EEC76A07EE10CADA7A93F80FC0C1F34C
:101C90004A31B8EEC72A00F0070007EE101A42EAF0
:101CA00000229889D968F8EEC72A07EE102AC0F3F7
:101CB000CA001A7CB8EEC73A07EE100AC1F38A319F
:101CC00002F00F02F8EEC73AD20107EE101A188A96
:101CD000196942EA5C02B8EEC74A07EE102AC0F35F
:101CE0000A10F8EEC76A07EE100AC1F3CA311A7D6E
:101CF00093F813C0F8EEC74A07EE101A998A1B88AA
:101D0000C3F30A03B8EEC75A07EE103AB8EEC70A93
:101D10002DED048BB6EE047AF0EE679AE0EE079AAA
:101D200002F01F029201B0EE670AA1EE870A42EAB2
:101D30009C02C1F34A11F0EE671AE2EE871A414B9A
:101D4000B0EE679AB0EE678AF0EE672AA0EE879A47
:101D5000A1EE078AE3EE872AF0EE670AB0EE671A73
:101D6000F0EE673AE6EE070AA2EE071AE6EE873AC9
:101D7000B0EE672A06EE902A06EE101AA3EE072AA6
:101D8000B0EE673AA4EE073AF0EE678AB0EE674A23
:101D9000F8EEE66AB8EEC66AE5EE878AA4EE874AF0
:101DA000F0EE675AF0EE674AE5EE074AE6EE875A2C
:101DB000E6EE077AFDEEE99ABDEEC99AFDEEE88AF5
:101DC000BDEEC88ABDEEC00AFDEEE00ABDEEC11A46
:101DD000FDEEE11ABDEEC22AFDEEE22ABDEEC33AE7
:101DE000FDEEE33ABDEEC44AFDEEE44AFDEEE55AEF
:101DF000FDEEE77AC3ED079A83ED119AC3ED1B8AD6
:101E000083ED258A83ED2F0AC3ED390A83ED431A4A
:101E1000C3ED4D1A83ED572AC3ED612ABDEC048B47
:101E200083ED6B3AC3ED753A83ED7F4AC3ED894A82
:101E3000C3ED935AC3ED9D7A704700BF6037002011
:101E400000005C44E833002010B5444A92F8463064
:101E5000162B68D0282B5FD0142B5CD107CA404BBF
:101E60003F4C03C3A17823F8022B100C64293D4A90
:101E700018700B463C4828BF6423C2F8C432F8F7F8
:101E8000F9FC2379002B5DD1354B1978374849424D
:101E9000F8F7F0FC324B364893F90310F8F7EAFCF8
:101EA0003148F8F7EFFC334B4F289A792E48CCBFD6
:101EB0000021012161F345129A71F8F7E3FC2D4BE3
:101EC0003128DA792948CCBF0021012161F382024F
:101ED000DA71F8F7D7FC274B5A305A7A2248ACBF50
:101EE0000021012161F3C3025A72F8F7CBFC224AA8
:101EF00018288CBF002301231B481370F8F7C2FC7D
:101F00001E4B312894BF012200221A7003D81C4AAC
:101F100013680133136010BD1A4B1B78042BFAD1E0
:101F200018F00EF910BDFFF777FE164B164A1B7816
:101F30000121117043B1042BEDD1FFF7EFF916F039
:101F400087FA10BD6178A1E718F04CFD0028E2D0B7
:101F50000E4B187818F03CFD10BD00BF6037002014
:101F600008370020E83300203437002024370020D1
:101F7000143700203C7D0020493700204A370020DC
:101F80005037002084000020463700206C9000204D
:101F900038B50546FFF7C2F9DFF8B8C2A74B9CF881
:101FA00000C09A6CD3F84CE09864BCF1030FD9647C
:101FB00045D8821A61EB0E0EBCF1010F18D816D16C
:101FC00040F6A174A2427EF1000455D293F841205C
:101FD000022A74D00BD8002A00F0298193F842100D
:101FE0004A1CD2B2172A5D5483F842207FD038BDF4
:101FF00041F64D5C62457EF1000C57D293F84220C9
:102000009D540132D2B20F2A83F84220EFD98C4B73
:10201000DFF844C21A681860821A8A48CCF8002097
:10202000027942F008020271874A4FF001001070F5
:102030005A68596061EB0202CCF8042038BDBCF14B
:10204000040FD4D11A6DB0EB020E5A6D40F24D441C
:1020500061EB0202A64572F100021CD293F8412006
:10206000042A48D0052A4DD0032AC0D1AA1E83F8DD
:10207000452083F841C038BD74490A604FF0000222
:10208000C1F804E0A3F841200F2DB0D14FF00102B8
:10209000A3F8412038BD012283F84020032283F8B1
:1020A000445083F84120C3E9140138BD67491D70CD
:1020B0000A60012283F84220C1F804E038BD624A78
:1020C000DFF894E182F800C05D4AD2F800C01060E9
:1020D000B0EB0C00CEF800004FF00000A3F8410078
:1020E0005368516061EB0303CEF8043038BD02221F
:1020F00083F8412038BD4FF0050283F84650A3F81D
:10210000412038BD93F8422093F845C0624504D27F
:10211000511C83F842109D5438BD494ADFF838E11C
:1021200014681060001BCEF800005068516061EB2D
:102130000001CEF8041093F8462045498A5CBCF1B2
:10214000000F60D018469C446FF02A0130E04FEA3F
:102150004E0E4FFA8EF2002A50DB4FEA4E0E4FFA27
:102160008EF2002A45DB4FEA4E0E4FFA8EF2002A1D
:102170003ADB4FEA4E0E4FFA8EF2002A2FDB4FEA7F
:102180004E0E4FFA8EF2002A24DB4FEA4E0E4FFA23
:102190008EF2002A19DB4FEA4E0E4FFA8EF2002A19
:1021A000ACBF4FEA4E0281EA42028445D2B22AD045
:1021B00010F801EB8EEA020E4FFA8EF2002AC6DA10
:1021C00081EA420252B29646C5E781EA420252B221
:1021D0009646E4E781EA420252B29646D9E781EA9E
:1021E000420252B29646CEE781EA420252B2964687
:1021F000C3E781EA420252B29646B8E781EA420258
:1022000052B29646ADE70F48DFF83CC00179AA1AF2
:10221000B2FA82F2520962F3C30101710020062171
:102220008CF8002083F8400083F8411038BD93F803
:102230004220002A3FF428AF38BD00BF603700209D
:10224000983000203C7D002047370020903000204F
:10225000EC58030884000020883000202DE9F04766
:10226000BF4AC04992F800E0BF4A91F800C092F816
:102270000280D178BD48BE4EBE4B90ED007A1C68FE
:10228000307808EA0105FF2D00F04E8148FA0CF382
:102290004FEAD81708EA0E0841EA082109B2091BDB
:1022A00007EE901ADFEDB46AB449F8EEE77A03F06E
:1022B0000F03E7EE876A03EB8308834201EBC80153
:1022C000FDEEE66A26BF581C01250025C1ED076A10
:1022D0004FF00108117992F8059009EA010ABAF164
:1022E000FF0F20D041FA0CF303F00F03834280F07C
:1022F00015810EEA010149EA012109B2091B07EE25
:10230000901ADFED9D6A9D49F8EEE77A03EB8307AB
:10231000E7EE876A01EBC7014FF001080027FDEEE9
:10232000E66AC1ED076A917992F8079001EA090A15
:10233000BAF1FF0F20D041FA0CF303F00F039842DB
:1023400040F2E9800EEA010149EA012109B2091BC4
:1023500007EE901ADFED886A8849F8EEE77A03EB1A
:102360008307E7EE276A01EBC7014FF0010800275A
:10237000FDEEE66AC1ED076A117A92F8099001EA6A
:10238000090ABAF1FF0F20D041FA0CF303F00F0352
:10239000984240F2BD800EEA010149EA012109B2EA
:1023A000091B07EE901ADFED746A7449F8EEE77ABC
:1023B00003EB8307E7EE276A01EBC7014FF0010843
:1023C0000027FDEEE66AC1ED076A917A92F80B905C
:1023D00001EA090ABAF1FF0F20D041FA0CF303F029
:1023E0000F03984240F291800EEA010149EA01216F
:1023F00009B2091B07EE901ADFED5F6A5F49F8EE3C
:10240000E77A03EB8307E7EE276A01EBC7014FF09A
:1024100001080027FDEEE66AC1ED076A117B92F81C
:102420000D9001EA090ABAF1FF0F00F0828041FA2B
:102430000CF303F00F03984201D8581C01250EEA53
:10244000010149EA012109B2091B07EE901ADFEDEB
:102450004A6A4A4992F80E9092F80FA0F8EEE77A8D
:1024600003EB8307E7EE276A01EBC707FDEEE66A99
:10247000C7ED076A09EA0A07FF2F52D049FA0CFC98
:102480000CF00F03834226D20EEA090E4AEA0E2A06
:102490000FFA8AFAAAEB040A07EE90AADFED366A71
:1024A000F8EEE77A03EB8304E7EE276A01EBC40159
:1024B000FDEEE66AC1ED076A25BB2F46304831497B
:1024C00003700F701388304A304801215BBA1170D5
:1024D0000380BDE8F0870EEA09004AEA002000B256
:1024E000001B07EE900ADFED246AF8EEE77A03EBB3
:1024F0008300E7EE276A01EBC001581CFDEEE66A97
:10250000C1ED076A30700027D8E7581C01256BE73A
:10251000581C01253FE7581C012513E7581C0125CD
:10252000E7E6002DEED1EEE700273B463D46B846F4
:10253000D0E692F80E9092F80FA00AEA0901FF295E
:1025400007D049FA0CFC0CF00F0383420B499BD3D4
:10255000C1E705B13070B8F1000FB3D0AEE700BFEE
:102560005C3700205D370020603700208C000020A1
:1025700085000020880000200080BB44E833002054
:102580008430002058370020463700205A3700207A
:1025900030B52D4A2D482E4954688BB0CDE908013D
:1025A0009168126807910023CDE90033CDE9023329
:1025B000CDE9043206940DF113010DF1270011F855
:1025C000013F6B4488421A7802F101021A70F6D179
:1025D000204B597921F004016A460DF1140E59710E
:1025E000597911F0040F597927D112F8010B0138EC
:1025F00018BF012060F3820196455971F0D193F81C
:1026000005C01CF0040F16D1BEE80F000E4C124D91
:102610000FC42346DEF8002043F81129CCF3800CC8
:1026200013F8011F0CF1010205F801C05FFA82FCEA
:10263000BCF1140FF4D10BB030BD013241F00401F4
:1026400096455971CCD1DAE7703000200C0D0E0F91
:10265000101112133C7D0020583000202DE9F84F56
:10266000A04DA14CAB79DFF80883012223F00403CD
:102670002270AB71FEF752FE9C4BC3E900019C4BEC
:102680003C221A70FEF70EFF582200210646994898
:1026900023F04CF898F80030032B00F20D8153B969
:1026A000954B1B78002B40F01681944F3B68944A61
:1026B0000021D15436E0934A904F12783A60013BA2
:1026C000032BF3D8DFE813F0F000DA00C4000400B5
:1026D000AB798D4843F00403AB718C4B4FF000088D
:1026E000C3E90088C3F80780F8F7BAF88848F8F714
:1026F000B7F88848F8F7B4F8122323706B7A864944
:1027000068F3C3036B72EB7968F38203EB71AB7907
:1027100068F34513AB7138780AF014FB784A3B68CC
:102720000121D154FFF734FF7C4B7D4F0121002262
:10273000597400200021C3E90522C3E90201DA61CE
:1027400007F548713B464FF47A72DA6128338B42C1
:10275000FBD1744B002403F54872DC6128339A42A4
:10276000FBD150220021704822F0E0FF6A786F4BC5
:102770006F4993F8019093F8028093F800E093F882
:1027800004C0987993F80AA022F080026A70AA78AF
:1027900022F00102AA70DA78DB7A09EB890903EBEF
:1027A000830308EB880802EB82020EEB8E0E0CEB23
:1027B0008C0C00EB80000AEB8A0A07EBC80807EBD9
:1027C000C20207EBCE0E07EBCC0C07EBC00007EB09
:1027D000C90907EBCA0A07EBC3072B784FF0000BB8
:1027E00043F001032B70C1F800B040F2DC534E49B6
:1027F000C9F81C30C8F81C30D3614FF07C524A60D5
:102800008A60CA60CA6240F21A484FF4FA62CEF88F
:102810001C80CCF81C20C261CAF81C30FB61454BFF
:1028200044F62061DE630E20FEF7ACFE424B4349C6
:10283000C3F800B02B79424A0C7023F008032B71C7
:10284000404B1C70404B1C70EC231370BDE8F88F9C
:10285000AB793E493A683E483E4C43F00403AB71C5
:102860003D4B032718600F703C48254B0721217012
:102870004FF4806101600121995453E7AB793349EA
:102880003A683748334C43F00403AB71324B0227AC
:1028900018600F7031481A4B032121704FF40071FA
:1028A0000160012199543DE7AB792E4943F00403BF
:1028B000AB71122323702EE7042B104F7FF4F6AE7A
:1028C000294B2A481B783B6015F0A0FD15F0A4FDAC
:1028D00098F80030F3E609F039FF084F98F8003017
:1028E000EDE600BF3C7D00208500002098300020F0
:1028F000E42F002060370020887E030874900020B9
:10290000EC430020F375030834370020083700201B
:102910002437002014370020A0680600A0300020D3
:10292000C8300020E833002008300020703000203C
:1029300000300020B82E0020043000208430002019
:102940008600002044380020463700205D370020F4
:102950009A99193F5C3700208C00002088000020E5
:102960009A99993FA0860100F4750308CD1A0108D1
:102970008400002010B5FEF7D1FC4B4B4B4A1B786E
:10298000DFF85CC1146852680CFB03F31B1942F1B9
:10299000000283428A4128D2454A137823BBDFF8DC
:1029A00044C14448DCF800100131CCF80010017932
:1029B00063F3C3014FF0010C01713F4982F800C07D
:1029C0003E4A81F800C03E483E4982F800C051F8B6
:1029D000232040F823200A33C82BF8D13A493B4B37
:1029E000EC20012208701A7010BD394B1A78002AA9
:1029F000FAD0384A2E4912784FF0000C81F800C006
:102A000083F800C0042A45D8DFE802F03C0703033E
:102A10004000BDE81040FFF721BCFFF7FDF82E4B4A
:102A20002E489B7D234913F0010F0CBF4FF47A7C95
:102A30004FF4FA6C13F0020FC0F89CC20CBF4FF4B5
:102A40007A7C4FF4FA6CC0F8C4C21C480A79C3F30C
:102A5000800C80F800C01848C3F3C00C80F800C098
:102A6000DFF884C019488CF8003013F00C0F0CBF4D
:102A70004FF0010E4FF0000E01236EF3C3020370FE
:102A80000A7110BD114B01221A7010BDBDE8104033
:102A9000FFF7DAB9074A0D491379002023F008033C
:102AA0000870137110BD00BFF400002098300020A2
:102AB000443700203C7D00204A3700204937002061
:102AC00004340020E4300020860000204637002037
:102AD000473700208400002060370020E8330020C2
:102AE00040420F005037002048370020022806D807
:102AF00007EE900A024BFBEEEF7AC3ED067A7047C1
:102B0000083000202DE9F04182B0FFF733FFB94BC8
:102B10001A7812B902B0BDE8F081B74C94F800E021
:102B200000221A70BEF1000F00F0BC82B348B44D11
:102B3000DFF83883B34F0146FB69DFEDB37A0E78D7
:102B4000A3F57A7300EE903A98F80030F8EEE00AB8
:102B500060EEA70A002B00F08B81013205EB8606A0
:102B60009645C6ED000A1DD9A64B861802EB8202D7
:102B7000B0EE677A03EBC202013ED369A3F57A7324
:102B800007EE903AF8EEE77AB11C16F801CF67EE3F
:102B9000877A091A05EB8C0C8E4502F12802CCEDE0
:102BA000007AEAD895ED017AD5ED027AD5ED036A7F
:102BB000964BB6EE006A37EE467A77EEC67A37EE77
:102BC000077A76EEC66AF1EE677A77EEA77A76EE46
:102BD000A66AB5EEC07A03F5AE62F1EE10FA83EDA7
:102BE000AE7AC3ED007AC2ED006A00F15B81F5EECA
:102BF000C07AF1EE10FA00F12182F4EEC77AF1EE1C
:102C000010FAC8BFB0EE677ADFED817A814F824952
:102C10007A7881ED007AB4EEE77AF1EE10FA48BFE7
:102C20000121D5ED007ADFED7D6A7D4E58BF002190
:102C300061F304127A70F4EEE67AF1EE10FA7A7922
:102C4000C6ED007AACBF0121002161F3000219201A
:102C50007A71FEF7EDFC002840F0B781714E2278C2
:102C6000F179914280F0798195ED077ADFED6E7A06
:102C7000B4EEE77AF1EE10FACCBF01200020F9782B
:102C800060F34101F970B179914280F05681D5ED40
:102C9000067A9FED667AF4EEC77AF1EE10FA80F2CA
:102CA000B7819FED637A634BF4EEC77AF1EE10FAC9
:102CB000ACBF01210021197080F2AD81F17A96F844
:102CC00004C08A4200F21F815B484FF0000E62454B
:102CD000C0F800E000F2F880584900200870397808
:102CE00041F001013970F6EE007A5549C1ED097ADB
:102CF000707A904280F06581D5ED097AB6EE007A5F
:102D0000F4EEC77AF1EE10FAACBF012000204D4A74
:102D10000093C1ED077A107000F0B0FE4A4A2478A3
:102D20001278009B0A2A00F02D8100210120FA78F8
:102D300060F38202FA70454A1160B27AA24280F0D2
:102D40001B81D5ED0A7AB6EE007AF4EEC77AF1EE81
:102D500010FA04DB3E4A1278142A00F09D8100220A
:102D60003C49B0EE007AFFEE000AE7EE870A0A70EF
:102D7000B1EE000A1EF09EFB327A3749A24281ED85
:102D8000000A0DD2DFED287A95ED087AB4EEE77AE5
:102D9000F1EE10FA04DD314A1278002A00F06D815C
:102DA00000202F4CBA7A98F80010247860F3410282
:102DB0002143BA720FD02B49FA79097842F02002E8
:102DC000FA71002940F0CB80244A12781AB9FA78B7
:102DD000910740F15981244991F90020002A40F0DF
:102DE000A5807A7A42F020027A7202B0BDE8F04102
:102DF000FEF78CBA463700208500002058300020AE
:102E000008300020E83300206F12833A803B002016
:102E1000CDCC4C3E3C7D0020E82F00200AD7233D3E
:102E200004300020703000203333333FABAA2A3FF8
:102E3000ABAAAA3E4438002000300020B28E002009
:102E400064060020FC2F002047380020D0380020E6
:102E5000F5000020A810002070000020B18E002096
:102E600049370020A88E0020E42F00204A37002098
:102E700005EB860696ED000AB6EE081ACDE90021AC
:102E8000F7F7EEFD009A94F800E0019986ED000A4C
:102E90000132724501F1010107F12807BFF482AE4A
:102EA000844849E6F5EEC07AF1EE10FAF1EE476A91
:102EB00000F1DB80F4EEE67AF1EE10FAD4BFB0EE6A
:102EC000667AB0EE677A9FE67B480078012800F0CA
:102ED000C08095ED047ADFED797A7948B4EEE77A2F
:102EE000F1EE10FACCBF4FF0010C4FF0000C80F85F
:102EF00000C038788A4240F0010038707FF6F3AEA7
:102F0000D5ED0B7AF1E6D5ED0B7A6E48B6EE007A88
:102F100037EEC77A624580ED007AD5D8684900203F
:102F20000870397841F001013970DEE6013A0A7023
:102F300002B0BDE8F041FEF7E9B9F879624B002133
:102F400061F3C300F8717878197061F3C710787075
:102F5000B87861F30000B870B0E600208FE6012970
:102F60005ED002297FF437AF7A7AD3073FF533AFCB
:102F7000032000F0EBF92EE7544A0021B7EE000AD7
:102F80001170F9E61A78013A012A7FF6CEAE72790D
:102F9000A242BFF4CAAED5ED057A9FED4D7AF4EEAC
:102FA000C77AF1EE10FA80F281809FED4A7AF4EE52
:102FB000C77AF1EE10FAACBF0121002181F00100C7
:102FC000B5E6DFED457A0020A1E6FA211920FEF7EB
:102FD000D9FA424A96ED007AD2ED007A77EE677A16
:102FE000F5EEC07AF1EE10FA01D5F1EE677A82EDD6
:102FF000007A3B4A92ED007A7A78B4EEE77AF1EE05
:1030000010FA4CBF0121002161F345127A7025E6C8
:103010002D4B0221197033480168013101604DE6E2
:103020007A7AD2073FF5D7AE7A7A2F4942F0010279
:1030300006207A72087000F0A5F8CCE6F1EE677A07
:10304000B4EEE77AF1EE10FA7FF5DEADB0EE677A16
:10305000DAE5264890F8340000283FF43AAF1848E3
:103060004FF0000C80F800C043E7B4EEE77AF1EED1
:1030700010FA0EDDF1EE677AE8E7F878C0F3400069
:1030800080F00100C0B28CE6BA7A42F00202BA7255
:10309000A1E6B0EE667AB7E5FA78C2F3400282F0B4
:1030A00001025DE6124DDFF84C807BE50020022135
:1030B0003DE600BF58300020227D0020CDCCCC3D25
:1030C000B28E00200030002044380020A8100020DC
:1030D000ABAA2A3FABAAAA3E00000000E02F0020C6
:1030E000EC2F00205437002046380020AC7A03082B
:1030F000083000204A3700201C4BD3ED007AF5EE53
:10310000C07AF1EE10FA0DD9194B93ED036AD3EDA5
:10311000056AE6EE667AB7EE087AF4EEC77AF1EE63
:1031200010FA01D500207047124B93ED007AB5EEEE
:10313000C07AF1EE10FA16D90F4A104B92ED006AE0
:103140001B88DFED0F6A86EE277A07EE903A37EE9E
:10315000267AF8EEE77AB4EEE77AF1EE10FA4CBF91
:103160000120002070470120704700BFDC2F0020A5
:10317000B8A000205C2E002028210020582E00201E
:1031800000007042044A0548D378002161F3861399
:103190000170D370704700BF3C7D0020453800208F
:1031A000244B1B78013B032B42D8DFE803F03C2083
:1031B0001B02214A214B92ED007AF6EE087A67EE67
:1031C000C77A93ED007AF4EEC77AF1EE10FA2FDDAC
:1031D0001B4BDFED1C7A93ED007AB4EEE77AF1EE4B
:1031E00010FA25DD184BD878C0F380107047124ACA
:1031F000124B92ED007AF6EE087A67EEC77A93EDFD
:10320000007AF4EEC77AF1EE10FA11DD0C4BDFED27
:103210000D7A93ED007AB4EEE77AF1EE10FACCBFB6
:10322000012000207047084B1878C0F3C000704799
:1032300000207047A98E002094000020C83800208C
:10324000B07F0020CDCC4C3E3C7D002008B59FEDEA
:10325000380A06F0D3FA374A1378032B48D8DFE848
:1032600003F03D2C0402012008BD3348FEF72AF983
:10327000DFED327A20EE270AFFF792FF304BD3EDD5
:10328000007AF8EE677AA8BBB0EE007AE0EE077A33
:103290009FED2C7AF4EEC77AF1EE10FA3FD5FCEEF2
:1032A000E77A17EE901A284A1960D37823F0400382
:1032B000D3700720FEF766F91AE00720FEF7B8F989
:1032C000B0B1FEF72BF81C4B1D4AC3E9000140F6D4
:1032D000B8301060174A0223137009E0184B4FF4FE
:1032E0007A7107201960FEF74DF9124A0123137015
:1032F000002008BD77EEC07A0E4AF5EEC07AF1EEF6
:1033000010FA0FDDFCEEE77A17EE901AF8EE677A06
:103310001960F5EEC07AF1EE10FACAD804E040F672
:10332000B831C0E70021196003231370C1E700BF63
:103330000000C8C245380020C037002000007A4491
:10334000C837002000803B453C7D002010B50A4B6B
:1033500082B0002401901C60FBF794FB074A0849E7
:10336000D3780C6023F02003D37002F011FC054BDE
:103370000198187002B010BDC83800203C7D0020B4
:10338000B038002046380020324BDA799006C2F37C
:1033900040110CD53049314A91ED007AD2ED007AD6
:1033A000B4EEE77AF1EE10FACCBF012100211A78D1
:1033B00061F382021A701A78520742D526482849CA
:1033C000284AD0ED007A91ED007A127877EEC77A2C
:1033D00072B122491A7891ED007AB4EEE77AF1EEF3
:1033E00010FA4CBF0121002161F382021A7070476C
:1033F0001D4A92ED247AF6EE006AB4EEE67AF1EE1A
:1034000010FA1FDCDFED196A19491A4A91ED006ABA
:1034100092ED007AE6EE667AF4EEC77AF1EE10FAF3
:1034200016DD154A92ED007AF2EE0C7AB4EEE77AE8
:10343000F1EE10FA4CBF012100211A7861F38202EB
:103440001A7070470C4A92ED006AC6EE076ADBE715
:103450000021F2E73C7D0020041100208081002043
:10346000D8380020B18E0020E8A80020000000001D
:10347000C4380020BC3800204421002010B5514B36
:103480001B7882B04BBBFBF7FDFAFFF77DFF4E4C7C
:103490009FED4E0A0623237006F0B0F94C4A1378CC
:1034A000032B18D8DFE803F065532802494B0021AD
:1034B00019600191FBF7E6FA474A4848D378019929
:1034C000016023F02003D37002F062FB444B06211D
:1034D000042221701A7002B010BDFBF7D3FA414CE0
:1034E000414B94ED000AD3ED007A30EE270AF7F74E
:1034F00081FB04ED0C0ACAE73C48FDF7E3FFDFED72
:103500003C7A20EE270AFFF74BFE3A4BD3ED007AC8
:10351000F8EE677A002838D1B0EE007AE0EE077A4C
:103520009FED357AF4EEC77AF1EE10FA42D5FCEE53
:10353000E77A17EE901A284A1960D37823F04003EF
:10354000D370072002B0BDE81040FEF71BB807207B
:10355000FEF76EF80028BED0FDF7E0FE234B254CA9
:103560001B4AC3E9000140F6B83002232060137003
:10357000B1E7204B4FF47A7107201960FEF702F88B
:10358000134A0123137002B010BD77EEC07A104ABF
:10359000F5EEC07AF1EE10FA0FDDFCEEE77A17EEE9
:1035A000901AF8EE677A1960F5EEC07AF1EE10FA2B
:1035B000C7D804E040F6B831BDE700211960032305
:1035C0001370BEE7B18E0020463800200000C8C24C
:1035D00045380020C83800203C7D0020B03800204D
:1035E000387D00206C21002088BD0020C0370020DD
:1035F00000007A44C837002000803B4530B5404C7D
:10360000237813F0400F83B0637A16D1C3F300011F
:1036100013F001032CD03B4B3B4D1B78002B3FD1CB
:10362000FBF730FAFFF7B0FE4FF006022A70FFF703
:103630000DFE00284CD103B030BDDB07FBD5334B6A
:1036400093ED007AF2EE0E7AB4EEE77AF1EE10FA2C
:10365000F1DD2F48637A2C4A90ED000A23F0010334
:1036600000216372117003B0BDE8304006F0C6B8A7
:10367000627ADFF8BCC0264842F001026272DCF8D0
:1036800000200260204806220270224A1170E2786F
:1036900063F386121B4BE2701B780546002BBFD0EC
:1036A000FBF7F0F91C4A1D4BD2ED007A1C4A01933E
:1036B00092ED000A30EE270AF7F79CFA019B4FF0D3
:1036C000060283ED000A2A70FFF7C0FD0028B2D081
:1036D000144A002313600193FBF7D4F9124A019BAB
:1036E0001360E37823F02003E37002F051FA0F4BEC
:1036F00004224FF0060028701A7003B030BD00BFDE
:103700003C7D0020B18E00204638002004110020AE
:10371000403800204538002088BD00203C21002092
:103720006C210020C8380020B0380020387D0020EF
:10373000D8380020064A02F5A663D3E9000192EDCD
:10374000007B044B83ED027BC3E90801704700BF97
:1037500090160020802D002010B5104C1049A37841
:10376000104A23F00403A370A37823F00203A3708C
:10377000E37923F00803E3712378002023F00403A6
:103780000870FF2111702370FCF7D4FAA378064A61
:10379000052143F001031170A37010BD3C7D002092
:1037A000452C0020601100204738002070B5334CB4
:1037B000DFED337A334D04F6CC732DED028B93EDB0
:1037C000008ADFED318A38EE278A82B0B0EE480AEF
:1037D0001DF010FF60EE287A04F5A26617EE900A3D
:1037E000F4F772FD02460B46D6E90001F4F70EFC31
:1037F000B0EE480AC5E902011DF03CFF60EE287AF0
:1038000004F5246617EE900AF4F75EFD02460B46B7
:10381000D6E90001F4F7FAFB1C4B93ED000AC5E969
:10382000080110EE100A8DED010A04F6E474F4F7B5
:103830004BFD22689DED010AAA640023C5E90E0133
:1038400085F8643005F0DAFFD4ED006A9FED107A58
:10385000C8EEA67A072067EE877AFCEEE77A17EEC5
:10386000901A01F59C510831FDF78CFE094B12228C
:103870001A7002B0BDEC028B70BD00BF8011002039
:10388000DB0FC93FD8370020000048430411002057
:1038900000007A444738002038B51C4B00241C60D7
:1038A00001F008FB1A4A1B4BD2ED137A1A4AC3F8EF
:1038B000B04202F22C50FCEEE77A046002F65C2083
:1038C00017EE905A046002F21C50C3F8AC42046038
:1038D00002F64C204FF47A71046003F5AD6002F6F5
:1038E0007C72046003F2645001FB05F1046003F58F
:1038F000026003F61C030460072014601C60FDF7DF
:1039000041FE064B08221A7038BD00BFC83800209F
:10391000E82D0020803B0020801100204738002047
:103920004A4B1B78012B00D07047494AD279D20903
:10393000FAD04849484AD1ED007A92ED007AB4EEC7
:10394000E77AF1EE10FA03D5444B10221A70704753
:10395000434A92ED007AB4EEE77AF1EE10FA28DCF1
:1039600030B5404A127883B03AB3012A1CD11BF01B
:10397000B3FF00282ED0364A3A4C937947F23051A3
:1039800023F0080324209371FDF7FCFD364B374AE2
:10399000D3E9000103F5A663C2E90201D3E90001FE
:1039A000C2E908010023237011222C4B1A7003B0C6
:1039B00030BD2A4B0F221A7070472C480193FBF739
:1039C000E5FB1BF055FF28BB264B1B78012BEBD1E9
:1039D0000C22EAE7264C244D1CF06EF8A068F4F7A0
:1039E00073FCD5E90023F4F711FBF4F79DFF0346C0
:1039F000E068204C2360F4F767FC05F5A663D3E983
:103A00000023F4F703FBF4F78FFFA0601A48FBF7DD
:103A1000BDFBD9E71BF0C6FF0D4B13489A7990ED1B
:103A2000007B42F008029A71104B00F5A66C83ED02
:103A3000027B9CED007B41F28831232083ED087BE3
:103A4000FDF7A0FD074A019B1370C1E7B18E00206E
:103A50003C7D002004110020400200204738002057
:103A60003C02002058BE002090160020802D00202F
:103A7000A0BD002044BE00204802002010B5824BAB
:103A8000DA78910782B0C2F3400C03D47F4A1278EF
:103A9000052A42D059797E48DFF828C2002262F315
:103AA00045115971D979027062F3C711D9715978EA
:103AB00078489CED000A62F386115970997862F398
:103AC00000019970597862F3C7115970597A4FF013
:103AD000030C80F800C0704862F300015972027054
:103AE00005F08CFE6D4A00211160FAF7CBFF664BA2
:103AF0001B78DB0904D16A4B0A221A7002B010BD90
:103B0000684A694B02F5A66192ED007BD1E900019C
:103B100083ED027BC3E90801EDE75F4C5C4894F854
:103B200000E00078BEF1C70F1FD95A4C94F800E0AE
:103B30008645E3D093F802E06CF3000E83F802E0D0
:103B400093F801E06CF3C71E83F801E093F807E0F7
:103B500001286CF3C71E83F807E053D0022828D051
:103B600058B14C4B187002B010BD4A4B0EF1010E0B
:103B700084F800E0187002B010BD5A7960F3451265
:103B80005A715A7A60F300025A72FAF77BFF454A7B
:103B90003F49454B087892ED007B02F5A66183ED25
:103BA000027B91ED007B83ED087B3D4B0A221A706E
:103BB000D7E793F800E05FEADE1ED2D098783B4961
:103BC00001926CF382009870987881F800C06CF3D1
:103BD00041009870D87936496CF3C300D8711878D1
:103BE0006CF382001870FF200870FCF7A3F8284BD4
:103BF0002B491878244B019A0A709A7842F00102F6
:103C00009A70AEE75A7A6CF300025A721A78D209A7
:103C1000A7D05A7852062DD55A78DFF888E0224985
:103C200042F080025A70234A92F800C0DA786CF3AE
:103C30000002DA70204A92F99DC21A79BCF1000F95
:103C4000D4BF4FF0000C4FF0010C6CF304121A714A
:103C50009EED007B194B1A680EF5A66381ED027B81
:103C600093ED007B164B1A600D4B002281ED087B13
:103C70001A7076E7134A92ED000A05F0BFFD044B77
:103C80001878014BC8E700BF3C7D0020387D00203C
:103C90004438002090000020B8370020C8380020A9
:103CA0004738002090160020802D0020452C002051
:103CB0006011002078110020B881002088BD00200C
:103CC000CC3800200411002030B5994C6378DB0912
:103CD00083B019D1A37813F0010315D1227A63F3CD
:103CE000C7122272237ADB0928D1237AC3F3C011C9
:103CF000DB0914D0637A23F020036372E37923F0A5
:103D00000803E37103B030BD8A4B1B780A2B13D034
:103D1000E378C3F3400383F00103DBB2DEE7DFF8AF
:103D200058C2627A84488CF80010844900680860A0
:103D300063F300026272DDE70023CFE7FCF754FE75
:103D40000028D2D1FFF75AFCE3791907D2D5FBF747
:103D5000D9FC784B1B78132B20D8DFE813F08201B5
:103D60001F006101370114000F0134003400980175
:103D700068001F00C30025001F001F00970085007A
:103D80002500A90082006E4B93F86430022B00F0EE
:103D9000DD816C496C4A00230B7013720022A378FA
:103DA00062F3C303A370A5E7FFF7BAFD614B1B786D
:103DB000072BF3D1624B93F86420A2F10102B2FA0F
:103DC00082F25209EBE7FCF74DF95D48FBF7DEF9AB
:103DD0005B4890F86430002B00F0D681012B40F056
:103DE000CF815A4BD0ED157A93ED000AD0ED140A2D
:103DF00030EE670A1DF0F0FADFED557A37EEC07A43
:103E0000B5EEC07AF1EE10FA00F1EB81B4EEE77A8C
:103E1000F1EE10FAD8BFF0EE477A4E4BC3ED007AC0
:103E20000720FDF705FCE0B9424B1B78C0E7FCF723
:103E300019F94348FBF7AAF9444BD3ED007AB1EEE8
:103E4000047AF4EEC77AF1EE10FA0ADC17EE900A63
:103E5000F4F73AFA3A4BD3E90E23F4F713FD0028AE
:103E6000E2D0FBF751FFDFE7384A3B4B92ED007A97
:103E7000D3ED007AB4EEE77AF1EE10FA8ED5374A38
:103E8000002111602B4A1123137087E73448FBF798
:103E90007DF92E4A334B92ED007AD3ED007AB4EEE1
:103EA000E77AF1EE10FABFDD224A1123137075E7AD
:103EB0002D48FBF76BF963795A0600F14C81637961
:103EC0002A4A00211170C3F380125B0640F16A8117
:103ED000274A13780133DBB2022B1370C1D9FFF7E5
:103EE0003BFCA1E7FCF7BEF81548FBF74FF96379F7
:103EF0005D0619D4A3789807C3F3400200F1DF8070
:103F000007200192FDF794FB002800F0D880174BA2
:103F1000019A1978002940F09081164A12780121FF
:103F20008A42197000F0C680FFF740FC7CE700BFB2
:103F30003C7D002047380020CC3800204C21002058
:103F4000E82D0020D4210020E821002004110020C9
:103F5000DB0FC93FD43800204002002000060020BB
:103F6000802D002044020020D83700207338002024
:103F7000D0370020B18E002046380020FCF772F8C0
:103F8000FFF702FA23785D0740F1F780AC48FBF7B2
:103F9000FDF8A378D80708D5AA4BD3ED007AF5EE43
:103FA000C07AF1EE10FA00F30081A37859077FF58B
:103FB0003BAFA54B00221A70FAF73EFD01460720E1
:103FC000FDF7E0FAA14A0B231370E7E6FCF74AF885
:103FD0009B48FBF7DBF89A4890F86430022B00F01E
:103FE000B080FFF733F900283FF41EAF9849974D92
:103FF000002304222A700B600193FAF743FD9549D0
:10400000019B0B60E37823F02003E37001F0C0FD17
:1040100091492B7800200870904904220A70C7E665
:104020008748FBF7B3F82378DA077FF5FDAEA3786E
:10403000DB067FF5F9AE0720FDF7FAFA00283FF41A
:10404000F3AE874B1B78012B3FF4EEAEE378854946
:10405000002262F38613E3707C4B0A7003221A700D
:104060009CE67F4B1B78012B66D06378DA0656D529
:104070002379DB0640F1AF80FAF7C6FC0146072042
:10408000FDF780FAFBF740FE704B1B7890E60720A7
:10409000FDF7CEFA00283FF4C7AE694BD3E90E0115
:1040A000F4F742FC00EE100A05F0A8FB674A09236A
:1040B000137073E642F210710720FDF763FAFFF701
:1040C00063F9A37899077FF5AFAE5D4BD3ED137A13
:1040D000FCEEE77A4FF47A7217EE901A02FB01F5C4
:1040E000614A5949127800200870002A40F0A080E7
:1040F00093F86420022A00F09280062A00F089805A
:10410000002A71D007232946504D07202B70FDF758
:1041100039FA22782B7822F00402227048E6534BB9
:10412000534AD3E9000103F5A663C2E90201D3E9CA
:104130000001C2E9080131E6E379DB097FF4B4AE9E
:1041400093E7FFF783F800283FF46EAEFFF7A4FB78
:104150003E4B1B782CE60720FDF76AFA00283FF457
:1041600063AE444B93ED007AD3ED067AB4EEE77A72
:10417000F1EE10FA7FF558AEA1E6FBF7FDFD05E77D
:104180003D4B00221A604BE60720FDF751FA00284C
:104190003FF446AE394B1B78002B7FF441AE384AD2
:1041A00013723DE6374B1A705BE6FDF77BF9364A32
:1041B00013689842FFF4F9AEFDF774F9324A00F53E
:1041C0009C5008301060FEF797FF00287FF4EDAE9A
:1041D000FFF754F9E9E62648FAF7D8FF1B4B1B789E
:1041E000E6E5DFED2A7A18E6D3ED137AF5EEC07A2C
:1041F000F1EE10FA86DD22480268AA4282D21F4AF6
:104200001278002A7FF47EAFD3E91712FBF736FD50
:1042100078E74FF4FA7004F099FC022373E7E3782F
:104220001049002262F38613E3700A7003236AE7E1
:10423000C82004F08BFC024B5AE71A7074E600BFEA
:10424000E82D002028210020733800204738002066
:10425000C8380020B038002046380020387D0020C3
:10426000B18E002045380020AD8E00209016002031
:10427000802D002044210020D4380020D4210020AB
:10428000E8210020D0370020CC37002000000000BB
:10429000084B00EBC00213F8223043B1064B33F851
:1042A00010309BB200EE103ABBEECA0A70479FED89
:1042B000030A704704790308483800200000000012
:1042C0001448154B417810B521F04001134C417052
:1042D0000022134913482260DA639A61C3F8F4227A
:1042E000C3F8D02203F2AC5C0F4C0A6003F5B16353
:1042F00000211A60CCF80020018081702170FAF74B
:10430000C1FB0A4B0A480B4A1B68036040F8183C83
:10431000136010BD3C7D0020803B0020B0380020A1
:10432000C8380020703800207338002088BD002075
:104330003C210020CC3800202D4A92F83230022B4C
:104340002C4B02D99979C90630D401209A79C2F34D
:10435000C001120723D4284A12780C2A11D00F2A40
:104360000FD0DFF8B0C0254A9CED007AF6EE087A4F
:1043700067EEC77A92ED007AF4EEC77AF1EE10FAA2
:1043800028DA5A7961F386125A711A7A910708D598
:104390005B795B0616D51A4B01221A707047002113
:1043A000EFE7174BC2F340021A70704792ED237A81
:1043B000DFED147AB4EEE77AF1EE10FA4CBF01208B
:1043C0000020C3E7104B1A780D4B003A18BF0122AA
:1043D0001A7070470D4ADFED0E7A92ED007AB4EE56
:1043E000E77AF1EE10FA00F00101D8BF0021C8E72A
:1043F000E8A800203C7D002047380020C838002075
:1044000074380020CDCC4CBE73380020B07F002023
:10441000CDCC4C3E9400002010B5FCF7E5FA38B93D
:10442000274BDA78910704D5264A274B12681A6081
:1044300010BD5A7AD20710D41A7AD209F4D0234A7E
:104440001278002AF0D0082A11D0042A0FD0204A6E
:104450001D4BD2F898221A6010BD5A781C481A4990
:10446000D0F89802086042F040025A7010BD5878A7
:10447000184A154C20F0400000215870164B21605E
:104480001648D1639161C2F8F412C2F8D01202F258
:10449000AC5C134C196002F5B1620023116023700B
:1044A000CCF8001003808370FAF7ECFA0D4A0E4B3B
:1044B00012680E4943F818290A601A6010BD00BF3F
:1044C0003C7D002004300020B03800204738002018
:1044D000B8810020803B0020C838002070380020C0
:1044E0007338002088BD00203C210020CC380020FB
:1044F000354B1B78052B00D07047344BDB781B07FE
:10450000FAD4334BD3ED007AF5EEC07AF1EE10FA1F
:104510004FD4B7EE007AF4EEC77AF1EE10FAEBD58D
:104520002C4B93ED007AB5EEC07AF1EE10FA48D438
:10453000B0EE476A284BDFED296AD3ED007A67EECB
:10454000A67AF4EEC67AF1EE10FAD5DDDFED247A24
:10455000244A20EE270AD2F89832F1EE407AB4EEDF
:10456000E77AF1EE10FA08D4B4EEC07AF1EE10FA60
:10457000D4BFF0EE477AF0EE407A07EE103A37EE0D
:10458000277ADFED197AB4EEE77AF1EE10FA08D463
:10459000DFED167AB4EEE77AF1EE10FAD8BFF0EE5E
:1045A000477A17EE903A1249C2F898320120087003
:1045B000A2E7BFEE007AF4EEC77AF1EE10FA9BDDC7
:1045C000AEE7B1EE476AB5E7387D00203C7D0020BC
:1045D000B07F0020C8380020940000206666663F47
:1045E0000AD7A33CB8810020CDCC4C3ECDCC4C3F6B
:1045F000B08100204D4B4E4A93ED097AD2ED006A0E
:10460000D3ED0C7A93ED0D6AD3ED0E5A37EE667A40
:1046100067EE276AD3ED0B7A83ED0A7AA6EE806AFD
:10462000F1EE656A67EE277AB4EEE66AF1EE10FA0B
:10463000C3ED117A08D4B4EEE56AF1EE10FAD4BFF6
:10464000F0EE466AF0EE656A3A4AC3ED0D6A92ED05
:10465000006AC3ED126A77EEA67AB1EE467AF4EEFE
:10466000C77AF1EE10FA08D4F4EEC67AF1EE10FA39
:10467000D4BFB0EE677AB0EE467A2F4A2F4992F84F
:10468000323081ED007A022B2D4B02D99979C9067F
:1046900029D401209A79C2F3C00112071CD4294AF7
:1046A00012780C2A0AD00F2A08D0F6EE087A67EEA4
:1046B000C67AB4EEE77AF1EE10FA28D95A7961F3A6
:1046C00086125A711A7A910708D55B795B0616D55E
:1046D0001D4B01221A7070470021EFE71A4BC2F3FD
:1046E00040021A707047D2ED236ADFED187AF4EEBB
:1046F000E76AF1EE10FA4CBF01200020CAE7144B24
:104700001A78114B003A18BF01221A707047114AEB
:10471000DFED117A92ED007AB4EEE77AF1EE10FA5D
:1047200000F00101D8BF0021C8E700BFD838002041
:10473000B47F002094000020E8A80020C8380020A2
:104740003C7D00204738002074380020CDCC4CBE82
:1047500073380020B07F0020CDCC4C3E644B654ABE
:1047600093ED004AD2ED005AD3ED037AD3ED046AFB
:1047700093ED055A34EE656A26EE277AD3ED027A78
:1047800083ED016AE7EE006AB1EE457A66EE277ABC
:10479000F4EEC76AF1EE10FAC3ED077A08D4F4EE2E
:1047A000C56AF1EE10FAD4BFB0EE667AB0EE457A83
:1047B000514A524812785249D0ED004AD1ED006A70
:1047C00083ED047A012A77EE877A83ED087AB1EED9
:1047D000645A7BD093ED106AB1EE467AB4EEE77A74
:1047E000F1EE10FA65DD474A83ED097A75EEC45A99
:1047F000D2ED007AF4EEE75AF1EE10FA10D8424A00
:10480000D2ED007AF4EEC77AF1EE10FA6CDCB4EE79
:10481000C67AF1EE10FAC8BFB0EE467A83ED097A97
:104820003A4AD2ED007A67EE277AF5EEC07AF1EED9
:1048300010FA48D4D3ED0D5A93ED0C6A93ED0E4A5D
:10484000D3ED0B7A82ED007A77EE666A26EE866A01
:1048500066EEA77AE6EE005AB1EE446AF4EEC65A66
:10486000F1EE10FAC3ED0A6AC3ED117A08D4F4EE42
:10487000C45AF1EE10FAD4BFB0EE656AB0EE446AE5
:1048800077EE867A83ED0D6AF4EEC57AF1EE10FAD2
:1048900083ED126A08D4F4EEE47AF1EE10FAD4BF94
:1048A000B0EE675AB0EE645A194B83ED005AFFF729
:1048B00043BDF4EEC67AF1EE10FAD4BFB0EE677ADB
:1048C000B0EE467A8FE7DFED135AB5E793EDA97A9C
:1048D000E7EE667AF4EEC57AF1EE10FADBD50C4B12
:1048E00083ED005AFFF728BDB0EE677A96E700BF68
:1048F000D838002004110020B18E00209400002040
:10490000C42F0020BC380020803800206C380020E4
:10491000C83800200000000008B52DED028BB0EE75
:10492000408AFEF731FD344B1B785B0721D4334BB3
:104930001B7853B1324B334A93ED007AD2ED007AB3
:10494000B4EEE77AF1EE10FA19D4B0EE480AFFF7A8
:1049500005FF2D4B2D4A93ED000AD2ED000AB0EE73
:10496000481AF6F7BFF9284B83ED000ABDEC028B1D
:1049700008BD234B234A93ED007AD2ED007AD3EDA4
:10498000066A234B77EEC77AD3ED000A77EEE67A14
:1049900087EEA67A67EE207AF5EEC07AF1EE10FA8D
:1049A00027D4F4EEE07AF1EE10FAD8BFF0EE670A01
:1049B000154B9FED181A93ED000AF0EE481AF6F722
:1049C00079F9114BB5EEC00AF1EE10FA83ED000A49
:1049D000CCDD114B114A93ED000AD2ED000AB0EE86
:1049E000481AF6F77FF9BDEC028B0B4B83ED000AFA
:1049F00008BDDFED0B0ADBE73C7D002073380020AB
:104A0000D838002004110020000600208C38002037
:104A100084380020CCCC4C3EC83800207C380020A4
:104A20000000000010B52DED028B7B4C637ADB0794
:104A300082B0B0EE408A00F19680E379DB0966D05F
:104A4000237ADB0963D0754B1B780F2B00F0D780DE
:104A5000734A744BD2ED007A93ED007A77EEC77A01
:104A6000F5EEC07AF1EE10FA01D5F1EE677A6E4AF2
:104A70006E4BD2ED066AD3ED000A87EEA67A67EE9A
:104A8000207AF5EEC07AF1EE10FA00F1B580F4EE7E
:104A9000E07AF1EE10FAD8BFF0EE670A644B9FEDB2
:104AA000651A93ED000AF0EE481AF6F703F9604B29
:104AB000614883ED000AF0EE407A604BF5EEC07A73
:104AC000F1EE10FA93ED000A0ADDD0ED000A019034
:104AD000B0EE481AF6F706F9584B019883ED000A34
:104AE0006378574AD0ED000A002161F38613B0EED7
:104AF000481A63701170F6F7F5F8504B83ED000A11
:104B0000237ADB0938D002B0BDEC028B10BD237ACA
:104B1000DB0963785DD1580602D56378990662D5C2
:104B20003F4B93ED000A04F069FE464B1B78002BC7
:104B300057D1454BD3ED007AF5EEC07AF1EE10FA7D
:104B400001D5F1EE677AB7EE007AF4EEC77AF1EEAE
:104B500010FACCBF0122002282F00102637862F3D6
:104B60008613637005E0637843F040036370FFF7DA
:104B7000D3FE237ADB09C6D1637ADA07C3D4A37ADA
:104B80009B07C0D4314B9FED327AD3ED007AF4EE1F
:104B9000C77AF1EE10FA06D49FED2E7AF4EEC77ABA
:104BA000F1EE10FAAFDD244A6378D2ED000A234A11
:104BB000F2EE047A92ED000A23F0400360EEA70AB9
:104BC000B0EE481A6370F6F78DF81C4A82ED000AC1
:104BD00099E743F04003B0EE480A6370FFF79CFE8C
:104BE000C7E70122BAE7B0EE480AFFF781FCB0EE52
:104BF000480AFFF791FEBCE7DFED170A4EE763783E
:104C0000094A0B4943F0400300206370136C0860AD
:104C10005362FFF7EFFCACE73C7D002047380020F3
:104C20000411002040020020D838002084380020E1
:104C300000060020CCCC4C3E7C380020C838002038
:104C400074380020C1060020B07F0020043000200E
:104C5000CDCC4C3ECDCC4C3F0000000010B52DED2E
:104C6000028B834B5A79C2F3C004120702D4BDEC05
:104C7000028B10BD5A797F4822F008025A71FCF766
:104C800021FC7D4A7A4B11780129B0EE408A00F070
:104C9000C7801A78D20744D5FBF7A6FE0028E6D1D4
:104CA000734B5A7AD10776D41A7AD20973D15A78CB
:104CB000520603D55A78930640F1CD806F4A92EDA3
:104CC000000A04F09BFD6E4A694B1278A2B96D4A46
:104CD000D2ED007AF5EEC07AF1EE10FA01D5F1EEE0
:104CE000677AB7EE007AF4EEC77AF1EE10FACCBF2D
:104CF0000122002282F001045A78634964F386128B
:104D00005A705A78540607D50A782AB95F480022A3
:104D1000026142635E4802605A78C2F380120A70F0
:104D20004AE05C495C4A91ED007AD2ED007A534941
:104D30001A7891ED000AB4EEE77AF1EE10FA4CBF62
:104D40000120002060F382021A7004F057FD5349DD
:104D50004F4AD1ED000A92ED000AB0EE481AF5F77D
:104D6000C1FF4F494F484A4AD0ED000AF0EE407A61
:104D7000B0EE481A91ED000AC2ED007AF5F7B2FFE5
:104D80003B4B47495A7881ED000ABDEC028B22F07B
:104D900040025A7010BD3C495A7808784FF0010C17
:104DA00042F0400281F800C05A7000284CD0B0EEAA
:104DB000480AFFF7D3FC2E4B1A7AD2097FF457AF7B
:104DC0005A7AD0073FF553AF9A7A91073FF54FAF24
:104DD000354A9FED367AD2ED007AF4EEC77AF1EEDD
:104DE00010FA07D49FED327AF4EEC77AF1EE10FA9A
:104DF0007FF73DAF29495A78D1ED000A2449F2EEF8
:104E0000047A91ED000A22F0400260EEA70AB0EEAB
:104E1000481A5A70F5F766FF1D4981ED000A26E72A
:104E20001AF0DAFE124B1978C8077FF57AAF124AEA
:104E30001278012A7FF430AFB0EE480ABDEC028B45
:104E4000BDE81040FFF7EEBD1049114800220A618D
:104E50004A630260ABE7B0EE480AFFF749FBB0EEE9
:104E6000480AFFF77BFC084A014B01211170A3E7B8
:104E70003C7D002060380020B18E0020041100200D
:104E8000C1060020B07F002068380020D8380020FC
:104E9000C8380020B47F0020803800207C380020F3
:104EA000000600208C38002004300020CDCC4C3E81
:104EB000CDCC4C3F094B0A49002203F2AC5CDA63CB
:104EC0009A61C3F8F422C3F8D02203F5B16300203D
:104ED000CCF800201A60088088707047803B002062
:104EE0007038002070B5514C4FF42E7303FB004313
:104EF000D3ED126A93ED0B7A2DED028BF1EE667A0B
:104F0000B4EEE77AF1EE10FA82B00646F0EE400A0F
:104F100008D4B4EEE67AF1EE10FAD4BFF0EE477A98
:104F2000F0EE667A424A02EB860292ED007A4FF486
:104F30002E7303FB064337EEC70AD3ED0D7A83EDDC
:104F40000C0A67EE807AF5EEC00AF1EE10FAC3EDB6
:104F5000137A65DDF7EE007A87EEA08A35494FF4C3
:104F60002E7506FB05F5097805F5BC7205F164039D
:104F700022442344002940D01846CDED010A009276
:104F8000F5F726FD20EE080A2544DDED010A00981C
:104F900085ED170AF5F788FD4FF42E7303FB0643E2
:104FA00093ED117AD3ED137A234A83ED170A20EE9D
:104FB000077A92ED006A83ED157A77EE277AFFEE95
:104FC000006A67EE867AF4EEE67AF1EE10FA2AD4F9
:104FD000B7EE007AF4EEC77AF1EE10FAC8BFF0EE41
:104FE000477AF1EE677A4FF42E7303FB0644C4ED63
:104FF000AD7A02B0BDEC028B70BD10462544009323
:10500000F5F752FDD5ED167A85ED160A70EE677A42
:10501000009827EE880A85ED170AF5F77FFCBBE7B5
:105020009FED068A9AE7F7EE007ADCE7803B0020E6
:10503000F87C0020D85E030870000020000000000B
:1050400030B5494B93ED077AD3ED007A2DED028B05
:10505000F0EE400AB1EE470AF4EEC07AF1EE10FA33
:1050600083B008D4F4EEC77AF1EE10FAD4BFB0EEF4
:10507000670AB0EE470A3D4A3D4BD2ED027A30EE68
:10508000670A03F11C04A3EC010AD3ED007AF5EEE4
:10509000C00A67EE807AF1EE10FAC4ED007A5CDDAA
:1050A000F7EE007A87EEA08A324B1B78002B3CD0BB
:1050B0003148314DCDED010AF5F78AFC20EE080AA2
:1050C000DDED010A05ED020A05F58A70F5F7ECFC45
:1050D000A5F10803294AD4ED007A92ED007A284917
:1050E00083ED000A20EE077A91ED006A82ED047AE2
:1050F00077EE277AFFEE006A67EE867AF4EEE67ABC
:10510000F1EE10FA2CD4B7EE007AF4EEC77AF1EE95
:1051100010FAC8BFF0EE477AF1EE677A194BC3ED8B
:10512000007A03B0BDEC028B30BD1748F5F7BCFC2C
:105130001648D0ED007A80ED000A70EE677A0346DB
:1051400067EE887A04330C30B0EE670AC3ED007A5C
:105150000193F5F7E3FB019BBCE79FED0D8AA3E705
:10516000F7EE007ADAE700BF1C410020F87C00204F
:1051700020410020D85E0308544100203441002023
:1051800070000020A4430020684200204841002015
:105190000000000030B5384C384B4FF42E7505FB3D
:1051A000004583B0D3ED000A95ED000A0190F5F7B4
:1051B00069FD334B019895ED0D6A03EB8003D3ED48
:1051C000007AB5EEC00AF1EE677AF1EE10FAC5ED9D
:1051D0000C7A67EE867A45D4B0EE405A294BD3ED6F
:1051E000005AC5EE256AB7EE007A77EE666AF5EEEC
:1051F000C06AF1EE10FA3BD4F4EEC76AF1EE10FA91
:10520000D8BFB0EE667A4FF42E7303FB0043D3EDA4
:10521000126A1D4A67EE877A20EE260AB0EE677A98
:10522000A6EE007A92ED006AC3ED137A67EE067A75
:10523000FFEE006AF4EEE67AF1EE10FA15D4B7EE5E
:10524000007AF4EEC77AF1EE10FAC8BFF0EE477AB2
:10525000F1EE677A4FF42E7303FB0044C4EDAD7A90
:1052600003B030BDB1EE405AB8E7F7EE007AF1E78F
:105270009FED067AC7E700BF803B0020B4380020CE
:10528000F87C0020B83800207000002000000000EA
:105290002DE9F04FC14E2DED028B3368022B93B0F8
:1052A000B0EE408A00F05581DFF83093BC4C09F530
:1052B000AE68CA464D46D4ED000A95ED000AF5F7F2
:1052C000E1FCD5ED086A95EDAB7AA0EE267AF1EE19
:1052D000667AB4EEE77AF1EE10FA40F1FF80C5EDA0
:1052E000027A05F52E754545E5D1AE4D2B78012B9B
:1052F00000F01582AC4FFB79D80700F1CA80AB4BA8
:1053000093ED000AAA4BD3ED028AF9F711FC0DF1D7
:10531000180B38EE801AA74BDAED020A9AEDB00AA4
:1053200083ED001A5846F7F793FA0DF1380A2B78F7
:10533000012B08D0B0EE480A0AA8FBF75DFB0090ED
:10534000002840F0E78159465046F7F70FFA00234E
:105350000093DDED118A0F9ACDED058AFB79049259
:10536000D907109A039240F1AA812B783268012B59
:1053700014BF4FF0020A4FF0010A012A00F03081F9
:10538000012B8D4A0DF10C0B4FF0000617D0DBED11
:10539000007A77EEA77AF5EEC07AF1EE10FA00F116
:1053A000FA80012392F90010002900F0B68099429A
:1053B00000F0B380DFED817A1370C9ED067A022E1A
:1053C00030D0DBED007A99ED046A99ED067AD9EDDB
:1053D000126A77EEA77AA7EE867AF1EE667AF4EE95
:1053E000C77AF1EE10FA73DCB4EEE67AF1EE10FA59
:1053F000D8BFF0EE476A0192B0EE480AC9ED0B6AD9
:1054000030460136FFF76EFDB2453DD32B78019A49
:10541000012B09F52E7902F101020BF1040BB6D133
:10542000022ECED1FB79DB0703D5009B002B00F0C9
:10543000E081634B634AD3ED007A93ED027A624BCD
:10544000D2ED006A78EEA88AA8EEA77AD3ED007AAA
:10545000F4EEE76AF1EE10FAD8BFF0EE667AF1EEFC
:10546000676AF4EEC76AF1EE10FA00F34681B4EE13
:10547000E77AF1EE10FAD8BFF0EE477A43ED077AFB
:10548000B0EE480AFFF7DCFD13B0BDEC028BBDE8BF
:10549000F08F4E4BDAED020A1B680A934C4B9AEDE3
:1054A000B00A1B680B934B4B9FED441A1B680C937F
:1054B000494B0DF1380A1B680D9350460DF1180B3E
:1054C000F7F7C6F952460AA95846F7F7E5F82EE766
:1054D0000192B0EE480AC9ED0B7A91E7D4ED000ACB
:1054E00095ED000AF5F7CEFBD5ED087A95EDAB7A90
:1054F000A0EE277AF4EEC77AF1EE10FA3FF5EFAEA0
:10550000D4ED000A95ED000AF5F7BCFBD5EDAB7ABA
:1055100095ED087AE0EE077AE1E6D9ED056A99EDB6
:10552000067A67EEA67AD9ED076AA8EE277AF1EE39
:10553000667AB4EEE77AF1EE10FA3FF53DAFB4EEDD
:10554000E67AF1EE10FAD4BFF0EE477AF0EE667A22
:1055500032E7144B1C78012C00F0F1801F4D104CE9
:10556000002695ED000AD4ED000AF5F78BFBD5ED8A
:10557000127AB0EE407A67EE877A022EC5ED0B7A8A
:10558000B0EE480A304605F52E7500F0BC80FFF7F6
:10559000A9FC0136E5E74FF0FF3303E7D0380020E0
:1055A000B4380020B18E00203C7D0020CC38002093
:1055B000E07C0020F840002070380020000000004F
:1055C000004100207021002038410020C00F002041
:1055D000BC0F0020B80F0020B40F0020803B00203B
:1055E000964B93ED006A964BD3ED006AC6EE267A91
:1055F000B7EE007A77EE677AF5EEC07AF1EE10FA40
:105600007ED4F4EEC77AF1EE10FAD8BFB0EE677A26
:105610008C4E009B86ED007A002B00F09B804FF0B3
:10562000000B0DF10C080025D8ED007A99ED046A05
:1056300099ED127AC9F818B077EEA77AF1EE478A99
:1056400067EE867A022DF4EEE78A08BFFB79D6ED85
:10565000006AF1EE10FA08DCF4EEC77AF1EE10FA07
:10566000D4BFF0EE678AF0EE478AD4ED000A99EDD8
:10567000000ACDED006AF5F705FBD6ED007A99ED4D
:10568000127AF7EE006A76EEE77A20EE077ADDED21
:10569000006A67EE877A022DE6EEA87A08F1040820
:1056A000B0EE480AC9ED0B7A3FF4EAAE2846013560
:1056B000FFF718FCAA4509F52E79B5D2E4E6F6F70E
:1056C000CBF9B5EEC00AF1EE10FA0CD45E4B9FEDAB
:1056D0005F7AD3ED007AF0EEE77AF4EEC77AF1EE76
:1056E00010FA7FF742AEDFED5A7A5A4BCDED057ACC
:1056F000F0EE678AC3ED007A37E643ED076ABFE64E
:105700009FED537A84E713B0BDEC028BBDE8F04FF8
:10571000FFF796BC0AA95046F7F728F819E64A4B56
:10572000DAED020A9AEDB00A93ED021A4A4F0DF132
:10573000180B5846F7F78CF80DF1380AF7E50020FA
:10574000FFF728FD204613B0BDEC028BBDE8F04FFB
:10575000FFF720BD1D460DF10C0BDFED3D7A022D4C
:10576000C9ED067A53D0DBED007A99ED046A99ED24
:10577000127AD6ED006A77EEA77AF1EE478A67EEE5
:10578000867AF4EEE87AF1EE10FA08D4F4EEC77AED
:10579000F1EE10FAD4BFF0EE678AF0EE478AD4ED4E
:1057A000000A99ED000ACDED006AF5F76BFAD9ED24
:1057B000127A96ED007AF7EE006A60EE277A36EEFE
:1057C000C77ADDED006A67EE877A022DE6EEA87AE9
:1057D0000BF1040BB0EE480AC9ED0B7A3FF450AE62
:1057E00028460135FFF77EFB554509F52E79B4D9DA
:1057F0004AE6D4ED000A98ED000AF5F743FA174B94
:10580000D3ED077A67EE807AC3ED007A38E6FB794C
:10581000DA07A8D5D4ED000A98ED000AF5F732FAB8
:105820000E4BD3ED077AB0EE407A67EE877AB0EE92
:10583000480AC3ED007AFFF703FC25E6E82F0020B5
:10584000B83800209C000020E07C0020508DA73F4D
:1058500000000000084100203C7D00201C41002089
:10586000F0B52DED028B7D4C7D4D7E4F83B0B0EEBB
:10587000408AF3F79BFBF6F7EFF894EDB67AD4ED98
:10588000087AB4EEE77AF1EE10FAF0EE408A9FED76
:10589000760AD8BFF0EE477A27EE800A1BF0AAFE00
:1058A000F4EEC08A2B78F1EE10FACCBF0122002270
:1058B00062F304132B7004F5AE66D4EDAC0A94EDDC
:1058C000AB0A97ED001AF0EE481AF5F7F3F904F574
:1058D0002E74A64204ED030AEFD1644C2378012B09
:1058E00037D013F0FD0F08D0B0EE480A03B0BDEC7E
:1058F000028BBDE8F040F7F777B9002B70D05C4B16
:10590000B7EE000AD6ED007A83ED000AF5EEC07A14
:10591000F1EE10FA00F18E80564AEB7992ED007AA2
:10592000B4EEE77AF1EE10FA4CBF0122002262F3E6
:105930000003EB71EB79DE0713D54F4B4F49186825
:105940004F4B086000221A70B0EE480AFFF7A0FC27
:10595000CAE70220FFF71EFCB0EE480AFFF798FCEA
:10596000C2E7484B1B78002BEED0AB78180708D461
:105970002B78590705D4EB78DA0702D4EB795B066C
:10598000E2D5414A2378D2ED007A002B55D13C4B29
:105990001A78002A55D03D4C94ED000A37EEC00A23
:1059A000F5F748F997ED007A28EE077AF1EE477A95
:1059B000B4EEE70AF1EE10FA08D4B4EEC70AF1EE3D
:1059C00010FAD4BFF0EE407AF0EE477A94ED007A08
:1059D0002A4B77EE877AC4ED007AC3ED007AB3E7FD
:1059E0002B4B1B78052B8AD1FAF7FEFF002886D1B6
:1059F000F6F732F8F7EE007A87EE807AB4EEE77ABF
:105A0000F1EE10FA26D4DFED237AB4EEE77AF1EE68
:105A100010FAD4BFF0EE470AF0EE670A144B9FED80
:105A20001D1A93ED000A0193F0EE481AF5F742F9BA
:105A3000019B67E7F1EE677A6EE7104BC3ED007AE2
:105A400082E70D4A114C92ED000A012284ED000A12
:105A50001A70A3E7F0EE670AE0E700BF803B002082
:105A60003C7D0020702100209A99593FB18E002082
:105A7000A0000020B438002088BD0020CC380020D1
:105A800058380020473800203C210020543800209E
:105A9000387D002057429C3F08B5064B1A211878E4
:105AA0000EF01CFC04480549054A002303600B6006
:105AB000136008BD7090002000060020CC7F0020FD
:105AC000C8380020084808B503781BB9074B0122E5
:105AD0001A7008BD064B0430197806F00BFE034B14
:105AE00001221A7008BD00BFAC7A0308AA43002047
:105AF000F1750308094808B503781BB9084B002263
:105B00001A7008BD074B1978B1FA81F104304909C0
:105B100006F0F0FD024B00221A7008BDAC7A0308B3
:105B2000AA430020F17503083422064B02FB00F063
:105B30001A5C02B97047044A04301178184406F020
:105B4000D9BD00BFDC790308F27503083422074B86
:105B500002FB00F01A5C02B97047054A1178043064
:105B6000B1FA81F11844490906F0C4BDDC79030893
:105B7000F27503083422054B02FB00F01A5C02B9EF
:105B800070470430184406F0BDBD00BFDC7903083F
:105B900010B5174C23784BB994F834307BB994F88E
:105BA0006830ABB994F89C30DBB910BD114B201DA7
:105BB000197806F09FFD94F83430002BEFD00D4B90
:105BC0000D48197806F096FD94F86830002BE9D05E
:105BD000084B0A48197806F08DFD94F89C30002B8C
:105BE000E3D0044B06481978BDE8104006F082BDAA
:105BF000DC790308F2750308147A0308487A03086D
:105C00007C7A030810B51D4C23784BB994F83430D6
:105C100093B994F86830DBB994F89C3023BB10BD7D
:105C2000174B1978B1FA81F1201D490906F062FD80
:105C300094F83430002BECD0114B12481978B1FA9B
:105C400081F1490906F056FD94F86830002BE3D045
:105C50000B4B0D481978B1FA81F1490906F04AFD5C
:105C600094F89C30002BDAD0054B08481978B1FA2B
:105C700081F1BDE81040490906F03CBDDC7903081C
:105C8000F2750308147A0308487A03087C7A03083B
:105C900010B5504C82B022780346002830D002BBA9
:105CA000012B94F834200DD1002A65D194F8683086
:105CB0008BB1494B49481978B1FA81F1490906F08D
:105CC00019FD08E0002A40F08280022B4FD194F8A1
:105CD0006830002B75D194F89C30002B31D102B084
:105CE00010BD3D4A00901178B1FA81F1201D49099B
:105CF00006F000FD009B94F83420012BD4D0E1E79E
:105D0000002A47D194F8342032BB94F86820002A46
:105D1000E1D0314A117831480093B1FA81F1490953
:105D200006F0E8FC009B032BD5D194F89C30002BA7
:105D3000D5D0294B2A48197802B0BDE8104006F0AA
:105D4000D9BC254B26481978B1FA81F1490902B02E
:105D5000BDE8104006F0CEBC1F4A00901178B1FAA1
:105D600081F104F13800490906F0C4FC009B94F865
:105D70006820002AD7D0CCE7174A1A481178019337
:105D8000009206F0B7FC94F86810DDE900230029C2
:105D9000A1D0BFE7104A019011780092201D06F0B3
:105DA000A9FC94F83410DDE900230029DFD0117834
:105DB0000C480093B1FA81F1490906F09BFC009B65
:105DC00083E7054B0548197806F094FC83E7024AFF
:105DD000EDE700BFDC790308F2750308487A030891
:105DE0007C7A0308147A030808B52C20FBF720FC02
:105DF00000B908BD4FF47A712C20FBF7C3FB164B9A
:105E0000164A1B883421D8B201FB00F0115CA9B9F5
:105E100001339BB2032B88BF00231846342101FBBA
:105E200000F00D490B80135C002BE2D00C4B0430CA
:105E300019781044BDE8084006F05CBC084B19789E
:105E40000430B1FA81F11044490906F053FC024BC9
:105E5000024A1B88DCE700BFA8430020DC79030866
:105E6000F27503082DE9F041604B614C187882B05F
:105E700013210EF033FA2778002F6ED194F83450A6
:105E8000002D45D194F86880B8F1000F4DD194F8F9
:105E90009C4074B9002F7ED1002D40F0968055486B
:105EA0000378002B2BD1544B00221A7002B0BDE8AE
:105EB000F081524E337852480193B3FA83F1490985
:105EC00006F018FC019B002F72D1002D57D1B8F1BC
:105ED000000F09D0254631784A48B1FA81F14909C5
:105EE00006F008FC002DDAD031784548B1FA81F18E
:105EF000490906F0FFFB3F480378002BD3D0424B03
:105F00001978B1FA81F10430490906F0F3FBCAE7C8
:105F10003A4E3E483178B1FA81F1490906F0EAFB80
:105F200094F86880B8F1000FB1D0344E354833781A
:105F30000193B3FA83F1490906F0DCFB94F89C4025
:105F4000002CB7D1019B8FB9002D47D1B3FA83F153
:105F50002C48490906F0CEFBA1E7284E3178B1FA6A
:105F600081F1201D490906F0C5FB87E7B3FA83F1EB
:105F70002748490906F0BEFBC5B90025ABE7254611
:105F800031782248B1FA81F1490906F0B3FBB8F142
:105F9000000FA7D09FE7194E1D483178B1FA81F163
:105FA000490906F0A7FB002D3FF479AF0025E7E78C
:105FB000B3FA83F11648490906F09CFB002DDED1A7
:105FC0002546B8F1000F8DD085E70C4B0F481978A6
:105FD000B1FA81F1490906F08DFB60E7B3FA83F16C
:105FE0000A48490906F086FBC7E700BF7090002009
:105FF000DC790308AC7A0308AA430020F275030891
:106000007C7A0308487A0308F1750308147A0308B8
:10601000E07903084FF0E022034B9169034A1960CD
:106020001368013313607047B0430020B44300206D
:10603000704700BF2DE9F04F074689B03E687C4BA2
:106040007C4C9D6ADA6A586B9B6B7B490290B04628
:106050007E6820780192B146BE680393B246FE681E
:10606000B3463E6904967E690596BE690696FE694A
:1060700007960DF0C5FD20780DF0B4FD26786F4928
:1060800030460DF0BDFD294630460DF0C7FD3046C7
:106090000DF0A8FD26786A4930460DF0B1FD019952
:1060A00030460DF0BBFD30460DF09CFD267865496D
:1060B00030460DF0A5FD029930460DF0AFFD30469B
:1060C0000DF090FD2678604930460DF099FD03995A
:1060D00030460DF0A3FD30460DF084FD20780DF024
:1060E00081FD002D77D12578584928460DF088FD8F
:1060F000394628460DF092FD28460DF073FD2578AF
:10610000534928460DF07CFD414628460DF086FD9A
:1061100028460DF067FD25784E4928460DF070FDA4
:10612000494628460DF07AFD28460DF05BFD25789E
:10613000494928460DF064FD514628460DF06EFD94
:1061400028460DF04FFD2578444928460DF058FDAE
:10615000594628460DF062FD28460DF043FD25788E
:106160003F4928460DF04CFD049928460DF056FD98
:1061700028460DF037FD25783A4928460DF040FDB8
:10618000059928460DF04AFD28460DF02BFD25788F
:10619000354928460DF034FD069928460DF03EFDA0
:1061A00028460DF01FFD2578304928460DF028FDC2
:1061B000079928460DF032FD28460DF013FD207892
:1061C0000DF010FD41F28830FBF772F909B0BDE81F
:1061D000F04F02F063BD207825490DF011FD2678BF
:1061E000244930460DF00CFD290C30460DF016FD0B
:1061F00030460DF0F7FC26781F4930460DF000FDC3
:10620000C5F3072130460DF009FD30460DF0EAFCDC
:1062100026781A4930460DF0F3FCE9B230460DF00D
:10622000FDFC30460DF0DEFC20780DF0DBFC5AE77B
:1062300000ED00E070900020485F0308545F030801
:106240005C5F0308645F03086C5F0308945F0308E6
:106250009C5F0308A45F0308AC5F0308B45F0308F6
:10626000BC5F0308C45F0308CC5F0308D45F030866
:10627000745F03087C5F0308845F03088C5F030876
:106280001EF0040F0CBFEFF30880EFF30980DFF876
:106290000410084735600108704700BF704700BF11
:1062A000704700BF704700BF704700BF704700BF16
:1062B00008B5084804211AF0FBF9012800D008BDF0
:1062C0000020FFF757FCBDE80840024804211AF0FF
:1062D000FBB900BF000401401F4B1B7803B170479E
:1062E0001E4B5A8B10B54FF08040114614461AF0E1
:1062F000DFF90128194B00D010BD1B8B0C2B08D8DF
:10630000DFE803F0240707071E070707180707073A
:10631000120000200021FBF7F9FB21464FF08040DE
:10632000BDE810401AF0D0B94FF080401AF0A4F93F
:1063300080B2EFE74FF080401AF09CF980B2E9E7B5
:106340004FF080401AF094F980B2E3E74FF08040BC
:106350001AF08CF980B2DDE784000020887E030803
:1063600008B5074801211AF0A3F900B908BD0620B5
:1063700000F0EAF9BDE80840014801211AF0A4B98B
:10638000000C004008B50C490C481AF043FB0021F2
:106390000A481AF00DFB0A4A0A4B52880A495A80E9
:1063A0005A884B8812B21BB29A4200D108BDBDE890
:1063B0000840012000F0CEB800800028B8640240F8
:1063C0002C6000203C6000204C60002008B50C4987
:1063D0000C481AF01FFB00210A481AF0E9FA0A4A91
:1063E0000A4B92880A499A809A888B8812B21BB20B
:1063F0009A4200D108BDBDE80840022000F0AAB8CA
:1064000000802020A06002402C6000203C60002022
:106410004C60002008B50C490C481AF0FBFA00212A
:106420000A481AF0C5FA0A4A0A4BD2880A49DA80A1
:10643000DA88CB8812B21BB29A4200D108BDBDE8FF
:106440000840032000F086B8008000185860024021
:106450002C6000203C6000204C60002008B50C49F6
:106460000C481AF0D7FA00210A481AF0A1FA0A4A91
:106470000A4B12890A491A811A890B8912B21BB276
:106480009A4200D108BDBDE80840042000F062B87F
:1064900020800020706002402C6000203C600020C2
:1064A0004C60002008B50C490C481AF0B3FA0021E2
:1064B0000A481AF07DFA0A4A0A4B52890A495A8157
:1064C0005A894B8912B21BB29A4200D108BDBDE86D
:1064D0000840052000F03EB800800028B860024067
:1064E0002C6000203C6000204C600020012000F067
:1064F000B5BA00BF022000F0B1BA00BF032000F01F
:10650000ADBA00BF034B044A1B881380042000F07F
:10651000A5BA00BF004C0040AC430020052000F0AD
:106520009DBA00BF012005F00FB900BF012005F0A2
:1065300085B900BF022005F007B900BF022005F0B1
:106540007DB900BF032005F0FFB800BF032005F0B0
:1065500075B900BF2049214A30B50446342000FBFC
:10656000041132F81430886A1D49A50205FA83F334
:106570000B441C4D83B0C36035F8141032F814304E
:1065800009B21BB2994214DD35F8141032F81430F8
:106590000190C91A89B21AF015FA134B35F8142074
:1065A000019823F81420012103B0BDE830401AF00F
:1065B000FFB932F814100190C1F5806189B21AF068
:1065C00001FA094B01980022012123F8142003B09D
:1065D000BDE830401AF0ECB9987703083C60002021
:1065E0005C6000204C6000202C600020F0B5184F4B
:1065F000184D37F8102035F8103012B21BB29A42FD
:1066000083B023D0144E044606EB802616E035F8FE
:1066100014301BB2F35C8DF8073009F095F935F8AA
:1066200014300133C3F3090325F8143037F814206C
:1066300035F8143012B21BB29A4207D007F04AFE66
:10664000034601210DF10700002BE0D103B0F0BD9E
:106650004C6000203C6000205C60002000B583B0EE
:10666000C8B10628034613D0144A342101FB002286
:1066700092F82010B1B91249124A31F8130032F8D9
:10668000133000B21BB2C01A18BF012003B000BD06
:10669000002003B000BD09F029F9B0FA80F04009EC
:1066A00003B000BD0190106B1AF08EF9044A019BF3
:1066B0000449C0F5806022F81300DEE798770308EC
:1066C00004440020F443002000B583B000228DF87C
:1066D000072040B30628034602D1104603B000BD90
:1066E0001549164831F81320DFF854C012B200EBF8
:1066F0008320805C31F813200132C2F3090221F8B3
:1067000013203CF8132031F81310DFF838C0521A68
:106710003CF8131092B209B28A42C0B2DEDD2CF806
:10672000132003B000BD0DF1070009F0E7F89DF854
:10673000070003B000BD00BFF44300201444002054
:1067400004440020DC43002008B5334B1A78002AAB
:106750004ED0324A1278092A4BD9314B314933F89D
:10676000102031F8103012B21BB29A424FD031F8DB
:1067700010302D4A1BB202EB80224FF0010CD35C8B
:1067800031F810200132C2F3090221F81020274A03
:106790006FEA530101F00101D84391806FEAD30100
:1067A00000F0010001F00101508011816FEA9300B7
:1067B0006FEA531100F0010001F00101D0809181D6
:1067C0006FEA13106FEA9311DB0983F0010300F005
:1067D00001001382114B50810020187001F001015B
:1067E000BDE80840A2F800C0D181508206F0D8BAB6
:1067F00008BD0E49181D11F8121005F07BFF074A5D
:10680000137801331370BDE8084006F0C9BABDE83B
:10681000084006F0CBBA00BF547E0308A800002051
:106820004C6000203C6000205C600020C0430020E1
:1068300030B57F4CDFF81CE2225C034608469EF828
:106840000010424083B0E25400296BD0002B71D07D
:10685000062B41D0774C784934F813200D4631F897
:1068600013100132C2F3090209B2914200F0918083
:106870007249DFF8E4E100934FF0340C0CFB031194
:1068800034F813C00EEB832E0FFA8CFC0EF80C00BC
:1068900024F8132091F82020002A6FD148680122A3
:1068A00040F227711AF0A8F9009B34F8132035F84C
:1068B0001310634C521A02F5806034F8131012B2B0
:1068C00000B232EA220228BF024609B2914201DA3E
:1068D00024F8132003B030BD5A4B1B78002BF9D09D
:1068E000544C554AA389154692890133C3F30903D1
:1068F00012B293425BD0A289DFF85CC152490CFA14
:1069000082F202F5C0521070A3810B78092B54D883
:10691000A2894B4B2A4692899A891204DAD5002221
:106920009A81D7E7CDE90003F2F7BAFCDDE900036D
:10693000002B8DD13F49404C0B8822880133C3F393
:10694000090312B29A422BD00A88DFF80CC112B2A6
:106950000CF802000B800B88228839489B1A03F53B
:10696000806102881BB209B233EA230328BF0B46B9
:1069700012B29A42AEDA038003B030BD886A1AF0D0
:1069800027F8009B002890D11846FFF7E3FD009BF5
:106990008BE72E49CA5C42F00102CA5403B030BDF5
:1069A0002A4A137843F00103137003B030BD274A1D
:1069B000937943F0010393718CE7AB890CFA83F36D
:1069C00003F5C0531B78AA890132C2F30902AA81D8
:1069D000D8431F4A00F0010050806FEA530000F0D6
:1069E000010090806FEA930000F00100D0806FEA10
:1069F000D30000F0010010816FEA131000F00100D5
:106A000050816FEA531000F0010090816FEA9310FB
:106A1000DB0983F001031382012300F001001380DE
:106A20000023D08153820B7006F0BAF970E700BFE3
:106A3000B84300204C6000203C6000209877030899
:106A40001C600020547E0308A80000201460002071
:106A5000C0430020FEA000205C60002038B5334B0E
:106A6000342202FB003304465D6840F2255128467B
:106A70001AF0DCF8012822D040F2277128461AF0DB
:106A8000D5F8012800D038BD294A2A4B32F8141015
:106A900033F8142009B212B291422CD133F81420E9
:106AA000234B33F8143012B21BB29A42EBD1284672
:106AB0000022BDE8384040F227711AF09DB8284600
:106AC0001AF08CF81C4B1B5D002BD5D01B4B1B68A0
:106AD0009C42C0B222D01A4A1A4932F8143001EB53
:106AE00084211BB2C85432F814300133C3F30903B4
:106AF00022F81430C0E733F81420134912B201EB26
:106B000084212846895C1AF065F80A4B33F8142072
:106B10000132C2F3090223F81420BFE70B4B9B7923
:106B20005B07A9D5FBF734FAA6E700BF98770308FF
:106B30004C6000203C600020EC430020749000205A
:106B400004440020144400205C6000203C7D0020B0
:106B500010B52D4CC8211D20FAF714FD2B4BD4F88D
:106B6000FCC0D4E936011A46E2E8050194ED3C7B0D
:106B7000D4F8E400106003F5A66181ED007B03F218
:106B80004452D4E94201C2F800C003F5266203F67C
:106B90007423C2E90001D4F814211A60FAF7BEFB8D
:106BA0000B461B49024609680D20C4E91023FAF779
:106BB000E9FC94ED247AF6EE007AB4EEE77AF1EE91
:106BC00010FA1DDDD4ED380A94ED3E0AC4ED277AA3
:106BD0001AF002FC84ED250AF7F7E0FD0D4BDA7997
:106BE00042F00202DA71DA7942F00802DA719A7937
:106BF00042F010029A711A7842F040021A7010BDE9
:106C0000054BC4F89C30E7E7E8A800209016002068
:106C1000E0A800203C7D00200000A0402DE9F047C6
:106C2000DFF830C12DED028BBCE80F0094B008AC4A
:106C30000FC4BCE80F000FC49CE80F0084E80F00ED
:106C4000414B1B78052B08D0DFED407AB0EE670A88
:106C500014B0BDEC028BBDE8F0873D4B9FED3B8A45
:106C600093ED006B03F5A6628DED046B92ED006B66
:106C70008DED066B08AC6069F1F726FBD4E90023C3
:106C8000CDE90201DDE90401F1F7BEF994ED047AE2
:106C900027EE077A074677EE077A884617EE900ABE
:106CA000F1F712FBD4E9022305460E46DDE90601A1
:106CB000F1F7AAF93A4681468A46434638464146A4
:106CC000F1F75AFB2A463346F1F780FC4A4607465D
:106CD0008846534648465146F1F74EFB2A4633460E
:106CE000F1F774FC02460B4638464146F1F78EF93F
:106CF00001F10043009001939DED000B1AF0F4F9AF
:106D0000DDE9020153EC102BF1F736FB054618EED6
:106D1000100A0E46F1F7D8FA0B46024631462846CD
:106D2000F1F774F9F1F700FE183407EE900A14AB8E
:106D3000A342B0EE678A9ED1B0EE670A14B0BDECF4
:106D4000028BBDE8F08700BF387D00200000000006
:106D500090160020F05903082DE9F04F2DED088B17
:106D6000204B214A1B78214D12F903B0542303FB19
:106D70000B5393ED01AA8BB0F7EE007A1D20C7EEFE
:106D80008A8AB0EE408AFAF753FC002840F08886E1
:106D9000542303FB0BF3EA1815F80390B9F1010F24
:106DA00000F0D883B9F1000F30D0B9F1030F00F033
:106DB000DF86DFF850A0DFF850800D4E0023CAF8C0
:106DC0000030C8F80030F3781B0740F17D86094B8E
:106DD000094C1B78094F0A4D052B40F04C8100F0FF
:106DE0004CBD00BFF5000020F861030814620308E1
:106DF0003C7D0020387D0020E8A80020F87C0020A1
:106E00006C7C0020607C0020687C0020E64AE74B18
:106E1000D2ED007A93ED007AE54AE64BD2ED006AB6
:106E200067EE877A93ED007AA7EEA67AB5EEC07A80
:106E3000F1EE10FA00F14486F7EE007AB4EEE77A4C
:106E4000F1EE10FAD8BFF0EE477A542303FB0B5350
:106E500093ED147AD84ADFF8B883D2ED009AD3EDD7
:106E6000045AD8ED006A38EE077A77EEE97A88EEB0
:106E7000076AF5EEC06AE6EE279A9FEDE87AC2ED62
:106E8000009A29EEA59AF1EE10FAF0EE49AAEAEE80
:106E900047AAB0EE65BA00F13886F7EE007A26EE22
:106EA000A66A9FEDC67AC64BDFF868A3CDED006AEF
:106EB00067EEC67A93ED001BE7EE87AA03F5A6639B
:106EC000C04FC14C6AEEA8AA93ED000BCAED00AA10
:106ED000FFF7A4FE9FEDBD7ADDED006AD4F89020A7
:106EE00020EE077A5423AAEE887A03FB0B53D3EDE6
:106EF00002AAB74B37EE267A6AEEAA6AB2EE086AA1
:106F000066EE8A6AB7EE085A86EE26AAF0EE045AB2
:106F10008AEE056ACAEE255AF5EE007A88ED007A07
:106F20006BEE277A93EDAD7AD7ED006AA94B27EE89
:106F3000877AF5EEC06A27EE2A7AF1EE10FA27EE8C
:106F4000067AF0EE65BA27EE297A1A6000F10C860F
:106F5000F0EE005A26EEA66A9F4ECDED007AA6EE20
:106F6000257A9E4DE8EE476AC7ED006A96ED000A65
:106F70001AF080FB95ED016ADDED007AB5EEC06A8E
:106F8000F1EE10FA29EE007A00F1EA85F7EE005AE8
:106F900066EE066A9FED895A914B65EEE65AD7ED8B
:106FA000016AA5EE857AF5EEC06A27EE287AF1EE41
:106FB00010FAA8EE076A93ED007A85ED016A67EE94
:106FC000877A67EEAA7A67EE8A7A67EEA97A00F185
:106FD000C385B0EE006A26EEA67A96ED010AE7EECA
:106FE000067AE8EE676AC7ED016A1AF043FB95ED91
:106FF000046AB5EEC06AF1EE10FA29EE007A00F1EB
:10700000A785F7EE007A66EE066ADFED6C5A754BDF
:1070100067EEE67ADFED746AA7EEA57A6BEE267A64
:1070200027EE287AD7ED026AA8EE076A93ED007A78
:1070300085ED046A67EE877AF5EEC06A67EEAA7A94
:10704000F1EE10FA67EEAB7A67EEA97A00F17C8573
:10705000B0EE006A26EEA67A644EE7EE067AE7EE18
:10706000C86AC7ED026AF3781A0704D5604B1B782B
:10707000052B00F01A86F9F7B7FC38B1D7ED007A86
:107080009FED5C7A77EE877AC7ED007ADFF888B1FA
:1070900098ED007ADBED007AE7EE087AFEEE006A02
:1070A000F4EEE67AF1EE10FACBED007A40F11185BC
:1070B000DFED517AB0EE677AC8ED007ACBED007A59
:1070C000B9F1030F00F00B85374BDFED406AD3EDCC
:1070D000007A384B93ED006A77EE867AF4EEE67A22
:1070E000F1EE10FA40F115857378DFED437A434AEB
:1070F000CBED007A23F08003C8ED007ACAED007A68
:10710000C7ED007AC7ED017AC7ED027A7370B378E4
:1071100023F00103B3702E4B0A211170C3EDAD7A39
:1071200003F26C52B9F1010F03F62403C2ED007AA9
:10713000C3ED007A00F0BC859FED310AC5ED017A00
:10714000F0EE670AC5ED047A0023C4F8F830C4F8FD
:10715000E0302C4B2C4993ED001A2C4DB1EE411A26
:10716000A1F11800F3F7D8FCF6EE007AD7ED024A49
:1071700097ED007AD5ED023A97ED015A95ED003A78
:10718000D5ED012A95ED034A68EE277A67EEA44A09
:1071900027EE855A24EEA36A67EE877AA5EE036A86
:1071A00063EEE75A3CE000BFB0380020A0000020AA
:1071B000A4000020C83800205C7C0020C7FAD03D25
:1071C00090160020F87C0020E8A800200AD7233C75
:1071D000803B0020DC2F0020E07C00206C7C002025
:1071E000EC400020A44300208FC2753C3C7D002071
:1071F000387D00200ADA643A000000004738002099
:107200000000008088BD0020E0A90020AC00002024
:10721000687C0020607C0020647C00200AE81C411F
:1072200062EEE46AE2EEC55AA7EEC46AE7EE836A4C
:10723000E4EEC45A27EEA27A36EE226AF0EE477ADE
:10724000B0EE667A75EE835AE4EE837AA5EE047AA0
:1072500026EE060A37EE237AA5EEA50AE5EE637A56
:10726000A7EE070A77EE847AC5ED005AA7EEA70AC3
:1072700085ED016A85ED027AC5ED037AF3F73AFCF4
:10728000D5ED037AD5ED005A95ED016A95ED027AB8
:10729000DAED003A60EE255A20EE066A20EE077A13
:1072A00020EE270A25EE86AA25EE875A65EEA56A06
:1072B00066EE06AA66EE009A67EE007A67EE070AA7
:1072C00039EEC54A7AEE274A25EE802AC5ED005AE6
:1072D00085ED027A66EE075A36EEEA7A68EE898A1A
:1072E00020EE001A34EE044A74EEA44A37EE603AF7
:1072F00085ED016A1FED376A94ED3E9A85ED030A2C
:10730000B9F1010F64EE282A64EEA81A73EE863AEA
:1073100033EE013AD4ED388A05D197ED026AE6EEF4
:10732000492AE6EE281A814B36EEAA6A77EECA7A27
:1073300072EE256A37EE207A35EE295A36EE606A0B
:1073400037EE417A77EEA77A75EEC25A76EEA66AE4
:1073500036EE416A75EEA55A66EEA16A27EE217AED
:1073600035EE055A67EEA17AE6EE226AA5EEA27A1C
:10737000E5EE227AE4EE236AA4EEA37AE3EE237A22
:10738000DBED009A9FED6A6AF4EEC69AF1EE666A4A
:10739000B1EE477AF1EE677AF1EE10FAC3ED016AC9
:1073A00083ED007AC3ED027A09DDF7EE007A78EE1C
:1073B000868A39EE679AC4ED388A84ED3E9A68EE83
:1073C000287A17EE900AF0F77FFFD4E93623F0F71A
:1073D0001DFE68EE097AC4E93601CDE9000117EE19
:1073E000900AF0F771FF02460B46D4E93C01F0F732
:1073F0000DFE28EEA87AD8ED007AC4ED218AA9EE18
:10740000097AC4E93C01F1EEC76AF1EE677A9DEDB5
:10741000000BC4ED237AC4ED457AC4ED447AC4ED83
:10742000246A84ED229AC4ED398A84ED3F9AC4ED32
:10743000129A15F0D5FFD4E914232067C4F8D000C0
:10744000D4E93C01F1F7C2F841EC100B15F0C8FF8C
:10745000384B9BED006A1A78374B384983ED006A48
:1074600002EB420301EB8303D3ED017A6067C4F8BA
:10747000E800B4EEE76A3248F1EE10FA80ED016AF6
:10748000C0F23583D3ED027AB4EEE76AF1EE10FA7A
:1074900094BF01200020B37860F3C713B370B378B2
:1074A000DB0905D102EB420201EB820393ED026A94
:1074B00095ED015AD5ED007AF378D5ED024AD5ED78
:1074C000035A2048D8F8001080ED006A25EE057AAE
:1074D00023F04003A7EEA77AF370337A1A48A4EE9C
:1074E000E47A43F00103337265EEE76A67EEA47A4B
:1074F000E5EE246A7279154BE5EE257A42F0080232
:10750000A5EEE57A76EEA66A83ED007A77EEA77AA5
:1075100072710F4A0160C3ED016A1160C3ED027A16
:107520000BB0BDEC088BBDE8F08F00BF047D0020E0
:107530000000000078A6002004110020F089030854
:10754000D87F00207CA60020B47F00207CBD0020D6
:10755000B07F0020E34EF3789F07C3F3400240F171
:10756000A382E14B93ED009AF37898071ED4DF4B8A
:10757000D3ED007AF5EEC07AF1EE10FA01D5F1EE16
:10758000677ADB4B93ED007AA7EE279AB5EEC09AA7
:10759000F1EE10FA00F18583D64BD3ED007AB4EE0C
:1075A000E79AF1EE10FAC8BFB0EE679AB5EEC09A4E
:1075B000F1EE10FA00F16683F7EE007AB4EEE79A86
:1075C000F1EE10FACCBF01220022F7EE007A002A79
:1075D00018BFB0EE679AC84BD3F8983207EE903ACE
:1075E00079EE677ABFEE00AAF4EECA7AF1EE10FAED
:1075F00000F18882B7EE007AF4EEC77AF1EE10FA65
:10760000D4BFB0EE67AAB0EE47AA3AEE077A542389
:1076100003FB0B5393ED056AD3ED067AD3ED046AB1
:1076200026EE077A29EE269AB4EEE77AF1EE10FA02
:1076300008D4D3ED077AB4EEE77AF1EE10FAD8BFAA
:10764000F0EE477AAD4B8DED046AC3ED007AAC4B9A
:10765000CDED037AD3ED015AAA4CCDED005AB0EE30
:10766000650A19F0C7FFA84BDFF8E082D3ED004AA6
:10767000A64BD8ED00AA93ED005ADFF8D4A2542708
:1076800007FB0B5797ED137AD7ED126A94EE857AC4
:1076900094ED361BC7EE009A94ED3C0BE6EE8A9A09
:1076A000C8ED009AFFF7BAFA9DED046A97ED0C7ADF
:1076B000DDED037A964B974FDDED005AB7EE005A99
:1076C000C5EE066A79EE809A79EEEAAAC8ED009ACC
:1076D0008AEE885A66EEA79A97ED006AD3EDAD6AF6
:1076E0008AED005A69EEA99A27EE267AB5EEC06AAD
:1076F000F1EE10FA27EE297A00F10182F0EE004A4D
:1077000026EE065A844BD7ED016AA5EE247AF5EEF3
:10771000C06AA8EE476AF1EE10FAF0EE46AA93EDC1
:10772000006A4FF0540303FB0B5393ED0D7A27EEE1
:10773000067A27EE297A00F1DF81B0EE005A26EEB4
:10774000A66AF5EEC07AA6EE057AF1EE10FAE8EE3A
:10775000476AB0EE66AA40F3CC81704B93ED007A95
:10776000B1EE470AF4EEC05AF1EE10FA08D4F4EE86
:10777000C75AF1EE10FAD4BFB0EE650AB0EE470A70
:10778000CDED007A19F0B0FFDFED656ADDED007A2E
:10779000644B97ED027A20EE260AD3ED006A80EE64
:1077A000276A542303FB0B53D3ED0E5A37EE466A78
:1077B00066EEA56AB5EEC06AF1EE10FA66EEA96A49
:1077C00000F16C82F0EE005A26EE466AE5EE866A1B
:1077D000A6EE887A542303FB0B5393ED0F6AF1EE68
:1077E000466AF4EECA6AF1EE10FA08DCB4EEC6AAF4
:1077F000F1EE10FAD4BFF0EE4A6AF0EE466A542376
:1078000003FB0B5393ED106AC7ED016AF1EE466A74
:10781000F4EEEA6AF1EE10FA08DCF4EEC6AAF1EE34
:1078200010FAD4BFF0EE6A6AF0EE466A542303FB06
:107830000B5393ED116AC7ED006AF1EE466AF4EE60
:10784000C76AF1EE10FA08DCB4EEC67AF1EE10FA6F
:10785000D4BFF0EE476AF0EE466A334DC7ED026AD8
:10786000F1EE677AC5ED017AF37819077FF503AC7D
:107870002E4B1B78052B7FF4FEABDFF8D8B02C4BDA
:10788000DFED2C9A93ED00AADFED2B4ADBED003AF9
:10789000CDED064A38EE0AAAB0EE690AAAEE240A2D
:1078A00083ED00AACDED073A19F0E4FEDFED235A8F
:1078B000F0EE407A9FED220ACDED055AB6EE005A61
:1078C000AAEE250AF0EE69AAE7EE85AA8DED045A24
:1078D00019F0D0FE9FED1B6ADFED1B6A8DED036A88
:1078E0004AE000BF3C7D0020B038002008060020A0
:1078F0009C38002090380020B8810020DC2F002028
:10790000E07C0020E8A8002000060020803800204D
:10791000803B0020F87C0020EC4000206821002003
:107920000AE81C41A44300206C7C0020387D002024
:10793000907C002000000000FF545640BB8CFF40AC
:107940009A99D93FC3F5A83EC0308C41687C00208D
:10795000607C002000670308666646407B142E3E6C
:107960006666663F66662640CDCCCC3ECDCC0C40EC
:10797000CDCC4C3F3333F33FF0EE407A1FED0A0A93
:10798000CDED096AE7EE86AAAAEE260A19F072FE84
:107990001FED0E7ADDED073A97ED004ADDED064A60
:1079A0008DED007AF0EE6A7AE0EE077ACDED084AC6
:1079B00067EEA37A1FED160AA8EE274AAAEE240A5C
:1079C00087ED004A9BED014A8DED074A19F052FE02
:1079D000DDED055A5FED1D7A9DED045AEAEE257A3C
:1079E000F0EE69AAE0EE05AAB0EE670A8DED065A40
:1079F00019F040FEDDED096A5FED257A9DED036A21
:107A0000CDED036AEAEE267AE0EE06AAB0EE670A4A
:107A10008DED046A19F02EFE9DED007A9DED074A6A
:107A2000DDED084AD7ED017A5FED303AE0EE07AAC6
:107A3000EAEE243A6AEE84AAB0EE630AE8EE2A7A05
:107A4000C7ED017A19F016FEDDED055A5FED387AC3
:107A50009DED065ADBED02AAEAEE257AE0EE059AE4
:107A6000B0EE670A19F006FEDDED036A5FED3F7ABE
:107A70009DED046AEAEE267AE0EE069AB0EE670A19
:107A800019F0F8FD9DED007AD7ED027AE0EE079A45
:107A900069EEAA9AE9EE887AC7ED027AFFF7EBBAA7
:107AA000FFF756F8FFF774B98B4B1B78002B00F0EB
:107AB000EC80F3789FED899A9C073FF586AD56E5FB
:107AC000DFED867AFFF7C1B9854C864F864DFFF70B
:107AD000D2BAF5EEC07AF1EE10FA7FF6F1AA95ED82
:107AE000010AD5ED040AB1EE400AFFF732BB0020CF
:107AF000D1E49FED7A7A6DE6B8EE005A1FE6F8EE13
:107B0000004AFDE59FED757A81E5FFEE007AFFF70B
:107B1000C6B9DAED007AF5EEC07AF1EE10FA4FF060
:107B2000000301D5CAF8003095ED010AD5ED040A2D
:107B3000B5EEC07A0023F1EE10FA48BFC8F8003065
:107B4000B1EE400AFFF705BBB8EE006AFFF782BA54
:107B5000FFEE007AFFF757BAB8EE006AFFF73BBABC
:107B6000FFEE005AFFF714BAF8EE005AFFF7F2B929
:107B70005E4BD2ED076AD3ED007A92ED096A5C4B59
:107B80005C4A93ED007AD2ED005AB5EEC07A77EEFA
:107B9000A57AF1EE10FA67EEA67A00F19980F0EE80
:107BA000475A26EE256A27EE467AE8EE077AF5EE82
:107BB000C07AF1EE10FA00F18680F4EEE67AF1EE8A
:107BC00010FAD8BFF0EE676AF7EE005AF6EE007AC8
:107BD000E6EEA75A484A92ED007AC3ED006AFEEE3F
:107BE000007AB4EEE77AF1EE10FA08D4F6EE007AF5
:107BF000B4EEE77AF1EE10FAD8BFF0EE477A394FDB
:107C0000542303FB0B5595ED116A97ED027A66EE4E
:107C1000277AB5EEC07AF1EE10FA67EEA57A4FD466
:107C2000B0EE005A67EE474AF1EE465AE4EE857A26
:107C3000A7EE887AB4EEE57AF1EE10FA08D4B4EE45
:107C4000C67AF1EE10FAD4BFF0EE475AF0EE465A7B
:107C5000DFED227ADFF8A8A0DFF8A880224D274EBA
:107C6000C7ED025AC7ED007AC7ED017ACAED007A76
:107C7000C8ED007AC5ED016AF378194CB0EE679A49
:107C8000FFF7F9B99FED159AA5E4184B93ED009A0B
:107C9000184BD3ED007A39EE279A65E4F8EE005AD6
:107CA00092E59FED0E9A00228FE4DFF85CB0E6E5E6
:107CB00095ED010AD5ED040AB1EE400AFFF744BA8A
:107CC000B8EE005AAEE7DFED056AF7EE005A81E73D
:107CD000F1EE475A65E700BF90BE002000000000AB
:107CE000E8A80020F87C00206C7C0020B038002040
:107CF000DC2F0020C8380020EC4000203C7D002014
:107D0000607C0020687C00200C67030800000000F5
:107D100070B56B4B6B4D187884B01C210CF0DEFAFB
:107D2000EB781B0701D404B070BDF8F723FD66495A
:107D3000664A674C6748C4F8A40000230B608B6058
:107D40004B604B610B61CB600B62CB618B6102F5C9
:107D500026619FED577B0B605F49C4F828115F498E
:107D6000C4F8E81061675E49E16702F5A66EC4F8E1
:107D7000801040F20A31A4F831104FF07E5102F623
:107D80004C2C02ED057BCEF8003002F21C5613603D
:107D9000C4F89810A2F1140147A3D3E900234FF0CF
:107DA0007C50C4F89C004F48C4F8D0008CED007B98
:107DB00086ED007B8DED007BC4E9142320670391E1
:107DC00015F0FEFA0399606F81ED000B84ED360B20
:107DD00015F0F6FAD4E9142351EC100BF0F7CCFAB5
:107DE0009DED007B404BC6E90001C4E93C011D202C
:107DF000002184ED427B83ED0E7BF9F7C3FB1D2050
:107E0000F9F716FC002850D16B799FED380A3849F4
:107E1000384A81ED000A43F010036B716B783649E4
:107E2000364881ED000A23F004036B706B7982ED14
:107E3000030A43F002036B71AB7882ED020A43F050
:107E40002003AB70EB7982ED010AB7EE007A43F0C4
:107E5000020382ED007AEB7180ED000A8DED007A6D
:107E600001F0CCFC264B274A1B78D356264A5421D6
:107E700001FB03F3D118D35C43B1D1ED037A234A5C
:107E800017EE903AC2F8983204B070BD9DED007ABA
:107E900091ED046AD1ED017AC7EE066A9FED1C7A76
:107EA00067EE877A67EEA67AE9E7FEF751FEABE761
:107EB0000000000000000000000000009A1EEA3FE1
:107EC000709000203C7D00206C7C0020A4160020D7
:107ED000E8A800206666663FCDCC4C3E5488E0584A
:107EE0000000A03F1721F7EA182D00200000000035
:107EF000687C0020AC000020907C0020647C002086
:107F0000F5000020F861030814620308B88100201E
:107F10000AE81C413F4B4049D3F87C22D1ED007A5E
:107F2000D3F88012D3F89002DFF804C107EE102ACC
:107F3000D3F88C229CED003AD3F868C277EEC77A6A
:107F400003EE902A07EE101AD3F88422D3F8941285
:107F5000E7EE873A04EE100A07EE102AD3F88822DB
:107F6000D3F87402A7EE874A04EE901A07EE102A9F
:107F70002A492B4A91ED005AD1ED015A91ED026A3E
:107F8000D2ED016AD3F87012E7EE874A02EE900A4A
:107F900092ED007AD3F86402D2ED027AD3F8782217
:107FA00076EEE26A35EE635A02EE901A75EEC45A26
:107FB00036EE646A37EE627A25EE035A02EE902AB4
:107FC00065EE835AD3F86C221649174BC1ED003A7F
:107FD00026EE436A03EE100A77EEE27A27EE037A82
:107FE00002EE90CA03EE102A66EEA26A0F4A81EDF5
:107FF000014A67EEC37AC1ED024A82ED005AC2ED32
:10800000015A82ED026AC3ED016A83ED007AC3ED85
:10801000027A7047B8810020BC000020C07C00209C
:10802000CC7C0020107D0020047D0020F87C002006
:10803000F87503082DE9F84FD64BDFF88493D64E38
:10804000D64CD74FD74DDFF87CB3DFF87CA3DFF8F1
:108050007C832DED028B002093ED008AFDF764FDFB
:10806000B9F80000F9F798F9B0EE480A12F022FECC
:10807000336823603B602B60736863607B606B6078
:10808000B368A360BB60AB60DBF80030CAF80030B7
:108090000123C8F800302FE097ED017AF4EEC77A9B
:1080A000F1EE10FA01D5C7ED017A94ED027AD6ED22
:1080B000027AD5ED025A37EE877AF4EEE57AF1EEE0
:1080C00010FA84ED027A49DCD7ED025AF4EEE57A33
:1080D000F1EE10FA01D5C7ED027ADAED007AD8F8A0
:1080E0000030DBED005A013377EEA57AF92BCAEDAB
:1080F000007AC8F8003037DCB9F80000F9F74CF91D
:10810000B0EE480A12F0D6FD94ED006AD6ED007A82
:1081100095ED007A37EE866AF4EEC77AF1EE10FA42
:1081200084ED006A1DDC97ED007AF4EEC77AF1EE7B
:1081300010FA01D5C7ED007AD4ED016AD6ED017AC7
:1081400095ED017A77EEA66AF4EEC77AF1EE10FAB1
:10815000C4ED016AA0DDC5ED017AA6E7C5ED027A9E
:10816000BBE7C5ED007AE7E79FED8F5AD5ED005AE2
:108170008E4B86EE054A97ED006AD3ED003A84ED0A
:10818000004A75EEC45A36EE446AF5EEC05AF1EE76
:1081900010FAC5ED005A87ED006A00F19F80B5EE38
:1081A000C06AF1EE10FA00F18E80B4EEE56AF1EEED
:1081B00010FAC8BFF0EE465A9FED7B5A95ED016A62
:1081C000C6EE854AD7ED016AC4ED014A36EE646A0F
:1081D000F4EEE53AF1EE10FA76EEE46AB5EEC06A36
:1081E000CCBF01230023F1EE10FA85ED016AC7ED43
:1081F000016A00F19580F5EEC06AF1EE10FA00F127
:10820000AB80F4EEC66AF1EE10FAC8BFB0EE666A53
:10821000DFED655AD5ED026A87EE255A03F00103BA
:10822000D7ED025A84ED025A36EEC57AF4EEC63A1C
:10823000F1EE10FA75EEC56AB5EEC07AD8BF00232C
:10824000F1EE10FA85ED027AC7ED026A57D4F5EE29
:10825000C06AF1EE10FA00F18A80F4EEC76AF1EE1E
:1082600010FAC8BFB0EE667AF4EEC73A504AF1EEA3
:1082700010FA03F00103D8BF00231370002B60D065
:108280009FED497A4B494C48C7EE877A007814EE47
:10829000103A14EE902A17EE904AC1F88C32C1F8C9
:1082A000902215EE103A454AC1F87C420124C1F8EB
:1082B000943214700DF030F8BDEC028B2046BDE80E
:1082C000F84FFDF731BCB1EE466AB4EEE56AF1EE67
:1082D00010FA7FF771AFF0EE465A6DE7B5EEC06A5F
:1082E000F1EE10FAB1EE655A4CD4B4EEC56AF1EE77
:1082F00010FAD4BFF0EE455AF0EE465A5CE7F5EEC0
:10830000C06AF1EE10FAB1EE476A69D4F4EEC66ABB
:10831000F1EE10FAD4BFB0EE467AB0EE667AA3E77B
:10832000F5EEC06AF1EE10FAF1EE465A50D4F4EED2
:10833000E56AF1EE10FAD4BFB0EE656AB0EE666A97
:1083400066E70220082100F0C5FBBDEC028B01208E
:10835000BDE8F84FFDF7E8BBF1EE666AB4EEE66AF9
:10836000F1EE10FA7FF554AFB0EE666A50E7F1EE29
:10837000666AB4EEE67AF1EE10FA7FF575AFB0EE0C
:10838000667A71E7B4EEE56AF1EE10FA30D5B1EE37
:10839000466AA0E7347D0020C07C0020B47C002029
:1083A000A87C00209C7C002000007A431C7D0020DB
:1083B000DD7C0020B881002070900020B08100207A
:1083C000E0000020BC000020987C0020947C00206D
:1083D000F4EEC66AF1EE10FA0DD5F1EE666AC3E767
:1083E000B4EEE67AF1EE10FA08DDF1EE666AC6E761
:1083F000F0EE455AE0E6B0EE656A09E7B0EE467A7F
:1084000032E700BF38B5164B164C1878164D1421BC
:108410000BF064FF154BDFED166A93ED007A154AF9
:1084200015491648C6EE877A00230B6003602B605F
:108430002360C2ED007AF4F783F8114BA36012F0C9
:10844000D1FE104A104992F85F224B79A2F1010245
:10845000B2FA82F2520962F304134B7138BD00BFC5
:1084600070900020047D0020F87C0020F87503083F
:1084700035FA8E3C1C7D0020C07C0020CC7C002086
:108480000AE81CC1B88100203C7D00202DE9F8439A
:108490005B4B5C4FDFF890815B4E5C4D2DED088BA4
:1084A00081460220D3ED00BA9FED598AFDF73CFBCF
:1084B000584B4FF4FA601A68C7F864220023C7F8D3
:1084C0007032C7F86822C7F86C22C7F87432C7F850
:1084D0007832C7F88032C7F88432C7F88832C7F8D4
:1084E0008C32C7F89032C7F89432F8F755FFB0EEE7
:1084F0006B0A12F0DFFBB0EE489AB0EE48AAF0EE3D
:10850000489AB0EE48BAF0EE48AAF0EE488A4FF426
:108510009674F4F78DFA4FF4FA60F8F73DFFB0EE79
:108520006B0A12F0C7FB013CD8ED004A96ED005AE9
:10853000D5ED005A96ED016AD5ED016A96ED027A05
:10854000D5ED027AA4B278EEA48A7AEE85AA3BEE43
:1085500025BA79EE869A3AEE26AA39EE079A38EECF
:10856000278A002CD5D12C49DFED2C7A4A792C4B67
:108570002BEE27BA42F0100268EEA78A6AEEA7AA8D
:1085800093ED007A4A711BEE102A98EE277AC7F80D
:10859000702201242AEE27AA18EE903A1AEE902AA9
:1085A00069EEA79A29EE279AC7F87C32C7F860329D
:1085B000C7F88C221B4B87F85F421AEE102A17EE81
:1085C000100AC7F874221C7019EE902A19EE103A9E
:1085D000C7F89022C7F89432C7F8780202F0BAFCC4
:1085E0002146082000F076FA0220FDF7AFFABDEC34
:1085F000088B224648463421BDE8F8430BF0C0BE44
:10860000347D0020B8810020C07C0020CC7C00207C
:1086100000000000FC7503083C7D00200E745A3BEE
:1086200000760308B0810020BC0000202DE9F04F47
:108630002DED028B91B0AE4B0190022093ED008A9C
:10864000AC4FDFEDAD8AAD4EDFF8C8A2DFF8C892BF
:10865000FDF76AFAAA4B4FF000081B68C7F86432AE
:10866000C7F86832C7F86C32C7F87082C7F87482EE
:10867000C7F87882C7F88082C7F88482C7F88882F2
:10868000C7F88C82C7F89082C7F89482F4F7D0F9C3
:108690004FF4FA60F8F780FEB0EE480A12F00AFBD9
:1086A000D6ED007AF4EEE87AF1EE10FA06DC6420FA
:1086B000F8F7FEFE0220FDF75DFAE7E710AB08EBE6
:1086C0004804142503EB880B03EB84044FF4FA6091
:1086D000F8F762FEB0EE480A12F0ECFA5BED0E4AD3
:1086E00014ED065A54ED0C5A14ED056A54ED0B6A5C
:1086F00014ED047A54ED0A7A96ED004A9AED001AC8
:10870000D9ED001A9AED012AD9ED012A9AED023A23
:10871000D9ED023A74EE844A35EE015A75EEA15A4B
:1087200036EE026A76EEA26A37EE037A77EEA37A25
:10873000013DADB24BED0E4A04ED065A44ED0C5A24
:1087400004ED056A44ED0B6A04ED047A44ED0A7AFF
:10875000002DBBD1B8F1000F00F0AA80DFED697ADF
:10876000DDED0A5A9DED025ADDED0B3A9DED0D4A05
:10877000DDED036A9DED0E7A9DED0C6ADDED0F4A8D
:10878000DDED042A604B65EEA75A25EE275A63EE0D
:10879000A73AB0EE653A94EE273AB0EE454A96EE27
:1087A000A74AF0EE636AD7EE276A26EE276AC6EE7E
:1087B000846AB0EE467A94EEA77A83EE043A87EEA6
:1087C000047A16EE904ADDED076ADDED094AC7F836
:1087D000844266EEA76A13EE105A17EE100A9DED5A
:1087E000063A9DED087AC7F8805264EEA74AE2EE99
:1087F000A76AC7F88802E3EE274A27EE277A9DED9D
:10880000053AA3EE277AB6EE003AD3ED007A66EE8B
:10881000836A15EE103AD4EE837AC7F87C3216EEEE
:10882000903A15EE901A27EE037AC7F8703216EEDA
:10883000103A13EE902AC7F88C12C7F8943217EE4C
:10884000101A17EE903AB5EEC04AF1EE10FAC7F8DA
:108850007412C7F89022C7F878323ED4F3EE047A47
:10886000B4EEE74AF1EE10FA4CBF01210021274A8D
:10887000537961F3041353715379DB0623D5012433
:108880002146082087F85F4200F024F90220FDF716
:108890005DF90198224634210BF072FD1C4B012238
:1088A0001A7011B0BDEC028BBDE8F04F02F052BB64
:1088B0000121F2EE047A084674EE278A4FF001088F
:1088C00000F008F9E2E600F0E9F9FF22019887F8E4
:1088D0005F2234210BF054FDE0E7FBEE047AB4EEA6
:1088E000E74AF1EE10FACCBF01210021BFE700BF3B
:1088F000347D0020B88100200000C8C2BC000020E8
:10890000FC750308CDCC4C3D007603083C7D00206F
:10891000B0810020C07C0020CC7C0020174B18497F
:10892000D3F87C22D1ED007AD3F88012D3F89002EC
:1089300007EE102AD3F88C2277EEC77A06EE102ABB
:1089400007EE101AD3F88422A7EE876A06EE900A83
:1089500007EE102AD3F88822D3F89432E7EE876A1C
:1089600005EE902A07EE103AA7EEA57A054B83EDA7
:10897000006AC3ED016A83ED027A7047B881002076
:10898000BC000020107D002008B51C4BDA781207CF
:1089900014D51B4ADFED1B7A92ED007A1A78B4EEFB
:1089A000E77AF1EE10FA4CBF0121002161F3C30216
:1089B0001A70DA7861F38612DA7008BD124803F093
:1089C00095FE1249DFF848C091F800E00B4BB0FA71
:1089D00080F0400986450ED0BCF90020002A09DD50
:1089E000511E0EF001001A78ACF8001060F3C302BB
:1089F0001A7008BD08706421F5E700BF3C7D0020B7
:108A000004110020CDCCCC3D187B0308217D002033
:108A1000CC00002008B5174B1B78012B13D0164B48
:108A2000164A1B7843B903F0FF03117963F3C711AA
:108A300011711079C00908BD5379C3F3800383F025
:108A40000103DBB2F1E70E4890F83430002BE6D09A
:108A5000383003F04BFE094A28B15079C0F380004A
:108A600080F00100C0B2137960F3C713137110795D
:108A7000C00908BD227D0020B28E00203C7D002070
:108A8000AC7A030808B5104B5A79D10609D50F4ABC
:108A9000127852B11A79520608D40D4B1B78012B6B
:108AA00003D02720F8F7C4FD20B908BD5B799B07E8
:108AB000FBD4F2E727204FF4FA71F8F763FDBDE825
:108AC00008400020FDF756B83C7D0020AC8E002009
:108AD000B18E002070B506460D46FCF7F3FF56B187
:108AE000642303FB06F600244FF47A700134F8F790
:108AF00053FCB442F8DBFCF7FDFF55B1642303FBE4
:108B000005F500244FF47A700134F8F745FCAC42C7
:108B1000F8DB70BDC8B170B506460025FCF7D2FF82
:108B2000C8244FF47A70F8F737FC013CF9D1FCF710
:108B3000E1FF4FF448744FF47A70F8F72DFC013CD4
:108B4000F9D10135B542E9D170BD7047084B9B7929
:108B50009B0700D5704700B583B00190FCF7B2FFCA
:108B60000199042003B05DF804EBF8F70BBD00BFDA
:108B70003C7D002008B5404B5A7912F0200FC2F31B
:108B800040113E4A41D0042111703D4A1278002A1A
:108B900039D15A79C2F34011920625D59A7961F3F9
:108BA00041029A719A79910741D55A79920631D545
:108BB00040F6B8334FF0FA0C3249334A0B601520B7
:108BC000C2F800C0F8F734FD002834D02F4B2E4AED
:108BD0001B78002B30D02B4915200968F8F7D2FC00
:108BE000BDE80840FCF786BF1A789006C2F3401132
:108BF000D4D4274A1278042A05D0092A03D0254A5A
:108C00001278032A2CD10121C8E710780028BCD0A3
:108C10001170BAE71B789B0616D41F4B1B78DBB983
:108C20001B4B1B78042B21D07D239C46C4E70420DA
:108C3000F8F7FEFC60B908BD11681520F8F7A2FC32
:108C4000BDE80840FCF73EBF4FF416739C46B3E7FF
:108C5000BDE80840FCF74EBF4FF47A739C46ABE783
:108C60000D4A1178003918BF012197E741F28E2390
:108C70004FF0FA0CA0E700BF3C7D002046380020F2
:108C8000237D0020C8000020C4000020AA4300204B
:108C9000387D0020473800207438002000200AF07A
:108CA000B5BE00BF08B5194B1B789BB9184BD3ED67
:108CB000017AF5EEC07AF1EE10FA0DD49FED157A37
:108CC000F4EEC77AF1EE10FA0DD54FF4FA612220D6
:108CD000F8F758FC002008BD9FED0F7AF4EEC77A34
:108CE000F1EE10FAF1DC2220F8F7A2FC0028F1D016
:108CF0000A4A0B4B92ED007AD3ED007AB4EEE77A94
:108D0000F1EE10FAE6DD074BDB78E3E7B18E0020E9
:108D1000E07C0020AA619C3FAA619CBFB038002083
:108D2000AC3800203C7D00204B4B1B78192B4B4B63
:108D300053D01A7912070AD401209A78D20702D4A4
:108D40005A78D2094BD0464A0123137070475A799A
:108D50005007C2F38001EFD4424A92F90020002A62
:108D6000EADC00B5404A1278012A83B044D03F4A79
:108D700012782AB15979C1F3800181F00101C9B299
:108D80001A7961F3C7121A711A79D20902D0384AD6
:108D9000127892B95A79D1070FD4364A127862B94B
:108DA0001A79920609D55A79D00606D59A7891068D
:108DB00031D4314A527C052A2DD001209A78D1072E
:108DC00015D45A78D20912D11B79254AC3F3C003AE
:108DD00083F00103137003B000BD0020ADE71B79E1
:108DE0001F4AC3F3C00383F00103137070471C4A8A
:108DF0000123137003B000BD204890F83420002AEE
:108E0000B5D03830CDE9001303F070FCDDE9001374
:108E10000028B5D0AEE71A4A12788AB11A795206FC
:108E200002D55A7990070BD41649134A097802EBF8
:108E300001125278022A03D0134A1278012ABCD1B7
:108E40001A789106B9D41A7A1207B6D49A78D0074C
:108E5000B3D45878C009B1E7F50000203C7D00206C
:108E6000237D0020E42F0020227D0020B28E0020F0
:108E7000247D00204438002008760308AC7A0308DB
:108E8000AC8E0020F7000020B18E00202DE9F843C1
:108E9000354C364900202070034660700246A070B1
:108EA000E07020716071A071E07120726072A07238
:108EB000E07241F8232001332F2BFAD12C4B2D489F
:108EC000DFF8F490DFF8F4802B4F2C4E00240025BF
:108ED000C3E900454FF49872C3E902450021C3E994
:108EE0000445C3E90645C3E908451CF01FFC40F6EC
:108EF000F872002122481CF019FC22484FF42A7213
:108F000000211CF013FC204B254618464FF42E720E
:108F100000211CF00BFC3D51355104340C2C49F858
:108F2000045B48F8045B00F52E73EED11749184A2C
:108F30001848194C002313600B60184B1849194A44
:108F40000D7000260027C3E900674FF07E530360D1
:108F500015482360072111700360144A144815490D
:108F600003601160BDE8F8833C7D0020B82E00202E
:108F7000782F0020E8A80020047D0020E07C00205D
:108F800080110020D8380020803B002004300020D1
:108F9000B0380020F82F0020F42F0020D00000204F
:108FA000DD7C0020387D0020F02F0020AC38002030
:108FB000A8380020CCCCCC3DF87C0020EC7C0020F4
:108FC00080B170B5084E0546002430780FF092F954
:108FD0000020FDF70BFB01343220F8F769FAA542B7
:108FE000F3D170BD704700BF709000202DE9884814
:108FF0007D2018F01DF8002840F03A83C04DDFF8BE
:1090000050830D232B70F8F769FB4FF47A70F8F753
:109010004FFA1024FFF73AFF0F232B7002F0C4F928
:109020002C7004F05BF9B74B214618780BF056F919
:109030000A20FFF7C5FF11F0E5FCF7F7AFFBFCF7DF
:1090400011FF0020FCF770FDF2F7A6F8FFF7DAF940
:1090500016F064F8F2F71CFD00F008FC0A20FFF798
:10906000AFFF02F097FF11F01DFEFCF715FDF3F7BF
:1090700039FD0A20FFF7A4FF15F0E2FA98F8033053
:109080001C0700F1FA82F6F739FAFCF7BBFD022162
:109090000820FFF71FFD98F80330DFED9B8A9B4FF8
:1090A000DFF8B0A29A4CDFF8B092DFF880B29FED03
:1090B000998A23F0200388F80330F8F717FD964BC0
:1090C0000020D3E90023F8F769FA944B01201870C7
:1090D00007232B70FCF7DCFDF3F75CFC00260DE0AA
:1090E0002068342303FB009393F82030002B7ED1BB
:1090F000F9F708FD0020F8F7A9FA18BB0A20F3F7E2
:109100009FFCF3F795FC2878052818BF02280CBFB0
:1091100001200020F3F716FC3B78192BE0D1804B9F
:109120008AED008A1E707F4B1E707F4B1E7098F870
:109130000430002043F0080388F80430F8F786FA7A
:109140000028DBD0744B0020D3E90023F8F726FA7F
:109150007648F8F7B7F9764B0D2083ED000AF3F760
:109160006FFCF0F76BFA98F80A30580740F1D48199
:1091700098F80A30590740F1BE810D20F3F760FCE2
:10918000604B187800F07CFD0E20F3F759FC15F0C9
:1091900079F9F7F751F8FFF7F7FBFFF7EBFCFFF76B
:1091A00071FC584B18780FF0A5F800200FF0A2F8CA
:1091B0000020FDF71BFA06F06DFF11F02BFC2B7859
:1091C0000C2B64D8DFE813F07D0115014F01190065
:1091D0006401EB0063004201DD00CA008E00630001
:1091E00081002078FDF770FAF8F7D2FE2068C0B24F
:1091F000FDF734FA0028F4D17AE7FBF761F800F0C4
:109200000FFB98F8033023F0200388F80330FFF7B2
:1092100001FC002800F0C28101F0AAFF98F8073095
:10922000980703D598F80030590630D5414B9AED90
:10923000007AD3ED007AB4EEE77AF1EE10FAC0F2DC
:10924000FB814FF4FA612220F8F79CF93A49162085
:10925000F8F798F938490720F8F794F944F62061AF
:109260000E20F8F78FF9F6F70DFAF8F71BF9334BE4
:10927000186098F8033043F0200388F80330052382
:109280002B702F4B2F49D3E90023C1E90023F8F7B6
:1092900045F8DBF800302A4AC01ADBF804301060C9
:1092A00061EB030116465160FFF7B4FB48B1D6E904
:1092B0000012244ED6E900038842934138BFC6E924
:1092C0000012214A0123137008E7FFF7A3FB0028CF
:1092D00000F0F48098F80030DB0900F0B981092330
:1092E0002B70D4E7FEF7A6FE184B1B78002BCED0D0
:1092F0004FF4FA611720F8F745F901232B70C6E700
:10930000387D0020709000200AD7233DF500002012
:109310007490002000000000E0000020247D002068
:10932000493700204A370020E42F0020287D002004
:10933000307D0020AC380020C0D40100B82E0020C1
:10934000D8000020D0000020F6000020DD7C0020A6
:109350003C7D00200430002098770308FAF7B0FF26
:1093600098F80530C3F30006DB0740F10D810320B8
:10937000FCF7ECFB0120FCF7D7FBC14A0923137073
:1093800085E7FAF79DFF00F04BFAFFF743FB18B9AA
:109390003B78192B7FF47BAF00232B7077E7B94B19
:1093A0001B78012B00F02781FAF78EFCB648F6F700
:1093B00075FCDAED007AF4EEE87AF1EE10FA09D5F0
:1093C000B04B1B78002B00F0C380FFF723FB002875
:1093D00000F0BE80FBF720F8FFF764FC002800F0E7
:1093E000AD800520F9F7B2FFF6F706FF04232B70D6
:1093F0004DE7FAF765FF1720F8F71AF900283FF450
:1094000046AF0320FFF786FB02210820FFF762FB2F
:109410004FF4FA612220F8F7B5F89C491620F8F7C6
:10942000B1F89A490720F8F7ADF844F620610E200C
:10943000F8F7A8F83B78192B00F00D8198F8073061
:109440009A077FF54CAF0C232B7020E7FAF738FF13
:1094500000F0E6F9FFF768FC0646002800F0A78058
:10946000FCF796FB13E7FFF7D5FA00285AD0884B94
:10947000DAED007AD3ED006A864B77EEA67A93EDAB
:10948000007AF4EEC77AF1EE10FA4BDD0523F7E629
:10949000804B9AED007AD3ED007AB4EEE77AF1EEE4
:1094A00010FA52D57C4A002313707C4A01231370B2
:1094B000EFF792FEF3F7CAFDFCF7A4FB07232B702E
:1094C000E5E6FAF7FDFE02210820FFF703FBEFF7C0
:1094D000BFFEFCF7E1FAF3F705FBF6F70FF8F7F735
:1094E000D3FE6F4B6F4A1B78127813437FF400AFA3
:1094F0000A232B70CBE60C20F3F7A2FA6A4B93ED0C
:10950000000A1E46F2F78AFE0D20F3F799FA96ED4F
:10951000000AFCF7A5F937E60B20F3F791FA01F002
:109520006DFA25E6FBF7C6FC0520F8F781F8002860
:1095300069D1584B5D4A1B681360A8E6FBF78EFBA8
:1095400098F801305B067FF5A2AEFCF74DFC9EE675
:109550004FF4FA612220F8F715F84C491620F8F775
:1095600011F84A490720F8F70DF844F620610E205B
:10957000F8F708F840F6C4110520F8F703F8F6F7F5
:109580003BFE02232B7082E60120FCF7DFFA03206A
:10959000FCF7CAFA3A4B1E70032371E601F0DAFCBD
:1095A000EFF71AFEF3F752FD07232B706FE6022147
:1095B0000820FFF78FFA394B3D4A1E70304B1E7062
:1095C00098F8033066F3041388F8033098F80830ED
:1095D00066F3C71388F8083098F8003066F3C713AD
:1095E00088F800300320DAF800301360FCF750FBF5
:1095F00008232B704BE698F809305A067FF5D4AE55
:10960000F6F7EAFAD0E6294B4FF4FA61222083ED0F
:10961000008AF7F7B7FF1D491620F7F7B3FF1B497C
:109620000720F7F7AFFF44F620610E20F7F7AAFFF7
:109630000320FCF72DFBAFE71620F7F7F9FF002812
:109640003FF425AE0820F9F781FE04232B701EE6B7
:10965000F6F768FA1BE6FCF79BFA98F8033023F05C
:10966000200388F80330FAF72BFE0B232B700EE64D
:109670000AF0E6F90F4B1870C0E4FEF749FB02E56B
:1096800046380020B18E0020E8210020C0D401001F
:10969000C8380020AC380020B28E0020247D002085
:1096A000AE8E0020DD7C0020307D0020B038002010
:1096B000A838002001A1002040B9DFED157A9FED08
:1096C000157A37EEC00A20EE070A704700B5DFEDC5
:1096D000127A83B020EE270ACDED010A17F0BAFE08
:1096E000DFED0E7A20EE270A17F078FE9FED0C7A58
:1096F000DDED010AF7EE007A37EEC00A70EE870A58
:10970000DFED087A20EE200A20EE270A03B000BD24
:1097100080E6C547A627AC3D08942537B4C9423E2C
:10972000339388439ED81943F8B52A4C11F0E0FFD3
:10973000A378980604D5E3781907C3F3C00511D5BB
:10974000254A0023194653602448254C254A0160C8
:109750002160254825490023036013600B60536393
:109760001361F8BDA37965F30003A371F7F7D6FD84
:109770001F4BC3181E4641F1000711F01FFE11F0E8
:10978000B7F9A3791B4A4FF001011170DA0719D517
:10979000A37923F00103A371F7F7C0FD864205F119
:1097A000010577EB01012DB201D3C82DE5D1A378D6
:1097B0005B0604D5104B5A790AB11968C4E7064B09
:1097C0005968C1E7F7F7AAFD864277EB0101D4D2C9
:1097D000EDE700BF3C7D0020D87F00200411002071
:1097E000C87F0020D8380020CC7F00200006002051
:1097F00080969800F60000207CA60020054B0648C5
:10980000064980ED000A002283ED000A0A605A63CF
:109810001A617047D8380020CC7F00200006002055
:109820000B490C4A10B500240C700B4950680B4CC6
:109830000B4A206000230B600A4913600B605363DE
:109840001361EEF741FD084CC4E90E0110BD00BFE5
:10985000D07F0020D87F0020CC7F0020C87F002050
:10986000D838002000060020182D0020134B10B51A
:109870001878134C17210AF031FD1248B7EE000A90
:10988000F1F7F4F8104B114893ED000AF5EE007A69
:1098900020EE270AF1F7EAF80D480E490E4A002398
:1098A0004FF0000C84F800C003600B60136011F0EF
:1098B0006FF9BDE81040FFF737BF00BF7090002080
:1098C000B87F0020487D0020300000207C7E0020F2
:1098D000B07F0020B47F002004110020F8B5294F8C
:1098E0007B7FB970012B0C46F962054634D0022B00
:1098F00028D028463E780AF0B9FC4A2128460AF0CA
:109900001BFA422128460AF017FA314628460AF087
:1099100013FA214628461C4C0AF00EFA04F14006C0
:1099200054F8041F28460AF027FAA642F8D1284620
:109930000AF0ACFC15483C2200211BF0F7FE002386
:109940007B77F8BDB7F92030B7F91E20C7E913239C
:10995000B7F922307B65CCE7B7F91E20B7F9203084
:10996000C7E91323B7F92220B7F92430C7E9152333
:10997000B7F92830B7F92620C7E91723B7F92A30F5
:109980007B66B6E708810020308100203881002006
:10999000F0B5514E91B000236FF00D02CDE90C33BC
:1099A000CDE90E3300920F4696F820400546F7F7B2
:1099B000B5FC4A4BDFED4A7AD3ED015A93ED006ACC
:1099C00093ED027A474B484A93ED025AD3ED016A70
:1099D0001278019027EE277A25EE275ABDEEC77A36
:1099E000BDEEC55A8DED077A93ED007A3F4B8DEDB4
:1099F0000A5A93ED005A029265EEA75A26EE276A9C
:109A000066EEA76A27EE277A65EE277A384A96F837
:109A1000213012780497FDEEE77AFDEEE55ABDEEAF
:109A2000C66AFDEEE66ABDEEC77ACDED0B7A03920B
:109A3000CDED055A8DED066ACDED086A8DED097AFA
:109A4000F3B1621E02F00F02B018B15C027C012B70
:109A500042EA01220C9213D0A21E02F00F02B018AB
:109A6000B15C027C022B42EA01220D9208D0033C39
:109A700004F00F04315D3444227C42EA01220E924C
:109A80001C4996F82020C9781B0643EA012313439A
:109A900028460F930AF0EAFB4A2128460AF04CF9BF
:109AA000422128460AF048F9FF2128460AF044F9E5
:109AB000002128460AF040F9ADF104040FAE54F835
:109AC000041F28460AF058F9A642F8D1284611B0DA
:109AD000BDE8F0400AF0DABB40800020047D0020A1
:109AE00000007A44F87C0020387D0020BC00002073
:109AF000473800200876030810B40648064C837ADD
:109B0000002123F004032170837210BC03486C22EF
:109B10001BF00CBE3C7D002000810020088100204D
:109B2000F8B5402205460F464C484D4E00211BF02B
:109B3000FDFDFEF76FFF10B1F3781B074BD5494CC5
:109B40006C22002120461BF0F1FD012F27706AD006
:109B5000022F6DD07521002002F044FCE071003826
:109B600018BF012040F601032279207763803E4B25
:109B700003EB02133D4ADB78637103EB430302EB13
:109B8000C30328465B686361B37A002243F0040391
:109B9000A261B3720AF06AFB4A2128460AF0CCF8A7
:109BA000422128460AF0C8F8394628460AF0C4F887
:109BB000002128462E4C0AF0BFF804F1400654F864
:109BC000041F28460AF0D8F8B442F8D12846BDE868
:109BD000F8400AF05BBB234E03224FF0FF332846C8
:109BE0007270F3620AF042FB4A2128460AF0A4F898
:109BF000422128460AF0A0F8394628460AF09CF887
:109C0000FF2128460AF098F806F12804683654F82F
:109C1000041F28460AF0B0F8B442F8D12846BDE83F
:109C2000F8400AF033BB134BA7701A7822719EE7F5
:109C3000F1F72EFF482200210F481BF077FD242268
:109C40000E4800211BF072FD0C4A0023C2E90933C3
:109C50001363D36201232279A37088E73481002043
:109C60003C7D00200881002008760308588F0020E2
:109C700030810020F7000020B88000208480002080
:109C80002DE9F041AD4FBB7A5B078CB042D5AC4CAF
:109C90002578012D064635D0022D46D0002D3CD02A
:109CA000032363706FF00103E3620AF0DFFA4A21D5
:109CB00030460AF041F8422130460AF03DF8294684
:109CC00030460AF039F8FF2130460AF035F804F141
:109CD0002805683455F8041F30460AF04DF8A542AF
:109CE000F8D130460AF0D2FABB7A964C944800215B
:109CF00023F00403BB726C2221700CB0BDE8F0416C
:109D00001BF014BDA378012B00F08980042B1CD01C
:109D10000423A3700CB0BDE8F081A378013B032BB2
:109D2000F6D8DFE803F050692F5FA178022900F030
:109D3000158104297DD00129EAD1834B1A6BB2F534
:109D40007A7FC0F01A83A570E4E763797F4A61697E
:109D50007C4D03EB430302EBC303A2685B685B1A11
:109D6000C4E90C23D4E90332FF21C4E90E23FFF731
:109D7000B5FDBB7A002123F004032046BB726C22A0
:109D80002970BAE7402504E06B1E13F0FF0500F0D0
:109D90005D8108AB0E2220793B2102F07BFBA3689A
:109DA0000133DAB2A360002AEED12079752102F0E6
:109DB00019FB237F002BE7D0E3798342E4D02369AA
:109DC00001332361E0E7E378772B40F2A58200239B
:109DD000C4E903330221A170A3600CB0BDE8F041D7
:109DE000FFF77CBDA369A268FF21C4E90C232369A6
:109DF000A363FFF773FD77E7A3687F2B40F2A6828A
:109E00006379524903EB4303002201EBC3030321AF
:109E1000A170A26022615B68C4E90532DDE7A36836
:109E2000B3F57A6FC0F0688102220421A270236327
:109E3000D3E7454B9FED467A596A9A6A93ED0D6ACE
:109E4000D3ED0E7AD3ED0F4AA1630A449A62DA6A1F
:109E5000226326EE075A1A6B626367EE875A64EE36
:109E6000876A1A68BDEEC55AFDEEE55AFDEEE66A50
:109E7000012A84ED0F5AC4ED105AC4ED116A00F2A4
:109E800033820022A2645A68012A00F2138200225F
:109E9000E2649A68012A00F2DB81002267EEA77A69
:109EA0009FED2C5AD3ED156AD3ED135A2265E6EED9
:109EB000067A9A6993ED146AE4EEA47A012ADFED3A
:109EC000244AB1EEE77A66EE857A65EE855AFDEEB4
:109ED000E77A26EE056AC4ED177A67EE247AFDEE7E
:109EE000E55ABDEEC66AFDEEE77AC4ED155A84ED7B
:109EF000166AC4ED187A00F29381002204213046DC
:109F000003936266FFF7EAFC039BDA6A01320E2ACA
:109F1000DA6200F2B884482200210F4803931BF054
:109F200005FC2422002108481BF000FC039B0022B2
:109F300001215A621A63A170ECE600BF3C7D00204B
:109F4000088100200081002084800020588F00209C
:109F500000007A440000C842B8800020C94BDFED01
:109F6000CA7AD3ED005A93ED017A93ED026AC74B9A
:109F70009FEDC74AD3ED012A93ED003AD3ED023AA3
:109F8000C44BDFEDC51AD3ED024A65EEA56A27EE94
:109F9000275AE7EE076A93ED007AE6EE066A27EEA7
:109FA000047AB1EEE62AD3ED016ABC4B66EE846A10
:109FB00064EE844A93ED004AB94B65EEA75A26EE4B
:109FC000276A62EEA72A23EE273A63EEA73A66EEE7
:109FD000A16A27EE217A64EEA14A22EE272A64EED6
:109FE000277A1A6B2263FDEEE44ABDEEC22ABDEE6B
:109FF000C55AFDEEE55ABDEEC66AFDEEE22ABDEE9B
:10A00000C33AFDEEE33AFDEEE66ABDEEC77AFDEE39
:10A01000E77A5A6ADB6AC4ED164A84ED172A84EDA2
:10A020000E5AC4ED0F5A84ED106AC4ED112A84ED66
:10A03000123AC4ED133AC4ED146A84ED157AC4EDF6
:10A04000187A63636266FFF749FC61E6637F93BB3E
:10A050009DF820109DF821309DF8222003EB01236C
:10A06000E3839DF823309DF8241003EB022323841F
:10A070009DF825309DF8262003EB012363849DF88D
:10A0800027309DF8281003EB0223A3849DF8293084
:10A090009DF82A2003EB0123E3849DF82B309DF8E3
:10A0A0002C1003EB022323859DF82D30012203EBB6
:10A0B00001236385627763797A4A216903EB43035D
:10A0C00002EBC30362695B689B1AA361A268002963
:10A0D00040F09D8044F61F60824200F29880C2F3F7
:10A0E0000905002D7FF416AE30460321C4E90D3575
:10A0F0002263FFF7F3FB0DE6207908AB062203216C
:10A1000002F0C8F9002800F03481BDF82410089846
:10A11000BDF82030627FBDF822E049BA40BADBBA10
:10A120000DB222B90222C4F81E006184627713F5D1
:10A13000805F00F0D2839EFABEFE1EF5805F00F0C5
:10A14000CC8315F5805F00F0C883DFF860C19CF810
:10A150000020002A00F0CB83534FB7F900209A4229
:10A16000904600F0CB83B3EB080244BF5A42A2EB07
:10A170000802B7F902303860B2F5967FD8BF4FF0C9
:10A1800000081A46C8BF4FF00108BEEB030344BFE6
:10A19000CEF100039B1AB7F904E0B980B3F5967FBE
:10A1A000D4BF00230123B5EB0E0244BF6A42A2EBE9
:10A1B0000E02B2F5967F4FF0010143EA0803D4BFC7
:10A1C000002201228CF80010002B40F08C83002A22
:10A1D00040F08983E3680133E360A3680133C3F38C
:10A1E0000902A360002A7FF495AD62792D492569A3
:10A1F00002EB420201EBC20261695268A563521A86
:10A2000030460221C4E90C32FFF768FB82E5C4E95D
:10A210000D31304604212263A170FFF75FFB79E521
:10A22000013A07EE902A93ED1C7AF8EE677A87EEF2
:10A23000270AB5EE400AF1EE10FA00F1A183F1EE23
:10A24000C07A67EE857AFDEEE77A17EE902A55E63A
:10A25000013A07EE102AD3ED186AB8EE477A86EE77
:10A26000870AB5EE400AF1EE10FA00F15583B1EE1F
:10A27000C07ADFED056A27EE267ABDEEC77A17EEC3
:10A28000102A0BE6047D002000007A44F87C0020B0
:10A29000E12E6542E07C00200000C842BC000020A6
:10A2A00084800020588F0020388000203E800020CD
:10A2B00000007A44013A07EE102AD3ED176AB8EE8F
:10A2C000477A86EE870AB5EE400AF1EE10FA00F101
:10A2D0003D83B1EEC07A5FED0A6A27EE267ABDEEC5
:10A2E000C77A17EE102AD3E5013A06EE902AD3ED8D
:10A2F000165AF8EE666A85EEA60AB5EE400AF1EE49
:10A3000010FA00F14D83F1EEC06A66EE876ABDEE89
:10A31000E67A17EE102AB5E5590008AB20790093CC
:10A320000022012301F0FE0101F0F2FCE37850B1BC
:10A33000A2790132D2B20D2AA271226303D804EBB2
:10A340008202590051630233E370E3E420797521FE
:10A3500002F048F8237F002B00F0A782E3798342C4
:10A3600000F0A382236901332361A3680133A36052
:10A37000D0E42369013323612CE7E64EE64D96EDE8
:10A38000000AE64CCDE9031310F094FCFDF7C2FD82
:10A3900096ED000AF1F708FF9FEDE14AD6ED004A7D
:10A3A000D5ED022A95ED002AD5ED011A94ED021A99
:10A3B000D4ED000A94ED010AF0EE443AB0EE443ACE
:10A3C000F1F796FCF1F776F9049B95ED001A1A68FF
:10A3D000D3ED0D1AD4ED000AD3ED102A93ED165AE1
:10A3E000D048D3ED195AD3ED133A9FEDCF4A93EDF0
:10A3F0001C6A0399013207EE902A31EE612AF8EEC9
:10A40000677A1A60DA6882EE277A0132DA6007EE3C
:10A41000902A30EEE23AF8EE676A37EE217AC3EE20
:10A42000267A9A69013271EE471AD0ED006A83EDFF
:10A430000D7AB0EE457AA1EE827A9A6177EEA27A31
:10A4400083ED167A30EEE77AC3ED107AF0EE657A96
:10A45000E7EE037AF0EE634AD6EE844AC3ED197A4A
:10A4600007EE902AB8EE677AB4EE411AC4EE877A06
:10A47000F1EE10FA77EEA37AB0EE677A96EE847A70
:10A48000C3ED137AF0EE467AE7EE247AC3ED1C7A38
:10A4900040F01182DFEDA57AB4EEE71AF1EE10FA82
:10A4A00000F30982DFEDA27AB4EEE71AF1EE10FABA
:10A4B0004CBF01260026F4EE600AF1EE10FA40F0DF
:10A4C000F881DFED9A7AF4EEE70AF1EE10FA00F384
:10A4D000F081DFED977AF4EEE70AF1EE10FA4CBF67
:10A4E00001270027D3ED141ADA6990ED016A9FED78
:10A4F0008E2A93ED1D5A95ED010AD4ED010A93EDD4
:10A500000E3AD3ED175A93ED114A93ED1A7A0132B0
:10A51000F0EE612A07EE902AD6EE022ADA615A6836
:10A52000B8EE671A0132C2EE817A5A6070EE433A91
:10A5300077EEA17A70EEC44AF0EE671AD6EE021AF0
:10A54000C3ED147AF0EE457AE1EEA27AB4EE400A59
:10A55000C3ED1D7A07EE902AB8EE675A1A69C3EE6A
:10A56000857A01321A61F1EE10FA77EE837A30EED5
:10A57000675AC3ED0E7AF0EE657AE5EE237AC3ED05
:10A58000177A07EE902AF8EE675AC4EEA57A77EEAE
:10A59000847A70EEE75AC3ED117AF0EE477AE5EE71
:10A5A000A47AC3ED1A7A40F08E81DFED607AB4EEC2
:10A5B000E70AF1EE10FA00F38681DFED5D7AB4EE82
:10A5C000E70AF1EE10FA48BF46F001063743F4EE11
:10A5D000600AF1EE10FA40F07481DFED547AF4EE87
:10A5E000E70AF1EE10FA00F36C81DFED517AF4EE38
:10A5F000E70AF1EE10FA4CBF012600265A69D4EDA5
:10A60000025A93ED120A95ED025AD0ED024A93EDEB
:10A61000151ADFED451AD3ED0F2A93ED184A0132D2
:10A6200007EE902A5A611A6A75EEC00AF8EE677A48
:10A630000132B0EE412A80EEA77A1A6207EE902A24
:10A6400094EEA12A9A68F8EE673A37EE007AC2EEE5
:10A65000237A01329A6035EEC70A77EE817A83ED6C
:10A66000127AB0EE671A94EEA11A93ED1E7AC3ED3A
:10A67000157AF0EE477AE2EE017A35EE623AC3EDF2
:10A680001E7A07EE902AB8EE677AD3ED1B3AC3EE36
:10A69000077AE0EE803A77EEA27AB4EE455A35EECC
:10A6A000677AC3ED0F7AF0EE447AE3EE077AF1EEC3
:10A6B00010FAC3ED1B3AC3ED187A40F00081DFEDCC
:10A6C0001B7AB4EEE75AF1EE10FA00F3F880DFEDF2
:10A6D000187AB4EEE75AF1EE10FA48BF47F00107D6
:10A6E00046EA0700F4EE655AF1EE10FA40F0E58014
:10A6F000DFED0E7AF4EEE75AF1EE10FA00F3DD80AA
:10A70000DFED0B7AF4EEE75AF1EE10FA4CBF0122BE
:10A7100000220FE0307D0020047D0020F87C002026
:10A7200000000000E07C0020E12E6542CAF2497181
:10A73000CAF249F1A84CD4ED007AF4EE677AF1EE52
:10A7400010FA40F0C8809FEDA57AF4EEC77AF1EEDA
:10A7500010FA00F3C0809FEDA27AF4EEC77AF1EE12
:10A7600010FA48BF40F0010002439E48D0ED007A45
:10A77000F4EE677AF1EE10FA40F0AB809FED977A35
:10A78000F4EEC77AF1EE10FA00F3A3809FED947A0D
:10A79000F4EEC77AF1EE10FA48BF42F00102924897
:10A7A000D0ED007AF4EE677AF1EE10FA40F08F8087
:10A7B0009FED8A7AF4EEC77AF1EE10FA00F3878003
:10A7C0009FED877AF4EEC77AF1EE10FA48BF42F0B7
:10A7D00001028648D0ED007AF4EE677AF1EE10FAC5
:10A7E00073D19FED7E7AF4EEC77AF1EE10FA6CDC4D
:10A7F0009FED7B7AF4EEC77AF1EE10FA48BF42F093
:10A800000102B4EE466AF1EE10FA10D1DFED737A70
:10A81000B4EEE76AF1EE10FA09DCDFED717AB4EE1E
:10A82000E76AF1EE10FA54BF114642F00101F4EE6E
:10A83000666AF1EE10FA34D1DFED687AF4EEE76A79
:10A84000F1EE10FA2DDCF4EE644AF1EE10FA28D1A4
:10A85000F4EEE74AF1EE10FA23DCDFED617AF4EE74
:10A86000E74AF1EE10FA1CD4F4EEE76AF1EE10FAC2
:10A8700054BF0A4641F00102D2B292B91A6B0132BA
:10A880001A63FFF747BA9B6AA3634FF47A73226394
:10A89000FF2103FB02F230466263FFF71FF8FFF768
:10A8A00023BA5A6A01325A62E8E7E3680133E36087
:10A8B0005BE5012716E60E46FDE501223AE7012099
:10A8C00010E701269AE6012781E6012299E7012295
:10A8D0007FE7012263E7012247E7454B454A1860BD
:10A8E00099800123137023690133236175E4404B80
:10A8F0001860998001238CF800306BE4B7F90220CE
:10A9000072457FF430ACB7F90420AA427FF42BAC37
:10A9100001238CF80030E6E70693CDED054ACDED36
:10A92000047A8DED036A16F03DFE9FED337A9DEDBE
:10A93000036ADDED054A069B20EE077AFDEEC77A35
:10A9400017EE902ADDED047AFFF7A8BA0693CDED55
:10A95000054ACDED047A8DED036A16F023FE9FEDD6
:10A96000267A9DED036ADDED054A069B20EE077A07
:10A97000FDEEC77A17EE902ADDED047AFFF788BA6C
:10A9800004938DED035A16F00DFE9DED035A049BC2
:10A9900060EE057AFDEEE77A17EE902AFFF7AEBA81
:10A9A00007938DED067ACDED054ACDED047A8DED58
:10A9B000036A16F0F7FD9DED067A9DED036ADDED65
:10A9C000054A079B20EE077AFDEEC77A17EE902A1C
:10A9D000DDED047AFFF756BAC00F0020CAF24971C4
:10A9E000CAF249F1BC0F0020B80F0020B40F0020BC
:10A9F000388000203E80002000007A4470B58448F2
:10AA0000844C0278A568002A4CD0834B1E78F6F758
:10AA100085FC824BDFF828C21A68801A5A6861EBFD
:10AA20000201002284458A41C0F0E0807C4B7D4ACF
:10AA300019787D4B107893F830208A4200F0D0804E
:10AA400093F8202083F8310003EB020C9954013273
:10AA500002F00F0283F8202093F821208CF81000D8
:10AA60000F2A9CBF013283F8212083F830105A6AE4
:10AA7000AA4234D000222946304683F84020FEF70F
:10AA800087FF6A4A684B12785D6202EB420204EB70
:10AA90008202616992683046BDE87040C3E90A21CC
:10AAA0000BF056BA6149604B09785D6201EB4101D8
:10AAB00004EB81016469896899625949DC62594CE7
:10AAC0000978247883F83010C3E90D22012183F836
:10AAD00031401A84DA6383F84020017070BD534A14
:10AAE0006069127802EB420204EB82029C6A92686F
:10AAF000944202D1DC6A844207D0C3E90A2030467E
:10AB00000BF026FA464B1978474B032977D90739BA
:10AB1000012976D8464A92ED016AB5EEC06AF1EE97
:10AB200010FA01D5B1EE466AD3ED0E7ADFED416A37
:10AB30009FED417A76EE675AB1EE085AE5EEA67AB5
:10AB4000DFED3E5AD2ED026AC3ED0E7AF4EEC77A1B
:10AB5000F1EE10FAD8BFB0EE677AE7EE055AF4EEE0
:10AB6000C65AF1EE10FAF5EEC06A4CBF0121002181
:10AB7000F1EE10FA01D5F1EE666AD3ED0F7A9FED92
:10AB80002D6A9FED2D7A93F8402076EEE75AE5EE98
:10AB9000867A9FED2A6AC3ED0F7AF4EEC77AF1EE5A
:10ABA00010FAD8BFB0EE677AF1EE085AA7EE256A20
:10ABB000F4EEC66AF1EE10FA27DC31BB8A4218BF08
:10ABC000013AD2B2022A83F8402087D9294630467A
:10ABD000FEF7DEFE144B002283F840205D6270BD5C
:10ABE00093F8312082427FF42BAF40E7F6F796FBD3
:10ABF0000A4BC3E9000130460BF0AAF916E7012918
:10AC000088D8002283F8402070BD0132D2B2D9E743
:10AC100000810020E08E0020709000203080002015
:10AC2000387D00204738002040800020F7000020B9
:10AC3000F87C0020CDCC4C3D9A99193ECDCCCC3D32
:10AC400040420F0000B5424BDFF808C1DFF818E1C1
:10AC500083B0002218E093ED037AD3ED046AB4EEDA
:10AC6000E77AF1EE10FA29DCF4EEE67AF1EE10FA6A
:10AC7000D4BF17EE901A16EE901A60440132802A63
:10AC8000C0F8071022D01C331968002944D0187965
:10AC9000032849D0097807EE901AF8EE677A9000F9
:10ACA00059790029D7D00EEBC10191ED007AD1ED91
:10ACB000016AB4EEE77AF1EE10FAD5DD17EE101A5C
:10ACC00060440132802AC0F80710DCD1214B0022F9
:10ACD00003F6EC4053F8041B834282EA0102F9D1E7
:10ACE0009CF8ED1C9CF8EC0CCDF800C04840C2F379
:10ACF000072350405840C2F30743584080EA12608F
:10AD00008CF8EE0C144A40F6EF430821012000F0C5
:10AD1000B9FC68B903B000BD0CEB82019000D1F81A
:10AD2000071007EE901ABBE7D1ED007A9000B7E765
:10AD30000A4B00930A4A20230821002000F0A2FCBD
:10AD40000028E7D0074B00221A7003B000BD00BFF7
:10AD500038670308B8810020004000089081002077
:10AD600000500008B08100203875030838B55A4CEF
:10AD7000054640F65122002120461AF0D7FC402219
:10AD80000021A4F192001AF0D1FC002D73D06FF4D1
:10AD9000277504EB050E5148514900238EF8063003
:10ADA000AEF8043000F1FF3C00F6FF544FF0FF33E3
:10ADB0001CF8012F5A4012F0010318BF0B4683EA1A
:10ADC000520313F0010218BF0A4682EA530212F03E
:10ADD000010318BF0B4683EA520313F0010218BFA8
:10ADE0000A4682EA530212F0010318BF0B4683EAB7
:10ADF000520313F0010218BF0A4682EA530212F00E
:10AE0000010318BF0B4683EA520313F0010218BF77
:10AE10000A46A44582EA5303CAD1DB43314ACEF83D
:10AE20000732CEF80020002310E0D0ED057AFCEECA
:10AE3000E77A17EE901A11700EEB83020133416925
:10AE4000C2F80710802B00F11C0008D00268002A0D
:10AE5000F2D001790329E8D141691160ECE7224B76
:10AE6000224A1B780121052B117000D138BDBDE8A5
:10AE70003840FFF7E7BE1D222946A4F13E0044F802
:10AE8000525C44F84E5C44F84A5C44F8465C44F832
:10AE9000425C1AF04BFC164B16491B68164A44F8E4
:10AEA0001D5C6FF4277004EB000E44F8195C44F845
:10AEB000155C44F8115C44F80D5C44F8095C0D70B5
:10AEC00044F8215CCEF86432CEF86832CEF86C32A9
:10AED000CEF898225FE700BF55840020386703084A
:10AEE0002083B8EDE6BEEDFE387D0020B081002065
:10AEF000FC75030890810020CDCC0C3F03061ED4C6
:10AF0000124BC0EBC00003EB80035A79C2B1104B67
:10AF100003EBC20393ED007AD3ED016AD1ED007A21
:10AF2000F4EEC77AF1EE10FA02D581ED007A70479F
:10AF3000F4EEE67AF1EE10FA01DDC1ED006A704739
:10AF400093ED037AD3ED046AE8E700BF386703089E
:10AF500038750308054B1B781BB1054B1B78052B77
:10AF600001D101207047FFF76DBE00BFB081002006
:10AF7000387D002000B52F4A2F4B12789978C2F304
:10AF8000400060F304119970197AC2F3001060F365
:10AF900041011972597A62F304115972D97941F059
:10AFA0002001D971D978C2F3C00C6CF3C301D970F8
:10AFB000597ADFF8A0C0C2F3401060F386115972CD
:10AFC0001E491F484FEAD21EC2F380020A705A7A05
:10AFD0006EF382025A72D9789A7AC1F3C00161F392
:10AFE000C3029A729CF80020164902F0010C81F805
:10AFF00000C01549C2F3400C81F800C01349C2F3E8
:10B00000C00C81F800C01249C2F3801C81F800C056
:10B01000D97912F0100FFFEE007AB7EE007AC2F382
:10B02000401218BFF0EE477A62F38611C0ED007A45
:10B03000D97100BDAB8E00203C7D0020AC8E00207D
:10B0400008000020B08E0020AE8E0020AF8E0020C1
:10B05000AD8E0020AA8E0020404ADFED417A92EDAD
:10B06000006ADFED405AD2ED016A92ED027AB4EE49
:10B07000E76AF1EE10FAB4EEE56ACCBF01230023D3
:10B08000F1EE10FA10B5D2ED037A4FEAC31301D5F1
:10B0900043F040039FED326AF4EEC66AF1EE10FA17
:10B0A0004FEA930302DD63F07F03DBB29FED2D6A6D
:10B0B000F4EEC66AF1EE10FA01D543F04003DFED7D
:10B0C000286AB4EEE67AF1EE10FA4FEA930302DD55
:10B0D00063F07F03DBB2DFED236AB4EEE67AF1EED4
:10B0E00010FA01D543F040039FED1D7AF4EEC77AC4
:10B0F000F1EE10FA4FEA930402DD64F07F03DCB254
:10B100009FED187AF4EEC77AF1EE10FA01D544F00B
:10B110004004F6F7C7F9144A137843B1012B05D15F
:10B12000124B1B78A34210D00023137010BD0F4B9D
:10B130001978A142FAD04FF4FA6110201C70F6F78A
:10B1400021FA094A0123137010BD1020F6F770FA96
:10B150000028EBD0044A0223137010BD08300020F1
:10B160009999993E3333333F7581002074810020D3
:10B170002E4B1B78032B02D00020FAF7E7BC10B54A
:10B18000FFF76AFF2A4B1A78022A04D0BDE8104064
:10B190000020FAF7DBBC274A1278DD2A37D02FD8F7
:10B1A0007D2A3ED0BD2A37D19FED236AF9EE046A8D
:10B1B000224A234992ED9D7AD2ED9C7A37EE067AA7
:10B1C00077EEA67A82ED9D7AC2ED9C7A4FF001026D
:10B1D00014460A70FDF7A2FB0020FAF7CBFC002111
:10B1E0000120FDF777FCF6F75DF964211020F6F7F2
:10B1F000C9F914491620F6F7C5F90D4B1C70C5E7BF
:10B20000ED2A09D1DFED0C6AB1EE046AD0E7DFED7B
:10B210000A6AB9EE046ACBE700201870FAF796FCC8
:10B22000B4E79FED056AF1EE046AC1E7387D0020BE
:10B23000758100207481002000000000B88100208A
:10B24000B0810020C0D401000020FFF78FBD00BFF7
:10B2500008B52DED028BF7F79BF93F4B1B78DA1FF2
:10B26000012A12D90B2B10D03C4B1A78A2F10D03F6
:10B27000052B31D9A2F11403012B61D9A2F11603D8
:10B28000022B94BF0321002127E0354B354AD3ED33
:10B29000007A354B1168DFF80CC1C3F840C0F1EEFD
:10B2A000677A4FF07C520020C3ED067A9A63D86328
:10B2B000D962F2F7ADFEF6F72BF82C4A2C4B127838
:10B2C00007EE902AF8EE677AC3ED137A234B1A78CB
:10B2D000A2F10D03052BCDD80121264BDFED267AF7
:10B2E00003EB820393ED008A244A254B117028EE6C
:10B2F000278AB0EE480A83ED008A16F0BBF9214B8D
:10B3000083ED000AB0EE480A16F074F91E4B1F498F
:10B3100000221A7081ED000AFFF72CFE1C4B9B786F
:10B3200053B19FED097B1B4A1B491C4BBDEC028BA3
:10B3300081ED007B1A6008BD9FED057B184AF3E79D
:10B340000221CAE7AFF30080E8030000000000001C
:10B35000D007000000000000387D0020F50000202C
:10B36000803800207C810020D8380020898100208E
:10B37000182D0020DC5E030835FA8E3CB18E0020CB
:10B38000B8100020B4100020207D00204C000020C8
:10B39000087603086F12833AE0000020347D002015
:10B3A0006F12033B0000A04038B58348834A202138
:10B3B00000F01CF98148034600F1200102E08B42B5
:10B3C00000F085801A78FF2A03F10103F7D00023EB
:10B3D000C3777B4C7A4A7B4840F6EF4100F006F990
:10B3E000234604F6EF4102E0994200F086801A7885
:10B3F000FF2A03F10103F7D0734B22689A4269D107
:10B40000DFF8E4E1D4F8075270490EF1FF300EF690
:10B41000FF5C4FF0FF3310F8012F5A4012F0010388
:10B4200018BF0B4683EA520313F0010218BF0A4605
:10B4300082EA530212F0010318BF0B4683EA52035B
:10B4400013F0010218BF0A4682EA530212F0010308
:10B4500018BF0B4683EA520313F0010218BF0A46D5
:10B4600082EA530212F0010318BF0B4683EA52032B
:10B4700013F0010218BF0A46604582EA5303CAD19D
:10B48000DB439D4240D14E4B002203F6EC4053F883
:10B49000041B834282EA0102F9D194F8ED1C94F86E
:10B4A000EC3C4B405340C2F307214B40C2F30741F1
:10B4B0004B4083EA126394F8EE2CDBB29A422AD016
:10B4C0000423002084F89C32FFF750FC08E000239E
:10B4D00003707EE70223002084F89C32FFF746FCCD
:10B4E0003B4A3C491278CB78C2F3C00262F3C303F3
:10B4F000CB70BDE83840FFF7ABBE0523002084F8D1
:10B500009C32FFF733FCEBE70323012084F89C32E5
:10B51000FFF72CFCE4E7304D002327E0DEED037A53
:10B52000DEED046AB4EEE77AF1EE10FA224408D4B4
:10B53000B4EEE67AF1EE10FAD4BFF0EE477AF0EE10
:10B54000667A9EF80400032817EE90CA18BFFCEE36
:10B55000E77AC2F807C016BF17EE902AC1ED007A4D
:10B560000A700133802B0EF11C0E15D0DEF800108E
:10B5700004EB83020029F4D0D2F807209EF80500DE
:10B5800007EE102A9A000028C8D005EBC000D0EDC5
:10B59000007AD0ED016AC5E7104B1B781A1F012A0B
:10B5A00005D923B10E480F4A037001211170012300
:10B5B00084F89C3294E700BF00500008908100207E
:10B5C000B881002000400008E6BEEDFE2083B8ED03
:10B5D000AB8E00203C7D00203875030801A10020BF
:10B5E000A78E0020B08100203867030881B34B1E6E
:10B5F000052B70B502F1FF33154620D91A1A022A1D
:10B600001DD921F003048E0802190346A5EB000E94
:10B61000D3F800C04EF803C004339342F8D1A142DE
:10B620000CD01B7805F82630631C994206D90234E9
:10B63000C25CEA54A14201D9035D2B5570BD0130B3
:10B640001944401BC25C03F8012F8B42FAD170BD34
:10B65000704700BF10B582B0044614F051FDF320CE
:10B6600014F066FD0221204614F0B2FD019014F0A2
:10B6700057FD0198A0F10800B0FA80F0400902B02F
:10B6800010BD00BF2DE9F04190461D4670B10C463B
:10B6900014F036FDF32014F04BFD0221204614F087
:10B6A00097FD044614F03CFD082C1AD114F028FD37
:10B6B000F32014F03DFDBDB1069B08F104061C1FEC
:10B6C000F61AC3F1040701E09D420DD9301954F870
:10B6D000041F14F0ADFD082807EB0403F4D014F0A8
:10B6E0001FFD0020BDE8F08114F01AFD154B1A680B
:10B6F00022F480621A601A6842F480521A601A6852
:10B7000022F480521A60BFF34F8FCDB1069B069A88
:10B71000013B08F101001D44801A01E0AB420FD04B
:10B72000C25C13F8011F52B28A42F7D00020054ACA
:10B73000136843F480631360BFF34F8FBDE8F0815B
:10B740000120F4E7003C02403A4AC0EBC00110B5CA
:10B7500002EB810284B05468A28A92B20292029AE9
:10B76000029A12F4E06F034610D1A28A324903EB29
:10B770004303DB00C81822F470624FF0010CA28270
:10B7800001F803C00023437004B010BD0190208B6A
:10B7900080B2002203904FF48061204614F0A6FC92
:10B7A000029A019B12F4007FDFD122889205DCD43B
:10B7B0002288D0051AD51E20F1F742F9019B47F2E5
:10B7C000305201E0013A23D02188C905FAD447F26A
:10B7D000305201E0013A02D021888805FAD40121D3
:10B7E0002046019314F05EFC019BBEE70121204638
:10B7F000019314F057FC1F20F1F722F9019B47F247
:10B80000305201E0013AB0D021888905ADD5F9E781
:10B8100003EB43030849DB004FF0010C01F803C0C0
:10B820000B4420464FF4E0615A7004B0BDE810406C
:10B8300014F05CBC28770308588F0020B74AC0EB8F
:10B84000C00302EB83032DE9F0435D68AB8A13F07C
:10B85000010187B0044673D113F0020C45D0BFF349
:10B860005F8FAF4F00EB400807EBC8084600B8F801
:10B870000E309BB2012B00F02E812B8B8DF81730F0
:10B88000BFF35F8F06EB040807EBC808C4EBC403E3
:10B8900002EB8302B8F80E3055689BB2022B00F021
:10B8A000438106EB040807EBC808B8F80E309BB2DA
:10B8B000032B07D198F80B3023B198F80830002BF0
:10B8C00040F0408101224FF48061284614F00EFCC4
:10B8D000331907EBC303DB89924A9BB2125701333A
:10B8E0009A421CD007B0BDE8F08313F0040261D186
:10B8F000DFF8308218F9001013F04000814640F064
:10B9000049811A06864F00F18B8104EB44036600DF
:10B9100007EBC303DB899BB201339942E2D13319B0
:10B9200007EBC30300221A725B7A002B40F0EF8012
:10B93000264407EBC6060023737007B0BDE8F0830A
:10B940002B88DFF8E081764F23F400632B80012100
:10B95000284614F0BBFB002308F8043004EB440332
:10B9600007EBC3036600DA7A002A6BD01A7A002A42
:10B9700065D0331907EBC30301221A72DB899BB22E
:10B98000022B03D12B8843F400632B80331907EB80
:10B99000C3030122197B0093284614F08DFB009B02
:10B9A000DB8918F904209BB201339A42B7D007B063
:10B9B000BDE8F0835A4F00EB400307EBC3030122BD
:10B9C0005A724600D87A002850D0197A00294DD0F2
:10B9D000D98989B2022900F262815B7A1146284630
:10B9E000002B00F0598114F05DFBDFF8388133192A
:10B9F00007EBC30318F904205969009202F1010C06
:10BA00002846CDE9011308F804C014F06BFBDDE90A
:10BA10000021029B88545A6918F904300192591C7C
:10BA20002846009308F8041014F05CFBDDE90032AE
:10BA3000D05418F80430013308F8043034E05B7B4C
:10BA4000FF2B96D0331907EBC3030022197B009319
:10BA5000284614F031FB009B5A7BFF2AA0D0DB89DB
:10BA6000FF2208F8042007B0BDE8F08306EB0408C5
:10BA700007EBC80898F8083023B998F80A30002B6B
:10BA800000F0BC80331907EBC30301215B7A284621
:10BA9000002B00F0B08014F005FBDFF8888018F868
:10BAA0000430013308F804302020F0F7C9FF47F2D2
:10BAB000305201E0013A4ED02B88D905FAD433191F
:10BAC00007EBC30318F90420DB899BB201339A42C8
:10BAD0007FF408AF23E798F80B0000283FF4CDAEC1
:10BAE00098F8080000283FF4C8AE2846009314F0E8
:10BAF000EDFABFF35F8F2A8B00998DF81720284647
:10BB000014F0D0FA009B88F809301A461BE028464A
:10BB10004FF4407114F0EAFA0AE700BF28770308EF
:10BB2000588F0020B48E002098F80B30002B3FF483
:10BB3000B8AE98F80830002B3FF4B3AE0021284689
:10BB400014F0C4FA00224FF48061284614F0CEFAB3
:10BB5000B8F80E30C0E6311907EBC10C18F9040033
:10BB6000BCF80E309BB2013398424FEAC1013FF45A
:10BB7000D6AEDCF804300133CCF8043001237B541A
:10BB800028464FF4E0618CF8012007B0BDE8F0438F
:10BB900014F0ACBA5C4F039204EB440307EBC3030D
:10BBA000481C5A6908F804002846CDE90023029190
:10BBB00014F098FA009A0299019B505418F9041055
:10BBC000DB89039A9BB2C81C83424FEA44061FD00C
:10BBD000331907EBC303DA89DB8992B28A427FF417
:10BBE0009AAE4A1C9BB252B201339A4208F8042022
:10BBF0007FF478AE93E614F04BFA4EE70121284625
:10BC000014F046FA012388F80830DFF800814BE78A
:10BC10004FF48061284614F069FA18F90410D7E748
:10BC20004B1C1ED004EB440307EBC3034A1C08F86B
:10BC300004201A690093515C284614F051FA009BC5
:10BC400018F90410DA8992B28A424FEA44067FF466
:10BC500061AE4A464FF48061284614F047FA009BD3
:10BC60009EE604EB440307EBC30308F80400597B8A
:10BC70000093284614F034FA009BDA7A660022B961
:10BC8000DA8992B2002A7FF48BAE00224FF48061F1
:10BC9000284614F02BFA12E714F0FAF9A5E6DFF8BB
:10BCA0006C8000936146284614F010FA009B18F946
:10BCB00004105A69029101F1010C2846CDE90023D4
:10BCC00008F804C014F00EFA009A0299505428465D
:10BCD000012114F0E7F9019B01225A72596918F900
:10BCE0000430019103EB020C2846009308F804C0CD
:10BCF00014F0F8F9DDE900310122C8544FF48061F5
:10BD0000284614F0F3F9CFE6588F0020B48E0020B7
:10BD1000F8B505463B483C4EDDF818E000EB051051
:10BD2000C4783A48C4EBC40700EB870004EB440C2A
:10BD3000476806EBCC004FEACC0C0173427301213B
:10BD400000228272C1720272427206F80C20C0F8A0
:10BD500014E0C0F810E0C3814170BB88980507D497
:10BD60003B88D90532D504EB4403DB00F35C33B3E5
:10BD700004EB4401C80047F2305306EBC10101E077
:10BD8000013B04D04A78002AFAD1335CABB104EB12
:10BD9000440306EBC30300265E705A6801325A6002
:10BDA0001B4B05EB450503EB850320469A680132E2
:10BDB0009A6000F0ADFD3046F8BD0120F8BD0122CB
:10BDC00038464FF4407114F091F9D1E72120F0F793
:10BDD00037FE47F2305301E0013B07D03A88920525
:10BDE000FAD40121384614F053F9BCE704EB4403BC
:10BDF000DB000122F25404EB4403DB00F35C002B74
:10BE0000B6D1DCE7C08F0020588F002028770308C8
:10BE1000E08E0020F0B5A1B01C06DDF898E07CD4DF
:10BE200006465848584D00EB0610C47804EB440011
:10BE300005EBC00CC0008CF80C108CF80D20012113
:10BE400000228CF808208CF809208CF80A108CF855
:10BE50000B202A54CCF810D06A46CCF814D0ACF899
:10BE60000E308CF8011063B3591E05296BD90DF102
:10BE7000FF31A1EB0E000228714664D903F0FC0CDF
:10BE8000F44451F8040B42F8040B6145F9D19F07C3
:10BE900017D003F0FC02511C0DEB0200C9B21EF8D2
:10BEA000027007708B420CD902320DEB0100D2B246
:10BEB0001EF801100170934203D91EF802306A4443
:10BEC0001370324BC4EBC40203EB82035F68BB8880
:10BED000980525D504EB4401C80047F2305305EB23
:10BEE000C10101E0013B04D04A78002AFAD12B5C61
:10BEF00033B3274A04EB440305EBC30306EB4606C2
:10BF000002EB8602002159705D68916801350131AC
:10BF100020465D60916000F0FBFC002021B0F0BD88
:10BF20003B88D90518D504EB4403DB00EB5C002B00
:10BF3000D0D1012238464FF4407114F0D7F8C9E748
:10BF4000012021B0F0BD7146734411F8010B02F8D5
:10BF5000010B9942F9D1B4E72220F0F771FD47F2C5
:10BF6000305301E0013B07D03A889205FAD4012111
:10BF7000384614F08DF8D6E704EB4403DB000122C9
:10BF8000EA54D0E7C08F0020588F0020287703089C
:10BF9000E08E002070B5594B84B01878182108F055
:10BFA0009DF9574B93F8302042B956495648CB7902
:10BFB000026062F30413CB7104B070BDF5F7AEF903
:10BFC0004F4B524A93F83130012BC2E9020167D03E
:10BFD000022B53D0002B73D14A4C4B48E2794C4989
:10BFE00001934FF4803CC0F800C042F010022020C2
:10BFF0000860E27118464FF0FF350DF10F02012184
:10C000008DF80F50F4F7B6FC55210DF10F028DF8A5
:10C010000E1001989DF90F608DF80F500121F4F773
:10C02000A9FC9DF90F209DF90E1091425CD1FF23D0
:10C030000DF10F02012100208DF80F30F4F79AFC6A
:10C04000FF230DF10F02012100209DF90F408DF813
:10C050000E608DF80F30F4F78DFC9DF90F309DF9CF
:10C060000E209A4235D12749A4F15502CB79B2FA74
:10C0700082F2520962F30413CB719DE7244B2249EB
:10C080004FF480724FF4003C30201A60C1F800C0B9
:10C09000FFF7E0FA1B4AD37960F30413D3718BE7FF
:10C0A0001B4B19494FF480724FF400001A6008606E
:10C0B000EEF712FB134AD37960F30413D3717BE7D5
:10C0C000104A1148D379002161F304130160D37140
:10C0D00072E70C4BDB79DB06C5D50DF10E020121B1
:10C0E0000020F4F70DFCBEE7E279D2069FD5019857
:10C0F0000DF10E020121F4F703FC98E77090002087
:10C10000087603083C7D0020BC8F0020782F00209B
:10C11000B88F0020F0B585B0CDE9023204460D4657
:10C12000F5F7FCF80F46264901EB0411064688781E
:10C13000DDE9023240B129462046EFF72DF90346EA
:10C1400063B9184605B0F0BD09790093204613463F
:10C150002A46FFF7DDFD0346002BF2D00293F5F7E8
:10C16000DDF8801B61EB0701ECF7F6FC154A029B3A
:10C1700004EB440102EB810191ED007A07EE900A95
:10C18000B5EE407AF1EE10FA04EB440414BF37EE3A
:10C19000877AB0EE677A02EB8402FCEEE77A5068A9
:10C1A00017EE901A1CBFF6EE006A27EE267A81423F
:10C1B000184682ED007A88BF516005B0F0BD00BF1F
:10C1C000C08F0020E08E0020F0B585B0CDE90232AE
:10C1D00004460D46F5F7A2F80F46264901EB041177
:10C1E00006468878DDE9023240B129462046EFF75D
:10C1F000B9F9034663B9184605B0F0BD0979009353
:10C20000204613462A46FFF705FE0346002BF2D0D0
:10C210000293F5F783F8801B61EB0701ECF79CFCB8
:10C22000154A029B04EB440102EB810191ED007A77
:10C2300007EE900AB5EE407AF1EE10FA04EB4404F2
:10C2400014BF37EE877AB0EE677A02EB8402FCEE19
:10C25000E77A506817EE901A1CBFF6EE006A27EED8
:10C26000267A8142184682ED007A88BF516005B077
:10C27000F0BD00BFC08F0020E08E0020F0B585B07B
:10C2800004460D46F5F74AF8264B03EB0413064621
:10C290009A780F465AB10DF10F0329460122204624
:10C2A000EFF77AF870B99DF80F0005B0F0BD197975
:10C2B0000DF10F0300932A4601232046FFF728FDC6
:10C2C0000028F0D0F5F72AF8801B61EB0701ECF7A6
:10C2D00043FC154B04EB440203EB820292ED007A1F
:10C2E00007EE900AB5EE407AF1EE10FA04EB440442
:10C2F00014BF37EE877AB0EE677A03EB8403FCEE67
:10C30000E77A596817EE902A1CBFF6EE006A27EE0E
:10C31000267A8A4283ED007A88BF5A609DF80F0022
:10C3200005B0F0BDC08F0020E08E0020F0B585B0D4
:10C3300004468DF80F200D46F4F7F0FF274B03EB72
:10C34000041306469A780F465AB10DF10F03294699
:10C3500001222046EFF706F9034673B9184605B0E7
:10C36000F0BD19790DF10F0300932A4601232046F1
:10C37000FFF750FD0346002BF0D00293F4F7CEFFF9
:10C38000801B61EB0701ECF7E7FB154A029B04EB0E
:10C39000440102EB810191ED007A07EE900AB5EEBF
:10C3A000407AF1EE10FA04EB440414BF37EE877ABA
:10C3B000B0EE677A02EB8402FCEEE77A506817EE83
:10C3C000901A1CBFF6EE006A27EE267A81421846C4
:10C3D00082ED007A88BF516005B0F0BDC08F0020AB
:10C3E000E08E0020F0B585B004460D46F4F796FFC8
:10C3F000264B03EB041306469A780F465AB10DF10B
:10C400000F03294601222046EEF7C6FF70B99DF8BA
:10C410000F0005B0F0BD19790DF10F0300932A4606
:10C4200001232046FFF774FC0028F0D0F4F776FFD4
:10C43000801B61EB0701ECF78FFB154B04EB44020B
:10C4400003EB820292ED007A07EE900AB5EE407A95
:10C45000F1EE10FA04EB440414BF37EE877AB0EE25
:10C46000677A03EB8403FCEEE77A596817EE902AAB
:10C470001CBFF6EE006A27EE267A8A4283ED007A28
:10C4800088BF5A609DF80F0005B0F0BDC08F002036
:10C49000E08E00202DE9F0412A4C04EB001484B01A
:10C4A00094F802C0BCF1000F04D004B0BDE8F04124
:10C4B000FFF730BE1E46CDE902120546F4F72EFF07
:10C4C000884621790096DDE90223074601F0FE0146
:10C4D0002846FFF71DFC044618B9204604B0BDE805
:10C4E000F081F4F71BFFC01B61EB0801ECF734FB94
:10C4F000154B05EB450203EB820292ED007A07EE45
:10C50000900AB5EE407AF1EE10FA05EB450018BF3F
:10C5100037EE877A03EB800308BFB0EE677AFCEE54
:10C52000E77A596817EE902A1CBFF6EE006A27EEEC
:10C53000267A20468A4283ED007A88BF5A6004B08A
:10C54000BDE8F081C08F0020E08E0020F0B587B0FC
:10C5500004468DF817200D46F4F7E0FE274B03EB59
:10C56000041306469A780F465AB10DF1170329466F
:10C5700001222046EEF7F6FF034673B9184607B0CE
:10C58000F0BD19790DF1170300932A4601232046C7
:10C59000FFF740FC0346002BF0D00393F4F7BEFEF8
:10C5A000801B61EB0701ECF7D7FA154A039B04EBFC
:10C5B000440102EB810191ED007A07EE900AB5EE9D
:10C5C000407AF1EE10FA04EB440414BF37EE877A98
:10C5D000B0EE677A02EB8402FCEEE77A506817EE61
:10C5E000901A1CBFF6EE006A27EE267A81421846A2
:10C5F00082ED007A88BF516007B0F0BDC08F002087
:10C60000E08E00202DE9F04F89B0002A64D09846D2
:10C6100013440493A1EB08030393324B00EB400255
:10C62000054603EB82094FF0010B0DF11F07039B39
:10C6300008EB030218F8013B8DF81F305FFA82FA0D
:10C64000F4F76CFE284B0E4603EB05110446887880
:10C650003B4678B1514601222846EEF783FF034658
:10C6600093B903EA0B0B049B4345E0D1584609B04C
:10C67000BDE8F08F09790097012352462846FFF75D
:10C68000C9FB0346002BECD00593F4F747FE001BD3
:10C6900061EB0601ECF760FA99ED007AD9F8041025
:10C6A000059B07EE900AB5EE407AF1EE10FA18BF3E
:10C6B00037EE877AF0EE676AFCEEE77AB6EE006A4C
:10C6C00017EE902A18BF67EE066A8A42C9ED006A23
:10C6D00088BFC9F80420C4E74FF0010B584609B0E1
:10C6E000BDE8F08FE08E0020C08F002081880068B8
:10C6F00014F04CB80368828809B11A8370475A83D2
:10C70000704700BF0268838851694B40536170478E
:10C7100030B5044683B068460D4614F031F82378EE
:10C720002289009283B1B5FA85F35B094FF0000CC2
:10C730004FF4807260688DF8043069468DF805C04A
:10C74000ADF8062013F0CAFF03B030BD30B50024A9
:10C750008DB021464FF08040CDE90444069413F09B
:10C760008DFF0121084614F033FC04A813F0D8FD16
:10C7700007A813F0C7FE214813F072FF4FF481732E
:10C7800004A8ADF8053013F0CBFD4FF6FF7253232C
:10C7900002A801250592ADF8103013F0F1FF184BF7
:10C7A0001848039302A9029513F098FF2A462146E0
:10C7B000144813F0F5FF1C2301A88DF804308DF800
:10C7C000075014F045F904A94FF0804013F050FDD4
:10C7D0000A4813F045FF09494FF080400C8013F0E0
:10C7E000B5FE2A4602214FF0804013F057FF29463C
:10C7F0004FF0804013F09CFD0DB030BD60900020E4
:10C8000002030001000002402DE9F0473C493D4F82
:10C810000B7AC0EBC00223F0080382B00B7217F84A
:10C82000223007EB820413B902B0BDE8F0878246DC
:10C83000684613F0A5FFA568A689334B01936946A6
:10C840002846009613F04AFF2369A48A00941846EC
:10C850006946984613F042FF3146284613F09CFF84
:10C860002146404613F098FFA14609243146284648
:10C8700013F094FF0520F4F78FFD3146284613F09E
:10C880008BFF0520F4F788FD631E13F0FF04EDD144
:10C890004946404613F082FF0520F4F77DFD3146FE
:10C8A000284613F07BFF0520F4F776FD3146284635
:10C8B00013F072FF0520F4F76FFD4946404613F070
:10C8C0006BFF124B019369462846009613F006FF52
:10C8D000CAEBCA0307EB830728463C7EF989224648
:10C8E00013F05EFF69464046CDF8009013F0F6FE67
:10C8F000F98A2246404613F053FF02B0BDE8F087A4
:10C900003C7D002028770308010201010202010199
:10C9100030B55F4BC0EBC00203EB820413F822304A
:10C9200089B00BB909B030BD227EE189019205467C
:10C93000A06813F035FF019AE18A206913F030FFF7
:10C940002846FFF761FF022D5AD0032D2DD0012D6F
:10C9500040F0818029464FF4001014F039FB4D4817
:10C9600013F0DCFA04A813F07BFB002249484FF4D3
:10C97000407113F0BBFB484B4648049304A913F0E5
:10C9800003FB2946434813F079FB4FF4A06014F0F1
:10C9900055F8424B039303A814F05AF81F2303A839
:10C9A0008DF80C3014F054F8BCE701214FF400006E
:10C9B00014F00EFB3A4813F0B1FA04A813F050FB40
:10C9C000002237484FF4407113F090FB324B34484B
:10C9D000049304A913F0D8FA0121314813F04EFB57
:10C9E0004FF4A06014F02AF82E4B039303A814F020
:10C9F0002FF8482303A88DF80C3014F029F891E79C
:10CA000001214FF4800014F0E3FA274813F086FA6E
:10CA100004A813F025FB002223484FF4407113F0C3
:10CA200065FB1D4B2048049304A913F0ADFA0121C6
:10CA30001D4813F023FB4FF4A06013F0FFFF1B4BC6
:10CA4000039303A814F004F8212303A88DF80C30F5
:10CA500013F0FEFF66E76468204613F05FFA04A84F
:10CA600013F0FEFA002220464FF4407113F03EFB13
:10CA7000094B049304A9204613F086FA20460121AD
:10CA800013F0FCFA4FF4A06013F0D8FF4AE700BFA0
:10CA90002877030800540040801A06002000000197
:10CAA000005C0040490000010058004022000001E5
:10CAB0002DE9F041514B420103EB40159B5C8AB0DC
:10CAC00013B90AB0BDE8F0816C680190204614F0FB
:10CAD00099F903A813F054FEAB6840F202221846FD
:10CAE000ADF8102003A9AA8903921F4613F0F6FDA2
:10CAF0002A69164603A9AA8A0392304613F0EEFD6E
:10CB0000AA691346184603A99046AA8B039213F00C
:10CB1000E5FD019B022B59D0032B3FD0012B16D1F1
:10CB200019464FF4805014F05FFA6420F4F734FC97
:10CB300005221146384613F033FE05220621304601
:10CB400013F02EFE05220721404613F029FE05A80A
:10CB500014F0B4F900252A4BCDF81E304FF4827240
:10CB600005A92046ADF81620CDF81A5014F080F92A
:10CB70002946204614F0BAF90121204614F0A6F9FE
:10CB80000221204614F0BCF90028F9D0204614F008
:10CB9000A7F98DF80B000AB0BDE8F08101214FF430
:10CBA000004014F015FA6420F4F7F6FB384606222C
:10CBB0000A2113F0F5FD304606220B2113F0F0FD9B
:10CBC00006220C21404613F0EBFDC0E701214FF493
:10CBD000804014F0FDF96420F4F7DEFB38460522AE
:10CBE0000D2113F0DDFD304605220E2113F0D8FD96
:10CBF00005220F21404613F0D3FDA8E7A8760308CD
:10CC000000023000F0B589B090F800C00446002062
:10CC1000CDE90300CDE905000790BCF1000F01D17B
:10CC200009B0F0BD68461F4616460D4613F0A8FD34
:10CC300003238DF8053023890093237B8DF804307E
:10CC4000637B8DF806306068A37B8DF807306946FA
:10CC500013F044FD237C002BE2D094F8202061895E
:10CC6000606813F09DFD03A813F04CFC334A039257
:10CC70000422ADF81020238B05970222ADF818206E
:10CC80004FF48072ADF81C200C2B10D8DFE803F0B5
:10CC90004D0F0F0F440F0F0F070F0F0F3B00606971
:10CCA00003A913F0C5FB6069082113F041FC684635
:10CCB00013F036FB6069224B984212D003F5806373
:10CCC00098420ED003F5705398420AD003F5806362
:10CCD000984206D003F58063984202D06908013972
:10CCE00000E0691E721EADF800100121019213F0E0
:10CCF0001FFB6069694613F0BBFA6069012113F0FC
:10CD0000BDFC09B0F0BD606903A913F0CDFB6069FB
:10CD1000082113F013FCCAE7606903A913F04CFB68
:10CD20006069082113F0FCFBC1E7606903A913F0F7
:10CD300009FB6069082113F0EDFBB8E77000010002
:10CD40000000014040B1062806D03422134B02FBFC
:10CD500000F01A181B5C03B9704710B5536886B011
:10CD60001846019100211C46009213F029FF02A8E9
:10CD700013F01CFF009A019BD08BADF80E00928B34
:10CD8000029302A92046ADF8102013F0B3FE012152
:10CD9000204613F015FF06B010BD00BF98770308BA
:10CDA0000148012113F0C4BA000C004001480021E1
:10CDB00013F0BEBA000C004000B5012185B0084652
:10CDC00014F0EEF80121082014F002F901A813F084
:10CDD000D7FC124B1248022201A9CDE9012313F01E
:10CDE0007DFC0020082340F2CB3201A9ADF80C00F5
:10CDF0000C480193029213F03BFA0A48012113F008
:10CE000097FA01221146074813F048FC064B00939D
:10CE1000684613F01DFE05B000BD00BF0102000111
:10CE200000000240000C0040320400012DE9F043F4
:10CE30003423924D00FB03F399B0EB5C04465BB1E5
:10CE40000F4606281FD8DFE810F012001A00DC0099
:10CE5000E200E800EE000C00894A135419B0BDE866
:10CE6000F083FFF7A9FF864B01229A71F6E7844B06
:10CE700001221A7019B0BDE8F04302F011BD012182
:10CE8000102014F0B1F803A813F07AFC342303FB4C
:10CE9000045340F202229868ADF8102003A99A8941
:10CEA00001930392009013F019FCDDE9000393F85D
:10CEB0002120D9890093164613F072FC009B9A8AB0
:10CEC0009046002A40F0CC8005A813F06FFE342372
:10CED00003FB045305A99A6958680592DA8BADF8EB
:10CEE0001A209A8B009306468146ADF81C2013F059
:10CEF00001FE009B634A644893F8201040F2012E23
:10CF0000ADF809E04FF0000C4FF0010E8DF80BE08A
:10CF100022F814C05D4A20F814C022F814C0002979
:10CF200000F0878009A8009313F030FD009B1A6B76
:10CF30004FF480630F930D934FF480331393104697
:10CF4000331D90461E460A9313F05EFC404613F0D4
:10CF50003FFD0028FAD1342303FB04554C4B0C90C1
:10CF600003EB84230B936B6A099309A94FF4807335
:10CF7000404612930A9613F0D7FC0121404613F065
:10CF800017FD01224021484613F02CFE404613F0C5
:10CF90001BFD404BC0F5806023F814003E4B23F886
:10CFA000140095F82C308DF8083002A813F050FDCD
:10CFB000AB6A18461E4613F027FC304613F008FDF6
:10CFC00005460028F9D1402309A9129030460C9358
:10CFD00013F0AAFC2946304613F0F4FC0122304637
:10CFE000102113F0F9FC01228021484613F0FAFDCC
:10CFF000234B01211F55484613F0E2FD19B0BDE84F
:10D00000F08301214FF4003013F0E2FF3BE70121F0
:10D010004FF4802013F0DCFF35E701214FF40020AE
:10D0200013F0D6FF2FE701214FF4801013F0D0FF4B
:10D0300029E7184A93F8223022F81410164A02A859
:10D0400022F814108DF8083013F002FDB8F1000F2B
:10D05000CED0012240F22551304613F0CDFDC7E776
:10D060001869039203A9CDE9000313F037FB019B74
:10D070000098D98A324613F093FB25E79877030886
:10D08000EC4300202C6000203C6000204C6000201D
:10D0900014440020F443002004440020F0B54A4C1E
:10D0A0004A4B617A4A4A4B4F11F0100F0CBF0221D4
:10D0B000092189B001251970474B0A2629461020FD
:10D0C00016601D6013F090FF02A813F059FB4FF497
:10D0D00000734248029302A940F20223ADF80C30DB
:10D0E00013F0FCFA07223D48092113F059FB4FF4D5
:10D0F00080633A48029302A913F0F0FA31460722FE
:10D10000364813F04DFB04A813F050FD4FF4E13204
:10D110004FF400533248049204A9CDF8163013F0AE
:10D12000E9FC3049304B314A00264E8040F2012163
:10D13000ADF805105E8056802D4B2E4A8DF80750B5
:10D1400001A85E80252356808DF8043013F080FC02
:10D150002A46234840F2255113F04EFD20487D70A9
:10D16000294613F02DFD244B1A78B2B9A37962F346
:10D170008203A371E37943F00203E371E3799B0730
:10D180001AD41E4B06221A60FFF716FE1C4B012113
:10D190000022B9711A7009B0F0BDE37966F341035A
:10D1A000E371A37943F00403A371164B02203146C7
:10D1B0001860FFF73BFEDDE7134B032000211860EA
:10D1C000FFF734FEDDE700BF3C7D0020F7000020C4
:10D1D00000000020EC43002070900020000002407E
:10D1E000001001402C6000203C6000204C600020BA
:10D1F000F443002004440020840000206C900020B0
:10D20000DC040020749000207890002030B52E4877
:10D210009BB013F0F9FA2C4813F0DAFB044600280F
:10D22000F9D10BA813F0B2FB284B294A0C934FF409
:10D2300080630D9211934FF400624FF40053CDE9D7
:10D2400012234FF4807C4FF4003306251E480B94C4
:10D250000BA9CDE914C3CDE90F5413F065FB0121EF
:10D2600019481C4C13F0A4FB01A813F04FFD01A8B2
:10D2700013F036FD05A813F029FD40F201131648FE
:10D280008DF8285005A9ADF8183013F0F7FC04F11B
:10D29000D80594F82020217C60680223243413F000
:10D2A00045FDAC42F5D10C48012113F0A1FD0A481F
:10D2B000012113F093FD0121074813F02DFD0648CD
:10D2C00013F086FD1BB030BD106402404C200140BD
:10D2D000483800200479030800200140F0B5A04838
:10D2E000A04E85B0012113F05BFE0121002013F058
:10D2F00063FE9D48012113F06BFE9C48012113F051
:10D3000073FE01214FF4001013F04AFE01214FF487
:10D31000800013F045FE01211F2013F041FE13F0A1
:10D32000A1FE684613F02CFA4FF6FF7203239048D3
:10D33000009269468DF8043013F0D0F98D486946A3
:10D3400013F0CCF98748694613F0C8F98A48694652
:10D3500013F0C4F9009B894823F4F0436946009315
:10D3600013F0BCF94FF4A06013F068FBFFF796FED2
:10D3700002A813F005FA40F201344FF4005502A957
:10D380007848CDE9025413F0A9F9358302A813F0C7
:10D39000F7F94FF4804502A93046CDE9025413F065
:10D3A0009DF9358302A813F0EBF94FF4006502A94B
:10D3B0003046CDE9025413F091F9358302A813F0F9
:10D3C000DFF94FF48055304602A9CDE9025413F03D
:10D3D00085F96B4C35836B4EF8F714FC06F1A0050C
:10D3E000A6469EE80F0086E80F001036B5420EF103
:10D3F000100EF6D1644D654E02A813F0C1F94FF43A
:10D40000804302A95C48CDE9023513F067F902A810
:10D4100013F0B6F9012302A95548CDE9023613F0FD
:10D420005DF902A813F0ACF94FF4005302A9524879
:10D430000293039613F052F902A813F0A1F94FF4E6
:10D44000006302A94C480293039513F047F9F8F7DB
:10D4500051FB484B40265E8302A813F091F9A5F5D5
:10D4600080754FF4007702A941480297039513F0A5
:10D4700035F93F4B02A85F8313F082F94FF48077B0
:10D4800002A93B480297039513F028F9384B02A8EC
:10D490005F8313F075F9802702A935480395029739
:10D4A00013F01CF9324B02A85F8313F069F902A94B
:10D4B0002F48CDE9026513F011F92D4B02A85E83C8
:10D4C00013F05EF902A92B48CDE9026513F006F9C5
:10D4D000284B02A85E8313F053F9264802A9CDE930
:10D4E000027513F0FBF8234A294B57831B78022B54
:10D4F00003D0284B1B781A2B2FD1274B00221A70F0
:10D50000F5F7ACF8254D264F11E0FFF7D1FA02A848
:10D5100013F036F9A668A38902A93046CDE902378F
:10D5200013F0DCF8A38933831034AC420BD023789A
:10D53000002BF9D0A378E078002BE6D11034FFF768
:10D54000E7F9AC42F3D10A20F3F7B2FFFFF75EFE32
:10D550000A20F3F7ADFF05B0F0BDECF773FACFE7A3
:10D560001F906700000C0240FFC9FE36335F0700C2
:10D570000004024000080240001002400000024087
:10D5800008760308C08F002001030001000300019A
:10D590000C000020F5000020C0060020A87603083B
:10D5A0000102000100B5012183B0084613F0F8FC28
:10D5B00040F202334FF4C05269460D48CDE90023D2
:10D5C00013F08CF80A480A220B2113F0E9F80A221A
:10D5D00007480C2113F0E4F801214FF4804013F0C8
:10D5E00003FD0121802013F0E7FC03B000BD00BF64
:10D5F0000000024000B54FF4C06083B013F01EFA83
:10D60000034B019301A813F023FA03B000BD00BF40
:10D6100043010301704700BF704700BF4FF48020F3
:10D6200013F056B8014800F065BE00BFE498002032
:10D6300010B5044601F07CF962780120002384F8DB
:10D64000120184F81431002A00F0CD814FF480716A
:10D65000A4F81C1182424FF04001C4E94913A4F818
:10D66000223184F81F31C4F8303100F0CE81A4F8A3
:10D670004A01022A40F20110C4E9531384F84731E9
:10D68000C4F85831A4F8440100F0D2804FF48170FE
:10D69000A4F86C01032A4FF00200C4E95D13A4F85A
:10D6A000720184F86F31C4F8803100F0C18040F21B
:10D6B0000310A4F89401042A4FF00300C4E967138F
:10D6C000A4F89A0184F89731C4F8A83100F0B0802A
:10D6D0004FF48270A4F8BC01052A4FF00400C4E99D
:10D6E0007113A4F8C20184F8BF31C4F8D03100F03E
:10D6F0009F8040F20510A4F8E401062A4FF00500CF
:10D70000C4E97B13A4F8EA0184F8E731C4F8F831DE
:10D7100000F08E804FF48370A4F80C02072A4FF0BB
:10D720000600C4E98513A4F8120284F80F32C4F885
:10D7300020327DD040F20710A4F83402082A4FF0BE
:10D740000700C4E98F13A4F83A0284F83732C4F80A
:10D7500048326DD04FF48470A4F85C02092A4FF06F
:10D760000800C4E99913A4F8620284F85F32C4F88F
:10D7700070325DD0092140F20910A4F88A120A2AF9
:10D780004FF04001C4E9A313A4F8840284F887325F
:10D79000C4F898324CD04FF48570A4F8AC020B2A30
:10D7A0004FF00A00C4E9AD13A4F8B20284F8AF3216
:10D7B000C4F8C0323CD040F20B10A4F8D4020C2ABA
:10D7C0004FF00B00C4E9B713A4F8DA0284F8D7329B
:10D7D000C4F8E8322CD04FF48670A4F8FC020D2A6D
:10D7E0004FF00C00C4E9C113A4F8020384F8FF321F
:10D7F000C4F810331CD040F20D10A4F824030E2AF4
:10D800004FF00D00C4E9CB13A4F82A0384F82733A2
:10D81000C4F838330CD04FF48770C4E9D513A4F89A
:10D820004C030E20A4F8520384F84F33C4F860333D
:10D83000002340210120022AC4E9DF13C4E9E913CF
:10D84000A4F87433A4F87A3384F87733C4F88833AF
:10D85000A4F89C03A4F8A20384F89F33C4F8B0335F
:10D8600000F0C1800220032AC4E9F313A4F8C40322
:10D87000A4F8CA0384F8C733C4F8D83300F0B380DF
:10D880000320042AC4E9FD13A4F8EC03A4F8F2036E
:10D8900084F8EF33C4F8003400F0A5800420052A92
:10D8A000A4F81404A4F81A0484F81734C4F81C1457
:10D8B000C4F82034C4F8283400F095800520062AE6
:10D8C000A4F83C04A4F8420484F83F34C4F8441497
:10D8D000C4F84834C4F8503400F085800620072A84
:10D8E000A4F86404A4F86A0484F86734C4F86C14D7
:10D8F000C4F87034C4F8783475D00720082AA4F826
:10D900008C04A4F8920484F88F34C4F89414C4F8F6
:10D910009834C4F8A03466D00820092AA4F8B404C6
:10D92000A4F8BA0484F8B734C4F8BC14C4F8C034FA
:10D93000C4F8C83457D009200A2AA4F8DC04A4F893
:10D94000E20484F8DF34C4F8E414C4F8E834C4F81A
:10D95000F03448D00A200B2AA4F80405A4F80A05DC
:10D9600084F80735C4F80C15C4F81035C4F8183518
:10D9700039D00B200C2AA4F82C05A4F8320584F821
:10D980002F35C4F83415C4F83835C4F840352AD0DA
:10D990000C200D2AA4F85405A4F85A0584F857352C
:10D9A000C4F85C15C4F86035C4F868351BD00D2088
:10D9B0000E2AA4F87C05A4F8820584F87F35C4F803
:10D9C0008415C4F88835C4F890350CD00E22A4F81C
:10D9D000A425A4F8AA2584F8A735C4F8AC15C4F882
:10D9E000B035C4F8B835204601F0F6F9204601F00C
:10D9F00067F90021204601F017FA204601F038FAB5
:10DA00002046BDE8104001F0DFB9C4E9DF13A4F8F7
:10DA10007433A4F87A3384F87733C4F88833E2E7B0
:10DA200010B514460A0619D401EB810C4FEACC0C50
:10DA300000EB0C0E00228EF874130CF55D71CEF81D
:10DA40007C4301448EF877338EF87523022B04BF94
:10DA500000230B7101F0EEFC002010BD01F07F0EE1
:10DA60000EEB8E0C4FEACC0C00EB0C020CF58E7119
:10DA70004FF0010CC2F82441014482F81CE182F805
:10DA80001F31A2F822E182F81DC1DFE708B50B06BD
:10DA900001F07F020DD401EB810300EBC30303F51A
:10DAA0005D73C90959701A70194601F001FD002013
:10DAB00008BD02EB820300EBC30303F58E73F0E7AE
:10DAC00008B501F07F0E0EEB8E0C4FEACC0C194618
:10DAD00000EB0C030CF55D7CC3F8881300EB0C0124
:10DAE0004FF0000CC3F8802383F874E3C3F88CC3B1
:10DAF00083F875C390F803C0BCF1010F08BFC3F8E9
:10DB00008423BEF1000F03D101F0A0FD002008BD69
:10DB100001F0EAFC002008BD01F07F0C0CEB8C0149
:10DB2000C90008B500EB010E01F58E71CEF8303159
:10DB30000023CEF834310123CEE94A2201448EF885
:10DB40001CC18EF81D31BCF1000F03D101F07EFD28
:10DB5000002008BD01F0C8FC002008BD08B50B0678
:10DB600001F07F0211D401EB810300EBC30303F545
:10DB70005D734FF0010CC909597083F802C01A7027
:10DB8000194601F0E1FD002008BD02EB820300EB25
:10DB9000C30303F58E73ECE70B0610B501F07F02AB
:10DBA0000FD401EB810300EBC30303F55D73002485
:10DBB000C90959709C701A70194601F0E9FD204698
:10DBC00010BD02EB820300EBC30303F58E73EEE797
:10DBD00002690023106861F30A130343136070475E
:10DBE000084B1868FF280BD010B50749074A8C6806
:10DBF00012680749A047034BFF221A60002010BD9E
:10DC00000020704724010020D001002080900020D7
:10DC100094900020432301480B8070472801002086
:10DC2000284A38B51368052B03D001331360002050
:10DC300038BDDFF8A4C09CF8001000230129136050
:10DC4000F5D021490A68B2F5006F08BF0B601F4B81
:10DC5000D1F800E01A6896452FD0D1F800E01A6894
:10DC600096451BD90B681A4AC3F500631360136805
:10DC7000402B0B681FFA83FE16D90B6840330B60EC
:10DC80001368403B1360402301228CF80020114AA6
:10DC900081217244FFF740FF002038BD1B680A68ED
:10DCA0009B1A0B4A1360E2E7136814680D682C4452
:10DCB0000C6000219BB21160E6E700238CF8003075
:10DCC000B5E700BF7C9000208C9000209090002051
:10DCD000889000209C9000208490002010B501EBDB
:10DCE000810100EBC101074BB1F88C131B6904469D
:10DCF00005489847044A402301212046FFF7E0FEEB
:10DD0000002010BDD00100209C98002030B591F873
:10DD100000C01CF0600283B00B4605461AD0202AD2
:10DD200004D002F05FF8022003B030BDCA8891F839
:10DD300001E012B31CF0800F2FD0214901938C68B1
:10DD400020497046A047019B1E49DA88284601F009
:10DD50005BFD0FE04A780A2A1AD00B2A13D0062A54
:10DD600008D14A88120A212A20D017493A22284687
:10DD700001F04AFD002003B030BD114B11469B68F5
:10DD800070469847F6E78B78B3B9104A1360F1E70D
:10DD90000E49012201F038FDECE70D490D4BC1F8A9
:10DDA00000E008491A6001F045FDE3E7CA880A4926
:10DDB0003A2A28BF3A22DAE702F014F8DAE700BF7D
:10DDC000D00100209490002031010020DC98002038
:10DDD00024010020809000203A01002010B581210C
:10DDE0000446FFF753FE01212046FFF74FFE822134
:10DDF0002046FFF74BFE024B5B689847002010BDA2
:10DE0000D001002010B50223044640228121FFF7F3
:10DE100007FE0223402201212046FFF701FE0323D3
:10DE2000082282212046FFF7FBFD074A074B4FF0EF
:10DE3000020191801B689847054A40230121204632
:10DE4000FFF73EFE002010BDA0010020D001002001
:10DE50009C9800201C4B1A78012A01D000207047A2
:10DE60001A490A68D2B10B68402B10B519D9184B62
:10DE70001A68D3F800C00CF1400CC3F800C0D1F808
:10DE800000C0ACF1400C92B24023C1F800C011496F
:10DE90000A448121FFF740FE002010BD1A700020C7
:10DEA0007047DFF82CC0DCF800200B68D1F800E0E8
:10DEB000DCF80040A644CCF800E04FF0000C92B231
:10DEC0009BB2C1F800C0E2E7849000208890002057
:10DED0008C9000209C90002010B5D0F8E8350446C6
:10DEE0001B699847032384F81231002010BD00BF3E
:10DEF00008B5042290F81211D0F8E83580F8131113
:10DF000080F81221DB689847002008BD08B5D0F8DA
:10DF1000E435DB6903B19847002008BD08B5D0F8A7
:10DF2000E4351B6A9847002008BD00BF08B5D0F84B
:10DF3000E4355B6A9847002008BD00BF002310B598
:10DF4000194604464022FFF76BFD80210023402242
:10DF50002046FFF765FDD4F8E835A078012284F863
:10DF600012215B689847002010BD00BF00B585B046
:10DF700002A9019001F024FF9DF80810019801F01A
:10DF80001F03012B0ED0022B06D08BB902A901F082
:10DF900001FD002005B000BD02A901F099FE00209E
:10DFA00005B000BD02A901F06FFE002005B000BD64
:10DFB00001F08001FFF7D2FD002005B000BD00BFD9
:10DFC00010B5034682B051B990F81121022A1DD034
:10DFD00093F81621012A0FD0002002B010BDD0F80E
:10DFE000E4255269002AF7D090F81231032BF3D1BF
:10DFF0009047002002B010BD264A19691068486099
:10E000000022002083F8162102B010BDD0F838217C
:10E01000D0F824C1624513D9C078D3F828110093F1
:10E020000128A2EB0C0208BF6144C3F8382108BFE5
:10E03000C3F82811184692B201F0F4FB009BC7E721
:10E04000D0F83CE1BEFBFCF20CFB12E272B9F445E5
:10E050000CD8D0F84041A64508D2CDE9002001F007
:10E06000E1FBDDE90023C3F84021B1E7D3F8E42563
:10E07000D2681AB193F81211032905D018460093FB
:10E0800001F0FEFB009BA3E7184600939047009B1E
:10E09000F4E700BFE098002000B5034683B031B933
:10E0A00090F81121032A0FD0002003B000BDD0F852
:10E0B000E4259269002AF7D090F81231032BF3D1AE
:10E0C0009047002003B000BDD0F89013D0F87C2317
:10E0D000914214D990F803C0881AD3F88013C3F87A
:10E0E0009003BCF1010F04BF8918C3F8801382426A
:10E0F00028BF024692B2184601F0AAFBD4E7D0F836
:10E10000E42512691AB190F81211032903D01846B8
:10E1100001F0A6FBC8E701909047019BF7E700BF1D
:10E1200030B585B00446CDE90221089D0193FFF783
:10E1300039FA019B029A0399C4F8E4352046C4F8E1
:10E14000EC25C4F8E855FFF773FAD4F8E8351B68F6
:10E150009847204605B0BDE83040FFF74BBA00BFF6
:10E16000D0F8E43510B504461B689847D4F8E83574
:10E170009B689847002010BD08B5D0F8E4355B686F
:10E180009847002008BD00BF122301480B8070474C
:10E19000A0010020042301480B8070479C0100204F
:10E1A00008B50A460248034901F02AFE014808BDA5
:10E1B000306003086C9F002008B50A4602480349F6
:10E1C00001F01EFE014808BD546003086C9F00204A
:10E1D00008B50A460248034901F012FE014808BD8D
:10E1E000686003086C9F002008B50A46024803498E
:10E1F00001F006FE014808BD786003086C9F00200E
:10E2000008B50A460248034901F0FAFD014808BD75
:10E21000846003086C9F002000207047C1B110B5D6
:10E2200001440C4BDFF830E00138013900241A6852
:10E2300010F801CF0EF802C01A6801321A601A688D
:10E24000B2F5006F28BF1C608842F0D1002010BDDD
:10E2500000207047909000209C90002059B138B564
:10E260004518441E013D14F8010F01F073FBAC4248
:10E27000F9D1002038BD0020704700BF202815D0FC
:10E28000212801D000207047104B1A680A701A68C4
:10E29000120A4A705A888A70DA78CA701A790A7132
:10E2A0005A794A719B798B7100207047074B0A7924
:10E2B000D1F800C048791A71897958710122C3F8E0
:10E2C00000C09971DA710020704700BFE40100209E
:10E2D00000207047054A064B10681B68984234BFFF
:10E2E00003F1FF3303F2FF73181A70479090002078
:10E2F0008C9000202DE9F04F85B0044600F0ACFD75
:10E3000018B9002005B0BDE8F08F204600F0AAFD46
:10E3100001460028F5D0C0F3074313F008009946E2
:10E3200040F0898019F0040F3FD18A0702D5E368D5
:10E3300002225A610029C0F2C7810B05C1F30725EB
:10E3400000F1DA800E070AD5844B00911B68204645
:10E35000DB689847E368009908225A610120C906E2
:10E3600000F18C81EA0600F1FD80AB0600F1AB8084
:10E3700019F0100F09D0794B1B682046DB699847CC
:10E38000E3684FF4801201205A6119F0200FB9D0D0
:10E39000724B1B6820461B6A9847E3684FF40012D3
:10E3A00001205A6105B0BDE8F08F2046009101F0D0
:10E3B00015FA0099002800F0D081264604F11803D0
:10E3C000A046002504460191E10740F1C881D8F834
:10E3D0001000D3F800C00169426B22FA05FEDCF898
:10E3E000082041EACE111140CA0740F18A8100930A
:10E3F0005A4BD0F834E0196801234A6803FA05F152
:10E400002EEA01014163CCF80830E9B2404690475A
:10E4100098F80310009B012900F0CA81640800F0FD
:10E420009A81013528360433E107D0D401356408D8
:10E4300028360433C8E72046009101F0C1F900995D
:10E440000546002800F08581224604F1540627463F
:10E4500088460024E80704D401346D0804362832C5
:10E460002AE0E1B238460192009101F0AFF910F0D4
:10E47000010FDDE9001200F0568133680120986039
:10E48000F878012807D11869D2F87C33C0F312005C
:10E490001B1AC2F88C33314B00921B6838461B683C
:10E4A0009847FB78009A012B00F095816D0800F0E9
:10E4B0004E81013404362832E807D2D401346D0885
:10E4C00004362832C6E7204600F0A0FFE368204665
:10E4D000DD6800F08DFF032800F046810123402213
:10E4E0000521A370E368A28061F38D254FF40052EB
:10E4F000DD6001205A613BE700238DF80F3094F86E
:10E5000012318DF80F30154B00911B6820465B6966
:10E510009847236900999868E3684FF400625A614C
:10E52000A37AC3B1C70716D594F81531012B12D1C0
:10E530009DF80F30032B0ED1D4F80C3108481A681F
:10E5400042F001021A601A6842F003021A6003697D
:10E5500043F0060303610120F4E600BF6C010020D4
:10E5600000ED00E022695368002623F001035360A8
:10E570003146204600F038FC62783746002A5CD0ED
:10E58000A169606DFF23012A8B60836055D0E1692A
:10E590008B60A16D022A8B604FD0216A8B60E16D88
:10E5A000032A8B6049D0616A8B60216E042A8B60DC
:10E5B00043D0A16A8B60616E052A8B603DD0E16A11
:10E5C0008B60A16E062A8B6037D0216B8B60E16E69
:10E5D000072A8B6031D0616B8B60216F082A8B60BA
:10E5E0002BD0A16B606F8B60092A836025D0E16B13
:10E5F0008B60A16F0A2A8B601FD0216C8B60E16F4A
:10E600000B2A8B6019D0616C8B60D4F880100C2AB7
:10E610008B6012D0A16C8B60D4F884100D2A8B60B3
:10E620000BD0E16C8B60D4F888100E2A8B6004D07C
:10E63000226D9360D4F88C20936023690B223946B5
:10E6400062F3070162F307064FF0FF329A614FF061
:10E650000112DA615E6119611A6822F4FE621A60C1
:10E66000204601F0C1F8854BE2681B684FF48051E9
:10E670001B69516120469847012076E6E3689A6954
:10E6800022F010029A611E6AC6F34342022A06F083
:10E690000F076ED0062A11D1082204F2CC51204671
:10E6A00000F02EF907EB870304EBC303C6F30A1649
:10E6B000D3F88C233244C3F88C23E3689A6942F080
:10E6C00010029A6101204DE6A37A43B1D4F80C31CF
:10E6D00023F0030262F30703D4F80C2113602269CC
:10E6E0000091536823F001035360644B1B6820467C
:10E6F0009B699847E36800994FF0004201205A61F6
:10E700001BE60F070BD4C80605D44A065DD5402189
:10E71000CCF8081082E61021CCF808107EE608221A
:10E72000CCF808207AE6810703D533680221996086
:10E73000BCE603077FF5BAAE504B00921B68384623
:10E740009B6898473368009A08219960AEE63C467A
:10E7500041460120E6E5019944460120E5E5013501
:10E760006408283604335FE600234FF40072092161
:10E77000B7E647F6F0723240002A9FD007EB8703D6
:10E7800004EBC303C6F30A16D3F880130093324692
:10E79000204600F0B5F8009BD3F88023D3F88C1303
:10E7A00032443144C3F88023C3F88C13E36885E70F
:10E7B000002D7FF433AE98F8111104297FF42EAEAA
:10E7C000404601F011F8009B28E68F0710D5022182
:10E7D000CCF8081022E6002C7FF468AE97F81131CF
:10E7E000052B7FF463AE384600F0FEFF009A5DE62D
:10E7F00008067FF513AED6E94C1EDCF81800D6F8F3
:10E80000242187B2A1EB0E00904228BF10460330AE
:10E81000B7EB900F2ED9EFB2A246AB4660461D462D
:10E820000C4673461EE0D6F82431D6F828119C42D7
:10E8300028BF1C46A3B23A46404600F04BF8D6F833
:10E840003431D6F82821286823442244C6F83431CC
:10E85000C6F828218269033492B2B2EB940F05D92D
:10E86000D6F830419C42A4EB0304DCD82B46844606
:10E8700054465D468021CCF80810CFE56C0100209D
:10E88000014B05221A70704708020020014B052237
:10E890001A70704708020020014B06221A70704758
:10E8A00008020020014B05221A7070470802002060
:10E8B000014B05221A70704708020020014B052207
:10E8C0001A70704708020020014B05221A70704729
:10E8D0000802002090F803C0BCF1000F0DD10333F3
:10E8E0009B100AD000EB8200D0F8D00051F8042B26
:10E8F00002600CF1010C6345F8D10020704700BFA5
:10E9000010B502F1030E5FEAAE0E0C460ED0D0F841
:10E91000D010A4460023184601330A684CF8042B93
:10E920009E45F8D1043404EB800010BD084610BDAC
:10E9300001234022994230B54380828000F07B81E0
:10E94000002940F05781DFF848C3C17240F20C62E1
:10E950004FF4A063C84CDFF83CE3C849C84D0280BF
:10E96000C38006226346C0E903C403F5106CC0F8F7
:10E9700018C003F5306CC0F854C003F5126CC0F831
:10E980001CC003F5326CC0F858C003F5146CC0F815
:10E9900020C0032A03F5346CC0F85CC074D003F5C2
:10E9A000166CC0F824C0042A03F5366CC0F860C0A9
:10E9B0006AD003F5186CC0F828C0052A03F5386C36
:10E9C000C0F864C060D003F51A6CC0F82CC0062AE9
:10E9D00003F53A6CC0F868C056D003F51C6CC0F85B
:10E9E00030C0072A03F53C6CC0F86CC04CD003F56E
:10E9F0001E6CC0F834C0082A03F53E6CC0F870C025
:10EA000042D003F5206CC0F838C0092A03F5406CE9
:10EA1000C0F874C038D003F5226CC0F83CC00A2A94
:10EA200003F5426CC0F878C02ED003F5246CC0F812
:10EA300040C00B2A03F5446CC0F87CC024D003F519
:10EA4000266CC0F844C00C2A03F5466CC0F880C0A0
:10EA50001AD003F5286CC0F848C00D2A03F5486C9D
:10EA6000C0F884C010D003F52A6CC0F84CC00E2A40
:10EA700003F54A6CC0F888C006D003F52C62026525
:10EA800003F54C62C0F88C2002784561C0F8CC10C8
:10EA9000002A00F0AB8003F5A061012AC0F89010B5
:10EAA00000F0DD8003F5A461022AC0F8941000F0A4
:10EAB000DB8003F5A861032AC0F8981000F0EE800F
:10EAC00003F5AC61042AC0F89C103FD003F5B06197
:10EAD000052AC0F8A01039D003F5B461062AC0F8A1
:10EAE000A41033D003F5B861072AC0F8A8102DD0C0
:10EAF00003F5BC61082AC0F8AC1027D003F5C0614B
:10EB0000092AC0F8B01021D003F5C4610A2AC0F860
:10EB1000B4101BD003F5C8610B2AC0F8B81015D08B
:10EB200003F5CC610C2AC0F8BC100FD003F5D061FE
:10EB30000D2AC0F8C01009D003F5D4610E2AC0F820
:10EB4000C4101CBF03F5D861C0F8C81003F54051CC
:10EB500003F5805403F5005CC0F8D810042A03F5CF
:10EB60008041C0E9344CC0F8DC103FD003F5A0412F
:10EB7000052AC0F8E01039D003F5C041062AC0F8D4
:10EB8000E41033D003F5E041072AC0F8E8102DD097
:10EB900003F50041082AC0F8EC1027D003F5104116
:10EBA000092AC0F8F01021D003F520410A2AC0F844
:10EBB000F4101BD003F530410B2AC0F8F81015D023
:10EBC00003F540410C2AC0F8FC100FD003F550416A
:10EBD0000D2AC0F8001109D003F560410E2AC0F8D3
:10EBE000041103D003F57043C0F80831C0F80CE1FC
:10EBF000002030BD427800234FF40061C0E90331AA
:10EC00008AB14FF4106C4FF43061012AC0F818C07B
:10EC1000416508D04FF4126C4FF43261022AC0F8FB
:10EC20001CC0816545D14FF4606E4FF488614FF48C
:10EC30008065002328E74FF4816C4FF4A071022215
:10EC4000A0F800C04FF0A04CC372C18002720D4CFE
:10EC5000DFF844E00C490D4D0422634683E603F5DA
:10EC60008053C0F8D030C1E703F5805203F500535C
:10EC7000C0E93423BAE700BF000804404004044060
:10EC800000040440000800504004005000040050FC
:10EC900000000440000E0440000E005003F58051B7
:10ECA00003F5005203F54053C0E93412C0F8D830E0
:10ECB0009CE74FF4606E4FF480654FF4886164E622
:10ECC00070B5027AC368012A82B0054636D19E6BC0
:10ECD000417A26F4803600292DD062F314569E63C3
:10ECE000DA68384C22F49402002122F04002DA6003
:10ECF00000910320FEF78EFCEB68013C1A6900923C
:10ED000013D0009A002AF4DA00992E4A41F001014A
:10ED100000910099196119690091013A02D0009996
:10ED2000C807F8D40320FEF775FCEB78012B3BD025
:10ED3000002002B070BDC6F30052CEE7DA68214C65
:10ED4000002642F04002DA6001960320FEF762FCE2
:10ED5000EB68013C1A69019214D0019A002AF4DA96
:10ED60000199184A41F0010101910199196119694C
:10ED70000191013A02D00199C907F8D40320FEF7A6
:10ED800049FCEB686A7A003A18BF0122120142F08E
:10ED90002D0262F317469E631420FEF73DFCEB78CC
:10EDA000012BC5D1E96802E0E9682A238B608B68F2
:10EDB00023F03E0242F02A0262F3070300208B6038
:10EDC00002B070BD410D030003460020DA6893686D
:10EDD00043F001039360704703460020DA689368AC
:10EDE00023F001039360704700B583B000230193C3
:10EDF000019B43F020030193019B61F38A1301936C
:10EE0000C168019A074B0A610A690192013B02D06D
:10EE1000019A9206F8D40320FEF7FCFB002003B011
:10EE200000BD00BF410D0300C06808B5C368C3F34F
:10EE3000076222F06002012962F31F6308D009B95A
:10EE400043F08043C3603220FEF7E6FB002008BD9C
:10EE500043F00053F6E700BFC3685869C04300F0B1
:10EE600001007047C36858699B691840704700BF2C
:10EE700010B504460020D4F80C312269E16882B054
:10EE80001860136860F3CC231360E37A012B13D16D
:10EE900013681E4843F0030313604FF0800C1C4BB3
:10EEA000C1F824C01B4A8862C1F804314FF4A07332
:10EEB000C1F80821C1F80C3100230193019B43F0F4
:10EEC00020030193019A144B102060F38A120192DF
:10EED000019A0A610A690192013B02D0019A9006E7
:10EEE000F8D40320FEF796FB00220092009AE16816
:10EEF000094B42F010020092009A0A610A690092DE
:10EF0000013B0BD0009AD206F8D407E08000200025
:10EF1000A000800020012000410D03000320FEF727
:10EF200079FB216900224FF0FF330A614A618B614E
:10EF3000CA616378002B00F01782D4F818C0DCF89F
:10EF400000E0BEF1000FB4BF4FF0904E4FF0000E46
:10EF5000FF20012BCCF800E0CCF81020CCF8080002
:10EF600000F03482D4F81CC0DCF800E0BEF1000FE1
:10EF7000B4BF4FF0904E4FF0000E022BCCF800E0E3
:10EF8000CCF81020CCF8080000F0F080D4F820C0B5
:10EF9000DCF800E0BEF1000FB4BF4FF0904E4FF030
:10EFA000000E032BCCF800E0CCF81020CCF80800C1
:10EFB00000F0DC80D4F824C0DCF800E0BEF1000FE3
:10EFC000B4BF4FF0904E4FF0000E042BCCF800E091
:10EFD000CCF81020CCF8080000F0C880D4F828C085
:10EFE000DCF800E0BEF1000FB4BF4FF0904E4FF0E0
:10EFF000000E052BCCF800E0CCF81020CCF808006F
:10F0000000F0B480D4F82CC0DCF800E0BEF1000FB2
:10F01000B4BF4FF0904E4FF0000E062BCCF800E03E
:10F02000CCF81020CCF8080000F0A080D4F830C054
:10F03000DCF800E0BEF1000FB4BF4FF0904E4FF08F
:10F04000000E072BCCF800E0CCF81020CCF808001C
:10F0500000F08C80D4F834C0DCF800E0BEF1000F82
:10F06000B4BF4FF0904E4FF0000E082BCCF800E0EC
:10F07000CCF81020CCF8080078D0D4F838C0DCF8F0
:10F0800000E0BEF1000FB4BF4FF0904E4FF0000E05
:10F09000092BCCF800E0CCF81020CCF8080065D0A3
:10F0A000D4F83CC0DCF80020002AB4BF4FF09042F6
:10F0B0000022CCF800200020FF220A2BCCF8100000
:10F0C000CCF8082052D0D4F840C0DCF800E08645E7
:10F0D000B4BF4FF0904E86460B2BCCF800E0CCF836
:10F0E0001000CCF8082041D0D4F844C0DCF800E08F
:10F0F0008645B4BF4FF0904E86460C2BCCF800E00E
:10F10000CCF81000CCF8082030D0D4F848C0DCF897
:10F1100000E08645B4BF4FF0904E86460D2BCCF8EC
:10F1200000E0CCF81000CCF808201FD0D4F84CC078
:10F13000DCF800E08645B4BF4FF0904E86460E2BBB
:10F14000CCF800E0CCF81000CCF808200ED0D4F8B1
:10F1500050C0DCF800E08645B4BF4FF0904E8646C4
:10F16000CCF800E0CCF81000CCF80820D4F854E03B
:10F17000D4F858C0DEF80020002AB4BF4FF0904207
:10F180000022CEF800200020FF22CEF81000CEF89A
:10F190000820DCF800E08645B4BF4FF0904E86466C
:10F1A000022BCCF800E0CCF81000CCF8082000F0DE
:10F1B000DB80D4F85CC0DCF800E08645B4BF4FF0DB
:10F1C000904E8646032BCCF800E0CCF81000CCF82B
:10F1D000082000F0C980D4F860C0DCF800E0864563
:10F1E000B4BF4FF0904E8646042BCCF800E0CCF82C
:10F1F0001000CCF8082000F0B780D4F864C0DCF828
:10F2000000E08645B4BF4FF0904E8646052BCCF803
:10F2100000E0CCF81000CCF8082000F0A580D4F86D
:10F2200068C0DCF800E08645B4BF4FF0904E8646DB
:10F23000062BCCF800E0CCF81000CCF8082000F049
:10F240009380D4F86CC0DCF800E08645B4BF4FF082
:10F25000904E8646072BCCF800E0CCF81000CCF896
:10F26000082000F08180D4F870C0DCF800E086450A
:10F27000B4BF4FF0904E8646082BCCF800E0CCF897
:10F280001000CCF808206FD0D4F874C0DCF800E08F
:10F290008645B4BF4FF0904E8646092BCCF800E06F
:10F2A000CCF81000CCF808205ED0D4F878C0DCF898
:10F2B00000E08645B4BF4FF0904E86460A2BCCF84E
:10F2C00000E0CCF81000CCF808204DD0D4F87CC079
:10F2D000DCF800E08645B4BF4FF0904E86460B2B1D
:10F2E000CCF800E0CCF81000CCF808203CD0D4F8E2
:10F2F000802010680028B4BF4FF0904000201060BC
:10F300004FF0000CFF200C2BC2F810C090602BD0E7
:10F31000D4F88420D2F800E0E645B4BF4FF0904E18
:10F32000E6460D2BC2F800E0C2F810C090601BD07A
:10F33000D4F88820D2F800E0E645B4BF4FF0904EF4
:10F34000E6460E2BC2F800E0C2F810C090600BD069
:10F35000D4F88C301A686245B4BF4FF090426246D0
:10F360001A60C3F810C098600B69E26843F48073B8
:10F370000B61E078012819D0002393616FF0804180
:10F380004FF0FF34984208BF102317485161546072
:10F390005161906143F47013916943F4605343F0F9
:10F3A00008030B430020936102B010BDDFF83CC09E
:10F3B000C1F830C06FF080400B4C00234FF0FF319C
:10F3C00093615061516050619461E3E7636DD3F8DC
:10F3D00000C0BCF1000FB6BF4FF0904C1A60C3F8EC
:10F3E00000C01A619860BFE7000800800301810037
:10F3F00003699868C0F3410002281DBF20F0020095
:10F40000C0F10300C0B20120704700BF03698169E9
:10F410009A680868C2F34102022A0CBF0322002244
:10F4200062F30A0008605A6842F4807200205A6051
:10F43000704700BF10B591F800C091F801E00123BA
:10F4400003FA0CF300EB8C0CBEF1010F0CBFDCF8DF
:10F4500018C0DCF854C0DCF800E04FF000029BB2AA
:10F460000CBF63F30F0263F31F421EF4004F16D16B
:10F470008B68CC78C988C3F30A0343F0805343F404
:10F48000004304F0030401F00F0143EA844343EA1C
:10F49000815306490EEA01010B43CCF800300369A1
:10F4A000D9690A430020DA6110BD00BF007833EC4F
:10F4B0000A7891F801C00123934000EB82029BB2CD
:10F4C000BCF1010F4FF000010BBF63F30F0163F3B9
:10F4D0001F419369536D026900201860D36923EAC4
:10F4E0000103D361704700BF2DE9F04391F801E0BB
:10F4F0000A784B69CD78BEF1010F31D000EB820262
:10F500008E68D2F854E0C6F31202DEF800C0DEF8CE
:10F5100010401BB33344013BB3FBF6F3C3F30906BE
:10F5200006FB02F23346C2F3120242EAC34262F31E
:10F530001C04CEF81040C378012B04BF0B69CEF831
:10F540001430012D3CD0CCF3076363F07B0363F3ED
:10F550001F6CCEF800C00020BDE8F0830123E4E773
:10F5600000EB8204A046A669D6F800C0346963B3F4
:10F570008F681F4404F06049013F8C68B7FBF4F7C3
:10F58000314C04EAC744C3F312073C43012D44EA5B
:10F59000090447D03461C378012B51D00EFA02FE22
:10F5A0000269536B4EEA03035363CCF3076363F0C2
:10F5B0007B0363F31F6CC6F800C00020BDE8F08336
:10F5C0004B7963B34CF0005CBDE704F0604444F455
:10F5D00000243461C478012C2DD0012DE5D10269BD
:10F5E000926812F4807FCCF307620CBF62F05B027A
:10F5F00062F06B0262F31F6CC6F800C0002CAAD147
:10F6000098B203308010A6D0CA68D8F8D0502346EC
:10F61000013352F8041B29609842F9D19BE74CF062
:10F62000805C90E765F35E743461C478012CD6D1B8
:10F630000A697261D3E70A697261012DB5D1CEE71B
:10F640000B697361B1E700BF0000F81F10B54B787C
:10F65000D1F814C0012B82B02DD00B7800EB8303BE
:10F66000D3F854E0DEF80020DEF8103000938B6809
:10F67000BCF1000F1DD1009C03F07F0324F4C01CDB
:10F6800043F400232CF07F0C43EA0C03CEF8103037
:10F69000C378012B04BF0B69CEF81430C2F30763A3
:10F6A00063F07B0363F31F62CEF80020002002B0FA
:10F6B00010BD4B61DFE7D0F818E0DEF80020DEF87F
:10F6C00010300093BCF1000F23D1009B23F4C01332
:10F6D0004CF4002C23F07F0343EA0C03CEF81030E7
:10F6E0000093C378012B1CD0C2F3076C6CF07B0C29
:10F6F0006CF31F62CEF80020002BD7D14B69002B92
:10F70000D4D002690878516B012383400B435363C3
:10F71000CCE78B6863453CBF9C464B610CF07F0C8B
:10F72000D3E70B78D1F810C000EB8301C2F3076375
:10F73000896963F07B0363F31F620020C1F814C082
:10F74000CEF8002002B010BD4B78012B09D00B7809
:10F7500000EB8300426D136843F400131360002034
:10F7600070470A78094900EB820080690268002A24
:10F77000A8BFC2F380739B0301EA124143F0200348
:10F780000B4363F31F42026000207047DFBFFFFF9F
:10F790000B784A7800EB8300012A0CBF8069406D2A
:10F7A000CA780368023A012A23F400138CBFC3F31A
:10F7B0000072012262F31C7303600020704700BFD7
:10F7C00003699869DB691840000C704700EB810100
:10F7D00003694A6D90685B691840704703699869CE
:10F7E000DB69184080B27047436D064A1A61C278DF
:10F7F000012A06D100F2CC5058614FF080221968DE
:10F800001A607047180008C008B513460A4602215E
:10F81000C0E94E3380F811110021FEF77DF9002078
:10F8200008BD00BF08B513460A460021FEF774F96B
:10F83000002008BD08B513460A460321C0E9E43399
:10F8400080F811110021FEF73BF9002008BD00BF30
:10F8500008B513460A460021FEF732F9002008BD1C
:10F8600010B5002304220446194680F811211A46D7
:10F87000FEF752F92046FFF7B7FF002010BD00BF8A
:10F8800010B5002305220446194680F811211A46B6
:10F89000FEF716F92046FFF7A7FF002010BD00BFB6
:10F8A00010B582B009490091094B0A4A0A480B4C2D
:10F8B0000121FEF735FC0A490A4B0B4A002008607B
:10F8C000012120601170186002B010BDEC01002011
:10F8D000F8000020B4010020E4980020E09E002001
:10F8E000E49E0020DC9E0020D89E0020024B186879
:10F8F000B0FA80F040097047DC9E00200F4B1A6878
:10F9000012B90270042070470D4A11687F2984BF24
:10F9100000211160D2F800C00A4911F80CC080F82B
:10F9200000C010684FF0000C01F800C011680131F0
:10F9300011601A68013A03201A607047DC9E0020AB
:10F94000E09E0020E89E002008B5FEF767FC00203E
:10F9500008BD00BF0C4B1A687F2A01D902207047EE
:10F960000A4ADFF82CC011687F2984BF002111608A
:10F9700011680CF801001168013111601A68013238
:10F9800000201A60704700BFDC9E0020E49E00202B
:10F99000E89E002010B54B7884B00A460446092B37
:10F9A00011D8DFE803F03D501065107A0510971E5E
:10F9B00051880B0A022B00F03C81032B00F0F480ED
:10F9C000012B00F0A98080212046FEF7C7F8002116
:10F9D0002046FEF7C3F82046FFF706FF002004B0DC
:10F9E00010BD9178A44B01291970ECD890F8122120
:10F9F000022A7FD0032AE6D1002900F02D8190F859
:10FA00001011012930D0FEF7B7FB9B4B197884F811
:10FA100010112046FEF7A4FB2046FFF721FFDDE78B
:10FA200090F81231023B012BCDD8944BD0F818211D
:10FA3000012119600AB103221A609049022220466E
:10FA4000FFF7E2FECAE790F81231023B012BBAD869
:10FA50005388012BC2D1D0F8E43500219B68C0F84F
:10FA600018111146204698472046FFF7F9FEB5E7E2
:10FA70005388012B00F09280022BAFD19388DAB229
:10FA8000002AABD102691B0A013B5268042B6CD8D7
:10FA9000DFE803F07C80787468009388002B92D1B3
:10FAA000D388002B8FD190F81231032B8BD0518843
:10FAB00001F07F0180F814110091FEF789F82046CB
:10FAC000FFF7CEFE0099002900F0C280022384F8DF
:10FAD000123183E7D288012A7FF475AF90F8123192
:10FAE000022B15D0032B7FF46EAF00F58871FFF762
:10FAF0008BFE73E70029B7D00121032380F8101192
:10FB000080F81231FEF72CFB2046FFF7A9FE65E7CF
:10FB10005B49FFF779FE61E7D0F8EC3580781B6828
:10FB200000920DF10E019847009AD388402B00F007
:10FB30009E8094F81211012900F09B80BDF80E10F0
:10FB400000293FF44BAFD388002B3FF447AF8B42E3
:10FB500028BF0B461A4601462046ADF80E30FFF787
:10FB600053FE3BE7052363F30612464B012184F85D
:10FB7000161120461A60FFF773FE2FE7042363F384
:10FB80000612F2E7032363F30612EEE7012363F3A1
:10FB90000612EAE7022363F30612E6E7D0F8E4155B
:10FBA000C0F818318B685CE7C9B205293FF60BAF86
:10FBB000DFE801F0352B21170D03D0F8EC3500926A
:10FBC00080789B690DF10E019847009AB6E7D0F84E
:10FBD000EC35009280785B690DF10E019847009A30
:10FBE000ACE7D0F8EC35009280781B690DF10E017E
:10FBF0009847009AA2E7D0F8EC3500928078DB684D
:10FC00000DF10E019847009A98E7D0F8EC35009274
:10FC100080789B680DF10E019847009A8EE7D0F826
:10FC2000EC35009280785B680DF10E019847009AE0
:10FC300084E7D0F8E405CDE900320DF10E01836AC6
:10FC4000A0789847009B4370019AC4F8F00575E7C7
:10FC5000012384F81231C1E6022380F8123180F8C2
:10FC60001011FEF789FA2046FFF7FAFDB6E60821E3
:10FC70006DE7082168E700BF689F00206CA00020A6
:10FC800070A00020E098002010B590F81231032BEE
:10FC900082B004460ED10B79012B0BD8D0F8E43595
:10FCA00001919B689847019AD38873B92046FFF762
:10FCB000D7FD0AE080212046FDF750FF00212046B5
:10FCC000FDF74CFF2046FFF78FFD002002B010BD6E
:10FCD00010B50B46B1F804C05A78012A82B0044628
:10FCE0005FFA8CF131D0032A1BD0BAB990F81231E7
:10FCF000022B2ED0032B3FD11CF0800F51D101EBF2
:10FD0000810100EBC10191F87633003B18BF01235C
:10FD10002A49022220460B60FFF776FD002002B040
:10FD200010BD90F81221022A13D0032A24D15A8838
:10FD300082B3D4F8E42519469368204698472046B4
:10FD4000FFF78EFD002002B010BD90F81221022AAC
:10FD500004D14B06E2D0FDF701FFDFE7032A0BD108
:10FD60005A88002ADAD14A06E9D00193FDF714FF38
:10FD7000D4F8E4250199DFE780212046FDF7EEFE67
:10FD800000212046FDF7EAFE2046FFF72DFD00206A
:10FD900002B010BD4A06CCD00193FDF7DFFE019BF7
:10FDA000C7E70CF07F0C0CEB8C0C00EBCC0C9CF838
:10FDB0001E31003B18BF0123AAE700BF74A000203A
:10FDC000B0F8CC350B80B0F8CE354B80B0F8D035DC
:10FDD0008B80B0F8D235CB800122C0F8403180F85A
:10FDE0001121704710B580210446FDF7B7FE20466B
:10FDF0000021FDF7B3FE2046BDE81040FFF7F4BC3C
:10FE0000037843B300B585B003460130CDE9021253
:10FE10000193E8F7B5FF0130C0B20299039A019B44
:10FE2000013040004FF0030C1080087081F801C0D1
:10FE3000187870B19C464FF0000E02235A1CD2B2C3
:10FE4000C85401F802E01CF8010F0233DBB20028AD
:10FE5000F4D105B000BD704710B5874C86B0206F57
:10FE6000E8F720FA82A3D3E90023E8F785FAE8F758
:10FE70005BFD9FED827A07EE900AF4EEC77AF1EE11
:10FE800010FA00F1E6809FED7E6AF4EEC67AF1EE9C
:10FE900010FA00F3DE80606FCDED017A8DED036A1C
:10FEA0008DED027AE8F7FEF971A3D3E90023E8F7B4
:10FEB00063FAE8F739FDDFED736A05EE900AF4EEB8
:10FEC000E65AF1EE10FA00F1C480DFED6F6AF4EE4D
:10FED000E65AF1EE10FA00F3BC80DDED017A9DEDFB
:10FEE000027AF4EEC77AF1EE10FA40F2B680B2EE82
:10FEF000045A87EE850A04908DED025A11F03CFDFC
:10FF0000FDEEC06A9DED025A9DED036ADDED017ABA
:10FF1000DDED045A16EE903A1BB206EE903AF8EE7A
:10FF2000E66AF4EEC67A66EE856AF1EE10FAA8BFCC
:10FF300076EEC56AFDEEE66A16EE903A1BB206EE64
:10FF4000903AF8EEE66A36EE866A86EE057ABDEEFF
:10FF5000C77A17EE103A1CB2631C9FED4A7AF4EE92
:10FF6000C75AF1EE10FA7DD9F2EE044A85EEA40AE2
:10FF70000493CDED057ACDED036ACDED024ACDEDCA
:10FF8000015A11F0F9FCBDEEC07A9FED3F6ADDED3C
:10FF9000024ADDED015ADDED036ADDED057A17EE6B
:10FFA000103A1BB207EE103AB8EEC77AF4EEC65A12
:10FFB00027EE247AF1EE10FAA8BF37EE647A049B9C
:10FFC000BDEEC77A17EE102A12B207EE102AB8EE6D
:10FFD000C77A37EE065A85EE246ABDEEC66A16EE7B
:10FFE000102A12B202F1010C35EEC77AF2EE045A71
:10FFF00087EE256A04EBC40004EB800403EBC30026
:020000040802F0
:10000000224903EB8003A0181A446444634401EBC3
:10001000800001EB830301EB820277EEE67A01EBCD
:10002000840187EEA55A90ED000AD2ED007AD3ED57
:10003000006A91ED007A76EEE76A37EE407AE6EEF6
:10004000267AA6EE070A77EEC07AA5EE270A06B052
:1000500010BD9FED0F0A06B010BDF0EE476A0123F8
:1000600000247AE74FF0010C0022BDE7AFF30080D7
:1000700048AFBC9AF2D77A3EE8A800200000B4C28C
:100080000000B442000034C300003443BC7E0308C7
:10009000000000002DE9F04F2DED088B91B0F1F735
:1000A00001FAAF4B0146D878C0F3C002000712D462
:1000B000AC480078052813D09446187A6CF34510A4
:1000C0001872187A830606D5DFF8E8C2DCF800005B
:1000D0006430884213D911B0BDEC088BBDE8F08FB5
:1000E000A14890F832C0BCF1020FE5D990F8310078
:1000F0000428E1D993F806C0CCF3001CDDE79A4848
:10010000CCF80010D0ED227AD0ED216A27EEA77A44
:10011000F7EE004AA6EEA67AB1EEC76AB4EEE46A3C
:10012000F1EE10FA00F1C480DFF88CC29CF800C038
:10013000BCF1010F79D08D488D4990ED007A91ED99
:10014000008ADFF86092DFF864828A4E8A4F8B4D16
:100150008DED017A0092F1F7A5F939689FED886A73
:10016000D6ED007ADFED875A009A401A07EE100AA2
:10017000F8EE476A9DED017A66EE666A37EE487AD8
:10018000E6EEA57A9FED806AB0EEC77AE7EE467A92
:10019000FFEE006AF4EEE67AF1EE10FA00F1C380A9
:1001A00098ED000AD9ED000A78492868029260EEBD
:1001B000006AB7EE007AE0EEA06A88600091F4EE83
:1001C000C77AB1EEE66AF1EE10FAC8BFF0EE477AF0
:1001D000C1ED057ACDED017AC1ED000A81ED010A8C
:1001E00081ED036A8DED036A11F0F6F8DDED017A19
:1001F0000099029A5A4BB6EE007AF4EEC77AF1EE05
:1002000010FA0ADBDFED627A9DED036AB4EEE76A6D
:10021000F1EE10FACCBF01220022187A81ED040A17
:10022000014662F34511197255E7DFF890C190ED70
:10023000233A9CED007ADFF888C15648DCED003A9D
:10024000DFF880C190ED006A9CED005A524865EEDF
:10025000475A26EE064A27EE067AA5EE054A90F89A
:1002600000C0A3EE857AE3EE865AF0EE002AB0EEE7
:10027000645AA4EE625A37EE076A75EEA55ABCF1CD
:10028000000F40F0A180DFF828A1444A444B82EDE2
:10029000005A82ED016AC2ED025A0122C3ED006AE2
:1002A000C3ED017A83ED023ACAF80010027012E73A
:1002B0003C48DFED3D5A90ED006A3C4C76EEC66A54
:1002C00094ED007AA6EEA56A8146A04677EEC77A3D
:1002D00080ED006A2748A7EEA57A0646D0ED007AA1
:1002E00084ED007A77EEA57AFFEE006AF4EEE67A06
:1002F000F1EE10FA08D4F4EEE47AF1EE10FAD4BF7D
:10030000F0EE676AF0EE646A18481C4D90ED007AD2
:100310001748C6ED006A80ED007A1748B0EE478AAC
:100320000746016014E798ED000AD9ED000A174965
:100330002868019260EE007AC1ED056AE0EEA07ACD
:1003400088600091C1ED000AB1EEE77A81ED010A03
:1003500081ED037A11F040F8DDE90012004B5CE713
:100360003C7D0020387D0020E8A8002004110020FA
:1003700084A00020A8A0002088A00020ACA000201D
:100380006F12833ACDCC4C3D0AD7A33CB8A00020D5
:100390009A99993EB40F002080A000209CA00020D4
:1003A00090A00020B4A00020CDCCCC3DB0A0002077
:1003B0008CA0002078A00020B18E0020C00F00206B
:1003C000BC0F0020B80F0020D24CA246246804F5D0
:1003D0007A7C8C457FF659AFCF48DFEDD00A90ED9F
:1003E000014AD0ED001A90ED021A76EE443A75EE0D
:1003F000612A23EEA37A35EEC12AA2EEA27AA2EEFA
:10040000027AB4EEE07AF1EE10FA22DCC4480090F1
:10041000DFF82893C348DFF82083C34EDFF814B316
:10042000C24FC34D0190CAF8001000999BED007AAD
:1004300091ED008AB84981ED005A81ED016AC1ED64
:10044000025A0199C1ED006AC1ED017A81ED023ACB
:100450007EE6B44BCDED057AD3ED018A93ED009A9B
:10046000D3ED029A079237EEE80AB1EEC72AAC4AFA
:100470000193B04B0F919B46009260EE000A36EE5E
:10048000C97AF0EE607AE7EE077AF0EE470A33EECB
:10049000697AD3ED00AA92ED00BACDED0E4AE7EEEF
:1004A000077A8DED0D1AB1EEE77A8DED0C4A87EEE5
:1004B000028ACDED022ACDED0B1ACDED0A5A8DED53
:1004C000096A8DED085ACDED066A8DED043ACDED41
:1004D000033A10F081FFDDED020AB0EE40AA9DED77
:1004E000030A10F079FF7AEE403AB0EE630ACDEDE0
:1004F000033A11F0BFF88DED020A9DED030A11F0E9
:1005000079F8DDED0A5A9DED0D1A9DED043A9DED49
:10051000096A9DED0C4A9DED085ADDED0B1ADDEDE3
:10052000020ADDED057ADDED066A834B079ADDED03
:100530000E4A0F9935EE811A39EE837A36EE044A67
:10054000A1EE487A984675EE211A24EE001A20EEA4
:10055000C44AA1EEA01AF0EE472AB0EE447AA1EE0A
:10056000807A38EEA72A79EE263AA1EE482AE7EEFD
:10057000483AF6EE001A22EE214A22EEA17A63EE04
:10058000A13A64EE042AB1EE001AE3EEA32AE7EEE4
:10059000072AF1EEE21AD3ED002A684B62EEA22A96
:1005A00093ED002A9946E2EE022A614B93ED002A70
:1005B000E2EE022A1D46B1EEE22A72EE012AF4EEC4
:1005C000E12AF1EE10FA09DC5D48574E90ED007A11
:1005D000564F37EE247A80ED007A24E70D918DEDA9
:1005E0000B7A8DED0A4ACDED093A8DED083ACDED45
:1005F000077ACDED055A8DED046A8DED035A02920E
:10060000CDED0C4AF0F74EFF484B474ADFED4D0A5F
:1006100092ED002A9FED4C0A9DED035A9DED046A70
:10062000DDED055ADDED066A9DED083ADDED093A8E
:100630009DED0A4A9DED0B7A0D991F461B68C01A65
:1006400007EE900AF8EE671ADFED407A60EEE10AF5
:10065000F0EE421AE0EEA71A1646029ADDED077A8E
:100660003AEECB1AFFEE002AB0EEC11AE1EE401AC4
:10067000F4EEE21AF1EE10FA46D4DDED0C4AF4EE97
:10068000E41AF1EE10FAD8BFF0EE614AF7EE000A74
:1006900070EEE44ADFED2E1ADFED2B2A99ED001AF9
:1006A000E4EEA12AD5ED004AD8ED001A37EE647ABF
:1006B00034EE614AE7EE224A73EEC13A9FED257AA5
:1006C000E4EE221AA3EEA21A32EE077AB0EE644AE2
:1006D000FFEE004AB4EEE47AF1EE10FA89ED001A6A
:1006E000C8ED001A85ED004A11D4B4EEE07AF1EEBF
:1006F00010FAC8BFB0EE607A009CDBF8000086ED0F
:10070000007A396020608EE6F0EE624ABEE7B0EE15
:10071000647AF1E78CA000209CA000200AD7233D3A
:1007200084A0002090A00020A8A0002088A0002085
:10073000ACA0002004110020B0A00020B4A0002034
:100740007CA000206F12833A0AD7A33CCDCC4C3D4D
:100750000AD7A33DCDCCCC3D2DE9F041F0F7DEFD2D
:100760001C4F00F5FA6405E0F0F7D8FDA04271F1E6
:1007700000012BD2387802F007F805460028F3D1A3
:10078000F0F7CCFD2E4600F127044FF00108F0F7FA
:10079000C5FDA04271F10001F9D3387801F0F4FFF2
:1007A00008FA06F32B439BB20136002818BF1D46FA
:1007B0000A2E04F13404EAD140F201232B40B3F5B0
:1007C000007F03D1C5F34F00BDE8F0814FF0FF304B
:1007D000BDE8F081FFA000202DE9F047664E471EDE
:1007E00000F10109307802F00BF84FF0000840F2F8
:1007F000014A17F8015FF0F791FD4AEA8505ADB2AD
:10080000E90700F1340430780ED501F0D3FF6D080C
:100810000ED0F0F783FDA04271F10001F9D3E90792
:10082000307804F13404F0D46D0801F0D1FFF0E722
:100830003B7883EA080202F0010202EB820102EB3C
:10084000413080EA580080B280EA530202F001028F
:1008500002EB820102EB413181EA500189B281EA67
:10086000930202F0010202EB820002EB403080EAC8
:10087000510080B280EAD30202F0010202EB820151
:1008800002EB413181EA500189B281EA131202F090
:10089000010202EB820002EB403080EA510080B29C
:1008A00080EA531202F0010202EB820102EB4131B5
:1008B00081EA500189B281EA931202F0010202EB4F
:1008C000820002EB403282EA510292B282EAD313F2
:1008D00003F0010303EB830103EB413383EA52038B
:1008E0004F451FFA83F884D14FEA880505F47F75D8
:1008F000F0F714FD45F4806545F00105EA0700F1C5
:10090000340430780ED501F055FF6D080ED0F0F7A5
:1009100005FDA04271F10001F9D3EA07307804F136
:100920003404F0D46D0801F053FFF0E74FEA1828C3
:1009300040F20145F0F7F2FC45EA8805ADB2EB075D
:1009400000F1340430780ED501F034FF6D080ED07C
:10095000F0F7E4FCA04271F10001F9D3EB07307825
:1009600004F13404F0D46D0801F032FFF0E7307880
:10097000BDE8F04701F03ABFFFA0002070B582B09B
:100980000C888DF8040001A80D468DF80540FFF78E
:1009900023FF002C6BD06D6800262C4403E005F883
:1009A000011BAC4264D0FFF7D7FEC1B281EA060357
:1009B00003F0010303EB830203EB423CC6F34E0654
:1009C0008CEA060C1FFA8CFC8CEA510303F001033D
:1009D00003EB830203EB423282EA5C0292B282EAC8
:1009E000910303F0010303EB830603EB463C8CEA1F
:1009F000520C1FFA8CFC8CEAD10303F0010303EBC9
:100A0000830203EB423282EA5C0292B282EA111361
:100A100003F0010303EB830603EB463C8CEA520C24
:100A20001FFA8CFC8CEA511303F0010303EB8302E1
:100A300003EB423282EA5C0292B282EA911303F043
:100A4000010303EB830603EB463383EA52039BB2B5
:100A500083EAD11202F0010202EB820602EB463277
:100A6000013082EA53069AD1002002B070BD2646BA
:100A70000224FFF771FEC3B283EA060101F001010F
:100A800001EB810201EB4235C6F34E067540ADB273
:100A900085EA530202F0010202EB820102EB4131CE
:100AA00081EA550189B281EA930202F0010202EB68
:100AB000820502EB453585EA5105ADB285EAD302E0
:100AC00002F0010202EB820102EB413181EA5501A1
:100AD00089B281EA131202F0010202EB820502EBF5
:100AE000453585EA5105ADB285EA531202F001029F
:100AF00002EB820102EB413181EA550189B281EAC0
:100B0000931202F0010202EB820502EB453282EA07
:100B1000510292B282EAD31303F0010303EB830183
:100B200003EB413383EA520301309EB29CD0012C87
:100B30000DD1FFF711FE431C96D0002E94D1C0B208
:100B4000A0F13000B0FA80F0400902B070BD01247D
:100B50008FE700BF2DE9F04F03888A4F834685B0A9
:100B6000BBF8001038780191FE225BBAADF80C207A
:100B7000ADF80E3001F044FE4FF0000840F2014A9B
:100B80000DF10C0919F8016BF0F7C8FB4AEA86056C
:100B9000ADB205F0010300F134046D0838787BB183
:100BA00001F008FE7DB1F0F7B9FBA04271F1000140
:100BB000F9D305F00103387834346D08002BEFD1F8
:100BC00001F006FEEFE786EA080303F0010303EBFA
:100BD000830203EB423282EA580292B282EA56035F
:100BE00003F0010303EB830103EB413181EA52017E
:100BF00089B281EA960303F0010303EB830203EB5E
:100C0000423282EA510292B282EAD60303F0010331
:100C100003EB830103EB413181EA520189B281EA9E
:100C2000161303F0010303EB830203EB423282EA63
:100C3000510292B282EA561303F0010303EB8301DF
:100C400003EB413181EA520189B281EA961303F044
:100C5000010303EB830203EB423282EA510292B2B8
:100C600082EAD61303F0010303EB830103EB413364
:100C700083EA52031FFA83F804AB994582D14FEA05
:100C8000880505F47F75F0F749FB45F4806545F06C
:100C90000105EE0700F1340438780ED501F08AFD25
:100CA0006D080ED0F0F73AFBA04271F10001F9D3C4
:100CB000EE07387804F13404F0D46D0801F088FDB3
:100CC000F0E74FEA182840F20146F0F727FB46EA22
:100CD0008806B6B2F10700F1340438780ED501F079
:100CE00069FD76080ED0F0F719FBA04271F1000102
:100CF000F9D3F107387804F13404F0D4760801F020
:100D000067FDF0E7387801F071FD032401E0013C54
:100D10000AD0FFF721FD421CF9D0C0B2FF2803D052
:100D2000002005B0BDE8F08F3878DBF8044001F012
:100D300067FD019B002B00F0D780A04603EB040A5F
:100D400040F2014918F8015BF0F7E8FA49EA850535
:100D5000ADB2EB0700F1340438780ED501F02AFD6E
:100D60006D0811D0F0F7DAFAA04271F10001F9D361
:100D7000EB07387804F13404F0D46D0801F028FD55
:100D8000F0E700BFFFA0002018F8013C83EA06024C
:100D900002F0010202EB820102EB413080EA5600D0
:100DA00080B280EA530202F0010202EB820102EB00
:100DB000413181EA500189B281EA930202F00102D5
:100DC00002EB820002EB403080EA510080B280EA00
:100DD000D30202F0010202EB820102EB413181EA0F
:100DE000500189B281EA131202F0010202EB820083
:100DF00002EB403080EA510080B280EA531202F0E8
:100E0000010202EB820102EB413181EA500189B219
:100E100081EA931202F0010202EB820002EB4032FF
:100E200082EA510292B282EAD31303F0010303EB88
:100E3000830103EB413383EA5203D0459EB281D153
:100E4000B30040F20142340A03F47F7642EA84049C
:100E50001643A4B2B6B2F0F761FAF10700F1340517
:100E600038780ED501F0A6FC76080ED0F0F756FAC9
:100E7000A84271F10001F9D3F107387805F1340582
:100E8000F0D4760801F0A4FCF0E7F0F747FAE207A7
:100E900000F1340538780ED501F08CFC64080ED0D2
:100EA000F0F73CFAA84271F10001F9D3E207387873
:100EB00005F13405F0D4640801F08AFCF0E73878D5
:100EC00001F094FC292402E0013C3FF429AFFFF734
:100ED00043FC431CF8D0C0B2A0F13000B0FA80F05F
:100EE000400905B0BDE8F08F40F201463446B2E754
:100EF0002DE9F04F334D344E002389B08346036013
:100F00000FCD02AC0FC495E8030044F8040B307811
:100F1000217001F075FC0DF107084746A24640F22A
:100F2000014917F8014FF0F7F9F949EA8404A4B22E
:100F300004F0010300F13405640830787BB101F05E
:100F400039FC7CB1F0F7EAF9A84271F10001F9D35C
:100F500004F00103307834356408002BEFD101F040
:100F600037FCEFE7BA45DCD1307801F03FFC0DF1FA
:100F7000FF34FFF7F1FB421C10D004F8010FA0452D
:100F8000F7D1FFF7E9FB431C08D0C0B2302805D1E8
:100F9000BDF8002043F234739A4203D0002009B018
:100FA000BDE8F08F9DF80230312BF7D1BDF8043049
:100FB0009DF803208BF802205BBAABF800300120CB
:100FC000EDE700BF205A0308FFA0002000B583B062
:100FD000FD2301A8ADF80430FFF7FEFBFFF7BCFBD3
:100FE000421C07D1FFF7B8FB431C08BF002001D10A
:100FF00003B000BDC0B2A0F1C100B0FA80F040095A
:1010000003B000BD00B583B0002301A8ADF80430E3
:10101000FFF7E2FB03B000BD2DE9F04F43884FF628
:10102000FF72934283B0074600F0E280744E5BBAD1
:10103000FF223078ADF80420ADF8063001F0E0FB77
:101040004FF0000940F2014B0DF1040A1AF8018B30
:10105000F0F764F94BEA8804A4B204F0010300F14C
:101060003405640830787BB101F0A4FB7CB1F0F763
:1010700055F9A84271F10001F9D304F00103307869
:1010800034356408002BEFD101F0A2FBEFE789EAC9
:10109000080303F0010303EB830203EB423282EA0D
:1010A000590292B282EA580303F0010303EB830171
:1010B00003EB413181EA520189B281EA980303F0DE
:1010C000010303EB830203EB423282EA510292B244
:1010D00082EAD80303F0010303EB830103EB413100
:1010E00081EA520189B281EA181303F0010303EB8C
:1010F000830203EB423282EA510292B282EA58132F
:1011000003F0010303EB830103EB413181EA520158
:1011100089B281EA981303F0010303EB830203EB26
:10112000423282EA510292B282EAD81303F00103FA
:1011300003EB830103EB413383EA52031FFA83F984
:1011400002AB9A4582D14FEA890505F47F75F0F725
:10115000E5F845F4806545F00105E90700F1340440
:1011600030780ED501F026FB6D080ED0F0F7D6F8DA
:10117000A04271F10001F9D3E907307804F1340499
:10118000F0D46D0801F024FBF0E74FEA192940F292
:101190000145F0F7C3F845EA8905ADB2EA0700F169
:1011A000340430780ED501F005FB6D080ED0F0F751
:1011B000B5F8A04271F10001F9D3EA07307804F1E3
:1011C0003404F0D46D0801F003FBF0E7307801F04F
:1011D0000DFB032401E0013C06D0FFF7BDFA431CE0
:1011E000F9D0C0B2302803D0002003B0BDE8F08FA2
:1011F0003946072003B0BDE8F04FFFF7BFBB00BF83
:10120000FFA000202DE9F04F43884FF6FF72934274
:1012100083B0074600F0E280744E5BBAFF2230785C
:10122000ADF80420ADF8063001F0EAFA4FF00009FD
:1012300040F2014B0DF1040A1AF8018BF0F76EF839
:101240004BEA8804A4B204F0010300F134056408F9
:1012500030787BB101F0AEFA7CB1F0F75FF8A842CC
:1012600071F10001F9D304F00103307834356408DA
:10127000002BEFD101F0ACFAEFE789EA080303F0A5
:10128000010303EB830203EB423282EA590292B27A
:1012900082EA580303F0010303EB830103EB4131BE
:1012A00081EA520189B281EA980303F0010303EB5A
:1012B000830203EB423282EA510292B282EAD803FD
:1012C00003F0010303EB830103EB413181EA520197
:1012D00089B281EA181303F0010303EB830203EBE5
:1012E000423282EA510292B282EA581303F00103B9
:1012F00003EB830103EB413181EA520189B281EAB8
:10130000981303F0010303EB830203EB423282EAFA
:10131000510292B282EAD81303F0010303EB830176
:1013200003EB413383EA52031FFA83F902AB9A4578
:1013300082D14FEA890505F47F75EFF7EFFF45F499
:10134000806545F00105E90700F1340430780ED5D9
:1013500001F030FA6D080ED0EFF7E0FFA04271F116
:101360000001F9D3E907307804F13404F0D46D08B2
:1013700001F02EFAF0E74FEA192940F20145EFF7A4
:10138000CDFF45EA8905ADB2EA0700F134043078B3
:101390000ED501F00FFA6D080ED0EFF7BFFFA04297
:1013A00071F10001F9D3EA07307804F13404F0D484
:1013B0006D0801F00DFAF0E7307801F017FA032418
:1013C00001E0013C06D0FFF7C7F9431CF9D0C0B2D9
:1013D000302803D0002003B0BDE8F08F3946032049
:1013E00003B0BDE8F04FFFF7C9BA00BFFFA000206F
:1013F0002DE9F04F43884FF6FF72934283B00746C2
:1014000000F0E280744E5BBAFF223078ADF8042021
:10141000ADF8063001F0F4F94FF0000940F2014B4D
:101420000DF1040A1AF8018BEFF778FF4BEA8804F4
:10143000A4B204F0010300F13405640830787BB1F4
:1014400001F0B8F97CB1EFF769FFA84271F1000132
:10145000F9D304F00103307834356408002BEFD160
:1014600001F0B6F9EFE789EA080303F0010303EBA3
:10147000830203EB423282EA590292B282EA5803B3
:1014800003F0010303EB830103EB413181EA5201D5
:1014900089B281EA980303F0010303EB830203EBB3
:1014A000423282EA510292B282EAD80303F0010387
:1014B00003EB830103EB413181EA520189B281EAF6
:1014C000181303F0010303EB830203EB423282EAB9
:1014D000510292B282EA581303F0010303EB830135
:1014E00003EB413181EA520189B281EA981303F09A
:1014F000010303EB830203EB423282EA510292B210
:1015000082EAD81303F0010303EB830103EB4133B9
:1015100083EA52031FFA83F902AB9A4582D14FEA5C
:10152000890505F47F75EFF7F9FE45F4806545F010
:101530000105E90700F1340430780ED501F03AF9DD
:101540006D080ED0EFF7EAFEA04271F10001F9D369
:10155000E907307804F13404F0D46D0801F038F96B
:10156000F0E74FEA192940F20145EFF7D7FE45EAC7
:101570008905ADB2EA0700F1340430780ED501F0E8
:1015800019F96D080ED0EFF7C9FEA04271F1000104
:10159000F9D3EA07307804F13404F0D46D0801F08F
:1015A00017F9F0E7307801F021F9032401E0013C5C
:1015B00006D0FFF7D1F8431CF9D0C0B2302803D0D1
:1015C000002003B0BDE8F08F3946042003B0BDE829
:1015D000F04FFFF7D3B900BFFFA000202DE9F04F77
:1015E00043884FF6FF72934283B000F0E380804F50
:1015F0005BBAFF223878ADF80420ADF8063001F070
:10160000FFF80DF1040B4FF0000840F2014AD946F3
:1016100019F8016BEFF782FE4AEA8605ADB205F0D4
:10162000010300F134046D0838787BB101F0C2F891
:101630007DB1EFF773FEA04271F10001F9D305F01F
:101640000103387834346D08002BEFD101F0C0F875
:10165000EFE786EA080303F0010303EB830203EBE1
:10166000423282EA580292B282EA560303F0010340
:1016700003EB830103EB413181EA520189B281EA34
:10168000960303F0010303EB830203EB423282EA89
:10169000510292B282EAD60303F0010303EB830105
:1016A00003EB413181EA520189B281EA161303F05A
:1016B000010303EB830203EB423282EA510292B24E
:1016C00082EA561303F0010303EB830103EB41317C
:1016D00081EA520189B281EA961303F0010303EB18
:1016E000830203EB423282EA510292B282EAD613BB
:1016F00003F0010303EB830103EB413383EA52035D
:101700001FFA83F802AB994582D14FEA880505F4A8
:101710007F75EFF703FE45F4806545F00105EE07A0
:1017200000F1340438780ED501F044F86D080ED07D
:10173000EFF7F4FDA04271F10001F9D3EE0738781C
:1017400004F13404F0D46D0801F042F8F0E74FEAF8
:10175000182840F20145EFF7E1FD45EA8805ADB2F2
:10176000E90700F1340438780ED501F023F86D084C
:101770000ED0EFF7D3FDA04271F10001F9D3E907D4
:10178000387804F13404F0D46D0801F021F8F0E762
:10179000387801F02BF8032401E0013C06D0FEF775
:1017A000DBFF421CF9D0C0B2302805D0002003B0C6
:1017B000BDE8F08F0DF1040B4FF481735846ADF87E
:1017C00004301524FFF708F801E0013C0CD0FEF7C7
:1017D000C3FF431CF9D0C0B2A0F13000B0FA80F0D2
:1017E000400903B0BDE8F08F204603B0BDE8F08F9C
:1017F000FFA000202DE9F04F43884FF6FF7293427F
:1018000083B0074600F0E280814E5BBAFF22307859
:10181000ADF80420ADF8063000F0F2FF4FF00009FB
:1018200040F2014B0DF1040A1AF8018BEFF776FD37
:101830004BEA8804A4B204F0010300F13405640803
:1018400030787BB100F0B6FF7CB1EFF767FDA842BE
:1018500071F10001F9D304F00103307834356408E4
:10186000002BEFD100F0B4FFEFE789EA080303F0A3
:10187000010303EB830203EB423282EA590292B284
:1018800082EA580303F0010303EB830103EB4131C8
:1018900081EA520189B281EA980303F0010303EB64
:1018A000830203EB423282EA510292B282EAD80307
:1018B00003F0010303EB830103EB413181EA5201A1
:1018C00089B281EA181303F0010303EB830203EBEF
:1018D000423282EA510292B282EA581303F00103C3
:1018E00003EB830103EB413181EA520189B281EAC2
:1018F000981303F0010303EB830203EB423282EA05
:10190000510292B282EAD81303F0010303EB830180
:1019100003EB413383EA52031FFA83F902AB9A4582
:1019200082D14FEA890505F47F75EFF7F7FC45F49E
:10193000806545F00105EB0700F1340430780ED5E1
:1019400000F038FF6D080ED0EFF7E8FCA04271F10F
:101950000001F9D3EB07307804F13404F0D46D08BA
:1019600000F036FFF0E74FEA192940F20145EFF7A2
:10197000D5FC45EA8905ADB2E90700F134043078B9
:101980000ED500F017FF6D080ED0EFF7C7FCA04290
:1019900071F10001F9D3E907307804F13404F0D48F
:1019A0006D0800F015FFF0E7307800F01FFF03240A
:1019B00001E0013C06D0FEF7CFFE421CF9D0C0B2D8
:1019C000302803D0002003B0BDE8F08F3846FFF781
:1019D000C1F80028F6D040F2051301A8ADF8043094
:1019E00040F2DD54FEF7F8FE01E0013C0CD0FEF7BA
:1019F000B3FE431CF9D0C0B2A0F13000B0FA80F0C1
:101A0000400903B0BDE8F08F204603B0BDE8F08F79
:101A1000FFA000202DE9F04F43884FF6FF7293425C
:101A200083B0074600F0E280814E5BBAFF22307837
:101A3000ADF80420ADF8063000F0E2FE4FF00009EA
:101A400040F2014B0DF1040A1AF8018BEFF766FC26
:101A50004BEA8804A4B204F0010300F134056408E1
:101A600030787BB100F0A6FE7CB1EFF757FCA842BE
:101A700071F10001F9D304F00103307834356408C2
:101A8000002BEFD100F0A4FEEFE789EA080303F092
:101A9000010303EB830203EB423282EA590292B262
:101AA00082EA580303F0010303EB830103EB4131A6
:101AB00081EA520189B281EA980303F0010303EB42
:101AC000830203EB423282EA510292B282EAD803E5
:101AD00003F0010303EB830103EB413181EA52017F
:101AE00089B281EA181303F0010303EB830203EBCD
:101AF000423282EA510292B282EA581303F00103A1
:101B000003EB830103EB413181EA520189B281EA9F
:101B1000981303F0010303EB830203EB423282EAE2
:101B2000510292B282EAD81303F0010303EB83015E
:101B300003EB413383EA52031FFA83F902AB9A4560
:101B400082D14FEA890505F47F75EFF7E7FB45F48D
:101B5000806545F00105EB0700F1340430780ED5BF
:101B600000F028FE6D080ED0EFF7D8FBA04271F10F
:101B70000001F9D3EB07307804F13404F0D46D0898
:101B800000F026FEF0E74FEA192940F20145EFF791
:101B9000C5FB45EA8905ADB2E90700F134043078A8
:101BA0000ED500F007FE6D080ED0EFF7B7FBA04290
:101BB00071F10001F9D3E907307804F13404F0D46D
:101BC0006D0800F005FEF0E7307800F00FFE03240A
:101BD00001E0013C06D0FEF7BFFD421CF9D0C0B2C7
:101BE000302803D0002003B0BDE8F08F3846FEF760
:101BF000B1FF0028F6D040F2011301A8ADF804307F
:101C00001524FEF7E9FD01E0013C0CD0FEF7A4FD30
:101C1000431CF9D0C0B2A0F13000B0FA80F0400906
:101C200003B0BDE8F08F204603B0BDE8F08F00BFE1
:101C3000FFA000202DE9F041EFF770FB234D074690
:101C400000F1FA064FF0000805E0EFF767FB864267
:101C500078EB010134D3287800F096FD0446002883
:101C6000F3D105E0EFF75AFB864274EB010127D36D
:101C7000287800F091FD80460028F3D1EFF74EFB65
:101C8000134B144A1B68C01B984210601CD807F500
:101C9000FA7705E0EFF742FB874278EB01010FD3BB
:101CA000287800F071FD04460028F3D1287800F070
:101CB00073FD38B1EFF732FB874274EB0101F5D2C7
:101CC0004FF0FF30BDE8F0810120FBE7FFA00020CE
:101CD000D4A00020D8A000202DE9F047864E874DE3
:101CE000602382B02B603378122B8046894621D046
:101CF000152B1FD0012B0CBF02248C24FFF79AFF59
:101D000001301AD00A24FFF795FF01300ED0013CB4
:101D1000F9D17B4B1A68930803EB52032B6001E067
:101D2000012811D1FFF786FF411CF9D1002002B034
:101D3000BDE8F08744F6206401E0013CF6D0FFF7EF
:101D400079FF0130F9D0DDE76E4D00242C70274675
:101D5000FFF770FF421C00FA07F044EA000407F1A5
:101D60000107E4B2E2D0082FF2D12B781B2C83EAD2
:101D700004032B70DAD100273C46FFF75BFF431CBE
:101D800000FA04F040EA070004F10104C7B2CDD024
:101D9000082CF2D15C4B1A782B78BA4283EA0703FD
:101DA0002B70C3D100242746FFF744FF411C00FAE3
:101DB00007F044EA000407F10107E4B200F098805C
:101DC000082FF1D12B7863402B704FEA042A0027AB
:101DD0003C46FFF72FFF421C00FA04F047EA0007D9
:101DE00004F10104FFB2A1D0082CF2D12B784AEA09
:101DF00007025F40531EB3F5817F92462F7095D83E
:101E000000273C46FFF716FF431C00FA04F047EAA0
:101E1000000704F10104FFB288D0082CF2D12B781E
:101E20000E2F83EA07032B7080D100221746019200
:101E3000FFF700FF019A00FA07F31343441C07F170
:101E40000107DAB23FF472AF082FF0D12B78317866
:101E5000534091422B707FF469AF00263746FFF75D
:101E6000E9FE00FA07F33343411C07F10107DEB234
:101E70003FF45CAF082FF2D12B7873402B70002E0B
:101E80007FF454AFBAF1020F1DDDAAF1020A344605
:101E900000231F460193FFF7CDFE019B421C00FA71
:101EA00007F043EA000307F101073FF43FAF082FB3
:101EB000F0D14C452978B8BF08F8043001345940B6
:101EC00054452970E4D10024FFF7B4FE431C00FA06
:101ED00004F046EA000604F1010404D0082CF3D112
:101EE0002B785E402E702878B0FA80F040091EE70B
:101EF0006FF0FF0A6BE700BFD2A00020D4A0002043
:101F0000D8A00020D1A00020D3A0002070B51B4A8B
:101F10001B4E137843400446137008250EE000F072
:101F200049FC4020EFF738FA307800F051FC4020AF
:101F3000EFF732FA013D4FEA54041DD0E307307841
:101F4000EDD400F037FC2020EFF726FA307800F0CF
:101F50003FFC2020EFF720FA307800F02BFC202007
:101F6000EFF71AFA307800F033FC2020EFF714FA7C
:101F7000013D4FEA5404E1D170BD00BFD0A0002064
:101F8000FFA000202DE9F041324EB0F80080324F22
:101F90000546307800F034FCFF20FFF7B7FFFF2044
:101FA000FFF7B4FF7F200024FFF7B0FF1B203C7039
:101FB000FFF7ACFF294B18780130C0B208F10A08CE
:101FC0001870FFF7A3FFC8F30720FFF79FFF5FFA22
:101FD00088F0FFF79BFF0E20FFF798FF204B187843
:101FE000FFF794FF2888000AFFF790FF2878FFF793
:101FF0008DFF2046FFF78AFF2046FFF787FF204628
:10200000FFF784FF2046FFF781FF2046FFF77EFFA2
:102010002046FFF77BFF2046FFF778FF2B883BB178
:102020006B68185DFFF772FF2B880134A342F7DC61
:102030003878FFF76BFF307800F0BCFB2020EFF71B
:10204000ABF9307800F0D2FBBDE8F0410548102133
:10205000FFF742BEFFA00020D0A00020D3A00020A8
:10206000D2A00020DCA00020F8B51D4C1D4B20782C
:102070001D4E01251D7000F0C3FBFF20FFF746FF3A
:10208000FF20FFF743FF7F20FFF740FF00271B20C3
:102090003770FFF73BFF154B18782844C0B2187013
:1020A000FFF734FF3846FFF731FF2846FFF72EFFD2
:1020B0000E20FFF72BFF2846FFF728FF3078FFF7A9
:1020C00025FF207800F076FB2020EFF765F92078D7
:1020D00000F08CFBBDE8F84005481021FFF7FCBD7F
:1020E000FFA00020D2A00020D0A00020D3A000207C
:1020F000DCA000202DE9F04F5A4D5B4FDFF87081D6
:10210000DFF8709185B00124019028783C7000F0D0
:1021100077FBFF20FFF7FAFEFF20FFF7F7FE7F2097
:10212000FFF7F4FE00261B2088F80060FFF7EEFEA4
:1021300099F800002044C0B289F80000FFF7E6FEDD
:102140003046FFF7E3FE2046FFF7E0FE0E20FFF7E4
:10215000DDFE2046FFF7DAFE98F80000FFF7D6FE16
:10216000287800F027FB2020EFF716F9287800F0F8
:102170003DFB3E481021FFF7AFFD002852D00DF186
:102180000C0B28784FF01D0A87F800A000F038FBF0
:10219000FF20FFF7BBFEFF20FFF7B8FE7F200024E3
:1021A000FFF7B4FE1B2088F80040FFF7AFFE99F858
:1021B00000000130C0B289F80000FFF7A7FE2046FA
:1021C000FFF7A4FE0820FFF7A1FE0E20FFF79EFEFA
:1021D0005046FFF79BFE0420FFF798FE0420FFF710
:1021E00095FE2046FFF792FE3020FFF78FFE204637
:1021F000FFF78CFEF0B2FFF789FE2046FFF786FE60
:1022000098F80000FFF782FE287800F0D3FA20202B
:10221000EFF7C2F8287800F0E9FA14481021FFF728
:102220005BFD10B905B0BDE8F08F104B1A78013690
:102230004AB95A78302A00D02AB90C4B9A7812B988
:10224000DA788BF80020032E0BF1010B99D1BDF841
:102250000D3001999DF80C208A705BBA0B8005B097
:10226000BDE8F08FFFA00020D2A00020DCA000205D
:10227000D0A00020D3A00020F8B5264C264F20780F
:10228000264E12233B7000F0BBFAFF20FFF73EFE04
:10229000FF20FFF73BFE7F20FFF738FE00251B20C5
:1022A0003570FFF733FE1E4B18780130C0B218703E
:1022B000FFF72CFE2846FFF729FE0720FFF726FE32
:1022C0000E20FFF723FE3878FFF720FE1420FFF7DB
:1022D0001DFE2846FFF71AFEAC20FFF717FE8820E8
:1022E000FFF714FE1320FFF711FE7620FFF70EFE16
:1022F0003078FFF70BFE207800F05CFA2020EFF733
:102300004BF8207800F072FABDE8F840054810213B
:10231000FFF7E2BCFFA00020D2A00020D0A0002048
:10232000D3A00020DCA0002042882DE9F8434FF61E
:10233000FF739A42044600F093804C4DDFF83C81D5
:1023400028784B4E4B4F062388F8003000F058FA9F
:10235000FF20FFF7DBFDFF20FFF7D8FD7F20FFF711
:10236000D5FD4FF000091B2086F80090FFF7CEFD49
:1023700038780130C0B23870FFF7C8FD4846FFF723
:10238000C5FD0520FFF7C2FD0E20FFF7BFFD0620AB
:10239000FFF7BCFD4846FFF7B9FD4846FFF7B6FD1D
:1023A0006088000AFFF7B2FDA078FFF7AFFD307834
:1023B000FFF7ACFD287800F0FDF92020EEF7ECFFE8
:1023C000287800F013FA2C481021FFF785FC00282C
:1023D00044D01423287888F8003000F011FAFF2048
:1023E000FFF794FDFF20FFF791FD7F20FFF78EFDA3
:1023F0004FF000091B2086F80090FFF787FD387822
:102400000130C0B23870FFF781FD4846FFF77EFD0E
:102410000420FFF77BFD0E20FFF778FD98F8000001
:10242000FFF774FD2088000AFFF770FD2078FFF7A2
:102430006DFDA020FFF76AFD3078FFF767FD287873
:1024400000F0B8F92020EEF7A7FF287800F0CEF9C9
:1024500021886068BDE8F843FFF73EBCBDE8F8831B
:10246000DFF81880014D024E024FB2E7FFA00020B6
:10247000D0A00020D3A00020DCA00020D2A000200B
:1024800042882DE9F8434FF6FF739A42044600F064
:1024900093804C4DDFF83C8128784B4E4B4F062300
:1024A00088F8003000F0ACF9FF20FFF72FFDFF2087
:1024B000FFF72CFD7F20FFF729FD4FF000091B20BF
:1024C00086F80090FFF722FD38780130C0B23870EE
:1024D000FFF71CFD4846FFF719FD0520FFF716FD25
:1024E0000E20FFF713FD0620FFF710FD4846FFF70B
:1024F0000DFD4846FFF70AFD6088000AFFF706FD5C
:10250000A078FFF703FD3078FFF700FD287800F092
:1025100051F92020EEF740FF287800F067F92C48A9
:102520001021FFF7D9FB002844D01623287888F81B
:10253000003000F065F9FF20FFF7E8FCFF20FFF70F
:10254000E5FC7F20FFF7E2FC4FF000091B2086F836
:102550000090FFF7DBFC38780130C0B23870FFF72D
:10256000D5FC4846FFF7D2FC0420FFF7CFFC0E2035
:10257000FFF7CCFC98F80000FFF7C8FC2088000AA1
:10258000FFF7C4FC2078FFF7C1FCA020FFF7BEFCDA
:102590003078FFF7BBFC287800F00CF92020EEF72C
:1025A000FBFE287800F022F921886068BDE8F84336
:1025B000FFF792BBBDE8F883DFF81880014D024EAB
:1025C000024FB2E7FFA00020D0A00020D3A000203F
:1025D000DCA00020D2A0002070B542884FF6FF7327
:1025E0009A4282B0044656D02C4E2D4B307801933F
:1025F0000621197000F004F9FF20FFF787FCFF2087
:10260000FFF784FC7F20FFF781FC264A00251B2072
:102610001570FFF77BFCDFF894C09CF800000130D8
:10262000C0B28CF80000FFF771FC2846FFF76EFC83
:102630000520FFF76BFC0E20FFF768FC0620FFF774
:1026400065FC2846FFF762FC2846FFF75FFC6088C0
:10265000000AFFF75BFCA078FFF758FC114A1078DE
:10266000FFF754FC307800F0A5F82020EEF794FE38
:10267000307800F0BBF80C481021FFF72DFB019BD0
:1026800038B1132220461A7002B0BDE87040FFF73F
:1026900079BC02B070BD024BF3E700BFFFA0002081
:1026A000D2A00020D0A00020DCA00020D3A00020D9
:1026B00070B542884FF6FF739A4282B0044656D0F6
:1026C0002C4E2D4B307801930621197000F098F8AC
:1026D000FF20FFF71BFCFF20FFF718FC7F20FFF710
:1026E00015FC264A00251B201570FFF70FFCDFF8AC
:1026F00094C09CF800000130C0B28CF80000FFF7D5
:1027000005FC2846FFF702FC0520FFF7FFFB0E2023
:10271000FFF7FCFB0620FFF7F9FB2846FFF7F6FB67
:102720002846FFF7F3FB6088000AFFF7EFFBA0786D
:10273000FFF7ECFB114A1078FFF7E8FB307800F068
:1027400039F82020EEF728FE307800F04FF80C48DA
:102750001021FFF7C1FA019B38B1152220461A70EB
:1027600002B0BDE87040FFF70DBC02B070BD024B77
:10277000F3E700BFFFA00020D2A00020D0A00020DF
:10278000DCA00020D3A00020024B342202FB00304A
:10279000F9F7ACBF507C030808B5054B342202FBA7
:1027A0000030F9F7A3FFB0FA80F0400908BD00BF80
:1027B000507C03083422054B02FB00F01A5C02B97E
:1027C0007047043001211844F9F794BF4C7C03088A
:1027D0003422054B02FB00F01A5C02B9704704304A
:1027E00000211844F9F786BF4C7C0308034B3422C0
:1027F000012102FB0030F9F78BBF00BF4C7C0308BE
:10280000034B3422002102FB0030F9F781BF00BFE7
:102810004C7C030870B51C4E054603242846FFF780
:1028200069FC38B92846FEF763FBA0B9013CF5D135
:10283000204670BD3388002BF4D02988124A03E06B
:1028400032F8023F002BEDD09942F9D103230F4A11
:102850001370012070BD0E4A298813881BB906E049
:1028600032F8023F1BB19942FAD10123EFE7064A41
:10287000138823B9DAE732F8023F002BD6D0994209
:10288000F9D10223E3E700BF1C020020F5A00020DD
:102890000C02002010B54FF4FA612A20EEF772FE08
:1028A000154C04E0EEF7C4FE40B9EAF7C1F8207811
:1028B000F3F7D4FE03462A20002BF3D02A20EEF7AC
:1028C000B7FE10B10D4B01221A702078F3F7C6FE47
:1028D00060B903460A490B4A0C886340C3F30724D6
:1028E00032F8142082EA03230B8010BD2078F3F71E
:1028F000EBFE0302EEE700BFF4A00020FCA00020E6
:10290000F2A00020385A030800B585B0A0F1300CC1
:10291000ADF80A100392BCF10F0F3BD8DFE80CF0C2
:1029200084AD5B6970743A3D359D1C083A1C08966D
:102930007D4AADF808303B38127818BF012040EAD4
:1029400042000238052825D8DFE810F09D00240059
:102950009D00B600C200BC001378734A002B08BF6C
:102960004FF480731278ADF808303A3818BF012060
:1029700040EA4200023805280CD8DFE810F0B90020
:102980000B00AF00CB00C500BF00674B1B78032BCB
:1029900000F08A80022005B000BD644B644800212D
:1029A000198011780078884274D9DFF890C10192BB
:1029B00018468CF80010FFF72DFF5C4B019A002899
:1029C00000F0B08058480078D8701B681360069BF0
:1029D000042119600AE0574B03CB1B781372069B46
:1029E00010604FF0090C5160C3F800C0002005B022
:1029F00000BD4FF492611180069A02231360F5E73F
:102A00004D4B01221A70F1E7494B12781B78934223
:102A100040D9454B49491B780A70013B012B48D9E5
:102A2000424B00221A80E1E7404B1A88002ADDD091
:102A30003D4A1278022A2FD9032A04D1FFF714FB4A
:102A40003A4B0028D2D100221A8021E013785A1E76
:102A5000022A65D8344A1370C8E7334B1B78012B20
:102A600098D106990B60137802A85B02ADF80A3082
:102A7000FEF7B4FD0028B9D10AE06A211170069A68
:102A800001231360B2E702A8FEF7C4FF0028ADD10E
:102A90000F2080E708207EE7002AD4D0FEF796FAC0
:102AA000224B0028CFD0A1E7FFF7E6FB00289DD1FD
:102AB000EEE7FEF7A7FAB3E702A8FEF79BFE0028B1
:102AC00094D1E5E702A8FFF7F3FD00288ED1DFE7F8
:102AD00002A8FFF781FD002888D1D9E702A8FEF7F8
:102AE0009BFA0028D4D0069ABDF8083013607DE721
:102AF00002A8FEF787FB0028F5D1C9E702A8FFF777
:102B0000BFFC0028EFD1C3E702A8FFF70DFC0028A7
:102B1000E9D1BDE702A8FEF76BFC0028E3D1B7E7D7
:102B2000092038E71880B3E7F5A00020F8A00020BE
:102B300000A1002094600308FDA00020FFA0002059
:102B40002DE9F04F424B434ECBB083461870F3F75C
:102B500059F8F2F7CFFF33689BB13F4D4FF00008B3
:102B600034275FFA88F407FB04F401212819F9F7E8
:102B7000CFFD2B5D002B56D1336808F1010843458A
:102B8000EFD8DFF8E480354F00234FF47A612A2034
:102B900088F800303B70EEF7F5FC98F800301BBB6E
:102BA0002F4D0CE04FF47A612A20EEF7EBFC2C80DD
:102BB000FFF770FE2F2859D098F80030A3B93C7861
:102BC00094B9E9F735FF5846F3F748FD0028E9D1F5
:102BD0002A20EEF72DFD0028EED04FF001033B70C8
:102BE00098F80030002BEAD0336883B11A4D0027E3
:102BF0004FF03408FCB208FB04F400212819F9F75F
:102C000087FD2B5DD3B9336801379F42F2D341F280
:102C10008830EEF74DFC134B00221A70E6F712FFD6
:102C20004BB0BDE8F08F201D01212844F9F762FD6B
:102C3000336808F10108434593D8A2E7201D00211D
:102C40002844F9F757FD336801379F42D2D3DEE7B6
:102C5000F4A00020040000204C7C0308FCA000200D
:102C6000F2A0002000A10020FDA000202046F2F7E5
:102C70005BFFFFF70FFE0390FFF70CFE0446FFF724
:102C800009FE40EA04239BB20293FFF703FE031EF2
:102C900008BF4FF480730AAC04EB030904949A460E
:102CA000FFF7F8FD04F8010BA145F9D1049CCDF81C
:102CB00014A0FFF7EFFDFFF7EDFD002209922A882F
:102CC000059B002A00F0E5814FF440720323CDE913
:102CD000042300238DF828304FF480720123CDE9BE
:102CE00006239A46B54BDFF8D892187800222E2199
:102CF000A9F8002000F0F4FFB9F8002082F438525F
:102D000010B20028C0F2FE82520011B20029C0F2B7
:102D1000F082520010B20028C0F2E482520011B2D8
:102D20000029C0F2D882520010B20028C0F2CC8232
:102D3000520011B20029C0F2C082520010B2002825
:102D4000C0F2B482520011B200299C4BBABF41F2CA
:102D5000210282EA4102520018789DF90C10A9F86C
:102D6000002000F0BDFFB9F80020039B82EA032297
:102D700010B20028C0F29382520011B20029C0F2B2
:102D80008782520010B20028C0F27B82520011B23A
:102D90000029C0F26F82520010B20028C0F2638294
:102DA000520011B20029C0F25782520010B200281E
:102DB000C0F24B82520011B2804B00291878029B5E
:102DC000BABF41F2210282EA4102520043F30721D5
:102DD000A9F8002000F084FF029BB9F8001023F04E
:102DE000FF024A4010B20028C0F22882520011B2FD
:102DF0000029C0F21C82520010B20028C0F21082DA
:102E0000520011B20029C0F20482520010B2002810
:102E1000C0F2F881520011B20029C0F2EC815200D8
:102E200010B20028C0F2E081520011B20029634BB9
:102E3000BABF41F2210282EA4102520018789DF99C
:102E40000810A9F8002000F04BFFB9F80020029B01
:102E500082EA032210B20028C0F2BF81520011B2F0
:102E60000029C0F2B381520010B20028C0F2A7813D
:102E7000520011B20029C0F29B81520010B200280A
:102E8000C0F28F81520011B20029C0F2838152003A
:102E900010B20028C0F27781520011B20029474BCE
:102EA000BABF41F2210282EA410252001878079922
:102EB000A9F8002000F014FFB9F80020069B5A4042
:102EC00010B20028C0F25881520011B20029C0F29D
:102ED0004C81520010B20028C0F24081520011B261
:102EE0000029C0F23481520010B20028C0F22881BB
:102EF000520011B20029C0F21C81520010B2002809
:102F0000C0F21081520011B20029B6BF41F2210275
:102F1000520082EA4102BAF1000FA9F800203CDD1C
:102F20000AAB5344029341F2210ACDF80CB014F8D5
:102F300001BB224B4FFA8BF1187800F0D1FEB9F8A3
:102F4000002082EA0B2213B2002BC0F296805200BE
:102F500013B2002BC0F29880520013B2002BC0F2C3
:102F60008780520013B2002B7DDB520013B2002B7E
:102F700074DB520013B2002B6BDB520013B2002B38
:102F800062DB520013B2002B55DB029B5200A342BE
:102F9000A9F80020CBD1DDF80CB0084B05991878C2
:102FA00000F09EFEB9F80020049B5A4011B200299F
:102FB000C0F2B18051000AB204E000BFF4A00020CA
:102FC000F0A00020002AC0F29F80490008B200282B
:102FD000C0F2938049000AB2002AC0F287804900FB
:102FE00008B200287BDB49000AB2002A70DB4900E6
:102FF00008B2002865DB49000AB2002AC04BB6BF00
:1030000041F22101490081EA42011C461878A9F8E1
:10301000001041F3072100F063FE99F900102078B9
:1030200000F05EFE4FF47A612A20EEF7ABFA002042
:10303000F2F78CFDC0E58AEA4303A9F80030029B51
:10304000A3427FF474AFA6E78AEA43031BB21A4691
:1030500099E78AEA43031BB21A4690E78AEA4303D8
:103060001BB21A4687E78AEA43031BB21A467EE779
:103070008AEA43031BB21A4675E78AEA43031BB286
:10308000002B1A46BFF668AF8AEA43031BB21A4602
:1030900064E709AA0092DDE902100AAAFFF734FCEE
:1030A000DDF824A043B2059303020493BAF1000FA4
:1030B0003FF40FAE4FFA8AF307934FEA0A230693C1
:1030C00010E641F2210282EA400212B2114694E770
:1030D00041F2210080EA420000B2014689E741F254
:1030E000210282EA400212B211467EE741F221003B
:1030F00080EA420000B2014673E741F2210282EA0F
:10310000400212B2114667E741F2210080EA420014
:1031100000B201465BE741F2210282EA410212B2AB
:1031200011464FE741F2210181EA400109B20A4606
:10313000EAE641F2210080EA410000B20246DEE602
:1031400041F2210181EA400109B20A46D2E641F288
:10315000210080EA410000B20246C6E641F22101A8
:1031600081EA400109B20A46BAE641F2210080EA4A
:10317000410000B20246AEE641F2210181EA40017F
:1031800009B20A46A2E641F2210181EA400109B2F0
:103190000A4683E641F2210080EA410000B202467D
:1031A00077E641F2210181EA400109B20A466BE665
:1031B00041F2210080EA410000B202465FE641F29E
:1031C000210181EA400109B20A4653E641F2210099
:1031D00080EA410000B2024647E641F2210181EA5D
:1031E000400109B20A463BE641F2210181EA400171
:1031F00009B20A461AE641F2210080EA410000B213
:1032000002460EE641F2210181EA400109B20A4676
:1032100002E641F2210080EA410000B20246F6E5F2
:1032200041F2210181EA400109B20A46EAE541F290
:10323000210080EA410000B20246DEE541F22101B0
:1032400081EA400109B20A46D2E541F2210181EA50
:10325000400109B20A46AFE541F2210080EA41008F
:1032600000B20246A3E541F2210181EA400109B220
:103270000A4697E541F2210080EA410000B2024689
:103280008BE541F2210181EA400109B20A467FE55E
:1032900041F2210080EA410000B2024673E541F2AA
:1032A000210181EA400109B20A4667E541F22101A4
:1032B00081EA400109B20A4646E541F2210080EA6E
:1032C000410000B202463AE541F2210181EA4001A3
:1032D00009B20A462EE541F2210080EA410000B21F
:1032E000024622E541F2210181EA400109B20A4683
:1032F00016E541F2210080EA410000B202460AE5EB
:10330000F4A0002041F2210181EA400109B20A46FD
:10331000FCE400BF10B50446F3F7A0F908B900209B
:1033200010BD2046F3F7D0F91C4ADFF878C01378B7
:1033300083EA000111709CF800100629EFD8DFE83D
:1033400001F00C12181E23290400181A0022B0FAEA
:1033500080F08CF80020400910BD2428DFD1012323
:103360008CF80030DBE74D28D9D102238CF80030EF
:10337000D5E73C28D3D103238CF80030CFE70423D2
:1033800010708CF80030CAE7054A062310708CF8DC
:103390000030C4E706238CF80030C0E7ECA0002022
:1033A000EEA00020EDA000202DE9F8434FF4FA61D3
:1033B00004462A20EEF7E6F8C34EE9F739FB20462B
:1033C000FFF7A8FF38B92A20EEF732F90028F4D029
:1033D0000020BDE8F8834FF4FA612A20EEF7D2F816
:1033E0000220F2F7A1FB3378242B7ED8002B78D073
:1033F000013B232B75D8DFE813F01D02FA01CF0142
:10340000A4016F01740074007400740074007400EF
:10341000740074007400740074007400740074000C
:1034200074007400740074007400740074007400FC
:1034300074007400740074007400740074007400EC
:10344000440124212046F3F7F3F9A04F4D212046F3
:103450000025F3F7EDF93E212046F3F7E9F91221B3
:1034600020463D5500F03CFC7221204600F038FC1F
:1034700040F2DC51204600F037FC4FF47A712046D0
:1034800000F032FC4FF4FA61204600F02DFC4FF4BE
:103490007A71204600F028FC4FF47A71204600F043
:1034A00023FC2946204600F01BFC2946204600F05C
:1034B00017FC2946204600F013FC2946204600F060
:1034C0000FFC2946204600F00BFC2946204600F060
:1034D00007FC2946204600F007FC3957204600F03B
:1034E000FFFB0220F2F732FB6DE77C2B00F2C38179
:1034F000642BF6D9653B172BF3D801A252F823F0C1
:103500001D360208E3340208E3340208A13502083C
:10351000E3340208E3340208E3340208E334020827
:10352000E3340208E3340208E3340208E334020817
:10353000E334020843340208E3340208E3340208A7
:10354000E3340208E3340208E3340208E3340208F7
:10355000E3340208E3340208E33402086135020868
:1035600020462421F3F764F9584F20464D21F3F704
:103570005FF9002520463E21F3F75AF920463D55D4
:10358000062100F0ADFB20467C2100F0A9FB294676
:10359000204600F0A9FB2946204600F0A5FB98E74D
:1035A00024212046F3F744F94D212046F3F740F952
:1035B0003E212046F3F73CF9444B454FDFF8148198
:1035C00000251D5510212046994600F089FB6821F1
:1035D000204600F085FB0CE0D7ED007AFDEEE77A9F
:1035E000013517EE903A19B200F07EFB082D0CD091
:1035F0000437D8F80030AB4220464FF00001EBD83A
:10360000013500F071FB082DF2D119F904102046A4
:1036100000F066FB0220F2F799FAD4E62421204656
:10362000F3F706F9294F4D2120460025F3F700F95D
:103630003E212046F3F7FCF80F2120463D5500F0CF
:103640004FFB6521204600F04BFB4FF4FA712046FA
:1036500000F04AFB2946204600F046FB294620465A
:1036600000F042FB2946204600F04EFB294620464A
:1036700000F036FB2946204600F036FB4FF4FA7185
:1036800028E720462421F3F7D3F8104D20464D219A
:10369000F3F7CEF8002720463E21F3F7C9F820467D
:1036A0002F55042100F01CFB2046242100F018FBBC
:1036B0003946204600F028FB2046295700F010FB31
:1036C0000220F2F743FA7EE6EEA00020B843002085
:1036D000640600200400002024212046F3F7A8F807
:1036E0004D212046F3F7A4F83E212046F3F7A0F839
:1036F000784A002313551A212046914600F0F0FA2B
:103700000521204600F0ECFA7349204600F078FAD3
:103710007249204600F074FA7149204600F070FAB0
:103720007049204600F06CFA03252021204600F065
:10373000D7FA013DF9D119F90410204600F0D0FA6A
:1037400068E720462421F3F773F8624F20464D21A5
:10375000F3F76EF8002520463E21F3F769F820467E
:103760003D55062100F0BCFA2046042100F0B8FACD
:1037700020465D4900F044FA2946204600F0B0FAA0
:103780002946204600F0ACFA2046395700F0A8FA46
:103790000220F2F7DBF916E624212046F3F748F879
:1037A0004D212046F3F744F84A4D3E212046F3F7D9
:1037B0003FF800232B550321204600F091FA032106
:1037C000204600F08DFA0121204600F089FA0E21F2
:1037D000204600F085FA0121204600F081FA2046BB
:1037E000295700F07DFA0220F2F7B0F9EBE5204608
:1037F0002421F3F71DF820464D21F3F719F8354D34
:1038000020463E21F3F714F800232B5520460421CF
:1038100000F066FA2046022100F062FA20463349A1
:1038200000F0EEF92046295700F05AFA0220F2F78C
:103830008DF9C8E524212046F2F7FAFF254D4D21E8
:103840002046F2F7F5FF00273E212046F2F7F0FF71
:10385000032120462F5500F043FA0121204600F0B5
:103860003FFA3946204600F03BFA0121204600F09D
:1038700037FA1921B0E7F52B7FF433AE2046242127
:10388000F2F7D6FF20464D21F2F7D2FF114D204628
:103890003E21F2F7CDFF00232B552046012100F0F9
:1038A0001FFA20466FF00A0100F01AFA104B20466A
:1038B00093F9001000F014FA2957204600F010FA8E
:1038C0000220F2F743F92A20EDF7B2FE0020BDE80E
:1038D000F88300BFB8430020B0600308BC60030851
:1038E000C8600308CC600308A8600308A060030850
:1038F00000A100202DE9F04142F2107104462A2077
:10390000EDF740FE0020F2F70FF9EDF7CBFD05468D
:103910000BE02046F2F7A2FE60B9E9F789F8EDF76F
:10392000C1FD401BB0F57A7F60D22A20EDF780FE02
:103930000028EED02046F2F791FE002844D02F4D0B
:103940002F4A29680123137059B100232D4E3427C3
:10395000184607FB03620133D269DBB28B42106069
:10396000F7D33220EDF7A4FD274A2B6813702046C9
:10397000FFF71AFD2046FFF7E3F82B6893B1214EBD
:103980004FF0000834275FFA88F407FB04F40021A5
:103990003019F8F7BDFE335DEBB92B6808F101086B
:1039A0004345F0D841F28830EDF782FD164B0024F4
:1039B0001C70E6F747F8124B02201C70F5F7AAF8C6
:1039C000BDE8F041F2F71EB90320F5F7A3F8BDE812
:1039D000F041F2F717B9201D00213044F8F78AFEB4
:1039E0002B6808F101084345CDD8DBE702210846E2
:1039F000F5F770F8EDF756FD054696E70400002050
:103A0000FEA000204C7C030800A1002018B1084B48
:103A1000084AC3F8FC2F72B6BFF34F8F0649074B15
:103A2000CA6802F4E0621343CB60BFF34F8FFEE736
:103A300000F00120EFBEADDE00ED00E00400FA056D
:103A400000B57F2083B00DF0F3FA30B10120019072
:103A50000DF008FB019803B000BD7E200DF0E8FAE0
:103A600008B10220F3E77D200DF0E2FA28B97C20AE
:103A70000DF0DEFA18B10420E9E70320E7E77B2028
:103A80000DF0D6FA50B97A200DF0D2FA40B979206B
:103A90000DF0CEFA002818BF0720D8E70520D6E79A
:103AA0000620D4E74848494AD0F8883043F47003E8
:103AB00084B0C0F888301368002143F0010313601C
:103AC00091601368A0F1BC2023F0847323F4803349
:103AD000F03813605060136823F480231360D160C2
:103AE00001910291136843F48033136003E0019B5A
:103AF000B3F5A06F09D0136803F400330293019B60
:103B000001330193029B002BF1D0304B1B6813F45F
:103B1000003318BF01230293029B012B1ED02B48B8
:103B20002B4A036B2B4943F004030363136823F010
:103B300070531360136843F0A0530020136053695F
:103B400083F4C04353610390039B8B42F7DC039BD8
:103B500001330393039B8B42F9DDF0E71B4B1E49B6
:103B60001A6C1E4842F080521A640A6842F480427D
:103B70000A609A689A609A6842F400429A609A6869
:103B800042F4A0529A6058601A6842F080721A603B
:103B90001A689201FCD5124A40F2056111609968D9
:103BA00021F003019960996841F00201A2F5806259
:103BB0009960936803F00C03082BFAD1024B4FF085
:103BC00000629A6004B0704700ED00E000380240E7
:103BD000000802403F0D03000070004008544007F9
:103BE000003C024000B583B00D210190F2F720FEA9
:103BF00001980A2103B05DF804EBF2F719BE00BF8B
:103C000038B50C46097839B105462846F2F710FE5A
:103C100014F8011F0029F8D138BD00BFF8B50C46D3
:103C2000B4F1204F4FEA21464FEA11674FEA117174
:103C30002CBF5731303107F00F070546F2F7F8FD7A
:103C4000092F8CBF07F1570107F130012846F2F721
:103C5000EFFDC6F303110929F6B28CBF573130319D
:103C600006F00F062846F2F7E3FD092E8CBF06F199
:103C7000570106F130012846F2F7DAFDC4F30331AB
:103C80000929C4F307268CBF5731303106F00F06DF
:103C90002846F2F7CDFD092E8CBF06F1570106F13B
:103CA00030012846F2F7C4FDC4F303110929E4B238
:103CB0008CBF57313031284604F00F04F2F7B8FDBD
:103CC000092C06D904F157012846BDE8F840F2F75F
:103CD000AFBD04F130012846BDE8F840F2F7A8BDB9
:103CE000C9B2F2F7A5BD00BF10B582B00C46C9B28B
:103CF0000190F2F79DFD0198C4F3072102B0BDE8E1
:103D00001040F2F795BD00BF38B505460C46C9B264
:103D1000F2F78EFDC4F307212846F2F789FDC4F3BC
:103D2000074128462414F2F783FDC4F307212846EF
:103D3000BDE83840F2F77CBD10B51B2982B00B46B8
:103D4000044603D80B4ACA40D20706D41946204677
:103D500002B0BDE81040F2F76BBD01911B21F2F7F4
:103D600067FD019B2046194602B0BDE81040F2F7FE
:103D70005FBD00BF1200000870B5CBB21B2B82B034
:103D80000C4605460EB203D8284ADA40D20747D47B
:103D900019462846F2F74CFDC6F307231B2B4FEAC2
:103DA000262603D8214AF240D10732D4C4F307466D
:103DB00019462846F2F73CFD1B2E4FEA244403D84F
:103DC0001A4BF340DA071FD431462846C4F30726BE
:103DD000F2F72EFD1B2E4FEA242403D8134BE340A9
:103DE000DB0706D43146284602B0BDE87040F2F742
:103DF0001FBD28461B21F2F71BFD3146284602B0A5
:103E0000BDE87040F2F714BD1B212846F2F710FD03
:103E1000DAE71B2128460193F2F70AFD019BC5E76B
:103E20001B210193F2F704FD019BB1E7120000088A
:103E30002DE9F04FFF21054683B0DFF898A1DFF8A8
:103E40009881614FF2F7F4FC002401212846F2F733
:103E5000EFFC402128460AF80540F2F7E9FC15215D
:103E60002846F2F7E5FC21462846F2F7E1FCD8F8AF
:103E70000C102846FFF780FFD8F810102846FFF7EF
:103E80007BFF464608F10C0956F8044BE3B21B2BA6
:103E90000FFA84FB09D827FA03F2D20705D51B21B4
:103EA00028460193F2F7C4FC019B19462846F2F715
:103EB000BFFCCBF307231B2B4FEA2B2B0AD827FA87
:103EC0000BFB1BF0010F05D01B2128460193F2F7D5
:103ED000AFFC019BC4F3074B19462846F2F7A8FC38
:103EE000BBF11B0F4FEA244407D827FA0BF3D8077E
:103EF00003D51B212846F2F79BFC59462846C4F3FC
:103F0000072BF2F795FCBBF11B0F4FEA242407D8CF
:103F100027FA04F4E10703D51B212846F2F788FCB1
:103F200059462846F2F784FCB145ADD198ED057AA3
:103F3000FFEE007AB4EEE77AF1EE10FA41D4F7EE34
:103F4000007AB4EEE77ADFED216AF1EE10FAD8BF1D
:103F5000F0EE477A67EEA67AFCEEE77ACDED017ACD
:103F60009DF804401B2C03D8174BE340DA0723D4F9
:103F700021462846F2F75CFC1AF805401B2C03D8B2
:103F8000114BE340DB0712D421462846F2F750FCE0
:103F900028460421F2F74CFC28460D21F2F748FC94
:103FA0000A21284603B0BDE8F04FF2F741BC1B21BF
:103FB0002846F2F73DFCE7E71B212846F2F738FCDC
:103FC000D6E7DFED037AC7E71200000800007F4361
:103FD00000007FC3B8430020B8A0002070B5FF21C7
:103FE00082B004463A4EF2F723FC00250121204618
:103FF000F2F71EFC35553B212046F2F719FC0E2145
:104000002046F2F715FC29462046F2F711FC314B09
:10401000D3ED007AFDEEE77ACDED017A9DF804301C
:10402000BDF904501B2B03D82B4ADA40D10747D4E3
:1040300019462046F2F7FCFBC5F307231B2B4FEA7A
:10404000252503D8244AEA40D20732D4234D194605
:104050002046F2F7EDFBD5F8AC1F2046FFF78CFEAB
:10406000D5F8B01F2046FFF787FED5F8B41F2046CD
:10407000FFF782FE355D1B2D03D8174BEB40DB07A6
:1040800012D429462046F2F7D3FB20460421F2F74A
:10409000CFFB20460D21F2F7CBFB0A21204602B0D0
:1040A000BDE87040F2F7C4BB1B212046F2F7C0FB0D
:1040B000E7E71B2120460193F2F7BAFB019BC5E716
:1040C0001B2120460193F2F7B3FB019BB0E700BF31
:1040D000B843002028210020120000088011002091
:1040E00070B582B08DED010A019B5E4AC3F3C751E2
:1040F000FF29044602EA1342C3F3160E4BD059B906
:104100000192F2F795FB019A130A1946204602B074
:10411000BDE87040F2F78CBBA1F1700CBCF11E0F32
:1041200058DCBCF1000F64DD4FEA5E3EDE044EF465
:10413000806576D4C5F30903134343EA8C2C5FFAF8
:104140008CF21B2A5FFA8CF60FFA8CF507D8464BD7
:10415000D340D90703D51B212046F2F769FB31462E
:104160002046F2F765FBC5F307231B2B4FEA252CEE
:10417000CBD83D4A22FA0CF2D207C6D520461B21E5
:104180000193F2F755FB019B2046194602B0BDE8AA
:104190007040F2F74DBB130A0193BEF1000F0CD033
:1041A0000021F2F745FB019B43F07E0319462046B0
:1041B00002B0BDE87040F2F73BBB7146F2F738FB46
:1041C000019B43F07C031946204602B0BDE87040D5
:1041D000F2F72EBB00210192F2F72AFB019A130A93
:1041E00043F07C031946204602B0BDE87040F2F768
:1041F0001FBB1CF10A0F22DBCCF10E014EF4000EA6
:104200004FF0FF33CCF10D008B402EFA01FC012161
:104210002EEA030381408B421BD817D042EA0C0CD4
:104220008DE70EF0010EC3F30B035EEA030E81D09F
:104230006B1CB3F5006F0FD0C3F309037CE70021BB
:104240000192F2F7F5FA019A130A5EE71CF0010FEA
:10425000E4D00CF1010CE1E78E29A1F16F0CB9D08B
:10426000002369E70080FFFF1200000810B5FF215E
:104270000446F2F7DDFA01212046F2F7D9FA024BA3
:1042800000221A5510BD00BFB843002010B5114BD5
:104290001B5C1B2B82B0044603D80F4ADA40D207BE
:1042A00012D419462046F2F7C3FA20460421F2F749
:1042B000BFFA20460D21F2F7BBFA0A21204602B0D0
:1042C000BDE81040F2F7B4BA1B210193F2F7B0FA3F
:1042D000019BE6E7B843002012000008F8B5254B23
:1042E000254E04460D46FF211D700027F2F7A0FA67
:1042F00001212046F2F79CFA462120463755F2F775
:1043000097FA1B212046F2F793FA01212046F2F793
:104310008FFA39462046F2F78BFA1B2D03D8174B3C
:10432000EB40DA0721D429462046F2F781FA355DC1
:104330001B2D03D8114BEB40DB0711D42946204637
:10434000F2F776FA20460421F2F772FA20460D21A0
:10435000F2F76EFA20460A21BDE8F840F2F768BA93
:104360001B212046F2F764FAE8E71B212046F2F70A
:104370005FFAD8E7387D0020B8430020120000081B
:104380002DE9F04104460D46264EFF2190460027B8
:10439000F2F74EFA01212046F2F74AFA332120467D
:1043A0003755F2F745FA02212046F2F741FA39462D
:1043B0002046F2F73DFA1B2D03D81B4BEB40DA07E2
:1043C0002AD429462046F2F733FAB8F1000118BF83
:1043D00001214942C9B22046F2F72AFA355D1B2D68
:1043E00003D8114AEA40D30711D429462046F2F7F0
:1043F0001FFA20460421F2F71BFA20460D21F2F79E
:1044000017FA20460A21BDE8F041F2F711BA1B2144
:104410002046F2F70DFAE8E71B212046F2F708FAEA
:10442000CFE700BFB8430020120000082DE9F04F8D
:104430008A4A8B4B11681E682DED048B044685B0AB
:10444000002900F00881874A9FED878A0023F2EC5B
:10445000017A01338B4238EE278AF8D1DFF81482D3
:10446000824B98F80050D3ED008A1B2D04D8804B66
:10447000EB40D90700F1EA8029462046F2F7D8F947
:10448000D8F80030002B00F0DC8007EE906AF8EEE0
:10449000677AB7EE007A87EE279ADFF8DC91744FDF
:1044A000002628EE888A59F8045B5FFA85FBBBF189
:1044B0001B0F0FFA85FA07D827FA0BF3DA0703D593
:1044C0001B212046F2F7B4F959462046CAF3072BC0
:1044D000F2F7AEF9BBF11B0F4FEA2A2A08D827FAE8
:1044E0000AFA1AF0010F03D01B212046F2F7A0F9B7
:1044F000C5F3074A59462046F2F79AF9BAF11B0F5D
:104500004FEA254507D827FA0AF3DB0703D51B2115
:104510002046F2F78DF951462046C5F3072AF2F7F7
:1045200087F9BAF11B0F4FEA252507D827FA05F5B9
:10453000ED0703D51B212046F2F77AF951462046B4
:10454000F2F776F9D8F800300136B342ABD8002B39
:1045500077D0DFF810B1DFF818910027FFEE008A5E
:104560004DE0B7EE007AF4EEC77AF1EE10FAD4BF60
:1045700017EE90AA17EE10AA5FFA8AF2CAF307455F
:10458000CAF307231B2A02934FEA1A66019509D83A
:1045900029FA02F1C80705D51B2120460392F2F73C
:1045A00047F9039A11462046F2F742F9CAF3072366
:1045B0001B2B3BD902992046F2F73AF91B2D07D85D
:1045C00029FA05F5EA0703D51B212046F2F730F951
:1045D00001992046F2F72CF91B2E07D829FA06F389
:1045E000DB0703D51B212046F2F722F9314620468E
:1045F000F2F71EF9D8F800300137BB4221D9FBECA5
:10460000017A77EEC87A67EE897AF4EEE87AF1EE0D
:1046100010FAA6D500212046F2F70AF9002120461B
:10462000F2F706F98023BF260193D1E7CAF30723E7
:1046300029FA03F3D907BDD51B212046F2F7F8F874
:10464000B8E705B0BDEC048BBDE8F08F1B21204618
:10465000F2F7EEF810E79FED048AFFE60400002071
:104660008C060020900600200000000010060020AC
:10467000120000080000002014060020F8B5394A96
:10468000394B11681D682DED048B0646002965D055
:10469000364A9FED378A0023F2EC017A01338B42D0
:1046A00038EE278AF8D1334F334B3C78D3ED008A6C
:1046B0001B2C03D8314BE340DB074AD4214630465C
:1046C000F2F7B6F83B68002B40D007EE905AF8EEB0
:1046D000677AB7EE007AC7EE279A294D002428EEB4
:1046E000888AB5EC010A3046FFF7FAFC3B680134D2
:1046F000A342F6D853B31D4D0024BFEE009AF7EE47
:10470000008A0FE0F4EEE87AF1EE10FAD4BFB0EED2
:10471000670AB0EE680AFFF7E3FC3B6801349C428D
:1047200014D20435D5ED007A77EEC87A304667EEBC
:10473000A97ABFEE000AF4EEC97AF1EE10FAE1D5DB
:10474000FFF7CEFC3B680134A342EAD8BDEC048BF2
:10475000F8BD1B213046F2F76BF8AFE79FED048AF6
:10476000A1E700BF040000208C0600209006002076
:1047700000000000000000201006002012000008C9
:10478000140600202DE9F04F2DED028B474B484FCA
:104790001968484EDFF834A1DFF834919FED468A5E
:1047A000DFF8308183B00546FFF7E6FA434B284631
:1047B0001968FFF7E1FA424B28461968FFF7DCFA5F
:1047C000404B28461968FFF7D7FAB468E2B21B2AB3
:1047D0000FFA84FB09D828FA02F1CB0705D51B2173
:1047E00028460192F2F724F8019A11462846F2F77A
:1047F0001FF8CBF307221B2A4FEA2B2309D828FAEC
:1048000003F3D80705D51B2128460192F2F710F8CB
:10481000019A11462846F2F70BF8C4F307431B2B05
:104820004FEA244409D828FA03F2D10705D51B2101
:1048300028460193F1F7FCFF019B19462846F1F742
:10484000F7FFC4F307231B2B4FEA242409D828FAC7
:1048500004F4E20705D51B2128460193F1F7E8FF90
:10486000019B19462846F1F7E3FF57F8041B284639
:10487000FFF782FAFAEC017A67EE887A284617EE9B
:10488000901AFFF779FAF16A2846FFF775FA59F896
:10489000041B2846FFF770FA0B4BBB4206F52E7639
:1048A00093D103B0BDEC028BBDE8F08FC00F0020A8
:1048B000E07C0020803B00207CD6D03DBC0F002057
:1048C000B80F0020B40F0020EC7C0020047D0020F5
:1048D000F87C0020120000082DE9F843224B234EFB
:1048E00093ED000A224DDFF8A080224F2DED028BC0
:1048F0000446FFF7F5FB204B9FED208A93ED000A5D
:104900002046FFF7EDFB1E4B204693ED000AFFF714
:10491000E7FB1C4B204693ED000AFFF7E1FB06F195
:104920000C0995ED020A2046FFF7DAFBB6EC010A06
:104930002046FFF7D5FBB8EC010A204620EE080A16
:10494000FFF7CEFB95ED0B0A2046FFF7C9FBB7EC4E
:10495000010A2046FFF7C4FB4E4505F52E75E0D150
:10496000BDEC028BBDE8F883C00F0020E07C002086
:10497000803B0020F87C0020BC0F00207CD6D03D7E
:10498000B80F0020B40F0020047D00202DE9F04373
:10499000FF21044683B0F1F74BFFDFF89C93012120
:1049A0002046F1F745FF002309F804300D21204689
:1049B000F1F73EFFC64B1D68AD00763505F0FE01F0
:1049C0002046ADB2F1F734FF2A0AB5F5E05F16468E
:1049D00004D2C04BD340DD0700F1DE8131462046D2
:1049E000F1F726FFDFF85483BA4F002518F8053099
:1049F000DEB21B2B27FA06F207D812F0010F4FF098
:104A00001B01204601D0F1F713FF31462046013546
:104A1000F1F70EFF0C2DE9D1AF4B1D781B2D04D8FB
:104A2000AC4BEB40D80700F1B28129462046F1F7A4
:104A3000FFFEAA4B204693ED000AFFF751FBA84B5F
:104A4000204693ED000AFFF74BFBA64BD3ED007A0F
:104A5000F5EEC07AF1EE10FA00F1A9819FEDA27A8D
:104A6000F4EEC77AF1EE10FA00F39B81FDEEE77ADF
:104A7000CDED017A9DF80460BDF904501B2E07D8D6
:104A8000944BF340D90703D51B212046F1F7D0FE04
:104A900031462046C5F30726F1F7CAFE1B2E4FEA22
:104AA000252507D88B4BEB40DA0703D51B21204681
:104AB000F1F7BEFE31462046F1F7BAFE8B4BB3F953
:104AC0000060002EC0F27C811D781B2D07D8814B21
:104AD000EB40DB0703D51B212046F1F7A9FE294651
:104AE0002046F1F7A5FEB6F5E05F4FEA2622C6F3B1
:104AF000072507DA774BD340DF0703D51B21204674
:104B0000F1F796FE29462046F1F792FE784B2046B3
:104B100093ED000AFFF7E4FA2046FFF7DDFE754B40
:104B2000204693ED000AFFF7DBFA734B204693ED26
:104B3000000AFFF7D5FA714BD3F89832204600EE01
:104B4000103AFFF7CDFA6E4B204693ED000AFFF7BF
:104B5000C7FA6C4B204693ED000AFFF7C1FA6A4B87
:104B6000204693ED000AFFF7BBFA684B204693ED11
:104B7000000AFFF7B5FA664B204693ED000AFFF7EF
:104B8000AFFA644B204693ED000AFFF7A9FA624B97
:104B9000204693ED000AFFF7A3FA604BD3ED007AAD
:104BA000F5EEC07AF1EE10FA00F10781B7EE000AD7
:104BB000F4EEC07AF1EE10FAD8BFB0EE670A584DA5
:104BC0002046FFF78DFA95ED040A2046FFF788FA94
:104BD000E968544D2046FFF7CFF8D5E90401E3F723
:104BE000A3FE01462046FFF7C7F8D5E90601E3F723
:104BF0009BFE01462046FFF7BFF8D5E90801E3F721
:104C000093FE01462046FFF7B7F8D5E90A01E3F71E
:104C10008BFE01462046FFF7AFF8434B93ED000AA9
:104C2000E5F7E8FF2046FFF75BFA404B204693ED9F
:104C3000000AFFF755FA00212046F1F7F9FD00219F
:104C40002046F1F7F5FD3A4B204693ED000AFFF7B9
:104C500047FA384B1D781B2D07D81E4BEB40DE075B
:104C600003D51B212046F1F7E3FD29462046F1F745
:104C7000DFFD2046FFF702FDECF714FCC6B21B2E49
:104C8000054607D8134BF340D80703D51B21204610
:104C9000F1F7CEFD31462046C5F30726F1F7C8FDF2
:104CA0001B2E07D80B4BF340D90703D51B212046F9
:104CB000F1F7BEFD31462046C5F30745F1F7B8FDD3
:104CC0001B2D41D8034BEB40DA073DD538E000BF40
:104CD0000000002012000008387D00207C2E0020FB
:104CE000742E0020702E00200000FA46582E00205E
:104CF000B0380020B47F002004110020B8810020CB
:104D00007CA60020CC7F002088BD0020CC3800206D
:104D1000A0000020A4000020C8380020740F00204C
:104D2000D87F00200811002090BD0020BC0000208A
:104D30007838002047380020B84300203C7D002010
:104D40001B212046F1F774FD29462046F1F770FD3E
:104D500019F804501B2D07D81C4BEB40DB0703D57B
:104D60001B212046F1F764FD29462046F1F760FD3E
:104D700020460421F1F75CFD20460D21F1F758FD96
:104D80000A21204603B0BDE8F043F1F751BD1B21D5
:104D90002046F1F74DFD48E61B212046F1F748FD7E
:104DA0001CE600212046F1F743FD7D2682E6002126
:104DB0002046F1F73DFD00267CE69FED050AFEE664
:104DC000FF212046F1F734FD7F259BE61200000805
:104DD0000000000070B5FF21044682B0F1F728FD05
:104DE0004D4E01212046F1F723FD002333551021BC
:104DF0002046F1F71DFD494B1D68ED005535E9B220
:104E00002046ADB2F1F714FD290AB5F5E05F0A4678
:104E100003D2434BCB40D90777D411462046F1F754
:104E200007FD404B20461968FEF7A6FF2046FFF716
:104E3000A9FC3D4B1D781B2D03D8394BEB40DB07FC
:104E40005ED429462046F1F7F3FC2046FFF7EEFA40
:104E5000ECF728FBC3B21B2B054603D8304ADA40D7
:104E6000D00746D419462046F1F7E2FCC5F30723E4
:104E70001B2B03D82A4ADA40D10733D419462046DF
:104E8000C5F30745F1F7D4FC1B2D03D8244BEB40A9
:104E9000DA0722D429462046F1F7CAFC355D1B2DDE
:104EA00003D81F4BEB40DB0712D429462046F1F70D
:104EB000BFFC20460421F1F7BBFC20460D21F1F791
:104EC000B7FC0A21204602B0BDE87040F1F7B0BC43
:104ED0001B212046F1F7ACFCE7E71B212046F1F748
:104EE000A7FCD7E71B2120460193F1F7A1FC019B0A
:104EF000C4E71B2120460193F1F79AFC019BB1E71F
:104F00001B212046F1F794FC9BE71B2120460192D0
:104F1000F1F78EFC019A80E7B843002000000020E2
:104F200012000008B0380020F5000020F0B5FF2185
:104F3000044683B0CF4FF1F77BFC002501212046CA
:104F4000F1F776FC3D550E212046F1F771FC562114
:104F50002046F1F76DFC29462046F1F769FCC64B67
:104F60001D781B2D04D8C54BEB40D90700F1BD813E
:104F700029462046F1F75CFCC14B1D781B2D04D857
:104F8000BE4BEB40DA0700F1AB812946BD4D204610
:104F9000F1F74EFC95F831601B2E04D8B74BF34067
:104FA000DB0700F1988131462046F1F741FC95F886
:104FB00032601B2E04D8B14BF340D80700F1868134
:104FC00031462046F1F734FCAF4B1E781B2E04D837
:104FD000AA4BF340D90700F1748131462046F1F71E
:104FE00027FCDFEDAA7A95ED1F7AB4EEE77AF1EEB1
:104FF00010FA00F12581DFEDA67AB4EEE77AF1EE42
:1050000010FAD4BF17EE101A17EE901A2046FEF7CA
:10501000B3FEDFED9E7A95ED207AB4EEE77AF1EEFD
:1050200010FA00F10A81DFED9A7AB4EEE77AF1EE38
:1050300010FAD4BF17EE101A17EE901A2046FEF79A
:105040009BFEDFED927A95ED267AB4EEE77AF1EEEB
:1050500010FA00F1EF80DFED8E7AB4EEE77AF1EE30
:1050600010FAD4BF17EE101A17EE901A2046FEF76A
:1050700083FEDFED867A95ED277AB4EEE77AF1EEDE
:1050800010FA00F1D480DFED827AB4EEE77AF1EE27
:1050900010FAD4BF17EE101A17EE901A7D4E204664
:1050A000FEF76AFED6F8CC1F2046FEF765FED6F85E
:1050B000D41F2046FEF760FED5F890102046FEF77C
:1050C0005BFE95ED250AE5F795FD204610EE101ADA
:1050D000FEF752FEA96C2046FEF74EFED5F8D01022
:1050E0002046FEF749FED5F8E8102046FEF744FEBC
:1050F000D6F818152046FEF73FFED6F8481A204687
:10510000FEF73AFE644BDE69ECF7CCF9361AF3B2DF
:105110001B2B04D8594ADA40D20700F1CB8019463C
:105120002046F1F785FBC6F307231B2B04D8534A0F
:10513000DA40D00700F1968019462046C6F30746AC
:10514000F1F776FB1B2E04D84C4BF340D90700F146
:10515000848031462046F1F76BFBD5F828112046B4
:10516000FEF70AFE296A2046FEF706FE95F82C6136
:105170001B2E03D8414BF340DA0769D43146204651
:10518000464EF1F755FB00212046F1F751FBD6F8CA
:10519000AC122046FEF7F0FDD6F864152046FEF767
:1051A000EBFDD6F87C152046FEF7E6FD95F832308B
:1051B000022B04D995F83130032B00F29B80384B39
:1051C00093ED000ADFED377AB4EEE70AF1EE10FA5C
:1051D0002BD4DFED357A9FED357AB4EEE70AF1EEA8
:1051E00010FAD8BFF0EE407A67EE877A17EE901A81
:1051F0002046FEF7C1FD3D5D1B2D03D81F4BEB4044
:10520000DB0720D429462046F1F712FB2046042173
:10521000F1F70EFB20460D21F1F70AFB0A2120468B
:1052200003B0BDE8F040F1F703BB2149E0E74FF0E0
:10523000424133E74FF0424118E74FF04241FDE66B
:105240004FF04241E2E61B212046F1F7F1FAD9E79F
:105250001B212046F1F7ECFA90E71B212046F1F7DD
:10526000E7FA76E71B2120460193F1F7E1FA019B6B
:1052700062E700BFB8430020473800201200000852
:1052800046380020E8A80020452C0020000000C27D
:105290000000004280110020B82E0020803B00203A
:1052A00094BD0020000034C30000344335FA8E3C26
:1052B000DB0F49C01B2120460193F1F7B9FA019B8E
:1052C0002DE71B212046F1F7B3FA86E61B21204685
:1052D000F1F7AEFA74E61B212046F1F7A9FA62E66F
:1052E0001B212046F1F7A4FA4FE61B212046F1F7D7
:1052F0009FFA3DE6064D2B78002B7FF460AFFAF75E
:10530000ABFD044A012382ED000A2B705AE700BF6F
:1053100003A1002094BD00202DE9F04FFF21044699
:1053200083B0F1F785FA01212046F1F781FACA4BE3
:10533000DFF84C83C94F00251D553E212046F1F76B
:1053400077FA77212046F1F773FA29462046F1F7DC
:105350006FFA18F80530DEB21B2B27FA06F207D8D1
:1053600012F0010F4FF01B01204601D0F1F760FA57
:10537000314620460135F1F75BFA0C2DE9D1B84FE3
:105380002046D7F87C12FEF7F7FCB64B1D781B2D94
:1053900004D8B24BEB40DE0700F13B8229462046A1
:1053A000F1F746FAB04B1B781D1E18BF0125002BE4
:1053B00040F0348229462046F1F73AFADFF8C492E9
:1053C000DFF89882002606F19E0307EB8303204650
:1053D0009968FEF7D1FC06F1A20307EB8303204690
:1053E0005968FEF7C9FC06F1960307EB83032046D4
:1053F000D968FEF7C1FC06F19A0307EB8303204648
:105400009968FEF7B9FCF9EC017AFDEEE77ACDED8B
:10541000017A9DF804A0BDF90450BAF11B0F28FAD7
:105420000AF307D813F0010F4FF01B01204601D0FB
:10543000F1F7FEF951462046C5F3072AF1F7F8F9CE
:105440002D12BAF11B0F28FA05F507D815F0010F38
:105450004FF01B01204601D0F1F7EAF951462046F2
:10546000F1F7E6F906F1940307EB83032046D3F83E
:1054700003100136FEF780FC032EA4D17B4B93ED85
:10548000007AF7EE006AC6EE877AFDEEE77ACDED98
:10549000017A9DF80460BDF904501B2E04D86F4BAF
:1054A000F340D80700F1B08131462046C5F3072606
:1054B000F1F7BEF91B2E4FEA252504D8674BEB40C8
:1054C000D90700F19C8131462046F1F7B1F9684BCC
:1054D000D3ED007AFDEEE77ACDED017A9DF8046018
:1054E000BDF904501B2E04D85C4BF340DA0700F1E1
:1054F000818131462046C5F30726F1F799F91B2E25
:105500004FEA252504D8554BEB40DB0700F16D81B0
:1055100031462046F1F78CF9564BD3ED007AFDEE7B
:10552000E77ACDED017A9DF80460BDF904501B2E99
:1055300004D84A4BF340DF0700F152813146204640
:10554000C5F30726F1F774F91B2E4FEA252504D879
:10555000424BEB40DD0700F13E8131462046F1F73A
:1055600067F9454BD3ED007AFDEEE77ACDED017A90
:105570009DF80460BDF904501B2E04D8374BF3404E
:10558000D80700F1238131462046C5F30726F1F7FD
:105590004FF91B2E4FEA252504D8304BEB40D90795
:1055A00000F10F8131462046F1F742F9334BD3ED3C
:1055B000007AFDEEE77ACDED017A9DF80460BDF941
:1055C00004501B2E04D8254BF340DA0700F1F48079
:1055D00031462046C5F30726F1F72AF91B2E4FEA7C
:1055E000252504D81D4BEB40DB0700F1E080314658
:1055F0002046F1F71DF9DFF89090184F0023019332
:105600004E464FF00008002516F835B036F935A0A3
:10561000BBF11B0F27FA0BF107D811F0010F204641
:105620004FF01B0101D0F1F703F959462046CAF3A8
:10563000072BF1F7FDF84FEA2A23BBF11B0F27FADE
:1056400003F323D813F0010F4FF01B0120461DD0A8
:10565000F1F7EEF81AE000BFB8430020120000088E
:10566000B88100200576030804760308347D002005
:10567000400000203C0000203800002034000020C2
:105680003C7D00207CBD0020A4AA00205946204675
:10569000F1F7CEF86B1C022B4FF00105B4D108EBEB
:1056A0000503022B06F10406A846ACD1019B019527
:1056B0000133022B09F10209A2D15B4B2046198864
:1056C000FEF75AFB594B1D781B2D03D8584BEB4066
:1056D000DF0767D429462046F1F7AAF8554B1D7815
:1056E0001B2D03D8524BEB40DE0756D429462046EB
:1056F000F1F79EF8504B1D781B2D03D84C4BEB4017
:10570000D80745D429462046F1F792F84B4B1D782F
:105710001B2D03D8464BEB40D90734D429462046ED
:10572000F1F786F8464B1D781B2D03D8404BEB4014
:10573000DA0723D429462046F1F77AF8414B1D5D5C
:105740001B2D03D83A4BEB40DB0712D429462046E9
:10575000F1F76EF820460421F1F76AF820460D2192
:10576000F1F766F80A21204603B0BDE8F04FF1F7E3
:105770005FB81B212046F1F75BF8E7E71B212046C5
:10578000F1F756F8D6E71B212046F1F751F8C5E7A7
:105790001B212046F1F74CF8B4E71B212046F1F716
:1057A00047F8A3E71B212046F1F742F892E71B21B7
:1057B0002046F1F73DF81AE71B212046F1F738F8AB
:1057C00006E71B212046F1F733F8EBE61B212046C4
:1057D000F1F72EF8D7E61B212046F1F729F8BCE6B1
:1057E0001B212046F1F724F8A8E61B212046F1F7FB
:1057F0001FF88DE61B212046F1F71AF879E61B21E8
:105800002046F1F715F85EE61B212046F1F710F867
:105810004AE61B212046F1F70BF8BFE51B21204685
:10582000F1F706F8C6E500BFA2AA0020DC7C002044
:10583000120000089FBD00209EBD00209DBD0020DD
:105840009CBD0020B84300202DE9F04F2DED028BC8
:10585000044683B0FF21F0F7EBFFDFF89CA2DFF8EE
:105860009C8201212046F0F7E3FF00230AF8043070
:1058700016212046F0F7DCFF98F8005006356D0041
:10588000EEB2042E00F0248131462046F0F7D0FF1E
:105890002B0A012B1D4600F0168129462046F0F701
:1058A000C7FF8E4BD3E90053B5F5004F73F10003EA
:1058B00028BF47F6FF752EB2EDB21B2D04D8884BDA
:1058C000EB40DF0700F1FA8029462046F0F7B0FFF1
:1058D000B6F5E05F4FEA2622C6F3072504DA804BCF
:1058E000D340D80700F1E58029462046F0F7A0FF15
:1058F00098F800501B2D04D8794BEB40D90700F1E4
:10590000D38029462046F0F793FF764B1D781B2D58
:1059100004D8734BEB40DA0700F1C18029462046DA
:10592000714D9FED728ADFED728ADFF8B4B1F0F746
:105930007FFF05F11007F5EC017AB7EE007A77EEFC
:10594000877A67EE887AF5EEC07AF1EE10FA59D4CC
:10595000F4EEE87AF1EE10FA5ADDFF212046F0F776
:1059600067FFFF2631462046F0F762FFAF42E2D1E3
:1059700098F80030002B70D05E4FDFF8649101265C
:1059800016E0B5F5803F1DDBFF212046F0F750FF04
:105990004FF0FF0B59462046F0F74AFF98F80020D9
:1059A000F3B29A4259D90136152E07F1280754D07F
:1059B000FD69002DE5DA00212046F0F739FF4FF0B0
:1059C000000BE7E75FFA85FBBBF11B0FADB207D811
:1059D00029FA0BF3D90703D51B212046F0F728FF3E
:1059E00059462046F0F724FF2B0AB5F5E05F9B46A9
:1059F000D0D229FA03F3DA07CCD51B212046F0F7E1
:105A000017FFC7E700212046F0F712FF0026A9E79D
:105A1000FCEEE77ACDED017A9DF80460BDF80490C4
:105A20001B2E07D82BFA06F3DB0703D51B212046D4
:105A3000F0F7FEFE31462046F0F7FAFE4FEA192352
:105A4000B9F5E05F1E468DD22BFA03F3D80789D54E
:105A50001B212046F0F7ECFE84E71AF804501B2DBA
:105A600003D81F4BEB40DB0714D429462046F0F740
:105A7000DFFE20460421F0F7DBFE20460D21F0F783
:105A8000D7FE0A21204603B0BDEC028BBDE8F04FE3
:105A9000F0F7CEBE1B212046F0F7CAFEE5E71B213A
:105AA0002046F0F7C5FE39E71B212046F0F7C0FE7F
:105AB00027E71B212046F0F7BBFE15E71B212046F8
:105AC000F0F7B6FE00E71B212046F0F7B1FEE4E652
:105AD0001B212046F0F7ACFED6E600BF8830002040
:105AE00012000008483700200830002000007A44E7
:105AF00000FF7F47E8330020B843002085000020E6
:105B0000F0B52DED028B044683B0FF21B74DF0F7C1
:105B10008FFE002601212046F0F78AFE2E554321F4
:105B20002046F0F785FE32212046F0F781FE31460F
:105B30002046F0F77DFEAE4B20461968FEF71CF9B3
:105B4000AC4B20461968FEF717F9AB4B9E88F7B2AD
:105B50001B2F36B204D8A94BFB40D90700F1BA81FC
:105B600039462046C6F30727F0F762FE1B2F4FEA9F
:105B7000262604D8A14BF340DA0700F1A681394666
:105B80002046F0F755FE9E4B1B6847F6FF769E4277
:105B900028BF1E46F7B21B2F36B204D8974BFB40E6
:105BA000DB0700F18D8139462046F0F741FEB6F55E
:105BB000E05F4FEA2622C6F3072704DA8F4BD34073
:105BC000D80700F1788139462046F0F731FE8D4B39
:105BD0001F78B3F900601B2F04D8884BFB40D9070E
:105BE00000F1648139462046C6F30727F0F720FE0E
:105BF0001B2F4FEA262604D8804BF340DA0700F12A
:105C0000508139462046F0F713FE7F4B1F78B3F9D9
:105C100000601B2F04D8794BFB40DB0700F13C816F
:105C200039462046C6F30727F0F702FE1B2F4FEA3E
:105C3000262604D8714BF340D80700F12881394655
:105C40002046F0F7F5FD714BB3F90070002FC0F25C
:105C500077811E781B2E07D8684BF340D90703D5F0
:105C60001B212046F0F7E4FD31462046F0F7E0FD29
:105C7000B7F5E05F4FEA2722C7F3072607DA5F4B45
:105C8000D340DA0703D51B212046F0F7D1FD31467A
:105C90002046F0F7CDFD5E4B5E4E93ED008A06F197
:105CA0000C07F6EC017AF8EE677A204667EE887A00
:105CB00017EE901AFEF760F8B742F2D1564B574EE6
:105CC00093ED008A06F10C07F6EC017AF8EE677A9C
:105CD000204667EE887A17EE901AFEF74DF8B74225
:105CE000F2D14F4B1B6847F6FF769E4228BF1E46F7
:105CF000F7B21B2F36B204D8404BFB40DB0700F154
:105D00001A8139462046F0F793FDB6F5E05F4FEA79
:105D10002622C6F3072704DA384BD340DE0700F10A
:105D2000058139462046F0F783FD3E4B1B6847F658
:105D3000FF769E4228BF1E46F7B21B2F36B204D80C
:105D40002E4BFB40D80700F1EC8039462046F0F797
:105D50006FFDB6F5E05F4FEA2622C6F3072704DAA7
:105D6000264BD340D90700F1D78039462046F0F7BB
:105D70005FFD2D4BD3E900619A682C4B0E4416440D
:105D8000D3E900129B681144194447F6FF73994206
:105D900028BF1946CBB21B2B0FB204D8174ADA40E2
:105DA000D20700F1B28019462046F0F741FDB7F561
:105DB000E05F4FEA2721C7F3072204DA0F4BCB40FD
:105DC000D80700F19B8011462046F0F731FD47F6D9
:105DD000FF739E4228BF1E46F7B21B2F36B227D84C
:105DE000064BFB40D90700F1848021E0B843002036
:105DF000D8000020D0000020B88100201200000848
:105E0000BCA60020E00F0020720F0020700F0020C1
:105E1000F8750308B0A60020FC750308A4A60020AE
:105E200088A6002084A600208CA6002098A600202A
:105E300039462046F0F7FCFCB6F5E05F4FEA262233
:105E4000C6F3072703DA414BD340DA074CD439466F
:105E50002046F0F7EDFC2D5D1B2D03D83B4BEB40AE
:105E6000DB073CD429462046F0F7E2FC204604211B
:105E7000F0F7DEFC20460D21F0F7DAFC0A2120467F
:105E800003B0BDEC028BBDE8F040F0F7D1BC1B21A4
:105E90002046F0F7CDFCD2E61B212046F0F7C8FCE7
:105EA000BEE61B212046F0F7C3FCAAE61B212046D4
:105EB000F0F7BEFC96E61B212046F0F7B9FC82E61F
:105EC0001B212046F0F7B4FC6DE61B212046F0F7BD
:105ED000AFFC54E61B212046F0F7AAFC40E61B214C
:105EE0002046F0F7A5FCBDE71B212046F0F7A0FCFB
:105EF000ADE71B212046F0F79BFC99E71B212046CC
:105F00000192F0F795FC019A5DE71B212046019371
:105F1000F0F78EFC019B46E71B212046F0F788FC3A
:105F200023E71B212046F0F783FC0EE71B212046C8
:105F3000F0F77EFCF5E61B212046F0F779FCE0E661
:105F4000FF212046F0F774FC7F26A0E6120000082F
:105F50002DE9F04FFF21044683B0F0F769FC0121E1
:105F60002046F0F765FCC44B00251D554C2120460A
:105F7000F0F75EFC54212046F0F75AFC2946BF4D4D
:105F80002046F0F755FCEE781B2E04D8BC4BF340AE
:105F9000DA0700F1CB84BB4F31462046F0F748FCCE
:105FA0003B7805EB0313DE781B2E04D8B44BF3408B
:105FB000DB0700F1B58431462046F0F739FCED7C73
:105FC0001B2D04D8AE4BEB40D80700F1A384294623
:105FD000AD4D2046F0F72CFCAB6847F6FF769E42AD
:105FE00028BF1E465FFA86F8B8F11B0F36B205D8F7
:105FF000A34B23FA08F3D90700F1868441462046D3
:10600000F0F716FCB6F5E05F4FEA2622C6F3072844
:1060100004DA9B4BD340DA0700F1708441462046F6
:10602000F0F706FC3B7803EB430305EB830347F6ED
:10603000FF769B689E4228BF1E465FFA86F8B8F13D
:106040001B0F36B205D88E4B23FA08F3DB0700F19D
:106050004F8441462046F0F7EBFBB6F5E05F4FEA90
:106060002622C6F3072804DA854BD340D80700F16F
:10607000398441462046F0F7DBFB6B6947F6FF7633
:106080009E4228BF1E465FFA86F8B8F11B0F36B253
:1060900005D87B4B23FA08F3D90700F11284414657
:1060A0002046F0F7C5FBB6F5E05F4FEA2622C6F3BF
:1060B000072804DA724BD340DA0700F1FC8341462B
:1060C0002046F0F7B5FBD5ED007AF5EEC07AF1EE9B
:1060D00010FA00F138849FED6D7AF4EEC77AF1EE94
:1060E00010FA00F32984FDEEE77ACDED017A9DF8F0
:1060F0000460BDF904801B2E07D8614BF340DB0719
:1061000003D51B212046F0F793FB31462046C8F308
:106110000726F0F78DFB1B2E4FEA282808D8584B8E
:1061200023FA08F3D80703D51B212046F0F780FB9C
:1061300031462046F0F77CFB6B6847F6FF769E42BF
:1061400028BF1E465FFA86F8B8F11B0F36B208D892
:106150004B4B23FA08F3D90703D51B212046F0F750
:1061600067FB41462046F0F763FBB6F5E05F4FEA78
:106170002622C6F3072807DA414BD340DA0703D5B6
:106180001B212046F0F754FB41462046F0F750FB18
:106190003B7803EB430305EB8303D3ED007AF5EE85
:1061A000C07AF1EE10FA00F1DB839FED387AF4EE5D
:1061B000C77AF1EE10FA40F3FF83FF212046F0F793
:1061C00037FB7F2631462046F0F732FB3B7803EB66
:1061D000430305EB830347F6FF765B689E4228BFC7
:1061E0001E4637B2F6B21B2E07D8254BF340D9070F
:1061F00003D51B212046F0F71BFB31462046F0F764
:1062000017FBB7F5E05F4FEA2722C7F3072607DA47
:106210001B4BD340DA0703D51B212046F0F708FBC0
:1062200031462046F0F704FBD5ED037AF5EEC07A4F
:10623000F1EE10FA00F18E839FED147AF4EEC77A36
:10624000F1EE10FA40F39283FF212046F0F7F0FAC6
:106250007F2631462046F0F7EBFA2A6947F6FF73AE
:106260009A4228BF1A46D6B21B2E15B215D8044B37
:10627000F340D8070CE000BFB843002008760308BD
:1062800012000008F7000020E08E002000FEFF460C
:1062900003D51B212046F0F7CBFA31462046F0F714
:1062A000C7FAB5F5E05F4FEA2522C5F3072607DAFE
:1062B000B74BD340D90703D51B212046F0F7B8FAD6
:1062C00031462046DFF8F882B24EDFF8F892B04F40
:1062D000F0F7AEFA08F1020B18F8015F1B2D07D892
:1062E00027FA05F3DA0703D51B212046F0F7A0FAB9
:1062F00029462046F0F79CFA19F8015F1B2D07D8B4
:1063000027FA05F3DB0703D51B212046F0F790FAA7
:1063100029462046F0F78CFAA6F1040A1AF8015B28
:106320001B2D27FA05F207D812F0010F4FF01B01C1
:10633000204601D0F0F77CFA29462046F0F778FA9B
:106340005645EBD1C34506F10406C5D1924B1E78E4
:10635000B3F900501B2E07D88D4BF340D80703D557
:106360001B212046F0F764FA31462046C5F3072684
:10637000F0F75EFA1B2E4FEA252507D8844BEB4039
:10638000D90703D51B212046F0F752FA31462046A3
:10639000F0F74EFA814B1E78B3F900501B2E07D848
:1063A0007B4BF340DA0703D51B212046F0F740FA78
:1063B00031462046C5F30726F0F73AFA1B2E4FEA7E
:1063C000252507D8724BEB40DB0703D51B21204660
:1063D000F0F72EFA31462046F0F72AFA704B1E7875
:1063E000B3F900501B2E07D8694BF340DF0703D5E4
:1063F0001B212046F0F71CFA31462046C5F307263C
:10640000F0F716FA1B2E4FEA252507D8604BEB4014
:10641000DD0703D51B212046F0F70AFA3146204656
:10642000F0F706FA5F4B1E78B3F900501B2E07D821
:10643000574BF340D80703D51B212046F0F7F8F956
:1064400031462046C5F30726F0F7F2F91B2E4FEA36
:10645000252507D84E4BEB40D90703D51B212046F5
:10646000F0F7E6F931462046F0F7E2F94E4B1E7898
:10647000B3F900501B2E07D8454BF340DA0703D57C
:106480001B212046F0F7D4F931462046C5F30726F4
:10649000F0F7CEF91B2E4FEA252507D83C4BEB40F1
:1064A000DB0703D51B212046F0F7C2F93146204611
:1064B000F0F7BEF93D4B1E78B3F900501B2E07D8FC
:1064C000334BF340DF0703D51B212046F0F7B0F92B
:1064D00031462046C5F30726F0F7AAF91B2E4FEAEE
:1064E000252507D82A4BEB40D80703D51B2120468A
:1064F000F0F79EF931462046F0F79AF92C4B1E78BA
:10650000B3F900501B2E07D8214BF340D90703D510
:106510001B212046F0F78CF931462046C5F30726AB
:10652000F0F786F91B2E4FEA252507D8184BEB40CC
:10653000DA0703D51B212046F0F77AF931462046C9
:10654000F0F776F91B4B1D781B2D07D8104BEB404D
:10655000DB0703D51B212046F0F76AF929462046C0
:10656000F0F766F9144B1D781B2D07D8084BEB404C
:10657000DF0703D51B212046F0F75AF929462046AC
:10658000F0F756F90D4B1D781B2D25D81CE000BFE8
:1065900012000008D48E0020C48E0020C28E00207D
:1065A000C08E0020BE8E0020BC8E0020BA8E00203F
:1065B000B88E00203AA7002039A7002038A7002075
:1065C000DC8E0020C88E0020C14BEB40DE0703D5D7
:1065D0001B212046F0F72CF9BE4E29462046F0F745
:1065E00027F996F850501B2D07D8B94BEB40D80728
:1065F00003D51B212046F0F71BF92946B64D20464E
:10660000F0F716F995F80280B5F90270B8F11B0F92
:1066100008D8AF4B23FA08F3D90703D51B2120462E
:10662000F0F706F941462046C7F30728F0F700F9CE
:10663000B8F11B0F4FEA272707D8A54BFB40DA0715
:1066400003D51B212046F0F7F3F841462046F0F72A
:10665000EFF895F80480B5F90470B8F11B0F08D86D
:106660009B4B23FA08F3DB0703D51B212046F0F7E9
:10667000DFF841462046C7F30728F0F7D9F8B8F10C
:106680001B0F4FEA272707D8914BFB40D80703D5AC
:106690001B212046F0F7CCF841462046F0F7C8F819
:1066A00095F80680B5F90670B8F11B0F08D8884B2D
:1066B00023FA08F3D90703D51B212046F0F7B8F8D1
:1066C00041462046C7F30728F0F7B2F8B8F11B0F90
:1066D0004FEA272707D87E4BFB40DA0703D51B215B
:1066E0002046F0F7A5F841462046F0F7A1F895F8C6
:1066F0000880B5F90870B8F11B0F08D8744B23FA5D
:1067000008F3DB0703D51B212046F0F791F841463B
:106710002046C7F30728F0F78BF8B8F11B0F4FEAB4
:10672000272707D86A4BFB40D80703D51B212046F3
:10673000F0F77EF841462046F0F77AF895F80A809F
:10674000B5F90A70B8F11B0F08D8614B23FA08F3AA
:10675000D90703D51B212046F0F76AF841462046A9
:10676000C7F30728F0F764F8B8F11B0F4FEA2727A3
:1067700007D8574BFB40DA0703D51B212046F0F71B
:1067800057F841462046F0F753F895F80C80B5F9D4
:106790000C70B8F11B0F08D84D4B23FA08F3DB0738
:1067A00003D51B212046F0F743F841462046C7F3A6
:1067B0000728F0F73DF8B8F11B0F4FEA272707D855
:1067C000434BFB40DF0703D51B212046F0F730F891
:1067D00041462046F0F72CF895F80E80B5F90E707A
:1067E000B8F11B0F08D83A4B23FA08F3D80703D5A2
:1067F0001B212046F0F71CF841462046C7F3072826
:10680000F0F716F8B8F11B0F4FEA272707D8304BDF
:10681000FB40D90703D51B212046F0F709F8414674
:106820002046F0F705F829882046FDF7A5FA2B4BFE
:1068300020461988FDF7A0FA716A2046FDF79CFAF8
:10684000316A2046FDF798FA96F850501B2D07D86C
:106850001F4BEB40DA0703D51B212046EFF7E8FF7B
:1068600029462046EFF7E4FF00212046EFF7E0FF3E
:1068700000212046EFF7DCFF194B1D5D1B2D07D8CB
:10688000134BEB40DB0703D51B212046EFF7D0FF6E
:1068900029462046EFF7CCFF20460421EFF7C8FF3A
:1068A00020460D21EFF7C4FF0A21204603B0BDE8C2
:1068B000F04FEFF7BDBF1B212046EFF7B9FFFFF701
:1068C000FEBB1B212046EFF7B3FFFFF7E8BB00BF7D
:1068D00012000008D87F002020A70020E4A6002096
:1068E000B84300201B212046EFF7A2FFFFF7C1BBF2
:1068F0001B212046EFF79CFFFFF7ABBB1B21204677
:10690000EFF796FFFFF78ABB1B212046EFF790FFBA
:10691000FFF774BB1B212046EFF78AFFFFF757BB39
:106920001B212046EFF784FFFFF745BB1B212046C4
:10693000EFF77EFFFFF72FBBFF212046EFF778FF31
:106940007F26FFF7F5BB00212046EFF771FF0026F9
:10695000FFF7EEBB00212046EFF76AFF002678E440
:1069600000212046EFF764FF00262BE4FDEEE77AD6
:10697000CDED017A9DF80470BDF904601B2F07D896
:10698000224BFB40DB0703D51B212046EFF750FFCE
:1069900039462046EFF74CFF3212C6F307261B2E6E
:1069A0003FF657AC194BD340DF077FF552AC1B21A4
:1069B0002046EFF73DFF4CE4FDEEE77ACDED017A9E
:1069C0009DF80460BDF904801B2E07D80F4BF340DF
:1069D000DB0703D51B212046EFF72AFF314620466F
:1069E000C8F30726EFF724FF1B2E4FEA28283FF6AF
:1069F000E9AB064B23FA08F3D8077FF5E3AB1B217D
:106A00002046EFF715FFFFF7DDBB00BF12000008BF
:106A10002DE9F84306464848DFF82C91E2F7B0F933
:106A2000FF2100F11A043046EFF702FF0121304642
:106A3000EFF7FEFE002309F80630E4B23F213046AE
:106A4000EFF7F6FE1B2C71D021463046EFF7F0FE33
:106A500000213046394DDFF8EC80EFF7E9FE4424A1
:106A600005F117071B2C28FA04F307D813F0010FC0
:106A70004FF01B01304601D0EFF7DAFE21463046D9
:106A8000EFF7D6FE15F8014FBD42EBD1002130469D
:106A9000EFF7CEFE2A4B1C781B2C03D8294BE34082
:106AA000DA073ED4244D21463046EFF7C1FE2C785C
:106AB000A4B1244F1B2C27FA04F307D813F0010FBD
:106AC0004FF01B01304601D0EFF7B2FE21463046B1
:106AD000EFF7AEFE15F8014F002CEBD12146304602
:106AE000EFF7A6FE19F806401B2C03D8154BE34020
:106AF000DB0711D421463046EFF79AFE30460421D9
:106B0000EFF796FE30460D21EFF792FE30460A2150
:106B1000BDE8F843EFF78CBE1B213046EFF788FE47
:106B2000E8E71B213046EFF783FEBBE721463046FE
:106B3000EFF77EFE88E700BF90810020D060030859
:106B4000F500002012000008B84300202DE9F047AE
:106B50008F4BDFF86082044693E8070086B003ABF2
:106B600083E80700F1F756FF8A4B003818BF012071
:106B70001A7840F00203052A08BF1846864A1268B0
:106B800040F00403002A08BF1846844B1B7803F02A
:106B9000010340EAC300FF21C5B22046EFF748FEDB
:106BA000002601212046EFF743FE3921204608F850
:106BB0000460EFF73DFE62212046EFF739FE3146D3
:106BC0002046EFF735FE6FF012032B41D90740F155
:106BD000D98029462046EFF72BFE714B9FED717A45
:106BE000D3ED007A67EE877AF5EEC07AF1EE10FA0F
:106BF00000F1C680F4EEC77AF1EE10FA00F3BE8021
:106C0000FCEEE77ACDED017A9DF804501B2D07D8F4
:106C1000654BEB40DA0703D51B212046EFF708FE52
:106C20002946624D624EDFF890915F4F2046EFF7A4
:106C3000FFFDD5F8E4122046FDF79EF87168204666
:106C4000FDF79AF8D5F86C152046FDF795F8E96A36
:106C50002046FDF791F831682046FDF78DF8D5F80C
:106C6000B4122046FDF788F8D5F89C152046FDF7AC
:106C700083F8B1682046FDF77FF8D5F82418204640
:106C8000FDF77AF803AE56F8045B09EB851520464C
:106C90002969FDF771F869692046FDF76DF8696AA1
:106CA0002046FDF769F8A96A2046FDF765F8ED6A08
:106CB0005FFA85FABAF11B0F07D827FA0AF3DB0748
:106CC00003D51B212046EFF7B3FD51462046C5F3FF
:106CD000072AEFF7ADFDBAF11B0F07D827FA0AF321
:106CE000D80703D51B212046EFF7A2FD51462046C9
:106CF000C5F3074AEFF79CFDBAF11B0F07D827FA37
:106D00000AF3D90703D51B212046EFF791FD514621
:106D10002046EFF78DFD2B0EB5F1E05F9A4607D2C6
:106D200027FA03F3DA0703D51B212046EFF780FD8E
:106D300051462046EFF77CFD06ABB342A3D118F8CD
:106D400004501B2D07D8184BEB40DB0703D51B2144
:106D50002046EFF76DFD29462046EFF769FD2046F6
:106D60000421EFF765FD20460D21EFF761FD0A21B3
:106D70002046EFF75DFD06B0BDE8F087C8254FE778
:106D800000254DE71B212046EFF752FD21E700BF0C
:106D9000385C0308387D0020D03800203C7D00207E
:106DA000B03800200000484312000008803B00205B
:106DB000F87C0020B8430020E40F002070B5FF21CC
:106DC00082B00446924EEFF733FD002501212046A4
:106DD000EFF72EFD355545212046EFF729FD0B2114
:106DE0002046EFF725FD29462046EFF721FD89488B
:106DF000E3F748FDC5B21B2D04D8874BEB40DA07FB
:106E000000F1008129462046EFF712FD8348E3F7A1
:106E100039FDC5B21B2D04D87F4BEB40DB0700F1D9
:106E2000EC8029462046EFF703FD7D48E3F72AFD75
:106E3000C3B21B2B054604D8774ADA40D00700F1CD
:106E4000D58019462046EFF7F3FCC5F307231B2B2B
:106E500045F30F2504D8704AEA40D10700F1BF80FE
:106E600019462046EFF7E4FC6E4B1B6847F6FF75AA
:106E70009D4228BF1D46EBB21B2B2DB204D8664A9B
:106E8000DA40D20700F1A48019462046EFF7D0FC83
:106E9000B5F5E05F4FEA2521C5F3072204DA5E4B22
:106EA000CB40DD0700F18D8011462046EFF7C0FC96
:106EB0005D4B1B6847F6FF759D4228BF1D46EBB230
:106EC0001B2B2DB203D8544ADA40D00772D419468E
:106ED0002046EFF7ADFCB5F5E05F4FEA2521C5F39D
:106EE000072203DA4C4BCB40D9075CD4114620462D
:106EF000EFF79EFC4D4B1D781B2D03D8464BEB4006
:106F0000DB074BD429462046EFF792FC484B1D88FF
:106F1000EBB21B2BADB203D83F4ADA40D00736D4D0
:106F200019462046EFF784FC290AB5F5E05F0A46CA
:106F300003D2394BCB40D90722D411462046EFF774
:106F400077FC355D1B2D03D8334BEB40DB0712D4A8
:106F500029462046EFF76CFC20460421EFF768FC39
:106F600020460D21EFF764FC0A21204602B0BDE85F
:106F70007040EFF75DBC1B212046EFF759FCE7E7B7
:106F80001B2120460192EFF753FC019AD5E71B2104
:106F900020460193EFF74CFC019BC1E71B212046E3
:106FA000EFF746FCAEE71B2120460192EFF740FCCD
:106FB000019A9BE71B2120460193EFF739FC019BC7
:106FC00085E71B2120460192EFF732FC019A6BE71F
:106FD0001B2120460193EFF72BFC019B54E71B215B
:106FE00020460193EFF724FC019B39E71B21204643
:106FF0000193EFF71DFC019B23E71B212046EFF7D0
:1070000017FC0EE71B212046EFF712FCFAE600BF43
:10701000B843002034370020120000081437002045
:10702000243700204C3700205037002084000020F7
:10703000001001402DE9F04FFF21044683B0DFF836
:107040007883DFF87893DFF878B3DFF878A3EFF789
:10705000EFFB002501212046EFF7EAFB08F804507A
:1070600042212046EFF7E4FB14212046EFF7E0FB36
:1070700029462046EFF7DCFB07212046EFF7D8FB37
:1070800029462046EFF7D4FB1B212046EFF7D0FB23
:1070900004212046EFF7CCFBD9F800301BF8032081
:1070A0001AF8035045EA4205EDB21B2D04D8BD4B3A
:1070B000EB40DA0700F16B8129462046EFF7B8FB79
:1070C000B94ED9F8003036F81350EFB21B2F2DB25D
:1070D00004D8B44BFB40DB0700F15481394620460D
:1070E000C5F30727EFF7A4FB1B2F4FEA252504D88C
:1070F000AC4BEB40DD0700F1408139462046EFF70D
:1071000097FBAA4FD9F8003037F81350EBB21B2B7E
:107110002DB204D8A34ADA40D00700F127811946DE
:107120002046EFF785FBC5F307231B2B4FEA2525E8
:1071300004D89C4AEA40D10700F111811946204643
:10714000EFF776FBD9F80030002227F8132026F855
:107150001320974BDB799A07C3F3400540F1EA808F
:10716000DFF86492D9F800301BF803201AF80350B6
:1071700045EA4205EDB21B2D04D88A4BEB40DB07F4
:1071800000F1478129462046EFF752FBD9F800303D
:1071900036F81350EBB21B2B2DB204D8814ADA40DB
:1071A000D00700F13B8119462046EFF741FBC5F3BC
:1071B00007231B2B4FEA252504D87A4AEA40D1073A
:1071C00000F1338119462046EFF732FBD9F8003041
:1071D00037F81350EBB21B2B2DB204D8714ADA40AA
:1071E000D20700F1298119462046EFF721FBC5F3AC
:1071F00007231B2B4FEA252504D86A4AEA40D50706
:1072000000F1218119462046EFF712FBD9F8003032
:10721000002227F8132026F813209BF806309AF84E
:10722000065045EA4305EDB21B2D04D85D4BEB40FB
:10723000D80700F1E98029462046EFF7F9FAB58929
:107240005FFA85F9B9F11B0F2DB205D8554B23FA1A
:1072500009F3D90700F1D38049462046C5F3072931
:10726000EFF7E6FAB9F11B0F4FEA252504D84D4B8D
:10727000EB40DA0700F1BE8049462046EFF7D8FA26
:10728000BD895FFA85F9B9F11B0F2DB205D8454BC1
:1072900023FA09F3DB0700F1A88049462046C5F32D
:1072A0000729EFF7C5FAB9F11B0F4FEA252504D8D6
:1072B0003C4BEB40D80700F1938049462046EFF75E
:1072C000B7FA00233B4ABB81B3811588EEB21B2E6F
:1072D000ADB203D8334BF340D9077CD431462046B6
:1072E000EFF7A6FA2A0AB5F5E05F164603D22D4B52
:1072F000D340DA076AD431462046EFF799FA18F8F6
:1073000004501B2D03D8274BEB40DB0744D4294600
:107310002046EFF78DFA20460421EFF789FA204640
:107320000D21EFF785FA0A21204603B0BDE8F04FA2
:10733000EFF77EBA29462046EFF77AFA294620462B
:10734000EFF776FA29462046EFF772FA29462046EB
:10735000EFF76EFA29462046EFF76AFA5DE71B2140
:1073600020460193EFF764FA019BE7E61B212046D4
:107370000193EFF75DFA019BD1E61B212046EFF761
:1073800057FABAE61B212046EFF752FAA6E61B2170
:107390002046EFF74DFA8FE61B212046EFF748FA1B
:1073A000B5E700BF120000081C600020DC4300208D
:1073B0003C7D0020AC430020B843002070900020AA
:1073C00014600020D4430020789000201B21204628
:1073D000EFF72EFA8FE71B212046EFF729FA7DE71A
:1073E0001B212046EFF724FA67E71B212046EFF721
:1073F0001FFA52E71B212046EFF71AFA3CE71B2140
:107400002046EFF715FA27E71B212046EFF710FA81
:1074100011E71B212046EFF70BFAB3E61B212046AC
:107420000193EFF705FA019BBDE61B21204601936E
:10743000EFF7FEF9019BC5E61B2120460193EFF70C
:10744000F7F9019BCFE61B2120460193EFF7F0F9F6
:10745000019BD7E62DE9F043054683B0DFF80081B4
:107460008946FF2117461C460026EFF7E1F9012166
:107470002846EFF7DDF908F8056036212846EFF7D2
:10748000D7F93B1DDAB21B2A5BD89EB2334BD340EF
:10749000D90748D411462846EFF7CAF9330A4FEA0C
:1074A000162247D111462846EFF7C2F94946284629
:1074B000FCF762FCBFB1DFF8A490274414F9011B6C
:1074C000CEB21B2E29FA01F107D811F0010F284680
:1074D0004FF01B0101D0EFF7ABF931462846EFF72B
:1074E000A7F9A742EAD118F805401B2C03D81B4B7B
:1074F000E340DB0712D421462846EFF799F92846E6
:107500000421EFF795F928460D21EFF791F90A21AB
:10751000284603B0BDE8F043EFF78AB91B2128469F
:10752000EFF786F9E7E71B2128460192EFF780F98C
:10753000019AAFE71B2128460192EFF779F9019AEA
:10754000B0E711462846EFF773F931462846EFF7C2
:107550006FF949462846FCF70FFCACE7120000081B
:10756000B84300201B4AD3783F2B32D810B403EB2A
:107570008301194803EBC103D2E9014C03F1100167
:107580000144C1F80140C1F805C0C11830330344BB
:107590001069C1F81D009069C1F82500106AD2F881
:1075A0000CC0C1F82D00D2E90940C1F819C0D2F8C9
:1075B00014C0C1F821C0D2F81CC0C1F829C0C3F85A
:1075C0000140C3F8050092F82C3081F8393010BC26
:1075D0007047704708A10020F42100200C4A0D4B91
:1075E000D178D2F805C0D2F80900C3F801C040290B
:1075F00028BF40211970D2F81110D2F80D20C3F81D
:107600000500C3F80920C3F80D10E8F78FBD00BFCF
:1076100008A10020F421002070B5FF21044682B0AB
:10762000304EEFF705F9002501212046EFF700F96C
:10763000355513212046EFF7FBF812212046EFF7CE
:10764000F7F82946284D2046EFF7F2F895F99D22E4
:10765000D3B21B2B04D8254921FA02F2D2073AD41F
:1076600019462046EFF7E4F832212046EFF7E0F81C
:10767000D5F89E122046FCF77FFBD5F8A2122046D3
:10768000FCF77AFBD5F8A6122046FCF775FBD5F877
:10769000AA122046FCF770FB355D1B2D03D8134B57
:1076A000EB40DB0712D429462046EFF7C1F820460D
:1076B0000421EFF7BDF820460D21EFF7B9F80A21B4
:1076C000204602B0BDE87040EFF7B2B81B2120465B
:1076D000EFF7AEF8E7E71B2120460193EFF7A8F894
:1076E000019BBDE7B8430020B881002012000008CC
:1076F0003F29F8B5044600F283800D46FF21EFF7DD
:1077000097F8504F01212046EFF792F800233B55A0
:1077100014212046EFF78CF82A212046EFF788F84D
:1077200000212046EFF784F81B2D2E4607D8464B44
:10773000EB40D90703D51B212046EFF779F82946FE
:107740002046EFF775F8414D06EB860306EBC306BE
:1077500035442046D5F8AE12FCF70EFBD5F8B21230
:107760002046FCF709FBD5F8B6122046FCF704FBCF
:10777000D5F8BA122046FCF7FFFAD5F8BE1220461B
:10778000FCF7FAFAD5F8C2122046FCF7F5FAD5F85C
:10779000C6122046FCF7F0FAD5F8CA122046FCF7CC
:1077A000EBFAD5F8CE122046FCF7E6FAD5F8D2125D
:1077B0002046FCF7E1FA95F8D6521B2D03D8224B50
:1077C000EB40DA0739D429462046EFF731F83D5D22
:1077D0001B2D03D81C4BEB40DB0729D42946204640
:1077E000EFF726F820460421EFF722F820460D2176
:1077F000EFF71EF820460A21BDE8F840EFF718B869
:10780000FF21104FEFF714F8002501212046EFF774
:107810000FF8142120463D55EFF70AF82A2120469B
:10782000EFF706F829462046EFF702F82E4686E7DE
:107830001B212046EEF7FCFFD0E71B212046EEF788
:10784000F7FFC0E7B843002012000008B88100200D
:1078500010B55249DFF868C10B789CF8002043400E
:10786000012A0B7024D0022A03D07ABB012846D00B
:1078700010BD4B490A78531CDBB20B704949012BF0
:10788000885432D0022B49D04749032B0A8876D03E
:1078900003329A4258DA4548454A46490023037064
:1078A00001201070444A097811708CF8003010BD26
:1078B0001B2820D0012837D004280BD13F4A138839
:1078C000002101338CF80010138010BD00238CF8C8
:1078D000003010BD3249DFF8CCE00B780EF8030021
:1078E0000133DBB2012B0B7032D1324A012310700D
:1078F0008CF8003010BD02238CF8003010BD2D4BE9
:107900000A701A70284BDFF898E08CF8000002210A
:107910001980264B8EF800201A7010BD224A0123D0
:1079200010808CF8003010BD8CF8000023481C4CEF
:107930000288013202801F481B4A00230B7023700B
:1079400002210370118010BD01238CF8003010BD9E
:10795000022BE3D0DFF850E0032BBEF8001015D067
:1079600003319942F0DA11481249002303708CF870
:1079700000300F48104B09780270197010BD42EAB0
:10798000002201230A808CF8003010BD41EA00215A
:10799000AEF800108CF8002010BD00BFDDA800205C
:1079A0000CA5002008A100200AA5002008A50020A1
:1079B00009A500200EA500200FA5002006A100208B
:1079C0000DA500202DE9F84F05460C46FF21EEF7E6
:1079D0002FFF01212846EEF72BFF694A00231B2CBD
:1079E000535504D8674BE340D80700F1C3802146C4
:1079F0002846EEF71DFF1B212846EEF719FF04214C
:107A00002846EEF715FF02212846EEF711FF5E4EDD
:107A1000DFF878A15B4F00212846EEF709FF8021AF
:107A20002846EEF705FF4FF0000806F5606952E0C2
:107A30003279032A57D01C7807EE904AF8EE677A1D
:107A400017EE904A5FFA84FBBBF11B0F07D827FAA9
:107A50000BF2D10703D51B212846EEF7E9FE594664
:107A60002846C4F3072BEEF7E3FEBBF11B0F07D844
:107A700027FA0BF2D20703D51B212846EEF7D8FED2
:107A800059462846C4F3074BEEF7D2FEBBF11B0F55
:107A900007D827FA0BF2D30703D51B212846EEF7A8
:107AA000C7FE59462846EEF7C3FEB4F1E05F4FEA41
:107AB000146B07D227FA0BF2D00703D51B212846F7
:107AC000EEF7B6FE594628461C36EEF7B1FEB14534
:107AD00008F1010809D03368002BA9D10AEB88030B
:107AE000D3F80740AEE71C68ACE7BAF80440E6B24A
:107AF0001B2E24B203D8234BF340D90735D431468B
:107B00002846C4F30726EEF793FE1B2E4FEA2424E3
:107B100003D81C4BE340DA0722D431462846EEF75F
:107B200087FE174B5C5D1B2C03D8164BE340DB072D
:107B300011D421462846EEF77BFE28460421EEF7B5
:107B400077FE28460D21EEF773FE28460A21BDE890
:107B5000F84FEEF76DBE1B212846EEF769FEE8E709
:107B60001B212846EEF764FED7E71B212846EEF7D7
:107B70005FFEC4E71B212846EEF75AFE37E700BF39
:107B8000B84300201200000838670308B8810020BD
:107B900070B5714D95F903206B6884B0002A03938A
:107BA000EB7801DA04B070BD03A9044618460193CE
:107BB000B5F80160F3F7A2F9019B684AC3EBC30370
:107BC00052F8231069B102EB8302DDED037A1379D9
:107BD000032B17BFFCEEE77AC1ED007A17EE903A5F
:107BE0000B70EA785E4B5F49039803EB8203332AFC
:107BF000C3F807004FF001030B7000F0A980FF21CC
:107C00002046EEF715FE01212046EEF711FE564AFA
:107C10000023135511212046EEF70AFEF3B21B2B69
:107C200004D8524ADA40D00700F18B80194620462A
:107C3000EEF7FEFD310AB6F5E05F0A4603D24B4B84
:107C4000CB40D90776D411462046EEF7F1FDED780A
:107C50001B2D03D8454BEB40DB0766D42946204655
:107C6000EEF7E6FD9DF80C501B2D03D83F4BEB4083
:107C7000DE0755D429462046EEF7DAFD9DF80D5073
:107C80001B2D03D8394BEB40D80744D42946204656
:107C9000EEF7CEFD9DF80E501B2D03D8334BEB4075
:107CA000D90733D429462046EEF7C2FD9DF80F5080
:107CB0001B2D03D82D4BEB40DA0722D42946204652
:107CC000EEF7B6FD284B1D5D1B2D03D8274BEB406F
:107CD000DB0711D429462046EEF7AAFD20460421F1
:107CE000EEF7A6FD20460D21EEF7A2FD0A21204663
:107CF000EEF79EFD04B070BD1B212046EEF798FD07
:107D0000E8E71B212046EEF793FDD7E71B2120462D
:107D1000EEF78EFDC6E71B212046EEF789FDB5E79D
:107D20001B212046EEF784FDA4E71B212046EEF739
:107D30007FFD93E71B2120460192EEF779FD019A22
:107D400081E71B2120460193EEF772FD019B6DE751
:107D5000E6F75EF953E700BF08A100203867030883
:107D6000B8810020B0810020B84300201200000834
:107D700038B5994C994A94F9003000218B42117022
:107D80000546227805DB964931F81230013321F897
:107D900012300220EDF7C8FE23784B2B39D8312B57
:107DA0003CD9323B192B34D8DFE803F04E33333360
:107DB0003333333333333333333333333333333393
:107DC00033337E73330D8748DFF820E2B0F801C00B
:107DD000BCF1000F00F0468102307146012303E040
:107DE0000133202B00F03C819AB210F8014F0C7047
:107DF000944501F10101F3D87B4A00210EF80310EC
:107E000001231370F3F7A6F84B2102462846FCF72E
:107E1000B7FABDE838400220EDF798BE132B56D0D4
:107E2000142B09D0112BF4D12846FFF7B1FEBDE881
:107E300038400220EDF78ABE2846FFF793FBBDE8E5
:107E400038400220EDF782BE664AD3780D3B3A2BCC
:107E500051D8DFE803F0A5A1509D9850948F505061
:107E60005050505050505050505050505050505012
:107E7000505050505050505050505050506B5050E7
:107E800050506750505050506350505050505050C8
:107E90005E00544BD9781B79022920D8012B30D0B1
:107EA0002846F1F73DFEB4E7F3F7D2F9F3F752F8BD
:107EB0004821044602462846FCF762FABCB14FF45A
:107EC000FA70E9F7F5FA0020FBF7A0FDA1E72846D4
:107ED000FFF784FBBDE838400220EDF737BE012BE9
:107EE0000FD0002249212846FCF74AFA91E70220E8
:107EF000F0F710FE8DE7002232212846FCF740FA09
:107F000087E7F1F7F9FD012249212846FCF738FA05
:107F10007FE747212846FFF755FD7AE72846FEF719
:107F200077FD76E72846FEF711FE72E713790D2BF1
:107F30003FF66FAF01A151F823F000BF5380020854
:107F40004580020839800208137E02082980020851
:107F5000137E0208A97F0208A97F0208B77F0208E2
:107F6000137E0208C77F0208BF7F0208058002084F
:107F7000F17F020811792846FFF7BAFB49E7284646
:107F8000FFF74AFB45E711212846FFF71BFD40E7B5
:107F90002846FCF71FFF3CE72846FCF7C7FF38E7F9
:107FA0002846FCF7F3FC34E72846F0F76FFA28463A
:107FB000FDF7B2F92DE70120FBF728FD29E75079FD
:107FC000EAF794FD25E7F3F73FF901220A21284655
:107FD000FCF7D6F91DE700BF0EA5002009A500207B
:107FE00010A5002008A10020B08100209081002071
:107FF000224BDB789B0637D500220D212846FCF763
:10800000BFF906E71E4C1F4B217801221144A3FB48
:1080100001039B0803EB4303A1EB430121702846B6
:108020000C21FCF7ADF9F4E6E1F73CF9012204215B
:108030002846FCF7A5F9ECE6002202212846FCF7C9
:108040009FF9E6E6284607F057F92846FDF764F958
:10805000DFE62846F0F7EAFA2846FDF75DF9D8E6AC
:108060001F23C9E66346C7E6284601220D21FCF717
:1080700087F92846FBF73EFCCBE600BF3C7D00209D
:1080800004A10020ABAAAAAAF0B5924B924A1B7891
:108090001278134383B0054623D1904A13789F0684
:1080A0001FD413785E071CD48D4B1B88CBB98D4B26
:1080B0001B78052B40F001811379DC0600F1038168
:1080C0009378D80700F1FF805378DB0940F0FB80FC
:1080D0009378190700F1F780D77807F00107023786
:1080E00000E00427804E814B317807EBC7071F441F
:1080F00000233C4614F8010B78B1B1FBF0F200FB11
:108100001212D2B24AB9013B072B6BD8DFE803F059
:1081100079870B1D2E3E4D5A07230133DBB2092B05
:1081200054D02746E5E76F4B1B78052B00F0B8804D
:1081300014F8012B002A00F0A580B1FBF2F302FB3A
:108140001313DBB2002B40F0A0802846FDF77CFB28
:1081500014F8012B3178002A00F08E80B1FBF2F385
:1081600002FB1313DBB2002B40F091802846FEF790
:1081700025FE14F8012B3178002A7AD0B1FBF2F3F6
:1081800002FB1313DBB2002B40F086802846FDF77C
:10819000B7FC14F8012B3178002A67D0B1FBF2F359
:1081A00002FB1313DBB2002BB6D12846FEF742FFC9
:1081B0002278317852B1B1FBF2F302FB1313DBB238
:1081C000002B66D12846FDF7A7F83178484B0131DE
:1081D000A3FB0123DB0803EB8303A1EB4301317015
:1081E00003B0F0BD2846FCF7D1FB22783178BC1CE7
:1081F000002A6AD0B1FBF2F302FB1313DBB2002BAF
:1082000066D1364BDB799B0725D414F8012B52B38A
:10821000B1FBF2F302FB1313DBB2002B3ED1314B67
:108220001A78052A0CD014F8010B40B3B1FBF0F218
:1082300000FB1212D2B2002A3FF476AF03236CE7A0
:10824000264A1278D209EED02846FBF7C7FE274609
:10825000317803234DE72846FCF768FE14F8012B1C
:108260003178002AD4D10323274642E70823274642
:108270003FE7072327463CE70623274639E7042341
:10828000274636E70523274633E7042345E705233A
:1082900043E70134082340E706233EE702233CE797
:1082A00028460193FBF7C4FD14F8012B3178019B9C
:1082B000002A7FF442AF27461BE7F0F7ABFB071E0F
:1082C00018BF01270EE703270CE70223274610E714
:1082D000012322E74A370020493700203C7D002057
:1082E000E00F0020387D002002A10020B88903089B
:1082F000CDCCCCCC10B50446EEF7B0F9D0B9144BC8
:108300001B789BB9134B9B7A5B0700D510BDE9F72F
:10831000C9F8114B1B6D984212D2E1F751F80028B1
:10832000F4D02046BDE81040E1F75CB82046FFF7E6
:108330001FFDE7E72046EEF7C7F9FFF789FADEE70A
:1083400064211420E9F71EF92046FFF79DFEE4E7BB
:1083500009A500203C7D0020B82E002030B5036820
:108360004468A3424FEA116236D2DFF89CE05C1CFD
:1083700004601A709EF80030046845685A40214B2A
:10838000AC429A5C4FEA114C2FD2651C056084F810
:1083900000C08CEA020204684568D2B2AC4213F80D
:1083A00002C04FEA112227D282EA0C0C5FFA8CFC41
:1083B000651C0560227013F80C20D0E900C4A445A8
:1083C00004D20CF1010404608CF800105140C9B2D1
:1083D0005B5C8EF8003030BDDFF82CE0094B9EF876
:1083E000000042404FEA114C9A5C8CEA020C5FFAA2
:1083F0008CFC0A0A13F80CC082EA0C02D2B29A5C16
:10840000E4E700BF445C030823A60020014B18608A
:10841000704700BF10A600209FED077B084B09485E
:1084200009490A4A83ED007B4FF0010C002380F8D4
:1084300000C00B70137070470000000000000000C7
:1084400018A6002022A6002021A6002020A6002099
:108450009F4B1B78D3B12DE9F04F9E4B1B688BB01F
:10846000994683B19C4B88461978074611BB9B48B7
:10847000026843F2D4039B18426842F100029F4213
:1084800078EB020203D20BB0BDE8F08F7047944C3A
:10849000944A23780760D25CC0F80480062A00F270
:1084A0000285DFE812F0D10A5302250A3907F706E0
:1084B00065062D058C498D4A8D4C00230B70C82311
:1084C0008A46137002A801235521017014F8011F78
:1084D0000130002900F0038501331D2BF5D11C2349
:1084E000194602A801F1170E824C03445FFA8EFE72
:1084F00044201C2901F1010C07D05FFA8CF1714571
:1085000003F8010B14F8010FF3D169447A480024F1
:108510000C7290F8B2304EF629215180C8211171A9
:1085200083F0C8039DF80810C35C002900F0C384E1
:108530000DF10900CDE90032E0F722FCDDE9003B56
:1085400005466E48A64602AE00F13B016FF02A04D4
:1085500032788446884283EA020338BF0CF8012B44
:108560005AB2002AC0F2AF805B001A465BB2002B01
:10857000C0F2A48053001A465BB2002BC0F299806F
:1085800053001A465BB2002BC0F28E8053001A468D
:108590005BB2002BC0F2838053001A465BB2002B03
:1085A00078DB53001A465BB2002B6EDB53001A4691
:1085B0005BB2002BACBF530084EA4303754540F324
:1085C0009F80884206F101060EF1010E5BD302A8DE
:1085D00086446FF02A04284626E0520053B2002B4E
:1085E0002EDB520053B2002B30DB520053B2002B73
:1085F00032DB520053B2002B34DB520053B2002B5B
:1086000036DB520053B2002B38DB520053B2002B42
:10861000A8BF530002AAAEEB020202F1FF32B8BFBC
:1086200084EA430382426BDA1EF8012B5A4053B2AC
:10863000002BD2DA84EA43035BB2002B1A46D0DA6D
:1086400084EA43035BB2002B1A46CEDA84EA430382
:108650005BB2002B1A46CCDA84EA43035BB2002BF0
:108660001A46CADA84EA43035BB2002B1A46C8DA18
:1086700084EA43035BB2002B1A46C6DA84EA43035A
:108680005BB21A46C3E7604662E784EA43035BB223
:108690001A468EE784EA43035BB21A4684E784EA0B
:1086A00043035BB21A467AE784EA43035BB21A4695
:1086B0006FE784EA43035BB21A4664E784EA430344
:1086C0005BB21A4659E784EA42035BB21A464EE7A8
:1086D00022A6002010A6002021A6002018A6002017
:1086E00020A60020E889030823A6002024A6002055
:1086F00018610308D0600308445C030829A6002021
:108700008C455A468AF80030C0F0D9838A48DBB2DB
:108710001646C35C6FF02A04002062468A429646E1
:1087200038BF00254FFA83FC38BF0EF8015BBCF15F
:10873000000FC0F2CC804FEA430C4FFA8CF3002BB1
:10874000C0F2C0804FEA4C0C4FFA8CF3002BC0F201
:10875000B4804FEA4C0C4FFA8CF3002BC0F2A88087
:108760004FEA4C0C4FFA8CF3002BC0F29C804FEA7E
:108770004C0C4FFA8CF3002BC0F290804FEA4C0C5B
:108780004FFA8CF3002BC0F284804FEA4C0C4FFA66
:108790008CF30130002BC0B2ACBF4FEA4C0384EA2B
:1087A00043030C2800F098808A4270D332462CE0B4
:1087B0005B005CB2002C35DB5B004FFA83FCBCF144
:1087C000000F39DB5B005CB2002C3DDB5B004FFA35
:1087D00083FCBCF1000F41DB5B005CB2002C45DB8D
:1087E0005B004FFA83FCBCF1000F49DB5B005CB21D
:1087F000002C00F10100B8BF6FF02A03C0B2ACBF7B
:108800005B0083EA44030C2867D04FFA83FCBCF179
:10881000000FCDDA6FF02A0484EA4C0464B2002C15
:108820002346C9DA6FF02A0C8CEA440C4FFA8CFC10
:10883000BCF1000F6346C5DA6FF02A0484EA4C04E9
:1088400064B2002C2346C1DA6FF02A0C8CEA440C87
:108850004FFA8CFCBCF1000F6346BDDA6FF02A04BE
:1088600084EA4C0464B2002C2346B9DA6FF02A0C77
:108870008CEA440C4FFA8CFCBCF1000F6346B5DA6D
:108880006FF02A0484EA4C0464B22346B0E77246CF
:1088900044E784EA43035BB29C467AE784EA4303F5
:1088A0005BB29C466EE784EA43035BB29C4662E798
:1088B00084EA43035BB29C4656E784EA43035BB217
:1088C0009C464AE784EA43035BB29C463EE784EA5F
:1088D0004C035BB29C4632E732468E45DBB27046B3
:1088E00080F0F182002400F8014B134D8842EB5CCC
:1088F00080F0EB8283F001030120104C8EF8010020
:108900000EF1020015F803C08AF800C0031B88426C
:1089100053703CBF8EF802C00EF10300811A89B279
:108920000748C847074B08490022C3E900780A7086
:108930000BB0BDE8F08F00BF445C030825A6002003
:1089400024A6002018A6002021A60020BF4A40F639
:10895000C823138008239370BD4BD3ED007AB2EE89
:10896000047A67EE877AB2EE047AFCEEE77A17EEC5
:10897000900A030AD37083F029034FFA83FCBCF1F9
:10898000000FBABF6FF02A0383EA4C035B004FFA73
:1089900083FCBCF1000FBABF6FF02A0383EA4C03DB
:1089A0005B004FFA83FCBCF1000FBABF6FF02A03E3
:1089B00083EA4C035B004FFA83FCBCF1000FBABFA3
:1089C0006FF02A0383EA4C035B004FFA83FCBCF18F
:1089D000000FBABF6FF02A0383EA4C035B004FFA23
:1089E00083FCBCF1000FBABF6FF02A0383EA4C038B
:1089F0005B004FFA83FCBCF1000FBABF6FF02A0393
:108A000083EA4C035B004FFA83FCBCF1000FBABF52
:108A10006FF02A0383EA4C035B004340107158B2A5
:108A20000028BABF6FF02A0383EA40035B0058B204
:108A30000028BABF6FF02A0383EA40035B0058B2F4
:108A40000028BABF6FF02A0383EA40035B0058B2E4
:108A50000028BABF6FF02A0383EA40035B0058B2D4
:108A60000028BABF6FF02A0383EA40035B0058B2C4
:108A70000028BABF6FF02A0383EA40035B0058B2B4
:108A80000028BABF6FF02A0383EA40035B0058B2A4
:108A90000028BCBF6FF02A0383EA40036D48D0ED85
:108AA000007A67EE877AA8BF5B00FCEEE77A17EEE4
:108AB000900A4FEA102C8CEA030382F805C04FFAA3
:108AC00083FCBCF1000FBABF6FF02A0383EA4C03AA
:108AD0005B004FFA83FCBCF1000FBABF6FF02A03B2
:108AE00083EA4C035B004FFA83FCBCF1000FBABF72
:108AF0006FF02A0383EA4C035B004FFA83FCBCF15E
:108B0000000FBABF6FF02A0383EA4C035B004FFAF1
:108B100083FCBCF1000FBABF6FF02A0383EA4C0359
:108B20005B004FFA83FCBCF1000FBABF6FF02A0361
:108B300083EA4C035B004FFA83FCBCF1000FBABF21
:108B40006FF02A0383EA4C035B004FFA83FCBCF10D
:108B5000000FBABF6FF02A0383EA4C035B00434067
:108B6000907158B20028BABF6FF02A0383EA40031D
:108B70005B0058B20028BABF6FF02A0383EA4003B3
:108B80005B0058B20028BABF6FF02A0383EA4003A3
:108B90005B0058B20028BABF6FF02A0383EA400393
:108BA0005B0058B20028BABF6FF02A0383EA400383
:108BB0005B0058B20028BABF6FF02A0383EA400373
:108BC0005B0058B20028BABF6FF02A0383EA400363
:108BD0005B0058B20028BCBF6FF02A0383EA400351
:108BE0001D4890ED007AFCEEC77AA8BF5B0017EE37
:108BF000900A4FEA104C83EA0C0382F807C04FFA40
:108C000083FCBCF1000FBABF6FF02A0383EA4C0368
:108C10005B004FFA83FCBCF1000FBABF6FF02A0370
:108C200083EA4C035B004FFA83FCBCF1000FBABF30
:108C30006FF02A0383EA4C035B004FFA83FCBCF11C
:108C4000000FB8BF6FF02A0308E000BF24A6002081
:108C50007C2E0020742E0020702E0020B4BF83EAEA
:108C60004C035B004FFA83FCBCF1000FBABF6FF0FE
:108C70002A0383EA4C035B004FFA83FCBCF1000F2C
:108C8000BABF6FF02A0383EA4C035B004FFA83FC00
:108C9000BCF1000FBABF6FF02A0383EA4C035B00FC
:108CA0004FFA83FCBCF1000FBABF6FF02A0383EACE
:108CB0004C035B004FEA102C83EA0C0382F808C0D7
:108CC0004FFA83FCBCF1000FBABF6FF02A0383EAAE
:108CD0004C035B004FFA83FCBCF1000FBABF6FF08E
:108CE0002A0383EA4C035B004FFA83FCBCF1000FBC
:108CF000BABF6FF02A0383EA4C035B004FFA83FC90
:108D0000BCF1000FBABF6FF02A0383EA4C035B008B
:108D10004FFA83FCBCF1000FBABF6FF02A0383EA5D
:108D20004C035B004FFA83FCBCF1000FBABF6FF03D
:108D30002A0383EA4C035B004FFA83FCBCF1000F6B
:108D4000BABF6FF02A0383EA4C035B004FFA83FC3F
:108D5000BCF1000FBABF6FF02A0383EA4C035B003B
:108D60004340507258B20028BABF6FF02A0383EA1A
:108D700040035B0058B20028BABF6FF02A0383EAB1
:108D800040035B0058B20028BABF6FF02A0383EAA1
:108D900040035B0058B20028BABF6FF02A0383EA91
:108DA00040035B0058B20028BABF6FF02A0383EA81
:108DB00040035B0058B20028BABF6FF02A0383EA71
:108DC00040035B0058B20028BABF6FF02A0383EA61
:108DD00040035B0058B20028BCBF6FF02A0383EA4F
:108DE00040034048D0ED007AF5EEC07AA8BF5B00A2
:108DF000F1EE10FA0EDDC7EE276AF7EE007A9FED6E
:108E00003A7A77EEE67A67EE877AFCEEE77A17EE43
:108E1000901A4B40917259B20029BABF6FF02A03E1
:108E200083EA41035B0059B20029BABF6FF02A03FD
:108E300083EA41035B0059B20029BABF6FF02A03ED
:108E400083EA41035B0059B20029BABF6FF02A03DD
:108E500083EA41035B0059B20029BABF6FF02A03CD
:108E600083EA41035B0059B20029BABF6FF02A03BD
:108E700083EA41035B0059B20029BABF6FF02A03AD
:108E800083EA41035B0059B20029B8BF6FF02A039F
:108E90001648B4BF83EA41035B000370D3721448E1
:108EA0000C21C84723780133DBB2072B88BF00238E
:108EB0002370FFF7E8BADFF844C00CF13B01002053
:108EC0000CF8010B22E40B49CB5C0A4983F0010347
:108ED000CB5C8AF80030084BC31A53701EE5D9B238
:108EE000FFF7FFBA5C2E00200000C84223A6002036
:108EF00024A60020445C030825A6002029A6002003
:108F0000964B974AD3ED007A964B1360B2EE047AF3
:108F100067EE877AB2EE047AFDEEE77A17EE901AE2
:108F20000B0A137183F07F0358B20028BABF6FF0A9
:108F30002A0383EA40035B0058B20028BABF6FF0EF
:108F40002A0383EA40035B0058B20028BABF6FF0DF
:108F50002A0383EA40035B0058B20028BABF6FF0CF
:108F60002A0383EA40035B0058B20028BABF6FF0BF
:108F70002A0383EA40035B0058B20028BABF6FF0AF
:108F80002A0383EA40035B0058B20028BABF6FF09F
:108F90002A0383EA40035B0058B20028BABF6FF08F
:108FA0002A0383EA40035B004B40517159B2002908
:108FB000BABF6FF02A0383EA41035B0059B200296C
:108FC000BABF6FF02A0383EA41035B0059B200295C
:108FD000BABF6FF02A0383EA41035B0059B200294C
:108FE000BABF6FF02A0383EA41035B0059B200293C
:108FF000BABF6FF02A0383EA41035B0059B200292C
:10900000BABF6FF02A0383EA41035B0059B200291B
:10901000BABF6FF02A0383EA41035B0059B200290B
:10902000BCBF6FF02A0383EA41034F49D1ED047AB4
:1090300067EE877AA8BF5B00FDEEE77A17EE901A1D
:10904000080A4340907158B20028BABF6FF02A0353
:1090500083EA40035B0058B20028BABF6FF02A03CE
:1090600083EA40035B0058B20028BABF6FF02A03BE
:1090700083EA40035B0058B20028BABF6FF02A03AE
:1090800083EA40035B0058B20028BABF6FF02A039E
:1090900083EA40035B0058B20028BABF6FF02A038E
:1090A00083EA40035B0058B20028BABF6FF02A037E
:1090B00083EA40035B0058B20028BABF6FF02A036E
:1090C00083EA40035B004B40D17159B20029BABF1B
:1090D0006FF02A0383EA41035B0059B20029BABF4B
:1090E0006FF02A0383EA41035B0059B20029BABF3B
:1090F0006FF02A0383EA41035B0059B20029BABF2B
:109100006FF02A0383EA41035B0059B20029BABF1A
:109110006FF02A0383EA41035B0059B20029BABF0A
:109120006FF02A0383EA41035B0059B20029BABFFA
:109130006FF02A0383EA41035B0059B20029B8BFEC
:109140006FF02A030948B4BF83EA41035B00037050
:10915000137203480921C8472378A4E6BC00002005
:1091600024A60020C8070D00D87F002023A60020D9
:10917000624A927892067FF596AE614A6148C823AA
:109180001370614BD3ED007AB2EE047A67EE877A02
:10919000FDEEE77A17EE903A834280F2798740F647
:1091A0000413A2F801300023D3705A235B0058B295
:1091B0000028BABF6FF02A0383EA40035B0058B26D
:1091C0000028BABF6FF02A0383EA40035B0058B25D
:1091D0000028BABF6FF02A0383EA40035B0058B24D
:1091E0000028BABF6FF02A0383EA40035B0058B23D
:1091F0000028BABF6FF02A0383EA40035B004B40AC
:10920000117159B20029BABF6FF02A0383EA4103F2
:109210005B0059B20029BABF6FF02A0383EA410309
:109220005B0059B20029BABF6FF02A0383EA4103F9
:109230005B0059B20029BABF6FF02A0383EA4103E9
:109240005B0059B20029BABF6FF02A0383EA4103D9
:109250005B0059B20029BABF6FF02A0383EA4103C9
:109260005B0059B20029BABF6FF02A0383EA4103B9
:109270005B0059B20029B8BF6FF02A032348B4BF7E
:1092800083EA41035B00037053711D480621C84700
:10929000237808E6194A927891067FF504AE1C4BB4
:1092A0009FED1C7AD3ED007A154A67EE877A4FF46A
:1092B0009963FDEEE77A138017EE901A0B0A0720E8
:1092C000D37083F05403907058B20028B6BF6FF08B
:1092D0002A035B0083EA400358B2002880F2CD865F
:1092E0006FF02A0383EA400358B20028BFF65EAF4E
:1092F0006FF02A0383EA400359E700BF3C7D00205A
:1093000024A60020F0D8FFFF0411002023A600208F
:10931000B47F00200000C842D04A127850067FF582
:10932000C2ADCF4ACF49D04D009241F2C81313804D
:10933000022393707F230B70D31C8A460293D5F8C7
:10934000D0109FEDCA7ADFEDCA6A02F1400302A88D
:109350000393FFF703F8D5F8E81002A8FEF7FEFF25
:10936000D5ED247A029B03989AF800E0009A67EE04
:10937000877A9842FCEEE77A9FEDBE7A17EE901A54
:109380004FEA112C88BF03F801CB8CEA0E0C4FFA80
:109390008CFEBEF1000FBABF6FF02A0C8CEA4E0CA7
:1093A0004FEA4C0C4FFA8CFEBEF1000FBABF6FF0C3
:1093B0002A0C8CEA4E0C4FEA4C0C4FFA8CFEBEF194
:1093C000000FBABF6FF02A0C8CEA4E0C4FEA4C0C1F
:1093D0004FFA8CFEBEF1000FBABF6FF02A0C8CEA78
:1093E0004E0C4FEA4C0C4FFA8CFEBEF1000FBABF88
:1093F0006FF02A0C8CEA4E0C4FEA4C0C4FFA8CFEA4
:10940000BEF1000FBABF6FF02A0C8CEA4E0C4FEA87
:109410004C0C4FFA8CFEBEF1000FBABF6FF02A0C55
:109420008CEA4E0C4FEA4C0C4FFA8CFEBEF1000F4A
:10943000BABF6FF02A0C8CEA4E0C4FEA4C0C9842E3
:1094400088BF03F8011B81EA0C014FFA81FCBCF1D3
:10945000000FBABF6FF02A0181EA4C0149004FFAB0
:1094600081FCBCF1000FBABF6FF02A0181EA4C0108
:1094700049004FFA81FCBCF1000FBABF6FF02A011E
:1094800081EA4C0149004FFA81FCBCF1000FBABFE0
:109490006FF02A0181EA4C0149004FFA81FCBCF1CE
:1094A000000FBABF6FF02A0181EA4C0149004FFA60
:1094B00081FCBCF1000FBABF6FF02A0181EA4C01B8
:1094C00049004FFA81FCBCF1000FBABF6FF02A01CE
:1094D00081EA4C0149004FFA81FCBCF1000FBABF90
:1094E0006FF02A0181EA4C0C4FEA410C5E49D1ED44
:1094F000257A67EEA67A984267EE877A9FED5E7AC4
:10950000FCEEE77A17EE901A4FEA112E8EEA0C0C59
:1095100088BF03F801EB4FFA8CFEBEF1000FBABF13
:109520006FF02A0C8CEA4E0C4FEA4C0C4FFA8CFE72
:10953000BEF1000FBABF6FF02A0C8CEA4E0C4FEA56
:109540004C0C4FFA8CFEBEF1000FBABF6FF02A0C24
:109550008CEA4E0C4FEA4C0C4FFA8CFEBEF1000F19
:10956000BABF6FF02A0C8CEA4E0C4FEA4C0C4FFA43
:109570008CFEBEF1000FBABF6FF02A0C8CEA4E0CC5
:109580004FEA4C0C4FFA8CFEBEF1000FBABF6FF0E1
:109590002A0C8CEA4E0C4FEA4C0C4FFA8CFEBEF1B2
:1095A000000FBABF6FF02A0C8CEA4E0C4FEA4C0C3D
:1095B0004FFA8CFEBEF1000FBABF6FF02A0C8CEA96
:1095C0004E0C4FEA4C0C984288BF03F8011B81EA0D
:1095D0000C014FFA81FCBCF1000FBABF6FF02A01F9
:1095E00081EA4C0149004FFA81FCBCF1000FBABF7F
:1095F0006FF02A0181EA4C0149004FFA81FCBCF16D
:10960000000FBABF6FF02A0181EA4C0149004FFAFE
:1096100081FCBCF1000FBABF6FF02A0181EA4C0156
:1096200049004FFA81FCBCF1000FBABF6FF02A016C
:1096300081EA4C0149004FFA81FCBCF1000FBABF2E
:109640006FF02A0181EA4C0149004FFA81FCBCF11C
:10965000000FB8BF6FF02A0110E000BF3C7D002072
:1096600024A6002023A60020E8A800200000104225
:10967000E12E65420000C84200007A44B4BF81EA8E
:109680004C0149004FFA81FCBCF1000FBABF6FF0EA
:109690002A0181EA4C0C4FEA410C9349D1ED127A30
:1096A00077EE877A9842FCEEE77A17EE901A4FEA47
:1096B000112E8EEA0C0C88BF03F801EB4FFA8CFEDA
:1096C000BEF1000FBABF6FF02A0C8CEA4E0C4FEAC5
:1096D0004C0C4FFA8CFEBEF1000FBABF6FF02A0C93
:1096E0008CEA4E0C4FEA4C0C4FFA8CFEBEF1000F88
:1096F000BABF6FF02A0C8CEA4E0C4FEA4C0C4FFAB2
:109700008CFEBEF1000FBABF6FF02A0C8CEA4E0C33
:109710004FEA4C0C4FFA8CFEBEF1000FBABF6FF04F
:109720002A0C8CEA4E0C4FEA4C0C4FFA8CFEBEF120
:10973000000FBABF6FF02A0C8CEA4E0C4FEA4C0CAB
:109740004FFA8CFEBEF1000FBABF6FF02A0C8CEA04
:109750004E0C4FEA4C0C4FFA8CFEBEF1000FBABF14
:109760006FF02A0C8CEA4E0C4FEA4C0C984288BFE2
:1097700003F8011B81EA0C014FFA81FCBCF1000FD8
:10978000BABF6FF02A0181EA4C0149004FFA81FC0F
:10979000BCF1000FBABF6FF02A0181EA4C01490009
:1097A0004FFA81FCBCF1000FBABF6FF02A0181EAC9
:1097B0004C0149004FFA81FCBCF1000FBABF6FF0B9
:1097C0002A0181EA4C0149004FFA81FCBCF1000FEB
:1097D000BABF6FF02A0181EA4C0149004FFA81FCBF
:1097E000BCF1000FBABF6FF02A0181EA4C014900B9
:1097F0004FFA81FCBCF1000FBABF6FF02A0181EA79
:109800004C0149004FFA81FCBCF1000FBABF6FF068
:109810002A0181EA4C0C4FEA410C334991F831108E
:10982000984288BF03F8011B81EA0C014FFA81FCC2
:10983000BCF1000FBABF6FF02A0181EA4C01490068
:109840004FFA81FCBCF1000FBABF6FF02A0181EA28
:109850004C0149004FFA81FCBCF1000FBABF6FF018
:109860002A0181EA4C0149004FFA81FCBCF1000F4A
:10987000BABF6FF02A0181EA4C0149004FFA81FC1E
:10988000BCF1000FBABF6FF02A0181EA4C01490018
:109890004FFA81FCBCF1000FBABF6FF02A0181EAD8
:1098A0004C0149004FFA81FCBCF1000FBABF6FF0C8
:1098B0002A0181EA4C0149004FFA81FCBCF1000FFA
:1098C000BABF6FF02A0181EA4C014900984288BF73
:1098D00003F8011B9B1A8AF80010044899B2C84784
:1098E0002378FFF7E0BA00BFE8A8002024A60020F4
:1098F000514A524BC8211170212191701979C9091F
:1099000000F0A7839978CD0700F1AD835978C90994
:1099100000F0B6831979C80640F1B283484E009230
:10992000701CDFF72DFA07464648DDF80080751EEB
:1099300071234FF0000E00F13D0115F8012F844610
:10994000884238BF0CF8012B5A4053B2002BC0F2AA
:10995000B38253001A465BB2002BC0F2A6825300BA
:109960001A465BB2002BC0F2C38253001A465BB2A8
:10997000002BC0F2B68253001A465BB2002BC0F235
:10998000A98253001A465BB2002BC0F29C8253009E
:109990001A465BB2002BC0F2B28253001A465BB289
:1099A000002BB6BF6FF02A02530082EA4303BE4584
:1099B00080F2F68288420EF1010EC0F06A82B6444F
:1099C0006FF02A002CE0520053B2002BC0F2AD829F
:1099D000520053B2002BC0F2A382520053B2002BAC
:1099E000C0F29982520053B2002BC0F28F82520013
:1099F00053B2002BC0F25482520053B2002BC0F27B
:109A00004A82520053B2002BA8BF5300AEEB0602AD
:109A100002F1FF32B8BF80EA4303974240F3C082AD
:109A20001EF8012B5A4053B2002BCCDA80EA4303D4
:109A30005BB21A46C9E700BF24A600203C7D002087
:109A4000E860030827A60020C1499FEDC27AD1ED46
:109A5000007AC14A40F6C803F4EEC77A1380F1EEEB
:109A600010FA4FF01E03937040F36482DFEDBB6A7F
:109A700077EEE67AF4EEC77AF1EE10FAF8DC9FEDB5
:109A8000B87A67EE877A9FEDB37AFDEEE77A17EE44
:109A9000900A030AD37083F00503DB434FFA83FC7B
:109AA000BCF1000FBABF6FF02A0383EA4C035B00DE
:109AB0004FFA83FCBCF1000FBABF6FF02A0383EAB0
:109AC0004C035B004FFA83FCBCF1000FBABF6FF090
:109AD0002A0383EA4C035B004FFA83FCBCF1000FBE
:109AE000BABF6FF02A0383EA4C035B004FFA83FC92
:109AF000BCF1000FBABF6FF02A0383EA4C035B008E
:109B00004FFA83FCBCF1000FBABF6FF02A0383EA5F
:109B10004C035B004FFA83FCBCF1000FBABF6FF03F
:109B20002A0383EA4C035B004FFA83FCBCF1000F6D
:109B3000BABF6FF02A0383EA4C035B004340107105
:109B400058B20028BABF6FF02A0383EA40035B00D3
:109B500058B20028BABF6FF02A0383EA40035B00C3
:109B600058B20028BABF6FF02A0383EA40035B00B3
:109B700058B20028BABF6FF02A0383EA40035B00A3
:109B800058B20028BABF6FF02A0383EA40035B0093
:109B900058B20028BABF6FF02A0383EA40035B0083
:109BA00058B20028BABF6FF02A0383EA40035B0073
:109BB00058B2D1ED017A0028B8BF6FF02A03F4EE55
:109BC000C77AB4BF83EA40035B00F1EE10FA40F3BA
:109BD000D581DFED626A77EEE67AF4EEC77AF1EED0
:109BE00010FAF8DC9FED5E7A67EE877A9FED597A7E
:109BF000FDEEE77A17EE900A4FEA102C83EA0C0389
:109C000082F805C04FFA83FCBCF1000FBABF6FF0B9
:109C10002A0383EA4C035B004FFA83FCBCF1000F7C
:109C2000BABF6FF02A0383EA4C035B004FFA83FC50
:109C3000BCF1000FBABF6FF02A0383EA4C035B004C
:109C40004FFA83FCBCF1000FBABF6FF02A0383EA1E
:109C50004C035B004FFA83FCBCF1000FBABF6FF0FE
:109C60002A0383EA4C035B004FFA83FCBCF1000F2C
:109C7000BABF6FF02A0383EA4C035B004FFA83FC00
:109C8000BCF1000FBABF6FF02A0383EA4C035B00FC
:109C90004FFA83FCBCF1000FBABF6FF02A0383EACE
:109CA0004C035B004340907158B20028BABF6FF07C
:109CB0002A0383EA40035B0058B20028BABF6FF062
:109CC0002A0383EA40035B0058B20028BABF6FF052
:109CD0002A0383EA40035B0058B20028BABF6FF042
:109CE0002A0383EA40035B0058B20028BABF6FF032
:109CF0002A0383EA40035B0058B20028BABF6FF022
:109D00002A0383EA40035B0058B20028BABF6FF011
:109D10002A0383EA40035B0058B2D1ED027A00289F
:109D2000B8BF6FF02A03F4EEC77AB4BF83EA4003EA
:109D30005B00F1EE10FA40F30F81DFED086A77EE79
:109D4000E67AF4EEC77AF1EE10FAF8DC0AE000BF2A
:109D5000E07C0020DB0F494024A60020DB0FC94037
:109D600000401C461FED027A67EE877AFDEEE77A27
:109D700017EE901A080A4340D07158B20028BABFB3
:109D80006FF02A0383EA40035B0058B20028BABF91
:109D90006FF02A0383EA40035B0058B20028BABF81
:109DA0006FF02A0383EA40035B0058B20028BABF71
:109DB0006FF02A0383EA40035B0058B20028BABF61
:109DC0006FF02A0383EA40035B0058B20028BABF51
:109DD0006FF02A0383EA40035B0058B20028BABF41
:109DE0006FF02A0383EA40035B0058B20028BABF31
:109DF0006FF02A0383EA40035B004B40117259B2B3
:109E00000029BABF6FF02A0383EA41035B0059B20D
:109E10000029BABF6FF02A0383EA41035B0059B2FD
:109E20000029BABF6FF02A0383EA41035B0059B2ED
:109E30000029BABF6FF02A0383EA41035B0059B2DD
:109E40000029BABF6FF02A0383EA41035B0059B2CD
:109E50000029BABF6FF02A0383EA41035B0059B2BD
:109E60000029BABF6FF02A0383EA41035B0059B2AD
:109E70000029B8BF6FF02A03A348B4BF83EA4103A7
:109E80005B0003705372A1480A21C8472378FFF78B
:109E90000AB8604651E580EA43035BB21A46B2E570
:109EA00080EA43035BB21A46A8E56FF02A0282EA11
:109EB00043035BB21A4655E56FF02A0282EA430378
:109EC0005BB21A4648E56FF02A0282EA43035BB2AE
:109ED0001A465FE56FF02A0282EA43035BB21A4634
:109EE00052E56FF02A0282EA43035BB21A4645E567
:109EF0006FF02A0282EA43035BB21A4638E56FF03C
:109F00002A0282EA43035BB21A4649E580EA430328
:109F10005BB21A466DE580EA43035BB21A4663E51D
:109F200080EA43035BB21A4659E580EA43035BB219
:109F30001A464FE59FED767AF4EEC77AF1EE10FA05
:109F40007FF59DADDFED736A77EEA67AF4EEC77A02
:109F5000F1EE10FAF8D492E59FED6D7AF4EEC77A3F
:109F6000F1EE10FA7FF5FEAEDFED6A6A77EEA67AC3
:109F7000F4EEC77AF1EE10FAF8D4F3E69FED647AC6
:109F8000F4EEC77AF1EE10FA7FF52CAEDFED616AE0
:109F900077EEA67AF4EEC77AF1EE10FAF8D421E65D
:109FA0008C453CBF00200CF8010B58B20028BABF0A
:109FB0006FF02A0383EA40035B0058B20028BABF5F
:109FC0006FF02A0383EA40035B0058B20028BABF4F
:109FD0006FF02A0383EA40035B0058B20028BABF3F
:109FE0006FF02A0383EA40035B0058B20028BABF2F
:109FF0006FF02A0383EA40035B0058B20028BABF1F
:10A000006FF02A0383EA40035B0058B20028BABF0E
:10A010006FF02A0383EA40035B0058B20028BCBFFC
:10A020006FF02A0383EA40033B48A8BF5B00ACEB18
:10A0300000008C4588F8010038BF0CF8013B32481D
:10A04000ACEB0801037089B23048C8472378FEF7AB
:10A050002ABF1979C90904D15B78DD0701D52F4ED4
:10A060005DE42F4E5BE42F4E59E440F60411FF23CC
:10A07000A2F80110D370FE2106235B00FFF734B96C
:10A080005978C9091AD01978C90717D5264E46E458
:10A0900026498B42E9DC45F6EF018B421ADC03F5D9
:10A0A0001C531033180A1946430083F02D03D07057
:10A0B00040F60410A2F80100FFF70EB91978CF0797
:10A0C00020D4DB781A4913F0040F1A4B14BF0E4644
:10A0D0001E4624E4053307EE903A9FED177AF8EE1A
:10A0E000E77A67EE877AFDEEE77A17EE903A6FEA45
:10A0F00043436FEA5343180A19466FF0070383EA94
:10A100004003D4E70D4E0AE423A6002024A6002035
:10A11000DB0F49C0DB0FC94025A60020F060030813
:10A12000F8600308EC60030810610308E7FF04000F
:10A13000FC60030804610308CDCCCC3D0C6103082E
:10A14000014B01221A70704721A6002070B50E46FF
:10A150005E2105461446ECF76BFB5E2E46D05D2E65
:10A160003146284614D0ECF763FBE1B25E2918D0E3
:10A170005D29284633D0ECF75BFBC4F307215E2949
:10A180001BD05D29284622D0BDE87040ECF750BBBB
:10A19000ECF74EFB3D212846ECF74AFBE1B25E2985
:10A1A000E6D15D212846ECF743FB3E212846ECF73B
:10A1B0003FFBC4F307215E29E3D128465D21ECF77C
:10A1C00037FB28463E21BDE87040ECF731BBECF789
:10A1D0002FFB28463D21BDE87040ECF729BBECF78A
:10A1E00027FB3D212846ECF723FBC6E728465D21E7
:10A1F000ECF71EFB3E212846ECF71AFBB5E700BF43
:10A200002DE9F843354FDFF8DC90D7F8D040344ED5
:10A21000002CB8BF6442A9FB04239B0D06FB13442A
:10A22000C4EB0414A40089FB04124FEAE47803EBA6
:10A23000830303EB8303C8EBA25808EB830212B23B
:10A2400013210546FFF782FF06FB1842DFF89880CE
:10A25000A8FB023242F38F1228461B21FFF776FF3C
:10A26000D7F8D030002BACBF4E22532228462321F2
:10A27000FFF76CFFD7F8E840002CB8BF6442A9FB99
:10A2800004239B0D06FB1344C4EB0414A40089FBB8
:10A29000042903EB8303E21703EB8303C2EBA95901
:10A2A00009EB83022846122112B2FFF74FFF06FB8B
:10A2B0001942A8FB028242F38F1228461A21FFF7A7
:10A2C00045FFD7F8E830002B28464FF02201BDE8C3
:10A2D000F843ACBF45225722FFF738BFE8A800205B
:10A2E000809698006BCA5F6BD34D62102DE9F043E6
:10A2F00085B00446E7F7D6F84A4BD3F8B830834226
:10A3000002D905B0BDE8F083474D7D212E20E7F747
:10A3100039F99FED467AD5ED007A45498DED017A00
:10A3200067EE877A0B88FDEEE77A013317EE902A05
:10A330000B8012B208212046FFF708FF9DED017A3D
:10A34000D5ED017A67EE877A2021FDEEE77A204687
:10A3500017EE903A1AB2FFF7F9FE364BDFED367A78
:10A3600093ED007AB4EEE77AF1EE10FA57D4DFED10
:10A37000337ADFED336AB4EEE77AF1EE10FAD8BF44
:10A38000F0EE477A67EEA67AFDEEE77A17EE903A9E
:10A390001AB230212046FFF7D9FE254B1B889A07B9
:10A3A00000F07C8113F00702174640F06581254BD1
:10A3B0001B78192B40F02D82234EDFF8A090234B01
:10A3C0001B78002B40F0FE81DFF89480D8ED007AF6
:10A3D000B2EE047A67EE877A3921FDEEE77A2046FD
:10A3E00017EE903A1AB28DED017AFFF7AFFE184BD7
:10A3F0009DED017AD3ED007A67EE877AF5EEC07AAB
:10A40000F1EE10FA00F156829FED127AF4EEC77A5F
:10A41000F1EE10FA40F395824FF4FA424BE20E4A05
:10A42000B7E700BFB82E0020E07C0020E12E654297
:10A4300064A60020B47F0020CDCCC7C2CDCCC742DB
:10A440000000C842F50000203C7D00205C00002098
:10A45000742E00200000FA46FAD8FFFF5C2E002080
:10A460007C2E0020002204212046FFF76FFEC94BFE
:10A470009FEDC97AD3ED247A67EE877A2046BDEE48
:10A48000E77A112117EE103A1AB2CDED017AFFF7F3
:10A490005DFEDDED017AC149B2EE047A67EE877A9E
:10A4A000FDEEE77A17EE902A002AB8BF5242A1FBD0
:10A4B0000201C90801EB8101A2EB410212B219218C
:10A4C0002046FFF743FE3278B24B12F0400F4ED0D9
:10A4D0003278D2094BD0B24AD2ED007AF5EEC07A8A
:10A4E000F1EE10FA00F14F829FEDAE7AF4EEC77AEA
:10A4F000F1EE10FA00F34D82FDEEE77A17EE902AA6
:10A5000012B2A94D07212046FFF720FE9FEDA77A42
:10A51000F5EC017A8DED017A67EE877A2A21FDEE5E
:10A52000E77A204617EE903A1AB2FFF70FFE9DED3C
:10A53000017AD5ED007A67EE877A2B21FDEEE77A76
:10A54000204617EE903A1AB2FFF700FE964B9DEDAB
:10A55000017AD3ED027A67EE877A2C21FDEEE77A55
:10A56000204617EE903A1AB2FFF7F0FD894B93EDB3
:10A57000127ADFED8F7AB4EEE77AF1EE10FA00F19D
:10A58000BA81DFED8C7AB4EEE77AF1EE10FAD8BF3B
:10A59000F0EE477ABDEEE77A17EE102A12B22046A7
:10A5A0000121CDED017AFFF7D1FDDDED017A7B4987
:10A5B000B2EE047A67EE877A8DED017AFDEEE77AE6
:10A5C00017EE902A002AB8BF5242A1FB0201C90827
:10A5D00001EB8101A2EB410212B209212046FFF7F3
:10A5E000B5FD6C4B9DED017AD3ED1F5A93F8310008
:10A5F0003178B1EE046AC5EE866AF7EE007A77EE3E
:10A60000E67A67EE877AFDEEE77A17EE903A1AB2AD
:10A61000092A1346A8BF092303EB830303EB830333
:10A620009B009BB233EA220328BF3B46632894BFBA
:10A630001B1863339BB203F57A7211F0400F317827
:10A6400092B218BF1346C9091AB21CBF03F5FA63C8
:10A650001AB2CDE90123EEF7DDF9019A18B171784C
:10A66000C90900F0748105212046FFF76FFD2046DF
:10A67000FFF7C6FD504B1B88272B08D9454B4E488A
:10A6800093F8282000210180002A40F038815E21C3
:10A69000204605B0BDE8F043ECF7CAB8474BDFED04
:10A6A000447A93ED007AB4EEE77AF1EE10FA00F115
:10A6B0002481DFED407AB4EEE77AF1EE10FAD8BFEC
:10A6C000F0EE477ABDEEE77A17EE103A1AB2102193
:10A6D0002046CDED017AFFF739FDDDED017A2F4BF4
:10A6E000F2EE046A67EEA67A2121FDEEE77ACDED5F
:10A6F000036A17EE902A002AB8BF5242A3FB02C099
:10A70000C00800EB8000A2EB400212B22046FFF727
:10A710001DFD204A9FED257AD2ED257A8DED027A36
:10A7200067EE877A2046BDEEE76A142116EE103AEE
:10A730001AB2CDED017AFFF709FDDDED036ADDED1B
:10A74000017A164B67EEA67A1C21FDEEE77A17EE2A
:10A75000902A002AB8BF5242A3FB0203DB0803EB96
:10A760008303A2EB430212B22046FFF7EFFC144B27
:10A770009DED027AD3ED007A67EE877A2D21FDEE0A
:10A78000E77A204617EE903A1AB2FFF7DFFC0A4B41
:10A790001B8807E6E8A80020E5CFF83FCDCCCCCC5D
:10A7A00028210020003C1C462C210020E12E65427F
:10A7B0009AF979C49AF9794464A60020041100201A
:10A7C00088BD002007EE903A734B9FED747AD3ED6D
:10A7D000006AF8EEE77A66EE876A984686EEA77A10
:10A7E0000023FCEEC77A17EE902AC2F3032141EA58
:10A7F000022545EA031212B2062120460193FFF713
:10A80000A5FC674A019B11780133DAB29142F0D876
:10A81000DCE5644A64481178644A43781278132965
:10A8200028BF13211D2A28BF1D22C3F3801342EA2B
:10A83000411242EA832201780378C3F34013C1F343
:10A8400080011B0343EAC1231A4392B201920646D8
:10A85000EEF7E0F8019A42F48043002818BF1A4648
:10A8600002212046FFF772FCEEF7D4F8002878D0DA
:10A870004F4B93ED007A4F4BD3ED007A37EE277AAA
:10A88000B5EEC07AF1EE10FA7FD4F7EE007AB4EEAE
:10A89000E77AF1EE10FAD8BFF0EE477AB3EE047A19
:10A8A00067EE877ADFF82091FDEEE77A17EE903AAF
:10A8B0001AB263E0002228212046FFF747FC3E4BF6
:10A8C00099ED006AD3ED005A9FED3C7AC5EE866A99
:10A8D000F7EE007A77EEE67A67EE877AF5EEC07AE1
:10A8E000F1EE10FA3FF5BEADF4EEC77AF1EE10FAD4
:10A8F00021DD6422B7E5324A51E6314AE7E69A8D16
:10A9000020461521D2BAFFF721FC2E4B2046B3F981
:10A910002A201621FFF71AFC2A4B2046B3F92E20D5
:10A920001721FFF713FC274B182193F830202046FE
:10A93000FFF70CFCABE6FDEEE77A17EE903A1AB2A1
:10A9400091E5FDEEE77A17EE903A1AB2B3E7029B73
:10A95000B17803F57A631BB211F0010F08BF1A46F4
:10A9600081E6194B9FED197AD3ED007A67EE877A6D
:10A970009946FDEEE77A17EE903A1AB20321204687
:10A98000FFF7E4FB1BE50022BBE5DFF83C903A460D
:10A99000F4E742F20F72B4E57C2E00200000FA4387
:10A9A0005C000020473800203C7D0020387D0020DE
:10A9B000B0380020C8380020702E00200000C842A7
:10A9C00019FCFFFFE8A800205C2E0020CDCC4C3EF7
:10A9D000034B1B68984200D07047FFF787BC00BF4D
:10A9E0006C900020054B187830B9054B1B6823B1DB
:10A9F000981F18BF0120704701207047547E03083C
:10AA00006C900020024B11211878F9F767BC00BF49
:10AA100070900020704700BF00B52D4B1B7883B0AD
:10AA2000042B50D8DFE803F0131F3B3F0300002046
:10AA3000E9F72EFCDFED270A06F03CFDDFED267A74
:10AA4000264B20EE270A83ED000A03B000BD00204C
:10AA5000E9F71EFCDFED227A204B20EE270A83ED7A
:10AA6000000A03B000BD022201AB11460520F1F738
:10AA700051FBBDF804309FED1B7A5BBA9BB207EE29
:10AA8000903AF8EEE77A154B67EE877A012251216A
:10AA90000520C3ED007AF1F749FC03B000BD01AB1E
:10AAA00002220021E2E70020E9F7F2FBDFED0E0AC7
:10AAB00006F000FDDFED0D7A084B20EE270A83ED4E
:10AAC000000A03B000BD054B00221A60BDE700BFBD
:10AAD00078A60020BBB8F5BF1799BE427CA600201F
:10AAE0000AD723410AD7233CE17A94BF9CC4704122
:10AAF000224B9A78C2F38011520604D49A7861F3FB
:10AB0000C7129A70704710B51F20E6F791FD00B983
:10AB100010BD1B4C1B4A217801EB41011F2032F86C
:10AB20002110E6F72FFDFFF777FF2178154A164B26
:10AB300001EB410102EB810293ED000AD2ED017AB3
:10AB40000E4BB4EEE70AF1EE10FA15DBD2ED027A05
:10AB5000B4EEE70AF1EE10FA94BF012100219A78D1
:10AB60000A4861F3C7129A70DFF79AFEE0F756FFC2
:10AB7000054B83ED000A10BD0021F0E73C7D00206D
:10AB800078A60020F08903087CA6002068A6002093
:10AB900070B53E4CA37843F04003A370E3781A07E6
:10ABA00013D5A37823F04003A370A378384D394818
:10ABB000002100222960C3F380115B0602701FD4BC
:10ABC000A37861F3C713A37070BD334D2B78042BAA
:10ABD00009D8DFE803F04B03030C0C002F4A92F86E
:10ABE0005010002947D1A27822F04002A2702C4ACE
:10ABF00003EB43031F2032F82310E6F7C3FCD4E72E
:10AC00001F20E6F715FD0028DED0234E244B3178B7
:10AC100001EB41011F2033F82110E6F7B3FCFFF7E9
:10AC2000FBFE31781E4B95ED000A01EB410103EB71
:10AC30008103D3ED017AB4EEE70AF1EE10FA4FF09A
:10AC4000000207DBD3ED027AB4EEE70AF1EE10FA68
:10AC500098BF0122A3780F4862F3C713A370DFF7F0
:10AC60001FFEE0F7DBFE85ED000A70BDA27842F022
:10AC70004002A270BBE792F85220002AB3D1012211
:10AC800051210520F1F752FB2B78B0E73C7D0020E5
:10AC90007CA6002068A6002078A60020087603087D
:10ACA000F0890308024B19211878F9F717BB00BF88
:10ACB0007090002030B52DED028B3A218BB0002032
:10ACC000B0EE408AF1F7DAFAC30703D40BB0BDEC5B
:10ACD000028B30BD06AB0E223B210020F1F7DAFBE0
:10ACE00090B1114A13782BB3DFF844C00F48DCF859
:10ACF000001003684FF0000E0131013382F800E0CC
:10AD0000CCF800100360E1E70948084902680B68C5
:10AD1000013202600133044A0B60012313700BB04F
:10AD2000BDEC028B30BD00BFC0A60020BCA6002039
:10AD300088A600209DF818E09DF81C209DF81910A9
:10AD40009DF81DC09DF81A0001930CEB022C01EB3D
:10AD50000E211A4661F30F029DF81B109DF822E0A8
:10AD600001EB002161F31F429DF820009DF82110A6
:10AD7000029201EB0021ADF810109DF81F009DF824
:10AD80001E10CD4A00EB01209DF82310127800928E
:10AD900001EB0E21ADF812109DF824E09DF825106E
:10ADA00001EB0E21ADF8141019466CF30F0160F39E
:10ADB0001F41039102A80DF10A01DFF7FFFE009A7F
:10ADC0000DF1120104A8DFF7F9FEBDF90A30BDF953
:10ADD0000C209FEDBA6ADFF820C307EE903ABDF968
:10ADE0000830F8EEE77A07EE103A67EEA76AB8EE99
:10ADF000C77A05EE902AE7EE076ADCF80020F8EE45
:10AE0000E55AE5EEA56AF4EEC66AF1EE10FAC0F274
:10AE10002281BDF91030AA49DFEDAA4A91ED005A0E
:10AE200006EE903AF8EEE66A36EEC56AB4EEE46AEB
:10AE3000F1EE10FA00F39C8135EE666A019BB4EEE8
:10AE4000E46AF1EE10FA13DD9F48FCEEC66A04686E
:10AE500016EE903AA34201D9C0ED006A9B48DFED9F
:10AE6000996A036875EE666A013303600132012353
:10AE7000DFF888E29648CEED006A90ED006A9FED1B
:10AE8000955AC1ED006A77EE466AF4EEC56AF1EEB6
:10AE900010FA00F35D8176EE476AF4EEC56AF1EED2
:10AEA00010FA13DD8C4BBCEEE67A1C6817EE105AD4
:10AEB000AC4201D283ED007A9FED867A36EE477A76
:10AEC0000132864C256801231D442560BDF91240DE
:10AED000D1ED016ADFED7B4A80ED007A06EE104A83
:10AEE000B8EEC66A7E4C36EE665A84ED007AB4EE51
:10AEF000E45AF1EE10FA00F31B8136EEC67AB4EE96
:10AF0000E47AF1EE10FA40F351816F4BBCEEC77A50
:10AF10005C6817EE105AA54201D983ED017A9FEDC6
:10AF2000697A76EEC76A0132684C656801231D4470
:10AF3000656090ED015ADFED674ACEED016A37EEAC
:10AF4000C57AC1ED016AB4EEE47AF1EE10FA00F3CD
:10AF50008A8035EE677AB4EEE47AF1EE10FA13DD0A
:10AF60005D4BFCEEC77A5C6817EE905AA54201D99A
:10AF7000C3ED017ADFED577A75EE677A0132574CEF
:10AF8000656801231D446560554CD1ED026AC4ED2E
:10AF9000017ABDF91440C0ED017A07EE904AF8EE4F
:10AFA000E77A9FED485A37EEE67AB4EEC57AF1EECD
:10AFB00010FA40F3A580FCEEC77A434B17EE905A87
:10AFC0009C68A54288BFC3ED027ADFED3E7A76EE3B
:10AFD000A77A01323D4CA56801231D44A560CEED42
:10AFE000027AC1ED027AD0ED027ADFED3A6A35EEEF
:10AFF000E77AB4EEE67AF1EE10FA44DD3649BCEEBB
:10B00000C77A8C6817EE103A9FED327AA34288BF58
:10B010008B6077EE877A31490132314BC3ED027A8A
:10B020008B68C0ED027A01338B60CCF800202D4B89
:10B030005B78012B00F0B180DFED2B7AB3EE050ACF
:10B04000A6EE270A2948F0EE480ADFF72DFD284B27
:10B0500083ED000A3AE627490B6801320133CCF848
:10B0600000200B6032E61C4BFCEEC77A5C6817EEE2
:10B07000905AA54201D9C3ED017ADFED167A01326B
:10B0800075EE277A7BE737EEE57AB4EEE67AF1EEF5
:10B0900010FA40F38E801049BCEEC77A8C6817EE28
:10B0A000103A9FED0C7AA34288BF8B6077EEC77A87
:10B0B0000A490132B1E700BF057603080AD72349E0
:10B0C000D0A6002000409C45B0A6002098A60020F5
:10B0D000C4A6002000000047A4A600208CA60020E3
:10B0E000CC7C002008760308BF4A443BE0060020E1
:10B0F000BC00002084A60020BCA60020C07C00204C
:10B1000036EEE77AB4EEC57AF1EE10FA7FF767AF64
:10B11000FCEEC77A2B4B17EE905A9C68A54288BF6D
:10B12000C3ED027ADFED287A013276EEE77A51E755
:10B13000244BBCEEC57A5C6817EE105AA54201D9C3
:10B1400083ED017A9FED207A013276EE876AEBE695
:10B150001E4BBCEEE67A1C6817EE105AA54201D9C8
:10B1600083ED007A9FED1A7A013236EE077AA8E66F
:10B170001448FCEEC66A046816EE903AA34201D960
:10B18000C0ED006A1348DFED106A03680133036005
:10B1900075EE266A013201236AE69FED0F0ADFEDA4
:10B1A0000F7A36EE000A20EE270A4BE7F0EE466AE9
:10B1B000BFE60B49C1ED025AC0ED025A002B3FF425
:10B1C00036AF32E7B0A6002000409C45A4A6002080
:10B1D0000000004798A6002000A04246CBBD403B9F
:10B1E000CC7C002010B52320E6F762F96C4C752169
:10B1F0000020F1F743F86B4AA37810708BB1021E60
:10B2000018BF012268490B79642062F345130B7162
:10B21000E6F74EF96478012C6CD014F0FD0409D0E7
:10B2200010BD23795B0803F07E031A1AB2FA82F28A
:10B230005209E7E780226B212046F1F777F8642076
:10B24000E6F736F9072268212046F1F76FF8642007
:10B25000E6F72EF9224623212046F1F767F8224629
:10B2600019212046F1F762F801226B212046F1F7FF
:10B270005DF80C212046F1F701F84C4B18221870AC
:10B280001B212046F1F752F80B221C212046F1F732
:10B290005DF922461D212046F1F758F96420E6F7B2
:10B2A00007F922461A212046F1F750F96420E6F703
:10B2B000FFF81A212046F1F795F83D4A00F0070300
:10B2C0001C2120461370F1F78DF83A4A00F007036D
:10B2D0001D2120461370F1F785F8DFF8DCC000F07F
:10B2E00007038CF8003020460122BDE810403821C9
:10B2F000F1F71CB880226B210020F1F717F86420C9
:10B30000E6F7D6F8002223211046F1F70FF80022C5
:10B3100019211046F1F70AF822466B210020F1F7B7
:10B3200005F80C210020F0F7A9FF204B1822187017
:10B330001B210020F0F7FAFF0B221C210020F1F75F
:10B3400005F900221D211046F1F700F902223721EC
:10B350000020F0F7EBFF224638210020F0F7E6FF4F
:10B360006420E6F7A5F8002210461A21F1F7EEF85E
:10B370006420E6F79DF81A210020F1F733F80C4A13
:10B3800000F007031C2100201370F1F72BF8094A85
:10B3900000F007031370BDE810406420E6F788B89A
:10B3A00008760308DC7C00203C7D0020DB7C00204C
:10B3B000DA7C0020D87C0020D97C00202DE9F04FD9
:10B3C000BD4CA3789A0689B040F13481E378C3F389
:10B3D000C0051B0700F13481B84A1378002B00F038
:10B3E0002C8103200195E6F731F90199B34A002831
:10B3F00000F0238107AB157001200322F0F78AFECD
:10B400009DF81D309DF81C20AD48AE4E1B0243EA4E
:10B4100002439DF81E20134302783360002A00F097
:10B42000348105705821019A8DF81B500DF11B03D2
:10B430000120F0F7C9FEA44B0320D3E90023E6F76F
:10B44000ADF8A24BA2483168026A41620391A1485B
:10B45000996AB0F808C01D690195521AD96A5E69E7
:10B46000B0F806E0808961EB4108D3E90271ACFBDA
:10B4700002350CFB085CDB09019D43EA4C635D1956
:10B4800046EBEC1AAEFB023C0EFB08CC1B0A43EA6F
:10B490000C63A946DD1941EB2C23A0FB02CE00FB77
:10B4A00008EE4FEADC5C4CEA4E2CAB464FEAEE5E0F
:10B4B0001CF5FA6501934EF10003B5F5FA6F73F1CF
:10B4C0000000029573DAACFB0C610CFB0EF001EB93
:10B4D0004007B900B000801941EA967147EB0106B8
:10B4E00001184FEA500040EAC6774FEAD10146EB17
:10B4F000060041EA4071C0100490774805918542EA
:10B500004FF0FF3573EB05004FEA660632DA40F67E
:10B51000AC501CEB000C4EF100000CFB00F0ACFB3F
:10B520000CEC0CEB400C4FEACC054FEACE00B0EB34
:10B530000E0045EA5E7565EB0C05C01946EB050685
:10B5400007461EEB0E004CEB0C0510EB0E004CEB0F
:10B550000505AD0045EA90758000B0EB0E0065EB87
:10B560000C0C400840EACC704018049941EB6C0187
:10B57000CDE90410B9EB0700059D01996AEB060AB5
:10B58000049EBBEB050561EB060E814602FB08F14C
:10B59000A2FB022000EB4101D20F0298CDF804E09B
:10B5A00042EA4102821AAB4663EBE17302920298CF
:10B5B000474D1946DDF7D8FA039ADFED487A00EED9
:10B5C000900A0198A2FB0B3102FB00115B0D43EACC
:10B5D000C123B3EB090360EEA70A4FEA615161EBA7
:10B5E0000A01D80AC5ED040A40EA4150C912CDED5E
:10B5F000020ADDF7B9FADFED3A7ADDED020A00EE74
:10B60000100A20EE270A012085ED050A85ED030AC0
:10B61000EEF752F83348DFF743F905F1280085EDDE
:10B62000010AE5F74FFFA37985ED0C0A43F001030A
:10B63000A37102E0264B00225A6009B0BDE8F08FEA
:10B640000320E6F703F80028F7D01F4BD3E90023C7
:10B6500092185B410320E5F7A1FF9FED230ADFF776
:10B660004BF8224B1A4AD3ED007A77EE807A02F13A
:10B670002800C2ED017AE5F725FFA379144A43F0CB
:10B68000010382ED0C0AA371D7E7012101700DF1CE
:10B690001B03084648218DF81B20F0F795FD0A4B47
:10B6A0000320D3E90023E5F779FF064B1B68002B45
:10B6B000C3D0074A1362C0E73C7D0020F60000209B
:10B6C000DCA60020E0A6002030A70020E8A600208D
:10B6D000D87F002020A7002024FAFFFF0AD7233CB0
:10B6E0000000803DB87F0020CDCCCC3C647C0020A5
:10B6F0002DE9F041984E82B042F210720023C6E963
:10B700000023E5F70BFE33687268DB180D4693499A
:10B7100052410446B3F5FA60C1E91232C1E90A4563
:10B72000886342F1FF348E48CC6313F5FA6342F12B
:10B7300000024A64027C0B640023ADF804308DF8EB
:10B74000033072B1427C002A00F0E580854CA3787A
:10B7500043F02003A370A3789A060AD402B0BDE890
:10B76000F081804CA37862F34513A370A3789A0606
:10B77000F4D5E378C3F3C0021B07EFD47A4DADF8DC
:10B7800004206FF05F032F46A3EB050808EB0701C9
:10B7900001ABC9B202220120F0F7BCFCBDF80430B5
:10B7A0005BBA27F8023B714BBB42EFD16B89704A01
:10B7B000E8891B029362AB881B0413612B89DB09A8
:10B7C00013626B88DB039360EB881B0A9361002391
:10B7D0005362D361D3625361D36020F0FF02EA81E8
:10B7E000194600F00F001A462AE04FEA4C0C0FFAF7
:10B7F0008CF3002B42DB4FEA4C0C0FFA8CF3002B3E
:10B8000043DB4FEA4C0C0FFA8CF3002B44DB4FEA7E
:10B810004C0C0FFA8CF3002B45DB4FEA4C0C0FFA63
:10B820008CF3002B46DB4FEA4C0C0FFA8CF3002B09
:10B8300047DB01324FEA4C0C102A1FFA8CF347D039
:10B84000570835F817C0D7074CEA010146BF5FFA21
:10B850008CFC83EA0C0C83EA1C2C0FFA8CF3002B73
:10B8600073DB4FEA4C0C0FFA8CF3002BBDDA5B0054
:10B8700083F440531BB2002B9C46BCDA5B0083F47C
:10B8800040531BB2002B9C46BBDA5B0083F4405351
:10B890001BB2002B9C46BADA5B0083F440531BB208
:10B8A000002B9C46B9DA5B0083F440531BB2002B9B
:10B8B0009C46B8DA5B0083F440531BB2002B9C46D5
:10B8C000B7DA5B00013283F44053102A9BB2B7D140
:10B8D00000394FEA133318BF01218342A37818BF00
:10B8E000002161F34513A370A3789B067FF536AF63
:10B8F0006420E5F7DDFD1F49002201AB0A7001203D
:10B9000058218DF80420F0F75FFCD6E900230320CE
:10B91000E5F744FE22E70DF103031E210120F0F7B5
:10B9200053FC104C1E20E5F7C3FD0222A02101AB01
:10B930000120F0F7EFFBA378BDF804200E4943F097
:10B94000200352BA0A80A37010E75B0083F44053CF
:10B950001BB29C4689E700BF30A70020D87F00209B
:10B96000087603083C7D002020A7002030A7002097
:10B97000E8A60020DCA60020E4A6002038B5174C7D
:10B9800000210546EAF754FF94F89A2194F899317A
:10B9900000211344284684F89A31EAF749FF94F8C5
:10B9A0009A2194F8993100211344284684F89A3159
:10B9B000EAF73EFF94F89A2194F899310021134454
:10B9C000284684F89A31EAF733FF94F89A2194F8DC
:10B9D0009931134484F89A3138BD00BF3CA7002048
:10B9E000F8B5574C0F46B52105461646EAF720FF35
:10B9F00094F8993194F89A214B3B84F89931284670
:10BA00001344622184F89A31EAF712FF4FF00003E1
:10BA100028460621A4F89931EAF70AFF94F89931EB
:10BA200094F89A21063384F8993128461344012169
:10BA300084F89A31EAF7FCFE94F8993194F89A2147
:10BA4000013384F8993128461344032184F89A314C
:10BA5000EAF7EEFE94F8993194F89A21033384F8CA
:10BA6000993128461344002184F89A31EAF7E0FE20
:10BA700094F89A2194F8993139461344284684F869
:10BA80009A31EAF7D5FE94F899311F4494F89A3127
:10BA900084F8997131461F44284684F89A71EAF770
:10BAA000C7FE94F899311E4494F89A3184F899614C
:10BAB00028461E44002184F89A61EAF7B9FE94F8FA
:10BAC000991194F89A311F4E0B44284684F89A3104
:10BAD000EAF7AEFE94F89A112846EAF7A9FE28463E
:10BAE000F8F780F8E5F7DEFC002400F1320503E00A
:10BAF000E5F7D8FC854222D901340120E4B2E5F70C
:10BB0000D7FC0A2CF4D13078FCF7F4FB0020EAF7DC
:10BB10006DFDE5F7C7FC85424FF001000FD9E5F751
:10BB2000C7FCE5F7BFFC85424FF0010007D9E5F7F8
:10BB3000BFFCE5F7B7FC85424FF00204DCD8F8BD46
:10BB40003CA700207090002070B5234C82B00D46B9
:10BB5000C9B206460191EAF76BFE94F89931019952
:10BB6000194494F89A3184F899110B443046C5F37E
:10BB7000072184F89A310191EAF75AFE94F8993135
:10BB80000199194494F89A3184F899110B4430467C
:10BB9000C5F3074184F89A310191EAF749FE94F818
:10BBA00099310199194494F89A3184F899110B4408
:10BBB0003046290E84F89A31EAF73AFE94F8992132
:10BBC00094F89A3102EB15652B4484F8995184F866
:10BBD0009A3102B070BD00BF3CA7002070B5234C65
:10BBE00082B00D46C9B206460191EAF721FE94F8EB
:10BBF00099310199194494F89A3184F899110B44B8
:10BC00003046C5F3072184F89A310191EAF710FE16
:10BC100094F899310199194494F89A3184F899115A
:10BC20000B443046C5F3074184F89A310191EAF795
:10BC3000FFFD94F899310199194494F89A3184F8E8
:10BC400099110B443046290E84F89A31EAF7F0FD39
:10BC500094F8992194F89A3102EB15652B4484F8F5
:10BC6000995184F89A3102B070BD00BF3CA7002002
:10BC70002DE9F0415A4C8846B52105461E46174627
:10BC8000EAF7D6FD94F8993194F89A214B3B84F861
:10BC9000993128461344622184F89A31EAF7C8FDA5
:10BCA0004FF0000328460621A4F89931EAF7C0FDB9
:10BCB00094F8993194F89A21063384F899312846FA
:10BCC0001344012184F89A31EAF7B2FD94F89931CE
:10BCD00094F89A21013384F89931284613440321BA
:10BCE00084F89A31EAF7A4FD94F8993194F89A21EE
:10BCF000033384F8993128461344002184F89A319B
:10BD0000EAF796FD94F89A2194F899314146134444
:10BD1000284684F89A31EAF78BFD94F899319844D3
:10BD200094F89A3184F8998139469844284684F8E1
:10BD30009A81EAF77DFD94F899311F4494F89A317D
:10BD400084F8997131461F44284684F89A71EAF7BD
:10BD50006FFD94F8992194F89A31B118C9B20B4447
:10BD6000284684F89A3184F89911EAF761FD94F82D
:10BD70009A111C4E2846EAF75BFD2846F7F732FF7A
:10BD8000E5F790FB002400F1320503E0E5F78AFBBC
:10BD9000854222D901340120E4B2E5F789FB0A2C5F
:10BDA000F4D13078FCF7A6FA0020EAF71FFCE5F79B
:10BDB00079FB85424FF001000FD9E5F779FBE5F7F4
:10BDC00071FB85424FF0010007D9E5F771FBE5F7FC
:10BDD00069FB85424FF00204DCD8BDE8F08100BF6A
:10BDE0003CA700207090002070B56D4C82B00E46CC
:10BDF000B5210546EAF71CFD94F8993194F89A218B
:10BE00004B3B1A442846622184F89A2184F89931E0
:10BE1000EAF70EFD4FF0000328460621A4F89931F9
:10BE2000EAF706FD94F8993194F89A2106331A44FA
:10BE30002846082184F8993184F89A21EAF7F8FC19
:10BE400094F8993194F89A2108331A442846062127
:10BE500084F8993184F89A21EAF7EAFC94F8993148
:10BE600094F89A2106331A442846002184F899311F
:10BE700084F89A21EAF7DCFC94F89A2194F8993135
:10BE8000F1B21344284684F89A310191EAF7D0FCC4
:10BE900094F899310199194494F89A3184F89911D8
:10BEA0000B442846310A84F89A31EAF7C1FC94F829
:10BEB000993103EB162694F89A3184F89961284653
:10BEC0001E44012184F89A61EAF7B2FC94F8993192
:10BED00094F89A21334E01331A442846002184F8FD
:10BEE000993184F89A21EAF7A3FC94F89A2194F8FE
:10BEF000993128461344012184F89A31EAF798FCD5
:10BF000094F8993194F89A2101331A442846002173
:10BF100084F89A2184F89931EAF78AFC94F8991107
:10BF200094F89A3128460B4484F89A31EAF780FC59
:10BF300094F89A112846EAF77BFC2846F7F752FE58
:10BF4000E5F7B0FA002400F1320503E0E5F7AAFABC
:10BF5000854222D901340120E4B2E5F7A9FA0A2C7E
:10BF6000F4D13078FCF7C6F90020EAF73FFBE5F79B
:10BF700099FA85424FF001000FD9E5F799FAE5F7F4
:10BF800091FA85424FF0010007D9E5F791FAE5F7FC
:10BF900089FA85424FF00204DCD802B070BD00BFC0
:10BFA0003CA700207090002070B5504C504EB52139
:10BFB0000546EAF73DFC94F8993194F89A214B3BF9
:10BFC0001A442846622184F89A2184F89931EAF7C4
:10BFD0002FFC4FF0000328460621A4F89931EAF718
:10BFE00027FC94F8993194F89A2106331A4428468C
:10BFF000092184F8993184F89A21EAF719FC94F818
:10C00000993194F89A2109331A4428460D2184F86D
:10C01000993184F89A21EAF70BFC94F8993194F855
:10C020009A210D331A440021284684F8993184F866
:10C030009A21EAF7FDFB94F89A2194F89931284661
:10C04000134484F89A31FFF799FC40F21F412846C7
:10C05000FFF77AFD2846FFF791FC28460321EAF70F
:10C06000E7FB94F8991194F89A310331C9B20B4463
:10C07000284684F89A3184F89911EAF7D9FB94F8A4
:10C080009A112846EAF7D4FB2846F7F7ABFDE5F707
:10C0900009FA002400F57A7503E0E5F703FA854212
:10C0A00022D901340120E4B2E5F702FA0A2CF4D1D6
:10C0B0003078FCF71FF90020EAF798FAE5F7F2F973
:10C0C00085424FF001000FD9E5F7F2F9E5F7EAF9FB
:10C0D00085424FF0010007D9E5F7EAF9E5F7E2F903
:10C0E00085424FF00204DCD870BD00BF3CA70020A1
:10C0F0007090002070B55E4C5E4EB5210546EAF7A3
:10C1000097FB94F8993194F89A214B3B1A442846AE
:10C11000622184F89A2184F89931EAF789FB4FF07B
:10C12000000328460621A4F89931EAF781FB94F828
:10C13000993194F89A2106331A442846162184F836
:10C14000993184F89A21EAF773FB94F8993194F8BD
:10C150009A2116331A442846082184F8993184F824
:10C160009A21EAF765FB94F8993194F89A210833FB
:10C170001A442846002184F8993184F89A21EAF774
:10C1800057FB94F89A2194F89931284613440021DA
:10C1900084F89A31EAF74CFB94F89A2194F8993193
:10C1A00028461344032184F89A31EAF741FB94F8B6
:10C1B000993194F89A2103210B441A44284684F8B3
:10C1C000993184F89A21EAF733FB94F8993194F87D
:10C1D0009A2103331A440021284684F8993184F8BF
:10C1E0009A21EAF725FB94F89A2194F89931284688
:10C1F000134484F89A31FFF7C1FB94F8991128464B
:10C20000EAF716FB94F89A112846EAF711FB28463C
:10C21000F7F7E8FCE5F746F9002400F1320503E002
:10C22000E5F740F9854222D901340120E4B2E5F76F
:10C230003FF90A2CF4D13078FCF75CF80020EAF7DB
:10C24000D5F9E5F72FF985424FF001000FD9E5F751
:10C250002FF9E5F727F985424FF0010007D9E5F7F7
:10C2600027F9E5F71FF985424FF00204DCD870BDCD
:10C270003CA700207090002070B58D4C8D4EB521EC
:10C280000546EAF7D5FA94F8993194F89A214B3B90
:10C290001A442846622184F89A2184F89931EAF7F1
:10C2A000C7FA4FF0000328460621A4F89931EAF7AF
:10C2B000BFFA94F8993194F89A2106331A44284623
:10C2C000002184F8993184F89A21EAF7B1FA94F8B8
:10C2D0009A2194F8993128461344142184F89A310C
:10C2E000EAF7A6FA94F8993194F89A2114331A448B
:10C2F0002846002184F8993184F89A21EAF798FABF
:10C3000094F89A2194F8993128461344012184F82D
:10C310009A31EAF78DFA94F8993194F89A21013319
:10C320001A442846002184F8993184F89A21EAF7C2
:10C330007FFA94F89A2194F8993128461344002101
:10C3400084F89A31EAF774FA94F89A2194F89931BA
:10C3500028461344002184F89A31EAF769FA94F8E0
:10C360009A2194F89931284613444FF40D6184F8CA
:10C370009A31FFF7E9FB28464FF4E131FFF7E4FB80
:10C3800028460721EAF754FA94F8993194F89A214B
:10C3900007331A442846002184F8993184F89A21F9
:10C3A000EAF746FA94F89A2194F89931284613440A
:10C3B000012184F89A31EAF73BFA94F8993194F81C
:10C3C0009A2101331A442846002184F8993184F8CF
:10C3D0009A21EAF72DFA94F89A2194F8993128468F
:10C3E0001344002184F89A31EAF722FA94F89A214A
:10C3F00094F8993128461344002184F89A31EAF7D9
:10C4000017FA94F89A2194F8993128461344002198
:10C4100084F89A31EAF70CFA94F89A2194F8993151
:10C4200028461344002184F89A31EAF701FA94F877
:10C43000991194F89A3128460B4484F89A31EAF716
:10C44000F7F994F89A112846EAF7F2F92846F7F72F
:10C45000C9FBE5F727F8002400F5C87503E0E5F708
:10C4600021F8854222D901340120E4B2E5F720F811
:10C470000A2CF4D13078FBF73DFF0020EAF7B6F83C
:10C48000E5F710F885424FF001000FD9E5F710F8F5
:10C49000E5F708F885424FF0010007D9E5F708F8FD
:10C4A000E5F700F885424FF00204DCD870BD00BF0C
:10C4B0003CA700207090002070B5774C774EB521D6
:10C4C0000546EAF7B5F994F8993194F89A214B3B6F
:10C4D0001A442846622184F89A2184F89931EAF7AF
:10C4E000A7F94FF0000328460621A4F89931EAF78E
:10C4F0009FF994F8993194F89A2106331A44284602
:10C50000072184F8993184F89A21EAF791F994F88F
:10C51000993194F89A2107331A442846142184F853
:10C52000993184F89A21EAF783F994F8993194F8CB
:10C530009A2114331A442846002184F8993184F84A
:10C540009A21EAF775F994F89A2194F899315449A7
:10C550001344284684F89A31FFF7F6FA28465149E1
:10C56000FFF7F2FA28460021EAF762F994F89A21D7
:10C5700094F8993128461344012184F89A31EAF756
:10C5800057F994F8993194F89A2101331A442846BE
:10C59000002184F8993184F89A21EAF749F994F84E
:10C5A0009A2194F8993128461344002184F89A314D
:10C5B000EAF73EF994F89A2194F899312846134401
:10C5C000002184F89A31EAF733F994F89A2194F823
:10C5D000993128461344002184F89A31EAF728F962
:10C5E00094F89A2194F8993128461344002184F84C
:10C5F0009A31EAF71DF994F89A2194F8993128466E
:10C600001344002184F89A31EAF712F994F89A2138
:10C6100094F8993128461344002184F89A31FFF7A1
:10C62000DDFA94F899112846EAF702F994F89A117C
:10C630002846EAF7FDF82846F7F7D4FAE4F732FF80
:10C64000002400F1320503E0E4F72CFF854222D9F3
:10C6500001340120E4B2E4F72BFF0A2CF4D1307846
:10C66000FBF748FE0020E9F7C1FFE4F71BFF854216
:10C670004FF001000FD9E4F71BFFE4F713FF8542E9
:10C680004FF0010007D9E4F713FFE4F70BFF8542F1
:10C690004FF00204DCD870BD3CA700207090002051
:10C6A00040420F00A086010070B52A4CB521054616
:10C6B000EAF7BEF894F8993194F89A214B3B1A4462
:10C6C0002846622184F8993184F89A210026EAF7F5
:10C6D000AFF828460A21A4F89961EAF7A9F894F876
:10C6E000993194F89A210A331A442846042184F88F
:10C6F000993184F89A21EAF79BF894F8993194F8E3
:10C700009A2104331A443146284684F8993184F832
:10C710009A21EAF78DF894F89A2194F899313146E4
:10C720001344284684F89A31EAF782F894F899116C
:10C7300094F89A3128460B4484F89A31EAF778F84D
:10C74000284694F89A11EAF773F82846BDE8704035
:10C75000F7F748BA3CA700202DE9F04782B08A4697
:10C760000546E4F79FFEDFF8A881644E644C00277D
:10C77000814688F80070E4F795FEA0EB090050456B
:10C7800098F8003033D293BB2846E9F767FFF0B141
:10C790002846E9F799FF3378082BF5D8DFE803F04E
:10C7A0009A94867A6B53382F050094F8982155494E
:10C7B000121A0B7AB2FA82F20020520962F30413C1
:10C7C000307028460B72E9F749FF0028E0D10137A5
:10C7D000FFB20A2F00F087800120E4F769FEE4F73A
:10C7E00061FEA0EB0900504598F80030CBD3A3F1CF
:10C7F0000100B0FA80F0400902B0BDE8F08794F87B
:10C8000097311B1AB3FA83F35B09DB003370BBE784
:10C81000B4F801303C4AD054B4F80130B4F80510F3
:10C8200001339AB29142A4F8013004BF0723337058
:10C8300094F8973194F8982103441A4484F8973176
:10C8400084F89821A0E7B4F8052094F8973194F87B
:10C850009811034402EB0022194490B2A4F8052079
:10C8600084F8973184F89811D0B3002306226370BE
:10C87000A370327088E794F8973194F89821A4F85F
:10C88000050003441A44052184F8973184F898215F
:10C89000317079E74FF0000360F3070360F30F2373
:10C8A0000222E070A4F8973132706DE794F8973166
:10C8B00094F89821207103441A44042184F8973194
:10C8C00084F8982131705FE7622814BF00230323A6
:10C8D000337059E7B5287FF457AF0123337053E71E
:10C8E0000723337050E7094A01901078FBF702FDE7
:10C8F0000198E9F77BFE019F6EE700BF18AA0020B0
:10C900003CA700203C7D002043A700207090002021
:10C91000DCA800202DE9F04FDFF8D8E1724C734F0E
:10C92000734E05468B46BEE80F0087B0EC46ACE878
:10C930000F009EE803004FF0000A8CE8030004F8A3
:10C9400005A0E84607F1180957F8041B2846F0F738
:10C95000F9F9E4F7A7FD002400F1320A03E0E4F757
:10C96000A1FD824522D901340120E4B2E4F7A0FD03
:10C970000A2CF4D13078FBF7BDFC0020E9F736FE35
:10C98000E4F790FD82454FF001000FD9E4F790FDE8
:10C99000E4F788FD82454FF0010007D9E4F788FDF0
:10C9A000E4F780FD82454FF00204DCD858F8044BD0
:10C9B000217831B12846E9F73BFF14F8011F00291F
:10C9C000F8D1E4F76FFD002400F1640A03E0E4F716
:10C9D00069FD824522D901340120E4B2E4F768FD03
:10C9E0000A2CF4D13078FBF785FC0020E9F7FEFD36
:10C9F000E4F758FD82454FF001000FD9E4F758FDE8
:10CA0000E4F750FD82454FF0010007D9E4F750FDEF
:10CA1000E4F748FD82454FF00204DCD84F4593D13E
:10CA2000E4F740FD324F00F1C806002403E0E4F7CC
:10CA300039FD864222D901340120E4B2E4F738FD01
:10CA40000A2CF4D13878FBF755FC0020E9F7CEFD2D
:10CA5000E4F728FDB0424FF001000FD2E4F728FDC3
:10CA6000E4F720FD86424FF0010007D9E4F720FDEE
:10CA7000E4F718FD86424FF00204DCD828465946F8
:10CA8000F0F760F9E4F70EFD194E00F1640500249B
:10CA900003E0E4F707FD854222D901340120E4B226
:10CAA000E4F706FD0A2CF4D13078FBF723FC0020D4
:10CAB000E9F79CFDE4F7F6FCA8424FF001000FD225
:10CAC000E4F7F6FCE4F7EEFC85424FF0010007D9ED
:10CAD000E4F7EEFCE4F7E6FC85424FF00204DCD814
:10CAE00007B0BDE8F08F00BFEC430020B08A030818
:10CAF00070900020445D030830B59B4DEB78013BFE
:10CB000083B00C2B0CD8DFE803F0540B0B0B470B56
:10CB10000B0B0B070B0B39002B79042B00F0B680A5
:10CB2000924C94ED267AD4ED276A914BF7EE007A79
:10CB3000B4EEE77A9A79F1EE10FA94BF0121002160
:10CB400061F304129A71F4EEE76A5A7AF1EE10FA80
:10CB500094BF0121002161F3C7125A72E4F7DEFB92
:10CB6000DBF7FAFF9FED837A07EE900A67EE877A8C
:10CB7000FCEEE77AC4ED327A03B030BD2B797B4C02
:10CB8000012B08BFD5F8073094ED267AD4ED276A3B
:10CB900008BFC4F8BC30C8E7744C2B7994ED267AF2
:10CBA000D4ED276A002B6DD0012BBED1724A1370D1
:10CBB000BBE72B79023B302BB2D801A252F823F00D
:10CBC0002DD1020845D0020861D0020821CB02080D
:10CBD00031CD020885CD020821CB020821CB020805
:10CBE00021CB020821CB020821CB020821CB02086D
:10CBF00021CB020821CB020821CB020821CB02085D
:10CC000015CF020821CB020821CB020821CB020854
:10CC100021CB020821CB020821CB020821CB02083C
:10CC200021CB020821CB020821CB020821CB02082C
:10CC300021CB020821CB020821CB020815D0020823
:10CC400021CB020821CB020821CB020821CB02080C
:10CC500021CB020821CB020821CB020821CB0208FC
:10CC600021CB020821CB020821CB020821CB0208EC
:10CC700021CB020821CB020821CB020821CB0208DC
:10CC8000FDD002083C4B02221A704EE7DFF8F0E0BC
:10CC9000364CD5F80700DEF80410DEF80820DEF880
:10CCA0000C30A446ACE80F00DEF81000DEF81820C7
:10CCB000DEF81410BEF81C30ACE807000EF11E00C0
:10CCC000ACF8003008F07CFC95F825202062002AA2
:10CCD00000F0F182A2F13003DBB2092B00F2AB824B
:10CCE000302A00F0008395F82620D2B1303AD2B233
:10CCF000092A12D995F827209AB1303AD2B2092AD6
:10CD00000BD995F8281061B1A1F13002D2B2092AED
:10CD100000F24D82002B00F0468203EB830302EB0E
:10CD2000430394ED267AD4ED276A84F82C31FCE68F
:10CD30000E4C6B7C94F83220DFED107AD4ED276A2C
:10CD40009A4238BF84F83230D5F82F3007EE103AC7
:10CD5000B8EE477A95F8363084F8313027EE277AE6
:10CD600084ED267AE1E600BF3CA70020E8A8002079
:10CD70003C7D0020BD378635DCA800200AD7233C47
:10CD800043A70020D5F82F30D5F82B10EA7AE04CD5
:10CD9000DFEDE07A06EE103AD5F8333007EE101AE0
:10CDA000297B06EE903AD5F8373042EA0122A97C79
:10CDB00000EE903AD5F80730628500394FF47A706A
:10CDC00018BF012100FB03F384F82810D5F80D00EB
:10CDD00063632364E97E6B7CE062B8EE466AF8EE3A
:10CDE000666AF8EEE00AB8EEC77A84F8321084F882
:10CDF0003030D5F81F20D5F82330A97FC4F8E820BB
:10CE000060EEA70A27EE277A26EE276A66EEA76A63
:10CE10006267002284ED1F6A84F83110C4ED380A7D
:10CE2000C4F8D030236784ED127A84ED1E7AC4ED05
:10CE3000206A6264C4ED210AD5F83B20B64B94ED1C
:10CE4000390A93ED001A06EE902AD5F83F20CDED71
:10CE5000017A07EE102AF8EEE66AB8EEC77A66EEB7
:10CE6000A76A27EE277AC4ED3E6AC4ED226A84EDF4
:10CE7000447A84ED237ADDF7F3FDA74BD4ED3E0A27
:10CE800093ED001AB0EE407A94ED3F0A84ED397AC2
:10CE9000DDF7E6FDA04BD4ED440A93ED001AB0EEA9
:10CEA000407A94ED450A84ED3F7ADDF7D9FDD5F857
:10CEB00047309FED9A5ADDED017ADFED994A06EE93
:10CEC000103AD5F8433005EE903AD5F84B3007EEDE
:10CED000103AD5F84F3084ED450AB8EEC66A06EE32
:10CEE000903AF8EEE55A26EE056AB8EE477AF8EE83
:10CEF000666A65EEA75A26EE246A27EE277A66EE62
:10CF0000856AC4ED245A84ED256A84ED267AC4ED41
:10CF1000276A0AE6D5F80B30DFED825A7C4C00EE2A
:10CF2000903AD5F80F3094ED390A07EE103AD5F85B
:10CF30001330CDED015A07EE903AF8EEE00AB8EE64
:10CF4000C77AF8EEE77A744BD5F8072093ED001A0C
:10CF5000626360EEA50A27EE257A67EEA57A84ED76
:10CF60003E7A84ED227AC4ED380AC4ED210AC4ED7C
:10CF7000447AC4ED237ADDF773FD674BD4ED3E0AA6
:10CF800093ED001AF0EE407A94ED3F0AC4ED397A41
:10CF9000DDF766FD604BD4ED440A93ED001AF0EE28
:10CFA000407A94ED450AC4ED3F7ADDF759FDD5F896
:10CFB0001F309FED5A5ADDED015ADFED594A07EE59
:10CFC000903AD5F81B3006EE103AD5F8233007EE2C
:10CFD000103AD5F8273084ED450AF8EEE77A06EEE8
:10CFE000903AB8EE466A67EE857AB8EE477AF8EE80
:10CFF000666A26EE256A67EEA47A27EE257A66EE43
:10D00000856A84ED246AC4ED257A84ED267AC4ED20
:10D01000276A8AE5AB7E5B077FF582AD287DEB7CD6
:10D020003B4C414AB5F81510A18543EA0023012184
:10D03000107863852122FEF7D3FC94ED267AD4ED97
:10D04000276A72E5324CEB7A94F8322094ED267A16
:10D05000D4ED276A9A42BFF468AD84F8323064E5B3
:10D06000B5F80D30DFED2F7A294C03EE903AB5F884
:10D070001330D4ED276A04EE103AB5F8113004EEFF
:10D08000903AB5F80F3005EE103AB5F8153005EEC8
:10D09000903AB5F8173006EE103AB5F80B3007EEB7
:10D0A000103AF8EEE33AB8EEC77AB8EEC44AF8EEB2
:10D0B000E44AB8EEC55AF8EEE55AB8EEC66A63EE31
:10D0C000A73A24EE274A64EEA74A25EE275A65EED2
:10D0D000A75A26EE276A67EE277AC4ED283A94ED20
:10D0E000267A84ED294AC4ED2A4A84ED2B5AC4EDF0
:10D0F0002C5A84ED2D6AC4ED2E7A16E5044CD5F831
:10D10000073094ED267AD4ED276AE3660DE500BF7B
:10D11000E8A800206F12833AD8A80020ACC52737B2
:10D1200035FA8E3C0AD7233C78900020D5F81B3086
:10D13000A04CD5F80F209FEDA05A94ED267AD4ED9F
:10D14000276A05EE903AD5F81F3006EE103AD5F86A
:10D1500007304FF47A7101FB03F363632364D5F85E
:10D16000173007EE903AF8EE655AB8EE466AF8EED8
:10D17000E77A65EE855A67EE857A26EE056AD5F878
:10D180000B30C4F8E83000216164C4F8D020226775
:10D190006367C4ED127AC4ED1E7AC4ED1F5A84EDA4
:10D1A000206AC2E41946302900F0C180134695F880
:10D1B000291000293FF4B5ADA1F13002D2B2092AFD
:10D1C00006D8002B7FF4A9AD302900F0C6801346A5
:10D1D00095F82A1000293FF4A4ADA1F13002D2B293
:10D1E000092A05D8002B7FF498AD302965D0134665
:10D1F00095F82B1000293FF494ADA1F13002D2B282
:10D20000092A05D8002B7FF488AD30295FD013465A
:10D2100095F82C1000293FF484ADA1F13002D2B270
:10D22000092A3FF67EAD002B7FF477AD302914BF7D
:10D230001346002375E595F82620002A3BD0A2F17D
:10D240003003DBB2092B12D8302A59D095F82720A9
:10D25000002A3FF466ADA2F13001C9B209293FF6B8
:10D2600050AD73B103EB830301EB430359E595F82C
:10D27000272002B3A2F13003DBB2092B02D900232D
:10D280003FE50B46302A7FF43CAD95F82830002B63
:10D290003FF447ADA3F13002D2B2092A82D995F802
:10D2A0002930002B3FF43DADA3F13002D2B2092A60
:10D2B00079D900238CE7134633E595F82B30002B02
:10D2C0003FF42FADA3F13002D2B2092A5BD995F811
:10D2D0002C30002B3FF425ADA3F13002D2B2092A45
:10D2E00065D900231DE595F82630002B3FF419ADD4
:10D2F000A3F13001C9B2092947D81A460B46A3E762
:10D3000095F82730002B3FF40CADA3F13001C9B2E2
:10D31000092945D995F82830002B3FF402ADA3F137
:10D320003002D2B2092A7FF63DAF00233FE795F8DD
:10D330002930002B3FF4F5ACA3F13002D2B2092A18
:10D3400031D995F82A30002B3FF4EBACA3F1300231
:10D35000D2B2092A29D900234AE795F82A30002BAE
:10D360003FF4DFACA3F13002D2B2092A1DD995F8FF
:10D370002B30002B3FF4D5ACA3F13002D2B2092AF6
:10D3800001D9002344E719463FE795F82730002BE1
:10D390003FF4C7ACA3F13001C9B209293FF66FAF22
:10D3A0001A460B466EE719460EE719461DE7194661
:10D3B0003CE700BFE8A800206F12833A000000009D
:10D3C00008B5DAF76FFF04A3D3E90023DAF7D4FF37
:10D3D00041EC100B08BD00BF0E4685C758CC863FF8
:10D3E00008B551EC100B04A3D3E90023DBF7EEF8EA
:10D3F000DBF772FA08BD00BF0E4685C758CC863FE2
:10D400004E4A1378082B17D8DFE803F0171C223197
:10D4100040506C8B05004A49DFF828C191F89811FB
:10D420009CF80830091AB1FA81F14909002061F32A
:10D43000041310708CF808307047B528FCD1012314
:10D4400013707047622814BF0023032313707047C2
:10D450003B4B93F8971193F898C1187101448C4491
:10D4600083F89711042183F898C1117070474FF029
:10D470000003334960F3070360F30F234FF0020CFE
:10D48000C870A1F8973182F800C070472C4B93F810
:10D49000971193F898C1A3F8050001448C4483F8D0
:10D4A0009711052183F898C111707047244BB3F888
:10D4B000051001EB00211FFA81FCA3F8051093F879
:10D4C0009711014493F8980183F89711014483F868
:10D4D0009811BCF1000F2ED00021062059709970D0
:10D4E00010707047164BB3F8011003F1070C0CF8DD
:10D4F0000100B3F8011001311FFA81FCA3F80110FB
:10D50000B3F80510614504BF0721117093F8972106
:10D5100093F898110244114483F8972183F89811E5
:10D520007047074B93F897311B1AB3FA83F35B09E3
:10D53000DB001370704707231370704718AA002090
:10D540003CA700203C7D00202DE9F04F85B004462B
:10D5500000200191E8F7E8FAE3F7A4FF3F4F00F558
:10D56000FA66002503E0E3F79DFF864222D90135E4
:10D570000120EDB2E3F79CFF0A2DF4D13878FAF7D9
:10D58000B9FE0020E9F732F8E3F78CFF86424FF04E
:10D5900001000FD9E3F78CFFE3F784FF86424FF0D9
:10D5A000010007D9E3F784FFE3F77CFF86424FF0E1
:10D5B0000205DCD84FF461324FF4E133CDE90223A8
:10D5C000274F284EDFF894900DF108084FF0010A1C
:10D5D000D8F800102046EFF7B5FB07F804A001E0EB
:10D5E000E9F772F82046E9F739F883462046BBF19F
:10D5F000000FF5D1336A002B49D1FFF755F8E3F757
:10D6000051FF08F1040800F5FA7503E0E3F74AFF5B
:10D61000A8422DD20BF1010B01205FFA8BFBE3F73F
:10D6200047FFBBF10A0FF1D199F80000FAF762FE4B
:10D630000020E8F7DBFFE3F735FFA8424FF00100D9
:10D6400016D2E3F735FFE3F72DFFA8424FF00100B4
:10D650000ED2E3F72DFF4FF0020BD7E770900020BA
:10D66000EC430020E8A80020E9F72EF8FFF7C8FEF9
:10D670002046E8F7F3FF05462046002DF4D104AA22
:10D680009045336A40F00682002B00F010854FF081
:10D690000108F64D05F178076A7815F8021B204657
:10D6A000FEF79EF9AF42F7D1F14DB5212046E9F7DB
:10D6B000BFF895F8993195F89A214B3B622185F88E
:10D6C00099312046134485F89A31E9F7B1F84FF0C3
:10D6D000000306212046A5F89931E9F7A9F895F845
:10D6E000993195F89A210633242185F899312046FD
:10D6F000134485F89A31E9F79BF895F8993195F834
:10D700009A2124210B4485F899312046134485F849
:10D710009A31E9F78DF895F8993195F89A212433E3
:10D72000002185F899312046134485F89A31E9F7AC
:10D730007FF895F89A2195F899312046134485F899
:10D740009A31FEF71BF902212046E9F771F895F8A6
:10D75000993195F89A210233032185F899312046B1
:10D76000134485F89A31E9F763F895F8993195F8FB
:10D770009A21033385F899312046134485F89A316C
:10D78000FEF7FCF82046FEF7F9F80A212046E9F7F3
:10D790004FF895F8993195F89A210A33002185F8C8
:10D7A00099312046134485F89A31E9F741F895F804
:10D7B0009A2195F8993100211344204685F89A3131
:10D7C000E9F736F895F89A2195F899310021134434
:10D7D000204685F89A31E9F72BF895F89A2195F8C3
:10D7E000993100211344204685F89A31E9F720F851
:10D7F00095F89A2195F8993100211344204685F82F
:10D800009A31E9F715F895F89A2195F899310021A0
:10D810001344204685F89A31E9F70AF895F89A21D9
:10D8200095F8993100211344204685F89A31E8F79C
:10D83000FFFF95F89A2195F899310021134420466D
:10D8400085F89A31E8F7F4FF95F89A2195F899311F
:10D8500000211344204685F89A31E8F7E9FF95F84E
:10D860009A2195F8993100211344204685F89A3180
:10D87000E8F7DEFF95F89A2195F8993100211344D5
:10D88000204685F89A31E8F7D3FF95F89A2195F864
:10D89000993100211344204685F89A31E8F7C8FFF2
:10D8A00095F89A2195F8993100211344204685F87E
:10D8B0009A31E8F7BDFF95F89A2195F89931002142
:10D8C0001344204685F89A31E8F7B2FF95F89A217B
:10D8D00095F8993100211344204685F89A31E8F7EC
:10D8E000A7FF95F89A2195F8993100211344204615
:10D8F00085F89A31E8F79CFF95F89A2195F89931C7
:10D9000000211344204685F89A31E8F791FF95F8F5
:10D910009A2195F8993100211344204685F89A31CF
:10D92000E8F786FF95F89A2195F89931002113447C
:10D93000204685F89A31E8F77BFF95F89A2195F80B
:10D94000993100211344204685F89A31E8F770FF99
:10D9500095F89A2195F8993100211344204685F8CD
:10D960009A31E8F765FF95F8991195F89A312046B4
:10D970000B4485F89A31E8F75BFF95F89A11204639
:10D98000E8F756FF2046F6F72DF94FF4FA712046D6
:10D99000FEF7E2FE2046FEF78FFD4FF4FA712046B7
:10D9A000FEF7DAFE2046FEF7A5FB4FF4FA7120469B
:10D9B000FEF7D2FEB8F1000F00F0238396F82C2179
:10D9C000082A03D8336A2B498B4267D902220121E6
:10D9D0002046FEF705F8C8212046FEF7BDFE0322CB
:10D9E00001212046FDF7FCFFC8212046FEF7B4FECA
:10D9F000122201212046FDF7F3FFC8212046FEF741
:10DA0000ABFE212201212046FDF7EAFFC821204676
:10DA1000FEF7A2FE0123194607222046FEF728F949
:10DA2000C8212046FEF798FE352201212046FDF749
:10DA3000D7FFC8212046FEF78FFE43220121204652
:10DA4000FDF7CEFFC8212046FEF786FE6421204662
:10DA5000FEF7CAF94FF4FA712046FEF77DFE204624
:10DA6000FEF7A2FA044A0549137A09E0388A030846
:10DA70003CA700202FE602003C7D00200060EA4722
:10DA8000716223F010030020137205B0BDE8F04F5F
:10DA9000E8F75CB8002B3FF49BADF8E5082A07D007
:10DAA000024A934240F2B08302E000BF7F38010097
:10DAB000022220460121FDF793FFC8212046FEF7F0
:10DAC0004BFE032220460121FDF78AFFC821204694
:10DAD000FEF742FE0123194606222046FEF7C8F84B
:10DAE000C8212046FEF738FE122220460121FDF70C
:10DAF00077FFC8212046FEF72FFE21222046012174
:10DB0000FDF76EFFC8212046FEF726FE01231946C9
:10DB100007222046FEF7ACF8C8212046FEF71CFE7F
:10DB2000302220460121FDF75BFFC8212046FEF789
:10DB300013FE20466421FEF757F94FF4FA71204690
:10DB4000FEF70AFE2046B521E8F772FE95F89931F6
:10DB500095F89A214B3B1A442046622185F89A2178
:10DB600085F89931E8F764FE4FF00003204606215E
:10DB7000A5F89931E8F75CFE95F8993195F89A2166
:10DB800006331A4420463E2185F8993185F89A21BA
:10DB9000E8F74EFE95F8993195F89A213E331A44EC
:10DBA00020462C2185F8993185F89A21E8F740FE26
:10DBB00095F8993195F89A212C331A442046002182
:10DBC00085F8993185F89A21E8F732FE95F89A217F
:10DBD00095F8993120461344002185F89A31E8F7E9
:10DBE00027FE95F89A2195F8993120461344022191
:10DBF00085F89A31E8F71CFE95F8993195F89A2145
:10DC000002331A442046022185F8993185F89A2179
:10DC1000E8F70EFE95F8993195F89A2102331A44E7
:10DC20002046002185F8993185F89A21E8F700FE11
:10DC300095F89A2195F8993120461344002185F8EA
:10DC40009A31E8F7F5FD95F89A2195F89931204633
:10DC50001344082185F89A31E8F7EAFD95F89931DF
:10DC600095F89A2108331A442046102185F89931F5
:10DC700085F89A21E8F7DCFD95F8993195F89A2115
:10DC800010331A442046012185F8993185F89A21EC
:10DC9000E8F7CEFD95F8993195F89A2101331A44A9
:10DCA0002046002185F8993185F89A21E8F7C0FDD2
:10DCB00095F89A2195F8993120461344002185F86A
:10DCC0009A31E8F7B5FD95F89A2195F899312046F3
:10DCD0001344012185F89A31E8F7AAFD95F89931A6
:10DCE00095F89A2101331A442046032185F8993189
:10DCF00085F89A21E8F79CFD95F8993195F89A21D5
:10DD000003331A442046082185F8993185F89A2171
:10DD1000E8F78EFD95F8993195F89A2108331A4461
:10DD20002046012185F8993185F89A21E8F780FD90
:10DD300095F8993195F89A2101331A44204600212B
:10DD400085F8993185F89A21E8F772FD95F89A21BE
:10DD500095F8993120461344002185F89A31E8F767
:10DD600067FD95F89A2195F89931204613440221D0
:10DD700085F89A31E8F75CFD95F8993195F89A2184
:10DD800002331A442046042185F8993185F89A21F6
:10DD9000E8F74EFD95F8993195F89A2104331A4425
:10DDA0002046082185F8993185F89A21E8F740FD49
:10DDB00095F8993195F89A2108331A4420460121A3
:10DDC00085F8993185F89A21E8F732FD95F899316F
:10DDD00095F89A2101331A442046002185F899319B
:10DDE00085F89A21E8F724FD95F89A2195F899315C
:10DDF00020461344002185F89A31E8F719FD95F87B
:10DE00009A2195F8993120461344032185F89A31D7
:10DE1000E8F70EFD95F8993195F89A2103331A44E5
:10DE20002046042185F8993185F89A21E8F700FD0C
:10DE300095F8993195F89A2104331A44204608211F
:10DE400085F8993185F89A21E8F7F2FC95F899312F
:10DE500095F89A2108331A442046012185F8993112
:10DE600085F89A21E8F7E4FC95F8993195F89A211C
:10DE700001331A442046002185F8993185F89A210A
:10DE8000E8F7D6FC95F89A2195F899312046134485
:10DE9000002185F89A31E8F7CBFC95F89A2195F89E
:10DEA000993120461344042185F89A31E8F7C0FCE3
:10DEB00095F8993195F89A2104331A4420460121A6
:10DEC00085F8993185F89A21E8F7B2FC95F89931EF
:10DED00095F89A2101331A442046042185F8993196
:10DEE00085F89A21E8F7A4FC95F8993195F89A21DC
:10DEF00004331A442046012185F8993185F89A2186
:10DF0000E8F796FC95F8993195F89A2101331A446F
:10DF10002046002185F8993185F89A21E8F788FC98
:10DF200095F89A2195F8993120461344002185F8F7
:10DF30009A31E8F77DFC95F89A2195F899312046B9
:10DF40001344062185F89A31E8F772FC95F8993167
:10DF500095F89A2106331A442046082185F899310C
:10DF600085F89A21E8F764FC95F8993195F89A219B
:10DF700008331A442046102185F8993185F89A21F2
:10DF8000E8F756FC95F8993195F89A2110331A4420
:10DF90002046012185F8993185F89A21E8F748FC57
:10DFA00095F8993195F89A2101331A4420460021B9
:10DFB00085F8993185F89A21E8F73AFC95F89A2185
:10DFC00095F8993120461344002185F89A31E8F7F5
:10DFD0002FFC95F8991195F89A3120460B4485F855
:10DFE0009A31E8F725FC95F89A112046E8F720FCCD
:10DFF0002046F5F7F7FD4FF4FA712046FEF7ACFB2B
:10E000002DE5376ADFF89892B7EB080718BF0127AC
:10E010004FF00308002F7FF4D1AC2046FEF744FBFD
:10E02000E3F740FA00F5FA7A03E0E3F73BFA8245BA
:10E0300024D901370120FFB2E3F73AFA0A2FF4D1CD
:10E0400099F80000FAF756F90020E8F7CFFAE3F75D
:10E0500029FA82454FF0010010D9E3F729FAE3F7D6
:10E0600021FA82454FF0010008D9E3F721FA02278F
:10E07000DBE72046E8F728FBFFF7C2F92046E8F780
:10E08000EDFA0028F5D1336A08F1FF381F1A18BFDE
:10E09000012718F0FF08BDD1002B7FF48FAC019A47
:10E0A000072A00F3F880072286F82C21F8E44FF4C1
:10E0B000E131FEF72FFC01233B554FF4165120466A
:10E0C000EEF740FEE3F7EEF9DFF8D49100F1320805
:10E0D0002F4603E0E3F7E6F9804523D90137012015
:10E0E000FFB2E3F7E5F90A2FF4D199F80000FAF747
:10E0F00001F90020E8F77AFAE3F7D4F940454FF048
:10E1000001000FD2E3F7D4F9E3F7CCF980454FF0E3
:10E11000010007D9E3F7CCF9E3F7C4F980454FF0E4
:10E120000207DBD82046FEF7A7F8E3F7BBF9DFF8D4
:10E13000708100F5FA7703E0E3F7B4F9874221D95B
:10E140000120E3F7B5F9681CC5B20A2DF4D198F89F
:10E150000000FAF7CFF80020E8F748FAE3F7A2F951
:10E1600087424FF001000DD9E3F7A2F9E3F79AF9DE
:10E17000B8424FF0010005D2E3F79AF90225DBE738
:10E18000E8F7A2FA2046E8F769FA05462046002D8E
:10E19000F6D14FF4E131EEF7D5FDE3F783F9DFF87F
:10E1A000008100F1640703E0E3F77CF9874221D99D
:10E1B00001350120EDB2E3F77BF90A2DF4D198F88F
:10E1C0000000FAF797F80020E8F710FAE3F76AF989
:10E1D00087424FF001000DD9E3F76AF9E3F762F9DE
:10E1E00087424FF0010005D9E3F762F90225DBE72A
:10E1F000E8F76AFA2046E8F731FA80462046B8F197
:10E20000000FF5D1FFF745BA012319460222204637
:10E21000FDF72EFDC8212046FEF79EFA0123194680
:10E2200003222046FDF724FDC8212046FEF794FA7C
:10E230000123194606222046FDF71AFDC821204673
:10E24000FEF78AFA0123194612222046FDF710FD37
:10E25000C8212046FEF780FA0A2321220121204608
:10E26000FDF706FDC8212046FEF776FA07220121B8
:10E270002046FDF7B5FBC8212046FEF76DFA302297
:10E2800001212046FDF7ACFBC8212046FEF764FAC9
:10E29000C821FFF7DCBB082386F82C3108E400BF57
:10E2A000709000200000000070B52DED028B704CC6
:10E2B000022084B0E7F738FC94F832106D4B94F8E4
:10E2C00031001A7894ED1F7AA1F10301B1FA81F1BE
:10E2D000490961F386121A701A781978C2F380120C
:10E2E000052894BF002202F0010262F38611197022
:10E2F0001A781978F1EE047AB4EEE77AF1EE10FAB2
:10E30000C2F3801202F0010288BF002262F386117C
:10E31000197094ED207A1A781978B4EEE77AF1EE54
:10E3200010FAC2F3801202F0010288BF002262F3E9
:10E330008611197094ED267A1A781978F7EE007A1A
:10E34000B4EEE77AF1EE10FAC2F3801202F00102A5
:10E3500088BF002262F38611197094ED287A1A782A
:10E360001978F0EE007AB4EEE77AF1EE10FAC2F323
:10E37000801202F0010258BF002262F38611197068
:10E380001978DA79C1F3801161F3C302DA711B786D
:10E390005B0603D404B0BDEC028B70BD04F14000F9
:10E3A000E3F790F8344B84ED4A0A19680D20E3F73F
:10E3B000E9F894ED348A9FED317A9FED310AF8EE59
:10E3C000C87A67EE877A27EE800A03F013F910EE19
:10E3D000100AD9F779FF02460B4643EC172B054686
:10E3E00084ED147B18EE100A0E46D9F75BFF1EA3CE
:10E3F000D3E90023D9F7C0FFC4E93601CDE9020112
:10E40000D4F8E800D9F74EFF17A3D3E90023D9F7D2
:10E41000B3FF2A463346D9F7AFFFC4E93C01CDE943
:10E420000001D4F80001D9F73DFF0FA3D3E9002381
:10E43000D9F7A2FF9DED001B9DED020BD4ED263A0E
:10E4400094ED1F3AD4ED3E2A94ED382AC4E94201F6
:10E4500000F0C2FA04B0BDEC028BBDE87040E0F7FA
:10E460009DB900BFAFF300800E4685C758CC863FEC
:10E47000E8A800203C7D0020E0A8002095BFD6330E
:10E4800035FA8E3C70B5694CE37819071FD4E379EF
:10E490009A0716D5664D674E2878E8F7DFF860B121
:10E4A0002878E8F711F93378082BF5D8DFE803F07E
:10E4B000908A7B6E5E44281E1000237ADB0600F1F2
:10E4C000AC800D20E3F7B4F8002840F0878070BDE1
:10E4D00000233370584B93F898311A1AB2FA82F22B
:10E4E000237A520962F304132372D5E7524B93F84F
:10E4F00097311B1AB3FA83F35B09DB003370CBE768
:10E500004D4BB3F80120D91D8854B3F80120B3F85E
:10E5100005100132A3F8012092B2914204BF0722F4
:10E52000327093F8972193F89811024483F8972159
:10E530000A4483F89821AFE73F4BB3F8052093F8DE
:10E54000971102EB0022014493F89801A3F80520EB
:10E5500083F8971192B2014483F89811002A59D098
:10E5600000225A709A700623337095E7324A92F867
:10E57000973192F89811A2F80500034482F8973178
:10E580000B4482F898310523337085E74FF0000380
:10E59000294A60F3070360F30F23A2F8973102239F
:10E5A000D070337078E7244A92F8973192F8981136
:10E5B0001071034482F897310B4482F89831042398
:10E5C000337069E7622814BF00230323337063E7C5
:10E5D000B5287FF461AF012333705DE7174B0D2041
:10E5E0001968E2F7CFFFE0F74DFA237A23F08003B2
:10E5F0002372E37923F00803E371A37923F0100376
:10E60000A371237823F0400323700220BDE87040FB
:10E61000E7F79CBA072333703EE7237A60F30413CD
:10E620002372FEF769FAFFF73FFE4AE73C7D0020C0
:10E630007890002018AA00203CA70020E0A8002025
:10E6400010B5244A244C1178E379244A61F341033C
:10E650001078E3710C21F5F741FE237A2049214A15
:10E66000C1F8282123F010032372237823F04003FC
:10E670002370E37823F01003E370237823F0800302
:10E68000237000F03DF84FF4987200211448164CA6
:10E6900007F04CF8DFED150AB7EE000ADCF7D0F909
:10E6A000134A1449144B82ED000A4FF4FA60002219
:10E6B000086020781A704FF4E131EEF743FB2068D0
:10E6C0000E4B01221A540821BDE81040C0B2FEF7DB
:10E6D0003BBF00BFAF8E00203C7D0020709000202B
:10E6E000E8A80020CDCC4C3E78900020000000002F
:10E6F000D8A80020E0A8002018AA0020EC430020A1
:10E70000154A002310B4154C13605360144A0020BE
:10E710000021C4E90001C4E90201C2E90001C2E923
:10E720000201104C1048114913614FF0000C82F89F
:10E7300018C053614FF07E52236003600C4C43605D
:10E740000A600C484A600C492260036010BC0A60F1
:10E7500043604A60704700BF4CAA002058AA0020BE
:10E7600068AA002028AA002044AA00203CAA002071
:10E770002C02002034AA00202CAA002070B52DED18
:10E78000048B874C237E86B01BB1864BDB781B073E
:10E7900003D506B0BDEC048B70BD60EEA07A824B51
:10E7A0009FED825AD3ED005A814ADFED824A92ED05
:10E7B000004AE0EE007A21EE017AB1EEE76A61EEFE
:10E7C000073AF6EE006A63EEA66A36EE656AB0EEC8
:10E7D000669A66EE066AE6EE055A66EE856ADFED33
:10E7E000767AC3ED005AE4EE246A67EE072AB5EEA6
:10E7F000003A22EE833AF4EEE76AF1EE10FAF0EE18
:10E80000438A08D4F2EE047AF4EEE76AF1EE10FAE5
:10E81000D8BFF0EE667A694969486A4BC2ED007A62
:10E8200091ED006A684AD0ED006A1B7892ED004ACB
:10E83000664A71EE013A013BE6EE236ADBB2012B38
:10E8400092ED005A624AE7EE056A1E46A1EE056A9D
:10E8500061EE044AD2ED005A65D974EEA55AC0EDB6
:10E86000006AC2ED005A81ED006A15EE900ACDED06
:10E87000043A8DED034A8DED027A8DED011ACDED4E
:10E88000057AB0EE608AD9F71FFD0B465149504D0D
:10E890000246D1E90001D9F7B9FB484B484A93ED4C
:10E8A000016AD2ED016ADDED043A9DED034A9DED6A
:10E8B000011A9DED027A84ED044AE3EE866AC4E90A
:10E8C000000142494048D1ED014A90ED015AD5ED91
:10E8D000015A012EA1EE246AE7EE246A21EE054AD0
:10E8E00041D9374B75EE847AC3ED016A384BC3EDDD
:10E8F000017A324B83ED016A17EE900A8DED015AD1
:10E90000D9F7E2FC0B4633490246D1E90201D9F7B7
:10E910007DFB9DED015AC4E9020184ED055A06B064
:10E92000BDEC048B70BDB6EE003A20EE033AA0EECB
:10E93000014A254BE7EE034A83ED004AE8EEA76A59
:10E94000234B74EEA55AA9EE276AC3ED005A1C4B5F
:10E95000A7EE275AC3ED006A184B83ED006A1B4BE4
:10E9600083ED005A81E7F6EE003A68EE233ADDEDDA
:10E97000057AA3EE874AE8EEA76AA9EE276AE7EED2
:10E98000274AA8EE015A74EE257A80ED015AC2EDAD
:10E99000016A83ED016AC5ED017AC1ED014AABE779
:10E9A00068AA00203C7D002028AA00200AD7233C2A
:10E9B0002C020020A4707D3FCDCCCC3D34AA002099
:10E9C0003CAA0020B18E002044AA00202CAA0020DE
:10E9D0004CAA002058AA0020034BDB78C3F3C002E6
:10E9E0001B0703D5704700BF3C7D00202DE9F04F89
:10E9F0002DED028BE94C8BB0CDED023A03928DEDFB
:10EA0000013A8DED002A59EC118B57EC106BB0EEEA
:10EA1000628AE2F783FC237E9DED002A9DED013A98
:10EA2000DDED023A039ADFF89CE3002B00F0298227
:10EA3000DEF80030DEF80450C31A61EB050CD84D47
:10EA40009D4272EB0C0CC0F01C8223EE033A9FED4A
:10EA5000D57AB4EEC73AF1EE10FACEE9000100F132
:10EA600041829FEDD17AB4EEC73AF1EE10FAD4BFED
:10EA7000F0EE437AF0EE477AF0EE678A63EEA33A5F
:10EA80009FEDC85AF4EEC53AF1EE10FA08D49FEDA6
:10EA9000C65AF4EEC53AF1EE10FAD8BFB0EE635A9A
:10EAA000C24BDFEDC97AD3ED003AC14BD3ED006A1A
:10EAB000C04B93ED006A66EEE64A78EEA35A75EE17
:10EAC000062AB0EE643AA5EEA23AB4EEE73AF1EEC9
:10EAD00010FA40F2D380B849B84B8DED015A91ED50
:10EAE000007B5BEC17ABD3ED001A8DED023A52467A
:10EAF0001D4630465B463946CDED001ACDED035A32
:10EB0000CDED042ACDED054ACDED066A8DED076AFF
:10EB1000CDED083A8DED092AD9F776FAD9F704FF39
:10EB2000DDED001A9DED015A9DED023ADDED035A2F
:10EB3000DDED042ADDED054ADDED066A9DED076A8F
:10EB4000DDED083A9DED092A07EE900A77EEE17AAD
:10EB5000BAEE044AF4EEC47AF1EE10FA08D4B2EE3A
:10EB6000044AF4EEC47AF1EE10FAD8BFB0EE674A68
:10EB7000934B93ED001A72EE410AB9EE042AF4EEBB
:10EB8000C20AF1EE10FA0AD4F1EE047AF4EEE70AC2
:10EB9000F1EE10FAD4BFB0EE602AB0EE672A65EE4F
:10EBA000A67AF0EE640AE3EEE67AE3EEA24AE5EE38
:10EBB000860A84EE837AC7EE834A66EE667AC0EEF2
:10EBC000835AE6EEA27AF7EE002A87EE830A72EE07
:10EBD000E57A65EE825A24EE822AE0EE045AA7EE28
:10EBE000042A72EEC72A26EEE44A66EE644A27EE4D
:10EBF000866A67EEA67AA2EEA34AE2EEA64AE0EEA5
:10EC0000637A9FED713A8DED015A75EE815AA0EE4F
:10EC1000666AB4EEC43AC3ED005A77EEA47AF1EE18
:10EC200010FA624BCDED005AC8BFB0EE434AF6EE83
:10EC3000000A83ED004A67EEA07A5D4BB4EEC63A57
:10EC400032EE212AC3ED007AF1EE10FA594B85ED30
:10EC5000002AD8BFB0EE463A83ED003A12EE100A11
:10EC6000D9F732FB52465B46D9F7D0F9DDED005AB1
:10EC70009DED015AC4ED045AC4E900014B4BDFED90
:10EC8000527AD3ED013A4A4BD3ED016A494B93EDE9
:10EC9000016A26EEE63A33EEA87A36EE055AF0EE31
:10ECA000434AE7EE054AF4EEE74AF1EE10FA40F285
:10ECB0001481424A404B92ED012ACDED014A8DED7F
:10ECC000002A93ED022B57EC126B15463B46324659
:10ECD000404649468DED027A8DED035A8DED043A9A
:10ECE000CDED056A8DED066ACDED073AD9F78CF9C1
:10ECF000D9F71AFE9DED002ADDED014A9DED027A5D
:10ED00009DED035A9DED043ADDED056A9DED066A21
:10ED1000DDED073A07EE900A77EEC27ABAEE044AC2
:10ED2000F4EEC47AF1EE10FA08D4B2EE044AF4EE2E
:10ED3000C47AF1EE10FAD8BFB0EE674A204BD3ED9B
:10ED4000012A78EE625AF9EE047AF4EEE75AF1EE0F
:10ED500010FA08D4F1EE047AF4EEE75AF1EE10FA64
:10ED6000D8BFF0EE657AB0EE431AA6EE071A0F4A46
:10ED700027EE267AA3EE853AA3EEE67A66EEC65A29
:10ED8000C1EE241AE6EE855A83EE240AC7EE240A61
:10ED900085EEA41AB7EE005A18E000BF68AA00205A
:10EDA00080841E000AD7233C0000C8423CAA0020F1
:10EDB00034AA00202CAA002058AA00204CAA002027
:10EDC00044AA002020AA0020BD37863535EE613ADE
:10EDD00020EEC67A35EE405A67EEA15A26EE036A57
:10EDE00063EE261AA1EE666A60EEE64AB0EE613A7C
:10EDF000A5EE267AF0EE656AA1EE633AE4EE016ACA
:10EE0000E3EE854A67EEA07A76EEA26AE4EE007A37
:10EE10001FED135AC3ED016A37EE037AF6EE005A7E
:10EE200027EE257AB4EEE45A304BCDED006AF1EED0
:10EE300010FAB4EEC65AC8BFF0EE454A77EE827AB1
:10EE400083ED017AF1EE10FA294BC2ED014AD8BFE9
:10EE5000B0EE465A83ED015A17EE900AC5ED017ADD
:10EE6000D9F732FA32463B46D9F7D0F8DDED006AE1
:10EE7000C4E90201C4ED056A0BB0BDEC028BBDE82C
:10EE8000F08F1C4BCEF80410C3E900671A491B4AE7
:10EE900081ED002AC3E90289194B81ED018A4FF007
:10EEA000000C1249C3F804C0C3F800C04FF07E53F1
:10EEB00053601360C4E900670D4AC1F804C0C4E997
:10EEC0000289C1F800C00121CEF800005360136030
:10EED00084ED042A84ED058A21760BB0BDEC028B0B
:10EEE000BDE8F08FF0EE478AC8E500BF34AA0020E5
:10EEF0002CAA002058AA002044AA00203CAA0020E6
:10EF00004CAA002010B51C4C2DED048BD4ED018AC9
:10EF1000B0EE680A02F06EFBB0EE408AB1EE680A0D
:10EF200002F0A8FB94ED009AF0EE408AB0EE490A98
:10EF300002F060FBF0EE409AB0EE490A02F09AFB54
:10EF40000E4BD3ED017A93ED007A68EEE70AF0EE0E
:10EF5000406A93ED020AE0EE080A20EE280A60EE0D
:10EF6000A60AA7EE880AE7EE290A02F035FABDECF8
:10EF7000048BB1EE400A10BDE07C00207CBD002077
:10EF800030B583B000230F2120200093ADF804306A
:10EF9000E2F7F8FA244B0622187803216B46EDF7C6
:10EFA00079FA00B3BDF80010BDF80230BDF80420B6
:10EFB0001E4D49BA08B25BBA52BA10F5805F6B8039
:10EFC000AA8029801BB212B22BD012F5805F18BF25
:10EFD00013F5805F0CBF01230023154C627863F3A7
:10EFE0008202627005E0124C104D637843F0040316
:10EFF0006370637A0F49DA0656BF0F4B00221A7806
:10F00000881EDBF7DBFD637ADB0608D50949AB8890
:10F0100031F8022C5B42524221F8022CAB8003B043
:10F0200030BD0123D9E700BFF700002074BD0020E8
:10F030003C7D002076BD00200576030808B52F4BE7
:10F040001A79C2F38011520603D52D4A117829B9D5
:10F0500008BD1A7A61F300021A7208BD2020E2F797
:10F06000E7FA274A0028F3D000211170FFF788FF44
:10F070002449254AB1F90230D2F857029FED236A9C
:10F0800007EE903AB1F9043007EE103AB1F90030CA
:10F09000D2F85B12D2F8532206EE903A05EE900AAF
:10F0A000F8EEE77A05EE102A77EEA57AF8EEE66A32
:10F0B00005EE901AB8EEC77A76EE856A37EE257AB5
:10F0C000DFED135A134A144867EE867A27EE257A45
:10F0D00066EE866A82ED017AC2ED006AC2ED027ABE
:10F0E000E2F7F0F9054B5A78197AC2F3800282F000
:10F0F000010262F30001197208BD00BF3C7D0020CF
:10F10000F600002074BD0020B8810020CD0C9E4484
:10F11000662693447CBD002088AA002030B5684B49
:10F12000684C1878684D83B01521F5F7D7F8237926
:10F1300095F8202023F04003237122B195F8211087
:10F14000002900F09B8023795A06C3F3801106D46E
:10F15000237995F8902061F386132371A2B923795E
:10F16000C3F380125B0633D46378584843F004033A
:10F170006370237A027062F3000355482372554B83
:10F1800002701A7003B030BD95F891100029E6D1D5
:10F19000514B03220920EDF735FA3220E2F788F9C6
:10F1A0004D2101220DF107038DF8071009200A21D6
:10F1B000ECF7B0FF9DF80730484A482B1370CED1CA
:10F1C0002379474A092143F0400311702371C6E7B0
:10F1D0003220E2F76DF9424B187805EB0015A9785B
:10F1E000002945D13F4B0422EDF70CFA3C4D642039
:10F1F000E2F75EF928780021EDF740F8354B02463A
:10F20000012128781A70EDF739F8314B02460221B6
:10F2100028781A70EDF732F82C4B1870FFF7B0FE13
:10F2200000212020E2F7AEF96420E2F741F92E4BED
:10F2300001221A70FFF702FFFFF764FE2B4A637981
:10F2400092F84B222A49A2F10102B2FA82F2520943
:10F2500062F3410363716379627881ED000AC3F35D
:10F26000400383F0010363F38202627003B030BD98
:10F27000204B04220021EDF7C5F9B7E7164B032216
:10F280000220EDF7BFF93220E2F712F94D210122F9
:10F290000DF107038DF8071002200A21ECF73AFF61
:10F2A0009DF807300D4A482B13707FF44CAF23793B
:10F2B0000B4A022143F040031170237143E700BF62
:10F2C000709000203C7D0020087603089CBD002043
:10F2D0009DBD00209EBD0020380200209FBD002063
:10F2E000F700002034020020F6000020B881002042
:10F2F0008CBD0020300200202DE9F04F954C89B0E4
:10F3000083460220E6F710FC23795A0640F1E58097
:10F31000914B1B78002B00F0E080904FDFF860925B
:10F32000D7F85332C9F80030D7F85732C9F804304B
:10F33000D7F85B32C9F808306378894ADFF844822D
:10F34000884E8948002565F3820363706379C7F8A6
:10F35000535265F34103637197F84B32137029469A
:10F36000FF234FF49652C7F85752C7F85B5287F8FD
:10F370004B3206F0DBF9C8E90055C8E90255358083
:10F38000E2F790F80F2100F56A4520206035E2F79A
:10F39000F9F808E0E2F786F83388B3F5C87F5DD85E
:10F3A000A84200F2A580DDF743FB2020E2F740F9F8
:10F3B0000028EFD0FFF7E4FD6378C3F3800A5B0712
:10F3C000E8D46A49B6F800E0B1F90030002B07EE46
:10F3D000903A0A46D4BF00230123B1F902105B0022
:10F3E0000029C8BF0133F8EEE76A07EE901AB2F9B8
:10F3F00004105D4A5B000029C8BF0133B8EEE77A0C
:10F4000007EE901A38F813100EEB4E0CF8EEE77A70
:10F4100002EB8C0C3629CCED006A8CED017ACCED38
:10F42000027A50460EF1010E01F1010C00F28C80BF
:10F4300028F813C04E4BA6F800E01878CDF80CA0C1
:10F44000F5F76AFF0398E6F781FB0320E6F76CFB0C
:10F45000E2F728F83388B3F5C87FA1D9A84247D886
:10F46000E6F7D0FB0020E6F75FFB0220E9F752FB4E
:10F47000DDF7DEFA04AB00939FED3E0A31883A488F
:10F4800005ABC822DBF748FC3B4B049A1880637835
:10F49000C7F84F2223F004036370637943F002033B
:10F4A0006371059BC7F853320125069BC7F8573295
:10F4B0002946079BC7F85B32082087F84B52E9F7CB
:10F4C00009FB2E4B1D70DDF7B3FAEBF743FD2A461F
:10F4D00034215846F4F754FF04E000223421584602
:10F4E000F4F74EFF022009B0BDE8F04FE6F72EBB5F
:10F4F000E6F788FB1A4B1B7887F84B32A3F1010221
:10F50000B2FA82F26379520962F341036371D9F866
:10F510000030D9F80420C7F853320120D9F8083058
:10F52000C7F85722C7F85B32E6F7FEFA0820E9F77A
:10F53000F1FA584600223421F4F722FF022009B0E4
:10F54000BDE8F04FE6F702BBE6F7EEFA0320E6F778
:10F55000FDFA1FE73C7D0020AC8E0020B881002022
:10F5600090AA0020A2AA0020B4AA002074BD002006
:10F57000709000200AD7233CA0AA0020B081002070
:10F5800094AA0020A4AA00202DE9F04F2DED028BB3
:10F59000694C85B00546A068D8F796FE0646E06837
:10F5A0000F46D8F791FE824660688B46D8F78CFEEE
:10F5B0003246804689463B4630463946D8F7DCFE1F
:10F5C000524606460F465B4650465946D8F7D4FE8B
:10F5D00002460B4630463946D8F718FD42460646E5
:10F5E00001F100474B4640464946D8F7C5FE024662
:10F5F0000B4630463946D8F7E9FF41EC100B01F0D5
:10F6000073FD51EC100BD9F78FF9064607EE106A1F
:10F61000D4ED007A2860A06894ED008A67EE278A0E
:10F62000D8F752FE02460B46E068CDE90223D8F730
:10F630004BFE824660688B46D8F746FE9FED3C1B2A
:10F6400041EC100B01F0E8FD30468DED000BD8F7D2
:10F650003BFEDDE9022306460F4610461946D8F761
:10F660008BFE5246804689465B4650465946D8F73F
:10F6700083FE02460B4640464946D8F7C7FC9DED3F
:10F68000000B53EC102BD8F7A1FF78EE087A8046D8
:10F6900017EE900A8946D8F717FE02460B464046F9
:10F6A0004946D8F769FE32463B46D8F765FED9F79A
:10F6B0003BF968606068D8F707FED4ED027A68EE1F
:10F6C000277A02460B4617EE900ACDE90023D8F7B9
:10F6D000FBFDDDE900238046894610461946D8F730
:10F6E0004BFE02460B4640464946D8F76FFF0022C4
:10F6F0004FF04043D8F740FE32463B46D8F73CFE39
:10F70000D9F712F9A86094ED037AD4ED026A07EEF6
:10F71000900A67EE877AB0EE680A87EEA67A85EDE2
:10F72000037A05B0BDEC028BBDE8F08FAFF300802B
:10F730000000000000000840A0BD00202DE9F041BD
:10F740001746042206461D4608460C4B114600F09B
:10F7500069FA30460A4B0122042100F063FA0422C0
:10F7600011463846074B00F05DFA01222846064B49
:10F77000BDE8F041114600F055BA00BFB0BD002011
:10F78000A0BD0020F0BD002030BE00202DE9F041DA
:10F79000364C2DED028B94ED027AD4ED037A9EB0B7
:10F7A00037EE607A77EEC17A04F1100604230096F2
:10F7B0001A4684ED027AC4ED037A04F15001304612
:10F7C000B0EE408A00F008FB02A8FFF7DDFE01253D
:10F7D0000DF1180804230EAF1A4602A93046CDE9F0
:10F7E0000058F0EE408A00F093FA02A82A464146FB
:10F7F00000950197042300F033FA94ED247ADDEDAF
:10F800000E7A77EE877AB7EE000A80EE270A0AAB07
:10F810002A464046042100F02FFB3B462A460AA810
:10F82000042138EE680A00F027FB009421462B469D
:10F8300004243846042200F0CFFA2B4641460AA899
:10F8400022460197009400F063FA23462246394687
:10F850003046009600F0E8FA2146304600F02EFBD4
:10F860001EB0BDEC028BBDE8F08100BFA0BD002042
:10F8700008B52420E1F7DCFEF0B1114BDFED117A81
:10F8800093ED007AB4EEE77AF1EE10FA15DD0E4A48
:10F890000E4BD2ED007A93ED007AF4EEC77AF1EEDA
:10F8A00010FA0ADB0A4B93ED007AF4EEC77AF1EE18
:10F8B00010FA94BF0120002008BD002008BD00BF41
:10F8C0003CBE00203333B33F041100203C02002033
:10F8D000400200200000000038B52320E1F7A8FE18
:10F8E000002847D0284A294BD2ED007A93ED007AC0
:10F8F000F4EEC77AF1EE10FA3DDB254B93ED007A7A
:10F90000F4EEC77AF1EE10FA35D8224B1868D8F722
:10F91000DBFC214A1F4BD2ED006A93ED017AC6EE63
:10F92000877A04460D4667EEE77A17EE900AD8F715
:10F93000CBFC41EC100B01F0D7FB204653EC102B15
:10F940002946D8F719FD0EA3D3E90023D8F75CFBAD
:10F95000D8F7EAFF9FED117A114B07EE900AF4EE0B
:10F96000C77AF1EE10FACCBF01200020C3ED007A77
:10F9700080F0010038BD012038BD00BFAFF300802A
:10F98000000000606666E63F041100203C02002093
:10F9900040020020A0BD002034BE00203333B33F1E
:10F9A00038BE002070B52DED028BDFF808C1344B56
:10F9B000344EDFED357AA6B00CF140040193BCE87B
:10F9C0000F0006AD0FC5BCE80F000FC5BCE80F0067
:10F9D0000FC59CE80F0085E80F000FCC0DF1580E05
:10F9E000AEE80F000FCCAEE80F000FCCAEE80F0072
:10F9F00094E80F00D6ED008ACDED037AB0EE007AE0
:10FA0000B0EE680A8EE80F008DED027A01F0F2FD8B
:10FA1000B1EE048A60EE087AB0EE680ACDED047AA1
:10FA200001F028FE20EE080A01AB06AA16A902A8DA
:10FA30008DED050AFFF782FE144B154A1A60154832
:10FA4000154B1649164A174C1A600460D1E900019B
:10FA5000D8F76AFF144C154B2060D3E90001D8F7A2
:10FA600063FFA060E1F71EFD114B41F28831186081
:10FA70002320E1F787FD26B0BDEC028B70BD00BFEF
:10FA8000285C4F3E88BD0020000016434002002045
:10FA900000007A43440200203C020020901600201F
:10FAA000000048420000B44244BE0020C01B0020B9
:10FAB00094BE00205C5D03082DE9F0472DED028B1C
:10FAC000DFF80C913C4EDFF80CA13C4C3C4D84B06F
:10FAD000E1F7E8FC99ED007B804630688DED007B16
:10FAE000D8F7F2FB02460B46DDE90001D8F78CFAA5
:10FAF000D8F71AFF08EE100AB068D8F7E5FB09F549
:10FB0000A66702460B46D7E90001D8F77DFAD8F779
:10FB10000BFFDAF8003063602B68236101EE100AF6
:10FB20006B68A8686361EB6884ED031AE361C4F84D
:10FB3000008084ED028AA0618DED031AD8F7C4FB22
:10FB4000DDE90023D8F762FA41EC100BFDF748FC21
:10FB50002062E868D8F7B8FBD7E90023D8F756FA4F
:10FB6000184BD3E91423D8F731FD41EC100BFDF706
:10FB700037FC154B9DED031A1B689AED000AA36232
:10FB8000F0EE480A0023E36223636062FFF7FEFDA4
:10FB9000D9E90001D8F7C8FE03463360D7E9000170
:10FBA000D8F7C2FE094BB060C3F8008004B0BDECCA
:10FBB000028BBDE8F08700BF44BE00205CBE002081
:10FBC000A0BD0020E8A800200411002094BE002061
:10FBD0009016002040BE002009480A4ADFF83CC0C9
:10FBE00009490A4BC0F800C01160094809490A4A8E
:10FBF0001B68DFF82CC0C0F800C00B6013607047B2
:10FC0000440200204002002000007A43B47F00201C
:10FC10003C0200203CBE002040BE00200000B44258
:10FC200000004842F0B5151E19DD00290E4616DD0C
:10FC30001F46002134B204FB01FC04FB016E00EB03
:10FC40008C0200EB8E0307EB8C0C52F804EB4CF8A3
:10FC500004EB9342F9D1013109B28D42EBDCF0BDE6
:10FC60002DE9F04FB2F10008BDF92440DDF828A0DD
:10FC70004ADD002C48DD9FED256A074689461E4671
:10FC800001EB84004FF0000C14FB0CF10AEB810136
:10FC9000002EA1EC016A1EDD06FB0CF307EB830EC0
:10FCA000334407EB8305CB46DFED187A5A4673469B
:10FCB00092ED007AF3EC016AE6EE877A9D4202EB60
:10FCC000840241ED017AF3D10BF1040B834515D089
:10FCD000A1EC016AE8E74A46131D98424FF000057F
:10FCE00002F108020AD082420D6007D0131D98422B
:10FCF0004D6002F1080201F10801F4D10CF1010C90
:10FD00000FFA8CFCE045BFDCBDE8F08F000000007E
:10FD10002DE9F04F83B0B2F1000BBDF93070DDF882
:10FD200034A04BDD002F49DD9FED2A6A80460E4648
:10FD30001D464FF0000C0FFA87F95A4609FB0CF1EB
:10FD400009FB0C7E0AEB8101002DA1EC016A0AEB94
:10FD50008E0ED8BF00201FDD05FB0CFB0BEB050052
:10FD600008EB800008EB8B0B0024CDF804C0DFED1E
:10FD7000197A06EB840C5B46F3EC016ABCEC017A61
:10FD8000E6EE877A984241ED017AF5D1714518D0B7
:10FD90002C44A1EC016AEAE771450B4608D043F810
:10FDA000040B9E4504D04860083171450B46F6D1DE
:10FDB0000CF1010C0FFA8CFC6245BFDC03B0BDE80E
:10FDC000F08FDDF804C00CF1010C0FFA8CFC6245D9
:10FDD000B4DCF3E7000000002DE9F041161E069D9B
:10FDE0001FDD002B98461CDD0F461CB2002104FBD2
:10FDF00001FC04FB018300EB8C0207EB8C0E00EB93
:10FE0000830305EB8C0CF2EC017ABEEC017A77EE01
:10FE1000877A9342ECEC017AF5D1013109B28E4236
:10FE2000E5DCBDE8F08100BF2DE9F041161E069D1E
:10FE30001FDD002B98461CDD0F461CB2002104FB81
:10FE400001FC04FB018300EB8C0207EB8C0E00EB42
:10FE5000830305EB8C0CF2EC017ABEEC017A77EEB1
:10FE6000C77A9342ECEC017AF5D1013109B28E42A6
:10FE7000E5DCBDE8F08100BF9C460B1E1DDD002ABD
:10FE80001BDD30B50446002560468646A4460021A9
:10FE9000DCED007A013167EE807A8A42CEED007A9D
:10FEA0000CEB820C0EEB830EF2D10135AB4204F168
:10FEB000040400F10400E8D130BD704770B50C1E99
:10FEC0002ADD4FF0000EF6EE006ABEF1010F1DDDD7
:10FED00000230EF1FF3614FB0EF51A46A91802FB9B
:10FEE00004E200EB820C00EB8101D1ED007A9CED85
:10FEF000007A77EE877A013367EEA67A1BB2B342B7
:10FF0000C1ED007A1A46CCED007AE7DB0EF1010E66
:10FF10000FFA8EFE7445D8DC70BD00BF08B5174BD4
:10FF2000984206D0164B98420FD0164B984218D0E4
:10FF300008BD01214FF4001001F062F8BDE808404F
:10FF400000214FF4001001F05BB801214FF4800054
:10FF500001F056F8BDE8084000214FF4800001F0A0
:10FF60004FB801214FF4000001F04AF8BDE8084005
:10FF700000214FF4000001F043B800BF00540040DE
:10FF800000580040005C004030B5044687B002A82D
:10FF9000A588019100F0BAFF04982E4B0199DFF873
:10FFA000BCC0A3FB002325F03F059B0C1D43A5808F
:10FFB000228822F0010222800A6862451DD8520080
:10FFC000B0FBF2F292B20133042A38BF0422238438
:10FFD000A283238888884A8943F0010323802388E9
:10FFE000104323F481638A89098923F002030A43B9
:10FFF00003432380228107B030BDB1F806C04BF621
:020000040803EF
:10000000FF75AC4520D002EB820202EB8202B0FB0E
:10001000F2F040F4804082B203EB83030E48C3EB5E
:1000200003139B00A0FB03039B090133238442F0CD
:100030000103C2F30B059BB2002D08BF1A466FEAFD
:1000400042426FEA5242C3E702EB4202B0FBF2F2D5
:1000500092B2E1E783DE1B43D34D6210A08601001C
:10006000054941F2883C00224FF48043C0E900C1B9
:1000700082608381704700BF0000FFBF038819B111
:1000800043F001030380704723F0010303807047AE
:10009000038819B143F480730380704723F480739D
:1000A00003807047038819B143F4007303807047DD
:1000B00023F40073038070471AB141F001010182FB
:1000C000704701F0FE010182704700BF038819B13B
:1000D00043F480630380704723F480630380704798
:1000E00001827047008AC0B2704700BF838812B196
:1000F00019438180704723EA01038380704700BF62
:10010000044B1A69002A03DA0349044A59605A6009
:10011000704700BF003C024023016745AB89EFCD2B
:10012000024A136943F0004313617047003C0240E8
:10013000014BD860704700BF003C024082B00822EB
:10014000224B8DF80720DA68D20316D4DA68D0067D
:1001500038D4DA6812F0EF0F36D1DB6813F0020FF3
:100160000CBF082307238DF807309DF80730012BBB
:100170000AD09DF8070002B0704701238DF80730C0
:100180009DF80730012BF4D1104A0FE0D36813F02B
:10019000EF0F15D1D36813F0020F0CBF082307230C
:1001A0008DF807309DF80730012BE2D1D168C903E3
:1001B0004FF00103F4D4D368DB06E7D50523EFE75E
:1001C0000623EDE70523D9E70623D7E7003C0240E5
:1001D00038B5022994BF0C024FF440740546FFF76E
:1001E000ADFF082800D038BD104B1A6922F44072C8
:1001F0001A611A6922431A611A6922F0F8021A6117
:100200001869284340F0020018611A6942F48032EC
:100210001A61FFF793FF054B1A6922F002021A6177
:100220001A6922F0F8021A6138BD00BF003C024092
:1002300038B504460D46FFF781FF082800D038BDC9
:100240000A4B1A6922F440721A611A6942F4007268
:100250001A611A6942F001021A612560FFF76EFF08
:10026000024B1A6922F001021A6138BD003C0240BB
:1002700000B5DFF894E00A88038870458C46496829
:100280001BD0DFF888E0704517D0B0F1804F29D03F
:10029000DFF87CE0704525D00EF5806E704521D0EA
:1002A000DFF870E070451DD0DFF86CE0704525D0B8
:1002B000DFF868E0704521D01AE0BCF802E023F0D6
:1002C000700343EA0E03BCF808E023F4407343EAEA
:1002D0000E030380C16202859CF80A300386012365
:1002E000838200BDBCF802E023F0700343EA0E03F2
:1002F000BCF808C023F4407343EA0C0303800123D5
:10030000C1620285838200BD0000014000040140FB
:1003100000040040000C00400010004000140040A9
:1003200000234FF0FF324260038103608372704705
:10033000038819B143F001030380704723F00103E0
:1003400003807047038C23F0010310B50384038CF2
:100350004C88B1F80CE08288B0F818C04EEA040E60
:1003600023F00203134C43EA0E03B1F800E02CF033
:10037000730CA0424CEA0E0C0AD004F58064A04233
:1003800006D089688280A0F818C04163038410BD3C
:10039000CC89B1F810E023F0080323434C8A4EEADD
:1003A000040E8C8822F4407223F0040342EA0E0209
:1003B0002343E6E700000140038C23F0100310B54F
:1003C0000384038C4C88B1F80CE08288B0F818C024
:1003D0004EEA040E23F02003144C43EA0E13B1F846
:1003E00000E02CF4E64CA0424CEA0E2C0AD004F5B6
:1003F0008064A04206D089688280A0F818C081631A
:10040000038410BDCC89B1F810E023F0800343EAE7
:1004100004134C8A4EEA040E8C8822F4406223F0C6
:10042000400342EA8E0243EA0413E4E7000001407D
:10043000038C23F4807310B50384038C4C88B1F8CB
:100440000CE08288B0F81CC04EEA040E23F400735E
:10045000144C43EA0E23B1F800E02CF0730CA042D8
:100460004CEA0E0C0AD004F58064A04206D08968DC
:100470008280A0F81CC0C163038410BDCC89B1F890
:1004800010E023F4006343EA04234C8A4EEA040E8E
:100490008C8822F4405223F4806342EA0E1243EA2D
:1004A0000423E4E700000140038C23F4805310B5DB
:1004B0000384028C4C88B1F80CE08388B0F81CC02F
:1004C0004EEA040E22F400520D4C42EA0E32B1F80C
:1004D00000E02CF4E64CA0424CEA0E2C0AD004F5C5
:1004E0008064A04206D089688380A0F81CC00164A3
:1004F000028410BD0C8A23F4804343EA8413F2E79C
:10050000000001400023C0E90233036083800361DF
:10051000704700BF038B23F008030B43038370472E
:10052000038B23F4006343EA01230383704700BF76
:10053000838B23F008030B4383837047838B23F45F
:10054000006343EA01238383704700BF0A88B1F840
:1005500002C00B8900B5B1F804E0C988DAB9028C91
:1005600022F001020284028B22F0F3024EEA020220
:1005700042EA0312038C028323F00A034CEA0303CA
:1005800043F001030384038B23F00C030383038BE9
:100590000B43038300BD042A24D0082A43D0028CD5
:1005A00022F4805202841B0343EA0E23B0F81CE0BD
:1005B000028C22F400525204520C42EA0C3240F6F1
:1005C000FF4C0EEA0C0C4CEA030342F48052838386
:1005D0000284838B23F440638383838B43EA012368
:1005E000838300BD4FEA0E2E4EEA033E038C23F0B8
:1005F00010030384028B038C23F0A00343EA0C1343
:1006000040F6FF4C02EA0C0243F0100342EA0E02ED
:1006100002830384038B23F440630383038B43EA45
:100620000123038300BD028C22F480720284828B3A
:1006300022F0F3024EEA020242EA0312038C8283A2
:1006400023F4206343EA0C2343F480730384838BF5
:1006500023F00C038383838B0B43838300BD00BF94
:10066000002301220360426003817047406B7047A2
:10067000806B7047C06B7047006C7047B0F84430B7
:1006800031B16FEA43436FEA5343A0F844307047F7
:10069000C3F30E03A0F84430704700BF838912B142
:1006A00019438181704723EA01038381704700BFAA
:1006B000038A8289114214BF01200020194200F0F0
:1006C000010008BF00207047C9430182704700BF86
:1006D000014B5861704700BF003C014000222DE9EA
:1006E000F04713460E680C460125032704E001334A
:1006F000102B02F1020241D005FA03FC3CEA06018C
:10070000F5D1016807FA02F921EA0901016094F8BC
:1007100004E0D0F800A00EFA02F10EF1FF3E41EA2B
:100720000A01BEF1010FC846016016D8816821EAAE
:10073000090181606179D0F808E0914041EA0E0139
:100740008160416821EA0C014160A179D0F804C0C0
:10075000994089B241EA0C014160C16821EA08016F
:10076000C16094F807C0C1680CFA02FC01334CEA7E
:100770000101102BC16002F10202BDD1BDE8F0877A
:100780004FF6FF720023C0E9002370470369194246
:1007900014BF0120002070470183704741837047D8
:1007A000CB0800EB830001F00701036A89004FF0DA
:1007B0000F0C0CFA01FC23EA0C030362036A8A4063
:1007C0001A430262704700BF82B0064B00220192BA
:1007D0000193019B03EB80030193019B196002B01D
:1007E000704700BF5028004082B0064B00220192A3
:1007F0000193019B03EB80030193019B186802B0F6
:10080000704700BF5028004002683349002322F09F
:1008100001024FF0210C8842026003604360836054
:10082000C3600361C0F814C032D02C4B98422AD068
:100830002B4B984234D02B4B984236D02A4B9842BF
:100840002AD02A4B984235D0294B98423AD0294B8E
:1008500098423BD0284B984230D0284B984212D037
:10086000274B98421CD0274B98421ED0264B9842CB
:1008700012D0264B98421DD0254B984222D0254BB2
:10088000984223D070474FF4746243F8202C70478D
:10089000214B3D229A607047204A43F8642C7047F0
:1008A0004FF4741243F8382C70474FF0746243F8D9
:1008B000502C70471A4A43F87C2C70473D2243F86D
:1008C000082C7047174A43F8942C70474FF03D525C
:1008D00043F8AC2CD6E700BF10600240286002400D
:1008E00040600240586002407060024088600240F0
:1008F000A0600240B86002401064024028640240D8
:1009000040640240586402407064024088640240BF
:10091000A0640240B8640240006002403D00002034
:10092000400F002000003D2010B50B68CC684A69DC
:10093000D0F800E0DFF850C023431343D1E906426A
:1009400023431343D1E9084223438C6A13434A6B80
:10095000234313438A6B0EEA0C0C134343EA0C0344
:10096000CA6A03604369D1F810E023F0070C0B6BEF
:10097000134343EA0C034361D1E90123C0F804E0C7
:100980008260C36010BD00BF3F801CF00023C0E93F
:100990000033C0E90233C0E90433C0E90633C0E9DB
:1009A0000833C0E90A33C0E90C338363704700BFE2
:1009B000036819B143F001030360704723F001039A
:1009C0000360704741607047406880B2704700BF65
:1009D000006800F0010070470B060CD543699AB11E
:1009E00043F08003802943610DD0036801F01E01AC
:1009F000194301607047002AF7D1036801F01E0116
:100A000023EA01030360704723F0800380294361D8
:100A1000F3D17047064B984294BF064A064A21F02C
:100A2000F02323F0821389004CBFD360936070479A
:100A30000F6402400060024000640240034B40F03B
:100A4000BF6040F40030D860704700BF00ED00E0A8
:100A500010B50378C178012203F01F0C4FEA531E32
:100A600002FA0CF2D1B110494478C9686FEA010C5E
:100A7000CCF3022C8178CCF10400C0B204FA00F06F
:100A80000F2444FA0CFC01EA0C010143074803441B
:100A9000090183F8001340F82E2010BD034B0EF11E
:100AA000200E43F82E2010BD00ED00E000E100E034
:100AB000014B1860704700BF00300040014B586088
:100AC000704700BF00300040014B9860704700BF86
:100AD00000300040024B4AF6AA221A60704700BF5D
:100AE00000300040024B4CF6CC421A60704700BF09
:100AF0000030004010B5028ACB8822F440521343E4
:100B000086B0038282898B88019104460889034359
:100B1000488922F4B05222F00C0203431343A3810C
:100B2000A28A8B8922F440721343A38202A800F0A8
:100B3000EDF91C4B01999C4205D003F580639C4262
:100B400001D0049B00E0059BA0890A6801041649B6
:100B5000A08903EB83034CBF5200920003EB830395
:100B6000B3FBF2F3A1FB03E24FF0640C5209000463
:100B70000CFB12330AD41B013233A1FB0313C3F362
:100B8000431343EA0212228106B010BDDB00323368
:100B9000A1FB0313C3F3421343EA0212228106B0FE
:100BA00010BD00BF001001401F85EB5100234FF422
:100BB00016514FF44022C0E90013826083817047D0
:100BC000838919B143F400538381704723F40053A0
:100BD00083817047C1F30801818070478088C0F32A
:100BE00008007047838A12B119438182704723EA53
:100BF00001038382704700BF01F01F0CC1F3421153
:100C00000123012903FA0CF30DD002290CBF103087
:100C100014301AB10268134303607047026822EA75
:100C20000303036070470C30F3E700BFC1F34212C7
:100C300001F01F0C0123012A03FA0CF313D0022A3E
:100C40000CBF028A828A92B21A400388090A0120E4
:100C500000FA01F19BB20B40002A18BF002B14BF11
:100C6000012000207047828992B21A40EDE700BF50
:100C7000014B1862704700BF00000E42436891F8B4
:100C800004C00A6823F0407323F4807343EA0C2302
:100C900013434360D1E9032313438A68D0F808C0A3
:100CA0001343094A0CEA020291F805C0134343EAD0
:100CB0004C0383600A7DC36A013A23F47003D2B205
:100CC00043EA0253C3627047FDF7FFC000230122CD
:100CD000C0E902330360838003610275704700BF7F
:100CE0004268036807491343D1F804C0064A0CEA76
:100CF0000202D0E902C0134343EA0C0303434B60F2
:100D0000704700BF00230140E030FCFF0023C0E932
:100D10000033C0E902337047836819B143F001031F
:100D20008360704723F0010383607047092910B581
:100D300031D9A1F10A0CC4680CEB4C0C4FF0070E32
:100D400003FA0CF30EFA0CFC24EA0C0E43EA0E0331
:100D5000C360062A0ED8013A436B02EB82024FF0C1
:100D60001F0C0CFA02FC23EA0C0301FA02F21A43EC
:100D7000426310BD0C2A1DD8073A036B02EB8202B6
:100D80004FF01F0C0CFA02FC23EA0C0301FA02F2EA
:100D90001A43026310BD01EB410C04694FF0070ECA
:100DA0000EFA0CFE03FA0CF324EA0E0C43EA0C03D1
:100DB0000361CEE70D3AC36A02EB82024FF01F0CCB
:100DC0000CFA02FC23EA0C0391401943C16210BDE6
:100DD000836843F080438360704700BF836819B124
:100DE00043F480738360704723F48073836070479B
:100DF000836819B143F400738360704723F4007370
:100E00008360704708B5174B984206D0164B98423E
:100E10000FD0164B984218D008BD01214FF48050D6
:100E200000F0FAF8BDE8084000214FF4805000F0CF
:100E3000F3B801214FF4804000F0E2F8BDE808402B
:100E400000214FF4804000F0DBB801214FF4004056
:100E500000F0D6F8BDE8084000214FF4004000F053
:100E6000CFB800BF0030014000380040003C0040D7
:100E7000B1F802C00B888A8843EA0C03B1F806C0B7
:100E800013430A8900B543EA0C03B1F80AE0B1F84C
:100E90000CC0134343EA0E03028843EA0C03B1F883
:100EA0000EC002F4415243EA0C0313430380838BC8
:100EB0000A8A23F400638383028200BD0023072291
:100EC000036043608360C36002827047038819B186
:100ED00043F040030380704723F0400303807047D2
:100EE000808980B2704700BF81817047038819B143
:100EF00043F400530380704723F40053038070478A
:100F00000389194214BF012000207047204A9368CA
:100F100003F00C03042B38D0082B1DD01D4B1C4AAA
:100F20000360D2F808C01C49CCF3031C11F80CC0B4
:100F300023FA0CF34360D2F808C0CCF3822C11F8EA
:100F40000CC023FA0CFCC0F808C09268C2F342320D
:100F50008A5CD340C36070475368516813F4800FB4
:100F6000536814BF0D4A0B4AC3F3881301F03F01C5
:100F7000B2FBF1F202FB03F3054A5268C2F30142ED
:100F800001325200B3FBF2F3C9E7044BC7E700BFDD
:100F9000003802400024F400C88A030800127A00D6
:100FA000044A136B11B103431363704723EA000330
:100FB0001363704700380240044A536B11B1034376
:100FC0005363704723EA00035363704700380240BD
:100FD000044A136C11B103431364704723EA0003FE
:100FE0001364704700380240044A536C11B1034344
:100FF0005364704723EA000353647047003802408B
:10100000044A136A11B103431362704723EA0003D1
:101010001362704700380240044A536A11B1034317
:101020005362704723EA000353627047003802405E
:101030004309012B0BD0022B094B0CBF1B6F5B6FBD
:1010400000F01F0023FA00F000F001007047044B8D
:101050001B6800F01F0023FA00F000F00100704749
:1010600000380240024A536F43F080735367704761
:101070000038024012481349026800608A4219D0C1
:10108000002103E0104B5B58435004310F48104BD4
:1010900042189A42F6D30F4A02E0002342F8043B7A
:1010A0000D4B9A42F9D3F2F7FDFC04F089FBE7F708
:1010B0009DFFFEE70948D0F800D0406800470000D7
:1010C000FCFF0120EFBEADDED89003080000002039
:1010D000BC040020C004002068C100200000FF1FE5
:1010E000FEE7000000F094BC08B52DED048BB0EED7
:1010F000409AF0EE609A00F06FFDB0EE408AF0EE9C
:10110000608AB0EE490AF0EE690A00F015FB78B18A
:1011100019A3D3E9002351EC190BD7F7BDFB70B924
:1011200017A3D3E9002351EC190BD7F797FB98B914
:10113000B0EE480AF0EE680ABDEC048B08BD9FEDE6
:101140000A8B04F037FBB0EE480AF0EE680ABDECFB
:10115000048B2223036008BD04F02CFB22239FEDA7
:10116000048B0360E4E700BF000000000000F07F94
:101170000000000000000000EF39FAFE422E864019
:1011800051302DD5104987C038B52DED028B55EC67
:10119000104B00F0F5FE22462B4620462946B0EEC5
:1011A000408AF0EE608AD7F781FBB8B900220023AD
:1011B00020462946D7F770FB80B90022002320463D
:1011C0002946D7F741FB80B104F0F4FA9FED0E7B7E
:1011D00022230360B0EE478AF0EE678AB0EE480A39
:1011E000F0EE680ABDEC028B38BD04F0E3FABDEC0A
:1011F000028B034621221A600548BDE8384000F002
:10120000A7BA00BFAFF30080000000000000F0FFAD
:10121000F46103080000000038B52DED048BB0EE3A
:10122000409AF0EE609A55EC114B01F0ADF8224671
:101230002B4620462946B0EE408AF0EE608AD7F76A
:1012400035FB78B951EC190B00220023D7F7FCFAD3
:10125000F0B10022002320462946D7F7F5FA40B125
:101260009FED2B8BB0EE480AF0EE680ABDEC048BC4
:1012700038BD45EC104B00F05FFA0028F2D0002298
:10128000002320462946D7F7E9FA0028EAD032E0C1
:10129000B0EE480AF0EE680A00F04EFAB0B151EC38
:1012A000180B00220023D7F7CFFA0028DAD0B0EECF
:1012B000490AF0EE690A00F03FFA0028D2D045EC66
:1012C000104B00F039FA0028CCD014E0B0EE490AF7
:1012D000F0EE690A00F030FA0028E0D045EC104B3F
:1012E00000F02AFA0028DAD053EC182B51EC180B36
:1012F000D7F7DCFA20B904F05DFA22230360B1E7E6
:1013000004F058FA21230360ACE700BFAFF300807C
:10131000000000000000F03F38B52DED028B55ECC9
:10132000104B00F02DFA22462B4620462946B0EEFF
:10133000408AF0EE608AD7F7B9FA30B9002200236C
:1013400020462946D7F78AFA30B9B0EE480AF0EEBF
:10135000680ABDEC028B38BD04F02CFA0022002391
:101360002121016010461946D7F730F941EC180BDE
:10137000B0EE480AF0EE680ABDEC028B38BD00BF43
:1013800008B52DED028BB0EE408A02F09FF9B4EE65
:10139000488AF1EE10FAF0EE408A0AD6B0EE480A1A
:1013A00000F060F9F7EE007AB4EEE70AF1EE10FA19
:1013B00004DCB0EE680ABDEC028B08BD04F0FAF95B
:1013C000BDEC028B034621221A600248BDE80840AA
:1013D00000F0D0B9F461030802F082BA08B52DED2F
:1013E000028BF0EE408A02F01DFBB0EE408AB0EEB8
:1013F000680A00F0B5F968B1DFED127AF4EEE78A19
:10140000F1EE10FA0BDCDFED107AF4EEE78AF1EE84
:1014100010FA0FD4B0EE480ABDEC028B08BD9FED68
:101420000B8A04F0C7F9B0EE480ABDEC028B222308
:10143000036008BD04F0BEF922239FED058A036016
:10144000E8E700BF1772B142B5F1CFC20000807F5C
:101450000000000008B52DED028BB0EE408A02F0CE
:10146000D5FBB4EE488AF1EE10FA0FD6B5EEC08A7D
:10147000F1EE10FA0ADCB5EE408AF1EE10FA08D16E
:1014800004F098F922239FED090A0360BDEC028B5A
:1014900008BD04F08FF9BDEC028B034621221A60CF
:1014A0000348BDE8084000F065B900BF000080FFB8
:1014B000F461030800B52DED028B83B0B0EE608AB5
:1014C000F0EE408A02F09CFCB4EE488AF1EE10FA8D
:1014D000F0EE407A0BD6F5EE408AF1EE10FA1CD110
:1014E000B5EE408AF1EE10FA07D1F7EE007AB0EED1
:1014F000670A03B0BDEC028B00BD8DED010AB0EEB2
:10150000480A00F02DF9DDED017A0028EFD0B5EEA4
:10151000C08AF1EE10FAEAD536E08DED010A00F04E
:101520001FF9DDED017AB8B1F5EE407AF1EE10FA6F
:10153000DDD1B0EE680ACDED017A00F011F9DDEDF4
:10154000017A0028D3D0B0EE480A00F009F9DDEDA9
:10155000017A0028CBD017E0B0EE680A00F000F95D
:10156000DDED017A0028DFD0B0EE480A00F0F8F88F
:10157000DDED017A0028D7D0F4EE677AF1EE10FAAB
:1015800078BFCDED017A06D604F014F92223DDED03
:10159000017A0360ABE704F00DF92123DDED017A58
:1015A0000360A4E700B52DED028BB0EE408A83B056
:1015B00000F0DEF9B4EE488AF1EE10FA06D6DFED5F
:1015C0000C7AB4EEE78AF1EE10FA03D403B0BDEC66
:1015D000028B00BDCDED017A04F0ECF8DDED017A6F
:1015E00087EEA70A2123036003B0BDEC028B00BD88
:1015F0000000000010EE103A184A23F00043934216
:1016000019D9B3F1FF4F02D330EE400A704700B54D
:1016100083B0684602F07EFF00F0030001289DEDD4
:10162000000ADDED010A0FD0022808D088B901F0C8
:10163000A9FE03B000BDDFED0A0A01F0A3BE01F070
:10164000A1FEB1EE400AF4E701F01EFFB1EE400A40
:10165000EFE7012001F018FFEBE700BFD80F493F8B
:101660000000000010EE103A23F0004300EE103AA4
:10167000704700BF10EE103A194A23F0004393421E
:101680001AD9B3F1FF4F02D330EE400A704700B5CC
:1016900083B0684602F03EFF00F0030001289DED94
:1016A000000ADDED010A12D002280AD090B901200B
:1016B00001F0EAFE03B000BDDFED0A0A002001F0F0
:1016C000E3BE012001F0E0FEB1EE400AF2E701F0D6
:1016D00059FEEFE701F056FEB1EE400AEAE700BF1F
:1016E000D80F493F0000000010EE103A104A23F0D6
:1016F0000043934217D9B3F1FF4F02D330EE400AB3
:10170000704700B583B0684602F004FF400000F067
:101710000200DDED010A9DED000AC0F1010001F0BB
:10172000FBFE03B000BDDFED030A012001F0F4BEB3
:10173000DA0F493F0000000082B08DED000B0198E8
:1017400040F0004000F58010C00F02B0704700BFAD
:101750009FED010B704700BF000000000000F87F04
:1017600010EE103A23F00040B0F1FF4F2CBF0020E4
:10177000012070479FED010A704700BF0000C07F45
:101780002DE9F84F55EC104B764BAB4300F0AF8092
:10179000002D29462A46234655DD2C1562D0C2F37A
:1017A0001302E007A4F2FF3142F4801203D4520086
:1017B00002EBD3725B00520000264FEA610902EB94
:1017C000D37216245B00B4464FF400110CEB0100F9
:1017D00090424FEAD3754FEA430303DC00EB010C60
:1017E000121A0E44013C05EB42024FEA5101EDD1C1
:1017F000274620254FF000400AE042D0510001EB7F
:10180000D371013D0A464FEA43034FEA500044D0EA
:10181000624500EB070EF0DDBEF1000F0EEB000796
:101820000CDBE046A2EB0C019E4588BF01F1FF31C5
:101830004900C446A3EB0E030444E0E7002FF0DBAD
:101840000CF10108EEE725F00040204347D0002DC1
:1018500074D1D90A153A5B050029FAD0CE02144694
:101860007CD40A4600215200D502084601F101014C
:10187000F9D5C1F1200523FA05F52A438B40241A36
:101880008DE79E4502D94FEA4C01B8E7BEF1000F43
:101890000EEB000725DB0021CCE7194313D0324FB4
:1018A000DFF8C880D7E90001D8E9002397ED007B75
:1018B0005BEC17ABD6F7A8FB02460B4650465946E1
:1018C000D6F7D6FF08BB6508711001F17F5101F50D
:1018D000001101EB095345EAC67243EC102BBDE839
:1018E000F88F002FD7DB0CF1010C0021A2E7224674
:1018F0002B4620462946D6F73FFD22462B46D6F7F3
:1019000085FB41EC100BBDE8F88FB4F1FF3FD7E940
:101910000001D8E900231DD0D6F778FBD7E900787D
:1019200002460B4638464146D6F798FFA0B1A31CA5
:1019300004F1020508BF01366D08C5E722462B46B3
:101940002046D6F761FB02460B46D6F73FFE41EC38
:10195000100BC4E70136B7E70134B4E74FF0FF30AE
:101960000A468CE70000F07FE08A0308D88A030863
:10197000B1EEC00A704700BF10EE101AC1F3C75293
:101980007F3A162A21F000431BDC002A1FDB1B488C
:101990001041014224D0DFED1A7A70EE277AF5EE7D
:1019A000C07AF1EE10FA1BDD4FF4000313410B4433
:1019B00013EA210338BF0B4623EA000300EE103A76
:1019C0007047B3F1FF4F0BD330EE000A7047DFEDE5
:1019D0000C7A70EE277AF5EEC07AF1EE10FA00DCA0
:1019E0007047002902DB9FED070A704713B99FED8E
:1019F000060A7047BFEE000AF2E700BFFFFF7F0054
:101A0000CAF24971000000000000008000000000E0
:101A10002DE9F04B5CEC11BBCBF10003DFF8B0E13A
:101A200043EA0B032CF0004551EC100B45EAD3734D
:101A300073450746884644D87B4206463B430846E2
:101A400021F0004141EAD37373453AD80CF1404389
:101A500003F5801353EA0B03644643D0A31703F046
:101A6000020343EAD8730E43994634D05BEA050279
:101A70003CD075454BD0714538D04B1BB3F1747FCA
:101A80004FEA235240DA002C4DDA3C324BDA9FED1C
:101A9000400BB9F1010F64D0B9F1020F50D0B9F188
:101AA000000F16D051EC100B43A3D3E90023D6F757
:101AB000ABFA3DA3D3E90023D6F7A6FA41EC100B0D
:101AC00007E03A46434658466146D6F79FFA41EC4E
:101AD000100BBDE8F08B022B10D0032B0BD048EC81
:101AE000107BF6E7BDE8F04B01F09EBA002808DB5A
:101AF0009FED290BEDE79FED2A0BEAE79FED2A0BFF
:101B0000E7E79FED2B0BE4E79FED230BC1E7A9422D
:101B100003F1FF332ED0022B34D82B4A02EBC30340
:101B200093ED000BD5E75A46634638464146D6F753
:101B30004DFD41EC100B01F01BFC01F075FAA8E71C
:101B40001DA3D3E9002351EC100BD6F75DFA024632
:101B50000B4615A1D1E90001D6F756FA41EC100B5E
:101B6000B7E710EE901A53EC102B01F1004343EC51
:101B7000102BAEE7022B08D8144A02EBC30393EDF7
:101B8000000BA6E79FED020BA3E79FED0D0BA0E76F
:101B90000000000000000000182D4454FB21F93F14
:101BA000182D4454FB2109C0182D4454FB21094031
:101BB000182D4454FB21F9BF075C143326A6A13C21
:101BC000182D4454FB21E93FE88A0308008B0308E1
:101BD0000000F07F000000002DE9F04755EC104BAD
:101BE000D34925F000428A4286B04FEAD5760CD917
:101BF000D0498A4270D9C5F31303234340F054817E
:101C0000002E66D09FEDB20B63E0CB4B9A4200F200
:101C10001A81CA4B9A4240F2308122462B46204616
:101C20002946D6F7A9FBACA3D3E9002306460F4605
:101C3000D6F7A2FBAAA3D3E90023D6F7E5F93246EB
:101C40003B46D6F799FBA8A3D3E90023D6F7DEF9E4
:101C500032463B46D6F790FBA5A3D3E90023D6F73F
:101C6000D3F932463B46D6F787FBA3A3D3E900233B
:101C7000D6F7CCF932463B46D6F77EFB02460B46FA
:101C800020462946D6F7C0F9CDE90201DDE90289EF
:101C9000204642464B462946D6F76EFB00220646B2
:101CA0000F464FF0804340464946D6F7ADF902460D
:101CB0000B4630463946D6F789FC22462B46D6F7E6
:101CC000A3F902460B4600209D49D6F79DF941EC49
:101CD000100B06B0BDE8F08789A3D3E900232046A6
:101CE0002946D6F7D9FD0746002840F0E88086A3AC
:101CF000D3E9002320462946D6F7B0FD002840F05E
:101D00003781904B204603EBC606294680A3D3E9D2
:101D10000023D6F731FBD6E90023D6F777F9D6F7BB
:101D2000DBFD0646D6F7BEFA7BA3D3E900230746C0
:101D30008846D6F721FB02460B4620462946D6F7B1
:101D400063F902460B463846414691469A4674A3CB
:101D5000D3E90023D6F710FBCDE90001DDE900232C
:101D600048465146D6F750F902460B4604460D4602
:101D7000D6F702FB58A3D3E9002307468846D6F7D7
:101D8000FBFA57A3D3E90023D6F73EF93A46434678
:101D9000D6F7F2FA54A3D3E90023D6F737F93A4637
:101DA0004346D6F7E9FA52A3D3E90023D6F72CF934
:101DB0003A464346D6F7E0FA4FA3D3E90023D6F7D5
:101DC00025F93A464346D6F7D7FA02460B4620464F
:101DD0002946D6F719F907468846204629463A4645
:101DE0004346CDE90278D6F7C7FACDE90401002EC3
:101DF0003FF44CAF3A46434600204FF08041D6F7BF
:101E000003F902460B46DDE90401D6F7DFFB024683
:101E10000B46DDE90001D6F7F7F84A465346D6F7F8
:101E2000F3F80B46024646490020D6F7EDF86FF46A
:101E30007F739E42C0F28E8001EB065141EC100B85
:101E400006B0BDE8F087404B9A423FF65AAF3F4B91
:101E500003EBC603D3E9002320462946D6F7D4F87E
:101E60003B4B03EBC60393ED007B86F001038DED46
:101E7000007B81468A469E1B70E72BA3D3E9002393
:101E800020462946D6F7C2F82D4B0022D6F704FD8E
:101E900000283FF4C2AE2A4B002220462946D6F73E
:101EA000B5F841EC100B14E722462B462046294694
:101EB000D6F7ACF841EC100B06B0BDE8F087002077
:101EC00006B0BDE8F04702F0FBBD00BFAFF30080F5
:101ED0000000000000000000D0A4BE726937663E1A
:101EE000F16BD2C541BDBB3E2CDE25AF6A56113F1A
:101EF00093BDBE166CC1663F3E5555555555C53F01
:101F0000EF39FAFE422E864051302DD5104987C058
:101F1000FE822B654715F73F0000E0FE422EE63FAC
:101F2000763C7935EF39EA3D9C7500883CE4377E94
:101F3000412E8640FFFFEF7F422ED63FFFFFEF3D51
:101F40000000F03F388B0308B1A2F03F288B030854
:101F5000188B030806F57A7301EB035100224FF04A
:101F6000B873D6F709FA41EC100B06B0BDE8F0875C
:101F7000384606B0BDE8F04702F09ABD0000000008
:101F80002DE9F04F51EC100BB1F5801F87B00C46D6
:101F900080F2838021F00043034300F0298100296F
:101FA000C0F2BC81D84B0022D6F7E6F9D74B0C46DD
:101FB0009C426FF0350C75DC2215C4F3130404F554
:101FC0001523A2F2FF3203F66473624403F4801314
:101FD00002EB135583F07F5383F4401343EA04016B
:101FE0000022CB4B0195D6F70FF8A31CC3F31303C4
:101FF000022B82468B464FF000025CDC0023D6F7B2
:1020000023FC002840F0FF80ABA3D3E90023504617
:102010005946D6F7B1F902460B460020BD49D5F71F
:10202000F3FF524606460F465B4650465946D6F7E2
:10203000A3F90B46024639463046D6F79DF9019B77
:1020400054465D4680468946E3B10198D6F72AF9A1
:102050009BA3D3E9002306460F46D6F78DF99AA332
:10206000D3E9002304460D4630463946D6F784F9B5
:1020700002460B4640464946D5F7C6FF52465B46E8
:10208000D5F7C2FF02460B4620462946D5F7BCFFCE
:1020900041EC100B07B0BDE8F08F9C4B9C424FF019
:1020A000000C89DD02460B46D5F7B0FF41EC100B62
:1020B00007B0BDE8F08F4FF08043D5F7A7FF024689
:1020C0000B4650465946D6F781FA80460198894614
:1020D000D6F7E8F84246CDE904014B46404649466A
:1020E000D6F74AF906460F4602460B46CDE9026787
:1020F000D6F742F976A3D3E9002306460F46D6F772
:102100003BF975A3D3E90023D5F780FF32463B4660
:10211000D6F732F972A3D3E90023D5F777FF324619
:102120003B46D6F729F970A3D3E90023D5F76EFF14
:10213000DDE90223D6F720F96DA3D3E90023CDE929
:10214000020130463946D6F717F96BA3D3E90023CD
:10215000D5F75CFF32463B46D6F70EF968A3D3E9C4
:102160000023D5F753FF32463B46D6F705F9A4F5D1
:10217000C22502460B46C4F5D724DDE90201D5F796
:1021800045FFA5F27A4551342C43002C06460F46F4
:1021900002460B4656DD5F4B002250465946D6F7A5
:1021A000EBF852465B46D6F7E7F802460B46044684
:1021B0000D4630463946CDE90245D5F727FF4B4657
:1021C0004246D6F7D9F8019B80468946002B40F05D
:1021D000B0800B46024629462046D5F715FF024639
:1021E0000B4650465946D5F70FFF41EC100B5FE701
:1021F0000022002348490020D6F7E8F941EC100BF3
:1022000007B0BDE8F08F002D00F0AE802846D6F76D
:1022100049F82BA3D3E9002306460F46D6F7ACF8BE
:1022200029A3D3E9002304460D4630463946D6F7A4
:10223000A3F802460B4620462946D5F7E7FE41ECB7
:10224000100B35E750465946D5F7DEFE4B46424661
:10225000D6F792F8019B54465D4680468946002B8E
:102260003FF410AFDDE9044515A3D3E90023204670
:102270002946D6F781F814A3D3E9002306460F4672
:1022800020462946D6F778F802460B46404649468E
:10229000D5F7BAFE52465B46D5F7B6FE02460B4668
:1022A00030463946D5F7B0FE41EC100B07B0BDE81B
:1022B000F08F00BFAFF30080555555555555D53FAC
:1022C0000000E0FE422EE63F763C7935EF39EA3DEC
:1022D00044523EDF12F1C23FDE03CB966446C73F55
:1022E000599322942449D23F935555555555E53F6E
:1022F0009FC678D0099AC33FAF788E1DC571CC3F79
:1023000004FA97999999D93F00005043FFFFEF7F56
:102310000000F03F0000E03F000050C302460B46C3
:10232000D5F772FE00220023D6F750F941EC100BCE
:10233000BEE6DDE9044510A3D3E900232046294683
:10234000D6F71AF80EA3D3E9002306460F46204617
:102350002946D6F711F842464B46D5F757FE0246B6
:102360000B46DDE9020193E79FED010BA0E600BFFC
:1023700000000000000000000000E0FE422EE63FEA
:10238000763C7935EF39EA3D2DE9F04F59EC118B68
:1023900029F0004358EA030055EC104B93B012D1DA
:1023A00023196B4985F4002252419842914122D26F
:1023B00042464B4620462946D5F728FE41EC100BF5
:1023C00013B0BDE8F08F634925F0004088422F46E6
:1023D0008346A24614D907F1404303F5801353EA1C
:1023E0000A03E5D142469218594889F4002149412F
:1023F00093428841DCD39FED540B13B0BDE8F08FBE
:102400004E46424612D08B42E5D8014653D0002FAB
:1024100014DB002A40F084804F48834240F0568409
:10242000002EC0F2158545EC104BC9E7002CBFD13A
:102430008342BDD800F05A840146E8E7474883420A
:1024400000F2A4834648834200F2A683002A40F0AB
:10245000F183B6F1804F00F00885009245EC104BF7
:102460000493029100F084FF0299049BBAF1000FDB
:1024700033D00098FA0F013A104361D00098013828
:10248000104300F07E839FED307B8DED067BB3F132
:10249000844F69D9334A9342314B40F23A849B4589
:1024A00000F20B85002EC0F20B85002013B0BDE8B2
:1024B000F04F02F0FDBA002A8DD100F1404303F540
:1024C0008013234397D0264B9B4540F29984002EDE
:1024D000C0F21F8549EC108B72E71F4A27F040407D
:1024E000904202D0BBF1000FC3D1002EC0F27E8417
:1024F000002FBFF665AF009A0BF1404303F5801340
:10250000134340F0BC8453EC102B10461946D5F70A
:102510007BFD02460B46D6F759F841EC100B4FE70E
:102520000022009245EC104B0493029100F020FF32
:102530000299049BBAF1000FCFD0FA0F013A9DE740
:1025400022462B46E1E700BF000000000000F03FFC
:102550000000F0FF0000F07F0000F03FFFFF3F436E
:10256000FFFFEF3F0000F043CD4B3B40002253B94B
:1025700051EC100BCB4BD5F7FFFE41EC100B10EEDE
:10258000901A6FF034020B15A3F2FF339E18C64B5E
:10259000C1F3130141F07F54994244F4401440F3D5
:1025A000AA83C24B994240F378849FEDA77B8DEDBF
:1025B0000E7B9FEDA77B8DED047B9FEDA37B8DEDC7
:1025C000107B0136A4F58014002553EC102B9246A5
:1025D0005046DDE904232146D5F716FDA346DDE983
:1025E0000423CDE90A0150462146CDE908ABD5F7D1
:1025F0000DFD02460B460020AD49D5F7E7FF0A4620
:102600000146CDE90C1213460246DDE90A01D5F771
:10261000B3FE0A460146CDE90012DDE900BC002107
:10262000CDE902BC02919DED027B63105CEC17BB0F
:1026300043F0005303F50023DA46002059190446FD
:102640000D4602460B4650466146E346D5F794FEDA
:1026500002460B46DDE90A01D5F7D6FCDDE9042385
:10266000CDE90A0120462946D5F7CEFC02460B46A5
:10267000DDE90801D5F7C8FC52465B46D5F77CFE7C
:1026800002460B46DDE90A01D5F7BEFCDDE90C2365
:10269000D5F772FEDDE90045CDE9040122462B465F
:1026A00020462946D5F768FE6BA3D3E900230446EC
:1026B0000D46D5F761FE6AA3D3E90023D5F7A6FC42
:1026C00022462B46D5F758FE67A3D3E90023D5F75A
:1026D0009DFC22462B46D5F74FFE65A3D3E9002388
:1026E000D5F794FC22462B46D5F746FE62A3D3E9E4
:1026F0000023D5F78BFC22462B46D5F73DFE60A381
:10270000D3E90023D5F782FC2246CDE908012B4608
:1027100020462946D5F730FE02460B46DDE9080182
:10272000D5F72AFE524604460D465B46DDE9000118
:10273000D5F76CFCDDE90423D5F71EFE22462B46B7
:10274000D5F764FC524604460D465B465046594652
:10275000D5F712FE574B0022CDE90A01D5F756FCFA
:1027600022462B46CDE90845D5F750FC00240D46FE
:1027700022462B4650465946D5F7FEFD4D4B824624
:102780008B46002220462946D5F73EFCDDE90A2388
:10279000D5F73AFC02460B46DDE90801D5F734FCD3
:1027A000DDE90023D5F7E8FD22462B46CDE90001FF
:1027B000DDE90401D5F7E0FD02460B46DDE9000145
:1027C000D5F724FCCDE9040102460B465046594694
:1027D000CDE900ABD5F71AFCDDE902AB2AA3D3E9BA
:1027E000002350460D46D5F7C7FDDDE90023CDE9AE
:1027F000020129465046D5F707FC02460B46DDE9A3
:102800000401D5F701FC22A3D3E90023D5F7B4FDD9
:1028100021A3D3E90023CDE9000129465046D5F78D
:10282000ABFD02460B46DDE90001D5F7EFFBDDE924
:102830001023D5F7EBFBCDE900013046D5F732FD8B
:102840003AE000BFAFF3008000000000000000008D
:10285000000000000000F03FEF4E454A287ECA3FCE
:1028600065DBC9934A86CD3F01411DA96074D13F04
:102870004D268F515555D53FFFAB6FDBB66DDB3F16
:10288000033333333333E33F000000E009C7EE3F47
:10289000FD033ADC09C7EE3FF5015B14E02F3EBEB5
:1028A0000000F07F000040438E98030079B60B00D3
:1028B0000000F03F00000840DDE9002304460D461B
:1028C000DDE90201D5F7A2FBDDE90E6732463B46A2
:1028D000D5F79CFB22462B46D5F798FB22462B4684
:1028E00050468B46D5F790FB32463B46D5F78CFBDE
:1028F000DDE90223D5F788FB02460B46DDE900013E
:10290000D5F782FBCDE902010023CDE900890093D0
:10291000DDE90045404622462B464946D5F774FB83
:1029200052465B46D5F728FD5646424682464B4600
:102930005F468B46DDE90201D5F71EFD02460B46D8
:1029400050465946D5F762FB224682468B462B46B7
:1029500030463946CDE902ABD5F70EFD80468946B3
:102960004B46504659464246D5F750FBD24B99420A
:1029700004460D460E4640F33D8101F13F4303F509
:10298000E003034340F0AA82B7A3D3E90023DDE9C3
:102990000201D5F73BFB424682468B464B4620461A
:1029A0002946D5F731FB02460B4650465946D5F726
:1029B00073FF002840F092824FF400733344C3F356
:1029C0000A52BE4CA2F2FF32C3F31301144141F488
:1029D0008011C2F1140241FA02F5002E04EA03014B
:1029E0000B464FF00000B8BF694204950246B8BFDD
:1029F000049140464946D5F707FB049B1B0500930D
:102A000002460B4680468946DDE90201D5F7FEFA0B
:102A10000D46002496A3D3E9002320462946D5F786
:102A2000ABFC424606460F464B4620462946D5F7A4
:102A3000EBFA02460B46DDE90201D5F7E5FA8EA373
:102A4000D3E90023D5F798FC8DA3D3E90023804672
:102A5000894620462946D5F78FFC02460B4640465C
:102A60004946D5F7D3FA8046894602460B4630469A
:102A70003946D5F7CBFA32463B4604460D46D5F7E4
:102A8000C3FA02460B4640464946D5F7BDFA2246F0
:102A900006460F462B4620462946D5F76DFC7AA3FD
:102AA000D3E9002380468946D5F766FC78A3D3E9AD
:102AB0000023D5F7A9FA42464B46D5F75DFC76A32D
:102AC000D3E90023D5F7A2FA42464B46D5F754FC8A
:102AD00073A3D3E90023D5F797FA42464B46D5F7BF
:102AE0004BFC71A3D3E90023D5F790FA42464B463D
:102AF000D5F742FC02460B4620462946D5F784FA14
:102B00008046894602460B4620462946D5F734FCC6
:102B1000002282468B46404649464FF08043D5F717
:102B200073FA02460B4650465946D5F74FFD3246DA
:102B3000804689463B4620462946D5F71DFC32464D
:102B40003B46D5F763FA02460B4640464946D5F761
:102B50005BFA22462B46D5F757FA02460B46002071
:102B60005749D5F751FA009A8B18B3F5801FC0F278
:102B7000AD811946DDE90623D5F7FEFB41EC100BCC
:102B80001EE49FED4B7B8DED067B80E4002A00F078
:102B9000BC8102220092C5E41815A0F2FF3014286F
:102BA00040F33B81C0F1340022FA00FC0CFA00F043
:102BB000904200F0B281002A3CD1B6F1804F00F083
:102BC000548145EC104B0091029300F0D1FBBAF117
:102BD000000F7FF4B5AC3A4A27F04040904200F035
:102BE000DF815A460099029B002A00F0D38100221F
:102BF00000923EE4DFF8D0C021F00043634540F28C
:102C00001E81304BCB1803430AD142464B46D5F7C1
:102C1000FBF9DDE90223D5F735FE00283FF4CCAE01
:102C2000DDE9060100220023D5F718FE003818BFA1
:102C300001203BE445EC104B0293009100F098FB1F
:102C4000BAF1000F7FF47CAC1D4A27F0404090425F
:102C500000F078810099029BBBF1000F00F0C18069
:102C6000CDF800A005E400BFFE822B654715973C18
:102C700000000000432EE63FEF39FAFE422EE63F09
:102C8000396CA80C615C20BED0A4BE726937663E68
:102C9000F16BD2C541BDBB3E2CDE25AF6A56113F5C
:102CA00093BDBE166CC1663F3E5555555555C53F43
:102CB000000000000000F0BFFFFF8F400000F0FFA9
:102CC0000000F03F00346F3FFFCB9040B6F1804FE3
:102CD00000F0CB80A0F5801086427FF4BEAB45ECBF
:102CE000104B13B0BDE8F04FFEF74ABD002A7FF449
:102CF0005FABFFF7E8BB9FEDB67B8DED0E7B9FEDE5
:102D0000B67B8DED047B9DED0E7B00258DED107B5C
:102D10005BE49B45C0F0EC80BF4B9B454FF000024D
:102D200000F2048151EC100BBB4BD5F76DF9ACA34D
:102D3000D3E9002304460D46D5F71EFBAAA3D3E929
:102D4000002306460F4620462946D5F715FBB34B10
:102D5000CDE90001002220462946D5F70DFB0246A9
:102D60000B46A3A1D1E90001D5F74EF922462B4627
:102D7000D5F702FB02460B460020A949D5F744F9D6
:102D8000224682468B462B4620462946D5F7F4FA42
:102D900002460B4650465946D5F7EEFA96A3D3E9BC
:102DA0000023D5F7E9FA02460B46DDE90001D5F725
:102DB0002BF902460B4604460D4630463946D5F7F8
:102DC00025F9002032463B4682468B46D5F71CF952
:102DD00002460B4620462946D5F716F9CDE90201F1
:102DE00092E55E45CDF800B0BFF685AB53EC102BF5
:102DF00089490020D5F7EAFB41EC100BFFF778BBBF
:102E0000002E9FED730BBFF6DBAA09F1004300EE25
:102E1000108A00EE903AFFF7D3BA002A7FF40AAF87
:102E2000C0F1140043FA00FC0CFA00F0984200F0E4
:102E30008F80794883423FF4F3AAFFF70ABB784AB0
:102E4000934200F29380DDE9001200910491E0E5E5
:102E50007149002022462B46D5F7B8FB41EC100BF8
:102E6000FFF7AEBAB6F1804F4FD122462B4620462F
:102E70002946D5F781FA41EC100BFFF7A1BA009B68
:102E8000012B7FF49DAA10EE901A10EE102A01F18A
:102E9000004343EC102BFFF793BA9FED597B8DED68
:102EA0000E7B9FED597B8DED107B9FED597B4FF491
:102EB00080258DED047BFFF788BB002E7FF7F5AAF8
:102EC000002013B0BDE8F04F01F0FABD41EC100B4B
:102ED000049801F031FD51EC100B4BE6DDE90601E1
:102EE00000220023D5F7BAFC003818BF0120E8E71C
:102EF000DDE9060100220023D5F7B0FC003818BF39
:102F00000120002EBFF6D2AADBE702220092FFF7D3
:102F1000A5BA9FED2F0BFFF753BA002AA2D00CF0F1
:102F2000010CCCF102020092FFF7FCBADDE90601C8
:102F30000023D5F793FC003818BF0120002EC0DC19
:102F4000FFF7B4BA002E19DBCDF800A0FFF7D3BA13
:102F5000314A93423FF464AAB6F1804F85D00CF019
:102F6000010CCCF102020092FFF778BA1B15A3F214
:102F7000FE334FF4801242FA03F31FE553EC102B9B
:102F800025490020D5F722FBCDF800A041EC100B1D
:102F9000FFF7B1BA5E4509DBCDF800B0FFF7ABBA79
:102FA000002E06DB00230093FFF7A5BA0023009351
:102FB0001CE753EC102B18490020D5F707FB002322
:102FC00041EC100B0093FFF796BA00BFAFF30080FF
:102FD0000000000000000000000000000000F03FC2
:102FE000000000604715F73F44DF5DF80BAE543E2C
:102FF000555555555555D53FFE822B654715F73F1D
:103000000000004003B8E23F06D0CF43EBFD4C3E4A
:10301000000000000000F83F0000F03F0000D03F3B
:103020000000E03F000000002DE9F84F55EC104B88
:10303000C54B25F000469E42A8460DD9C34B9E4283
:1030400000F2B68000F0B180B8F1000F40F3F480D8
:103050009FEDA10BBDE8F88FBD4B9E4200F2C380EF
:10306000A3F1DE739E4240F2AD804FF0FF3B22465B
:103070002B4620462946D5F77FF902460B46814666
:103080008A46D5F779F996A3D3E9002306460F4679
:10309000D5F772F994A3D3E90023D4F7B7FF3246EA
:1030A0003B46D5F769F992A3D3E90023D4F7AEFFE5
:1030B00032463B46D5F760F98FA3D3E90023D4F716
:1030C000A5FF32463B46D5F757F98DA3D3E9002338
:1030D000D4F79CFF32463B46D5F74EF98AA3D3E995
:1030E0000023D4F793FF4A465346D5F745F988A302
:1030F000D3E9002381468A4630463946D5F73CF964
:1031000085A3D3E90023D4F77FFF32463B46D5F7AA
:1031100033F983A3D3E90023D4F776FF32463B4645
:10312000D5F72AF980A3D3E90023D4F76DFF3246FF
:103130003B46D5F721F97EA3D3E90023D4F764FFFA
:1031400032463B46D5F718F902460B4648465146EB
:10315000D4F75CFF22462B46D5F70EF9BBF1FF3FB3
:1031600002460B466CD07B4B7B4E03EBCB03D3E983
:103170000023D4F749FF22462B46D4F745FF06EB40
:10318000CB0602460B46D6E90001D4F73DFFB8F165
:10319000000F41EC100B13DA10EE901A024601F109
:1031A000004343EC102BBDE8F88F002C3FF44CAFEC
:1031B00022462B4620462946D4F728FF41EC100B27
:1031C000BDE8F88F5CA3D3E9002320462946D4F755
:1031D0001DFF624B0022D5F75FFB00283FF445AF8F
:1031E00045EC104BECE700F0C3F85D4B9E4255EC0C
:1031F000104B2DD8A3F550239E4254D822462B467F
:1032000020462946D4F702FF544B0022D4F7FCFE97
:10321000002206460F46204629464FF08043D4F749
:10322000F5FE02460B4630463946D5F7CFF94FF04A
:10323000000B04460D461AE79FED410BBDE8F88FE1
:1032400020462946D4F7E0FE41EC100BBDE8F88F8C
:10325000444B9E421CD2444B002220462946D4F7C0
:10326000D3FE414B06460F46204629460022D5F79D
:1032700083F83A4B0022D4F7C9FE02460B4630468B
:103280003946D5F7A3F94FF0020B04460D46EEE69A
:1032900022462B4635490020D5F798F94FF0030B0D
:1032A00004460D46E3E62D4B002220462946D4F77E
:1032B000ABFE2A4B06460F46204629460022D4F78D
:1032C000A5FE02460B4630463946D5F77FF94FF04A
:1032D000010B04460D46CAE6182D4454FB21F93F64
:1032E00011DA22E33AAD903FEB0D76244B7BA93FF8
:1032F000513DD0A0660DB13F6E204CC5CD45B73FC6
:10330000FF8300922449C23F0D5555555555D53F71
:103310002F6C6A2C44B4A2BF9AFDDE522DDEAD3F65
:103320006D9A74AFF2B0B33F711623FEC671BC3F05
:10333000C4EB98999999C93F9C7500883CE4377E05
:10334000182D4454FB21F9BFFFFF0F440000F07F0C
:10335000FFFFDB3F488B0308688B03080000F03F4A
:10336000FFFFF23F008003400000F83F0000F0BF85
:1033700010EE901A53EC102B21F0004343EC102B6D
:10338000704700BF10EE103A23F00043B3F1485FDE
:103390002CD2FDEEC07A17EE903A002B60D060EE92
:1033A000007A9FED317A9FED315ADFED315A9FED72
:1033B000316ADFED316AA7EE875A9FED307AE7EE8A
:1033C000855AA7EEA56AA7EE867AE7EE876A66EECB
:1033D000A76A60EEC00AB6EE007AE7EEA60AB7EE7C
:1033E000000AD7EE870A30EE600A704760EE007A76
:1033F0009FED1D7A9FED1D5ADFED1D5A9FED1D6A51
:10340000DFED1D6A1E4AA7EE875A93429FED1B7A95
:10341000E5EE275AA5EEA76AA6EE277AE7EE276A19
:1034200066EEA76AD5D9174A934214D803F17F43B1
:1034300007EE103AB7EE006A36EE476A60EEC00A51
:10344000F6EE005A97EEA57AE7EEA60A37EE607A16
:1034500036EE470A7047B6EE076AB5EE027AEDE738
:10346000B7EE000A704700BF4ED747ADF6740F3174
:103470007CF293B4010DD037ABAA2A3D610BB6BAEA
:103480009999993E0000483F10EE103A23F000430E
:10349000B3F1485F04D2FDEEC07A17EE903A5BB309
:1034A00060EE007A9FED157ADFED155A9FED156AF3
:1034B000DFED156AE7EE875A9FED147AA5EEA76A4D
:1034C00020EE275AE6EE276AA6EEA77A30B9DFED9E
:1034D000106AE7EE876AA6EE850A704727EE457AFE
:1034E000F6EE006AA0EEA67ADFED0A6AD7EE270AAA
:1034F000E5EE260A30EE600A704700BFD3C92E2FD2
:10350000342FD7B21BEF3836010D50B98988083CEB
:10351000ABAA2ABEABAA2A3E08B510EE103A23F099
:103520000042B2F1465FF0EE407A0FD2BDEEC07AB3
:1035300017EE101AF9B9431C134300F09E800128BE
:1035400003D0BFEE007A87EE270A08BD4E498A42B3
:1035500011D39FED4E7ADFED4E6A002BBCBFF1EE2A
:10356000600AF1EE407A77EE677A36EEE07ADFEDC8
:10357000490A77EE277A67EEA76ADFED474ADFED63
:10358000475A9FED475A9FED476A3F4926EEA67A74
:103590008A42E7EE245AA7EE056ADFED434A9FED23
:1035A000435AE5EE874AA6EE075ADFED415A9FEDF2
:1035B000416AE4EE875AA5EE076ADFED3F4A9FEDC8
:1035C0003F5AE5EE874AA6EE075A9FED3D6ADFEDCA
:1035D0003D5AA4EE876AE5EE075AB0EE467AA5EEAC
:1035E000A67A27EEA65AB0EE606AA7EE056ADFED6E
:1035F000364AE6EE260AE5EE240A37EEA00A1ED287
:103600000128A2D0BFEE007AC7EE006A10EE103A91
:103610006FF30B0306EE103A16EE903A76EE677AE9
:103620006FF30B0300EE103A70EEE70AF7EE007A44
:10363000E6EE007AE0EE807AA7EEA60A08BD07EE75
:10364000100AF8EEC76A20EE007A30EE260A9B17C1
:1036500087EE006A03F00203C3F10103F0EE005AA3
:1036600036EE606A07EE103A77EEC67AB8EEC77AA1
:10367000E7EEE56A26EE870A08BDFDF7F3FFB7EE31
:10368000007A87EE000A08BD40A12C3FDA0F493FBF
:1036900068212233000000005FAE9BB745F4A338D9
:1036A0008453D9377AC09538C8261A3AB937813940
:1036B00016696B3B48DEBE3AA427B33C1F37113C6A
:1036C0008988083ED10D5D3DABAAAA3E10EE102AB6
:1036D00022F00043B3F17E5F00F0918000F2888019
:1036E000B3F17C5F0FD2B3F1485F80F0A380DFEDD0
:1036F0006C7A70EE277AB7EE007AF4EEC77AF1EEC4
:1037000010FA00F3948000B587B0CDE90423FDF7EB
:10371000A9FFF7EE006A76EEC07AB6EE007A67EEA1
:10372000877ADFED605A9FED607A9FED606A9FEDCA
:10373000605ADFED604ACDED027AE7EE875A9FEDE1
:103740005E7AA5EEA76AA7EE857AE6EE274A9FED98
:103750005B5ADFED5B5A9FED5B6AA7EE275AE4EEFA
:10376000A75AA5EE276A9FED587AA5EEA77AE6EE4E
:10377000276A27EE277AB0EE670ACDED036A8DED52
:10378000017AFEF7F5F85149059B9DED017ADDEDD3
:10379000036ADDED027A049A8B42C7EE265A39D8C5
:1037A00010EE103A6FF30B0306EE103AE6EE467A8F
:1037B00030EE067ADFED466AC7EE874AB0EE005A71
:1037C000E4EEC56A9FED437A30EE000AF0EE477AE8
:1037D000E6EE457AD0EE256A76EEE76A37EE667A4F
:1037E000002A01DCB1EE477AB0EE470A07B000BD0F
:1037F00070EE407A87EEA77AB0EE470A70479FEDE9
:10380000347ADFED357A20EE077AA0EE277AB0EE33
:10381000470A7047A0EE250ADFED307A9FED2E7A39
:10382000F0EE006AE0EE267A37EE677AD8E7B0EE7F
:10383000407AE1E760EE007A9FED1B7ADFED196ACE
:103840009FED1A6ADFED1A5A9FED1A5AE7EE876A62
:103850009FED197AA6EEA76AA7EEA57AA6EE275ADB
:10386000DFED166ADFED165A9FED166AE7EE276A5E
:10387000E5EE275AA6EEA76A9FED137AA5EEA77A82
:10388000F7EE006AE6EE276A67EE277AB0EE407A36
:1038900087EEA66AA0EE067AB0EE470A704700BF30
:1038A000CAF24971047F4F3A08EF1138461124BD1E
:1038B0002EC69D3DA80A4E3E613330BF2D570140B4
:1038C00090B0A6BE39D119C0ABAA2A3E9999793FCA
:1038D0002EBD3BB3DB0F493FDB0FC93F2EBD3B3352
:1038E00010EE903A23F00041B1F1FF4FF0EE407A34
:1038F00033D810EE10CA2CF00040B0F1FF4F2CD896
:10390000B3F17E5F3DD09A1702F0020242EADC7208
:1039100030B371B3B1F1FF4F3ED0B0F1FF4F35D0AE
:1039200000B5401AB0F1F45F83B04FEAE0512ADAF3
:10393000002B3EDA3C313CDA9FED310A012A41D0BE
:10394000022A46D03AB19FED2F7ADFED2F7A30EE82
:10395000070A30EE670A03B000BD30EEA70A7047D1
:10396000022A0BD09FED297A032A08BFB0EE470A3E
:1039700070478C450DDB9FED260A70479FED220AAC
:10398000704700F0FDBE9FED220AD7E7BCF1000FA3
:10399000F1DA9FED200A7047B0F1FF4F02F1FF32DC
:1039A00020D0022A26D81C4B03EB820393ED000A99
:1039B000704787EEA00A0192FDF754FE00F0E0FE8A
:1039C000019ABBE710EE103A03F1004300EE103A03
:1039D000C1E79FED0C7ADFED0C7A30EE070A37EE87
:1039E000C00AB8E7022A08D80C4B03EB820393ED18
:1039F000000A70479FED020A70479FED090A704761
:103A0000000000002EBDBB33DB0F4940DB0F49C077
:103A1000DB0FC93FDB0FC9BF888B0308948B0308FA
:103A2000DB0F493F10EE103A23F00042B2F1FF4F96
:103A300056D84FEAD37100F095806248834200F374
:103A40008780002BC0F287805F4B9A424BD95F4B37
:103A50009A4200F29A805E4B5E4A03EB8103D3EDFB
:103A6000004A02EB810281F0010370EE644AD2ED5C
:103A7000007A5B1A34EEE70ADFED576A9FED575A7A
:103A8000DFED575A9FED576A20EE007AA7EE265ACF
:103A9000DFED556AE5EE075AE5EE876AA6EE876A1E
:103AA000F0EE406AE6EE476A20EE266A002B42D02E
:103AB000B0EE007A37EE667AB7EE000AC6EE076A15
:103AC00013F17D0F77EEE67A77EEE47A30EE670A4F
:103AD0004FDB10EE102A02EBC35300EE103A704792
:103AE00030EE000A7047B2F1505F0AD2DFED3F7A44
:103AF00070EE277AB7EE007AF4EEC77AF1EE10FA9C
:103B00005DDC60EE007A9FED347ADFED345A9FED94
:103B1000346ADFED356AE7EE875A9FED327AA7EE19
:103B2000A56AE7EE866AA7EEA67AF0EE406AE7EEAF
:103B3000C76A20EE266AF0EE007A76EEE76AB7EE04
:103B4000007AC6EE267A77EEC07A37EE670A7047BB
:103B5000002001F04DB8264B9A427FF675AF002049
:103B600001F040B8DFED237A002918BFB0EE670AF4
:103B7000704710EE102A643302EBC353DFED1E7A58
:103B800000EE103A20EE270A70471C4B9FED1C7A7E
:103B9000DFED1C6A03EB8103D3ED007AE0EE077AD8
:103BA0009FED197AFDEEE77AF0EE404A17EE903A73
:103BB000F8EEE77AE7EEE64A67EE877A5AE730EE04
:103BC000070A70471772B1421872B13E9115853FCE
:103BD000A88B0308A08B03084CBB31330EEADDB57C
:103BE00055B38A38ABAA2A3E610B36BBCAF249717B
:103BF000B5F1CF42000000000000800DB08B03083B
:103C00003BAAB83F8071313FD1F7173710EE102A29
:103C100032F000432FD0002A134633DBB2F1FF4FBE
:103C200040DAB2F5000F34DB4FF0000C6448C3F308
:103C30001601081800F4000282F07E520A43DB15D8
:103C400000EE102A7F3B5F4A634401F10F0CF7EE50
:103C5000007A0CEA020230EE670A03EBD05322BB73
:103C6000B5EE400AF1EE10FA62D1002B40F09080E0
:103C70009FED550A70479FED557ADFED537A87EE39
:103C8000270A704770EE407A9FED4F7A87EE870AD9
:103C90007047DFED4F7A60EE277A6FF0180C17EE61
:103CA000903AC3E730EE000A7047F0EE007A70EE0B
:103CB000277A07EE103A80EE274A4648C1F5571298
:103CC000081802F522720243002A9FED433ADFED05
:103CD000434ADFED435ADFED433A9FED435ADFEDB0
:103CE000437ADFED436A24EE046AF8EEC72A26EE33
:103CF000067AE7EE034AA7EE235AE4EE875AE5EE8A
:103D0000076AE5EE877A67EE867AE6EE877A2ADD3D
:103D1000B6EE007A20EE077A27EE007A77EE877A01
:103D200067EE847A3BBB37EE677A30EE470A70471E
:103D3000DFED307AB6EE007AA0EE677A60EE007AB8
:103D400027EE277A002BF0D007EE903A9FED2A6AF3
:103D5000DFED2A6AF8EEE77AA7EEC67A37EE400A78
:103D600097EEA60A704770EE677A67EE847AE3B939
:103D700030EE670A70479FED206ADFED206AE2EEC1
:103D8000867A37EE677A37EE400A92EEA60A7047D7
:103D900007EE903A9FED180A9FED187AF8EEE77A51
:103DA00027EE800AA7EE870A7047DFED136A9FEDC2
:103DB000137AE2EEE67A37EEC00A92EE870A70478F
:103DC00020FB4A00F0FF7F0000000000000000CC54
:103DD0000000004C305CCFFF9788173E25333A3EF9
:103DE0002549923E4FD01C3E298E633EABAA2A3F06
:103DF000CDCCCC3EABAAAA3ED1F717378071313F6C
:103E000010EE902A32F0004110EE103AF0EE407AB7
:103E100008D183F480035B0013F5000F10D937EE4F
:103E2000A00A704723F00040B0F1FF4F0BD9B3F167
:103E30007E5FF4D182F48002520012F5000FEED8BA
:103E4000B7EE000A7047B1F1FF4FF0D830B52DED55
:103E5000028B002B87B0F0EE606A054616DBB1F1ED
:103E6000FF4F00F00081B1F17E5F00F03481B2F1CC
:103E7000804F00F06D81B2F17C5F40F04A8107B065
:103E8000BDEC028BBDE83040FDF772BDB1F1974F3C
:103E900080F0F580B1F17E5F80F02A81B2F1804F31
:103EA00000F05681B2F17C5F00F05E82CDE9022124
:103EB00000908DED010A8DED040ACDED050AFDF7A8
:103EC000D1FB0098DDED017A049BDDED056AB0F1D0
:103ED000FF4FDDE902214FF0000400F0EA800028E6
:103EE00000F03C81B0F17E5F00F038814FEAD37C76
:103EF0000CF1FF3C54EA0C0E00F03381B1F19A4F03
:103F000040F25481994B984240F27682984B984205
:103F100000F28582F7EE007A70EE670A9FED956AEF
:103F20009FED957ADFED955AF5EE007AA0EEE76AFF
:103F3000F6EE007AE6EE607A20EEA05A9FED906AE7
:103F400067EE857A27EE677AA0EE867AB0EE476A4A
:103F5000A0EEA56A16EE103A6FF30B0306EE103AC8
:103F6000F0EE467AE0EEE57A37EE677A6FF30B0211
:103F700007EE902A27EE267A76EEE75A66EE277A43
:103F8000A5EE867A631E53EA0C03FFEE005A77EE25
:103F9000276AB7EE006A16EE902A18BFF0EE465A6E
:103FA000002A22F0004340F3F481B3F1864F00F27F
:103FB0007D8200F06182B3F17C5F00F243820023D6
:103FC00018466FF30E0206EE102ADFED6E6A9FEDC3
:103FD0006E3ADFED6E1A9FED6E4A9FED6E5A76EEE9
:103FE000677AF0EE002A37EE677A66EE267ADFED22
:103FF0006A6AE7EE267AB7EE000AB0EE677AA6EEB6
:10400000037AB0EE472A67EE076AA6EE432A9FEDD1
:10401000636AA6EEA16A77EEC27AA6EE264A9FED03
:10402000606AA4EE266AE7EE277AA6EE265AB0EE7C
:10403000476AA5EE666A27EE065A36EE626AC5EE54
:10404000066A76EEE77A77EEC77A30EE670A10EE08
:10405000102A1344B3F5000FC0F2D88100EE903A55
:1040600020EEA50A07E0B0F17E5F74D03BD9002AAC
:1040700036DBB0EE660A07B0BDEC028B30BDB1F1A5
:10408000FF4FF0D0CDE90010CDE902238DED050AF8
:10409000CDED040AFDF7E6FA01980224B0F1FF4FD6
:1040A000DDE902230099DDED046ADDED057A7FF498
:1040B00016AF002A05DAF7EE007A87EE800A002BA9
:1040C000D9DAA0F17E50204300F03181012CD2D109
:1040D000B1EE400ACFE7002A35DBB0EE670ACAE747
:1040E0009FED300AC7E7002AFADAB1EE660AC2E7A6
:1040F0004FEAE15CCCF1960C41FA0CFE0EFA0CFC96
:104100008C4500F01981B1F17E5FE4D0B2F1804FAF
:104110001ED0B0EE670ACDE90323CDE90110CDED45
:10412000056ACDED007AFDF79DFA0298B0F1FF4FD8
:10413000DDE903234FF0000410D0DDED007A019992
:10414000DDED056ACBE6B7EE007A87EE270A92E747
:1041500027EEA70A8FE7B7EE000A8CE7002AAADB52
:10416000ADE777EEE77A87EEA70A84E7F3FF7F3FB4
:104170000700803FABAAAA3E3BAAB83F00AAB83FBF
:1041800070A5EC368CBEBF350072313F4CBB31336D
:1041900055B38A38ABAA2A3E1872313F0EEADDB514
:1041A000610B36BB000000000000804B13F0FF4F96
:1041B00040F020815FED047A60EE277A6FF01703FC
:1041C00017EE905AE915DFF844E37F391944C5F337
:1041D0001603734543F07E5040F30381DFF830E36C
:1041E000734540F326819FEDB94A0131B0EE448A10
:1041F000A0F50000F7EE000A4FF0000E04EE900A62
:1042000074EEA07AB7EE007A87EE270AB04B03EA85
:10421000600343F0005303F58003734434EEE06A17
:1042200007EE901A66EE001AB8EEE77ADFEDA92ADB
:104230009FEDA93ADFEDA93A9FEDA95ADFEDA95A02
:104240009FEDA91A61EEA17AB0EE082AA7EEA23A74
:10425000E3EE273AA3EEA75AE5EE275A27EEA75A30
:10426000A5EEA71A07EE903A11EE903A6FF30B0302
:1042700003EE103AA3EE676AF0EE465A37EEE06AB4
:1042800071EE837A74EEC63AB0EE656AA3EE636AA5
:10429000F0EE424A26EE006AE3EE034A67EE867AC3
:1042A000DFED920ADFED923AE5EE017A9FED911A89
:1042B00074EEA75A15EE903A6FF30B0305EE903AA1
:1042C00035EEC25AA3EE435A77EEC57A67EEA17A6D
:1042D000E6EE257AB0EE675AA3EE255A15EE103AAF
:1042E0006FF30B0305EE103AB0EE456AA3EE656A74
:1042F00077EEC67A67EEA07AE5EE017A77EE887AF5
:10430000B0EE676AA5EE236A36EE046A36EE076AF7
:1043100016EE103A6FF30B0306EE103A36EE477ABC
:1043200037EE447AA5EE637A37EEC77A1EE670EE72
:10433000407A87EEA70A9EE6B1F17E5F3FF4CBAEEE
:10434000B2F1804F3FF404AF0EF0010ECDE9001042
:10435000CDE902238DED050ACDED040ACEF102046C
:10436000FDF780F9019899E601908DED000AFDF7BF
:1043700079F90198B0F1FF4F3FF47DAEDDED007AA1
:1043800000283FF478AEB0F17E5F7FF4EAAE0024FF
:1043900097E659498B4200F291807FF40CAE76EE9D
:1043A000E76AF4EEC76AF1EE10FA80F2878002F550
:1043B0000042524BC2F3C7517F39C2F316000B4182
:1043C00040F40000C1F1170113400841404206EEDD
:1043D000903A77EEE67AC30577EE276A16EE902AD2
:1043E000EFE59FED3A4AF7EE000AB0EE448A4FF04F
:1043F000000E03E70023E5E6002A12DB002007B0E9
:10440000BDEC028BBDE8304000F0ECBBCDED005AB6
:1044100000F05EFBDDED005AF0EE400A20E6002AD7
:10442000ECDD002007B0BDEC028BBDE8304000F0B1
:10443000DFBB9FED334A9FED338AF7EE080A4FF456
:10444000001EDBE6DB157E3B4FF4000119411144F1
:104450002A4BC1F3C75CACF17F0CC1F3160043FAE1
:104460000CF340F40000CCF1170C002A40FA0CF0D9
:1044700003EA0103ABDAA9E79FED236A76EEE76A68
:1044800037EE066AB4EEE66AF1EE10FA0EDC02F5DB
:1044900000421A4BD1157F39C2F316000B4140F48C
:1044A0000000C1F117011340084190E7F5EEC05A32
:1044B000F1EE10FA4CBF01200020B3E7F5EEC05A30
:1044C000F1EE10FA4CBF0120002098E70000000038
:1044D00000F0FFDF42F1533E55326C3E05A38B3EA8
:1044E000ABAAAA3EB76DDB3E9A99193F4F38763F8B
:1044F0000040763FC623F6B800001643000080FF58
:1045000000C0153FDCCFD1353CAA383371C41C0044
:10451000D6B35D0010B510EE104A8B4A24F000436C
:10452000934288B070D9894A934222D824F000433C
:10453000002C9FED877A874A23F00F0340F3EB802E
:10454000934270EE477A09BF9FED837ADFED836A6D
:10455000DFED836A77EEC77A37EEE67A77EEC77AD1
:1045600080ED007A77EEE67AC0ED017A012008B09E
:1045700010BD7C4A9342014654D9B3F1FF4F4AD251
:10458000DA15863AA3EBC25307EE903ABDEEE77A0E
:10459000DFED756AB8EEC77A77EEC77A8DED057AEA
:1045A00067EEA67ABDEEE77AB8EEC77A77EEC77AFD
:1045B0008DED067A67EEA67AF5EE407AF1EE10FA06
:1045C000CDED077A40F09280B5EE407AF1EE10FA28
:1045D00040F08E800123654801900220009005A8DC
:1045E000029100F00BFB002C0299C0DA91ED007AE9
:1045F000D1ED017AB1EE477AF1EE677A81ED007A7A
:10460000C1ED017A4042B2E7002380ED000A436029
:10461000002008B010BD70EE407AC0ED017AC0ED08
:10462000007AF5E7CDE90230FDF71CF89FED507AEE
:104630009FED476AF6EE007AE0EE077ADDE9023197
:10464000FDEEE77A9FED457AF8EEE76A17EE900AFD
:10465000A6EEC60A1F2866EE877A30EE677A20DC5F
:10466000DFF818C100F1FF3E24F000425CF82EC0D4
:1046700022F0FF02624514D081ED007A30EE470A45
:10468000002C30EE670A81ED010ABFF670AFB1EE83
:10469000477AB1EE400A81ED007A81ED010A40428D
:1046A00065E717EE102AC2F3C752C2EBD352082AAD
:1046B000E2DD9FED297ADFED2A5AB0EE406AA6EEE0
:1046C000C76A70EE467AE6EEC77AD6EEA57A36EE7F
:1046D000677A17EE102AC2F3C752C2EBE353192BC5
:1046E00008DCB0EE460A81ED007AC7E7032372E7E3
:1046F000022370E79FED1F7ADFED1F5AB0EE460AE6
:10470000A6EEC70A76EE407AE6EEC77AD6EEA57A2E
:1047100030EE677AB0E7934270EE077A09BF9FEDFB
:104720000E7ADFED0E6ADFED0E6A77EE877A37EEEE
:10473000A67A77EEC77A80ED007A77EEA67AC0ED9A
:10474000017A4FF0FF3012E7D80F493FE3CB164014
:10475000800FC93FD00FC93F004435374344353738
:1047600008A3852E800F494300008043388C03083E
:1047700084F9223F00A3852E32318D24B88B0308A3
:1047800010EE102A22F00043B3F1A14FF0EE407A70
:1047900007D3B3F1FF4F56D8002A7CDD9FED530AB3
:1047A000704700B552498B4283B05BD8B3F1445F88
:1047B0004CD34FF0FF3327EEA76A9FED4E5A9FED83
:1047C0004E7ADFED4E5ADFED4E4A66EE066A591C10
:1047D000A6EE857AE6EEA54A9FED4A5ADFED4A5AE3
:1047E000A7EE265AE4EEA65A9FED487ADFED484A36
:1047F000A5EE267AE5EEA64A9FED465ADFED465A2B
:10480000A7EE265A9FED457AA4EEA67AE5EE265A43
:1048100027EE267AA5EE867A27EE277A42D0404800
:10482000404900EB8300D0ED006A37EE667A01EB79
:104830008303D3ED006A37EE677A002A36EEC70AA3
:104840002CDB03B000BD30EE000A70479FED367AD6
:1048500030EE077AF7EE006AB4EEE67AF1EE10FA7F
:10486000A7DDEEE7CDE90032FCF7FCFE2F49009B07
:10487000019A8B421AD8A1F5D0018B422BD8F0EEC9
:10488000007ABFEE007AA0EE277A002330EE270AE6
:10489000C7EE007A8FE79FED260A7047B1EE400A17
:1048A00003B000BD37EEC70A03B000BD21498B42FB
:1048B0000BD8F7EE087AB7EE007AA0EE277A02233B
:1048C00030EE670AC0EE077A75E7BFEE007AC7EEF2
:1048D000007A03236FE7F7EE007A30EE677A30EE66
:1048E000270A0123C7EE007A65E700BFDB0FC93F47
:1048F000FFFFDF3ED769853C59DA4B3D21A215BD4C
:104900006BF16EBD356B883D95879DBD6E2EBA3DB2
:10491000388EE3BD2549123EABAAAA3ECDCC4CBE93
:10492000508F0308608F0308CAF24971FFFF973F59
:10493000DB0FC9BFFFFF1B402DE918485CEC10BB23
:10494000CCF30A530446614693BB2CF0004151EA74
:104950000B012BD0404B584661460022D3F70CFD8B
:104960003E4B9C4283468C465BDBC1F30A53363B8D
:104970004CF25032944228DC04EB030E40F2FE73FA
:104980009E4522DCBEF1000F39DC1EF1350F3FDB06
:104990000EF1360E6FF31E5141EA0E53194658467A
:1049A0002F4B0022D3F7E8FC41EC100BBDE8188830
:1049B00040F2FF729342DBD15A4663465846D3F722
:1049C00025FB41EC100BBDE81888BCF1000F1AA1C3
:1049D000D1E9000108DB18A3D3E90023D3F7CCFC0D
:1049E00041EC100BBDE8188815A1D1E9000112A314
:1049F000D3E90023D3F7C0FC41EC100BF2E76FF3CF
:104A00001E515A4641EA0E5343EC102BBDE818885C
:104A1000BCF1000F0CA1D1E9000102DA0CA1D1E92F
:104A2000000109A3D3E90023D3F7A6FC41EC100B46
:104A3000BDE81888AFF300809C7500883CE4377EA1
:104A40009C7500883CE437FE59F3F8C21F6EA5013F
:104A500059F3F8C21F6EA58100005043B03CFFFF20
:104A60000000903C10B582B08DED000B044600F0C4
:104A7000A1FE9DED000B046002B010BD00B5034621
:104A800083B051EC100B83B1024601F10043CDE934
:104A90000023DDE90023D3F76FFC41EC100B22204B
:104AA00003B05DF804EBFFF7DDBF02460B46EEE70F
:104AB0009FED010BFFF7E2BF0000000000000010B7
:104AC0009FED010BFFF7DABF00000000000000704F
:104AD00010EE103A33F000411A4625D0B1F1FF4FE5
:104AE0001FD213F0FF4F20D1DFED297A294A60EE63
:104AF000277A904217EE903A31DB4CF2503CC3F3E8
:104B0000C75160451A46A1F1190114DD002BDFEDF4
:104B1000227A9FED210AB8BFDFED207A27EE800AC6
:104B2000704730EE000A704770474CF2503C6045C9
:104B30004FEAD151EADC0844FE28E7DC002815DC06
:104B400010F1160F19DB193022F0FF4242EAC05271
:104B500007EE902A9FED120A27EE800A7047DFEDDC
:104B6000117A07EE103A27EE270A704722F0FF422B
:104B700042EAC05300EE103A7047002BDFED097A8D
:104B80009FED080AB8BFDFED087A27EE800A70476C
:104B90000000004CB03CFFFFCAF24971CAF249F173
:104BA000000000336042A20D6042A28D10B582B0B9
:104BB0008DED010A044600F0FDFD9DED010A046043
:104BC00002B010BD30B1F1EE407A27EE800A22200B
:104BD000FFF7ECBFF0EE407A27EE800A2220FFF7C5
:104BE000E5BF00BF9FED010AFFF7ECBF000000101A
:104BF0009FED010AFFF7E6BF000000702DE9F04FBE
:104C00002DED048BDBB01C46039381461346689858
:104C1000CB4A04F1FF381C1D52F82050C0F26682C6
:104C2000DA1E48BF1A1DD21004920132D200069239
:104C3000069A15EB0806A3EB02021BD404989FED1D
:104C4000C47A699F0136A0EB080006441EAC9C465E
:104C50000028A4BF57F8203007EE903A00F1010079
:104C6000ACBFF8EEE77AF0EE477AB042E4EC017AB6
:104C7000EED16346002DC0F2EC800398B8F1000F2E
:104C80000DF58C7C464605EB000EB8BF0024C0F243
:104C9000D38003981EAF07EB8007840009EB8000E8
:104CA000DFEDAB7ABB46CA46FAEC016A3BED017A0E
:104CB0008245E6EE877AF7D101367645ECEC017A4B
:104CC00007F10407ECD109A8CDE9071300EB850033
:104CD0000DF1280A9FED9B9ADFED9B8A05904C44CD
:104CE0000AEB8507AB4646AE019510460DEB8B03EC
:104CF000BBF1000F93ED460A4FEA8B0515DD7319E2
:104D0000524660EE097AB0EE407AFDEEE77A73ED36
:104D1000016AF8EEE77AB342A7EEE87A37EEA60A20
:104D2000BDEEC77AA2EC017AEBD10290FFF7D0FE7C
:104D3000B0EE408AB4EE000A28EE000AFCF71CFE32
:104D4000F2EE007AA0EE678A02980028FDEEC89A7B
:104D5000F8EEE97A38EE678A7EDD0BF1FF31C0F1BB
:104D600008035AF821E04EFA03FC0CFA03F3AEEB09
:104D7000030EC0F1070219EE903A4EFA02F26344B4
:104D8000002A09EE903A4AF821E000F3FA80B5EEE5
:104D9000408AF1EE10FA70D1019B9B450CDD0AEBC5
:104DA00005030021944653F8042DBB4241EA020159
:104DB000F9D1002940F04681019B013B0BF1010E26
:104DC0005AF82330002B40F03B81059B012153F81A
:104DD000042D0131002AFAD05944049B03EB0B0245
:104DE000039B5B440293699B03EB820B029B0DF1D7
:104DF000780C0CEB830C47AB1D44DBED017AF8EE2D
:104E0000E77AB8F1000F0BF1040BECEC017ADFED5F
:104E1000507A09DB62464B46F3EC016A32ED017AC7
:104E2000A342E6EE877AF7D10EF1010E8E45E5EC4E
:104E3000017AE2DD8B4659E7701C7045CCF80040E2
:104E400006F1020605D0B645CCF804400CF1080C7A
:104E5000F2D10398840036E700F0D980F6EE007AAC
:104E6000B4EEE78AF1EE10FA80F22E81B5EE408AB8
:104E7000F1EE10FA4FF000028ED0CDE90220089B2F
:104E8000069A0799019D0191D01AB0EE480AFFF7E2
:104E90001FFE9FED2D7A0199039AB4EEC70AF1EE39
:104EA00010FAC0F29781DFED277A60EE277A0BF1D6
:104EB0000104FDEEE77A0832F8EEE77AA7EEC70ABA
:104EC000FDEEE77ABDEEC00A10EE103A4AF82B303C
:104ED00017EE903A4AF824301046B7EE000A0191D6
:104EE000FFF7F6FD002C0199B0EE407AC0F29D81EB
:104EF0000AF1040347A8DFED136A03EB840300EB18
:104F00008400A2000DF58C7C73ED017AF8EEE77A4F
:104F1000534567EE877A27EE267A60ED017AF3D162
:104F2000002D0DF1C80EC0F2998194442746F04639
:104F300000269146054ADFED067A6046002311E01F
:104F40009C8F03080000803B00008043708F0308A3
:104F500000000000F2EC016AB0EC017A9D42E6EE3E
:104F6000877A03DB9E4203F10103F3DA013F7B1CE6
:104F7000C8ED007A7ED008F104080136ACF1040CCB
:104F8000D8E70133BBF1000F09EE903A40F34381BB
:104F900051464FF0000E51F8043B3BBB0EF1010EA1
:104FA000F345F8DC9E4600280CDD012800F08380E4
:104FB000022807D10BF1FF315AF8213003F03F0CE2
:104FC0004AF821C0022A7FF4E2AEB7EE000A30EEC2
:104FD000488ABEF1000F3FF4DAAE09920290FFF763
:104FE00077FD0298099A38EE408AD0E6C3F58073BF
:104FF00041F8043C04E00B68C3F1FF0341F8043BB3
:105000000EF1010EF345F6DC4FF0010ECBE70BF18C
:10501000FF335AF82320D211002A7FF7B8AE19EED9
:10502000903ABBF1000F03F1010309EE903AAFDCB7
:10503000022A7FF4ACAEF7EE007A37EEC88AA6E615
:105040007146CAE60BF1FF34A0F108025AF8243089
:105050000799CDF808C02846019D002B7FF43CAF8E
:10506000034609A8034453F8040D013C083A0028FC
:10507000F9D031E74A46689B022B62DC002B3ADC10
:1050800010D10EF104035FED4E7A134433ED017A33
:105090009E4577EE877AF9D1029B002B40F0AB80DA
:1050A000C1ED007A19EE903A03F007005BB0BDEC59
:1050B000048BBDE8F08F0BF1FF315AF8213003F07B
:1050C0007F0C4AF821C07DE719EE903ABBF1000F42
:1050D00003F1010309EE903AC8BF02223FF758AF2F
:1050E000F7EE007A37EEC88A022250E608220692CE
:1050F000002204929CE50EF10403DDED327A1FEDEF
:105100006C7A1A4452ED016A1346043A964537EE1A
:10511000267AF7D1029A002A64D177EEC77A81ED18
:10512000007A5CB10122B3EC017A0132944277EE4D
:10513000877AF8DA029B0BB1F1EE677AC1ED017A5A
:10514000B0E7689B032BADD1002C00F084800EEB00
:10515000020696ED007A3046354655ED017AF0EEBE
:10516000476A37EE277A2B4677EEC77A043D77EE0B
:10517000A67AAE45C3ED007A03ED017AEDD1012C9C
:1051800069D096ED007A70ED017AF0EE476A37EE5D
:10519000277A834277EEC77A80ED007A77EEA67A97
:1051A000C0ED017AEFD15FED967A1A44043332ED07
:1051B000017A934277EE877AF9D1029BDDED326A6C
:1051C0009DED337AD3B9C1ED006A81ED017AC1ED6D
:1051D000027A67E7BDEEC00A5C4610EE103A4AF864
:1051E0002B3079E6F1EE476A77EEC77AC1ED006AB7
:1051F000002C97D1A0E7F1EE677A51E7F1EE666AED
:10520000B1EE477AF1EE677AC1ED006A81ED017A7D
:10521000C1ED027A46E7012811D002287FF408AFD9
:105220000EF03F034AF8213002E7689B022B0EDCA8
:10523000002B21DC7FF436AF5FEDBB7A2CE70EF05C
:105240007F03022A4AF821307FF4A1ADF3E6689B80
:10525000032B7FF427AFDFED0E7AAEE70025204663
:1052600073461D6000283FF406AF0238461C5D609F
:1052700003F10803F5D1FEE6029BDDED327A1BB1A6
:105280004FF000430B6057E700230B6056E700BF69
:10529000000000002DE9F04782B00646DDF828E066
:1052A0000846B4460D46002B4ED18A4214466DD9AD
:1052B000B2FA82F242B1C2F12003954026FA03F31A
:1052C00094401D4306FA02FC260CA7B2B5FBF6F18A
:1052D0004FEA1C4306FB115543EA054301FB07F067
:1052E000984209D9E31801F1FF3580F00381984213
:1052F00040F20081023923441B1A1FFA8CFCB3FBD5
:10530000F6F006FB10334CEA034C00FB07F3634551
:105310000AD914EB0C0C00F1FF3580F0ED806345E9
:1053200040F2EA80A444023840EA0140ACEB030CAE
:105330000021BEF1000F04D02CFA02F30022CEE9C6
:10534000003202B0BDE8F0878B4209D9BEF1000FF0
:1053500001D0CEE900610021084602B0BDE8F08727
:10536000B3FA83F1174600294DD1834202D3B242EA
:1053700000F20F81B6EB070C60EB030301201D4622
:10538000BEF1000FDDD0CEE900C5DAE7002A00F05B
:1053900098801A46B4FA84F3002B40F0AF800B1BC0
:1053A000270CA6B20121B3FBF7F54FEA1C4007FB1F
:1053B000153340EA034306FB05F8984507D9E3187F
:1053C00005F1FF3002D2984500F2E8800546A3EBD4
:1053D00008031FFA8CFCB3FBF7F007FB10334CEA11
:1053E000034C06FB00F3634508D914EB0C0C00F1E9
:1053F000FF3602D2634500F2CE803046ACEB030CA0
:1054000040EA054095E7C1F120058B4022FA05FCF2
:105410004CEA030C00FA01F426FA05F3E84002FA1C
:1054200001F943EA04084FEA1C4206FA01FAB0FB0C
:10543000F2F71FFA8CF602FB17004FEA184444EA11
:10544000004407FB06F0A0420AD91CEB040407F154
:10545000FF3380F09C80A04240F29980023F644478
:10546000241A1FFA88F3B4FBF2F002FB104443EA5B
:10547000044300FB06F69E4209D91CEB030300F12E
:10548000FF3480F082809E427FD90238634440EA34
:105490000740A0FB09749B1BA3423E46A04664D371
:1054A00061D0BEF1000F0AD0BAEB060263EB08032D
:1054B00003FA05F5CA401543CB40CEE9005300215D
:1054C0003FE7730843EAC1734A08190C41EA0241F5
:1054D0004FEAC67C9BB2B2FBF4F02646A0462746B4
:1054E0001F2243EA0143B1FBF4F1A3EB080341EAB5
:1054F000004158E72946FFE6284615E71A46C3F15A
:1055000020019C4026FA01F320FA01F19040034368
:10551000270C06FA02FCB1FBF7F0A6B207FB101548
:10552000190C41EA054100FB06F58D423BD9611893
:1055300001D28D4220D8491B0138B1FBF7F5019506
:1055400005FB06F8019D9BB207FB151143EA0143D9
:10555000434526D2E31805F1FF31C6D24345C4D2F4
:10556000A91E2344C1E7BA459BD2B7EB090664EBF9
:105570000C040138A04694E7651B29440238B1FBAE
:10558000F7F5019505FB06F8DCE720467FE71F46A7
:1055900066E70846F4E6A44402382FE7023D2344B8
:1055A00015E70199A1E7491BB1FBF7F5019505FB4B
:1055B00006F8C7E7002301461A46184600F03EB930
:1055C0000A22002100F0A2B8242B2DE9F84F42D87E
:1055D000012B884619463ED091464B4A82461E46CC
:1055E000C64670461EF8017BD35D13F00803F8D160
:1055F0002D2F70D02B2F05BF9EF800709B469B4629
:1056000000F1020E6FF0004361BB302F4DD00A262F
:1056100031460022B3FBF6F4104606FB143505E0D4
:105620003CD006FB00C001221EF8017BA7F1300C24
:10563000BCF1090F06D9A7F1410CBCF1190F17D81D
:10564000A7F1370C61451CDD571CEDD08442E7D231
:105650004FF0FF32E8E700F0ADF8162303600020BA
:10566000BDE8F88F1029D4D1302F27D00E46D0E7CF
:10567000A7F1610CBCF1190F03D8A7F1570C6145D4
:10568000E2DC511C30D0BBF1000F0CD1B9F1000F9E
:10569000E6D0AABBC9F80080BDE8F88F6545C0DA3E
:1056A0004FF0FF32C0E74042F0E79EF8002002F0E2
:1056B000DF02582A08D008263146AAE79EF80020C3
:1056C00002F0DF02582AD1D110269EF8017031462F
:1056D0000EF1020E9DE79EF800704FF0004300F1BE
:1056E000020E4FF0010B8FE72222CAF80020B9F119
:1056F000000F07D00EF1FF381846C9F80080CBE73D
:105700000346F7E71846ABE7A98F030800B5DFF8B3
:1057100018E084461346DEF800005DF804EB0A4604
:105720006146FFF751BF00BFB002002030B58407CB
:105730008646034606D0A2B303F8011B980702F180
:10574000FF32F8D1032A26D95FFA81FC0CEB0C2C2E
:105750000F2A0CEB0C402AD922F00F0C9C44C3E911
:105760000000C3E9020010336345F8D112F00C0FBA
:1057700002F00F0417D04FEA940C0CF1FF351A46D3
:1057800003EB8C0C42F8040B6245FBD1043304F0AC
:10579000030203EB850322B11A4403F8011B9A426A
:1057A000FBD1704630BD2246002AF5D1F9E71446F8
:1057B000E1E700BF014B1868704700BFB00200204E
:1057C00070B50E4E0E4DAE4208D0761BB6100024BA
:1057D00055F8043B01349847A642F9D8094E0A4DC2
:1057E00003F064FCAE4208D0761BB610002455F8D6
:1057F000043B01349847A642F9D870BDCC90030809
:10580000CC900308D4900308CC90030838B5074D1A
:10581000074C2C1BA41005D0013C55F8043D9847BB
:10582000002CF9D1BDE8384003F046BCD8900308FD
:10583000D4900308704700BF704700BFF0B51D4CFF
:1058400083B005462068019116461F46FFF7F2FF18
:10585000194A0199136823B35A6820681F2A23DC68
:105860004DB9541C02325C6043F82210FFF7E4FF8C
:10587000002003B0F0BD03EB820E0124CEF8886057
:10588000D3F88861944046EA040C022DC3F888C11D
:10589000CEF80871E5D1D3F88C512543C3F88C516B
:1058A000DFE7064B1360D7E7FFF7C6FF4FF0FF3087
:1058B000DFE700BFB804002064C10020D4BF00208F
:1058C000024B13B10248FFF775BE7047000000009D
:1058D0000D5803080000C03E0000003F000000BF5C
:1058E000000040BF0000003E0000803E00D57FAABF
:1058F000FE2B815429FC5683D702A87D52872DF8B0
:10590000AC79D3067BAE04D18550FA2FA471DB0E9F
:105910005A8F25F08D58F22773A60CD9F623895C8F
:1059200008DD77A2DF0AA07521F45E8B9D48E2377F
:1059300063B61CC9B461CB1E4A9F35E0CF1AB0656F
:1059400031E44E9BE633994C18CD67B239EC46935F
:10595000C712B86D10C56FBAEE3B91446BBE14C14F
:105960009540EA3F42973DE8BC69C316EF3A90453F
:1059700011C46EBBC613B96C38ED4792BD68C2172F
:1059800043963CE99441EB3E6ABF15C04B9E34E11F
:10599000B560CA1F62B71DC89C49E33619CC66B30F
:1059A000E732984D30E54F9ACE1BB16472A70DD8FF
:1059B0008C59F3265B8E24F1A570DA0F20F55F8AEF
:1059C000DE0BA17409DC76A3F722885DD603A97CDF
:1059D00028FD5782FF2A805501D47EAB8451FB2ECF
:1059E0007AAF05D0AD78D20753862CF900000000BD
:1059F0000000000000006940000000000000694055
:105A000000004842000080400000000000C07240DA
:105A10000000000000004940000082420000E04019
:105A20000000000000000000000000000D424C4893
:105A3000656C69F47D000000000021104220633095
:105A40008440A550C660E770088129914AA16BB1D6
:105A50008CC1ADD1CEE1EFF131121002733252227E
:105A6000B5529442F772D662399318837BB35AA326
:105A7000BDD39CC3FFF3DEE362244334200401144E
:105A8000E664C774A44485546AA54BB52885099576
:105A9000EEE5CFF5ACC58DD553367226111630061E
:105AA000D776F6669556B4465BB77AA719973887C6
:105AB000DFF7FEE79DD7BCC7C448E5588668A778DE
:105AC0004008611802282338CCC9EDD98EE9AFF916
:105AD000488969990AA92BB9F55AD44AB77A966ABE
:105AE000711A500A333A122AFDDBDCCBBFFB9EEB66
:105AF000799B588B3BBB1AABA66C877CE44CC55C8E
:105B0000222C033C600C411CAEED8FFDECCDCDDDB5
:105B10002AAD0BBD688D499D977EB66ED55EF44E5D
:105B2000133E322E511E700E9FFFBEEFDDDFFCCF05
:105B30001BBF3AAF599F788F8891A981CAB1EBA159
:105B40000CD12DC14EF16FE18010A100C230E320D5
:105B50000450254046706760B9839893FBA3DAB37D
:105B60003DC31CD37FE35EF3B1029012F322D23225
:105B70003542145277625672EAB5CBA5A89589854D
:105B80006EF54FE52CD50DC5E234C324A014810475
:105B90006674476424540544DBA7FAB79987B8971D
:105BA0005FE77EF71DC73CD7D326F2369106B016C5
:105BB00057667676154634564CD96DC90EF92FE9DD
:105BC000C899E9898AB9ABA9445865480678276815
:105BD000C018E1088238A3287DCB5CDB3FEB1EFBBD
:105BE000F98BD89BBBAB9ABB754A545A376A167A65
:105BF000F10AD01AB32A923A2EFD0FED6CDD4DCD8D
:105C0000AABD8BADE89DC98D267C076C645C454CB4
:105C1000A23C832CE01CC10C1FEF3EFF5DCF7CDF5C
:105C20009BAFBABFD98FF89F176E367E554E745E04
:105C3000932EB23ED10EF01E0100000000000000C5
:105C40000200000000D57FAAFE2B815429FC568358
:105C5000D702A87D52872DF8AC79D3067BAE04D14C
:105C60008550FA2FA471DB0E5A8F25F08D58F2273C
:105C700073A60CD9F623895C08DD77A2DF0AA0752C
:105C800021F45E8B9D48E23763B61CC9B461CB1E1C
:105C90004A9F35E0CF1AB06531E44E9BE633994C0C
:105CA00018CD67B239EC4693C712B86D10C56FBAFC
:105CB000EE3B91446BBE14C19540EA3F42973DE8EC
:105CC000BC69C316EF3A904511C46EBBC613B96CDC
:105CD00038ED4792BD68C21743963CE99441EB3ECC
:105CE0006ABF15C04B9E34E1B560CA1F62B71DC8BC
:105CF0009C49E33619CC66B3E732984D30E54F9AAC
:105D0000CE1BB16472A70DD88C59F3265B8E24F19B
:105D1000A570DA0F20F55F8ADE0BA17409DC76A38B
:105D2000F722885DD603A97C28FD5782FF2A80557B
:105D300001D47EAB8451FB2E7AAF05D0AD78D2076B
:105D400053862CF920610308446103086861030845
:105D50008C610308B0610308D4610308BE3786353F
:105D60000000000000000000000000000000000033
:105D7000FAED6B3A00000000000000000000000097
:105D800000000000FAED6B3A000000000000000087
:105D90000000000000000000FAED6B3A2E90A03BDE
:105DA00000000000000000000000000000000000F3
:105DB00000401C4500000000000000000000000042
:105DC00000000000000096430000000000000000FA
:105DD0000000000000000000000096432995000824
:105DE000A8000000AE080000E8030000D007000093
:105DF000E99500080E000000E80300000100000023
:105E0000E7030000000000000100000002000000A5
:105E1000030000000600000007000000080000006A
:105E2000090000000400000005000000030604044F
:105E30000408080606080801020202020202010222
:105E40000202020202000000000000001800000030
:105E5000280000000000000008000000080000000A
:105E60000100000008000000080000000000000021
:105E7000080000000800000000000000080000000A
:105E800008000000000000000800000008000000FA
:105E900000000000080000000800000000000000F2
:105EA00008000000080000000000000008000000DA
:105EB00008000000000000000800000008000000CA
:105EC00000000000080000000800000001000000C1
:105ED000080000000800000001000000000034C3BA
:105EE000000034C3000034C300000000000034C2CE
:105EF00000000000000034C2000000000000F0C1FB
:105F0000000000000000B4C100000000000000001C
:105F10000000000000000000000000000000000081
:105F20000000000000000000000000000000000071
:105F30000000000000000000000000000000000061
:105F40000000000000000000486172642046617596
:105F50006C743A0043465352202000004846535286
:105F6000202000004D4D4641522000004246415243
:105F700020200000466F726365643A0055736167C4
:105F80006520000042757320202000004D656D20C3
:105F900020200000535020202000000052302020FC
:105FA000200000005231202020000000523220202A
:105FB0002000000052332020200000005231322007
:105FC000200000004C5220202000000050432020E0
:105FD0002000000050535220200000006C656761D3
:105FE00063790000656E756D000000007261642FBA
:105FF000730000006269746D61736B0056000000ED
:1060000025000000487A00006D000000646567000C
:106010006D2F73006D4168006465672F7300000089
:10602000252F73006761696E0000000041000000C9
:1060300053544D3332205669727475616C20436F2E
:106040006D506F727420696E204653204D6F6465E9
:106050000000000053544D6963726F656C65637492
:10606000726F6E6963730000303030303030303022
:10607000303530430000000056435020436F6E66B9
:106080006967000056435020496E7465726661630B
:10609000650000006D34774643496E746600000069
:1060A000434C464C0000000053504B590000000088
:1060B00053657020323320323032360032313A3478
:1060C000303A35370000000056332E003000000013
:1060D00044455645424F5846343A302056323032C5
:1060E000362D30392D3233005750000052544800BD
:1060F00021455252000000004F4B0000414E474CDA
:10610000000000004143524F0000000041480000E1
:10611000484F4C44000000005541565820000000F4
:1061200024505542582C34312C312C303030332C03
:10613000303030312C3233303430302C302A31434F
:106140000D0A000024505542582C34312C312C308B
:106150003030332C303030312C3131353230302C3E
:10616000302A31450D0A000024505542582C343154
:106170002C312C303030332C303030312C35373618
:1061800030302C302A32440D0A0000002450554291
:10619000582C34312C312C303030332C30303031DD
:1061A0002C33383430302C302A32360D0A000000BF
:1061B00024505542582C34312C312C303030332C73
:1061C000303030312C31393230302C302A32330DEE
:1061D0000A00000024505542582C34312C312C3008
:1061E0003030332C303030312C393630302C302AAE
:1061F00031360D0A00000000030301010001010215
:10620000020404000005060708090A0D0B0B0C0D1B
:106210000E00000000000000CDCC4C3F7B142E3E51
:10622000CDCC0C3FCDCC644100000000000000004C
:106230000000000000000000000000000EF8FC3A22
:10624000349D9D3B000000000000000000000000A5
:10625000368DA740368DA740DB0F494000007041C6
:1062600000000000CDCCCC3D00000000CDCC4C3F68
:106270007B142E3ECDCC0C3FCDCC64410000000001
:10628000000000000000000000000000000000000E
:106290000EF8FC3A349D9D3B000000000000000019
:1062A00000000000368DA740368DA740DB0F494027
:1062B0000000704100000000CDCCCC3D000000008B
:1062C0009A99993FCDCC4C3ECDCC0C3F3333AB416A
:1062D00000000000000000000000000000000000BE
:1062E000000000006F12833B0AD7233C000000002F
:1062F0000000000000000000368DA740368DA7404A
:10630000DB0F49400000704100000000CDCCCC3DC7
:1063100000000000CDCC8C3FEC51383ECDCC0C3F82
:10632000CDCC9C41000000000000000000000000F7
:106330000000000000000000A69B443BA69BC43B5D
:10634000000000000000000000000000368DA740A3
:10635000368DA740DB0F494000007041000000006F
:10636000CDCCCC3D000000000000C03FAE47613EF8
:10637000CDCC0C3F6666D641000000000000000056
:10638000000000000000000000000000143FC63BB9
:10639000FE65773C000000000000000000000000E7
:1063A000368DA740368DA740DB0F49400000704175
:1063B00000000000CDCCCC3D010000003333333F62
:1063C000000000006666E63E0000204100005041EB
:1063D0000000D0400000E0410000003F295C8F3DFC
:1063E0004260653B0AD7A33BCD4C024366668A43B5
:1063F0000000C040000060409A99993F0000C03FF3
:1064000000006041C3F5E83F00000000010000000B
:10641000CDCC4C3F000000000000003F0000404198
:1064200000006041000000410000F0416666E63E69
:10643000295C8F3DA69BC43B6F12033C33338341E1
:1064400066668D4333337342000040409A99993F0A
:106450000000C03F000040411F850B4000000000CD
:10646000010000009A99993F9A99193F3333B33E3E
:1064700000007041000020410000D0400000B04109
:106480009A99193F8FC2753D295C0F3DCDCC4C3D8B
:1064900000009C41CDCC2C42333331420000C03F40
:1064A0000000803F0000803F000020410000803F4E
:1064B00000000000010000009A99993F9A99193F45
:1064C0003333B33E00007041000020410000C04063
:1064D0000000B0413333333FAE47613D295C0F3D8F
:1064E000CDCC4C3D9A99034200002F43666688420A
:1064F0000000C03F0000803F0000803F00002041BE
:10650000713D4A3F00000000010000006666663FE2
:106510006666E63ECDCCCC3E0000504100003041E6
:106520000000F0400000C041CDCC0C3F8FC2753D53
:106530008FC2753C0AD7A33C000070410000344272
:106540000000C841000020409A99993F9A99993FCC
:10655000000030419A99993F0000000001000000BE
:106560000000803F0000003F3333B33E0000404155
:10657000000020410000E0400000A041CDCC0C3FD5
:10658000B81E853D0AD7A33C8FC2F53C0000000031
:1065900066665042CDCCE441000000400000803FE0
:1065A0000000803F000010413D0A973F00000000BE
:1065B000020000000000C03FCDCCCC3E0000003FF8
:1065C0000000A041000040410000A0400000C84180
:1065D0000000003FCDCCCC3D0AD7A33C8FC2F53C98
:1065E000000000000000000000000000000020404B
:1065F0009A99993F0000C03F000040410000000010
:106600000AD7A33D030000000000A04000000000E6
:106610000000003F0000000000000000000000003B
:106620000000A040000000000000003F000000004B
:106630000000003F0000000000000000000000001B
:1066400000000000000000000000C03F000000004B
:1066500000000000CDCC4C3E0300000000000040D4
:10666000000000000000003F0000000000000000EB
:106670000000000000002041000000009A99993EAF
:1066800000000000CDCC4C3E0000000000000000E7
:1066900000000000000000000000000000000040BA
:1066A00000000000000000009A99193E030000005D
:1066B0000000C03F000000000000003F000000009C
:1066C0000000000000000000000040410000000049
:1066D0000000803E00000000CDCCCC3D000000005A
:1066E00000000000000000000000000000000000AA
:1066F000000020400000000000000000CDCCCC3D98
:106700000000003F0000003FCDCC4C3E0000804028
:1067100000008040CDCC4C3FE001B8005C00290077
:1067200014000A000500CC01FA00B800620029003C
:1067300014000A000500100E6C3E0020030100004A
:106740000AD7A33B000000000000F041A69BC43A1A
:10675000DC5F0308E438002003060000282CF13930
:1067600000000000713D6A40EBF5F634DC5F030881
:10677000483E0020030400000000803F00000000AD
:10678000000048430000E03FF4610308227D002040
:10679000000000000000803F000000000000803F7B
:1067A00000000000E45F0308543E0020030A0000DC
:1067B0008FC2753C000000000000F0410AD7233C66
:1067C000EC5F0308B43B0020030100000AD7A33BA1
:1067D000000000000000F041BC74133BDC5F0308C4
:1067E000E038002003060000E2E9953C00000000CC
:1067F000713D6A4009E1D13BDC5F0308903B00201A
:10680000030400000000803F000000000000484337
:106810000000E03FF461030878A6002000000000BB
:106820000000803F000000000000A0400000A040E9
:10683000E45F03089C3B0020030A00008FC2753C04
:10684000000000000000F0410AD7233CEC5F030881
:1068500024410020030100000AD7A33B00000000F0
:106860000000F0418FC2753BDC5F03087C3E0020D6
:106870000302000017B7D1380000000000000040FC
:10688000BD370636DC5F0308888100200000000069
:106890000000803F000000000000A0400000000059
:1068A000E45F030804A10020000000000000803F16
:1068B000000000000000804000000000E45F0308CA
:1068C00084000020000000000000803F0000000065
:1068D0000000A04000008040E45F0308AB8E002071
:1068E000000000000000803F0000000000007F4327
:1068F0000000B041F45F0308703000200000000089
:106900000000803F00000000000070410000000017
:10691000E45F0308682E0020030000000000803FB1
:10692000000010410000A0419A991941FC5F030842
:10693000F805002003080000CDCCCC3D000000008D
:106940000000A041CDCCCC3DDC5F0308000000007E
:10695000030000000000803F0000000000007F43B3
:106960000000000000000000B4380020030E00000A
:106970000AD7233C000000000000803F0AD7A33C58
:106980000060030890380020030E00000AD7233C63
:10699000000000000000803F0000000000600308CD
:1069A000AC380020030E00000AD7233C0000000092
:1069B0000000803FCDCC4C3D006003084C3E0020E1
:1069C00003050000CDCC4C3D0000000000007A43E0
:1069D000CDCC4C3CDC5F0308943B00200305000059
:1069E000CDCC4C3D0000000000007A43CDCC4C3CA7
:1069F000DC5F0308FC05002003080000CDCCCC3D83
:106A0000000000000000A041CDCCCC3DDC5F0308BD
:106A100034000020031000000000803F0000000050
:106A200000007F430000C84104600308C43B00200D
:106A30000302000017B7D13800000000000000403A
:106A4000BD370636DC5F030818210020030700006D
:106A50008FC2753D00000000000070418FC2F53C00
:106A6000DC5F03087C3B0020030600000000803F41
:106A700000000000713D6A40931ADA39DC5F0308B8
:106A8000B8380020030000000AD7233CCDCC4C3E90
:106A90000000003F9A99993E00600308D00F002043
:106AA000030000000AD7233C00000000CDCC0C3FBF
:106AB0000AD7A33BDC5F03088081002003000000AD
:106AC0000000803F000000000000F0410000204175
:106AD0000860030898BD0020030B000035FA8E3CC7
:106AE00000000000960A863F7EC3643E0C600308E7
:106AF00000000000000000000000803F00000000D7
:106B000000007F4300000000000000000C00002097
:106B1000000000000000803F000000000000004076
:106B200000000040E45F03080000000000000000D7
:106B30000000803F00000000000080410000E040B5
:106B40000000000071300020000000000000803FC5
:106B500000000000000070410000803FE45F030877
:106B600048000020030000000000803F00000000FB
:106B70000000003FCDCC4C3E00000000848100208E
:106B8000030E00000AD7233C000000000000803FF5
:106B900000000000006003086421002003070000DB
:106BA0000000803F00000000000070410000A04095
:106BB000DC5F030872300020000000000000803F0E
:106BC000000000000000704100000040E45F030886
:106BD00073300020000000000000803F0000000033
:106BE0000000704100004040E45F0308F500002011
:106BF000000000000000803F000000000000D041C5
:106C000000008040E45F030805A1002000000000B0
:106C10000000803F000000000000E0400000004055
:106C2000E45F0308C4380020030000000000803F38
:106C300000000000000048420000404010600308CF
:106C400089810020000000000000803F000000005B
:106C50000000F04100007041F05F0308C100002017
:106C6000000000000000803F000000000000E04045
:106C700000000040E45F03085021002003070000EB
:106C80000AD7233C000000000000704117B7513ABA
:106C9000DC5F030876300020000000000000803F29
:106CA00000000000000070410000C040E45F0308E5
:106CB00075300020000000000000803F0000000050
:106CC000000070410000A040E45F03088A810020BA
:106CD000000000000000803F000000000000FE42B5
:106CE00000000000F45F03084400002003000000DF
:106CF0000000803F00000000000048420000C84142
:106D0000000000005C2E0020031500000000803F02
:106D10000080BB4400401C460080BB441460030854
:106D200074300020000000000000803F00000000E0
:106D30000000704100008040E45F03087B300020C9
:106D4000000000000000803F0000000000007041D3
:106D500000003041E45F0308102100200307000019
:106D6000022B873C0000000000007041022B873B93
:106D7000DC5F03088C810020030000000000803FDE
:106D80000000000000007F430000204100000000E0
:106D9000AC100020030000000AD7233C000000BF15
:106DA0000000003F00000000006003087930002070
:106DB000000000000000803F000000000000704163
:106DC00000001041E45F03081421002003070000C5
:106DD0006F12833B0000000000007041ACC5A73873
:106DE000DC5F030800000000000000000000803F9E
:106DF0000000000000007F430000000000000000D1
:106E00001C210020030700000000803F000000005C
:106E1000000070410000803F1060030838410020EE
:106E2000030D000035FA8E3C00000000378D27412D
:106E3000910A064018600308A4380020030E0000E1
:106E40000000803F000000000000803F9A99193E3A
:106E5000000000009C380020030E00000AD7233CED
:106E6000000000000000803F0AD7233C00600308B8
:106E70000000000003000000CDCC4C3D00000000ED
:106E800000007F430000803FDC5F0308983800204B
:106E9000030B000035FA8E3C00000000960A863F86
:106EA000960A863F0C60030868210020030B00004F
:106EB00035FA8E3C00000000960A863FE866DF3E09
:106EC0000C6003088C380020030F00000AD7233C15
:106ED000000000000000003F0000000020600308E8
:106EE000A0380020030E00000AD7233C0000000059
:106EF0000000803F0000803E00600308D82F002083
:106F0000000000000000803F000000000000804002
:106F100000008040E45F0308000000000300000060
:106F20000000803F0000000000007F4300000000E0
:106F300000000000AA8E0020000000000000803F3A
:106F40000000000000007F4300009642F45F030849
:106F5000A03B0020030B000035FA8E3C000000002F
:106F6000960A863F960A063F0C6003080000000060
:106F7000030000000000803F0000000000007F438D
:106F80000000804024600308583E0020030B0000EE
:106F900035FA8E3C00000000960A863F960A063FAE
:106FA0000C60030838000020030000000000803F50
:106FB0000000C84100007F4300004842046003080D
:106FC0006C210020030B000035FA8E3C000000000D
:106FD000960A863FC7B8B23E0C6003087C38002092
:106FE000030000000000803F00000000CDCC4C3EBC
:106FF000A69B443B20600308E8000020030E00002D
:107000000AD7233C000000000000803FCDCC4C3F5D
:107010000060030894380020030C000035FA8E3C11
:10702000C7B8B2BEC7B8B23E000000000C6003088B
:10703000803E0020030D000035FA8E3C0000000069
:10704000378D2741910A864018600308C83B00200D
:10705000030D000035FA8E3C00000000378D2741FB
:10706000910A064018600308642E002003120000F5
:107070000000803F0000000000007F43000000008F
:107080002C60030860000020031100000000803F16
:107090000000000000007F4300009441FC5F0308F3
:1070A00088380020030E00000AD7233C00000000AF
:1070B0000000803FCDCC4C3E0060030884380020A7
:1070C000030E00000AD7233C000000000000803FB0
:1070D000000000000060030870210020030D000084
:1070E00035FA8E3C00000000378D2741960A063F96
:1070F00018600308C0000020000000000000803F6E
:10710000000000000000A04000008040E45F030891
:10711000344100200300000017B7D1370000000001
:10712000CDCC4C3DBD378635DC5F03080000000048
:10713000000000000000803F0000000000007F43CE
:10714000000000000000000000000000000000003F
:107150000000803F000000000000C8420000000066
:10716000E45F03087A300020000000000000803F48
:10717000000000000000704100002041E45F0308AF
:1071800077300020000000000000803F0000000079
:10719000000070410000E040E45F03087830002008
:1071A000000000000000803F00000000000070416F
:1071B00000000041E45F03080041002003040000D8
:1071C0000000803F00000000000048430000403FF6
:1071D000F46103080441002003050000CDCC4C3DC0
:1071E0000000000000007A43CDCC4C3CDC5F03087B
:1071F0000C410020030A00000ADA643A0000000093
:107200000000F0418FC2F53CEC5F0308EC38002031
:1072100003060000CDCC4C3D00000000713D6A40EB
:107220008FC2753BDC5F0308A98E002000000000C0
:107230000000803F00000000000080400000803F10
:10724000E45F03080839002003060000C98E8D3969
:1072500000000000713D6A4084F49034DC5F030854
:1072600094000020030000000AD7233C0000000027
:107270000000803E0000803E00600308803800204F
:10728000030000000000803F000040C0000000003C
:107290000000C0BF106003080000000000000000F4
:1072A0000000803F0000000000007F43000000005D
:1072B0000000000098000020030000000000803F54
:1072C000000000000000F0410000803F1060030853
:1072D00058210020030000000000803F0000000053
:1072E0000000204100008040086003085C2100206D
:1072F000030000000000803F000000000000F0419B
:1073000000004040086003082841002003030000FB
:107310006F12833A000000000000004000000000EF
:10732000DC5F030830410020030000000AD7233C43
:10733000000000000000004052499D39DC5F030856
:1073400000000000030000000000803F000000007B
:1073500000007F430000000000000000000000006B
:10736000030000000000803F0000000000007F4399
:1073700000000000000000001000002003000000DA
:107380000AD7233C9A99193E0000803FCDCCCC3ED1
:107390000060030800000000030000000000803FC0
:1073A0000000000000007F4300000000000000001B
:1073B000EC2F0020030E00000AD7233C0000000041
:1073C0000000803F0AD7A33C006003086021002032
:1073D000030000000000803F0000000000007A442D
:1073E0000000484308600308640000200300000018
:1073F0000000803F000000000000C8410000704114
:1074000008600308A88E0020000000000000803FF4
:10741000000000000000004000000000E45F0308DE
:10742000F4000020000000000000803F0000000089
:10743000000070420000A040F05F0308F000002050
:10744000030000000AD7233C000000000000003FBA
:107450009A99193E006003087C8100200306000011
:107460006F12833A00000000713D6A4017B751382F
:10747000DC5F0308C0380020030000000000803FEC
:107480000000000000004842000040401060030877
:1074900078810020030000000AD7233C0000000090
:1074A0000000A0410000000000600308BC3800207C
:1074B000030000000000803F000000000000704159
:1074C00000004040086003080000000000000000C9
:1074D0000000803F0000000000007F43000000002B
:1074E00000000000EC000020000000000000803FD1
:1074F000000000000000A0400000803FE45F03089F
:1075000000000000000000000000803F00000000BC
:1075100000007F430000000000000000A78E002054
:10752000000000000000803F000000000000E0407C
:1075300000000000E45F03080000000000000000FD
:10754000000000000000F0410000000000000040CA
:107550000000000000000040000000000000484360
:107560000000000000007A4300000000713D6A4006
:107570000000000000007041000000000000A04179
:10758000000000000000A041000000000000F041E9
:1075900000000000960A863FC7B8B2BEC7B8B23E28
:1075A00000000000378D2741000000000000803FF0
:1075B000000000000000003F0000000000007F43CA
:1075C0000000000000007F430000000000007F4337
:1075D0000000000000007A44000000000000484263
:1075E0000080BB4400401C460000000000007042C8
:1075F0000201010202000000787D8B3A0AE89C3A01
:10760000000000460003000001010002D00000005D
:10761000000000000000000001000002EE00000079
:107620000000000000000000010000023C0000001B
:10763000000000000000000001000002A0000000A7
:10764000000000000000000000000000000000003A
:10765000000000000000000000000000000000002A
:10766000000000000000000000000000000000001A
:10767000000000000000000000000000000000000A
:1076800000000000000000000000000000000000FA
:107690000000000000000000010000033C000000AA
:1076A00000000000000000000000000000000000DA
:1076B00000000000000000000000000000000000CA
:1076C0000000000000000000000000000030014049
:1076D00000000240200005000000024040000600BB
:1076E0000000024080000700000000000038004059
:1076F0000004024000200D000004024000400E0083
:107700000004024000800F0000000000003C004028
:107710000008024000040A000008024000080B00B4
:107720000008024000100C000000000000000000F3
:107730000000000000000000000000000000000049
:1077400000000000000000000054004000000000A5
:107750000000000000000000000000000000000029
:1077600001000000005800400004024000040A002C
:107770000004024000080B000400000001000000AB
:10778000005C0040000002400001080000080240C8
:1077900000020900040000000000000000000000DA
:1077A00000000000000000000000000000000000D9
:1077B00000000000000000000000000000000000C9
:1077C00000000000000000000000000001000000B8
:1077D00000100140000002400002090000000240C9
:1077E00000040A0000C2010000000020000725007C
:1077F00000000008B86402404600000088640240AF
:107800000100000000440040000C02402000050080
:10781000000C02404000060000C2010000000020F1
:107820000007260000000008A060024011000000D0
:10783000886002400100000000480040000C024047
:1078400000010800000C02400002090000C2010013
:1078500000000020000727000000000858600240D8
:107860000E0000002860024001000000004C0040B3
:107870000008024000040A000008024000080B0053
:1078800000C20100000000200008340000000008D1
:10789000706002400F0000004060024000000000E5
:1078A00000000000000000000000000000000000D8
:1078B00000000000000000000000000000000000C8
:1078C00000000000000000000000000000000000B8
:1078D00001000000000000000000000000000000A7
:1078E0000000000000000000000000000000000098
:1078F0000000000000000000000000000000000088
:1079000000000000010000000020014000080240CB
:10791000010000000A00000001000000000000005B
:10792000106402400100000001000000002001403E
:1079300000080240020001000B00000001000000EE
:10794000000000001064024002000000010000007E
:107950000020014000080240040002000C0000006A
:10796000010000000000000010640240030000005D
:107970000000000000000000000000000000000007
:1079800000000000000000000000000000000000F7
:1079900000000000000000000000000000000000E7
:1079A00000000000000000000000000000000000D7
:1079B00000000000000000000000000000000000C7
:1079C00000000000000000000000000000000000B7
:1079D00000000000000000000000000001000000A6
:1079E000000C024000200D0001000000000000001B
:1079F0000000000000000000000000000000000087
:107A00000000000000000000000000000000000076
:107A100001000000000C024000400E0001000000C8
:107A20000000000000000000000000000000000056
:107A30000000000000000000000000000000000046
:107A40000000000001000000000C024000080B00D4
:107A50000100000000000000000000000000000025
:107A60000000000000000000000000000000000016
:107A7000000000000000000001000000000C0240B7
:107A800000100C00010000000000000000000000D9
:107A900000000000000000000000000000000000E6
:107AA00000000000000000000000000001000000D5
:107AB0000010024000400E00010001000000000024
:107AC00000000000000000000000000000000000B6
:107AD00000000000000000000000000000000000A6
:107AE000010000000004024001000000000001004D
:107AF0000000000000000000000000000000000086
:107B00000000000000000000000000000000000075
:107B100000000000010000000010024000200D00E5
:107B20000000010000000000000000000000000054
:107B30000000000000000000000000000000000045
:107B400000000000000000000100000000100240E2
:107B500000080B0001000100000000000000000010
:107B60000000000000000000000000000000000015
:107B70000000000000000000000000000000000005
:107B800000000000000000000000000000000000F5
:107B900000000000000000000000000000000000E5
:107BA00000000000000000000000000000000000D5
:107BB00000000000000000000000000000000000C5
:107BC00000000000000000000000000000000000B5
:107BD00000000000000000000000000000000000A5
:107BE0000000000000000000000000000000000095
:107BF0000000000000000000000000000000000085
:107C00000000000000000000000000000000000074
:107C10000000000000000000000000000000000064
:107C20000000000000000000000000000000000054
:107C30000000000000000000000000000000000044
:107C40000000000000000000000000000100000033
:107C500000040240000209000200010001000000CF
:107C6000000800400C000000400800400200000036
:107C70000000000000000000000000000000000004
:107C800001000000000402400001080002000100A1
:107C90000100000000080040080000003C0800400F
:107CA00002000000000000000000000000000000D2
:107CB00000000000010000000004024080000700F6
:107CC0000200010001000000000800400400000064
:107CD0003808004002000000000000000000000022
:107CE000000000000000000001000000000402404D
:107CF00040000600020001000100000000080040F2
:107D000000000000340800400200000000000000F5
:107D10000000000000000000000000000100000062
:107D200000080240400006000200010001000000BF
:107D30000004014000000000340401400300000082
:107D40000000000000000000000000000000000033
:107D5000010000000008024080000700020001004E
:107D6000010000000004014004000000380401404C
:107D70000300000000000000000000000000000000
:107D800000000000000000000000000000000000F3
:107D900000000000000000000000000000000000E3
:107DA00000000000000000000000000000000000D3
:107DB00000000000000000000000000000000000C3
:107DC00000000000000000000000000000000000B3
:107DD00000000000000000000000000000000000A3
:107DE0000000000000000000000000000000000093
:107DF0000000000000000000000000000000000083
:107E00000000000000000000000000000000000072
:107E10000000000000000000000000000000000062
:107E20000000000000000000000000000000000052
:107E30000000000000000000000000000000000042
:107E40000000000000000000000000000000000032
:107E500000000000010000000000024002000100DC
:107E60000100010000000000000000000000000010
:107E70000000000000000000000000000000000002
:107E800000000000000000000100000000000240AF
:107E9000010000000200010001000000000000409D
:107EA00000000200000000000100000000000000CF
:107EB00000000000000000001C00000028371543EF
:107EC00028370B43283701434F6EEE424F6EDA429C
:107ED0004F6EC6424F6EB2424F6E9E424F6E8A4206
:107EE0009FDC6C429FDC44429FDC1C423EB9E9416E
:107EF0003EB999417C72134145D848BF848D2CC14D
:107F0000C246A6C1C246F6C1612323C261234BC249
:107F1000612373C2B1918DC2B191A1C2B191B5C2B9
:107F2000B191C9C2B191DDC2B191F1C2D8C802C349
:107F3000D8C80CC3D8C816C3D8C820C3D8C82AC349
:107F4000283733432837294328371F432837154319
:107F5000E27D0143D27CEA424B35D44281D8BF4214
:107F60003907AD4244649B427D9E8A4281E9744256
:107F7000C56C554237833642BA001842DA8FF34156
:107F8000EC80B741DA387741145CFE405F24C43E90
:107F9000938CE9C0AE5872C14F9EB9C122ECFBC1AF
:107FA000F01320C2712643C2082967C2EC0F86C2B3
:107FB000DF1099C222B0ACC24F16C1C24B7CD6C2F0
:107FC000AF28EDC29BB302C3D9BA0FC370B11DC3B2
:107FD00049722CC39A602C43F24F1D43EAE40E43CE
:107FE000E27D0143C52BAB4231589B42209E8E421D
:107FF00040BA83421DB4734238B86042E47A4D42BD
:108000001D3839426480234282450C420FAEE7415D
:108010008B94B541C3988341418E2541378E8D4065
:108020001F2EB5BFD7C0EBC0BE875AC15EA2A3C189
:10803000C168DEC1EB760EC233ED2EC2BCD94FC291
:1080400005AB70C2129088C224AB98C2E4E7A8C204
:1080500032C6B9C2032CCCC289CFE1C25749FEC295
:1080600065B814C358043143B86C0A439E44E042D7
:108070004574C042C52BAB42E18B3E420C65394290
:10808000F68B334274DE2D428A882842EB05234268
:10809000DE281C42356C12427B8604421FDDE34120
:1080A000D240B641CF438341BBE11E41522C7B40BD
:1080B000D673A2BF5778B7C02E4A1FC1CC8B69C1F7
:1080C0002569A1C139B4D6C10B3809C22D3228C2E5
:1080D000D52C46C263AB61C2BEDC79C23D2B87C2E0
:1080E000CB578FC24EFA94C26BD496C2037591C21D
:1080F0002BA172C28340A6C19D8BD24141942A42DA
:108100006C983D42C72E4142E18B3E42CFC3F741BE
:10811000A375F9414E5CF7411A1DF4412895F141D0
:108120002F97F041A7B3EF41309EEA41D589DB415B
:108130000FBFBD41DFEC8F4165532B4172BF3B4008
:10814000EBAD80C03F1114C153964BC1CFAC72C18F
:108150009F7C8DC175F0AAC12C71D6C13F8306C228
:108160004A1523C2F3E83CC2D38151C245675FC2BE
:10817000005A65C2548F61C21ED050C28D9F2EC25C
:108180001AE3F1C1F74C5CC1E206EC3F2CF15D4112
:108190009722B041AC6DD8416F6AEE41CFC3F74131
:1081A00028DBB2410F05B74162A1B741002EB641AD
:1081B000AA02B441F2F5B24126DEB341481CB441F3
:1081C000CEC7AC41381B95416AC14E410725984046
:1081D000C19089C06C1542C10F968BC1D6E2A2C175
:1081E000FCAFADC134E8B1C165A5B7C1C067CCC1B2
:1081F000EE7CF4C10AF111C2185226C2074E33C2F6
:108200005D9E36C249EB2EC285651BC275EBF7C178
:1082100049CBA8C1EE0835C1314240C04E7F7E40F7
:1082200021021F4144866D415EA394411C5FA84119
:1082300028DBB24180AB86413D898A411D3D8C419E
:1082400072338C4123338A41A32F8741A52B85416B
:10825000FF2C84416D2D7D41F0335341912CF04032
:1082600095D481BF57F824C1BFE58EC1112AB4C18E
:108270008A3CC6C11725CCC13E6EC5C1905AB1C15A
:108280005E63A1C1AFBCABC1E9E0CBC19912EDC146
:108290009048FFC1445DFBC1ABE1E1C17F01B7C1C3
:1082A0003A407FC1862C0EC163B45AC04E9CDC3E5E
:1082B00006F57740772DEE4083A32D4123CA5B411D
:1082C000AF147C4180AB86411BAA52413ED056413F
:1082D000D2185941E1625A413BFC5741D7B4504151
:1082E0009FB048415DC44241E151354129F90941FE
:1082F000B77A3640F4FDAFC087FE60C139FFA3C135
:10830000D1E8BFC156C8C7C1E313C1C1A29DAAC16C
:108310004E7483C17A5F35C1132C11C1199C2BC1D6
:10832000B1F966C174648AC1448B8DC186727CC107
:10833000FAE143C11939F2C0894140C03E5CF2BD47
:108340009B1BB33F9B3849403A5DB440AD2F05417C
:1083500044862B41FD4146411BAA52414D782E4196
:10836000261E2E4170FC2C417ED72D4136CD2C414E
:108370000F6226411DAC1E4146EB1741E6960641B1
:1083800061C3AB403D2CF4BE0A2E04C1DC917AC11E
:108390005316A6C1A251B6C10332AFC1211F97C166
:1083A000A57768C1829018C1A04F9DC08DEEF4BF23
:1083B00047E6E1BF771088C0B398E5C0D5E708C1AC
:1083C000457002C1B493CCC0E3C762C005FA24BFB4
:1083D0005BB14F3FAB3E933F5D16074034BA8540DB
:1083E000B2F4D2409ED20C41795D25414D782E41A8
:1083F000A1101B418D0B1841EDBB1341C81814414E
:10840000F8881441B3B50F417E1809417EC600417A
:10841000AE2AD24044344440E04A30C03B191CC12B
:108420004DB27EC1A9079DC12CDAA0C1CFF78CC186
:10843000893556C100D70CC13CA09AC0AB26D0BF2D
:10844000C1C55A3F4E9CDC3F89EFB43E672C00C04B
:10845000E67465C04AEF7BC00E4F53C001FBE4BF1A
:10846000488A08BEEE08D73E4018183EC0CF383FB5
:10847000D59527405CACA0400118EB404D10114150
:10848000A1101B410DE00F41685C1041B4F10C419B
:10849000D3070F4153791241EAE70F41F5E707414E
:1084A0003E79F1400C3CAC406132A53FA1A190C0A7
:1084B000E3A52BC1A8D279C1C3078FC199A488C1F4
:1084C0000D0E5EC150C218C169E3AAC09FC809C0A1
:1084D000E50AEF3D2D9501407407434047E6134000
:1084E000228EF53EEC6977BFD34DC6BF87E1C3BF8F
:1084F000F8FC80BF0A9DD7BE658D22BF1B0DB0BFA3
:10850000A1B996BF6F47F83ECE883C4078D1B340C2
:10851000C520FC400DE00F41EAB200416D280E413C
:10852000FBF41341A34C1C4192DC2441B84025418B
:1085300060BC1941E145FE4067279A40D9CEB7BDDE
:10854000793BC3C03C773AC1BB1B74C1094481C1AC
:10855000615468C1DE9F33C198DDE7C062845CC0AE
:1085600032031DBF4165A03FBB27314052D56E404D
:108570001C7C57409A5FFD3F60EA3F3F54E3053E55
:108580004F5842BE3350D9BEDAAC5ABF2445F8BF6B
:10859000687952C0F2D267C0DE8E16C03EEDB03DA3
:1085A00071AC4740F0BFC140EAB20041255DCE400A
:1085B000B47608419F1F204157213441F62343419F
:1085C000CB2146413108374181EC1041C9E59B4040
:1085D0004D1089BF26C7F2C0C6504CC1458D75C12C
:1085E0001F6873C17CFE50C1D3D91CC19F3CC3C05E
:1085F0009ED221C0FC6F853E431C0740C3475E40AE
:10860000EFFE8C4019C58D40CD06674085EB2B40B1
:108610005D3301408FDFAB3FB471B43E5E6397BF03
:10862000A06C56C0AC39B0C0E691CEC0E960B3C012
:10863000653650C0B1DC523CFCC65F40255DCE4083
:108640006F9E93405F46FD401FCB2A4173CB4D4147
:108650002D8964412996694135245741ADEE264163
:108660004547A640A5BDF9BF072514C1090A67C142
:108670007AAA83C16B8E7BC1729653C1FE9A1DC1CB
:10868000CE8DC4C051F721C09B38F93E5BCE2B4044
:10869000FF95894089D2B0408447C640486DC640A6
:1086A000D174B74022719D4054746640740CC43F2D
:1086B0000B7BB2BF670F9CC06440FEC041E516C192
:1086C000B29D0DC1247FD0C0D3D943C0C8D2573F7B
:1086D0006F9E934000004E40BA4EED40BD183341AE
:1086E0009285644187908241AF2B8741390B794154
:1086F00017D93C41E59BA640348063C042A63FC1E8
:108700003C718BC12DCF99C1586291C1841276C141
:10871000A1213BC1D9CEF4C0C78068C03D2C54BC58
:1087200075C83F40FAF2AE407AFCF140EB101441BC
:10873000F0162541CCDD2741D2A918416952E84005
:10874000C72E6340DB33ABBF0534D0C0F5E728C18B
:10875000F63446C13FA93CC1641214C1C3F5AFC091
:10876000EC6997BF00004E4009502140AA9AEA40A8
:108770005BA53C41B36F7941D05592411D789A4138
:108780006AD88E41F2354F4153E87E401119F1C04D
:108790006D628CC15391B9C123D5C4C19897B8C13A
:1087A0009D349EC122F177C1AAC82BC1253BBBC015
:1087B00081958FBF2C2B51403D9BE840DA382E41EC
:1087C000A7966041F55083412E398C41F6238641AE
:1087D0001CB1584167D5F340ED2A64BEF5B9FCC021
:1087E000761A53C1DA7E73C1364D65C11EFE35C19E
:1087F000EFE1E5C0FE261AC009502140BCE8014067
:1088000024D6EB40D6EE45413AAF85414E2E9F41EE
:10881000D4EBA841C1CA9741E76F3641B1F92CC0EA
:10882000AC8596C1B947EDC1F88A07C2464E06C26B
:1088300083B4F4C1975CD0C103C9A4C12C486AC1F8
:108840000A1D07C19DD70CC016187C40C5AC1D4140
:10885000AAC3764182A8A3416120C541B594DB41FA
:10886000A655E0419178C941E8538C414AEFAF40A9
:10887000AD4CD7C09C5069C179C68AC10A2E83C14C
:108880004A5252C14A6F09C119E258C0BCE80140BE
:10889000CAE0D83E9487B540F1572741BBFE6241FC
:1088A000D27B7D41171A57415AF553407A8D88C1C2
:1088B0002A7A17C23DA441C28FFF4AC243A742C2CF
:1088C000B8D530C26C9E19C2064CFEC1264DC5C13A
:1088D000EFC989C1FDA419C1E57EF3BFBB44B9400E
:1088E0006F2F5641B953A6412703DF414AD80942A9
:1088F00043052142D007334286233C42C307354219
:10890000BCB91042B5328E415AF5CDBF27E641C100
:10891000DB3F6EC1D20C56C1E18B1AC102F19AC085
:10892000CAE0D83E21C332C321C328C321C31EC31A
:1089300021C314C321C30AC321C300C34286EDC2AD
:108940004286D9C24286C5C24286B1C242869DC213
:10895000428689C2830C6BC2830C43C2830C1BC248
:108960000719E6C1071996C10E320CC1936F9E3FDD
:10897000F2CD3341F9E6A941F9E6F9417DF324420C
:108980007DF34C427DF37442BE798E42BE79A242A1
:10899000BE79B642BE79CA42BE79DE42BE79F242A3
:1089A000DF3C0343DF3C0D43DF3C1743DF3C214307
:1089B000DF3C2B4321C332C30100000002050A0A39
:1089C0000A0105000001020A0A0A01050505010263
:1089D0000A0A0A0102020502020A0A0A0101020544
:1089E00002010A0A0A000000000304000102060551
:1089F00032000000CDCCCC3E0000A040460000007C
:108A0000CDCC4C3E6666CE4064000000CDCC4C3EE2
:108A1000CDCCF44001000000CDCC4C3E0000C03F66
:108A2000010000000000803F0000B0400000000096
:108A300000000000000000000B300B500B330B3126
:108A40000B001002100210021010210E2108210943
:108A5000210B210F210D0A050A090A0B0A020A0639
:108A60000A070A210A2E0A080160012201310104C5
:108A70000140010901340101010201070135013200
:108A8000010601030130012401230120012101110C
:108A900001120230023102100215021102130220EB
:108AA0000D110D160D130D040D030D120D010D0604
:108AB0000084030000C2010000E1000000960000F5
:108AC000004B0000802500000000000001020304AC
:108AD000010203040607080959F3F8C21F6EA50135
:108AE000000000000000F03F0000000000000080D7
:108AF000182D4454FB210940182D4454FB2109C072
:108B0000182D4454FB21E9BFD221337F7CD9024088
:108B1000D221337F7CD902C0763C7935EF39EA3DEA
:108B2000763C7935EF39EABD0000E0FE422EE63FA3
:108B30000000E0FE422EE6BF000000000000E03F23
:108B4000000000000000E0BFE2652F227F2B7A3C8E
:108B5000075C143326A6813CBDCBF07A8807703CB5
:108B6000075C143326A6913C4FBB610567ACDD3F23
:108B7000182D4454FB21E93F9BF681D20B73EF3F44
:108B8000182D4454FB21F93F00000080DB0F4940C1
:108B9000DB0F49C0DB0F49BFE4CB1640E4CB16C066
:108BA000D1F71737D1F717B78071313F807131BFD7
:108BB0000000003F000000BF000FC93F000F494008
:108BC00000CB9640000FC9400053FB4000CB16413C
:108BD00000ED2F41000F49410031624100537B41BC
:108BE000003A8A4100CB9641005CA34100EDAF41C1
:108BF000007EBC41000FC94100A0D5410031E241D7
:108C000000C2EE410053FB4100F20342003A0A4227
:108C10000083104200CB164200141D42005C234228
:108C200000A5294200ED2F4200363642007E3C422C
:108C300000C74242000F4942A2000000F9000000B4
:108C4000830000006E0000004E00000044000000A1
:108C50001500000029000000FC00000027000000B3
:108C600057000000D1000000F500000034000000B3
:108C7000DD000000C0000000DB000000620000001A
:108C800095000000990000003C0000004300000037
:108C90009000000041000000FE00000051000000B4
:108CA00063000000AB000000DE000000BB0000001D
:108CB000C500000061000000B700000024000000B3
:108CC0006E0000003A000000420000004D0000006D
:108CD000D2000000E0000000060000004900000093
:108CE0002E000000EA00000009000000D100000092
:108CF000920000001C000000FE0000001D000000AB
:108D0000EB0000001C000000B10000002900000082
:108D1000A70000003E000000E80000008200000004
:108D200035000000F50000002E000000BB00000030
:108D30004400000084000000E90000009C000000E6
:108D40007000000026000000B40000005F0000007A
:108D50007E0000004100000039000000910000008A
:108D6000D60000003900000083000000530000001E
:108D700039000000F40000009C00000084000000A6
:108D80005F0000008B000000BD000000F900000043
:108D9000280000003B0000001F000000F800000059
:108DA00097000000FF000000DE000000050000004A
:108DB000980000000F000000EF0000002F000000EE
:108DC000110000008B0000005A0000000A000000A3
:108DD0006D0000001F0000006D0000003600000064
:108DE0007E000000CF00000027000000CB00000044
:108DF00009000000B70000004F000000460000001E
:108E00003F000000660000009E0000005F000000C0
:108E1000EA0000002D00000075000000270000009F
:108E2000BA000000C7000000EB000000E5000000F1
:108E3000F10000007B0000003D0000000700000082
:108E400039000000F70000008A0000005200000016
:108E500092000000EA0000006B000000FB00000030
:108E60005F000000B10000001F0000008D00000046
:108E70005D00000008000000560000000300000034
:108E80003000000046000000FC0000007B000000F5
:108E90006B000000AB000000F0000000CF000000FD
:108EA000BC000000200000009A000000F400000058
:108EB000360000001D000000A9000000E3000000D3
:108EC00091000000610000005E000000E60000006C
:108ED0001B00000008000000650000009900000071
:108EE000850000005F00000014000000A0000000EA
:108EF00068000000400000008D000000FF0000003E
:108F0000D8000000800000004D0000007300000049
:108F100027000000310000000600000006000000ED
:108F20001500000056000000CA0000007300000099
:108F3000A8000000C900000060000000E20000007E
:108F40007B000000C00000008C0000006B000000EF
:108F50006937AC3168212233B40F14336821A2334E
:108F60003863ED3EDA0F493F5E987B3FDA0FC93F29
:108F70000000C93F0000F0390000DA370000A233DA
:108F80000000842E0000502B0000C2270000D022D9
:108F90000000C41F0000C61B0000441704000000AE
:108FA00007000000090000000020202020202020D1
:108FB0002020282828282820202020202020202089
:108FC0002020202020202020208810101010101099
:108FD00010101010101010101004040404040404E5
:108FE000040404101010101010104141414141417F
:108FF0000101010101010101010101010101010161
:109000000101010110101010101042424242424270
:109010000202020202020202020202020202020230
:1090200002020202101010102000000000000000D8
:109030000000000000000000000000000000000030
:109040000000000000000000000000000000000020
:109050000000000000000000000000000000000010
:109060000000000000000000000000000000000000
:1090700000000000000000000000000000000000F0
:1090800000000000000000000000000000000000E0
:1090900000000000000000000000000000000000D0
:1090A000000000000000000000000000F8B500BF54
:1090B000F8BC08BC9E467047F8B500BFF8BC08BCB9
:0490C0009E46704711
:0890C40054FBFC7F01000000D9
:0890CC00C1580308818E000861
:0490D400598E0008A9
:1090D80006000000040000000000803F02000000BD
:1090E800C3F5A83E00000000FF00000000000000DB
:1090F8000000803F4EE640BB0000803F0000484231
:10910800000020410000A041000096420000C84233
:109118000000A0410000C841CDCCCC3E0000803FFB
:10912800010101FF010000000000803F0300000072
:109138000AD7934100007041CAF24971010000004A
:109148000000803F010000000000803F0000803FD9
:109158000000803F05041400DC0300000000803F8D
:10916800030000000000803ECDCC4C3E0000803F54
:109178000000803F0000803F0A0000000000803FA0
:109188000000000000000000000000000000C841CE
:109198000402000064000000640000006400000095
:1091A800B004000000000000E80300000000000018
:1091B800D007000000000000CDCC4C3F01000000AB
:1091C80000007041051A010205DE0108DDDD010815
:1091D8000DDD010800000000E1DB010855DE010893
:1091E800DDDC010821DC01080000000000000000AF
:1091F80015DC0108FF00000009024300020100C05D
:1092080032090400000102020100052400100105D2
:109218002401000104240202052406000107058236
:10922800030800FF09040100020A00000007050105
:109238000240000007058102400000007001002084
:1092480099E00108C1DF01086DDF01080DDF0108A1
:109258003DDF0108F1DE0108D9DE01081DDF010844
:109268002DDF0108000000000000000004030904CD
:10927800120100020000004083044057000201026E
:109288000301000089E1010895E10108B9E101083D
:10929800A1E10108D1E10108E9E1010801E20108C1
:1092A80019E20108D1E201087DE201081DE2010886
:1092B8005DE2010800C201000000080181E8010820
:1092C8008DE8010899E80108A5E80108B1E8010856
:1092D800BDE80108C9E801080500000010F330F3F3
:1092E80010F490F350F8B1E8B2E8000007930A933D
:1092F8000F930B9400000000007A030A0000803FDF
:10930800F87800007878000011A0010000004842B9
:1093180000007A430000B442000000000000000092
:109328000000000000000000000000000000000035
:109338000000000000000000000000000000000025
:109348000000000000000000000000000000000015
:109358000000000000000000000000000000000005
:109368000000004100401C460000704200007A43A3
:10937800000000410500000000000000000000009F
:10938800B8020020000000000000000098BE002085
:1093980000BF002068BF002000000000000000009F
:1093A80000000000000000000000000000000000B5
:1093B80000000000000000000000000000000000A5
:1093C8000000000000000000000000000000000095
:1093D8000000000000000000000000000000000085
:1093E8000000000000000000000000000000000075
:1093F8000000000000000000000000000000000065
:109408000000000000000000000000000000000054
:109418000000000000000000000000000000000044
:1094280001000000000000000E33CDAB34126DE6E1
:10943800ECDE05000B00000000000000000000004A
:109448000000000000000000000000000000000014
:109458000000000000000000000000000000000004
:1094680000000000000000000000000000000000F4
:1094780000000000000000000000000000000000E4
:1094880000000000000000000000000000000000D4
:1094980000000000000000000000000000000000C4
:1094A80000000000000000000000000000000000B4
:1094B80000000000000000000000000000000000A4
:1094C8000000000000000000000000000000000094
:1094D8000000000000000000000000000000000084
:1094E8000000000000000000000000000000000074
:1094F8000000000000000000000000000000000064
:109508000000000000000000000000000000000053
:109518000000000000000000000000000000000043
:109528000000000000000000000000000000000033
:109538000000000000000000000000000000000023
:109548000000000000000000000000000000000013
:109558000000000000000000000000000000000003
:1095680000000000000000000000000000000000F3
:1095780000000000000000000000000000000000E3
:0C9588000000000000000000D0BF002028
:040000050803107567
:00000001FF
