:020000040800F2
:10000000000002200510030869600108B9620108B8
:10001000D1620108D5620108D96201080000000020
:10002000000000000000000000000000DD62010888
:10003000E162010800000000E56201084D6001086E
:100040007110030871100308711003087110030880
:100050007110030871100308711003087110030870
:100060007110030871100308711003087110030860
:1000700071100308711003084D64010895640108AC
:10008000711003080564010871100308711003085A
:100090007110030871100308711003087110030830
:1000A0007110030871100308711003087110030820
:1000B00011630108711003087110030865650108D8
:1000C0005D650108756501086D650108711003081B
:1000D00071100308256501082D65010835650108C3
:1000E000711003087110030871D50108E962010855
:1000F000711003087110030871100308DD64010812
:100100007110030871100308996301087110030846
:100110003D65010855650108711003087110030859
:10012000711003087110030871100308711003089F
:10013000711003087110030871100308711003088F
:1001400071100308711003087110030879D50108B4
:100150007110030871100308BD63010871100308D2
:10016000856501087D650108711003087110030899
:10017000711003087110030871100308711003084F
:0801800071100308711003085F
:1080000081F0004102E000BF83F0004330B54FEA49
:1080100041044FEA430594EA050F08BF90EA020FB6
:108020001FBF54EA000C55EA020C7FEA645C7FEA49
:10803000655C00F0E2804FEA5454D4EB5555B8BF6C
:108040006D420CDD2C4480EA020281EA030382EADD
:10805000000083EA010180EA020281EA0303362D6F
:1080600088BF30BD11F0004F4FEA01314FF4801C42
:108070004CEA113102D0404261EB410113F0004F54
:108080004FEA03334CEA133302D0524263EB43030B
:1080900094EA050F00F0A780A4F10104D5F1200EA9
:1080A0000DDB02FA0EFC22FA05F2801841F1000104
:1080B00003FA0EF2801843FA05F359410EE0A5F1D8
:1080C00020050EF1200E012A03FA0EFC28BF4CF009
:1080D000020C43FA05F3C01851EBE37101F00045BF
:1080E00007D54FF0000EDCF1000C7EEB00006EEBCC
:1080F0000101B1F5801F1BD3B1F5001F0CD3490856
:108100005FEA30004FEA3C0C04F101044FEA4452AC
:1081100012F5800F80F09A80BCF1004F08BF5FEA33
:10812000500C50F1000041EB045141EA050130BD13
:108130005FEA4C0C404141EB0101013C28BFB1F525
:10814000801FE9D291F0000F04BF01460020B1FA70
:1081500081F308BF2033A3F10B03B3F120020CDA43
:108160000C3208DD02F1140CC2F10C0201FA0CF021
:1081700021FA02F10CE002F11402D8BFC2F1200C86
:1081800001FA02F120FA0CFCDCBF41EA0C0190403C
:10819000E41AA2BF01EB0451294330BD6FEA040485
:1081A0001F3C1CDA0C340EDC04F11404C4F1200270
:1081B00020FA04F001FA02F340EA030021FA04F382
:1081C00045EA030130BDC4F10C04C4F1200220FAD9
:1081D00002F001FA04F340EA0300294630BD21FA17
:1081E00004F0294630BD94F0000F83F4801306BFDD
:1081F00081F480110134013D4EE77FEA645C18BFD1
:108200007FEA655C29D094EA050F08BF90EA020F67
:1082100005D054EA000C04BF1946104630BD91EA5F
:10822000030F1EBF0021002030BD5FEA545C05D162
:108230004000494128BF41F0004130BD14F58004A1
:108240003CBF01F5801130BD01F0004545F0FE4115
:1082500041F470014FF0000030BD7FEA645C1ABF4A
:10826000194610467FEA655C1CBF0B46024650EA81
:10827000013406BF52EA033591EA030F41F40021AD
:1082800030BD00BF90F0000F04BF0021704730B533
:108290004FF4806404F132044FF000054FF0000108
:1082A00050E700BF90F0000F04BF0021704730B5C9
:1082B0004FF4806404F1320410F0004548BF40429E
:1082C0004FF000013EE700BF42004FEAE2014FEAF3
:1082D00031014FEA02701FBF12F07F4393F07F4FCE
:1082E00081F06051704732F07F4208BF704793F0D1
:1082F0007F4F04BF41F40021704730B54FF46074E4
:1083000001F0004521F000411CE700BF50EA0102E6
:1083100008BF704730B54FF000050AE050EA01028F
:1083200008BF704730B511F0004502D5404261EBFF
:1083300041014FF4806404F132045FEA915C3FF440
:10834000D8AE4FF003025FEADC0C18BF03325FEADD
:10835000DC0C18BF033202EBDC02C2F1200300FA8E
:1083600003FC20FA02F001FA03FE40EA0E0021FAB3
:1083700002F11444BDE600BF70B54FF0FF0C4CF4A1
:10838000E06C1CEA11541DBF1CEA135594EA0C0F53
:1083900095EA0C0F00F0DEF82C4481EA030621EA8E
:1083A0004C5123EA4C5350EA013518BF52EA0335C9
:1083B00041F4801143F4801338D0A0FB02CE4FF07B
:1083C0000005E1FB02E506F00042E0FB03E54FF0AB
:1083D0000006E1FB03569CF0000F18BF4EF0010EA3
:1083E000A4F1FF04B6F5007F64F5407404D25FEA9F
:1083F0004E0E6D4146EB060642EAC62141EA555152
:108400004FEAC52040EA5E504FEACE2EB4F1FD0C93
:1084100088BFBCF5E06F1ED8BEF1004F08BF5FEA11
:10842000500E50F1000041EB045170BD06F00046C3
:1084300046EA010140EA020081EA0301B4EB5C0470
:10844000C2BFD4EB0C0541EA045170BD41F4801168
:108450004FF0000E013C00F3AB8014F1360FDEBF8D
:10846000002001F0004170BDC4F10004203C35DA69
:108470000C341BDC04F11404C4F1200500FA05F3EC
:1084800020FA04F001FA05F240EA020001F000428D
:1084900021F0004110EBD37021FA04F642EB060103
:1084A0005EEA430E08BF20EAD37070BDC4F10C042D
:1084B000C4F1200500FA04F320FA05F001FA04F2F1
:1084C00040EA020001F0004110EBD37041F10001DD
:1084D0005EEA430E08BF20EAD37070BDC4F12005E8
:1084E00000FA05F24EEA020E20FA04F301FA05F250
:1084F00043EA020321FA04F001F0004121FA04F2F8
:1085000020EA020000EBD3705EEA430E08BF20EAC7
:10851000D37070BD94F0000F0FD101F00046400001
:1085200041EB010111F4801F08BF013CF7D041EA83
:10853000060195F0000F18BF704703F00046520087
:1085400043EB030313F4801F08BF013DF7D043EA58
:108550000603704794EA0C0F0CEA135518BF95EA0E
:108560000C0F0CD050EA410618BF52EA4306D1D195
:1085700081EA030101F000414FF0000070BD50EAB4
:10858000410606BF1046194652EA430619D094EA3E
:108590000C0F02D150EA013613D195EA0C0F05D128
:1085A00052EA03361CBF104619460AD181EA03017C
:1085B00001F0004141F0FE4141F470014FF0000034
:1085C00070BD41F0FE4141F4780170BD70B54FF0CF
:1085D000FF0C4CF4E06C1CEA11541DBF1CEA13554F
:1085E00094EA0C0F95EA0C0F00F0A7F8A4EB050431
:1085F00081EA030E52EA03354FEA013100F0888028
:108600004FEA03334FF0805545EA131343EA1263F0
:108610004FEA022245EA111545EA10654FEA0026A5
:108620000EF000419D4208BF964244F1FD0404F55E
:10863000407402D25B084FEA3202B61A65EB0305BA
:108640005B084FEA32024FF480104FF4002CB6EB77
:10865000020E75EB030E22BFB61A754640EA0C00F7
:108660005B084FEA3202B6EB020E75EB030E22BF37
:10867000B61A754640EA5C005B084FEA3202B6EB78
:10868000020E75EB030E22BFB61A754640EA9C0037
:108690005B084FEA3202B6EB020E75EB030E22BF07
:1086A000B61A754640EADC0055EA060E18D04FEAC5
:1086B000051545EA16754FEA06164FEAC30343EA65
:1086C00052734FEAC2025FEA1C1CC0D111F4801F32
:1086D0000BD141EA00014FF000004FF0004CB6E72B
:1086E00011F4801F04BF01430020B4F1FD0C88BFCA
:1086F000BCF5E06F3FF6AFAEB5EB030C04BFB6EBD5
:10870000020C5FEA500C50F1000041EB045170BDC7
:108710000EF0004E4EEA113114EB5C04C2BFD4EBF4
:108720000C0541EA045170BD41F480114FF0000E78
:10873000013C90E645EA060E8DE60CEA135594EAF4
:108740000C0F08BF95EA0C0F3FF43BAF94EA0C0FF7
:108750000AD150EA01347FF434AF95EA0C0F7FF46C
:1087600025AF104619462CE795EA0C0F06D152EAC0
:1087700003353FF4FDAE1046194622E750EA4106A4
:1087800018BF52EA43067FF4C5AE50EA41047FF4B5
:108790000DAF52EA43057FF4EBAE12E74FF0FF3C1A
:1087A00006E000BF4FF0010C02E000BF4FF0010CEB
:1087B0004DF804CD4FEA410C7FEA6C5C4FEA430C64
:1087C00018BF7FEA6C5C1BD001B050EA410C0CBFB3
:1087D00052EA430C91EA030F02BF90EA020F002015
:1087E000704710F1000F91EA030F58BF994208BF7C
:1087F00090422CBFD8176FEAE37040F00100704739
:108800004FEA410C7FEA6C5C02D150EA013C07D18F
:108810004FEA430C7FEA6C5CD6D152EA033CD3D0DA
:108820005DF8040B704700BF8446104662468C46D4
:108830001946634600E000BF01B5FFF7B7FF002807
:1088400048BF10F1000F01BD4DF808EDFFF7F4FF30
:108850000CBF012000205DF808FB00BF4DF808EDBB
:10886000FFF7EAFF34BF012000205DF808FB00BFDE
:108870004DF808EDFFF7E0FF94BF012000205DF800
:1088800008FB00BF4DF808EDFFF7CEFF94BF0120B5
:1088900000205DF808FB00BF4DF808EDFFF7C4FFAE
:1088A00034BF012000205DF808FB00BF4FEA410CF7
:1088B0007FEA6C5C02D150EA013C0AD14FEA430CDA
:1088C0007FEA6C5C02D152EA033C02D14FF0000017
:1088D00070474FF0010070474FEA410212F5001255
:1088E00015D211D56FF47873B3EB625212D94FEAF7
:1088F000C12343F0004343EA505311F0004F23FAE1
:1089000002F018BF404270474FF00000704750EA35
:10891000013005D111F0004008BF6FF000407047F2
:108920004FF00000704700BF4FEA4102B2F1E04350
:1089300024BFB3F5001CDCF1FE5C0DD901F0004C46
:108940004FEAC0024CEA5070B2F1004F40EB830096
:1089500008BF20F00100704711F0804F21D113F1C2
:108960003872BCBF01F00040704741F480114FEAFB
:108970005252C2F11802C2F1200C10FA0CF320FA84
:1089800002F018BF40F001004FEAC1234FEAD323A1
:1089900003FA0CFC40EA0C0023FA02F34FEA43030B
:1089A000CCE77FEA625307D150EA01331EBF4FF094
:1089B000FE4040F44000704701F0004040F0FE40AF
:1089C00040F40000704700BF80F0004002E000BFAC
:1089D00081F0004142001FBF5FEA410392EA030FAA
:1089E0007FEA226C7FEA236C6AD04FEA1262D2EBF4
:1089F0001363C1BFD218414048404140B8BF5B42F9
:108A0000192B88BF704710F0004F40F4000020F091
:108A10007F4018BF404211F0004F41F4000121F0A7
:108A20007F4118BF494292EA030F3FD0A2F10102F1
:108A300041FA03FC10EB0C00C3F1200301FA03F12F
:108A400000F0004302D5494260EB4000B0F5000F52
:108A500013D3B0F1807F06D340084FEA310102F111
:108A60000102FE2A51D2B1F1004F40EBC25008BFC3
:108A700020F0010040EA03007047490040EB00008D
:108A8000013A28BFB0F5000FEDD2B0FA80FCACF18E
:108A9000080CB2EB0C0200FA0CF0AABF00EBC250BB
:108AA00052421843BCBFD0401843704792F0000FA9
:108AB00081F4000106BF80F400000132013BB5E7FC
:108AC0004FEA41037FEA226C18BF7FEA236C21D072
:108AD00092EA030F04D092F0000F08BF08467047D7
:108AE00090EA010F1CBF0020704712F07F4F04D1A5
:108AF000400028BF40F00040704712F100723CBFB8
:108B000000F50000704700F0004343F0FE4040F4E1
:108B1000000070477FEA226216BF08467FEA23639F
:108B20000146420206BF5FEA412390EA010F40F48A
:108B3000800070474FF0000304E000BF10F00043D6
:108B400048BF40425FEA000C08BF704743F09643BD
:108B500001464FF000001CE050EA010208BF7047D8
:108B60004FF000030AE000BF50EA010208BF70475F
:108B700011F0004302D5404261EB41015FEA010C74
:108B800002BF84460146002043F0B64308BFA3F16C
:108B90008053A3F50003BCFA8CF2083AA3EBC2534E
:108BA00010DB01FA02FC634400FA02FCC2F120026D
:108BB000BCF1004F20FA02F243EB020008BF20F0A4
:108BC0000100704702F1200201FA02FCC2F120020A
:108BD00050EA4C0021FA02F243EB020008BF20EAFF
:108BE000DC70704753B94AB9002908BF00281CBF80
:108BF0004FF0FF314FF0FF3000F00CB8ADF1080C32
:108C00006DE904CE2CF00EFBDDF804E0DDE9022373
:108C100004B07047704700BF844641EA000313F078
:108C200003036DD1403A41D351F8043B40F8043B73
:108C300051F8043B40F8043B51F8043B40F8043B36
:108C400051F8043B40F8043B51F8043B40F8043B26
:108C500051F8043B40F8043B51F8043B40F8043B16
:108C600051F8043B40F8043B51F8043B40F8043B06
:108C700051F8043B40F8043B51F8043B40F8043BF6
:108C800051F8043B40F8043B51F8043B40F8043BE6
:108C900051F8043B40F8043B51F8043B40F8043BD6
:108CA00051F8043B40F8043B403ABDD2303211D376
:108CB00051F8043B40F8043B51F8043B40F8043BB6
:108CC00051F8043B40F8043B51F8043B40F8043BA6
:108CD000103AEDD20C3205D351F8043B40F8043B76
:108CE000043AF9D2043208D0D2071CBF11F8013B74
:108CF00000F8013B01D30B8803806046704700BF3A
:108D0000082A13D38B078DD010F003038AD0C3F148
:108D10000403D21ADB071CBF11F8013B00F8013B2A
:108D200080D331F8023B20F8023B7BE7043AD9D3E9
:108D3000013A11F8013B00F8013BF9D20B780370BE
:108D40004B7843708B78837060467047000000005A
:108D50000000000000000000000000000000000013
:108D60000000000000000000000000000000000003
:108D700000000000000000000000000000000000F3
:108D800030B490F800F020F007016FF0000C10F004
:108D9000070491F820F040F048804FF000046FF095
:108DA0000700D1E9002391F840F000F1080082FAB1
:108DB0004CF2A4FA8CF283FA4CF3A2FA8CF34BBB7C
:108DC000D1E9022382FA4CF200F10800A4FA8CF2F5
:108DD00083FA4CF3A2FA8CF3E3B9D1E9042382FAC3
:108DE0004CF200F10800A4FA8CF283FA4CF3A2FAD8
:108DF0008CF37BB9D1E9062301F1200182FA4CF210
:108E000000F10800A4FA8CF283FA4CF3A2FA8CF376
:108E1000002BC6D0002A04BF04301A4612BAB2FA98
:108E200082F200EBD20030BC7047D1E9002304F09D
:108E30000305C4F100004FEAC50514F0040F91F8D2
:108E400040F00CFA05F562EA05021CBF63EA05036F
:108E500062464FF00004AAE708B5064B1A783AB903
:108E6000054A1AB10548AFF30080024B01221A707F
:108E700008BD00BFC0040020000000003C900308B3
:108E800008B5034B1BB103490348AFF3008008BD8D
:108E900000000000C40400203C9003080F4BDFF8E2
:108EA0004CC010B553F820400D4BDCF800204FF4B7
:108EB0002E7E0EFB00300B4BD0F82CE0D0F8B40225
:108EC0009950134408495C60C3F808E0D8600B6807
:108ED00010320133CCF800200B6010BDF87C00206C
:108EE000803B002000000010600500206805002085
:108EF00000B5244B24491B782448DFF8A4E0244A19
:108F00008B71A3F1020CBCF1020FDFF898C0C1F81D
:108F100000C0DFF894C00388DCF800C012681D4868
:108F2000CB81C1F818C0DEF800300068C8614FF08E
:108F3000020CA1F804C04FF4E02CC1F808C0C1E94C
:108F400004238CBF4FF0020C4FF0140C124B81F82D
:108F50000CC00A4615204FF0100E4FF0000C42F8DE
:108F6000200F81F807E003F1540081F80DC053F899
:108F7000041B42F8041F8342F9D1084B0022C3E9C5
:108F8000002200BDEC000020000000104805002079
:108F90006405002054050020F4040020780000102F
:108FA000600500205452414358050020774B1A7841
:108FB000F2B170B5764C217882B0D1B1754B1E7884
:108FC0001D4608F0C7F9FFF7C7FD734A9FED737A96
:108FD000117807EE900A67EE877A0129FCEEE77AAE
:108FE00022D011F0FD0F60D02178297002B070BD41
:108FF000704708F0AFF9684A92F800C0BCF1010F61
:1090000005D0634B634D1978297002B070BD019291
:10901000FFF7A2FD9FED617A5E4D5F4A07EE900A71
:1090200067EE877AFCEEE77A5D49097805292ED14B
:109030005749097859B35B48D0F800C040F6F7703B
:10904000844524D8584A17EE904A1068A042CCD8DC
:1090500017EE901A0120FFF721FF17EE901A00205B
:10906000FFF71CFF17EE901A0220FFF717FF474B80
:10907000474A1B7811784D484B4AC0ED007A023BB5
:10908000022B8CBF0223142323441360ADE7474B0C
:109090000192C3ED007AFFF72BFF3D4A1178019A48
:1090A00029700223137002B070BD1EB93C4B1B78AF
:1090B000052B02D0364B197897E73A4B3C491E6096
:1090C00080230B603B499FED3C6A0B603B493C4B66
:1090D00091ED007ADFED3B6AC3ED007A27EE067A68
:1090E000324B3149C3ED007AB4EEE67A0123F1EE5A
:1090F00010FAC1ED007A137044DCDFED337AF4EE40
:10910000C77AF1EE10FAD8BFF0EE477AFCEEE77AB4
:1091100017EE900A2D4B2E4A2E491080D3F8EC0200
:109120000860D3F8FC024860D3F800038860D3F8E5
:10913000C802C860D3F8CC020861D3F8D4024861F1
:10914000D3F8D802886103F2A4500068C86103F222
:10915000B4500068086203F5B7600068486203F520
:10916000B0600068886203F284500068C86203F24D
:109170008C5003F5B26300681B6808634B63FFF70C
:10918000B7FE97E74FF6FF70C4E700BFEC00002082
:10919000FC2F002051050020530500206F12833A58
:1091A000387D0020600500204C050020540500207B
:1091B000680500206405002000007A44700000204B
:1091C0005805002000FF7F4700000000803B002082
:1091D00048050020F4040020154B1B7813B1154BF3
:1091E0001A6802B9704700B583B008F0B3F8FFF70A
:1091F000B3FC9FED117A114A07EE900A67EE877A69
:10920000FCEEE77AC2ED007AFFF772FE094B0C48DC
:109210001B680C49009108331B0103600A4A502166
:10922000012012F04BFA094B187003B000BD00BFCB
:10923000EC000020600500206F12833A54050020E6
:109240005C0500200000001000000C085005002004
:109250000B48027910B400230A4C802163F34102C9
:1092600021600271084C094A094821601370094CB9
:1092700009490A4A037023600B6010BC13607047F1
:109280003C7D002064050020680500205305002077
:10929000F004002060050020E4040020E804002021
:1092A000704700BF364A37483749D0F800C008B584
:1092B000137943F002031371344A0020012308603C
:1092C0001370BCF1000F1AD0314B324A03F1800009
:1092D00052F8041F43F8041B8342F9D12E4B2F4848
:1092E0002F49304A006808604FF0010E83F800E013
:1092F0004FEA0C1313602C4B80221A6008BD244ADD
:109300002A48802112F08EF9214A294910688842A2
:109310004FF001030FD0802200211D482CF0CEF920
:10932000204A1D481E490023136003700B601E4B2A
:1093300080221A6008BD92F804C0BCF1020FEAD185
:10934000D1791029E7D1516940F6F77001F1FF3E5C
:109350008645E0D8107A40F002001072154A16488F
:1093600013700D4A0E4B82F800C018600D4A0801B8
:1093700001F10803114910601B010B60BBE700BF3E
:109380003C7D002060050020E0040020F004002067
:1093900070050020FCFFFF0F52050020640500202F
:1093A000EC040020E8040020E404002000000C0885
:1093B000545241435005002080000C085C050020F9
:1093C000054B187838B1054B054A1B6812681343E2
:1093D00014BF012000207047F0040020E4040020A6
:1093E000E8040020474B1B78002B7FD02DE9F04F7D
:1093F000454B464F1D683A68A7B08246002D5CD0A9
:109400000DF1180942484946002301E0802B76D02F
:10941000013304780C709D4200F1010001F101015B
:10942000F4D12C46ED1A384B1D60002A4CD0CDF8F3
:109430000490DFF8F080374D374EA1441FE0D3F899
:1094400004E0D3F808C056F800B0DB68C9F80C3067
:10945000C9F800B0C9F804E0C9F808C0012900F152
:10946000100004F11004A2F1100203D1B0F5803F06
:1094700028BF80203A60286009F1100912B37F2CC0
:1094800020D898F800102868022900EB0603D6D1EE
:1094900002AA102112F0C6F8DDE90202DDE904316A
:1094A000C9F80000C9F80C10C9F80420C9F8083040
:1094B00028683A6898F80010D0E7A2B12C460DF160
:1094C0001809B4E7DDF80490E2B2144C4B46216869
:1094D00050461DF06BFF0C4B22681B683968013247
:1094E0000B43226003D027B0BDE8F08F70470C49D2
:1094F000044A13700A7963F341020A71F3E71C46C8
:1095000090E700BFF0040020E4040020E8040020FD
:1095100070050020EC04002000000010E004002092
:109520003C7D002052050020144B154A53F8203092
:109530001268934220D2F7EE007A30EE270AF6EE58
:10954000007A20EE270ADFED0F7A0F4A20EE270A75
:109550003421BDEEC00A01FB032210EE103A1BB20B
:10956000B3F5FA6FA8BF4FF4FA63D269B3F57A7F07
:10957000B8BF4FF47A731360704700BF945D03085F
:10958000000000200000FA44DC7B0308124B134A61
:1095900053F82030126893421CD2F7EE007A30EE76
:1095A000270ADFED0F7A0F4A20EE270A3421BDEE9D
:1095B000C00A01FB032210EE103A40F698011BB2DC
:1095C0008B42A8BF0B46D269B3F5487FB8BF4FF4B2
:1095D00048731360704700BF945D030800000020CB
:1095E00000007A44DC7B03080F4B104A53F820300C
:1095F0001268934216D2DFED0E7A0E4A20EE270A49
:109600003421BDEEC00A01FB032210EE103A40F2F5
:10961000E7311BB28B42A8BF0B46D269012BB8BF02
:1096200001231360704700BF945D03080000002011
:1096300000007A44DC7B0308704700BF2DE9F84F37
:109640002DED028BC24EDFF86093F27899F800306E
:10965000900740F1AC80002B00F0A980BD4ABE4BC2
:10966000D2ED007A93EDAE7A27EE877AFEEE006AAD
:10967000B4EEE67AF1EE10FAB6EE006A07D4B4EE74
:10968000C67AF1EE10FA00F3D281B1EE476A93ED9B
:10969000007AB24B27EE877AFEEE006AB4EEE67AE5
:1096A000F1EE10FA83ED006A00F1BB81B6EE006ABC
:1096B000B4EEC67AF1EE10FA01DCF1EE476AA84A80
:1096C000A84B92ED006AC3ED006A67EE867ABEEEA3
:1096D000007AF4EEC77AF1EE10FA08D4B6EE007A0A
:1096E000F4EEC77AF1EE10FAD8BFB0EE677A9E4B6F
:1096F0009E4900221A6081ED007A03F02BFD9C4BFD
:109700001B78002B00F0B080DFF8A082994CD8F8CD
:10971000003000202060002B00F08C819FED968AA5
:10972000DFF88CA2954F964D9AED001A07EB800357
:1097300005EB800BD3ED000A9BED000A01F090F9D8
:1097400099F800308BED000A002B40F054818D4BCE
:1097500020681B78052B00F03381022B00F030814C
:1097600005EB800383ED008AB0EE480A8300F278AF
:10977000120700F1DD80844B1B6898472068834BFB
:10978000D8F8002003EB800305EB8001D3ED007ACD
:1097900091ED007A013077EE877A9042C3ED007A3E
:1097A0002060C1D37A4A13680133136060E0794ABC
:1097B00092ED007AFEEE007AB4EEE77AF1EE10FA5E
:1097C00039D4F6EE007AB4EEE77AF1EE10FAC8BFBB
:1097D000B0EE677A6049614AD1EDAD6A82ED007AF8
:1097E000FEEE007AF4EEE76AF1EE10FA08D4F6EE37
:1097F000007AF4EEE76AF1EE10FAD8BFF0EE667A7E
:10980000654A584992ED007AC1ED007A13F0FD0FD8
:10981000FEEE007AB4EEE77A10D0F1EE10FA00F125
:109820000381F6EE006AB4EEE67AF1EE10FA11DC8E
:10983000F1EE477A0EE0B0EE677ACBE7F1EE10FA80
:1098400008D4F6EE007AB4EEE77AF1EE10FAD8BF5B
:10985000F0EE477A454BC3ED007A03F07BFC444BB6
:109860001B78002B7FF450AF424CDFF84081434F10
:1098700003F0BAFE03F034FCD8F800302360092B63
:1098800046D83F4D9FED458ADFF82881DFF828A1B3
:10989000DFF8289198ED001A07EB830205EB830BA4
:1098A000D2ED000A9BED000A01F0DAF88BED000A18
:1098B000F378226813F0080F02F1010325D15AF85A
:1098C0002200374905EB820CD9F800204FF0340E06
:1098D00090420EFB0011B7EE007A40F6980014D2C9
:1098E000DCED007AC96977EE877A67EE887AFDEE5B
:1098F000E77A17EE902A12B28242A8BF0246B2F56A
:10990000487FB8BF4FF448720A60092B2360C1D961
:109910001A4E244D0A2323600FCE0FC50FCE0FC55C
:1099200096E8030085E80300BDEC028BBDE8F88FE4
:10993000164A1344D3ED007A77EE807A0130C3EDF6
:10994000007AD8F8003020609842FFF4EDAE29E7A5
:109950003C7D002010000020803B00200C060020F1
:10996000F040002008060020000600200406002029
:10997000C0060020F0050020000000006406002062
:109980003C060020387D0020F405002090060020D1
:109990008C060020EC400020A443002000007A4404
:1099A000DC7B030814060020B18E00200400002098
:1099B000BC060020B8060020945D030800000020CB
:1099C0001D4B93ED000A05EB8003D3ED007AF4EE16
:1099D000C07AF1EE10FA4FEA800308D4B7EE000A1D
:1099E000F4EEC07AF1EE10FAD8BFB0EE670AEA18CA
:1099F00082ED000ABBE60FF029F80346206843B168
:109A0000F378190709D405EB800393ED000A83006E
:109A1000EDE7B0EE480A8300E9E79FED080A83000E
:109A2000E5E7F6EE006A4AE6F6EE007A12E7B0EEF7
:109A3000666A2CE6024FB5E6AC3800200000000054
:109A4000640600202DE9F047B249DFF81483CB7893
:109A5000B148B24F98F800203D68DFF8089323F032
:109A6000200382B0CB70AE4BAE491B78C35CAE48CE
:109A7000A2F10104B4FA84F4AB4200784FEA541422
:109A800028BF2B460B6089F80040002840F0BA80C0
:109A9000022A00F0698107EE903AB8EEE77AF7EE15
:109AA000006AC6EE877AA149A14E02EB8202033317
:109AB00056F8220033F003039A46C1ED007A9D491F
:109AC000086006EB82013ED0DFED9B7A9B4C9C4EFA
:109AD000C4ED007AC6ED007A002D40F07B81C4ED24
:109AE000017AC6ED017A3B680025022BA560B560BE
:109AF00000F21D830023E360F360BAF1040F20D06D
:109B00003B680025062B2561356100F241836561C4
:109B10007561BAF1060F14D93B680025082BA561C1
:109B2000B56100F2FE83E561F561BAF1080F08D96D
:109B30003B680025042B2562356200F2448465628F
:109B4000756299F80040002C40F0D4807D4C3A6852
:109B500054F82A309342C0F0CC830AF1010354F840
:109B6000232039688A42C0F0FE83BAF1080F0AF157
:109B7000020300F0BF8054F8232039688A42C0F005
:109B800009840AF1030354F8232039688A42C0F09B
:109B90003C840AF1040354F8232039688A42C0F057
:109BA0004D840AF1050354F8232039688A42C0F035
:109BB0005E84BAF1040F00F09D803B68082B00F230
:109BC00087843B68042B40F295805C4E5C4D5E4878
:109BD0004FF07C5440F2DC5345F2E472A821346229
:109BE0002C6213F02BF83B68052B40F2838057481A
:109BF000746240F2DC5345F2E472A8216C6213F007
:109C00001DF877E04B4A52494C4C1160002B00F094
:109C1000F8804FEA83084A4E0193424600212046CD
:109C20002BF04CFD0021424630462BF047FD019BB6
:109C30000A2B5CD004EB0801B0444FF07C52092B96
:109C40000A60C8F8002003F1010150D004EB810044
:109C500006EB8101082B0A60026003F1020146D085
:109C600004EB810006EB8101072B0A60026003F11F
:109C700003013CD004EB810006EB81014FF07C52E4
:109C8000062B0A60026003F1040130D004EB81006E
:109C900006EB8101052B0A60026003F1050126D065
:109CA00004EB810006EB8101042B0A60026003F1E2
:109CB00006011CD004EB810006EB8101032B0A6036
:109CC000026003F1070112D004EB810006EB810171
:109CD000022B0A60026003F1080108D004EB810046
:109CE00006EB810102600A600BB962627262002DAC
:109CF00040F09C802822002116482BF0DFFC164BF8
:109D000001241C6004F084F9144B1C7002B0BDE8FF
:109D1000F08700BF3C7D0020BC5D030800000020F0
:109D2000F500002004000020B18E00201006002065
:109D30006C5D0308F4050020000000003C060020D4
:109D400064060020945D0308AC7C0308E07C0308F3
:109D50008D950008900600208C060020C00600208B
:109D60000C000020C10600202B4B2C4C2C4E2D4A01
:109D700008604FF07C581A60C4F80080C6F8008074
:109D8000002D40F03D82C4F80480C6F804804FF0F6
:109D90007C53A360B3604FF07C53E360F3604FF0FB
:109DA0007C53236133614FF07C53636173614FF0E7
:109DB0007C53A361B3614FF07C53E361F3613B6873
:109DC0004FF07C55042B2562356200F202826562F9
:109DD00075628FE7D1E9022313488988CDED017AB6
:109DE00012F02CFF3B68DDED017A012BC4ED017A06
:109DF000C6ED017A00F28D81C4ED027AC6ED027AD9
:109E000078E6074E4FF07C5222606260A2603260BA
:109E10007260B26003212DE7F40500203C060020AB
:109E20006406002039960008DC7B0308D04E4FF40E
:109E30007A7345F2E472A821304612F0FFFE3D68C5
:109E4000012D67D94FF47A7345F2E472A82106F127
:109E5000340012F0F3FE3D68022D5BD94FF47A73A3
:109E600045F2E472A82106F1680012F0E7FE3D68B1
:109E7000032D4FD94FF47A7345F2E472A82106F10D
:109E80009C0012F0DBFE3D68062D2DD94FF47A734D
:109E900045F2E472A82106F59C7012F0CFFE3D68F1
:109EA000072D21D94FF47A7345F2E472A82106F503
:109EB000B67012F0C3FE3D68082D15D94FF47A73C1
:109EC00045F2E472A82106F5D07012F0B7FE3D68A5
:109ED000092D09D94FF47A7345F2E472A82106F5E9
:109EE000EA7012F0ABFE3D68042D13D9A1484FF47F
:109EF0007A7345F2E472A82112F0A0FE3D68052DA8
:109F000008D99D484FF47A7345F2E472A82112F003
:109F100095FE3D68002D3FF4EDAE94ED007ADFED47
:109F2000976AF169D4ED017AB7EE006A37EE067AE6
:109F300040F6980227EE267ABDEEC77A17EE103A61
:109F40001BB29342A8BF1346B3F5487FB8BF4FF486
:109F50004873012D0B603FF4CDAE77EE867A316DFC
:109F600094ED027A67EEA67AFDEEE77A17EE903A64
:109F70001BB29342A8BF1346B3F5487FB8BF4FF456
:109F80004873022D0B603FF4B5AE37EE067AD6F873
:109F90008410D4ED037A27EE267ABDEEC77A17EE49
:109FA000103A1BB29342A8BF1346B3F5487FB8BF1F
:109FB0004FF44873032D0B603FF49CAE77EE867A26
:109FC000D6F8B81094ED047A67EEA67AFDEEE77A3B
:109FD00017EE903A1BB29342A8BF1346B3F5487FE1
:109FE000B8BF4FF44873062D0B6040F28F8237EEF6
:109FF000067AD6F85411D4ED057A27EE267ABDEE0E
:10A00000C77A17EE103A1BB29342A8BF1346B3F5B6
:10A01000487FB8BF4FF44873072D0B6043D077EEED
:10A02000867AD6F8881194ED067A67EEA67AFDEE68
:10A03000E77A17EE903A1BB29342A8BF1346B3F5E6
:10A04000487FB8BF4FF44873082D0B602BD037EE14
:10A05000067AD6F8BC11D4ED077A27EE267ABDEE43
:10A06000C77A17EE103A1BB29342A8BF1346B3F556
:10A07000487FB8BF4FF44873092D0B6013D077EEBB
:10A08000867A67EEA67AFDEEE77A17EE903A1BB273
:10A090009342A8BF1346B3F5487FD6F8F021B8BF66
:10A0A0004FF448731360D4ED087ADFED346AD6F8C4
:10A0B000EC1094ED097AB7EE006A77EE867A40F6F6
:10A0C000980267EEA67AFDEEE77A17EE903A1BB299
:10A0D0009342A8BF1346B3F5487FB8BF4FF4487307
:10A0E000052D0B603FF406AE77EE067AD6F8201108
:10A0F00067EEA67AFDEEE77A17EE903A1BB293422E
:10A10000A8BF1346B3F5487FB8BF4FF448730B6040
:10A11000F0E598F800101A4B1A4801EB810103EBA7
:10A120008101D1E90223898812F088FDDBE498F8E7
:10A130000010134B144801EB810103EB8101D1E9BD
:10A140000223898812F07AFD3B68E560032BF560F5
:10A150007FF6D3AC98F80010094B0C4801EB810155
:10A1600003EB8101D1E90223898812F067FDC4E481
:10A17000DC7B0308AC7C0308E07C030800007A4425
:10A180006C5D0308107C0308447C0308787C03089A
:10A1900098F80010C14BC24801EB810103EB81012B
:10A1A000D1E90223898812F049FD3B686561072BDC
:10A1B00075617FF6AEAC98F80010B84BB94801EB6A
:10A1C000810103EB8101D1E90223898812F036FD78
:10A1D0009FE440F2DC53B44845F2E472A82112F047
:10A1E0002DFD3B686562052B75627FF683ADAF4838
:10A1F00040F2DC5345F2E472A82112F01FFD79E52C
:10A2000040F2DC53AA4845F2E472A82112F016FD90
:10A210003B68C4F80480012BC6F804807FF6B7AD14
:10A2200040F2DC53A34845F2E472A82112F006FD87
:10A230003B68C4F80880022BC6F808807FF6ABADF7
:10A2400040F2DC539C4845F2E472A82112F0F6FC7F
:10A250003B68C4F80C80032BC6F80C807FF69FADDA
:10A2600040F2DC53954845F2E472A82112F0E6FC76
:10A270003B68C4F81080062BC6F810807FF693ADBB
:10A2800040F2DC53864845F2E472A82112F0D6FC75
:10A290003B68C4F81480072BC6F814807FF687AD9E
:10A2A00040F2DC537F4845F2E472A82112F0C6FC6C
:10A2B0003B68C4F81880082BC6F818807FF67BAD81
:10A2C00040F2DC537E4845F2E472A82112F0B6FC5D
:10A2D0003B68C4F81C80092BC6F81C807FF66FAD64
:10A2E000784840F2DC5345F2E472A82112F0A6FC53
:10A2F00065E57549754A6E4801EB8A0102EB8A02F1
:10A30000342505FB03004FF07C530B601360A8213C
:10A3100040F2DC5345F2E47212F090FC0AF10103C2
:10A320001DE498F800105D4B654801EB810103EBDB
:10A330008101D1E90223898812F080FC3B68E56144
:10A34000092BF5617FF6F1AB98F80010534B5D488F
:10A3500001EB810103EB8101D1E90223898812F02D
:10A360006DFCFFF7E2BB5949574D05EB830501EB47
:10A3700083034F49342000FB02104FF07C522A60C7
:10A380001A60A82140F2DC5345F2E47212F056FC48
:10A39000FFF7EBBB4D494C4D05EB830501EB830308
:10A3A0004349342000FB02104FF07C521A602A60AF
:10A3B00040F2DC5345F2E472A82112F03FFC0AF1AE
:10A3C0000303FFF7E0BB98F80010344B364801EB6D
:10A3D000810103EB8101D1E90223898812F02EFC6F
:10A3E0003B686562052B75627FF6ABAB98F8001091
:10A3F0002A4B2E4801EB810103EB8101D1E90223B5
:10A40000898812F01BFCFFF79CBB30492E4D05EBF1
:10A41000830501EB83032649342000FB02104FF033
:10A420007C521A602A6040F2DC5345F2E472A821A3
:10A4300012F004FC0AF10403FFF7ADBB2349224DDF
:10A4400005EB830501EB83031949342000FB02105F
:10A450004FF07C521A602A6040F2DC5345F2E472FD
:10A46000A82112F0EBFB0AF10503FFF79CBB17498B
:10A47000154C04EB830401EB83030D49342000FBEE
:10A4800002104FF07C5222601A60A82140F2DC5387
:10A4900045F2E47212F0D2FBFFF78BBB6C5D030850
:10A4A000147D0308487D0308AC7C0308E07C0308A6
:10A4B000DC7B0308107C0308447C0308787C0308D9
:10A4C0007C7D0308B07D03083C0600206406002064
:10A4D000104E114D11484FF07C5440F2DC5345F2C0
:10A4E000E472A821B461AC6112F0A8FB3B68092BAF
:10A4F0007FF667AB0A48F46140F2DC5345F2E47240
:10A50000A821EC6112F09AFBFFF75BBB042D3FF42E
:10A51000F1ABC8E53C060020640600207C7D030802
:10A52000B07D03082DE9F0411E4C054606F012FFF0
:10A53000D4E9022390429941F8D30121284600F042
:10A54000C7FD01210746284600F00EFE9F21384630
:10A5500000F0F2FE144E154B3446187006F1050853
:10A560000021384600F0E8FE04F8010B4445F7D11D
:10A570002846002100F0F8FD33783279B1787478FC
:10A58000F0781F2B08BF282C42EA01020CBF0123E0
:10A590000023012808BF002A0CBF0120002018401A
:10A5A000BDE8F081782F002018000020C3060020AD
:10A5B00070B5194C054606F0CDFED4E90223904251
:10A5C0009941F8D30021284600F082FD012106467A
:10A5D000284600F0C9FD8021304600F0ADFE0F4C4A
:10A5E00000212070304600F0A7FE00212070304688
:10A5F00000F0A2FE00212070304600F09DFE0021F8
:10A600002070284600F0B0FDBDE8704023220023F2
:10A61000012006F0DFBF00BF782F0020C306002016
:10A62000F8B52A4C054606F095FED4E9022390427F
:10A630009941F8D30021284600F04AFD0121074640
:10A64000284600F091FD3D21384600F075FE204E71
:10A650002A213070384600F06FFE80213070384675
:10A6600000F06AFEA6213070384600F065FE002139
:10A670003070284600F078FD48F6B802002301202B
:10A6800006F0A8FF06F066FED4E902239042994145
:10A69000F8D30121284600F01BFD0121044628467D
:10A6A00000F062FDD721204600F046FE0021307008
:10A6B000204600F041FE074C00212070284600F0A3
:10A6C00053FD207800F00100F8BD00BF782F002076
:10A6D000C3060020C206002010B50320FFF768FF64
:10A6E0000320FFF71FFF04460320FFF799FF2040D8
:10A6F000C0B210BD00000000534B1B68002B40F09F
:10A7000094802DE9F04F514B514E1F68514D85B04B
:10A710008DED030A0024504B06FB0737380CFDF77C
:10A72000C1FD47A3D3E90023FDF750FF02460B46C6
:10A73000FDF76CFC22462B46FDF766FC464B06FBFC
:10A7400007378246380C8B46FDF7ACFD3CA3D3E9B6
:10A750000023FDF73BFF02460B46FDF757FC224660
:10A760002B46FDF751FC5246CDE900015B465046B1
:10A770005946FDF701FE80468946DDE900010246A3
:10A780000B46FDF7F9FD02460B4640464946FDF7EC
:10A790003DFC22462B4680468946FEF773F800288A
:10A7A000B9D10022002340464946FEF74DF8002863
:10A7B000B1D1264B294C1F6049EC108B26F0ACFC24
:10A7C000002251EC100B4FF04043FDF7D5FD4246FF
:10A7D0004B46FDF7FBFE41EC100B26F065FD57ECF8
:10A7E000106BDDE9000132463B46FDF7C5FDFEF783
:10A7F0009BF8154D2060012432463B462C605046A4
:10A800005946FDF7B9FD044603980D46FDF75CFD7A
:10A8100002460B4620462946FDF7AEFDFEF784F8BA
:10A8200000EE100A05B0BDE8F08F0C4AD2ED007AB8
:10A83000054A002320EE270A13607047AFF300801B
:10A840000000E0FFFFFFEF41D006002024000020C1
:10A850000D6619000000F03F5FF36E3CCC0600204F
:10A8600010B5044606F03AFE0023C4E90003C4E92B
:10A87000023310BD10B5C160044606F02FFE206003
:10A8800010BD00BF10B5044606F028FE2368C01AAC
:10A89000B0F57A7F8ABF0020B4F90C00E06010BDEB
:10A8A00003787BB343781C4A0133A2FB031202F402
:10A8B000FF7101EB52029B1A00EB8302437082EDA1
:10A8C000010A90ED017A90ED020AD0ED037AB4EE20
:10A8D000C07AF1EE10FA0EDDB4EEE77AF1EE10FA7E
:10A8E000D8BFF0EE477AB4EEE70AF1EE10FAD8BF1F
:10A8F000B0EE670A7047F0EE406AB0EE470AB0EE7D
:10A90000667AE9E7012380ED030A80ED020A80ED13
:10A91000010A0380704700BFABAAAAAAD0F80021A1
:10A92000012A34D090F80C31A3B93AB100F1800378
:10A9300003EB8201A3EC010A8B42FBD107EE902AC4
:10A94000F8EEE77A012367EE807A80F80C31C0EDEB
:10A95000447A7047D0F80831D0ED447A00EB830197
:10A96000D1ED206A81ED200A07EE102A77EEE67A13
:10A97000B8EE477A77EE807A013387EE870AB3FB29
:10A98000F2F102FB1133C0F80831C0ED447A704790
:10A990000B46202B10B51146044613D8013BB3FAE1
:10A9A00083F3C3F1200301209840042200F1FF3C0F
:10A9B0009A40C4E9400C2046FEF72EF9002384F8A3
:10A9C0000C3110BD80224FF01F0C2020F1E700BF9A
:10A9D00090F80C31D0F80011FBB100B5D0E941E29C
:10A9E000531C03EA0E0300EB820282ED200A9FED66
:10A9F000130AC0F8083179B1024600EB810CB2ECC1
:10AA0000017A00EB8301D1ED207A01339445A7EE62
:10AA1000270A0EEA0303F2D100BD39B100F1800329
:10AA200003EB8101A3EC010A9942FBD1002201232F
:10AA3000C0F8082180F80C31704700BF000000000A
:10AA4000DFED067A20EE277AF7EE006AC6EE877A07
:10AA500077EEA07A80EEA70A704700BFDB0FC940EF
:10AA600070EEC00AA0EE810A704700BFDFED0C7ADD
:10AA70009FED0C7A20EE270AF7EE006AC6EE807A88
:10AA80000023037027EE877AC6EEA75A86EE876A00
:10AA9000C0ED017AC0ED025A80ED036A704700BF35
:10AAA000DB0FC940F304353F0378F0EE407AD3B1B1
:10AAB000D0ED076A90ED027A30EE666A20EE877A72
:10AAC000F0EE667AE6EE077A90ED080A90ED037AEA
:10AAD000C0ED077A60EE870A37EEC07AA7EE200A4B
:10AAE00080ED080A704701230370C0ED077A80EDFE
:10AAF000080A7047B5EEC00AF1EE10FA02DC9FEDCD
:10AB0000050A7047F1EEC07AB7EE007A87EE270AA1
:10AB1000704700BF00000000254B00B5D3ED007A60
:10AB2000F4EE417AF1EE10FA87B0F0EE406A13D1FC
:10AB3000204A214B92ED000AD3ED007A20EEA77A4D
:10AB400060EE800AA6EE807AE6EEE70A80ED007AF3
:10AB5000C1ED000A07B000BD8DED040AB0EE410A58
:10AB6000CDE90201CDED050A8DED001A26F04AFD72
:10AB70009DED001A104A8DED011AF0EE407AB0EE0C
:10AB8000410AC2ED007ACDED007A26F0FBFC094ABD
:10AB90009DED011A064BDDED050ADDED046ADDEDE4
:10ABA000007A83ED001ADDE9020182ED000AC5E7B3
:10ABB000C806002020000020C4060020012AB0F9A9
:10ABC00000C0B1F900300FD0032A08D0022A04D106
:10ABD000CCF1000CA0F800C05B420B8070475B42D8
:10ABE000038063460B8070470380CCF100030B8029
:10ABF000704700BFB5EEC00AF1EE10FA08D5DFEDE0
:10AC00000C7A30EE270AB5EEC00AF1EE10FAF8D44D
:10AC1000DFED077AB4EEE70AF1EE10FA06DB30EE6C
:10AC2000670AB4EEE70AF1EE10FAF8DA704700BFEF
:10AC3000DB0FC940DFED107AB4EEE70AF1EE10FA4F
:10AC400009D59FED0E7A30EE070AB4EEE70AF1EE71
:10AC500010FAF8D47047DFED0A7AB4EEE70AF1EEA5
:10AC600010FA08DB9FED057A30EE470AB4EEE70AEA
:10AC7000F1EE10FAF8DA7047DB0F49C0DB0FC9407C
:10AC8000DB0F4940B4EEE00AF1EE10FA02DD30EEDF
:10AC9000600A7047F1EE607AF4EEC07AF1EE10FAD5
:10ACA00002DD30EE200A70479FED010A704700BFB9
:10ACB0000000000021EE211A70EE417AF4EEE07AF5
:10ACC000F1EE10FA0ADC31EE001AF4EEC10AF1EEF0
:10ACD00010FAD4BFF0EE607AF0EE417AB0EE670A77
:10ACE000704700BF60EE810AF1EE607AF4EEC07A40
:10ACF000F1EE10FA02DD30EE800A7047F4EEC00A81
:10AD0000F1EE10FA02D530EE600A70479FED010AAD
:10AD1000704700BF000000002DED108B8CB04FF08D
:10AD2000000CCDE909CCCDE906CCCDE903CCDFEDB3
:10AD3000E74A8DED010ACDF82CC0CDF820C0CDF842
:10AD400014C0002900F0A98101EB410CF0EE641A57
:10AD5000B0EE644AB0EE643AF0EE642AF0EE643A83
:10AD6000B0EE642AB0EE641AF0EE640AB0EE640A43
:10AD7000B0EE648AF0EE648AF0EE64AAB0EE64BAD3
:10AD8000F0EE64BA00EB8C0CB0EE649AF0EE649ACC
:10AD9000B0EE64AAD0ED006A90ED017AD0ED027AAF
:10ADA00026EEA65A67EE075A27EEA76A0C308445AE
:10ADB000E6EE85AAA7EE250AA7EE862AA6EE87AAC2
:10ADC000E6EEA79AA7EE279AE5EE073AE5EE272AE0
:10ADD000A6EEA53AA5EEA74AE6EE861AE7EE064AE3
:10ADE0007BEEA6BA3BEE05BA78EE878A38EE258A66
:10ADF00070EEA70A31EE061ACCD18DED078A8DEDE3
:10AE00000A0ACDED03BA8DED06BACDED09AACDED56
:10AE1000048ACDED050A8DED081A8DED0B2AB0EEF2
:10AE20006B0AB0EE688AB0EE4BDAF0EE41CA07EE7C
:10AE3000901AF8EE677AF7EE006A86EEA77A00209D
:10AE4000DDED07DADDED058ADDED0A7A27EE000A91
:10AE500027EE088A27EE044A27EE0DDA67EE2DDA90
:10AE6000A7EE224A67EE288A20EE002A68EE082A1A
:10AE700067EE2CCA3DEE8DCA67EE03BA72EE226A07
:10AE800028EEA83A3CEE2CCA67EE233A76EE836AA7
:10AE9000E7EE273AB8EE00EAF0EE4C7AE6EE8E7A6C
:10AEA000E7EE243A77EEA67AF6EE00EA76EEE77A57
:10AEB0002CEE2EFAF0EE675AE6EE8E5ADDED096AB8
:10AEC000E7EE26BADDED0B6AE7EE21BAA6EE874A79
:10AED00067EEAE7A27EE0AAA67EE299A27EE099A5C
:10AEE000BAEE007A23EE87BA75EE8C5A6BEE87BA0B
:10AEF0003FEE275A24EE077AF2EE00FA8DED007A43
:10AF000065EEAF5AB0EE687AF0EE486AB0EE406A8D
:10AF1000F3EE001AF0EE453A31E066EE884A26EE8E
:10AF2000062AE6EE004A66EEA62AE8EE874AF0EE2A
:10AF30004C5AE4EE8E5A27EE073A72EE227A25EE4C
:10AF4000055A77EE837AA4EE045A75EEA75AA3EE5B
:10AF5000A35A77EEE57AF0EE675AE4EE8E5ADDED0D
:10AF6000014A67EEAE7A75EE8C5AB4EEE45AF1EE11
:10AF700010FA7FEE273A65EEAF5A40F3848029EE4F
:10AF8000874A73EE8D0AAAEE264A013080B2E8EEB7
:10AF9000C70AF1EE42AA7AEEE7AAE6EEC80AAAEEDE
:10AFA000804A69EE074A33EEAD1AEAEE064AA6EE8B
:10AFB000401AA0EE864AF1EE620A70EEE70AA8EEA9
:10AFC000C71AE0EE884A29EE265A7CEEA33AA9EE8B
:10AFD000865AE6EE403AE1EE264AB1EE431A71EEA9
:10AFE000677AE6EEC83AA8EEA75AF0EE6B0AE4EEEE
:10AFF000210AB0EE4B1A36EE064AA4EEA11A76EEFE
:10B00000A64A77EE077AA4EE402AA3EE875AE4EE2A
:10B01000C82AA8EEE73ADDED007A32EE0D2AE5EE19
:10B02000217A72EEAD2AB0EE655AA2EE215AF0EE08
:10B03000654A33EE2C3AE2EEA14AE3EE215AB5EE30
:10B04000405AF1EE10FAF5EE404A08BFB7EE005A4A
:10B05000F1EE10FAF5EE405A08BFF7EE004AF1EEB5
:10B0600010FA08BFF7EE005A80EE854A904281EE52
:10B07000245AC7EEA53A36EE446A76EEC56A37EE34
:10B08000637AFFF44AAF83ED006AC3ED016A83ED92
:10B09000027A0CB0BDEC108B70479DED030A9DED5C
:10B0A000048A9DED06DADDED08CAF0EE641AB0EE12
:10B0B000644AB0EE643AF0EE642AF0EE643AB0EE20
:10B0C000649AF0EE649AB0EE64AAB0E60000000064
:10B0D000204B214A30B500EB400503EB00101F4B1D
:10B0E000C07803EB401302EB85005C68D0E901C334
:10B0F000002918BF63461A4908889BB2984283B05A
:10B1000002D1204603B030BD0B80204600210193C0
:10B1100025F0A4FE2188104A019B12F82500114D4C
:10B1200021F03802134323802B88834208D02388E0
:10B13000288060B923F003032380052006F048F936
:10B140002046012125F08AFE204603B030BD43F0A1
:10B150000303F1E798750308D85D03083876030800
:10B16000D6060020D406002008B50001094B1A5C61
:10B170003AB10830184429B1BDE80840002111F067
:10B18000D5BA08BD012111F0D1FABDE8084001206F
:10B1900006F01EB9987503085C4B10B55C4C187826
:10B1A0001D2119F047F8237813B1A378002B48D15B
:10B1B000237C13B1A37C002B4FD194F820301BB11A
:10B1C00094F82230002B53D194F830301BB194F80E
:10B1D0003230002B57D194F840301BB194F84230F4
:10B1E000002B5BD194F850301BB194F85230002BF7
:10B1F0005FD194F860301BB194F86230002B63D1BA
:10B2000094F870301BB194F87230002B67D194F829
:10B2100080301BB194F88230002B6BD194F89030C1
:10B2200013B194F8923003B910BD3A48012111F0DE
:10B230007DFA012006F0CCF8BDE81040642006F04D
:10B2400053B9012104F1080011F070FA012006F051
:10B25000BFF8642006F048F9AAE701212E4811F052
:10B2600065FA012006F0B4F8642006F03DF9A4E781
:10B2700001212A4811F05AFA012006F0A9F86420A9
:10B2800006F032F9A0E70121254811F04FFA01201C
:10B2900006F09EF8642006F027F99CE7012121487A
:10B2A00011F044FA012006F093F8642006F01CF92E
:10B2B00098E701211C4811F039FA012006F088F8BE
:10B2C000642006F011F994E70121184811F02EFAD4
:10B2D000012006F07DF8642006F006F990E70121D0
:10B2E000134811F023FA012006F072F8642006F0EA
:10B2F000FBF88CE701210F4811F018FA012006F045
:10B3000067F8642006F0F0F888E700BF709000202E
:10B310009875030830760308B0750308C0750308F4
:10B32000D0750308E0750308F0750308007603087C
:10B330001076030820760308F8B505460F464FF44B
:10B3400080544FF6FF7603E0013CA4B2B44208D02B
:10B350000221284625F09CFD0028F5D00CB9204696
:10B36000F8BD3946284625F087FD4FF480544FF646
:10B37000FF7603E0013CA4B2B44207D00121284685
:10B3800025F086FD0028F5D0002CE8D0284625F0D1
:10B390006FFDC0B2F8BD00BF2DE9F04F85B0074684
:10B3A00003936C4B0191D3F800A09346002800F062
:10B3B0008280694B1B78834200F0C680DFF8A09141
:10B3C000012138464FEA0718FFF782FE19F80830C6
:10B3D000029304462BB108F108004844002111F003
:10B3E000A5F94FF480564FF6FF7504E0013EB6B262
:10B3F000AE4200F08F800221204625F049FD002852
:10B40000F4D0002E40F0868009EB08035B78042B13
:10B4100056D0BBF1000F18D0039E0197B3444FF6EE
:10B42000FF754FF4805703E0013FBFB2AF422BD00E
:10B430000221204625F02CFD0028F5D027BB3846F8
:10B4400006F8010B5E45ECD1019F029B43B108F168
:10B4500008004844012111F069F9012005F0B8FF06
:10B460003C4B1868504507D03C4B07EB470703EBB4
:10B4700087039A6801329A60A0EB0A00B0FA80F064
:10B48000400905B0BDE8F08F0021204625F0F4FC0E
:10B490004FF4805703E0013FBFB2AF4207D0012114
:10B4A000204625F0F5FC0028F5D0002FC7D0204617
:10B4B00025F0DEFCC4E7019B43F0800301937DE7A8
:10B4C0004FF480564FF6FF7503E0013EB6B2AE4230
:10B4D00007D00221204625F0DBFC0028F5D0002E05
:10B4E00097D00021204625F0C7FC4FF480564FF638
:10B4F000FF7503E0013EB6B2AE4207D001212046FF
:10B5000025F0C6FC0028F5D0002E82D0204625F07C
:10B51000AFFC7EE70199204625F0AEFC4FF4805643
:10B520004FF6FF7503E0013EB6B2AE4208D00121EE
:10B53000204625F0ADFC0028F5D0002E3FF464AF86
:10B54000204625F095FC5FE7012AB4D941F0C003FD
:10B55000019333E7D8060020F7000020E08E00209A
:10B56000987503082DE9F04FDFF840B1DFF840A1EE
:10B5700085B0804602938946DBF8003000930021B5
:10B580001746FFF7A5FD4FEA081304461AF80320F3
:10B59000039301922AB103F108005044002111F0F5
:10B5A000C5F84FF480564FF6FF7503E0013EB6B282
:10B5B000AE4260D00221204625F06AFC0028F5D07A
:10B5C000002E58D1EFB1029ECDF8088037444FF6D7
:10B5D000FF7516F8019B4FF4805805E008F1FF381D
:10B5E0001FFA88F8A8452CD00221204625F050FCEF
:10B5F0000028F3D0B8F1000F23D1B742E9D1DDF82C
:10B600000880019B43B1039808305044012111F098
:10B610008DF8012005F0DCFEDBF80000009B98426D
:10B6200007D0214B08EB480803EB88039A680132E6
:10B630009A60009BC01AB0FA80F0400905B0BDE8DE
:10B64000F08F4946204625F017FC4FF4805905E05D
:10B6500009F1FF391FFA89F9A94508D001212046CF
:10B6600025F016FC0028F3D0B9F1000FC5D0204614
:10B6700025F0FEFBC1E74946204625F0FDFB4FF4CF
:10B6800080564FF6FF7503E0013EB6B2AE4207D0DA
:10B690000121204625F0FCFB0028F5D0002E91D09A
:10B6A000204625F0E5FB8DE7E08E0020D80600203F
:10B6B0009875030810B53D4A3D4B3E49D3ED007ADD
:10B6C00091ED000A3C4B3D4C3D483E4993ED007ADC
:10B6D00090ED006A3C4B3D482DED048B92ED008AC5
:10B6E0003B4A94ED009AD2ED005A3A4AD1ED008AD5
:10B6F000D2ED006A384C3949394A78EE670A38EE9B
:10B70000278A30EE250AD3ED007A364B70EEC70A51
:10B7100038EE478A39EE069A78EEE68A70EEA70A86
:10B7200038EE678A30EE000A78EEA88A39EE099A78
:10B7300084ED008A80ED009AC1ED008A82ED000A56
:10B74000C3ED000A25F010FEDFED277A274CF4EE5A
:10B75000E78AF1EE10FA84ED010A24D49FED240A61
:10B76000F4EEC08AF1EE10FAD8BFB0EE680A25F008
:10B77000CFFD204B1B78F1EE407A012BC4ED007A0F
:10B7800006D11D4BD3ED007A77EEC07AC4ED007A76
:10B79000F0EE480AB0EE490A25F0E6FDBDEC048B58
:10B7A00084ED020A10BDB0EE670AE0E7B00F00209A
:10B7B000A00F0020AC0F0020940F00209C0F002051
:10B7C000A40F0020980F00208C0F0020840F002071
:10B7D000900F0020A80F0020880F0020800F00206D
:10B7E0007C0F0020780F0020EFFF7FBFE07C00205F
:10B7F000EFFF7F3FB18E002094380020F8B53F4C1A
:10B800003F4F404E404D2DED068B94ED028AF6EEF3
:10B81000009A28EE298AB0EE480A25F0B3FEB0EE71
:10B82000409AB0EE480A25F0EDFED4ED018A68EEAC
:10B83000A98AB0EE408AB0EE680A25F0A3FEF0EEC9
:10B8400040AAB0EE680A25F0DDFE94ED00AA2F4C68
:10B850002AEE29AAF0EE408AB0EE4A0A25F092FEBE
:10B86000F0EE409AB0EE4A0A25F0CCFE28EE2A5AB5
:10B8700028EE288A20EE456A69EE288A68EE005A8A
:10B88000A8EEA96A29EE2A9A66EE066AE9EE295A16
:10B8900068EE297AE5EEA56AE9EE007A20EE687A8C
:10B8A000B0EE660AA5EE297AA7EEA70A86ED006A31
:10B8B000A7EE070AC5ED007A84ED007AC7ED005ABD
:10B8C000FFF718F9BDEC068B97ED006AD6ED006A1C
:10B8D00095ED007AD4ED007A26EE006A66EE806A75
:10B8E00027EE007A67EE807A87ED006AC6ED006A7F
:10B8F00085ED007AC4ED007AF8BD00BFE07C002041
:10B90000C00F0020BC0F0020B80F0020B40F002093
:10B91000394B3A4AD3ED004ADFF8FCC0384BD2ED40
:10B92000005A93ED002A9CED006A91ED013A354AE8
:10B93000354BD1ED022A74EE866A75EEC27AB7EE07
:10B94000005AB0EE004AF0EE453AE6EEC43A37EE61
:10B95000A77AD2ED006AD1ED007A2C4A27EE037A5D
:10B9600093ED003A2A4BA3EEA77A76EE837AD3EDD5
:10B97000003A284B77EEA77A74EEA34AA7EEA27A94
:10B9800076EE237AB0EE456AA7EEC46AD3ED002ABC
:10B99000D2ED007A80ED007AD1ED011A35EE827A8F
:10B9A00026EE216A91ED002A37EE077A77EEE25A09
:10B9B000A7EE026A75EEA55A91ED027AA5EE876AA6
:10B9C00077EEA27A80ED016A36EEC37A91ED016AD4
:10B9D000D1ED006A77EEA77A37EE077A67EE867ABE
:10B9E000A4EEC45AE7EE267A91ED027AE5EE077AE4
:10B9F000C0ED027A704700BF940F00209C0F00201A
:10BA0000A40F0020980F0020A80F0020900F002006
:10BA1000A00F0020AC0F00208C0F00200A480B491B
:10BA200090ED007A0A4A0B4BD1ED007AD2ED006A14
:10BA300067EEC77A93ED007AE6EE877A77EEA77A1B
:10BA400027EE800A704700BFBC0F0020B40F002013
:10BA5000C00F0020B80F0020094A0A4BD2ED007A2F
:10BA600093ED007A084B77EEC77A93ED007A074B97
:10BA700077EEC77A93ED000A37EE800A704700BF71
:10BA8000B00F0020A00F0020940F00208C0F00208A
:10BA900008B5114B1621187818F0CCFB0F4A104B43
:10BAA00052789FED100A520783ED010A83ED000AD8
:10BAB00005D583ED020ABDE80840FFF79FBE23F0DD
:10BAC000E9F9074B084A82ED000A83ED020ABDE856
:10BAD0000840FFF793BE00BF709000203C7D00201F
:10BAE000E07C0020000000008CBD002070B56C4B95
:10BAF0006C4C93ED027AD4ED007AE7EE007A2DEDEE
:10BB0000028BB0EE670A82B0C4ED007AFFF772F8DC
:10BB1000654A664BD2ED007A93ED007A644A654B34
:10BB20006549D3ED006A654B77EE877AB0EE408ABF
:10BB300092ED007A91ED000AD3ED000A84ED008ABF
:10BB400077EEE67A30EE070A5D4C77EEE00A30EEEB
:10BB5000000A25F009FC637A5A4ADB09F0EE407AC4
:10BB600082ED020A1BD1584B584D93ED000A37EE77
:10BB7000C00AFFF73FF8564BD5ED007A83ED000A77
:10BB800030EE670AFFF736F8637A524A23F08003F3
:10BB900082ED000A637202B0BDEC028B70BD637867
:10BBA0005B0771D54C4B494D93ED250A95ED007A15
:10BBB0004A4E30EE070A30EE670AFFF71BF89FED9A
:10BBC000487A20EE078AF6EE007A28EE278AB0EE51
:10BBD000480A25F0D7FC8DED010AB0EE480A25F0A1
:10BBE00011FD404B9DED017AD3ED007A96ED005AA0
:10BBF0003D483E49D0ED005A20EE676A67EE877AED
:10BC0000A5EE076AE5EE007A91ED005AC3ED007AE1
:10BC100060EE656A25EE000AE5EE076AA5EE870A82
:10BC2000C1ED006A20EE007A80ED000AA6EE067AE9
:10BC300086ED006AB0EE470AA6EEA60AA7EEA70AAE
:10BC4000FEF758FF28482949264B1E4AD6ED005AD0
:10BC500090ED006AD1ED006A93ED007AD2ED027AA0
:10BC6000194A65EE805A26EE006A66EE806A27EE73
:10BC7000007AC6ED005A92ED000A80ED006AC1ED2F
:10BC8000006A83ED007A72E738EE400AFEF7B2FFF1
:10BC90000D4B0C4A0D4DD2ED027A83ED000A66E79A
:10BCA000F87C00205C0F0020B00F0020A00F0020C7
:10BCB000A40F0020940F00209C0F00208C0F002068
:10BCC0003C7D0020E07C0020DC06002098BD0020A8
:10BCD00090BD002088BD0020E8A80020C00F0020F3
:10BCE0000AD7A33CB40F0020BC0F0020B80F0020DF
:10BCF00062EE026A2DE9F047E1EEA16ADFF808A3DF
:10BD0000A84B9AED007ADFEDA85ADFF8009393ED87
:10BD1000006ADFF8FC82A54BA54CA64EA64FA74DA6
:10BD2000E2EEA26A2DED108BF1EEE6EA82B0F7EEBC
:10BD3000007A99ED008A98ED00AAD4ED00AACDED25
:10BD4000003AEEEEE57A67EE07DA27EE08BAC3EDC1
:10BD500000DA9B4B8DED014A83ED00BA27EE0AEA2B
:10BD6000984BC5ED00EAF0EE408A27EE860A83ED97
:10BD700000EA27EE2A7A944B20EE000AFEEE007AC3
:10BD800083ED007A20EE270A904B68EE087AB6EE33
:10BD900000FAC3ED007A68EE0A7A8D4BC6ED007AA0
:10BDA00028EE2A8A6AEE0A7A83ED008A2AEE2AAA07
:10BDB000884BC7ED007A83ED00AA6AEEAAAA864BEB
:10BDC000F0EE609A64EE8FBAB0EE42CAF0EE61CA4D
:10BDD000B0EE62DAB0EE419AF0EE43FAC3ED00AA9B
:10BDE00025F0C4FAF5EEC0EAF1EE10FAF0EE400AE2
:10BDF00040F3D380794B93ED027AC7EE2E7A9FED14
:10BE0000787AF4EEC77AF1EE10FA40F1BC80754B07
:10BE10009FED751A93ED000AFEF722FE714B95ED2A
:10BE2000007A83ED000A714B1A78714B052AD3ED25
:10BE3000006A704BF2EE0E7A08BFF0EE407A83EDA6
:10BE4000000A67EEA67A6C4BB5EEC07AF1EE10FAF6
:10BE5000C3ED007A2BDDF7EE005AC5EE876A7DEE62
:10BE6000AADAB0EE006ABFEE007AADEE867A2CEE6A
:10BE700026CA38EE4E8A3BEE0ABA6CEEA6CA38EEF7
:10BE8000088A3BEE0BBA2DEE26DA2CEE476A6DEEF1
:10BE9000486AABEE0D6A2CEECBBAE7EE2C6AA8EE40
:10BEA0000CBAE7EE868AE7EEA69AA7EE8B9A534B7A
:10BEB000197ACD070AD55978480707D4D978C1F33C
:10BEC0004000890702D4052A00F0A48098ED007A8A
:10BED0009AED006AD9ED006A94ED004A29EE2B9A9A
:10BEE00068EEAB8A69EEAB9A67EE094A29EEC75A4B
:10BEF000E6EE284AA6EEE85AE4EE694A69EE665A8A
:10BF0000A4EE495AE6EE295A66EEA97A76EEA46ABC
:10BF1000E6EE097AE4EE285A36EE056A26EEA60A1F
:10BF2000E7EE687AA6EE060A37EE257A77EE847A8F
:10BF3000A7EE070A8AED006AA7EEA70AC9ED006A14
:10BF400088ED007AC4ED007AFEF7D4FD9AED006A20
:10BF5000D9ED006A98ED007AD4ED007A26EE006AF9
:10BF600066EE806A27EE007A67EE807A8AED006AD4
:10BF7000C9ED006A88ED007AC4ED007A02B0BDEC2C
:10BF8000108BBDE8F0879FED1E7AF4EEC77AF1EED4
:10BF900010FA02D560EE0F0A39E7DFED1A7A60EE8B
:10BFA000A70A34E7440000207CD6D03DB00F002023
:10BFB000B40F00209C0F0020940F0020D40F00200D
:10BFC000AC0F0020A80F0020A40F0020A00F00201D
:10BFD000980F0020900F00208C0F0020047D00207F
:10BFE000333333BF28000020CDCCCC3D387D00203A
:10BFF00048000020740F0020D80F00203C7D002056
:10C000009A9999BE00000000C00F0020BC0F0020CC
:10C01000B80F00209DED008A1A7ADDED01CA5A4D55
:10C0200028EE080A60F30002AFEEAF0A1A72B6EE0D
:10C0300000CAACEEAC0AFEF75DFDD5ED006AD7EDA7
:10C04000007A524B524A93ED004AD2ED004A96EDE7
:10C05000007A504B504A5149514891ED006A90ED99
:10C06000005A7CEE666A68EE00AA76EEE75A7CEE2D
:10C07000677A2FEE80BA2CEE80AA36EEC40A77EEED
:10C08000C46A77EE647A20EE2A0A67EEAA7A37EE5F
:10C09000247AE6EE8B7AA7EE0B0AD2ED006AB0EEB8
:10C0A000677AD3ED007A37EEA68A77EEE64A28EE75
:10C0B0002A8A76EE457AA4EE8A0A36EE056AA7EE5B
:10C0C0008B8AF0EE477AE6EE0A7A30EE000A77EED7
:10C0D000A77A20EE000AA5EE8A8AA7EEA70AFEF745
:10C0E00009FDD5ED007AD7ED006A2C492C4891ED79
:10C0F000006A90ED005A254B254AD3ED004A92ED97
:10C10000004A244B244AD6ED005A92ED007A7CEE88
:10C11000677A38EE088A77EEE67A3CEE66CA67EE12
:10C12000887A76EE456A36EE056A75EEC45AE6EE12
:10C13000007A93ED006A1B4B37EE067A3CEE64CA38
:10C1400066EE886A27EE087AECEE006AA5EE807A41
:10C1500077EEA77A76EEA66A37EE077A67EECB5AC5
:10C1600026EEEA6AEAEE265A27EE4AAAABEE076AFC
:10C17000AAEEA7AAD3ED006AE6EEA59AA6EE869AE5
:10C18000EAEE268AA2E600BFA00F00208C0F002056
:10C19000A40F0020900F0020AC0F0020980F00206B
:10C1A000A80F0020D00F0020174B1B78012B29D09F
:10C1B0002DE9F041154C164F164E174D2DED028B03
:10C1C00004F10C08B0EE408A384694ED000AF0EE17
:10C1D000480AFEF769FCF0EE407A284696ED000A20
:10C1E000E4EC017AF0EE480AFEF75EFC444507F500
:10C1F0009A77A6EC010A05F59A75E5D1BDEC028B9C
:10C20000BDE8F081704700BF207D0020047D002044
:10C21000B00B0020F87C00201408002070B52DED34
:10C22000028BAF4CA37A5B0782B003D502B0BDECA2
:10C23000028B70BDE3781E07B0EE408A40F1D980D2
:10C240000AF0A6FD6379DD0630D56378580704D47B
:10C25000A44B1B78002B40F02081237A9FEDA24A4B
:10C2600023F00103F0EE443AB0EE443A23729F4BC0
:10C270009F4993ED021AD1ED022A91ED002AD1EDEA
:10C28000011AD3ED000A93ED010AF0EE484AFFF7D8
:10C290002FFDFFF70FFA96499648FFF739FB2378F1
:10C2A000590603D5E3781A0740F1FF80E3781B07AE
:10C2B00040F1E180B0EE480AFFF718FC8E4BD3ED59
:10C2C000007AF4EE677AF1EE10FA40F0C2809FED4A
:10C2D0008B7AF4EEC77AF1EE10FA00F3BA80DFED54
:10C2E000886AF4EEE67AF1EE10FA00F1B280854B3E
:10C2F000D3ED007AF4EE677AF1EE10FA40F0A980FF
:10C30000F4EEC77AF1EE10FA00F3A380F4EEE67AC9
:10C31000F1EE10FA00F19D807B4BD3ED007AF4EE44
:10C32000677AF1EE10FA40F09480F4EEC77AF1EEFD
:10C3300010FA00F38E80F4EEE67AF1EE10FA00F1D6
:10C340008880724BD3ED007AF4EE677AF1EE10FA42
:10C350007FD1F4EEC77AF1EE10FAB0EE476A78DCDE
:10C36000F4EEE67AF1EE10FAF0EE665A71D4684B0C
:10C37000D3ED016AF4EE666AF1EE10FA69D1F4EEDB
:10C38000C76AF1EE10FA64DCF4EEE56AF1EE10FA39
:10C390005FD493ED007AB4EE477AF1EE10FA58D1FB
:10C3A000B4EEC67AF1EE10FA53DCB4EEE57AF1EEB3
:10C3B00010FA4ED4D3ED027AF4EE677AF1EE10FA69
:10C3C00047D1F4EEC67AF1EE10FA42DCF4EEE57AEB
:10C3D000F1EE10FA3DD44F4B4F48504AC3ED016A7D
:10C3E0000124002183ED007AC3ED027A04701180EC
:10C3F0001CE71EF027FC0BF0A9FD494B1B78012B15
:10C4000024D03B4B474A394D474E93ED000A0192E9
:10C410001046F0EE480A0093FEF746FB009BF0EE54
:10C42000407AE3EC017A95ED000A00933046F0EE95
:10C43000480AFEF739FB3D49009B019AA5EC010A29
:10C440008B4202F59A7206F59A76DED122F0BEFD95
:10C45000F8E6314B1B789BB9354963790A882F4838
:10C4600043F080030132637101230A80038002B02C
:10C47000BDEC028B70BDB0EE480A01F0DDFF19E79C
:10C48000244A234B5068116892689A60586019607A
:10C49000FFF7B4F9FFF70EF9DEE7264B93ED003A0C
:10C4A000D3ED013A93ED024AE1E6D0ED010A90EDB9
:10C4B000000AB0EE481A22F029F91F4A1F4BD2E9B0
:10C4C000000192ED027BC3E9000103F5A66110694A
:10C4D000586181ED007B516903F244521160E5E639
:10C4E0003C7D0020AC8E002000000000F87C002085
:10C4F000047D0020C40F0020C00F0020CAF2497143
:10C50000CAF249F1BC0F0020B80F0020B40F002080
:10C51000E07C0020640F0020600F0020720F0020DC
:10C52000207D0020B00B002014080020107D00208A
:10C53000700F00207CBD002068AA0020901600200B
:10C540002DE9F047414C424FD4ED000A97ED000A27
:10C55000DFF83C9186B0FEF773FA3E4A3E4BD4EDCD
:10C56000000AF0EE407A92ED000AC3ED007AFEF781
:10C5700067FA3A4A3A49107809783A4B3A4A33F816
:10C58000103032F81120394907EE902A06EE903A21
:10C590000B78374AB0EE407AF8EE677AB8EE660A62
:10C5A000012B82ED007A89ED000AC7ED007A1ED0DA
:10C5B000304C314E314DDFF8DC8004F5677A20468F
:10C5C000FEF754FA97ED000A3046FEF74FFA04F5ED
:10C5D0009A7498ED000A2846FEF748FA544514D09C
:10C5E00099ED000A06F59A7605F52E75E7E7234CD6
:10C5F000DFF8A08004F62805204698ED000A04F52F
:10C600002E74FEF733FAAC42F6D11D4C04F6280521
:10C610001C4E0FCEEC46ACE80F0096E803006A46CD
:10C620008CE803002046062104F52E74FEF7B0F9CD
:10C63000A542EDD1144B15480022B6EE000A1A703F
:10C6400006B0BDE8F047FEF711BA00BF347D002008
:10C650003C00002034000020BC060020C000002068
:10C66000C1000020A8660308B8660308207D0020EA
:10C67000B8060020B00B002014080020F83C002071
:10C68000E43B0020645803084C0F0020E006002023
:10C69000400000202C00002091ED016AD2ED017ACB
:10C6A000D1ED006A92ED007AD1ED025A67EEC67ABA
:10C6B00092ED026AE6EE877AD1ED036A92ED037A93
:10C6C000E5EEC67AE6EEC77AC0ED007A92ED006A32
:10C6D000D1ED017AD1ED006A92ED017AD1ED025AE5
:10C6E00067EE867A92ED036AE6EE877AD1ED036A09
:10C6F00092ED027AE5EE867AE6EEC77AC0ED017A2F
:10C7000091ED016AD2ED037AD1ED006A92ED027AE1
:10C71000D1ED025A67EEC67A92ED006AE6EE877AAC
:10C72000D1ED036A92ED017AE5EE867AE6EE877A3C
:10C73000C0ED027AD1ED017A92ED026AD1ED006A84
:10C7400092ED037AD1ED025A67EE867A92ED016A94
:10C75000E6EE877AD1ED036A92ED007AE5EEC67ACD
:10C76000E6EE877AC0ED037A704700BF344B91ED57
:10C77000017AD3ED007A334BD1ED006AD3ED004A54
:10C78000314B27EE877A93ED005A304BA4EEA67A10
:10C79000D1ED026AD3ED005AA5EE267AD1ED036AF7
:10C7A000A5EEA67A80ED007A91ED006AD1ED016ADE
:10C7B00091ED034A27EEC66AB5EEC07AA4EEA66AEA
:10C7C000D1ED026AA5EE446AF1EE10FAA5EEA66A72
:10C7D00080ED016AD1ED036A91ED024AD1ED003A94
:10C7E00067EEA66AE4EE846A91ED014AE5EE636ABB
:10C7F000E5EEC46AC0ED026A91ED024AD1ED033A5A
:10C8000067EEC47A91ED014AE4EEA37AD1ED004AD5
:10C81000E5EE047AE5EEE47AC0ED037A0FD5B1EEE9
:10C82000477AB1EE466AF1EE666AF1EE677A80ED1C
:10C83000007A80ED016AC0ED026AC0ED037A7047AC
:10C84000BC0F0020C00F0020B80F0020B40F002044
:10C8500010B52DED068BF6EE009A21EE298AF0EE4A
:10C86000408AB0EE480A0446B0EE60AA24F08AFE80
:10C87000B0EE409AB0EE480A24F0C4FE68EEA98AF1
:10C88000B0EE408AB0EE680A24F07CFEF0EE40AADA
:10C89000B0EE680A24F0B6FE2AEE29AAF0EE408A2D
:10C8A000B0EE4A0A24F06EFEF0EE409AB0EE4A0A6C
:10C8B00024F0A8FE28EE2A5A28EE288A20EE456A9F
:10C8C00069EE288A68EE005AA8EEA96A29EE2A9A2B
:10C8D00066EE066AE9EE295A68EE297AE5EEA56A5F
:10C8E000E9EE007A20EE687AB0EE660AA5EE297AC3
:10C8F000A7EEA70A84ED016AA7EE070AC4ED027A43
:10C9000084ED037AC4ED005AFEF7F4F8BDEC068B13
:10C9100094ED006AD4ED016A94ED027AD4ED037AC5
:10C9200026EE006A66EE806A27EE007A67EE807A6D
:10C9300084ED006AC4ED016A84ED027AC4ED037AE5
:10C9400010BD00BF114B1B78EBB1114A1378834225
:10C950001AD010B582B0002840F6FF710CBF0C460B
:10C960001924019045F2555024F06AF8204624F02D
:10C9700073F824F077F8019B054A137002B0BDE804
:10C98000104024F06FB8704724F06CB8DE0F002020
:10C99000DC0F002010B545F2555082B024F050F85D
:10C9A000042024F053F845F2555024F049F840F69D
:10C9B000FF7024F051F824F055F824F05BF8174B81
:10C9C000002401201C7024F01BF9154B15491A781E
:10C9D000154B032A4FF001000CBF02462246087097
:10C9E0001A7004D0114A0023138002B010BD2046F3
:10C9F00023F0C2FE4AF278510C4A0192B1EB104F7B
:10CA000018BF002010802146204623F0A5FE064BCB
:10CA1000019A1B78002BE6D002B010BDDC0F00207D
:10CA200001A10020DE0F0020DD0F0020E00F00201C
:10CA3000024B1B7803B9704724F014B8DE0F0020B6
:10CA4000054B1B7803B9704740F0254141F4F001D4
:10CA5000002023F081BE00BFDE0F0020204901EB43
:10CA60008013D3ED087AF5EE407A00224FF0000CE7
:10CA7000F1EE10FA1A615A61C3F82CC083F830C085
:10CA80005A639A6383F83CC0C3ED007AC3ED037A1E
:10CA90005A609A6008D4B1EEE77A01EB801183ED19
:10CAA000097A81ED0A7A704700B5B0EE670A85B061
:10CAB000CDE90230CDED017A24F03CFD029BB0EED1
:10CAC000407A9DED010A83ED097A24F033FD039845
:10CAD000034901EB801181ED0A0A05B000BD00BFDA
:10CAE000E40F0020F0B5384C384D394F394EA1B025
:10CAF00001202566A765E665FFF7B0FF0220C4F8B0
:10CB0000A050C4F89870C4F89C60FFF7A7FF324BA0
:10CB1000324D3348C4F8C050002119706A46802154
:10CB20000EF080FD2F4B009A9A424BD1DDED0A6A40
:10CB30009DED0B7ADDED055A9DED066A089A039B83
:10CB400004980999DDED0F7A226166EEA64A0D9AE6
:10CB5000616127EE075A65EEA53A26EE064A079967
:10CB60002365C4F8902002230E9A60650C98C4F8DF
:10CB70009420C4ED096A119A84ED0A7AC4ED195A19
:10CB8000E06284ED1A6AE166C4ED103A84ED134A5E
:10CB900084F87030C4ED004A84ED035A84F83030D4
:10CBA000C4ED297A9DED107AC4F8AC2067EEA77A1F
:10CBB00067EE076A84ED2A7AC4ED207AC4ED236A11
:10CBC00084F8B03021B0F0BDE40F0020CDCCCC3DD6
:10CBD00095BFD633CD024C35E20F00206F12033BD8
:10CBE00000000C084944454ED54AD64B127883EDD7
:10CBF000300A052A00D07047D34A1278032AFAD0A7
:10CC000010B5D248D24A93F87C100068D2ED017A70
:10CC100084B0002900F0A08093ED1D7AB5EEC07AB3
:10CC2000F1EE10FA00F1BC81DFEDCA6AB4EEE67AEB
:10CC3000F1EE10FACCBF01210021002900F08C8018
:10CC4000D3ED1E6A37EEE66AB5EEC06AF1EE10FA71
:10CC500000F19C81DFEDC05AB4EEE56AF1EE10FA06
:10CC6000CCBF01210021002976D0D3ED135AD3ED9A
:10CC7000111A93ED122A93ED101AD3ED170A93EDC2
:10CC8000154AD3ED143A25EE873A61EE872AA2EED3
:10CC9000263AE1EE262A23EE075A24EE076AA2EE90
:10CCA000A65AA3EEA66A35EE205A37EEC66A82EE81
:10CCB000850AC3EE052AB7EE003AB7EE005AA0EE99
:10CCC000663AA2EEC75A20EE077AE0EE063A62EE26
:10CCD000A66A22EE470AA2EE864AA3EE010A26EED3
:10CCE000E16AD3ED160AC3ED143AA5EE856A66EE45
:10CCF000C16A65EEC75A30EE200AE2EE056AE3EE3D
:10CD0000215A36EE206AB5EE400AF1EE10FAC3ED74
:10CD1000126A83ED154A58BFF1EEC06A83ED100A1E
:10CD2000C3ED115A83ED136A00F17B81B5EE406AC1
:10CD3000F1EE10FAC3ED196A58BFF1EEC66A00F1C0
:10CD40006181D96E854C01314FF0010CD96684F8B0
:10CD500000C0C3ED1A6A00E0D96E58674FF0010CAD
:10CD6000C829C3ED1E7A83F87CC000F2AD8000298B
:10CD700040F0BE807A4993F8BC00096892ED027ACF
:10CD8000002800F0B980D3ED2D7AF5EEC07AF1EEEF
:10CD900010FA00F10F81DFED6F6AF4EEE67AF1EE42
:10CDA00010FACCBF01220022002A00F0A580D3EDAA
:10CDB0002E6A37EE666AB5EEC06AF1EE10FA00F13F
:10CDC000DB80DFED655AB4EEE56AF1EE10FACCBF18
:10CDD00001220022002A00F08F8093ED231A93EDA8
:10CDE000212AD3ED222AD3ED201AD3ED270AD3ED41
:10CDF000254A93ED244A67EE813A27EE823AE6EE21
:10CE0000A23AA6EEA13A67EEA35A27EEA46AE6EE8E
:10CE1000835AA6EE846A75EEA05A37EE466A83EE10
:10CE2000250A83EEA53AF7EE003AF7EE005AE6EE51
:10CE3000C03AE7EEC35A67EE807AA6EE004A66EE85
:10CE4000836A27EEE20AE6EE034AA1EEA30A26EE83
:10CE5000C26AD3ED260A83ED244AA1EE256A67EE65
:10CE6000C17A66EEE16A30EE200AE2EE237AE2EE63
:10CE7000A56A36EE206AB5EE400AF1EE10FAC3ED6F
:10CE8000254A83ED200AC3ED217AC3ED226A83EDA2
:10CE9000236A00F1A780F1EEC07AB5EE406AF1EEA8
:10CEA00010FAC3ED297A00F18F80F1EEC67AD3F83B
:10CEB000AC202A4801324FF0010C80F800C0C3F8C2
:10CEC000AC20C3ED2A7A19E0DFED267A93ED197ACA
:10CED000B4EEE77AF1EE10FA0AD593ED1A7AB4EED1
:10CEE000E77AF1EE10FA03D5022183F8701041E7DA
:10CEF000012183F870103DE7D3F8AC20C3F8B410DB
:10CF00000120C82A83ED2E7A83F8BC0014D9DFED06
:10CF1000157A93ED297AB4EEE77AF1EE10FA06D598
:10CF200093ED2A7AB4EEE77AF1EE10FA20D40122DA
:10CF300083F8B02004B010BD002AFBD0F7E700BF93
:10CF4000387D0020E40F0020B18E0020EC4000204E
:10CF5000F87C0020CDCCCC3DCDCC4C3DE20F002068
:10CF6000A44300200AD7233CCDCC4CBDCDCCCCBDB6
:10CF7000022283F8B020DDE75FED055AB4EEE56AE2
:10CF8000F1EE10FA4CBF0122002223E75FED0A5AAE
:10CF9000B4EEE56AF1EE10FA4CBF0121002162E621
:10CFA0005FED0E6AB4EEE67AF1EE10FA4CBF0121A5
:10CFB000002142E65FED136AF4EEE67AF1EE10FA34
:10CFC0004CBF01220022EFE6B0EE460A8DED027A58
:10CFD000019124F0AFFA1B4B9DED027A0199F0EE1E
:10CFE000407A64E78DED036A8DED027A019124F0B9
:10CFF000A1FA144B9DED036A9DED027A0199F0EEC2
:10D00000407A4AE7B0EE460A0290CDED017A24F06C
:10D0100091FADDED017A02980B4A0A4BF0EE406A74
:10D020008FE68DED036A0290CDED017A24F082FA4D
:10D03000DDED017A02989DED036A034A014BF0EEA3
:10D04000406A73E6E40F0020F87C002010B5204C05
:10D050002378A2B0002B39D01E4B1F491A6D0291C4
:10D06000012103910592596D5A6ED3F8C0000490C6
:10D07000CDE90612D3E91A12CDE90812D3E9041258
:10D08000CDE90A12D3E90912CDE90C12D96AD3F815
:10D090009020CDE90E12D3F89410D3F8A420CDE956
:10D0A0001012D3F8A82012920021D3F8AC301393B9
:10D0B000382214A828F002FB02A980230091074A15
:10D0C000502101200EF0FAFA0023237022B010BD87
:10D0D000E20F0020E40F00204944454E00000C08F8
:10D0E000154A164B1648D2ED006A93ED017AD0ED41
:10D0F000007A144992ED016A134AE6EE877A93EDBD
:10D10000007AD1ED006A114BE6EE076A92ED007AE3
:10D1100093ED085AD3ED095A0D4B77EE877AB6EEA8
:10D12000007AB0EE476AA5EE266AA5EEA77A83EDEF
:10D13000086A83ED097A7047E07C0020F80500203A
:10D14000D43800208481002000300020BC10002052
:10D1500064060020BE4B1B78002B40F09780BD4A30
:10D16000BD48BE49D2ED007A91ED007AD0ED005A6B
:10D17000BB4BBC4993ED006A0978BB4867EE876AF0
:10D1800067EEA57AE6EE256A0529E6EE477AC3ED55
:10D19000006A90ED007AC2ED007A00F0F180B34BA6
:10D1A0005B7A5B0720D5DFEDB25AB24BB7EE006A6F
:10D1B00077EE655A36EE476A93ED005AAE4BF4EEC1
:10D1C000C65AF1EE10FAD8BFB0EE656A26EE056ACF
:10D1D00093ED005AF1EE465AF4EEC55AF1EE10FA0C
:10D1E00040F3E380C3ED005AA44B1B78152B3BD8CA
:10D1F000DFE813F08C01A9011600A800A800A80020
:10D20000A800F200F200640164013A003A003A001A
:10D210003A003A003A003A003A003A00A800A80062
:10D22000954B974A974992ED056A93ED004AD1EDE7
:10D23000005A954BB7EE005A26EE046A75EE654A21
:10D2400075EE855AB0EE465AA4EEA75A94EEA76A38
:10D25000E5EEA76AF1EE455AF1EE467AC3ED026AB1
:10D26000C3ED005AC3ED017A884B196851B1864A63
:10D270000023D2ED007A013377EE877A9942E2EC0F
:10D28000017AF6D1824B83ED007A7047013B012B86
:10D2900000D97047754AD3789807C3F3400140F12D
:10D2A0009080714BD3ED007AD3789B071ED4694BE5
:10D2B00093ED007AB5EEC07AF1EE10FA01D5B1EE39
:10D2C000477A744BD3ED006AE6EE877AF5EEC07AC2
:10D2D000F1EE10FA00F172816F4B93ED007AF4EEEB
:10D2E000C77AF1EE10FAC8BFF0EE477AF5EEC07AD1
:10D2F000F1EE10FA00F15681B7EE007AF4EEC77A3B
:10D30000F1EE10FACCBF01210021B7EE007A00291E
:10D3100018BFF0EE477A614A574BD2ED006A93EDA1
:10D32000007A5B4A584BF0EE675AB0EE676AE6EE59
:10D33000875AA6EEC76AC3ED005AC2ED007A83EDA4
:10D34000016A70474C4A564B92ED006A93ED005AC1
:10D350004D4B26EE056AF1EE665A36EE675A75EECB
:10D36000C65A76EEC66A76EE277A82ED006AC3ED7B
:10D37000015AC3ED026A83ED005AC3ED037A73E7E5
:10D38000484B494AD3ED005A92ED006A474B37EEBD
:10D39000066A93ED007A354B5B7A26EE256A5B07C9
:10D3A00026EE077A7FF520AFFDE6B4EEC65AF1EE21
:10D3B00010FAD4BFF0EE455AF0EE465AC3ED005ACB
:10D3C00012E73B4B1B78002B00F0EF80D378DFEDAA
:10D3D000397A9A0799D46AE7274A314B9FED366A22
:10D3E000D2ED005A66EE866A93ED006A264B25EE72
:10D3F000866AB6EE005AB0EE664AF0EE664AF0EE85
:10D40000665A97EEC54AD7EE855AE7EEC54AE7EE6B
:10D41000856AB0EE463AF0EE463AA7EEC53AD7EE48
:10D42000853A34EE464A34EEC65A75EE865A76EEA2
:10D43000867A82ED006A83ED003A83ED014A83ED3E
:10D44000025AC3ED035AC3ED047AC3ED053A0BE764
:10D45000B18E0020080600204C000020B4100020EF
:10D460000C060020387D0020B03800203C7D0020D4
:10D47000CDCC4C3DE800002004060020F500002043
:10D48000BC100020AC100020640600200400002026
:10D49000B01000209C3800209038002078810020B7
:10D4A00008000020A0000020C8380020A4000020B0
:10D4B00090BE0020000000003BCD133F414A424B8C
:10D4C00092ED006A93ED005A404B26EE056AF1EEAC
:10D4D000665A76EE674A75EEC65A76EEC66A76EEFC
:10D4E000277AB6EE005A65EE855A66EE856A64EED6
:10D4F000854A67EE857A82ED006AC3ED015AC3ED75
:10D50000026AC3ED004AC3ED037AADE6304B9FEDEE
:10D51000315AD3ED004A2D4BB7EE006A74EE865AAD
:10D5200036EE646A65EEA75A67EEC67AF0EE654A93
:10D53000E6EEC54AE6EE855AC3ED014AC3ED025A4E
:10D54000C3ED007A90E69FED236A1E4BB0EE675A5A
:10D55000F0EE675AA6EEC65AE6EE865A93ED006ADA
:10D56000DFED1D6A194BF0EE673AB0EE454AF0EE7A
:10D57000654AD6EE263AA6EE264AE6EE264AD6EECC
:10D58000667AA6EE665AE6EE665AC3ED003A83ED79
:10D59000014AC3ED024AC3ED037A83ED045AC3ED99
:10D5A000055A61E6DFED0D7AB5E60D490D4BD1ED7B
:10D5B000007A93ED007A77EE877A75E6DFED077AE9
:10D5C0000021A2E6040600200800002064060020D6
:10D5D000AC10002036CD933FDAAC2A3F00000000AB
:10D5E000B0380020C8380020B54B1B78152B17D851
:10D5F000DFE813F0BB001600160016001600160038
:10D6000016001600160016001600C900F6002401C8
:10D610008A01D90194023A021C03F2025703430023
:10D62000A84AA94BA948AA4990ED005A90ED016A71
:10D63000A848D1ED015AD0ED007ADFF8C8C291EDCB
:10D64000007ADCED006AA449E5EE257AE6EE076A89
:10D6500091ED007A92ED085AD2ED095A77EE877A69
:10D66000B6EE007AB0EE476AA6EE856AA7EEA57A16
:10D6700083ED086A83ED097A70479849984ACB7818
:10D68000D2ED007A9A0704D4964B93ED007A77EEA8
:10D69000877AF5EEC07AF1EE10FA00F1A283B7EEC8
:10D6A000007AF4EEC77AF1EE10FAD8BFB0EE677ADE
:10D6B0008D488E4B834ADFF844C2D0ED002A1B7898
:10D6C0008B4892ED043ADCED006AD0ED007A002B35
:10D6D00000F08D83CB789B0700F17484F5EEC02AAF
:10D6E000F1EE10FA00F17F84B0EE625A814B93EDB7
:10D6F000006AF0EE665AE6EE055A734B63EE266A50
:10D70000B0EE675A92ED056A92ED022AA5EE835AB1
:10D71000F0EE673AE5EEC33AB0EE664AA6EE674A27
:10D72000D6EE676AF6EE007AD2ED035AF0EE674A5B
:10D73000E2EE054AB0EE675AA5EEA35AF0EE675A3C
:10D74000E4EE035AE6EE267A77EE226A37EE627A44
:10D75000C3ED024A83ED035AC3ED016A83ED007AFB
:10D76000C3ED045AC3ED057A5CE7614B554A93ED6E
:10D77000007AD2ED046A544BF6EE007AE6EE877A30
:10D78000C3ED047A4EE7554B5949DB784D4A56486C
:10D7900091ED007A92ED054AD0ED006A990704D424
:10D7A000554BD3ED007AA7EEA67A544BF6EE007AED
:10D7B000D2ED024A92ED045AD3ED005A424BB0EE3C
:10D7C000676AA4EE076AB0EE677AA4EEA67AE5EE81
:10D7D000257A83ED056A83ED027AC3ED047A21E7A9
:10D7E000464A434BD2ED007AD3ED006A354A364BB8
:10D7F000D2ED033A92ED024A3B4993ED016A91ED75
:10D80000005AF1EE675A37EEA67A75EEE65AF6EE52
:10D81000007AF0EE674AE3EE874AD3ED006AC3ED83
:10D82000034AE4EE257A36EE456A36EE857A83EDD4
:10D83000016A83ED007AC3ED027AF3E6274B214AB1
:10D84000DB7829482D4992ED046AD0ED007A91EDFC
:10D85000007A9B070CD4F5EEC07AF1EE10FA00F1D5
:10D86000BC83F0EE675A234BD3ED006AA6EEA57A8F
:10D870001F4BF0EE676AE6EE076AE6EE477A93ED35
:10D88000007A92ED025AD2ED035A1D4B76EE876A6A
:10D8900077EE877AB6EE007AB0EE476AA5EE266A92
:10D8A000A5EEA77AD3ED006AD2ED067A064B67EEB5
:10D8B000A67A83ED026A83ED037AC3ED067AB1E6B8
:10D8C000F5000020BC10002064060020E07C002051
:10D8D000F8050020D4380020003000203C7D0020D6
:10D8E000B0380020C83800200C060020A810002006
:10D8F00004060020A43800208838002008060020F4
:10D900000006002084810020BD49BE48CB78BE4A75
:10D91000DFF810C3D0ED006A92ED056ADCED007A05
:10D92000980704D4B94B93ED007AE7EE276AC978DB
:10D93000B74BB848B6EE007AA6EE667A890783ED53
:10D94000057AD2ED046A90ED007A0CD4F5EEC07A37
:10D95000F1EE10FA00F14483F0EE675AAE4991ED12
:10D96000006AA6EE257AAD49F0EE675AE6EE875AD0
:10D97000E6EEC77A92ED025AD2ED036AB6EE007A6D
:10D98000B0EE476AA5EE256AA6EEA77AD2ED067A32
:10D99000D1ED006A83ED026A67EEA67A83ED037A21
:10D9A000C3ED067A3EE69649974ACB78DFF874C213
:10D9B0009448D2ED055ADCED007AD0ED006A9B0761
:10D9C00004D4924B93ED007AE7EE276AC878904B27
:10D9D000B6EE007AB0EE476AA5EEA66A8007D2EDF1
:10D9E000035A83ED056A92ED046A92ED025AF1EE54
:10D9F000674A00F1DF818A48F5EEC07A90ED004A6F
:10DA0000F7EE006AF1EE10FA76EEC46A40F3C282D5
:10DA100066EEA76AB6EE007AF0EE474AE6EE854A71
:10DA2000C978A5EEA77A8807C3ED024A83ED037A89
:10DA300000F1C18278487749D0ED006A91ED007A13
:10DA4000A6EEA77A754992ED065AD1ED005AF6EE88
:10DA5000007AF0EE676AE7EE066AE5EE257AC3ED36
:10DA6000046AC3ED067ADDE56E4B6549D3ED007AB5
:10DA7000CB78654A9807D2ED036A92ED026AB1EE5F
:10DA8000675A00F17D81664BF5EEC07AD3ED005AFE
:10DA9000B7EE007AF1EE10FA37EE657A40F30782BE
:10DAA00027EE877AF6EE005AB0EE655AA7EE065AD0
:10DAB000C978574BE7EEA65A890783ED025AC3EDA2
:10DAC000035A00F109825448524990ED007A91EDD1
:10DAD000006AA7EE276A51484A4992ED047AD2EDCE
:10DAE000055A92ED065AF6EE007AF0EE676AE7EE16
:10DAF000066AB0EE677AA5EEC67AD0ED005A91EDCF
:10DB0000006AE5EE257A76EEC66A37EE467AC3ED10
:10DB1000046A83ED057AC3ED067A83E538493A4A0B
:10DB2000CB78DFF800C1374892ED056A9CED007AAA
:10DB3000D0ED006A9B0704D4344BD3ED007AE7EEB6
:10DB4000876AC878324BF6EE007AE6EE267A8007CE
:10DB5000B1EE475AC3ED057A40F10081F0EE456A17
:10DB6000F0EE475A2D48D2ED067AD0ED004A9FEDEF
:10DB70002E6A92ED034AC978264867EEE47AD2ED20
:10DB8000024A67EE867A8907B0EE676A94EE666AA3
:10DB9000E4EEA57AF6EE005A76EE256A77EEA57ADF
:10DBA000C3ED036AC3ED027A92ED046AD0ED006A18
:10DBB0000BD4B5EEC07AF1EE10FA01D4B0EE475AAC
:10DBC0001549D1ED007AE7EE856AF6EE007AE6EEC9
:10DBD000267AC3ED047A25E50D4B0B4A114992EDE7
:10DBE000026AD1ED006A93ED007AD3ED017AA6EED8
:10DBF000267AE6EE667A83ED007AC3ED017A11E5C6
:10DC00003C7D002004060020BC1000208838002045
:10DC10006406002008060020A4380020000600202A
:10DC2000A03800200C0600209A99993ECA4ACB4998
:10DC3000CB4BD1ED006AD2ED027A93ED007A92EDF2
:10DC4000056AC849C84BC978C84892ED045AA7EE7E
:10DC5000A67A8907F6EE007AE6EE077AC3ED057A32
:10DC600090ED007A0BD4F5EEC06AF1EE10FA01D512
:10DC7000F1EE666ABE49D1ED007AA7EEA67ABD49FB
:10DC8000D2ED065A91ED006AF6EE007AF0EE676A80
:10DC9000E5EE076AE5EE867AC3ED046AC3ED067A1F
:10DCA000C0E4B049B44ACB78D2ED007A980704D4E6
:10DCB000B24B93ED007A77EE877AF5EEC07AF1EE0B
:10DCC00010FA00F19180F7EE006AF4EEE67AF1EED8
:10DCD00010FAD8BFF0EE676ADFF884C2A848A94BF3
:10DCE0009D4A9CED007AD0ED007ADFF870C29F4823
:10DCF0001B789CED006AD2ED044A92ED055AD0EDF6
:10DD0000005A67EE277A002B00F0EA8064EEA56ADD
:10DD1000B6EE007AB0EE663AA5EE673A924BD5EED3
:10DD2000676AF0EE473AE3EE243AA6EE857AB1EE62
:10DD3000464A74EE676A36EE676A37EEE55A77EE62
:10DD4000A57AC3ED043A83ED057AC3ED016A83ED4C
:10DD5000026A83ED005AC3ED037A63E48A48B5EEA4
:10DD6000C07AD0ED007AF7EE006AF1EE10FA76EEA6
:10DD7000E76A40F32B8166EE875AF0EE456AF1E6DA
:10DD8000B6EE007AF0EE475AE7EE865AC978764B3F
:10DD9000A7EEA67A8807C3ED025A83ED037A00F155
:10DDA0009B80F5EEC07AF1EE10FA7FF58CAEF0EEC6
:10DDB000457A88E6F0EE476AE5EE276AC978A5EE6F
:10DDC000A77A8907C3ED026A83ED037A00F1F38035
:10DDD000F5EEC07AF1EE10FA7FF52CAEF0EE647A33
:10DDE00028E69FED6A7A63E4DFED686A74E7CB7832
:10DDF000980700F1E480F5EEC02AF1EE10FA00F188
:10DE0000FC80B0EE625A5A4BD3ED005AB0EE666A0F
:10DE1000A5EE856AC978544B92ED035AD2ED023AC9
:10DE2000B0EE624AF0EE625AE6EE435A8907A6EE79
:10DE3000034AB6EE006AF0EE464AE3EE844AA5EEE7
:10DE4000256AD2ED055AC3ED024A37EE275A37EE5E
:10DE5000677A83ED036A65EEE77A83ED015A83ED15
:10DE6000007A0CD4F5EEC02AF1EE10FA00F1C2806F
:10DE7000B0EE626A3E4991ED007AE7EE066AB0EED6
:10DE8000676AA6EE836AE6EEC37AB6EE007A76EEAD
:10DE9000226A77EEA27AB0EE476AA6EE836AA5EE12
:10DEA000A77A83ED046A83ED057AFFF7BBBB40F1E7
:10DEB000A780F6EE005A25EE077AF0EE654AE7EE07
:10DEC000864AC978284BE6EEC75A8907C3ED024A4D
:10DED000C3ED035A7FF56BAF244991ED006AFAE573
:10DEE0002B4BC978D3ED003A1F4B36EEA74A76EE9E
:10DEF000E76AF0EE447AE7EE237A8907E7EE636A91
:10DF0000C3ED017A25EE477AC3ED006A0BD4B5EE76
:10DF1000C06AF1EE10FA6AD4F0EE466A1449D1ED07
:10DF2000007AE7EEA65AF0EE476AE5EEA46AA5EE9F
:10DF3000E47A76EE866A37EE067AF6EE007AB0EE8E
:10DF4000676AA6EEA46AE7EE057A83ED046AC3ED7C
:10DF5000057AFFF767BB00BFBC1000200C0600204D
:10DF6000040600203C7D00206406002008060020F6
:10DF7000A438002000060020B0380020C838002057
:10DF800008000020A8100020A03800200000000099
:10DF90007881002037D564EEA66AB0EE474AA5EE38
:10DFA000274AC978A5EEE67A880783ED024A83ED11
:10DFB000037A7FF513AF154991ED007A42E5B0EE93
:10DFC000666A27E7F0EE665AFFF797BB7FF5C6ADA6
:10DFD00065EE266AF0EE475AC4E5F1EE675A42E470
:10DFE000F1EE675ABAE4B1EE625AFFF77FBBF1EE89
:10DFF000466A93E7B1EE626A3CE7B1EE625A02E725
:10E00000B0EE677A4EE5F0EE676A03E50806002099
:10E01000254B1A78254BF7EE007ABFEE007A12F006
:10E02000010F0CBFB0EE674AB0EE474A12F0020F84
:10E030000CBFF0EE674AF0EE474A12F0040F0CBF37
:10E04000B0EE675AB0EE475A12F0080F0CBFF0EE70
:10E05000675AF0EE475A12F0100F0CBFB0EE676A25
:10E06000B0EE476A12F0200F0CBFF0EE676AF0EED8
:10E07000476A12F0400F08BFB0EE677AC3ED007A2E
:10E08000C3ED017AC3ED077A83ED024AC3ED034A7B
:10E0900083ED045AC3ED055A83ED066AC3ED086AA1
:10E0A00083ED097A704700BF8A810020BC100020F0
:10E0B0002DE9F04F684B1C78052C87B018D09FEDE8
:10E0C0005A7B664B8DED027B9FED597B1A788DED67
:10E0D000007BCAB158A1D1E90001614A614CC2E993
:10E0E0000601002284ED000B1A7007B0BDE8F08F26
:10E0F0009FED537B594B8DED027B9FED537B1A783F
:10E100008DED007B002AE5D1564D554E95ED007BF7
:10E1100051EC100B53EC172B8DED047BF9F774FFCA
:10E1200096ED067BB0EE470AF0EE670A8046894618
:10E130005BEC17AB23F0B8F829F00047DDE90001EC
:10E1400053EC102BCDF800800197FAF715F9024631
:10E150000B46DDE90001FAF781FBE8B9052C4BD04D
:10E160003BA3D3E9002350465946FAF777FB78B929
:10E170003D4B002250465946FAF78EFB00284FD0FF
:10E18000394B00223649C1E90C2307B0BDE8F08FB6
:10E190002FA3D3E90023F5E7DDE90223334900206B
:10E1A000F9F732FF42464B46CDE90001FAF7E4F8B1
:10E1B000DDE90423F9F72AFF4246C5E900014B4691
:10E1C00040464946FAF7D8F8DDE90023FAF7D4F8D3
:10E1D000DDE902230746884650465946FAF7CCF84F
:10E1E00002460B4638464146F9F710FF052CC6E9B2
:10E1F000060182468B46B3D1194BD3E900030022B6
:10E2000023F00041194BFAF747FB0028A8D05246EB
:10E210005B4650465946F9F7F9FE82468B469FE722
:10E2200052465B46AEE700BF666666666666EE3FD0
:10E23000000000000000004000000040E17AA43F20
:10E24000AE47E17A14AEEF3F000000000000084046
:10E250009A9999999999B93F387D002052000020E8
:10E2600008110020F8100020000014400000F03FCA
:10E270002DE9F04F684B1B7889B0052B8DED020B13
:10E2800000F0B2809FED5C7B8DED047B634D00243C
:10E29000634B644F1A78002A40F08580624E96EDF9
:10E2A000087BD7E90089B0EE470AF0EE670A8DEDEA
:10E2B000007B22F0F9FF42464B46DDE902018DED7D
:10E2C000060BF9F7A1FE9DED060B8C4653EC102BC7
:10E2D0008346294620462CF00045FAF74DF80246C1
:10E2E0000B4658462946FAF7B9FA002843D0DDE92B
:10E2F00004AB4E4952465B460020F9F785FE424684
:10E3000004460D464B4650465946FAF735F8DDE9C6
:10E3100002AB8046894652465B4620462946FAF7BC
:10E320002BF802460B4640464946F9F76FFE024677
:10E330000B46C7E9002350465946F9F765FE0246E9
:10E340000B468046894620462946FAF715F842468C
:10E350004B46FAF711F8DDE9002304460D46DDE9E6
:10E360000401FAF709F802460B4620462946F9F758
:10E370004DFECDE90001DDE9004521A3D3E90023ED
:10E3800020462946FAF76AFAF8B9294B00222046B6
:10E390002946FAF781FA00BB22462B46C6E9082334
:10E3A00009B0BDE8F08F9DED027B87ED007B9FED0E
:10E3B000167B00228DED007BB0EE470AF0EE670A77
:10E3C000DDE90289184E1A7073E70DA3D3E9002323
:10E3D000C6E9082309B0BDE8F08F154B0022C6E955
:10E3E000082309B0BDE8F08F9FED097B104D8DED3E
:10E3F000047B00244CE700BF666666666666EE3FF7
:10E400009A9999999999B93F00000000000000403D
:10E41000AE47E17A14AEEF3F387D0020000008409F
:10E4200051000020F0100020081100200000F03FF3
:10E4300000001440000000002DE9F04F2DED048B8A
:10E44000BF4C85B01CF082FFA379D90740F1B080A2
:10E45000BC4EA379D6ED027AF1EE006AB0EEE77A0F
:10E46000B4EEE67A23F00103F1EE10FAA371B1EEF7
:10E47000678A00F3A280637813F0010300F0B48090
:10E48000B14FB24DD7E90A01FAF74EFA4FF0000842
:10E490008146D7E90601FAF747FAAD4A1060D7E995
:10E4A0000801FAF741FAAB4BAB4AC3F80090106091
:10E4B0006278DFEDAA6A95ED0C1ACDED036AD307F9
:10E4C0004BBFA74A95ED010A92ED000AA44A0092BB
:10E4D000B8F1000F0CBFF0EE660AF0EE480A03F048
:10E4E00071F9009AD2ED008A18EE900AF9F7ECFE65
:10E4F0009C4A92ED000AC7E9040110EE100A8DED66
:10E50000000AF9F7E1FE984A92ED009A78EE497A0E
:10E51000C7E9000117EE900AF9F7D6FEC7E9020134
:10E5200019EE100AF9F7D0FE8A4BC7E90E011868F8
:10E53000F9F7CAFE8D4B95ED017A93ED006A8C4B8D
:10E540009DED000AD5ED0C0A78EEC67A37EE467AD4
:10E55000C3ED007A874B83ED007A874BC7E90A0148
:10E56000864883ED000AFCF79FFADDED036A844BD1
:10E57000D5ED0C0A8348F0EE407A96ED020AC3ED21
:10E58000007A30EE260AB1EE400AFCF78DFADFED94
:10E590007E7AE378B4EEE70AF1EE10FACCBF0122FE
:10E5A000002262F38613E370637943F0080363711A
:10E5B00005B0BDEC048BBDE8F08FF3EE047AB4EE49
:10E5C000E77AF1EE10FA7FF556AF6378DA07C3F316
:10E5D00000071BD55C4F5D4DD7E90A01FAF7A4F996
:10E5E0004FF00108814654E7584D00936868564F34
:10E5F000F9F76AFE41EC100BFFF75AFDD7E90A0163
:10E60000FAF792F9DDF80080814642E74F4D6868DD
:10E61000F9F75AFE41EC100BFFF74AFD18EE100A0D
:10E62000F9F752FE41EC100B80468946FFF720FEB9
:10E63000564B1A78002A4FD1554FC246D7E90023CE
:10E64000CB4640464946F9F7DFFC4BEC17AB87ED6C
:10E65000007B3D4F804689462DA3D3E90023D7E9AF
:10E660000A01F9F789FE2CA3D3E9002382468B46E1
:10E6700040464946F9F780FE42464B46F9F77CFE94
:10E6800027A3D3E90023F9F777FE02460B4650464D
:10E690005946F9F7BBFC24A3D3E9002380468946F9
:10E6A000FAF7DCF848BB22A3D3E9002340464946E9
:10E6B000FAF7F2F838B31EA3D3E90023104619463F
:10E6C000CDE90023FAF730F9DDE900238146C7E9F7
:10E6D0000A234FF00108DCE649EC178B1F702C4B26
:10E6E000194FDFF8B09083ED007B13A3D3E900232B
:10E6F0004FF00108C7E90A23CBE60BA3D3E90023B7
:10E70000DFF89490E3E742464B46D7E7AFF300804B
:10E71000666666666666EE3FA09999999999A93FE3
:10E72000FCA9F1D24D62503F8DEDB5A0F7C6B03EC9
:10E730007B14AE47E17A843F000000E0E2361A3FE6
:10E740003C7D0020C40F002008110020D87F00204D
:10E75000D02F0020C82F0020CC2F00200AE81C4119
:10E76000C02F0020C42F0020D42F0020C87F0020FD
:10E770000411002000110020B47F00207C7E0020C6
:10E78000B07F0020487D00200AE89C405000002017
:10E79000E810002017B7D138BD3786352DE9F0478E
:10E7A000DFF80C813E4ED8E90001D6E90823F9F7DD
:10E7B0002BFC0D46A8F5A661D6E902230446D1E953
:10E7C0000001F9F721FC224606460F462B4620465B
:10E7D0002946F9F7D1FD324681468A463B46304606
:10E7E0003946F9F7C9FD0B46024651464846F9F746
:10E7F0000DFC41EC100B22F057FD51EC100BFAF719
:10E8000093F807EE900AB2EE047A08F5AD63F4EEE1
:10E81000C77AF1EE10FA18600CDC08F2745108F5B2
:10E82000AE6208F26C5800230B601360C8F8003029
:10E83000BDE8F08747EC116B45EC104B22F01AFC59
:10E8400051EC100BFAF770F800EE100AFCF7D2F951
:10E85000144A08F26C54F0EE407A54ED010A92ED3D
:10E86000000AC4ED007A22F07FFDFCF7E3F9DFED4A
:10E870000E6AD4ED007A0D4BB0EE407A77EEE67A70
:10E8800093ED000A08F5AE6337EEC00A83ED007A17
:10E89000FCF7D0F908F2745888ED000ABDE8F0875B
:10E8A000182D002004110020DB0F494088BD0020F6
:10E8B000C01B002010B5494A494B11781A78494CC1
:10E8C0008A42D4ED007A82B04DD047481970037A5D
:10E8D000224643F04003F0EE676A62ED017A03726C
:10E8E000424B1B78052B0DD00B2B0BD03E494048DB
:10E8F0000B7AC2ED007A002423F040030B7204600F
:10E9000002B010BD3B4B93ED067A93ED006AF1EE39
:10E91000005A27EE257AB4EEC76AF1EE10FAE5DD6B
:10E9200077EEE67A0192B0EE670ACDED007AFCF759
:10E9300081F9DDED007AB5EEC00AF1EE10FAB0EE25
:10E94000670A14D4CDED007AFCF774F99FED2A7AAA
:10E95000DDED007AB4EEC07AF1EE10FA12DCD4EDFF
:10E96000007A019AC2E7224672ED016AB8E7FCF725
:10E9700061F99FED227ADDED007AB4EEC70AF1EE7F
:10E9800010FAECDDB0EE670A22F03CFE184A9FED6B
:10E990001C7A52ED047A52ED016A60EE277A94ED0A
:10E9A000000AC2ED007A67EEA67AF4EEC77AF1EEBD
:10E9B00010FA08D49FED137AF4EEC77AF1EE10FA4C
:10E9C000D8BFB0EE677A30EE070A84ED000AFCF794
:10E9D00011F984ED000A02B010BD00BF452C0020E3
:10E9E000601100204C2100203C7D00204738002091
:10E9F0005421002044210020DB0F493FDB0F49BF99
:10EA0000920A06BF920A063F094BDFED0A7A93EDA0
:10EA1000007AD3ED086A27EE277A4FF47A70C7EEB2
:10EA2000267AFCEEE77A17EE903A00FB03F0704787
:10EA3000442100209999993F0F4B104AD3ED007A59
:10EA400092ED007A77EEC77AF5EEC07AF1EE10FA21
:10EA500001D5F1EE677A9FED0A7AD3ED106A67EE81
:10EA6000877A4FF47A7087EEA67ABCEEC77A17EEF3
:10EA7000103A00FB03F07047D83800200411002042
:10EA80009999993F264BDFF8A4C01A782548264962
:10EA900022F0040200B51A709A7822F008029A70E7
:10EAA0009A7822F004029A709A7822F002029A7000
:10EAB0001A7A22F040021A72DA7922F08002DA71B0
:10EAC000DA78C2F300028CF8002093F803C02CF02F
:10EAD000010C83F803C000F65C2C00F21C530022EA
:10EAE000CCF800201A6000F64C2C01F5AD6300F262
:10EAF0002C5ECCF800201A6001F2645C01F5026320
:10EB000000F67C70C1F8B022C1F8AC2201F61C01FD
:10EB1000CEF80020CCF8002002601A600A6000BD28
:10EB20003C7D002080110020803B002078110020D7
:10EB300010B5304C2DED028BB0EE408A94ED000AFA
:10EB400082B038EE400AFCF775F82B4B1B78012B8E
:10EB500003D002B0BDEC028B10BD284AD4ED007A80
:10EB600012780C2A38EE670A2AD00193FCF762F873
:10EB70009FED237AF0EE407AB0EEC00AB4EEC70AF9
:10EB8000F1EE10FA0FDD1F4A019B1370F5EEC07A0B
:10EB9000F1EE10FA2AD44FF07E521B4B1A6002B0ED
:10EBA000BDEC028B10BD9FED197A164BB4EEC70A6F
:10EBB000F1EE10FA11D500221A70B0EE670AC8E71C
:10EBC0001048114A03704FF07E51116002B0BDEC45
:10EBD000028BBDE81040FCF70DB81B78002BECD081
:10EBE000094BD3ED007A20EE270AB2E7084AB1EECE
:10EBF000400AD2E788BD0020B18E002047380020AF
:10EC0000C2B832405411002050110020E4CB16400D
:10EC1000000080BF414B03F5A662D2ED007A93ED70
:10EC2000007A67EEA77AB0EE006AE7EE077AB0EEF8
:10EC3000407AF1EEE76AF4EEC66AF1EE10FA63DDAF
:10EC4000374B93ED056AF6EE007AB4EEE76AF1EE23
:10EC500010FA59DB334A92ED1F6AF1EE047AB4EEF2
:10EC6000E76AF1EE10FA4FD800B52DED028B83B0B4
:10EC7000CDED016A8DED000A22F084FCB0EE408AF1
:10EC80009DED000A22F0BEFC254BDDED016AD3EDBF
:10EC9000007A93ED016A9DED007A67EEC07AFFEE8F
:10ECA000005AE6EE087A87EEA66AB4EEE56AF1EE5F
:10ECB00010FA2DD4B7EE000AB4EEC06AF1EE10FAE5
:10ECC000D8BFB0EE460A8DED007A22F021FBDFEDD1
:10ECD000167A9DED007AB4EEE70AF1EE10FA17D439
:10ECE000DFED127AB4EEE70AF1EE10FAD8BFF0EEDB
:10ECF000407A37EE677AB0EE470A03B0BDEC028B7C
:10ED00005DF804EBFBF776BFB0EE470AFBF772BF86
:10ED1000DFED067A37EE277AEDE700BFA416002074
:10ED2000B8A00020E8A80020920A06BF920A063F79
:10ED300038B54E4B1A7855072DED028B27D54C4927
:10ED40004C4A4D4C91ED001A1278D4ED007A14ED36
:10ED50000B0AB1EE411A002A31D09FED487A77EEC6
:10ED6000C77AF2EE000A27EE800AA4F27451A4F6E4
:10ED7000A420FBF7D1FE94ED020AFFF74BFF04ED50
:10ED8000020ABDEC028B3E4B00221A6038BD9A7815
:10ED900014071DD4DA78D0072DD4DA795106F0D5CE
:10EDA0009A78520759D59B789B07EAD5354B1B7843
:10EDB000002BE6D1344B53F8182C1A60E1E7B1EE82
:10EDC0000C7A77EEC77AF7EE080A27EE800ACCE7CE
:10EDD000294C274A90ED147AD4ED007A92ED001A6E
:10EDE00014ED0B0AD0ED160A77EEC77AB1EE411A90
:10EDF00027EE800AB9E7254D254CA869F9F752FAA4
:10EE0000D4E90023F9F700F9F9F78EFD08EE100AAE
:10EE10002868F9F747FAA4F5A663D3E90023F9F7C0
:10EE2000F3F8F9F781FD00EE900A20EEA07A04F2E3
:10EE30009C54A8EE087AD4ED007AF1EEC76A77EE1A
:10EE4000A77AF4EEE67AF1EE10FA0AD4084B93EDC5
:10EE5000000A0D4B83ED000A93E70B4B1A691A6009
:10EE60008FE7B0EE480A22F07FFAF2E73C7D0020FF
:10EE700088BD0020B18E0020442100200000704297
:10EE80009C430020452C00203C210020482C0020E1
:10EE9000C01B0020B04BD3ED1F7AB0EE007AF4EE29
:10EEA000C77AF1EE10FA5AD977EEC77AF0EE086A0F
:10EEB00087EEA67AF7EE007A77EEC77AF5EE005A7B
:10EEC000F4EEE75AF1EE10FAD8BFF0EE675AA34A13
:10EED000A349D2ED007AD1ED126AA24912ED137A5C
:10EEE0008878F4EEE67AF1EE10FAD4BFB0EE676AF5
:10EEF000B0EE666A000703D40B785B0740F19E8092
:10EF0000994B002243F8042BD3ED007A974A887876
:10EF10001346F3EC016A77EEE67A000767EE276A9C
:10EF2000C3ED007A66EEA57AC2ED027A02D40B78C0
:10EF30005B0717D58E4B002243F8042BD3ED007AE4
:10EF40008C4A1346F3EC016A77EEE67A27EE877A6D
:10EF5000C3ED007A27EE257A82ED027A7047F7EE4C
:10EF6000005AB4E7844902F22453D1ED016A93EDCB
:10EF7000005A02F66C22D2ED007A66EE266A65EE41
:10EF8000277A66EEA56A67EEA57AF1EE663AF4EEA8
:10EF9000E37AF1EE10FA00F1BD80F4EEE67AF1EEDC
:10EFA00010FAC8BFF0EE667A744B754993ED006AAB
:10EFB00093ED024A25EE065AA3F5A96291ED006A87
:10EFC000D2ED004A25EE255AE5EE064AB1EE446A36
:10EFD000F4EEC64AF1EE10FA08D4F4EEC44AF1EEAB
:10EFE00010FAD4BFB0EE646AB0EE446A77EE867A67
:10EFF000644B82ED006AF5EEC07AF1EE10FAC3EDD3
:10F00000007A00F18A8037EEE65AB5EEC05AF1EE8A
:10F0100010FA95DDF7EE004AB5EEC06AF1EE10FA8F
:10F0200001D5B1EE466A36EE456AF0EE667A26EE16
:10F03000246AC3ED006A82ED006A81E74E4852ED12
:10F04000157AD0ED006AA2F6CC2393ED005A66EE55
:10F05000266A65EE277A66EEA56A67EEA57AF1EE76
:10F06000663AF4EEE37AF1EE10FA50D4F4EEE67A72
:10F07000F1EE10FAC8BFF0EE667A404B4048D3ED8F
:10F08000004A90ED003A93ED024A25EE245AA3F689
:10F09000782225EE255AD2ED004AE5EE034AB1EE7C
:10F0A000445AB4EEE45AF1EE10FA08DCF4EEC44A25
:10F0B000F1EE10FAD4BFB0EE645AB0EE445A77EED7
:10F0C000857A314B82ED005AF5EEC07AF1EE10FAF6
:10F0D000C3ED007A30D477EEE64AF5EEC04AF1EEA1
:10F0E00010FA7FF713AFB7EE004AB5EEC05AF1EE53
:10F0F00010FA01D5B1EE455A35EE645AF0EE667A53
:10F1000025EE045AC3ED006A82ED005AFEE6F0EEE9
:10F11000637AB2E7F0EE637A46E7B1EE675A35EE0E
:10F12000665AB5EEC05AF1EE10FA7FF709AFF0EE6D
:10F13000636AFFEE004A6FE7F1EE674A74EEE64A53
:10F14000F5EEC04AF1EE10FA7FF7E0AEF0EE636A3A
:10F15000BFEE004AC9E700BFE8A8002064210020F4
:10F16000E82D00203C7D00209C160020A4160020E5
:10F17000CC1B0020D41B002058110020142100209B
:10F180007C210020D01B0020A01600202DE9F04398
:10F190002DED048B064683B0CA48CB4C02F0AEF985
:10F1A000B7EE007AC7EE007AC84BD6E90878D6E900
:10F1B0000201254604F5A66949E9027883ED000AB3
:10F1C000C34B44E90201C3ED007AF5E80223F8F7E6
:10F1D0001BFFF9F7A9FBD9E9002308EE100A286004
:10F1E00041463846F8F710FFF9F79EFB68EE087ABB
:10F1F00000EE100AE0EE007A04F5A76304F6B425E9
:10F20000F0EE480AB1EEE77A1860DFF8EC8204F617
:10F21000BC2785ED007A22F0A7F8FBF7EBFC87ED21
:10F22000000AFFF747FB98ED1F8A95ED009A97EDCE
:10F23000007A04F6CC23D3ED008AA64B38EE088A78
:10F240001B78B4EEE88AF1EE10FAC8BF012504F687
:10F25000C824D8BF0025012BD4ED009A00F0AF8060
:10F26000B0EE470A8DED017A22F08CF9B5EEC00AB6
:10F27000F1EE10FA9DED017AF0EE407A00F19980FE
:10F28000954CB0EE470AC4ED007A22F0BBF9B5EE1A
:10F29000C00AF1EE10FA00F18980002D8F4B84ED49
:10F2A000010A08BFB0EE688AB4EEC89A9A78F1EE07
:10F2B00010FA4CBF0121002161F382029A701A7882
:10F2C000D1074DD499789A78C1F3800161F3410256
:10F2D0009A70834C3046FFF72BFDFFF7DBFD814A28
:10F2E000814992ED001AD4ED000AA4F5A66393EDCE
:10F2F000000AB1EE411AB1EE400AA1F52E70FBF7FB
:10F300000BFC04F28C54794AD4ED006A92EDAC7A8D
:10F31000F1EE667AB4EEE77AF1EE10FA4CD4B4EE80
:10F32000E67AF1EE10FAC8BFB0EE667A6E4C82ED66
:10F33000AC7A94ED007AF4EEC77AF1EE10FA08DCBC
:10F34000B4EEE67AF1EE10FAD4BFF0EE477AF0EEC2
:10F35000667AC4ED007A03B0BDEC048BBDE8F0839F
:10F360009A78C2F3800152077BD5614A92ED017A07
:10F37000B5EEC07AF1EE10FA01D5B1EE477AD8EDCC
:10F38000207A9A7877EEA77AF4EEE97AF1EE10FA1D
:10F39000D8BFF0EE697AF4EEC77AF1EE10FACCBF7E
:10F3A0000121002161F341029A7092E7B1EE400A17
:10F3B00073E7F1EE407A63E7B0EE677AB6E7002DC7
:10F3C000464B08BFB0EE688AB4EEC89A9A78F1EE60
:10F3D00010FA4CBF0121002161F382029A701A7861
:10F3E000D40743D499789A78C1F3800161F341023C
:10F3F0009A703E4C3F4E04F502620023B0EE470A7D
:10F400001360C4F8B032FFF705FC364BF0EE407ADB
:10F4100093ED000AC6ED007A37EEC00AFBF70AFC4E
:10F4200096ED0B7A96ED0C6A27EE000AF1EE477A1C
:10F43000C0EE066AF4EEE67AF1EE10FA08DCF4EEBD
:10F44000C76AF1EE10FAD4BFF0EE667AF0EE477AB2
:10F4500004F5AD64C4ED007A03B0BDEC048BBDE8E7
:10F46000F0839A7861F341029A7032E79A785007F4
:10F47000C2F380011ED51E4AD2ED016AF5EEC06AC4
:10F48000F1EE10FA1BD4D8ED207A9A7877EEA77AAD
:10F49000F4EEE97AF1EE10FAD8BFF0EE697AF4EE04
:10F4A000E67AF1EE10FACCBF0121002161F34102AE
:10F4B0009A709EE79A7861F341029A7099E7F1EEAB
:10F4C000666AE0E748110020901600207C210020A9
:10F4D00078210020B18E0020581100203C7D0020B2
:10F4E000DC1B002088BD0020E8400020803B00207D
:10F4F000D83800203C210020E8A8002010B5514B4E
:10F50000514C187882B01B2114F094FEE1784F4AD8
:10F5100021F00101E170E17921F00801E171E17868
:10F52000104621F010010023E17040F808392178DD
:10F53000036021F08001464842F8103C42F8303C1C
:10F5400042F82C3C42F8283C42F8183C42F8243C53
:10F550002170404B00210170FF223F481A700022A9
:10F560000023C0E900233D48C0E900233C4B3D484F
:10F570001970682226F0A2F8A07A3B4B3B4A002182
:10F58000C3E9001199600307C2E90011916055D4E5
:10F5900000F084FD9FED360A8DED010A0AF04AF96C
:10F5A00021789DED010A334B334A83EDAC0A21F0FB
:10F5B00004012170A17882ED000A21F00801A170F8
:10F5C000A17802ED040A21F00401A170A17883ED75
:10F5D000AB0A21F00201A170217A284821F04001F4
:10F5E0002172E17921F08001E171E178C1F300013C
:10F5F0000170E178224821F00101E17002F5A66C6A
:10F6000002F5A46403F5AD6102F5256284ED000AFC
:10F6100081ED000A03F2645403F5026182ED000AF1
:10F6200003F61C030A228CED000A84ED000A81ED2A
:10F63000000A83ED000A027002B010BD00F0FEF96E
:10F64000A6E700BF709000203C7D002054210020E0
:10F65000452C00206011002068110020701100204E
:10F66000D4210020482C0020D8210020E8210020AF
:10F6700000000000803B0020AC1600207811002024
:10F680004738002070B51C4B1C4C93F99DC24FF0BD
:10F69000000EA4F800E0BCF1000F26D0184D03F2D4
:10F6A000AE237046724604E00132624503F129033D
:10F6B00017D093F828100729F6D1092816D81E6804
:10F6C000D3F804E045F8306005EBC00101320130A9
:10F6D0006245C1F804E080B24FF0010E03F1290346
:10F6E000E7D1BEF1000F00D0208070BD01329445FB
:10F6F000F7D02933D8E700BFB8810020802100204F
:10F70000842100201B4BDFED1C7A93ED007A2DE95C
:10F71000F04FB4EEE77AF1EE10FADFF868E083B06C
:10F720000CDD9EF80A301B0708D49EF8053043F024
:10F7300020038EF8053003B0BDE8F08F0F4BB3F80F
:10F7400000C0BCF1000F1FD10D4A9EF8053092EDAC
:10F75000007AD2ED0E7AB4EEE77AF1EE10FACCBF71
:10F760000122624662F345138EF8053003B0BDE80E
:10F77000F08F00BF041100200000F0428021002023
:10F78000282100203C7D0020AA4BAB4A0CF1FF3120
:10F79000D3E91C0652F8313014689842ACBF0027F8
:10F7A0000127A042ACBF00250125AF42B046A346C9
:10F7B000A9460FD002EBC1011D1B4B6851685B1AB3
:10F7C000011B01FB03F3516893FBF5F30B449E42CD
:10F7D000C0F22D8101230021BCF1010F00F01E8138
:10F7E00094680194A042ACBF0025012581F001037B
:10F7F000A945DBB2AA4610D0D7685668ABEB040522
:10F80000F61B041B04FB06F494FBF5F43C44A045F2
:10F81000B6BF0C461C4619462346BCF1020F00F049
:10F82000FD801469A042ACBF0025012581F00103D1
:10F83000AA45A346DBB2A94610D05769019DD668F8
:10F840002D1BF61B041B04FB06F494FBF5F43C444F
:10F85000A045B6BF0C461C4619462346BCF1030F13
:10F8600000F0DC8094690194A042ACBF0025012522
:10F8700081F00103A945DBB2AA4610D0D7695669C9
:10F88000ABEB0405F61B041B04FB06F494FBF5F438
:10F890003C44A045B6BF0C461C4619462346BCF165
:10F8A000040F00F0BB80146AA042ACBF0025012504
:10F8B00081F00103AA45A346DBB2A94610D0576ADE
:10F8C000019DD6692D1BF61B041B04FB06F494FB5B
:10F8D000F5F43C44A045B6BF0C461C4619462346E9
:10F8E000BCF1050F00F09A80946A0194A042ACBF6D
:10F8F0000025012581F00103A945DBB2AA4610D0FD
:10F90000D76A566AABEB0405F61B041B04FB06F42E
:10F9100094FBF5F43C44A045B6BF0C461C46194682
:10F920002346BCF1060F79D0146BA042ACBF002572
:10F93000012581F00103AA45A346DBB2A94610D0F8
:10F94000576B019DD66A2D1BF61B041B04FB06F4A6
:10F9500094FBF5F43C44A045B6BF0C461C46194642
:10F960002346BCF1070F59D0946B0194A042ACBF61
:10F970000025012581F00103A945DBB2AA4610D07C
:10F98000D76B566BABEB0405F61B041B04FB06F4AC
:10F9900094FBF5F43C44A045B6BF0C461C46194602
:10F9A0002346BCF1080F39D0146CA042ACBF00252F
:10F9B000012581F00103AA45A346DBB2A94610D078
:10F9C000576C019DD66B2D1BF61B041B04FB06F424
:10F9D00094FBF5F43C44A045B6BF0C461C461946C2
:10F9E0002346BCF1090F19D0D2F848C08445D4BFD2
:10F9F0000024012481F001034C45DBB20ED0A0EBC2
:10FA00000C04D06C526C121AABEB0C0C04FB02F21F
:10FA100092FBFCF202449045B8BF0B469EF80520CD
:10FA200063F345128EF8052003B0BDE8F08F002384
:10FA30000121D1E6E8A800208421002008B540F685
:10FA4000512200212C4825F039FE2C4A2C4903462E
:10FA50004FF0000E2120A2F800E004221A709872E4
:10FA60006FF0150298742648DFF8A8E0C3F801107B
:10FA70004FF0170C6FF008011A73C3F86B001A757A
:10FA80002048214A83F809C083F811C0D972DFF8F1
:10FA900088C0D974C3F842E01C49DFF880E0C3F89D
:10FAA0006F00C3F81D00C3F867201948C3F8902001
:10FAB0006FF01F02C3F83EE0C3F819C0DFF844E05E
:10FAC000C3F83A10C3F86310C3F894006FF07701DD
:10FAD0005420DA73DA75DFF848C0C3F846E05822DC
:10FAE000C3F88CC058735875997399751A741A763F
:10FAF000C3F898E008BD00BF558400208021002095
:10FB00000000C84200002041D5C8E058BA55F7EAC5
:10FB100000007A43000016430000A0415488E058DA
:10FB20001721F7EA38B5264B1A78530600D438BDAA
:10FB3000244D254C6A6BAA6301F0D0FC234A0021B6
:10FB4000D0626422204625F0B9FD1D4BD5E936016F
:10FB50005A78C4E9010122F04002D5E93C015A700B
:10FB6000DA78C4E907011A481A4922F01002DA705B
:10FB7000027807EE902A0A686264D5F8E82062618C
:10FB80001A78D5F8D01044F8041C42F080021A709C
:10FB90001A7AF8EE677A062542F08002C4ED127AEE
:10FBA0001A7284F8605003F0E1FD0221084608F063
:10FBB000ADFF28460221BDE8384008F0A7BF00BFCE
:10FBC0003C7D0020E8A800201C2D0020B82E00203D
:10FBD00089810020642100202DE9F04F244CE37836
:10FBE000DB0683B002D503B0BDE8F08F214D95ED63
:10FBF000007B05F5A66359EC178B93ED007B42461D
:10FC00004B46404649465BEC17ABF8F7B5FB52460E
:10FC100006460F465B4650465946F8F7ADFB02468E
:10FC20000B4630463946F8F7F1F941EC100B21F05C
:10FC30003BFB05F6CC238DED000B1868F8F744FB71
:10FC40009DED000B02460B4651EC100BF8F724FE1D
:10FC50000028C8D0084BC3E90289C3E908AB03F008
:10FC600085FDE37843F01003E37003B0BDE8F08F47
:10FC70003C7D002090160020B02C00200023B1EB2A
:10FC8000030C18BF4FF0010CC0E90012437280F85A
:10FC900008C01946292001F091BC00BF10B50446E8
:10FCA000292001F0E1FCC0B1637ABBB1012B10D176
:10FCB000204890F89C301BB11F4B1B7ADB0933D1D5
:10FCC000D4E90031994224DC1C49637A00220A708D
:10FCD0002272B3FA83F35B09637210BD164A137A7A
:10FCE000DB0901D0237A1BB9144B1B78002BF0D011
:10FCF000104890F89C3013B1137ADB090FD12168BA
:10FD0000292001F05BFC637AB3FA83F35B09637229
:10FD1000E3E7C91A292001F051FC637AD9E70121F0
:10FD2000A0300CF003FDEAE70021A0300CF0FEFC4F
:10FD3000C6E700BF3C7A03083C7D0020D4210020A8
:10FD4000074A0849137891F99D120133DBB28B42BF
:10FD50001370C4BF00231370034B05221A70704741
:10FD6000452C0020B88100204738002008B50B4BF7
:10FD70001B78012B05D00A490A486822F8F74CFF86
:10FD800008BD094B5A7A5206F5D5DB78DB06F2D569
:10FD9000064904486822F8F73FFF08BDB18E0020ED
:10FDA000182D0020E82D00203C7D0020B02C0020E4
:10FDB0002DE9F843474D484C2DED048BD4E9002341
:10FDC000D5E90201F8F720F904F5A664D4E9002387
:10FDD00006460F46D5E90801F8F716F9324680467F
:10FDE00089463B4630463946F8F7C6FA424606464B
:10FDF0000F464B4640464946F8F7BEFA0B460246C8
:10FE000039463046F8F702F941EC100B21F04CFA74
:10FE100051EC100BF8F788FD304B93ED247AF6EE99
:10FE2000007AB4EEE77AF1EE10FA06EE900A3FDDC2
:10FE3000C6EE877A2A4A2B4BD5E90E459FED2A7AE2
:10FE4000D2ED008AD3ED006AB4EEE77AF1EE10FA53
:10FE5000D4BFB0EE478AB0EE678AF0EE687AE8EE7B
:10FE6000667A17EE900AB0EE679AF8F72DFA024616
:10FE70000B4620462946F8F7F1FC88B91B4BD3ED19
:10FE8000007AE8EE278A18EE900AF8F71DFA024683
:10FE90000B4620462946B0EE689AF8F7FDFC50B1B3
:10FEA000B0EE490ABDEC048BBDE8F84309F0C2BCD2
:10FEB00066EEA77ABEE720462946F8F735FD09EE3B
:10FEC000100AB0EE490ABDEC048BBDE8F84309F016
:10FED000B1BC00BFE82D002090160020E8A800204B
:10FEE00004110020C43800200000F042C038002077
:10FEF000F0B55C4B5C4A1978147883B0002900F0A7
:10FF000082805A495A4F0C700020187097F99D3220
:10FF10009C427EDC002C7DD004EB840604EBC606FC
:10FF20003E4406F52A730193D6F8AE02514D1DF0FA
:10FF30000FFA85ED020B019BD3F80A001DF008FAB9
:10FF40004D4953EC102BD1E91401F8F715FAC5E926
:10FF50000801D6F8B602F8F7B7F9C5E90E01D6F8E8
:10FF6000BA32AB6496F8D632D6F8BE22434E85F844
:10FF70006430032B08BFF378EA6404BF43F0010345
:10FF8000F37004EB840304EBC3043B1904F53274EF
:10FF90002744D3F8C202D7F80610D7F80A202865FC
:10FFA000D3F8C6026865D3F8CA32AB65E9652A663C
:10FFB000B37A1B0725D42F4DD5E90E670022002305
:10FFC00030463946F8F74AFC002838D12C4B00223D
:10FFD00030463946F8F760FC70BB95ED157AB5EE02
:10FFE000C07AF1EE10FAC5E90E672BD4DFED257A61
:10FFF000B4EEE77AF1EE10FAD8BFF0EE477AC5ED2D
:020000040801F1
:10000000157A03B0F0BD19490878A0427FF47AAFA1
:10001000F7E710701C4B194E1B78012B15D01B49AC
:1000200014486822F8F7F8FDF378194A052123F0FF
:1000300001031170F370BBE7114F0026CDE70026D6
:100040000027CAE7DFED137AD9E7737A5906E6D5B8
:10005000F378DA06E3D5104906486822F8F7DCFDA4
:10006000E2E700BF54000020452C00205300002090
:10007000B8810020E82D0020E8A800203C7D002069
:1000800000005E400000F042B18E0020182D0020DC
:100090004738002000000000B02C0020F8B5FFF722
:1000A00027FF284F284C294E294D14E0072B3FD11C
:1000B000284A2949137891F99D0228490133DBB276
:1000C00083421370C8BF00204FF00503C8BF1070F3
:1000D0000B70FFF70DFF97F86430DA1E012AE5D8A0
:1000E000042B1F4A4FF000014FF029000CD0EB7891
:1000F00097ED027BD7E9080143F0010382ED027B13
:10010000C2E90801EB70D3E7D7E91732B3F1000C6D
:1001100018BF4FF0010C4FF0000EC4E9003284F814
:1001200009E084F808C001F049FA237A3370BFE788
:10013000D7E90E01F8F7F8FBBDE8F84000EE100A29
:1001400009F078BBE82D0020E8210020D421002010
:100150003C7D0020452C0020B8810020473800203D
:10016000482C002070B52A4991F90040002C40DD50
:1001700040F651222748284DF8F74EFD0022274B24
:10018000DFF8A8E02A801646104604E00132A242B9
:1001900003F1290317D293F828100729F6D109286B
:1001A00022D81E68D3F804C04EF830600EEBC001B0
:1001B00001320130A242C1F804C080B24FF0010602
:1001C00003F12903E7D306B1288040F6512200212C
:1001D0000F4825F073FA1249124A01230B7013706D
:1001E000BDE870400AF0D2BE01329442EBD9293307
:1001F000CCE740F651220021064825F05FFA064A76
:10020000034600210848C3F801001180DDE700BF64
:10021000F4210020558400208021002066840020E5
:10022000B0810020540000200000C842842100203A
:10023000094BDB781B070ED510B40848084C094A57
:1002400009491268002323600360084B002010BC9A
:1002500008801A60704770473C7D0020742E002093
:10026000702E0020782E0020582E00207C2E00209A
:1002700030B52DED028B83B001F06CF8132001F046
:10028000F3F918B903B0BDEC028B30BD1421132073
:1002900001F094F9C24801F031F9C24BDB781B0739
:1002A000B0EE408A40F1DF81BF4AC04BD2ED007A08
:1002B000D3ED006A9FEDBE7A77EEA67AF4EEC77AA8
:1002C000F1EE10FA00F1FD80BA4BB7EE007AD3EDF3
:1002D000006AF4EEC77AF1EE10FAF5EEC06AD4BF08
:1002E000B0EE676AB0EE476AF1EE10FAB0EE467A09
:1002F00040F3D7819FEDB07ADFEDB05AC6EE877A32
:100300009FEDAF7A67EEA57A67EE867A77EEA77AE9
:1003100087EE870AB5EE400AF1EE10FA00F102828C
:10032000B1EEC07AA74B1B789FEDA76A27EE277A1C
:10033000C7EE065A002B00F0EA8007EE903A9FEDD8
:10034000A36AF8EE677A27EE866AF5EEC06AF1EEE8
:1003500010FA85EE867A40F2D6819D4B1D46DFED80
:100360009D5A93ED006A66EEA55AF4EEC65AF1EE78
:1003700010FA40F3B281DFED986ACDED017A26EEF6
:10038000266A8DED007AC6EE257A17EE900AF7F709
:100390009BFF02460B4680A1D1E90001F7F734FE2E
:1003A000F8F7C2FA9DED007ADDED017A06EE900ACB
:1003B00066EEA77AF0EE678A884B894A1B785BB1B4
:1003C000D2ED007AF5EEC07AF1EE10FA04DD854B3D
:1003D0001B78052B00F01E81834BF7EE007AC3EDEE
:1003E000007AB0EE670A0023DFED807A002B08BFA9
:1003F000F0EE407AD5ED006A9FED7D6A7D4C7E4B34
:1004000094ED000A009267EE085AF0EE470AE5EE16
:10041000866AB5EE001AC3ED007AC5ED006AFAF7F8
:100420001FFB764BF0EE407AF0EE481A93ED000A8F
:10043000C4ED007AF0EE680AB7EE001AFAF73AFC5B
:10044000009A6E4BD2ED007A83ED000AB4EEE70A13
:10045000F1EE10FA6ED8F5EEC07AF1EE10FA69DD21
:100460006449504AD1ED006ADFED657A1378F4EE05
:10047000E76A43F02003F1EE10FA137053DD4D4BA1
:10048000D3ED007AF5EEC07AF1EE10FA4BDD95ED82
:10049000007A9FED5C6A5C4B77EEC77A9FED447AF9
:1004A000B4EEE77AF1EE10FAD8BFB0EE677A27EE35
:1004B000067AC7EE267AFCEEE77A17EE902A1A80C3
:1004C000E0E63C4BD3ED006AF5EEC06AF1EE10FABF
:1004D00040F3E7809FED386ADFED385A9FED385AD8
:1004E000384BC6EE867A1B789FED376A67EEA57AA1
:1004F00067EE877A77EEA77AC7EE855AB1EEE57A8E
:1005000067EE277AC7EE865A002B7FF416AF9FED71
:100510003F6AF0EE087A85EE867A1EE7214A137864
:1005200023F020031370384B00221A8003B0BDEC77
:10053000028B30BD1F4B95ED007AD3ED007AB4EEFF
:10054000E77AF1EE10FA8BDCF5EEC07AF1EE10FAF4
:10055000E4DD2F4B274AD3ED006A1249B7EE006A5B
:1005600036EE666AD2ED006A0B7826EE276AB4EEA4
:10057000C67A9FED236AF1EE10FAC8BF0122F4EEAD
:10058000C66AD8BF002262F34513F1EE10FA0B7071
:100590003FF77FAFC7E700BFCDCCCCCCCCCC104071
:1005A000502E00203C7D0020B0380020C8380020AC
:1005B000000000005C2E00200000FA440AE81C4104
:1005C000D03EFE3C5C0000206666A63ECDCC6C4072
:1005D000702E0020CDCC4C3DCDCC4C3EB08E0020BA
:1005E000682E0020387D0020580000209A99993FFD
:1005F000E4388E3E742E0020A40000207C2E0020C3
:10060000CDCCCC3D66666640582E00209A9931418B
:10061000F00000205349544BD1ED000A93ED000A3D
:100620009FED521A0192C0EEA80AF0EE481A8DED25
:10063000007AFAF73FFBF7EE007A4B4B9DED007A1C
:10064000019A83ED000AB4EEE70AF1EE10FA3FF5E5
:10065000D1AEDFED477AB4EEE70AF1EE10FACCBF87
:1006600001230023C0E6012003F02EFE414B424A45
:10067000D3ED007A414B424D187830EE677AD2EDD7
:10068000007A27EE277A8DED007A03F01DFE3D4BB0
:100690009DED007AD3ED007A60EE277AF0EE678A5E
:1006A0008AE69FED396ADFED397A394B27EE067A13
:1006B0001B789FED386A37EE077AC7EE275AF1EEBE
:1006C000E57A67EE877AC7EE865A002B7FF435AE5F
:1006D0009FED316AF0EE087A37E69FED305A26EE4C
:1006E000855AB4EEC56AF1EE10FA10D59FED2C5A7A
:1006F00036EE656A66EE855AF1EE006A86EE255A98
:1007000076EEC56A54E6DFED276A1D4D50E636EEFB
:10071000456AF0EE086A26EE266A86EE255A76EEDF
:10072000C56A45E6CDED016ACDED007A20F002FF05
:10073000174BDDED007A9FED177A1B78DDED016A2E
:1007400060EE277AC7EE875A002B3FF4E0AE07EE43
:10075000903A9FED156AF8EE677A27EE866A85EE85
:10076000867AFAE5782E002058000020CCCC4C3D4B
:100770009A99993F602E0020642E0020807503080E
:10078000702E0020600000200AE81C41D03EFE3C94
:100790005C0000206666A63E9A9931413333733F70
:1007A0006666663F66668640CDCC6C400548064965
:1007B000064A074B0B604FF0030C80F800C0136033
:1007C000704700BF5C0000207C2E0020782E0020A7
:1007D0009A9949412DE9F843444BDFF8589118782C
:1007E00012212DED048B13F025FD414B4149D3ED32
:1007F000007A414A0968D2784048C9F80010B6EE3C
:10080000087A3F4967EE877A4FF07E540460C1ED65
:10081000007A3C483C4900230B6003603B4B0021BD
:10082000198013070BD53A493A4A3B4BC9F80030B7
:1008300003200870BDEC048B1360BDE8F883374BD0
:10084000374F93F80080334D364E9FED378A9FED3A
:10085000379A404603F038FDD7ED007A67EE807A8C
:100860000120C5ED007A03F02FFDC82486ED000AB3
:10087000052000F039FE4046D5ED008A03F024FD46
:10088000D7ED000AB0EE001A60EE200AF0EE481A2A
:10089000B0EE680AFAF70EFA0120D6ED008A85ED6F
:1008A000000A03F011FDF0EE481AF0EE400AB0EE37
:1008B000491AB0EE680AFAF7FDF9013CA4B286EDD8
:1008C000000A002CD4D195ED007ADFED196A104AA8
:1008D00089ED007AC7EE267AFDEEE77A17EE903AB8
:1008E0001370BDEC048BBDE8F88300BF709000204E
:1008F0005C2E0020682E00203C7D0020A4000020FB
:100900006C2E0020702E0020742E0020582E002007
:100910005C000020782E00209A99494180750308D8
:1009200060000020602E00200AD7A33B000048434F
:10093000CDCC6C407C2E002070B51A4B0546D87982
:10094000C30694B02AD50C461646012000F09AFE44
:100950000028FAD06BBAADF80C304CB132460DF12C
:100960000D03301912F9011B03F8011F9042F9D150
:100970000D49A31C03AA009291F83410DBB2FF22A8
:1009800003200BF063FA00F0010441F288320023E7
:10099000012000F01FFE204614B070BDC0F300140B
:1009A000F3E700BF3C7D002098750308F0B5194BB4
:1009B000DC791346E20685B021D5174C1F460E465A
:1009C000054600F0C7FCD4E9022390429941F8D3D0
:1009D000124A92F8344003AB6ABA0093ADF80C2087
:1009E0000223FF22214603200BF030FAFF220320CE
:1009F0000097F3B221460BF0A7F905B0F0BD00292E
:100A0000FBD00A461846FF2105B0BDE8F04024F0AF
:100A100055BE00BF3C7D0020782F0020987503084C
:100A2000024B1878003818BF01207047B42E002000
:100A3000C84ADFEDC90AD2ED007AF4EEE07AF1EEB1
:100A400010FA40F2BC802DE9F0412DED028BC34B32
:100A50001B7888B0F0EE401A002B00F0A180022B2A
:100A600000F04782032B00F06481012B40F03F82AD
:100A7000BB4DAA7A910704D4BA4A1278002A40F0F2
:100A8000A183B949B94EDFF80883B94FB94A92ED4D
:100A9000007AFAEE086AB4EEE67AF1EE10FA00F3A4
:100AA000C382F0EE046A27EE667A77EE877AD1ED9C
:100AB000006A96ED007AF4EEE67AF1EE10FA07DDC0
:100AC000D7ED007AF4EEC77AF1EE10FA00F32E813A
:100AD00071EE877AC6ED007AEA79920703D52A7813
:100AE000540640F16B83A44A92F83210022903D9CC
:100AF000A979C90600F1E482B0EE007AF4EEC77A73
:100B0000F1EE10FA40F16682B6EE007A67EE877A6F
:100B10009FED9A7A67EE877AF0EE678AB1EE678A80
:100B20002A78520640F13582DFED8B0A9FED931A49
:100B3000B0EE600ACDE90030FAF7BCF8904ADDE982
:100B4000003092ED001AF0EE407AB0EE670AF0EE57
:100B5000480A009388ED001A0190FBF779FED7ED63
:100B6000007A884B884A1A60B1EE047A77EE877A69
:100B700096ED007AF4EEC77AF1EE10FA1E46009B6D
:100B800017D8DFED827AF4EEE78AF1EE10FA10D88A
:100B9000744A019800211170704902220A70ABE179
:100BA000714991ED007AF4EEC77AF1EE10FA09DDA1
:100BB0000023184608B0BDEC028BBDE8F08100238D
:100BC00018467047DFF8DCC1DCED156AF4EEE67A12
:100BD000F1EE10FAC8BFF0EE676A37EEA66AB4EE1F
:100BE000C67AF1EE10FAE3D45D4C94F80AC01CF01A
:100BF000020F254600F01B82DFF8A4C19CF800E03C
:100C0000BEF1000F3FF435AFF4EEC70AF1EE10FA73
:100C1000D4BFF0EE477AF0EE607A77EEE67AB2EE85
:100C2000086AF4EEE70AF1EE10FAC8BFF0EE607A57
:100C300087EE867A8CF8003094F801C0009363F355
:100C4000861C84F801C0DFF838C1484BDCF800E0AE
:100C5000DFF854C103901E460191DCED004ADFF835
:100C60004CC1C3ED000AB3EE056AB4EEC76A9CED51
:100C7000005A474BDFF838C1C3F800E0F1EE10FA34
:100C8000D8BFB0EE467AF1EE005A37EE257A984694
:100C9000DCED005A364BDFF81CC183ED007A9CED89
:100CA000006ADFF814C18DED020A1F46394BCCED06
:100CB000004AC3ED000A8CED015ACCED025A8CEDCE
:100CC000036A354BDFF8F4C0C3ED000ACCED006ACF
:100CD000324BDFF8ECC0C3ED000ACCED007A04F033
:100CE00005F9FDF7CFFEDFF8DCC0009B8CF8003083
:100CF0001C4B94F80AE0174A0199DDED021A03989B
:100D00004FF0010C83F800C0144B1EF0020F83F863
:100D100000C040F0A482634696ED007AD7ED007AD9
:100D2000B4EEE77AF1EE10FA7FF5D2AE87ED007AF5
:100D3000CEE60B4CA37A99072546C3F3400243D471
:100D40006378064916480A7062F38613012202701E
:100D500063702DE76400002000000000B42E002026
:100D60003C7D0020A02E0020001100209C2E0020A1
:100D700068000020C42F0020E8A80020920A863FC7
:100D800088BD0020B0380020CDCC0C3F35FA8E3C19
:100D9000842E0020902E00208C2E0020C8380020A9
:100DA0006C000020182D0020C00F0020BC0F002078
:100DB000B80F0020B40F0020A42E0020982E002091
:100DC000942E0020882E0020A34BDFEDA47A93ED13
:100DD000000ACDED001AA1EEA70A0290CDED010A9E
:100DE000F9F708FF9C4BDDED010A0298B0EE401ABE
:100DF0009FED9B0A83ED001AFBF72AFD99499A4A59
:100E00009A4BD1ED005A92ED007A9949D3ED0B7AC5
:100E100091ED006ADDED001AC3ED095A35EEC77A8F
:100E2000F1EE466A67EE277A83ED0A7AF4EEE67A07
:100E3000F1EE10FAC3ED117A08D4F4EEC67AF1EEB1
:100E400010FAD4BFF0EE676AF0EE466A894B8A4921
:100E500093F83200C1ED006A022816D9A879C206BB
:100E600013D5DFED867A93ED237AB4EEE77AF1EECF
:100E700010FA0AD5DFED827AF4EEE67AF1EE10FA96
:100E8000D8BFF0EE667AC1ED007A7E49CDED001A4A
:100E90007D4BD1F89812196002F09EF9DDED001A31
:100EA000002840F0A581794B6F4AD3ED007AF5EE2A
:100EB000C07AF1EE10FA00F1D681B6EE007AF4EEC7
:100EC000C77AF1EE10FA0FD5D2ED007AF5EEC07ABE
:100ED000F1EE10FA00F18481B6EE007AF4EEC77AF2
:100EE000F1EE10FA00F18481694B00221A600123AF
:100EF0005FE6684D644E0123674A4FF07E51D2F899
:100F000000C0C0F800C03160516841609168D2688B
:100F10008160C260EA79940703D52A78520640F1CD
:100F20005681014604A80093FBF720FCDDED067A0C
:100F3000DDED056A9DED077A9FED586A009B67EE2F
:100F4000A77AE6EEA67AE7EE077AF4EEC67AF1EE35
:100F500010FA7FF52EAE524A117841B1E9798F0728
:100F600005D529784C06C1F3801040F164816B7877
:100F70004C4A4D494D4C92ED000A43F0400300228B
:100F80006B7022700A7008F055FC494B1B68336087
:100F90000EE6DFED480A9FED481ACDED011AB0EEDE
:100FA000600ACDE90230F9F785FEDFED2C6A98ED95
:100FB000007ADDED011A8DED000AA1EEA67AB0EE01
:100FC000470AF9F717FEDDE90230DDED007AB0EEF1
:100FD000401ABAE5F1EE006AF4EEE67AF1EE10FAA4
:100FE00029D497ED007AB4EEE77AF1EE10FA00F327
:100FF000F280F1EE046A37EE266AB4EEE76AF1EEAB
:1010000010FA40F3138177EEC77AB7EE007A87EED5
:10101000A66ADFED2A6A77EE467A67EEA67AF0EEE8
:10102000678AB1EE678A7BE5B3EE0E7A3DE51E4A2C
:10103000012111701DE577EEC77AB6EE007A27EE32
:10104000677ADFED1C6ADFED1C7AE7EE267AF0EEB8
:10105000678AB1EE678A63E5842E0020960A063F10
:10106000C7B8B23E80380020C42F0020D8380020F6
:1010700094000020E8A80020C8380020CDCCCC3D4A
:1010800000000000B8810020B038002004110020CA
:10109000802E00203C7D0020A42E002017B7D13BDD
:1010A000882E0020982E00206C000020B42E0020F6
:1010B00004300020920A863E920A863FDB0F493FA9
:1010C00097ED007AF4EEC77AF1EE10FA7FF514ADE1
:1010D0006949D2ED230A91ED000ACDED001AB1EE77
:1010E000046A81EE861ACDE901308DED036AF9F7C5
:1010F000B7FC624ADDED001AD2ED236A604A9FED2B
:10110000617A92ED005A97ED003A5B49A1EEA65A3A
:10111000DDE9013082ED005A5B4A81ED000AD2ED33
:10112000006AF7EE007A76EEC56AF4EEC07AF1EE68
:1011300010FAB4EEE67AD4BFF0EE405AF0EE675AF9
:10114000F1EE10FAD4BFB0EE665AB0EE475A85EE13
:10115000257AD6ED007A37EE277AB0EE084A37EED8
:10116000047AF3EE0E4AF4EEC74AF1EE10FAD8BF55
:10117000B0EE647AB4EEC37AF1EE10FA65EE843A1A
:1011800013D59DED036A37EE866AB4EEC76AF1EEB9
:1011900010FAC8BFB0EE467AB4EEC76AF1EE10FAA4
:1011A000D8BFB0EE476A87ED006AF4EEE36AF1EE6D
:1011B00010FA3FF6A1ACC7ED007A9DE4334A012155
:1011C000117090E4324EDFF8EC80324FA4E52F4AE4
:1011D00001211170A5E69FED308ADFED308A9FE492
:1011E000BEEE007AF4EEC77AF1EE10FA7FF77CAE2D
:1011F0002B4B93ED007A71EE871AF7EE087AF4EE36
:10120000E71AF1EE10FAC3ED001A7FF770AE6B78B3
:10121000244A254C002060F3861310706B702070F8
:1012200002F0B0F8214B04221A70C1E49FED208A2D
:10123000DFED148A74E4DFF884C01E49DCF800C0D6
:10124000174BC1F800C01C49107000221A600A60D8
:1012500003F04CFE144B03221A70009BA9E4D2ED5C
:10126000007A634612E4BEEE007AF4EEC77AF1EE3D
:1012700010FA3FF729AE37E6902E0020E8A80020AC
:101280008C2E002000000000942E0020882E0020CC
:101290009C2E002068000020DB0F49BFDB0F493F78
:1012A000802E00206C000020B42E0020387D00200D
:1012B00000000080842E0020C838002088BD002057
:1012C0001248827A22F0020210B48272104A114C43
:1012D00011484FF0010C002382F800C000210F4A92
:1012E000217003600E4C0F4810600F4A21700F4CA4
:1012F00013600F480F4A23600F4C036013600F48C0
:101300000F4A217010BC0360136070473C7D0020C1
:101310006C000020B42E00209C2E002068000020CD
:10132000A02E0020CAF24971942E0020982E002091
:10133000902E00208C2E0020882E0020842E00204D
:10134000802E0020704700BF014B00221A707047AA
:10135000B52E00202DE9D0481B4985B04FF0E02480
:1013600008680190A06900230246CDE9022300BF6E
:10137000019E08688642F3D1144B019CD3E90067B3
:1013800079017001801B41EAD66161EB0701890098
:1013900041EA907180008019DDE902BC41EB070150
:1013A000C90041EA5071C000B0EB0B00D3E9002343
:1013B00061EB0C01F7F716FC4FF47A73E4FB0301C1
:1013C00005B0BDE8D08800BFB4430020A02F0020A6
:1013D0002DE9F04F3F4E8BB007464FF0E02C3168BF
:1013E0000491DCF8181000230A46CDE9062300BF5B
:1013F000049831688842F2D1DFF8DC90DDF8108083
:10140000D9E900014B014201121A43EAD06363EBB0
:1014100001039B0043EA927392001218DDE906ABC8
:1014200043EB0103DB0043EA5273D200B2EB0A0044
:1014300063EB0B01D9E90023F7F7D4FB10EB070AA4
:101440004FF47A7341F1000BE8FB03AB03934FF0C9
:10145000E02733680593BB6900251C46CDE90845A4
:1014600000BF059A33689A42F3D1DDF81480D9E9B8
:1014700000234FEA431C4FEA421EBEEB020EDDE999
:1014800008014CEAD26C6CEB030C4FEA8C0CCDE9F2
:1014900000014CEA9E7C4FEA8E0E1EEB020E009974
:1014A0004CEB03034FEACE02501A4FEAC303019AF2
:1014B00043EA5E7363EB0201D9E90023F7F792FB7D
:1014C000039BE8FB0301504571EB0B01C1D30BB04B
:1014D000BDE8F08FB4430020A02F0020014B186816
:1014E000704700BFB4430020034A13680133184417
:1014F00013689842FCD87047B4430020F0B52B49DC
:1015000085B004464FF0E02508680190A8690023E3
:101510000246CDE9022300BF019E08688642F3D14E
:10152000234E019DD6E9002359015001801A41EA5A
:10153000D26161EB0301890041EA9071800080185B
:1015400041EB0301DDE90223C90041EA5071C0000B
:10155000801A61EB0301D6E90023F7F743FB4FF450
:101560007A730646E5FB0361D4E900030F46301A9F
:1015700061EB030177EB030302D2013841F1000173
:10158000F7F7EAFADFED0B7A00EE100A20EE270AF1
:10159000F5EE007AB4EEE70AF1EE10FAC4E900675E
:1015A00001DD9FED050A05B0F0BD00BFB44300208A
:1015B000A02F0020BD378635CDCC4C3E034B1A689A
:1015C000034B114443F82010704700BFB443002080
:1015D000B82E00202DE9F0412049164684B0074678
:1015E00098464FF0E0220B680193936900251C4652
:1015F000CDE9024500BF019B08688342F3D1184D35
:10160000019CD5E9002359015001801A41EAD261B9
:1016100061EB0301890041EA90718000801841EB81
:101620000301DDE90223C90041EA5071C000801ABC
:1016300061EB0301D5E90023F7F7D4FA4FF47A738D
:101640004246E4FB0362074B841903EBC70342EBFA
:101650000105C3E9004504B0BDE8F081B4430020B2
:10166000A02F0020782F0020044A054B1B6852F859
:10167000200098428CBF002001207047B82E002027
:10168000B4430020D0B5204984B006464FF0E02492
:1016900008680190A06900230246CDE9022300BF3B
:1016A000019F08688742F3D1184F019C1849D7E978
:1016B000002301EBC60C50015901801A41EAD261A6
:1016C00061EB0301890041EA90718000801841EBD1
:1016D0000301DDE90223C90041EA5071C000801A0C
:1016E00061EB0301D7E90023DCE90067F7F77AFA39
:1016F0004FF47A73E4FB0301B042B9412CBF0120DF
:10170000002004B0D0BD00BFB4430020A02F0020B3
:10171000782F002010B584B068461FF0BFFB009CF6
:101720002049A1FB04C100208A0C1F49DFF88CC0AE
:101730000346C1E900231D491D4AD1F8FC3043F09E
:101740008073C1F8FC30136843F001031360DCF8C8
:101750000030DFF86CC0ACFB03C34FF0E0229B0904
:10176000013B5361F02381F823304FF0070C1149FE
:1017700090610346C2F810C0024641F823200133AD
:101780002F2BFAD10C4B00200021C3E90001C3E943
:101790000201C3E90401C3E90601C3E9080104B079
:1017A00010BD00BF83DE1B43A02F002000ED00E032
:1017B000001000E0B82E0020782F00202802002022
:1017C000D34D62102DE9F0472DED048BB84B1A78FC
:1017D000002A40F05F81B74FDFF81483DFF81493DD
:1017E00097ED003AD8ED003AD9ED002ADFF808E38A
:1017F000B14EB24996ED008ADEED006AD1ED007A75
:10180000DFF8F8C2AE4A9CED005AAE4DAE48DFF8A4
:10181000F0A2AE4C95ED002A94ED009AD0ED005A5E
:101820009AED006AAA4BE6EE817AE8EE416A21EE73
:10183000014AF0EE664AD2ED006AE5EE016AB6EEC4
:10184000007A24EE077AA2EE415AE2EE476AE8EE09
:10185000477AA5EE816AE9EE415AA9EE476AA2EEFF
:10186000018AE1EE267AE1EE054AA1EE655A70EEB4
:10187000C30AA9EE478AE0EE813AE7EE654AE7EE51
:10188000467A61EE071A67EE070AF0EE458A93ED95
:10189000007A9FED905AB4EEC57AF1EE10FAE3EEBD
:1018A000812AA9EE412AE1EE466A08D4B1EE045A33
:1018B000B4EEC57AF1EE10FAD8BFB0EE475A864BB7
:1018C0009FED867A93ED001AB4EEC71AF1EE10FA86
:1018D00008D4B2EE047AB4EEC71AF1EE10FAD8BF0B
:1018E000B0EE417A7E4BE4EE078AE7EE207AE7EE2F
:1018F000216AE7EE214A93ED004A9FED7A7AB4EE31
:10190000C74AF1EE10FA08D49FED727AB4EEC74AD6
:10191000F1EE10FAD8BFB0EE447A30EE624AB9EE7A
:10192000040AB4EEC04AF1EE10FA39EE071A08D4F0
:10193000B1EE040AB4EEC04AF1EE10FAD8BFB0EE30
:10194000440A37EE857AB7EE004A84EE075AB0EEC5
:10195000634A64EE850A67EE851AA0EE204AE0EE3F
:10196000212ABAEE047AB4EEC74AF1EE10FA28EE54
:10197000055AC9ED002A08D4B2EE047AB4EEC74A7B
:10198000F1EE10FAD8BFB0EE447AA0EE053A88ED39
:10199000007ABAEE0E7AB4EEC73AF1EE10FA08D435
:1019A000B2EE0E7AB4EEC73AF1EE10FAD8BFB0EE4E
:1019B000437AB0EE484AA7EEC54AA6EEC52AF0EE35
:1019C000413AE6EE453A87ED007A9FED477AE7EE39
:1019D000E04AB0EE685AB4EEC47AA6EEE05ABDEC26
:1019E000048BE6EE605AF1EE10FAB4EEC27AC8BF8C
:1019F000B0EE474AE7EEE17AF1EE10FAB4EEE37AA0
:101A0000C8BFB0EE472AE6EEE16AF1EE10FAB4EE96
:101A1000E47AC8BFF0EE473AA6EE616AF1EE10FA3A
:101A2000B4EEC57AC8BFF0EE474AF1EE10FAB4EE54
:101A3000E57AC8BFB0EE475AF1EE10FAB4EEE77A95
:101A4000C8BFF0EE475AF1EE10FAB4EEE67AC8BF1E
:101A5000F0EE477AF1EE10FAB4EEC67AC8BFF0EEB7
:101A6000476AF1EE10FAD8BFB0EE467A86ED004A2A
:101A700085ED002AC4ED003ACEED004A8CED005A07
:101A8000C0ED005AC1ED007AC2ED006A8AED007A1D
:101A9000BDE8F0870022DFED153A064FDFF85080F1
:101AA000DFF850901A70F0EE402AB0EE603A9DE6F2
:101AB00074000020D42F0020AC2F002080000020D4
:101AC000BC2F0020A82F0020B02F0020780000207D
:101AD000D02F00200AD7233CCC2F0020CDCCCC3DEA
:101AE000C82F002077CC2B32BD3786350000000090
:101AF000C42F0020C02F0020B42F00207C00002025
:101B0000B82F002059B170B5054E0446451814F899
:101B1000011B307804F0A8FEAC42F8D170BD7047CC
:101B200074900020044B1B7823B1044B044A1B68BB
:101B30000121D154704700BF840000207490002020
:101B4000EC43002038B504460D46FFF703FCDFF8F0
:101B5000F8C0DCF80830CCF80C50DA179C4275EB72
:101B600002023CBFA3F57F43FF3BE31A1DB2CCF852
:101B700008402C4CB5F52F6F22789BB21ADD2A4D08
:101B8000DFF8C8C0CCF800302B682860C01A6B683A
:101B9000696061EB0301254BC3E90001244B01217E
:101BA0001970244B24491A7000232370CCF8043098
:101BB0000B7038BD6FF46171591889B240F2AE40B4
:101BC000814225D91A4B002119701A4B01321B781A
:101BD000D2B293422270ECD8154B184C1A78237865
:101BE000EAB9043B5BB2002BD4BF00210121142BC6
:101BF000A8BF14236FF013051148AB42B8BF2B46A2
:101C0000027923700F4B61F3C3021970027138BD62
:101C100002EB82010CEBC10CCCF81C30D5E7013390
:101C2000E0E700BF8430002098300020883000209A
:101C30004537002085000020463700208600002020
:101C40003C7D002047370020E83300209030002002
:101C5000884BDFED897A1A791968B3F802C0988841
:101C6000C1F3CA2102F0010207EE101A920242EA01
:101C70009C12F8EEC70A07EE102A59681A7AB3F8D0
:101C800006C0C0F34A00F8EEC75A07EE100AC1F3C7
:101C90000A3102F00302B8EEC71A520207EE101A18
:101CA00042EADC12B3F808C09968187BF8EEC71A4C
:101CB00007EE102ACCF38A0CB8EEC76A07EE10CAFA
:101CC000DA7A93F80FC0C1F34A31B8EEC72A00F0B0
:101CD000070007EE101A42EA00229889D968F8EE48
:101CE000C72A07EE102AC0F3CA001A7CB8EEC73A1A
:101CF00007EE100AC1F38A3102F00F02F8EEC73A7C
:101D0000D20107EE101A188A196942EA5C02B8EE8D
:101D1000C74A07EE102AC0F30A10F8EEC76A07EEAA
:101D2000100AC1F3CA311A7D93F813C0F8EEC74AFE
:101D300007EE101A998A1B88C3F30A03B8EEC75A34
:101D400007EE103AB8EEC70A2DED048BB6EE047A12
:101D5000F0EE679AE0EE079A02F01F029201B0EEF1
:101D6000670AA1EE870A42EA9C02C1F34A11F0EE2B
:101D7000671AE2EE871A414BB0EE679AB0EE678AB7
:101D8000F0EE672AA0EE879AA1EE078AE3EE872A93
:101D9000F0EE670AB0EE671AF0EE673AE6EE070A71
:101DA000A2EE071AE6EE873AB0EE672A06EE902A10
:101DB00006EE101AA3EE072AB0EE673AA4EE073A31
:101DC000F0EE678AB0EE674AF8EEE66AB8EEC66AE9
:101DD000E5EE878AA4EE874AF0EE675AF0EE674A8E
:101DE000E5EE074AE6EE875AE6EE077AFDEEE99A57
:101DF000BDEEC99AFDEEE88ABDEEC88ABDEEC00A06
:101E0000FDEEE00ABDEEC11AFDEEE11ABDEEC22AFA
:101E1000FDEEE22ABDEEC33AFDEEE33ABDEEC44A62
:101E2000FDEEE44AFDEEE55AFDEEE77AC3ED079AD2
:101E300083ED119AC3ED1B8A83ED258A83ED2F0A6A
:101E4000C3ED390A83ED431AC3ED4D1A83ED572ACA
:101E5000C3ED612ABDEC048B83ED6B3AC3ED753A9B
:101E600083ED7F4AC3ED894AC3ED935AC3ED9D7A52
:101E7000704700BF6037002000005C44E83300205A
:101E800010B5444A92F84630162B68D0282B5FD004
:101E9000142B5CD107CA404B3F4C03C3A17823F8F5
:101EA000022B100C64293D4A18700B463C4828BF91
:101EB0006423C2F8C432F8F7DDFC2379002B5DD12E
:101EC000354B197837484942F8F7D4FC324B36483D
:101ED00093F90310F8F7CEFC3148F8F7D3FC334BF5
:101EE0004F289A792E48CCBF0021012161F3451279
:101EF0009A71F8F7C7FC2D4B3128DA792948CCBF05
:101F00000021012161F38202DA71F8F7BBFC274B53
:101F10005A305A7A2248ACBF0021012161F3C30232
:101F20005A72F8F7AFFC224A18288CBF002301230D
:101F30001B481370F8F7A6FC1E4B312894BF0122F2
:101F400000221A7003D81C4A13680133136010BDB5
:101F50001A4B1B78042BFAD118F0BAF810BDFFF712
:101F600077FE164B164A1B780121117043B1042BE2
:101F7000EDD1FFF7EFF916F033FA10BD6178A1E764
:101F800018F0F8FC0028E2D00E4B187818F0E8FCA6
:101F900010BD00BF6037002008370020E833002064
:101FA0003437002024370020143700203C7D0020E7
:101FB000493700204A370020503700208400002095
:101FC000463700206C90002038B50546FFF7C2F96F
:101FD000DFF8B8C2A74B9CF800C09A6CD3F84CE06D
:101FE0009864BCF1030FD96445D8821A61EB0E0ED8
:101FF000BCF1010F18D816D140F6A174A2427EF1AF
:10200000000455D293F84120022A74D00BD8002A3C
:1020100000F0298193F842104A1CD2B2172A5D546D
:1020200083F842207FD038BD41F64D5C62457EF199
:10203000000C57D293F842209D540132D2B20F2A9D
:1020400083F84220EFD98C4BDFF844C21A6818603D
:10205000821A8A48CCF80020027942F00802027104
:10206000874A4FF0010010705A68596061EB020214
:10207000CCF8042038BDBCF1040FD4D11A6DB0EBFC
:10208000020E5A6D40F24D4461EB0202A64572F118
:1020900000021CD293F84120042A48D0052A4DD0D2
:1020A000032AC0D1AA1E83F8452083F841C038BD59
:1020B00074490A604FF00002C1F804E0A3F841201F
:1020C0000F2DB0D14FF00102A3F8412038BD0122FD
:1020D00083F84020032283F8445083F84120C3E969
:1020E000140138BD67491D700A60012283F842203F
:1020F000C1F804E038BD624ADFF894E182F800C01C
:102100005D4AD2F800C01060B0EB0C00CEF80000C1
:102110004FF00000A3F841005368516061EB0303E6
:10212000CEF8043038BD022283F8412038BD4FF08C
:10213000050283F84650A3F8412038BD93F84220A9
:1021400093F845C0624504D2511C83F842109D5457
:1021500038BD494ADFF838E114681060001BCEF83A
:1021600000005068516061EB0001CEF8041093F854
:10217000462045498A5CBCF1000F60D018469C445B
:102180006FF02A0130E04FEA4E0E4FFA8EF2002A2D
:1021900050DB4FEA4E0E4FFA8EF2002A45DB4FEA33
:1021A0004E0E4FFA8EF2002A3ADB4FEA4E0E4FFAED
:1021B0008EF2002A2FDB4FEA4E0E4FFA8EF2002AE3
:1021C00024DB4FEA4E0E4FFA8EF2002A19DB4FEA5B
:1021D0004E0E4FFA8EF2002AACBF4FEA4E0281EA51
:1021E00042028445D2B22AD010F801EB8EEA020EE8
:1021F0004FFA8EF2002AC6DA81EA420252B29646BD
:10220000C5E781EA420252B29646E4E781EA420219
:1022100052B29646D9E781EA420252B29646CEE7DA
:1022200081EA420252B29646C3E781EA420252B2C2
:102230009646B8E781EA420252B29646ADE70F48A9
:10224000DFF83CC00179AA1AB2FA82F2520962F3AD
:10225000C3010171002006218CF8002083F84000A2
:1022600083F8411038BD93F84220002A3FF428AF8C
:1022700038BD00BF60370020983000203C7D002032
:1022800047370020903000207C580308840000204D
:10229000883000202DE9F047BF4AC04992F800E09D
:1022A000BF4A91F800C092F80280D178BD48BE4E76
:1022B000BE4B90ED007A1C68307808EA0105FF2DCE
:1022C00000F04E8148FA0CF34FEAD81708EA0E08DE
:1022D00041EA082109B2091B07EE901ADFEDB46A42
:1022E000B449F8EEE77A03F00F03E7EE876A03EBF1
:1022F0008308834201EBC801FDEEE66A26BF581C45
:1023000001250025C1ED076A4FF00108117992F807
:10231000059009EA010ABAF1FF0F20D041FA0CF347
:1023200003F00F03834280F015810EEA010149EAB0
:10233000012109B2091B07EE901ADFED9D6A9D4944
:10234000F8EEE77A03EB8307E7EE876A01EBC70154
:102350004FF001080027FDEEE66AC1ED076A9179AA
:1023600092F8079001EA090ABAF1FF0F20D041FA6A
:102370000CF303F00F03984240F2E9800EEA0101EA
:1023800049EA012109B2091B07EE901ADFED886ABC
:102390008849F8EEE77A03EB8307E7EE276A01EB5B
:1023A000C7014FF001080027FDEEE66AC1ED076A9C
:1023B000117A92F8099001EA090ABAF1FF0F20D0C8
:1023C00041FA0CF303F00F03984240F2BD800EEA8D
:1023D000010149EA012109B2091B07EE901ADFED5C
:1023E000746A7449F8EEE77A03EB8307E7EE276A2D
:1023F00001EBC7014FF001080027FDEEE66AC1EDD1
:10240000076A917A92F80B9001EA090ABAF1FF0F74
:1024100020D041FA0CF303F00F03984240F2918070
:102420000EEA010149EA012109B2091B07EE901ADF
:10243000DFED5F6A5F49F8EEE77A03EB8307E7EECB
:10244000276A01EBC7014FF001080027FDEEE66A9D
:10245000C1ED076A117B92F80D9001EA090ABAF101
:10246000FF0F00F0828041FA0CF303F00F03984253
:1024700001D8581C01250EEA010149EA012109B2DF
:10248000091B07EE901ADFED4A6A4A4992F80E904E
:1024900092F80FA0F8EEE77A03EB8307E7EE276ADE
:1024A00001EBC707FDEEE66AC7ED076A09EA0A070E
:1024B000FF2F52D049FA0CFC0CF00F03834226D2B6
:1024C0000EEA090E4AEA0E2A0FFA8AFAAAEB040A61
:1024D00007EE90AADFED366AF8EEE77A03EB8304A5
:1024E000E7EE276A01EBC401FDEEE66AC1ED076A7B
:1024F00025BB2F463048314903700F701388304A8E
:10250000304801215BBA11700380BDE8F0870EEA04
:1025100009004AEA002000B2001B07EE900ADFED36
:10252000246AF8EEE77A03EB8300E7EE276A01EB13
:10253000C001581CFDEEE66AC1ED076A3070002745
:10254000D8E7581C01256BE7581C01253FE7581CAC
:10255000012513E7581C0125E7E6002DEED1EEE733
:1025600000273B463D46B846D0E692F80E9092F8DA
:102570000FA00AEA0901FF2907D049FA0CFC0CF068
:102580000F0383420B499BD3C1E705B13070B8F10B
:10259000000FB3D0AEE700BF5C3700205D370020EE
:1025A000603700208C00002085000020880000207B
:1025B0000080BB44E83300208430002058370020DE
:1025C000463700205A37002030B52D4A2D482E4975
:1025D00054688BB0CDE90801916812680791002317
:1025E000CDE90033CDE90233CDE9043206940DF193
:1025F00013010DF1270011F8013F6B4488421A784E
:1026000002F101021A70F6D1204B597921F0040130
:102610006A460DF1140E5971597911F0040F597968
:1026200027D112F8010B013818BF012060F3820195
:1026300096455971F0D193F805C01CF0040F16D1DE
:10264000BEE80F000E4C124D0FC42346DEF80020EA
:1026500043F81129CCF3800C13F8011F0CF101028F
:1026600005F801C05FFA82FCBCF1140FF4D10BB085
:1026700030BD013241F0040196455971CCD1DAE701
:10268000703000200C0D0E0F101112133C7D002035
:10269000583000202DE9F84FA04DA14CAB79DFF860
:1026A0000883012223F004032270AB71FEF752FE6F
:1026B0009C4BC3E900019C4B3C221A70FEF70EFFB5
:1026C000582200210646994822F0F8FF98F8003079
:1026D000032B00F20D8153B9954B1B78002B40F072
:1026E0001681944F3B68944A0021D15436E0934AB6
:1026F000904F12783A60013B032BF3D8DFE813F0D8
:10270000F000DA00C4000400AB798D4843F0040304
:10271000AB718C4B4FF00008C3E90088C3F8078009
:10272000F8F79EF88848F8F79BF88848F8F798F883
:10273000122323706B7A864968F3C3036B72EB79BB
:1027400068F38203EB71AB7968F34513AB713878AA
:102750000AF014FB784A3B680121D154FFF734FF9B
:102760007C4B7D4F01210022597400200021C3E9D8
:102770000522C3E90201DA6107F548713B464FF4CF
:102780007A72DA6128338B42FBD1744B002403F553
:102790004872DC6128339A42FBD1502200217048F4
:1027A00022F08CFF6A786F4B6F4993F8019093F891
:1027B000028093F800E093F804C0987993F80AA097
:1027C00022F080026A70AA7822F00102AA70DA78F8
:1027D000DB7A09EB890903EB830308EB880802EB3A
:1027E00082020EEB8E0E0CEB8C0C00EB80000AEBE1
:1027F0008A0A07EBC80807EBC20207EBCE0E07EB0D
:10280000CC0C07EBC00007EBC90907EBCA0A07EBC2
:10281000C3072B784FF0000B43F001032B70C1F876
:1028200000B040F2DC534E49C9F81C30C8F81C30E7
:10283000D3614FF07C524A608A60CA60CA6240F23B
:102840001A484FF4FA62CEF81C80CCF81C20C26102
:10285000CAF81C30FB61454B44F62061DE630E2054
:10286000FEF7ACFE424B4349C3F800B02B79424A15
:102870000C7023F008032B71404B1C70404B1C70F4
:10288000EC231370BDE8F88FAB793E493A683E48B7
:102890003E4C43F00403AB713D4B032718600F70AF
:1028A0003C48254B072121704FF4806101600121D4
:1028B000995453E7AB7933493A683748334C43F07E
:1028C0000403AB71324B022718600F7031481A4B6A
:1028D000032121704FF400710160012199543DE7FB
:1028E000AB792E4943F00403AB71122323702EE71A
:1028F000042B104F7FF4F6AE294B2A481B783B601F
:1029000015F04CFD15F050FD98F80030F3E609F095
:1029100039FF084F98F80030EDE600BF3C7D0020FD
:102920008500002098300020E42F00206037002030
:10293000187E030874900020EC4300208375030880
:1029400034370020083700202437002014370020B7
:10295000A0680600A0300020C8300020E833002026
:10296000083000207030002000300020B82E0020F9
:1029700004300020843000208600002044380020ED
:10298000463700205D3700209A99193F5C370020B8
:102990008C000020880000209A99993FA0860100B1
:1029A00084750308051B01088400002010B5FEF79C
:1029B000D1FC4B4B4B4A1B78DFF85CC11468526862
:1029C0000CFB03F31B1942F1000283428A4128D217
:1029D000454A137823BBDFF844C14448DCF80010B3
:1029E0000131CCF80010017963F3C3014FF0010C01
:1029F00001713F4982F800C03E4A81F800C03E485C
:102A00003E4982F800C051F8232040F823200A33C1
:102A1000C82BF8D13A493B4BEC20012208701A70C0
:102A200010BD394B1A78002AFAD0384A2E4912784C
:102A30004FF0000C81F800C083F800C0042A45D88C
:102A4000DFE802F03C0703034000BDE81040FFF759
:102A500021BCFFF7FDF82E4B2E489B7D234913F038
:102A6000010F0CBF4FF47A7C4FF4FA6C13F0020F95
:102A7000C0F89CC20CBF4FF47A7C4FF4FA6CC0F8DB
:102A8000C4C21C480A79C3F3800C80F800C01848FF
:102A9000C3F3C00C80F800C0DFF884C019488CF87C
:102AA000003013F00C0F0CBF4FF0010E4FF0000E72
:102AB00001236EF3C30203700A7110BD114B012292
:102AC0001A7010BDBDE81040FFF7DAB9074A0D498A
:102AD0001379002023F008030870137110BD00BFA4
:102AE000F400002098300020443700203C7D002076
:102AF0004A3700204937002004340020E430002009
:102B00008600002046370020473700208400002040
:102B100060370020E833002040420F00503700208B
:102B200048370020022806D807EE900A024BFBEE39
:102B3000EF7AC3ED067A7047083000202DE9F041A6
:102B400082B0FFF733FFB94B1A7812B902B0BDE873
:102B5000F081B74C94F800E000221A70BEF1000F2B
:102B600000F0BC82B348B44DDFF83883B34F014660
:102B7000FB69DFEDB37A0E78A3F57A7300EE903A35
:102B800098F80030F8EEE00A60EEA70A002B00F09B
:102B90008B81013205EB86069645C6ED000A1DD9EC
:102BA000A64B861802EB8202B0EE677A03EBC202F4
:102BB000013ED369A3F57A7307EE903AF8EEE77A0F
:102BC000B11C16F801CF67EE877A091A05EB8C0C59
:102BD0008E4502F12802CCED007AEAD895ED017A13
:102BE000D5ED027AD5ED036A964BB6EE006A37EE64
:102BF000467A77EEC67A37EE077A76EEC66AF1EE57
:102C0000677A77EEA77A76EEA66AB5EEC07A03F514
:102C1000AE62F1EE10FA83EDAE7AC3ED007AC2ED4A
:102C2000006A00F15B81F5EEC07AF1EE10FA00F176
:102C30002182F4EEC77AF1EE10FAC8BFB0EE677ADF
:102C4000DFED817A814F82497A7881ED007AB4EEA6
:102C5000E77AF1EE10FA48BF0121D5ED007ADFEDF9
:102C60007D6A7D4E58BF002161F304127A70F4EE44
:102C7000E67AF1EE10FA7A79C6ED007AACBF01215E
:102C8000002161F3000219207A71FEF7EDFC0028A3
:102C900040F0B781714E2278F179914280F07981CC
:102CA00095ED077ADFED6E7AB4EEE77AF1EE10FA81
:102CB000CCBF01200020F97860F34101F970B179AF
:102CC000914280F05681D5ED067A9FED667AF4EE5A
:102CD000C77AF1EE10FA80F2B7819FED637A634B09
:102CE000F4EEC77AF1EE10FAACBF012100211970A1
:102CF00080F2AD81F17A96F804C08A4200F21F8119
:102D00005B484FF0000E6245C0F800E000F2F8802A
:102D1000584900200870397841F001013970F6EE09
:102D2000007A5549C1ED097A707A904280F0658148
:102D3000D5ED097AB6EE007AF4EEC77AF1EE10FA24
:102D4000ACBF012000204D4A0093C1ED077A1070FE
:102D500000F0B0FE4A4A24781278009B0A2A00F05C
:102D60002D8100210120FA7860F38202FA70454A31
:102D70001160B27AA24280F01B81D5ED0A7AB6EEDC
:102D8000007AF4EEC77AF1EE10FA04DB3E4A1278CC
:102D9000142A00F09D8100223C49B0EE007AFFEE3B
:102DA000000AE7EE870A0A70B1EE000A1EF04AFB3D
:102DB000327A3749A24281ED000A0DD2DFED287A3E
:102DC00095ED087AB4EEE77AF1EE10FA04DD314AB7
:102DD0001278002A00F06D8100202F4CBA7A98F802
:102DE0000010247860F341022143BA720FD02B49BE
:102DF000FA79097842F02002FA71002940F0CB807C
:102E0000244A12781AB9FA78910740F15981244975
:102E100091F90020002A40F0A5807A7A42F0200241
:102E20007A7202B0BDE8F041FEF78CBA4637002056
:102E3000850000205830002008300020E8330020B2
:102E40006F12833A803B0020CDCC4C3E3C7D00206D
:102E5000E82F00200AD7233D0430002070300020E6
:102E60003333333FABAA2A3FABAAAA3E44380020F3
:102E700000300020B28E002064060020FC2F0020CD
:102E800047380020D0380020F5000020A81000208E
:102E900070000020B18E002049370020A88E00204D
:102EA000E42F00204A37002005EB860696ED000A45
:102EB000B6EE081ACDE90021F7F7D2FD009A94F892
:102EC00000E0019986ED000A0132724501F101012D
:102ED00007F12807BFF482AE844849E6F5EEC07AD0
:102EE000F1EE10FAF1EE476A00F1DB80F4EEE67ADB
:102EF000F1EE10FAD4BFB0EE667AB0EE677A9FE6D4
:102F00007B480078012800F0C08095ED047ADFED61
:102F1000797A7948B4EEE77AF1EE10FACCBF4FF047
:102F2000010C4FF0000C80F800C038788A4240F065
:102F3000010038707FF6F3AED5ED0B7AF1E6D5EDF2
:102F40000B7A6E48B6EE007A37EEC77A624580EDAE
:102F5000007AD5D8684900200870397841F001011D
:102F60003970DEE6013A0A7002B0BDE8F041FEF7C2
:102F7000E9B9F879624B002161F3C300F871787800
:102F8000197061F3C7107870B87861F30000B870F9
:102F9000B0E600208FE601295ED002297FF437AF2A
:102FA0007A7AD3073FF533AF032000F0EBF92EE731
:102FB000544A0021B7EE000A1170F9E61A78013A76
:102FC000012A7FF6CEAE7279A242BFF4CAAED5ED29
:102FD000057A9FED4D7AF4EEC77AF1EE10FA80F2A1
:102FE00081809FED4A7AF4EEC77AF1EE10FAACBF19
:102FF0000121002181F00100B5E6DFED457A0020D6
:10300000A1E6FA211920FEF7D9FA424A96ED007A94
:10301000D2ED007A77EE677AF5EEC07AF1EE10FA2B
:1030200001D5F1EE677A82ED007A3B4A92ED007AA3
:103030007A78B4EEE77AF1EE10FA4CBF0121002164
:1030400061F345127A7025E62D4B02211970334841
:103050000168013101604DE67A7AD2073FF5D7AEBB
:103060007A7A2F4942F0010206207A72087000F045
:10307000A5F8CCE6F1EE677AB4EEE77AF1EE10FA55
:103080007FF5DEADB0EE677ADAE5264890F83400D9
:1030900000283FF43AAF18484FF0000C80F800C009
:1030A00043E7B4EEE77AF1EE10FA0EDDF1EE677A5F
:1030B000E8E7F878C0F3400080F00100C0B28CE689
:1030C000BA7A42F00202BA72A1E6B0EE667AB7E5C9
:1030D000FA78C2F3400282F001025DE6124DDFF899
:1030E0004C807BE5002002213DE600BF58300020E7
:1030F000227D0020CDCCCC3DB28E002000300020BF
:1031000044380020A8100020ABAA2A3FABAAAA3E50
:1031100000000000E02F0020EC2F0020543700209A
:10312000463800203C7A0308083000204A37002047
:103130001C4BD3ED007AF5EEC07AF1EE10FA0DD902
:10314000194B93ED036AD3ED056AE6EE667AB7EEA6
:10315000087AF4EEC77AF1EE10FA01D50020704734
:10316000124B93ED007AB5EEC07AF1EE10FA16D953
:103170000F4A104B92ED006A1B88DFED0F6A86EE56
:10318000277A07EE903A37EE267AF8EEE77AB4EE31
:10319000E77AF1EE10FA4CBF0120002070470120C1
:1031A000704700BFDC2F0020B8A000205C2E00205C
:1031B00028210020582E002000007042044A0548B3
:1031C000D378002161F386130170D370704700BF7C
:1031D0003C7D002045380020244B1B78013B032B0D
:1031E00042D8DFE803F03C201B02214A214B92ED3C
:1031F000007AF6EE087A67EEC77A93ED007AF4EE7D
:10320000C77AF1EE10FA2FDD1B4BDFED1C7A93ED40
:10321000007AB4EEE77AF1EE10FA25DD184BD87893
:10322000C0F380107047124A124B92ED007AF6EE0E
:10323000087A67EEC77A93ED007AF4EEC77AF1EE7A
:1032400010FA11DD0C4BDFED0D7A93ED007AB4EE40
:10325000E77AF1EE10FACCBF012000207047084B4E
:103260001878C0F3C000704700207047A98E002076
:1032700094000020C8380020B07F0020CDCC4C3E08
:103280003C7D002008B59FED380A06F0D3FA374A96
:103290001378032B48D8DFE803F03D2C040201200B
:1032A00008BD3348FEF72AF9DFED327A20EE270A0F
:1032B000FFF792FF304BD3ED007AF8EE677AA8BBA8
:1032C000B0EE007AE0EE077A9FED2C7AF4EEC77A42
:1032D000F1EE10FA3FD5FCEEE77A17EE901A284A85
:1032E0001960D37823F04003D3700720FEF766F906
:1032F0001AE00720FEF7B8F9B0B1FEF72BF81C4B27
:103300001D4AC3E9000140F6B8301060174A022395
:10331000137009E0184B4FF47A7107201960FEF71B
:103320004DF9124A01231370002008BD77EEC07AD0
:103330000E4AF5EEC07AF1EE10FA0FDDFCEEE77AF8
:1033400017EE901AF8EE677A1960F5EEC07AF1EE92
:1033500010FACAD804E040F6B831C0E7002119607D
:1033600003231370C1E700BF0000C8C24538002026
:10337000C037002000007A44C837002000803B4559
:103380003C7D002010B50A4B82B0002401901C60E7
:10339000FBF778FB074A0849D3780C6023F0200339
:1033A000D37002F011FC054B0198187002B010BDEB
:1033B000C83800203C7D0020B0380020463800206E
:1033C000324BDA799006C2F340110CD53049314ABC
:1033D00091ED007AD2ED007AB4EEE77AF1EE10FAD0
:1033E000CCBF012100211A7861F382021A701A7889
:1033F000520742D526482849284AD0ED007A91ED57
:10340000007A127877EEC77A72B122491A7891ED74
:10341000007AB4EEE77AF1EE10FA4CBF01210021F8
:1034200061F382021A7070471D4A92ED247AF6EE1B
:10343000006AB4EEE67AF1EE10FA1FDCDFED196AED
:1034400019491A4A91ED006A92ED007AE6EE667A21
:10345000F4EEC77AF1EE10FA16DD154A92ED007A15
:10346000F2EE0C7AB4EEE77AF1EE10FA4CBF0121DD
:1034700000211A7861F382021A7070470C4A92EDAB
:10348000006AC6EE076ADBE70021F2E73C7D002018
:103490000411002080810020D8380020B18E002047
:1034A000E8A8002000000000C4380020BC3800203C
:1034B0004421002010B5514B1B7882B04BBBFBF769
:1034C000E1FAFFF77DFF4E4C9FED4E0A0623237075
:1034D00006F0B0F94C4A1378032B18D8DFE803F054
:1034E00065532802494B002119600191FBF7CAFA84
:1034F000474A4848D3780199016023F02003D370EC
:1035000002F062FB444B0621042221701A7002B0C3
:1035100010BDFBF7B7FA414C414B94ED000AD3EDD7
:10352000007A30EE270AF7F765FB04ED0C0ACAE7CC
:103530003C48FDF7E3FFDFED3C7A20EE270AFFF77A
:103540004BFE3A4BD3ED007AF8EE677A002838D17B
:10355000B0EE007AE0EE077A9FED357AF4EEC77AA6
:10356000F1EE10FA42D5FCEEE77A17EE901A284AEF
:103570001960D37823F04003D370072002B0BDE870
:103580001040FEF71BB80720FEF76EF80028BED0EB
:10359000FDF7E0FE234B254C1B4AC3E9000140F632
:1035A000B830022320601370B1E7204B4FF47A71DA
:1035B00007201960FEF702F8134A0123137002B0C6
:1035C00010BD77EEC07A104AF5EEC07AF1EE10FA2F
:1035D0000FDDFCEEE77A17EE901AF8EE677A1960C5
:1035E000F5EEC07AF1EE10FAC7D804E040F6B83133
:1035F000BDE70021196003231370BEE7B18E0020E0
:10360000463800200000C8C245380020C8380020D5
:103610003C7D0020B0380020387D00206C21002047
:1036200088BD0020C037002000007A44C837002041
:1036300000803B4530B5404C237813F0400F83B0F9
:10364000637A16D1C3F3000113F001032CD03B4B76
:103650003B4D1B78002B3FD1FBF714FAFFF7B0FE70
:103660004FF006022A70FFF70DFE00284CD103B080
:1036700030BDDB07FBD5334B93ED007AF2EE0E7ACB
:10368000B4EEE77AF1EE10FAF1DD2F48637A2C4AB6
:1036900090ED000A23F0010300216372117003B062
:1036A000BDE8304006F0C6B8627ADFF8BCC02648F4
:1036B00042F001026272DCF800200260204806221B
:1036C0000270224A1170E27863F386121B4BE2709B
:1036D0001B780546002BBFD0FBF7D4F91C4A1D4BC5
:1036E000D2ED007A1C4A019392ED000A30EE270ACF
:1036F000F7F780FA019B4FF0060283ED000A2A706B
:10370000FFF7C0FD0028B2D0144A002313600193D4
:10371000FBF7B8F9124A019B1360E37823F020030A
:10372000E37002F051FA0F4B04224FF006002870AC
:103730001A7003B030BD00BF3C7D0020B18E002068
:103740004638002004110020403800204538002071
:1037500088BD00203C2100206C210020C8380020BA
:10376000B0380020387D0020D8380020064A02F505
:10377000A663D3E9000192ED007B044B83ED027B4D
:10378000C3E90801704700BF90160020802D00207B
:1037900010B5104C1049A378104A23F00403A3700D
:1037A000A37823F00203A370E37923F00803E37105
:1037B0002378002023F004030870FF211170237088
:1037C000FCF7D4FAA378064A052143F001031170EF
:1037D000A37010BD3C7D0020452C0020601100200E
:1037E0004738002070B5334CDFED337A334D04F6A3
:1037F000CC732DED028B93ED008ADFED318A38EE2C
:10380000278A82B0B0EE480A1DF0BCFE60EE287A2E
:1038100004F5A26617EE900AF4F756FD02460B4631
:10382000D6E90001F4F7F2FBB0EE480AC5E902015F
:103830001DF0E8FE60EE287A04F5246617EE900A83
:10384000F4F742FD02460B46D6E90001F4F7DEFB31
:103850001C4B93ED000AC5E9080110EE100A8DED2E
:10386000010A04F6E474F4F72FFD22689DED010AC5
:10387000AA640023C5E90E0185F8643005F0DAFF7B
:10388000D4ED006A9FED107AC8EEA67A072067EEA5
:10389000877AFCEEE77A17EE901A01F59C51083111
:1038A000FDF78CFE094B12221A7002B0BDEC028BA0
:1038B00070BD00BF80110020DB0FC93FD83700204A
:1038C000000048430411002000007A4447380020DB
:1038D00038B51C4B00241C6001F008FB1A4A1B4B36
:1038E000D2ED137A1A4AC3F8B04202F22C50FCEE21
:1038F000E77A046002F65C2017EE905A046002F248
:103900001C50C3F8AC42046002F64C204FF47A71AC
:10391000046003F5AD6002F67C72046003F264504B
:1039200001FB05F1046003F5026003F61C0304606B
:10393000072014601C60FDF741FE064B08221A7038
:1039400038BD00BFC8380020E82D0020803B002093
:1039500080110020473800204A4B1B78012B00D0F3
:103960007047494AD279D209FAD04849484AD1ED3C
:10397000007A92ED007AB4EEE77AF1EE10FA03D510
:10398000444B10221A707047434A92ED007AB4EE0D
:10399000E77AF1EE10FA28DC30B5404A127883B0AD
:1039A0003AB3012A1CD11BF05FFF00282ED0364A03
:1039B0003A4C937947F2305123F008032420937155
:1039C000FDF7FCFD364B374AD3E9000103F5A6634A
:1039D000C2E90201D3E90001C2E908010023237012
:1039E00011222C4B1A7003B030BD2A4B0F221A70D3
:1039F00070472C480193FBF7C9FB1BF001FF28BB64
:103A0000264B1B78012BEBD10C22EAE7264C244DE8
:103A10001CF01AF8A068F4F757FCD5E90023F4F776
:103A2000F5FAF4F781FF0346E068204C2360F4F7D1
:103A30004BFC05F5A663D3E90023F4F7E7FAF4F7A6
:103A400073FFA0601A48FBF7A1FBD9E71BF072FFD8
:103A50000D4B13489A7990ED007B42F008029A7161
:103A6000104B00F5A66C83ED027B9CED007B41F2D0
:103A70008831232083ED087BFDF7A0FD074A019BD9
:103A80001370C1E7B18E00203C7D0020041100209E
:103A900040020020473800203C02002058BE002091
:103AA00090160020802D0020A0BD002044BE0020E4
:103AB0004802002010B5824BDA78910782B0C2F339
:103AC000400C03D47F4A1278052A42D059797E48A7
:103AD000DFF828C2002262F345115971D9790270CA
:103AE00062F3C711D971597878489CED000A62F3E6
:103AF00086115970997862F300019970597862F3D0
:103B0000C7115970597A4FF0030C80F800C0704803
:103B100062F300015972027005F08CFE6D4A0021BB
:103B20001160FAF7AFFF664B1B78DB0904D16A4BD3
:103B30000A221A7002B010BD684A694B02F5A661EC
:103B400092ED007BD1E9000183ED027BC3E908011E
:103B5000EDE75F4C5C4894F800E00078BEF1C70FD9
:103B60001FD95A4C94F800E08645E3D093F802E060
:103B70006CF3000E83F802E093F801E06CF3C71ECB
:103B800083F801E093F807E001286CF3C71E83F87F
:103B900007E053D0022828D058B14C4B187002B01F
:103BA00010BD4A4B0EF1010E84F800E0187002B00F
:103BB00010BD5A7960F345125A715A7A60F30002C7
:103BC0005A72FAF75FFF454A3F49454B087892ED34
:103BD000007B02F5A66183ED027B91ED007B83ED16
:103BE000087B3D4B0A221A70D7E793F800E05FEAA2
:103BF000DE1ED2D098783B4901926CF38200987017
:103C0000987881F800C06CF341009870D8793649F3
:103C10006CF3C300D87118786CF382001870FF2021
:103C20000870FCF7A3F8284B2B491878244B019A0D
:103C30000A709A7842F001029A70AEE75A7A6CF3F1
:103C400000025A721A78D209A7D05A7852062DD596
:103C50005A78DFF888E0224942F080025A70234AFD
:103C600092F800C0DA786CF30002DA70204A92F918
:103C70009DC21A79BCF1000FD4BF4FF0000C4FF079
:103C8000010C6CF304121A719EED007B194B1A683B
:103C90000EF5A66381ED027B93ED007B164B1A6057
:103CA0000D4B002281ED087B1A7076E7134A92EDE6
:103CB000000A05F0BFFD044B1878014BC8E700BFB0
:103CC0003C7D0020387D00204438002090000020FA
:103CD000B8370020C8380020473800209016002050
:103CE000802D0020452C002060110020781100203C
:103CF000B881002088BD0020CC38002004110020AD
:103D000030B5994C6378DB0983B019D1A37813F0EF
:103D1000010315D1227A63F3C7122272237ADB09D9
:103D200028D1237AC3F3C011DB0914D0637A23F0BE
:103D300020036372E37923F00803E37103B030BD1D
:103D40008A4B1B780A2B13D0E378C3F3400383F02C
:103D50000103DBB2DEE7DFF858C2627A84488CF8F0
:103D6000001084490068086063F300026272DDE7B6
:103D70000023CFE7FCF754FE0028D2D1FFF75AFC0E
:103D8000E3791907D2D5FBF7BDFC784B1B78132BD1
:103D900020D8DFE813F082011F0061013701140011
:103DA0000F0134003400980168001F00C300250093
:103DB0001F001F00970085002500A90082006E4BA0
:103DC00093F86430022B00F0DD816C496C4A0023CB
:103DD0000B7013720022A37862F3C303A370A5E7EC
:103DE000FFF7BAFD614B1B78072BF3D1624B93F8B9
:103DF0006420A2F10102B2FA82F25209EBE7FCF769
:103E00004DF95D48FBF7C2F95B4890F86430002B30
:103E100000F0D681012B40F0CF815A4BD0ED157ABE
:103E200093ED000AD0ED140A30EE670A1DF09CFAFB
:103E3000DFED557A37EEC07AB5EEC07AF1EE10FAC2
:103E400000F1EB81B4EEE77AF1EE10FAD8BFF0EEB4
:103E5000477A4E4BC3ED007A0720FDF705FCE0B929
:103E6000424B1B78C0E7FCF719F94348FBF78EF982
:103E7000444BD3ED007AB1EE047AF4EEC77AF1EE5A
:103E800010FA0ADC17EE900AF4F71EFA3A4BD3E95F
:103E90000E23F4F7F7FC0028E2D0FBF751FFDFE731
:103EA000384A3B4B92ED007AD3ED007AB4EEE77AD4
:103EB000F1EE10FA8ED5374A002111602B4A1123FA
:103EC000137087E73448FBF761F92E4A334B92EDC4
:103ED000007AD3ED007AB4EEE77AF1EE10FABFDDA6
:103EE000224A1123137075E72D48FBF74FF96379C8
:103EF0005A0600F14C8163792A4A00211170C3F3FC
:103F000080125B0640F16A81274A13780133DBB2E5
:103F1000022B1370C1D9FFF73BFCA1E7FCF7BEF8F9
:103F20001548FBF733F963795D0619D4A378980730
:103F3000C3F3400200F1DF8007200192FDF794FBFC
:103F4000002800F0D880174B019A1978002940F01A
:103F50009081164A127801218A42197000F0C680B9
:103F6000FFF740FC7CE700BF3C7D00204738002085
:103F7000CC3800204C210020E82D0020D421002046
:103F8000E821002004110020DB0FC93FD4380020B5
:103F90004002002000060020802D00204402002066
:103FA000D837002073380020D0370020B18E002091
:103FB00046380020FCF772F8FFF702FA23785D0715
:103FC00040F1F780AC48FBF7E1F8A378D80708D5B3
:103FD000AA4BD3ED007AF5EEC07AF1EE10FA00F3B9
:103FE0000081A37859077FF53BAFA54B00221A70DB
:103FF000FAF722FD01460720FDF7E0FAA14A0B235C
:104000001370E7E6FCF74AF89B48FBF7BFF89A48BD
:1040100090F86430022B00F0B080FFF733F90028ED
:104020003FF41EAF9849974D002304222A700B607D
:104030000193FAF727FD9549019B0B60E37823F084
:104040002003E37001F0C0FD91492B780020087037
:10405000904904220A70C7E68748FBF797F823784F
:10406000DA077FF5FDAEA378DB067FF5F9AE072012
:10407000FDF7FAFA00283FF4F3AE874B1B78012BCB
:104080003FF4EEAEE3788549002262F38613E370D5
:104090007C4B0A7003221A709CE67F4B1B78012B25
:1040A00066D06378DA0656D52379DB0640F1AF8017
:1040B000FAF7AAFC01460720FDF780FAFBF740FE5D
:1040C000704B1B7890E60720FDF7CEFA00283FF4EE
:1040D000C7AE694BD3E90E01F4F726FC00EE100AD7
:1040E00005F0A8FB674A0923137073E642F21071CA
:1040F0000720FDF763FAFFF763F9A37899077FF5C7
:10410000AFAE5D4BD3ED137AFCEEE77A4FF47A72E3
:1041100017EE901A02FB01F5614A59491278002006
:104120000870002A40F0A08093F86420022A00F072
:104130009280062A00F08980002A71D00723294640
:10414000504D07202B70FDF739FA22782B7822F09A
:104150000402227048E6534B534AD3E9000103F5A9
:10416000A663C2E90201D3E90001C2E9080131E610
:10417000E379DB097FF4B4AE93E7FFF783F8002817
:104180003FF46EAEFFF7A4FB3E4B1B782CE60720F6
:10419000FDF76AFA00283FF463AE444B93ED007AD2
:1041A000D3ED067AB4EEE77AF1EE10FA7FF558AE69
:1041B000A1E6FBF7FDFD05E73D4B00221A604BE64B
:1041C0000720FDF751FA00283FF446AE394B1B7823
:1041D000002B7FF441AE384A13723DE6374B1A701C
:1041E0005BE6FDF77BF9364A13689842FFF4F9AEB7
:1041F000FDF774F9324A00F59C5008301060FEF764
:1042000097FF00287FF4EDAEFFF754F9E9E6264862
:10421000FAF7BCFF1B4B1B78E6E5DFED2A7A18E6C0
:10422000D3ED137AF5EEC07AF1EE10FA86DD22486E
:104230000268AA4282D21F4A1278002A7FF47EAF17
:10424000D3E91712FBF71AFD78E74FF4FA7004F080
:1042500099FC022373E7E3781049002262F3861386
:10426000E3700A7003236AE7C82004F08BFC024B5A
:104270005AE71A7074E600BFE82D002028210020BC
:104280007338002047380020C8380020B03800209C
:1042900046380020387D0020B18E002045380020AF
:1042A000AD8E002090160020802D0020442100209B
:1042B000D4380020D4210020E8210020D03700206D
:1042C000CC37002000000000084B00EBC00213F8C0
:1042D000223043B1064B33F810309BB200EE103A57
:1042E000BBEECA0A70479FED030A704728770308A0
:1042F00048380020000000001448154B417810B5E4
:1043000021F04001134C41700022134913482260F0
:10431000DA639A61C3F8F422C3F8D02203F2AC5CEA
:104320000F4C0A6003F5B16300211A60CCF800203D
:10433000018081702170FAF7A5FB0A4B0A480B4AED
:104340001B68036040F8183C136010BD3C7D0020E2
:10435000803B0020B0380020C83800207038002092
:104360007338002088BD00203C210020CC3800207C
:104370002D4A92F83230022B2C4B02D99979C9067A
:1043800030D401209A79C2F3C001120723D4284AFD
:1043900012780C2A11D00F2A0FD0DFF8B0C0254AAE
:1043A0009CED007AF6EE087A67EEC77A92ED007A15
:1043B000F4EEC77AF1EE10FA28DA5A7961F3861230
:1043C0005A711A7A910708D55B795B0616D51A4B94
:1043D00001221A7070470021EFE7174BC2F3400229
:1043E0001A70704792ED237ADFED147AB4EEE77A13
:1043F000F1EE10FA4CBF01200020C3E7104B1A78F1
:104400000D4B003A18BF01221A7070470D4ADFEDBC
:104410000E7A92ED007AB4EEE77AF1EE10FA00F03F
:104420000101D8BF0021C8E7E8A800203C7D00209A
:1044300047380020C838002074380020CDCC4CBE4E
:1044400073380020B07F0020CDCC4C3E940000207B
:1044500010B5FCF7E5FA38B9274BDA78910704D59F
:10446000264A274B12681A6010BD5A7AD20710D418
:104470001A7AD209F4D0234A1278002AF0D0082AF6
:1044800011D0042A0FD0204A1D4BD2F898221A606E
:1044900010BD5A781C481A49D0F89802086042F0BA
:1044A00040025A7010BD5878184A154C20F0400050
:1044B00000215870164B21601648D1639161C2F8F3
:1044C000F412C2F8D01202F2AC5C134C196002F57F
:1044D000B162002311602370CCF800100380837058
:1044E000FAF7D0FA0D4A0E4B12680E4943F8182914
:1044F0000A601A6010BD00BF3C7D0020043000201F
:10450000B038002047380020B8810020803B0020D0
:10451000C8380020703800207338002088BD002083
:104520003C210020CC380020354B1B78052B00D0D7
:104530007047344BDB781B07FAD4334BD3ED007A4A
:10454000F5EEC07AF1EE10FA4FD4B7EE007AF4EE41
:10455000C77AF1EE10FAEBD52C4B93ED007AB5EE5D
:10456000C07AF1EE10FA48D4B0EE476A284BDFED7E
:10457000296AD3ED007A67EEA67AF4EEC67AF1EEF8
:1045800010FAD5DDDFED247A244A20EE270AD2F88E
:104590009832F1EE407AB4EEE77AF1EE10FA08D4F0
:1045A000B4EEC07AF1EE10FAD4BFF0EE477AF0EE36
:1045B000407A07EE103A37EE277ADFED197AB4EE3B
:1045C000E77AF1EE10FA08D4DFED167AB4EEE77A66
:1045D000F1EE10FAD8BFF0EE477A17EE903A124992
:1045E000C2F8983201200870A2E7BFEE007AF4EE1C
:1045F000C77AF1EE10FA9BDDAEE7B1EE476AB5E798
:10460000387D00203C7D0020B07F0020C83800208D
:10461000940000206666663F0AD7A33CB88100205C
:10462000CDCC4C3ECDCC4C3FB08100204D4B4E4AC2
:1046300093ED097AD2ED006AD3ED0C7A93ED0D6A11
:10464000D3ED0E5A37EE667A67EE276AD3ED0B7A12
:1046500083ED0A7AA6EE806AF1EE656A67EE277A44
:10466000B4EEE66AF1EE10FAC3ED117A08D4B4EEB6
:10467000E56AF1EE10FAD4BFF0EE466AF0EE656A34
:104680003A4AC3ED0D6A92ED006AC3ED126A77EE05
:10469000A67AB1EE467AF4EEC77AF1EE10FA08D4B3
:1046A000F4EEC67AF1EE10FAD4BFB0EE677AB0EE4F
:1046B000467A2F4A2F4992F8323081ED007A022B48
:1046C0002D4B02D99979C90629D401209A79C2F3D0
:1046D000C00112071CD4294A12780C2A0AD00F2ACA
:1046E00008D0F6EE087A67EEC67AB4EEE77AF1EE15
:1046F00010FA28D95A7961F386125A711A7A9107F9
:1047000008D55B795B0616D51D4B01221A707047E0
:104710000021EFE71A4BC2F340021A707047D2ED46
:10472000236ADFED187AF4EEE76AF1EE10FA4CBF77
:1047300001200020CAE7144B1A78114B003A18BF29
:1047400001221A707047114ADFED117A92ED007A5A
:10475000B4EEE77AF1EE10FA00F00101D8BF0021C3
:10476000C8E700BFD8380020B47F002094000020A4
:10477000E8A80020C83800203C7D002047380020F1
:1047800074380020CDCC4CBE73380020B07F0020A0
:10479000CDCC4C3E644B654A93ED004AD2ED005AB5
:1047A000D3ED037AD3ED046A93ED055A34EE656ACE
:1047B00026EE277AD3ED027A83ED016AE7EE006AEE
:1047C000B1EE457A66EE277AF4EEC76AF1EE10FA9A
:1047D000C3ED077A08D4F4EEC56AF1EE10FAD4BF3F
:1047E000B0EE667AB0EE457A514A52481278524994
:1047F000D0ED004AD1ED006A83ED047A012A77EE0C
:10480000877A83ED087AB1EE645A7BD093ED106A13
:10481000B1EE467AB4EEE77AF1EE10FA65DD474A7A
:1048200083ED097A75EEC45AD2ED007AF4EEE75AB8
:10483000F1EE10FA10D8424AD2ED007AF4EEC77ABF
:10484000F1EE10FA6CDCB4EEC67AF1EE10FAC8BFE5
:10485000B0EE467A83ED097A3A4AD2ED007A67EEF5
:10486000277AF5EEC07AF1EE10FA48D4D3ED0D5A5E
:1048700093ED0C6A93ED0E4AD3ED0B7A82ED007A3C
:1048800077EE666A26EE866A66EEA77AE6EE005A4C
:10489000B1EE446AF4EEC65AF1EE10FAC3ED0A6ABC
:1048A000C3ED117A08D4F4EEC45AF1EE10FAD4BF75
:1048B000B0EE656AB0EE446A77EE867A83ED0D6AF3
:1048C000F4EEC57AF1EE10FA83ED126A08D4F4EE34
:1048D000E47AF1EE10FAD4BFB0EE675AB0EE645A43
:1048E000194B83ED005AFFF743BDF4EEC67AF1EEA3
:1048F00010FAD4BFB0EE677AB0EE467A8FE7DFEDFC
:10490000135AB5E793EDA97AE7EE667AF4EEC57A25
:10491000F1EE10FADBD50C4B83ED005AFFF728BD02
:10492000B0EE677A96E700BFD83800200411002067
:10493000B18E002094000020C42F0020BC3800203D
:10494000803800206C380020C838002000000000AB
:1049500008B52DED028BB0EE408AFEF731FD344BE9
:104960001B785B0721D4334B1B7853B1324B334A4E
:1049700093ED007AD2ED007AB4EEE77AF1EE10FA18
:1049800019D4B0EE480AFFF705FF2D4B2D4A93EDE1
:10499000000AD2ED000AB0EE481AF6F7A3F9284B48
:1049A00083ED000ABDEC028B08BD234B234A93ED37
:1049B000007AD2ED007AD3ED066A234B77EEC77A00
:1049C000D3ED000A77EEE67A87EEA67A67EE207AD4
:1049D000F5EEC07AF1EE10FA27D4F4EEE07AF1EEBB
:1049E00010FAD8BFF0EE670A154B9FED181A93ED39
:1049F000000AF0EE481AF6F75DF9114BB5EEC00A61
:104A0000F1EE10FA83ED000ACCDD114B114A93ED63
:104A1000000AD2ED000AB0EE481AF6F763F9BDECD1
:104A2000028B0B4B83ED000A08BDDFED0B0ADBE7C1
:104A30003C7D002073380020D8380020041100206D
:104A4000000600208C38002084380020CCCC4C3E5E
:104A5000C83800207C3800200000000010B52DED83
:104A6000028B7B4C637ADB0782B0B0EE408A00F1A8
:104A70009680E379DB0966D0237ADB0963D0754B36
:104A80001B780F2B00F0D780734A744BD2ED007A5D
:104A900093ED007A77EEC77AF5EEC07AF1EE10FA70
:104AA00001D5F1EE677A6E4A6E4BD2ED066AD3ED10
:104AB000000A87EEA67A67EE207AF5EEC07AF1EE6C
:104AC00010FA00F1B580F4EEE07AF1EE10FAD8BFFA
:104AD000F0EE670A644B9FED651A93ED000AF0EE65
:104AE000481AF6F7E7F8604B614883ED000AF0EEEC
:104AF000407A604BF5EEC07AF1EE10FA93ED000AC1
:104B00000ADDD0ED000A0190B0EE481AF6F7EAF897
:104B1000584B019883ED000A6378574AD0ED000A9C
:104B2000002161F38613B0EE481A63701170F6F736
:104B3000D9F8504B83ED000A237ADB0938D002B054
:104B4000BDEC028B10BD237ADB0963785DD158067A
:104B500002D56378990662D53F4B93ED000A04F0C5
:104B600069FE464B1B78002B57D1454BD3ED007A9D
:104B7000F5EEC07AF1EE10FA01D5F1EE677AB7EEF4
:104B8000007AF4EEC77AF1EE10FACCBF01220022CF
:104B900082F00102637862F38613637005E0637844
:104BA00043F040036370FFF7D3FE237ADB09C6D1DD
:104BB000637ADA07C3D4A37A9B07C0D4314B9FED45
:104BC000327AD3ED007AF4EEC77AF1EE10FA06D419
:104BD0009FED2E7AF4EEC77AF1EE10FAAFDD244A9B
:104BE0006378D2ED000A234AF2EE047A92ED000ACD
:104BF00023F0400360EEA70AB0EE481A6370F6F7A0
:104C000071F81C4A82ED000A99E743F04003B0EEC8
:104C1000480A6370FFF79CFEC7E70122BAE7B0EECF
:104C2000480AFFF781FCB0EE480AFFF791FEBCE7A7
:104C3000DFED170A4EE76378094A0B4943F040035A
:104C400000206370136C08605362FFF7EFFCACE761
:104C50003C7D002047380020041100204002002045
:104C6000D83800208438002000060020CCCC4C3EF0
:104C70007C380020C838002074380020C10600208D
:104C8000B07F002004300020CDCC4C3ECDCC4C3F3A
:104C90000000000010B52DED028B834B5A79C2F352
:104CA000C004120702D4BDEC028B10BD5A797F48B4
:104CB00022F008025A71FCF721FC7D4A7A4B1178E8
:104CC0000129B0EE408A00F0C7801A78D20744D597
:104CD000FBF7A6FE0028E6D1734B5A7AD10776D4AB
:104CE0001A7AD20973D15A78520603D55A789306A4
:104CF00040F1CD806F4A92ED000A04F09BFD6E4AB0
:104D0000694B1278A2B96D4AD2ED007AF5EEC07AFD
:104D1000F1EE10FA01D5F1EE677AB7EE007AF4EE13
:104D2000C77AF1EE10FACCBF0122002282F0010412
:104D30005A78634964F386125A705A78540607D534
:104D40000A782AB95F480022026142635E48026025
:104D50005A78C2F380120A704AE05C495C4A91EDCD
:104D6000007AD2ED007A53491A7891ED000AB4EE38
:104D7000E77AF1EE10FA4CBF0120002060F38202C6
:104D80001A7004F057FD53494F4AD1ED000A92EDD5
:104D9000000AB0EE481AF5F7A5FF4F494F484A4AB6
:104DA000D0ED000AF0EE407AB0EE481A91ED000A1C
:104DB000C2ED007AF5F796FF3B4B47495A7881EDF3
:104DC000000ABDEC028B22F040025A7010BD3C4933
:104DD0005A7808784FF0010C42F0400281F800C088
:104DE0005A7000284CD0B0EE480AFFF7D3FC2E4B87
:104DF0001A7AD2097FF457AF5A7AD0073FF553AFEA
:104E00009A7A91073FF54FAF354A9FED367AD2ED4A
:104E1000007AF4EEC77AF1EE10FA07D49FED327AF9
:104E2000F4EEC77AF1EE10FA7FF73DAF29495A78D0
:104E3000D1ED000A2449F2EE047A91ED000A22F045
:104E4000400260EEA70AB0EE481A5A70F5F74AFF22
:104E50001D4981ED000A26E71AF086FE124B1978EB
:104E6000C8077FF57AAF124A1278012A7FF430AF73
:104E7000B0EE480ABDEC028BBDE81040FFF7EEBD76
:104E80001049114800220A614A630260ABE7B0EEA4
:104E9000480AFFF749FBB0EE480AFFF77BFC084AD7
:104EA000014B01211170A3E73C7D002060380020F8
:104EB000B18E002004110020C1060020B07F002028
:104EC00068380020D8380020C8380020B47F00207F
:104ED000803800207C380020000600208C3800201C
:104EE00004300020CDCC4C3ECDCC4C3F094B0A4980
:104EF000002203F2AC5CDA639A61C3F8F422C3F8CF
:104F0000D02203F5B1630020CCF800201A6008809D
:104F100088707047803B00207038002070B5514C7D
:104F20004FF42E7303FB0043D3ED126A93ED0B7A1B
:104F30002DED028BF1EE667AB4EEE77AF1EE10FA1F
:104F400082B00646F0EE400A08D4B4EEE67AF1EEFE
:104F500010FAD4BFF0EE477AF0EE667A424A02EBDE
:104F6000860292ED007A4FF42E7303FB064337EE70
:104F7000C70AD3ED0D7A83ED0C0A67EE807AF5EE61
:104F8000C00AF1EE10FAC3ED137A65DDF7EE007A90
:104F900087EEA08A35494FF42E7506FB05F5097892
:104FA00005F5BC7205F1640322442344002940D076
:104FB0001846CDED010A0092F5F70AFD20EE080A29
:104FC0002544DDED010A009885ED170AF5F76CFD23
:104FD0004FF42E7303FB064393ED117AD3ED137A4E
:104FE000234A83ED170A20EE077A92ED006A83EDDB
:104FF000157A77EE277AFFEE006A67EE867AF4EE8E
:10500000E67AF1EE10FA2AD4B7EE007AF4EEC77A17
:10501000F1EE10FAC8BFF0EE477AF1EE677A4FF47E
:105020002E7303FB0644C4EDAD7A02B0BDEC028BD7
:1050300070BD104625440093F5F736FDD5ED167A80
:1050400085ED160A70EE677A009827EE880A85EDDE
:10505000170AF5F763FCBBE79FED068A9AE7F7EEC0
:10506000007ADCE7803B0020F87C0020685E0308C3
:10507000700000200000000030B5494B93ED077A26
:10508000D3ED007A2DED028BF0EE400AB1EE470A27
:10509000F4EEC07AF1EE10FA83B008D4F4EEC77AD9
:1050A000F1EE10FAD4BFB0EE670AB0EE470A3D4AFF
:1050B0003D4BD2ED027A30EE670A03F11C04A3ECFB
:1050C000010AD3ED007AF5EEC00A67EE807AF1EEC0
:1050D00010FAC4ED007A5CDDF7EE007A87EEA08A64
:1050E000324B1B78002B3CD03148314DCDED010ABD
:1050F000F5F76EFC20EE080ADDED010A05ED020A67
:1051000005F58A70F5F7D0FCA5F10803294AD4ED1E
:10511000007A92ED007A284983ED000A20EE077AA2
:1051200091ED006A82ED047A77EE277AFFEE006A4D
:1051300067EE867AF4EEE67AF1EE10FA2CD4B7EE4A
:10514000007AF4EEC77AF1EE10FAC8BFF0EE477AB3
:10515000F1EE677A194BC3ED007A03B0BDEC028B18
:1051600030BD1748F5F7A0FC1648D0ED007A80ED69
:10517000000A70EE677A034667EE887A04330C30D3
:10518000B0EE670AC3ED007A0193F5F7C7FB019B08
:10519000BCE79FED0D8AA3E7F7EE007ADAE700BFE0
:1051A0001C410020F87C002020410020685E03089C
:1051B000544100203441002070000020A44300200E
:1051C00068420020484100200000000030B5384C03
:1051D000384B4FF42E7505FB004583B0D3ED000A24
:1051E00095ED000A0190F5F74DFD334B019895EDD3
:1051F0000D6A03EB8003D3ED007AB5EEC00AF1EE41
:10520000677AF1EE10FAC5ED0C7A67EE867A45D42E
:10521000B0EE405A294BD3ED005AC5EE256AB7EEE1
:10522000007A77EE666AF5EEC06AF1EE10FA3BD4CA
:10523000F4EEC76AF1EE10FAD8BFB0EE667A4FF41A
:105240002E7303FB0043D3ED126A1D4A67EE877A83
:1052500020EE260AB0EE677AA6EE007A92ED006A9A
:10526000C3ED137A67EE067AFFEE006AF4EEE67A93
:10527000F1EE10FA15D4B7EE007AF4EEC77AF1EE3B
:1052800010FAC8BFF0EE477AF1EE677A4FF42E734A
:1052900003FB0044C4EDAD7A03B030BDB1EE405A1B
:1052A000B8E7F7EE007AF1E79FED067AC7E700BFAF
:1052B000803B0020B4380020F87C0020B838002063
:1052C00070000020000000002DE9F04FC14E2DEDD0
:1052D000028B3368022B93B0B0EE408A00F0558108
:1052E000DFF83093BC4C09F5AE68CA464D46D4EDA4
:1052F000000A95ED000AF5F7C5FCD5ED086A95EDB5
:10530000AB7AA0EE267AF1EE667AB4EEE77AF1EEA9
:1053100010FA40F1FF80C5ED027A05F52E7545457E
:10532000E5D1AE4D2B78012B00F01582AC4FFB7907
:10533000D80700F1CA80AB4B93ED000AAA4BD3ED1E
:10534000028AF9F7F5FB0DF1180B38EE801AA74B1E
:10535000DAED020A9AEDB00A83ED001A5846F7F723
:1053600077FA0DF1380A2B78012B08D0B0EE480AF5
:105370000AA8FBF75DFB0090002840F0E781594642
:105380005046F7F7F3F900230093DDED118A0F9AE9
:10539000CDED058AFB790492D907109A039240F16A
:1053A000AA812B783268012B14BF4FF0020A4FF00C
:1053B000010A012A00F03081012B8D4A0DF10C0BFE
:1053C0004FF0000617D0DBED007A77EEA77AF5EE06
:1053D000C07AF1EE10FA00F1FA80012392F9001080
:1053E000002900F0B680994200F0B380DFED817AA9
:1053F0001370C9ED067A022E30D0DBED007A99EDFC
:10540000046A99ED067AD9ED126A77EEA77AA7EECB
:10541000867AF1EE667AF4EEC77AF1EE10FA73DC72
:10542000B4EEE67AF1EE10FAD8BFF0EE476A0192D8
:10543000B0EE480AC9ED0B6A30460136FFF76EFD43
:10544000B2453DD32B78019A012B09F52E7902F153
:1054500001020BF1040BB6D1022ECED1FB79DB0792
:1054600003D5009B002B00F0E081634B634AD3ED32
:10547000007A93ED027A624BD2ED006A78EEA88A48
:10548000A8EEA77AD3ED007AF4EEE76AF1EE10FA0F
:10549000D8BFF0EE667AF1EE676AF4EEC76AF1EE15
:1054A00010FA00F34681B4EEE77AF1EE10FAD8BFB5
:1054B000F0EE477A43ED077AB0EE480AFFF7DCFDDD
:1054C00013B0BDEC028BBDE8F08F4E4BDAED020A53
:1054D0001B680A934C4B9AEDB00A1B680B934B4B1D
:1054E0009FED441A1B680C93494B0DF1380A1B6859
:1054F0000D9350460DF1180BF7F7AAF952460AA979
:105500005846F7F7C9F82EE70192B0EE480AC9ED00
:105510000B7A91E7D4ED000A95ED000AF5F7B2FB9E
:10552000D5ED087A95EDAB7AA0EE277AF4EEC77A3E
:10553000F1EE10FA3FF5EFAED4ED000A95ED000A5A
:10554000F5F7A0FBD5EDAB7A95ED087AE0EE077A9A
:10555000E1E6D9ED056A99ED067A67EEA67AD9ED0E
:10556000076AA8EE277AF1EE667AB4EEE77AF1EEF2
:1055700010FA3FF53DAFB4EEE67AF1EE10FAD4BF83
:10558000F0EE477AF0EE667A32E7144B1C78012C85
:1055900000F0F1801F4D104C002695ED000AD4ED6F
:1055A000000AF5F76FFBD5ED127AB0EE407A67EEA0
:1055B000877A022EC5ED0B7AB0EE480A304605F523
:1055C0002E7500F0BC80FFF7A9FC0136E5E74FF02F
:1055D000FF3303E7D0380020B4380020B18E00201C
:1055E0003C7D0020CC380020E07C0020F8400020EA
:1055F00070380020000000000041002070210020D1
:1056000038410020C00F0020BC0F0020B80F002040
:10561000B40F0020803B0020964B93ED006A964B20
:10562000D3ED006AC6EE267AB7EE007A77EE677A97
:10563000F5EEC07AF1EE10FA7ED4F4EEC77AF1EE10
:1056400010FAD8BFB0EE677A8C4E009B86ED007AD8
:10565000002B00F09B804FF0000B0DF10C08002593
:10566000D8ED007A99ED046A99ED127AC9F818B06C
:1056700077EEA77AF1EE478A67EE867A022DF4EE8E
:10568000E78A08BFFB79D6ED006AF1EE10FA08DC74
:10569000F4EEC77AF1EE10FAD4BFF0EE678AF0EEBE
:1056A000478AD4ED000A99ED000ACDED006AF5F7BE
:1056B000E9FAD6ED007A99ED127AF7EE006A76EE05
:1056C000E77A20EE077ADDED006A67EE877A022D31
:1056D000E6EEA87A08F10408B0EE480AC9ED0B7AA4
:1056E0003FF4EAAE28460135FFF718FCAA4509F554
:1056F0002E79B5D2E4E6F6F7AFF9B5EEC00AF1EED1
:1057000010FA0CD45E4B9FED5F7AD3ED007AF0EE89
:10571000E77AF4EEC77AF1EE10FA7FF742AEDFEDEA
:105720005A7A5A4BCDED057AF0EE678AC3ED007ACE
:1057300037E643ED076ABFE69FED537A84E713B07F
:10574000BDEC028BBDE8F04FFFF796BC0AA95046AE
:10575000F7F70CF819E64A4BDAED020A9AEDB00AAF
:1057600093ED021A4A4F0DF1180B5846F7F770F8EF
:105770000DF1380AF7E50020FFF728FD204613B0A9
:10578000BDEC028BBDE8F04FFFF720BD1D460DF1CB
:105790000C0BDFED3D7A022DC9ED067A53D0DBED1F
:1057A000007A99ED046A99ED127AD6ED006A77EEE7
:1057B000A77AF1EE478A67EE867AF4EEE87AF1EEA0
:1057C00010FA08D4F4EEC77AF1EE10FAD4BFF0EE76
:1057D000678AF0EE478AD4ED000A99ED000ACDED14
:1057E000006AF5F74FFAD9ED127A96ED007AF7EEE6
:1057F000006A60EE277A36EEC77ADDED006A67EE62
:10580000877A022DE6EEA87A0BF1040BB0EE480A77
:10581000C9ED0B7A3FF450AE28460135FFF77EFB09
:10582000554509F52E79B4D94AE6D4ED000A98ED2C
:10583000000AF5F727FA174BD3ED077A67EE807A5F
:10584000C3ED007A38E6FB79DA07A8D5D4ED000A73
:1058500098ED000AF5F716FA0E4BD3ED077AB0EE85
:10586000407A67EE877AB0EE480AC3ED007AFFF718
:1058700003FC25E6E82F0020B83800209C0000201B
:10588000E07C0020508DA73F000000000841002070
:105890003C7D00201C410020F0B52DED028B7D4C9D
:1058A0007D4D7E4F83B0B0EE408AF3F77FFBF6F775
:1058B000D3F894EDB67AD4ED087AB4EEE77AF1EE47
:1058C00010FAF0EE408A9FED760AD8BFF0EE477AE4
:1058D00027EE800A1BF056FEF4EEC08A2B78F1EE1C
:1058E00010FACCBF0122002262F304132B7004F5DE
:1058F000AE66D4EDAC0A94EDAB0A97ED001AF0EE6B
:10590000481AF5F7D7F904F52E74A64204ED030AF8
:10591000EFD1644C2378012B37D013F0FD0F08D062
:10592000B0EE480A03B0BDEC028BBDE8F040F7F7DB
:105930005BB9002B70D05C4BB7EE000AD6ED007A55
:1059400083ED000AF5EEC07AF1EE10FA00F18E80D8
:10595000564AEB7992ED007AB4EEE77AF1EE10FA5E
:105960004CBF0122002262F30003EB71EB79DE07EA
:1059700013D54F4B4F4918684F4B086000221A70DF
:10598000B0EE480AFFF7A0FCCAE70220FFF71EFCB2
:10599000B0EE480AFFF798FCC2E7484B1B78002B93
:1059A000EED0AB78180708D42B78590705D4EB78DC
:1059B000DA0702D4EB795B06E2D5414A2378D2EDCF
:1059C000007A002B55D13C4B1A78002A55D03D4C1B
:1059D00094ED000A37EEC00AF5F72CF997ED007A3E
:1059E00028EE077AF1EE477AB4EEE70AF1EE10FA04
:1059F00008D4B4EEC70AF1EE10FAD4BFF0EE407A44
:105A0000F0EE477A94ED007A2A4B77EE877AC4ED70
:105A1000007AC3ED007AB3E72B4B1B78052B8AD1B4
:105A2000FAF7FEFF002886D1F6F716F8F7EE007AAF
:105A300087EE807AB4EEE77AF1EE10FA26D4DFED45
:105A4000237AB4EEE77AF1EE10FAD4BFF0EE470A0B
:105A5000F0EE670A144B9FED1D1A93ED000A0193B7
:105A6000F0EE481AF5F726F9019B67E7F1EE677A41
:105A70006EE7104BC3ED007A82E70D4A114C92EDB0
:105A8000000A012284ED000A1A70A3E7F0EE670A0B
:105A9000E0E700BF803B00203C7D0020702100201B
:105AA0009A99593FB18E0020A0000020B438002000
:105AB00088BD0020CC38002058380020473800200E
:105AC0003C21002054380020387D002057429C3F64
:105AD00008B5064B1A2118780EF0ACFB04480549AE
:105AE000054A002303600B60136008BD709000201E
:105AF00000060020CC7F0020C8380020084808B5E8
:105B000003781BB9074B01221A7008BD064B0430FD
:105B1000197806F00BFE034B01221A7008BD00BF76
:105B20003C7A0308AA43002081750308094808B598
:105B300003781BB9084B00221A7008BD074B19786F
:105B4000B1FA81F10430490906F0F0FD024B002260
:105B50001A7008BD3C7A0308AA4300208175030827
:105B60003422064B02FB00F01A5C02B97047044A6B
:105B700004301178184406F0D9BD00BF6C790308D1
:105B8000827503083422074B02FB00F01A5C02B94D
:105B90007047054A11780430B1FA81F11844490977
:105BA00006F0C4BD6C790308827503083422054BE6
:105BB00002FB00F01A5C02B970470430184406F08A
:105BC000BDBD00BF6C79030810B5174C23784BB9E5
:105BD00094F834307BB994F86830ABB994F89C30C1
:105BE000DBB910BD114B201D197806F09FFD94F80C
:105BF0003430002BEFD00D4B0D48197806F096FD90
:105C000094F86830002BE9D0084B0A48197806F060
:105C10008DFD94F89C30002BE3D0044B0648197896
:105C2000BDE8104006F082BD6C7903088275030858
:105C3000A4790308D87903080C7A030810B51D4C21
:105C400023784BB994F8343093B994F86830DBB9C1
:105C500094F89C3023BB10BD174B1978B1FA81F131
:105C6000201D490906F062FD94F83430002BECD079
:105C7000114B12481978B1FA81F1490906F056FD25
:105C800094F86830002BE3D00B4B0D481978B1FA2B
:105C900081F1490906F04AFD94F89C30002BDAD0D6
:105CA000054B08481978B1FA81F1BDE8104049095F
:105CB00006F03CBD6C79030882750308A4790308DB
:105CC000D87903080C7A030810B5504C82B02278BA
:105CD0000346002830D002BB012B94F834200DD1AC
:105CE000002A65D194F868308BB1494B494819783E
:105CF000B1FA81F1490906F019FD08E0002A40F0E7
:105D00008280022B4FD194F86830002B75D194F823
:105D10009C30002B31D102B010BD3D4A009011786B
:105D2000B1FA81F1201D490906F000FD009B94F8AD
:105D30003420012BD4D0E1E7002A47D194F8342055
:105D400032BB94F86820002AE1D0314A11783148FA
:105D50000093B1FA81F1490906F0E8FC009B032B9E
:105D6000D5D194F89C30002BD5D0294B2A481978EE
:105D700002B0BDE8104006F0D9BC254B2648197882
:105D8000B1FA81F1490902B0BDE8104006F0CEBC7D
:105D90001F4A00901178B1FA81F104F138004909E5
:105DA00006F0C4FC009B94F86820002AD7D0CCE70A
:105DB000174A1A4811780193009206F0B7FC94F83C
:105DC0006810DDE900230029A1D0BFE7104A019047
:105DD00011780092201D06F0A9FC94F83410DDE93A
:105DE00000230029DFD011780C480093B1FA81F12B
:105DF000490906F09BFC009B83E7054B0548197891
:105E000006F094FC83E7024AEDE700BF6C790308D3
:105E100082750308D87903080C7A0308A47903086B
:105E200008B52C20FBF720FC00B908BD4FF47A71AF
:105E30002C20FBF7C3FB164B164A1B883421D8B223
:105E400001FB00F0115CA9B901339BB2032B88BFA1
:105E500000231846342101FB00F00D490B80135C30
:105E6000002BE2D00C4B043019781044BDE80840F8
:105E700006F05CBC084B19780430B1FA81F110448B
:105E8000490906F053FC024B024A1B88DCE700BFBD
:105E9000A84300206C790308827503082DE9F041BE
:105EA000604B614C187882B013210EF0C3F927784B
:105EB000002F6ED194F83450002D45D194F86880AD
:105EC000B8F1000F4DD194F89C4074B9002F7ED1E9
:105ED000002D40F0968055480378002B2BD1544B71
:105EE00000221A7002B0BDE8F081524E3378524859
:105EF0000193B3FA83F1490906F018FC019B002FC6
:105F000072D1002D57D1B8F1000F09D02546317854
:105F10004A48B1FA81F1490906F008FC002DDAD0AF
:105F200031784548B1FA81F1490906F0FFFB3F4855
:105F30000378002BD3D0424B1978B1FA81F10430A9
:105F4000490906F0F3FBCAE73A4E3E483178B1FA08
:105F500081F1490906F0EAFB94F86880B8F1000F76
:105F6000B1D0344E354833780193B3FA83F14909FF
:105F700006F0DCFB94F89C40002CB7D1019B8FB954
:105F8000002D47D1B3FA83F12C48490906F0CEFB26
:105F9000A1E7284E3178B1FA81F1201D490906F0B8
:105FA000C5FB87E7B3FA83F12748490906F0BEFB32
:105FB000C5B90025ABE7254631782248B1FA81F111
:105FC000490906F0B3FBB8F1000FA7D09FE7194EBF
:105FD0001D483178B1FA81F1490906F0A7FB002D7F
:105FE0003FF479AF0025E7E7B3FA83F11648490992
:105FF00006F09CFB002DDED12546B8F1000F8DD0B8
:1060000085E70C4B0F481978B1FA81F1490906F080
:106010008DFB60E7B3FA83F10A48490906F086FB75
:10602000C7E700BF709000206C7903083C7A030832
:10603000AA430020827503080C7A0308D879030864
:1060400081750308A4790308707903084FF0E022F2
:10605000034B9169034A1960136801331360704759
:10606000B0430020B4430020704700BF2DE9F04F3B
:10607000074689B03E687C4B7C4C9D6ADA6A586B57
:106080009B6B7B490290B0467E6820780192B146B6
:10609000BE680393B246FE68B3463E6904967E69C5
:1060A0000596BE690696FE6907960DF055FD2078A7
:1060B0000DF044FD26786F4930460DF04DFD294620
:1060C00030460DF057FD30460DF038FD26786A4910
:1060D00030460DF041FD019930460DF04BFD304644
:1060E0000DF02CFD2678654930460DF035FD0299FE
:1060F00030460DF03FFD30460DF020FD267860491A
:1061000030460DF029FD039930460DF033FD304641
:106110000DF014FD20780DF011FD002D77D12578BC
:10612000584928460DF018FD394628460DF022FD45
:1061300028460DF003FD2578534928460DF00CFD47
:10614000414628460DF016FD28460DF0F7FC25784F
:106150004E4928460DF000FD494628460DF00AFD3F
:1061600028460DF0EBFC2578494928460DF0F4FC53
:10617000514628460DF0FEFC28460DF0DFFC257840
:10618000444928460DF0E8FC594628460DF0F2FC3B
:1061900028460DF0D3FC25783F4928460DF0DCFC5D
:1061A000049928460DF0E6FC28460DF0C7FC25783A
:1061B0003A4928460DF0D0FC059928460DF0DAFC46
:1061C00028460DF0BBFC2578354928460DF0C4FC67
:1061D000069928460DF0CEFC28460DF0AFFC257838
:1061E000304928460DF0B8FC079928460DF0C2FC4E
:1061F00028460DF0A3FC20780DF0A0FC41F2883079
:10620000FBF772F909B0BDE8F04F02F063BD2078EA
:1062100025490DF0A1FC2678244930460DF09CFC60
:10622000290C30460DF0A6FC30460DF087FC267890
:106230001F4930460DF090FCC5F3072130460DF0A4
:1062400099FC30460DF07AFC26781A4930460DF05C
:1062500083FCE9B230460DF08DFC30460DF06EFC4B
:1062600020780DF06BFC5AE700ED00E07090002004
:10627000D85E0308E45E0308EC5E0308F45E0308DE
:10628000FC5E0308245F03082C5F0308345F0308E7
:106290003C5F0308445F03084C5F0308545F030836
:1062A0005C5F0308645F0308045F03080C5F030876
:1062B000145F03081C5F03081EF0040F0CBFEFF30C
:1062C0000880EFF30980DFF8041008476D600108CB
:1062D000704700BF704700BF704700BF704700BFE6
:1062E000704700BF704700BF08B5084804211AF086
:1062F000A7F9012800D008BD0020FFF757FCBDE832
:106300000840024804211AF0A7B900BF0004014068
:106310001F4B1B7803B170471E4B5A8B10B54FF0C3
:106320008040114614461AF08BF90128194B00D011
:1063300010BD1B8B0C2B08D8DFE803F024070707E0
:106340001E07070718070707120000200021FBF7A8
:10635000F9FB21464FF08040BDE810401AF07CB9AF
:106360004FF080401AF050F980B2EFE74FF08040D4
:106370001AF048F980B2E9E74FF080401AF040F98E
:1063800080B2E3E74FF080401AF038F980B2DDE7E1
:1063900084000020187E030808B5074801211AF080
:1063A0004FF900B908BD062000F0EAF9BDE8084041
:1063B000014801211AF050B9000C004008B50C4901
:1063C0000C481AF0EFFA00210A481AF0B9FA0A4A02
:1063D0000A4B52880A495A805A884B8812B21BB21B
:1063E0009A4200D108BDBDE80840012000F0CEB8B7
:1063F00000800028B86402402C6000203C6000202F
:106400004C60002008B50C490C481AF0CBFA00216A
:106410000A481AF095FA0A4A0A4B92880A499A8061
:106420009A888B8812B21BB29A4200D108BDBDE88F
:106430000840022000F0AAB800802020A06002409E
:106440002C6000203C6000204C60002008B50C4906
:106450000C481AF0A7FA00210A481AF071FA0A4A01
:106460000A4BD2880A49DA80DA88CB8812B21BB28A
:106470009A4200D108BDBDE80840032000F086B86C
:1064800000800018586002402C6000203C60002012
:106490004C60002008B50C490C481AF083FA002122
:1064A0000A481AF04DFA0A4A0A4B12890A491A8117
:1064B0001A890B8912B21BB29A4200D108BDBDE8FD
:1064C0000840042000F062B8208000207060024084
:1064D0002C6000203C6000204C60002008B50C4976
:1064E0000C481AF05FFA00210A481AF029FA0A4A01
:1064F0000A4B52890A495A815A894B8912B21BB2F6
:106500009A4200D108BDBDE80840052000F03EB821
:1065100000800028B86002402C6000203C60002011
:106520004C600020012000F0B5BA00BF022000F04E
:10653000B1BA00BF032000F0ADBA00BF034B044A5C
:106540001B881380042000F0A5BA00BF004C004057
:10655000AC430020052000F09DBA00BF012005F0EB
:106560000FB900BF012005F085B900BF022005F07A
:1065700007B900BF022005F07DB900BF032005F078
:10658000FFB800BF032005F075B900BF2049214ABC
:1065900030B50446342000FB041132F81430886A08
:1065A0001D49A50205FA83F30B441C4D83B0C3605B
:1065B00035F8141032F8143009B21BB2994214DDC8
:1065C00035F8141032F814300190C91A89B21AF053
:1065D000C1F9134B35F81420019823F81420012138
:1065E00003B0BDE830401AF0ABB932F81410019096
:1065F000C1F5806189B21AF0ADF9094B019800220A
:10660000012123F8142003B0BDE830401AF098B9F6
:10661000007803083C6000205C6000204C60002093
:106620002C600020F0B5184F184D37F8102035F8C1
:10663000103012B21BB29A4283B023D0144E0446DB
:1066400006EB802616E035F814301BB2F35C8DF8AB
:10665000073009F023F935F814300133C3F3090387
:1066600025F8143037F8142035F8143012B21BB264
:106670009A4207D007F0D8FD034601210DF107002B
:10668000002BE0D103B0F0BD4C6000203C60002046
:106690005C60002000B583B0C8B10628034613D063
:1066A000144A342101FB002292F82010B1B912499A
:1066B000124A31F8130032F8133000B21BB2C01A7C
:1066C00018BF012003B000BD002003B000BD09F0D9
:1066D000B7F8B0FA80F0400903B000BD0190106B2C
:1066E0001AF03AF9044A019B0449C0F5806022F887
:1066F0001300DEE70078030804440020F443002080
:1067000000B583B000228DF8072040B30628034669
:1067100002D1104603B000BD1549164831F81320C8
:10672000DFF854C012B200EB8320805C31F81320F4
:106730000132C2F3090221F813203CF8132031F88A
:106740001310DFF838C0521A3CF8131092B209B295
:106750008A42C0B2DEDD2CF8132003B000BD0DF17B
:10676000070009F075F89DF8070003B000BD00BFF1
:10677000F44300201444002004440020DC430020A3
:1067800008B5334B1A78002A4ED0324A1278092ABB
:106790004BD9314B314933F8102031F8103012B257
:1067A0001BB29A424FD031F810302D4A1BB202EB87
:1067B00080224FF0010CD35C31F810200132C2F37B
:1067C000090221F81020274A6FEA530101F0010164
:1067D000D84391806FEAD30100F0010001F001017C
:1067E000508011816FEA93006FEA531100F00100AD
:1067F00001F00101D08091816FEA13106FEA9311CB
:10680000DB0983F0010300F001001382114B50817A
:106810000020187001F00101BDE80840A2F800C096
:10682000D181508206F00EBC08BD0E49181D11F82A
:10683000121005F07BFF074A137801331370BDE88F
:10684000084006F0FFBBBDE8084006F0FDBB00BFF6
:10685000E47D0308A80000204C6000203C6000207C
:106860005C600020C043002030B57F4CDFF81CE2A4
:10687000225C034608469EF80010424083B0E25472
:1068800000296BD0002B71D0062B41D0774C784972
:1068900034F813200D4631F813100132C2F3090207
:1068A00009B2914200F091807249DFF8E4E100936F
:1068B0004FF0340C0CFB031134F813C00EEB832E95
:1068C0000FFA8CFC0EF80C0024F8132091F820200D
:1068D000002A6FD14868012240F227711AF054F95A
:1068E000009B34F8132035F81310634C521A02F54C
:1068F000806034F8131012B200B232EA220228BFCC
:10690000024609B2914201DA24F8132003B030BDE7
:106910005A4B1B78002BF9D0544C554AA389154685
:1069200092890133C3F3090312B293425BD0A28967
:10693000DFF85CC152490CFA82F202F5C0521070C5
:10694000A3810B78092B54D8A2894B4B2A469289F4
:106950009A891204DAD500229A81D7E7CDE900039B
:10696000F2F79EFCDDE90003002B8DD13F49404C3E
:106970000B8822880133C3F3090312B29A422BD049
:106980000A88DFF80CC112B20CF802000B800B88E9
:10699000228839489B1A03F5806102881BB209B22C
:1069A00033EA230328BF0B4612B29A42AEDA0380C1
:1069B00003B030BD886A19F0D3FF009B002890D146
:1069C0001846FFF7E3FD009B8BE72E49CA5C42F0B7
:1069D0000102CA5403B030BD2A4A137843F00103C0
:1069E000137003B030BD274A937943F001039371CC
:1069F0008CE7AB890CFA83F303F5C0531B78AA89A3
:106A00000132C2F30902AA81D8431F4A00F00100F3
:106A100050806FEA530000F0010090806FEA93000D
:106A200000F00100D0806FEAD30000F00100108177
:106A30006FEA131000F0010050816FEA531000F06C
:106A4000010090816FEA9310DB0983F00103138248
:106A5000012300F0010013800023D08153820B70CA
:106A600006F0F0FA70E700BFB84300204C60002049
:106A70003C600020007803081C600020E47D0308CF
:106A8000A800002014600020C0430020FEA00020C9
:106A90005C60002038B5334B342202FB00330446DF
:106AA0005D6840F2255128461AF088F8012822D066
:106AB00040F2277128461AF081F8012800D038BD2D
:106AC000294A2A4B32F8141033F8142009B212B2B2
:106AD00091422CD133F81420234B33F8143012B2E6
:106AE0001BB29A42EBD128460022BDE8384040F262
:106AF00027711AF049B828461AF038F81C4B1B5D6C
:106B0000002BD5D01B4B1B689C42C0B222D01A4A26
:106B10001A4932F8143001EB84211BB2C85432F800
:106B200014300133C3F3090322F81430C0E733F8FB
:106B30001420134912B201EB84212846895C1AF013
:106B400011F80A4B33F814200132C2F3090223F87A
:106B50001420BFE70B4B9B795B07A9D5FBF734FAF1
:106B6000A6E700BF007803084C6000203C600020CE
:106B7000EC430020749000200444002014440020C2
:106B80005C6000203C7D002010B52D4CC8211D20EC
:106B9000FAF714FD2B4BD4F8FCC0D4E936011A46A1
:106BA000E2E8050194ED3C7BD4F8E400106003F5C5
:106BB000A66181ED007B03F24452D4E94201C2F8A0
:106BC00000C003F5266203F67423C2E90001D4F87D
:106BD00014211A60FAF7BEFB0B461B4902460968EE
:106BE0000D20C4E91023FAF7E9FC94ED247AF6EEBF
:106BF000007AB4EEE77AF1EE10FA1DDDD4ED380A32
:106C000094ED3E0AC4ED277A1AF0AEFB84ED250A16
:106C1000F7F7C4FD0D4BDA7942F00202DA71DA7946
:106C200042F00802DA719A7942F010029A711A78E9
:106C300042F040021A7010BD054BC4F89C30E7E7E3
:106C4000E8A8002090160020E0A800203C7D00204D
:106C50000000A0402DE9F047DFF830C12DED028B98
:106C6000BCE80F0094B008AC0FC4BCE80F000FC420
:106C70009CE80F0084E80F00414B1B78052B08D0DF
:106C8000DFED407AB0EE670A14B0BDEC028BBDE8D0
:106C9000F0873D4B9FED3B8A93ED006B03F5A662B9
:106CA0008DED046B92ED006B8DED066B08AC6069A9
:106CB000F1F70AFBD4E90023CDE90201DDE9040183
:106CC000F1F7A2F994ED047A27EE077A074677EEFA
:106CD000077A884617EE900AF1F7F6FAD4E902230C
:106CE00005460E46DDE90601F1F78EF93A46814682
:106CF0008A46434638464146F1F73EFB2A4633462C
:106D0000F1F764FC4A4607468846534648465146D2
:106D1000F1F732FB2A463346F1F758FC02460B46A0
:106D200038464146F1F772F901F1004300900193B2
:106D30009DED000B1AF0A0F9DDE9020153EC102BD8
:106D4000F1F71AFB054618EE100A0E46F1F7BCFAE9
:106D50000B46024631462846F1F758F9F1F7E4FDB3
:106D6000183407EE900A14ABA342B0EE678A9ED1A6
:106D7000B0EE670A14B0BDEC028BBDE8F08700BF2F
:106D8000387D002000000000901600208059030884
:106D90002DE9F04F2DED088B204B214A1B78214D1A
:106DA00012F903B0542303FB0B5393ED01AA8BB0EC
:106DB000F7EE007A1D20C7EE8A8AB0EE408AFAF715
:106DC00053FC002840F08886542303FB0BF3EA1899
:106DD00015F80390B9F1010F00F0D883B9F1000F55
:106DE00030D0B9F1030F00F0DF86DFF850A0DFF8F4
:106DF00050800D4E0023CAF80030C8F80030F378F8
:106E00001B0740F17D86094B094C1B78094F0A4D41
:106E1000052B40F04C8100F04CBD00BFF500002078
:106E200088610308A46103083C7D0020387D0020B0
:106E3000E8A80020F87C00206C7C0020607C00200A
:106E4000687C0020E64AE74BD2ED007A93ED007AA9
:106E5000E54AE64BD2ED006A67EE877A93ED007A59
:106E6000A7EEA67AB5EEC07AF1EE10FA00F14486EC
:106E7000F7EE007AB4EEE77AF1EE10FAD8BFF0EE52
:106E8000477A542303FB0B5393ED147AD84ADFF867
:106E9000B883D2ED009AD3ED045AD8ED006A38EEEB
:106EA000077A77EEE97A88EE076AF5EEC06AE6EED1
:106EB000279A9FEDE87AC2ED009A29EEA59AF1EEA5
:106EC00010FAF0EE49AAEAEE47AAB0EE65BA00F170
:106ED0003886F7EE007A26EEA66A9FEDC67AC64B94
:106EE000DFF868A3CDED006A67EEC67A93ED001B6C
:106EF000E7EE87AA03F5A663C04FC14C6AEEA8AAC5
:106F000093ED000BCAED00AAFFF7A4FE9FEDBD7A3A
:106F1000DDED006AD4F8902020EE077A5423AAEE23
:106F2000887A03FB0B53D3ED02AAB74B37EE267AD0
:106F30006AEEAA6AB2EE086A66EE8A6AB7EE085A84
:106F400086EE26AAF0EE045A8AEE056ACAEE255AA3
:106F5000F5EE007A88ED007A6BEE277A93EDAD7A44
:106F6000D7ED006AA94B27EE877AF5EEC06A27EEC7
:106F70002A7AF1EE10FA27EE067AF0EE65BA27EEDD
:106F8000297A1A6000F10C86F0EE005A26EEA66A05
:106F90009F4ECDED007AA6EE257A9E4DE8EE476A2B
:106FA000C7ED006A96ED000A1AF02CFB95ED016A18
:106FB000DDED007AB5EEC06AF1EE10FA29EE007A46
:106FC00000F1EA85F7EE005A66EE066A9FED895AEF
:106FD000914B65EEE65AD7ED016AA5EE857AF5EE9E
:106FE000C06A27EE287AF1EE10FAA8EE076A93ED50
:106FF000007A85ED016A67EE877A67EEAA7A67EE16
:107000008A7A67EEA97A00F1C385B0EE006A26EEAF
:10701000A67A96ED010AE7EE067AE8EE676AC7ED12
:10702000016A1AF0EFFA95ED046AB5EEC06AF1EE66
:1070300010FA29EE007A00F1A785F7EE007A66EEE5
:10704000066ADFED6C5A754B67EEE67ADFED746A1F
:10705000A7EEA57A6BEE267A27EE287AD7ED026A9C
:10706000A8EE076A93ED007A85ED046A67EE877AE9
:10707000F5EEC06A67EEAA7AF1EE10FA67EEAB7A27
:1070800067EEA97A00F17C85B0EE006A26EEA67A5A
:10709000644EE7EE067AE7EEC86AC7ED026AF37857
:1070A0001A0704D5604B1B78052B00F01A86F9F7F8
:1070B000B7FC38B1D7ED007A9FED5C7A77EE877A2E
:1070C000C7ED007ADFF888B198ED007ADBED007A41
:1070D000E7EE087AFEEE006AF4EEE67AF1EE10FAD8
:1070E000CBED007A40F11185DFED517AB0EE677A91
:1070F000C8ED007ACBED007AB9F1030F00F00B85F3
:10710000374BDFED406AD3ED007A384B93ED006AE0
:1071100077EE867AF4EEE67AF1EE10FA40F1158514
:107120007378DFED437A434ACBED007A23F0800396
:10713000C8ED007ACAED007AC7ED007AC7ED017A92
:10714000C7ED027A7370B37823F00103B3702E4B4E
:107150000A211170C3EDAD7A03F26C52B9F1010F3F
:1071600003F62403C2ED007AC3ED007A00F0BC857B
:107170009FED310AC5ED017AF0EE670AC5ED047A9C
:107180000023C4F8F830C4F8E0302C4B2C4993EDC0
:10719000001A2C4DB1EE411AA1F11800F3F7BCFC16
:1071A000F6EE007AD7ED024A97ED007AD5ED023A75
:1071B00097ED015A95ED003AD5ED012A95ED034A78
:1071C00068EE277A67EEA44A27EE855A24EEA36A72
:1071D00067EE877AA5EE036A63EEE75A3CE000BFEC
:1071E000B0380020A0000020A4000020C8380020F3
:1071F0005C7C0020C7FAD03D90160020F87C00206F
:10720000E8A800200AD7233C803B0020DC2F002088
:10721000E07C00206C7C0020EC400020A443002097
:107220008FC2753C3C7D0020387D00200ADA643A2C
:1072300000000000473800200000008088BD0020CA
:10724000E0A90020AC000020687C0020607C0020C9
:10725000647C00200AE81C4162EEE46AE2EEC55A52
:10726000A7EEC46AE7EE836AE4EEC45A27EEA27A78
:1072700036EE226AF0EE477AB0EE667A75EE835A01
:10728000E4EE837AA5EE047A26EE060A37EE237A38
:10729000A5EEA50AE5EE637AA7EE070A77EE847AF3
:1072A000C5ED005AA7EEA70A85ED016A85ED027AC1
:1072B000C5ED037AF3F71EFCD5ED037AD5ED005A40
:1072C00095ED016A95ED027ADAED003A60EE255A05
:1072D00020EE066A20EE077A20EE270A25EE86AA1F
:1072E00025EE875A65EEA56A66EE06AA66EE009A56
:1072F00067EE007A67EE070A39EEC54A7AEE274A4A
:1073000025EE802AC5ED005A85ED027A66EE075A11
:1073100036EEEA7A68EE898A20EE001A34EE044AE4
:1073200074EEA44A37EE603A85ED016A1FED376AC4
:1073300094ED3E9A85ED030AB9F1010F64EE282A17
:1073400064EEA81A73EE863A33EE013AD4ED388A29
:1073500005D197ED026AE6EE492AE6EE281A814B3E
:1073600036EEAA6A77EECA7A72EE256A37EE207A8E
:1073700035EE295A36EE606A37EE417A77EEA77A13
:1073800075EEC25A76EEA66A36EE416A75EEA55AD9
:1073900066EEA16A27EE217A35EE055A67EEA17AEC
:1073A000E6EE226AA5EEA27AE5EE227AE4EE236A00
:1073B000A4EEA37AE3EE237ADBED009A9FED6A6AEE
:1073C000F4EEC69AF1EE666AB1EE477AF1EE677AAC
:1073D000F1EE10FAC3ED016A83ED007AC3ED027A93
:1073E00009DDF7EE007A78EE868A39EE679AC4ED09
:1073F000388A84ED3E9A68EE287A17EE900AF0F704
:1074000063FFD4E93623F0F701FE68EE097AC4E998
:107410003601CDE9000117EE900AF0F755FF02465C
:107420000B46D4E93C01F0F7F1FD28EEA87AD8ED3F
:10743000007AC4ED218AA9EE097AC4E93C01F1EE93
:10744000C76AF1EE677A9DED000BC4ED237AC4EDB7
:10745000457AC4ED447AC4ED246A84ED229AC4EDE1
:10746000398A84ED3F9AC4ED129A15F081FFD4E970
:1074700014232067C4F8D000D4E93C01F1F7A6F842
:1074800041EC100B15F074FF384B9BED006A1A7835
:10749000374B384983ED006A02EB420301EB83036B
:1074A000D3ED017A6067C4F8E800B4EEE76A3248C9
:1074B000F1EE10FA80ED016AC0F23583D3ED027A65
:1074C000B4EEE76AF1EE10FA94BF01200020B37821
:1074D00060F3C713B370B378DB0905D102EB420246
:1074E00001EB820393ED026A95ED015AD5ED007A26
:1074F000F378D5ED024AD5ED035A2048D8F80010AC
:1075000080ED006A25EE057A23F04003A7EEA77A06
:10751000F370337A1A48A4EEE47A43F0010333722D
:1075200065EEE76A67EEA47AE5EE246A7279154B98
:10753000E5EE257A42F00802A5EEE57A76EEA66A37
:1075400083ED007A77EEA77A72710F4A0160C3ED7E
:10755000016A1160C3ED027A0BB0BDEC088BBDE887
:10756000F08F00BF047D00200000000078A60020FE
:107570000411002080890308D87F00207CA6002009
:10758000B47F00207CBD0020B07F0020E34EF37864
:107590009F07C3F3400240F1A382E14B93ED009AB1
:1075A000F37898071ED4DF4BD3ED007AF5EEC07A5E
:1075B000F1EE10FA01D5F1EE677ADB4B93ED007A2C
:1075C000A7EE279AB5EEC09AF1EE10FA00F1858386
:1075D000D64BD3ED007AB4EEE79AF1EE10FAC8BFBD
:1075E000B0EE679AB5EEC09AF1EE10FA00F166833C
:1075F000F7EE007AB4EEE79AF1EE10FACCBF012272
:107600000022F7EE007A002A18BFB0EE679AC84B46
:10761000D3F8983207EE903A79EE677ABFEE00AA77
:10762000F4EECA7AF1EE10FA00F18882B7EE007A31
:10763000F4EEC77AF1EE10FAD4BFB0EE67AAB0EE5E
:1076400047AA3AEE077A542303FB0B5393ED056ADE
:10765000D3ED067AD3ED046A26EE077A29EE269A50
:10766000B4EEE77AF1EE10FA08D4D3ED077AB4EE6F
:10767000E77AF1EE10FAD8BFF0EE477AAD4B8DED18
:10768000046AC3ED007AAC4BCDED037AD3ED015A19
:10769000AA4CCDED005AB0EE650A19F073FFA84B65
:1076A000DFF8E082D3ED004AA64BD8ED00AA93EDB7
:1076B000005ADFF8D4A2542707FB0B5797ED137A33
:1076C000D7ED126A94EE857A94ED361BC7EE009AD8
:1076D00094ED3C0BE6EE8A9AC8ED009AFFF7BAFAF1
:1076E0009DED046A97ED0C7ADDED037A964B974F8A
:1076F000DDED005AB7EE005AC5EE066A79EE809AC3
:1077000079EEEAAAC8ED009A8AEE885A66EEA79A40
:1077100097ED006AD3EDAD6A8AED005A69EEA99A39
:1077200027EE267AB5EEC06AF1EE10FA27EE297A36
:1077300000F10182F0EE004A26EE065A844BD7EDA6
:10774000016AA5EE247AF5EEC06AA8EE476AF1EE6A
:1077500010FAF0EE46AA93ED006A4FF0540303FBD3
:107760000B5393ED0D7A27EE067A27EE297A00F176
:10777000DF81B0EE005A26EEA66AF5EEC07AA6EEDC
:10778000057AF1EE10FAE8EE476AB0EE66AA40F329
:10779000CC81704B93ED007AB1EE470AF4EEC05AFB
:1077A000F1EE10FA08D4F4EEC75AF1EE10FAD4BF95
:1077B000B0EE650AB0EE470ACDED007A19F05CFF35
:1077C000DFED656ADDED007A644B97ED027A20EE1D
:1077D000260AD3ED006A80EE276A542303FB0B537D
:1077E000D3ED0E5A37EE466A66EEA56AB5EEC06A6C
:1077F000F1EE10FA66EEA96A00F16C82F0EE005A22
:1078000026EE466AE5EE866AA6EE887A542303FBE6
:107810000B5393ED0F6AF1EE466AF4EECA6AF1EE8D
:1078200010FA08DCB4EEC6AAF1EE10FAD4BFF0EEFE
:107830004A6AF0EE466A542303FB0B5393ED106A39
:10784000C7ED016AF1EE466AF4EEEA6AF1EE10FA6B
:1078500008DCF4EEC6AAF1EE10FAD4BFF0EE6A6AC4
:10786000F0EE466A542303FB0B5393ED116AC7ED08
:10787000006AF1EE466AF4EEC76AF1EE10FA08DC2F
:10788000B4EEC67AF1EE10FAD4BFF0EE476AF0EE2D
:10789000466A334DC7ED026AF1EE677AC5ED017AAB
:1078A000F37819077FF503AC2E4B1B78052B7FF47B
:1078B000FEABDFF8D8B02C4BDFED2C9A93ED00AA8D
:1078C000DFED2B4ADBED003ACDED064A38EE0AAA91
:1078D000B0EE690AAAEE240A83ED00AACDED073ABC
:1078E00019F090FEDFED235AF0EE407A9FED220A68
:1078F000CDED055AB6EE005AAAEE250AF0EE69AAB9
:10790000E7EE85AA8DED045A19F07CFE9FED1B6A07
:10791000DFED1B6A8DED036A4AE000BF3C7D00206D
:10792000B0380020080600209C3800209038002045
:10793000B8810020DC2F0020E07C0020E8A8002097
:107940000006002080380020803B0020F87C0020CA
:10795000EC400020682100200AE81C41A4430020DC
:107960006C7C0020387D0020907C0020000000000E
:10797000FF545640BB8CFF409A99D93FC3F5A83EAF
:10798000C0308C41687C0020607C00209066030839
:10799000666646407B142E3E6666663F66662640F7
:1079A000CDCCCC3ECDCC0C40CDCC4C3F3333F33F93
:1079B000F0EE407A1FED0A0ACDED096AE7EE86AADD
:1079C000AAEE260A19F01EFE1FED0E7ADDED073A2B
:1079D00097ED004ADDED064A8DED007AF0EE6A7A09
:1079E000E0EE077ACDED084A67EEA37A1FED160A9E
:1079F000A8EE274AAAEE240A87ED004A9BED014A29
:107A00008DED074A19F0FEFDDDED055A5FED1D7A9B
:107A10009DED045AEAEE257AF0EE69AAE0EE05AA99
:107A2000B0EE670A8DED065A19F0ECFDDDED096A3E
:107A30005FED257A9DED036ACDED036AEAEE267AC5
:107A4000E0EE06AAB0EE670A8DED046A19F0DAFDE1
:107A50009DED007A9DED074ADDED084AD7ED017AEC
:107A60005FED303AE0EE07AAEAEE243A6AEE84AA25
:107A7000B0EE630AE8EE2A7AC7ED017A19F0C2FD8A
:107A8000DDED055A5FED387A9DED065ADBED02AA71
:107A9000EAEE257AE0EE059AB0EE670A19F0B2FD3B
:107AA000DDED036A5FED3F7A9DED046AEAEE267A2A
:107AB000E0EE069AB0EE670A19F0A4FD9DED007A9B
:107AC000D7ED027AE0EE079A69EEAA9AE9EE887A93
:107AD000C7ED027AFFF7EBBAFFF756F8FFF774B974
:107AE0008B4B1B78002B00F0EC80F3789FED899A8C
:107AF0009C073FF586AD56E5DFED867AFFF7C1B905
:107B0000854C864F864DFFF7D2BAF5EEC07AF1EE7E
:107B100010FA7FF6F1AA95ED010AD5ED040AB1EE4F
:107B2000400AFFF732BB0020D1E49FED7A7A6DE680
:107B3000B8EE005A1FE6F8EE004AFDE59FED757AB3
:107B400081E5FFEE007AFFF7C6B9DAED007AF5EECF
:107B5000C07AF1EE10FA4FF0000301D5CAF80030F8
:107B600095ED010AD5ED040AB5EEC07A0023F1EED9
:107B700010FA48BFC8F80030B1EE400AFFF705BB65
:107B8000B8EE006AFFF782BAFFEE007AFFF757BA45
:107B9000B8EE006AFFF73BBAFFEE005AFFF714BADF
:107BA000F8EE005AFFF7F2B95E4BD2ED076AD3ED5B
:107BB000007A92ED096A5C4B5C4A93ED007AD2ED53
:107BC000005AB5EEC07A77EEA57AF1EE10FA67EEBC
:107BD000A67A00F19980F0EE475A26EE256A27EE44
:107BE000467AE8EE077AF5EEC07AF1EE10FA00F187
:107BF0008680F4EEE67AF1EE10FAD8BFF0EE676A0E
:107C0000F7EE005AF6EE007AE6EEA75A484A92EDF1
:107C1000007AC3ED006AFEEE007AB4EEE77AF1EE88
:107C200010FA08D4F6EE007AB4EEE77AF1EE10FA24
:107C3000D8BFF0EE477A394F542303FB0B5595ED2F
:107C4000116A97ED027A66EE277AB5EEC07AF1EE08
:107C500010FA67EEA57A4FD4B0EE005A67EE474AA5
:107C6000F1EE465AE4EE857AA7EE887AB4EEE57A2C
:107C7000F1EE10FA08D4B4EEC67AF1EE10FAD4BFE1
:107C8000F0EE475AF0EE465ADFED227ADFF8A8A070
:107C9000DFF8A880224D274EC7ED025AC7ED007AC3
:107CA000C7ED017ACAED007AC8ED007AC5ED016A28
:107CB000F378194CB0EE679AFFF7F9B99FED159A72
:107CC000A5E4184B93ED009A184BD3ED007A39EEEA
:107CD000279A65E4F8EE005A92E59FED0E9A00228D
:107CE0008FE4DFF85CB0E6E595ED010AD5ED040A16
:107CF000B1EE400AFFF744BAB8EE005AAEE7DFED46
:107D0000056AF7EE005A81E7F1EE475A65E700BFD2
:107D100090BE002000000000E8A80020F87C0020B1
:107D20006C7C0020B0380020DC2F0020C8380020F8
:107D3000EC4000203C7D0020607C0020687C00201E
:107D40009C6603080000000070B56B4B6B4D187803
:107D500084B01C210CF06EFAEB781B0701D404B040
:107D600070BDF8F723FD6649664A674C6748C4F85A
:107D7000A40000230B608B604B604B610B61CB60F8
:107D80000B62CB618B6102F526619FED577B0B6027
:107D90005F49C4F828115F49C4F8E81061675E497B
:107DA000E16702F5A66EC4F8801040F20A31A4F82B
:107DB00031104FF07E5102F64C2C02ED057BCEF8CF
:107DC000003002F21C561360C4F89810A2F114019E
:107DD00047A3D3E900234FF07C50C4F89C004F48E0
:107DE000C4F8D0008CED007B86ED007B8DED007B30
:107DF000C4E914232067039115F0AAFA0399606F70
:107E000081ED000B84ED360B15F0A2FAD4E91423B2
:107E100051EC100BF0F7B0FA9DED007B404BC6E93A
:107E20000001C4E93C011D20002184ED427B83ED6B
:107E30000E7BF9F7C3FB1D20F9F716FC002850D183
:107E40006B799FED380A3849384A81ED000A43F0D2
:107E500010036B716B783649364881ED000A23F0C8
:107E600004036B706B7982ED030A43F002036B71BC
:107E7000AB7882ED020A43F02003AB70EB7982ED20
:107E8000010AB7EE007A43F0020382ED007AEB714B
:107E900080ED000A8DED007A01F0CCFC264B274ADC
:107EA0001B78D356264A542101FB03F3D118D35C27
:107EB00043B1D1ED037A234A17EE903AC2F89832D3
:107EC00004B070BD9DED007A91ED046AD1ED017AA8
:107ED000C7EE066A9FED1C7A67EE877A67EEA67A90
:107EE000E9E7FEF751FEABE70000000000000000EC
:107EF000000000009A1EEA3F709000203C7D0020A8
:107F00006C7C0020A4160020E8A800206666663F6E
:107F1000CDCC4C3E5488E0580000A03F1721F7EA32
:107F2000182D002000000000687C0020AC0000201C
:107F3000907C0020647C0020F5000020886103080C
:107F4000A4610308B88100200AE81C413F4B404966
:107F5000D3F87C22D1ED007AD3F88012D3F89002C6
:107F6000DFF804C107EE102AD3F88C229CED003A0A
:107F7000D3F868C277EEC77A03EE902A07EE101A9C
:107F8000D3F88422D3F89412E7EE873A04EE100A6D
:107F900007EE102AD3F88822D3F87402A7EE874A96
:107FA00004EE901A07EE102A2A492B4A91ED005A46
:107FB000D1ED015A91ED026AD2ED016AD3F8701247
:107FC000E7EE874A02EE900A92ED007AD3F8640257
:107FD000D2ED027AD3F8782276EEE26A35EE635A71
:107FE00002EE901A75EEC45A36EE646A37EE627A83
:107FF00025EE035A02EE902A65EE835AD3F86C22DE
:108000001649174BC1ED003A26EE436A03EE100AFB
:1080100077EEE27A27EE037A02EE90CA03EE102A98
:1080200066EEA26A0F4A81ED014A67EEC37AC1ED9E
:10803000024A82ED005AC2ED015A82ED026AC3ED96
:10804000016A83ED007AC3ED027A7047B88100209F
:10805000BC000020C07C0020CC7C0020107D0020D3
:10806000047D0020F87C0020887503082DE9F84F76
:10807000D64BDFF88493D64ED64CD74FD74DDFF88A
:108080007CB3DFF87CA3DFF87C832DED028B00202E
:1080900093ED008AFDF764FDB9F80000F9F798F94F
:1080A000B0EE480A12F0CEFD336823603B602B60CF
:1080B000736863607B606B60B368A360BB60AB6038
:1080C000DBF80030CAF800300123C8F800302FE098
:1080D00097ED017AF4EEC77AF1EE10FA01D5C7ED0B
:1080E000017A94ED027AD6ED027AD5ED025A37EE96
:1080F000877AF4EEE57AF1EE10FA84ED027A49DC43
:10810000D7ED025AF4EEE57AF1EE10FA01D5C7ED9B
:10811000027ADAED007AD8F80030DBED005A01334C
:1081200077EEA57AF92BCAED007AC8F8003037DC73
:10813000B9F80000F9F74CF9B0EE480A12F082FDE8
:1081400094ED006AD6ED007A95ED007A37EE866AF6
:10815000F4EEC77AF1EE10FA84ED006A1DDC97EDBB
:10816000007AF4EEC77AF1EE10FA01D5C7ED007A85
:10817000D4ED016AD6ED017A95ED017A77EEA66A23
:10818000F4EEC77AF1EE10FAC4ED016AA0DDC5ED98
:10819000017AA6E7C5ED027ABBE7C5ED007AE7E70D
:1081A0009FED8F5AD5ED005A8E4B86EE054A97ED1E
:1081B000006AD3ED003A84ED004A75EEC45A36EEFB
:1081C000446AF5EEC05AF1EE10FAC5ED005A87ED9B
:1081D000006A00F19F80B5EEC06AF1EE10FA00F17E
:1081E0008E80B4EEE56AF1EE10FAC8BFF0EE465AA2
:1081F0009FED7B5A95ED016AC6EE854AD7ED016A7F
:10820000C4ED014A36EE646AF4EEE53AF1EE10FA96
:1082100076EEE46AB5EEC06ACCBF01230023F1EE2E
:1082200010FA85ED016AC7ED016A00F19580F5EE5F
:10823000C06AF1EE10FA00F1AB80F4EEC66AF1EE1E
:1082400010FAC8BFB0EE666ADFED655AD5ED026A76
:1082500087EE255A03F00103D7ED025A84ED025A46
:1082600036EEC57AF4EEC63AF1EE10FA75EEC56A4E
:10827000B5EEC07AD8BF0023F1EE10FA85ED027A90
:10828000C7ED026A57D4F5EEC06AF1EE10FA00F1BC
:108290008A80F4EEC76AF1EE10FAC8BFB0EE667AD3
:1082A000F4EEC73A504AF1EE10FA03F00103D8BFDA
:1082B00000231370002B60D09FED497A4B494C4846
:1082C000C7EE877A007814EE103A14EE902A17EE73
:1082D000904AC1F88C32C1F8902215EE103A454A06
:1082E000C1F87C420124C1F8943214700CF0C0FF34
:1082F000BDEC028B2046BDE8F84FFDF731BCB1EE76
:10830000466AB4EEE56AF1EE10FA7FF771AFF0EE6F
:10831000465A6DE7B5EEC06AF1EE10FAB1EE655A55
:108320004CD4B4EEC56AF1EE10FAD4BFF0EE455A63
:10833000F0EE465A5CE7F5EEC06AF1EE10FAB1EEE7
:10834000476A69D4F4EEC66AF1EE10FAD4BFB0EE13
:10835000467AB0EE667AA3E7F5EEC06AF1EE10FA5F
:10836000F1EE465A50D4F4EEE56AF1EE10FAD4BFBD
:10837000B0EE656AB0EE666A66E70220082100F09A
:10838000C5FBBDEC028B0120BDE8F84FFDF7E8BB53
:10839000F1EE666AB4EEE66AF1EE10FA7FF554AFDC
:1083A000B0EE666A50E7F1EE666AB4EEE67AF1EE98
:1083B00010FA7FF575AFB0EE667A71E7B4EEE56A54
:1083C000F1EE10FA30D5B1EE466AA0E7347D002018
:1083D000C07C0020B47C0020A87C00209C7C002075
:1083E00000007A431C7D0020DD7C0020B881002045
:1083F00070900020B0810020E0000020BC00002030
:10840000987C0020947C0020F4EEC66AF1EE10FA0D
:108410000DD5F1EE666AC3E7B4EEE67AF1EE10FA36
:1084200008DDF1EE666AC6E7F0EE455AE0E6B0EE2A
:10843000656A09E7B0EE467A32E700BF38B5164BF9
:10844000164C1878164D14210BF0F4FE154BDFED89
:10845000166A93ED007A154A15491648C6EE877AD2
:1084600000230B6003602B602360C2ED007AF4F7F9
:1084700067F8114BA36012F07DFE104A104992F884
:108480005F224B79A2F10102B2FA82F2520962F341
:1084900004134B7138BD00BF70900020047D002094
:1084A000F87C00208875030835FA8E3C1C7D00207E
:1084B000C07C0020CC7C00200AE81CC1B8810020D0
:1084C0003C7D00202DE9F8435B4B5C4FDFF8908149
:1084D0005B4E5C4D2DED088B81460220D3ED00BA3A
:1084E0009FED598AFDF73CFB584B4FF4FA601A6830
:1084F000C7F864220023C7F87032C7F86822C7F8AB
:108500006C22C7F87432C7F87832C7F88032C7F8DF
:108510008432C7F88832C7F88C32C7F89032C7F86F
:108520009432F8F755FFB0EE6B0A12F08BFBB0EE09
:10853000489AB0EE48AAF0EE489AB0EE48BAF0EE8B
:1085400048AAF0EE488A4FF49674F4F771FA4FF4A3
:10855000FA60F8F73DFFB0EE6B0A12F073FB013CD6
:10856000D8ED004A96ED005AD5ED005A96ED016A15
:10857000D5ED016A96ED027AD5ED027AA4B278EED5
:10858000A48A7AEE85AA3BEE25BA79EE869A3AEE6F
:1085900026AA39EE079A38EE278A002CD5D12C4925
:1085A000DFED2C7A4A792C4B2BEE27BA42F01002E1
:1085B00068EEA78A6AEEA7AA93ED007A4A711BEECD
:1085C000102A98EE277AC7F8702201242AEE27AAEB
:1085D00018EE903A1AEE902A69EEA79A29EE279A99
:1085E000C7F87C32C7F86032C7F88C221B4B87F87B
:1085F0005F421AEE102A17EE100AC7F874221C7098
:1086000019EE902A19EE103AC7F89022C7F8943262
:10861000C7F8780202F0BAFC2146082000F076FA8A
:108620000220FDF7AFFABDEC088B22464846342104
:10863000BDE8F8430BF050BE347D0020B881002027
:10864000C07C0020CC7C0020000000008C7503085A
:108650003C7D00200E745A3B90750308B0810020C9
:10866000BC0000202DE9F04F2DED028B91B0AE4BF8
:108670000190022093ED008AAC4FDFEDAD8AAD4E44
:10868000DFF8C8A2DFF8C892FDF76AFAAA4B4FF0EC
:1086900000081B68C7F86432C7F86832C7F86C3244
:1086A000C7F87082C7F87482C7F87882C7F88082EA
:1086B000C7F88482C7F88882C7F88C82C7F890828E
:1086C000C7F89482F4F7B4F94FF4FA60F8F780FE33
:1086D000B0EE480A12F0B6FAD6ED007AF4EEE87A77
:1086E000F1EE10FA06DC6420F8F7FEFE0220FDF73A
:1086F0005DFAE7E710AB08EB4804142503EB880BA1
:1087000003EB84044FF4FA60F8F762FEB0EE480A17
:1087100012F098FA5BED0E4A14ED065A54ED0C5A1D
:1087200014ED056A54ED0B6A14ED047A54ED0A7ADF
:1087300096ED004A9AED001AD9ED001A9AED012A39
:10874000D9ED012A9AED023AD9ED023A74EE844A43
:1087500035EE015A75EEA15A36EE026A76EEA26A3D
:1087600037EE037A77EEA37A013DADB24BED0E4AB8
:1087700004ED065A44ED0C5A04ED056A44ED0B6A0B
:1087800004ED047A44ED0A7A002DBBD1B8F1000F54
:1087900000F0AA80DFED697ADDED0A5A9DED025AFC
:1087A000DDED0B3A9DED0D4ADDED036A9DED0E7A90
:1087B0009DED0C6ADDED0F4ADDED042A604B65EEA0
:1087C000A75A25EE275A63EEA73AB0EE653A94EE23
:1087D000273AB0EE454A96EEA74AF0EE636AD7EE26
:1087E000276A26EE276AC6EE846AB0EE467A94EED1
:1087F000A77A83EE043A87EE047A16EE904ADDED0E
:10880000076ADDED094AC7F8844266EEA76A13EEEF
:10881000105A17EE100A9DED063A9DED087AC7F83A
:10882000805264EEA74AE2EEA76AC7F88802E3EE38
:10883000274A27EE277A9DED053AA3EE277AB6EE72
:10884000003AD3ED007A66EE836A15EE103AD4EE64
:10885000837AC7F87C3216EE903A15EE901A27EE1E
:10886000037AC7F8703216EE103A13EE902AC7F862
:108870008C12C7F8943217EE101A17EE903AB5EE34
:10888000C04AF1EE10FAC7F87412C7F89022C7F880
:1088900078323ED4F3EE047AB4EEE74AF1EE10FA01
:1088A0004CBF01210021274A537961F3041353710E
:1088B0005379DB0623D501242146082087F85F423F
:1088C00000F024F90220FDF75DF9019822463421D9
:1088D0000BF002FD1C4B01221A7011B0BDEC028B93
:1088E000BDE8F04F02F052BB0121F2EE047A0846D7
:1088F00074EE278A4FF0010800F008F9E2E600F074
:10890000E9F9FF22019887F85F2234210BF0E4FC9B
:10891000E0E7FBEE047AB4EEE74AF1EE10FACCBFE2
:1089200001210021BFE700BF347D0020B881002075
:108930000000C8C2BC0000208C750308CDCC4C3DA3
:10894000907503083C7D0020B0810020C07C002091
:10895000CC7C0020174B1849D3F87C22D1ED007A4B
:10896000D3F88012D3F8900207EE102AD3F88C22A5
:1089700077EEC77A06EE102A07EE101AD3F8842293
:10898000A7EE876A06EE900A07EE102AD3F888222F
:10899000D3F89432E7EE876A05EE902A07EE103A94
:1089A000A7EEA57A054B83ED006AC3ED016A83ED5E
:1089B000027A7047B8810020BC000020107D0020A2
:1089C00008B51C4BDA78120714D51B4ADFED1B7A69
:1089D00092ED007A1A78B4EEE77AF1EE10FA4CBF15
:1089E0000121002161F3C3021A70DA7861F3861263
:1089F000DA7008BD124803F095FE1249DFF848C04E
:108A000091F800E00B4BB0FA80F0400986450ED09B
:108A1000BCF90020002A09DD511E0EF001001A7871
:108A2000ACF8001060F3C3021A7008BD087064212E
:108A3000F5E700BF3C7D002004110020CDCCCC3DEB
:108A4000A87A0308217D0020CC00002008B5174B30
:108A50001B78012B13D0164B164A1B7843B903F031
:108A6000FF03117963F3C71111711079C00908BDB3
:108A70005379C3F3800383F00103DBB2F1E70E48BF
:108A800090F83430002BE6D0383003F04BFE094A22
:108A900028B15079C0F3800080F00100C0B2137992
:108AA00060F3C71313711079C00908BD227D00203F
:108AB000B28E00203C7D00203C7A030808B5104BA4
:108AC0005A79D10609D50F4A127852B11A7952064D
:108AD00008D40D4B1B78012B03D02720F8F7C4FDD9
:108AE00020B908BD5B799B07FBD4F2E727204FF440
:108AF000FA71F8F763FDBDE808400020FDF756B8AD
:108B00003C7D0020AC8E0020B18E002070B5064662
:108B10000D46FCF7F3FF56B1642303FB06F6002471
:108B20004FF47A700134F8F753FCB442F8DBFCF7E9
:108B3000FDFF55B1642303FB05F500244FF47A7063
:108B40000134F8F745FCAC42F8DB70BDC8B170B534
:108B500006460025FCF7D2FFC8244FF47A70F8F7D8
:108B600037FC013CF9D1FCF7E1FF4FF448744FF4B6
:108B70007A70F8F72DFC013CF9D10135B542E9D105
:108B800070BD7047084B9B799B0700D5704700B5B7
:108B900083B00190FCF7B2FF0199042003B05DF8A7
:108BA00004EBF8F70BBD00BF3C7D002008B5404B3F
:108BB0005A7912F0200FC2F340113E4A41D00421ED
:108BC00011703D4A1278002A39D15A79C2F3401106
:108BD000920625D59A7961F341029A719A799107A3
:108BE00041D55A79920631D540F6B8334FF0FA0C98
:108BF0003249334A0B601520C2F800C0F8F734FD43
:108C0000002834D02F4B2E4A1B78002B30D02B4914
:108C100015200968F8F7D2FCBDE80840FCF786BFCC
:108C20001A789006C2F34011D4D4274A1278042A45
:108C300005D0092A03D0254A1278032A2CD1012114
:108C4000C8E710780028BCD01170BAE71B789B06E3
:108C500016D41F4B1B78DBB91B4B1B78042B21D080
:108C60007D239C46C4E70420F8F7FEFC60B908BDEC
:108C700011681520F8F7A2FCBDE80840FCF73EBFDC
:108C80004FF416739C46B3E7BDE80840FCF74EBFAF
:108C90004FF47A739C46ABE70D4A1178003918BF40
:108CA000012197E741F28E234FF0FA0CA0E700BFB5
:108CB0003C7D002046380020237D0020C800002095
:108CC000C4000020AA430020387D0020473800203F
:108CD0007438002000200AF045BE00BF08B5194BCB
:108CE0001B789BB9184BD3ED017AF5EEC07AF1EE03
:108CF00010FA0DD49FED157AF4EEC77AF1EE10FA62
:108D00000DD54FF4FA612220F8F758FC002008BD79
:108D10009FED0F7AF4EEC77AF1EE10FAF1DC222023
:108D2000F8F7A2FC0028F1D00A4A0B4B92ED007A2A
:108D3000D3ED007AB4EEE77AF1EE10FAE6DD074BF8
:108D4000DB78E3E7B18E0020E07C0020AA619C3F45
:108D5000AA619CBFB0380020AC3800203C7D0020C8
:108D60004B4B1B78192B4B4B53D01A7912070AD453
:108D700001209A78D20702D45A78D2094BD0464AB9
:108D80000123137070475A795007C2F38001EFD462
:108D9000424A92F90020002AEADC00B5404A1278E3
:108DA000012A83B044D03F4A12782AB15979C1F3DD
:108DB000800181F00101C9B21A7961F3C7121A71F9
:108DC0001A79D20902D0384A127892B95A79D10761
:108DD0000FD4364A127862B91A79920609D55A79AF
:108DE000D00606D59A78910631D4314A527C052AAC
:108DF0002DD001209A78D10715D45A78D20912D1F2
:108E00001B79254AC3F3C00383F00103137003B039
:108E100000BD0020ADE71B791F4AC3F3C00383F0F8
:108E20000103137070471C4A0123137003B000BD87
:108E3000204890F83420002AB5D03830CDE900130E
:108E400003F070FCDDE900130028B5D0AEE71A4A44
:108E500012788AB11A79520602D55A7990070BD442
:108E60001649134A097802EB01125278022A03D0FC
:108E7000134A1278012ABCD11A789106B9D41A7A09
:108E80001207B6D49A78D007B3D45878C009B1E79E
:108E9000F50000203C7D0020237D0020E42F0020F1
:108EA000227D0020B28E0020247D00204438002046
:108EB000987503083C7A0308AC8E0020F700002068
:108EC000B18E00202DE9F843354C36490020207042
:108ED000034660700246A070E07020716071A0715E
:108EE000E07120726072A072E07241F823200133B9
:108EF0002F2BFAD12C4B2D48DFF8F490DFF8F480BB
:108F00002B4F2C4E00240025C3E900454FF49872E6
:108F1000C3E902450021C3E90445C3E90645C3E9A5
:108F200008451CF0CBFB40F6F872002122481CF0EB
:108F3000C5FB22484FF42A7200211CF0BFFB204BD6
:108F4000254618464FF42E7200211CF0B7FB3D5108
:108F5000355104340C2C49F8045B48F8045B00F5E7
:108F60002E73EED11749184A1848194C0023136084
:108F70000B60184B1849194A0D7000260027C3E9E9
:108F800000674FF07E53036015482360072111707E
:108F90000360144A1448154903601160BDE8F88362
:108FA0003C7D0020B82E0020782F0020E8A800206B
:108FB000047D0020E07C002080110020D8380020B3
:108FC000803B002004300020B0380020F82F002023
:108FD000F42F0020D0000020DD7C0020387D002010
:108FE000F02F0020AC380020A8380020CCCCCC3D9D
:108FF000F87C0020EC7C002080B170B5084E05465E
:10900000002430780FF03EF90020FDF70BFB01340F
:109010003220F8F769FAA542F3D170BD704700BF5E
:10902000709000202DE988487D2017F0C9FF0028A6
:1090300040F03A83C04DDFF850830D232B70F8F7D2
:1090400069FB4FF47A70F8F74FFA1024FFF73AFFF4
:109050000F232B7002F0C4F92C7004F05FF8B74BAB
:10906000214618780BF0E6F80A20FFF7C5FF11F04B
:1090700091FCF7F7AFFBFCF711FF0020FCF770FD48
:10908000F2F78AF8FFF7DAF916F010F8F2F700FDB8
:1090900000F008FC0A20FFF7AFFF02F097FF11F085
:1090A000C9FDFCF715FDF3F71DFD0A20FFF7A4FF2E
:1090B00015F08EFA98F803301C0700F1FA82F6F7E3
:1090C0001DFAFCF7BBFD02210820FFF71FFD98F8F1
:1090D0000330DFED9B8A9B4FDFF8B0A29A4CDFF89C
:1090E000B092DFF880B29FED998A23F0200388F8D0
:1090F0000330F8F717FD964B0020D3E90023F8F76B
:1091000069FA944B0120187007232B70FCF7DCFDE3
:10911000F3F740FC00260DE02068342303FB0093A6
:1091200093F82030002B7ED1F9F708FD0020F8F7E6
:10913000A9FA18BB0A20F3F783FCF3F779FC287827
:10914000052818BF02280CBF01200020F3F7FAFB06
:109150003B78192BE0D1804B8AED008A1E707F4B43
:109160001E707F4B1E7098F80430002043F00803F7
:1091700088F80430F8F786FA0028DBD0744B00201A
:10918000D3E90023F8F726FA7648F8F7B7F9764BD3
:109190000D2083ED000AF3F753FCF0F74FFA98F82F
:1091A0000A30580740F1D48198F80A30590740F145
:1091B000BE810D20F3F744FC604B187800F07CFD75
:1091C0000E20F3F73DFC15F025F9F7F751F8FFF7FE
:1091D000F7FBFFF7EBFCFFF771FC584B18780FF02B
:1091E00051F800200FF04EF80020FDF71BFA06F0B2
:1091F000FDFE11F0D7FB2B780C2B64D8DFE813F0C1
:109200007D0115014F0119006401EB00630042016B
:10921000DD00CA008E00630081002078FDF770FA3F
:10922000F8F7D2FE2068C0B2FDF734FA0028F4D176
:109230007AE7FBF761F800F00FFB98F8033023F0B2
:10924000200388F80330FFF701FC002800F0C281FA
:1092500001F0AAFF98F80730980703D598F8003076
:10926000590630D5414B9AED007AD3ED007AB4EE31
:10927000E77AF1EE10FAC0F2FB814FF4FA61222096
:10928000F8F79CF93A491620F8F798F93849072079
:10929000F8F794F944F620610E20F8F78FF9F6F705
:1092A000F1F9F8F71BF9334B186098F8033043F0E5
:1092B000200388F8033005232B702F4B2F49D3E967
:1092C0000023C1E90023F8F745F8DBF800302A4A0B
:1092D000C01ADBF80430106061EB030116465160E0
:1092E000FFF7B4FB48B1D6E90012244ED6E90003DB
:1092F0008842934138BFC6E90012214A0123137006
:1093000008E7FFF7A3FB002800F0F48098F800308E
:10931000DB0900F0B98109232B70D4E7FEF7A6FE24
:10932000184B1B78002BCED04FF4FA611720F8F7BA
:1093300045F901232B70C6E7387D0020709000208E
:109340000AD7233DF50000207490002000000000A3
:10935000E0000020247D0020493700204A3700200B
:10936000E42F0020287D0020307D0020AC38002034
:10937000C0D40100B82E0020D8000020D00000206A
:10938000F6000020DD7C00203C7D00200430002021
:1093900000780308FAF7B0FF98F80530C3F3000629
:1093A000DB0740F10D810320FCF7ECFB0120FCF70B
:1093B000D7FBC14A0923137085E7FAF79DFF00F038
:1093C0004BFAFFF743FB18B93B78192B7FF47BAFBF
:1093D00000232B7077E7B94B1B78012B00F0278116
:1093E000FAF78EFCB648F6F759FCDAED007AF4EE9F
:1093F000E87AF1EE10FA09D5B04B1B78002B00F09B
:10940000C380FFF723FB002800F0BE80FBF720F8A5
:10941000FFF764FC002800F0AD800520F9F7B2FFEB
:10942000F6F706FF04232B704DE7FAF765FF1720C8
:10943000F8F71AF900283FF446AF0320FFF786FB40
:1094400002210820FFF762FB4FF4FA612220F8F7AF
:10945000B5F89C491620F8F7B1F89A490720F8F7B3
:10946000ADF844F620610E20F8F7A8F83B78192BE8
:1094700000F00D8198F807309A077FF54CAF0C2368
:109480002B7020E7FAF738FF00F0E6F9FFF768FCE9
:109490000646002800F0A780FCF796FB13E7FFF7CD
:1094A000D5FA00285AD0884BDAED007AD3ED006A5D
:1094B000864B77EEA67A93ED007AF4EEC77AF1EE5A
:1094C00010FA4BDD0523F7E6804B9AED007AD3EDD9
:1094D000007AB4EEE77AF1EE10FA52D57C4A002316
:1094E00013707C4A01231370EFF776FEF3F7AEFD9D
:1094F000FCF7A4FB07232B70E5E6FAF7FDFE02213B
:109500000820FFF703FBEFF7A3FEFCF7E1FAF3F700
:10951000E9FAF5F7F3FFF7F7D3FE6F4B6F4A1B78C5
:10952000127813437FF400AF0A232B70CBE60C2094
:10953000F3F786FA6A4B93ED000A1E46F2F76EFEC9
:109540000D20F3F77DFA96ED000AFCF7A5F937E652
:109550000B20F3F775FA01F06DFA25E6FBF7C6FC70
:109560000520F8F781F8002869D1584B5D4A1B683F
:109570001360A8E6FBF78EFB98F801305B067FF5D9
:10958000A2AEFCF74DFC9EE64FF4FA612220F8F7FC
:1095900015F84C491620F8F711F84A490720F8F752
:1095A0000DF844F620610E20F8F708F840F6C411D3
:1095B0000520F8F703F8F6F73BFE02232B7082E64E
:1095C0000120FCF7DFFA0320FCF7CAFA3A4B1E70C1
:1095D000032371E601F0DAFCEFF7FEFDF3F736FD49
:1095E00007232B706FE602210820FFF78FFA394B13
:1095F0003D4A1E70304B1E7098F8033066F304131A
:1096000088F8033098F8083066F3C71388F80830F4
:1096100098F8003066F3C71388F800300320DAF8B2
:1096200000301360FCF750FB08232B704BE698F8D2
:1096300009305A067FF5D4AEF6F7CEFAD0E6294BBC
:109640004FF4FA61222083ED008AF7F7B7FF1D4936
:109650001620F7F7B3FF1B490720F7F7AFFF44F6D3
:1096600020610E20F7F7AAFF0320FCF72DFBAFE7E0
:109670001620F7F7F9FF00283FF425AE0820F9F788
:1096800081FE04232B701EE6F6F74CFA1BE6FCF76E
:109690009BFA98F8033023F0200388F80330FAF798
:1096A0002BFE0B232B700EE60AF076F90F4B187089
:1096B000C0E4FEF749FB02E546380020B18E0020E9
:1096C000E8210020C0D40100C8380020AC380020B8
:1096D000B28E0020247D0020AE8E0020DD7C002094
:1096E000307D0020B0380020A838002001A10020E3
:1096F00040B9DFED157A9FED157A37EEC00A20EEFE
:10970000070A704700B5DFED127A83B020EE270A12
:10971000CDED010A17F066FEDFED0E7A20EE270A86
:1097200017F024FE9FED0C7ADDED010AF7EE007ACA
:1097300037EEC00A70EE870ADFED087A20EE200AC5
:1097400020EE270A03B000BD80E6C547A627AC3D42
:1097500008942537B4C9423E339388439ED81943B1
:10976000F8B52A4C11F08CFFA378980604D5E3785D
:109770001907C3F3C00511D5254A002319465360C4
:109780002448254C254A01602160254825490023AD
:10979000036013600B6053631361F8BDA37965F335
:1097A0000003A371F7F7D6FD1F4BC3181E4641F106
:1097B000000711F0CBFD11F063F9A3791B4A4FF0BC
:1097C00001011170DA0719D5A37923F00103A37100
:1097D000F7F7C0FD864205F1010577EB01012DB2D7
:1097E00001D3C82DE5D1A3785B0604D5104B5A7977
:1097F0000AB11968C4E7064B5968C1E7F7F7AAFD33
:10980000864277EB0101D4D2EDE700BF3C7D00201A
:10981000D87F002004110020C87F0020D838002005
:10982000CC7F00200006002080969800F6000020E3
:109830007CA60020054B0648064980ED000A002260
:1098400083ED000A0A605A631A617047D838002015
:10985000CC7F0020000600200B490C4A10B50024E4
:109860000C700B4950680B4C0B4A206000230B60B6
:109870000A4913600B6053631361EEF725FD084C32
:10988000C4E90E0110BD00BFD07F0020D87F0020AA
:10989000CC7F0020C87F0020D838002000060020A0
:1098A000182D0020134B10B51878134C17210AF00F
:1098B000C1FC1248B7EE000AF1F7D8F8104B114876
:1098C00093ED000AF5EE007A20EE270AF1F7CEF8C4
:1098D0000D480E490E4A00234FF0000C84F800C0DA
:1098E00003600B60136011F01BF9BDE81040FFF737
:1098F00037BF00BF70900020B87F0020487D002057
:10990000300000207C7E0020B07F0020B47F00204B
:1099100004110020F8B5294F7B7FB970012B0C464C
:10992000F962054634D0022B28D028463E780AF04A
:1099300049FC4A2128460AF0ABF9422128460AF0A0
:10994000A7F9314628460AF0A3F9214628461C4CBF
:109950000AF09EF904F1400654F8041F28460AF064
:10996000B7F9A642F8D128460AF03CFC15483C223B
:1099700000211BF0A3FE00237B77F8BDB7F9203050
:10998000B7F91E20C7E91323B7F922307B65CCE76E
:10999000B7F91E20B7F92030C7E91323B7F9222001
:1099A000B7F92430C7E91523B7F92830B7F92620CD
:1099B000C7E91723B7F92A307B66B6E7088100208C
:1099C0003081002038810020F0B5514E91B0002345
:1099D0006FF00D02CDE90C33CDE90E3300920F4646
:1099E00096F820400546F7F7B5FC4A4BDFED4A7A7A
:1099F000D3ED015A93ED006A93ED027A474B484A42
:109A000093ED025AD3ED016A1278019027EE277A7E
:109A100025EE275ABDEEC77ABDEEC55A8DED077A01
:109A200093ED007A3F4B8DED0A5A93ED005A029266
:109A300065EEA75A26EE276A66EEA76A27EE277A12
:109A400065EE277A384A96F8213012780497FDEEB1
:109A5000E77AFDEEE55ABDEEC66AFDEEE66ABDEEBA
:109A6000C77ACDED0B7A0392CDED055A8DED066ADE
:109A7000CDED086A8DED097AF3B1621E02F00F0296
:109A8000B018B15C027C012B42EA01220C9213D087
:109A9000A21E02F00F02B018B15C027C022B42EA57
:109AA00001220D9208D0033C04F00F04315D3444D0
:109AB000227C42EA01220E921C4996F82020C978A5
:109AC0001B0643EA0123134328460F930AF07AFB4F
:109AD0004A2128460AF0DCF8422128460AF0D8F844
:109AE000FF2128460AF0D4F8002128460AF0D0F8D1
:109AF000ADF104040FAE54F8041F28460AF0E8F84C
:109B0000A642F8D1284611B0BDE8F0400AF06ABB81
:109B100040800020047D002000007A44F87C002072
:109B2000387D0020BC0000204738002098750308CD
:109B300010B40648064C837A002123F004032170F8
:109B4000837210BC03486C221BF0B8BD3C7D002022
:109B50000081002008810020F8B5402205460F460C
:109B60004C484D4E00211BF0A9FDFEF76FFF10B1D0
:109B7000F3781B074BD5494C6C22002120461BF083
:109B80009DFD012F27706AD0022F6DD07521002016
:109B900002F044FCE071003818BF012040F60103D8
:109BA0002279207763803E4B03EB02133D4ADB783A
:109BB000637103EB430302EBC30328465B686361F5
:109BC000B37A002243F00403A261B3720AF0FAFAF6
:109BD0004A2128460AF05CF8422128460AF058F843
:109BE000394628460AF054F8002128462E4C0AF03F
:109BF0004FF804F1400654F8041F28460AF068F8AC
:109C0000B442F8D12846BDE8F8400AF0EBBA234E3A
:109C100003224FF0FF3328467270F3620AF0D2FA43
:109C20004A2128460AF034F8422128460AF030F842
:109C3000394628460AF02CF8FF2128460AF028F871
:109C400006F12804683654F8041F28460AF040F844
:109C5000B442F8D12846BDE8F8400AF0C3BA134B25
:109C6000A7701A7822719EE7F1F712FF48220021AF
:109C70000F481BF023FD24220E4800211BF01EFD7F
:109C80000C4A0023C2E909331363D362012322790A
:109C9000A37088E7348100203C7D002008810020EB
:109CA00098750308588F002030810020F7000020AD
:109CB000B8800020848000202DE9F041AD4FBB7AB0
:109CC0005B078CB042D5AC4C2578012D064635D0CB
:109CD000022D46D0002D3CD0032363706FF00103AA
:109CE000E3620AF06FFA4A21304609F0D1FF4221BF
:109CF000304609F0CDFF2946304609F0C9FFFF2163
:109D0000304609F0C5FF04F12805683455F8041FF2
:109D1000304609F0DDFFA542F8D130460AF062FA7C
:109D2000BB7A964C9448002123F00403BB726C224A
:109D300021700CB0BDE8F0411BF0C0BCA378012B32
:109D400000F08980042B1CD00423A3700CB0BDE864
:109D5000F081A378013B032BF6D8DFE803F05069CC
:109D60002F5FA178022900F0158104297DD00129F7
:109D7000EAD1834B1A6BB2F57A7FC0F01A83A570D3
:109D8000E4E763797F4A61697C4D03EB430302EBAF
:109D9000C303A2685B685B1AC4E90C23D4E90332ED
:109DA000FF21C4E90E23FFF7B5FDBB7A002123F0A4
:109DB00004032046BB726C222970BAE7402504E0F8
:109DC0006B1E13F0FF0500F05D8108AB0E222079B9
:109DD0003B2102F07BFBA3680133DAB2A360002AC7
:109DE000EED12079752102F019FB237F002BE7D0FB
:109DF000E3798342E4D0236901332361E0E7E37828
:109E0000772B40F2A5820023C4E903330221A1701D
:109E1000A3600CB0BDE8F041FFF77CBDA369A26868
:109E2000FF21C4E90C232369A363FFF773FD77E7E0
:109E3000A3687F2B40F2A6826379524903EB430368
:109E4000002201EBC3030321A170A26022615B68C1
:109E5000C4E90532DDE7A368B3F57A6FC0F0688125
:109E600002220421A2702363D3E7454B9FED467A7B
:109E7000596A9A6A93ED0D6AD3ED0E7AD3ED0F4AC3
:109E8000A1630A449A62DA6A226326EE075A1A6BC1
:109E9000626367EE875A64EE876A1A68BDEEC55A38
:109EA000FDEEE55AFDEEE66A012A84ED0F5AC4ED97
:109EB000105AC4ED116A00F233820022A2645A687B
:109EC000012A00F213820022E2649A68012A00F259
:109ED000DB81002267EEA77A9FED2C5AD3ED156A3D
:109EE000D3ED135A2265E6EE067A9A6993ED146A69
:109EF000E4EEA47A012ADFED244AB1EEE77A66EEB9
:109F0000857A65EE855AFDEEE77A26EE056AC4EDA0
:109F1000177A67EE247AFDEEE55ABDEEC66AFDEECD
:109F2000E77AC4ED155A84ED166AC4ED187A00F28A
:109F3000938100220421304603936266FFF7EAFC16
:109F4000039BDA6A01320E2ADA6200F2B8844822F0
:109F500000210F4803931BF0B1FB24220021084885
:109F60001BF0ACFB039B002201215A621A63A17013
:109F7000ECE600BF3C7D002008810020008100202D
:109F800084800020588F002000007A440000C842DE
:109F9000B8800020C94BDFEDCA7AD3ED005A93EDAB
:109FA000017A93ED026AC74B9FEDC74AD3ED012AB0
:109FB00093ED003AD3ED023AC44BDFEDC51AD3ED71
:109FC000024A65EEA56A27EE275AE7EE076A93ED87
:109FD000007AE6EE066A27EE047AB1EEE62AD3EDC1
:109FE000016ABC4B66EE846A64EE844A93ED004AD3
:109FF000B94B65EEA75A26EE276A62EEA72A23EE32
:10A00000273A63EEA73A66EEA16A27EE217A64EE5C
:10A01000A14A22EE272A64EE277A1A6B2263FDEE0C
:10A02000E44ABDEEC22ABDEEC55AFDEEE55ABDEECC
:10A03000C66AFDEEE22ABDEEC33AFDEEE33AFDEE5E
:10A04000E66ABDEEC77AFDEEE77A5A6ADB6AC4EDCE
:10A05000164A84ED172A84ED0E5AC4ED0F5A84ED8A
:10A06000106AC4ED112A84ED123AC4ED133AC4ED1E
:10A07000146A84ED157AC4ED187A63636266FFF79B
:10A0800049FC61E6637F93BB9DF820109DF8213069
:10A090009DF8222003EB0123E3839DF823309DF8F4
:10A0A000241003EB022323849DF825309DF82620FD
:10A0B00003EB012363849DF827309DF8281003EB00
:10A0C0000223A3849DF829309DF82A2003EB012365
:10A0D000E3849DF82B309DF82C1003EB022323859D
:10A0E0009DF82D30012203EB0123638562776379AC
:10A0F0007A4A216903EB430302EBC30362695B689D
:10A100009B1AA361A268002940F09D8044F61F605D
:10A11000824200F29880C2F30905002D7FF416AE4A
:10A1200030460321C4E90D352263FFF7F3FB0DE64A
:10A13000207908AB0622032102F0C8F9002800F0BC
:10A140003481BDF824100898BDF82030627FBDF836
:10A1500022E049BA40BADBBA0DB222B90222C4F8F1
:10A160001E006184627713F5805F00F0D2839EFA4F
:10A17000BEFE1EF5805F00F0CC8315F5805F00F019
:10A18000C883DFF860C19CF80020002A00F0CB8370
:10A19000534FB7F900209A42904600F0CB83B3EBBF
:10A1A000080244BF5A42A2EB0802B7F902303860F5
:10A1B000B2F5967FD8BF4FF000081A46C8BF4FF0DF
:10A1C0000108BEEB030344BFCEF100039B1AB7F9AD
:10A1D00004E0B980B3F5967FD4BF00230123B5EB2B
:10A1E0000E0244BF6A42A2EB0E02B2F5967F4FF018
:10A1F000010143EA0803D4BF002201228CF80010B9
:10A20000002B40F08C83002A40F08983E3680133FF
:10A21000E360A3680133C3F30902A360002A7FF45B
:10A2200095AD62792D49256902EB420201EBC2022C
:10A2300061695268A563521A30460221C4E90C32A2
:10A24000FFF768FB82E5C4E90D3130460421226343
:10A25000A170FFF75FFB79E5013A07EE902A93EDD5
:10A260001C7AF8EE677A87EE270AB5EE400AF1EE1F
:10A2700010FA00F1A183F1EEC07A67EE857AFDEE67
:10A28000E77A17EE902A55E6013A07EE102AD3ED49
:10A29000186AB8EE477A86EE870AB5EE400AF1EE04
:10A2A00010FA00F15583B1EEC07ADFED056A27EEB2
:10A2B000267ABDEEC77A17EE102A0BE6047D002041
:10A2C00000007A44F87C0020E12E6542E07C00200A
:10A2D0000000C842BC00002084800020588F00206D
:10A2E000388000203E80002000007A44013A07EECA
:10A2F000102AD3ED176AB8EE477A86EE870AB5EED4
:10A30000400AF1EE10FA00F13D83B1EEC07A5FED44
:10A310000A6A27EE267ABDEEC77A17EE102AD3E531
:10A32000013A06EE902AD3ED165AF8EE666A85EEEB
:10A33000A60AB5EE400AF1EE10FA00F14D83F1EEF7
:10A34000C06A66EE876ABDEEE67A17EE102AB5E5BA
:10A35000590008AB207900930022012301F0FE018F
:10A3600001F0F2FCE37850B1A2790132D2B20D2AA9
:10A37000A271226303D804EB8202590051630233B5
:10A38000E370E3E42079752102F048F8237F002B85
:10A3900000F0A782E379834200F0A38223690133AE
:10A3A0002361A3680133A360D0E4236901332361EF
:10A3B0002CE7E64EE64D96ED000AE64CCDE9031398
:10A3C00010F040FCFDF7C2FD96ED000AF1F7ECFE3F
:10A3D0009FEDE14AD6ED004AD5ED022A95ED002A1F
:10A3E000D5ED011A94ED021AD4ED000A94ED010A9C
:10A3F000F0EE443AB0EE443AF1F77AFCF1F75AF94C
:10A40000049B95ED001A1A68D3ED0D1AD4ED000ADD
:10A41000D3ED102A93ED165AD048D3ED195AD3ED47
:10A42000133A9FEDCF4A93ED1C6A0399013207EE70
:10A43000902A31EE612AF8EE677A1A60DA6882EEC5
:10A44000277A0132DA6007EE902A30EEE23AF8EE2F
:10A45000676A37EE217AC3EE267A9A69013271EE85
:10A46000471AD0ED006A83ED0D7AB0EE457AA1EE81
:10A47000827A9A6177EEA27A83ED167A30EEE77AE5
:10A48000C3ED107AF0EE657AE7EE037AF0EE634AF8
:10A49000D6EE844AC3ED197A07EE902AB8EE677AB1
:10A4A000B4EE411AC4EE877AF1EE10FA77EEA37A91
:10A4B000B0EE677A96EE847AC3ED137AF0EE467AC0
:10A4C000E7EE247AC3ED1C7A40F01182DFEDA57A25
:10A4D000B4EEE71AF1EE10FA00F30982DFEDA27A8A
:10A4E000B4EEE71AF1EE10FA4CBF01260026F4EEA6
:10A4F000600AF1EE10FA40F0F881DFED9A7AF4EE9E
:10A50000E70AF1EE10FA00F3F081DFED977AF4EE4E
:10A51000E70AF1EE10FA4CBF01270027D3ED141A19
:10A52000DA6990ED016A9FED8E2A93ED1D5A95ED43
:10A53000010AD4ED010A93ED0E3AD3ED175A93EDCB
:10A54000114A93ED1A7A0132F0EE612A07EE902A51
:10A55000D6EE022ADA615A68B8EE671A0132C2EE04
:10A56000817A5A6070EE433A77EEA17A70EEC44A6F
:10A57000F0EE671AD6EE021AC3ED147AF0EE457AC1
:10A58000E1EEA27AB4EE400AC3ED1D7A07EE902AFE
:10A59000B8EE675A1A69C3EE857A01321A61F1EE94
:10A5A00010FA77EE837A30EE675AC3ED0E7AF0EE4A
:10A5B000657AE5EE237AC3ED177A07EE902AF8EE76
:10A5C000675AC4EEA57A77EE847A70EEE75AC3ED47
:10A5D000117AF0EE477AE5EEA47AC3ED1A7A40F0EC
:10A5E0008E81DFED607AB4EEE70AF1EE10FA00F347
:10A5F0008681DFED5D7AB4EEE70AF1EE10FA48BF2E
:10A6000046F001063743F4EE600AF1EE10FA40F02E
:10A610007481DFED547AF4EEE70AF1EE10FA00F3FC
:10A620006C81DFED517AF4EEE70AF1EE10FA4CBFDF
:10A63000012600265A69D4ED025A93ED120A95EDCF
:10A64000025AD0ED024A93ED151ADFED451AD3ED0B
:10A650000F2A93ED184A013207EE902A5A611A6ABE
:10A6600075EEC00AF8EE677A0132B0EE412A80EE4C
:10A67000A77A1A6207EE902A94EEA12A9A68F8EE59
:10A68000673A37EE007AC2EE237A01329A6035EEED
:10A69000C70A77EE817A83ED127AB0EE671A94EEEC
:10A6A000A11A93ED1E7AC3ED157AF0EE477AE2EE29
:10A6B000017A35EE623AC3ED1E7A07EE902AB8EEC3
:10A6C000677AD3ED1B3AC3EE077AE0EE803A77EE75
:10A6D000A27AB4EE455A35EE677AC3ED0F7AF0EE02
:10A6E000447AE3EE077AF1EE10FAC3ED1B3AC3EDBC
:10A6F000187A40F00081DFED1B7AB4EEE75AF1EEF4
:10A7000010FA00F3F880DFED187AB4EEE75AF1EEB4
:10A7100010FA48BF47F0010746EA0700F4EE655A11
:10A72000F1EE10FA40F0E580DFED0E7AF4EEE75A34
:10A73000F1EE10FA00F3DD80DFED0B7AF4EEE75A6C
:10A74000F1EE10FA4CBF012200220FE0307D002014
:10A75000047D0020F87C002000000000E07C002048
:10A76000E12E6542CAF24971CAF249F1A84CD4ED12
:10A77000007AF4EE677AF1EE10FA40F0C8809FEDAF
:10A78000A57AF4EEC77AF1EE10FA00F3C0809FEDDF
:10A79000A27AF4EEC77AF1EE10FA48BF40F0010059
:10A7A00002439E48D0ED007AF4EE677AF1EE10FA9B
:10A7B00040F0AB809FED977AF4EEC77AF1EE10FA95
:10A7C00000F3A3809FED947AF4EEC77AF1EE10FACD
:10A7D00048BF42F001029248D0ED007AF4EE677A69
:10A7E000F1EE10FA40F08F809FED8A7AF4EEC77A8E
:10A7F000F1EE10FA00F387809FED877AF4EEC77AC6
:10A80000F1EE10FA48BF42F001028648D0ED007A1E
:10A81000F4EE677AF1EE10FA73D19FED7E7AF4EEE2
:10A82000C77AF1EE10FA6CDC9FED7B7AF4EEC77A12
:10A83000F1EE10FA48BF42F00102B4EE466AF1EEC2
:10A8400010FA10D1DFED737AB4EEE76AF1EE10FA88
:10A8500009DCDFED717AB4EEE76AF1EE10FA54BF6D
:10A86000114642F00101F4EE666AF1EE10FA34D1BD
:10A87000DFED687AF4EEE76AF1EE10FA2DDCF4EE23
:10A88000644AF1EE10FA28D1F4EEE74AF1EE10FA3C
:10A8900023DCDFED617AF4EEE74AF1EE10FA1CD426
:10A8A000F4EEE76AF1EE10FA54BF0A4641F00102F5
:10A8B000D2B292B91A6B01321A63FFF747BA9B6A98
:10A8C000A3634FF47A732263FF2103FB02F2304645
:10A8D0006263FFF71FF8FFF723BA5A6A01325A6220
:10A8E000E8E7E3680133E3605BE5012716E60E461F
:10A8F000FDE501223AE7012010E701269AE601274B
:10A9000081E6012299E701227FE7012263E7012224
:10A9100047E7454B454A1860998001231370236926
:10A920000133236175E4404B1860998001238CF852
:10A9300000306BE4B7F9022072457FF430ACB7F910
:10A940000420AA427FF42BAC01238CF80030E6E708
:10A950000693CDED054ACDED047A8DED036A16F030
:10A96000E9FD9FED337A9DED036ADDED054A069B17
:10A9700020EE077AFDEEC77A17EE902ADDED047A15
:10A98000FFF7A8BA0693CDED054ACDED047A8DED1B
:10A99000036A16F0CFFD9FED267A9DED036ADDED8B
:10A9A000054A069B20EE077AFDEEC77A17EE902A3D
:10A9B000DDED047AFFF788BA04938DED035A16F0A3
:10A9C000B9FD9DED035A049B60EE057AFDEEE77A32
:10A9D00017EE902AFFF7AEBA07938DED067ACDED0C
:10A9E000054ACDED047A8DED036A16F0A3FD9DEDC9
:10A9F000067A9DED036ADDED054A079B20EE077A96
:10AA0000FDEEC77A17EE902ADDED047AFFF756BA0D
:10AA1000C00F0020CAF24971CAF249F1BC0F0020F0
:10AA2000B80F0020B40F0020388000203E800020A6
:10AA300000007A4470B58448844C0278A568002AE6
:10AA40004CD0834B1E78F6F785FC824BDFF828C28A
:10AA50001A68801A5A6861EB0201002284458A4113
:10AA6000C0F0E0807C4B7D4A19787D4B107893F8DC
:10AA700030208A4200F0D08093F8202083F8310003
:10AA800003EB020C9954013202F00F0283F82020EC
:10AA900093F821208CF810000F2A9CBF013283F814
:10AAA000212083F830105A6AAA4234D00022294665
:10AAB000304683F84020FEF787FF6A4A684B1278D9
:10AAC0005D6202EB420204EB8202616992683046E9
:10AAD000BDE87040C3E90A210BF0E6B96149604B5B
:10AAE00009785D6201EB410104EB810164698968C9
:10AAF00099625949DC62594C0978247883F83010FE
:10AB0000C3E90D22012183F831401A84DA6383F806
:10AB10004020017070BD534A6069127802EB420216
:10AB200004EB82029C6A9268944202D1DC6A8442FD
:10AB300007D0C3E90A2030460BF0B6F9464B197826
:10AB4000474B032977D90739012976D8464A92ED30
:10AB5000016AB5EEC06AF1EE10FA01D5B1EE466AAF
:10AB6000D3ED0E7ADFED416A9FED417A76EE675ABA
:10AB7000B1EE085AE5EEA67ADFED3E5AD2ED026A52
:10AB8000C3ED0E7AF4EEC77AF1EE10FAD8BFB0EE4C
:10AB9000677AE7EE055AF4EEC65AF1EE10FAF5EED2
:10ABA000C06A4CBF01210021F1EE10FA01D5F1EE8F
:10ABB000666AD3ED0F7A9FED2D6A9FED2D7A93F89B
:10ABC000402076EEE75AE5EE867A9FED2A6AC3EDDD
:10ABD0000F7AF4EEC77AF1EE10FAD8BFB0EE677ACA
:10ABE000F1EE085AA7EE256AF4EEC66AF1EE10FA05
:10ABF00027DC31BB8A4218BF013AD2B2022A83F85D
:10AC0000402087D929463046FEF7DEFE144B00224D
:10AC100083F840205D6270BD93F8312082427FF45A
:10AC20002BAF40E7F6F796FB0A4BC3E9000130462D
:10AC30000BF03AF916E7012988D8002283F8402062
:10AC400070BD0132D2B2D9E700810020E08E002031
:10AC50007090002030800020387D00204738002090
:10AC600040800020F7000020F87C0020CDCC4C3D37
:10AC70009A99193ECDCCCC3D40420F0000B5424BD5
:10AC8000DFF808C1DFF818E183B0002218E093ED87
:10AC9000037AD3ED046AB4EEE77AF1EE10FA29DC18
:10ACA000F4EEE67AF1EE10FAD4BF17EE901A16EE33
:10ACB000901A60440132802AC0F8071022D01C3359
:10ACC0001968002944D01879032849D0097807EE7B
:10ACD000901AF8EE677A900059790029D7D00EEBD8
:10ACE000C10191ED007AD1ED016AB4EEE77AF1EE9F
:10ACF00010FAD5DD17EE101A60440132802AC0F830
:10AD00000710DCD1214B002203F6EC4053F8041B62
:10AD1000834282EA0102F9D19CF8ED1C9CF8EC0C0C
:10AD2000CDF800C04840C2F3072350405840C2F35A
:10AD30000743584080EA12608CF8EE0C144A40F643
:10AD4000EF430821012000F0B9FC68B903B000BD51
:10AD50000CEB82019000D1F8071007EE901ABBE7C8
:10AD6000D1ED007A9000B7E70A4B00930A4A2023FE
:10AD70000821002000F0A2FC0028E7D0074B0022A9
:10AD80001A7003B000BD00BFC8660308B881002078
:10AD9000004000089081002000500008B081002091
:10ADA000C874030838B55A4C054640F651220021B4
:10ADB00020461AF083FC40220021A4F192001AF0F0
:10ADC0007DFC002D73D06FF4277504EB050E514800
:10ADD000514900238EF80630AEF8043000F1FF3CF4
:10ADE00000F6FF544FF0FF331CF8012F5A4012F0C9
:10ADF000010318BF0B4683EA520313F0010218BF88
:10AE00000A4682EA530212F0010318BF0B4683EA96
:10AE1000520313F0010218BF0A4682EA530212F0ED
:10AE2000010318BF0B4683EA520313F0010218BF57
:10AE30000A4682EA530212F0010318BF0B4683EA66
:10AE4000520313F0010218BF0A46A44582EA5303D5
:10AE5000CAD1DB43314ACEF80732CEF800200023B6
:10AE600010E0D0ED057AFCEEE77A17EE901A11703B
:10AE70000EEB830201334169C2F80710802B00F109
:10AE80001C0008D00268002AF2D001790329E8D119
:10AE900041691160ECE7224B224A1B780121052B06
:10AEA000117000D138BDBDE83840FFF7E7BE1D2264
:10AEB0002946A4F13E0044F8525C44F84E5C44F844
:10AEC0004A5C44F8465C44F8425C1AF0F7FB164BC7
:10AED00016491B68164A44F81D5C6FF4277004EB92
:10AEE000000E44F8195C44F8155C44F8115C44F811
:10AEF0000D5C44F8095C0D7044F8215CCEF86432B6
:10AF0000CEF86832CEF86C32CEF898225FE700BFF8
:10AF100055840020C86603082083B8EDE6BEEDFE28
:10AF2000387D0020B08100208C75030890810020BE
:10AF3000CDCC0C3F03061ED4124BC0EBC00003EB7C
:10AF400080035A79C2B1104B03EBC20393ED007A30
:10AF5000D3ED016AD1ED007AF4EEC77AF1EE10FA82
:10AF600002D581ED007A7047F4EEE67AF1EE10FA40
:10AF700001DDC1ED006A704793ED037AD3ED046AF9
:10AF8000E8E700BFC8660308C8740308054B1B78D0
:10AF90001BB1054B1B78052B01D101207047FFF732
:10AFA0006DBE00BFB0810020387D002000B52F4A63
:10AFB0002F4B12789978C2F3400060F30411997016
:10AFC000197AC2F3001060F341011972597A62F3E1
:10AFD00004115972D97941F02001D971D978C2F39D
:10AFE000C00C6CF3C301D970597ADFF8A0C0C2F36A
:10AFF000401060F3861159721E491F484FEAD21E55
:10B00000C2F380020A705A7A6EF382025A72D978B9
:10B010009A7AC1F3C00161F3C3029A729CF80020CE
:10B02000164902F0010C81F800C01549C2F3400C2A
:10B0300081F800C01349C2F3C00C81F800C0124966
:10B04000C2F3801C81F800C0D97912F0100FFFEE16
:10B05000007AB7EE007AC2F3401218BFF0EE477ADA
:10B0600062F38611C0ED007AD97100BDAB8E00206D
:10B070003C7D0020AC8E002008000020B08E002017
:10B08000AE8E0020AF8E0020AD8E0020AA8E002054
:10B09000404ADFED417A92ED006ADFED405AD2ED91
:10B0A000016A92ED027AB4EEE76AF1EE10FAB4EEBC
:10B0B000E56ACCBF01230023F1EE10FA10B5D2ED02
:10B0C000037A4FEAC31301D543F040039FED326A80
:10B0D000F4EEC66AF1EE10FA4FEA930302DD63F074
:10B0E0007F03DBB29FED2D6AF4EEC66AF1EE10FA33
:10B0F00001D543F04003DFED286AB4EEE67AF1EEC5
:10B1000010FA4FEA930302DD63F07F03DBB2DFED59
:10B11000236AB4EEE67AF1EE10FA01D543F040036B
:10B120009FED1D7AF4EEC77AF1EE10FA4FEA930420
:10B1300002DD64F07F03DCB29FED187AF4EEC77A8B
:10B14000F1EE10FA01D544F04004F6F7C7F9144ABD
:10B15000137843B1012B05D1124B1B78A34210D0B9
:10B160000023137010BD0F4B1978A142FAD04FF491
:10B17000FA6110201C70F6F721FA094A01231370B6
:10B1800010BD1020F6F770FA0028EBD0044A022315
:10B19000137010BD083000209999993E3333333F26
:10B1A00075810020748100202E4B1B78032B02D068
:10B1B0000020FAF7E7BC10B5FFF76AFF2A4B1A78B0
:10B1C000022A04D0BDE810400020FAF7DBBC274A71
:10B1D0001278DD2A37D02FD87D2A3ED0BD2A37D12C
:10B1E0009FED236AF9EE046A224A234992ED9D7A83
:10B1F000D2ED9C7A37EE067A77EEA67A82ED9D7ACA
:10B20000C2ED9C7A4FF0010214460A70FDF7A2FBD2
:10B210000020FAF7CBFC00210120FDF777FCF6F7C0
:10B220005DF964211020F6F7C9F914491620F6F7E4
:10B23000C5F90D4B1C70C5E7ED2A09D1DFED0C6A8D
:10B24000B1EE046AD0E7DFED0A6AB9EE046ACBE733
:10B2500000201870FAF796FCB4E79FED056AF1EE4E
:10B26000046AC1E7387D00207581002074810020C8
:10B2700000000000B8810020B0810020C0D401008F
:10B280000020FFF78FBD00BF08B52DED028BF7F74B
:10B290009BF93F4B1B78DA1F012A12D90B2B10D0D8
:10B2A0003C4B1A78A2F10D03052B31D9A2F11403FE
:10B2B000012B61D9A2F11603022B94BF03210021B7
:10B2C00027E0354B354AD3ED007A354B1168DFF86E
:10B2D0000CC1C3F840C0F1EE677A4FF07C520020F9
:10B2E000C3ED067A9A63D863D962F2F791FEF6F756
:10B2F0002BF82C4A2C4B127807EE902AF8EE677A3E
:10B30000C3ED137A234B1A78A2F10D03052BCDD888
:10B310000121264BDFED267A03EB820393ED008AB1
:10B32000244A254B117028EE278AB0EE480A83ED97
:10B33000008A16F067F9214B83ED000AB0EE480A47
:10B3400016F020F91E4B1F4900221A7081ED000AE9
:10B35000FFF72CFE1C4B9B7853B19FED097B1B4ADA
:10B360001B491C4BBDEC028B81ED007B1A6008BDB4
:10B370009FED057B184AF3E70221CAE7AFF300808F
:10B38000E803000000000000D007000000000000FB
:10B39000387D0020F5000020803800207C810020CE
:10B3A000D838002089810020182D00206C5E030809
:10B3B00035FA8E3CB18E0020B8100020B410002069
:10B3C000207D00204C000020987503086F12833AFE
:10B3D000E0000020347D00206F12033B0000A040FD
:10B3E00038B58348834A202100F01CF98148034680
:10B3F00000F1200102E08B4200F085801A78FF2ADC
:10B4000003F10103F7D00023C3777B4C7A4A7B48D2
:10B4100040F6EF4100F006F9234604F6EF4102E062
:10B42000994200F086801A78FF2A03F10103F7D0D1
:10B43000734B22689A4269D1DFF8E4E1D4F80752ED
:10B4400070490EF1FF300EF6FF5C4FF0FF3310F83D
:10B45000012F5A4012F0010318BF0B4683EA520332
:10B4600013F0010218BF0A4682EA530212F00103E8
:10B4700018BF0B4683EA520313F0010218BF0A46B5
:10B4800082EA530212F0010318BF0B4683EA52030B
:10B4900013F0010218BF0A4682EA530212F00103B8
:10B4A00018BF0B4683EA520313F0010218BF0A4685
:10B4B000604582EA5303CAD1DB439D4240D14E4BE3
:10B4C000002203F6EC4053F8041B834282EA010297
:10B4D000F9D194F8ED1C94F8EC3C4B405340C2F386
:10B4E00007214B40C2F307414B4083EA126394F8B3
:10B4F000EE2CDBB29A422AD00423002084F89C323E
:10B50000FFF750FC08E0002303707EE702230020D1
:10B5100084F89C32FFF746FC3B4A3C491278CB78D2
:10B52000C2F3C00262F3C303CB70BDE83840FFF73B
:10B53000ABBE0523002084F89C32FFF733FCEBE719
:10B540000323012084F89C32FFF72CFCE4E7304D04
:10B55000002327E0DEED037ADEED046AB4EEE77A3D
:10B56000F1EE10FA224408D4B4EEE67AF1EE10FAC5
:10B57000D4BFF0EE477AF0EE667A9EF80400032816
:10B5800017EE90CA18BFFCEEE77AC2F807C016BFE4
:10B5900017EE902AC1ED007A0A700133802B0EF16C
:10B5A0001C0E15D0DEF8001004EB83020029F4D045
:10B5B000D2F807209EF8050007EE102A9A0000280E
:10B5C000C8D005EBC000D0ED007AD0ED016AC5E728
:10B5D000104B1B781A1F012A05D923B10E480F4AB8
:10B5E000037001211170012384F89C3294E700BF9D
:10B5F0000050000890810020B88100200040000821
:10B60000E6BEEDFE2083B8EDAB8E00203C7D002031
:10B61000C874030801A10020A78E0020B08100207B
:10B62000C866030881B34B1E052B70B502F1FF33CA
:10B63000154620D91A1A022A1DD921F003048E08B2
:10B6400002190346A5EB000ED3F800C04EF803C064
:10B6500004339342F8D1A1420CD01B7805F8263070
:10B66000631C994206D90234C25CEA54A14201D952
:10B67000035D2B5570BD01301944401BC25C03F8BB
:10B68000012F8B42FAD170BD704700BF10B582B058
:10B69000044614F0FDFCF32014F012FD02212046B4
:10B6A00014F05EFD019014F003FD0198A0F1080074
:10B6B000B0FA80F0400902B010BD00BF2DE9F041A2
:10B6C00090461D4670B10C4614F0E2FCF32014F0D5
:10B6D000F7FC0221204614F043FD044614F0E8FC78
:10B6E000082C1AD114F0D4FCF32014F0E9FCBDB1FD
:10B6F000069B08F104061C1FF61AC3F1040701E0BB
:10B700009D420DD9301954F8041F14F059FD082832
:10B7100007EB0403F4D014F0CBFC0020BDE8F0816B
:10B7200014F0C6FC154B1A6822F480621A601A687D
:10B7300042F480521A601A6822F480521A60BFF3F1
:10B740004F8FCDB1069B069A013B08F101001D44C5
:10B75000801A01E0AB420FD0C25C13F8011F52B255
:10B760008A42F7D00020054A136843F480631360CF
:10B77000BFF34F8FBDE8F0810120F4E7003C0240A9
:10B780003A4AC0EBC00110B502EB810284B05468A4
:10B79000A28A92B20292029A029A12F4E06F0346CF
:10B7A00010D1A28A324903EB4303DB00C81822F40C
:10B7B00070624FF0010CA28201F803C000234370B5
:10B7C00004B010BD0190208B80B2002203904FF492
:10B7D0008061204614F052FC029A019B12F4007F13
:10B7E000DFD122889205DCD42288D0051AD51E200C
:10B7F000F1F726F9019B47F2305201E0013A23D0DC
:10B800002188C905FAD447F2305201E0013A02D04A
:10B8100021888805FAD401212046019314F00AFCFE
:10B82000019BBEE701212046019314F003FC1F2079
:10B83000F1F706F9019B47F2305201E0013AB0D02E
:10B8400021888905ADD5F9E703EB43030849DB00FF
:10B850004FF0010C01F803C00B4420464FF4E061A7
:10B860005A7004B0BDE8104014F008BCB876030864
:10B87000588F0020B74AC0EBC00302EB83032DE9C9
:10B88000F0435D68AB8A13F0010187B0044673D1C1
:10B8900013F0020C45D0BFF35F8FAF4F00EB4008B1
:10B8A00007EBC8084600B8F80E309BB2012B00F039
:10B8B0002E812B8B8DF81730BFF35F8F06EB0408BA
:10B8C00007EBC808C4EBC40302EB8302B8F80E30E0
:10B8D00055689BB2022B00F0438106EB040807EB8E
:10B8E000C808B8F80E309BB2032B07D198F80B307C
:10B8F00023B198F80830002B40F0408101224FF42A
:10B900008061284614F0BAFB331907EBC303DB89C7
:10B91000924A9BB2125701339A421CD007B0BDE83D
:10B92000F08313F0040261D1DFF8308218F90010BF
:10B9300013F04000814640F049811A06864F00F11D
:10B940008B8104EB4403660007EBC303DB899BB2E6
:10B9500001339942E2D1331907EBC30300221A7273
:10B960005B7A002B40F0EF80264407EBC6060023ED
:10B97000737007B0BDE8F0832B88DFF8E081764F65
:10B9800023F400632B800121284614F067FB002379
:10B9900008F8043004EB440307EBC3036600DA7ACB
:10B9A000002A6BD01A7A002A65D0331907EBC3033B
:10B9B00001221A72DB899BB2022B03D12B8843F43C
:10B9C00000632B80331907EBC3030122197B00931B
:10B9D000284614F039FB009BDB8918F904209BB240
:10B9E00001339A42B7D007B0BDE8F0835A4F00EB5D
:10B9F000400307EBC30301225A724600D87A00289D
:10BA000050D0197A00294DD0D98989B2022900F283
:10BA100062815B7A11462846002B00F0598114F0B0
:10BA200009FBDFF83881331907EBC30318F9042049
:10BA30005969009202F1010C2846CDE9011308F87A
:10BA400004C014F017FBDDE90021029B88545A69F9
:10BA500018F904300192591C2846009308F8041084
:10BA600014F008FBDDE90032D05418F8043001333B
:10BA700008F8043034E05B7BFF2B96D0331907EBDA
:10BA8000C3030022197B0093284614F0DDFA009BC3
:10BA90005A7BFF2AA0D0DB89FF2208F8042007B0D8
:10BAA000BDE8F08306EB040807EBC80898F80830F7
:10BAB00023B998F80A30002B00F0BC80331907EB4B
:10BAC000C30301215B7A2846002B00F0B08014F0FC
:10BAD000B1FADFF8888018F80430013308F8043030
:10BAE0002020F0F7ADFF47F2305201E0013A4ED08E
:10BAF0002B88D905FAD4331907EBC30318F90420AE
:10BB0000DB899BB201339A427FF408AF23E798F8B0
:10BB10000B0000283FF4CDAE98F8080000283FF451
:10BB2000C8AE2846009314F099FABFF35F8F2A8BB2
:10BB300000998DF81720284614F07CFA009B88F8AD
:10BB400009301A461BE028464FF4407114F096FA6B
:10BB50000AE700BFB8760308588F0020B48E002093
:10BB600098F80B30002B3FF4B8AE98F80830002B53
:10BB70003FF4B3AE0021284614F070FA00224FF4CF
:10BB80008061284614F07AFAB8F80E30C0E6311910
:10BB900007EBC10C18F90400BCF80E309BB201335E
:10BBA00098424FEAC1013FF4D6AEDCF804300133CD
:10BBB000CCF8043001237B5428464FF4E0618CF824
:10BBC000012007B0BDE8F04314F058BA5C4F03926F
:10BBD00004EB440307EBC303481C5A6908F804004C
:10BBE0002846CDE90023029114F044FA009A029904
:10BBF000019B505418F90410DB89039A9BB2C81CAE
:10BC000083424FEA44061FD0331907EBC303DA8996
:10BC1000DB8992B28A427FF49AAE4A1C9BB252B23E
:10BC200001339A4208F804207FF478AE93E614F0CA
:10BC3000F7F94EE70121284614F0F2F9012388F8BC
:10BC40000830DFF800814BE74FF48061284614F09C
:10BC500015FA18F90410D7E74B1C1ED004EB440367
:10BC600007EBC3034A1C08F804201A690093515CCF
:10BC7000284614F0FDF9009B18F90410DA8992B2F5
:10BC80008A424FEA44067FF461AE4A464FF480612F
:10BC9000284614F0F3F9009B9EE604EB440307EBFF
:10BCA000C30308F80400597B0093284614F0E0F918
:10BCB000009BDA7A660022B9DA8992B2002A7FF410
:10BCC0008BAE00224FF48061284614F0D7F912E7BA
:10BCD00014F0A6F9A5E6DFF86C80009361462846CB
:10BCE00014F0BCF9009B18F904105A69029101F193
:10BCF000010C2846CDE9002308F804C014F0BAF975
:10BD0000009A029950542846012114F093F9019B9E
:10BD100001225A72596918F90430019103EB020C9F
:10BD20002846009308F804C014F0A4F9DDE90031B6
:10BD30000122C8544FF48061284614F09FF9CFE6E1
:10BD4000588F0020B48E0020F8B505463B483C4E85
:10BD5000DDF818E000EB0510C4783A48C4EBC407DE
:10BD600000EB870004EB440C476806EBCC004FEA7D
:10BD7000CC0C01734273012100228272C1720272E3
:10BD8000427206F80C20C0F814E0C0F810E0C3813D
:10BD90004170BB88980507D43B88D90532D504EBA0
:10BDA0004403DB00F35C33B304EB4401C80047F207
:10BDB000305306EBC10101E0013B04D04A78002A70
:10BDC000FAD1335CABB104EB440306EBC3030026AA
:10BDD0005E705A6801325A601B4B05EB450503EB58
:10BDE000850320469A6801329A6000F0ADFD304626
:10BDF000F8BD0120F8BD012238464FF4407114F01F
:10BE00003DF9D1E72120F0F71BFE47F2305301E066
:10BE1000013B07D03A889205FAD40121384614F044
:10BE2000FFF8BCE704EB4403DB000122F25404EB0F
:10BE30004403DB00F35C002BB6D1DCE7C08F0020AD
:10BE4000588F0020B8760308E08E0020F0B5A1B02E
:10BE50001C06DDF898E07CD406465848584D00EBA7
:10BE60000610C47804EB440005EBC00CC0008CF84D
:10BE70000C108CF80D20012100228CF808208CF881
:10BE800009208CF80A108CF80B202A54CCF810D01A
:10BE90006A46CCF814D0ACF80E308CF8011063B3BD
:10BEA000591E05296BD90DF1FF31A1EB0E000228B7
:10BEB000714664D903F0FC0CF44451F8040B42F8C9
:10BEC000040B6145F9D19F0717D003F0FC02511C08
:10BED0000DEB0200C9B21EF8027007708B420CD93C
:10BEE00002320DEB0100D2B21EF801100170934234
:10BEF00003D91EF802306A441370324BC4EBC402FB
:10BF000003EB82035F68BB88980525D504EB4401E9
:10BF1000C80047F2305305EBC10101E0013B04D0FA
:10BF20004A78002AFAD12B5C33B3274A04EB440346
:10BF300005EBC30306EB460602EB860200215970AF
:10BF40005D6891680135013120465D60916000F0C7
:10BF5000FBFC002021B0F0BD3B88D90518D504EBCF
:10BF60004403DB00EB5C002BD0D1012238464FF4B8
:10BF7000407114F083F8C9E7012021B0F0BD71468B
:10BF8000734411F8010B02F8010B9942F9D1B4E79F
:10BF90002220F0F755FD47F2305301E0013B07D076
:10BFA0003A889205FAD40121384614F039F8D6E7D8
:10BFB00004EB4403DB000122EA54D0E7C08F0020E9
:10BFC000588F0020B8760308E08E002070B5594BDA
:10BFD00084B01878182108F02DF9574B93F83020C9
:10BFE00042B956495648CB79026062F30413CB71CB
:10BFF00004B070BDF5F7AEF94F4B524A93F83130AB
:10C00000012BC2E9020167D0022B53D0002B73D160
:10C010004A4C4B48E2794C4901934FF4803CC0F8BC
:10C0200000C042F0100220200860E27118464FF074
:10C03000FF350DF10F0201218DF80F50F4F7B6FC1A
:10C0400055210DF10F028DF80E1001989DF90F602A
:10C050008DF80F500121F4F7A9FC9DF90F209DF9EF
:10C060000E1091425CD1FF230DF10F02012100203F
:10C070008DF80F30F4F79AFCFF230DF10F02012128
:10C0800000209DF90F408DF80E608DF80F30F4F709
:10C090008DFC9DF90F309DF90E209A4235D127492C
:10C0A000A4F15502CB79B2FA82F2520962F3041379
:10C0B000CB719DE7244B22494FF480724FF4003C32
:10C0C00030201A60C1F800C0FFF7E0FA1B4AD379AC
:10C0D00060F30413D3718BE71B4B19494FF4807243
:10C0E0004FF400001A600860EEF7F6FA134AD379AD
:10C0F00060F30413D3717BE7104A1148D379002110
:10C1000061F304130160D37172E70C4BDB79DB063A
:10C11000C5D50DF10E0201210020F4F70DFCBEE79C
:10C12000E279D2069FD501980DF10E020121F4F7B4
:10C1300003FC98E770900020987503083C7D002070
:10C14000BC8F0020782F0020B88F0020F0B585B07C
:10C15000CDE9023204460D46F5F7FCF80F462649B4
:10C1600001EB041106468878DDE9023240B1294628
:10C170002046EFF711F9034663B9184605B0F0BD44
:10C1800009790093204613462A46FFF7DDFD034652
:10C19000002BF2D00293F5F7DDF8801B61EB07016D
:10C1A000ECF7DAFC154A029B04EB440102EB810137
:10C1B00091ED007A07EE900AB5EE407AF1EE10FAB2
:10C1C00004EB440414BF37EE877AB0EE677A02EBD3
:10C1D0008402FCEEE77A506817EE901A1CBFF6EE68
:10C1E000006A27EE267A8142184682ED007A88BFDF
:10C1F000516005B0F0BD00BFC08F0020E08E002070
:10C20000F0B585B0CDE9023204460D46F5F7A2F847
:10C210000F46264901EB041106468878DDE9023213
:10C2200040B129462046EFF79DF9034663B9184609
:10C2300005B0F0BD09790093204613462A46FFF762
:10C2400005FE0346002BF2D00293F5F783F8801B1E
:10C2500061EB0701ECF780FC154A029B04EB4401FB
:10C2600002EB810191ED007A07EE900AB5EE407A7B
:10C27000F1EE10FA04EB440414BF37EE877AB0EE07
:10C28000677A02EB8402FCEEE77A506817EE901AA8
:10C290001CBFF6EE006A27EE267A8142184682ED30
:10C2A000007A88BF516005B0F0BD00BFC08F00208C
:10C2B000E08E0020F0B585B004460D46F5F74AF84B
:10C2C000264B03EB041306469A780F465AB10DF13C
:10C2D0000F03294601222046EFF75EF870B99DF85A
:10C2E0000F0005B0F0BD19790DF10F0300932A4638
:10C2F00001232046FFF728FD0028F0D0F5F72AF8A3
:10C30000801B61EB0701ECF727FC154B04EB4402A3
:10C3100003EB820292ED007A07EE900AB5EE407AC6
:10C32000F1EE10FA04EB440414BF37EE877AB0EE56
:10C33000677A03EB8403FCEEE77A596817EE902ADC
:10C340001CBFF6EE006A27EE267A8A4283ED007A59
:10C3500088BF5A609DF80F0005B0F0BDC08F002067
:10C36000E08E0020F0B585B004468DF80F200D4614
:10C37000F4F7F0FF274B03EB041306469A780F46B9
:10C380005AB10DF10F03294601222046EFF7EAF8D2
:10C39000034673B9184605B0F0BD19790DF10F03C6
:10C3A00000932A4601232046FFF750FD0346002B49
:10C3B000F0D00293F4F7CEFF801B61EB0701ECF79E
:10C3C000CBFB154A029B04EB440102EB810191ED8A
:10C3D000007A07EE900AB5EE407AF1EE10FA04EB1F
:10C3E000440414BF37EE877AB0EE677A02EB84021A
:10C3F000FCEEE77A506817EE901A1CBFF6EE006A62
:10C4000027EE267A8142184682ED007A88BF516075
:10C4100005B0F0BDC08F0020E08E0020F0B585B0E3
:10C4200004460D46F4F796FF264B03EB041306462D
:10C430009A780F465AB10DF10F0329460122204682
:10C44000EEF7AAFF70B99DF80F0005B0F0BD19799D
:10C450000DF10F0300932A4601232046FFF774FCD9
:10C460000028F0D0F4F776FF801B61EB0701ECF7B2
:10C4700073FB154B04EB440203EB820292ED007A4E
:10C4800007EE900AB5EE407AF1EE10FA04EB4404A0
:10C4900014BF37EE877AB0EE677A03EB8403FCEEC5
:10C4A000E77A596817EE902A1CBFF6EE006A27EE6D
:10C4B000267A8A4283ED007A88BF5A609DF80F0081
:10C4C00005B0F0BDC08F0020E08E00202DE9F041C6
:10C4D0002A4C04EB001484B094F802C0BCF1000FA5
:10C4E00004D004B0BDE8F041FFF730BE1E46CDE9F0
:10C4F00002120546F4F72EFF884621790096DDE901
:10C500000223074601F0FE012846FFF71DFC044602
:10C5100018B9204604B0BDE8F081F4F71BFFC01B3A
:10C5200061EB0801ECF718FB154B05EB450203EB3B
:10C53000820292ED007A07EE900AB5EE407AF1EEB3
:10C5400010FA05EB450018BF37EE877A03EB80033E
:10C5500008BFB0EE677AFCEEE77A596817EE902ACA
:10C560001CBFF6EE006A27EE267A20468A4283ED4B
:10C57000007A88BF5A6004B0BDE8F081C08F002007
:10C58000E08E0020F0B587B004468DF817200D46E8
:10C59000F4F7E0FE274B03EB041306469A780F46A8
:10C5A0005AB10DF11703294601222046EEF7DAFFB2
:10C5B000034673B9184607B0F0BD19790DF117039A
:10C5C00000932A4601232046FFF740FC0346002B38
:10C5D000F0D00393F4F7BEFE801B61EB0701ECF78C
:10C5E000BBFA154A039B04EB440102EB810191ED78
:10C5F000007A07EE900AB5EE407AF1EE10FA04EBFD
:10C60000440414BF37EE877AB0EE677A02EB8402F7
:10C61000FCEEE77A506817EE901A1CBFF6EE006A3F
:10C6200027EE267A8142184682ED007A88BF516053
:10C6300007B0F0BDC08F0020E08E00202DE9F04F44
:10C6400089B0002A64D0984613440493A1EB0803F0
:10C650000393324B00EB4002054603EB82094FF097
:10C66000010B0DF11F07039B08EB030218F8013BB8
:10C670008DF81F305FFA82FAF4F76CFE284B0E46F5
:10C6800003EB0511044688783B4678B151460122F8
:10C690002846EEF767FF034693B903EA0B0B049BAA
:10C6A0004345E0D1584609B0BDE8F08F09790097BD
:10C6B000012352462846FFF7C9FB0346002BECD066
:10C6C0000593F4F747FE001B61EB0601ECF744FA13
:10C6D00099ED007AD9F80410059B07EE900AB5EEA3
:10C6E000407AF1EE10FA18BF37EE877AF0EE676AFB
:10C6F000FCEEE77AB6EE006A17EE902A18BF67EEF6
:10C70000066A8A42C9ED006A88BFC9F80420C4E7F6
:10C710004FF0010B584609B0BDE8F08FE08E0020C5
:10C72000C08F00208188006813F0F8BF03688288FA
:10C7300009B11A8370475A83704700BF0268838823
:10C7400051694B405361704730B5044683B0684629
:10C750000D4613F0DDFF23782289009283B1B5FAEC
:10C7600085F35B094FF0000C4FF4807260688DF820
:10C77000043069468DF805C0ADF8062013F076FF49
:10C7800003B030BD30B500248DB021464FF080405D
:10C79000CDE90444069413F039FF0121084614F052
:10C7A000DFFB04A813F084FD07A813F073FE2148F3
:10C7B00013F01EFF4FF4817304A8ADF8053013F099
:10C7C00077FD4FF6FF72532302A801250592ADF8BD
:10C7D000103013F09DFF184B1848039302A90295DF
:10C7E00013F044FF2A462146144813F0A1FF1C23EE
:10C7F00001A88DF804308DF8075014F0F1F804A961
:10C800004FF0804013F0FCFC0A4813F0F1FE094998
:10C810004FF080400C8013F061FE2A4602214FF059
:10C82000804013F003FF29464FF0804013F048FD8D
:10C830000DB030BD609000200203000100000240F6
:10C840002DE9F0473C493D4F0B7AC0EBC00223F085
:10C85000080382B00B7217F8223007EB820413B979
:10C8600002B0BDE8F0878246684613F051FFA56824
:10C87000A689334B019369462846009613F0F6FECD
:10C880002369A48A009418466946984613F0EEFE80
:10C890003146284613F048FF2146404613F044FF36
:10C8A000A14609243146284613F040FF0520F4F73D
:10C8B0008FFD3146284613F037FF0520F4F788FD39
:10C8C000631E13F0FF04EDD14946404613F02EFFDE
:10C8D0000520F4F77DFD3146284613F027FF05209B
:10C8E000F4F776FD3146284613F01EFF0520F4F7D5
:10C8F0006FFD4946404613F017FF124B01936946FE
:10C900002846009613F0B2FECAEBCA0307EB830772
:10C9100028463C7EF989224613F00AFF69464046C4
:10C92000CDF8009013F0A2FEF98A2246404613F09B
:10C93000FFFE02B0BDE8F0873C7D0020B87603081A
:10C94000010201010202010130B55F4BC0EBC002E0
:10C9500003EB820413F8223089B00BB909B030BD63
:10C96000227EE18901920546A06813F0E1FE019A5A
:10C97000E18A206913F0DCFE2846FFF761FF022DF3
:10C980005AD0032D2DD0012D40F0818029464FF43F
:10C99000001014F0E5FA4D4813F088FA04A813F0DB
:10C9A00027FB002249484FF4407113F067FB484BC6
:10C9B0004648049304A913F0AFFA2946434813F0FC
:10C9C00025FB4FF4A06014F001F8424B039303A839
:10C9D00014F006F81F2303A88DF80C3014F000F8AB
:10C9E000BCE701214FF4000014F0BAFA3A4813F002
:10C9F0005DFA04A813F0FCFA002237484FF44071A6
:10CA000013F03CFB324B3448049304A913F084FA2E
:10CA10000121314813F0FAFA4FF4A06013F0D6FF69
:10CA20002E4B039303A813F0DBFF482303A88DF8D4
:10CA30000C3013F0D5FF91E701214FF4800014F082
:10CA40008FFA274813F032FA04A813F0D1FA002223
:10CA500023484FF4407113F011FB1D4B2048049301
:10CA600004A913F059FA01211D4813F0CFFA4FF42D
:10CA7000A06013F0ABFF1B4B039303A813F0B0FFB0
:10CA8000212303A88DF80C3013F0AAFF66E7646831
:10CA9000204613F00BFA04A813F0AAFA002220464D
:10CAA0004FF4407113F0EAFA094B049304A92046AD
:10CAB00013F032FA2046012113F0A8FA4FF4A060D7
:10CAC00013F084FF4AE700BFB87603080054004023
:10CAD000801A060020000001005C004049000001AF
:10CAE00000580040220000012DE9F041514B420165
:10CAF00003EB40159B5C8AB013B90AB0BDE8F08126
:10CB00006C680190204614F045F903A813F000FE6C
:10CB1000AB6840F202221846ADF8102003A9AA899A
:10CB200003921F4613F0A2FD2A69164603A9AA8A9A
:10CB30000392304613F09AFDAA691346184603A9DA
:10CB40009046AA8B039213F091FD019B022B59D0C2
:10CB5000032B3FD0012B16D119464FF4805014F00F
:10CB60000BFA6420F4F734FC05221146384613F022
:10CB7000DFFD05220621304613F0DAFD05220721EC
:10CB8000404613F0D5FD05A814F060F900252A4BA6
:10CB9000CDF81E304FF4827205A92046ADF816205C
:10CBA000CDF81A5014F02CF92946204614F066F9F5
:10CBB0000121204614F052F90221204614F068F9B0
:10CBC0000028F9D0204614F053F98DF80B000AB074
:10CBD000BDE8F08101214FF4004014F0C1F9642058
:10CBE000F4F7F6FB384606220A2113F0A1FD304681
:10CBF00006220B2113F09CFD06220C21404613F067
:10CC000097FDC0E701214FF4804014F0A9F964209A
:10CC1000F4F7DEFB384605220D2113F089FD30467E
:10CC200005220E2113F084FD05220F21404613F04A
:10CC30007FFDA8E73876030800023000F0B589B020
:10CC400090F800C004460020CDE90300CDE90500BE
:10CC50000790BCF1000F01D109B0F0BD68461F4636
:10CC600016460D4613F054FD03238DF80530238935
:10CC70000093237B8DF80430637B8DF80630606869
:10CC8000A37B8DF80730694613F0F0FC237C002B62
:10CC9000E2D094F820206189606813F049FD03A870
:10CCA00013F0F8FB334A03920422ADF81020238BD3
:10CCB00005970222ADF818204FF48072ADF81C20C1
:10CCC0000C2B10D8DFE803F04D0F0F0F440F0F0FA0
:10CCD000070F0F0F3B00606903A913F071FB606938
:10CCE000082113F0EDFB684613F0E2FA6069224B6D
:10CCF000984212D003F5806398420ED003F570532A
:10CD000098420AD003F58063984206D003F5806309
:10CD1000984202D06908013900E0691E721EADF820
:10CD200000100121019213F0CBFA6069694613F0FB
:10CD300067FA6069012113F069FC09B0F0BD606910
:10CD400003A913F079FB6069082113F0BFFBCAE760
:10CD5000606903A913F0F8FA6069082113F0A8FBD1
:10CD6000C1E7606903A913F0B5FA6069082113F0FF
:10CD700099FBB8E7700001000000014040B10628AF
:10CD800006D03422134B02FB00F01A181B5C03B9C7
:10CD9000704710B5536886B01846019100211C46B3
:10CDA000009213F0D5FE02A813F0C8FE009A019B72
:10CDB000D08BADF80E00928B029302A92046ADF8FD
:10CDC000102013F05FFE0121204613F0C1FE06B0D3
:10CDD00010BD00BF007803082DE9F0433423914DC6
:10CDE00000FB03F399B0EB5C04465BB10F460628E9
:10CDF0001DD8DFE810F010001800DA00E000E600AF
:10CE0000EC000C00884A135419B0BDE8F083864B3F
:10CE100001229A71F8E7844B01221A7019B0BDE81B
:10CE2000F04302F0E7BC0121102014F0A5F803A89C
:10CE300013F06EFC342303FB045340F20222986883
:10CE4000ADF8102003A99A8901930392009013F082
:10CE50000DFCDDE9000393F82120D98900931646E3
:10CE600013F066FC009B9A8A9046002A40F0CC8022
:10CE700005A813F063FE342303FB045305A99A6944
:10CE800058680592DA8BADF81A209A8B0093064603
:10CE90008146ADF81C2013F0F5FD009B634A644801
:10CEA00093F8201040F2012EADF809E04FF0000C8D
:10CEB0004FF0010E8DF80BE022F814C05D4A20F807
:10CEC00014C022F814C0002900F0878009A800933C
:10CED00013F024FD009B1A6B4FF480630F930D93A6
:10CEE0004FF4803313931046331D90461E460A9329
:10CEF00013F052FC404613F033FD0028FAD13423DE
:10CF000003FB04554C4B0C9003EB84230B936B6A8F
:10CF1000099309A94FF48073404612930A9613F0BF
:10CF2000CBFC0121404613F00BFD01224021484675
:10CF300013F020FE404613F00FFD404BC0F580601B
:10CF400023F814003E4B23F8140095F82C308DF88C
:10CF5000083002A813F044FDAB6A18461E4613F0D1
:10CF60001BFC304613F0FCFC05460028F9D1402399
:10CF700009A9129030460C9313F09EFC29463046C6
:10CF800013F0E8FC01223046102113F0EDFC0122E1
:10CF90008021484613F0EEFD234B01211F554846E2
:10CFA00013F0D6FD19B0BDE8F08301214FF4003035
:10CFB00013F0D6FF3BE701214FF4802013F0D0FFA0
:10CFC00035E701214FF4002013F0CAFF2FE70121BC
:10CFD0004FF4801013F0C4FF29E7184A93F8223069
:10CFE00022F81410164A02A822F814108DF80830FE
:10CFF00013F0F6FCB8F1000FCED0012240F225511B
:10D00000304613F0C1FDC7E71869039203A9CDE9C3
:10D01000000313F02BFB019B0098D98A324613F0D2
:10D0200087FB25E700780308EC4300202C600020F4
:10D030003C6000204C60002014440020F443002099
:10D0400004440020704700BF704700BF30B52E4831
:10D050009BB013F0A1FB2C4813F082FC044600287F
:10D06000F9D10BA813F05AFC284B294A0C934FF422
:10D0700080630D9211934FF400624FF40053CDE999
:10D0800012234FF4807C4FF4003306251E480B9486
:10D090000BA9CDE914C3CDE90F5413F00DFC012108
:10D0A00019481C4C13F04CFC01A813F0F7FD01A823
:10D0B00013F0DEFD05A813F0D1FD40F20113164870
:10D0C0008DF8285005A9ADF8183013F09FFD04F134
:10D0D000D80594F82020217C60680223243413F0C2
:10D0E000EDFDAC42F5D10C48012113F049FE0A4890
:10D0F000012113F03BFE0121074813F0D5FD06483E
:10D1000013F02EFE1BB030BD106402404C200140D5
:10D110004838002028770308002001402DE9F04717
:10D12000BA4884B0012113F003FF0121002013F05D
:10D130000BFFB748012113F013FFB648012113F08C
:10D140001BFF01214FF4001013F0F2FE01214FF4F8
:10D15000800013F0EDFE01211F2013F0E9FE13F013
:10D1600049FF684613F0D4FA4FF6FF720323AA482A
:10D17000009269468DF8043013F078FAA7486946A2
:10D1800013F074FAA648694613F070FAA548694688
:10D1900013F06CFA6946A44813F068FA4FF4A060E3
:10D1A00013F014FCA14AA24B01210A20106008468A
:10D1B0001960FFF711FE0AF0F7FA9E4B1978002963
:10D1C00040F084819C4B9A7961F382029A71DA79FA
:10D1D00042F00202DA71DB799B0700F17181974B13
:10D1E0008D4E042001211860FFF7F6FD944B0022BC
:10D1F000082502A81A7040F2013413F089FA0DEBE9
:10D2000005018548CDE9025413F030FA75830DEB22
:10D21000050013F07DFA1025304602A9CDE902542D
:10D2200013F024FA758302A813F072FA4FF4006524
:10D2300002A97A48CDE9025406F5806613F016FA81
:10D24000758302A813F064FA4FF48055304602A9A2
:10D25000CDE9025413F00AFA7A4C75837A4EF8F746
:10D26000EDFC06F1A005A6469EE80F0086E80F003B
:10D270001036B5420EF1100EF6D102A813F048FA9E
:10D28000724D6948724E03954FF4805302A9029380
:10D2900013F0ECF902A813F03BFA4FF0020902A9CF
:10D2A0006148CDE9029613F0E1F902A813F030FAD3
:10D2B0004FF4007802A959480396CDF8088013F07E
:10D2C000D5F902A813F024FA402702A95348039580
:10D2D000029713F0CBF902A813F01AFA802602A9DC
:10D2E0004E480395029613F0C1F9F8F71FFC4E4B18
:10D2F0004FF4006AA3F81AA002A8A5F5807513F0F0
:10D3000007FA02A94448CDF80880039513F0AEF956
:10D31000414B02A8A3F81A8013F0FAF94FF4807871
:10D3200002A93D480395CDF8088013F09FF93A4BC8
:10D3300002A8A3F81A8013F0EBF902A93648CDE948
:10D34000026513F093F9344B02A85E8313F0E0F901
:10D3500002A93148CDE9027513F088F92E4B02A8D5
:10D360005F8313F0D5F902A92F48CDE902A513F088
:10D370007DF92D4A02A8A2F81AA013F0C9F902A952
:10D380002948CDE9028513F071F9274A02A8A2F8CD
:10D390001A8013F0BDF902A92348CDE9027513F0F4
:10D3A00065F9214A02A8578313F0B2F902A91E4871
:10D3B000194FCDE9026513F059F91B4A02A85683AB
:10D3C00013F0A6F9012602A913480395029613F05B
:10D3D0004DF902A87E8313F09BF902A93846CDE9E6
:10D3E000029513F043F91B4BA7F81A901B784B4595
:10D3F00003D0194B1B781A2B5FD1184B00221A70DF
:10D40000F5F748F9164D174F40E000BF1F90670031
:10D41000FFC9FE36335F07000004024000080240E7
:10D42000000C0240001002400000024000000020FA
:10D4300070900020840000203C7D00206C90002033
:10D44000DC04002098750308C08F00200103000150
:10D45000000300010C000020F5000020C0060020A1
:10D460003876030801020001FFF73EFB02A813F023
:10D470004FF9A668A38902A93046CDE9023713F017
:10D48000F5F8A38933831034AC420BD02378002BFA
:10D49000F9D0A378E078002BE6D11034FFF754FAE6
:10D4A000AC42F3D10A20F4F71FF8FFF7CFFD0A20B2
:10D4B000F4F71AF804B0BDE8F087ECF7C3FA9FE779
:10D4C0000A4B02201860FFF787FC88E6084A094CDF
:10D4D000D37923F00203D3719379022043F004033C
:10D4E000002193712060FFF777FC78E678900020A8
:10D4F0003C7D00207490002000B5012183B00846D7
:10D5000013F016FD40F202334FF4C05269460D4845
:10D51000CDE9002313F0AAF80A480A220B2113F0E0
:10D5200007F90A2207480C2113F002F901214FF4F0
:10D53000804013F021FD0121802013F005FD03B090
:10D5400000BD00BF0000024000B54FF4C06083B0D2
:10D5500013F03CFA034B019301A813F041FA03B016
:10D5600000BD00BF43010301704700BF704700BF0B
:10D570004FF4802013F074B8014800F065BE00BF7E
:10D58000E498002010B5044601F07CF9627801208F
:10D59000002384F8120184F81431002A00F0CD81B0
:10D5A0004FF48071A4F81C1182424FF04001C4E98D
:10D5B0004913A4F8223184F81F31C4F8303100F047
:10D5C000CE81A4F84A01022A40F20110C4E95313A3
:10D5D00084F84731C4F85831A4F8440100F0D280EF
:10D5E0004FF48170A4F86C01032A4FF00200C4E9E3
:10D5F0005D13A4F8720184F86F31C4F8803100F033
:10D60000C18040F20310A4F89401042A4FF00300F3
:10D61000C4E96713A4F89A0184F89731C4F8A831D3
:10D6200000F0B0804FF48270A4F8BC01052A4FF0DE
:10D630000400C4E97113A4F8C20184F8BF31C4F82E
:10D64000D03100F09F8040F20510A4F8E401062AD2
:10D650004FF00500C4E97B13A4F8EA0184F8E73130
:10D66000C4F8F83100F08E804FF48370A4F80C02F7
:10D67000072A4FF00600C4E98513A4F8120284F8C3
:10D680000F32C4F820327DD040F20710A4F83402E3
:10D69000082A4FF00700C4E98F13A4F83A0284F86F
:10D6A0003732C4F848326DD04FF48470A4F85C026D
:10D6B000092A4FF00800C4E99913A4F8620284F81B
:10D6C0005F32C4F870325DD0092140F20910A4F82D
:10D6D0008A120A2A4FF04001C4E9A313A4F8840275
:10D6E00084F88732C4F898324CD04FF48570A4F88F
:10D6F000AC020B2A4FF00A00C4E9AD13A4F8B20241
:10D7000084F8AF32C4F8C0323CD040F20B10A4F819
:10D71000D4020C2A4FF00B00C4E9B713A4F8DA02C4
:10D7200084F8D732C4F8E8322CD04FF48670A4F8CD
:10D73000FC020D2A4FF00C00C4E9C113A4F8020347
:10D7400084F8FF32C4F810331CD040F20D10A4F856
:10D7500024030E2A4FF00D00C4E9CB13A4F82A03CA
:10D7600084F82733C4F838330CD04FF48770C4E9F9
:10D77000D513A4F84C030E20A4F8520384F84F33B9
:10D78000C4F86033002340210120022AC4E9DF13DA
:10D79000C4E9E913A4F87433A4F87A3384F877332E
:10D7A000C4F88833A4F89C03A4F8A20384F89F3338
:10D7B000C4F8B03300F0C1800220032AC4E9F31397
:10D7C000A4F8C403A4F8CA0384F8C733C4F8D83350
:10D7D00000F0B3800320042AC4E9FD13A4F8EC038D
:10D7E000A4F8F20384F8EF33C4F8003400F0A58005
:10D7F0000420052AA4F81404A4F81A0484F81734A1
:10D80000C4F81C14C4F82034C4F8283400F09580FF
:10D810000520062AA4F83C04A4F8420484F83F3406
:10D82000C4F84414C4F84834C4F8503400F0858077
:10D830000620072AA4F86404A4F86A0484F867346C
:10D84000C4F86C14C4F87034C4F8783475D0072068
:10D85000082AA4F88C04A4F8920484F88F34C4F83D
:10D860009414C4F89834C4F8A03466D00820092A67
:10D87000A4F8B404A4F8BA0484F8B734C4F8BC1407
:10D88000C4F8C034C4F8C83457D009200A2AA4F810
:10D89000DC04A4F8E20484F8DF34C4F8E414C4F827
:10D8A000E834C4F8F03448D00A200B2AA4F8040560
:10D8B000A4F80A0584F80735C4F80C15C4F8103527
:10D8C000C4F8183539D00B200C2AA4F82C05A4F87C
:10D8D000320584F82F35C4F83415C4F83835C4F847
:10D8E00040352AD00C200D2AA4F85405A4F85A0576
:10D8F00084F85735C4F85C15C4F86035C4F8683549
:10D900001BD00D200E2AA4F87C05A4F8820584F80B
:10D910007F35C4F88415C4F88835C4F890350CD028
:10D920000E22A4F8A425A4F8AA2584F8A735C4F8E3
:10D93000AC15C4F8B035C4F8B835204601F0F6F996
:10D94000204601F067F90021204601F017FA204631
:10D9500001F038FA2046BDE8104001F0DFB9C4E913
:10D96000DF13A4F87433A4F87A3384F87733C4F857
:10D970008833E2E710B514460A0619D401EB810C8E
:10D980004FEACC0C00EB0C0E00228EF874130CF551
:10D990005D71CEF87C4301448EF877338EF87523A1
:10D9A000022B04BF00230B7101F0EEFC002010BD20
:10D9B00001F07F0E0EEB8E0C4FEACC0C00EB0C024C
:10D9C0000CF58E714FF0010CC2F82441014482F82D
:10D9D0001CE182F81F31A2F822E182F81DC1DFE7C5
:10D9E00008B50B0601F07F020DD401EB810300EBBB
:10D9F000C30303F55D73C90959701A70194601F024
:10DA000001FD002008BD02EB820300EBC30303F518
:10DA10008E73F0E708B501F07F0E0EEB8E0C4FEA27
:10DA2000CC0C194600EB0C030CF55D7CC3F8881395
:10DA300000EB0C014FF0000CC3F8802383F874E373
:10DA4000C3F88CC383F875C390F803C0BCF1010F11
:10DA500008BFC3F88423BEF1000F03D101F0A0FD7D
:10DA6000002008BD01F0EAFC002008BD01F07F0C99
:10DA70000CEB8C01C90008B500EB010E01F58E71AD
:10DA8000CEF830310023CEF834310123CEE94A22DA
:10DA900001448EF81CC18EF81D31BCF1000F03D17A
:10DAA00001F07EFD002008BD01F0C8FC002008BD8B
:10DAB00008B50B0601F07F0211D401EB810300EBE6
:10DAC000C30303F55D734FF0010CC909597083F866
:10DAD00002C01A70194601F0E1FD002008BD02EBFA
:10DAE000820300EBC30303F58E73ECE70B0610B55E
:10DAF00001F07F020FD401EB810300EBC30303F5B8
:10DB00005D730024C90959709C701A70194601F0A0
:10DB1000E9FD204610BD02EB820300EBC30303F5D1
:10DB20008E73EEE702690023106861F30A13034362
:10DB300013607047084B1868FF280BD010B50749D1
:10DB4000074A8C6812680749A047034BFF221A60F6
:10DB5000002010BD0020704724010020D0010020CB
:10DB60008090002094900020432301480B80704750
:10DB700028010020284A38B51368052B03D001334B
:10DB80001360002038BDDFF8A4C09CF8001000230B
:10DB900001291360F5D021490A68B2F5006F08BF6A
:10DBA0000B601F4BD1F800E01A6896452FD0D1F8D2
:10DBB00000E01A6896451BD90B681A4AC3F5006342
:10DBC00013601368402B0B681FFA83FE16D90B688D
:10DBD00040330B601368403B1360402301228CF8F4
:10DBE0000020114A81217244FFF740FF002038BD18
:10DBF0001B680A689B1A0B4A1360E2E713681468F3
:10DC00000D682C440C6000219BB21160E6E70023F4
:10DC10008CF80030B5E700BF7C9000208C9000208D
:10DC200090900020889000209C90002084900020FC
:10DC300010B501EB810100EBC101074BB1F88C136A
:10DC40001B69044605489847044A402301212046A1
:10DC5000FFF7E0FE002010BDD00100209C980020BE
:10DC600030B591F800C01CF0600283B00B46054649
:10DC70001AD0202A04D002F05FF8022003B030BD91
:10DC8000CA8891F801E012B31CF0800F2FD021490F
:10DC900001938C6820497046A047019B1E49DA8891
:10DCA000284601F05BFD0FE04A780A2A1AD00B2AB9
:10DCB00013D0062A08D14A88120A212A20D01749EF
:10DCC0003A22284601F04AFD002003B030BD114B36
:10DCD00011469B6870469847F6E78B78B3B9104AAF
:10DCE0001360F1E70E49012201F038FDECE70D4920
:10DCF0000D4BC1F800E008491A6001F045FDE3E76B
:10DD0000CA880A493A2A28BF3A22DAE702F014F808
:10DD1000DAE700BFD00100209490002031010020FC
:10DD2000DC98002024010020809000203A0100208F
:10DD300010B581210446FFF753FE01212046FFF76D
:10DD40004FFE82212046FFF74BFE024B5B6898474F
:10DD5000002010BDD001002010B50223044640224F
:10DD60008121FFF707FE0223402201212046FFF711
:10DD700001FE0323082282212046FFF7FBFD074A0C
:10DD8000074B4FF0020191801B689847054A4023DA
:10DD900001212046FFF73EFE002010BDA00100201B
:10DDA000D00100209C9800201C4B1A78012A01D039
:10DDB000002070471A490A68D2B10B68402B10B591
:10DDC00019D9184B1A68D3F800C00CF1400CC3F8ED
:10DDD00000C0D1F800C0ACF1400C92B24023C1F8B1
:10DDE00000C011490A448121FFF740FE002010BD08
:10DDF0001A7000207047DFF82CC0DCF800200B6898
:10DE0000D1F800E0DCF80040A644CCF800E04FF088
:10DE1000000C92B29BB2C1F800C0E2E784900020EF
:10DE2000889000208C9000209C90002010B5D0F8A5
:10DE3000E83504461B699847032384F81231002013
:10DE400010BD00BF08B5042290F81211D0F8E835D3
:10DE500080F8131180F81221DB689847002008BD74
:10DE600008B5D0F8E435DB6903B19847002008BD58
:10DE700008B5D0F8E4351B6A9847002008BD00BFFC
:10DE800008B5D0F8E4355B6A9847002008BD00BFAC
:10DE9000002310B5194604464022FFF76BFD802190
:10DEA000002340222046FFF765FDD4F8E835A0782E
:10DEB000012284F812215B689847002010BD00BF42
:10DEC00000B585B002A9019001F024FF9DF808106B
:10DED000019801F01F03012B0ED0022B06D08BB945
:10DEE00002A901F001FD002005B000BD02A901F06A
:10DEF00099FE002005B000BD02A901F06FFE0020D0
:10DF000005B000BD01F08001FFF7D2FD002005B093
:10DF100000BD00BF10B5034682B051B990F8112181
:10DF2000022A1DD093F81621012A0FD0002002B03A
:10DF300010BDD0F8E4255269002AF7D090F81231CC
:10DF4000032BF3D19047002002B010BD264A196977
:10DF5000106848600022002083F8162102B010BD2E
:10DF6000D0F83821D0F824C1624513D9C078D3F84D
:10DF7000281100930128A2EB0C0208BF6144C3F8EA
:10DF8000382108BFC3F82811184692B201F0F4FBFB
:10DF9000009BC7E7D0F83CE1BEFBFCF20CFB12E2B1
:10DFA00072B9F4450CD8D0F84041A64508D2CDE965
:10DFB000002001F0E1FBDDE90023C3F84021B1E7D7
:10DFC000D3F8E425D2681AB193F81211032905D0C9
:10DFD0001846009301F0FEFB009BA3E71846009350
:10DFE0009047009BF4E700BFE098002000B503468F
:10DFF00083B031B990F81121032A0FD0002003B06B
:10E0000000BDD0F8E4259269002AF7D090F81231CB
:10E01000032BF3D19047002003B000BDD0F890133C
:10E02000D0F87C23914214D990F803C0881AD3F811
:10E030008013C3F89003BCF1010F04BF8918C3F823
:10E040008013824228BF024692B2184601F0AAFB12
:10E05000D4E7D0F8E42512691AB190F81211032917
:10E0600003D0184601F0A6FBC8E701909047019B3A
:10E07000F7E700BF30B585B00446CDE90221089D21
:10E080000193FFF739FA019B029A0399C4F8E4352A
:10E090002046C4F8EC25C4F8E855FFF773FAD4F825
:10E0A000E8351B689847204605B0BDE83040FFF7CB
:10E0B0004BBA00BFD0F8E43510B504461B6898474A
:10E0C000D4F8E8359B689847002010BD08B5D0F813
:10E0D000E4355B689847002008BD00BF1223014863
:10E0E0000B807047A0010020042301480B8070477B
:10E0F0009C01002008B50A460248034901F02AFEA7
:10E10000014808BDC05F03086C9F002008B50A469F
:10E110000248034901F01EFE014808BDE45F030800
:10E120006C9F002008B50A460248034901F012FE20
:10E13000014808BDF85F03086C9F002008B50A4637
:10E140000248034901F006FE014808BD08600308C3
:10E150006C9F002008B50A460248034901F0FAFD09
:10E16000014808BD146003086C9F00200020704720
:10E17000C1B110B501440C4BDFF830E00138013972
:10E1800000241A6810F801CF0EF802C01A68013294
:10E190001A601A68B2F5006F28BF1C608842F0D17F
:10E1A000002010BD00207047909000209C9000201F
:10E1B00059B138B54518441E013D14F8010F01F05E
:10E1C00073FBAC42F9D1002038BD0020704700BF7E
:10E1D000202815D0212801D000207047104B1A6844
:10E1E0000A701A68120A4A705A888A70DA78CA70F5
:10E1F0001A790A715A794A719B798B71002070479C
:10E20000074B0A79D1F800C048791A718979587199
:10E210000122C3F800C09971DA710020704700BF75
:10E22000E401002000207047054A064B10681B6877
:10E23000984234BF03F1FF3303F2FF73181A70479B
:10E24000909000208C9000202DE9F04F85B004467E
:10E2500000F0ACFD18B9002005B0BDE8F08F2046F5
:10E2600000F0AAFD01460028F5D0C0F3074313F0E3
:10E270000800994640F0898019F0040F3FD18A07C1
:10E2800002D5E36802225A610029C0F2C7810B055A
:10E29000C1F3072500F1DA800E070AD5844B0091FF
:10E2A0001B682046DB689847E368009908225A619A
:10E2B0000120C90600F18C81EA0600F1FD80AB0661
:10E2C00000F1AB8019F0100F09D0794B1B68204684
:10E2D000DB699847E3684FF4801201205A6119F016
:10E2E000200FB9D0724B1B6820461B6A9847E36821
:10E2F0004FF4001201205A6105B0BDE8F08F2046AE
:10E30000009101F015FA0099002800F0D08126460E
:10E3100004F11803A046002504460191E10740F1ED
:10E32000C881D8F81000D3F800C00169426B22FA06
:10E3300005FEDCF8082041EACE111140CA0740F181
:10E340008A8100935A4BD0F834E0196801234A6857
:10E3500003FA05F12EEA01014163CCF80830E9B275
:10E360004046904798F80310009B012900F0CA81AD
:10E37000640800F09A81013528360433E107D0D4CF
:10E380000135640828360433C8E72046009101F0BF
:10E39000C1F900990546002800F08581224604F164
:10E3A0005406274688460024E80704D401346D0843
:10E3B000043628322AE0E1B238460192009101F099
:10E3C000AFF910F0010FDDE9001200F0568133685B
:10E3D00001209860F878012807D11869D2F87C33B9
:10E3E000C0F312001B1AC2F88C33314B00921B6829
:10E3F00038461B689847FB78009A012B00F09581FE
:10E400006D0800F04E81013404362832E807D2D47A
:10E4100001346D0804362832C6E7204600F0A0FF1C
:10E42000E3682046DD6800F08DFF032800F0468198
:10E43000012340220521A370E368A28061F38D25AA
:10E440004FF40052DD6001205A613BE700238DF854
:10E450000F3094F812318DF80F30154B00911B6876
:10E4600020465B699847236900999868E3684FF4F0
:10E4700000625A61A37AC3B1C70716D594F8153163
:10E48000012B12D19DF80F30032B0ED1D4F80C3193
:10E4900008481A6842F001021A601A6842F0030242
:10E4A0001A60036943F0060303610120F4E600BF2C
:10E4B0006C01002000ED00E022695368002623F083
:10E4C000010353603146204600F038FC627837463D
:10E4D000002A5CD0A169606DFF23012A8B608360F4
:10E4E00055D0E1698B60A16D022A8B604FD0216A03
:10E4F0008B60E16D032A8B6049D0616A8B60216E6D
:10E50000042A8B6043D0A16A8B60616E052A8B6000
:10E510003DD0E16A8B60A16E062A8B6037D0216BFB
:10E520008B60E16E072A8B6031D0616B8B60216F4D
:10E53000082A8B602BD0A16B606F8B60092A8360E7
:10E5400025D0E16B8B60A16F0A2A8B601FD0216CF4
:10E550008B60E16F0B2A8B6019D0616C8B60D4F8F3
:10E5600080100C2A8B6012D0A16C8B60D4F88410C0
:10E570000D2A8B600BD0E16C8B60D4F888100E2ACA
:10E580008B6004D0226D9360D4F88C209360236953
:10E590000B22394662F3070162F307064FF0FF32A0
:10E5A0009A614FF00112DA615E6119611A6822F412
:10E5B000FE621A60204601F0C1F8854BE2681B68D4
:10E5C0004FF480511B69516120469847012076E63F
:10E5D000E3689A6922F010029A611E6AC6F3434208
:10E5E000022A06F00F076ED0062A11D1082204F283
:10E5F000CC51204600F02EF907EB870304EBC30350
:10E60000C6F30A16D3F88C233244C3F88C23E3688C
:10E610009A6942F010029A6101204DE6A37A43B153
:10E62000D4F80C3123F0030262F30703D4F80C2171
:10E63000136022690091536823F001035360644B17
:10E640001B6820469B699847E36800994FF0004299
:10E6500001205A611BE60F070BD4C80605D44A06F1
:10E660005DD54021CCF8081082E61021CCF80810C6
:10E670007EE60822CCF808207AE6810703D53368C5
:10E6800002219960BCE603077FF5BAAE504B0092B9
:10E690001B6838469B6898473368009A0821996040
:10E6A000AEE63C4641460120E6E50199444601209C
:10E6B000E5E501356408283604335FE600234FF4AE
:10E6C00000720921B7E647F6F0723240002A9FD067
:10E6D00007EB870304EBC303C6F30A16D3F88013D2
:10E6E00000933246204600F0B5F8009BD3F8802313
:10E6F000D3F88C1332443144C3F88023C3F88C130D
:10E70000E36885E7002D7FF433AE98F811110429F2
:10E710007FF42EAE404601F011F8009B28E68F07EB
:10E7200010D50221CCF8081022E6002C7FF468AE48
:10E7300097F81131052B7FF463AE384600F0FEFFE9
:10E74000009A5DE608067FF513AED6E94C1EDCF8AC
:10E750001800D6F8242187B2A1EB0E00904228BF02
:10E7600010460330B7EB900F2ED9EFB2A246AB465E
:10E7700060461D460C4673461EE0D6F82431D6F896
:10E7800028119C4228BF1C46A3B23A46404600F0DE
:10E790004BF8D6F83431D6F828212868234422448F
:10E7A000C6F83431C6F828218269033492B2B2EB3C
:10E7B000940F05D9D6F830419C42A4EB0304DCD871
:10E7C0002B46844654465D468021CCF80810CFE5A0
:10E7D0006C010020014B05221A70704708020020CE
:10E7E000014B05221A70704708020020014B0622D7
:10E7F0001A70704708020020014B05221A707047FA
:10E8000008020020014B05221A7070470802002000
:10E81000014B05221A70704708020020014B0522A7
:10E820001A7070470802002090F803C0BCF1000F76
:10E830000DD103339B100AD000EB8200D0F8D0003A
:10E8400051F8042B02600CF1010C6345F8D1002053
:10E85000704700BF10B502F1030E5FEAAE0E0C4622
:10E860000ED0D0F8D010A4460023184601330A6811
:10E870004CF8042B9E45F8D1043404EB800010BD05
:10E88000084610BD01234022994230B54380828062
:10E8900000F07B81002940F05781DFF848C3C17246
:10E8A00040F20C624FF4A063C84CDFF83CE3C84967
:10E8B000C84D0280C38006226346C0E903C403F545
:10E8C000106CC0F818C003F5306CC0F854C003F5E4
:10E8D000126CC0F81CC003F5326CC0F858C003F5C8
:10E8E000146CC0F820C0032A03F5346CC0F85CC077
:10E8F00074D003F5166CC0F824C0042A03F5366CF6
:10E90000C0F860C06AD003F5186CC0F828C0052AAA
:10E9100003F5386CC0F864C060D003F51A6CC0F819
:10E920002CC0062A03F53A6CC0F868C056D003F52F
:10E930001C6CC0F830C0072A03F53C6CC0F86CC0F2
:10E940004CD003F51E6CC0F834C0082A03F53E6CA9
:10E95000C0F870C042D003F5206CC0F838C0092A56
:10E9600003F5406CC0F874C038D003F5226CC0F8D1
:10E970003CC00A2A03F5426CC0F878C02ED003F5DB
:10E98000246CC0F840C00B2A03F5446CC0F87CC06E
:10E9900024D003F5266CC0F844C00C2A03F5466C5D
:10E9A000C0F880C01AD003F5286CC0F848C00D2A02
:10E9B00003F5486CC0F884C010D003F52A6CC0F889
:10E9C0004CC00E2A03F54A6CC0F888C006D003F587
:10E9D0002C62026503F54C62C0F88C200278456118
:10E9E000C0F8CC10002A00F0AB8003F5A061012A2A
:10E9F000C0F8901000F0DD8003F5A461022AC0F891
:10EA0000941000F0DB8003F5A861032AC0F8981089
:10EA100000F0EE8003F5AC61042AC0F89C103FD0F2
:10EA200003F5B061052AC0F8A01039D003F5B46130
:10EA3000062AC0F8A41033D003F5B861072AC0F83D
:10EA4000A8102DD003F5BC61082AC0F8AC1027D05F
:10EA500003F5C061092AC0F8B01021D003F5C461E4
:10EA60000A2AC0F8B4101BD003F5C8610B2AC0F8FD
:10EA7000B81015D003F5CC610C2AC0F8BC100FD02B
:10EA800003F5D0610D2AC0F8C01009D003F5D46198
:10EA90000E2AC0F8C4101CBF03F5D861C0F8C81016
:10EAA00003F5405103F5805403F5005CC0F8D8101D
:10EAB000042A03F58041C0E9344CC0F8DC103FD093
:10EAC00003F5A041052AC0F8E01039D003F5C04194
:10EAD000062AC0F8E41033D003F5E041072AC0F855
:10EAE000E8102DD003F50041082AC0F8EC1027D01B
:10EAF00003F51041092AC0F8F01021D003F5204198
:10EB00000A2AC0F8F4101BD003F530410B2AC0F8D4
:10EB1000F81015D003F540410C2AC0F8FC100FD0B6
:10EB200003F550410D2AC0F8001109D003F56041EA
:10EB30000E2AC0F8041103D003F57043C0F8083161
:10EB4000C0F80CE1002030BD427800234FF4006192
:10EB5000C0E903318AB14FF4106C4FF43061012ADF
:10EB6000C0F818C0416508D04FF4126C4FF4326100
:10EB7000022AC0F81CC0816545D14FF4606E4FF485
:10EB800088614FF48065002328E74FF4816C4FF4CF
:10EB9000A0710222A0F800C04FF0A04CC372C18047
:10EBA00002720D4CDFF844E00C490D4D042263461F
:10EBB00083E603F58053C0F8D030C1E703F58052F7
:10EBC00003F50053C0E93423BAE700BF000804404E
:10EBD0004004044000040440000800504004005079
:10EBE0000004005000000440000E0440000E0050DD
:10EBF00003F5805103F5005203F54053C0E9341288
:10EC0000C0F8D8309CE74FF4606E4FF480654FF445
:10EC1000886164E670B5027AC368012A82B005464D
:10EC200036D19E6B417A26F4803600292DD062F3CE
:10EC300014569E63DA68384C22F49402002122F0C4
:10EC40004002DA6000910320FEF78EFCEB68013C85
:10EC50001A69009213D0009A002AF4DA00992E4A19
:10EC600041F0010100910099196119690091013A7F
:10EC700002D00099C807F8D40320FEF775FCEB78A2
:10EC8000012B3BD0002002B070BDC6F30052CEE78E
:10EC9000DA68214C002642F04002DA600196032037
:10ECA000FEF762FCEB68013C1A69019214D0019AEC
:10ECB000002AF4DA0199184A41F001010191019901
:10ECC000196119690191013A02D00199C907F8D473
:10ECD0000320FEF749FCEB686A7A003A18BF01226C
:10ECE000120142F02D0262F317469E631420FEF7D4
:10ECF0003DFCEB78012BC5D1E96802E0E9682A23E5
:10ED00008B608B6823F03E0242F02A0262F3070315
:10ED100000208B6002B070BD410D0300034600204F
:10ED2000DA68936843F0010393607047034600205C
:10ED3000DA68936823F001039360704700B583B0ED
:10ED400000230193019B43F020030193019B61F396
:10ED50008A130193C168019A074B0A610A690192FB
:10ED6000013B02D0019A9206F8D40320FEF7FCFB87
:10ED7000002003B000BD00BF410D0300C06808B50E
:10ED8000C368C3F3076222F06002012962F31F63C4
:10ED900008D009B943F08043C3603220FEF7E6FB98
:10EDA000002008BD43F00053F6E700BFC368586970
:10EDB000C04300F001007047C36858699B69184060
:10EDC000704700BF10B504460020D4F80C3122690A
:10EDD000E16882B01860136860F3CC231360E37AB3
:10EDE000012B13D113681E4843F0030313604FF047
:10EDF000800C1C4BC1F824C01B4A8862C1F8043146
:10EE00004FF4A073C1F80821C1F80C31002301931D
:10EE1000019B43F020030193019A144B102060F3EF
:10EE20008A120192019A0A610A690192013B02D099
:10EE3000019A9006F8D40320FEF796FB0022009278
:10EE4000009AE168094B42F010020092009A0A61B0
:10EE50000A690092013B0BD0009AD206F8D407E071
:10EE600080002000A000800020012000410D030050
:10EE70000320FEF779FB216900224FF0FF330A617E
:10EE80004A618B61CA616378002B00F01782D4F865
:10EE900018C0DCF800E0BEF1000FB4BF4FF0904E98
:10EEA0004FF0000EFF20012BCCF800E0CCF8102032
:10EEB000CCF8080000F03482D4F81CC0DCF800E084
:10EEC000BEF1000FB4BF4FF0904E4FF0000E022B7A
:10EED000CCF800E0CCF81020CCF8080000F0F0806E
:10EEE000D4F820C0DCF800E0BEF1000FB4BF4FF052
:10EEF000904E4FF0000E032BCCF800E0CCF8102021
:10EF0000CCF8080000F0DC80D4F824C0DCF800E085
:10EF1000BEF1000FB4BF4FF0904E4FF0000E042B27
:10EF2000CCF800E0CCF81020CCF8080000F0C88045
:10EF3000D4F828C0DCF800E0BEF1000FB4BF4FF0F9
:10EF4000904E4FF0000E052BCCF800E0CCF81020CE
:10EF5000CCF8080000F0B480D4F82CC0DCF800E055
:10EF6000BEF1000FB4BF4FF0904E4FF0000E062BD5
:10EF7000CCF800E0CCF81020CCF8080000F0A0801D
:10EF8000D4F830C0DCF800E0BEF1000FB4BF4FF0A1
:10EF9000904E4FF0000E072BCCF800E0CCF810207C
:10EFA000CCF8080000F08C80D4F834C0DCF800E025
:10EFB000BEF1000FB4BF4FF0904E4FF0000E082B83
:10EFC000CCF800E0CCF81020CCF8080078D0D4F8C9
:10EFD00038C0DCF800E0BEF1000FB4BF4FF0904E37
:10EFE0004FF0000E092BCCF800E0CCF81020CCF844
:10EFF000080065D0D4F83CC0DCF80020002AB4BF7B
:10F000004FF090420022CCF800200020FF220A2B73
:10F01000CCF81000CCF8082052D0D4F840C0DCF86E
:10F0200000E08645B4BF4FF0904E86460B2BCCF8DF
:10F0300000E0CCF81000CCF8082041D0D4F844C04F
:10F04000DCF800E08645B4BF4FF0904E86460C2BAE
:10F05000CCF800E0CCF81000CCF8082030D0D4F880
:10F0600048C0DCF800E08645B4BF4FF0904E8646BD
:10F070000D2BCCF800E0CCF81000CCF808201FD005
:10F08000D4F84CC0DCF800E08645B4BF4FF0904E99
:10F0900086460E2BCCF800E0CCF81000CCF8082007
:10F0A0000ED0D4F850C0DCF800E08645B4BF4FF075
:10F0B000904E8646CCF800E0CCF81000CCF8082042
:10F0C000D4F854E0D4F858C0DEF80020002AB4BFC9
:10F0D0004FF090420022CEF800200020FF22CEF810
:10F0E0001000CEF80820DCF800E08645B4BF4FF0F1
:10F0F000904E8646022BCCF800E0CCF81000CCF8FD
:10F10000082000F0DB80D4F85CC0DCF800E0864525
:10F11000B4BF4FF0904E8646032BCCF800E0CCF8FD
:10F120001000CCF8082000F0C980D4F860C0DCF8EA
:10F1300000E08645B4BF4FF0904E8646042BCCF8D5
:10F1400000E0CCF81000CCF8082000F0B780D4F82C
:10F1500064C0DCF800E08645B4BF4FF0904E8646B0
:10F16000052BCCF800E0CCF81000CCF8082000F01B
:10F17000A580D4F868C0DCF800E08645B4BF4FF045
:10F18000904E8646062BCCF800E0CCF81000CCF868
:10F19000082000F09380D4F86CC0DCF800E08645CD
:10F1A000B4BF4FF0904E8646072BCCF800E0CCF869
:10F1B0001000CCF8082000F08180D4F870C0DCF892
:10F1C00000E08645B4BF4FF0904E8646082BCCF841
:10F1D00000E0CCF81000CCF808206FD0D4F874C050
:10F1E000DCF800E08645B4BF4FF0904E8646092B10
:10F1F000CCF800E0CCF81000CCF808205ED0D4F8B1
:10F2000078C0DCF800E08645B4BF4FF0904E8646EB
:10F210000A2BCCF800E0CCF81000CCF808204DD038
:10F22000D4F87CC0DCF800E08645B4BF4FF0904EC7
:10F2300086460B2BCCF800E0CCF81000CCF8082068
:10F240003CD0D4F8802010680028B4BF4FF0904024
:10F25000002010604FF0000CFF200C2BC2F810C0F3
:10F2600090602BD0D4F88420D2F800E0E645B4BFFB
:10F270004FF0904EE6460D2BC2F800E0C2F810C0E9
:10F2800090601BD0D4F88820D2F800E0E645B4BFE7
:10F290004FF0904EE6460E2BC2F800E0C2F810C0C8
:10F2A00090600BD0D4F88C301A686245B4BF4FF030
:10F2B000904262461A60C3F810C098600B69E26819
:10F2C00043F480730B61E078012819D00023936127
:10F2D0006FF080414FF0FF34984208BF1023174869
:10F2E000516154605161906143F47013916943F42A
:10F2F000605343F008030B430020936102B010BD3C
:10F30000DFF83CC0C1F830C06FF080400B4C0023E8
:10F310004FF0FF3193615061516050619461E3E7B8
:10F32000636DD3F800C0BCF1000FB6BF4FF0904C36
:10F330001A60C3F800C01A619860BFE70008008037
:10F340000301810003699868C0F3410002281DBFD2
:10F3500020F00200C0F10300C0B20120704700BFDE
:10F36000036981699A680868C2F34102022A0CBFE6
:10F370000322002262F30A0008605A6842F4807295
:10F3800000205A60704700BF10B591F800C091F896
:10F3900001E0012303FA0CF300EB8C0CBEF1010F2A
:10F3A0000CBFDCF818C0DCF854C0DCF800E04FF00B
:10F3B00000029BB20CBF63F30F0263F31F421EF403
:10F3C000004F16D18B68CC78C988C3F30A0343F089
:10F3D000805343F4004304F0030401F00F0143EAB7
:10F3E000844343EA815306490EEA01010B43CCF8FA
:10F3F00000300369D9690A430020DA6110BD00BFFB
:10F40000007833EC0A7891F801C00123934000EBB7
:10F4100082029BB2BCF1010F4FF000010BBF63F3FE
:10F420000F0163F31F419369536D02690020186057
:10F43000D36923EA0103D361704700BF2DE9F0438C
:10F4400091F801E00A784B69CD78BEF1010F31D017
:10F4500000EB82028E68D2F854E0C6F31202DEF8A6
:10F4600000C0DEF810401BB33344013BB3FBF6F39E
:10F47000C3F3090606FB02F23346C2F3120242EA64
:10F48000C34262F31C04CEF81040C378012B04BFC2
:10F490000B69CEF81430012D3CD0CCF3076363F038
:10F4A0007B0363F31F6CCEF800C00020BDE8F0833F
:10F4B0000123E4E700EB8204A046A669D6F800C069
:10F4C000346963B38F681F4404F06049013F8C685E
:10F4D000B7FBF4F7314C04EAC744C3F312073C43CB
:10F4E000012D44EA090447D03461C378012B51D07F
:10F4F0000EFA02FE0269536B4EEA03035363CCF328
:10F50000076363F07B0363F31F6CC6F800C0002041
:10F51000BDE8F0834B7963B34CF0005CBDE704F0C9
:10F52000604444F400243461C478012C2DD0012DB2
:10F53000E5D10269926812F4807FCCF307620CBFB8
:10F5400062F05B0262F06B0262F31F6CC6F800C0EF
:10F55000002CAAD198B203308010A6D0CA68D8F87F
:10F56000D0502346013352F8041B29609842F9D148
:10F570009BE74CF0805C90E765F35E743461C4787F
:10F58000012CD6D10A697261D3E70A697261012D33
:10F59000B5D1CEE70B697361B1E700BF0000F81F7A
:10F5A00010B54B78D1F814C0012B82B02DD00B7858
:10F5B00000EB8303D3F854E0DEF80020DEF81030CF
:10F5C00000938B68BCF1000F1DD1009C03F07F03FA
:10F5D00024F4C01C43F400232CF07F0C43EA0C03FA
:10F5E000CEF81030C378012B04BF0B69CEF814306D
:10F5F000C2F3076363F07B0363F31F62CEF800205E
:10F60000002002B010BD4B61DFE7D0F818E0DEF853
:10F610000020DEF810300093BCF1000F23D1009BD6
:10F6200023F4C0134CF4002C23F07F0343EA0C03B3
:10F63000CEF810300093C378012B1CD0C2F3076CB6
:10F640006CF07B0C6CF31F62CEF80020002BD7D13E
:10F650004B69002BD4D002690878516B0123834099
:10F660000B435363CCE78B6863453CBF9C464B61BF
:10F670000CF07F0CD3E70B78D1F810C000EB8301BE
:10F68000C2F30763896963F07B0363F31F620020A1
:10F69000C1F814C0CEF8002002B010BD4B78012B89
:10F6A00009D00B7800EB8300426D136843F400131C
:10F6B0001360002070470A78094900EB82008069D6
:10F6C0000268002AA8BFC2F380739B0301EA1241BB
:10F6D00043F020030B4363F31F4202600020704796
:10F6E000DFBFFFFF0B784A7800EB8300012A0CBFD5
:10F6F0008069406DCA780368023A012A23F4001336
:10F700008CBFC3F30072012262F31C7303600020FC
:10F71000704700BF03699869DB691840000C7047A7
:10F7200000EB810103694A6D90685B69184070477E
:10F7300003699869DB69184080B27047436D064AD7
:10F740001A61C278012A06D100F2CC5058614FF0FC
:10F75000802219681A607047180008C008B513465F
:10F760000A460221C0E94E3380F811110021FEF74C
:10F770007DF9002008BD00BF08B513460A460021E8
:10F78000FEF774F9002008BD08B513460A460321A8
:10F79000C0E9E43380F811110021FEF73BF90020A5
:10F7A00008BD00BF08B513460A460021FEF732F92E
:10F7B000002008BD10B5002304220446194680F835
:10F7C00011211A46FEF752F92046FFF7B7FF002035
:10F7D00010BD00BF10B5002305220446194680F86D
:10F7E00011211A46FEF716F92046FFF7A7FF002061
:10F7F00010BD00BF10B582B009490091094B0A4AFB
:10F800000A480B4C0121FEF735FC0A490A4B0B4A0A
:10F8100000200860012120601170186002B010BD46
:10F82000EC010020F8000020B4010020E498002042
:10F83000E09E0020E49E0020DC9E0020D89E002058
:10F84000024B1868B0FA80F040097047DC9E002037
:10F850000F4B1A6812B90270042070470D4A1168E4
:10F860007F2984BF00211160D2F800C00A4911F835
:10F870000CC080F800C010684FF0000C01F800C008
:10F880001168013111601A68013A03201A6070474B
:10F89000DC9E0020E09E0020E89E002008B5FEF7D8
:10F8A00067FC002008BD00BF0C4B1A687F2A01D9F5
:10F8B000022070470A4ADFF82CC011687F2984BFF4
:10F8C0000021116011680CF801001168013111600C
:10F8D0001A68013200201A60704700BFDC9E0020C9
:10F8E000E49E0020E89E002010B54B7884B00A46C4
:10F8F0000446092B11D8DFE803F03D501065107A5B
:10F900000510971E51880B0A022B00F03C81032B37
:10F9100000F0F480012B00F0A98080212046FEF742
:10F92000C7F800212046FEF7C3F82046FFF706FF80
:10F93000002004B010BD9178A44B01291970ECD8B7
:10F9400090F81221022A7FD0032AE6D1002900F084
:10F950002D8190F81011012930D0FEF7B7FB9B4B99
:10F96000197884F810112046FEF7A4FB2046FFF713
:10F9700021FFDDE790F81231023B012BCDD8944BEB
:10F98000D0F81821012119600AB103221A609049A8
:10F9900002222046FFF7E2FECAE790F81231023B4E
:10F9A000012BBAD85388012BC2D1D0F8E4350021FD
:10F9B0009B68C0F818111146204698472046FFF76B
:10F9C000F9FEB5E75388012B00F09280022BAFD1EE
:10F9D0009388DAB2002AABD102691B0A013B526854
:10F9E000042B6CD8DFE803F07C807874680093887F
:10F9F000002B92D1D388002B8FD190F81231032B9A
:10FA00008BD0518801F07F0180F814110091FEF72E
:10FA100089F82046FFF7CEFE0099002900F0C28049
:10FA2000022384F8123183E7D288012A7FF475AF6C
:10FA300090F81231022B15D0032B7FF46EAF00F536
:10FA40008871FFF78BFE73E70029B7D001210323EC
:10FA500080F8101180F81231FEF72CFB2046FFF7DA
:10FA6000A9FE65E75B49FFF779FE61E7D0F8EC3561
:10FA700080781B6800920DF10E019847009AD38898
:10FA8000402B00F09E8094F81211012900F09B8019
:10FA9000BDF80E1000293FF44BAFD388002B3FF484
:10FAA00047AF8B4228BF0B461A4601462046ADF8A9
:10FAB0000E30FFF753FE3BE7052363F30612464B78
:10FAC000012184F8161120461A60FFF773FE2FE714
:10FAD000042363F30612F2E7032363F30612EEE74F
:10FAE000012363F30612EAE7022363F30612E6E753
:10FAF000D0F8E415C0F818318B685CE7C9B2052965
:10FB00003FF60BAFDFE801F0352B21170D03D0F8DE
:10FB1000EC35009280789B690DF10E019847009AB0
:10FB2000B6E7D0F8EC35009280785B690DF10E01F4
:10FB30009847009AACE7D0F8EC35009280781B69C2
:10FB40000DF10E019847009AA2E7D0F8EC3500922B
:10FB50008078DB680DF10E019847009A98E7D0F89D
:10FB6000EC35009280789B680DF10E019847009A61
:10FB70008EE7D0F8EC35009280785B680DF10E01CD
:10FB80009847009A84E7D0F8E405CDE900320DF1FA
:10FB90000E01836AA0789847009B4370019AC4F8CD
:10FBA000F00575E7012384F81231C1E6022380F8DD
:10FBB000123180F81011FEF789FA2046FFF7FAFD9E
:10FBC000B6E608216DE7082168E700BF689F0020BE
:10FBD0006CA0002070A00020E098002010B590F8E4
:10FBE0001231032B82B004460ED10B79012B0BD8B6
:10FBF000D0F8E43501919B689847019AD38873B98E
:10FC00002046FFF7D7FD0AE080212046FDF750FF90
:10FC100000212046FDF74CFF2046FFF78FFD002016
:10FC200002B010BD10B50B46B1F804C05A78012AD5
:10FC300082B004465FFA8CF131D0032A1BD0BAB9E6
:10FC400090F81231022B2ED0032B3FD11CF0800FE5
:10FC500051D101EB810100EBC10191F87633003BFA
:10FC600018BF01232A49022220460B60FFF776FDC8
:10FC7000002002B010BD90F81221022A13D0032AEE
:10FC800024D15A8882B3D4F8E425194693682046D3
:10FC900098472046FFF78EFD002002B010BD90F877
:10FCA0001221022A04D14B06E2D0FDF701FFDFE763
:10FCB000032A0BD15A88002ADAD14A06E9D00193E7
:10FCC000FDF714FFD4F8E4250199DFE780212046F1
:10FCD000FDF7EEFE00212046FDF7EAFE2046FFF785
:10FCE0002DFD002002B010BD4A06CCD00193FDF7D7
:10FCF000DFFE019BC7E70CF07F0C0CEB8C0C00EBDC
:10FD0000CC0C9CF81E31003B18BF0123AAE700BFB2
:10FD100074A00020B0F8CC350B80B0F8CE354B8005
:10FD2000B0F8D0358B80B0F8D235CB800122C0F846
:10FD3000403180F81121704710B580210446FDF74D
:10FD4000B7FE20460021FDF7B3FE2046BDE8104077
:10FD5000FFF7F4BC037843B300B585B00346013028
:10FD6000CDE902120193E9F70BF80130C0B2029914
:10FD7000039A019B013040004FF0030C1080087083
:10FD800081F801C0187870B19C464FF0000E022334
:10FD90005A1CD2B2C85401F802E01CF8010F023319
:10FDA000DBB20028F4D105B000BD704700000000B0
:10FDB00010B5874C86B0206FE8F774FA82A3D3E9B8
:10FDC0000023E8F7D9FAE8F7AFFD9FED827A07EE56
:10FDD000900AF4EEC77AF1EE10FA00F1E6809FED9A
:10FDE0007E6AF4EEC67AF1EE10FA00F3DE80606F00
:10FDF000CDED017A8DED036A8DED027AE8F752FAC6
:10FE000071A3D3E90023E8F7B7FAE8F78DFDDFED3A
:10FE1000736A05EE900AF4EEE65AF1EE10FA00F17C
:10FE2000C480DFED6F6AF4EEE65AF1EE10FA00F3EB
:10FE3000BC80DDED017A9DED027AF4EEC77AF1EE39
:10FE400010FA40F2B680B2EE045A87EE850A0490AA
:10FE50008DED025A11F058FDFDEEC06A9DED025A7B
:10FE60009DED036ADDED017ADDED045A16EE903A60
:10FE70001BB206EE903AF8EEE66AF4EEC67A66EE4B
:10FE8000856AF1EE10FAA8BF76EEC56AFDEEE66A65
:10FE900016EE903A1BB206EE903AF8EEE66A36EEAF
:10FEA000866A86EE057ABDEEC77A17EE103A1CB266
:10FEB000631C9FED4A7AF4EEC75AF1EE10FA7DD931
:10FEC000F2EE044A85EEA40A0493CDED057ACDED59
:10FED000036ACDED024ACDED015A11F015FDBDEEDC
:10FEE000C07A9FED3F6ADDED024ADDED015ADDED9E
:10FEF000036ADDED057A17EE103A1BB207EE103AF1
:10FF0000B8EEC77AF4EEC65A27EE247AF1EE10FA6C
:10FF1000A8BF37EE647A049BBDEEC77A17EE102AAD
:10FF200012B207EE102AB8EEC77A37EE065A85EEFF
:10FF3000246ABDEEC66A16EE102A12B202F1010C56
:10FF400035EEC77AF2EE045A87EE256A04EBC40058
:10FF500004EB800403EBC300224903EB8003A018E9
:10FF60001A446444634401EB800001EB830301EB1A
:10FF7000820277EEE67A01EB840187EEA55A90EDD6
:10FF8000000AD2ED007AD3ED006A91ED007A76EEA8
:10FF9000E76A37EE407AE6EE267AA6EE070A77EEB3
:10FFA000C07AA5EE270A06B010BD9FED0F0A06B075
:10FFB00010BDF0EE476A012300247AE74FF0010CF0
:10FFC0000022BDE7AFF3008048AFBC9AF2D77A3E7B
:10FFD000E8A800200000B4C20000B442000034C30E
:10FFE000000034434C7E0308000000002DE9F04F70
:10FFF0002DED088B91B0F1F771FAAF4B0146D8782F
:020000040802F0
:10000000C0F3C002000712D4AC480078052813D012
:100010009446187A6CF345101872187A830606D540
:10002000DFF8E8C2DCF800006430884213D911B070
:10003000BDEC088BBDE8F08FA14890F832C0BCF150
:10004000020FE5D990F831000428E1D993F806C0F1
:10005000CCF3001CDDE79A48CCF80010D0ED227AF2
:10006000D0ED216A27EEA77AF7EE004AA6EEA67A2F
:10007000B1EEC76AB4EEE46AF1EE10FA00F1C480A2
:10008000DFF88CC29CF800C0BCF1010F79D08D481C
:100090008D4990ED007A91ED008ADFF86092DFF8EB
:1000A00064828A4E8A4F8B4D8DED017A0092F1F772
:1000B00015FA39689FED886AD6ED007ADFED875A28
:1000C000009A401A07EE100AF8EE476A9DED017A91
:1000D00066EE666A37EE487AE6EEA57A9FED806AAC
:1000E000B0EEC77AE7EE467AFFEE006AF4EEE67A03
:1000F000F1EE10FA00F1C38098ED000AD9ED000A84
:1001000078492868029260EE006AB7EE007AE0EE65
:10011000A06A88600091F4EEC77AB1EEE66AF1EE6B
:1001200010FAC8BFF0EE477AC1ED057ACDED017A3D
:10013000C1ED000A81ED010A81ED036A8DED036ACC
:1001400011F012F9DDED017A0099029A5A4BB6EEE0
:10015000007AF4EEC77AF1EE10FA0ADBDFED627A8C
:100160009DED036AB4EEE76AF1EE10FACCBF01220E
:100170000022187A81ED040A014662F345111972D2
:1001800055E7DFF890C190ED233A9CED007ADFF857
:1001900088C15648DCED003ADFF880C190ED006A76
:1001A0009CED005A524865EE475A26EE064A27EE65
:1001B000067AA5EE054A90F800C0A3EE857AE3EE34
:1001C000865AF0EE002AB0EE645AA4EE625A37EE78
:1001D000076A75EEA55ABCF1000F40F0A180DFF868
:1001E00028A1444A444B82ED005A82ED016AC2EDD7
:1001F000025A0122C3ED006AC3ED017A83ED023A8F
:10020000CAF80010027012E73C48DFED3D5A90ED4D
:10021000006A3C4C76EEC66A94ED007AA6EEA56ABA
:100220008146A04677EEC77A80ED006A2748A7EEA0
:10023000A57A0646D0ED007A84ED007A77EEA57AAD
:10024000FFEE006AF4EEE67AF1EE10FA08D4F4EE6E
:10025000E47AF1EE10FAD4BFF0EE676AF0EE646A69
:1002600018481C4D90ED007A1748C6ED006A80EDE5
:10027000007A1748B0EE478A0746016014E798ED08
:10028000000AD9ED000A17492868019260EE007A49
:10029000C1ED056AE0EEA07A88600091C1ED000A28
:1002A000B1EEE77A81ED010A81ED037A11F05CF895
:1002B000DDE90012004B5CE73C7D0020387D00202A
:1002C000E8A800200411002084A00020A8A000209D
:1002D00088A00020ACA000206F12833ACDCC4C3D0A
:1002E0000AD7A33CB8A000209A99993EB40F0020E9
:1002F00080A000209CA0002090A00020B4A000209E
:10030000CDCCCC3DB0A000208CA0002078A0002057
:10031000B18E0020C00F0020BC0F0020B80F0020BD
:10032000D24CA246246804F57A7C8C457FF659AFFE
:10033000CF48DFEDD00A90ED014AD0ED001A90EDE4
:10034000021A76EE443A75EE612A23EEA37A35EE70
:10035000C12AA2EEA27AA2EE027AB4EEE07AF1EE1F
:1003600010FA22DCC4480090DFF82893C348DFF875
:100370002083C34EDFF814B3C24FC34D0190CAF8B7
:10038000001000999BED007A91ED008AB84981ED4B
:10039000005A81ED016AC1ED025A0199C1ED006A6E
:1003A000C1ED017A81ED023A7EE6B44BCDED057ADE
:1003B000D3ED018A93ED009AD3ED029A079237EEBE
:1003C000E80AB1EEC72AAC4A0193B04B0F919B46A5
:1003D000009260EE000A36EEC97AF0EE607AE7EE3F
:1003E000077AF0EE470A33EE697AD3ED00AA92ED70
:1003F00000BACDED0E4AE7EE077A8DED0D1AB1EE9B
:10040000E77A8DED0C4A87EE028ACDED022ACDED1A
:100410000B1ACDED0A5A8DED096A8DED085ACDED16
:10042000066A8DED043ACDED033A10F09DFFDDED47
:10043000020AB0EE40AA9DED030A10F095FF7AEE95
:10044000403AB0EE630ACDED033A11F0DBF88DEDE2
:10045000020A9DED030A11F095F8DDED0A5A9DEDB3
:100460000D1A9DED043A9DED096A9DED0C4A9DED36
:10047000085ADDED0B1ADDED020ADDED057ADDED42
:10048000066A834B079ADDED0E4A0F9935EE811A05
:1004900039EE837A36EE044AA1EE487A984675EE34
:1004A000211A24EE001A20EEC44AA1EEA01AF0EEA2
:1004B000472AB0EE447AA1EE807A38EEA72A79EE88
:1004C000263AA1EE482AE7EE483AF6EE001A22EE66
:1004D000214A22EEA17A63EEA13A64EE042AB1EE3B
:1004E000001AE3EEA32AE7EE072AF1EEE21AD3EDB3
:1004F000002A684B62EEA22A93ED002A9946E2EEAA
:10050000022A614B93ED002AE2EE022A1D46B1EE6B
:10051000E22A72EE012AF4EEE12AF1EE10FA09DC89
:100520005D48574E90ED007A564F37EE247A80EDB5
:10053000007A24E70D918DED0B7A8DED0A4ACDED11
:10054000093A8DED083ACDED077ACDED055A8DEDDE
:10055000046A8DED035A0292CDED0C4AF0F7BEFF0E
:10056000484B474ADFED4D0A92ED002A9FED4C0AB9
:100570009DED035A9DED046ADDED055ADDED066A39
:100580009DED083ADDED093A9DED0A4A9DED0B7AA5
:100590000D991F461B68C01A07EE900AF8EE671AFD
:1005A000DFED407A60EEE10AF0EE421AE0EEA71AC3
:1005B0001646029ADDED077A3AEECB1AFFEE002AD4
:1005C000B0EEC11AE1EE401AF4EEE21AF1EE10FAC2
:1005D00046D4DDED0C4AF4EEE41AF1EE10FAD8BF81
:1005E000F0EE614AF7EE000A70EEE44ADFED2E1AF3
:1005F000DFED2B2A99ED001AE4EEA12AD5ED004A91
:10060000D8ED001A37EE647A34EE614AE7EE224AFA
:1006100073EEC13A9FED257AE4EE221AA3EEA21AF8
:1006200032EE077AB0EE644AFFEE004AB4EEE47AA6
:10063000F1EE10FA89ED001AC8ED001A85ED004AB6
:1006400011D4B4EEE07AF1EE10FAC8BFB0EE607AE1
:10065000009CDBF8000086ED007A396020608EE6B1
:10066000F0EE624ABEE7B0EE647AF1E78CA00020BB
:100670009CA000200AD7233D84A0002090A0002049
:10068000A8A0002088A00020ACA000200411002019
:10069000B0A00020B4A000207CA000206F12833AFC
:1006A0000AD7A33CCDCC4C3D0AD7A33DCDCCCC3D05
:1006B0002DE9F041F0F74EFE1C4F00F5FA6405E01D
:1006C000F0F748FEA04271F100012BD2387802F019
:1006D00007F805460028F3D1F0F73CFE2E4600F15E
:1006E00027044FF00108F0F735FEA04271F1000138
:1006F000F9D3387801F0F4FF08FA06F32B439BB2E4
:100700000136002818BF1D460A2E04F13404EAD130
:1007100040F201232B40B3F5007F03D1C5F34F0016
:10072000BDE8F0814FF0FF30BDE8F081FFA0002070
:100730002DE9F047664E471E00F10109307802F0BE
:100740000BF84FF0000840F2014A17F8015FF0F78C
:1007500001FE4AEA8505ADB2E90700F134043078BC
:100760000ED501F0D3FF6D080ED0F0F7F3FDA042D7
:1007700071F10001F9D3E907307804F13404F0D4C1
:100780006D0801F0D1FFF0E73B7883EA080202F040
:10079000010202EB820102EB413080EA580080B294
:1007A00080EA530202F0010202EB820102EB4131C6
:1007B00081EA500189B281EA930202F0010202EB60
:1007C000820002EB403080EA510080B280EAD3021E
:1007D00002F0010202EB820102EB413181EA500199
:1007E00089B281EA131202F0010202EB820002EBED
:1007F000403080EA510080B280EA531202F00102D8
:1008000002EB820102EB413181EA500189B281EAB7
:10081000931202F0010202EB820002EB403282EA04
:10082000510292B282EAD31303F0010303EB830176
:1008300003EB413383EA52034F451FFA83F884D117
:100840004FEA880505F47F75F0F784FD45F480656F
:1008500045F00105EA0700F1340430780ED501F0C7
:1008600055FF6D080ED0F0F775FDA04271F1000143
:10087000F9D3EA07307804F13404F0D46D0801F0BC
:1008800053FFF0E74FEA182840F20145F0F762FD08
:1008900045EA8805ADB2EB0700F1340430780ED597
:1008A00001F034FF6D080ED0F0F754FDA04271F155
:1008B0000001F9D3EB07307804F13404F0D46D086B
:1008C00001F032FFF0E73078BDE8F04701F03ABFC1
:1008D000FFA0002070B582B00C888DF8040001A83C
:1008E0000D468DF80540FFF723FF002C6BD06D6897
:1008F00000262C4403E005F8011BAC4264D0FFF74E
:10090000D7FEC1B281EA060303F0010303EB8302C1
:1009100003EB423CC6F34E068CEA060C1FFA8CFC35
:100920008CEA510303F0010303EB830203EB423231
:1009300082EA5C0292B282EA910303F0010303EBC4
:10094000830603EB463C8CEA520C1FFA8CFC8CEAC3
:10095000D10303F0010303EB830203EB423282EA8B
:100960005C0292B282EA111303F0010303EB8306E7
:1009700003EB463C8CEA520C1FFA8CFC8CEA5113B8
:1009800003F0010303EB830203EB423282EA5C02D1
:1009900092B282EA911303F0010303EB830603EBA7
:1009A000463383EA52039BB283EAD11202F001027A
:1009B00002EB820602EB4632013082EA53069AD1FC
:1009C000002002B070BD26460224FFF771FEC3B2BC
:1009D00083EA060101F0010101EB810201EB4235DE
:1009E000C6F34E067540ADB285EA530202F001022D
:1009F00002EB820102EB413181EA550189B281EAC1
:100A0000930202F0010202EB820502EB453585EA12
:100A10005105ADB285EAD30202F0010202EB820178
:100A200002EB413181EA550189B281EA131202F0E9
:100A3000010202EB820502EB453585EA5105ADB2B4
:100A400085EA531202F0010202EB820102EB41310E
:100A500081EA550189B281EA931202F0010202EBA8
:100A6000820502EB453282EA510292B282EAD31346
:100A700003F0010303EB830103EB413383EA5203E9
:100A800001309EB29CD0012C0DD1FFF711FE431C0A
:100A900096D0002E94D1C0B2A0F13000B0FA80F010
:100AA000400902B070BD01248FE700BF2DE9F04F6F
:100AB00003888A4F834685B0BBF8001038780191CF
:100AC000FE225BBAADF80C20ADF80E3001F044FE0A
:100AD0004FF0000840F2014A0DF10C0919F8016BC2
:100AE000F0F738FC4AEA8605ADB205F0010300F1E3
:100AF00034046D0838787BB101F008FE7DB1F0F761
:100B000029FCA04271F10001F9D305F00103387806
:100B100034346D08002BEFD101F006FEEFE786EAD2
:100B2000080303F0010303EB830203EB423282EA82
:100B3000580292B282EA560303F0010303EB8301E9
:100B400003EB413181EA520189B281EA960303F055
:100B5000010303EB830203EB423282EA510292B2B9
:100B600082EAD60303F0010303EB830103EB413177
:100B700081EA520189B281EA161303F0010303EB03
:100B8000830203EB423282EA510292B282EA5613A6
:100B900003F0010303EB830103EB413181EA5201CE
:100BA00089B281EA961303F0010303EB830203EB9E
:100BB000423282EA510292B282EAD61303F0010372
:100BC00003EB830103EB413383EA52031FFA83F8FB
:100BD00004AB994582D14FEA880505F47F75F0F79B
:100BE000B9FB45F4806545F00105EE0700F13404DA
:100BF00038780ED501F08AFD6D080ED0F0F7AAFB0B
:100C0000A04271F10001F9D3EE07387804F1340401
:100C1000F0D46D0801F088FDF0E74FEA182840F2A3
:100C20000146F0F797FB46EA8806B6B2F10700F1F5
:100C3000340438780ED501F069FD76080ED0F0F74F
:100C400089FBA04271F10001F9D3F107387804F172
:100C50003404F0D4760801F067FDF0E7387801F04D
:100C600071FD032401E0013C0AD0FFF721FD421C85
:100C7000F9D0C0B2FF2803D0002005B0BDE8F08F46
:100C80003878DBF8044001F067FD019B002B00F091
:100C9000D780A04603EB040A40F2014918F8015B33
:100CA000F0F758FB49EA8505ADB2EB0700F13404D3
:100CB00038780ED501F02AFD6D0811D0F0F74AFB07
:100CC000A04271F10001F9D3EB07387804F1340444
:100CD000F0D46D0801F028FDF0E700BFFFA0002070
:100CE00018F8013C83EA060202F0010202EB8201DD
:100CF00002EB413080EA560080B280EA530202F0F3
:100D0000010202EB820102EB413181EA500189B21A
:100D100081EA930202F0010202EB820002EB403012
:100D200080EA510080B280EAD30202F0010202EBB5
:100D3000820102EB413181EA500189B281EA13124A
:100D400002F0010202EB820002EB403080EA510027
:100D500080B280EA531202F0010202EB820102EB40
:100D6000413181EA500189B281EA931202F0010215
:100D700002EB820002EB403282EA510292B282EA36
:100D8000D31303F0010303EB830103EB413383EA45
:100D90005203D0459EB281D1B30040F20142340AE1
:100DA00003F47F7642EA84041643A4B2B6B2F0F7A5
:100DB000D1FAF10700F1340538780ED501F0A6FC20
:100DC00076080ED0F0F7C6FAA84271F10001F9D307
:100DD000F107387805F13405F0D4760801F0A4FC69
:100DE000F0E7F0F7B7FAE20700F1340538780ED5EE
:100DF00001F08CFC64080ED0F0F7ACFAA84271F157
:100E00000001F9D3E207387805F13405F0D464081D
:100E100001F08AFCF0E7387801F094FC292402E024
:100E2000013C3FF429AFFFF743FC431CF8D0C0B2AC
:100E3000A0F13000B0FA80F0400905B0BDE8F08FB5
:100E400040F201463446B2E72DE9F04F334D344EBF
:100E5000002389B0834603600FCD02AC0FC495E830
:100E6000030044F8040B3078217001F075FC0DF19B
:100E700007084746A24640F2014917F8014FF0F72C
:100E800069FA49EA8404A4B204F0010300F13405CC
:100E9000640830787BB101F039FC7CB1F0F75AFA84
:100EA000A84271F10001F9D304F001033078343520
:100EB0006408002BEFD101F037FCEFE7BA45DCD135
:100EC000307801F03FFC0DF1FF34FFF7F1FB421CDD
:100ED00010D004F8010FA045F7D1FFF7E9FB431C40
:100EE00008D0C0B2302805D1BDF8002043F23473D9
:100EF0009A4203D0002009B0BDE8F08F9DF802307F
:100F0000312BF7D1BDF804309DF803208BF8022077
:100F10005BBAABF800300120EDE700BFB059030821
:100F2000FFA0002000B583B0FD2301A8ADF8043078
:100F3000FFF7FEFBFFF7BCFB421C07D1FFF7B8FB36
:100F4000431C08BF002001D103B000BDC0B2A0F116
:100F5000C100B0FA80F0400903B000BD00B583B015
:100F6000002301A8ADF80430FFF7E2FB03B000BD99
:100F70002DE9F04F43884FF6FF72934283B0074646
:100F800000F0E280744E5BBAFF223078ADF80420A6
:100F9000ADF8063001F0E0FB4FF0000940F2014BE4
:100FA0000DF1040A1AF8018BF0F7D4F94BEA880422
:100FB000A4B204F0010300F13405640830787BB179
:100FC00001F0A4FB7CB1F0F7C5F9A84271F1000172
:100FD000F9D304F00103307834356408002BEFD1E5
:100FE00001F0A2FBEFE789EA080303F0010303EB3A
:100FF000830203EB423282EA590292B282EA580338
:1010000003F0010303EB830103EB413181EA520159
:1010100089B281EA980303F0010303EB830203EB37
:10102000423282EA510292B282EAD80303F001030B
:1010300003EB830103EB413181EA520189B281EA7A
:10104000181303F0010303EB830203EB423282EA3D
:10105000510292B282EA581303F0010303EB8301B9
:1010600003EB413181EA520189B281EA981303F01E
:10107000010303EB830203EB423282EA510292B294
:1010800082EAD81303F0010303EB830103EB41333E
:1010900083EA52031FFA83F902AB9A4582D14FEAE1
:1010A000890505F47F75F0F755F945F4806545F03D
:1010B0000105E90700F1340430780ED501F026FB74
:1010C0006D080ED0F0F746F9A04271F10001F9D396
:1010D000E907307804F13404F0D46D0801F024FB02
:1010E000F0E74FEA192940F20145F0F733F945EAF4
:1010F0008905ADB2EA0700F1340430780ED501F06D
:1011000005FB6D080ED0F0F725F9A04271F1000142
:10111000F9D3EA07307804F13404F0D46D0801F013
:1011200003FBF0E7307801F00DFB032401E0013C04
:1011300006D0FFF7BDFA431CF9D0C0B2302803D067
:10114000002003B0BDE8F08F3946072003B0BDE8AA
:10115000F04FFFF7BFBB00BFFFA000202DE9F04F0D
:1011600043884FF6FF72934283B0074600F0E28057
:10117000744E5BBAFF223078ADF80420ADF806302B
:1011800001F0EAFA4FF0000940F2014B0DF1040AB8
:101190001AF8018BF0F7DEF84BEA8804A4B204F0E9
:1011A000010300F13405640830787BB101F0AEFA38
:1011B0007CB1F0F7CFF8A84271F10001F9D304F047
:1011C0000103307834356408002BEFD101F0ACFA1C
:1011D000EFE789EA080303F0010303EB830203EB63
:1011E000423282EA590292B282EA580303F00103C2
:1011F00003EB830103EB413181EA520189B281EAB9
:10120000980303F0010303EB830203EB423282EA0B
:10121000510292B282EAD80303F0010303EB830187
:1012200003EB413181EA520189B281EA181303F0DC
:10123000010303EB830203EB423282EA510292B2D2
:1012400082EA581303F0010303EB830103EB4131FE
:1012500081EA520189B281EA981303F0010303EB9A
:10126000830203EB423282EA510292B282EAD8133D
:1012700003F0010303EB830103EB413383EA5203E1
:101280001FFA83F902AB9A4582D14FEA890505F42A
:101290007F75F0F75FF845F4806545F00105E907D3
:1012A00000F1340430780ED501F030FA6D080ED01C
:1012B000F0F750F8A04271F10001F9D3E907307856
:1012C00004F13404F0D46D0801F02EFAF0E74FEA8F
:1012D000192940F20145F0F73DF845EA8905ADB21C
:1012E000EA0700F1340430780ED501F00FFA6D08EA
:1012F0000ED0F0F72FF8A04271F10001F9D3EA0700
:10130000307804F13404F0D46D0801F00DFAF0E700
:10131000307801F017FA032401E0013C06D0FFF712
:10132000C7F9431CF9D0C0B2302803D0002003B065
:10133000BDE8F08F3946032003B0BDE8F04FFFF75A
:10134000C9BA00BFFFA000202DE9F04F43884FF637
:10135000FF72934283B0074600F0E280744E5BBA9E
:10136000FF223078ADF80420ADF8063001F0F4F932
:101370004FF0000940F2014B0DF1040A1AF8018BFD
:10138000EFF7E8FF4BEA8804A4B204F0010300F190
:101390003405640830787BB101F0B8F97CB1EFF71F
:1013A000D9FFA84271F10001F9D304F001033078AC
:1013B00034356408002BEFD101F0B6F9EFE789EA84
:1013C000080303F0010303EB830203EB423282EADA
:1013D000590292B282EA580303F0010303EB83013E
:1013E00003EB413181EA520189B281EA980303F0AB
:1013F000010303EB830203EB423282EA510292B211
:1014000082EAD80303F0010303EB830103EB4131CC
:1014100081EA520189B281EA181303F0010303EB58
:10142000830203EB423282EA510292B282EA5813FB
:1014300003F0010303EB830103EB413181EA520125
:1014400089B281EA981303F0010303EB830203EBF3
:10145000423282EA510292B282EAD81303F00103C7
:1014600003EB830103EB413383EA52031FFA83F951
:1014700002AB9A4582D14FEA890505F47F75EFF7F3
:1014800069FF45F4806545F00105E90700F1340482
:1014900030780ED501F03AF96D080ED0EFF75AFF0B
:1014A000A04271F10001F9D3E907307804F1340466
:1014B000F0D46D0801F038F9F0E74FEA192940F24D
:1014C0000145EFF747FF45EA8905ADB2EA0700F1AC
:1014D000340430780ED501F019F96D080ED0EFF70D
:1014E00039FFA04271F10001F9D3EA07307804F125
:1014F0003404F0D46D0801F017F9F0E7307801F00A
:1015000021F9032401E0013C06D0FFF7D1F8431C88
:10151000F9D0C0B2302803D0002003B0BDE8F08F6E
:101520003946042003B0BDE8F04FFFF7D3B900BF40
:10153000FFA000202DE9F04F43884FF6FF72934241
:1015400083B000F0E380804F5BBAFF223878ADF8BB
:101550000420ADF8063001F0FFF80DF1040B4FF058
:10156000000840F2014AD94619F8016BEFF7F2FE84
:101570004AEA8605ADB205F0010300F134046D08B6
:1015800038787BB101F0C2F87DB1EFF7E3FEA042FD
:1015900071F10001F9D305F00103387834346D0896
:1015A000002BEFD101F0C0F8EFE786EA080303F063
:1015B000010303EB830203EB423282EA580292B248
:1015C00082EA560303F0010303EB830103EB41318D
:1015D00081EA520189B281EA960303F0010303EB29
:1015E000830203EB423282EA510292B282EAD603CC
:1015F00003F0010303EB830103EB413181EA520164
:1016000089B281EA161303F0010303EB830203EBB3
:10161000423282EA510292B282EA561303F0010387
:1016200003EB830103EB413181EA520189B281EA84
:10163000961303F0010303EB830203EB423282EAC9
:10164000510292B282EAD61303F0010303EB830145
:1016500003EB413383EA52031FFA83F802AB994547
:1016600082D14FEA880505F47F75EFF773FE45F4E4
:10167000806545F00105EE0700F1340438780ED599
:1016800001F044F86D080ED0EFF764FEA04271F14E
:101690000001F9D3EE07387804F13404F0D46D0872
:1016A00001F042F8F0E74FEA182840F20145EFF761
:1016B00051FE45EA8805ADB2E90700F134043878F7
:1016C0000ED501F023F86D080ED0EFF743FEA042CF
:1016D00071F10001F9D3E907387804F13404F0D44A
:1016E0006D0801F021F8F0E7387801F02BF80324B9
:1016F00001E0013C06D0FEF7DBFF421CF9D0C0B28E
:10170000302805D0002003B0BDE8F08F0DF1040BA8
:101710004FF481735846ADF804301524FFF708F8EC
:1017200001E0013C0CD0FEF7C3FF431CF9D0C0B26E
:10173000A0F13000B0FA80F0400903B0BDE8F08FAE
:10174000204603B0BDE8F08FFFA000202DE9F04F48
:1017500043884FF6FF72934283B0074600F0E28061
:10176000814E5BBAFF223078ADF80420ADF8063028
:1017700000F0F2FF4FF0000940F2014B0DF1040AB6
:101780001AF8018BEFF7E6FD4BEA8804A4B204F0E7
:10179000010300F13405640830787BB100F0B6FF36
:1017A0007CB1EFF7D7FDA84271F10001F9D304F045
:1017B0000103307834356408002BEFD100F0B4FF1A
:1017C000EFE789EA080303F0010303EB830203EB6D
:1017D000423282EA590292B282EA580303F00103CC
:1017E00003EB830103EB413181EA520189B281EAC3
:1017F000980303F0010303EB830203EB423282EA16
:10180000510292B282EAD80303F0010303EB830191
:1018100003EB413181EA520189B281EA181303F0E6
:10182000010303EB830203EB423282EA510292B2DC
:1018300082EA581303F0010303EB830103EB413108
:1018400081EA520189B281EA981303F0010303EBA4
:10185000830203EB423282EA510292B282EAD81347
:1018600003F0010303EB830103EB413383EA5203EB
:101870001FFA83F902AB9A4582D14FEA890505F434
:101880007F75EFF767FD45F4806545F00105EB07CF
:1018900000F1340430780ED500F038FF6D080ED01A
:1018A000EFF758FDA04271F10001F9D3EB07307852
:1018B00004F13404F0D46D0800F036FFF0E74FEA8D
:1018C000192940F20145EFF745FD45EA8905ADB21A
:1018D000E90700F1340430780ED500F017FF6D08E9
:1018E0000ED0EFF737FDA04271F10001F9D3E907FF
:1018F000307804F13404F0D46D0800F015FFF0E7FF
:10190000307800F01FFF032401E0013C06D0FEF711
:10191000CFFE421CF9D0C0B2302803D0002003B063
:10192000BDE8F08F3846FFF7C1F80028F6D040F246
:10193000051301A8ADF8043040F2DD54FEF7F8FEBF
:1019400001E0013C0CD0FEF7B3FE431CF9D0C0B25D
:10195000A0F13000B0FA80F0400903B0BDE8F08F8C
:10196000204603B0BDE8F08FFFA000202DE9F04F26
:1019700043884FF6FF72934283B0074600F0E2803F
:10198000814E5BBAFF223078ADF80420ADF8063006
:1019900000F0E2FE4FF0000940F2014B0DF1040AA5
:1019A0001AF8018BEFF7D6FC4BEA8804A4B204F0D6
:1019B000010300F13405640830787BB100F0A6FE25
:1019C0007CB1EFF7C7FCA84271F10001F9D304F034
:1019D0000103307834356408002BEFD100F0A4FE09
:1019E000EFE789EA080303F0010303EB830203EB4B
:1019F000423282EA590292B282EA580303F00103AA
:101A000003EB830103EB413181EA520189B281EAA0
:101A1000980303F0010303EB830203EB423282EAF3
:101A2000510292B282EAD80303F0010303EB83016F
:101A300003EB413181EA520189B281EA181303F0C4
:101A4000010303EB830203EB423282EA510292B2BA
:101A500082EA581303F0010303EB830103EB4131E6
:101A600081EA520189B281EA981303F0010303EB82
:101A7000830203EB423282EA510292B282EAD81325
:101A800003F0010303EB830103EB413383EA5203C9
:101A90001FFA83F902AB9A4582D14FEA890505F412
:101AA0007F75EFF757FC45F4806545F00105EB07BE
:101AB00000F1340430780ED500F028FE6D080ED009
:101AC000EFF748FCA04271F10001F9D3EB07307841
:101AD00004F13404F0D46D0800F026FEF0E74FEA7C
:101AE000192940F20145EFF735FC45EA8905ADB209
:101AF000E90700F1340430780ED500F007FE6D08D8
:101B00000ED0EFF727FCA04271F10001F9D3E907ED
:101B1000307804F13404F0D46D0800F005FEF0E7ED
:101B2000307800F00FFE032401E0013C06D0FEF700
:101B3000BFFD421CF9D0C0B2302803D0002003B052
:101B4000BDE8F08F3846FEF7B1FF0028F6D040F22E
:101B5000011301A8ADF804301524FEF7E9FD01E0FA
:101B6000013C0CD0FEF7A4FD431CF9D0C0B2A0F19B
:101B70003000B0FA80F0400903B0BDE8F08F204695
:101B800003B0BDE8F08F00BFFFA000202DE9F041B9
:101B9000EFF7E0FB234D074600F1FA064FF000088F
:101BA00005E0EFF7D7FB864278EB010134D32878C4
:101BB00000F096FD04460028F3D105E0EFF7CAFBDC
:101BC000864274EB010127D3287800F091FD80460E
:101BD0000028F3D1EFF7BEFB134B144A1B68C01B60
:101BE000984210601CD807F5FA7705E0EFF7B2FBD2
:101BF000874278EB01010FD3287800F071FD04468D
:101C00000028F3D1287800F073FD38B1EFF7A2FB7C
:101C1000874274EB0101F5D24FF0FF30BDE8F0814F
:101C20000120FBE7FFA00020D4A00020D8A00020C6
:101C30002DE9F047864E874D602382B02B603378C4
:101C4000122B8046894621D0152B1FD0012B0CBFAB
:101C500002248C24FFF79AFF01301AD00A24FFF7E0
:101C600095FF01300ED0013CF9D17B4B1A689308E7
:101C700003EB52032B6001E0012811D1FFF786FF2F
:101C8000411CF9D1002002B0BDE8F08744F6206481
:101C900001E0013CF6D0FFF779FF0130F9D0DDE734
:101CA0006E4D00242C702746FFF770FF421C00FA8F
:101CB00007F044EA000407F10107E4B2E2D0082F7C
:101CC000F2D12B781B2C83EA04032B70DAD1002786
:101CD0003C46FFF75BFF431C00FA04F040EA0700B4
:101CE00004F10104C7B2CDD0082CF2D15C4B1A78B4
:101CF0002B78BA4283EA07032B70C3D1002427460E
:101D0000FFF744FF411C00FA07F044EA000407F122
:101D10000107E4B200F09880082FF1D12B786340DE
:101D20002B704FEA042A00273C46FFF72FFF421C86
:101D300000FA04F047EA000704F10104FFB2A1D061
:101D4000082CF2D12B784AEA07025F40531EB3F504
:101D5000817F92462F7095D800273C46FFF716FFEB
:101D6000431C00FA04F047EA000704F10104FFB243
:101D700088D0082CF2D12B780E2F83EA07032B7022
:101D800080D1002217460192FFF700FF019A00FA66
:101D900007F31343441C07F10107DAB23FF472AFB3
:101DA000082FF0D12B783178534091422B707FF47B
:101DB00069AF00263746FFF7E9FE00FA07F3334321
:101DC000411C07F10107DEB23FF45CAF082FF2D1EE
:101DD0002B7873402B70002E7FF454AFBAF1020FB2
:101DE0001DDDAAF1020A344600231F460193FFF7C6
:101DF000CDFE019B421C00FA07F043EA000307F105
:101E000001073FF43FAF082FF0D14C452978B8BF08
:101E100008F804300134594054452970E4D10024B5
:101E2000FFF7B4FE431C00FA04F046EA000604F192
:101E3000010404D0082CF3D12B785E402E70287852
:101E4000B0FA80F040091EE76FF0FF0A6BE700BFB1
:101E5000D2A00020D4A00020D8A00020D1A0002033
:101E6000D3A0002070B51B4A1B4E13784340044694
:101E7000137008250EE000F049FC4020EFF7A8FAA7
:101E8000307800F051FC4020EFF7A2FA013D4FEA14
:101E900054041DD0E3073078EDD400F037FC202047
:101EA000EFF796FA307800F03FFC2020EFF790FA39
:101EB000307800F02BFC2020EFF78AFA307800F021
:101EC00033FC2020EFF784FA013D4FEA5404E1D1BE
:101ED00070BD00BFD0A00020FFA000202DE9F04180
:101EE000324EB0F80080324F0546307800F034FCB6
:101EF000FF20FFF7B7FFFF20FFF7B4FF7F2000248C
:101F0000FFF7B0FF1B203C70FFF7ACFF294B1878A0
:101F10000130C0B208F10A081870FFF7A3FFC8F338
:101F20000720FFF79FFF5FFA88F0FFF79BFF0E2067
:101F3000FFF798FF204B1878FFF794FF2888000AD6
:101F4000FFF790FF2878FFF78DFF2046FFF78AFF05
:101F50002046FFF787FF2046FFF784FF2046FFF764
:101F600081FF2046FFF77EFF2046FFF77BFF2046DC
:101F7000FFF778FF2B883BB16B68185DFFF772FFA6
:101F80002B880134A342F7DC3878FFF76BFF3078F9
:101F900000F0BCFB2020EFF71BFA307800F0D2FBFA
:101FA000BDE8F04105481021FFF742BEFFA0002028
:101FB000D0A00020D3A00020D2A00020DCA00020D0
:101FC000F8B51D4C1D4B20781D4E01251D7000F0ED
:101FD000C3FBFF20FFF746FFFF20FFF743FF7F20F3
:101FE000FFF740FF00271B203770FFF73BFF154B23
:101FF00018782844C0B21870FFF734FF3846FFF74E
:1020000031FF2846FFF72EFF0E20FFF72BFF284653
:10201000FFF728FF3078FFF725FF207800F076FBE8
:102020002020EFF7D5F9207800F08CFBBDE8F840D0
:1020300005481021FFF7FCBDFFA00020D2A0002022
:10204000D0A00020D3A00020DCA000202DE9F04F7C
:102050005A4D5B4FDFF87081DFF8709185B0012435
:10206000019028783C7000F077FBFF20FFF7FAFE24
:10207000FF20FFF7F7FE7F20FFF7F4FE00261B206E
:1020800088F80060FFF7EEFE99F800002044C0B227
:1020900089F80000FFF7E6FE3046FFF7E3FE204632
:1020A000FFF7E0FE0E20FFF7DDFE2046FFF7DAFE29
:1020B00098F80000FFF7D6FE287800F027FB2020D4
:1020C000EFF786F9287800F03DFB3E481021FFF736
:1020D000AFFD002852D00DF10C0B28784FF01D0AEF
:1020E00087F800A000F038FBFF20FFF7BBFEFF20C1
:1020F000FFF7B8FE7F200024FFF7B4FE1B2088F80E
:102100000040FFF7AFFE99F800000130C0B289F837
:102110000000FFF7A7FE2046FFF7A4FE0820FFF708
:10212000A1FE0E20FFF79EFE5046FFF79BFE042007
:10213000FFF798FE0420FFF795FE2046FFF792FE7A
:102140003020FFF78FFE2046FFF78CFEF0B2FFF73E
:1021500089FE2046FFF786FE98F80000FFF782FE12
:10216000287800F0D3FA2020EFF732F9287800F031
:10217000E9FA14481021FFF75BFD10B905B0BDE87E
:10218000F08F104B1A7801364AB95A78302A00D0AD
:102190002AB90C4B9A7812B9DA788BF80020032E02
:1021A0000BF1010B99D1BDF80D3001999DF80C2070
:1021B0008A705BBA0B8005B0BDE8F08FFFA00020ED
:1021C000D2A00020DCA00020D0A00020D3A00020BE
:1021D000F8B5264C264F2078264E12233B7000F08F
:1021E000BBFAFF20FFF73EFEFF20FFF73BFE7F20FC
:1021F000FFF738FE00251B203570FFF733FE1E4B1E
:1022000018780130C0B21870FFF72CFE2846FFF78F
:1022100029FE0720FFF726FE0E20FFF723FE387861
:10222000FFF720FE1420FFF71DFE2846FFF71AFED9
:10223000AC20FFF717FE8820FFF714FE1320FFF7EE
:1022400011FE7620FFF70EFE3078FFF70BFE2078A8
:1022500000F05CFA2020EFF7BBF8207800F072FA6B
:10226000BDE8F84005481021FFF7E2BCFFA00020C0
:10227000D2A00020D0A00020D3A00020DCA000200D
:1022800042882DE9F8434FF6FF739A42044600F066
:1022900093804C4DDFF83C8128784B4E4B4F062302
:1022A00088F8003000F058FAFF20FFF7DBFDFF2030
:1022B000FFF7D8FD7F20FFF7D5FD4FF000091B2069
:1022C00086F80090FFF7CEFD38780130C0B2387044
:1022D000FFF7C8FD4846FFF7C5FD0520FFF7C2FD23
:1022E0000E20FFF7BFFD0620FFF7BCFD4846FFF7B5
:1022F000B9FD4846FFF7B6FD6088000AFFF7B2FD5A
:10230000A078FFF7AFFD3078FFF7ACFD287800F03C
:10231000FDF92020EFF75CF8287800F013FA2C483C
:102320001021FFF785FC002844D01423287888F872
:10233000003000F011FAFF20FFF794FDFF20FFF7B7
:1023400091FD7F20FFF78EFD4FF000091B2086F8DE
:102350000090FFF787FD38780130C0B23870FFF782
:1023600081FD4846FFF77EFD0420FFF77BFD0E2030
:10237000FFF778FD98F80000FFF774FD2088000A49
:10238000FFF770FD2078FFF76DFDA020FFF76AFDD5
:102390003078FFF767FD287800F0B8F92020EFF7D4
:1023A00017F8287800F0CEF921886068BDE8F84376
:1023B000FFF73EBCBDE8F883DFF81880014D024E00
:1023C000024FB2E7FFA00020D0A00020D3A0002041
:1023D000DCA00020D2A0002042882DE9F8434FF66F
:1023E000FF739A42044600F093804C4DDFF83C8125
:1023F00028784B4E4B4F062388F8003000F0ACF99C
:10240000FF20FFF72FFDFF20FFF72CFD7F20FFF7B8
:1024100029FD4FF000091B2086F80090FFF722FDF0
:1024200038780130C0B23870FFF71CFD4846FFF71E
:1024300019FD0520FFF716FD0E20FFF713FD0620FE
:10244000FFF710FD4846FFF70DFD4846FFF70AFD70
:102450006088000AFFF706FDA078FFF703FD3078DB
:10246000FFF700FD287800F051F92020EEF7B0FFCB
:10247000287800F067F92C481021FFF7D9FB0028D5
:1024800044D01623287888F8003000F065F9FF2042
:10249000FFF7E8FCFF20FFF7E5FC7F20FFF7E2FCF9
:1024A0004FF000091B2086F80090FFF7DBFC38781E
:1024B0000130C0B23870FFF7D5FC4846FFF7D2FCB8
:1024C0000420FFF7CFFC0E20FFF7CCFC98F80000AB
:1024D000FFF7C8FC2088000AFFF7C4FC2078FFF74C
:1024E000C1FCA020FFF7BEFC3078FFF7BBFC2878CA
:1024F00000F00CF92020EEF76BFF287800F022F9AD
:1025000021886068BDE8F843FFF792BBBDE8F88317
:10251000DFF81880014D024E024FB2E7FFA0002005
:10252000D0A00020D3A00020DCA00020D2A000205A
:1025300070B542884FF6FF739A4282B0044656D077
:102540002C4E2D4B307801930621197000F004F9C0
:10255000FF20FFF787FCFF20FFF784FC7F20FFF7B9
:1025600081FC264A00251B201570FFF77BFCDFF855
:1025700094C09CF800000130C0B28CF80000FFF756
:1025800071FC2846FFF76EFC0520FFF76BFC0E2060
:10259000FFF768FC0620FFF765FC2846FFF762FCA2
:1025A0002846FFF75FFC6088000AFFF75BFCA07815
:1025B000FFF758FC114A1078FFF754FC307800F010
:1025C000A5F82020EEF704FF307800F0BBF80C48A7
:1025D0001021FFF72DFB019B38B1132220461A7002
:1025E00002B0BDE87040FFF779BC02B070BD024B8D
:1025F000F3E700BFFFA00020D2A00020D0A0002061
:10260000DCA00020D3A0002070B542884FF6FF73F5
:102610009A4282B0044656D02C4E2D4B307801930E
:102620000621197000F098F8FF20FFF71BFCFF202F
:10263000FFF718FC7F20FFF715FC264A00251B201A
:102640001570FFF70FFCDFF894C09CF80000013014
:10265000C0B28CF80000FFF705FC2846FFF702FC2B
:102660000520FFF7FFFB0E20FFF7FCFB0620FFF71E
:10267000F9FB2846FFF7F6FB2846FFF7F3FB6088D7
:10268000000AFFF7EFFBA078FFF7ECFB114A107888
:10269000FFF7E8FB307800F039F82020EEF798FEDD
:1026A000307800F04FF80C481021FFF7C1FA019B79
:1026B00038B1152220461A7002B0BDE87040FFF70D
:1026C0000DBC02B070BD024BF3E700BFFFA00020BD
:1026D000D2A00020D0A00020DCA00020D3A00020A9
:1026E000024B342202FB0030FAF71CB8E07B0308EF
:1026F00008B5054B342202FB0030FAF713F8B0FAA4
:1027000080F0400908BD00BFE07B03083422054B80
:1027100002FB00F01A5C02B9704704300121184432
:10272000FAF704B8DC7B03083422054B02FB00F007
:102730001A5C02B97047043000211844F9F7F6BF5B
:10274000DC7B0308034B3422012102FB0030F9F744
:10275000FBBF00BFDC7B0308034B3422002102FBDC
:102760000030F9F7F1BF00BFDC7B030870B51C4EE9
:10277000054603242846FFF769FC38B92846FEF7CA
:1027800063FBA0B9013CF5D1204670BD3388002B16
:10279000F4D02988124A03E032F8023F002BEDD032
:1027A0009942F9D103230F4A1370012070BD0E4ADC
:1027B000298813881BB906E032F8023F1BB1994201
:1027C000FAD10123EFE7064A138823B9DAE732F892
:1027D000023F002BD6D09942F9D10223E3E700BF94
:1027E0001C020020F5A000200C02002010B54FF4C0
:1027F000FA612A20EEF7E2FE154C04E0EEF734FF12
:1028000040B9EAF715F92078F3F744FF03462A2088
:10281000002BF3D02A20EEF727FF10B10D4B012239
:102820001A702078F3F736FF60B903460A490B4A5D
:102830000C886340C3F3072432F8142082EA032390
:102840000B8010BD2078F3F75BFF0302EEE700BFBB
:10285000F4A00020FCA00020F2A00020C85903082A
:1028600000B585B0A0F1300CADF80A100392BCF1B0
:102870000F0F3BD8DFE80CF084AD5B6970743A3D14
:10288000359D1C083A1C08967D4AADF808303B3847
:10289000127818BF012040EA42000238052825D8E6
:1028A000DFE810F09D0024009D00B600C200BC00CF
:1028B0001378734A002B08BF4FF480731278ADF879
:1028C00008303A3818BF012040EA42000238052893
:1028D0000CD8DFE810F0B9000B00AF00CB00C5004A
:1028E000BF00674B1B78032B00F08A80022005B0E5
:1028F00000BD644B6448002119801178007888423B
:1029000074D9DFF890C1019218468CF80010FFF7D7
:102910002DFF5C4B019A002800F0B08058480078E9
:10292000D8701B681360069B042119600AE0574B9E
:1029300003CB1B781372069B10604FF0090C51609B
:10294000C3F800C0002005B000BD4FF492611180B3
:10295000069A02231360F5E74D4B01221A70F1E746
:10296000494B12781B78934240D9454B49491B7813
:102970000A70013B012B48D9424B00221A80E1E743
:10298000404B1A88002ADDD03D4A1278022A2FD9FE
:10299000032A04D1FFF714FB3A4B0028D2D10022BE
:1029A0001A8021E013785A1E022A65D8344A13701F
:1029B000C8E7334B1B78012B98D106990B6013782D
:1029C00002A85B02ADF80A30FEF7B4FD0028B9D1C9
:1029D0000AE06A211170069A01231360B2E702A887
:1029E000FEF7C4FF0028ADD10F2080E708207EE766
:1029F000002AD4D0FEF796FA224B0028CFD0A1E7C8
:102A0000FFF7E6FB00289DD1EEE7FEF7A7FAB3E754
:102A100002A8FEF79BFE002894D1E5E702A8FFF785
:102A2000F3FD00288ED1DFE702A8FFF781FD002823
:102A300088D1D9E702A8FEF79BFA0028D4D0069ADD
:102A4000BDF8083013607DE702A8FEF787FB002879
:102A5000F5D1C9E702A8FFF7BFFC0028EFD1C3E713
:102A600002A8FFF70DFC0028E9D1BDE702A8FEF798
:102A70006BFC0028E3D1B7E7092038E71880B3E7FB
:102A8000F5A00020F8A0002000A100202460030889
:102A9000FDA00020FFA000202DE9F04F424B434E47
:102AA000CBB083461870F3F7C9F8F3F73FF83368F3
:102AB0009BB13F4D4FF0000834275FFA88F407FBC5
:102AC00004F401212819F9F73FFE2B5D002B56D1A4
:102AD000336808F101084345EFD8DFF8E480354F4B
:102AE00000234FF47A612A2088F800303B70EEF71B
:102AF00065FD98F800301BBB2F4D0CE04FF47A6158
:102B00002A20EEF75BFD2C80FFF770FE2F2859D0AE
:102B100098F80030A3B93C7894B9E9F789FF584692
:102B2000F3F7B8FD0028E9D12A20EEF79DFD002833
:102B3000EED04FF001033B7098F80030002BEAD044
:102B4000336883B11A4D00274FF03408FCB208FBFC
:102B500004F400212819F9F7F7FD2B5DD3B9336888
:102B600001379F42F2D341F28830EEF7BDFC134BA0
:102B700000221A70E6F766FF4BB0BDE8F08F201D0B
:102B800001212844F9F7D2FD336808F101084345D3
:102B900093D8A2E7201D00212844F9F7C7FD336828
:102BA00001379F42D2D3DEE7F4A0002004000020CA
:102BB000DC7B0308FCA00020F2A0002000A1002084
:102BC000FDA000202046F2F7CBFFFFF70FFE039099
:102BD000FFF70CFE0446FFF709FE40EA04239BB210
:102BE0000293FFF703FE031E08BF4FF480730AAC85
:102BF00004EB030904949A46FFF7F8FD04F8010B6F
:102C0000A145F9D1049CCDF814A0FFF7EFFDFFF723
:102C1000EDFD002209922A88059B002A00F0E5813B
:102C20004FF440720323CDE9042300238DF82830AC
:102C30004FF480720123CDE906239A46B54BDFF8A5
:102C4000D892187800222E21A9F8002000F0F4FF75
:102C5000B9F8002082F4385210B20028C0F2FE8287
:102C6000520011B20029C0F2F082520010B20028C6
:102C7000C0F2E482520011B20029C0F2D8825200A0
:102C800010B20028C0F2CC82520011B20029C0F26A
:102C9000C082520010B20028C0F2B482520011B2B9
:102CA00000299C4BBABF41F2210282EA4102520044
:102CB00018789DF90C10A9F8002000F0BDFFB9F8B4
:102CC0000020039B82EA032210B20028C0F2938204
:102CD000520011B20029C0F28782520010B20028BF
:102CE000C0F27B82520011B20029C0F26F82520002
:102CF00010B20028C0F26382520011B20029C0F263
:102D00005782520010B20028C0F24B82520011B21A
:102D1000804B00291878029BBABF41F2210282EA57
:102D20004102520043F30721A9F8002000F084FF7C
:102D3000029BB9F8001023F0FF024A4010B20028AD
:102D4000C0F22882520011B20029C0F21C82520047
:102D500010B20028C0F21082520011B20029C0F255
:102D60000482520010B20028C0F2F881520011B261
:102D70000029C0F2EC81520010B20028C0F2E081BC
:102D8000520011B20029634BBABF41F2210282EA1C
:102D90004102520018789DF90810A9F8002000F0AF
:102DA0004BFFB9F80020029B82EA032210B20028F0
:102DB000C0F2BF81520011B20029C0F2B3815200AB
:102DC00010B20028C0F2A781520011B20029C0F24F
:102DD0009B81520010B20028C0F28F81520011B2C4
:102DE0000029C0F28381520010B20028C0F277811E
:102DF000520011B20029474BBABF41F2210282EAC8
:102E00004102520018780799A9F8002000F014FF39
:102E1000B9F80020069B5A4010B20028C0F2588131
:102E2000520011B20029C0F24C81520010B20028A9
:102E3000C0F24081520011B20029C0F23481520028
:102E400010B20028C0F22881520011B20029C0F24D
:102E50001C81520010B20028C0F21081520011B241
:102E60000029B6BF41F22102520082EA4102BAF1C2
:102E7000000FA9F800203CDD0AAB5344029341F255
:102E8000210ACDF80CB014F801BB224B4FFA8BF19C
:102E9000187800F0D1FEB9F8002082EA0B2213B2B4
:102EA000002BC0F29680520013B2002BC0F2988023
:102EB000520013B2002BC0F28780520013B2002BD5
:102EC0007DDB520013B2002B74DB520013B2002BD7
:102ED0006BDB520013B2002B62DB520013B2002BEB
:102EE00055DB029B5200A342A9F80020CBD1DDF8AC
:102EF0000CB0084B0599187800F09EFEB9F8002038
:102F0000049B5A4011B20029C0F2B18051000AB2AC
:102F100004E000BFF4A00020F0A00020002AC0F2CE
:102F20009F80490008B20028C0F2938049000AB28D
:102F3000002AC0F28780490008B200287BDB4900E4
:102F40000AB2002A70DB490008B2002865DB49009C
:102F50000AB2002AC04BB6BF41F22101490081EA02
:102F600042011C461878A9F8001041F3072100F02F
:102F700063FE99F90010207800F05EFE4FF47A614C
:102F80002A20EEF71BFB0020F2F7FCFDC0E58AEAE1
:102F90004303A9F80030029BA3427FF474AFA6E775
:102FA0008AEA43031BB21A4699E78AEA43031BB233
:102FB0001A4690E78AEA43031BB21A4687E78AEA71
:102FC00043031BB21A467EE78AEA43031BB21A4642
:102FD00075E78AEA43031BB2002B1A46BFF668AFB7
:102FE0008AEA43031BB21A4664E709AA0092DDE9A4
:102FF00002100AAAFFF734FCDDF824A043B20593BF
:1030000003020493BAF1000F3FF40FAE4FFA8AF3B4
:1030100007934FEA0A23069310E641F2210282EA5F
:10302000400212B2114694E741F2210080EA4200C8
:1030300000B2014689E741F2210282EA400212B25F
:1030400011467EE741F2210080EA420000B20146CB
:1030500073E741F2210282EA400212B2114667E7A9
:1030600041F2210080EA420000B201465BE741F2F2
:10307000210282EA410212B211464FE741F22101D8
:1030800081EA400109B20A46EAE641F2210080EAFB
:10309000410000B20246DEE641F2210181EA400130
:1030A00009B20A46D2E641F2210080EA410000B2AC
:1030B0000246C6E641F2210181EA400109B20A4610
:1030C000BAE641F2210080EA410000B20246AEE6D3
:1030D00041F2210181EA400109B20A46A2E641F229
:1030E000210181EA400109B20A4683E641F221004A
:1030F00080EA410000B2024677E641F2210181EA0E
:10310000400109B20A466BE641F2210080EA410023
:1031100000B202465FE641F2210181EA400109B2B4
:103120000A4653E641F2210080EA410000B202461D
:1031300047E641F2210181EA400109B20A463BE635
:1031400041F2210181EA400109B20A461AE641F240
:10315000210080EA410000B202460EE641F2210160
:1031600081EA400109B20A4602E641F2210080EA02
:10317000410000B20246F6E541F2210181EA400138
:1031800009B20A46EAE541F2210080EA410000B2B4
:103190000246DEE541F2210181EA400109B20A4618
:1031A000D2E541F2210181EA400109B20A46AFE5C8
:1031B00041F2210080EA410000B20246A3E541F25B
:1031C000210181EA400109B20A4697E541F2210056
:1031D00080EA410000B202468BE541F2210181EA1A
:1031E000400109B20A467FE541F2210080EA410030
:1031F00000B2024673E541F2210181EA400109B2C1
:103200000A4667E541F2210181EA400109B20A4616
:1032100046E541F2210080EA410000B202463AE56B
:1032200041F2210181EA400109B20A462EE541F24C
:10323000210080EA410000B2024622E541F221016C
:1032400081EA400109B20A4616E541F2210080EA0E
:10325000410000B202460AE5F4A0002041F221013B
:1032600081EA400109B20A46FCE400BF10B50446F9
:10327000F3F710FA08B9002010BD2046F3F740FA22
:103280001C4ADFF878C0137883EA000111709CF8BB
:1032900000100629EFD8DFE801F00C12181E2329D0
:1032A0000400181A0022B0FA80F08CF800204009BF
:1032B00010BD2428DFD101238CF80030DBE74D2836
:1032C000D9D102238CF80030D5E73C28D3D1032391
:1032D0008CF80030CFE7042310708CF80030CAE778
:1032E000054A062310708CF80030C4E706238CF8DA
:1032F0000030C0E7ECA00020EEA00020EDA00020F0
:103300002DE9F8434FF4FA6104462A20EEF756F906
:10331000C34EE9F78DFB2046FFF7A8FF38B92A20F6
:10332000EEF7A2F90028F4D00020BDE8F8834FF4AE
:10333000FA612A20EEF742F90220F2F711FC337805
:10334000242B7ED8002B78D0013B232B75D8DFE8C7
:1033500013F01D02FA01CF01A4016F017400740083
:1033600074007400740074007400740074007400BD
:1033700074007400740074007400740074007400AD
:10338000740074007400740074007400740074009D
:103390007400740074007400440124212046F3F783
:1033A00063FAA04F4D2120460025F3F75DFA3E2138
:1033B0002046F3F759FA122120463D5500F03CFC17
:1033C0007221204600F038FC40F2DC51204600F02B
:1033D00037FC4FF47A71204600F032FC4FF4FA616A
:1033E000204600F02DFC4FF47A71204600F028FCB6
:1033F0004FF47A71204600F023FC2946204600F065
:103400001BFC2946204600F017FC2946204600F008
:1034100013FC2946204600F00FFC2946204600F008
:103420000BFC2946204600F007FC2946204600F008
:1034300007FC3957204600F0FFFB0220F2F7A2FB01
:103440006DE77C2B00F2C381642BF6D9653B172B0B
:10345000F3D801A252F823F0753502083B34020874
:103460003B340208F93402083B3402083B340208BA
:103470003B3402083B3402083B3402083B34020868
:103480003B3402083B3402083B3402089B330208F9
:103490003B3402083B3402083B3402083B34020848
:1034A0003B3402083B3402083B3402083B34020838
:1034B0003B340208B934020820462421F3F7D4F93A
:1034C000584F20464D21F3F7CFF9002520463E21E5
:1034D000F3F7CAF920463D55062100F0ADFB204622
:1034E0007C2100F0A9FB2946204600F0A9FB2946D3
:1034F000204600F0A5FB98E724212046F3F7B4F915
:103500004D212046F3F7B0F93E212046F3F7ACF900
:10351000444B454FDFF8148100251D5510212046EE
:10352000994600F089FB6821204600F085FB0CE0FD
:10353000D7ED007AFDEEE77A013517EE903A19B231
:1035400000F07EFB082D0CD00437D8F80030AB42D9
:1035500020464FF00001EBD8013500F071FB082D3B
:10356000F2D119F90410204600F066FB0220F2F7B0
:1035700009FBD4E624212046F3F776F9294F4D21A3
:1035800020460025F3F770F93E212046F3F76CF949
:103590000F2120463D5500F04FFB6521204600F0ED
:1035A0004BFB4FF4FA71204600F04AFB29462046B7
:1035B00000F046FB2946204600F042FB2946204603
:1035C00000F04EFB2946204600F036FB29462046F7
:1035D00000F036FB4FF4FA7128E720462421F3F778
:1035E00043F9104D20464D21F3F73EF900272046C0
:1035F0003E21F3F739F920462F55042100F01CFB3A
:103600002046242100F018FB3946204600F028FB14
:103610002046295700F010FB0220F2F7B3FA7EE6AD
:10362000EEA00020B8430020640600200400002023
:1036300024212046F3F718F94D212046F3F714F919
:103640003E212046F3F710F9784A002313551A213A
:103650002046914600F0F0FA0521204600F0ECFAF1
:103660007349204600F078FA7249204600F074FA57
:103670007149204600F070FA7049204600F06CFA5B
:1036800003252021204600F0D7FA013DF9D119F990
:103690000410204600F0D0FA68E720462421F3F712
:1036A000E3F8624F20464D21F3F7DEF8002520466F
:1036B0003E21F3F7D9F820463D55062100F0BCFA2B
:1036C0002046042100F0B8FA20465D4900F044FA93
:1036D0002946204600F0B0FA2946204600F0ACFA10
:1036E0002046395700F0A8FA0220F2F74BFA16E606
:1036F00024212046F3F7B8F84D212046F3F7B4F81B
:103700004A4D3E212046F3F7AFF800232B55032105
:10371000204600F091FA0321204600F08DFA0121A5
:10372000204600F089FA0E21204600F085FA01219A
:10373000204600F081FA2046295700F07DFA022049
:10374000F2F720FAEBE520462421F3F78DF8204626
:103750004D21F3F789F8354D20463E21F3F784F8E3
:1037600000232B552046042100F066FA2046022152
:1037700000F062FA2046334900F0EEF9204629575E
:1037800000F05AFA0220F2F7FDF9C8E5242120469C
:10379000F3F76AF8254D4D212046F3F765F8002729
:1037A0003E212046F3F760F8032120462F5500F014
:1037B00043FA0121204600F03FFA3946204600F046
:1037C0003BFA0121204600F037FA1921B0E7F52B2A
:1037D0007FF433AE20462421F3F746F820464D21EE
:1037E000F3F742F8114D20463E21F3F73DF8002350
:1037F0002B552046012100F01FFA20466FF00A01E8
:1038000000F01AFA104B204693F9001000F014FA59
:103810002957204600F010FA0220F2F7B3F92A20C7
:10382000EDF722FF0020BDE8F88300BFB843002079
:10383000406003084C600308586003085C6003089C
:10384000386003083060030800A100202DE9F04132
:1038500042F2107104462A20EDF7B0FE0020F2F784
:103860007FF9EDF73BFE05460BE02046F2F712FF2D
:1038700060B9E9F7DDF8EDF731FE401BB0F57A7F6E
:1038800060D22A20EDF7F0FE0028EED02046F2F7B5
:1038900001FF002844D02F4D2F4A296801231370BF
:1038A00059B100232D4E3427184607FB036201331C
:1038B000D269DBB28B421060F7D33220EDF714FEF1
:1038C000274A2B6813702046FFF71AFD2046FFF7A2
:1038D000E3F82B6893B1214E4FF0000834275FFACC
:1038E00088F407FB04F400213019F8F72DFF335D4D
:1038F000EBB92B6808F101084345F0D841F2883054
:10390000EDF7F2FD164B00241C70E6F79BF8124B06
:1039100002201C70F5F71AF9BDE8F041F2F78EB9F4
:103920000320F5F713F9BDE8F041F2F787B9201D40
:1039300000213044F8F7FAFE2B6808F101084345EE
:10394000CDD8DBE702210846F5F7E0F8EDF7C6FD34
:10395000054696E704000020FEA00020DC7B03085B
:1039600000A1002018B1084B084AC3F8FC2F72B61A
:10397000BFF34F8F0649074BCA6802F4E062134356
:10398000CB60BFF34F8FFEE700F00120EFBEADDE4E
:1039900000ED00E00400FA0500B57F2083B00DF0D3
:1039A0000FFB30B1012001900DF024FB019803B012
:1039B00000BD7E200DF004FB08B10220F3E77D205E
:1039C0000DF0FEFA28B97C200DF0FAFA18B10420A7
:1039D000E9E70320E7E77B200DF0F2FA50B97A20FF
:1039E0000DF0EEFA40B979200DF0EAFA002818BF80
:1039F0000720D8E70520D6E70620D4E74848494AFB
:103A0000D0F8883043F4700384B0C0F8883013686D
:103A1000002143F00103136091601368A0F1BC2002
:103A200023F0847323F48033F038136050601368FC
:103A300023F480231360D16001910291136843F451
:103A40008033136003E0019BB3F5A06F09D01368C6
:103A500003F400330293019B01330193029B002B7B
:103A6000F1D0304B1B6813F4003318BF01230293CD
:103A7000029B012B1ED02B482B4A036B2B4943F092
:103A800004030363136823F070531360136843F057
:103A9000A05300201360536983F4C0435361039023
:103AA000039B8B42F7DC039B01330393039B8B4205
:103AB000F9DDF0E71B4B1E491A6C1E4842F080529C
:103AC0001A640A6842F480420A609A689A609A68A6
:103AD00042F400429A609A6842F4A0529A60586098
:103AE0001A6842F080721A601A689201FCD5124A74
:103AF00040F205611160996821F0030199609968AD
:103B000041F00201A2F580629960936803F00C0312
:103B1000082BFAD1024B4FF000629A6004B0704754
:103B200000ED00E000380240000802403F0D0300B5
:103B30000070004008544007003C024000B583B0CC
:103B40000D210190F2F790FE01980A2103B05DF873
:103B500004EBF2F789BE00BF38B50C46097839B1DD
:103B600005462846F2F780FE14F8011F0029F8D117
:103B700038BD00BFF8B50C46B4F1204F4FEA2146DE
:103B80004FEA11674FEA11712CBF5731303107F0FE
:103B90000F070546F2F768FE092F8CBF07F15701A2
:103BA00007F130012846F2F75FFEC6F30311092939
:103BB000F6B28CBF5731303106F00F062846F2F7C7
:103BC00053FE092E8CBF06F1570106F1300128463D
:103BD000F2F74AFEC4F303310929C4F307268CBF68
:103BE0005731303106F00F062846F2F73DFE092E18
:103BF0008CBF06F1570106F130012846F2F734FE7A
:103C0000C4F303110929E4B28CBF5731303128467F
:103C100004F00F04F2F728FE092C06D904F157012D
:103C20002846BDE8F840F2F71FBE04F130012846EF
:103C3000BDE8F840F2F718BEC9B2F2F715BE00BFF2
:103C400010B582B00C46C9B20190F2F70DFE019892
:103C5000C4F3072102B0BDE81040F2F705BE00BF73
:103C600038B505460C46C9B2F2F7FEFDC4F307218C
:103C70002846F2F7F9FDC4F3074128462414F2F769
:103C8000F3FDC4F307212846BDE83840F2F7ECBD48
:103C900010B51B2982B00B46044603D80B4ACA4014
:103CA000D20706D41946204602B0BDE81040F2F70C
:103CB000DBBD01911B21F2F7D7FD019B2046194680
:103CC00002B0BDE81040F2F7CFBD00BF12000008FF
:103CD00070B5CBB21B2B82B00C4605460EB203D892
:103CE000284ADA40D20747D419462846F2F7BCFDE5
:103CF000C6F307231B2B4FEA262603D8214AF2409E
:103D0000D10732D4C4F3074619462846F2F7ACFD72
:103D10001B2E4FEA244403D81A4BF340DA071FD472
:103D200031462846C4F30726F2F79EFD1B2E4FEAC4
:103D3000242403D8134BE340DB0706D4314628463E
:103D400002B0BDE87040F2F78FBD28461B21F2F7A4
:103D50008BFD3146284602B0BDE87040F2F784BDC5
:103D60001B212846F2F780FDDAE71B212846019344
:103D7000F2F77AFD019BC5E71B210193F2F774FD71
:103D8000019BB1E7120000082DE9F04FFF21054625
:103D900083B0DFF898A1DFF89881614FF2F764FDF6
:103DA000002401212846F2F75FFD402128460AF849
:103DB0000540F2F759FD15212846F2F755FD214639
:103DC0002846F2F751FDD8F80C102846FFF780FF7F
:103DD000D8F810102846FFF77BFF464608F10C097B
:103DE00056F8044BE3B21B2B0FFA84FB09D827FAD1
:103DF00003F2D20705D51B2128460193F2F734FDC3
:103E0000019B19462846F2F72FFDCBF307231B2B06
:103E10004FEA2B2B0AD827FA0BFB1BF0010F05D01A
:103E20001B2128460193F2F71FFD019BC4F3074BAA
:103E300019462846F2F718FDBBF11B0F4FEA244440
:103E400007D827FA0BF3D80703D51B212846F2F72A
:103E50000BFD59462846C4F3072BF2F705FDBBF1CD
:103E60001B0F4FEA242407D827FA04F4E10703D5EF
:103E70001B212846F2F7F8FC59462846F2F7F4FCD5
:103E8000B145ADD198ED057AFFEE007AB4EEE77A50
:103E9000F1EE10FA41D4F7EE007AB4EEE77ADFEDF6
:103EA000216AF1EE10FAD8BFF0EE477A67EEA67AF3
:103EB000FCEEE77ACDED017A9DF804401B2C03D887
:103EC000174BE340DA0723D421462846F2F7CCFC0F
:103ED0001AF805401B2C03D8114BE340DB0712D422
:103EE00021462846F2F7C0FC28460421F2F7BCFC24
:103EF00028460D21F2F7B8FC0A21284603B0BDE898
:103F0000F04FF2F7B1BC1B212846F2F7ADFCE7E712
:103F10001B212846F2F7A8FCD6E7DFED037AC7E7B6
:103F20001200000800007F4300007FC3B843002058
:103F3000B8A0002070B5FF2182B004463A4EF2F7D7
:103F400093FC002501212046F2F78EFC35553B21DC
:103F50002046F2F789FC0E212046F2F785FC29461F
:103F60002046F2F781FC314BD3ED007AFDEEE77A83
:103F7000CDED017A9DF80430BDF904501B2B03D818
:103F80002B4ADA40D10747D419462046F2F76CFC99
:103F9000C5F307231B2B4FEA252503D8244AEA4003
:103FA000D20732D4234D19462046F2F75DFCD5F8EE
:103FB000AC1F2046FFF78CFED5F8B01F2046FFF758
:103FC00087FED5F8B41F2046FFF782FE355D1B2D16
:103FD00003D8174BEB40DB0712D429462046F2F7F3
:103FE00043FC20460421F2F73FFC20460D21F2F766
:103FF0003BFC0A21204602B0BDE87040F2F734BC19
:104000001B212046F2F730FCE7E71B2120460193F5
:10401000F2F72AFC019BC5E71B2120460193F2F72A
:1040200023FC019BB0E700BFB843002028210020FB
:10403000120000088011002070B582B08DED010AD9
:10404000019B5E4AC3F3C751FF29044602EA1342AB
:10405000C3F3160E4BD059B90192F2F705FC019A41
:10406000130A1946204602B0BDE87040F2F7FCBBC7
:10407000A1F1700CBCF11E0F58DCBCF1000F64DD27
:104080004FEA5E3EDE044EF4806576D4C5F3090344
:10409000134343EA8C2C5FFA8CF21B2A5FFA8CF6EE
:1040A0000FFA8CF507D8464BD340D90703D51B210F
:1040B0002046F2F7D9FB31462046F2F7D5FBC5F38F
:1040C00007231B2B4FEA252CCBD83D4A22FA0CF2B2
:1040D000D207C6D520461B210193F2F7C5FB019BF1
:1040E0002046194602B0BDE87040F2F7BDBB130A86
:1040F0000193BEF1000F0CD00021F2F7B5FB019B3C
:1041000043F07E031946204602B0BDE87040F2F746
:10411000ABBB7146F2F7A8FB019B43F07C03194649
:10412000204602B0BDE87040F2F79EBB002101922C
:10413000F2F79AFB019A130A43F07C0319462046D2
:1041400002B0BDE87040F2F78FBB1CF10A0F22DB12
:10415000CCF10E014EF4000E4FF0FF33CCF10D0008
:104160008B402EFA01FC01212EEA030381408B4291
:104170001BD817D042EA0C0C8DE70EF0010EC3F3EA
:104180000B035EEA030E81D06B1CB3F5006F0FD0FA
:10419000C3F309037CE700210192F2F765FB019A62
:1041A000130A5EE71CF0010FE4D00CF1010CE1E70B
:1041B0008E29A1F16F0CB9D0002369E70080FFFFC1
:1041C0001200000810B5FF210446F2F74DFB012153
:1041D0002046F2F749FB024B00221A5510BD00BFE2
:1041E000B843002010B5114B1B5C1B2B82B004465A
:1041F00003D80F4ADA40D20712D419462046F2F704
:1042000033FB20460421F2F72FFB20460D21F2F765
:104210002BFB0A21204602B0BDE81040F2F724BB78
:104220001B210193F2F720FB019BE6E7B843002036
:1042300012000008F8B5254B254E04460D46FF2117
:104240001D700027F2F710FB01212046F2F70CFB4E
:10425000462120463755F2F707FB1B212046F2F78F
:1042600003FB01212046F2F7FFFA39462046F2F718
:10427000FBFA1B2D03D8174BEB40DA0721D4294654
:104280002046F2F7F1FA355D1B2D03D8114BEB40B8
:10429000DB0711D429462046F2F7E6FA204604212E
:1042A000F2F7E2FA20460D21F2F7DEFA20460A2163
:1042B000BDE8F840F2F7D8BA1B212046F2F7D4FA4D
:1042C000E8E71B212046F2F7CFFAD8E7387D002037
:1042D000B8430020120000082DE9F04104460D46C5
:1042E000264EFF2190460027F2F7BEFA0121204614
:1042F000F2F7BAFA332120463755F2F7B5FA022120
:104300002046F2F7B1FA39462046F2F7ADFA1B2DF6
:1043100003D81B4BEB40DA072AD429462046F2F794
:10432000A3FAB8F1000118BF01214942C9B22046E1
:10433000F2F79AFA355D1B2D03D8114AEA40D307EC
:1043400011D429462046F2F78FFA20460421F2F7CD
:104350008BFA20460D21F2F787FA20460A21BDE8A4
:10436000F041F2F781BA1B212046F2F77DFAE8E727
:104370001B212046F2F778FACFE700BFB8430020B0
:10438000120000082DE9F04F8A4A8B4B11681E6815
:104390002DED048B044685B0002900F00881874A82
:1043A0009FED878A0023F2EC017A01338B4238EECD
:1043B000278AF8D1DFF81482824B98F80050D3EDA9
:1043C000008A1B2D04D8804BEB40D90700F1EA800E
:1043D00029462046F2F748FAD8F80030002B00F0C2
:1043E000DC8007EE906AF8EE677AB7EE007A87EE27
:1043F000279ADFF8DC91744F002628EE888A59F856
:10440000045B5FFA85FBBBF11B0F0FFA85FA07D837
:1044100027FA0BF3DA0703D51B212046F2F724FA1B
:1044200059462046CAF3072BF2F71EFABBF11B0FC1
:104430004FEA2A2A08D827FA0AFA1AF0010F03D0FD
:104440001B212046F2F710FAC5F3074A59462046C9
:10445000F2F70AFABAF11B0F4FEA254507D827FAF7
:104460000AF3DB0703D51B212046F2F7FDF951467D
:104470002046C5F3072AF2F7F7F9BAF11B0F4FEA06
:10448000252507D827FA05F5ED0703D51B2120467A
:10449000F2F7EAF951462046F2F7E6F9D8F800308B
:1044A0000136B342ABD8002B77D0DFF810B1DFF87C
:1044B00018910027FFEE008A4DE0B7EE007AF4EE87
:1044C000C77AF1EE10FAD4BF17EE90AA17EE10AA31
:1044D0005FFA8AF2CAF30745CAF307231B2A02933D
:1044E0004FEA1A66019509D829FA02F1C80705D5DD
:1044F0001B2120460392F2F7B7F9039A1146204692
:10450000F2F7B2F9CAF307231B2B3BD902992046D5
:10451000F2F7AAF91B2D07D829FA05F5EA0703D502
:104520001B212046F2F7A0F901992046F2F79CF9E9
:104530001B2E07D829FA06F3DB0703D51B212046DB
:10454000F2F792F931462046F2F78EF9D8F80030AA
:104550000137BB4221D9FBEC017A77EEC87A67EECE
:10456000897AF4EEE87AF1EE10FAA6D50021204619
:10457000F2F77AF900212046F2F776F98023BF2678
:104580000193D1E7CAF3072329FA03F3D907BDD56D
:104590001B212046F2F768F9B8E705B0BDEC048BA3
:1045A000BDE8F08F1B212046F2F75EF910E79FED82
:1045B000048AFFE6040000208C06002090060020FC
:1045C000000000001006002012000008000000207B
:1045D00014060020F8B5394A394B11681D682DEDD5
:1045E000048B0646002965D0364A9FED378A0023A2
:1045F000F2EC017A01338B4238EE278AF8D1334F3F
:10460000334B3C78D3ED008A1B2C03D8314BE3406D
:10461000DB074AD421463046F2F726F93B68002BE7
:1046200040D007EE905AF8EE677AB7EE007AC7EE00
:10463000279A294D002428EE888AB5EC010A3046D5
:10464000FFF7FAFC3B680134A342F6D853B31D4D83
:104650000024BFEE009AF7EE008A0FE0F4EEE87A4D
:10466000F1EE10FAD4BFB0EE670AB0EE680AFFF7B9
:10467000E3FC3B6801349C4214D20435D5ED007A4A
:1046800077EEC87A304667EEA97ABFEE000AF4EEFC
:10469000C97AF1EE10FAE1D5FFF7CEFC3B680134A0
:1046A000A342EAD8BDEC048BF8BD1B213046F2F7DB
:1046B000DBF8AFE79FED048AA1E700BF040000200C
:1046C0008C06002090060020000000000000002062
:1046D0001006002012000008140600202DE9F04FFB
:1046E0002DED028B474B484F1968484EDFF834A137
:1046F000DFF834919FED468ADFF8308183B00546BC
:10470000FFF7E6FA434B28461968FFF7E1FA424BF8
:1047100028461968FFF7DCFA404B28461968FFF76E
:10472000D7FAB468E2B21B2A0FFA84FB09D828FA38
:1047300002F1CB0705D51B2128460192F2F794F828
:10474000019A11462846F2F78FF8CBF307221B2A6D
:104750004FEA2B2309D828FA03F3D80705D51B21E4
:1047600028460192F2F780F8019A11462846F2F79E
:104770007BF8C4F307431B2B4FEA244409D828FADB
:1047800003F2D10705D51B2128460193F2F76CF8F7
:10479000019B19462846F2F767F8C4F307231B2B41
:1047A0004FEA242409D828FA04F4E20705D51B218E
:1047B00028460193F2F758F8019B19462846F2F76C
:1047C00053F857F8041B2846FFF782FAFAEC017AEF
:1047D00067EE887A284617EE901AFFF779FAF16AA1
:1047E0002846FFF775FA59F8041B2846FFF770FAB8
:1047F0000B4BBB4206F52E7693D103B0BDEC028B7A
:10480000BDE8F08FC00F0020E07C0020803B00203E
:104810007CD6D03DBC0F0020B80F0020B40F002084
:10482000EC7C0020047D0020F87C002012000008B1
:104830002DE9F843224B234E93ED000A224DDFF879
:10484000A080224F2DED028B0446FFF7F5FB204B95
:104850009FED208A93ED000A2046FFF7EDFB1E4BEB
:10486000204693ED000AFFF7E7FB1C4B204693ED33
:10487000000AFFF7E1FB06F10C0995ED020A20465C
:10488000FFF7DAFBB6EC010A2046FFF7D5FBB8ECE0
:10489000010A204620EE080AFFF7CEFB95ED0B0A31
:1048A0002046FFF7C9FBB7EC010A2046FFF7C4FB1F
:1048B0004E4505F52E75E0D1BDEC028BBDE8F883C1
:1048C000C00F0020E07C0020803B0020F87C00200E
:1048D000BC0F00207CD6D03DB80F0020B40F0020C4
:1048E000047D00202DE9F043FF21044683B0F1F759
:1048F000BBFFDFF89C9301212046F1F7B5FF0023B1
:1049000009F804300D212046F1F7AEFFC64B1D68B3
:10491000AD00763505F0FE012046ADB2F1F7A4FFFB
:104920002A0AB5F5E05F164604D2C04BD340DD0736
:1049300000F1DE8131462046F1F796FFDFF854831F
:10494000BA4F002518F80530DEB21B2B27FA06F205
:1049500007D812F0010F4FF01B01204601D0F1F7EC
:1049600083FF314620460135F1F77EFF0C2DE9D15A
:10497000AF4B1D781B2D04D8AC4BEB40D80700F192
:10498000B28129462046F1F76FFFAA4B204693EDEE
:10499000000AFFF751FBA84B204693ED000AFFF7F2
:1049A0004BFBA64BD3ED007AF5EEC07AF1EE10FA90
:1049B00000F1A9819FEDA27AF4EEC77AF1EE10FA28
:1049C00000F39B81FDEEE77ACDED017A9DF804605E
:1049D000BDF904501B2E07D8944BF340D90703D5DB
:1049E0001B212046F1F740FF31462046C5F307263C
:1049F000F1F73AFF1B2E4FEA252507D88B4BEB40EA
:104A0000DA0703D51B212046F1F72EFF3146204659
:104A1000F1F72AFF8B4BB3F90060002EC0F27C81C6
:104A20001D781B2D07D8814BEB40DB0703D51B21DD
:104A30002046F1F719FF29462046F1F715FFB6F594
:104A4000E05F4FEA2622C6F3072507DA774BD3400B
:104A5000DF0703D51B212046F1F706FF2946204634
:104A6000F1F702FF784B204693ED000AFFF7E4FAD6
:104A70002046FFF7DDFE754B204693ED000AFFF759
:104A8000DBFA734B204693ED000AFFF7D5FA714B22
:104A9000D3F89832204600EE103AFFF7CDFA6E4B6D
:104AA000204693ED000AFFF7C7FA6C4B204693EDC2
:104AB000000AFFF7C1FA6A4B204693ED000AFFF7A0
:104AC000BBFA684B204693ED000AFFF7B5FA664B38
:104AD000204693ED000AFFF7AFFA644B204693EDB2
:104AE000000AFFF7A9FA624B204693ED000AFFF790
:104AF000A3FA604BD3ED007AF5EEC07AF1EE10FA2E
:104B000000F10781B7EE000AF4EEC07AF1EE10FA78
:104B1000D8BFB0EE670A584D2046FFF78DFA95EDE5
:104B2000040A2046FFF788FAE968544D2046FFF74B
:104B3000CFF8D5E90401E3F7F7FE01462046FFF779
:104B4000C7F8D5E90601E3F7EFFE01462046FFF777
:104B5000BFF8D5E90801E3F7E7FE01462046FFF775
:104B6000B7F8D5E90A01E3F7DFFE01462046FFF773
:104B7000AFF8434B93ED000AE6F73CF82046FFF709
:104B80005BFA404B204693ED000AFFF755FA0021EF
:104B90002046F1F769FE00212046F1F765FE3A4B09
:104BA000204693ED000AFFF747FA384B1D781B2D7E
:104BB00007D81E4BEB40DE0703D51B212046F1F73B
:104BC00053FE29462046F1F74FFE2046FFF702FD2F
:104BD000ECF784FCC6B21B2E054607D8134BF340F6
:104BE000D80703D51B212046F1F73EFE314620466B
:104BF000C5F30726F1F738FE1B2E07D80B4BF34001
:104C0000D90703D51B212046F1F72EFE3146204659
:104C1000C5F30745F1F728FE1B2D41D8034BEB40A8
:104C2000DA073DD538E000BF000000201200000880
:104C3000387D00207C2E0020742E0020702E002055
:104C40000000FA46582E0020B0380020B47F002023
:104C500004110020B88100207CA60020CC7F002019
:104C600088BD0020CC380020A0000020A400002037
:104C7000C8380020740F0020D87F002008110020C1
:104C800090BD0020BC00002078380020473800206C
:104C9000B84300203C7D00201B212046F1F7E4FDB5
:104CA00029462046F1F7E0FD19F804501B2D07D8DE
:104CB0001C4BEB40DB0703D51B212046F1F7D4FD4D
:104CC00029462046F1F7D0FD20460421F1F7CCFD1E
:104CD00020460D21F1F7C8FD0A21204603B0BDE8AA
:104CE000F043F1F7C1BD1B212046F1F7BDFD48E6B9
:104CF0001B212046F1F7B8FD1CE600212046F1F704
:104D0000B3FD7D2682E600212046F1F7ADFD0026A9
:104D10007CE69FED050AFEE6FF212046F1F7A4FDA3
:104D20007F259BE6120000080000000070B5FF21FF
:104D3000044682B0F1F798FD4D4E01212046F1F76F
:104D400093FD0023335510212046F1F78DFD494B8B
:104D50001D68ED005535E9B22046ADB2F1F784FD8E
:104D6000290AB5F5E05F0A4603D2434BCB40D90789
:104D700077D411462046F1F777FD404B204619685D
:104D8000FEF7A6FF2046FFF7A9FC3D4B1D781B2D23
:104D900003D8394BEB40DB075ED429462046F1F7B8
:104DA00063FD2046FFF7EEFAECF798FBC3B21B2B2E
:104DB000054603D8304ADA40D00746D41946204683
:104DC000F1F752FDC5F307231B2B03D82A4ADA401B
:104DD000D10733D419462046C5F30745F1F744FD02
:104DE0001B2D03D8244BEB40DA0722D4294620465A
:104DF000F1F73AFD355D1B2D03D81F4BEB40DB0768
:104E000012D429462046F1F72FFD20460421F1F760
:104E10002BFD20460D21F1F727FD0A21204602B087
:104E2000BDE87040F1F720BD1B212046F1F71CFDC5
:104E3000E7E71B212046F1F717FDD7E71B212046A6
:104E40000193F1F711FD019BC4E71B21204601935B
:104E5000F1F70AFD019BB1E71B212046F1F704FDA4
:104E60009BE71B2120460192F1F7FEFC019A80E7A7
:104E7000B84300200000002012000008B0380020D5
:104E8000F5000020F0B5FF21044683B0CF4FF1F7C5
:104E9000EBFC002501212046F1F7E6FC3D550E21F3
:104EA0002046F1F7E1FC56212046F1F7DDFC2946CA
:104EB0002046F1F7D9FCC64B1D781B2D04D8C54BF5
:104EC000EB40D90700F1BD8129462046F1F7CCFC23
:104ED000C14B1D781B2D04D8BE4BEB40DA0700F107
:104EE000AB812946BD4D2046F1F7BEFC95F83160F7
:104EF0001B2E04D8B74BF340DB0700F198813146F5
:104F00002046F1F7B1FC95F832601B2E04D8B14B66
:104F1000F340D80700F1868131462046F1F7A4FC22
:104F2000AF4B1E781B2E04D8AA4BF340D90700F1D3
:104F3000748131462046F1F797FCDFEDAA7A95EDB2
:104F40001F7AB4EEE77AF1EE10FA00F12581DFED79
:104F5000A67AB4EEE77AF1EE10FAD4BF17EE101A83
:104F600017EE901A2046FEF7B3FEDFED9E7A95ED20
:104F7000207AB4EEE77AF1EE10FA00F10A81DFED63
:104F80009A7AB4EEE77AF1EE10FAD4BF17EE101A5F
:104F900017EE901A2046FEF79BFEDFED927A95ED14
:104FA000267AB4EEE77AF1EE10FA00F1EF80DFED49
:104FB0008E7AB4EEE77AF1EE10FAD4BF17EE101A3B
:104FC00017EE901A2046FEF783FEDFED867A95ED08
:104FD000277AB4EEE77AF1EE10FA00F1D480DFED33
:104FE000827AB4EEE77AF1EE10FAD4BF17EE101A17
:104FF00017EE901A7D4E2046FEF76AFED6F8CC1FBB
:105000002046FEF765FED6F8D41F2046FEF760FE68
:10501000D5F890102046FEF75BFE95ED250AE5F7E2
:10502000E9FD204610EE101AFEF752FEA96C20464C
:10503000FEF74EFED5F8D0102046FEF749FED5F813
:10504000E8102046FEF744FED6F818152046FEF775
:105050003FFED6F8481A2046FEF73AFE644BDE695A
:10506000ECF73CFA361AF3B21B2B04D8594ADA4053
:10507000D20700F1CB8019462046F1F7F5FBC6F3C5
:1050800007231B2B04D8534ADA40D00700F196803F
:1050900019462046C6F30746F1F7E6FB1B2E04D857
:1050A0004C4BF340D90700F1848031462046F1F79C
:1050B000DBFBD5F828112046FEF70AFE296A2046B8
:1050C000FEF706FE95F82C611B2E03D8414BF340EA
:1050D000DA0769D431462046464EF1F7C5FB002178
:1050E0002046F1F7C1FBD6F8AC122046FEF7F0FDE2
:1050F000D6F864152046FEF7EBFDD6F87C15204661
:10510000FEF7E6FD95F83230022B04D995F83130E0
:10511000032B00F29B80384B93ED000ADFED377ACA
:10512000B4EEE70AF1EE10FA2BD4DFED357A9FEDFD
:10513000357AB4EEE70AF1EE10FAD8BFF0EE407A15
:1051400067EE877A17EE901A2046FEF7C1FD3D5DA7
:105150001B2D03D81F4BEB40DB0720D429462046EC
:10516000F1F782FB20460421F1F77EFB20460D215A
:10517000F1F77AFB0A21204603B0BDE8F040F1F7D1
:1051800073BB2149E0E74FF0424133E74FF0424122
:1051900018E74FF04241FDE64FF04241E2E61B21A5
:1051A0002046F1F761FBD9E71B212046F1F75CFBB4
:1051B00090E71B212046F1F757FB76E71B2120469D
:1051C0000193F1F751FB019B62E700BFB843002058
:1051D000473800201200000846380020E8A80020C8
:1051E000452C0020000000C2000000428011002079
:1051F000B82E0020803B002094BD0020000034C366
:105200000000344335FA8E3CDB0F49C01B21204699
:105210000193F1F729FB019B2DE71B212046F1F7B4
:1052200023FB86E61B212046F1F71EFB74E61B21BB
:105230002046F1F719FB62E61B212046F1F714FB2B
:105240004FE61B212046F1F70FFB3DE6064D2B787C
:10525000002B7FF460AFFAF7ABFD044A012382ED27
:10526000000A2B705AE700BF03A1002094BD002064
:105270002DE9F04FFF21044683B0F1F7F5FA012143
:105280002046F1F7F1FACA4BDFF84C83C94F0025ED
:105290001D553E212046F1F7E7FA77212046F1F728
:1052A000E3FA29462046F1F7DFFA18F80530DEB2B6
:1052B0001B2B27FA06F207D812F0010F4FF01B0143
:1052C000204601D0F1F7D0FA314620460135F1F7FA
:1052D000CBFA0C2DE9D1B84F2046D7F87C12FEF757
:1052E000F7FCB64B1D781B2D04D8B24BEB40DE0704
:1052F00000F13B8229462046F1F7B6FAB04B1B7805
:105300001D1E18BF0125002B40F03482294620467F
:10531000F1F7AAFADFF8C492DFF89882002606F1C6
:105320009E0307EB830320469968FEF7D1FC06F144
:10533000A20307EB830320465968FEF7C9FC06F178
:10534000960307EB83032046D968FEF7C1FC06F1FC
:105350009A0307EB830320469968FEF7B9FCF9EC42
:10536000017AFDEEE77ACDED017A9DF804A0BDF952
:105370000450BAF11B0F28FA0AF307D813F0010FF3
:105380004FF01B01204601D0F1F76EFA514620463E
:10539000C5F3072AF1F768FA2D12BAF11B0F28FAA4
:1053A00005F507D815F0010F4FF01B01204601D07D
:1053B000F1F75AFA51462046F1F756FA06F19403EE
:1053C00007EB83032046D3F803100136FEF780FC79
:1053D000032EA4D17B4B93ED007AF7EE006AC6EE64
:1053E000877AFDEEE77ACDED017A9DF80460BDF98C
:1053F00004501B2E04D86F4BF340D80700F1B08146
:1054000031462046C5F30726F1F72EFA1B2E4FEA48
:10541000252504D8674BEB40D90700F19C81314624
:105420002046F1F721FA684BD3ED007AFDEEE77ADA
:10543000CDED017A9DF80460BDF904501B2E04D80F
:105440005C4BF340DA0700F1818131462046C5F319
:105450000726F1F709FA1B2E4FEA252504D8554BEC
:10546000EB40DB0700F16D8131462046F1F7FCF996
:10547000564BD3ED007AFDEEE77ACDED017A9DF83B
:105480000460BDF904501B2E04D84A4BF340DF07DB
:1054900000F1528131462046C5F30726F1F7E4F9C1
:1054A0001B2E4FEA252504D8424BEB40DD0700F1C7
:1054B0003E8131462046F1F7D7F9454BD3ED007ACE
:1054C000FDEEE77ACDED017A9DF80460BDF9045058
:1054D0001B2E04D8374BF340D80700F12381314607
:1054E0002046C5F30726F1F7BFF91B2E4FEA252505
:1054F00004D8304BEB40D90700F10F8131462046EC
:10550000F1F7B2F9334BD3ED007AFDEEE77ACDED4A
:10551000017A9DF80460BDF904501B2E04D8254B78
:10552000F340DA0700F1F48031462046C5F3072640
:10553000F1F79AF91B2E4FEA252504D81D4BEB40B5
:10554000DB0700F1E08031462046F1F78DF9DFF806
:105550009090184F002301934E464FF0000800250D
:1055600016F835B036F935A0BBF11B0F27FA0BF151
:1055700007D811F0010F20464FF01B0101D0F1F7C1
:1055800073F959462046CAF3072BF1F76DF94FEA34
:105590002A23BBF11B0F27FA03F323D813F0010FC3
:1055A0004FF01B0120461DD0F1F75EF91AE000BF55
:1055B000B843002012000008B88100209575030848
:1055C00094750308347D0020400000203C0000203A
:1055D00038000020340000203C7D00207CBD0020ED
:1055E000A4AA002059462046F1F73EF96B1C022B75
:1055F0004FF00105B4D108EB0503022B06F10406B8
:10560000A846ACD1019B01950133022B09F1020997
:10561000A2D15B4B20461988FEF75AFB594B1D78E7
:105620001B2D03D8584BEB40DF0767D42946204693
:10563000F1F71AF9554B1D781B2D03D8524BEB404F
:10564000DE0756D429462046F1F70EF9504B1D7857
:105650001B2D03D84C4BEB40D80745D42946204698
:10566000F1F702F94B4B1D781B2D03D8464BEB404D
:10567000D90734D429462046F1F7F6F8464B1D7871
:105680001B2D03D8404BEB40DA0723D42946204694
:10569000F1F7EAF8414B1D5D1B2D03D83A4BEB4067
:1056A000DB0712D429462046F1F7DEF82046042114
:1056B000F1F7DAF820460D21F1F7D6F80A21204655
:1056C00003B0BDE8F04FF1F7CFB81B212046F1F74A
:1056D000CBF8E7E71B212046F1F7C6F8D6E71B21F8
:1056E0002046F1F7C1F8C5E71B212046F1F7BCF8C9
:1056F000B4E71B212046F1F7B7F8A3E71B212046AA
:10570000F1F7B2F892E71B212046F1F7ADF81AE75E
:105710001B212046F1F7A8F806E71B212046F1F7E8
:10572000A3F8EBE61B212046F1F79EF8D7E61B21F4
:105730002046F1F799F8BCE61B212046F1F794F8D2
:10574000A8E61B212046F1F78FF88DE61B212046A5
:10575000F1F78AF879E61B212046F1F785F85EE635
:105760001B212046F1F780F84AE61B212046F1F77D
:105770007BF8BFE51B212046F1F776F8C6E500BFB0
:10578000A2AA0020DC7C0020120000089FBD00209F
:105790009EBD00209DBD00209CBD0020B843002080
:1057A0002DE9F04F2DED028B044683B0FF21F1F778
:1057B0005BF8DFF89CA2DFF89C8201212046F1F71C
:1057C00053F800230AF8043016212046F1F74CF86C
:1057D00098F8005006356D00EEB2042E00F02481DA
:1057E00031462046F1F740F82B0A012B1D4600F008
:1057F000168129462046F1F737F88E4BD3E900533E
:10580000B5F5004F73F1000328BF47F6FF752EB2C0
:10581000EDB21B2D04D8884BEB40DF0700F1FA8076
:1058200029462046F1F720F8B6F5E05F4FEA262238
:10583000C6F3072504DA804BD340D80700F1E58092
:1058400029462046F1F710F898F800501B2D04D88F
:10585000794BEB40D90700F1D38029462046F1F778
:1058600003F8764B1D781B2D04D8734BEB40DA07F9
:1058700000F1C18029462046714D9FED728ADFED0F
:10588000728ADFF8B4B1F0F7EFFF05F11007F5EC1D
:10589000017AB7EE007A77EE877A67EE887AF5EECE
:1058A000C07AF1EE10FA59D4F4EEE87AF1EE10FA7B
:1058B0005ADDFF212046F0F7D7FFFF26314620466C
:1058C000F0F7D2FFAF42E2D198F80030002B70D051
:1058D0005E4FDFF86491012616E0B5F5803F1DDBD1
:1058E000FF212046F0F7C0FF4FF0FF0B594620463E
:1058F000F0F7BAFF98F80020F3B29A4259D901366E
:10590000152E07F1280754D0FD69002DE5DA002196
:105910002046F0F7A9FF4FF0000BE7E75FFA85FBA1
:10592000BBF11B0FADB207D829FA0BF3D90703D58A
:105930001B212046F0F798FF59462046F0F794FFC8
:105940002B0AB5F5E05F9B46D0D229FA03F3DA07BC
:10595000CCD51B212046F0F787FFC7E70021204662
:10596000F0F782FF0026A9E7FCEEE77ACDED017A99
:105970009DF80460BDF804901B2E07D82BFA06F39F
:10598000DB0703D51B212046F0F76EFF314620468A
:10599000F0F76AFF4FEA1923B9F5E05F1E468DD292
:1059A0002BFA03F3D80789D51B212046F0F75CFFBB
:1059B00084E71AF804501B2D03D81F4BEB40DB077C
:1059C00014D429462046F0F74FFF20460421F0F773
:1059D0004BFF20460D21F0F747FF0A21204603B078
:1059E000BDEC028BBDE8F04FF0F73EBF1B21204617
:1059F000F0F73AFFE5E71B212046F0F735FF39E7DE
:105A00001B212046F0F730FF27E71B212046F0F747
:105A10002BFF15E71B212046F0F726FF00E71B218F
:105A20002046F0F721FFE4E61B212046F0F71CFF9B
:105A3000D6E600BF8830002012000008483700205A
:105A40000830002000007A4400FF7F47E833002040
:105A5000B843002085000020F0B52DED028B0446F0
:105A600083B0FF21B74DF0F7FFFE0026012120464D
:105A7000F0F7FAFE2E5543212046F0F7F5FE3221CD
:105A80002046F0F7F1FE31462046F0F7EDFEAE4B32
:105A900020461968FEF71CF9AC4B20461968FEF742
:105AA00017F9AB4B9E88F7B21B2F36B204D8A94B1F
:105AB000FB40D90700F1BA8139462046C6F30727D3
:105AC000F0F7D2FE1B2F4FEA262604D8A14BF34055
:105AD000DA0700F1A68139462046F0F7C5FE9E4B55
:105AE0001B6847F6FF769E4228BF1E46F7B21B2F63
:105AF00036B204D8974BFB40DB0700F18D81394665
:105B00002046F0F7B1FEB6F5E05F4FEA2622C6F375
:105B1000072704DA8F4BD340D80700F17881394644
:105B20002046F0F7A1FE8D4B1F78B3F900601B2FC4
:105B300004D8884BFB40D90700F1648139462046E0
:105B4000C6F30727F0F790FE1B2F4FEA262604D84E
:105B5000804BF340DA0700F1508139462046F0F7D8
:105B600083FE7F4B1F78B3F900601B2F04D8794B5D
:105B7000FB40DB0700F13C8139462046C6F307278E
:105B8000F0F772FE1B2F4FEA262604D8714BF34024
:105B9000D80700F1288139462046F0F765FE714BA1
:105BA000B3F90070002FC0F277811E781B2E07D842
:105BB000684BF340D90703D51B212046F0F754FE6C
:105BC00031462046F0F750FEB7F5E05F4FEA272256
:105BD000C7F3072607DA5F4BD340DA0703D51B214B
:105BE0002046F0F741FE31462046F0F73DFE5E4B81
:105BF0005E4E93ED008A06F10C07F6EC017AF8EEA2
:105C0000677A204667EE887A17EE901AFEF760F8FA
:105C1000B742F2D1564B574E93ED008A06F10C076E
:105C2000F6EC017AF8EE677A204667EE887A17EE8E
:105C3000901AFEF74DF8B742F2D14F4B1B6847F66A
:105C4000FF769E4228BF1E46F7B21B2F36B204D8FD
:105C5000404BFB40DB0700F11A8139462046F0F744
:105C600003FEB6F5E05F4FEA2622C6F3072704DA03
:105C7000384BD340DE0700F1058139462046F0F766
:105C8000F3FD3E4B1B6847F6FF769E4228BF1E463B
:105C9000F7B21B2F36B204D82E4BFB40D80700F1C9
:105CA000EC8039462046F0F7DFFDB6F5E05F4FEABD
:105CB0002622C6F3072704DA264BD340D90700F182
:105CC000D78039462046F0F7CFFD2D4BD3E9006150
:105CD0009A682C4B0E441644D3E900129B68114479
:105CE000194447F6FF73994228BF1946CBB21B2BC4
:105CF0000FB204D8174ADA40D20700F1B280194631
:105D00002046F0F7B1FDB7F5E05F4FEA2721C7F372
:105D1000072204DA0F4BCB40D80700F19B801146D5
:105D20002046F0F7A1FD47F6FF739E4228BF1E46AE
:105D3000F7B21B2F36B227D8064BFB40D90700F12C
:105D4000848021E0B8430020D8000020D00000204B
:105D5000B881002012000008BCA60020E00F00203F
:105D6000720F0020700F002088750308B0A6002075
:105D70008C750308A4A6002088A6002084A6002015
:105D80008CA6002098A6002039462046F0F76CFD2E
:105D9000B6F5E05F4FEA2622C6F3072703DA414B48
:105DA000D340DA074CD439462046F0F75DFD2D5D2F
:105DB0001B2D03D83B4BEB40DB073CD42946204648
:105DC000F0F752FD20460421F0F74EFD20460D214C
:105DD000F0F74AFD0A21204603B0BDEC028BBDE876
:105DE000F040F0F741BD1B212046F0F73DFDD2E623
:105DF0001B212046F0F738FDBEE61B212046F0F7B8
:105E000033FDAAE61B212046F0F72EFD96E61B2166
:105E10002046F0F729FD82E61B212046F0F724FDFD
:105E20006DE61B212046F0F71FFD54E61B2120469E
:105E3000F0F71AFD40E61B212046F0F715FDBDE7FF
:105E40001B212046F0F710FDADE71B212046F0F79F
:105E50000BFD99E71B2120460192F0F705FD019A01
:105E60005DE71B2120460193F0F7FEFC019B46E70E
:105E70001B212046F0F7F8FC23E71B212046F0F712
:105E8000F3FC0EE71B212046F0F7EEFCF5E61B21A4
:105E90002046F0F7E9FCE0E6FF212046F0F7E4FCBD
:105EA0007F26A0E6120000082DE9F04FFF210446EE
:105EB00083B0F0F7D9FC01212046F0F7D5FCC44BA4
:105EC00000251D554C212046F0F7CEFC54212046DC
:105ED000F0F7CAFC2946BF4D2046F0F7C5FCEE7826
:105EE0001B2E04D8BC4BF340DA0700F1CB84BB4F28
:105EF00031462046F0F7B8FC3B7805EB0313DE781B
:105F00001B2E04D8B44BF340DB0700F1B5843146B7
:105F10002046F0F7A9FCED7C1B2D04D8AE4BEB40DE
:105F2000D80700F1A3842946AD4D2046F0F79CFC2C
:105F3000AB6847F6FF769E4228BF1E465FFA86F89A
:105F4000B8F11B0F36B205D8A34B23FA08F3D907D3
:105F500000F1868441462046F0F786FCB6F5E05F06
:105F60004FEA2622C6F3072804DA9B4BD340DA0710
:105F700000F1708441462046F0F776FC3B7803EB55
:105F8000430305EB830347F6FF769B689E4228BFD9
:105F90001E465FFA86F8B8F11B0F36B205D88E4B55
:105FA00023FA08F3DB0700F14F8441462046F0F75F
:105FB0005BFCB6F5E05F4FEA2622C6F3072804DA59
:105FC000854BD340D80700F1398441462046F0F78D
:105FD0004BFC6B6947F6FF769E4228BF1E465FFA70
:105FE00086F8B8F11B0F36B205D87B4B23FA08F3BD
:105FF000D90700F1128441462046F0F735FCB6F58A
:10600000E05F4FEA2622C6F3072804DA724BD3403A
:10601000DA0700F1FC8341462046F0F725FCD5ED78
:10602000007AF5EEC07AF1EE10FA00F138849FEDB7
:106030006D7AF4EEC77AF1EE10FA00F32984FDEEE2
:10604000E77ACDED017A9DF80460BDF904801B2E3E
:1060500007D8614BF340DB0703D51B212046F0F73F
:1060600003FC31462046C8F30726F0F7FDFB1B2E44
:106070004FEA282808D8584B23FA08F3D80703D545
:106080001B212046F0F7F0FB31462046F0F7ECFBF1
:106090006B6847F6FF769E4228BF1E465FFA86F879
:1060A000B8F11B0F36B208D84B4B23FA08F3D907C7
:1060B00003D51B212046F0F7D7FB41462046F0F7D9
:1060C000D3FBB6F5E05F4FEA2622C6F3072807DACE
:1060D000414BD340DA0703D51B212046F0F7C4FB20
:1060E00041462046F0F7C0FB3B7803EB430305EB4A
:1060F0008303D3ED007AF5EEC07AF1EE10FA00F1E9
:10610000DB839FED387AF4EEC77AF1EE10FA40F3B4
:10611000FF83FF212046F0F7A7FB7F26314620466C
:10612000F0F7A2FB3B7803EB430305EB830347F651
:10613000FF765B689E4228BF1E4637B2F6B21B2E22
:1061400007D8254BF340D90703D51B212046F0F78C
:106150008BFB31462046F0F787FBB7F5E05F4FEA4F
:106160002722C7F3072607DA1B4BD340DA0703D5EC
:106170001B212046F0F778FB31462046F0F774FBF0
:10618000D5ED037AF5EEC07AF1EE10FA00F18E83C8
:106190009FED147AF4EEC77AF1EE10FA40F3928391
:1061A000FF212046F0F760FB7F2631462046F0F7BE
:1061B0005BFB2A6947F6FF739A4228BF1A46D6B29C
:1061C0001B2E15B215D8044BF340D8070CE000BFC6
:1061D000B84300209875030812000008F70000205B
:1061E000E08E002000FEFF4603D51B212046F0F77D
:1061F0003BFB31462046F0F737FBB5F5E05F4FEA51
:106200002522C5F3072607DAB74BD340D90703D5B4
:106210001B212046F0F728FB31462046DFF8F882A4
:10622000B24EDFF8F892B04FF0F71EFB08F1020B08
:1062300018F8015F1B2D07D827FA05F3DA0703D5F5
:106240001B212046F0F710FB29462046F0F70CFBF7
:1062500019F8015F1B2D07D827FA05F3DB0703D5D3
:106260001B212046F0F700FB29462046F0F7FCFAF8
:10627000A6F1040A1AF8015B1B2D27FA05F207D8CC
:1062800012F0010F4FF01B01204601D0F0F7ECFA9D
:1062900029462046F0F7E8FA5645EBD1C34506F10A
:1062A0000406C5D1924B1E78B3F900501B2E07D8B7
:1062B0008D4BF340D80703D51B212046F0F7D4FAC5
:1062C00031462046C5F30726F0F7CEFA1B2E4FEADB
:1062D000252507D8844BEB40D90703D51B21204641
:1062E000F0F7C2FA31462046F0F7BEFA814B1E782D
:1062F000B3F900501B2E07D87B4BF340DA0703D5C8
:106300001B212046F0F7B0FA31462046C5F3072698
:10631000F0F7AAFA1B2E4FEA252507D8724BEB405F
:10632000DB0703D51B212046F0F79EFA31462046B5
:10633000F0F79AFA704B1E78B3F900501B2E07D86D
:10634000694BF340DF0703D51B212046F0F78CFA99
:1063500031462046C5F30726F0F786FA1B2E4FEA92
:10636000252507D8604BEB40DD0703D51B212046D0
:10637000F0F77AFA31462046F0F776FA5F4B1E784E
:10638000B3F900501B2E07D8574BF340D80703D55D
:106390001B212046F0F768FA31462046C5F3072650
:1063A000F0F762FA1B2E4FEA252507D84E4BEB403B
:1063B000D90703D51B212046F0F756FA314620466F
:1063C000F0F752FA4E4B1E78B3F900501B2E07D847
:1063D000454BF340DA0703D51B212046F0F744FA7A
:1063E00031462046C5F30726F0F73EFA1B2E4FEA4A
:1063F000252507D83C4BEB40DB0703D51B21204666
:10640000F0F732FA31462046F0F72EFA3D4B1E786F
:10641000B3F900501B2E07D8334BF340DF0703D5E9
:106420001B212046F0F720FA31462046C5F3072607
:10643000F0F71AFA1B2E4FEA252507D82A4BEB4016
:10644000D80703D51B212046F0F70EFA3146204627
:10645000F0F70AFA2C4B1E78B3F900501B2E07D820
:10646000214BF340D90703D51B212046F0F7FCF957
:1064700031462046C5F30726F0F7F6F91B2E4FEA02
:10648000252507D8184BEB40DA0703D51B212046FA
:10649000F0F7EAF931462046F0F7E6F91B4B1D7894
:1064A0001B2D07D8104BEB40DB0703D51B212046E3
:1064B000F0F7DAF929462046F0F7D6F9144B1D78A3
:1064C0001B2D07D8084BEB40DF0703D51B212046C7
:1064D000F0F7CAF929462046F0F7C6F90D4B1D78AA
:1064E0001B2D25D81CE000BF12000008D48E002010
:1064F000C48E0020C28E0020C08E0020BE8E0020E0
:10650000BC8E0020BA8E0020B88E00203AA7002052
:1065100039A7002038A70020DC8E0020C88E00207C
:10652000C14BEB40DE0703D51B212046F0F79CF959
:10653000BE4E29462046F0F797F996F850501B2D8D
:1065400007D8B94BEB40D80703D51B212046F0F7FD
:106550008BF92946B64D2046F0F786F995F802806A
:10656000B5F90270B8F11B0F08D8AF4B23FA08F346
:10657000D90703D51B212046F0F776F9414620467E
:10658000C7F30728F0F770F9B8F11B0F4FEA272778
:1065900007D8A54BFB40DA0703D51B212046F0F7AF
:1065A00063F941462046F0F75FF995F80480B5F9A4
:1065B0000470B8F11B0F08D89B4B23FA08F3DB07D4
:1065C00003D51B212046F0F74FF941462046C7F37B
:1065D0000728F0F749F9B8F11B0F4FEA272707D82A
:1065E000914BFB40D80703D51B212046F0F73CF91F
:1065F00041462046F0F738F995F80680B5F906705F
:10660000B8F11B0F08D8884B23FA08F3D90703D534
:106610001B212046F0F728F941462046C7F30728FA
:10662000F0F722F9B8F11B0F4FEA272707D87E4B66
:10663000FB40DA0703D51B212046F0F715F9414648
:106640002046F0F711F995F80880B5F90870B8F10F
:106650001B0F08D8744B23FA08F3DB0703D51B2163
:106660002046F0F701F941462046C7F30728F0F726
:10667000FBF8B8F11B0F4FEA272707D86A4BFB40FE
:10668000D80703D51B212046F0F7EEF841462046F7
:10669000F0F7EAF895F80A80B5F90A70B8F11B0F1F
:1066A00008D8614B23FA08F3D90703D51B212046EC
:1066B000F0F7DAF841462046C7F30728F0F7D4F898
:1066C000B8F11B0F4FEA272707D8574BFB40DA07D3
:1066D00003D51B212046F0F7C7F841462046F0F7C6
:1066E000C3F895F80C80B5F90C70B8F11B0F08D8F9
:1066F0004D4B23FA08F3DB0703D51B212046F0F7A7
:10670000B3F841462046C7F30728F0F7ADF8B8F1D3
:106710001B0F4FEA272707D8434BFB40DF0703D562
:106720001B212046F0F7A0F841462046F0F79CF8E0
:1067300095F80E80B5F90E70B8F11B0F08D83A4BDA
:1067400023FA08F3D80703D51B212046F0F78CF86D
:1067500041462046C7F30728F0F786F8B8F11B0F2B
:106760004FEA272707D8304BFB40D90703D51B2119
:106770002046F0F779F841462046F0F775F8298869
:106780002046FDF7A5FA2B4B20461988FDF7A0FA05
:10679000716A2046FDF79CFA316A2046FDF798FAA7
:1067A00096F850501B2D07D81F4BEB40DA0703D546
:1067B0001B212046F0F758F829462046F0F754F8F8
:1067C00000212046F0F750F800212046F0F74CF861
:1067D000194B1D5D1B2D07D8134BEB40DB0703D571
:1067E0001B212046F0F740F829462046F0F73CF8F8
:1067F00020460421F0F738F820460D21F0F734F850
:106800000A21204603B0BDE8F04FF0F72DB81B2158
:106810002046F0F729F8FFF7FEBB1B212046F0F7D2
:1068200023F8FFF7E8BB00BF12000008D87F002064
:1068300020A70020E4A60020B84300201B2120460A
:10684000F0F712F8FFF7C1BB1B212046F0F70CF858
:10685000FFF7ABBB1B212046F0F706F8FFF78ABB1A
:106860001B212046F0F700F8FFF774BB1B212046E0
:10687000EFF7FAFFFFF757BB1B212046EFF7F4FFB6
:10688000FFF745BB1B212046EFF7EEFFFFF72FBBBD
:10689000FF212046EFF7E8FF7F26FFF7F5BB002139
:1068A0002046EFF7E1FF0026FFF7EEBB0021204670
:1068B000EFF7DAFF002678E400212046EFF7D4FF57
:1068C00000262BE4FDEEE77ACDED017A9DF8047009
:1068D000BDF904601B2F07D8224BFB40DB0703D513
:1068E0001B212046EFF7C0FF39462046EFF7BCFFDB
:1068F0003212C6F307261B2E3FF657AC194BD34076
:10690000DF077FF552AC1B212046EFF7ADFF4CE4CB
:10691000FDEEE77ACDED017A9DF80460BDF90480C3
:106920001B2E07D80F4BF340DB0703D51B21204656
:10693000EFF79AFF31462046C8F30726EFF794FF9A
:106940001B2E4FEA28283FF6E9AB064B23FA08F343
:10695000D8077FF5E3AB1B212046EFF785FFFFF754
:10696000DDBB00BF120000082DE9F8430646484889
:10697000DFF82C91E2F704FAFF2100F11904304608
:10698000EFF772FF01213046EFF76EFF002309F8A1
:106990000630E4B23F213046EFF766FF1B2C71D082
:1069A00021463046EFF760FF00213046394DDFF8D1
:1069B000EC80EFF759FF552405F116071B2C28FA38
:1069C00004F307D813F0010F4FF01B01304601D03C
:1069D000EFF74AFF21463046EFF746FF15F8014F23
:1069E000BD42EBD100213046EFF73EFF2A4B1C7829
:1069F0001B2C03D8294BE340DA073ED4244D214613
:106A00003046EFF731FF2C78A4B1244F1B2C27FA26
:106A100004F307D813F0010F4FF01B01304601D0EB
:106A2000EFF722FF21463046EFF71EFF15F8014F22
:106A3000002CEBD121463046EFF716FF19F806403F
:106A40001B2C03D8154BE340DB0711D421463046FD
:106A5000EFF70AFF30460421EFF706FF30460D211D
:106A6000EFF702FF30460A21BDE8F843EFF7FCBE1E
:106A70001B213046EFF7F8FEE8E71B213046EFF721
:106A8000F3FEBBE721463046EFF7EEFE88E700BF96
:106A90009081002060600308F500002012000008CB
:106AA000B84300202DE9F0478F4BDFF860820446A1
:106AB00093E8070086B003AB83E80700F1F7C6FF51
:106AC0008A4B003818BF01201A7840F00203052ACB
:106AD00008BF1846864A126840F00403002A08BF1F
:106AE0001846844B1B7803F0010340EAC300FF21E2
:106AF000C5B22046EFF7B8FE002601212046EFF789
:106B0000B3FE3921204608F80460EFF7ADFE62219C
:106B10002046EFF7A9FE31462046EFF7A5FE6FF0BD
:106B200012032B41D90740F1D98029462046EFF7BF
:106B30009BFE714B9FED717AD3ED007A67EE877AF9
:106B4000F5EEC07AF1EE10FA00F1C680F4EEC77AE5
:106B5000F1EE10FA00F3BE80FCEEE77ACDED017A9B
:106B60009DF804501B2D07D8654BEB40DA0703D581
:106B70001B212046EFF778FE2946624D624EDFF872
:106B800090915F4F2046EFF76FFED5F8E412204654
:106B9000FDF79EF871682046FDF79AF8D5F86C1558
:106BA0002046FDF795F8E96A2046FDF791F831682F
:106BB0002046FDF78DF8D5F8B4122046FDF788F889
:106BC000D5F89C152046FDF783F8B1682046FDF7FF
:106BD0007FF8D5F824182046FDF77AF803AE56F86A
:106BE000045B09EB851520462969FDF771F8696991
:106BF0002046FDF76DF8696A2046FDF769F8A96A35
:106C00002046FDF765F8ED6A5FFA85FABAF11B0FC9
:106C100007D827FA0AF3DB0703D51B212046EFF735
:106C200023FE51462046C5F3072AEFF71DFEBAF1B1
:106C30001B0F07D827FA0AF3D80703D51B212046D4
:106C4000EFF712FE51462046C5F3074AEFF70CFE58
:106C5000BAF11B0F07D827FA0AF3D90703D51B216E
:106C60002046EFF701FE51462046EFF7FDFD2B0EC3
:106C7000B5F1E05F9A4607D227FA03F3DA0703D5A6
:106C80001B212046EFF7F0FD51462046EFF7ECFDC3
:106C900006ABB342A3D118F804501B2D07D8184BEC
:106CA000EB40DB0703D51B212046EFF7DDFD29462E
:106CB0002046EFF7D9FD20460421EFF7D5FD204609
:106CC0000D21EFF7D1FD0A212046EFF7CDFD06B0EB
:106CD000BDE8F087C8254FE700254DE71B2120467A
:106CE000EFF7C2FD21E700BFC85B0308387D002035
:106CF000D03800203C7D0020B03800200000484300
:106D000012000008803B0020F87C0020B8430020DF
:106D1000E40F002070B5FF2182B00446924EEFF7D9
:106D2000A3FD002501212046EFF79EFD35554521A5
:106D30002046EFF799FD0B212046EFF795FD2946F8
:106D40002046EFF791FD8948E3F79CFDC5B21B2D66
:106D500004D8874BEB40DA0700F100812946204632
:106D6000EFF782FD8348E3F78DFDC5B21B2D04D8F4
:106D70007F4BEB40DB0700F1EC8029462046EFF724
:106D800073FD7D48E3F77EFDC3B21B2B054604D897
:106D9000774ADA40D00700F1D58019462046EFF750
:106DA00063FDC5F307231B2B45F30F2504D8704A59
:106DB000EA40D10700F1BF8019462046EFF754FDA5
:106DC0006E4B1B6847F6FF759D4228BF1D46EBB210
:106DD0001B2B2DB204D8664ADA40D20700F1A480FA
:106DE00019462046EFF740FDB5F5E05F4FEA252153
:106DF000C5F3072204DA5E4BCB40DD0700F18D803E
:106E000011462046EFF730FD5D4B1B6847F6FF75D6
:106E10009D4228BF1D46EBB21B2B2DB203D8544A0E
:106E2000DA40D00772D419462046EFF71DFDB5F5BC
:106E3000E05F4FEA2521C5F3072203DA4C4BCB4034
:106E4000D9075CD411462046EFF70EFD4D4B1D7857
:106E50001B2D03D8464BEB40DB074BD4294620467D
:106E6000EFF702FD484B1D88EBB21B2BADB203D8E8
:106E70003F4ADA40D00736D419462046EFF7F4FCF3
:106E8000290AB5F5E05F0A4603D2394BCB40D90752
:106E900022D411462046EFF7E7FC355D1B2D03D8C1
:106EA000334BEB40DB0712D429462046EFF7DCFCDE
:106EB00020460421EFF7D8FC20460D21EFF7D4FC43
:106EC0000A21204602B0BDE87040EFF7CDBC1B217F
:106ED0002046EFF7C9FCE7E71B2120460192EFF7B8
:106EE000C3FC019AD5E71B2120460193EFF7BCFCB8
:106EF000019BC1E71B212046EFF7B6FCAEE71B2143
:106F000020460192EFF7B0FC019A9BE71B21204637
:106F10000193EFF7A9FC019B85E71B212046019215
:106F2000EFF7A2FC019A6BE71B2120460193EFF7D4
:106F30009BFC019B54E71B2120460193EFF794FC37
:106F4000019B39E71B2120460193EFF78DFC019B44
:106F500023E71B212046EFF787FC0EE71B21204685
:106F6000EFF782FCFAE600BFB84300203437002078
:106F70001200000814370020243700204C3700206E
:106F80005037002084000020001001402DE9F04F10
:106F9000FF21044683B0DFF87883DFF87893DFF8C9
:106FA00078B3DFF878A3EFF75FFC002501212046D6
:106FB000EFF75AFC08F8045042212046EFF754FC42
:106FC00014212046EFF750FC29462046EFF74CFCF1
:106FD00007212046EFF748FC29462046EFF744FCFE
:106FE0001B212046EFF740FC04212046EFF73CFC34
:106FF000D9F800301BF803201AF8035045EA42057F
:10700000EDB21B2D04D8BD4BEB40DA0700F16B81CC
:1070100029462046EFF728FCB94ED9F8003036F85B
:107020001350EFB21B2F2DB204D8B44BFB40DB073B
:1070300000F1548139462046C5F30727EFF714FCC9
:107040001B2F4FEA252504D8AC4BEB40DD0700F1A0
:10705000408139462046EFF707FCAA4FD9F80030A7
:1070600037F81350EBB21B2B2DB204D8A34ADA40E9
:10707000D00700F1278119462046EFF7F5FBC5F34D
:1070800007231B2B4FEA252504D89C4AEA40D10749
:1070900000F1118119462046EFF7E6FBD9F80030E0
:1070A000002227F8132026F81320974BDB799A0744
:1070B000C3F3400540F1EA80DFF86492D9F800306C
:1070C0001BF803201AF8035045EA4205EDB21B2DC8
:1070D00004D88A4BEB40DB0700F147812946204664
:1070E000EFF7C2FBD9F8003036F81350EBB21B2B88
:1070F0002DB204D8814ADA40D00700F13B8119460D
:107100002046EFF7B1FBC5F307231B2B4FEA2525DC
:1071100004D87A4AEA40D10700F133811946204663
:10712000EFF7A2FBD9F8003037F81350EBB21B2B66
:107130002DB204D8714ADA40D20700F129811946EC
:107140002046EFF791FBC5F307231B2B4FEA2525BC
:1071500004D86A4AEA40D50700F121811946204641
:10716000EFF782FBD9F80030002227F8132026F829
:1071700013209BF806309AF8065045EA4305EDB215
:107180001B2D04D85D4BEB40D80700F1E980294660
:107190002046EFF769FBB5895FFA85F9B9F11B0F56
:1071A0002DB205D8554B23FA09F3D90700F1D38046
:1071B00049462046C5F30729EFF756FBB9F11B0FE7
:1071C0004FEA252504D84D4BEB40DA0700F1BE808D
:1071D00049462046EFF748FBBD895FFA85F9B9F1CA
:1071E0001B0F2DB205D8454B23FA09F3DB0700F13D
:1071F000A88049462046C5F30729EFF735FBB9F1CA
:107200001B0F4FEA252504D83C4BEB40D80700F173
:10721000938049462046EFF727FB00233B4ABB817A
:10722000B3811588EEB21B2EADB203D8334BF340B9
:10723000D9077CD431462046EFF716FB2A0AB5F56C
:10724000E05F164603D22D4BD340DA076AD43146AD
:107250002046EFF709FB18F804501B2D03D8274BE5
:10726000EB40DB0744D429462046EFF7FDFA2046E1
:107270000421EFF7F9FA20460D21EFF7F5FA0A217C
:10728000204603B0BDE8F04FEFF7EEBA294620469E
:10729000EFF7EAFA29462046EFF7E6FA29462046B4
:1072A000EFF7E2FA29462046EFF7DEFA29462046B4
:1072B000EFF7DAFA5DE71B2120460193EFF7D4FAE6
:1072C000019BE7E61B2120460193EFF7CDFA019BD6
:1072D000D1E61B212046EFF7C7FABAE61B2120466C
:1072E000EFF7C2FAA6E61B212046EFF7BDFA8FE6BC
:1072F0001B212046EFF7B8FAB5E700BF12000008DF
:107300001C600020DC4300203C7D0020AC430020BA
:10731000B84300207090002014600020D443002067
:10732000789000201B212046EFF79EFA8FE71B2163
:107330002046EFF799FA7DE71B212046EFF794FAF4
:1073400067E71B212046EFF78FFA52E71B21204603
:10735000EFF78AFA3CE71B212046EFF785FA27E78B
:107360001B212046EFF780FA11E71B212046EFF79B
:107370007BFAB3E61B2120460193EFF775FA019BD8
:10738000BDE61B2120460193EFF76EFA019BC5E68F
:107390001B2120460193EFF767FA019BCFE61B21E3
:1073A00020460193EFF760FA019BD7E62DE9F04301
:1073B000054683B0DFF800818946FF2117461C4649
:1073C0000026EFF751FA01212846EFF74DFA08F8A9
:1073D000056036212846EFF747FA3B1DDAB21B2A33
:1073E0005BD89EB2334BD340D90748D411462846C8
:1073F000EFF73AFA330A4FEA162247D111462846E8
:10740000EFF732FA49462846FCF762FCBFB1DFF8D5
:10741000A490274414F9011BCEB21B2E29FA01F1C6
:1074200007D811F0010F28464FF01B0101D0EFF7EC
:107430001BFA31462846EFF717FAA742EAD118F8A7
:1074400005401B2C03D81B4BE340DB0712D421461D
:107450002846EFF709FA28460421EFF705FA2846EF
:107460000D21EFF701FA0A21284603B0BDE8F043E9
:10747000EFF7FAB91B212846EFF7F6F9E7E71B21EA
:1074800028460192EFF7F0F9019AAFE71B21284651
:107490000192EFF7E9F9019AB0E711462846EFF7B4
:1074A000E3F931462846EFF7DFF949462846FCF76D
:1074B0000FFCACE712000008B84300201B4AD37849
:1074C0003F2B32D810B403EB8301194803EBC103FF
:1074D000D2E9014C03F110010144C1F80140C1F8A7
:1074E00005C0C118303303441069C1F81D0090690C
:1074F000C1F82500106AD2F80CC0C1F82D00D2E9FD
:107500000940C1F819C0D2F814C0C1F821C0D2F89E
:107510001CC0C1F829C0C3F80140C3F8050092F8A7
:107520002C3081F8393010BC7047704708A100201A
:10753000F42100200C4A0D4BD178D2F805C0D2F8C6
:107540000900C3F801C0402928BF40211970D2F8B2
:107550001110D2F80D20C3F80500C3F80920C3F8B4
:107560000D10E8F7FFBD00BF08A10020F4210020A6
:1075700070B5FF21044682B0304EEFF775F9002553
:1075800001212046EFF770F9355513212046EFF71A
:107590006BF912212046EFF767F92946284D20465E
:1075A000EFF762F995F99D22D3B21B2B04D8254938
:1075B00021FA02F2D2073AD419462046EFF754F9DD
:1075C00032212046EFF750F9D5F89E122046FCF7FD
:1075D0007FFBD5F8A2122046FCF77AFBD5F8A6125D
:1075E0002046FCF775FBD5F8AA122046FCF770FB85
:1075F000355D1B2D03D8134BEB40DB0712D4294616
:107600002046EFF731F920460421EFF72DF9204607
:107610000D21EFF729F90A21204602B0BDE870409C
:10762000EFF722B91B212046EFF71EF9E7E71B21F0
:1076300020460193EFF718F9019BBDE7B8430020FE
:10764000B8810020120000083F29F8B5044600F276
:1076500083800D46FF21EFF707F9504F01212046A7
:10766000EFF702F900233B5514212046EFF7FCF811
:107670002A212046EFF7F8F800212046EFF7F4F82A
:107680001B2D2E4607D8464BEB40D90703D51B21AF
:107690002046EFF7E9F829462046EFF7E5F8414D97
:1076A00006EB860306EBC30635442046D5F8AE123A
:1076B000FCF70EFBD5F8B2122046FCF709FBD5F813
:1076C000B6122046FCF704FBD5F8BA122046FCF7A8
:1076D000FFFAD5F8BE122046FCF7FAFAD5F8C21226
:1076E0002046FCF7F5FAD5F8C6122046FCF7F0FA6A
:1076F000D5F8CA122046FCF7EBFAD5F8CE12204690
:10770000FCF7E6FAD5F8D2122046FCF7E1FA95F834
:10771000D6521B2D03D8224BEB40DA0739D4294629
:107720002046EFF7A1F83D5D1B2D03D81C4BEB4025
:10773000DB0729D429462046EFF796F82046042196
:10774000EFF792F820460D21EFF78EF820460A2138
:10775000BDE8F840EFF788B8FF21104FEFF784F845
:10776000002501212046EFF77FF8142120463D55E2
:10777000EFF77AF82A212046EFF776F829462046D7
:10778000EFF772F82E4686E71B212046EFF76CF8DC
:10779000D0E71B212046EFF767F8C0E7B843002089
:1077A00012000008B881002010B4084A08480949AE
:1077B000094C00231370094A03704FF0020C0B7040
:1077C0001370A4F800C010BC704700BF0CA50020C7
:1077D000DDA800200EA500200AA500200DA5002090
:1077E00010B55249DFF868C10B789CF8002043407F
:1077F000012A0B7024D0022A03D07ABB012846D07C
:1078000010BD4B490A78531CDBB20B704949012B60
:10781000885432D0022B49D04749032B0A8876D0AE
:1078200003329A4258DA4548454A464900230370D4
:1078300001201070444A097811708CF8003010BD96
:107840001B2820D0012837D004280BD13F4A1388A9
:10785000002101338CF80010138010BD00238CF838
:10786000003010BD3249DFF8CCE00B780EF8030091
:107870000133DBB2012B0B7032D1324A012310707D
:107880008CF8003010BD02238CF8003010BD2D4B59
:107890000A701A70284BDFF898E08CF8000002217B
:1078A0001980264B8EF800201A7010BD224A012341
:1078B00010808CF8003010BD8CF8000023481C4C60
:1078C0000288013202801F481B4A00230B7023707C
:1078D00002210370118010BD01238CF8003010BD0F
:1078E000022BE3D0DFF850E0032BBEF8001015D0D8
:1078F00003319942F0DA11481249002303708CF8E1
:1079000000300F48104B09780270197010BD42EA20
:10791000002201230A808CF8003010BD41EA0021CA
:10792000AEF800108CF8002010BD00BFDDA80020CC
:107930000CA5002008A100200AA5002008A5002011
:1079400009A500200EA500200FA5002006A10020FB
:107950000DA500202DE9F84F05460C46FF21EEF756
:1079600083FF01212846EEF77FFF694A00231B2C85
:10797000535504D8674BE340D80700F1C380214634
:107980002846EEF771FF1B212846EEF76DFF042114
:107990002846EEF769FF02212846EEF765FF5E4EA6
:1079A000DFF878A15B4F00212846EEF75DFF8021CC
:1079B0002846EEF759FF4FF0000806F5606952E0DF
:1079C0003279032A57D01C7807EE904AF8EE677A8E
:1079D00017EE904A5FFA84FBBBF11B0F07D827FA1A
:1079E0000BF2D10703D51B212846EEF73DFF594680
:1079F0002846C4F3072BEEF737FFBBF11B0F07D860
:107A000027FA0BF2D20703D51B212846EEF72CFFED
:107A100059462846C4F3074BEEF726FFBBF11B0F70
:107A200007D827FA0BF2D30703D51B212846EEF718
:107A30001BFF59462846EEF717FFB4F1E05F4FEA07
:107A4000146B07D227FA0BF2D00703D51B21284667
:107A5000EEF70AFF594628461C36EEF705FFB145FA
:107A600008F1010809D03368002BA9D10AEB88037B
:107A7000D3F80740AEE71C68ACE7BAF80440E6B2BA
:107A80001B2E24B203D8234BF340D90735D43146FB
:107A90002846C4F30726EEF7E7FE1B2E4FEA242400
:107AA00003D81C4BE340DA0722D431462846EEF7D0
:107AB000DBFE174B5C5D1B2C03D8164BE340DB074A
:107AC00011D421462846EEF7CFFE28460421EEF7D2
:107AD000CBFE28460D21EEF7C7FE28460A21BDE859
:107AE000F84FEEF7C1BE1B212846EEF7BDFEE8E7D2
:107AF0001B212846EEF7B8FED7E71B212846EEF7F4
:107B0000B3FEC4E71B212846EEF7AEFE37E700BF01
:107B1000B843002012000008C8660308B88100209E
:107B200070B5714D95F903206B6884B0002A0393FA
:107B3000EB7801DA04B070BD03A90446184601933E
:107B4000B5F80160F3F7F6F9019B684AC3EBC3038C
:107B500052F8231069B102EB8302DDED037A137949
:107B6000032B17BFFCEEE77AC1ED007A17EE903ACF
:107B70000B70EA785E4B5F49039803EB8203332A6C
:107B8000C3F807004FF001030B7000F0A980FF213C
:107B90002046EEF769FE01212046EEF765FE564AC3
:107BA0000023135511212046EEF75EFEF3B21B2B86
:107BB00004D8524ADA40D00700F18B80194620469B
:107BC000EEF752FE310AB6F5E05F0A4603D24B4BA0
:107BD000CB40D90776D411462046EEF745FEED7826
:107BE0001B2D03D8454BEB40DB0766D429462046C6
:107BF000EEF73AFE9DF80C501B2D03D83F4BEB409F
:107C0000DE0755D429462046EEF72EFE9DF80D508E
:107C10001B2D03D8394BEB40D80744D429462046C6
:107C2000EEF722FE9DF80E501B2D03D8334BEB4090
:107C3000D90733D429462046EEF716FE9DF80F509B
:107C40001B2D03D82D4BEB40DA0722D429462046C2
:107C5000EEF70AFE284B1D5D1B2D03D8274BEB408A
:107C6000DB0711D429462046EEF7FEFD204604210D
:107C7000EEF7FAFD20460D21EEF7F6FD0A2120462B
:107C8000EEF7F2FD04B070BD1B212046EEF7ECFDCF
:107C9000E8E71B212046EEF7E7FDD7E71B2120464A
:107CA000EEF7E2FDC6E71B212046EEF7DDFDB5E766
:107CB0001B212046EEF7D8FDA4E71B212046EEF756
:107CC000D3FD93E71B2120460192EEF7CDFD019AEB
:107CD00081E71B2120460193EEF7C6FD019B6DE76E
:107CE000E6F796F953E700BF08A10020C86603082D
:107CF000B8810020B0810020B843002012000008A5
:107D000038B5994C994A94F9003000218B42117092
:107D10000546227805DB964931F81230013321F807
:107D200012300220EDF71CFF23784B2B39D8312B72
:107D30003CD9323B192B34D8DFE803F04E333333D0
:107D40003333333333333333333333333333333303
:107D500033337E73330D8748DFF820E2B0F801C07B
:107D6000BCF1000F00F0468102307146012303E0B0
:107D70000133202B00F03C819AB210F8014F0C70B7
:107D8000944501F10101F3D87B4A00210EF803105C
:107D900001231370F3F7FAF84B2102462846FCF74B
:107DA0009BFABDE838400220EDF7ECBE132B56D00D
:107DB000142B09D0112BF4D12846FFF7B1FEBDE8F2
:107DC00038400220EDF7DEBE2846FFF777FBBDE81E
:107DD00038400220EDF7D6BE664AD3780D3B3A2BE9
:107DE00051D8DFE803F0A5A1509D9850948F5050D2
:107DF0005050505050505050505050505050505083
:107E0000505050505050505050505050506B505057
:107E10005050675050505050635050505050505038
:107E20005E00544BD9781B79022920D8012B30D021
:107E30002846F1F791FEB4E7F3F726FAF3F7A6F830
:107E40004821044602462846FCF746FABCB14FF4E6
:107E5000FA70E9F749FB0020FBF784FDA1E728460B
:107E6000FFF768FBBDE838400220EDF78BBE012B21
:107E70000FD0002249212846FCF72EFA91E7022074
:107E8000F0F764FE8DE7002232212846FCF724FA41
:107E900087E7F1F74DFE012249212846FCF71CFA3D
:107EA0007FE747212846FFF755FD7AE72846FEF78A
:107EB0005BFD76E72846FEF7F5FD72E713790D2B9B
:107EC0003FF66FAF01A151F823F000BFE37F020836
:107ED000D57F0208C97F0208A37D0208B97F020886
:107EE000A37D0208397F0208397F0208477F020814
:107EF000A37D0208577F02084F7F0208957F020882
:107F0000817F020811792846FFF79EFB49E7284642
:107F1000FFF72EFB45E711212846FFF71BFD40E741
:107F20002846FCF703FF3CE72846FCF7ABFF38E7A1
:107F30002846FCF7D7FC34E72846F0F7C3FA284672
:107F4000FDF796F92DE70120FBF70CFD29E75079A5
:107F5000EAF7E8FD25E7F3F793F901220A2128461D
:107F6000FCF7BAF91DE700BF0EA5002009A5002007
:107F700010A5002008A10020B081002090810020E1
:107F8000224BDB789B0637D500220D212846FCF7D3
:107F9000A3F906E71E4C1F4B217801221144A3FBD5
:107FA00001039B0803EB4303A1EB43012170284627
:107FB0000C21FCF791F9F4E6E1F774F901220421B0
:107FC0002846FCF789F9ECE6002202212846FCF756
:107FD00083F9E6E6284607F057F92846FDF748F901
:107FE000DFE62846F0F73EFB2846FDF741F9D8E6E4
:107FF0001F23C9E66346C7E6284601220D21FCF788
:108000006BF92846FBF722FCCBE600BF3C7D002045
:1080100004A10020ABAAAAAAF0B5924B924A1B7801
:108020001278134383B0054623D1904A13789F06F4
:108030001FD413785E071CD48D4B1B88CBB98D4B96
:108040001B78052B40F001811379DC0600F10381D8
:108050009378D80700F1FF805378DB0940F0FB806C
:108060009378190700F1F780D77807F001070237F6
:1080700000E00427804E814B317807EBC7071F448F
:1080800000233C4614F8010B78B1B1FBF0F200FB81
:108090001212D2B24AB9013B072B6BD8DFE803F0CA
:1080A00079870B1D2E3E4D5A07230133DBB2092B76
:1080B00054D02746E5E76F4B1B78052B00F0B880BE
:1080C00014F8012B002A00F0A580B1FBF2F302FBAB
:1080D0001313DBB2002B40F0A0802846FDF760FBB5
:1080E00014F8012B3178002A00F08E80B1FBF2F3F6
:1080F00002FB1313DBB2002B40F091802846FEF701
:1081000009FE14F8012B3178002A7AD0B1FBF2F382
:1081100002FB1313DBB2002B40F086802846FDF7EC
:108120009BFC14F8012B3178002A67D0B1FBF2F3E5
:1081300002FB1313DBB2002BB6D12846FEF726FF55
:108140002278317852B1B1FBF2F302FB1313DBB2A8
:10815000002B66D12846FDF78BF83178484B01316A
:10816000A3FB0123DB0803EB8303A1EB4301317085
:1081700003B0F0BD2846FCF7B5FB22783178BC1C73
:10818000002A6AD0B1FBF2F302FB1313DBB2002B1F
:1081900066D1364BDB799B0725D414F8012B52B3FB
:1081A000B1FBF2F302FB1313DBB2002B3ED1314BD8
:1081B0001A78052A0CD014F8010B40B3B1FBF0F289
:1081C00000FB1212D2B2002A3FF476AF03236CE711
:1081D000264A1278D209EED02846FBF7ABFE274696
:1081E000317803234DE72846FCF74CFE14F8012BA9
:1081F0003178002AD4D10323274642E708232746B3
:108200003FE7072327463CE70623274639E70423B1
:10821000274636E70523274633E7042345E70523AA
:1082200043E70134082340E706233EE702233CE707
:1082300028460193FBF7A8FD14F8012B3178019B28
:10824000002A7FF442AF27461BE7F0F7FFFB071E2B
:1082500018BF01270EE703270CE70223274610E784
:10826000012322E74A370020493700203C7D0020C7
:10827000E00F0020387D002002A10020488903087B
:10828000CDCCCCCC10B50446EEF704FAD0B9144BE3
:108290001B789BB9134B9B7A5B0700D510BDE9F7A0
:1082A0001DF9114B1B6D984212D2E1F789F8002895
:1082B000F4D02046BDE81040E1F794B82046FFF71F
:1082C0001FFDE7E72046EEF71BFAFFF789FADEE726
:1082D00064211420E9F772F92046FFF79DFEE4E7D8
:1082E00009A500203C7D0020B82E002030B5036891
:1082F0004468A3424FEA116236D2DFF89CE05C1C6E
:1083000004601A709EF80030046845685A40214B9A
:10831000AC429A5C4FEA114C2FD2651C056084F880
:1083200000C08CEA020204684568D2B2AC4213F87D
:1083300002C04FEA112227D282EA0C0C5FFA8CFCB1
:10834000651C0560227013F80C20D0E900C4A44518
:1083500004D20CF1010404608CF800105140C9B241
:108360005B5C8EF8003030BDDFF82CE0094B9EF8E6
:10837000000042404FEA114C9A5C8CEA020C5FFA12
:108380008CFC0A0A13F80CC082EA0C02D2B29A5C86
:10839000E4E700BFD45B030823A60020014B18606C
:1083A000704700BF10A600209FED077B084B0948CF
:1083B00009490A4A83ED007B4FF0010C002380F845
:1083C00000C00B7013707047000000000000000038
:1083D00018A6002022A6002021A6002020A600200A
:1083E0009F4B1B78D3B12DE9F04F9E4B1B688BB090
:1083F000994683B19C4B88461978074611BB9B4828
:10840000026843F2D4039B18426842F100029F4283
:1084100078EB020203D20BB0BDE8F08F7047944CAA
:10842000944A23780760D25CC0F80480062A00F2E0
:108430000285DFE812F0D10A5302250A3907F70650
:1084400065062D058C498D4A8D4C00230B70C82381
:108450008A46137002A801235521017014F8011FE8
:108460000130002900F0038501331D2BF5D11C23B9
:10847000194602A801F1160E824C03445FFA8EFEE3
:1084800055201C2901F1010C07D05FFA8CF17145D0
:1084900003F8010B14F8010FF3D169447A48002462
:1084A0000C7290F8B2304EF629215180C82111711A
:1084B00083F0C8039DF80810C35C002900F0C38452
:1084C0000DF10900CDE90032E0F75AFCDDE9003B8F
:1084D00005466E48A64602AE00F13B016FF02A0445
:1084E00032788446884283EA020338BF0CF8012BB5
:1084F0005AB2002AC0F2AF805B001A465BB2002B72
:10850000C0F2A48053001A465BB2002BC0F29980DF
:1085100053001A465BB2002BC0F28E8053001A46FD
:108520005BB2002BC0F2838053001A465BB2002B73
:1085300078DB53001A465BB2002B6EDB53001A4601
:108540005BB2002BACBF530084EA4303754540F394
:108550009F80884206F101060EF1010E5BD302A84E
:1085600086446FF02A04284626E0520053B2002BBE
:108570002EDB520053B2002B30DB520053B2002BE3
:1085800032DB520053B2002B34DB520053B2002BCB
:1085900036DB520053B2002B38DB520053B2002BB3
:1085A000A8BF530002AAAEEB020202F1FF32B8BF2D
:1085B00084EA430382426BDA1EF8012B5A4053B21D
:1085C000002BD2DA84EA43035BB2002B1A46D0DADE
:1085D00084EA43035BB2002B1A46CEDA84EA4303F3
:1085E0005BB2002B1A46CCDA84EA43035BB2002B61
:1085F0001A46CADA84EA43035BB2002B1A46C8DA89
:1086000084EA43035BB2002B1A46C6DA84EA4303CA
:108610005BB21A46C3E7604662E784EA43035BB293
:108620001A468EE784EA43035BB21A4684E784EA7B
:1086300043035BB21A467AE784EA43035BB21A4605
:108640006FE784EA43035BB21A4664E784EA4303B4
:108650005BB21A4659E784EA42035BB21A464EE718
:1086600022A6002010A6002021A6002018A6002087
:1086700020A600207889030823A6002024A6002035
:10868000A860030860600308D45B030829A60020E3
:108690008C455A468AF80030C0F0D9838A48DBB24C
:1086A0001646C35C6FF02A04002062468A42964652
:1086B00038BF00254FFA83FC38BF0EF8015BBCF1D0
:1086C000000FC0F2CC804FEA430C4FFA8CF3002B22
:1086D000C0F2C0804FEA4C0C4FFA8CF3002BC0F272
:1086E000B4804FEA4C0C4FFA8CF3002BC0F2A880F8
:1086F0004FEA4C0C4FFA8CF3002BC0F29C804FEAEF
:108700004C0C4FFA8CF3002BC0F290804FEA4C0CCB
:108710004FFA8CF3002BC0F284804FEA4C0C4FFAD6
:108720008CF30130002BC0B2ACBF4FEA4C0384EA9B
:1087300043030C2800F098808A4270D332462CE024
:108740005B005CB2002C35DB5B004FFA83FCBCF1B4
:10875000000F39DB5B005CB2002C3DDB5B004FFAA5
:1087600083FCBCF1000F41DB5B005CB2002C45DBFD
:108770005B004FFA83FCBCF1000F49DB5B005CB28D
:10878000002C00F10100B8BF6FF02A03C0B2ACBFEB
:108790005B0083EA44030C2867D04FFA83FCBCF1EA
:1087A000000FCDDA6FF02A0484EA4C0464B2002C86
:1087B0002346C9DA6FF02A0C8CEA440C4FFA8CFC81
:1087C000BCF1000F6346C5DA6FF02A0484EA4C045A
:1087D00064B2002C2346C1DA6FF02A0C8CEA440CF8
:1087E0004FFA8CFCBCF1000F6346BDDA6FF02A042F
:1087F00084EA4C0464B2002C2346B9DA6FF02A0CE8
:108800008CEA440C4FFA8CFCBCF1000F6346B5DADD
:108810006FF02A0484EA4C0464B22346B0E772463F
:1088200044E784EA43035BB29C467AE784EA430365
:108830005BB29C466EE784EA43035BB29C4662E708
:1088400084EA43035BB29C4656E784EA43035BB287
:108850009C464AE784EA43035BB29C463EE784EACF
:108860004C035BB29C4632E732468E45DBB2704623
:1088700080F0F182002400F8014B134D8842EB5C3C
:1088800080F0EB8283F001030120104C8EF8010090
:108890000EF1020015F803C08AF800C0031B8842DD
:1088A00053703CBF8EF802C00EF10300811A89B2EA
:1088B0000748C847074B08490022C3E900780A70F7
:1088C0000BB0BDE8F08F00BFD45B030825A60020E5
:1088D00024A6002018A6002021A60020BF4A40F6AA
:1088E000C823138008239370BD4BD3ED007AB2EEFA
:1088F000047A67EE877AB2EE047AFCEEE77A17EE36
:10890000900A030AD37083F029034FFA83FCBCF169
:10891000000FBABF6FF02A0383EA4C035B004FFAE3
:1089200083FCBCF1000FBABF6FF02A0383EA4C034B
:108930005B004FFA83FCBCF1000FBABF6FF02A0353
:1089400083EA4C035B004FFA83FCBCF1000FBABF13
:108950006FF02A0383EA4C035B004FFA83FCBCF1FF
:10896000000FBABF6FF02A0383EA4C035B004FFA93
:1089700083FCBCF1000FBABF6FF02A0383EA4C03FB
:108980005B004FFA83FCBCF1000FBABF6FF02A0303
:1089900083EA4C035B004FFA83FCBCF1000FBABFC3
:1089A0006FF02A0383EA4C035B004340107158B216
:1089B0000028BABF6FF02A0383EA40035B0058B275
:1089C0000028BABF6FF02A0383EA40035B0058B265
:1089D0000028BABF6FF02A0383EA40035B0058B255
:1089E0000028BABF6FF02A0383EA40035B0058B245
:1089F0000028BABF6FF02A0383EA40035B0058B235
:108A00000028BABF6FF02A0383EA40035B0058B224
:108A10000028BABF6FF02A0383EA40035B0058B214
:108A20000028BCBF6FF02A0383EA40036D48D0EDF5
:108A3000007A67EE877AA8BF5B00FCEEE77A17EE54
:108A4000900A4FEA102C8CEA030382F805C04FFA13
:108A500083FCBCF1000FBABF6FF02A0383EA4C031A
:108A60005B004FFA83FCBCF1000FBABF6FF02A0322
:108A700083EA4C035B004FFA83FCBCF1000FBABFE2
:108A80006FF02A0383EA4C035B004FFA83FCBCF1CE
:108A9000000FBABF6FF02A0383EA4C035B004FFA62
:108AA00083FCBCF1000FBABF6FF02A0383EA4C03CA
:108AB0005B004FFA83FCBCF1000FBABF6FF02A03D2
:108AC00083EA4C035B004FFA83FCBCF1000FBABF92
:108AD0006FF02A0383EA4C035B004FFA83FCBCF17E
:108AE000000FBABF6FF02A0383EA4C035B004340D8
:108AF000907158B20028BABF6FF02A0383EA40038E
:108B00005B0058B20028BABF6FF02A0383EA400323
:108B10005B0058B20028BABF6FF02A0383EA400313
:108B20005B0058B20028BABF6FF02A0383EA400303
:108B30005B0058B20028BABF6FF02A0383EA4003F3
:108B40005B0058B20028BABF6FF02A0383EA4003E3
:108B50005B0058B20028BABF6FF02A0383EA4003D3
:108B60005B0058B20028BCBF6FF02A0383EA4003C1
:108B70001D4890ED007AFCEEC77AA8BF5B0017EEA7
:108B8000900A4FEA104C83EA0C0382F807C04FFAB0
:108B900083FCBCF1000FBABF6FF02A0383EA4C03D9
:108BA0005B004FFA83FCBCF1000FBABF6FF02A03E1
:108BB00083EA4C035B004FFA83FCBCF1000FBABFA1
:108BC0006FF02A0383EA4C035B004FFA83FCBCF18D
:108BD000000FB8BF6FF02A0308E000BF24A60020F2
:108BE0007C2E0020742E0020702E0020B4BF83EA5B
:108BF0004C035B004FFA83FCBCF1000FBABF6FF06F
:108C00002A0383EA4C035B004FFA83FCBCF1000F9C
:108C1000BABF6FF02A0383EA4C035B004FFA83FC70
:108C2000BCF1000FBABF6FF02A0383EA4C035B006C
:108C30004FFA83FCBCF1000FBABF6FF02A0383EA3E
:108C40004C035B004FEA102C83EA0C0382F808C047
:108C50004FFA83FCBCF1000FBABF6FF02A0383EA1E
:108C60004C035B004FFA83FCBCF1000FBABF6FF0FE
:108C70002A0383EA4C035B004FFA83FCBCF1000F2C
:108C8000BABF6FF02A0383EA4C035B004FFA83FC00
:108C9000BCF1000FBABF6FF02A0383EA4C035B00FC
:108CA0004FFA83FCBCF1000FBABF6FF02A0383EACE
:108CB0004C035B004FFA83FCBCF1000FBABF6FF0AE
:108CC0002A0383EA4C035B004FFA83FCBCF1000FDC
:108CD000BABF6FF02A0383EA4C035B004FFA83FCB0
:108CE000BCF1000FBABF6FF02A0383EA4C035B00AC
:108CF0004340507258B20028BABF6FF02A0383EA8B
:108D000040035B0058B20028BABF6FF02A0383EA21
:108D100040035B0058B20028BABF6FF02A0383EA11
:108D200040035B0058B20028BABF6FF02A0383EA01
:108D300040035B0058B20028BABF6FF02A0383EAF1
:108D400040035B0058B20028BABF6FF02A0383EAE1
:108D500040035B0058B20028BABF6FF02A0383EAD1
:108D600040035B0058B20028BCBF6FF02A0383EABF
:108D700040034048D0ED007AF5EEC07AA8BF5B0012
:108D8000F1EE10FA0EDDC7EE276AF7EE007A9FEDDE
:108D90003A7A77EEE67A67EE877AFCEEE77A17EEB4
:108DA000901A4B40917259B20029BABF6FF02A0352
:108DB00083EA41035B0059B20029BABF6FF02A036E
:108DC00083EA41035B0059B20029BABF6FF02A035E
:108DD00083EA41035B0059B20029BABF6FF02A034E
:108DE00083EA41035B0059B20029BABF6FF02A033E
:108DF00083EA41035B0059B20029BABF6FF02A032E
:108E000083EA41035B0059B20029BABF6FF02A031D
:108E100083EA41035B0059B20029B8BF6FF02A030F
:108E20001648B4BF83EA41035B000370D372144851
:108E30000C21C84723780133DBB2072B88BF0023FE
:108E40002370FFF7E8BADFF844C00CF13B010020C3
:108E50000CF8010B22E40B49CB5C0A4983F00103B7
:108E6000CB5C8AF80030084BC31A53701EE5D9B2A8
:108E7000FFF7FFBA5C2E00200000C84223A60020A6
:108E800024A60020D45B030825A6002029A60020E4
:108E9000964B974AD3ED007A964B1360B2EE047A64
:108EA00067EE877AB2EE047AFDEEE77A17EE901A53
:108EB0000B0A137183F07F0358B20028BABF6FF01A
:108EC0002A0383EA40035B0058B20028BABF6FF060
:108ED0002A0383EA40035B0058B20028BABF6FF050
:108EE0002A0383EA40035B0058B20028BABF6FF040
:108EF0002A0383EA40035B0058B20028BABF6FF030
:108F00002A0383EA40035B0058B20028BABF6FF01F
:108F10002A0383EA40035B0058B20028BABF6FF00F
:108F20002A0383EA40035B0058B20028BABF6FF0FF
:108F30002A0383EA40035B004B40517159B2002978
:108F4000BABF6FF02A0383EA41035B0059B20029DC
:108F5000BABF6FF02A0383EA41035B0059B20029CC
:108F6000BABF6FF02A0383EA41035B0059B20029BC
:108F7000BABF6FF02A0383EA41035B0059B20029AC
:108F8000BABF6FF02A0383EA41035B0059B200299C
:108F9000BABF6FF02A0383EA41035B0059B200298C
:108FA000BABF6FF02A0383EA41035B0059B200297C
:108FB000BCBF6FF02A0383EA41034F49D1ED047A25
:108FC00067EE877AA8BF5B00FDEEE77A17EE901A8E
:108FD000080A4340907158B20028BABF6FF02A03C4
:108FE00083EA40035B0058B20028BABF6FF02A033F
:108FF00083EA40035B0058B20028BABF6FF02A032F
:1090000083EA40035B0058B20028BABF6FF02A031E
:1090100083EA40035B0058B20028BABF6FF02A030E
:1090200083EA40035B0058B20028BABF6FF02A03FE
:1090300083EA40035B0058B20028BABF6FF02A03EE
:1090400083EA40035B0058B20028BABF6FF02A03DE
:1090500083EA40035B004B40D17159B20029BABF8B
:109060006FF02A0383EA41035B0059B20029BABFBB
:109070006FF02A0383EA41035B0059B20029BABFAB
:109080006FF02A0383EA41035B0059B20029BABF9B
:109090006FF02A0383EA41035B0059B20029BABF8B
:1090A0006FF02A0383EA41035B0059B20029BABF7B
:1090B0006FF02A0383EA41035B0059B20029BABF6B
:1090C0006FF02A0383EA41035B0059B20029B8BF5D
:1090D0006FF02A030948B4BF83EA41035B000370C1
:1090E000137203480921C8472378A4E6BC00002076
:1090F00024A60020C8070D00D87F002023A600204A
:10910000624A927892067FF596AE614A6148C8231A
:109110001370614BD3ED007AB2EE047A67EE877A72
:10912000FDEEE77A17EE903A834280F2798740F6B7
:109130000413A2F801300023D3705A235B0058B205
:109140000028BABF6FF02A0383EA40035B0058B2DD
:109150000028BABF6FF02A0383EA40035B0058B2CD
:109160000028BABF6FF02A0383EA40035B0058B2BD
:109170000028BABF6FF02A0383EA40035B0058B2AD
:109180000028BABF6FF02A0383EA40035B004B401C
:10919000117159B20029BABF6FF02A0383EA410363
:1091A0005B0059B20029BABF6FF02A0383EA41037A
:1091B0005B0059B20029BABF6FF02A0383EA41036A
:1091C0005B0059B20029BABF6FF02A0383EA41035A
:1091D0005B0059B20029BABF6FF02A0383EA41034A
:1091E0005B0059B20029BABF6FF02A0383EA41033A
:1091F0005B0059B20029BABF6FF02A0383EA41032A
:109200005B0059B20029B8BF6FF02A032348B4BFEE
:1092100083EA41035B00037053711D480621C84770
:10922000237808E6194A927891067FF504AE1C4B24
:109230009FED1C7AD3ED007A154A67EE877A4FF4DA
:109240009963FDEEE77A138017EE901A0B0A072058
:10925000D37083F05403907058B20028B6BF6FF0FB
:109260002A035B0083EA400358B2002880F2CD86CF
:109270006FF02A0383EA400358B20028BFF65EAFBE
:109280006FF02A0383EA400359E700BF3C7D0020CA
:1092900024A60020F0D8FFFF0411002023A6002000
:1092A000B47F00200000C842D04A127850067FF5F3
:1092B000C2ADCF4ACF49D04D009241F2C8131380BE
:1092C000022393707F230B70D31C8A460293D5F838
:1092D000D0109FEDCA7ADFEDCA6A02F1400302A8FE
:1092E0000393FFF703F8D5F8E81002A8FEF7FEFF96
:1092F000D5ED247A029B03989AF800E0009A67EE75
:10930000877A9842FCEEE77A9FEDBE7A17EE901AC4
:109310004FEA112C88BF03F801CB8CEA0E0C4FFAF0
:109320008CFEBEF1000FBABF6FF02A0C8CEA4E0C17
:109330004FEA4C0C4FFA8CFEBEF1000FBABF6FF033
:109340002A0C8CEA4E0C4FEA4C0C4FFA8CFEBEF104
:10935000000FBABF6FF02A0C8CEA4E0C4FEA4C0C8F
:109360004FFA8CFEBEF1000FBABF6FF02A0C8CEAE8
:109370004E0C4FEA4C0C4FFA8CFEBEF1000FBABFF8
:109380006FF02A0C8CEA4E0C4FEA4C0C4FFA8CFE14
:10939000BEF1000FBABF6FF02A0C8CEA4E0C4FEAF8
:1093A0004C0C4FFA8CFEBEF1000FBABF6FF02A0CC6
:1093B0008CEA4E0C4FEA4C0C4FFA8CFEBEF1000FBB
:1093C000BABF6FF02A0C8CEA4E0C4FEA4C0C984254
:1093D00088BF03F8011B81EA0C014FFA81FCBCF144
:1093E000000FBABF6FF02A0181EA4C0149004FFA21
:1093F00081FCBCF1000FBABF6FF02A0181EA4C0179
:1094000049004FFA81FCBCF1000FBABF6FF02A018E
:1094100081EA4C0149004FFA81FCBCF1000FBABF50
:109420006FF02A0181EA4C0149004FFA81FCBCF13E
:10943000000FBABF6FF02A0181EA4C0149004FFAD0
:1094400081FCBCF1000FBABF6FF02A0181EA4C0128
:1094500049004FFA81FCBCF1000FBABF6FF02A013E
:1094600081EA4C0149004FFA81FCBCF1000FBABF00
:109470006FF02A0181EA4C0C4FEA410C5E49D1EDB4
:10948000257A67EEA67A984267EE877A9FED5E7A34
:10949000FCEEE77A17EE901A4FEA112E8EEA0C0CCA
:1094A00088BF03F801EB4FFA8CFEBEF1000FBABF84
:1094B0006FF02A0C8CEA4E0C4FEA4C0C4FFA8CFEE3
:1094C000BEF1000FBABF6FF02A0C8CEA4E0C4FEAC7
:1094D0004C0C4FFA8CFEBEF1000FBABF6FF02A0C95
:1094E0008CEA4E0C4FEA4C0C4FFA8CFEBEF1000F8A
:1094F000BABF6FF02A0C8CEA4E0C4FEA4C0C4FFAB4
:109500008CFEBEF1000FBABF6FF02A0C8CEA4E0C35
:109510004FEA4C0C4FFA8CFEBEF1000FBABF6FF051
:109520002A0C8CEA4E0C4FEA4C0C4FFA8CFEBEF122
:10953000000FBABF6FF02A0C8CEA4E0C4FEA4C0CAD
:109540004FFA8CFEBEF1000FBABF6FF02A0C8CEA06
:109550004E0C4FEA4C0C984288BF03F8011B81EA7D
:109560000C014FFA81FCBCF1000FBABF6FF02A0169
:1095700081EA4C0149004FFA81FCBCF1000FBABFEF
:109580006FF02A0181EA4C0149004FFA81FCBCF1DD
:10959000000FBABF6FF02A0181EA4C0149004FFA6F
:1095A00081FCBCF1000FBABF6FF02A0181EA4C01C7
:1095B00049004FFA81FCBCF1000FBABF6FF02A01DD
:1095C00081EA4C0149004FFA81FCBCF1000FBABF9F
:1095D0006FF02A0181EA4C0149004FFA81FCBCF18D
:1095E000000FB8BF6FF02A0110E000BF3C7D0020E3
:1095F00024A6002023A60020E8A800200000104296
:10960000E12E65420000C84200007A44B4BF81EAFE
:109610004C0149004FFA81FCBCF1000FBABF6FF05A
:109620002A0181EA4C0C4FEA410C9349D1ED127AA0
:1096300077EE877A9842FCEEE77A17EE901A4FEAB7
:10964000112E8EEA0C0C88BF03F801EB4FFA8CFE4A
:10965000BEF1000FBABF6FF02A0C8CEA4E0C4FEA35
:109660004C0C4FFA8CFEBEF1000FBABF6FF02A0C03
:109670008CEA4E0C4FEA4C0C4FFA8CFEBEF1000FF8
:10968000BABF6FF02A0C8CEA4E0C4FEA4C0C4FFA22
:109690008CFEBEF1000FBABF6FF02A0C8CEA4E0CA4
:1096A0004FEA4C0C4FFA8CFEBEF1000FBABF6FF0C0
:1096B0002A0C8CEA4E0C4FEA4C0C4FFA8CFEBEF191
:1096C000000FBABF6FF02A0C8CEA4E0C4FEA4C0C1C
:1096D0004FFA8CFEBEF1000FBABF6FF02A0C8CEA75
:1096E0004E0C4FEA4C0C4FFA8CFEBEF1000FBABF85
:1096F0006FF02A0C8CEA4E0C4FEA4C0C984288BF53
:1097000003F8011B81EA0C014FFA81FCBCF1000F48
:10971000BABF6FF02A0181EA4C0149004FFA81FC7F
:10972000BCF1000FBABF6FF02A0181EA4C01490079
:109730004FFA81FCBCF1000FBABF6FF02A0181EA39
:109740004C0149004FFA81FCBCF1000FBABF6FF029
:109750002A0181EA4C0149004FFA81FCBCF1000F5B
:10976000BABF6FF02A0181EA4C0149004FFA81FC2F
:10977000BCF1000FBABF6FF02A0181EA4C01490029
:109780004FFA81FCBCF1000FBABF6FF02A0181EAE9
:109790004C0149004FFA81FCBCF1000FBABF6FF0D9
:1097A0002A0181EA4C0C4FEA410C334991F83110FF
:1097B000984288BF03F8011B81EA0C014FFA81FC33
:1097C000BCF1000FBABF6FF02A0181EA4C014900D9
:1097D0004FFA81FCBCF1000FBABF6FF02A0181EA99
:1097E0004C0149004FFA81FCBCF1000FBABF6FF089
:1097F0002A0181EA4C0149004FFA81FCBCF1000FBB
:10980000BABF6FF02A0181EA4C0149004FFA81FC8E
:10981000BCF1000FBABF6FF02A0181EA4C01490088
:109820004FFA81FCBCF1000FBABF6FF02A0181EA48
:109830004C0149004FFA81FCBCF1000FBABF6FF038
:109840002A0181EA4C0149004FFA81FCBCF1000F6A
:10985000BABF6FF02A0181EA4C014900984288BFE3
:1098600003F8011B9B1A8AF80010044899B2C847F4
:109870002378FFF7E0BA00BFE8A8002024A6002064
:10988000514A524BC8211170212191701979C9098F
:1098900000F0A7839978CD0700F1AD835978C90905
:1098A00000F0B6831979C80640F1B283484E0092A1
:1098B000701CDFF765FA07464648DDF80080751E24
:1098C00071234FF0000E00F13D0115F8012F844681
:1098D000884238BF0CF8012B5A4053B2002BC0F21B
:1098E000B38253001A465BB2002BC0F2A68253002B
:1098F0001A465BB2002BC0F2C38253001A465BB219
:10990000002BC0F2B68253001A465BB2002BC0F2A5
:10991000A98253001A465BB2002BC0F29C8253000E
:109920001A465BB2002BC0F2B28253001A465BB2F9
:10993000002BB6BF6FF02A02530082EA4303BE45F4
:1099400080F2F68288420EF1010EC0F06A82B644BF
:109950006FF02A002CE0520053B2002BC0F2AD820F
:10996000520053B2002BC0F2A382520053B2002B1C
:10997000C0F29982520053B2002BC0F28F82520083
:1099800053B2002BC0F25482520053B2002BC0F2EB
:109990004A82520053B2002BA8BF5300AEEB06021E
:1099A00002F1FF32B8BF80EA4303974240F3C0821E
:1099B0001EF8012B5A4053B2002BCCDA80EA430345
:1099C0005BB21A46C9E700BF24A600203C7D0020F8
:1099D0007860030827A60020C1499FEDC27AD1ED27
:1099E000007AC14A40F6C803F4EEC77A1380F1EE5C
:1099F00010FA4FF01E03937040F36482DFEDBB6AF0
:109A000077EEE67AF4EEC77AF1EE10FAF8DC9FED25
:109A1000B87A67EE877A9FEDB37AFDEEE77A17EEB4
:109A2000900A030AD37083F00503DB434FFA83FCEB
:109A3000BCF1000FBABF6FF02A0383EA4C035B004E
:109A40004FFA83FCBCF1000FBABF6FF02A0383EA20
:109A50004C035B004FFA83FCBCF1000FBABF6FF000
:109A60002A0383EA4C035B004FFA83FCBCF1000F2E
:109A7000BABF6FF02A0383EA4C035B004FFA83FC02
:109A8000BCF1000FBABF6FF02A0383EA4C035B00FE
:109A90004FFA83FCBCF1000FBABF6FF02A0383EAD0
:109AA0004C035B004FFA83FCBCF1000FBABF6FF0B0
:109AB0002A0383EA4C035B004FFA83FCBCF1000FDE
:109AC000BABF6FF02A0383EA4C035B004340107176
:109AD00058B20028BABF6FF02A0383EA40035B0044
:109AE00058B20028BABF6FF02A0383EA40035B0034
:109AF00058B20028BABF6FF02A0383EA40035B0024
:109B000058B20028BABF6FF02A0383EA40035B0013
:109B100058B20028BABF6FF02A0383EA40035B0003
:109B200058B20028BABF6FF02A0383EA40035B00F3
:109B300058B20028BABF6FF02A0383EA40035B00E3
:109B400058B2D1ED017A0028B8BF6FF02A03F4EEC5
:109B5000C77AB4BF83EA40035B00F1EE10FA40F32A
:109B6000D581DFED626A77EEE67AF4EEC77AF1EE40
:109B700010FAF8DC9FED5E7A67EE877A9FED597AEE
:109B8000FDEEE77A17EE900A4FEA102C83EA0C03F9
:109B900082F805C04FFA83FCBCF1000FBABF6FF02A
:109BA0002A0383EA4C035B004FFA83FCBCF1000FED
:109BB000BABF6FF02A0383EA4C035B004FFA83FCC1
:109BC000BCF1000FBABF6FF02A0383EA4C035B00BD
:109BD0004FFA83FCBCF1000FBABF6FF02A0383EA8F
:109BE0004C035B004FFA83FCBCF1000FBABF6FF06F
:109BF0002A0383EA4C035B004FFA83FCBCF1000F9D
:109C0000BABF6FF02A0383EA4C035B004FFA83FC70
:109C1000BCF1000FBABF6FF02A0383EA4C035B006C
:109C20004FFA83FCBCF1000FBABF6FF02A0383EA3E
:109C30004C035B004340907158B20028BABF6FF0EC
:109C40002A0383EA40035B0058B20028BABF6FF0D2
:109C50002A0383EA40035B0058B20028BABF6FF0C2
:109C60002A0383EA40035B0058B20028BABF6FF0B2
:109C70002A0383EA40035B0058B20028BABF6FF0A2
:109C80002A0383EA40035B0058B20028BABF6FF092
:109C90002A0383EA40035B0058B20028BABF6FF082
:109CA0002A0383EA40035B0058B2D1ED027A002810
:109CB000B8BF6FF02A03F4EEC77AB4BF83EA40035B
:109CC0005B00F1EE10FA40F30F81DFED086A77EEEA
:109CD000E67AF4EEC77AF1EE10FAF8DC0AE000BF9B
:109CE000E07C0020DB0F494024A60020DB0FC940A8
:109CF00000401C461FED027A67EE877AFDEEE77A98
:109D000017EE901A080A4340D07158B20028BABF23
:109D10006FF02A0383EA40035B0058B20028BABF01
:109D20006FF02A0383EA40035B0058B20028BABFF1
:109D30006FF02A0383EA40035B0058B20028BABFE1
:109D40006FF02A0383EA40035B0058B20028BABFD1
:109D50006FF02A0383EA40035B0058B20028BABFC1
:109D60006FF02A0383EA40035B0058B20028BABFB1
:109D70006FF02A0383EA40035B0058B20028BABFA1
:109D80006FF02A0383EA40035B004B40117259B223
:109D90000029BABF6FF02A0383EA41035B0059B27E
:109DA0000029BABF6FF02A0383EA41035B0059B26E
:109DB0000029BABF6FF02A0383EA41035B0059B25E
:109DC0000029BABF6FF02A0383EA41035B0059B24E
:109DD0000029BABF6FF02A0383EA41035B0059B23E
:109DE0000029BABF6FF02A0383EA41035B0059B22E
:109DF0000029BABF6FF02A0383EA41035B0059B21E
:109E00000029B8BF6FF02A03A348B4BF83EA410317
:109E10005B0003705372A1480A21C8472378FFF7FB
:109E20000AB8604651E580EA43035BB21A46B2E5E0
:109E300080EA43035BB21A46A8E56FF02A0282EA81
:109E400043035BB21A4655E56FF02A0282EA4303E8
:109E50005BB21A4648E56FF02A0282EA43035BB21E
:109E60001A465FE56FF02A0282EA43035BB21A46A4
:109E700052E56FF02A0282EA43035BB21A4645E5D7
:109E80006FF02A0282EA43035BB21A4638E56FF0AC
:109E90002A0282EA43035BB21A4649E580EA430399
:109EA0005BB21A466DE580EA43035BB21A4663E58E
:109EB00080EA43035BB21A4659E580EA43035BB28A
:109EC0001A464FE59FED767AF4EEC77AF1EE10FA76
:109ED0007FF59DADDFED736A77EEA67AF4EEC77A73
:109EE000F1EE10FAF8D492E59FED6D7AF4EEC77AB0
:109EF000F1EE10FA7FF5FEAEDFED6A6A77EEA67A34
:109F0000F4EEC77AF1EE10FAF8D4F3E69FED647A36
:109F1000F4EEC77AF1EE10FA7FF52CAEDFED616A50
:109F200077EEA67AF4EEC77AF1EE10FAF8D421E6CD
:109F30008C453CBF00200CF8010B58B20028BABF7A
:109F40006FF02A0383EA40035B0058B20028BABFCF
:109F50006FF02A0383EA40035B0058B20028BABFBF
:109F60006FF02A0383EA40035B0058B20028BABFAF
:109F70006FF02A0383EA40035B0058B20028BABF9F
:109F80006FF02A0383EA40035B0058B20028BABF8F
:109F90006FF02A0383EA40035B0058B20028BABF7F
:109FA0006FF02A0383EA40035B0058B20028BCBF6D
:109FB0006FF02A0383EA40033B48A8BF5B00ACEB89
:109FC00000008C4588F8010038BF0CF8013B32488E
:109FD000ACEB0801037089B23048C8472378FEF71C
:109FE0002ABF1979C90904D15B78DD0701D52F4E45
:109FF0005DE42F4E5BE42F4E59E440F60411FF233D
:10A00000A2F80110D370FE2106235B00FFF734B9DC
:10A010005978C9091AD01978C90717D5264E46E4C8
:10A0200026498B42E9DC45F6EF018B421ADC03F549
:10A030001C531033180A1946430083F02D03D070C7
:10A0400040F60410A2F80100FFF70EB91978CF0707
:10A0500020D4DB781A4913F0040F1A4B14BF0E46B4
:10A060001E4624E4053307EE903A9FED177AF8EE8A
:10A07000E77A67EE877AFDEEE77A17EE903A6FEAB5
:10A0800043436FEA5343180A19466FF0070383EA04
:10A090004003D4E70D4E0AE423A6002024A60020A6
:10A0A000DB0F49C0DB0FC94025A6002080600308F4
:10A0B000886003087C600308A0600308E7FF0400D1
:10A0C0008C60030894600308CDCCCC3D9C600308F1
:10A0D000014B01221A70704721A6002070B50E4670
:10A0E0005E2105461446ECF7BFFB5E2E46D05D2E82
:10A0F0003146284614D0ECF7B7FBE1B25E2918D000
:10A100005D29284633D0ECF7AFFBC4F307215E2965
:10A110001BD05D29284622D0BDE87040ECF7A4BBD7
:10A12000ECF7A2FB3D212846ECF79EFBE1B25E294D
:10A13000E6D15D212846ECF797FB3E212846ECF757
:10A1400093FBC4F307215E29E3D128465D21ECF798
:10A150008BFB28463E21BDE87040ECF785BBECF751
:10A1600083FB28463D21BDE87040ECF77DBBECF752
:10A170007BFB3D212846ECF777FBC6E728465D21AF
:10A18000ECF772FB3E212846ECF76EFBB5E700BF0B
:10A190002DE9F843354FDFF8DC90D7F8D040344E46
:10A1A000002CB8BF6442A9FB04239B0D06FB13449B
:10A1B000C4EB0414A40089FB04124FEAE47803EB17
:10A1C000830303EB8303C8EBA25808EB830212B2AC
:10A1D00013210546FFF782FF06FB1842DFF898803F
:10A1E000A8FB023242F38F1228461B21FFF776FFAD
:10A1F000D7F8D030002BACBF4E2253222846232163
:10A20000FFF76CFFD7F8E840002CB8BF6442A9FB09
:10A2100004239B0D06FB1344C4EB0414A40089FB28
:10A22000042903EB8303E21703EB8303C2EBA95971
:10A2300009EB83022846122112B2FFF74FFF06FBFB
:10A240001942A8FB028242F38F1228461A21FFF717
:10A2500045FFD7F8E830002B28464FF02201BDE833
:10A26000F843ACBF45225722FFF738BFE8A80020CB
:10A27000809698006BCA5F6BD34D62102DE9F04356
:10A2800085B00446E7F72AF94A4BD3F8B830834241
:10A2900002D905B0BDE8F083474D7D212E20E7F7B8
:10A2A0008DF99FED467AD5ED007A45498DED017A1D
:10A2B00067EE877A0B88FDEEE77A013317EE902A76
:10A2C0000B8012B208212046FFF708FF9DED017AAE
:10A2D000D5ED017A67EE877A2021FDEEE77A2046F8
:10A2E00017EE903A1AB2FFF7F9FE364BDFED367AE9
:10A2F00093ED007AB4EEE77AF1EE10FA57D4DFED81
:10A30000337ADFED336AB4EEE77AF1EE10FAD8BFB4
:10A31000F0EE477A67EEA67AFDEEE77A17EE903A0E
:10A320001AB230212046FFF7D9FE254B1B889A0729
:10A3300000F07C8113F00702174640F06581254B41
:10A340001B78192B40F02D82234EDFF8A090234B71
:10A350001B78002B40F0FE81DFF89480D8ED007A66
:10A36000B2EE047A67EE877A3921FDEEE77A20466D
:10A3700017EE903A1AB28DED017AFFF7AFFE184B47
:10A380009DED017AD3ED007A67EE877AF5EEC07A1B
:10A39000F1EE10FA00F156829FED127AF4EEC77AD0
:10A3A000F1EE10FA40F395824FF4FA424BE20E4A76
:10A3B000B7E700BFB82E0020E07C0020E12E654208
:10A3C00064A60020B47F0020CDCCC7C2CDCCC7424C
:10A3D0000000C842F50000203C7D00205C00002009
:10A3E000742E00200000FA46FAD8FFFF5C2E0020F1
:10A3F0007C2E0020002204212046FFF76FFEC94B6F
:10A400009FEDC97AD3ED247A67EE877A2046BDEEB8
:10A41000E77A112117EE103A1AB2CDED017AFFF763
:10A420005DFEDDED017AC149B2EE047A67EE877A0E
:10A43000FDEEE77A17EE902A002AB8BF5242A1FB40
:10A440000201C90801EB8101A2EB410212B21921FC
:10A450002046FFF743FE3278B24B12F0400F4ED049
:10A460003278D2094BD0B24AD2ED007AF5EEC07AFA
:10A47000F1EE10FA00F14F829FEDAE7AF4EEC77A5A
:10A48000F1EE10FA00F34D82FDEEE77A17EE902A16
:10A4900012B2A94D07212046FFF720FE9FEDA77AB3
:10A4A000F5EC017A8DED017A67EE877A2A21FDEECF
:10A4B000E77A204617EE903A1AB2FFF70FFE9DEDAD
:10A4C000017AD5ED007A67EE877A2B21FDEEE77AE7
:10A4D000204617EE903A1AB2FFF700FE964B9DED1C
:10A4E000017AD3ED027A67EE877A2C21FDEEE77AC6
:10A4F000204617EE903A1AB2FFF7F0FD894B93ED24
:10A50000127ADFED8F7AB4EEE77AF1EE10FA00F10D
:10A51000BA81DFED8C7AB4EEE77AF1EE10FAD8BFAB
:10A52000F0EE477ABDEEE77A17EE102A12B2204617
:10A530000121CDED017AFFF7D1FDDDED017A7B49F7
:10A54000B2EE047A67EE877A8DED017AFDEEE77A56
:10A5500017EE902A002AB8BF5242A1FB0201C90897
:10A5600001EB8101A2EB410212B209212046FFF763
:10A57000B5FD6C4B9DED017AD3ED1F5A93F8310078
:10A580003178B1EE046AC5EE866AF7EE007A77EEAE
:10A59000E67A67EE877AFDEEE77A17EE903A1AB21E
:10A5A000092A1346A8BF092303EB830303EB8303A4
:10A5B0009B009BB233EA220328BF3B46632894BF2B
:10A5C0001B1863339BB203F57A7211F0400F317898
:10A5D00092B218BF1346C9091AB21CBF03F5FA6339
:10A5E0001AB2CDE90123EEF731FA019A18B1717868
:10A5F000C90900F0748105212046FFF76FFD204650
:10A60000FFF7C6FD504B1B88272B08D9454B4E48FA
:10A6100093F8282000210180002A40F038815E2133
:10A62000204605B0BDE8F043ECF71EB9474BDFED1F
:10A63000447A93ED007AB4EEE77AF1EE10FA00F185
:10A640002481DFED407AB4EEE77AF1EE10FAD8BF5C
:10A65000F0EE477ABDEEE77A17EE103A1AB2102103
:10A660002046CDED017AFFF739FDDDED017A2F4B64
:10A67000F2EE046A67EEA67A2121FDEEE77ACDEDCF
:10A68000036A17EE902A002AB8BF5242A3FB02C009
:10A69000C00800EB8000A2EB400212B22046FFF798
:10A6A0001DFD204A9FED257AD2ED257A8DED027AA7
:10A6B00067EE877A2046BDEEE76A142116EE103A5F
:10A6C0001AB2CDED017AFFF709FDDDED036ADDED8C
:10A6D000017A164B67EEA67A1C21FDEEE77A17EE9B
:10A6E000902A002AB8BF5242A3FB0203DB0803EB07
:10A6F0008303A2EB430212B22046FFF7EFFC144B98
:10A700009DED027AD3ED007A67EE877A2D21FDEE7A
:10A71000E77A204617EE903A1AB2FFF7DFFC0A4BB1
:10A720001B8807E6E8A80020E5CFF83FCDCCCCCCCD
:10A7300028210020003C1C462C210020E12E6542EF
:10A740009AF979C49AF9794464A60020041100208A
:10A7500088BD002007EE903A734B9FED747AD3EDDD
:10A76000006AF8EEE77A66EE876A984686EEA77A80
:10A770000023FCEEC77A17EE902AC2F3032141EAC8
:10A78000022545EA031212B2062120460193FFF783
:10A79000A5FC674A019B11780133DAB29142F0D8E7
:10A7A000DCE5644A64481178644A437812781329D6
:10A7B00028BF13211D2A28BF1D22C3F3801342EA9C
:10A7C000411242EA832201780378C3F34013C1F3B4
:10A7D00080011B0343EAC1231A4392B20192064649
:10A7E000EEF734F9019A42F48043002818BF1A4664
:10A7F00002212046FFF772FCEEF728F9002878D0F6
:10A800004F4B93ED007A4F4BD3ED007A37EE277A1A
:10A81000B5EEC07AF1EE10FA7FD4F7EE007AB4EE1E
:10A82000E77AF1EE10FAD8BFF0EE477AB3EE047A89
:10A8300067EE877ADFF82091FDEEE77A17EE903A1F
:10A840001AB263E0002228212046FFF747FC3E4B66
:10A8500099ED006AD3ED005A9FED3C7AC5EE866A09
:10A86000F7EE007A77EEE67A67EE877AF5EEC07A51
:10A87000F1EE10FA3FF5BEADF4EEC77AF1EE10FA44
:10A8800021DD6422B7E5324A51E6314AE7E69A8D86
:10A8900020461521D2BAFFF721FC2E4B2046B3F9F2
:10A8A0002A201621FFF71AFC2A4B2046B3F92E2046
:10A8B0001721FFF713FC274B182193F8302020466F
:10A8C000FFF70CFCABE6FDEEE77A17EE903A1AB212
:10A8D00091E5FDEEE77A17EE903A1AB2B3E7029BE4
:10A8E000B17803F57A631BB211F0010F08BF1A4665
:10A8F00081E6194B9FED197AD3ED007A67EE877ADE
:10A900009946FDEEE77A17EE903A1AB203212046F7
:10A91000FFF7E4FB1BE50022BBE5DFF83C903A467D
:10A92000F4E742F20F72B4E57C2E00200000FA43F7
:10A930005C000020473800203C7D0020387D00204E
:10A94000B0380020C8380020702E00200000C84217
:10A9500019FCFFFFE8A800205C2E0020CDCC4C3E67
:10A96000034B1B68984200D07047FFF787BC00BFBD
:10A970006C900020054B187830B9054B1B6823B14B
:10A98000981F18BF0120704701207047E47D03081D
:10A990006C900020024B11211878F9F74BBC00BFD6
:10A9A00070900020704700BF00B52D4B1B7883B01E
:10A9B000042B50D8DFE803F0131F3B3F03000020B7
:10A9C000E9F782FCDFED270A06F03CFDDFED267A91
:10A9D000264B20EE270A83ED000A03B000BD0020BD
:10A9E000E9F772FCDFED227A204B20EE270A83ED97
:10A9F000000A03B000BD022201AB11460520F1F7A9
:10AA0000A5FBBDF804309FED1B7A5BBA9BB207EE45
:10AA1000903AF8EEE77A154B67EE877A01225121DA
:10AA20000520C3ED007AF1F79DFC03B000BD01AB3A
:10AA300002220021E2E70020E9F746FCDFED0E0AE2
:10AA400006F000FDDFED0D7A084B20EE270A83EDBE
:10AA5000000A03B000BD054B00221A60BDE700BF2D
:10AA600078A60020BBB8F5BF1799BE427CA600208F
:10AA70000AD723410AD7233CE17A94BF9CC4704192
:10AA8000224B9A78C2F38011520604D49A7861F36B
:10AA9000C7129A70704710B51F20E6F7E5FD00B9A0
:10AAA00010BD1B4C1B4A217801EB41011F2032F8DD
:10AAB0002110E6F783FDFFF777FF2178154A164B43
:10AAC00001EB410102EB810293ED000AD2ED017A24
:10AAD0000E4BB4EEE70AF1EE10FA15DBD2ED027A76
:10AAE000B4EEE70AF1EE10FA94BF012100219A7842
:10AAF0000A4861F3C7129A70DFF7D2FEE0F78EFFC3
:10AB0000054B83ED000A10BD0021F0E73C7D0020DD
:10AB100078A60020808903087CA6002068A6002073
:10AB200070B53E4CA37843F04003A370E3781A0756
:10AB300013D5A37823F04003A370A378384D394888
:10AB4000002100222960C3F380115B0602701FD42C
:10AB5000A37861F3C713A37070BD334D2B78042B1A
:10AB600009D8DFE803F04B03030C0C002F4A92F8DE
:10AB70005010002947D1A27822F04002A2702C4A3E
:10AB800003EB43031F2032F82310E6F717FDD4E749
:10AB90001F20E6F769FD0028DED0234E244B3178D4
:10ABA00001EB41011F2033F82110E6F707FDFFF705
:10ABB000FBFE31781E4B95ED000A01EB410103EBE2
:10ABC0008103D3ED017AB4EEE70AF1EE10FA4FF00B
:10ABD000000207DBD3ED027AB4EEE70AF1EE10FAD9
:10ABE00098BF0122A3780F4862F3C713A370DFF761
:10ABF00057FEE0F713FF85ED000A70BDA27842F022
:10AC00004002A270BBE792F85220002AB3D1012281
:10AC100051210520F1F7A6FB2B78B0E73C7D002001
:10AC20007CA6002068A6002078A60020987503085E
:10AC300080890308024B19211878F9F7FBBA00BF85
:10AC40007090002030B52DED028B3A218BB00020A2
:10AC5000B0EE408AF1F72EFBC30703D40BB0BDEC76
:10AC6000028B30BD06AB0E223B210020F1F72EFCFB
:10AC700090B1114A13782BB3DFF844C00F48DCF8C9
:10AC8000001003684FF0000E0131013382F800E03C
:10AC9000CCF800100360E1E70948084902680B6836
:10ACA000013202600133044A0B60012313700BB0C0
:10ACB000BDEC028B30BD00BFC0A60020BCA60020AA
:10ACC00088A600209DF818E09DF81C209DF819101A
:10ACD0009DF81DC09DF81A0001930CEB022C01EBAE
:10ACE0000E211A4661F30F029DF81B109DF822E019
:10ACF00001EB002161F31F429DF820009DF8211017
:10AD0000029201EB0021ADF810109DF81F009DF894
:10AD10001E10CD4A00EB01209DF8231012780092FE
:10AD200001EB0E21ADF812109DF824E09DF82510DE
:10AD300001EB0E21ADF8141019466CF30F0160F30E
:10AD40001F41039102A80DF10A01DFF737FF009AB6
:10AD50000DF1120104A8DFF731FFBDF90A30BDF98A
:10AD60000C209FEDBA6ADFF820C307EE903ABDF9D8
:10AD70000830F8EEE77A07EE103A67EEA76AB8EE09
:10AD8000C77A05EE902AE7EE076ADCF80020F8EEB5
:10AD9000E55AE5EEA56AF4EEC66AF1EE10FAC0F2E5
:10ADA0002281BDF91030AA49DFEDAA4A91ED005A7F
:10ADB00006EE903AF8EEE66A36EEC56AB4EEE46A5C
:10ADC000F1EE10FA00F39C8135EE666A019BB4EE59
:10ADD000E46AF1EE10FA13DD9F48FCEEC66A0468DF
:10ADE00016EE903AA34201D9C0ED006A9B48DFED10
:10ADF000996A036875EE666A0133036001320123C4
:10AE0000DFF888E29648CEED006A90ED006A9FED8B
:10AE1000955AC1ED006A77EE466AF4EEC56AF1EE26
:10AE200010FA00F35D8176EE476AF4EEC56AF1EE42
:10AE300010FA13DD8C4BBCEEE67A1C6817EE105A44
:10AE4000AC4201D283ED007A9FED867A36EE477AE6
:10AE50000132864C256801231D442560BDF912404E
:10AE6000D1ED016ADFED7B4A80ED007A06EE104AF3
:10AE7000B8EEC66A7E4C36EE665A84ED007AB4EEC1
:10AE8000E45AF1EE10FA00F31B8136EEC67AB4EE06
:10AE9000E47AF1EE10FA40F351816F4BBCEEC77AC1
:10AEA0005C6817EE105AA54201D983ED017A9FED37
:10AEB000697A76EEC76A0132684C656801231D44E1
:10AEC000656090ED015ADFED674ACEED016A37EE1D
:10AED000C57AC1ED016AB4EEE47AF1EE10FA00F33E
:10AEE0008A8035EE677AB4EEE47AF1EE10FA13DD7B
:10AEF0005D4BFCEEC77A5C6817EE905AA54201D90B
:10AF0000C3ED017ADFED577A75EE677A0132574C5F
:10AF1000656801231D446560554CD1ED026AC4ED9E
:10AF2000017ABDF91440C0ED017A07EE904AF8EEBF
:10AF3000E77A9FED485A37EEE67AB4EEC57AF1EE3D
:10AF400010FA40F3A580FCEEC77A434B17EE905AF7
:10AF50009C68A54288BFC3ED027ADFED3E7A76EEAB
:10AF6000A77A01323D4CA56801231D44A560CEEDB2
:10AF7000027AC1ED027AD0ED027ADFED3A6A35EE5F
:10AF8000E77AB4EEE67AF1EE10FA44DD3649BCEE2B
:10AF9000C77A8C6817EE103A9FED327AA34288BFC9
:10AFA0008B6077EE877A31490132314BC3ED027AFB
:10AFB0008B68C0ED027A01338B60CCF800202D4BFA
:10AFC0005B78012B00F0B180DFED2B7AB3EE050A40
:10AFD000A6EE270A2948F0EE480ADFF765FD284B60
:10AFE00083ED000A3AE627490B6801320133CCF8B9
:10AFF00000200B6032E61C4BFCEEC77A5C6817EE53
:10B00000905AA54201D9C3ED017ADFED167A0132DB
:10B0100075EE277A7BE737EEE57AB4EEE67AF1EE65
:10B0200010FA40F38E801049BCEEC77A8C6817EE98
:10B03000103A9FED0C7AA34288BF8B6077EEC77AF7
:10B040000A490132B1E700BF957503080AD72349C1
:10B05000D0A6002000409C45B0A6002098A6002065
:10B06000C4A6002000000047A4A600208CA6002053
:10B07000CC7C002098750308BF4A443BE0060020C2
:10B08000BC00002084A60020BCA60020C07C0020BC
:10B0900036EEE77AB4EEC57AF1EE10FA7FF767AFD5
:10B0A000FCEEC77A2B4B17EE905A9C68A54288BFDE
:10B0B000C3ED027ADFED287A013276EEE77A51E7C6
:10B0C000244BBCEEC57A5C6817EE105AA54201D934
:10B0D00083ED017A9FED207A013276EE876AEBE606
:10B0E0001E4BBCEEE67A1C6817EE105AA54201D939
:10B0F00083ED007A9FED1A7A013236EE077AA8E6E0
:10B100001448FCEEC66A046816EE903AA34201D9D0
:10B11000C0ED006A1348DFED106A03680133036075
:10B1200075EE266A013201236AE69FED0F0ADFED14
:10B130000F7A36EE000A20EE270A4BE7F0EE466A59
:10B14000BFE60B49C1ED025AC0ED025A002B3FF495
:10B1500036AF32E7B0A6002000409C45A4A60020F0
:10B160000000004798A6002000A04246CBBD403B0F
:10B17000CC7C002010B52320E6F7B6F96C4C752185
:10B180000020F1F797F86B4AA37810708BB1021E7C
:10B1900018BF012268490B79642062F345130B71D3
:10B1A000E6F7A2F96478012C6CD014F0FD0409D004
:10B1B00010BD23795B0803F07E031A1AB2FA82F2FB
:10B1C0005209E7E780226B212046F1F7CBF8642093
:10B1D000E6F78AF9072268212046F1F7C3F86420D0
:10B1E000E6F782F9224623212046F1F7BBF82246F2
:10B1F00019212046F1F7B6F801226B212046F1F71C
:10B20000B1F80C212046F1F755F84C4B1822187074
:10B210001B212046F1F7A6F80B221C212046F1F74E
:10B22000B1F922461D212046F1F7ACF96420E6F77A
:10B230005BF922461A212046F1F7A4F96420E6F7CB
:10B2400053F91A212046F1F7E9F83D4A00F00703C7
:10B250001C2120461370F1F7E1F83A4A00F0070389
:10B260001D2120461370F1F7D9F8DFF8DCC000F09B
:10B2700007038CF8003020460122BDE81040382139
:10B28000F1F770B880226B210020F1F76BF8642091
:10B29000E6F72AF9002223211046F1F763F800228D
:10B2A00019211046F1F75EF822466B210020F1F7D4
:10B2B00059F80C210020F0F7FDFF204B18221870E0
:10B2C0001B210020F1F74EF80B221C210020F1F782
:10B2D00059F900221D211046F1F754F902223721B5
:10B2E0000020F1F73FF8224638210020F1F73AF824
:10B2F0006420E6F7F9F8002210461A21F1F742F926
:10B300006420E6F7F1F81A210020F1F787F80C4ADB
:10B3100000F007031C2100201370F1F77FF8094AA1
:10B3200000F007031370BDE810406420E6F7DCB8B6
:10B3300098750308DC7C00203C7D0020DB7C00202D
:10B34000DA7C0020D87C0020D97C00202DE9F04F49
:10B35000BD4CA3789A0689B040F13481E378C3F3F9
:10B36000C0051B0700F13481B84A1378002B00F0A8
:10B370002C8103200195E6F785F90199B34A00284D
:10B3800000F0238107AB157001200322F0F7DEFEE9
:10B390009DF81D309DF81C20AD48AE4E1B0243EABF
:10B3A00002439DF81E20134302783360002A00F008
:10B3B000348105705821019A8DF81B500DF11B0343
:10B3C0000120F0F71DFFA44B0320D3E90023E6F78B
:10B3D00001F9A24BA2483168026A41620391A14877
:10B3E000996AB0F808C01D690195521AD96A5E6958
:10B3F000B0F806E0808961EB4108D3E90271ACFB4B
:10B4000002350CFB085CDB09019D43EA4C635D19C6
:10B4100046EBEC1AAEFB023C0EFB08CC1B0A43EADF
:10B420000C63A946DD1941EB2C23A0FB02CE00FBE7
:10B4300008EE4FEADC5C4CEA4E2CAB464FEAEE5E7F
:10B440001CF5FA6501934EF10003B5F5FA6F73F13F
:10B450000000029573DAACFB0C610CFB0EF001EB03
:10B460004007B900B000801941EA967147EB010628
:10B4700001184FEA500040EAC6774FEAD10146EB87
:10B48000060041EA4071C01004907748059185425A
:10B490004FF0FF3573EB05004FEA660632DA40F6EF
:10B4A000AC501CEB000C4EF100000CFB00F0ACFBB0
:10B4B0000CEC0CEB400C4FEACC054FEACE00B0EBA5
:10B4C0000E0045EA5E7565EB0C05C01946EB0506F6
:10B4D00007461EEB0E004CEB0C0510EB0E004CEB80
:10B4E0000505AD0045EA90758000B0EB0E0065EBF8
:10B4F0000C0C400840EACC704018049941EB6C01F8
:10B50000CDE90410B9EB0700059D01996AEB060A25
:10B51000049EBBEB050561EB060E814602FB08F1BC
:10B52000A2FB022000EB4101D20F0298CDF804E00B
:10B5300042EA4102821AAB4663EBE173029202983F
:10B54000474D1946DDF710FB039ADFED487A00EE10
:10B55000900A0198A2FB0B3102FB00115B0D43EA3C
:10B56000C123B3EB090360EEA70A4FEA615161EB17
:10B570000A01D80AC5ED040A40EA4150C912CDEDCE
:10B58000020ADDF7F1FADFED3A7ADDED020A00EEAC
:10B59000100A20EE270A012085ED050A85ED030A31
:10B5A000EEF7A6F83348DFF77BF905F1280085EDC3
:10B5B000010AE5F7A3FFA37985ED0C0A43F0010327
:10B5C000A37102E0264B00225A6009B0BDE8F08F5B
:10B5D0000320E6F757F80028F7D01F4BD3E90023E4
:10B5E00092185B410320E5F7F5FF9FED230ADFF793
:10B5F00083F8224B1A4AD3ED007A77EE807A02F173
:10B600002800C2ED017AE5F779FFA379144A43F0E7
:10B61000010382ED0C0AA371D7E7012101700DF13E
:10B620001B03084648218DF81B20F0F7E9FD0A4B63
:10B630000320D3E90023E5F7CDFF064B1B68002B61
:10B64000C3D0074A1362C0E73C7D0020F60000200B
:10B65000DCA60020E0A6002030A70020E8A60020FD
:10B66000D87F002020A7002024FAFFFF0AD7233C20
:10B670000000803DB87F0020CDCCCC3C647C002015
:10B680002DE9F041984E82B042F210720023C6E9D3
:10B690000023E5F75FFE33687268DB180D469349B7
:10B6A00052410446B3F5FA60C1E91232C1E90A45D4
:10B6B000886342F1FF348E48CC6313F5FA6342F19C
:10B6C00000024A64027C0B640023ADF804308DF85C
:10B6D000033072B1427C002A00F0E580854CA378EB
:10B6E00043F02003A370A3789A060AD402B0BDE801
:10B6F000F081804CA37862F34513A370A3789A0677
:10B70000F4D5E378C3F3C0021B07EFD47A4DADF84C
:10B7100004206FF05F032F46A3EB050808EB070139
:10B7200001ABC9B202220120F0F710FDBDF80430D0
:10B730005BBA27F8023B714BBB42EFD16B89704A71
:10B74000E8891B029362AB881B0413612B89DB0918
:10B7500013626B88DB039360EB881B0A9361002301
:10B760005362D361D3625361D36020F0FF02EA8158
:10B77000194600F00F001A462AE04FEA4C0C0FFA67
:10B780008CF3002B42DB4FEA4C0C0FFA8CF3002BAE
:10B7900043DB4FEA4C0C0FFA8CF3002B44DB4FEAEF
:10B7A0004C0C0FFA8CF3002B45DB4FEA4C0C0FFAD4
:10B7B0008CF3002B46DB4FEA4C0C0FFA8CF3002B7A
:10B7C00047DB01324FEA4C0C102A1FFA8CF347D0AA
:10B7D000570835F817C0D7074CEA010146BF5FFA92
:10B7E0008CFC83EA0C0C83EA1C2C0FFA8CF3002BE4
:10B7F00073DB4FEA4C0C0FFA8CF3002BBDDA5B00C5
:10B8000083F440531BB2002B9C46BCDA5B0083F4EC
:10B8100040531BB2002B9C46BBDA5B0083F44053C1
:10B820001BB2002B9C46BADA5B0083F440531BB278
:10B83000002B9C46B9DA5B0083F440531BB2002B0B
:10B840009C46B8DA5B0083F440531BB2002B9C4645
:10B85000B7DA5B00013283F44053102A9BB2B7D1B0
:10B8600000394FEA133318BF01218342A37818BF70
:10B87000002161F34513A370A3789B067FF536AFD3
:10B880006420E5F731FE1F49002201AB0A70012058
:10B8900058218DF80420F0F7B3FCD6E900230320EB
:10B8A000E5F798FE22E70DF103031E210120F0F7D2
:10B8B000A7FC104C1E20E5F717FE0222A02101ABC9
:10B8C0000120F0F743FCA378BDF804200E4943F0B3
:10B8D000200352BA0A80A37010E75B0083F4405340
:10B8E0001BB29C4689E700BF30A70020D87F00200C
:10B8F000987503083C7D002020A7002030A7002079
:10B90000E8A60020DCA60020E4A6002038B5174CED
:10B9100000210546EAF7A8FF94F89A2194F8993196
:10B9200000211344284684F89A31EAF79DFF94F8E1
:10B930009A2194F8993100211344284684F89A31C9
:10B94000EAF792FF94F89A2194F899310021134470
:10B95000284684F89A31EAF787FF94F89A2194F8F8
:10B960009931134484F89A3138BD00BF3CA70020B8
:10B97000F8B5574C0F46B52105461646EAF774FF51
:10B9800094F8993194F89A214B3B84F899312846E0
:10B990001344622184F89A31EAF766FF4FF00003FE
:10B9A00028460621A4F89931EAF75EFF94F8993108
:10B9B00094F89A21063384F89931284613440121DA
:10B9C00084F89A31EAF750FF94F8993194F89A2163
:10B9D000013384F8993128461344032184F89A31BD
:10B9E000EAF742FF94F8993194F89A21033384F8E6
:10B9F000993128461344002184F89A31EAF734FF3C
:10BA000094F89A2194F8993139461344284684F8D9
:10BA10009A31EAF729FF94F899311F4494F89A3142
:10BA200084F8997131461F44284684F89A71EAF7E0
:10BA30001BFF94F899311E4494F89A3184F8996167
:10BA400028461E44002184F89A61EAF70DFF94F815
:10BA5000991194F89A311F4E0B44284684F89A3174
:10BA6000EAF702FF94F89A112846EAF7FDFE284605
:10BA7000F8F764F8E5F732FD002400F1320503E041
:10BA8000E5F72CFD854222D901340120E4B2E5F727
:10BA90002BFD0A2CF4D13078FCF7F4FB0020EAF7F8
:10BAA000C1FDE5F71BFD85424FF001000FD9E5F719
:10BAB0001BFDE5F713FD85424FF0010007D9E5F7BF
:10BAC00013FDE5F70BFD85424FF00204DCD8F8BD0D
:10BAD0003CA700207090002070B5234C82B00D462A
:10BAE000C9B206460191EAF7BFFE94F8993101996F
:10BAF000194494F89A3184F899110B443046C5F3EF
:10BB0000072184F89A310191EAF7AEFE94F8993151
:10BB10000199194494F89A3184F899110B443046EC
:10BB2000C5F3074184F89A310191EAF79DFE94F834
:10BB300099310199194494F89A3184F899110B4478
:10BB40003046290E84F89A31EAF78EFE94F899214E
:10BB500094F89A3102EB15652B4484F8995184F8D6
:10BB60009A3102B070BD00BF3CA7002070B5234CD5
:10BB700082B00D46C9B206460191EAF775FE94F807
:10BB800099310199194494F89A3184F899110B4428
:10BB90003046C5F3072184F89A310191EAF764FE33
:10BBA00094F899310199194494F89A3184F89911CB
:10BBB0000B443046C5F3074184F89A310191EAF706
:10BBC00053FE94F899310199194494F89A3184F804
:10BBD00099110B443046290E84F89A31EAF744FE55
:10BBE00094F8992194F89A3102EB15652B4484F866
:10BBF000995184F89A3102B070BD00BF3CA7002073
:10BC00002DE9F0415A4C8846B52105461E46174697
:10BC1000EAF72AFE94F8993194F89A214B3B84F87C
:10BC2000993128461344622184F89A31EAF71CFEC0
:10BC30004FF0000328460621A4F89931EAF714FED4
:10BC400094F8993194F89A21063384F8993128466A
:10BC50001344012184F89A31EAF706FE94F89931E9
:10BC600094F89A21013384F899312846134403212A
:10BC700084F89A31EAF7F8FD94F8993194F89A210A
:10BC8000033384F8993128461344002184F89A310B
:10BC9000EAF7EAFD94F89A2194F899314146134461
:10BCA000284684F89A31EAF7DFFD94F899319844F0
:10BCB00094F89A3184F8998139469844284684F852
:10BCC0009A81EAF7D1FD94F899311F4494F89A319A
:10BCD00084F8997131461F44284684F89A71EAF72E
:10BCE000C3FD94F8992194F89A31B118C9B20B4464
:10BCF000284684F89A3184F89911EAF7B5FD94F84A
:10BD00009A111C4E2846EAF7AFFD2846F7F716FFB2
:10BD1000E5F7E4FB002400F1320503E0E5F7DEFB84
:10BD2000854222D901340120E4B2E5F7DDFB0A2C7B
:10BD3000F4D13078FCF7A6FA0020EAF773FCE5F7B7
:10BD4000CDFB85424FF001000FD9E5F7CDFBE5F7BC
:10BD5000C5FB85424FF0010007D9E5F7C5FBE5F7C4
:10BD6000BDFB85424FF00204DCD8BDE8F08100BF86
:10BD70003CA700207090002070B56D4C82B00E463C
:10BD8000B5210546EAF770FD94F8993194F89A21A7
:10BD90004B3B1A442846622184F89A2184F8993151
:10BDA000EAF762FD4FF0000328460621A4F8993116
:10BDB000EAF75AFD94F8993194F89A2106331A4417
:10BDC0002846082184F8993184F89A21EAF74CFD35
:10BDD00094F8993194F89A2108331A442846062198
:10BDE00084F8993184F89A21EAF73EFD94F8993164
:10BDF00094F89A2106331A442846002184F8993190
:10BE000084F89A21EAF730FD94F89A2194F8993150
:10BE1000F1B21344284684F89A310191EAF724FDDF
:10BE200094F899310199194494F89A3184F8991148
:10BE30000B442846310A84F89A31EAF715FD94F844
:10BE4000993103EB162694F89A3184F899612846C3
:10BE50001E44012184F89A61EAF706FD94F89931AD
:10BE600094F89A21334E01331A442846002184F86D
:10BE7000993184F89A21EAF7F7FC94F89A2194F81A
:10BE8000993128461344012184F89A31EAF7ECFCF1
:10BE900094F8993194F89A2101331A4428460021E4
:10BEA00084F89A2184F89931EAF7DEFC94F8991124
:10BEB00094F89A3128460B4484F89A31EAF7D4FC76
:10BEC00094F89A112846EAF7CFFC2846F7F736FE91
:10BED000E5F704FB002400F1320503E0E5F7FEFA84
:10BEE000854222D901340120E4B2E5F7FDFA0A2C9B
:10BEF000F4D13078FCF7C6F90020EAF793FBE5F7B8
:10BF0000EDFA85424FF001000FD9E5F7EDFAE5F7BC
:10BF1000E5FA85424FF0010007D9E5F7E5FAE5F7C4
:10BF2000DDFA85424FF00204DCD802B070BD00BFDC
:10BF30003CA700207090002070B5504C504EB521A9
:10BF40000546EAF791FC94F8993194F89A214B3B15
:10BF50001A442846622184F89A2184F89931EAF734
:10BF600083FC4FF0000328460621A4F89931EAF734
:10BF70007BFC94F8993194F89A2106331A442846A8
:10BF8000092184F8993184F89A21EAF76DFC94F834
:10BF9000993194F89A2109331A4428460D2184F8DE
:10BFA000993184F89A21EAF75FFC94F8993194F872
:10BFB0009A210D331A440021284684F8993184F8D7
:10BFC0009A21EAF751FC94F89A2194F8993128467D
:10BFD000134484F89A31FFF799FC40F21F41284638
:10BFE000FFF77AFD2846FFF791FC28460321EAF780
:10BFF0003BFC94F8991194F89A310331C9B20B447F
:10C00000284684F89A3184F89911EAF72DFC94F8BF
:10C010009A112846EAF728FC2846F7F78FFDE5F73E
:10C020005DFA002400F57A7503E0E5F757FA8542DA
:10C0300022D901340120E4B2E5F756FA0A2CF4D1F2
:10C040003078FCF71FF90020EAF7ECFAE5F746FA3A
:10C0500085424FF001000FD9E5F746FAE5F73EFAC1
:10C0600085424FF0010007D9E5F73EFAE5F736FAC9
:10C0700085424FF00204DCD870BD00BF3CA7002011
:10C080007090002070B55E4C5E4EB5210546EAF713
:10C09000EBFB94F8993194F89A214B3B1A442846CB
:10C0A000622184F89A2184F89931EAF7DDFB4FF098
:10C0B000000328460621A4F89931EAF7D5FB94F845
:10C0C000993194F89A2106331A442846162184F8A7
:10C0D000993184F89A21EAF7C7FB94F8993194F8DA
:10C0E0009A2116331A442846082184F8993184F895
:10C0F0009A21EAF7B9FB94F8993194F89A21083318
:10C100001A442846002184F8993184F89A21EAF7E4
:10C11000ABFB94F89A2194F89931284613440021F6
:10C1200084F89A31EAF7A0FB94F89A2194F89931AF
:10C1300028461344032184F89A31EAF795FB94F8D2
:10C14000993194F89A2103210B441A44284684F823
:10C15000993184F89A21EAF787FB94F8993194F899
:10C160009A2103331A440021284684F8993184F82F
:10C170009A21EAF779FB94F89A2194F899312846A4
:10C18000134484F89A31FFF7C1FB94F899112846BB
:10C19000EAF76AFB94F89A112846EAF765FB284605
:10C1A000F7F7CCFCE5F79AF9002400F1320503E03B
:10C1B000E5F794F9854222D901340120E4B2E5F78C
:10C1C00093F90A2CF4D13078FCF75CF80020EAF7F8
:10C1D00029FAE5F783F985424FF001000FD9E5F719
:10C1E00083F9E5F77BF985424FF0010007D9E5F7C0
:10C1F0007BF9E5F773F985424FF00204DCD870BD96
:10C200003CA700207090002070B58D4C8D4EB5215C
:10C210000546EAF729FB94F8993194F89A214B3BAB
:10C220001A442846622184F89A2184F89931EAF761
:10C230001BFB4FF0000328460621A4F89931EAF7CA
:10C2400013FB94F8993194F89A2106331A4428463E
:10C25000002184F8993184F89A21EAF705FB94F8D3
:10C260009A2194F8993128461344142184F89A317C
:10C27000EAF7FAFA94F8993194F89A2114331A44A7
:10C280002846002184F8993184F89A21EAF7ECFADB
:10C2900094F89A2194F8993128461344012184F89E
:10C2A0009A31EAF7E1FA94F8993194F89A21013336
:10C2B0001A442846002184F8993184F89A21EAF733
:10C2C000D3FA94F89A2194F899312846134400211E
:10C2D00084F89A31EAF7C8FA94F89A2194F89931D7
:10C2E00028461344002184F89A31EAF7BDFA94F8FD
:10C2F0009A2194F89931284613444FF40D6184F83B
:10C300009A31FFF7E9FB28464FF4E131FFF7E4FBF0
:10C3100028460721EAF7A8FA94F8993194F89A2167
:10C3200007331A442846002184F8993184F89A2169
:10C33000EAF79AFA94F89A2194F899312846134426
:10C34000012184F89A31EAF78FFA94F8993194F838
:10C350009A2101331A442846002184F8993184F83F
:10C360009A21EAF781FA94F89A2194F899312846AB
:10C370001344002184F89A31EAF776FA94F89A2166
:10C3800094F8993128461344002184F89A31EAF749
:10C390006BFA94F89A2194F89931284613440021B5
:10C3A00084F89A31EAF760FA94F89A2194F899316E
:10C3B00028461344002184F89A31EAF755FA94F894
:10C3C000991194F89A3128460B4484F89A31EAF787
:10C3D0004BFA94F89A112846EAF746FA2846F7F7F6
:10C3E000ADFBE5F77BF8002400F5C87503E0E5F741
:10C3F00075F8854222D901340120E4B2E5F774F8DA
:10C400000A2CF4D13078FBF73DFF0020EAF70AF957
:10C41000E5F764F885424FF001000FD9E5F764F8BD
:10C42000E5F75CF885424FF0010007D9E5F75CF8C5
:10C43000E5F754F885424FF00204DCD870BD00BF28
:10C440003CA700207090002070B5774C774EB52146
:10C450000546EAF709FA94F8993194F89A214B3B8A
:10C460001A442846622184F89A2184F89931EAF71F
:10C47000FBF94FF0000328460621A4F89931EAF7AA
:10C48000F3F994F8993194F89A2106331A4428461E
:10C49000072184F8993184F89A21EAF7E5F994F8AC
:10C4A000993194F89A2107331A442846142184F8C4
:10C4B000993184F89A21EAF7D7F994F8993194F8E8
:10C4C0009A2114331A442846002184F8993184F8BB
:10C4D0009A21EAF7C9F994F89A2194F899315449C4
:10C4E0001344284684F89A31FFF7F6FA2846514952
:10C4F000FFF7F2FA28460021EAF7B6F994F89A21F4
:10C5000094F8993128461344012184F89A31EAF7C6
:10C51000ABF994F8993194F89A2101331A442846DA
:10C52000002184F8993184F89A21EAF79DF994F86A
:10C530009A2194F8993128461344002184F89A31BD
:10C54000EAF792F994F89A2194F89931284613441D
:10C55000002184F89A31EAF787F994F89A2194F83F
:10C56000993128461344002184F89A31EAF77CF97E
:10C5700094F89A2194F8993128461344002184F8BC
:10C580009A31EAF771F994F89A2194F8993128468A
:10C590001344002184F89A31EAF766F994F89A2155
:10C5A00094F8993128461344002184F89A31FFF712
:10C5B000DDFA94F899112846EAF756F994F89A1199
:10C5C0002846EAF751F92846F7F7B8FAE4F786FF64
:10C5D000002400F1320503E0E4F780FF854222D910
:10C5E00001340120E4B2E4F77FFF0A2CF4D1307863
:10C5F000FBF748FE0020EAF715F8E4F76FFF8542E5
:10C600004FF001000FD9E4F76FFFE4F767FF8542B1
:10C610004FF0010007D9E4F767FFE4F75FFF8542B9
:10C620004FF00204DCD870BD3CA7002070900020C1
:10C6300040420F00A086010070B52A4CB521054686
:10C64000EAF712F994F8993194F89A214B3B1A447D
:10C650002846622184F8993184F89A210026EAF765
:10C6600003F928460A21A4F89961EAF7FDF894F83D
:10C67000993194F89A210A331A442846042184F8FF
:10C68000993184F89A21EAF7EFF894F8993194F8FF
:10C690009A2104331A443146284684F8993184F8A3
:10C6A0009A21EAF7E1F894F89A2194F89931314601
:10C6B0001344284684F89A31EAF7D6F894F8991189
:10C6C00094F89A3128460B4484F89A31EAF7CCF86A
:10C6D000284694F89A11EAF7C7F82846BDE8704052
:10C6E000F7F72CBA3CA700202DE9F04782B08A4624
:10C6F0000546E4F7F3FEDFF8A881644E644C00279A
:10C70000814688F80070E4F7E9FEA0EB0900504587
:10C7100098F8003033D293BB2846E9F7BBFFF0B15D
:10C720002846E9F7EDFF3378082BF5D8DFE803F06A
:10C730009A94867A6B53382F050094F898215549BE
:10C74000121A0B7AB2FA82F20020520962F3041331
:10C75000307028460B72E9F79DFF0028E0D10137C1
:10C76000FFB20A2F00F087800120E4F7BDFEE4F756
:10C77000B5FEA0EB0900504598F80030CBD3A3F1EB
:10C780000100B0FA80F0400902B0BDE8F08794F8EB
:10C7900097311B1AB3FA83F35B09DB003370BBE7F5
:10C7A000B4F801303C4AD054B4F80130B4F8051064
:10C7B00001339AB29142A4F8013004BF07233370C9
:10C7C00094F8973194F8982103441A4484F89731E7
:10C7D00084F89821A0E7B4F8052094F8973194F8EC
:10C7E0009811034402EB0022194490B2A4F80520EA
:10C7F00084F8973184F89811D0B30023062263702F
:10C80000A370327088E794F8973194F89821A4F8CF
:10C81000050003441A44052184F8973184F89821CF
:10C82000317079E74FF0000360F3070360F30F23E3
:10C830000222E070A4F8973132706DE794F89731D6
:10C8400094F89821207103441A44042184F8973104
:10C8500084F8982131705FE7622814BF0023032316
:10C86000337059E7B5287FF457AF0123337053E78E
:10C870000723337050E7094A01901078FBF702FD57
:10C880000198E9F7CFFE019F6EE700BF18AA0020CC
:10C890003CA700203C7D002043A700207090002092
:10C8A000DCA800202DE9F04FDFF8D8E1724C734F7F
:10C8B000734E05468B46BEE80F0087B0EC46ACE8E9
:10C8C0000F009EE803004FF0000A8CE8030004F814
:10C8D00005A0E84607F1180957F8041B2846F0F7A9
:10C8E0004DFAE4F7FBFD002400F1320A03E0E4F71F
:10C8F000F5FD824522D901340120E4B2E4F7F4FDCC
:10C900000A2CF4D13078FBF7BDFC0020E9F78AFE51
:10C91000E4F7E4FD82454FF001000FD9E4F7E4FDB0
:10C92000E4F7DCFD82454FF0010007D9E4F7DCFDB8
:10C93000E4F7D4FD82454FF00204DCD858F8044BEC
:10C94000217831B12846E9F78FFF14F8011F00293B
:10C95000F8D1E4F7C3FD002400F1640A03E0E4F732
:10C96000BDFD824522D901340120E4B2E4F7BCFDCB
:10C970000A2CF4D13078FBF785FC0020E9F752FE51
:10C98000E4F7ACFD82454FF001000FD9E4F7ACFDB0
:10C99000E4F7A4FD82454FF0010007D9E4F7A4FDB8
:10C9A000E4F79CFD82454FF00204DCD84F4593D15B
:10C9B000E4F794FD324F00F1C806002403E0E4F7E9
:10C9C0008DFD864222D901340120E4B2E4F78CFDCA
:10C9D0000A2CF4D13878FBF755FC0020E9F722FE49
:10C9E000E4F77CFDB0424FF001000FD2E4F77CFD8C
:10C9F000E4F774FD86424FF0010007D9E4F774FDB7
:10CA0000E4F76CFD86424FF00204DCD82846594614
:10CA1000F0F7B4F9E4F762FD194E00F16405002463
:10CA200003E0E4F75BFD854222D901340120E4B242
:10CA3000E4F75AFD0A2CF4D13078FBF723FC0020F0
:10CA4000E9F7F0FDE4F74AFDA8424FF001000FD2EC
:10CA5000E4F74AFDE4F742FD85424FF0010007D9B3
:10CA6000E4F742FDE4F73AFD85424FF00204DCD8DA
:10CA700007B0BDE8F08F00BFEC430020408A0308F8
:10CA800070900020D45C030830B59B4DEB78013BDF
:10CA900083B00C2B0CD8DFE803F0540B0B0B470BC7
:10CAA0000B0B0B070B0B39002B79042B00F0B68016
:10CAB000924C94ED267AD4ED276A914BF7EE007AEA
:10CAC000B4EEE77A9A79F1EE10FA94BF01210021D1
:10CAD00061F304129A71F4EEE76A5A7AF1EE10FAF1
:10CAE00094BF0121002161F3C7125A72E4F732FCAE
:10CAF000DCF732F89FED837A07EE900A67EE877ACB
:10CB0000FCEEE77AC4ED327A03B030BD2B797B4C72
:10CB1000012B08BFD5F8073094ED267AD4ED276AAB
:10CB200008BFC4F8BC30C8E7744C2B7994ED267A62
:10CB3000D4ED276A002B6DD0012BBED1724A137041
:10CB4000BBE72B79023B302BB2D801A252F823F07D
:10CB5000BDD00208D5CF0208F1CF0208B1CA020841
:10CB6000C1CC020815CD0208B1CA0208B1CA020838
:10CB7000B1CA0208B1CA0208B1CA0208B1CA0208A1
:10CB8000B1CA0208B1CA0208B1CA0208B1CA020891
:10CB9000A5CE0208B1CA0208B1CA0208B1CA020889
:10CBA000B1CA0208B1CA0208B1CA0208B1CA020871
:10CBB000B1CA0208B1CA0208B1CA0208B1CA020861
:10CBC000B1CA0208B1CA0208B1CA0208A5CF020858
:10CBD000B1CA0208B1CA0208B1CA0208B1CA020841
:10CBE000B1CA0208B1CA0208B1CA0208B1CA020831
:10CBF000B1CA0208B1CA0208B1CA0208B1CA020821
:10CC0000B1CA0208B1CA0208B1CA0208B1CA020810
:10CC10008DD002083C4B02221A704EE7DFF8F0E09C
:10CC2000364CD5F80700DEF80410DEF80820DEF8F0
:10CC30000C30A446ACE80F00DEF81000DEF8182037
:10CC4000DEF81410BEF81C30ACE807000EF11E0030
:10CC5000ACF8003008F07CFC95F825202062002A12
:10CC600000F0F182A2F13003DBB2092B00F2AB82BB
:10CC7000302A00F0008395F82620D2B1303AD2B2A3
:10CC8000092A12D995F827209AB1303AD2B2092A46
:10CC90000BD995F8281061B1A1F13002D2B2092A5E
:10CCA00000F24D82002B00F0468203EB830302EB7F
:10CCB000430394ED267AD4ED276A84F82C31FCE600
:10CCC0000E4C6B7C94F83220DFED107AD4ED276A9D
:10CCD0009A4238BF84F83230D5F82F3007EE103A38
:10CCE000B8EE477A95F8363084F8313027EE277A57
:10CCF00084ED267AE1E600BF3CA70020E8A80020EA
:10CD00003C7D0020BD378635DCA800200AD7233CB7
:10CD100043A70020D5F82F30D5F82B10EA7AE04C45
:10CD2000DFEDE07A06EE103AD5F8333007EE101A50
:10CD3000297B06EE903AD5F8373042EA0122A97CE9
:10CD400000EE903AD5F80730628500394FF47A70DA
:10CD500018BF012100FB03F384F82810D5F80D005B
:10CD600063632364E97E6B7CE062B8EE466AF8EEAA
:10CD7000666AF8EEE00AB8EEC77A84F8321084F8F2
:10CD80003030D5F81F20D5F82330A97FC4F8E8202B
:10CD900060EEA70A27EE277A26EE276A66EEA76AD4
:10CDA0006267002284ED1F6A84F83110C4ED380AEE
:10CDB000C4F8D030236784ED127A84ED1E7AC4ED76
:10CDC000206A6264C4ED210AD5F83B20B64B94ED8D
:10CDD000390A93ED001A06EE902AD5F83F20CDEDE2
:10CDE000017A07EE102AF8EEE66AB8EEC77A66EE28
:10CDF000A76A27EE277AC4ED3E6AC4ED226A84ED65
:10CE0000447A84ED237ADDF72BFEA74BD4ED3E0A5E
:10CE100093ED001AB0EE407A94ED3F0A84ED397A32
:10CE2000DDF71EFEA04BD4ED440A93ED001AB0EEE0
:10CE3000407A94ED450A84ED3F7ADDF711FED5F88E
:10CE400047309FED9A5ADDED017ADFED994A06EE03
:10CE5000103AD5F8433005EE903AD5F84B3007EE4E
:10CE6000103AD5F84F3084ED450AB8EEC66A06EEA2
:10CE7000903AF8EEE55A26EE056AB8EE477AF8EEF3
:10CE8000666A65EEA75A26EE246A27EE277A66EED2
:10CE9000856AC4ED245A84ED256A84ED267AC4EDB2
:10CEA000276A0AE6D5F80B30DFED825A7C4C00EE9B
:10CEB000903AD5F80F3094ED390A07EE103AD5F8CC
:10CEC0001330CDED015A07EE903AF8EEE00AB8EED5
:10CED000C77AF8EEE77A744BD5F8072093ED001A7D
:10CEE000626360EEA50A27EE257A67EEA57A84EDE7
:10CEF0003E7A84ED227AC4ED380AC4ED210AC4EDED
:10CF0000447AC4ED237ADDF7ABFD674BD4ED3E0ADE
:10CF100093ED001AF0EE407A94ED3F0AC4ED397AB1
:10CF2000DDF79EFD604BD4ED440A93ED001AF0EE60
:10CF3000407A94ED450AC4ED3F7ADDF791FDD5F8CE
:10CF40001F309FED5A5ADDED015ADFED594A07EEC9
:10CF5000903AD5F81B3006EE103AD5F8233007EE9C
:10CF6000103AD5F8273084ED450AF8EEE77A06EE58
:10CF7000903AB8EE466A67EE857AB8EE477AF8EEF0
:10CF8000666A26EE256A67EEA47A27EE257A66EEB3
:10CF9000856A84ED246AC4ED257A84ED267AC4ED91
:10CFA000276A8AE5AB7E5B077FF582AD287DEB7C47
:10CFB0003B4C414AB5F81510A18543EA00230121F5
:10CFC000107863852122FEF7D3FC94ED267AD4ED08
:10CFD000276A72E5324CEB7A94F8322094ED267A87
:10CFE000D4ED276A9A42BFF468AD84F8323064E524
:10CFF000B5F80D30DFED2F7A294C03EE903AB5F8F5
:10D000001330D4ED276A04EE103AB5F8113004EE6F
:10D01000903AB5F80F3005EE103AB5F8153005EE38
:10D02000903AB5F8173006EE103AB5F80B3007EE27
:10D03000103AF8EEE33AB8EEC77AB8EEC44AF8EE22
:10D04000E44AB8EEC55AF8EEE55AB8EEC66A63EEA1
:10D05000A73A24EE274A64EEA74A25EE275A65EE42
:10D06000A75A26EE276A67EE277AC4ED283A94ED90
:10D07000267A84ED294AC4ED2A4A84ED2B5AC4ED60
:10D080002C5A84ED2D6AC4ED2E7A16E5044CD5F8A1
:10D09000073094ED267AD4ED276AE3660DE500BFEC
:10D0A000E8A800206F12833AD8A80020ACC5273723
:10D0B00035FA8E3C0AD7233C78900020D5F81B30F7
:10D0C000A04CD5F80F209FEDA05A94ED267AD4ED10
:10D0D000276A05EE903AD5F81F3006EE103AD5F8DB
:10D0E00007304FF47A7101FB03F363632364D5F8CF
:10D0F000173007EE903AF8EE655AB8EE466AF8EE49
:10D10000E77A65EE855A67EE857A26EE056AD5F8E8
:10D110000B30C4F8E83000216164C4F8D0202267E5
:10D120006367C4ED127AC4ED1E7AC4ED1F5A84ED14
:10D13000206AC2E41946302900F0C180134695F8F0
:10D14000291000293FF4B5ADA1F13002D2B2092A6D
:10D1500006D8002B7FF4A9AD302900F0C680134615
:10D1600095F82A1000293FF4A4ADA1F13002D2B203
:10D17000092A05D8002B7FF498AD302965D01346D5
:10D1800095F82B1000293FF494ADA1F13002D2B2F2
:10D19000092A05D8002B7FF488AD30295FD01346CB
:10D1A00095F82C1000293FF484ADA1F13002D2B2E1
:10D1B000092A3FF67EAD002B7FF477AD302914BFEE
:10D1C0001346002375E595F82620002A3BD0A2F1EE
:10D1D0003003DBB2092B12D8302A59D095F827201A
:10D1E000002A3FF466ADA2F13001C9B209293FF629
:10D1F00050AD73B103EB830301EB430359E595F89D
:10D20000272002B3A2F13003DBB2092B02D900239D
:10D210003FE50B46302A7FF43CAD95F82830002BD3
:10D220003FF447ADA3F13002D2B2092A82D995F872
:10D230002930002B3FF43DADA3F13002D2B2092AD0
:10D2400079D900238CE7134633E595F82B30002B72
:10D250003FF42FADA3F13002D2B2092A5BD995F881
:10D260002C30002B3FF425ADA3F13002D2B2092AB5
:10D2700065D900231DE595F82630002B3FF419AD44
:10D28000A3F13001C9B2092947D81A460B46A3E7D2
:10D2900095F82730002B3FF40CADA3F13001C9B253
:10D2A000092945D995F82830002B3FF402ADA3F1A8
:10D2B0003002D2B2092A7FF63DAF00233FE795F84E
:10D2C0002930002B3FF4F5ACA3F13002D2B2092A89
:10D2D00031D995F82A30002B3FF4EBACA3F13002A2
:10D2E000D2B2092A29D900234AE795F82A30002B1F
:10D2F0003FF4DFACA3F13002D2B2092A1DD995F870
:10D300002B30002B3FF4D5ACA3F13002D2B2092A66
:10D3100001D9002344E719463FE795F82730002B51
:10D320003FF4C7ACA3F13001C9B209293FF66FAF92
:10D330001A460B466EE719460EE719461DE71946D1
:10D340003CE700BFE8A800206F12833A000000000D
:10D3500008B5DAF7A7FF04A3D3E90023DBF70CF83D
:10D3600041EC100B08BD00BF0E4685C758CC863F68
:10D3700008B551EC100B04A3D3E90023DBF726F921
:10D38000DBF7AAFA08BD00BF0E4685C758CC863F1A
:10D390004E4A1378082B17D8DFE803F0171C223108
:10D3A00040506C8B05004A49DFF828C191F898116C
:10D3B0009CF80830091AB1FA81F14909002061F39B
:10D3C000041310708CF808307047B528FCD1012385
:10D3D00013707047622814BF002303231370704733
:10D3E0003B4B93F8971193F898C1187101448C4402
:10D3F00083F89711042183F898C1117070474FF09A
:10D400000003334960F3070360F30F234FF0020C6E
:10D41000C870A1F8973182F800C070472C4B93F880
:10D42000971193F898C1A3F8050001448C4483F840
:10D430009711052183F898C111707047244BB3F8F8
:10D44000051001EB00211FFA81FCA3F8051093F8E9
:10D450009711014493F8980183F89711014483F8D8
:10D460009811BCF1000F2ED0002106205970997040
:10D4700010707047164BB3F8011003F1070C0CF84D
:10D480000100B3F8011001311FFA81FCA3F801106B
:10D49000B3F80510614504BF0721117093F8972177
:10D4A00093F898110244114483F8972183F8981156
:10D4B0007047074B93F897311B1AB3FA83F35B0954
:10D4C000DB001370704707231370704718AA002001
:10D4D0003CA700203C7D00202DE9F04F85B004469C
:10D4E00000200191E8F73CFBE3F7F8FF3F4F00F520
:10D4F000FA66002503E0E3F7F1FF864222D9013501
:10D500000120EDB2E3F7F0FF0A2DF4D13878FAF7F5
:10D51000B9FE0020E9F786F8E3F7E0FF86424FF016
:10D5200001000FD9E3F7E0FFE3F7D8FF86424FF0A1
:10D53000010007D9E3F7D8FFE3F7D0FF86424FF0A9
:10D540000205DCD84FF461324FF4E133CDE9022318
:10D55000274F284EDFF894900DF108084FF0010A8C
:10D56000D8F800102046EFF709FC07F804A001E006
:10D57000E9F7C6F82046E9F78DF883462046BBF167
:10D58000000FF5D1336A002B49D1FFF755F8E3F7C7
:10D59000A5FF08F1040800F5FA7503E0E3F79EFF24
:10D5A000A8422DD20BF1010B01205FFA8BFBE3F7B0
:10D5B0009BFFBBF10A0FF1D199F80000FAF762FE68
:10D5C0000020E9F72FF8E3F789FFA8424FF00100A8
:10D5D00016D2E3F789FFE3F781FFA8424FF001007D
:10D5E0000ED2E3F781FF4FF0020BD7E770900020D7
:10D5F000EC430020E8A80020E9F782F8FFF7C8FE16
:10D600002046E9F747F805462046002DF4D104AA44
:10D610009045336A40F00682002B00F010854FF0F1
:10D620000108F64D05F178076A7815F8021B2046C7
:10D63000FEF79EF9AF42F7D1F14DB5212046E9F74B
:10D6400013F995F8993195F89A214B3B622185F8A9
:10D6500099312046134485F89A31E9F705F94FF0DE
:10D66000000306212046A5F89931E9F7FDF895F861
:10D67000993195F89A210633242185F8993120466D
:10D68000134485F89A31E9F7EFF895F8993195F850
:10D690009A2124210B4485F899312046134485F8BA
:10D6A0009A31E9F7E1F895F8993195F89A21243300
:10D6B000002185F899312046134485F89A31E9F71D
:10D6C000D3F895F89A2195F899312046134485F8B6
:10D6D0009A31FEF71BF902212046E9F7C5F895F8C3
:10D6E000993195F89A210233032185F89931204622
:10D6F000134485F89A31E9F7B7F895F8993195F818
:10D700009A21033385F899312046134485F89A31DC
:10D71000FEF7FCF82046FEF7F9F80A212046E9F763
:10D72000A3F895F8993195F89A210A33002185F8E4
:10D7300099312046134485F89A31E9F795F895F820
:10D740009A2195F8993100211344204685F89A31A1
:10D75000E9F78AF895F89A2195F899310021134450
:10D76000204685F89A31E9F77FF895F89A2195F8DF
:10D77000993100211344204685F89A31E9F774F86D
:10D7800095F89A2195F8993100211344204685F89F
:10D790009A31E9F769F895F89A2195F899310021BD
:10D7A0001344204685F89A31E9F75EF895F89A21F6
:10D7B00095F8993100211344204685F89A31E9F70C
:10D7C00053F895F89A2195F8993100211344204691
:10D7D00085F89A31E9F748F895F89A2195F8993142
:10D7E00000211344204685F89A31E9F73DF895F871
:10D7F0009A2195F8993100211344204685F89A31F1
:10D80000E9F732F895F89A2195F8993100211344F7
:10D81000204685F89A31E9F727F895F89A2195F886
:10D82000993100211344204685F89A31E9F71CF814
:10D8300095F89A2195F8993100211344204685F8EE
:10D840009A31E9F711F895F89A2195F89931002164
:10D850001344204685F89A31E9F706F895F89A219D
:10D8600095F8993100211344204685F89A31E8F75C
:10D87000FBFF95F89A2195F8993100211344204631
:10D8800085F89A31E8F7F0FF95F89A2195F89931E3
:10D8900000211344204685F89A31E8F7E5FF95F812
:10D8A0009A2195F8993100211344204685F89A3140
:10D8B000E8F7DAFF95F89A2195F899310021134499
:10D8C000204685F89A31E8F7CFFF95F89A2195F828
:10D8D000993100211344204685F89A31E8F7C4FFB6
:10D8E00095F89A2195F8993100211344204685F83E
:10D8F0009A31E8F7B9FF95F8991195F89A312046D1
:10D900000B4485F89A31E8F7AFFF95F89A11204655
:10D91000E8F7AAFF2046F6F711F94FF4FA7120460E
:10D92000FEF7E2FE2046FEF78FFD4FF4FA71204627
:10D93000FEF7DAFE2046FEF7A5FB4FF4FA7120460B
:10D94000FEF7D2FEB8F1000F00F0238396F82C21E9
:10D95000082A03D8336A2B498B4267D90222012156
:10D960002046FEF705F8C8212046FEF7BDFE03223B
:10D9700001212046FDF7FCFFC8212046FEF7B4FE3A
:10D98000122201212046FDF7F3FFC8212046FEF7B1
:10D99000ABFE212201212046FDF7EAFFC8212046E7
:10D9A000FEF7A2FE0123194607222046FEF728F9BA
:10D9B000C8212046FEF798FE352201212046FDF7BA
:10D9C000D7FFC8212046FEF78FFE432201212046C3
:10D9D000FDF7CEFFC8212046FEF786FE64212046D3
:10D9E000FEF7CAF94FF4FA712046FEF77DFE204695
:10D9F000FEF7A2FA044A0549137A09E0C889030828
:10DA00003CA700202FE602003C7D00200060EA4792
:10DA1000716223F010030020137205B0BDE8F04FCF
:10DA2000E8F7B0B8002B3FF49BADF8E5082A07D023
:10DA3000024A934240F2B08302E000BF7F38010007
:10DA4000022220460121FDF793FFC8212046FEF760
:10DA50004BFE032220460121FDF78AFFC821204604
:10DA6000FEF742FE0123194606222046FEF7C8F8BB
:10DA7000C8212046FEF738FE122220460121FDF77C
:10DA800077FFC8212046FEF72FFE212220460121E4
:10DA9000FDF76EFFC8212046FEF726FE012319463A
:10DAA00007222046FEF7ACF8C8212046FEF71CFEF0
:10DAB000302220460121FDF75BFFC8212046FEF7FA
:10DAC00013FE20466421FEF757F94FF4FA71204601
:10DAD000FEF70AFE2046B521E8F7C6FE95F8993113
:10DAE00095F89A214B3B1A442046622185F89A21E9
:10DAF00085F89931E8F7B8FE4FF00003204606217B
:10DB0000A5F89931E8F7B0FE95F8993195F89A2182
:10DB100006331A4420463E2185F8993185F89A212A
:10DB2000E8F7A2FE95F8993195F89A213E331A4408
:10DB300020462C2185F8993185F89A21E8F794FE42
:10DB400095F8993195F89A212C331A4420460021F2
:10DB500085F8993185F89A21E8F786FE95F89A219B
:10DB600095F8993120461344002185F89A31E8F759
:10DB70007BFE95F89A2195F89931204613440221AD
:10DB800085F89A31E8F770FE95F8993195F89A2161
:10DB900002331A442046022185F8993185F89A21EA
:10DBA000E8F762FE95F8993195F89A2102331A4404
:10DBB0002046002185F8993185F89A21E8F754FE2E
:10DBC00095F89A2195F8993120461344002185F85B
:10DBD0009A31E8F749FE95F89A2195F8993120464F
:10DBE0001344082185F89A31E8F73EFE95F89931FB
:10DBF00095F89A2108331A442046102185F8993166
:10DC000085F89A21E8F730FE95F8993195F89A2130
:10DC100010331A442046012185F8993185F89A215C
:10DC2000E8F722FE95F8993195F89A2101331A44C4
:10DC30002046002185F8993185F89A21E8F714FEED
:10DC400095F89A2195F8993120461344002185F8DA
:10DC50009A31E8F709FE95F89A2195F8993120460E
:10DC60001344012185F89A31E8F7FEFD95F89931C2
:10DC700095F89A2101331A442046032185F89931F9
:10DC800085F89A21E8F7F0FD95F8993195F89A21F1
:10DC900003331A442046082185F8993185F89A21E2
:10DCA000E8F7E2FD95F8993195F89A2108331A447E
:10DCB0002046012185F8993185F89A21E8F7D4FDAD
:10DCC00095F8993195F89A2101331A44204600219C
:10DCD00085F8993185F89A21E8F7C6FD95F89A21DB
:10DCE00095F8993120461344002185F89A31E8F7D8
:10DCF000BBFD95F89A2195F89931204613440221ED
:10DD000085F89A31E8F7B0FD95F8993195F89A21A0
:10DD100002331A442046042185F8993185F89A2166
:10DD2000E8F7A2FD95F8993195F89A2104331A4441
:10DD30002046082185F8993185F89A21E8F794FD65
:10DD400095F8993195F89A2108331A442046012113
:10DD500085F8993185F89A21E8F786FD95F899318B
:10DD600095F89A2101331A442046002185F899310B
:10DD700085F89A21E8F778FD95F89A2195F8993178
:10DD800020461344002185F89A31E8F76DFD95F897
:10DD90009A2195F8993120461344032185F89A3148
:10DDA000E8F762FD95F8993195F89A2103331A4402
:10DDB0002046042185F8993185F89A21E8F754FD29
:10DDC00095F8993195F89A2104331A442046082190
:10DDD00085F8993185F89A21E8F746FD95F899314B
:10DDE00095F89A2108331A442046012185F8993183
:10DDF00085F89A21E8F738FD95F8993195F89A2138
:10DE000001331A442046002185F8993185F89A217A
:10DE1000E8F72AFD95F89A2195F8993120461344A0
:10DE2000002185F89A31E8F71FFD95F89A2195F8B9
:10DE3000993120461344042185F89A31E8F714FDFE
:10DE400095F8993195F89A2104331A442046012116
:10DE500085F8993185F89A21E8F706FD95F899310A
:10DE600095F89A2101331A442046042185F8993106
:10DE700085F89A21E8F7F8FC95F8993195F89A21F8
:10DE800004331A442046012185F8993185F89A21F6
:10DE9000E8F7EAFC95F8993195F89A2101331A448C
:10DEA0002046002185F8993185F89A21E8F7DCFCB5
:10DEB00095F89A2195F8993120461344002185F868
:10DEC0009A31E8F7D1FC95F89A2195F899312046D6
:10DED0001344062185F89A31E8F7C6FC95F8993184
:10DEE00095F89A2106331A442046082185F899317D
:10DEF00085F89A21E8F7B8FC95F8993195F89A21B8
:10DF000008331A442046102185F8993185F89A2162
:10DF1000E8F7AAFC95F8993195F89A2110331A443C
:10DF20002046012185F8993185F89A21E8F79CFC73
:10DF300095F8993195F89A2101331A442046002129
:10DF400085F8993185F89A21E8F78EFC95F89A21A1
:10DF500095F8993120461344002185F89A31E8F765
:10DF600083FC95F8991195F89A3120460B4485F871
:10DF70009A31E8F779FC95F89A112046E8F774FC95
:10DF80002046F5F7DBFD4FF4FA712046FEF7ACFBB7
:10DF90002DE5376ADFF89892B7EB080718BF01271D
:10DFA0004FF00308002F7FF4D1AC2046FEF744FB6E
:10DFB000E3F794FA00F5FA7A03E0E3F78FFA824583
:10DFC00024D901370120FFB2E3F78EFA0A2FF4D1EA
:10DFD00099F80000FAF756F90020E8F723FBE3F779
:10DFE0007DFA82454FF0010010D9E3F77DFAE3F79F
:10DFF00075FA82454FF0010008D9E3F775FA022758
:10E00000DBE72046E8F77CFBFFF7C2F92046E8F79C
:10E0100041FB0028F5D1336A08F1FF381F1A18BFF9
:10E02000012718F0FF08BDD1002B7FF48FAC019AB7
:10E03000072A00F3F880072286F82C21F8E44FF431
:10E04000E131FEF72FFC01233B554FF416512046DA
:10E05000EEF794FEE3F742FADFF8D49100F13208CC
:10E060002F4603E0E3F73AFA804523D90137012030
:10E07000FFB2E3F739FA0A2FF4D199F80000FAF762
:10E0800001F90020E8F7CEFAE3F728FA40454FF00F
:10E0900001000FD2E3F728FAE3F720FA80454FF0AA
:10E0A000010007D9E3F720FAE3F718FA80454FF0AB
:10E0B0000207DBD82046FEF7A7F8E3F70FFADFF8F0
:10E0C000708100F5FA7703E0E3F708FA874221D977
:10E0D0000120E3F709FA681CC5B20A2DF4D198F8BB
:10E0E0000000FAF7CFF80020E8F79CFAE3F7F6F91A
:10E0F00087424FF001000DD9E3F7F6F9E3F7EEF9A7
:10E10000B8424FF0010005D2E3F7EEF90225DBE754
:10E11000E8F7F6FA2046E8F7BDFA05462046002D56
:10E12000F6D14FF4E131EEF729FEE3F7D7F9DFF846
:10E13000008100F1640703E0E3F7D0F9874221D9B9
:10E1400001350120EDB2E3F7CFF90A2DF4D198F8AB
:10E150000000FAF797F80020E8F764FAE3F7BEF951
:10E1600087424FF001000DD9E3F7BEF9E3F7B6F9A6
:10E1700087424FF0010005D9E3F7B6F90225DBE746
:10E18000E8F7BEFA2046E8F785FA80462046B8F15F
:10E19000000FF5D1FFF745BA0123194602222046A8
:10E1A000FDF72EFDC8212046FEF79EFA01231946F1
:10E1B00003222046FDF724FDC8212046FEF794FAED
:10E1C0000123194606222046FDF71AFDC8212046E4
:10E1D000FEF78AFA0123194612222046FDF710FDA8
:10E1E000C8212046FEF780FA0A2321220121204679
:10E1F000FDF706FDC8212046FEF776FA0722012129
:10E200002046FDF7B5FBC8212046FEF76DFA302207
:10E2100001212046FDF7ACFBC8212046FEF764FA39
:10E22000C821FFF7DCBB082386F82C3108E400BFC7
:10E23000709000200000000070B52DED028B704C36
:10E24000022084B0E7F78CFC94F832106D4B94F800
:10E2500031001A7894ED1F7AA1F10301B1FA81F12E
:10E26000490961F386121A701A781978C2F380127C
:10E27000052894BF002202F0010262F38611197092
:10E280001A781978F1EE047AB4EEE77AF1EE10FA22
:10E29000C2F3801202F0010288BF002262F38611ED
:10E2A000197094ED207A1A781978B4EEE77AF1EEC5
:10E2B00010FAC2F3801202F0010288BF002262F35A
:10E2C0008611197094ED267A1A781978F7EE007A8B
:10E2D000B4EEE77AF1EE10FAC2F3801202F0010216
:10E2E00088BF002262F38611197094ED287A1A789B
:10E2F0001978F0EE007AB4EEE77AF1EE10FAC2F394
:10E30000801202F0010258BF002262F386111970D8
:10E310001978DA79C1F3801161F3C302DA711B78DD
:10E320005B0603D404B0BDEC028B70BD04F1400069
:10E33000E3F7E4F8344B84ED4A0A19680D20E3F75B
:10E340003DF994ED348A9FED317A9FED310AF8EE74
:10E35000C87A67EE877A27EE800A03F013F910EE89
:10E36000100AD9F7B1FF02460B4643EC172B0546BE
:10E3700084ED147B18EE100A0E46D9F793FF1EA306
:10E38000D3E90023D9F7F8FFC4E93601CDE902014A
:10E39000D4F8E800D9F786FF17A3D3E90023D9F70B
:10E3A000EBFF2A463346D9F7E7FFC4E93C01CDE944
:10E3B0000001D4F80001D9F775FF0FA3D3E90023BA
:10E3C000D9F7DAFF9DED001B9DED020BD4ED263A47
:10E3D00094ED1F3AD4ED3E2A94ED382AC4E9420167
:10E3E00000F0C2FA04B0BDEC028BBDE87040E0F76B
:10E3F000D5B900BFAFF300800E4685C758CC863F25
:10E40000E8A800203C7D0020E0A8002095BFD6337E
:10E4100035FA8E3C70B5694CE37819071FD4E3795F
:10E420009A0716D5664D674E2878E8F733F960B13C
:10E430002878E8F765F93378082BF5D8DFE803F09A
:10E44000908A7B6E5E44281E1000237ADB0600F162
:10E45000AC800D20E3F708F9002840F0878070BDFC
:10E4600000233370584B93F898311A1AB2FA82F29B
:10E47000237A520962F304132372D5E7524B93F8BF
:10E4800097311B1AB3FA83F35B09DB003370CBE7D8
:10E490004D4BB3F80120D91D8854B3F80120B3F8CF
:10E4A00005100132A3F8012092B2914204BF072265
:10E4B000327093F8972193F89811024483F89721CA
:10E4C0000A4483F89821AFE73F4BB3F8052093F84F
:10E4D000971102EB0022014493F89801A3F805205C
:10E4E00083F8971192B2014483F89811002A59D009
:10E4F00000225A709A700623337095E7324A92F8D8
:10E50000973192F89811A2F80500034482F89731E8
:10E510000B4482F898310523337085E74FF00003F0
:10E52000294A60F3070360F30F23A2F8973102230F
:10E53000D070337078E7244A92F8973192F89811A6
:10E540001071034482F897310B4482F89831042308
:10E55000337069E7622814BF00230323337063E735
:10E56000B5287FF461AF012333705DE7174B0D20B1
:10E570001968E3F723F8E0F785FA237A23F080039C
:10E580002372E37923F00803E371A37923F01003E6
:10E59000A371237823F0400323700220BDE870406C
:10E5A000E7F7F0BA072333703EE7237A60F30413EA
:10E5B0002372FEF769FAFFF73FFE4AE73C7D002031
:10E5C0007890002018AA00203CA70020E0A8002096
:10E5D00010B5244A244C1178E379244A61F34103AD
:10E5E0001078E3710C21F5F725FE237A2049214AA2
:10E5F000C1F8282123F010032372237823F040036D
:10E600002370E37823F01003E370237823F0800372
:10E61000237000F03DF84FF4987200211448164C16
:10E6200007F04CF8DFED150AB7EE000ADCF708FA40
:10E63000134A1449144B82ED000A4FF4FA60002289
:10E64000086020781A704FF4E131EEF797FB2068EC
:10E650000E4B01221A540821BDE81040C0B2FEF74B
:10E660003BBF00BFAF8E00203C7D0020709000209B
:10E67000E8A80020CDCC4C3E78900020000000009F
:10E68000D8A80020E0A8002018AA0020EC43002011
:10E69000154A002310B4154C13605360144A00202F
:10E6A0000021C4E90001C4E90201C2E90001C2E994
:10E6B0000201104C1048114913614FF0000C82F810
:10E6C00018C053614FF07E52236003600C4C4360CE
:10E6D0000A600C484A600C492260036010BC0A6062
:10E6E00043604A60704700BF4CAA002058AA00202F
:10E6F00068AA002028AA002044AA00203CAA0020E2
:10E700002C02002034AA00202CAA002070B52DED88
:10E71000048B874C237E86B01BB1864BDB781B07AE
:10E7200003D506B0BDEC048B70BD60EEA07A824BC1
:10E730009FED825AD3ED005A814ADFED824A92ED75
:10E74000004AE0EE007A21EE017AB1EEE76A61EE6E
:10E75000073AF6EE006A63EEA66A36EE656AB0EE38
:10E76000669A66EE066AE6EE055A66EE856ADFEDA3
:10E77000767AC3ED005AE4EE246A67EE072AB5EE16
:10E78000003A22EE833AF4EEE76AF1EE10FAF0EE88
:10E79000438A08D4F2EE047AF4EEE76AF1EE10FA56
:10E7A000D8BFF0EE667A694969486A4BC2ED007AD3
:10E7B00091ED006A684AD0ED006A1B7892ED004A3C
:10E7C000664A71EE013A013BE6EE236ADBB2012BA9
:10E7D00092ED005A624AE7EE056A1E46A1EE056A0E
:10E7E00061EE044AD2ED005A65D974EEA55AC0ED27
:10E7F000006AC2ED005A81ED006A15EE900ACDED77
:10E80000043A8DED034A8DED027A8DED011ACDEDBE
:10E81000057AB0EE608AD9F757FD0B465149504D45
:10E820000246D1E90001D9F7F1FB484B484A93ED84
:10E83000016AD2ED016ADDED043A9DED034A9DEDDA
:10E84000011A9DED027A84ED044AE3EE866AC4E97A
:10E85000000142494048D1ED014A90ED015AD5ED01
:10E86000015A012EA1EE246AE7EE246A21EE054A40
:10E8700041D9374B75EE847AC3ED016A384BC3ED4D
:10E88000017A324B83ED016A17EE900A8DED015A41
:10E89000D9F71AFD0B4633490246D1E90201D9F7EF
:10E8A000B5FB9DED015AC4E9020184ED055A06B09D
:10E8B000BDEC048B70BDB6EE003A20EE033AA0EE3C
:10E8C000014A254BE7EE034A83ED004AE8EEA76ACA
:10E8D000234B74EEA55AA9EE276AC3ED005A1C4BD0
:10E8E000A7EE275AC3ED006A184B83ED006A1B4B55
:10E8F00083ED005A81E7F6EE003A68EE233ADDED4B
:10E90000057AA3EE874AE8EEA76AA9EE276AE7EE42
:10E91000274AA8EE015A74EE257A80ED015AC2ED1D
:10E92000016A83ED016AC5ED017AC1ED014AABE7E9
:10E9300068AA00203C7D002028AA00200AD7233C9A
:10E940002C020020A4707D3FCDCCCC3D34AA002009
:10E950003CAA0020B18E002044AA00202CAA00204E
:10E960004CAA002058AA0020034BDB78C3F3C00256
:10E970001B0703D5704700BF3C7D00202DE9F04FF9
:10E980002DED028BE94C8BB0CDED023A03928DED6B
:10E99000013A8DED002A59EC118B57EC106BB0EE5B
:10E9A000628AE2F7D7FC237E9DED002A9DED013AB5
:10E9B000DDED023A039ADFF89CE3002B00F0298298
:10E9C000DEF80030DEF80450C31A61EB050CD84DB8
:10E9D0009D4272EB0C0CC0F01C8223EE033A9FEDBB
:10E9E000D57AB4EEC73AF1EE10FACEE9000100F1A3
:10E9F00041829FEDD17AB4EEC73AF1EE10FAD4BF5E
:10EA0000F0EE437AF0EE477AF0EE678A63EEA33ACF
:10EA10009FEDC85AF4EEC53AF1EE10FA08D49FED16
:10EA2000C65AF4EEC53AF1EE10FAD8BFB0EE635A0A
:10EA3000C24BDFEDC97AD3ED003AC14BD3ED006A8A
:10EA4000C04B93ED006A66EEE64A78EEA35A75EE87
:10EA5000062AB0EE643AA5EEA23AB4EEE73AF1EE39
:10EA600010FA40F2D380B849B84B8DED015A91EDC0
:10EA7000007B5BEC17ABD3ED001A8DED023A5246EA
:10EA80001D4630465B463946CDED001ACDED035AA2
:10EA9000CDED042ACDED054ACDED066A8DED076A70
:10EAA000CDED083A8DED092AD9F7AEFAD9F73CFF3A
:10EAB000DDED001A9DED015A9DED023ADDED035AA0
:10EAC000DDED042ADDED054ADDED066A9DED076A00
:10EAD000DDED083A9DED092A07EE900A77EEE17A1E
:10EAE000BAEE044AF4EEC47AF1EE10FA08D4B2EEAB
:10EAF000044AF4EEC47AF1EE10FAD8BFB0EE674AD9
:10EB0000934B93ED001A72EE410AB9EE042AF4EE2B
:10EB1000C20AF1EE10FA0AD4F1EE047AF4EEE70A32
:10EB2000F1EE10FAD4BFB0EE602AB0EE672A65EEBF
:10EB3000A67AF0EE640AE3EEE67AE3EEA24AE5EEA8
:10EB4000860A84EE837AC7EE834A66EE667AC0EE62
:10EB5000835AE6EEA27AF7EE002A87EE830A72EE77
:10EB6000E57A65EE825A24EE822AE0EE045AA7EE98
:10EB7000042A72EEC72A26EEE44A66EE644A27EEBD
:10EB8000866A67EEA67AA2EEA34AE2EEA64AE0EE15
:10EB9000637A9FED713A8DED015A75EE815AA0EEC0
:10EBA000666AB4EEC43AC3ED005A77EEA47AF1EE89
:10EBB00010FA624BCDED005AC8BFB0EE434AF6EEF4
:10EBC000000A83ED004A67EEA07A5D4BB4EEC63AC8
:10EBD00032EE212AC3ED007AF1EE10FA594B85EDA1
:10EBE000002AD8BFB0EE463A83ED003A12EE100A82
:10EBF000D9F76AFB52465B46D9F708FADDED005AB1
:10EC00009DED015AC4ED045AC4E900014B4BDFED00
:10EC1000527AD3ED013A4A4BD3ED016A494B93ED59
:10EC2000016A26EEE63A33EEA87A36EE055AF0EEA1
:10EC3000434AE7EE054AF4EEE74AF1EE10FA40F2F5
:10EC40001481424A404B92ED012ACDED014A8DEDEF
:10EC5000002A93ED022B57EC126B15463B463246C9
:10EC6000404649468DED027A8DED035A8DED043A0A
:10EC7000CDED056A8DED066ACDED073AD9F7C4F9F9
:10EC8000D9F752FE9DED002ADDED014A9DED027A95
:10EC90009DED035A9DED043ADDED056A9DED066A92
:10ECA000DDED073A07EE900A77EEC27ABAEE044A33
:10ECB000F4EEC47AF1EE10FA08D4B2EE044AF4EE9F
:10ECC000C47AF1EE10FAD8BFB0EE674A204BD3ED0C
:10ECD000012A78EE625AF9EE047AF4EEE75AF1EE80
:10ECE00010FA08D4F1EE047AF4EEE75AF1EE10FAD5
:10ECF000D8BFF0EE657AB0EE431AA6EE071A0F4AB7
:10ED000027EE267AA3EE853AA3EEE67A66EEC65A99
:10ED1000C1EE241AE6EE855A83EE240AC7EE240AD1
:10ED200085EEA41AB7EE005A18E000BF68AA0020CA
:10ED300080841E000AD7233C0000C8423CAA002061
:10ED400034AA00202CAA002058AA00204CAA002097
:10ED500044AA002020AA0020BD37863535EE613A4E
:10ED600020EEC67A35EE405A67EEA15A26EE036AC7
:10ED700063EE261AA1EE666A60EEE64AB0EE613AEC
:10ED8000A5EE267AF0EE656AA1EE633AE4EE016A3A
:10ED9000E3EE854A67EEA07A76EEA26AE4EE007AA8
:10EDA0001FED135AC3ED016A37EE037AF6EE005AEF
:10EDB00027EE257AB4EEE45A304BCDED006AF1EE41
:10EDC00010FAB4EEC65AC8BFF0EE454A77EE827A22
:10EDD00083ED017AF1EE10FA294BC2ED014AD8BF5A
:10EDE000B0EE465A83ED015A17EE900AC5ED017A4E
:10EDF000D9F76AFA32463B46D9F708F9DDED006AE1
:10EE0000C4E90201C4ED056A0BB0BDEC028BBDE89C
:10EE1000F08F1C4BCEF80410C3E900671A491B4A57
:10EE200081ED002AC3E90289194B81ED018A4FF077
:10EE3000000C1249C3F804C0C3F800C04FF07E5361
:10EE400053601360C4E900670D4AC1F804C0C4E907
:10EE50000289C1F800C00121CEF8000053601360A0
:10EE600084ED042A84ED058A21760BB0BDEC028B7B
:10EE7000BDE8F08FF0EE478AC8E500BF34AA002055
:10EE80002CAA002058AA002044AA00203CAA002056
:10EE90004CAA002010B51C4C2DED048BD4ED018A3A
:10EEA000B0EE680A02F06EFBB0EE408AB1EE680A7E
:10EEB00002F0A8FB94ED009AF0EE408AB0EE490A09
:10EEC00002F060FBF0EE409AB0EE490A02F09AFBC5
:10EED0000E4BD3ED017A93ED007A68EEE70AF0EE7F
:10EEE000406A93ED020AE0EE080A20EE280A60EE7E
:10EEF000A60AA7EE880AE7EE290A02F035FABDEC69
:10EF0000048BB1EE400A10BDE07C00207CBD0020E7
:10EF100030B583B000230F2120200093ADF80430DA
:10EF2000E2F74CFB244B0622187803216B46EDF7E1
:10EF3000CDFA00B3BDF80010BDF80230BDF80420D2
:10EF40001E4D49BA08B25BBA52BA10F5805F6B80A9
:10EF5000AA8029801BB212B22BD012F5805F18BF95
:10EF600013F5805F0CBF01230023154C627863F317
:10EF70008202627005E0124C104D637843F0040386
:10EF80006370637A0F49DA0656BF0F4B00221A7876
:10EF9000881EDBF713FE637ADB0608D50949AB88C8
:10EFA00031F8022C5B42524221F8022CAB8003B0B4
:10EFB00030BD0123D9E700BFF700002074BD002059
:10EFC0003C7D002076BD00209575030808B52F4BC9
:10EFD0001A79C2F38011520603D52D4A117829B946
:10EFE00008BD1A7A61F300021A7208BD2020E2F708
:10EFF0003BFB274A0028F3D000211170FFF788FF60
:10F000002449254AB1F90230D2F857029FED236A0C
:10F0100007EE903AB1F9043007EE103AB1F900303A
:10F02000D2F85B12D2F8532206EE903A05EE900A1F
:10F03000F8EEE77A05EE102A77EEA57AF8EEE66AA2
:10F0400005EE901AB8EEC77A76EE856A37EE257A25
:10F05000DFED135A134A144867EE867A27EE257AB5
:10F0600066EE866A82ED017AC2ED006AC2ED027A2E
:10F07000E2F744FA054B5A78197AC2F3800282F01B
:10F08000010262F30001197208BD00BF3C7D00203F
:10F09000F600002074BD0020B8810020CD0C9E44F5
:10F0A000662693447CBD002088AA002030B5684BBA
:10F0B000684C1878684D83B01521F5F7BBF82379B3
:10F0C00095F8202023F04003237122B195F82110F8
:10F0D000002900F09B8023795A06C3F3801106D4DF
:10F0E000237995F8902061F386132371A2B92379CF
:10F0F000C3F380125B0633D46378584843F00403AB
:10F100006370237A027062F3000355482372554BF3
:10F1100002701A7003B030BD95F891100029E6D145
:10F12000514B03220920EDF789FA3220E2F7DCF98E
:10F130004D2101220DF107038DF8071009200A2146
:10F14000EDF704F89DF80730484A482B1370CED1EC
:10F150002379474A092143F0400311702371C6E720
:10F160003220E2F7C1F9424B187805EB0015A97877
:10F17000002945D13F4B0422EDF760FA3C4D642055
:10F18000E2F7B2F928780021EDF794F8354B024602
:10F19000012128781A70EDF78DF8314B02460221D3
:10F1A00028781A70EDF786F82C4B1870FFF7B0FE30
:10F1B00000212020E2F702FA6420E2F795F92E4BB5
:10F1C00001221A70FFF702FFFFF764FE2B4A6379F2
:10F1D00092F84B222A49A2F10102B2FA82F25209B4
:10F1E00062F3410363716379627881ED000AC3F3CE
:10F1F000400383F0010363F38202627003B030BD09
:10F20000204B04220021EDF719FAB7E7164B032231
:10F210000220EDF713FA3220E2F766F94D210122C0
:10F220000DF107038DF8071002200A21ECF78EFF7D
:10F230009DF807300D4A482B13707FF44CAF2379AB
:10F240000B4A022143F040031170237143E700BFD2
:10F25000709000203C7D0020987503089CBD002024
:10F260009DBD00209EBD0020380200209FBD0020D3
:10F27000F700002034020020F6000020B8810020B2
:10F280008CBD0020300200202DE9F04F954C89B054
:10F2900083460220E6F764FC23795A0640F1E580B4
:10F2A000914B1B78002B00F0E080904FDFF86092CC
:10F2B000D7F85332C9F80030D7F85732C9F80430BC
:10F2C000D7F85B32C9F808306378894ADFF844829E
:10F2D000884E8948002565F3820363706379C7F817
:10F2E000535265F34103637197F84B32137029460B
:10F2F000FF234FF49652C7F85752C7F85B5287F86E
:10F300004B3206F0DBF9C8E90055C8E902553580F3
:10F31000E2F7E4F80F2100F56A4520206035E2F7B6
:10F320004DF908E0E2F7DAF83388B3F5C87F5DD825
:10F33000A84200F2A580DDF77BFB2020E2F794F9DC
:10F340000028EFD0FFF7E4FD6378C3F3800A5B0782
:10F35000E8D46A49B6F800E0B1F90030002B07EEB6
:10F36000903A0A46D4BF00230123B1F902105B0092
:10F370000029C8BF0133F8EEE76A07EE901AB2F928
:10F3800004105D4A5B000029C8BF0133B8EEE77A7C
:10F3900007EE901A38F813100EEB4E0CF8EEE77AE1
:10F3A00002EB8C0C3629CCED006A8CED017ACCEDA9
:10F3B000027A50460EF1010E01F1010C00F28C8030
:10F3C00028F813C04E4BA6F800E01878CDF80CA032
:10F3D000F5F74EFF0398E6F7D5FB0320E6F7C0FBF1
:10F3E000E2F77CF83388B3F5C87FA1D9A84247D8A3
:10F3F000E6F724FC0020E6F7B3FB0220E9F7A6FBC2
:10F40000DDF716FB04AB00939FED3E0A31883A48C6
:10F4100005ABC822DBF780FC3B4B049A188063786D
:10F42000C7F84F2223F004036370637943F00203AB
:10F430006371059BC7F853320125069BC7F8573205
:10F440002946079BC7F85B32082087F84B52E9F73B
:10F450005DFB2E4B1D70DDF7EBFAEBF797FD2A46AF
:10F4600034215846F4F738FF04E00022342158468E
:10F47000F4F732FF022009B0BDE8F04FE6F782BB97
:10F48000E6F7DCFB1A4B1B7887F84B32A3F101023D
:10F49000B2FA82F26379520962F341036371D9F8D7
:10F4A0000030D9F80420C7F853320120D9F80830C9
:10F4B000C7F85722C7F85B32E6F752FB0820E9F796
:10F4C00045FB584600223421F4F706FF022009B01C
:10F4D000BDE8F04FE6F756BBE6F742FB0320E6F740
:10F4E00051FB1FE73C7D0020AC8E0020B88100203E
:10F4F00090AA0020A2AA0020B4AA002074BD002077
:10F50000709000200AD7233CA0AA0020B0810020E0
:10F5100094AA0020A4AA00202DE9F04F2DED028B23
:10F52000694C85B00546A068D8F7CEFE0646E0686F
:10F530000F46D8F7C9FE824660688B46D8F7C4FEEE
:10F540003246804689463B4630463946D8F714FF56
:10F55000524606460F465B4650465946D8F70CFFC2
:10F5600002460B4630463946D8F750FD424606461D
:10F5700001F100474B4640464946D8F7FDFE02469A
:10F580000B4630463946D9F721F841EC100B01F013
:10F5900073FD51EC100BD9F7C7F9064607EE106A58
:10F5A000D4ED007A2860A06894ED008A67EE278A7F
:10F5B000D8F78AFE02460B46E068CDE90223D8F769
:10F5C00083FE824660688B46D8F77EFE9FED3C1B2B
:10F5D00041EC100B01F0E8FD30468DED000BD8F743
:10F5E00073FEDDE9022306460F4610461946D8F79A
:10F5F000C3FE5246804689465B4650465946D8F778
:10F60000BBFE02460B4640464946D8F7FFFC9DED3F
:10F61000000B53EC102BD8F7D9FF78EE087A804610
:10F6200017EE900A8946D8F74FFE02460B46404631
:10F630004946D8F7A1FE32463B46D8F79DFED9F79A
:10F6400073F968606068D8F73FFED4ED027A68EE1F
:10F65000277A02460B4617EE900ACDE90023D8F729
:10F6600033FEDDE900238046894610461946D8F767
:10F6700083FE02460B4640464946D8F7A7FF0022C4
:10F680004FF04043D8F778FE32463B46D8F774FE39
:10F69000D9F74AF9A86094ED037AD4ED026A07EE2F
:10F6A000900A67EE877AB0EE680A87EEA67A85ED53
:10F6B000037A05B0BDEC028BBDE8F08FAFF300809C
:10F6C0000000000000000840A0BD00202DE9F0412E
:10F6D0001746042206461D4608460C4B114600F00C
:10F6E00069FA30460A4B0122042100F063FA042231
:10F6F00011463846074B00F05DFA01222846064BBA
:10F70000BDE8F041114600F055BA00BFB0BD002081
:10F71000A0BD0020F0BD002030BE00202DE9F0414A
:10F72000364C2DED028B94ED027AD4ED037A9EB027
:10F7300037EE607A77EEC17A04F110060423009662
:10F740001A4684ED027AC4ED037A04F15001304682
:10F75000B0EE408A00F008FB02A8FFF7DDFE0125AD
:10F760000DF1180804230EAF1A4602A93046CDE960
:10F770000058F0EE408A00F093FA02A82A4641466B
:10F7800000950197042300F033FA94ED247ADDED1F
:10F790000E7A77EE877AB7EE000A80EE270A0AAB78
:10F7A0002A464046042100F02FFB3B462A460AA881
:10F7B000042138EE680A00F027FB009421462B460E
:10F7C00004243846042200F0CFFA2B4641460AA80A
:10F7D00022460197009400F063FA234622463946F8
:10F7E0003046009600F0E8FA2146304600F02EFB45
:10F7F0001EB0BDEC028BBDE8F08100BFA0BD0020B3
:10F8000008B52420E1F730FFF0B1114BDFED117A9C
:10F8100093ED007AB4EEE77AF1EE10FA15DD0E4AB8
:10F820000E4BD2ED007A93ED007AF4EEC77AF1EE4A
:10F8300010FA0ADB0A4B93ED007AF4EEC77AF1EE88
:10F8400010FA94BF0120002008BD002008BD00BFB1
:10F850003CBE00203333B33F041100203C020020A3
:10F86000400200200000000038B52320E1F7FCFE34
:10F87000002847D0284A294BD2ED007A93ED007A30
:10F88000F4EEC77AF1EE10FA3DDB254B93ED007AEA
:10F89000F4EEC77AF1EE10FA35D8224B1868D8F793
:10F8A00013FD214A1F4BD2ED006A93ED017AC6EE9B
:10F8B000877A04460D4667EEE77A17EE900AD8F786
:10F8C00003FD41EC100B01F0D7FB204653EC102B4D
:10F8D0002946D8F751FD0EA3D3E90023D8F794FBAE
:10F8E000D9F722F89FED117A114B07EE900AF4EE4A
:10F8F000C77AF1EE10FACCBF01200020C3ED007AE8
:10F9000080F0010038BD012038BD00BFAFF300809A
:10F91000000000606666E63F041100203C02002003
:10F9200040020020A0BD002034BE00203333B33F8E
:10F9300038BE002070B52DED028BDFF808C1344BC6
:10F94000344EDFED357AA6B00CF140040193BCE8EB
:10F950000F0006AD0FC5BCE80F000FC5BCE80F00D7
:10F960000FC59CE80F0085E80F000FCC0DF1580E75
:10F97000AEE80F000FCCAEE80F000FCCAEE80F00E2
:10F9800094E80F00D6ED008ACDED037AB0EE007A50
:10F99000B0EE680A8EE80F008DED027A01F0F2FDFC
:10F9A000B1EE048A60EE087AB0EE680ACDED047A12
:10F9B00001F028FE20EE080A01AB06AA16A902A84B
:10F9C0008DED050AFFF782FE144B154A1A601548A3
:10F9D000154B1649164A174C1A600460D1E900010C
:10F9E000D8F7A2FF144C154B2060D3E90001D8F7DB
:10F9F0009BFFA060E1F772FD114B41F28831186066
:10FA00002320E1F7DBFD26B0BDEC028B70BD00BF0B
:10FA1000285C4F3E88BD00200000164340020020B5
:10FA200000007A43440200203C020020901600208F
:10FA3000000048420000B44244BE0020C01B002029
:10FA400094BE0020EC5C03082DE9F0472DED028BFD
:10FA5000DFF80C913C4EDFF80CA13C4C3C4D84B0DF
:10FA6000E1F73CFD99ED007B804630688DED007B31
:10FA7000D8F72AFC02460B46DDE90001D8F7C4FAA4
:10FA8000D8F752FF08EE100AB068D8F71DFC09F548
:10FA9000A66702460B46D7E90001D8F7B5FAD8F7B2
:10FAA00043FFDAF8003063602B68236101EE100A2F
:10FAB0006B68A8686361EB6884ED031AE361C4F8BE
:10FAC000008084ED028AA0618DED031AD8F7FCFB5B
:10FAD000DDE90023D8F79AFA41EC100BFDF748FC5A
:10FAE0002062E868D8F7F0FBD7E90023D8F78EFA50
:10FAF000184BD3E91423D8F769FD41EC100BFDF73F
:10FB000037FC154B9DED031A1B689AED000AA362A2
:10FB1000F0EE480A0023E36223636062FFF7FEFD14
:10FB2000D9E90001D8F700FF03463360D7E90001A7
:10FB3000D8F7FAFE094BB060C3F8008004B0BDEC02
:10FB4000028BBDE8F08700BF44BE00205CBE0020F1
:10FB5000A0BD0020E8A800200411002094BE0020D1
:10FB60009016002040BE002009480A4ADFF83CC039
:10FB700009490A4BC0F800C01160094809490A4AFE
:10FB80001B68DFF82CC0C0F800C00B601360704722
:10FB9000440200204002002000007A43B47F00208D
:10FBA0003C0200203CBE002040BE00200000B442C9
:10FBB00000004842F0B5151E19DD00290E4616DD7D
:10FBC0001F46002134B204FB01FC04FB016E00EB74
:10FBD0008C0200EB8E0307EB8C0C52F804EB4CF814
:10FBE00004EB9342F9D1013109B28D42EBDCF0BD57
:10FBF0002DE9F04FB2F10008BDF92440DDF828A04E
:10FC00004ADD002C48DD9FED256A074689461E46E1
:10FC100001EB84004FF0000C14FB0CF10AEB8101A6
:10FC2000002EA1EC016A1EDD06FB0CF307EB830E30
:10FC3000334407EB8305CB46DFED187A5A4673460B
:10FC400092ED007AF3EC016AE6EE877A9D4202EBD0
:10FC5000840241ED017AF3D10BF1040B834515D0F9
:10FC6000A1EC016AE8E74A46131D98424FF00005EF
:10FC700002F108020AD082420D6007D0131D98429B
:10FC80004D6002F1080201F10801F4D10CF1010C00
:10FC90000FFA8CFCE045BFDCBDE8F08F00000000EF
:10FCA0002DE9F04F83B0B2F1000BBDF93070DDF8F3
:10FCB00034A04BDD002F49DD9FED2A6A80460E46B9
:10FCC0001D464FF0000C0FFA87F95A4609FB0CF15C
:10FCD00009FB0C7E0AEB8101002DA1EC016A0AEB05
:10FCE0008E0ED8BF00201FDD05FB0CFB0BEB0500C3
:10FCF00008EB800008EB8B0B0024CDF804C0DFED8F
:10FD0000197A06EB840C5B46F3EC016ABCEC017AD1
:10FD1000E6EE877A984241ED017AF5D1714518D027
:10FD20002C44A1EC016AEAE771450B4608D043F880
:10FD3000040B9E4504D04860083171450B46F6D14E
:10FD40000CF1010C0FFA8CFC6245BFDC03B0BDE87E
:10FD5000F08FDDF804C00CF1010C0FFA8CFC624549
:10FD6000B4DCF3E7000000002DE9F041161E069D0B
:10FD70001FDD002B98461CDD0F461CB2002104FB42
:10FD800001FC04FB018300EB8C0207EB8C0E00EB03
:10FD9000830305EB8C0CF2EC017ABEEC017A77EE72
:10FDA000877A9342ECEC017AF5D1013109B28E42A7
:10FDB000E5DCBDE8F08100BF2DE9F041161E069D8F
:10FDC0001FDD002B98461CDD0F461CB2002104FBF2
:10FDD00001FC04FB018300EB8C0207EB8C0E00EBB3
:10FDE000830305EB8C0CF2EC017ABEEC017A77EE22
:10FDF000C77A9342ECEC017AF5D1013109B28E4217
:10FE0000E5DCBDE8F08100BF9C460B1E1DDD002A2D
:10FE10001BDD30B50446002560468646A446002119
:10FE2000DCED007A013167EE807A8A42CEED007A0D
:10FE30000CEB820C0EEB830EF2D10135AB4204F1D8
:10FE4000040400F10400E8D130BD704770B50C1E09
:10FE50002ADD4FF0000EF6EE006ABEF1010F1DDD47
:10FE600000230EF1FF3614FB0EF51A46A91802FB0B
:10FE700004E200EB820C00EB8101D1ED007A9CEDF5
:10FE8000007A77EE877A013367EEA67A1BB2B34227
:10FE9000C1ED007A1A46CCED007AE7DB0EF1010ED7
:10FEA0000FFA8EFE7445D8DC70BD00BF08B5174B45
:10FEB000984206D0164B98420FD0164B984218D055
:10FEC00008BD01214FF4001001F062F8BDE80840C0
:10FED00000214FF4001001F05BB801214FF48000C5
:10FEE00001F056F8BDE8084000214FF4800001F011
:10FEF0004FB801214FF4000001F04AF8BDE8084076
:10FF000000214FF4000001F043B800BF005400404E
:10FF100000580040005C004030B5044687B002A89D
:10FF2000A588019100F0BAFF04982E4B0199DFF8E3
:10FF3000BCC0A3FB002325F03F059B0C1D43A580FF
:10FF4000228822F0010222800A6862451DD85200F0
:10FF5000B0FBF2F292B20133042A38BF04222384A8
:10FF6000A283238888884A8943F001032380238859
:10FF7000104323F481638A89098923F002030A4329
:10FF800003432380228107B030BDB1F806C04BF691
:10FF9000FF75AC4520D002EB820202EB8202B0FB7F
:10FFA000F2F040F4804082B203EB83030E48C3EBCF
:10FFB00003139B00A0FB03039B090133238442F03E
:10FFC0000103C2F30B059BB2002D08BF1A466FEA6E
:10FFD00042426FEA5242C3E702EB4202B0FBF2F246
:10FFE00092B2E1E783DE1B43D34D6210A08601008D
:10FFF000054941F2883C00224FF48043C0E900C12A
:020000040803EF
:1000000082608381704700BF0000FFBF038819B181
:1000100043F001030380704723F00103038070471E
:10002000038819B143F480730380704723F480730D
:1000300003807047038819B143F40073038070474D
:1000400023F40073038070471AB141F0010101826B
:10005000704701F0FE010182704700BF038819B1AB
:1000600043F480630380704723F480630380704708
:1000700001827047008AC0B2704700BF838812B106
:1000800019438180704723EA01038380704700BFD2
:10009000044B1A69002A03DA0349044A59605A607A
:1000A000704700BF003C024023016745AB89EFCD9C
:1000B000024A136943F0004313617047003C024059
:1000C000014BD860704700BF003C024082B008225C
:1000D000224B8DF80720DA68D20316D4DA68D006EE
:1000E00038D4DA6812F0EF0F36D1DB6813F0020F64
:1000F0000CBF082307238DF807309DF80730012B2C
:100100000AD09DF8070002B0704701238DF8073030
:100110009DF80730012BF4D1104A0FE0D36813F09B
:10012000EF0F15D1D36813F0020F0CBF082307237C
:100130008DF807309DF80730012BE2D1D168C90353
:100140004FF00103F4D4D368DB06E7D50523EFE7CE
:100150000623EDE70523D9E70623D7E7003C024055
:1001600038B5022994BF0C024FF440740546FFF7DE
:10017000ADFF082800D038BD104B1A6922F4407238
:100180001A611A6922431A611A6922F0F8021A6187
:100190001869284340F0020018611A6942F480325D
:1001A0001A61FFF793FF054B1A6922F002021A61E8
:1001B0001A6922F0F8021A6138BD00BF003C024003
:1001C00038B504460D46FFF781FF082800D038BD3A
:1001D0000A4B1A6922F440721A611A6942F40072D9
:1001E0001A611A6942F001021A612560FFF76EFF79
:1001F000024B1A6922F001021A6138BD003C02402C
:1002000000B5DFF894E00A88038870458C46496899
:100210001BD0DFF888E0704517D0B0F1804F29D0AF
:10022000DFF87CE0704525D00EF5806E704521D05A
:10023000DFF870E070451DD0DFF86CE0704525D028
:10024000DFF868E0704521D01AE0BCF802E023F046
:10025000700343EA0E03BCF808E023F4407343EA5A
:100260000E030380C16202859CF80A3003860123D5
:10027000838200BDBCF802E023F0700343EA0E0362
:10028000BCF808C023F4407343EA0C030380012345
:10029000C1620285838200BD00000140000401406C
:1002A00000040040000C004000100040001400401A
:1002B00000234FF0FF324260038103608372704776
:1002C000038819B143F001030380704723F0010351
:1002D00003807047038C23F0010310B50384038C63
:1002E0004C88B1F80CE08288B0F818C04EEA040ED1
:1002F00023F00203134C43EA0E03B1F800E02CF0A4
:10030000730CA0424CEA0E0C0AD004F58064A042A3
:1003100006D089688280A0F818C04163038410BDAC
:10032000CC89B1F810E023F0080323434C8A4EEA4D
:10033000040E8C8822F4407223F0040342EA0E0279
:100340002343E6E700000140038C23F0100310B5BF
:100350000384038C4C88B1F80CE08288B0F818C094
:100360004EEA040E23F02003144C43EA0E13B1F8B6
:1003700000E02CF4E64CA0424CEA0E2C0AD004F526
:100380008064A04206D089688280A0F818C081638A
:10039000038410BDCC89B1F810E023F0800343EA58
:1003A00004134C8A4EEA040E8C8822F4406223F037
:1003B000400342EA8E0243EA0413E4E700000140EE
:1003C000038C23F4807310B50384038C4C88B1F83C
:1003D0000CE08288B0F81CC04EEA040E23F40073CF
:1003E000144C43EA0E23B1F800E02CF0730CA04249
:1003F0004CEA0E0C0AD004F58064A04206D089684D
:100400008280A0F81CC0C163038410BDCC89B1F800
:1004100010E023F4006343EA04234C8A4EEA040EFE
:100420008C8822F4405223F4806342EA0E1243EA9D
:100430000423E4E700000140038C23F4805310B54B
:100440000384028C4C88B1F80CE08388B0F81CC09F
:100450004EEA040E22F400520D4C42EA0E32B1F87C
:1004600000E02CF4E64CA0424CEA0E2C0AD004F535
:100470008064A04206D089688380A0F81CC0016413
:10048000028410BD0C8A23F4804343EA8413F2E70C
:10049000000001400023C0E9023303608380036150
:1004A000704700BF038B23F008030B43038370479F
:1004B000038B23F4006343EA01230383704700BFE7
:1004C000838B23F008030B4383837047838B23F4D0
:1004D000006343EA01238383704700BF0A88B1F8B1
:1004E00002C00B8900B5B1F804E0C988DAB9028C02
:1004F00022F001020284028B22F0F3024EEA020291
:1005000042EA0312038C028323F00A034CEA03033A
:1005100043F001030384038B23F00C030383038B59
:100520000B43038300BD042A24D0082A43D0028C45
:1005300022F4805202841B0343EA0E23B0F81CE02D
:10054000028C22F400525204520C42EA0C3240F661
:10055000FF4C0EEA0C0C4CEA030342F480528383F6
:100560000284838B23F440638383838B43EA0123D8
:10057000838300BD4FEA0E2E4EEA033E038C23F028
:1005800010030384028B038C23F0A00343EA0C13B3
:1005900040F6FF4C02EA0C0243F0100342EA0E025E
:1005A00002830384038B23F440630383038B43EAB6
:1005B0000123038300BD028C22F480720284828BAB
:1005C00022F0F3024EEA020242EA0312038C828313
:1005D00023F4206343EA0C2343F480730384838B66
:1005E00023F00C038383838B0B43838300BD00BF05
:1005F000002301220360426003817047406B704713
:10060000806B7047C06B7047006C7047B0F8443027
:1006100031B16FEA43436FEA5343A0F84430704767
:10062000C3F30E03A0F84430704700BF838912B1B2
:1006300019438181704723EA01038381704700BF1A
:10064000038A8289114214BF01200020194200F060
:10065000010008BF00207047C9430182704700BFF6
:10066000014B5861704700BF003C014000222DE95A
:10067000F04713460E680C460125032704E00133BA
:10068000102B02F1020241D005FA03FC3CEA0601FC
:10069000F5D1016807FA02F921EA0901016094F82D
:1006A00004E0D0F800A00EFA02F10EF1FF3E41EA9C
:1006B0000A01BEF1010FC846016016D8816821EA1F
:1006C000090181606179D0F808E0914041EA0E01AA
:1006D0008160416821EA0C014160A179D0F804C031
:1006E000994089B241EA0C014160C16821EA0801E0
:1006F000C16094F807C0C1680CFA02FC01334CEAEF
:100700000101102BC16002F10202BDD1BDE8F087EA
:100710004FF6FF720023C0E90023704703691942B6
:1007200014BF012000207047018370474183704748
:10073000CB0800EB830001F00701036A89004FF04A
:100740000F0C0CFA01FC23EA0C030362036A8A40D3
:100750001A430262704700BF82B0064B002201922A
:100760000193019B03EB80030193019B196002B08D
:10077000704700BF5028004082B0064B0022019213
:100780000193019B03EB80030193019B186802B066
:10079000704700BF5028004002683349002322F010
:1007A00001024FF0210C88420260036043608360C5
:1007B000C3600361C0F814C032D02C4B98422AD0D9
:1007C0002B4B984234D02B4B984236D02A4B984230
:1007D0002AD02A4B984235D0294B98423AD0294BFF
:1007E00098423BD0284B984230D0284B984212D0A8
:1007F000274B98421CD0274B98421ED0264B98423C
:1008000012D0264B98421DD0254B984222D0254B22
:10081000984223D070474FF4746243F8202C7047FD
:10082000214B3D229A607047204A43F8642C704760
:100830004FF4741243F8382C70474FF0746243F849
:10084000502C70471A4A43F87C2C70473D2243F8DD
:10085000082C7047174A43F8942C70474FF03D52CC
:1008600043F8AC2CD6E700BF10600240286002407D
:100870004060024058600240706002408860024060
:10088000A0600240B8600240106402402864024048
:100890004064024058640240706402408864024030
:1008A000A0640240B8640240006002403D000020A5
:1008B000400F002000003D2010B50B68CC684A694D
:1008C000D0F800E0DFF850C023431343D1E90642DB
:1008D00023431343D1E9084223438C6A13434A6BF1
:1008E000234313438A6B0EEA0C0C134343EA0C03B5
:1008F000CA6A03604369D1F810E023F0070C0B6B60
:10090000134343EA0C034361D1E90123C0F804E037
:100910008260C36010BD00BF3F801CF00023C0E9AF
:100920000033C0E90233C0E90433C0E90633C0E94B
:100930000833C0E90A33C0E90C338363704700BF52
:10094000036819B143F001030360704723F001030A
:100950000360704741607047406880B2704700BFD5
:10096000006800F0010070470B060CD543699AB18E
:1009700043F08003802943610DD0036801F01E011C
:10098000194301607047002AF7D1036801F01E0186
:1009900023EA01030360704723F080038029436149
:1009A000F3D17047064B984294BF064A064A21F09D
:1009B000F02323F0821389004CBFD360936070470B
:1009C0000F6402400060024000640240034B40F0AC
:1009D000BF6040F40030D860704700BF00ED00E019
:1009E00010B50378C178012203F01F0C4FEA531EA3
:1009F00002FA0CF2D1B110494478C9686FEA010CCF
:100A0000CCF3022C8178CCF10400C0B204FA00F0DF
:100A10000F2444FA0CFC01EA0C010143074803448B
:100A2000090183F8001340F82E2010BD034B0EF18E
:100A3000200E43F82E2010BD00ED00E000E100E0A4
:100A4000014B1860704700BF00300040014B5860F8
:100A5000704700BF00300040014B9860704700BFF6
:100A600000300040024B4AF6AA221A60704700BFCD
:100A700000300040024B4CF6CC421A60704700BF79
:100A80000030004010B5028ACB8822F44052134354
:100A900086B0038282898B880191044608890343CA
:100AA000488922F4B05222F00C0203431343A3817D
:100AB000A28A8B8922F440721343A38202A800F019
:100AC000EDF91C4B01999C4205D003F580639C42D3
:100AD00001D0049B00E0059BA0890A680104164927
:100AE000A08903EB83034CBF5200920003EB830306
:100AF000B3FBF2F3A1FB03E24FF0640C52090004D4
:100B00000CFB12330AD41B013233A1FB0313C3F3D2
:100B1000431343EA0212228106B010BDDB003233D8
:100B2000A1FB0313C3F3421343EA0212228106B06E
:100B300010BD00BF001001401F85EB5100234FF492
:100B400016514FF44022C0E9001382608381704740
:100B5000838919B143F400538381704723F4005310
:100B600083817047C1F30801818070478088C0F39A
:100B700008007047838A12B119438182704723EAC3
:100B800001038382704700BF01F01F0CC1F34211C3
:100B90000123012903FA0CF30DD002290CBF1030F8
:100BA00014301AB10268134303607047026822EAE6
:100BB0000303036070470C30F3E700BFC1F3421238
:100BC00001F01F0C0123012A03FA0CF313D0022AAF
:100BD0000CBF028A828A92B21A400388090A012055
:100BE00000FA01F19BB20B40002A18BF002B14BF82
:100BF000012000207047828992B21A40EDE700BFC1
:100C0000014B1862704700BF00000E42436891F824
:100C100004C00A6823F0407323F4807343EA0C2372
:100C200013434360D1E9032313438A68D0F808C013
:100C30001343094A0CEA020291F805C0134343EA40
:100C40004C0383600A7DC36A013A23F47003D2B275
:100C500043EA0253C3627047FDF7FFC0002301223D
:100C6000C0E902330360838003610275704700BFEF
:100C70004268036807491343D1F804C0064A0CEAE6
:100C80000202D0E902C0134343EA0C0303434B6062
:100C9000704700BF00230140E030FCFF0023C0E9A3
:100CA0000033C0E902337047836819B143F0010390
:100CB0008360704723F0010383607047092910B5F2
:100CC00031D9A1F10A0CC4680CEB4C0C4FF0070EA3
:100CD00003FA0CF30EFA0CFC24EA0C0E43EA0E03A2
:100CE000C360062A0ED8013A436B02EB82024FF032
:100CF0001F0C0CFA02FC23EA0C0301FA02F21A435D
:100D0000426310BD0C2A1DD8073A036B02EB820226
:100D10004FF01F0C0CFA02FC23EA0C0301FA02F25A
:100D20001A43026310BD01EB410C04694FF0070E3A
:100D30000EFA0CFE03FA0CF324EA0E0C43EA0C0341
:100D40000361CEE70D3AC36A02EB82024FF01F0C3B
:100D50000CFA02FC23EA0C0391401943C16210BD56
:100D6000836843F080438360704700BF836819B194
:100D700043F480738360704723F48073836070470B
:100D8000836819B143F400738360704723F40073E0
:100D90008360704708B5174B984206D0164B9842AF
:100DA0000FD0164B984218D008BD01214FF4805047
:100DB00000F0FAF8BDE8084000214FF4805000F040
:100DC000F3B801214FF4804000F0E2F8BDE808409C
:100DD00000214FF4804000F0DBB801214FF40040C7
:100DE00000F0D6F8BDE8084000214FF4004000F0C4
:100DF000CFB800BF0030014000380040003C004048
:100E0000B1F802C00B888A8843EA0C03B1F806C027
:100E100013430A8900B543EA0C03B1F80AE0B1F8BC
:100E20000CC0134343EA0E03028843EA0C03B1F8F3
:100E30000EC002F4415243EA0C0313430380838B38
:100E40000A8A23F400638383028200BD0023072201
:100E5000036043608360C36002827047038819B1F6
:100E600043F040030380704723F040030380704742
:100E7000808980B2704700BF81817047038819B1B3
:100E800043F400530380704723F4005303807047FA
:100E90000389194214BF012000207047204A93683B
:100EA00003F00C03042B38D0082B1DD01D4B1C4A1B
:100EB0000360D2F808C01C49CCF3031C11F80CC025
:100EC00023FA0CF34360D2F808C0CCF3822C11F85B
:100ED0000CC023FA0CFCC0F808C09268C2F342327E
:100EE0008A5CD340C36070475368516813F4800F25
:100EF000536814BF0D4A0B4AC3F3881301F03F0136
:100F0000B2FBF1F202FB03F3054A5268C2F301425D
:100F100001325200B3FBF2F3C9E7044BC7E700BF4D
:100F2000003802400024F400588A030800127A00B6
:100F3000044A136B11B103431363704723EA0003A0
:100F40001363704700380240044A536B11B10343E6
:100F50005363704723EA000353637047003802402D
:100F6000044A136C11B103431364704723EA00036E
:100F70001364704700380240044A536C11B10343B4
:100F80005364704723EA00035364704700380240FB
:100F9000044A136A11B103431362704723EA000342
:100FA0001362704700380240044A536A11B1034388
:100FB0005362704723EA00035362704700380240CF
:100FC0004309012B0BD0022B094B0CBF1B6F5B6F2E
:100FD00000F01F0023FA00F000F001007047044BFE
:100FE0001B6800F01F0023FA00F000F001007047BA
:100FF00000380240024A536F43F0807353677047D2
:101000000038024012481349026800608A4219D031
:10101000002103E0104B5B58435004310F48104B44
:1010200042189A42F6D30F4A02E0002342F8043BEA
:101030000D4B9A42F9D3F2F7E1FC04F089FBE7F794
:10104000F1FFFEE70948D0F800D0406800470000F3
:10105000FCFF0120EFBEADDE689003080000002019
:10106000BC040020C004002068C100200000FF1F55
:10107000FEE7000000F094BC08B52DED048BB0EE47
:10108000409AF0EE609A00F06FFDB0EE408AF0EE0C
:10109000608AB0EE490AF0EE690A00F015FB78B1FB
:1010A00019A3D3E9002351EC190BD7F7F5FB70B95D
:1010B00017A3D3E9002351EC190BD7F7CFFB98B94D
:1010C000B0EE480AF0EE680ABDEC048B08BD9FED57
:1010D0000A8B04F037FBB0EE480AF0EE680ABDEC6C
:1010E000048B2223036008BD04F02CFB22239FED18
:1010F000048B0360E4E700BF000000000000F07F05
:101100000000000000000000EF39FAFE422E864089
:1011100051302DD5104987C038B52DED028B55ECD7
:10112000104B00F0F5FE22462B4620462946B0EE35
:10113000408AF0EE608AD7F7B9FBB8B900220023E5
:1011400020462946D7F7A8FB80B900220023204675
:101150002946D7F779FB80B104F0F4FA9FED0E7BB6
:1011600022230360B0EE478AF0EE678AB0EE480AA9
:10117000F0EE680ABDEC028B38BD04F0E3FABDEC7A
:10118000028B034621221A600548BDE8384000F072
:10119000A7BA00BFAFF30080000000000000F0FF1E
:1011A000846103080000000038B52DED048BB0EE1B
:1011B000409AF0EE609A55EC114B01F0ADF82246E2
:1011C0002B4620462946B0EE408AF0EE608AD7F7DB
:1011D0006DFB78B951EC190B00220023D7F734FBD3
:1011E000F0B10022002320462946D7F72DFB40B15D
:1011F0009FED2B8BB0EE480AF0EE680ABDEC048B35
:1012000038BD45EC104B00F05FFA0028F2D0002208
:10121000002320462946D7F721FB0028EAD032E0F8
:10122000B0EE480AF0EE680A00F04EFAB0B151ECA8
:10123000180B00220023D7F707FB0028DAD0B0EE06
:10124000490AF0EE690A00F03FFA0028D2D045ECD6
:10125000104B00F039FA0028CCD014E0B0EE490A67
:10126000F0EE690A00F030FA0028E0D045EC104BAF
:1012700000F02AFA0028DAD053EC182B51EC180BA6
:10128000D7F714FB20B904F05DFA22230360B1E71D
:1012900004F058FA21230360ACE700BFAFF30080ED
:1012A000000000000000F03F38B52DED028B55EC3A
:1012B000104B00F02DFA22462B4620462946B0EE70
:1012C000408AF0EE608AD7F7F1FA30B900220023A5
:1012D00020462946D7F7C2FA30B9B0EE480AF0EEF8
:1012E000680ABDEC028B38BD04F02CFA0022002302
:1012F0002121016010461946D7F768F941EC180B17
:10130000B0EE480AF0EE680ABDEC028B38BD00BFB3
:1013100008B52DED028BB0EE408A02F09FF9B4EED5
:10132000488AF1EE10FAF0EE408A0AD6B0EE480A8A
:1013300000F060F9F7EE007AB4EEE70AF1EE10FA89
:1013400004DCB0EE680ABDEC028B08BD04F0FAF9CB
:10135000BDEC028B034621221A600248BDE808401A
:1013600000F0D0B98461030802F082BA08B52DED0F
:10137000028BF0EE408A02F01DFBB0EE408AB0EE28
:10138000680A00F0B5F968B1DFED127AF4EEE78A89
:10139000F1EE10FA0BDCDFED107AF4EEE78AF1EEF5
:1013A00010FA0FD4B0EE480ABDEC028B08BD9FEDD9
:1013B0000B8A04F0C7F9B0EE480ABDEC028B222379
:1013C000036008BD04F0BEF922239FED058A036087
:1013D000E8E700BF1772B142B5F1CFC20000807FCD
:1013E0000000000008B52DED028BB0EE408A02F03F
:1013F000D5FBB4EE488AF1EE10FA0FD6B5EEC08AEE
:10140000F1EE10FA0ADCB5EE408AF1EE10FA08D1DE
:1014100004F098F922239FED090A0360BDEC028BCA
:1014200008BD04F08FF9BDEC028B034621221A603F
:101430000348BDE8084000F065B900BF000080FF28
:101440008461030800B52DED028B83B0B0EE608A95
:10145000F0EE408A02F09CFCB4EE488AF1EE10FAFD
:10146000F0EE407A0BD6F5EE408AF1EE10FA1CD180
:10147000B5EE408AF1EE10FA07D1F7EE007AB0EE41
:10148000670A03B0BDEC028B00BD8DED010AB0EE22
:10149000480A00F02DF9DDED017A0028EFD0B5EE15
:1014A000C08AF1EE10FAEAD536E08DED010A00F0BF
:1014B0001FF9DDED017AB8B1F5EE407AF1EE10FAE0
:1014C000DDD1B0EE680ACDED017A00F011F9DDED65
:1014D000017A0028D3D0B0EE480A00F009F9DDED1A
:1014E000017A0028CBD017E0B0EE680A00F000F9CE
:1014F000DDED017A0028DFD0B0EE480A00F0F8F800
:10150000DDED017A0028D7D0F4EE677AF1EE10FA1B
:1015100078BFCDED017A06D604F014F92223DDED73
:10152000017A0360ABE704F00DF92123DDED017AC8
:101530000360A4E700B52DED028BB0EE408A83B0C6
:1015400000F0DEF9B4EE488AF1EE10FA06D6DFEDCF
:101550000C7AB4EEE78AF1EE10FA03D403B0BDECD6
:10156000028B00BDCDED017A04F0ECF8DDED017ADF
:1015700087EEA70A2123036003B0BDEC028B00BDF8
:101580000000000010EE103A184A23F00043934286
:1015900019D9B3F1FF4F02D330EE400A704700B5BE
:1015A00083B0684602F07EFF00F0030001289DED45
:1015B000000ADDED010A0FD0022808D088B901F039
:1015C000A9FE03B000BDDFED0A0A01F0A3BE01F0E1
:1015D000A1FEB1EE400AF4E701F01EFFB1EE400AB1
:1015E000EFE7012001F018FFEBE700BFD80F493FFC
:1015F0000000000010EE103A23F0004300EE103A15
:10160000704700BF10EE103A194A23F0004393428E
:101610001AD9B3F1FF4F02D330EE400A704700B53C
:1016200083B0684602F03EFF00F0030001289DED04
:10163000000ADDED010A12D002280AD090B901207B
:1016400001F0EAFE03B000BDDFED0A0A002001F060
:10165000E3BE012001F0E0FEB1EE400AF2E701F046
:1016600059FEEFE701F056FEB1EE400AEAE700BF8F
:10167000D80F493F0000000010EE103A104A23F046
:101680000043934217D9B3F1FF4F02D330EE400A23
:10169000704700B583B0684602F004FF400000F0D8
:1016A0000200DDED010A9DED000AC0F1010001F02C
:1016B000FBFE03B000BDDFED030A012001F0F4BE24
:1016C000DA0F493F0000000082B08DED000B019859
:1016D00040F0004000F58010C00F02B0704700BF1E
:1016E0009FED010B704700BF000000000000F87F75
:1016F00010EE103A23F00040B0F1FF4F2CBF002055
:10170000012070479FED010A704700BF0000C07FB5
:101710002DE9F84F55EC104B764BAB4300F0AF8002
:10172000002D29462A46234655DD2C1562D0C2F3EA
:101730001302E007A4F2FF3142F4801203D45200F6
:1017400002EBD3725B00520000264FEA610902EB04
:10175000D37216245B00B4464FF400110CEB010069
:1017600090424FEAD3754FEA430303DC00EB010CD0
:10177000121A0E44013C05EB42024FEA5101EDD131
:10178000274620254FF000400AE042D0510001EBEF
:10179000D371013D0A464FEA43034FEA500044D05B
:1017A000624500EB070EF0DDBEF1000F0EEB000707
:1017B0000CDBE046A2EB0C019E4588BF01F1FF3136
:1017C0004900C446A3EB0E030444E0E7002FF0DB1E
:1017D0000CF10108EEE725F00040204347D0002D32
:1017E00074D1D90A153A5B050029FAD0CE02144605
:1017F0007CD40A4600215200D502084601F10101BD
:10180000F9D5C1F1200523FA05F52A438B40241AA6
:101810008DE79E4502D94FEA4C01B8E7BEF1000FB3
:101820000EEB000725DB0021CCE7194313D0324F24
:10183000DFF8C880D7E90001D8E9002397ED007BE5
:101840005BEC17ABD6F7E0FB02460B465046594619
:10185000D7F70EF808BB6508711001F17F5101F54B
:10186000001101EB095345EAC67243EC102BBDE8A9
:10187000F88F002FD7DB0CF1010C0021A2E72246E4
:101880002B4620462946D6F777FD22462B46D6F72B
:10189000BDFB41EC100BBDE8F88FB4F1FF3FD7E979
:1018A0000001D8E900231DD0D6F7B0FBD7E90078B6
:1018B00002460B4638464146D6F7D0FFA0B1A31CDE
:1018C00004F1020508BF01366D08C5E722462B4624
:1018D0002046D6F799FB02460B46D6F777FE41EC39
:1018E000100BC4E70136B7E70134B4E74FF0FF301F
:1018F0000A468CE70000F07F708A0308688A0308B4
:10190000B1EEC00A704700BF10EE101AC1F3C75203
:101910007F3A162A21F000431BDC002A1FDB1B48FC
:101920001041014224D0DFED1A7A70EE277AF5EEED
:10193000C07AF1EE10FA1BDD4FF4000313410B44A3
:1019400013EA210338BF0B4623EA000300EE103AE6
:101950007047B3F1FF4F0BD330EE000A7047DFED55
:101960000C7A70EE277AF5EEC07AF1EE10FA00DC10
:101970007047002902DB9FED070A704713B99FEDFE
:10198000060A7047BFEE000AF2E700BFFFFF7F00C4
:10199000CAF2497100000000000000800000000051
:1019A0002DE9F04B5CEC11BBCBF10003DFF8B0E1AB
:1019B00043EA0B032CF0004551EC100B45EAD373BE
:1019C00073450746884644D87B4206463B43084653
:1019D00021F0004141EAD37373453AD80CF14043FA
:1019E00003F5801353EA0B03644643D0A31703F0B7
:1019F000020343EAD8730E43994634D05BEA0502EA
:101A00003CD075454BD0714538D04B1BB3F1747F3A
:101A10004FEA235240DA002C4DDA3C324BDA9FED8C
:101A2000400BB9F1010F64D0B9F1020F50D0B9F1F8
:101A3000000F16D051EC100B43A3D3E90023D6F7C7
:101A4000E3FA3DA3D3E90023D6F7DEFA41EC100B0D
:101A500007E03A46434658466146D6F7D7FA41EC86
:101A6000100BBDE8F08B022B10D0032B0BD048ECF1
:101A7000107BF6E7BDE8F04B01F09EBA002808DBCA
:101A80009FED290BEDE79FED2A0BEAE79FED2A0B6F
:101A9000E7E79FED2B0BE4E79FED230BC1E7A9429E
:101AA00003F1FF332ED0022B34D82B4A02EBC303B1
:101AB00093ED000BD5E75A46634638464146D6F7C4
:101AC00085FD41EC100B01F01BFC01F075FAA8E755
:101AD0001DA3D3E9002351EC100BD6F795FA02466B
:101AE0000B4615A1D1E90001D6F78EFA41EC100B97
:101AF000B7E710EE901A53EC102B01F1004343ECC2
:101B0000102BAEE7022B08D8144A02EBC30393ED67
:101B1000000BA6E79FED020BA3E79FED0D0BA0E7DF
:101B20000000000000000000182D4454FB21F93F84
:101B3000182D4454FB2109C0182D4454FB210940A1
:101B4000182D4454FB21F9BF075C143326A6A13C91
:101B5000182D4454FB21E93F788A0308908A030832
:101B60000000F07F000000002DE9F04755EC104B1D
:101B7000D34925F000428A4286B04FEAD5760CD987
:101B8000D0498A4270D9C5F31303234340F05481EE
:101B9000002E66D09FEDB20B63E0CB4B9A4200F271
:101BA0001A81CA4B9A4240F2308122462B46204687
:101BB0002946D6F7E1FBACA3D3E9002306460F463E
:101BC000D6F7DAFBAAA3D3E90023D6F71DFA3246EB
:101BD0003B46D6F7D1FBA8A3D3E90023D6F716FAE4
:101BE00032463B46D6F7C8FBA5A3D3E90023D6F778
:101BF0000BFA32463B46D6F7BFFBA3A3D3E900233B
:101C0000D6F704FA32463B46D6F7B6FB02460B46F9
:101C100020462946D6F7F8F9CDE90201DDE9028927
:101C2000204642464B462946D6F7A6FB00220646EA
:101C30000F464FF0804340464946D6F7E5F9024645
:101C40000B4630463946D6F7C1FC22462B46D6F71E
:101C5000DBF902460B4600209D49D6F7D5F941EC49
:101C6000100B06B0BDE8F08789A3D3E90023204616
:101C70002946D6F711FE0746002840F0E88086A3E3
:101C8000D3E9002320462946D6F7E8FD002840F096
:101C90003781904B204603EBC606294680A3D3E943
:101CA0000023D6F769FBD6E90023D6F7AFF9D6F7BC
:101CB00013FE0646D6F7F6FA7BA3D3E900230746C0
:101CC0008846D6F759FB02460B4620462946D6F7EA
:101CD0009BF902460B463846414691469A4674A304
:101CE000D3E90023D6F748FBCDE90001DDE9002365
:101CF00048465146D6F788F902460B4604460D463B
:101D0000D6F73AFB58A3D3E9002307468846D6F70F
:101D100033FB57A3D3E90023D6F776F93A46434677
:101D2000D6F72AFB54A3D3E90023D6F76FF93A4636
:101D30004346D6F721FB52A3D3E90023D6F764F933
:101D40003A464346D6F718FB4FA3D3E90023D6F70C
:101D50005DF93A464346D6F70FFB02460B4620464E
:101D60002946D6F751F907468846204629463A467D
:101D70004346CDE90278D6F7FFFACDE90401002EFB
:101D80003FF44CAF3A46434600204FF08041D6F72F
:101D90003BF902460B46DDE90401D6F717FC024683
:101DA0000B46DDE90001D6F72FF94A465346D6F730
:101DB0002BF90B46024646490020D6F725F96FF469
:101DC0007F739E42C0F28E8001EB065141EC100BF6
:101DD00006B0BDE8F087404B9A423FF65AAF3F4B02
:101DE00003EBC603D3E9002320462946D6F70CF9B6
:101DF0003B4B03EBC60393ED007B86F001038DEDB7
:101E0000007B81468A469E1B70E72BA3D3E9002303
:101E100020462946D6F7FAF82D4B0022D6F73CFD8E
:101E200000283FF4C2AE2A4B002220462946D6F7AE
:101E3000EDF841EC100B14E722462B4620462946CC
:101E4000D6F7E4F841EC100B06B0BDE8F0870020AF
:101E500006B0BDE8F04702F0FBBD00BFAFF3008065
:101E60000000000000000000D0A4BE726937663E8A
:101E7000F16BD2C541BDBB3E2CDE25AF6A56113F8A
:101E800093BDBE166CC1663F3E5555555555C53F71
:101E9000EF39FAFE422E864051302DD5104987C0C9
:101EA000FE822B654715F73F0000E0FE422EE63F1D
:101EB000763C7935EF39EA3D9C7500883CE4377E05
:101EC000412E8640FFFFEF7F422ED63FFFFFEF3DC2
:101ED0000000F03FC88A0308B1A2F03FB88A0308A7
:101EE000A88A030806F57A7301EB035100224FF02C
:101EF000B873D6F741FA41EC100B06B0BDE8F08795
:101F0000384606B0BDE8F04702F09ABD0000000078
:101F10002DE9F04F51EC100BB1F5801F87B00C4646
:101F200080F2838021F00043034300F029810029DF
:101F3000C0F2BC81D84B0022D6F71EFAD74B0C4614
:101F40009C426FF0350C75DC2215C4F3130404F5C4
:101F50001523A2F2FF3203F66473624403F4801384
:101F600002EB135583F07F5383F4401343EA0401DB
:101F70000022CB4B0195D6F747F8A31CC3F31303FC
:101F8000022B82468B464FF000025CDC0023D6F722
:101F90005BFC002840F0FF80ABA3D3E90023504650
:101FA0005946D6F7E9F902460B460020BD49D6F757
:101FB0002BF8524606460F465B4650465946D6F722
:101FC000DBF90B46024639463046D6F7D5F9019B78
:101FD00054465D4680468946E3B10198D6F762F9DA
:101FE0009BA3D3E9002306460F46D6F7C5F99AA36B
:101FF000D3E9002304460D4630463946D6F7BCF9EE
:1020000002460B4640464946D5F7FEFF52465B4620
:10201000D5F7FAFF02460B4620462946D5F7F4FFCE
:1020200041EC100B07B0BDE8F08F9C4B9C424FF089
:10203000000C89DD02460B46D5F7E8FF41EC100B9A
:1020400007B0BDE8F08F4FF08043D5F7DFFF0246C1
:102050000B4650465946D6F7B9FA8046019889464C
:10206000D6F720F94246CDE904014B4640464946A1
:10207000D6F782F906460F4602460B46CDE90267BF
:10208000D6F77AF976A3D3E9002306460F46D6F7AA
:1020900073F975A3D3E90023D5F7B8FF32463B4661
:1020A000D6F76AF972A3D3E90023D5F7AFFF32461A
:1020B0003B46D6F761F970A3D3E90023D5F7A6FF15
:1020C000DDE90223D6F758F96DA3D3E90023CDE962
:1020D000020130463946D6F74FF96BA3D3E9002306
:1020E000D5F794FF32463B46D6F746F968A3D3E9C5
:1020F0000023D5F78BFF32463B46D6F73DF9A4F5D2
:10210000C22502460B46C4F5D724DDE90201D5F706
:102110007DFFA5F27A4551342C43002C06460F462C
:1021200002460B4656DD5F4B002250465946D6F715
:1021300023F952465B46D6F71FF902460B46044682
:102140000D4630463946CDE90245D5F75FFF4B468F
:102150004246D6F711F9019B80468946002B40F094
:10216000B0800B46024629462046D5F74DFF024671
:102170000B4650465946D5F747FF41EC100B5FE739
:102180000022002348490020D6F720FA41EC100B2A
:1021900007B0BDE8F08F002D00F0AE802846D6F7DE
:1021A00081F82BA3D3E9002306460F46D6F7E4F8BF
:1021B00029A3D3E9002304460D4630463946D6F715
:1021C000DBF802460B4620462946D5F71FFF41ECB7
:1021D000100B35E750465946D5F716FF4B46424699
:1021E000D6F7CAF8019B54465D4680468946002BC7
:1021F0003FF410AFDDE9044515A3D3E900232046E1
:102200002946D6F7B9F814A3D3E9002306460F46AA
:1022100020462946D6F7B0F802460B4640464946C6
:10222000D5F7F2FE52465B46D5F7EEFE02460B4668
:1022300030463946D5F7E8FE41EC100B07B0BDE853
:10224000F08F00BFAFF30080555555555555D53F1C
:102250000000E0FE422EE63F763C7935EF39EA3D5C
:1022600044523EDF12F1C23FDE03CB966446C73FC5
:10227000599322942449D23F935555555555E53FDE
:102280009FC678D0099AC33FAF788E1DC571CC3FE9
:1022900004FA97999999D93F00005043FFFFEF7FC7
:1022A0000000F03F0000E03F000050C302460B4634
:1022B000D5F7AAFE00220023D6F788F941EC100BCF
:1022C000BEE6DDE9044510A3D3E9002320462946F4
:1022D000D6F752F80EA3D3E9002306460F46204650
:1022E0002946D6F749F842464B46D5F78FFE0246B7
:1022F0000B46DDE9020193E79FED010BA0E600BF6D
:1023000000000000000000000000E0FE422EE63F5A
:10231000763C7935EF39EA3D2DE9F04F59EC118BD8
:1023200029F0004358EA030055EC104B93B012D14A
:1023300023196B4985F4002252419842914122D2DF
:1023400042464B4620462946D5F760FE41EC100B2D
:1023500013B0BDE8F08F634925F0004088422F4656
:102360008346A24614D907F1404303F5801353EA8C
:102370000A03E5D142469218594889F4002149419F
:1023800093428841DCD39FED540B13B0BDE8F08F2E
:102390004E46424612D08B42E5D8014653D0002F1C
:1023A00014DB002A40F084804F48834240F056847A
:1023B000002EC0F2158545EC104BC9E7002CBFD1AB
:1023C0008342BDD800F05A840146E8E7474883427B
:1023D00000F2A4834648834200F2A683002A40F01C
:1023E000F183B6F1804F00F00885009245EC104B68
:1023F0000493029100F084FF0299049BBAF1000F4C
:1024000033D00098FA0F013A104361D00098013898
:10241000104300F07E839FED307B8DED067BB3F1A2
:10242000844F69D9334A9342314B40F23A849B45F9
:1024300000F20B85002EC0F20B85002013B0BDE822
:10244000F04F02F0FDBA002A8DD100F1404303F5B0
:102450008013234397D0264B9B4540F29984002E4E
:10246000C0F21F8549EC108B72E71F4A27F04040ED
:10247000904202D0BBF1000FC3D1002EC0F27E8487
:10248000002FBFF665AF009A0BF1404303F58013B0
:10249000134340F0BC8453EC102B10461946D5F77B
:1024A000B3FD02460B46D6F791F841EC100B4FE70F
:1024B0000022009245EC104B0493029100F020FFA3
:1024C0000299049BBAF1000FCFD0FA0F013A9DE7B1
:1024D00022462B46E1E700BF000000000000F03F6D
:1024E0000000F0FF0000F07F0000F03FFFFF3F43DF
:1024F000FFFFEF3F0000F043CD4B3B40002253B9BC
:1025000051EC100BCB4BD5F737FF41EC100B10EE15
:10251000901A6FF034020B15A3F2FF339E18C64BCE
:10252000C1F3130141F07F54994244F4401440F345
:10253000AA83C24B994240F378849FEDA77B8DED2F
:102540000E7B9FEDA77B8DED047B9FEDA37B8DED37
:10255000107B0136A4F58014002553EC102B924615
:102560005046DDE904232146D5F74EFDA346DDE9BB
:102570000423CDE90A0150462146CDE908ABD5F741
:1025800045FD02460B460020AD49D6F71FF80A4626
:102590000146CDE90C1213460246DDE90A01D5F7E2
:1025A000EBFE0A460146CDE90012DDE900BC002140
:1025B000CDE902BC02919DED027B63105CEC17BB80
:1025C00043F0005303F50023DA460020591904466E
:1025D0000D4602460B4650466146E346D5F7CCFE13
:1025E00002460B46DDE90A01D5F70EFDDDE90423BD
:1025F000CDE90A0120462946D5F706FD02460B46DD
:10260000DDE90801D5F700FD52465B46D5F7B4FE7B
:1026100002460B46DDE90A01D5F7F6FCDDE90C239D
:10262000D5F7AAFEDDE90045CDE9040122462B4697
:1026300020462946D5F7A0FE6BA3D3E90023044624
:102640000D46D5F799FE6AA3D3E90023D5F7DEFC42
:1026500022462B46D5F790FE67A3D3E90023D5F792
:10266000D5FC22462B46D5F787FE65A3D3E9002388
:10267000D5F7CCFC22462B46D5F77EFE62A3D3E9E4
:102680000023D5F7C3FC22462B46D5F775FE60A381
:10269000D3E90023D5F7BAFC2246CDE908012B4641
:1026A00020462946D5F768FE02460B46DDE90801BB
:1026B000D5F762FE524604460D465B46DDE9000151
:1026C000D5F7A4FCDDE90423D5F756FE22462B46B8
:1026D000D5F79CFC524604460D465B46504659468B
:1026E000D5F74AFE574B0022CDE90A01D5F78EFCFB
:1026F00022462B46CDE90845D5F788FC00240D4637
:1027000022462B4650465946D5F736FE4D4B82465B
:102710008B46002220462946D5F776FCDDE90A23C0
:10272000D5F772FC02460B46DDE90801D5F76CFCD3
:10273000DDE90023D5F720FE22462B46CDE9000136
:10274000DDE90401D5F718FE02460B46DDE900017C
:10275000D5F75CFCCDE9040102460B4650465946CC
:10276000CDE900ABD5F752FCDDE902AB2AA3D3E9F2
:10277000002350460D46D5F7FFFDDDE90023CDE9E6
:10278000020129465046D5F73FFC02460B46DDE9DB
:102790000401D5F739FC22A3D3E90023D5F7ECFDDA
:1027A00021A3D3E90023CDE9000129465046D5F7FE
:1027B000E3FD02460B46DDE90001D5F727FCDDE924
:1027C0001023D5F723FCCDE900013046D5F76AFD8B
:1027D0003AE000BFAFF300800000000000000000FE
:1027E000000000000000F03FEF4E454A287ECA3F3F
:1027F00065DBC9934A86CD3F01411DA96074D13F75
:102800004D268F515555D53FFFAB6FDBB66DDB3F86
:10281000033333333333E33F000000E009C7EE3FB7
:10282000FD033ADC09C7EE3FF5015B14E02F3EBE25
:102830000000F07F000040438E98030079B60B0043
:102840000000F03F00000840DDE9002304460D468B
:10285000DDE90201D5F7DAFBDDE90E6732463B46DA
:10286000D5F7D4FB22462B46D5F7D0FB22462B4684
:1028700050468B46D5F7C8FB32463B46D5F7C4FBDE
:10288000DDE90223D5F7C0FB02460B46DDE9000176
:10289000D5F7BAFBCDE902010023CDE90089009309
:1028A000DDE90045404622462B464946D5F7ACFBBC
:1028B00052465B46D5F760FD5646424682464B4639
:1028C0005F468B46DDE90201D5F756FD02460B4611
:1028D00050465946D5F79AFB224682468B462B46F0
:1028E00030463946CDE902ABD5F746FD80468946EC
:1028F0004B46504659464246D5F788FBD24B994243
:1029000004460D460E4640F33D8101F13F4303F579
:10291000E003034340F0AA82B7A3D3E90023DDE933
:102920000201D5F773FB424682468B464B46204652
:102930002946D5F769FB02460B4650465946D5F75E
:10294000ABFF002840F092824FF400733344C3F38E
:102950000A52BE4CA2F2FF32C3F31301144141F4F8
:102960008011C2F1140241FA02F5002E04EA0301BB
:102970000B464FF00000B8BF694204950246B8BF4D
:10298000049140464946D5F73FFB049B1B05009345
:1029900002460B4680468946DDE90201D5F736FB43
:1029A0000D46002496A3D3E9002320462946D5F7F7
:1029B000E3FC424606460F464B4620462946D5F7DD
:1029C00023FB02460B46DDE90201D5F71DFB8EA372
:1029D000D3E90023D5F7D0FC8DA3D3E900238046AB
:1029E000894620462946D5F7C7FC02460B46404695
:1029F0004946D5F70BFB8046894602460B463046D2
:102A00003946D5F703FB32463B4604460D46D5F71B
:102A1000FBFA02460B4640464946D5F7F5FA2246F0
:102A200006460F462B4620462946D5F7A5FC7AA335
:102A3000D3E9002380468946D5F79EFC78A3D3E9E5
:102A40000023D5F7E1FA42464B46D5F795FC76A32D
:102A5000D3E90023D5F7DAFA42464B46D5F78CFC8A
:102A600073A3D3E90023D5F7CFFA42464B46D5F7F7
:102A700083FC71A3D3E90023D5F7C8FA42464B463D
:102A8000D5F77AFC02460B4620462946D5F7BCFA14
:102A90008046894602460B4620462946D5F76CFCFF
:102AA000002282468B46404649464FF08043D5F788
:102AB000ABFA02460B4650465946D5F787FD3246DB
:102AC000804689463B4620462946D5F755FC324686
:102AD0003B46D5F79BFA02460B4640464946D5F79A
:102AE00093FA22462B46D5F78FFA02460B46002072
:102AF0005749D5F789FA009A8B18B3F5801FC0F2B1
:102B0000AD811946DDE90623D5F736FC41EC100B03
:102B10001EE49FED4B7B8DED067B80E4002A00F0E8
:102B2000BC8102220092C5E41815A0F2FF301428DF
:102B300040F33B81C0F1340022FA00FC0CFA00F0B3
:102B4000904200F0B281002A3CD1B6F1804F00F0F3
:102B5000548145EC104B0091029300F0D1FBBAF187
:102B6000000F7FF4B5AC3A4A27F04040904200F0A5
:102B7000DF815A460099029B002A00F0D38100228F
:102B800000923EE4DFF8D0C021F00043634540F2FC
:102B90001E81304BCB1803430AD142464B46D5F732
:102BA00033FADDE90223D5F76DFE00283FF4CCAE01
:102BB000DDE9060100220023D5F750FE003818BFDA
:102BC00001203BE445EC104B0293009100F098FB90
:102BD000BAF1000F7FF47CAC1D4A27F040409042D0
:102BE00000F078810099029BBBF1000F00F0C180DA
:102BF000CDF800A005E400BFFE822B654715973C89
:102C000000000000432EE63FEF39FAFE422EE63F79
:102C1000396CA80C615C20BED0A4BE726937663ED8
:102C2000F16BD2C541BDBB3E2CDE25AF6A56113FCC
:102C300093BDBE166CC1663F3E5555555555C53FB3
:102C4000000000000000F0BFFFFF8F400000F0FF19
:102C50000000F03F00346F3FFFCB9040B6F1804F53
:102C600000F0CB80A0F5801086427FF4BEAB45EC2F
:102C7000104B13B0BDE8F04FFEF74ABD002A7FF4B9
:102C80005FABFFF7E8BB9FEDB67B8DED0E7B9FED55
:102C9000B67B8DED047B9DED0E7B00258DED107BCD
:102CA0005BE49B45C0F0EC80BF4B9B454FF00002BE
:102CB00000F2048151EC100BBB4BD5F7A5F9ACA386
:102CC000D3E9002304460D46D5F756FBAAA3D3E962
:102CD000002306460F4620462946D5F74DFBB34B49
:102CE000CDE90001002220462946D5F745FB0246E2
:102CF0000B46A3A1D1E90001D5F786F922462B4660
:102D0000D5F73AFB02460B460020A949D5F77CF9D6
:102D1000224682468B462B4620462946D5F72CFB79
:102D200002460B4650465946D5F726FB96A3D3E9F3
:102D30000023D5F721FB02460B46DDE90001D5F75C
:102D400063F902460B4604460D4630463946D5F730
:102D50005DF9002032463B4682468B46D5F754F952
:102D600002460B4620462946D5F74EF9CDE9020129
:102D700092E55E45CDF800B0BFF685AB53EC102B65
:102D800089490020D5F722FC41EC100BFFF778BBF6
:102D9000002E9FED730BBFF6DBAA09F1004300EE96
:102DA000108A00EE903AFFF7D3BA002A7FF40AAFF8
:102DB000C0F1140043FA00FC0CFA00F0984200F055
:102DC0008F80794883423FF4F3AAFFF70ABB784A21
:102DD000934200F29380DDE9001200910491E0E556
:102DE0007149002022462B46D5F7F0FB41EC100B31
:102DF000FFF7AEBAB6F1804F4FD122462B462046A0
:102E00002946D5F7B9FA41EC100BFFF7A1BA009BA0
:102E1000012B7FF49DAA10EE901A10EE102A01F1FA
:102E2000004343EC102BFFF793BA9FED597B8DEDD8
:102E30000E7B9FED597B8DED107B9FED597B4FF401
:102E400080258DED047BFFF788BB002E7FF7F5AA68
:102E5000002013B0BDE8F04F01F0FABD41EC100BBB
:102E6000049801F031FD51EC100B4BE6DDE9060151
:102E700000220023D5F7F2FC003818BF0120E8E754
:102E8000DDE9060100220023D5F7E8FC003818BF71
:102E90000120002EBFF6D2AADBE702220092FFF744
:102EA000A5BA9FED2F0BFFF753BA002AA2D00CF062
:102EB000010CCCF102020092FFF7FCBADDE9060139
:102EC0000023D5F7CBFC003818BF0120002EC0DC52
:102ED000FFF7B4BA002E19DBCDF800A0FFF7D3BA84
:102EE000314A93423FF464AAB6F1804F85D00CF08A
:102EF000010CCCF102020092FFF778BA1B15A3F285
:102F0000FE334FF4801242FA03F31FE553EC102B0B
:102F100025490020D5F75AFBCDF800A041EC100B55
:102F2000FFF7B1BA5E4509DBCDF800B0FFF7ABBAE9
:102F3000002E06DB00230093FFF7A5BA00230093C1
:102F40001CE753EC102B18490020D5F73FFB00235A
:102F500041EC100B0093FFF796BA00BFAFF300806F
:102F60000000000000000000000000000000F03F32
:102F7000000000604715F73F44DF5DF80BAE543E9C
:102F8000555555555555D53FFE822B654715F73F8D
:102F90000000004003B8E23F06D0CF43EBFD4C3EBB
:102FA000000000000000F83F0000F03F0000D03FAC
:102FB0000000E03F000000002DE9F84F55EC104BF9
:102FC000C54B25F000469E42A8460DD9C34B9E42F4
:102FD00000F2B68000F0B180B8F1000F40F3F48049
:102FE0009FEDA10BBDE8F88FBD4B9E4200F2C38060
:102FF000A3F1DE739E4240F2AD804FF0FF3B2246CC
:103000002B4620462946D5F7B7F902460B4681469E
:103010008A46D5F7B1F996A3D3E9002306460F46B1
:10302000D5F7AAF994A3D3E90023D4F7EFFF3246EA
:103030003B46D5F7A1F992A3D3E90023D4F7E6FFE5
:1030400032463B46D5F798F98FA3D3E90023D4F74E
:10305000DDFF32463B46D5F78FF98DA3D3E9002338
:10306000D4F7D4FF32463B46D5F786F98AA3D3E995
:103070000023D4F7CBFF4A465346D5F77DF988A302
:10308000D3E9002381468A4630463946D5F774F99C
:1030900085A3D3E90023D4F7B7FF32463B46D5F7E3
:1030A0006BF983A3D3E90023D4F7AEFF32463B4646
:1030B000D5F762F980A3D3E90023D4F7A5FF324600
:1030C0003B46D5F759F97EA3D3E90023D4F79CFFFB
:1030D00032463B46D5F750F902460B464846514624
:1030E000D4F794FF22462B46D5F746F9BBF1FF3FB4
:1030F00002460B466CD07B4B7B4E03EBCB03D3E9F4
:103100000023D4F781FF22462B46D4F77DFF06EB40
:10311000CB0602460B46D6E90001D4F775FFB8F19D
:10312000000F41EC100B13DA10EE901A024601F179
:10313000004343EC102BBDE8F88F002C3FF44CAF5C
:1031400022462B4620462946D4F760FF41EC100B5F
:10315000BDE8F88F5CA3D3E9002320462946D4F7C5
:1031600055FF624B0022D5F797FB00283FF445AF8F
:1031700045EC104BECE700F0C3F85D4B9E4255EC7C
:10318000104B2DD8A3F550239E4254D822462B46EF
:1031900020462946D4F73AFF544B0022D4F734FF97
:1031A000002206460F46204629464FF08043D4F7BA
:1031B0002DFF02460B4630463946D5F707FA4FF049
:1031C000000B04460D461AE79FED410BBDE8F88F52
:1031D00020462946D4F718FF41EC100BBDE8F88FC4
:1031E000444B9E421CD2444B002220462946D4F731
:1031F0000BFF414B06460F46204629460022D5F7D5
:10320000BBF83A4B0022D4F701FF02460B4630468A
:103210003946D5F7DBF94FF0020B04460D46EEE6D2
:1032200022462B4635490020D5F7D0F94FF0030B45
:1032300004460D46E3E62D4B002220462946D4F7EE
:10324000E3FE2A4B06460F46204629460022D4F7C5
:10325000DDFE02460B4630463946D5F7B7F94FF04A
:10326000010B04460D46CAE6182D4454FB21F93FD4
:1032700011DA22E33AAD903FEB0D76244B7BA93F68
:10328000513DD0A0660DB13F6E204CC5CD45B73F36
:10329000FF8300922449C23F0D5555555555D53FE2
:1032A0002F6C6A2C44B4A2BF9AFDDE522DDEAD3FD6
:1032B0006D9A74AFF2B0B33F711623FEC671BC3F76
:1032C000C4EB98999999C93F9C7500883CE4377E76
:1032D000182D4454FB21F9BFFFFF0F440000F07F7D
:1032E000FFFFDB3FD88A0308F88A03080000F03F9D
:1032F000FFFFF23F008003400000F83F0000F0BFF6
:1033000010EE901A53EC102B21F0004343EC102BDD
:10331000704700BF10EE103A23F00043B3F1485F4E
:103320002CD2FDEEC07A17EE903A002B60D060EE02
:10333000007A9FED317A9FED315ADFED315A9FEDE2
:10334000316ADFED316AA7EE875A9FED307AE7EEFA
:10335000855AA7EEA56AA7EE867AE7EE876A66EE3B
:10336000A76A60EEC00AB6EE007AE7EEA60AB7EEEC
:10337000000AD7EE870A30EE600A704760EE007AE6
:103380009FED1D7A9FED1D5ADFED1D5A9FED1D6AC1
:10339000DFED1D6A1E4AA7EE875A93429FED1B7A06
:1033A000E5EE275AA5EEA76AA6EE277AE7EE276A8A
:1033B00066EEA76AD5D9174A934214D803F17F4322
:1033C00007EE103AB7EE006A36EE476A60EEC00AC2
:1033D000F6EE005A97EEA57AE7EEA60A37EE607A87
:1033E00036EE470A7047B6EE076AB5EE027AEDE7A9
:1033F000B7EE000A704700BF4ED747ADF6740F31E5
:103400007CF293B4010DD037ABAA2A3D610BB6BA5A
:103410009999993E0000483F10EE103A23F000437E
:10342000B3F1485F04D2FDEEC07A17EE903A5BB379
:1034300060EE007A9FED157ADFED155A9FED156A63
:10344000DFED156AE7EE875A9FED147AA5EEA76ABD
:1034500020EE275AE6EE276AA6EEA77A30B9DFED0E
:10346000106AE7EE876AA6EE850A704727EE457A6E
:10347000F6EE006AA0EEA67ADFED0A6AD7EE270A1A
:10348000E5EE260A30EE600A704700BFD3C92E2F42
:10349000342FD7B21BEF3836010D50B98988083C5C
:1034A000ABAA2ABEABAA2A3E08B510EE103A23F00A
:1034B0000042B2F1465FF0EE407A0FD2BDEEC07A24
:1034C00017EE101AF9B9431C134300F09E8001282F
:1034D00003D0BFEE007A87EE270A08BD4E498A4224
:1034E00011D39FED4E7ADFED4E6A002BBCBFF1EE9B
:1034F000600AF1EE407A77EE677A36EEE07ADFED39
:10350000490A77EE277A67EEA76ADFED474ADFEDD3
:10351000475A9FED475A9FED476A3F4926EEA67AE4
:103520008A42E7EE245AA7EE056ADFED434A9FED93
:10353000435AE5EE874AA6EE075ADFED415A9FED62
:10354000416AE4EE875AA5EE076ADFED3F4A9FED38
:103550003F5AE5EE874AA6EE075A9FED3D6ADFED3A
:103560003D5AA4EE876AE5EE075AB0EE467AA5EE1C
:10357000A67A27EEA65AB0EE606AA7EE056ADFEDDE
:10358000364AE6EE260AE5EE240A37EEA00A1ED2F7
:103590000128A2D0BFEE007AC7EE006A10EE103A02
:1035A0006FF30B0306EE103A16EE903A76EE677A5A
:1035B0006FF30B0300EE103A70EEE70AF7EE007AB5
:1035C000E6EE007AE0EE807AA7EEA60A08BD07EEE6
:1035D000100AF8EEC76A20EE007A30EE260A9B1732
:1035E00087EE006A03F00203C3F10103F0EE005A14
:1035F00036EE606A07EE103A77EEC67AB8EEC77A12
:10360000E7EEE56A26EE870A08BDFDF7F3FFB7EEA1
:10361000007A87EE000A08BD40A12C3FDA0F493F2F
:1036200068212233000000005FAE9BB745F4A33849
:103630008453D9377AC09538C8261A3AB9378139B0
:1036400016696B3B48DEBE3AA427B33C1F37113CDA
:103650008988083ED10D5D3DABAAAA3E10EE102A26
:1036600022F00043B3F17E5F00F0918000F2888089
:10367000B3F17C5F0FD2B3F1485F80F0A380DFED40
:103680006C7A70EE277AB7EE007AF4EEC77AF1EE34
:1036900010FA00F3948000B587B0CDE90423FDF75C
:1036A000A9FFF7EE006A76EEC07AB6EE007A67EE12
:1036B000877ADFED605A9FED607A9FED606A9FED3B
:1036C000605ADFED604ACDED027AE7EE875A9FED52
:1036D0005E7AA5EEA76AA7EE857AE6EE274A9FED09
:1036E0005B5ADFED5B5A9FED5B6AA7EE275AE4EE6B
:1036F000A75AA5EE276A9FED587AA5EEA77AE6EEBF
:10370000276A27EE277AB0EE670ACDED036A8DEDC2
:10371000017AFEF7F5F85149059B9DED017ADDED43
:10372000036ADDED027A049A8B42C7EE265A39D835
:1037300010EE103A6FF30B0306EE103AE6EE467AFF
:1037400030EE067ADFED466AC7EE874AB0EE005AE1
:10375000E4EEC56A9FED437A30EE000AF0EE477A58
:10376000E6EE457AD0EE256A76EEE76A37EE667ABF
:10377000002A01DCB1EE477AB0EE470A07B000BD7F
:1037800070EE407A87EEA77AB0EE470A70479FED59
:10379000347ADFED357A20EE077AA0EE277AB0EEA4
:1037A000470A7047A0EE250ADFED307A9FED2E7AAA
:1037B000F0EE006AE0EE267A37EE677AD8E7B0EEF0
:1037C000407AE1E760EE007A9FED1B7ADFED196A3F
:1037D0009FED1A6ADFED1A5A9FED1A5AE7EE876AD3
:1037E0009FED197AA6EEA76AA7EEA57AA6EE275A4C
:1037F000DFED166ADFED165A9FED166AE7EE276ACF
:10380000E5EE275AA6EEA76A9FED137AA5EEA77AF2
:10381000F7EE006AE6EE276A67EE277AB0EE407AA6
:1038200087EEA66AA0EE067AB0EE470A704700BFA0
:10383000CAF24971047F4F3A08EF1138461124BD8E
:103840002EC69D3DA80A4E3E613330BF2D57014024
:1038500090B0A6BE39D119C0ABAA2A3E9999793F3A
:103860002EBD3BB3DB0F493FDB0FC93F2EBD3B33C2
:1038700010EE903A23F00041B1F1FF4FF0EE407AA4
:1038800033D810EE10CA2CF00040B0F1FF4F2CD806
:10389000B3F17E5F3DD09A1702F0020242EADC7279
:1038A00030B371B3B1F1FF4F3ED0B0F1FF4F35D01F
:1038B00000B5401AB0F1F45F83B04FEAE0512ADA64
:1038C000002B3EDA3C313CDA9FED310A012A41D02F
:1038D000022A46D03AB19FED2F7ADFED2F7A30EEF3
:1038E000070A30EE670A03B000BD30EEA70A704742
:1038F000022A0BD09FED297A032A08BFB0EE470AAF
:1039000070478C450DDB9FED260A70479FED220A1C
:10391000704700F0FDBE9FED220AD7E7BCF1000F13
:10392000F1DA9FED200A7047B0F1FF4F02F1FF324C
:1039300020D0022A26D81C4B03EB820393ED000A09
:10394000704787EEA00A0192FDF754FE00F0E0FEFA
:10395000019ABBE710EE103A03F1004300EE103A73
:10396000C1E79FED0C7ADFED0C7A30EE070A37EEF7
:10397000C00AB8E7022A08D80C4B03EB820393ED88
:10398000000A70479FED020A70479FED090A7047D1
:10399000000000002EBDBB33DB0F4940DB0F49C0E8
:1039A000DB0FC93FDB0FC9BF188B0308248B03084B
:1039B000DB0F493F10EE103A23F00042B2F1FF4F07
:1039C00056D84FEAD37100F095806248834200F3E5
:1039D0008780002BC0F287805F4B9A424BD95F4BA8
:1039E0009A4200F29A805E4B5E4A03EB8103D3ED6C
:1039F000004A02EB810281F0010370EE644AD2EDCD
:103A0000007A5B1A34EEE70ADFED576A9FED575AEA
:103A1000DFED575A9FED576A20EE007AA7EE265A3F
:103A2000DFED556AE5EE075AE5EE876AA6EE876A8E
:103A3000F0EE406AE6EE476A20EE266A002B42D09E
:103A4000B0EE007A37EE667AB7EE000AC6EE076A85
:103A500013F17D0F77EEE67A77EEE47A30EE670ABF
:103A60004FDB10EE102A02EBC35300EE103A704702
:103A700030EE000A7047B2F1505F0AD2DFED3F7AB4
:103A800070EE277AB7EE007AF4EEC77AF1EE10FA0C
:103A90005DDC60EE007A9FED347ADFED345A9FED05
:103AA000346ADFED356AE7EE875A9FED327AA7EE8A
:103AB000A56AE7EE866AA7EEA67AF0EE406AE7EE20
:103AC000C76A20EE266AF0EE007A76EEE76AB7EE75
:103AD000007AC6EE267A77EEC07A37EE670A70472C
:103AE000002001F04DB8264B9A427FF675AF0020BA
:103AF00001F040B8DFED237A002918BFB0EE670A65
:103B0000704710EE102A643302EBC353DFED1E7AC8
:103B100000EE103A20EE270A70471C4B9FED1C7AEE
:103B2000DFED1C6A03EB8103D3ED007AE0EE077A48
:103B30009FED197AFDEEE77AF0EE404A17EE903AE3
:103B4000F8EEE77AE7EEE64A67EE877A5AE730EE74
:103B5000070A70471772B1421872B13E9115853F3E
:103B6000388B0308308B03084CBB31330EEADDB5CC
:103B700055B38A38ABAA2A3E610B36BBCAF24971EB
:103B8000B5F1CF42000000000000800D408B03081B
:103B90003BAAB83F8071313FD1F7173710EE102A9A
:103BA00032F000432FD0002A134633DBB2F1FF4F2F
:103BB00040DAB2F5000F34DB4FF0000C6448C3F379
:103BC0001601081800F4000282F07E520A43DB1549
:103BD00000EE102A7F3B5F4A634401F10F0CF7EEC1
:103BE000007A0CEA020230EE670A03EBD05322BBE4
:103BF000B5EE400AF1EE10FA62D1002B40F0908051
:103C00009FED550A70479FED557ADFED537A87EEA9
:103C1000270A704770EE407A9FED4F7A87EE870A49
:103C20007047DFED4F7A60EE277A6FF0180C17EED1
:103C3000903AC3E730EE000A7047F0EE007A70EE7B
:103C4000277A07EE103A80EE274A4648C1F5571208
:103C5000081802F522720243002A9FED433ADFED75
:103C6000434ADFED435ADFED433A9FED435ADFED20
:103C7000437ADFED436A24EE046AF8EEC72A26EEA3
:103C8000067AE7EE034AA7EE235AE4EE875AE5EEFA
:103C9000076AE5EE877A67EE867AE6EE877A2ADDAE
:103CA000B6EE007A20EE077A27EE007A77EE877A72
:103CB00067EE847A3BBB37EE677A30EE470A70478F
:103CC000DFED307AB6EE007AA0EE677A60EE007A29
:103CD00027EE277A002BF0D007EE903A9FED2A6A64
:103CE000DFED2A6AF8EEE77AA7EEC67A37EE400AE9
:103CF00097EEA60A704770EE677A67EE847AE3B9AA
:103D000030EE670A70479FED206ADFED206AE2EE31
:103D1000867A37EE677A37EE400A92EEA60A704747
:103D200007EE903A9FED180A9FED187AF8EEE77AC1
:103D300027EE800AA7EE870A7047DFED136A9FED32
:103D4000137AE2EEE67A37EEC00A92EE870A7047FF
:103D500020FB4A00F0FF7F0000000000000000CCC4
:103D60000000004C305CCFFF9788173E25333A3E69
:103D70002549923E4FD01C3E298E633EABAA2A3F76
:103D8000CDCCCC3EABAAAA3ED1F717378071313FDC
:103D900010EE902A32F0004110EE103AF0EE407A28
:103DA00008D183F480035B0013F5000F10D937EEC0
:103DB000A00A704723F00040B0F1FF4F0BD9B3F1D8
:103DC0007E5FF4D182F48002520012F5000FEED82B
:103DD000B7EE000A7047B1F1FF4FF0D830B52DEDC6
:103DE000028B002B87B0F0EE606A054616DBB1F15E
:103DF000FF4F00F00081B1F17E5F00F03481B2F13D
:103E0000804F00F06D81B2F17C5F40F04A8107B0D5
:103E1000BDEC028BBDE83040FDF772BDB1F1974FAC
:103E200080F0F580B1F17E5F80F02A81B2F1804FA1
:103E300000F05681B2F17C5F00F05E82CDE9022194
:103E400000908DED010A8DED040ACDED050AFDF718
:103E5000D1FB0098DDED017A049BDDED056AB0F140
:103E6000FF4FDDE902214FF0000400F0EA80002856
:103E700000F03C81B0F17E5F00F038814FEAD37CE6
:103E80000CF1FF3C54EA0C0E00F03381B1F19A4F73
:103E900040F25481994B984240F27682984B984276
:103EA00000F28582F7EE007A70EE670A9FED956A60
:103EB0009FED957ADFED955AF5EE007AA0EEE76A70
:103EC000F6EE007AE6EE607A20EEA05A9FED906A58
:103ED00067EE857A27EE677AA0EE867AB0EE476ABB
:103EE000A0EEA56A16EE103A6FF30B0306EE103A39
:103EF000F0EE467AE0EEE57A37EE677A6FF30B0282
:103F000007EE902A27EE267A76EEE75A66EE277AB3
:103F1000A5EE867A631E53EA0C03FFEE005A77EE95
:103F2000276AB7EE006A16EE902A18BFF0EE465ADE
:103F3000002A22F0004340F3F481B3F1864F00F2EF
:103F40007D8200F06182B3F17C5F00F24382002346
:103F500018466FF30E0206EE102ADFED6E6A9FED33
:103F60006E3ADFED6E1A9FED6E4A9FED6E5A76EE59
:103F7000677AF0EE002A37EE677A66EE267ADFED92
:103F80006A6AE7EE267AB7EE000AB0EE677AA6EE26
:103F9000037AB0EE472A67EE076AA6EE432A9FED42
:103FA000636AA6EEA16A77EEC27AA6EE264A9FED74
:103FB000606AA4EE266AE7EE277AA6EE265AB0EEED
:103FC000476AA5EE666A27EE065A36EE626AC5EEC5
:103FD000066A76EEE77A77EEC77A30EE670A10EE79
:103FE000102A1344B3F5000FC0F2D88100EE903AC6
:103FF00020EEA50A07E0B0F17E5F74D03BD9002A1D
:1040000036DBB0EE660A07B0BDEC028B30BDB1F115
:10401000FF4FF0D0CDE90010CDE902238DED050A68
:10402000CDED040AFDF7E6FA01980224B0F1FF4F46
:10403000DDE902230099DDED046ADDED057A7FF408
:1040400016AF002A05DAF7EE007A87EE800A002B19
:10405000D9DAA0F17E50204300F03181012CD2D179
:10406000B1EE400ACFE7002A35DBB0EE670ACAE7B7
:104070009FED300AC7E7002AFADAB1EE660AC2E716
:104080004FEAE15CCCF1960C41FA0CFE0EFA0CFC06
:104090008C4500F01981B1F17E5FE4D0B2F1804F20
:1040A0001ED0B0EE670ACDE90323CDE90110CDEDB6
:1040B000056ACDED007AFDF79DFA0298B0F1FF4F49
:1040C000DDE903234FF0000410D0DDED007A019903
:1040D000DDED056ACBE6B7EE007A87EE270A92E7B8
:1040E00027EEA70A8FE7B7EE000A8CE7002AAADBC3
:1040F000ADE777EEE77A87EEA70A84E7F3FF7F3F25
:104100000700803FABAAAA3E3BAAB83F00AAB83F2F
:1041100070A5EC368CBEBF350072313F4CBB3133DD
:1041200055B38A38ABAA2A3E1872313F0EEADDB584
:10413000610B36BB000000000000804B13F0FF4F06
:1041400040F020815FED047A60EE277A6FF017036C
:1041500017EE905AE915DFF844E37F391944C5F3A7
:104160001603734543F07E5040F30381DFF830E3DC
:10417000734540F326819FEDB94A0131B0EE448A80
:10418000A0F50000F7EE000A4FF0000E04EE900AD2
:1041900074EEA07AB7EE007A87EE270AB04B03EAF6
:1041A000600343F0005303F58003734434EEE06A88
:1041B00007EE901A66EE001AB8EEE77ADFEDA92A4C
:1041C0009FEDA93ADFEDA93A9FEDA95ADFEDA95A73
:1041D0009FEDA91A61EEA17AB0EE082AA7EEA23AE5
:1041E000E3EE273AA3EEA75AE5EE275A27EEA75AA1
:1041F000A5EEA71A07EE903A11EE903A6FF30B0373
:1042000003EE103AA3EE676AF0EE465A37EEE06A24
:1042100071EE837A74EEC63AB0EE656AA3EE636A15
:10422000F0EE424A26EE006AE3EE034A67EE867A33
:10423000DFED920ADFED923AE5EE017A9FED911AF9
:1042400074EEA75A15EE903A6FF30B0305EE903A11
:1042500035EEC25AA3EE435A77EEC57A67EEA17ADD
:10426000E6EE257AB0EE675AA3EE255A15EE103A1F
:104270006FF30B0305EE103AB0EE456AA3EE656AE4
:1042800077EEC67A67EEA07AE5EE017A77EE887A65
:10429000B0EE676AA5EE236A36EE046A36EE076A68
:1042A00016EE103A6FF30B0306EE103A36EE477A2D
:1042B00037EE447AA5EE637A37EEC77A1EE670EEE3
:1042C000407A87EEA70A9EE6B1F17E5F3FF4CBAE5F
:1042D000B2F1804F3FF404AF0EF0010ECDE90010B3
:1042E000CDE902238DED050ACDED040ACEF10204DD
:1042F000FDF780F9019899E601908DED000AFDF730
:1043000079F90198B0F1FF4F3FF47DAEDDED007A11
:1043100000283FF478AEB0F17E5F7FF4EAAE00246F
:1043200097E659498B4200F291807FF40CAE76EE0D
:10433000E76AF4EEC76AF1EE10FA80F2878002F5C0
:104340000042524BC2F3C7517F39C2F316000B41F2
:1043500040F40000C1F1170113400841404206EE4D
:10436000903A77EEE67AC30577EE276A16EE902A42
:10437000EFE59FED3A4AF7EE000AB0EE448A4FF0BF
:10438000000E03E70023E5E6002A12DB002007B059
:10439000BDEC028BBDE8304000F0ECBBCDED005A27
:1043A00000F05EFBDDED005AF0EE400A20E6002A48
:1043B000ECDD002007B0BDEC028BBDE8304000F022
:1043C000DFBB9FED334A9FED338AF7EE080A4FF4C7
:1043D000001EDBE6DB157E3B4FF400011941114462
:1043E0002A4BC1F3C75CACF17F0CC1F3160043FA52
:1043F0000CF340F40000CCF1170C002A40FA0CF04A
:1044000003EA0103ABDAA9E79FED236A76EEE76AD8
:1044100037EE066AB4EEE66AF1EE10FA0EDC02F54B
:1044200000421A4BD1157F39C2F316000B4140F4FC
:104430000000C1F117011340084190E7F5EEC05AA2
:10444000F1EE10FA4CBF01200020B3E7F5EEC05AA0
:10445000F1EE10FA4CBF0120002098E700000000A8
:1044600000F0FFDF42F1533E55326C3E05A38B3E18
:10447000ABAAAA3EB76DDB3E9A99193F4F38763FFB
:104480000040763FC623F6B800001643000080FFC8
:1044900000C0153FDCCFD1353CAA383371C41C00B5
:1044A000D6B35D0010B510EE104A8B4A24F00043DD
:1044B000934288B070D9894A934222D824F00043AD
:1044C000002C9FED877A874A23F00F0340F3EB809F
:1044D000934270EE477A09BF9FED837ADFED836ADE
:1044E000DFED836A77EEC77A37EEE67A77EEC77A42
:1044F00080ED007A77EEE67AC0ED017A012008B00F
:1045000010BD7C4A9342014654D9B3F1FF4F4AD2C1
:10451000DA15863AA3EBC25307EE903ABDEEE77A7E
:10452000DFED756AB8EEC77A77EEC77A8DED057A5A
:1045300067EEA67ABDEEE77AB8EEC77A77EEC77A6D
:104540008DED067A67EEA67AF5EE407AF1EE10FA76
:10455000CDED077A40F09280B5EE407AF1EE10FA98
:1045600040F08E800123654801900220009005A84C
:10457000029100F00BFB002C0299C0DA91ED007A59
:10458000D1ED017AB1EE477AF1EE677A81ED007AEA
:10459000C1ED017A4042B2E7002380ED000A43609A
:1045A000002008B010BD70EE407AC0ED017AC0ED79
:1045B000007AF5E7CDE90230FDF71CF89FED507A5F
:1045C0009FED476AF6EE007AE0EE077ADDE9023108
:1045D000FDEEE77A9FED457AF8EEE76A17EE900A6E
:1045E000A6EEC60A1F2866EE877A30EE677A20DCD0
:1045F000DFF818C100F1FF3E24F000425CF82EC045
:1046000022F0FF02624514D081ED007A30EE470AB5
:10461000002C30EE670A81ED010ABFF670AFB1EEF3
:10462000477AB1EE400A81ED007A81ED010A4042FD
:1046300065E717EE102AC2F3C752C2EBD352082A1D
:10464000E2DD9FED297ADFED2A5AB0EE406AA6EE50
:10465000C76A70EE467AE6EEC77AD6EEA57A36EEEF
:10466000677A17EE102AC2F3C752C2EBE353192B35
:1046700008DCB0EE460A81ED007AC7E7032372E753
:10468000022370E79FED1F7ADFED1F5AB0EE460A56
:10469000A6EEC70A76EE407AE6EEC77AD6EEA57A9F
:1046A00030EE677AB0E7934270EE077A09BF9FED6C
:1046B0000E7ADFED0E6ADFED0E6A77EE877A37EE5F
:1046C000A67A77EEC77A80ED007A77EEA67AC0ED0B
:1046D000017A4FF0FF3012E7D80F493FE3CB164085
:1046E000800FC93FD00FC93F0044353743443537A9
:1046F00008A3852E800F494300008043C88B030820
:1047000084F9223F00A3852E32318D24488B030883
:1047100010EE102A22F00043B3F1A14FF0EE407AE0
:1047200007D3B3F1FF4F56D8002A7CDD9FED530A23
:10473000704700B552498B4283B05BD8B3F1445FF8
:104740004CD34FF0FF3327EEA76A9FED4E5A9FEDF3
:104750004E7ADFED4E5ADFED4E4A66EE066A591C80
:10476000A6EE857AE6EEA54A9FED4A5ADFED4A5A53
:10477000A7EE265AE4EEA65A9FED487ADFED484AA6
:10478000A5EE267AE5EEA64A9FED465ADFED465A9B
:10479000A7EE265A9FED457AA4EEA67AE5EE265AB4
:1047A00027EE267AA5EE867A27EE277A42D0404871
:1047B000404900EB8300D0ED006A37EE667A01EBEA
:1047C0008303D3ED006A37EE677A002A36EEC70A14
:1047D0002CDB03B000BD30EE000A70479FED367A47
:1047E00030EE077AF7EE006AB4EEE67AF1EE10FAF0
:1047F000A7DDEEE7CDE90032FCF7FCFE2F49009B78
:10480000019A8B421AD8A1F5D0018B422BD8F0EE39
:10481000007ABFEE007AA0EE277A002330EE270A56
:10482000C7EE007A8FE79FED260A7047B1EE400A87
:1048300003B000BD37EEC70A03B000BD21498B426B
:104840000BD8F7EE087AB7EE007AA0EE277A0223AB
:1048500030EE670AC0EE077A75E7BFEE007AC7EE62
:10486000007A03236FE7F7EE007A30EE677A30EED6
:10487000270A0123C7EE007A65E700BFDB0FC93FB7
:10488000FFFFDF3ED769853C59DA4B3D21A215BDBC
:104890006BF16EBD356B883D95879DBD6E2EBA3D23
:1048A000388EE3BD2549123EABAAAA3ECDCC4CBE04
:1048B000E08E0308F08E0308CAF24971FFFF973FAC
:1048C000DB0FC9BFFFFF1B402DE918485CEC10BB94
:1048D000CCF30A530446614693BB2CF0004151EAE5
:1048E0000B012BD0404B584661460022D3F744FDC4
:1048F0003E4B9C4283468C465BDBC1F30A53363BFE
:104900004CF25032944228DC04EB030E40F2FE736A
:104910009E4522DCBEF1000F39DC1EF1350F3FDB76
:104920000EF1360E6FF31E5141EA0E5319465846EA
:104930002F4B0022D3F720FD41EC100BBDE8188867
:1049400040F2FF729342DBD15A4663465846D3F792
:104950005DFB41EC100BBDE81888BCF1000F1AA1FB
:10496000D1E9000108DB18A3D3E90023D3F704FD44
:1049700041EC100BBDE8188815A1D1E9000112A384
:10498000D3E90023D3F7F8FC41EC100BF2E76FF307
:104990001E515A4641EA0E5343EC102BBDE81888CD
:1049A000BCF1000F0CA1D1E9000102DA0CA1D1E9A0
:1049B000000109A3D3E90023D3F7DEFC41EC100B7F
:1049C000BDE81888AFF300809C7500883CE4377E12
:1049D0009C7500883CE437FE59F3F8C21F6EA501B0
:1049E00059F3F8C21F6EA58100005043B03CFFFF91
:1049F0000000903C10B582B08DED000B044600F035
:104A0000A1FE9DED000B046002B010BD00B5034691
:104A100083B051EC100B83B1024601F10043CDE9A4
:104A20000023DDE90023D3F7A7FC41EC100B222083
:104A300003B05DF804EBFFF7DDBF02460B46EEE77F
:104A40009FED010BFFF7E2BF000000000000001027
:104A50009FED010BFFF7DABF0000000000000070BF
:104A600010EE103A33F000411A4625D0B1F1FF4F55
:104A70001FD213F0FF4F20D1DFED297A294A60EED3
:104A8000277A904217EE903A31DB4CF2503CC3F358
:104A9000C75160451A46A1F1190114DD002BDFED65
:104AA000227A9FED210AB8BFDFED207A27EE800A37
:104AB000704730EE000A704770474CF2503C60453A
:104AC0004FEAD151EADC0844FE28E7DC002815DC77
:104AD00010F1160F19DB193022F0FF4242EAC052E2
:104AE00007EE902A9FED120A27EE800A7047DFED4D
:104AF000117A07EE103A27EE270A704722F0FF429C
:104B000042EAC05300EE103A7047002BDFED097AFD
:104B10009FED080AB8BFDFED087A27EE800A7047DC
:104B20000000004CB03CFFFFCAF24971CAF249F1E3
:104B3000000000336042A20D6042A28D10B582B029
:104B40008DED010A044600F0FDFD9DED010A0460B3
:104B500002B010BD30B1F1EE407A27EE800A22207B
:104B6000FFF7ECBFF0EE407A27EE800A2220FFF735
:104B7000E5BF00BF9FED010AFFF7ECBF000000108A
:104B80009FED010AFFF7E6BF000000702DE9F04F2E
:104B90002DED048BDBB01C460393814613466898C9
:104BA000CB4A04F1FF381C1D52F82050C0F2668237
:104BB000DA1E48BF1A1DD21004920132D2000692AA
:104BC000069A15EB0806A3EB02021BD404989FED8E
:104BD000C47A699F0136A0EB080006441EAC9C46CF
:104BE0000028A4BF57F8203007EE903A00F10100EA
:104BF000ACBFF8EEE77AF0EE477AB042E4EC017A27
:104C0000EED16346002DC0F2EC800398B8F1000F9E
:104C10000DF58C7C464605EB000EB8BF0024C0F2B3
:104C2000D38003981EAF07EB8007840009EB800058
:104C3000DFEDAB7ABB46CA46FAEC016A3BED017A7E
:104C40008245E6EE877AF7D101367645ECEC017ABB
:104C500007F10407ECD109A8CDE9071300EB8500A3
:104C60000DF1280A9FED9B9ADFED9B8A05904C443D
:104C70000AEB8507AB4646AE019510460DEB8B035C
:104C8000BBF1000F93ED460A4FEA8B0515DD731952
:104C9000524660EE097AB0EE407AFDEEE77A73EDA7
:104CA000016AF8EEE77AB342A7EEE87A37EEA60A91
:104CB000BDEEC77AA2EC017AEBD10290FFF7D0FEED
:104CC000B0EE408AB4EE000A28EE000AFCF71CFEA3
:104CD000F2EE007AA0EE678A02980028FDEEC89AEC
:104CE000F8EEE97A38EE678A7EDD0BF1FF31C0F12C
:104CF00008035AF821E04EFA03FC0CFA03F3AEEB7A
:104D0000030EC0F1070219EE903A4EFA02F2634424
:104D1000002A09EE903A4AF821E000F3FA80B5EE55
:104D2000408AF1EE10FA70D1019B9B450CDD0AEB35
:104D300005030021944653F8042DBB4241EA0201C9
:104D4000F9D1002940F04681019B013B0BF1010E96
:104D50005AF82330002B40F03B81059B012153F88A
:104D6000042D0131002AFAD05944049B03EB0B02B5
:104D7000039B5B440293699B03EB820B029B0DF147
:104D8000780C0CEB830C47AB1D44DBED017AF8EE9D
:104D9000E77AB8F1000F0BF1040BECEC017ADFEDD0
:104DA000507A09DB62464B46F3EC016A32ED017A38
:104DB000A342E6EE877AF7D10EF1010E8E45E5ECBF
:104DC000017AE2DD8B4659E7701C7045CCF8004053
:104DD00006F1020605D0B645CCF804400CF1080CEB
:104DE000F2D10398840036E700F0D980F6EE007A1D
:104DF000B4EEE78AF1EE10FA80F22E81B5EE408A29
:104E0000F1EE10FA4FF000028ED0CDE90220089B9F
:104E1000069A0799019D0191D01AB0EE480AFFF752
:104E20001FFE9FED2D7A0199039AB4EEC70AF1EEA9
:104E300010FAC0F29781DFED277A60EE277A0BF146
:104E40000104FDEEE77A0832F8EEE77AA7EEC70A2A
:104E5000FDEEE77ABDEEC00A10EE103A4AF82B30AC
:104E600017EE903A4AF824301046B7EE000A019146
:104E7000FFF7F6FD002C0199B0EE407AC0F29D815B
:104E80000AF1040347A8DFED136A03EB840300EB88
:104E90008400A2000DF58C7C73ED017AF8EEE77AC0
:104EA000534567EE877A27EE267A60ED017AF3D1D3
:104EB000002D0DF1C80EC0F2998194442746F046AA
:104EC00000269146054ADFED067A6046002311E090
:104ED0002C8F03080000803B00008043008F0308F4
:104EE00000000000F2EC016AB0EC017A9D42E6EEAF
:104EF000877A03DB9E4203F10103F3DA013F7B1C57
:104F0000C8ED007A7ED008F104080136ACF1040C3B
:104F1000D8E70133BBF1000F09EE903A40F343812B
:104F200051464FF0000E51F8043B3BBB0EF1010E11
:104F3000F345F8DC9E4600280CDD012800F0838054
:104F4000022807D10BF1FF315AF8213003F03F0C52
:104F50004AF821C0022A7FF4E2AEB7EE000A30EE32
:104F6000488ABEF1000F3FF4DAAE09920290FFF7D3
:104F700077FD0298099A38EE408AD0E6C3F580732F
:104F800041F8043C04E00B68C3F1FF0341F8043B23
:104F90000EF1010EF345F6DC4FF0010ECBE70BF1FD
:104FA000FF335AF82320D211002A7FF7B8AE19EE4A
:104FB000903ABBF1000F03F1010309EE903AAFDC28
:104FC000022A7FF4ACAEF7EE007A37EEC88AA6E686
:104FD0007146CAE60BF1FF34A0F108025AF82430FA
:104FE0000799CDF808C02846019D002B7FF43CAFFF
:104FF000034609A8034453F8040D013C083A00286D
:10500000F9D031E74A46689B022B62DC002B3ADC80
:1050100010D10EF104035FED4E7A134433ED017AA3
:105020009E4577EE877AF9D1029B002B40F0AB804A
:10503000C1ED007A19EE903A03F007005BB0BDECC9
:10504000048BBDE8F08F0BF1FF315AF8213003F0EB
:105050007F0C4AF821C07DE719EE903ABBF1000FB2
:1050600003F1010309EE903AC8BF02223FF758AF9F
:10507000F7EE007A37EEC88A022250E6082206923E
:10508000002204929CE50EF10403DDED327A1FED5F
:105090006C7A1A4452ED016A1346043A964537EE8B
:1050A000267AF7D1029A002A64D177EEC77A81ED89
:1050B000007A5CB10122B3EC017A0132944277EEBE
:1050C000877AF8DA029B0BB1F1EE677AC1ED017ACB
:1050D000B0E7689B032BADD1002C00F084800EEB71
:1050E000020696ED007A3046354655ED017AF0EE2F
:1050F000476A37EE277A2B4677EEC77A043D77EE7C
:10510000A67AAE45C3ED007A03ED017AEDD1012C0C
:1051100069D096ED007A70ED017AF0EE476A37EECD
:10512000277A834277EEC77A80ED007A77EEA67A07
:10513000C0ED017AEFD15FED967A1A44043332ED77
:10514000017A934277EE877AF9D1029BDDED326ADC
:105150009DED337AD3B9C1ED006A81ED017AC1EDDD
:10516000027A67E7BDEEC00A5C4610EE103A4AF8D4
:105170002B3079E6F1EE476A77EEC77AC1ED006A27
:10518000002C97D1A0E7F1EE677A51E7F1EE666A5D
:10519000B1EE477AF1EE677AC1ED006A81ED017AEE
:1051A000C1ED027A46E7012811D002287FF408AF4A
:1051B0000EF03F034AF8213002E7689B022B0EDC19
:1051C000002B21DC7FF436AF5FEDBB7A2CE70EF0CD
:1051D0007F03022A4AF821307FF4A1ADF3E6689BF1
:1051E000032B7FF427AFDFED0E7AAEE700252046D4
:1051F00073461D6000283FF406AF0238461C5D6010
:1052000003F10803F5D1FEE6029BDDED327A1BB116
:105210004FF000430B6057E700230B6056E700BFD9
:10522000000000002DE9F04782B00646DDF828E0D6
:105230000846B4460D46002B4ED18A4214466DD91D
:10524000B2FA82F242B1C2F12003954026FA03F38A
:1052500094401D4306FA02FC260CA7B2B5FBF6F1FA
:105260004FEA1C4306FB115543EA054301FB07F0D7
:10527000984209D9E31801F1FF3580F00381984283
:1052800040F20081023923441B1A1FFA8CFCB3FB45
:10529000F6F006FB10334CEA034C00FB07F36345C2
:1052A0000AD914EB0C0C00F1FF3580F0ED8063455A
:1052B00040F2EA80A444023840EA0140ACEB030C1F
:1052C0000021BEF1000F04D02CFA02F30022CEE937
:1052D000003202B0BDE8F0878B4209D9BEF1000F61
:1052E00001D0CEE900610021084602B0BDE8F08798
:1052F000B3FA83F1174600294DD1834202D3B2425B
:1053000000F20F81B6EB070C60EB030301201D4692
:10531000BEF1000FDDD0CEE900C5DAE7002A00F0CB
:1053200098801A46B4FA84F3002B40F0AF800B1B30
:10533000270CA6B20121B3FBF7F54FEA1C4007FB8F
:10534000153340EA034306FB05F8984507D9E318EF
:1053500005F1FF3002D2984500F2E8800546A3EB44
:1053600008031FFA8CFCB3FBF7F007FB10334CEA81
:10537000034C06FB00F3634508D914EB0C0C00F159
:10538000FF3602D2634500F2CE803046ACEB030C10
:1053900040EA054095E7C1F120058B4022FA05FC63
:1053A0004CEA030C00FA01F426FA05F3E84002FA8D
:1053B00001F943EA04084FEA1C4206FA01FAB0FB7D
:1053C000F2F71FFA8CF602FB17004FEA184444EA82
:1053D000004407FB06F0A0420AD91CEB040407F1C5
:1053E000FF3380F09C80A04240F29980023F6444E9
:1053F000241A1FFA88F3B4FBF2F002FB104443EACC
:10540000044300FB06F69E4209D91CEB030300F19E
:10541000FF3480F082809E427FD90238634440EAA4
:105420000740A0FB09749B1BA3423E46A04664D3E1
:1054300061D0BEF1000F0AD0BAEB060263EB08039D
:1054400003FA05F5CA401543CB40CEE900530021CD
:105450003FE7730843EAC1734A08190C41EA024165
:105460004FEAC67C9BB2B2FBF4F02646A046274624
:105470001F2243EA0143B1FBF4F1A3EB080341EA25
:10548000004158E72946FFE6284615E71A46C3F1CA
:1054900020019C4026FA01F320FA01F190400343D9
:1054A000270C06FA02FCB1FBF7F0A6B207FB1015B9
:1054B000190C41EA054100FB06F58D423BD9611804
:1054C00001D28D4220D8491B0138B1FBF7F5019577
:1054D00005FB06F8019D9BB207FB151143EA01434A
:1054E000434526D2E31805F1FF31C6D24345C4D265
:1054F000A91E2344C1E7BA459BD2B7EB090664EB6A
:105500000C040138A04694E7651B29440238B1FB1E
:10551000F7F5019505FB06F8DCE720467FE71F4617
:1055200066E70846F4E6A44402382FE7023D234428
:1055300015E70199A1E7491BB1FBF7F5019505FBBB
:1055400006F8C7E7002301461A46184600F03EB9A0
:105550000A22002100F0A2B8242B2DE9F84F42D8EE
:10556000012B884619463ED091464B4A82461E463C
:10557000C64670461EF8017BD35D13F00803F8D1D0
:105580002D2F70D02B2F05BF9EF800709B469B4699
:1055900000F1020E6FF0004361BB302F4DD00A26A0
:1055A00031460022B3FBF6F4104606FB143505E045
:1055B0003CD006FB00C001221EF8017BA7F1300C95
:1055C000BCF1090F06D9A7F1410CBCF1190F17D88E
:1055D000A7F1370C61451CDD571CEDD08442E7D2A2
:1055E0004FF0FF32E8E700F0ADF81623036000202B
:1055F000BDE8F88F1029D4D1302F27D00E46D0E740
:10560000A7F1610CBCF1190F03D8A7F1570C614544
:10561000E2DC511C30D0BBF1000F0CD1B9F1000F0E
:10562000E6D0AABBC9F80080BDE8F88F6545C0DAAE
:105630004FF0FF32C0E74042F0E79EF8002002F052
:10564000DF02582A08D008263146AAE79EF8002033
:1056500002F0DF02582AD1D110269EF8017031469F
:105660000EF1020E9DE79EF800704FF0004300F12E
:10567000020E4FF0010B8FE72222CAF80020B9F189
:10568000000F07D00EF1FF381846C9F80080CBE7AD
:105690000346F7E71846ABE7398F030800B5DFF894
:1056A00018E084461346DEF800005DF804EB0A4675
:1056B0006146FFF751BF00BFB002002030B584073C
:1056C0008646034606D0A2B303F8011B980702F1F1
:1056D000FF32F8D1032A26D95FFA81FC0CEB0C2C9F
:1056E0000F2A0CEB0C402AD922F00F0C9C44C3E982
:1056F0000000C3E9020010336345F8D112F00C0F2B
:1057000002F00F0417D04FEA940C0CF1FF351A4643
:1057100003EB8C0C42F8040B6245FBD1043304F01C
:10572000030203EB850322B11A4403F8011B9A42DA
:10573000FBD1704630BD2246002AF5D1F9E7144668
:10574000E1E700BF014B1868704700BFB0020020BE
:1057500070B50E4E0E4DAE4208D0761BB61000242A
:1057600055F8043B01349847A642F9D8094E0A4D32
:1057700003F064FCAE4208D0761BB610002455F846
:10578000043B01349847A642F9D870BD5C900308E9
:105790005C900308649003085C90030838B5074DDB
:1057A000074C2C1BA41005D0013C55F8043D98472C
:1057B000002CF9D1BDE8384003F046BC68900308DE
:1057C00064900308704700BF704700BFF0B51D4CE0
:1057D00083B005462068019116461F46FFF7F2FF89
:1057E000194A0199136823B35A6820681F2A23DCD9
:1057F0004DB9541C02325C6043F82210FFF7E4FFFD
:10580000002003B0F0BD03EB820E0124CEF88860C7
:10581000D3F88861944046EA040C022DC3F888C18D
:10582000CEF80871E5D1D3F88C512543C3F88C51DB
:10583000DFE7064B1360D7E7FFF7C6FF4FF0FF30F7
:10584000DFE700BFB804002064C10020D4BF0020FF
:10585000024B13B10248FFF775BE7047000000000D
:105860009D5703080000C03E0000003F000000BF3D
:10587000000040BF0000003E0000803E00D57FAA2F
:10588000FE2B815429FC5683D702A87D52872DF820
:10589000AC79D3067BAE04D18550FA2FA471DB0E10
:1058A0005A8F25F08D58F22773A60CD9F623895C00
:1058B00008DD77A2DF0AA07521F45E8B9D48E237F0
:1058C00063B61CC9B461CB1E4A9F35E0CF1AB065E0
:1058D00031E44E9BE633994C18CD67B239EC4693D0
:1058E000C712B86D10C56FBAEE3B91446BBE14C1C0
:1058F0009540EA3F42973DE8BC69C316EF3A9045B0
:1059000011C46EBBC613B96C38ED4792BD68C2179F
:1059100043963CE99441EB3E6ABF15C04B9E34E18F
:10592000B560CA1F62B71DC89C49E33619CC66B37F
:10593000E732984D30E54F9ACE1BB16472A70DD86F
:105940008C59F3265B8E24F1A570DA0F20F55F8A5F
:10595000DE0BA17409DC76A3F722885DD603A97C4F
:1059600028FD5782FF2A805501D47EAB8451FB2E3F
:105970007AAF05D0AD78D20753862CF9000000002D
:1059800000000000000069400000000000006940C5
:1059900000004842000080400000000000C072404B
:1059A0000000000000004940000082420000E0408A
:1059B0000000000000000000000000000D424C4804
:1059C000656C69F47D000000000021104220633006
:1059D0008440A550C660E770088129914AA16BB147
:1059E0008CC1ADD1CEE1EFF13112100273325222EF
:1059F000B5529442F772D662399318837BB35AA397
:105A0000BDD39CC3FFF3DEE36224433420040114BE
:105A1000E664C774A44485546AA54BB528850995E6
:105A2000EEE5CFF5ACC58DD553367226111630068E
:105A3000D776F6669556B4465BB77AA71997388736
:105A4000DFF7FEE79DD7BCC7C448E5588668A7784E
:105A50004008611802282338CCC9EDD98EE9AFF986
:105A6000488969990AA92BB9F55AD44AB77A966A2E
:105A7000711A500A333A122AFDDBDCCBBFFB9EEBD6
:105A8000799B588B3BBB1AABA66C877CE44CC55CFE
:105A9000222C033C600C411CAEED8FFDECCDCDDD26
:105AA0002AAD0BBD688D499D977EB66ED55EF44ECE
:105AB000133E322E511E700E9FFFBEEFDDDFFCCF76
:105AC0001BBF3AAF599F788F8891A981CAB1EBA1CA
:105AD0000CD12DC14EF16FE18010A100C230E32046
:105AE0000450254046706760B9839893FBA3DAB3EE
:105AF0003DC31CD37FE35EF3B1029012F322D23296
:105B00003542145277625672EAB5CBA5A8958985BD
:105B10006EF54FE52CD50DC5E234C324A0148104E5
:105B20006674476424540544DBA7FAB79987B8978D
:105B30005FE77EF71DC73CD7D326F2369106B01635
:105B400057667676154634564CD96DC90EF92FE94D
:105B5000C899E9898AB9ABA9445865480678276885
:105B6000C018E1088238A3287DCB5CDB3FEB1EFB2D
:105B7000F98BD89BBBAB9ABB754A545A376A167AD5
:105B8000F10AD01AB32A923A2EFD0FED6CDD4DCDFD
:105B9000AABD8BADE89DC98D267C076C645C454C25
:105BA000A23C832CE01CC10C1FEF3EFF5DCF7CDFCD
:105BB0009BAFBABFD98FF89F176E367E554E745E75
:105BC000932EB23ED10EF01E010000000000000036
:105BD0000200000000D57FAAFE2B815429FC5683C9
:105BE000D702A87D52872DF8AC79D3067BAE04D1BD
:105BF0008550FA2FA471DB0E5A8F25F08D58F227AD
:105C000073A60CD9F623895C08DD77A2DF0AA0759C
:105C100021F45E8B9D48E23763B61CC9B461CB1E8C
:105C20004A9F35E0CF1AB06531E44E9BE633994C7C
:105C300018CD67B239EC4693C712B86D10C56FBA6C
:105C4000EE3B91446BBE14C19540EA3F42973DE85C
:105C5000BC69C316EF3A904511C46EBBC613B96C4C
:105C600038ED4792BD68C21743963CE99441EB3E3C
:105C70006ABF15C04B9E34E1B560CA1F62B71DC82C
:105C80009C49E33619CC66B3E732984D30E54F9A1C
:105C9000CE1BB16472A70DD88C59F3265B8E24F10C
:105CA000A570DA0F20F55F8ADE0BA17409DC76A3FC
:105CB000F722885DD603A97C28FD5782FF2A8055EC
:105CC00001D47EAB8451FB2E7AAF05D0AD78D207DC
:105CD00053862CF9B0600308D4600308F860030809
:105CE0001C6103084061030864610308BE37863500
:105CF00000000000000000000000000000000000A4
:105D0000FAED6B3A00000000000000000000000007
:105D100000000000FAED6B3A0000000000000000F7
:105D20000000000000000000FAED6B3A2E90A03B4E
:105D30000000000000000000000000000000000063
:105D400000401C45000000000000000000000000B2
:105D5000000000000000964300000000000000006A
:105D60000000000000000000000096432995000894
:105D7000A8000000AE080000E8030000D007000003
:105D8000E99500080E000000E80300000100000093
:105D9000E703000000000000010000000200000016
:105DA00003000000060000000700000008000000DB
:105DB00009000000040000000500000003060404C0
:105DC0000408080606080801020202020202010293
:105DD00002020202020000000000000018000000A1
:105DE000280000000000000008000000080000007B
:105DF0000100000008000000080000000000000092
:105E0000080000000800000000000000080000007A
:105E1000080000000000000008000000080000006A
:105E20000000000008000000080000000000000062
:105E3000080000000800000000000000080000004A
:105E4000080000000000000008000000080000003A
:105E50000000000008000000080000000100000031
:105E6000080000000800000001000000000034C32A
:105E7000000034C3000034C300000000000034C23E
:105E800000000000000034C2000000000000F0C16B
:105E9000000000000000B4C100000000000000008D
:105EA00000000000000000000000000000000000F2
:105EB00000000000000000000000000000000000E2
:105EC00000000000000000000000000000000000D2
:105ED0000000000000000000486172642046617507
:105EE0006C743A00434653522020000048465352F7
:105EF000202000004D4D46415220000042464152B4
:105F000020200000466F726365643A005573616734
:105F10006520000042757320202000004D656D2033
:105F2000202000005350202020000000523020206C
:105F3000200000005231202020000000523220209A
:105F40002000000052332020200000005231322077
:105F5000200000004C522020200000005043202050
:105F60002000000050535220200000006C65676143
:105F700063790000656E756D000000007261642F2A
:105F8000730000006269746D61736B00560000005D
:105F900025000000487A00006D000000646567007D
:105FA0006D2F73006D4168006465672F73000000FA
:105FB000252F73006761696E00000000410000003A
:105FC00053544D3332205669727475616C20436F9F
:105FD0006D506F727420696E204653204D6F64655A
:105FE0000000000053544D6963726F656C65637403
:105FF000726F6E6963730000303030303030303093
:10600000303530430000000056435020436F6E6629
:106010006967000056435020496E7465726661637B
:10602000650000006D34774643496E7466000000D9
:10603000434C464C0000000053504B5900000000F8
:1060400053657020323320323032360032313A34E8
:10605000303A31300000000056332E00300000008E
:1060600055415658463456333A302056323032363F
:106070002D30392D32330000575000005254480063
:1060800021455252000000004F4B0000414E474C4A
:10609000000000004143524F000000004148000052
:1060A000484F4C4400000000554156582000000065
:1060B00024505542582C34312C312C303030332C74
:1060C000303030312C3233303430302C302A3143C0
:1060D0000D0A000024505542582C34312C312C30FC
:1060E0003030332C303030312C3131353230302CAF
:1060F000302A31450D0A000024505542582C3431C5
:106100002C312C303030332C303030312C35373688
:1061100030302C302A32440D0A0000002450554201
:10612000582C34312C312C303030332C303030314D
:106130002C33383430302C302A32360D0A0000002F
:1061400024505542582C34312C312C303030332CE3
:10615000303030312C31393230302C302A32330D5E
:106160000A00000024505542582C34312C312C3078
:106170003030332C303030312C393630302C302A1E
:1061800031360D0A00000000030301010001010285
:10619000020404000005060708090A0D0B0B0C0D8C
:1061A0000E00000000000000CDCC4C3F7B142E3EC2
:1061B000CDCC0C3FCDCC64410000000000000000BD
:1061C0000000000000000000000000000EF8FC3A93
:1061D000349D9D3B00000000000000000000000016
:1061E000368DA740368DA740DB0F49400000704137
:1061F00000000000CDCCCC3D00000000CDCC4C3FD9
:106200007B142E3ECDCC0C3FCDCC64410000000071
:10621000000000000000000000000000000000007E
:106220000EF8FC3A349D9D3B000000000000000089
:1062300000000000368DA740368DA740DB0F494097
:106240000000704100000000CDCCCC3D00000000FB
:106250009A99993FCDCC4C3ECDCC0C3F3333AB41DA
:10626000000000000000000000000000000000002E
:10627000000000006F12833B0AD7233C000000009F
:106280000000000000000000368DA740368DA740BA
:10629000DB0F49400000704100000000CDCCCC3D38
:1062A00000000000CDCC8C3FEC51383ECDCC0C3FF3
:1062B000CDCC9C4100000000000000000000000068
:1062C0000000000000000000A69B443BA69BC43BCE
:1062D000000000000000000000000000368DA74014
:1062E000368DA740DB0F49400000704100000000E0
:1062F000CDCCCC3D000000000000C03FAE47613E69
:10630000CDCC0C3F6666D6410000000000000000C6
:10631000000000000000000000000000143FC63B29
:10632000FE65773C00000000000000000000000057
:10633000368DA740368DA740DB0F494000007041E5
:1063400000000000CDCCCC3D010000003333333FD2
:10635000000000006666E63E00002041000050415B
:106360000000D0400000E0410000003F295C8F3D6C
:106370004260653B0AD7A33BCD4C024366668A4325
:106380000000C040000060409A99993F0000C03F63
:1063900000006041C3F5E83F00000000010000007C
:1063A000CDCC4C3F000000000000003F0000404109
:1063B00000006041000000410000F0416666E63EDA
:1063C000295C8F3DA69BC43B6F12033C3333834152
:1063D00066668D4333337342000040409A99993F7B
:1063E0000000C03F000040411F850B40000000003E
:1063F000010000009A99993F9A99193F3333B33EAF
:1064000000007041000020410000D0400000B04179
:106410009A99193F8FC2753D295C0F3DCDCC4C3DFB
:1064200000009C41CDCC2C42333331420000C03FB0
:106430000000803F0000803F000020410000803FBE
:1064400000000000010000009A99993F9A99193FB5
:106450003333B33E00007041000020410000C040D3
:106460000000B0413333333FAE47613D295C0F3DFF
:10647000CDCC4C3D9A99034200002F43666688427A
:106480000000C03F0000803F0000803F000020412E
:10649000713D4A3F00000000010000006666663F53
:1064A0006666E63ECDCCCC3E000050410000304157
:1064B0000000F0400000C041CDCC0C3F8FC2753DC4
:1064C0008FC2753C0AD7A33C0000704100003442E3
:1064D0000000C841000020409A99993F9A99993F3D
:1064E000000030419A99993F00000000010000002F
:1064F0000000803F0000003F3333B33E00004041C6
:10650000000020410000E0400000A041CDCC0C3F45
:10651000B81E853D0AD7A33C8FC2F53C00000000A1
:1065200066665042CDCCE441000000400000803F50
:106530000000803F000010413D0A973F000000002E
:10654000020000000000C03FCDCCCC3E0000003F68
:106550000000A041000040410000A0400000C841F0
:106560000000003FCDCCCC3D0AD7A33C8FC2F53C08
:1065700000000000000000000000000000002040BB
:106580009A99993F0000C03F000040410000000080
:106590000AD7A33D030000000000A0400000000057
:1065A0000000003F000000000000000000000000AC
:1065B0000000A040000000000000003F00000000BC
:1065C0000000003F0000000000000000000000008C
:1065D00000000000000000000000C03F00000000BC
:1065E00000000000CDCC4C3E030000000000004045
:1065F000000000000000003F00000000000000005C
:106600000000000000002041000000009A99993E1F
:1066100000000000CDCC4C3E000000000000000057
:10662000000000000000000000000000000000402A
:1066300000000000000000009A99193E03000000CD
:106640000000C03F000000000000003F000000000C
:1066500000000000000000000000404100000000B9
:106660000000803E00000000CDCCCC3D00000000CA
:10667000000000000000000000000000000000001A
:10668000000020400000000000000000CDCCCC3D08
:106690000000003F0000003FCDCC4C3E0000804099
:1066A00000008040CDCC4C3FE001B8005C002900E8
:1066B00014000A000500CC01FA00B80062002900AD
:1066C00014000A000500100E6C3E002003010000BB
:1066D0000AD7A33B000000000000F041A69BC43A8B
:1066E0006C5F0308E438002003060000282CF13911
:1066F00000000000713D6A40EBF5F6346C5F030862
:10670000483E0020030400000000803F000000001D
:10671000000048430000E03F84610308227D002020
:10672000000000000000803F000000000000803FEB
:1067300000000000745F0308543E0020030A0000BC
:106740008FC2753C000000000000F0410AD7233CD6
:106750007C5F0308B43B0020030100000AD7A33B81
:10676000000000000000F041BC74133B6C5F0308A4
:10677000E038002003060000E2E9953C000000003C
:10678000713D6A4009E1D13B6C5F0308903B0020FA
:10679000030400000000803F0000000000004843A8
:1067A0000000E03F8461030878A60020000000009C
:1067B0000000803F000000000000A0400000A0405A
:1067C000745F03089C3B0020030A00008FC2753CE5
:1067D000000000000000F0410AD7233C7C5F030862
:1067E00024410020030100000AD7A33B0000000061
:1067F0000000F0418FC2753B6C5F03087C3E0020B7
:106800000302000017B7D13800000000000000406C
:10681000BD3706366C5F0308888100200000000049
:106820000000803F000000000000A04000000000C9
:10683000745F030804A10020000000000000803FF6
:10684000000000000000804000000000745F0308AA
:1068500084000020000000000000803F00000000D5
:106860000000A04000008040745F0308AB8E002051
:10687000000000000000803F0000000000007F4397
:106880000000B041845F0308703000200000000069
:106890000000803F00000000000070410000000088
:1068A000745F0308682E0020030000000000803F92
:1068B000000010410000A0419A9919418C5F030823
:1068C000F805002003080000CDCCCC3D00000000FE
:1068D0000000A041CDCCCC3D6C5F0308000000005F
:1068E000030000000000803F0000000000007F4324
:1068F0000000000000000000B4380020030E00007B
:106900000AD7233C000000000000803F0AD7A33CC8
:10691000905F030890380020030E00000AD7233C44
:10692000000000000000803F00000000905F0308AE
:10693000AC380020030E00000AD7233C0000000002
:106940000000803FCDCC4C3D905F03084C3E0020C2
:1069500003050000CDCC4C3D0000000000007A4350
:10696000CDCC4C3C6C5F0308943B00200305000039
:10697000CDCC4C3D0000000000007A43CDCC4C3C17
:106980006C5F0308FC05002003080000CDCCCC3D63
:10699000000000000000A041CDCCCC3D6C5F03089E
:1069A00034000020031000000000803F00000000C1
:1069B00000007F430000C841945F0308C43B0020EF
:1069C0000302000017B7D1380000000000000040AB
:1069D000BD3706366C5F030818210020030700004E
:1069E0008FC2753D00000000000070418FC2F53C71
:1069F0006C5F03087C3B0020030600000000803F22
:106A000000000000713D6A40931ADA396C5F030898
:106A1000B8380020030000000AD7233CCDCC4C3E00
:106A20000000003F9A99993E905F0308D00F002024
:106A3000030000000AD7233C00000000CDCC0C3F2F
:106A40000AD7A33B6C5F030880810020030000008D
:106A50000000803F000000000000F04100002041E5
:106A6000985F030898BD0020030B000035FA8E3CA8
:106A700000000000960A863F7EC3643E9C5F0308C8
:106A800000000000000000000000803F0000000047
:106A900000007F4300000000000000000C00002008
:106AA000000000000000803F0000000000000040E7
:106AB00000000040745F03080000000000000000B8
:106AC0000000803F00000000000080410000E04026
:106AD0000000000071300020000000000000803F36
:106AE00000000000000070410000803F745F030858
:106AF00048000020030000000000803F000000006C
:106B00000000003FCDCC4C3E0000000084810020FE
:106B1000030E00000AD7233C000000000000803F65
:106B200000000000905F03086421002003070000BC
:106B30000000803F00000000000070410000A04005
:106B40006C5F030872300020000000000000803FEE
:106B5000000000000000704100000040745F030866
:106B600073300020000000000000803F00000000A3
:106B70000000704100004040745F0308F5000020F1
:106B8000000000000000803F000000000000D04135
:106B900000008040745F030805A100200000000091
:106BA0000000803F000000000000E04000000040C6
:106BB000745F0308C4380020030000000000803F19
:106BC000000000000000484200004040A05F0308B1
:106BD00089810020000000000000803F00000000CC
:106BE0000000F04100007041805F0308C1000020F8
:106BF000000000000000803F000000000000E040B6
:106C000000000040745F03085021002003070000CB
:106C10000AD7233C000000000000704117B7513A2A
:106C20006C5F030876300020000000000000803F09
:106C300000000000000070410000C040745F0308C5
:106C400075300020000000000000803F00000000C0
:106C5000000070410000A040745F03088A8100209A
:106C6000000000000000803F000000000000FE4225
:106C700000000000845F03084400002003000000BF
:106C80000000803F00000000000048420000C841B2
:106C9000000000005C2E0020031500000000803F73
:106CA0000080BB4400401C460080BB44A45F030836
:106CB00074300020000000000000803F0000000051
:106CC0000000704100008040745F03087B300020AA
:106CD000000000000000803F000000000000704144
:106CE00000003041745F03081021002003070000FA
:106CF000022B873C0000000000007041022B873B04
:106D00006C5F03088C810020030000000000803FBE
:106D10000000000000007F43000020410000000050
:106D2000AC100020030000000AD7233C000000BF85
:106D30000000003F00000000905F03087930002051
:106D4000000000000000803F0000000000007041D3
:106D500000001041745F03081421002003070000A5
:106D60006F12833B0000000000007041ACC5A738E3
:106D70006C5F030800000000000000000000803F7E
:106D80000000000000007F43000000000000000041
:106D90001C210020030700000000803F00000000CD
:106DA000000070410000803FA05F030838410020D0
:106DB000030D000035FA8E3C00000000378D27419E
:106DC000910A0640A85F0308A4380020030E0000C3
:106DD0000000803F000000000000803F9A99193EAB
:106DE000000000009C380020030E00000AD7233C5E
:106DF000000000000000803F0AD7233C905F03089A
:106E00000000000003000000CDCC4C3D000000005D
:106E100000007F430000803F6C5F0308983800202B
:106E2000030B000035FA8E3C00000000960A863FF6
:106E3000960A863F9C5F030868210020030B000030
:106E400035FA8E3C00000000960A863FE866DF3E79
:106E50009C5F03088C380020030F00000AD7233CF6
:106E6000000000000000003F00000000B05F0308C9
:106E7000A0380020030E00000AD7233C00000000C9
:106E80000000803F0000803E905F0308D82F002064
:106E9000000000000000803F000000000000804073
:106EA00000008040745F0308000000000300000041
:106EB0000000803F0000000000007F430000000051
:106EC00000000000AA8E0020000000000000803FAB
:106ED0000000000000007F4300009642845F03082A
:106EE000A03B0020030B000035FA8E3C00000000A0
:106EF000960A863F960A063F9C5F03080000000042
:106F0000030000000000803F0000000000007F43FD
:106F100000008040B45F0308583E0020030B0000CF
:106F200035FA8E3C00000000960A863F960A063F1E
:106F30009C5F030838000020030000000000803F31
:106F40000000C84100007F4300004842945F0308EE
:106F50006C210020030B000035FA8E3C000000007D
:106F6000960A863FC7B8B23E9C5F03087C38002073
:106F7000030000000000803F00000000CDCC4C3E2C
:106F8000A69B443BB05F0308E8000020030E00000E
:106F90000AD7233C000000000000803FCDCC4C3FCE
:106FA000905F030894380020030C000035FA8E3CF3
:106FB000C7B8B2BEC7B8B23E000000009C5F03086D
:106FC000803E0020030D000035FA8E3C00000000DA
:106FD000378D2741910A8640A85F0308C83B0020EF
:106FE000030D000035FA8E3C00000000378D27416C
:106FF000910A0640A85F0308642E002003120000D7
:107000000000803F0000000000007F4300000000FF
:10701000BC5F030860000020031100000000803FF7
:107020000000000000007F43000094418C5F0308D3
:1070300088380020030E00000AD7233C000000001F
:107040000000803FCDCC4C3E905F03088438002088
:10705000030E00000AD7233C000000000000803F20
:1070600000000000905F030870210020030D000065
:1070700035FA8E3C00000000378D2741960A063F06
:10708000A85F0308C0000020000000000000803F4F
:10709000000000000000A04000008040745F030872
:1070A000344100200300000017B7D1370000000072
:1070B000CDCC4C3DBD3786356C5F03080000000029
:1070C000000000000000803F0000000000007F433F
:1070D00000000000000000000000000000000000B0
:1070E0000000803F000000000000C84200000000D7
:1070F000745F03087A300020000000000000803F29
:10710000000000000000704100002041745F03088F
:1071100077300020000000000000803F00000000E9
:10712000000070410000E040745F030878300020E8
:10713000000000000000803F0000000000007041DF
:1071400000000041745F03080041002003040000B8
:107150000000803F00000000000048430000403F66
:10716000846103080441002003050000CDCC4C3DA0
:107170000000000000007A43CDCC4C3C6C5F03085B
:107180000C410020030A00000ADA643A0000000003
:107190000000F0418FC2F53C7C5F0308EC38002012
:1071A00003060000CDCC4C3D00000000713D6A405C
:1071B0008FC2753B6C5F0308A98E002000000000A1
:1071C0000000803F00000000000080400000803F81
:1071D000745F03080839002003060000C98E8D394A
:1071E00000000000713D6A4084F490346C5F030835
:1071F00094000020030000000AD7233C0000000098
:107200000000803E0000803E905F03088038002030
:10721000030000000000803F000040C000000000AC
:107220000000C0BFA05F03080000000000000000D5
:107230000000803F0000000000007F4300000000CD
:107240000000000098000020030000000000803FC4
:10725000000000000000F0410000803FA05F030834
:1072600058210020030000000000803F00000000C3
:107270000000204100008040985F03085C2100204E
:10728000030000000000803F000000000000F0410B
:1072900000004040985F03082841002003030000DD
:1072A0006F12833A00000000000000400000000060
:1072B0006C5F030830410020030000000AD7233C24
:1072C000000000000000004052499D396C5F030837
:1072D00000000000030000000000803F00000000EC
:1072E00000007F43000000000000000000000000DC
:1072F000030000000000803F0000000000007F430A
:10730000000000000000000010000020030000004A
:107310000AD7233C9A99193E0000803FCDCCCC3E41
:10732000905F030800000000030000000000803FA1
:107330000000000000007F4300000000000000008B
:10734000EC2F0020030E00000AD7233C00000000B1
:107350000000803F0AD7A33C905F03086021002013
:10736000030000000000803F0000000000007A449D
:1073700000004843985F03086400002003000000F9
:107380000000803F000000000000C8410000704184
:10739000985F0308A88E0020000000000000803FD6
:1073A000000000000000004000000000745F0308BF
:1073B000F4000020000000000000803F00000000FA
:1073C000000070420000A040805F0308F000002031
:1073D000030000000AD7233C000000000000003F2B
:1073E0009A99193E905F03087C81002003060000F3
:1073F0006F12833A00000000713D6A4017B75138A0
:107400006C5F0308C0380020030000000000803FCC
:10741000000000000000484200004040A05F030858
:1074200078810020030000000AD7233C0000000000
:107430000000A04100000000905F0308BC3800205D
:10744000030000000000803F0000000000007041C9
:1074500000004040985F03080000000000000000AA
:107460000000803F0000000000007F43000000009B
:1074700000000000EC000020000000000000803F41
:10748000000000000000A0400000803F745F03087F
:1074900000000000000000000000803F000000002D
:1074A00000007F430000000000000000A78E0020C5
:1074B000000000000000803F000000000000E040ED
:1074C00000000000745F03080000000000000000DE
:1074D000000000000000F04100000000000000403B
:1074E00000000000000000400000000000004843D1
:1074F0000000000000007A4300000000713D6A4077
:107500000000000000007041000000000000A041E9
:10751000000000000000A041000000000000F04159
:1075200000000000960A863FC7B8B2BEC7B8B23E98
:1075300000000000378D2741000000000000803F60
:10754000000000000000003F0000000000007F433A
:107550000000000000007F430000000000007F43A7
:107560000000000000007A440000000000004842D3
:107570000080BB4400401C46000000000000704238
:107580000201000202000000787D8B3A0AE89C3A72
:10759000000000460000000001010002D0000000D1
:1075A000000000000000000001000002EE000000EA
:1075B0000000000000000000010000023C0000008C
:1075C000000000000000000001000002A000000018
:1075D00000000000000000000000000000000000AB
:1075E000000000000000000000000000000000009B
:1075F000000000000000000000000000000000008B
:10760000000000000000000000000000000000007A
:10761000000000000000000000000000000000006A
:107620000000000000000000000000033C0000001B
:10763000000000000000000000000000000000004A
:10764000000000000000000000000000000000003A
:1076500000000000000000000000000000300140B9
:10766000000002402000050000000240400006002B
:1076700000000240800007000000000000380040C9
:107680000004024000200D000004024000400E00F3
:107690000004024000800F0000000000003C004099
:1076A0000008024000040A000008024000080B0025
:1076B0000008024000100C00000000000000000064
:1076C00000000000000000000000000000000000BA
:1076D00000000000000000000054004000040240D0
:1076E0004000060000040240800007000400000083
:1076F00001000000005800400004024000040A009D
:107700000004024000080B0004000000000000001C
:10771000005C0040000000000000000000000000CD
:1077200000000000000000000100000000200140F7
:1077300000080240010000000A00000001000000F3
:107740000000000010640240010000000100000081
:107750000020014000080240020001000B00000070
:107760000100000000000000106402400200000060
:107770000100000000200140000802400400020057
:107780000C00000001000000000000001064024036
:10779000030000000100000000200140000802403A
:1077A000080003000D0000000100000000000000C0
:1077B00010640240040000000100000000200140AD
:1077C00000080240100004000E000000010000004C
:1077D00000000000106402400500000001000000ED
:1077E0000020014000080240200005000F000000BA
:1077F00001000000000000001064024006000000CC
:107800000000000000000000000000000000000078
:107810000000000000000000000000000000000068
:107820000000000000000000000000000000000058
:1078300000000000010000000010014000000240B4
:10784000000209000000024000040A0000C201001A
:10785000000000200007250000000008B864024076
:10786000460000008864024001000000004400401F
:107870000000024004000200000002400800030073
:1078800000C20100000000200007260000000008E0
:10789000A06002401100000088600240000000006B
:1078A000004800400004024000040A0000040240B6
:1078B00000080B0000C201000000002000072700A4
:1078C00000000008586002400E00000028600240DE
:1078D00001000000004C00400008024000040A00C3
:1078E00000000000000000008025000000000020D3
:1078F0000008340000000008706002400F00000023
:107900004060024000000000000000000000000095
:107910000000000000000000000000000000000067
:107920000000000000000000000000000000000057
:107930000000000000000000010000000000000046
:107940000000000000000000000000000000000037
:107950000000000000000000000000000000000027
:107960000000000000000000000000000100000016
:1079700000040240080003000100000000000000B5
:1079800000000000000000000000000000000000F7
:1079900000000000000000000000000000000000E7
:1079A000010000000004024010000400010000007B
:1079B00000000000000000000000000000000000C7
:1079C00000000000000000000000000000000000B7
:1079D00000000000010000000008024000080B0049
:1079E0000100000000000000000000000000000096
:1079F0000000000000000000000000000000000087
:107A0000000000000000000001000000000802402B
:107A100000100C0001000000000000000000000049
:107A20000000000000000000000000000000000056
:107A30000000000000000000000000000100000045
:107A40000000024000100C000100010000000000D6
:107A50000000000000000000000000000000000026
:107A60000000000000000000000000000000000016
:107A700001000000000002400200010000000100BF
:107A800000000000000000000000000000000000F6
:107A900000000000000000000000000000000000E6
:107AA0000000000001000000000802400002090080
:107AB00000000100000000000000000000000000C5
:107AC00000000000000000000000000000000000B6
:107AD000000000000000000001000000000802405B
:107AE000400006000100010000000000000000004E
:107AF0000000000000000000000000000000000086
:107B00000000000000000000000000000100000074
:107B10000008024080000700010001000000000092
:107B20000000000000000000000000000000000055
:107B30000000000000000000000000000000000045
:107B40000000000000000000000000000000000035
:107B50000000000000000000000000000000000025
:107B60000000000000000000000000000000000015
:107B70000000000000000000000000000000000005
:107B800000000000000000000000000000000000F5
:107B900000000000000000000000000000000000E5
:107BA00000000000000000000000000000000000D5
:107BB00000000000000000000000000000000000C5
:107BC00000000000000000000000000000000000B5
:107BD00000000000000000000000000001000000A4
:107BE0000004024000020900020001000100000040
:107BF000000800400C0000004008004002000000A7
:107C00000000000000000000000000000000000074
:107C10000100000000040240000108000200010011
:107C20000100000000080040080000003C0800407F
:107C30000200000000000000000000000000000042
:107C40000000000001000000000402408000070066
:107C500002000100010000000008004004000000D4
:107C60003808004002000000000000000000000092
:107C700000000000000000000100000000040240BD
:107C80004000060002000100010000000008004062
:107C90000000000034080040020000000000000066
:107CA00000000000000000000000000001000000D3
:107CB0000000024000080B0002000100010000006B
:107CC000000001400C0000004000014001000000E5
:107CD00000000000000000000000000000000000A4
:107CE0000100000000000240000108000200010045
:107CF00001000000000001400000000034000140CD
:107D00000100000000000000000000000000000072
:107D100000000000010000000000024040000600DA
:107D2000020001000100000000040040000000000B
:107D300034040040020000000000000000000000C9
:107D400000000000000000000100000000000240F0
:107D50008000070002000100010000000004004054
:107D60000400000038040040020000000000000091
:107D70000000000000000000000000000100000002
:107D800000040240010000000200010001000000A8
:107D900000040040080000003C0400400200000015
:107DA00000000000000000000000000000000000D3
:107DB0000100000000040240020001000200010076
:107DC00001000000000400400C00000040040040DE
:107DD00002000000000000000000000000000000A1
:107DE000000000000000000000000240020001004E
:107DF0000100010000000000000000000000000081
:107E00000000000000000000000000000000000072
:107E1000000000000000000001000000000002401F
:107E2000010000000200010001000000000000400D
:107E3000000002000000000001000000000000003F
:107E400000000000000000001C000000283715435F
:107E500028370B43283701434F6EEE424F6EDA420C
:107E60004F6EC6424F6EB2424F6E9E424F6E8A4276
:107E70009FDC6C429FDC44429FDC1C423EB9E941DE
:107E80003EB999417C72134145D848BF848D2CC1BD
:107E9000C246A6C1C246F6C1612323C261234BC2BA
:107EA000612373C2B1918DC2B191A1C2B191B5C22A
:107EB000B191C9C2B191DDC2B191F1C2D8C802C3BA
:107EC000D8C80CC3D8C816C3D8C820C3D8C82AC3BA
:107ED000283733432837294328371F43283715438A
:107EE000E27D0143D27CEA424B35D44281D8BF4285
:107EF0003907AD4244649B427D9E8A4281E97442C7
:107F0000C56C554237833642BA001842DA8FF341C6
:107F1000EC80B741DA387741145CFE405F24C43E00
:107F2000938CE9C0AE5872C14F9EB9C122ECFBC11F
:107F3000F01320C2712643C2082967C2EC0F86C223
:107F4000DF1099C222B0ACC24F16C1C24B7CD6C260
:107F5000AF28EDC29BB302C3D9BA0FC370B11DC322
:107F600049722CC39A602C43F24F1D43EAE40E433E
:107F7000E27D0143C52BAB4231589B42209E8E428D
:107F800040BA83421DB4734238B86042E47A4D422D
:107F90001D3839426480234282450C420FAEE741CE
:107FA0008B94B541C3988341418E2541378E8D40D6
:107FB0001F2EB5BFD7C0EBC0BE875AC15EA2A3C1FA
:107FC000C168DEC1EB760EC233ED2EC2BCD94FC202
:107FD00005AB70C2129088C224AB98C2E4E7A8C275
:107FE00032C6B9C2032CCCC289CFE1C25749FEC206
:107FF00065B814C358043143B86C0A439E44E04248
:108000004574C042C52BAB42E18B3E420C65394200
:10801000F68B334274DE2D428A882842EB052342D8
:10802000DE281C42356C12427B8604421FDDE34190
:10803000D240B641CF438341BBE11E41522C7B402D
:10804000D673A2BF5778B7C02E4A1FC1CC8B69C167
:108050002569A1C139B4D6C10B3809C22D3228C255
:10806000D52C46C263AB61C2BEDC79C23D2B87C250
:10807000CB578FC24EFA94C26BD496C2037591C28D
:108080002BA172C28340A6C19D8BD24141942A424A
:108090006C983D42C72E4142E18B3E42CFC3F7412F
:1080A000A375F9414E5CF7411A1DF4412895F14141
:1080B0002F97F041A7B3EF41309EEA41D589DB41CC
:1080C0000FBFBD41DFEC8F4165532B4172BF3B4079
:1080D000EBAD80C03F1114C153964BC1CFAC72C100
:1080E0009F7C8DC175F0AAC12C71D6C13F8306C299
:1080F0004A1523C2F3E83CC2D38151C245675FC22F
:10810000005A65C2548F61C21ED050C28D9F2EC2CC
:108110001AE3F1C1F74C5CC1E206EC3F2CF15D4182
:108120009722B041AC6DD8416F6AEE41CFC3F741A1
:1081300028DBB2410F05B74162A1B741002EB6411D
:10814000AA02B441F2F5B24126DEB341481CB44163
:10815000CEC7AC41381B95416AC14E4107259840B6
:10816000C19089C06C1542C10F968BC1D6E2A2C1E5
:10817000FCAFADC134E8B1C165A5B7C1C067CCC122
:10818000EE7CF4C10AF111C2185226C2074E33C266
:108190005D9E36C249EB2EC285651BC275EBF7C1E9
:1081A00049CBA8C1EE0835C1314240C04E7F7E4068
:1081B00021021F4144866D415EA394411C5FA8418A
:1081C00028DBB24180AB86413D898A411D3D8C410F
:1081D00072338C4123338A41A32F8741A52B8541DC
:1081E000FF2C84416D2D7D41F0335341912CF040A3
:1081F00095D481BF57F824C1BFE58EC1112AB4C1FF
:108200008A3CC6C11725CCC13E6EC5C1905AB1C1CA
:108210005E63A1C1AFBCABC1E9E0CBC19912EDC1B6
:108220009048FFC1445DFBC1ABE1E1C17F01B7C133
:108230003A407FC1862C0EC163B45AC04E9CDC3ECE
:1082400006F57740772DEE4083A32D4123CA5B418D
:10825000AF147C4180AB86411BAA52413ED05641AF
:10826000D2185941E1625A413BFC5741D7B45041C1
:108270009FB048415DC44241E151354129F909416E
:10828000B77A3640F4FDAFC087FE60C139FFA3C1A5
:10829000D1E8BFC156C8C7C1E313C1C1A29DAAC1DD
:1082A0004E7483C17A5F35C1132C11C1199C2BC147
:1082B000B1F966C174648AC1448B8DC186727CC178
:1082C000FAE143C11939F2C0894140C03E5CF2BDB8
:1082D0009B1BB33F9B3849403A5DB440AD2F0541ED
:1082E00044862B41FD4146411BAA52414D782E4107
:1082F000261E2E4170FC2C417ED72D4136CD2C41BF
:108300000F6226411DAC1E4146EB1741E696064121
:1083100061C3AB403D2CF4BE0A2E04C1DC917AC18E
:108320005316A6C1A251B6C10332AFC1211F97C1D6
:10833000A57768C1829018C1A04F9DC08DEEF4BF93
:1083400047E6E1BF771088C0B398E5C0D5E708C11C
:10835000457002C1B493CCC0E3C762C005FA24BF24
:108360005BB14F3FAB3E933F5D16074034BA85404B
:10837000B2F4D2409ED20C41795D25414D782E4118
:10838000A1101B418D0B1841EDBB1341C8181441BE
:10839000F8881441B3B50F417E1809417EC60041EB
:1083A000AE2AD24044344440E04A30C03B191CC19C
:1083B0004DB27EC1A9079DC12CDAA0C1CFF78CC1F7
:1083C000893556C100D70CC13CA09AC0AB26D0BF9E
:1083D000C1C55A3F4E9CDC3F89EFB43E672C00C0BC
:1083E000E67465C04AEF7BC00E4F53C001FBE4BF8B
:1083F000488A08BEEE08D73E4018183EC0CF383F26
:10840000D59527405CACA0400118EB404D101141C0
:10841000A1101B410DE00F41685C1041B4F10C410B
:10842000D3070F4153791241EAE70F41F5E70741BE
:108430003E79F1400C3CAC406132A53FA1A190C017
:10844000E3A52BC1A8D279C1C3078FC199A488C164
:108450000D0E5EC150C218C169E3AAC09FC809C011
:10846000E50AEF3D2D9501407407434047E6134070
:10847000228EF53EEC6977BFD34DC6BF87E1C3BFFF
:10848000F8FC80BF0A9DD7BE658D22BF1B0DB0BF13
:10849000A1B996BF6F47F83ECE883C4078D1B34033
:1084A000C520FC400DE00F41EAB200416D280E41AD
:1084B000FBF41341A34C1C4192DC2441B8402541FC
:1084C00060BC1941E145FE4067279A40D9CEB7BD4F
:1084D000793BC3C03C773AC1BB1B74C1094481C11D
:1084E000615468C1DE9F33C198DDE7C062845CC01F
:1084F00032031DBF4165A03FBB27314052D56E40BE
:108500001C7C57409A5FFD3F60EA3F3F54E3053EC5
:108510004F5842BE3350D9BEDAAC5ABF2445F8BFDB
:10852000687952C0F2D267C0DE8E16C03EEDB03D13
:1085300071AC4740F0BFC140EAB20041255DCE407A
:10854000B47608419F1F204157213441F62343410F
:10855000CB2146413108374181EC1041C9E59B40B0
:108560004D1089BF26C7F2C0C6504CC1458D75C19C
:108570001F6873C17CFE50C1D3D91CC19F3CC3C0CE
:108580009ED221C0FC6F853E431C0740C3475E401E
:10859000EFFE8C4019C58D40CD06674085EB2B4022
:1085A0005D3301408FDFAB3FB471B43E5E6397BF74
:1085B000A06C56C0AC39B0C0E691CEC0E960B3C083
:1085C000653650C0B1DC523CFCC65F40255DCE40F4
:1085D0006F9E93405F46FD401FCB2A4173CB4D41B8
:1085E0002D8964412996694135245741ADEE2641D4
:1085F0004547A640A5BDF9BF072514C1090A67C1B3
:108600007AAA83C16B8E7BC1729653C1FE9A1DC13B
:10861000CE8DC4C051F721C09B38F93E5BCE2B40B4
:10862000FF95894089D2B0408447C640486DC64016
:10863000D174B74022719D4054746640740CC43F9D
:108640000B7BB2BF670F9CC06440FEC041E516C102
:10865000B29D0DC1247FD0C0D3D943C0C8D2573FEB
:108660006F9E934000004E40BA4EED40BD1833411E
:108670009285644187908241AF2B8741390B7941C4
:1086800017D93C41E59BA640348063C042A63FC158
:108690003C718BC12DCF99C1586291C1841276C1B2
:1086A000A1213BC1D9CEF4C0C78068C03D2C54BCC9
:1086B00075C83F40FAF2AE407AFCF140EB1014412D
:1086C000F0162541CCDD2741D2A918416952E84076
:1086D000C72E6340DB33ABBF0534D0C0F5E728C1FC
:1086E000F63446C13FA93CC1641214C1C3F5AFC002
:1086F000EC6997BF00004E4009502140AA9AEA4019
:108700005BA53C41B36F7941D05592411D789A41A8
:108710006AD88E41F2354F4153E87E401119F1C0BD
:108720006D628CC15391B9C123D5C4C19897B8C1AA
:108730009D349EC122F177C1AAC82BC1253BBBC085
:1087400081958FBF2C2B51403D9BE840DA382E415C
:10875000A7966041F55083412E398C41F62386411E
:108760001CB1584167D5F340ED2A64BEF5B9FCC091
:10877000761A53C1DA7E73C1364D65C11EFE35C10E
:10878000EFE1E5C0FE261AC009502140BCE80140D7
:1087900024D6EB40D6EE45413AAF85414E2E9F415F
:1087A000D4EBA841C1CA9741E76F3641B1F92CC05B
:1087B000AC8596C1B947EDC1F88A07C2464E06C2DC
:1087C00083B4F4C1975CD0C103C9A4C12C486AC169
:1087D0000A1D07C19DD70CC016187C40C5AC1D41B1
:1087E000AAC3764182A8A3416120C541B594DB416B
:1087F000A655E0419178C941E8538C414AEFAF401A
:10880000AD4CD7C09C5069C179C68AC10A2E83C1BC
:108810004A5252C14A6F09C119E258C0BCE801402E
:10882000CAE0D83E9487B540F1572741BBFE62416C
:10883000D27B7D41171A57415AF553407A8D88C132
:108840002A7A17C23DA441C28FFF4AC243A742C23F
:10885000B8D530C26C9E19C2064CFEC1264DC5C1AA
:10886000EFC989C1FDA419C1E57EF3BFBB44B9407E
:108870006F2F5641B953A6412703DF414AD8094219
:1088800043052142D007334286233C42C307354289
:10889000BCB91042B5328E415AF5CDBF27E641C171
:1088A000DB3F6EC1D20C56C1E18B1AC102F19AC0F6
:1088B000CAE0D83E21C332C321C328C321C31EC38B
:1088C00021C314C321C30AC321C300C34286EDC21E
:1088D0004286D9C24286C5C24286B1C242869DC284
:1088E000428689C2830C6BC2830C43C2830C1BC2B9
:1088F0000719E6C1071996C10E320CC1936F9E3F4E
:10890000F2CD3341F9E6A941F9E6F9417DF324427C
:108910007DF34C427DF37442BE798E42BE79A24211
:10892000BE79B642BE79CA42BE79DE42BE79F24213
:10893000DF3C0343DF3C0D43DF3C1743DF3C214377
:10894000DF3C2B4321C332C30100000002050A0AA9
:108950000A0105000001020A0A0A010505050102D3
:108960000A0A0A0102020502020A0A0A01010205B4
:1089700002010A0A0A0000000003040001020605C1
:1089800032000000CDCCCC3E0000A04046000000EC
:10899000CDCC4C3E6666CE4064000000CDCC4C3E53
:1089A000CDCCF44001000000CDCC4C3E0000C03FD7
:1089B000010000000000803F0000B0400000000007
:1089C00000000000000000000B300B500B330B3197
:1089D0000B001002100210021010210E21082109B4
:1089E000210B210F210D0A050A090A0B0A020A06AA
:1089F0000A070A210A2E0A08016001220131010436
:108A00000140010901340101010201070135013270
:108A1000010601030130012401230120012101117C
:108A2000011202300231021002150211021302205B
:108A30000D110D160D130D040D030D120D010D0674
:108A40000084030000C2010000E100000096000065
:108A5000004B00008025000000000000010203041C
:108A6000010203040607080959F3F8C21F6EA501A5
:108A7000000000000000F03F000000000000008047
:108A8000182D4454FB210940182D4454FB2109C0E2
:108A9000182D4454FB21E9BFD221337F7CD90240F9
:108AA000D221337F7CD902C0763C7935EF39EA3D5B
:108AB000763C7935EF39EABD0000E0FE422EE63F14
:108AC0000000E0FE422EE6BF000000000000E03F94
:108AD000000000000000E0BFE2652F227F2B7A3CFF
:108AE000075C143326A6813CBDCBF07A8807703C26
:108AF000075C143326A6913C4FBB610567ACDD3F94
:108B0000182D4454FB21E93F9BF681D20B73EF3FB4
:108B1000182D4454FB21F93F00000080DB0F494031
:108B2000DB0F49C0DB0F49BFE4CB1640E4CB16C0D6
:108B3000D1F71737D1F717B78071313F807131BF47
:108B40000000003F000000BF000FC93F000F494078
:108B500000CB9640000FC9400053FB4000CB1641AC
:108B600000ED2F41000F49410031624100537B412C
:108B7000003A8A4100CB9641005CA34100EDAF4131
:108B8000007EBC41000FC94100A0D5410031E24147
:108B900000C2EE410053FB4100F20342003A0A4298
:108BA0000083104200CB164200141D42005C234299
:108BB00000A5294200ED2F4200363642007E3C429D
:108BC00000C74242000F4942A2000000F900000025
:108BD000830000006E0000004E0000004400000012
:108BE0001500000029000000FC0000002700000024
:108BF00057000000D1000000F50000003400000024
:108C0000DD000000C0000000DB000000620000008A
:108C100095000000990000003C00000043000000A7
:108C20009000000041000000FE0000005100000024
:108C300063000000AB000000DE000000BB0000008D
:108C4000C500000061000000B70000002400000023
:108C50006E0000003A000000420000004D000000DD
:108C6000D2000000E0000000060000004900000003
:108C70002E000000EA00000009000000D100000002
:108C8000920000001C000000FE0000001D0000001B
:108C9000EB0000001C000000B100000029000000F3
:108CA000A70000003E000000E80000008200000075
:108CB00035000000F50000002E000000BB000000A1
:108CC0004400000084000000E90000009C00000057
:108CD0007000000026000000B40000005F000000EB
:108CE0007E000000410000003900000091000000FB
:108CF000D60000003900000083000000530000008F
:108D000039000000F40000009C0000008400000016
:108D10005F0000008B000000BD000000F9000000B3
:108D2000280000003B0000001F000000F8000000C9
:108D300097000000FF000000DE00000005000000BA
:108D4000980000000F000000EF0000002F0000005E
:108D5000110000008B0000005A0000000A00000013
:108D60006D0000001F0000006D00000036000000D4
:108D70007E000000CF00000027000000CB000000B4
:108D800009000000B70000004F000000460000008E
:108D90003F000000660000009E0000005F00000031
:108DA000EA0000002D000000750000002700000010
:108DB000BA000000C7000000EB000000E500000062
:108DC000F10000007B0000003D00000007000000F3
:108DD00039000000F70000008A0000005200000087
:108DE00092000000EA0000006B000000FB000000A1
:108DF0005F000000B10000001F0000008D000000B7
:108E00005D000000080000005600000003000000A4
:108E10003000000046000000FC0000007B00000065
:108E20006B000000AB000000F0000000CF0000006D
:108E3000BC000000200000009A000000F4000000C8
:108E4000360000001D000000A9000000E300000043
:108E500091000000610000005E000000E6000000DC
:108E60001B000000080000006500000099000000E1
:108E7000850000005F00000014000000A00000005A
:108E800068000000400000008D000000FF000000AE
:108E9000D8000000800000004D00000073000000BA
:108EA000270000003100000006000000060000005E
:108EB0001500000056000000CA000000730000000A
:108EC000A8000000C900000060000000E2000000EF
:108ED0007B000000C00000008C0000006B00000060
:108EE0006937AC3168212233B40F14336821A233BF
:108EF0003863ED3EDA0F493F5E987B3FDA0FC93F9A
:108F00000000C93F0000F0390000DA370000A2334A
:108F10000000842E0000502B0000C2270000D02249
:108F20000000C41F0000C61B00004417040000001E
:108F30000700000009000000002020202020202041
:108F400020202828282828202020202020202020F9
:108F50002020202020202020208810101010101009
:108F60001010101010101010100404040404040455
:108F700004040410101010101010414141414141EF
:108F800001010101010101010101010101010101D1
:108F900001010101101010101010424242424242E1
:108FA00002020202020202020202020202020202A1
:108FB0000202020210101010200000000000000049
:108FC00000000000000000000000000000000000A1
:108FD0000000000000000000000000000000000091
:108FE0000000000000000000000000000000000081
:108FF0000000000000000000000000000000000071
:109000000000000000000000000000000000000060
:109010000000000000000000000000000000000050
:109020000000000000000000000000000000000040
:10903000000000000000000000000000F8B500BFC4
:10904000F8BC08BC9E467047F8B500BFF8BC08BC29
:049050009E46704781
:08905400C4FBFC7F01000000D9
:08905C0051580308818E000841
:04906400598E000819
:1090680006000000040000000000803F020000002D
:10907800C3F5A83E00000000FF000000000000004B
:109088000000803F4EE640BB0000803F00004842A1
:10909800000020410000A041000096420000C842A4
:1090A8000000A0410000C841CDCCCC3E0000803F6C
:1090B800010101FF010000000000803F03000000E3
:1090C8000AD7934100007041CAF2497101000000BB
:1090D8000000803F010000000000803F0000803F4A
:1090E8000000803F05041400DC0300000000803FFE
:1090F800030000000000803ECDCC4C3E0000803FC5
:109108000000803F0000803F0A0000000000803F10
:109118000000000000000000000000000000C8413E
:109128000402000064000000640000006400000005
:10913800B004000000000000E80300000000000088
:10914800D007000000000000CDCC4C3F010000001B
:1091580000007041051A010259DD010831DD0108DE
:1091680061DC01080000000035DB0108A9DD010809
:1091780031DC010875DB0108000000000000000078
:1091880069DB0108FF00000009024300020100C07A
:109198003209040000010202010005240010010543
:1091A80024010001042402020524060001070582A7
:1091B800030800FF09040100020A00000007050176
:1091C80002400000070581024000000070010020F5
:1091D800EDDF010815DF0108C1DE010861DE0108C5
:1091E80091DE010845DE01082DDE010871DE010867
:1091F80081DE0108000000000000000004030904EB
:1092080012010002000000408304405700020102DE
:1092180003010000DDE00108E9E001080DE10108B3
:10922800F5E0010825E101083DE1010855E10108E3
:109238006DE1010825E20108D1E1010871E10108A9
:10924800B1E1010800C2010000000801D5E70108EA
:10925800E1E70108EDE70108F9E7010805E8010879
:1092680011E801081DE801080500000010F330F3BB
:1092780010F490F350F8B1E8B2E8000007930A93AD
:109288000F930B9400000000007A030A0000803F4F
:10929800F87800007878000011A00100000048422A
:1092A80000007A430000B442000000000000000003
:1092B80000000000000000000000000000000000A6
:1092C8000000000000000000000000000000000096
:1092D8000000000000000000000000000000000086
:1092E8000000000000000000000000000000000076
:1092F8000000004100401C460000704200007A4314
:10930800000000410500000000000000000000000F
:10931800B8020020000000000000000098BE0020F5
:1093280000BF002068BF002000000000000000000F
:109338000000000000000000000000000000000025
:109348000000000000000000000000000000000015
:109358000000000000000000000000000000000005
:1093680000000000000000000000000000000000F5
:1093780000000000000000000000000000000000E5
:1093880000000000000000000000000000000000D5
:1093980000000000000000000000000000000000C5
:1093A80000000000000000000000000000000000B5
:1093B80001000000000000000E33CDAB34126DE652
:1093C800ECDE05000B0000000000000000000000BB
:1093D8000000000000000000000000000000000085
:1093E8000000000000000000000000000000000075
:1093F8000000000000000000000000000000000065
:109408000000000000000000000000000000000054
:109418000000000000000000000000000000000044
:109428000000000000000000000000000000000034
:109438000000000000000000000000000000000024
:109448000000000000000000000000000000000014
:109458000000000000000000000000000000000004
:1094680000000000000000000000000000000000F4
:1094780000000000000000000000000000000000E4
:1094880000000000000000000000000000000000D4
:1094980000000000000000000000000000000000C4
:1094A80000000000000000000000000000000000B4
:1094B80000000000000000000000000000000000A4
:1094C8000000000000000000000000000000000094
:1094D8000000000000000000000000000000000084
:1094E8000000000000000000000000000000000074
:1094F8000000000000000000000000000000000064
:109508000000000000000000000000000000000053
:0C9518000000000000000000D0BF002098
:0400000508031005D7
:00000001FF
