:020000040800F2
:1000000000000220AD16030831600108816201087A
:10001000996201089D620108A162010800000000C8
:10002000000000000000000000000000A5620108C0
:10003000A962010800000000AD6201081560010816
:1000400019170308191703081917030819170308C4
:1000500019170308191703081917030819170308B4
:1000600019170308191703081917030819170308A4
:100070001917030819170308156401085D640108BE
:1000800019170308CD630108191703081917030886
:100090001917030819170308191703081917030874
:1000A0001917030819170308191703081917030864
:1000B000D962010819170308191703082D650108EB
:1000C000256501083D650108356501081917030814
:1000D00019170308ED640108F5640108FD640108BF
:1000E0001917030819170308A5D80108B1620108F8
:1000F000191703081917030819170308A56401083D
:100100001917030819170308616301081917030871
:10011000056501081D65010819170308191703086B
:1001200019170308191703081917030819170308E3
:1001300019170308191703081917030819170308D3
:10014000191703081917030819170308ADD8010870
:1001500019170308191703088563010819170308FD
:100160004D650108456501081917030819170308AB
:100170001917030819170308191703081917030893
:08018000191703081917030801
:1080000081F0004102E000BF83F0004330B54FEA49
:1080100041044FEA430594EA050F08BF90EA020FB6
:108020001FBF54EA000C55EA020C7FEA645C7FEA49
:10803000655C00F0E2804FEA5454D4EB5555B8BF6C
:108040006D420CDD2C4480EA020281EA030382EADD
:10805000000083EA010180EA020281EA0303362D6F
:1080600088BF30BD11F0004F4FEA01314FF4801C42
:108070004CEA113102D0404261EB410113F0004F54
:108080004FEA03334CEA133302D0524263EB43030B
:1080900094EA050F00F0A780A4F10104D5F1200EA9
:1080A0000DDB02FA0EFC22FA05F2801841F1000104
:1080B00003FA0EF2801843FA05F359410EE0A5F1D8
:1080C00020050EF1200E012A03FA0EFC28BF4CF009
:1080D000020C43FA05F3C01851EBE37101F00045BF
:1080E00007D54FF0000EDCF1000C7EEB00006EEBCC
:1080F0000101B1F5801F1BD3B1F5001F0CD3490856
:108100005FEA30004FEA3C0C04F101044FEA4452AC
:1081100012F5800F80F09A80BCF1004F08BF5FEA33
:10812000500C50F1000041EB045141EA050130BD13
:108130005FEA4C0C404141EB0101013C28BFB1F525
:10814000801FE9D291F0000F04BF01460020B1FA70
:1081500081F308BF2033A3F10B03B3F120020CDA43
:108160000C3208DD02F1140CC2F10C0201FA0CF021
:1081700021FA02F10CE002F11402D8BFC2F1200C86
:1081800001FA02F120FA0CFCDCBF41EA0C0190403C
:10819000E41AA2BF01EB0451294330BD6FEA040485
:1081A0001F3C1CDA0C340EDC04F11404C4F1200270
:1081B00020FA04F001FA02F340EA030021FA04F382
:1081C00045EA030130BDC4F10C04C4F1200220FAD9
:1081D00002F001FA04F340EA0300294630BD21FA17
:1081E00004F0294630BD94F0000F83F4801306BFDD
:1081F00081F480110134013D4EE77FEA645C18BFD1
:108200007FEA655C29D094EA050F08BF90EA020F67
:1082100005D054EA000C04BF1946104630BD91EA5F
:10822000030F1EBF0021002030BD5FEA545C05D162
:108230004000494128BF41F0004130BD14F58004A1
:108240003CBF01F5801130BD01F0004545F0FE4115
:1082500041F470014FF0000030BD7FEA645C1ABF4A
:10826000194610467FEA655C1CBF0B46024650EA81
:10827000013406BF52EA033591EA030F41F40021AD
:1082800030BD00BF90F0000F04BF0021704730B533
:108290004FF4806404F132044FF000054FF0000108
:1082A00050E700BF90F0000F04BF0021704730B5C9
:1082B0004FF4806404F1320410F0004548BF40429E
:1082C0004FF000013EE700BF42004FEAE2014FEAF3
:1082D00031014FEA02701FBF12F07F4393F07F4FCE
:1082E00081F06051704732F07F4208BF704793F0D1
:1082F0007F4F04BF41F40021704730B54FF46074E4
:1083000001F0004521F000411CE700BF50EA0102E6
:1083100008BF704730B54FF000050AE050EA01028F
:1083200008BF704730B511F0004502D5404261EBFF
:1083300041014FF4806404F132045FEA915C3FF440
:10834000D8AE4FF003025FEADC0C18BF03325FEADD
:10835000DC0C18BF033202EBDC02C2F1200300FA8E
:1083600003FC20FA02F001FA03FE40EA0E0021FAB3
:1083700002F11444BDE600BF70B54FF0FF0C4CF4A1
:10838000E06C1CEA11541DBF1CEA135594EA0C0F53
:1083900095EA0C0F00F0DEF82C4481EA030621EA8E
:1083A0004C5123EA4C5350EA013518BF52EA0335C9
:1083B00041F4801143F4801338D0A0FB02CE4FF07B
:1083C0000005E1FB02E506F00042E0FB03E54FF0AB
:1083D0000006E1FB03569CF0000F18BF4EF0010EA3
:1083E000A4F1FF04B6F5007F64F5407404D25FEA9F
:1083F0004E0E6D4146EB060642EAC62141EA555152
:108400004FEAC52040EA5E504FEACE2EB4F1FD0C93
:1084100088BFBCF5E06F1ED8BEF1004F08BF5FEA11
:10842000500E50F1000041EB045170BD06F00046C3
:1084300046EA010140EA020081EA0301B4EB5C0470
:10844000C2BFD4EB0C0541EA045170BD41F4801168
:108450004FF0000E013C00F3AB8014F1360FDEBF8D
:10846000002001F0004170BDC4F10004203C35DA69
:108470000C341BDC04F11404C4F1200500FA05F3EC
:1084800020FA04F001FA05F240EA020001F000428D
:1084900021F0004110EBD37021FA04F642EB060103
:1084A0005EEA430E08BF20EAD37070BDC4F10C042D
:1084B000C4F1200500FA04F320FA05F001FA04F2F1
:1084C00040EA020001F0004110EBD37041F10001DD
:1084D0005EEA430E08BF20EAD37070BDC4F12005E8
:1084E00000FA05F24EEA020E20FA04F301FA05F250
:1084F00043EA020321FA04F001F0004121FA04F2F8
:1085000020EA020000EBD3705EEA430E08BF20EAC7
:10851000D37070BD94F0000F0FD101F00046400001
:1085200041EB010111F4801F08BF013CF7D041EA83
:10853000060195F0000F18BF704703F00046520087
:1085400043EB030313F4801F08BF013DF7D043EA58
:108550000603704794EA0C0F0CEA135518BF95EA0E
:108560000C0F0CD050EA410618BF52EA4306D1D195
:1085700081EA030101F000414FF0000070BD50EAB4
:10858000410606BF1046194652EA430619D094EA3E
:108590000C0F02D150EA013613D195EA0C0F05D128
:1085A00052EA03361CBF104619460AD181EA03017C
:1085B00001F0004141F0FE4141F470014FF0000034
:1085C00070BD41F0FE4141F4780170BD70B54FF0CF
:1085D000FF0C4CF4E06C1CEA11541DBF1CEA13554F
:1085E00094EA0C0F95EA0C0F00F0A7F8A4EB050431
:1085F00081EA030E52EA03354FEA013100F0888028
:108600004FEA03334FF0805545EA131343EA1263F0
:108610004FEA022245EA111545EA10654FEA0026A5
:108620000EF000419D4208BF964244F1FD0404F55E
:10863000407402D25B084FEA3202B61A65EB0305BA
:108640005B084FEA32024FF480104FF4002CB6EB77
:10865000020E75EB030E22BFB61A754640EA0C00F7
:108660005B084FEA3202B6EB020E75EB030E22BF37
:10867000B61A754640EA5C005B084FEA3202B6EB78
:10868000020E75EB030E22BFB61A754640EA9C0037
:108690005B084FEA3202B6EB020E75EB030E22BF07
:1086A000B61A754640EADC0055EA060E18D04FEAC5
:1086B000051545EA16754FEA06164FEAC30343EA65
:1086C00052734FEAC2025FEA1C1CC0D111F4801F32
:1086D0000BD141EA00014FF000004FF0004CB6E72B
:1086E00011F4801F04BF01430020B4F1FD0C88BFCA
:1086F000BCF5E06F3FF6AFAEB5EB030C04BFB6EBD5
:10870000020C5FEA500C50F1000041EB045170BDC7
:108710000EF0004E4EEA113114EB5C04C2BFD4EBF4
:108720000C0541EA045170BD41F480114FF0000E78
:10873000013C90E645EA060E8DE60CEA135594EAF4
:108740000C0F08BF95EA0C0F3FF43BAF94EA0C0FF7
:108750000AD150EA01347FF434AF95EA0C0F7FF46C
:1087600025AF104619462CE795EA0C0F06D152EAC0
:1087700003353FF4FDAE1046194622E750EA4106A4
:1087800018BF52EA43067FF4C5AE50EA41047FF4B5
:108790000DAF52EA43057FF4EBAE12E74FF0FF3C1A
:1087A00006E000BF4FF0010C02E000BF4FF0010CEB
:1087B0004DF804CD4FEA410C7FEA6C5C4FEA430C64
:1087C00018BF7FEA6C5C1BD001B050EA410C0CBFB3
:1087D00052EA430C91EA030F02BF90EA020F002015
:1087E000704710F1000F91EA030F58BF994208BF7C
:1087F00090422CBFD8176FEAE37040F00100704739
:108800004FEA410C7FEA6C5C02D150EA013C07D18F
:108810004FEA430C7FEA6C5CD6D152EA033CD3D0DA
:108820005DF8040B704700BF8446104662468C46D4
:108830001946634600E000BF01B5FFF7B7FF002807
:1088400048BF10F1000F01BD4DF808EDFFF7F4FF30
:108850000CBF012000205DF808FB00BF4DF808EDBB
:10886000FFF7EAFF34BF012000205DF808FB00BFDE
:108870004DF808EDFFF7E0FF94BF012000205DF800
:1088800008FB00BF4DF808EDFFF7CEFF94BF0120B5
:1088900000205DF808FB00BF4DF808EDFFF7C4FFAE
:1088A00034BF012000205DF808FB00BF4FEA410CF7
:1088B0007FEA6C5C02D150EA013C0AD14FEA430CDA
:1088C0007FEA6C5C02D152EA033C02D14FF0000017
:1088D00070474FF0010070474FEA410212F5001255
:1088E00015D211D56FF47873B3EB625212D94FEAF7
:1088F000C12343F0004343EA505311F0004F23FAE1
:1089000002F018BF404270474FF00000704750EA35
:10891000013005D111F0004008BF6FF000407047F2
:108920004FF00000704700BF4FEA4102B2F1E04350
:1089300024BFB3F5001CDCF1FE5C0DD901F0004C46
:108940004FEAC0024CEA5070B2F1004F40EB830096
:1089500008BF20F00100704711F0804F21D113F1C2
:108960003872BCBF01F00040704741F480114FEAFB
:108970005252C2F11802C2F1200C10FA0CF320FA84
:1089800002F018BF40F001004FEAC1234FEAD323A1
:1089900003FA0CFC40EA0C0023FA02F34FEA43030B
:1089A000CCE77FEA625307D150EA01331EBF4FF094
:1089B000FE4040F44000704701F0004040F0FE40AF
:1089C00040F40000704700BF80F0004002E000BFAC
:1089D00081F0004142001FBF5FEA410392EA030FAA
:1089E0007FEA226C7FEA236C6AD04FEA1262D2EBF4
:1089F0001363C1BFD218414048404140B8BF5B42F9
:108A0000192B88BF704710F0004F40F4000020F091
:108A10007F4018BF404211F0004F41F4000121F0A7
:108A20007F4118BF494292EA030F3FD0A2F10102F1
:108A300041FA03FC10EB0C00C3F1200301FA03F12F
:108A400000F0004302D5494260EB4000B0F5000F52
:108A500013D3B0F1807F06D340084FEA310102F111
:108A60000102FE2A51D2B1F1004F40EBC25008BFC3
:108A700020F0010040EA03007047490040EB00008D
:108A8000013A28BFB0F5000FEDD2B0FA80FCACF18E
:108A9000080CB2EB0C0200FA0CF0AABF00EBC250BB
:108AA00052421843BCBFD0401843704792F0000FA9
:108AB00081F4000106BF80F400000132013BB5E7FC
:108AC0004FEA41037FEA226C18BF7FEA236C21D072
:108AD00092EA030F04D092F0000F08BF08467047D7
:108AE00090EA010F1CBF0020704712F07F4F04D1A5
:108AF000400028BF40F00040704712F100723CBFB8
:108B000000F50000704700F0004343F0FE4040F4E1
:108B1000000070477FEA226216BF08467FEA23639F
:108B20000146420206BF5FEA412390EA010F40F48A
:108B3000800070474FF0000304E000BF10F00043D6
:108B400048BF40425FEA000C08BF704743F09643BD
:108B500001464FF000001CE050EA010208BF7047D8
:108B60004FF000030AE000BF50EA010208BF70475F
:108B700011F0004302D5404261EB41015FEA010C74
:108B800002BF84460146002043F0B64308BFA3F16C
:108B90008053A3F50003BCFA8CF2083AA3EBC2534E
:108BA00010DB01FA02FC634400FA02FCC2F120026D
:108BB000BCF1004F20FA02F243EB020008BF20F0A4
:108BC0000100704702F1200201FA02FCC2F120020A
:108BD00050EA4C0021FA02F243EB020008BF20EAFF
:108BE000DC70704753B94AB9002908BF00281CBF80
:108BF0004FF0FF314FF0FF3000F00CB8ADF1080C32
:108C00006DE904CE2CF062FEDDF804E0DDE902231C
:108C100004B07047704700BF844641EA000313F078
:108C200003036DD1403A41D351F8043B40F8043B73
:108C300051F8043B40F8043B51F8043B40F8043B36
:108C400051F8043B40F8043B51F8043B40F8043B26
:108C500051F8043B40F8043B51F8043B40F8043B16
:108C600051F8043B40F8043B51F8043B40F8043B06
:108C700051F8043B40F8043B51F8043B40F8043BF6
:108C800051F8043B40F8043B51F8043B40F8043BE6
:108C900051F8043B40F8043B51F8043B40F8043BD6
:108CA00051F8043B40F8043B403ABDD2303211D376
:108CB00051F8043B40F8043B51F8043B40F8043BB6
:108CC00051F8043B40F8043B51F8043B40F8043BA6
:108CD000103AEDD20C3205D351F8043B40F8043B76
:108CE000043AF9D2043208D0D2071CBF11F8013B74
:108CF00000F8013B01D30B8803806046704700BF3A
:108D0000082A13D38B078DD010F003038AD0C3F148
:108D10000403D21ADB071CBF11F8013B00F8013B2A
:108D200080D331F8023B20F8023B7BE7043AD9D3E9
:108D3000013A11F8013B00F8013BF9D20B780370BE
:108D40004B7843708B78837060467047000000005A
:108D50000000000000000000000000000000000013
:108D60000000000000000000000000000000000003
:108D700000000000000000000000000000000000F3
:108D800030B490F800F020F007016FF0000C10F004
:108D9000070491F820F040F048804FF000046FF095
:108DA0000700D1E9002391F840F000F1080082FAB1
:108DB0004CF2A4FA8CF283FA4CF3A2FA8CF34BBB7C
:108DC000D1E9022382FA4CF200F10800A4FA8CF2F5
:108DD00083FA4CF3A2FA8CF3E3B9D1E9042382FAC3
:108DE0004CF200F10800A4FA8CF283FA4CF3A2FAD8
:108DF0008CF37BB9D1E9062301F1200182FA4CF210
:108E000000F10800A4FA8CF283FA4CF3A2FA8CF376
:108E1000002BC6D0002A04BF04301A4612BAB2FA98
:108E200082F200EBD20030BC7047D1E9002304F09D
:108E30000305C4F100004FEAC50514F0040F91F8D2
:108E400040F00CFA05F562EA05021CBF63EA05036F
:108E500062464FF00004AAE708B5064B1A783AB903
:108E6000054A1AB10548AFF30080024B01221A707F
:108E700008BD00BFC0040020000000009497030854
:108E800008B5034B1BB103490348AFF3008008BD8D
:108E900000000000C4040020949703080F4BDFF883
:108EA0004CC010B553F820400D4BDCF800204FF4B7
:108EB0002E7E0EFB00300B4BD0F82CE0D0F8B40225
:108EC0009950134408495C60C3F808E0D8600B6807
:108ED00010320133CCF800200B6010BDF07C002074
:108EE000783B0020000000105C0500206405002095
:108EF00000B5244B24491B782448DFF8A4E0244A19
:108F00008B71A3F1020CBCF1020FDFF898C0C1F81D
:108F100000C0DFF894C00388DCF800C012681D4868
:108F2000CB81C1F818C0DEF800300068C8614FF08E
:108F3000020CA1F804C04FF4E02CC1F808C0C1E94C
:108F400004238CBF4FF0020C4FF0140C124B81F82D
:108F50000CC00A4615204FF0100E4FF0000C42F8DE
:108F6000200F81F807E003F1540081F80DC053F899
:108F7000041B42F8041F8342F9D1084B0022C3E9C5
:108F8000002200BDEC00002000000010440500207D
:108F90006005002050050020F0040020780000103B
:108FA0005C0500205452414354050020774B1A7849
:108FB000F2B170B5764C217882B0D1B1754B1E7884
:108FC0001D4608F0ABF9FFF7C7FD734A9FED737AB2
:108FD000117807EE900A67EE877A0129FCEEE77AAE
:108FE00022D011F0FD0F60D02178297002B070BD41
:108FF000704708F093F9684A92F800C0BCF1010F7D
:1090000005D0634B634D1978297002B070BD019291
:10901000FFF7A2FD9FED617A5E4D5F4A07EE900A71
:1090200067EE877AFCEEE77A5D49097805292ED14B
:109030005749097859B35B48D0F800C040F6F7703B
:10904000844524D8584A17EE904A1068A042CCD8DC
:1090500017EE901A0120FFF721FF17EE901A00205B
:10906000FFF71CFF17EE901A0220FFF717FF474B80
:10907000474A1B7811784D484B4AC0ED007A023BB5
:10908000022B8CBF0223142323441360ADE7474B0C
:109090000192C3ED007AFFF72BFF3D4A1178019A48
:1090A00029700223137002B070BD1EB93C4B1B78AF
:1090B000052B02D0364B197897E73A4B3C491E6096
:1090C00080230B603B499FED3C6A0B603B493C4B66
:1090D00091ED007ADFED3B6AC3ED007A27EE067A68
:1090E000324B3149C3ED007AB4EEE67A0123F1EE5A
:1090F00010FAC1ED007A137044DCDFED337AF4EE40
:10910000C77AF1EE10FAD8BFF0EE477AFCEEE77AB4
:1091100017EE900A2D4B2E4A2E491080D3F8EC0200
:109120000860D3F8FC024860D3F800038860D3F8E5
:10913000C802C860D3F8CC020861D3F8D4024861F1
:10914000D3F8D802886103F2A4500068C86103F222
:10915000B4500068086203F5B7600068486203F520
:10916000B0600068886203F284500068C86203F24D
:109170008C5003F5B26300681B6808634B63FFF70C
:10918000B7FE97E74FF6FF70C4E700BFEC00002082
:10919000F42F00204D0500204F0500206F12833A68
:1091A000307D00205C05002048050020500500208F
:1091B000640500206005002000007A447000002053
:1091C0005405002000FF7F4700000000783B00208E
:1091D00044050020F0040020154B1B7813B1154BFB
:1091E0001A6802B9704700B583B008F097F8FFF726
:1091F000B3FC9FED117A114A07EE900A67EE877A69
:10920000FCEEE77AC2ED007AFFF772FE094B0C48DC
:109210001B680C49009108331B0103600A4A502166
:10922000012012F02FFA094B187003B000BD00BFE7
:10923000EC0000205C0500206F12833A50050020EE
:10924000580500200000001000000C084C0500200C
:109250000B48027910B400230A4C802163F34102C9
:1092600021600271084C094A094821601370094CB9
:1092700009490A4A037023600B6010BC13607047F1
:10928000347D002060050020640500204F0500208B
:10929000EC0400205C050020E0040020E404002031
:1092A000704700BF364A37483749D0F800C008B584
:1092B000137943F002031371344A0020012308603C
:1092C0001370BCF1000F1AD0314B324A03F1800009
:1092D00052F8041F43F8041B8342F9D12E4B2F4848
:1092E0002F49304A006808604FF0010E83F800E013
:1092F0004FEA0C1313602C4B80221A6008BD244ADD
:109300002A48802112F072F9214A294910688842BE
:109310004FF001030FD0802200211D482CF064FD86
:10932000204A1D481E490023136003700B601E4B2A
:1093300080221A6008BD92F804C0BCF1020FEAD185
:10934000D1791029E7D1516940F6F77001F1FF3E5C
:109350008645E0D8107A40F002001072154A16488F
:1093600013700D4A0E4B82F800C018600D4A0801B8
:1093700001F10803114910601B010B60BBE700BF3E
:10938000347D00205C050020DC040020EC0400207B
:1093900068050020FCFFFF0F4E050020600500203F
:1093A000E8040020E4040020E004002000000C0891
:1093B000545241434C05002080000C085805002001
:1093C000054B187838B1054B054A1B6812681343E2
:1093D00014BF012000207047EC040020E0040020AE
:1093E000E4040020474B1B78002B7FD02DE9F04F81
:1093F000454B464F1D683A68A7B08246002D5CD0A9
:109400000DF1180942484946002301E0802B76D02F
:10941000013304780C709D4200F1010001F101015B
:10942000F4D12C46ED1A384B1D60002A4CD0CDF8F3
:109430000490DFF8F080374D374EA1441FE0D3F899
:1094400004E0D3F808C056F800B0DB68C9F80C3067
:10945000C9F800B0C9F804E0C9F808C0012900F152
:10946000100004F11004A2F1100203D1B0F5803F06
:1094700028BF80203A60286009F1100912B37F2CC0
:1094800020D898F800102868022900EB0603D6D1EE
:1094900002AA102112F0AAF8DDE90202DDE9043186
:1094A000C9F80000C9F80C10C9F80420C9F8083040
:1094B00028683A6898F80010D0E7A2B12C460DF160
:1094C0001809B4E7DDF80490E2B2144C4B46216869
:1094D00050461EF09BF90C4B22681B68396801321C
:1094E0000B43226003D027B0BDE8F08F70470C49D2
:1094F000044A13700A7963F341020A71F3E71C46C8
:1095000090E700BFEC040020E0040020E404002009
:1095100068050020E804002000000010DC040020A2
:10952000347D00204E050020144B154A53F820309E
:109530001268934220D2F7EE007A30EE270AF6EE58
:10954000007A20EE270ADFED0F7A0F4A20EE270A75
:109550003421BDEEC00A01FB032210EE103A1BB20B
:10956000B3F5FA6FA8BF4FF4FA63D269B3F57A7F07
:10957000B8BF4FF47A731360704700BFBC64030830
:10958000000000200000FA4428830308124B134A0D
:1095900053F82030126893421CD2F7EE007A30EE76
:1095A000270ADFED0F7A0F4A20EE270A3421BDEE9D
:1095B000C00A01FB032210EE103A40F698011BB2DC
:1095C0008B42A8BF0B46D269B3F5487FB8BF4FF4B2
:1095D00048731360704700BFBC640308000000209C
:1095E00000007A44288303080F4B104A53F82030B8
:1095F0001268934216D2DFED0E7A0E4A20EE270A49
:109600003421BDEEC00A01FB032210EE103A40F2F5
:10961000E7311BB28B42A8BF0B46D269012BB8BF02
:1096200001231360704700BFBC64030800000020E2
:1096300000007A4428830308704700BF2DE9F84FE3
:109640002DED028BC24EDFF86093F27899F800306E
:10965000900740F1AC80002B00F0A980BD4ABE4BC2
:10966000D2ED007A93EDAE7A27EE877AFEEE006AAD
:10967000B4EEE67AF1EE10FAB6EE006A07D4B4EE74
:10968000C67AF1EE10FA00F3D281B1EE476A93ED9B
:10969000007AB24B27EE877AFEEE006AB4EEE67AE5
:1096A000F1EE10FA83ED006A00F1BB81B6EE006ABC
:1096B000B4EEC67AF1EE10FA01DCF1EE476AA84A80
:1096C000A84B92ED006AC3ED006A67EE867ABEEEA3
:1096D000007AF4EEC77AF1EE10FA08D4B6EE007A0A
:1096E000F4EEC77AF1EE10FAD8BFB0EE677A9E4B6F
:1096F0009E4900221A6081ED007A03F02BFD9C4BFD
:109700001B78002B00F0B080DFF8A082994CD8F8CD
:10971000003000202060002B00F08C819FED968AA5
:10972000DFF88CA2954F964D9AED001A07EB800357
:1097300005EB800BD3ED000A9BED000A01F090F9D8
:1097400099F800308BED000A002B40F054818D4BCE
:1097500020681B78052B00F03381022B00F030814C
:1097600005EB800383ED008AB0EE480A8300F278AF
:10977000120700F1DD80844B1B6898472068834BFB
:10978000D8F8002003EB800305EB8001D3ED007ACD
:1097900091ED007A013077EE877A9042C3ED007A3E
:1097A0002060C1D37A4A13680133136060E0794ABC
:1097B00092ED007AFEEE007AB4EEE77AF1EE10FA5E
:1097C00039D4F6EE007AB4EEE77AF1EE10FAC8BFBB
:1097D000B0EE677A6049614AD1EDAD6A82ED007AF8
:1097E000FEEE007AF4EEE76AF1EE10FA08D4F6EE37
:1097F000007AF4EEE76AF1EE10FAD8BFF0EE667A7E
:10980000654A584992ED007AC1ED007A13F0FD0FD8
:10981000FEEE007AB4EEE77A10D0F1EE10FA00F125
:109820000381F6EE006AB4EEE67AF1EE10FA11DC8E
:10983000F1EE477A0EE0B0EE677ACBE7F1EE10FA80
:1098400008D4F6EE007AB4EEE77AF1EE10FAD8BF5B
:10985000F0EE477A454BC3ED007A03F07BFC444BB6
:109860001B78002B7FF450AF424CDFF84081434F10
:1098700003F0BAFE03F034FCD8F800302360092B63
:1098800046D83F4D9FED458ADFF82881DFF828A1B3
:10989000DFF8289198ED001A07EB830205EB830BA4
:1098A000D2ED000A9BED000A01F0DAF88BED000A18
:1098B000F378226813F0080F02F1010325D15AF85A
:1098C0002200374905EB820CD9F800204FF0340E06
:1098D00090420EFB0011B7EE007A40F6980014D2C9
:1098E000DCED007AC96977EE877A67EE887AFDEE5B
:1098F000E77A17EE902A12B28242A8BF0246B2F56A
:10990000487FB8BF4FF448720A60092B2360C1D961
:109910001A4E244D0A2323600FCE0FC50FCE0FC55C
:1099200096E8030085E80300BDEC028BBDE8F88FE4
:10993000164A1344D3ED007A77EE807A0130C3EDF6
:10994000007AD8F8003020609842FFF4EDAE29E7A5
:10995000347D002010000020783B00200406002009
:10996000E840002000060020F8050020FC0500204B
:10997000B8060020E8050020000000005C0600207A
:1099800034060020307D0020EC05002088060020F1
:1099900084060020E44000209C43002000007A441C
:1099A000288303080C060020A98E00200400002054
:1099B000B4060020B0060020BC64030800000020AC
:1099C0001D4B93ED000A05EB8003D3ED007AF4EE16
:1099D000C07AF1EE10FA4FEA800308D4B7EE000A1D
:1099E000F4EEC07AF1EE10FAD8BFB0EE670AEA18CA
:1099F00082ED000ABBE60FF00DF80346206843B184
:109A0000F378190709D405EB800393ED000A83006E
:109A1000EDE7B0EE480A8300E9E79FED080A83000E
:109A2000E5E7F6EE006A4AE6F6EE007A12E7B0EEF7
:109A3000666A2CE6024FB5E6A4380020000000005C
:109A40005C0600202DE9F047B249DFF81483CB789B
:109A5000B148B24F98F800203D68DFF8089323F032
:109A6000200382B0CB70AE4BAE491B78C35CAE48CE
:109A7000A2F10104B4FA84F4AB4200784FEA541422
:109A800028BF2B460B6089F80040002840F0BA80C0
:109A9000022A00F0698107EE903AB8EEE77AF7EE15
:109AA000006AC6EE877AA149A14E02EB8202033317
:109AB00056F8220033F003039A46C1ED007A9D491F
:109AC000086006EB82013ED0DFED9B7A9B4C9C4EFA
:109AD000C4ED007AC6ED007A002D40F07B81C4ED24
:109AE000017AC6ED017A3B680025022BA560B560BE
:109AF00000F21D830023E360F360BAF1040F20D06D
:109B00003B680025062B2561356100F241836561C4
:109B10007561BAF1060F14D93B680025082BA561C1
:109B2000B56100F2FE83E561F561BAF1080F08D96D
:109B30003B680025042B2562356200F2448465628F
:109B4000756299F80040002C40F0D4807D4C3A6852
:109B500054F82A309342C0F0CC830AF1010354F840
:109B6000232039688A42C0F0FE83BAF1080F0AF157
:109B7000020300F0BF8054F8232039688A42C0F005
:109B800009840AF1030354F8232039688A42C0F09B
:109B90003C840AF1040354F8232039688A42C0F057
:109BA0004D840AF1050354F8232039688A42C0F035
:109BB0005E84BAF1040F00F09D803B68082B00F230
:109BC00087843B68042B40F295805C4E5C4D5E4878
:109BD0004FF07C5440F2DC5345F2E472A821346229
:109BE0002C6213F053FA3B68052B40F283805748F0
:109BF000746240F2DC5345F2E472A8216C6213F007
:109C000045FA77E04B4A52494C4C1160002B00F06A
:109C1000F8804FEA83084A4E0193424600212046CD
:109C20002CF0E2F80021424630462CF0DDF8019B92
:109C30000A2B5CD004EB0801B0444FF07C52092B96
:109C40000A60C8F8002003F1010150D004EB810044
:109C500006EB8101082B0A60026003F1020146D085
:109C600004EB810006EB8101072B0A60026003F11F
:109C700003013CD004EB810006EB81014FF07C52E4
:109C8000062B0A60026003F1040130D004EB81006E
:109C900006EB8101052B0A60026003F1050126D065
:109CA00004EB810006EB8101042B0A60026003F1E2
:109CB00006011CD004EB810006EB8101032B0A6036
:109CC000026003F1070112D004EB810006EB810171
:109CD000022B0A60026003F1080108D004EB810046
:109CE00006EB810102600A600BB962627262002DAC
:109CF00040F09C802822002116482CF075F8164B65
:109D000001241C6004F084F9144B1C7002B0BDE8FF
:109D1000F08700BF347D0020E464030800000020C9
:109D2000F500002004000020A98E00200806002075
:109D300094640308EC0500200000000034060020B5
:109D40005C060020BC640308F88303082C84030825
:109D50008D9500088806002084060020B8060020A3
:109D60000C000020B90600202B4B2C4C2C4E2D4A09
:109D700008604FF07C581A60C4F80080C6F8008074
:109D8000002D40F03D82C4F80480C6F804804FF0F6
:109D90007C53A360B3604FF07C53E360F3604FF0FB
:109DA0007C53236133614FF07C53636173614FF0E7
:109DB0007C53A361B3614FF07C53E361F3613B6873
:109DC0004FF07C55042B2562356200F202826562F9
:109DD00075628FE7D1E9022313488988CDED017AB6
:109DE00013F054F93B68DDED017A012BC4ED017AE3
:109DF000C6ED017A00F28D81C4ED027AC6ED027AD9
:109E000078E6074E4FF07C5222606260A2603260BA
:109E10007260B26003212DE7EC05002034060020BB
:109E20005C0600203996000828830308D04E4FF4C2
:109E30007A7345F2E472A821304613F027F93D68A1
:109E4000012D67D94FF47A7345F2E472A82106F127
:109E5000340013F01BF93D68022D5BD94FF47A737F
:109E600045F2E472A82106F1680013F00FF93D688D
:109E7000032D4FD94FF47A7345F2E472A82106F10D
:109E80009C0013F003F93D68062D2DD94FF47A7329
:109E900045F2E472A82106F59C7013F0F7F83D68CE
:109EA000072D21D94FF47A7345F2E472A82106F503
:109EB000B67013F0EBF83D68082D15D94FF47A739E
:109EC00045F2E472A82106F5D07013F0DFF83D6882
:109ED000092D09D94FF47A7345F2E472A82106F5E9
:109EE000EA7013F0D3F83D68042D13D9A1484FF45C
:109EF0007A7345F2E472A82113F0C8F83D68052D85
:109F000008D99D484FF47A7345F2E472A82113F002
:109F1000BDF83D68002D3FF4EDAE94ED007ADFED25
:109F2000976AF169D4ED017AB7EE006A37EE067AE6
:109F300040F6980227EE267ABDEEC77A17EE103A61
:109F40001BB29342A8BF1346B3F5487FB8BF4FF486
:109F50004873012D0B603FF4CDAE77EE867A316DFC
:109F600094ED027A67EEA67AFDEEE77A17EE903A64
:109F70001BB29342A8BF1346B3F5487FB8BF4FF456
:109F80004873022D0B603FF4B5AE37EE067AD6F873
:109F90008410D4ED037A27EE267ABDEEC77A17EE49
:109FA000103A1BB29342A8BF1346B3F5487FB8BF1F
:109FB0004FF44873032D0B603FF49CAE77EE867A26
:109FC000D6F8B81094ED047A67EEA67AFDEEE77A3B
:109FD00017EE903A1BB29342A8BF1346B3F5487FE1
:109FE000B8BF4FF44873062D0B6040F28F8237EEF6
:109FF000067AD6F85411D4ED057A27EE267ABDEE0E
:10A00000C77A17EE103A1BB29342A8BF1346B3F5B6
:10A01000487FB8BF4FF44873072D0B6043D077EEED
:10A02000867AD6F8881194ED067A67EEA67AFDEE68
:10A03000E77A17EE903A1BB29342A8BF1346B3F5E6
:10A04000487FB8BF4FF44873082D0B602BD037EE14
:10A05000067AD6F8BC11D4ED077A27EE267ABDEE43
:10A06000C77A17EE103A1BB29342A8BF1346B3F556
:10A07000487FB8BF4FF44873092D0B6013D077EEBB
:10A08000867A67EEA67AFDEEE77A17EE903A1BB273
:10A090009342A8BF1346B3F5487FD6F8F021B8BF66
:10A0A0004FF448731360D4ED087ADFED346AD6F8C4
:10A0B000EC1094ED097AB7EE006A77EE867A40F6F6
:10A0C000980267EEA67AFDEEE77A17EE903A1BB299
:10A0D0009342A8BF1346B3F5487FB8BF4FF4487307
:10A0E000052D0B603FF406AE77EE067AD6F8201108
:10A0F00067EEA67AFDEEE77A17EE903A1BB293422E
:10A10000A8BF1346B3F5487FB8BF4FF448730B6040
:10A11000F0E598F800101A4B1A4801EB810103EBA7
:10A120008101D1E90223898812F0B0FFDBE498F8BD
:10A130000010134B144801EB810103EB8101D1E9BD
:10A140000223898812F0A2FF3B68E560032BF560CB
:10A150007FF6D3AC98F80010094B0C4801EB810155
:10A1600003EB8101D1E90223898812F08FFFC4E457
:10A1700028830308F88303082C84030800007A442A
:10A18000946403085C83030890830308C483030872
:10A1900098F80010C14BC24801EB810103EB81012B
:10A1A000D1E90223898812F071FF3B686561072BB2
:10A1B00075617FF6AEAC98F80010B84BB94801EB6A
:10A1C000810103EB8101D1E90223898812F05EFF4E
:10A1D0009FE440F2DC53B44845F2E472A82112F047
:10A1E00055FF3B686562052B75627FF683ADAF480E
:10A1F00040F2DC5345F2E472A82112F047FF79E502
:10A2000040F2DC53AA4845F2E472A82112F03EFF66
:10A210003B68C4F80480012BC6F804807FF6B7AD14
:10A2200040F2DC53A34845F2E472A82112F02EFF5D
:10A230003B68C4F80880022BC6F808807FF6ABADF7
:10A2400040F2DC539C4845F2E472A82112F01EFF54
:10A250003B68C4F80C80032BC6F80C807FF69FADDA
:10A2600040F2DC53954845F2E472A82112F00EFF4B
:10A270003B68C4F81080062BC6F810807FF693ADBB
:10A2800040F2DC53864845F2E472A82112F0FEFE4B
:10A290003B68C4F81480072BC6F814807FF687AD9E
:10A2A00040F2DC537F4845F2E472A82112F0EEFE42
:10A2B0003B68C4F81880082BC6F818807FF67BAD81
:10A2C00040F2DC537E4845F2E472A82112F0DEFE33
:10A2D0003B68C4F81C80092BC6F81C807FF66FAD64
:10A2E000784840F2DC5345F2E472A82112F0CEFE29
:10A2F00065E57549754A6E4801EB8A0102EB8A02F1
:10A30000342505FB03004FF07C530B601360A8213C
:10A3100040F2DC5345F2E47212F0B8FE0AF1010398
:10A320001DE498F800105D4B654801EB810103EBDB
:10A330008101D1E90223898812F0A8FE3B68E5611A
:10A34000092BF5617FF6F1AB98F80010534B5D488F
:10A3500001EB810103EB8101D1E90223898812F02D
:10A3600095FEFFF7E2BB5949574D05EB830501EB1D
:10A3700083034F49342000FB02104FF07C522A60C7
:10A380001A60A82140F2DC5345F2E47212F07EFE1E
:10A39000FFF7EBBB4D494C4D05EB830501EB830308
:10A3A0004349342000FB02104FF07C521A602A60AF
:10A3B00040F2DC5345F2E472A82112F067FE0AF184
:10A3C0000303FFF7E0BB98F80010344B364801EB6D
:10A3D000810103EB8101D1E90223898812F056FE45
:10A3E0003B686562052B75627FF6ABAB98F8001091
:10A3F0002A4B2E4801EB810103EB8101D1E90223B5
:10A40000898812F043FEFFF79CBB30492E4D05EBC7
:10A41000830501EB83032649342000FB02104FF033
:10A420007C521A602A6040F2DC5345F2E472A821A3
:10A4300012F02CFE0AF10403FFF7ADBB2349224DB5
:10A4400005EB830501EB83031949342000FB02105F
:10A450004FF07C521A602A6040F2DC5345F2E472FD
:10A46000A82112F013FE0AF10503FFF79CBB174960
:10A47000154C04EB830401EB83030D49342000FBEE
:10A4800002104FF07C5222601A60A82140F2DC5387
:10A4900045F2E47212F0FAFDFFF78BBB94640308F7
:10A4A0006084030894840308F88303082C84030859
:10A4B000288303085C83030890830308C48303088C
:10A4C000C8840308FC840308340600205C060020CE
:10A4D000104E114D11484FF07C5440F2DC5345F2C0
:10A4E000E472A821B461AC6112F0D0FD3B68092B85
:10A4F0007FF667AB0A48F46140F2DC5345F2E47240
:10A50000A821EC6112F0C2FDFFF75BBB042D3FF404
:10A51000F1ABC8E5340600205C060020C8840308BF
:10A52000FC8403082DE9F0411E4C054606F0F6FEBA
:10A53000D4E9022390429941F8D30121284600F042
:10A54000C7FD01210746284600F00EFE9F21384630
:10A5500000F0F2FE144E154B3446187006F1050853
:10A560000021384600F0E8FE04F8010B4445F7D11D
:10A570002846002100F0F8FD33783279B1787478FC
:10A58000F0781F2B08BF282C42EA01020CBF0123E0
:10A590000023012808BF002A0CBF0120002018401A
:10A5A000BDE8F081702F002018000020BB060020BD
:10A5B00070B5194C054606F0B1FED4E9022390426D
:10A5C0009941F8D30021284600F082FD012106467A
:10A5D000284600F0C9FD8021304600F0ADFE0F4C4A
:10A5E00000212070304600F0A7FE00212070304688
:10A5F00000F0A2FE00212070304600F09DFE0021F8
:10A600002070284600F0B0FDBDE8704023220023F2
:10A61000012006F0C3BF00BF702F0020BB06002042
:10A62000F8B52A4C054606F079FED4E9022390429B
:10A630009941F8D30021284600F04AFD0121074640
:10A64000284600F091FD3D21384600F075FE204E71
:10A650002A213070384600F06FFE80213070384675
:10A6600000F06AFEA6213070384600F065FE002139
:10A670003070284600F078FD48F6B802002301202B
:10A6800006F08CFF06F04AFED4E90223904299417D
:10A69000F8D30121284600F01BFD0121044628467D
:10A6A00000F062FDD721204600F046FE0021307008
:10A6B000204600F041FE074C00212070284600F0A3
:10A6C00053FD207800F00100F8BD00BF702F00207E
:10A6D000BB060020BA06002010B50320FFF768FF74
:10A6E0000320FFF71FFF04460320FFF799FF2040D8
:10A6F000C0B210BD00000000534B1B68002B40F09F
:10A7000094802DE9F04F514B514E1F68514D85B04B
:10A710008DED030A0024504B06FB0737380CFDF77C
:10A72000C1FD47A3D3E90023FDF750FF02460B46C6
:10A73000FDF76CFC22462B46FDF766FC464B06FBFC
:10A7400007378246380C8B46FDF7ACFD3CA3D3E9B6
:10A750000023FDF73BFF02460B46FDF757FC224660
:10A760002B46FDF751FC5246CDE900015B465046B1
:10A770005946FDF701FE80468946DDE900010246A3
:10A780000B46FDF7F9FD02460B4640464946FDF7EC
:10A790003DFC22462B4680468946FEF773F800288A
:10A7A000B9D10022002340464946FEF74DF8002863
:10A7B000B1D1264B294C1F6049EC108B27F000F8D3
:10A7C000002251EC100B4FF04043FDF7D5FD4246FF
:10A7D0004B46FDF7FBFE41EC100B27F0B9F857ECA8
:10A7E000106BDDE9000132463B46FDF7C5FDFEF783
:10A7F0009BF8154D2060012432463B462C605046A4
:10A800005946FDF7B9FD044603980D46FDF75CFD7A
:10A8100002460B4620462946FDF7AEFDFEF784F8BA
:10A8200000EE100A05B0BDE8F08F0C4AD2ED007AB8
:10A83000054A002320EE270A13607047AFF300801B
:10A840000000E0FFFFFFEF41C806002024000020C9
:10A850000D6619000000F03F5FF36E3CC406002057
:10A8600010B5044606F01EFE0023C4E90003C4E947
:10A87000023310BD10B5C160044606F013FE20601F
:10A8800010BD00BF10B5044606F00CFE2368C01AC8
:10A89000B0F57A7F8ABF0020B4F90C00E06010BDEB
:10A8A00003787BB343781C4A0133A2FB031202F402
:10A8B000FF7101EB52029B1A00EB8302437082EDA1
:10A8C000010A90ED017A90ED020AD0ED037AB4EE20
:10A8D000C07AF1EE10FA0EDDB4EEE77AF1EE10FA7E
:10A8E000D8BFF0EE477AB4EEE70AF1EE10FAD8BF1F
:10A8F000B0EE670A7047F0EE406AB0EE470AB0EE7D
:10A90000667AE9E7012380ED030A80ED020A80ED13
:10A91000010A0380704700BFABAAAAAAD0F80021A1
:10A92000012A34D090F80C31A3B93AB100F1800378
:10A9300003EB8201A3EC010A8B42FBD107EE902AC4
:10A94000F8EEE77A012367EE807A80F80C31C0EDEB
:10A95000447A7047D0F80831D0ED447A00EB830197
:10A96000D1ED206A81ED200A07EE102A77EEE67A13
:10A97000B8EE477A77EE807A013387EE870AB3FB29
:10A98000F2F102FB1133C0F80831C0ED447A704790
:10A990000B46202B10B51146044613D8013BB3FAE1
:10A9A00083F3C3F1200301209840042200F1FF3C0F
:10A9B0009A40C4E9400C2046FEF72EF9002384F8A3
:10A9C0000C3110BD80224FF01F0C2020F1E700BF9A
:10A9D00090F80C31D0F80011FBB100B5D0E941E29C
:10A9E000531C03EA0E0300EB820282ED200A9FED66
:10A9F000130AC0F8083179B1024600EB810CB2ECC1
:10AA0000017A00EB8301D1ED207A01339445A7EE62
:10AA1000270A0EEA0303F2D100BD39B100F1800329
:10AA200003EB8101A3EC010A9942FBD1002201232F
:10AA3000C0F8082180F80C31704700BF000000000A
:10AA4000DFED067A20EE277AF7EE006AC6EE877A07
:10AA500077EEA07A80EEA70A704700BFDB0FC940EF
:10AA600070EEC00AA0EE810A704700BFDFED0C7ADD
:10AA70009FED0C7A20EE270AF7EE006AC6EE807A88
:10AA80000023037027EE877AC6EEA75A86EE876A00
:10AA9000C0ED017AC0ED025A80ED036A704700BF35
:10AAA000DB0FC940F304353F0378F0EE407AD3B1B1
:10AAB000D0ED076A90ED027A30EE666A20EE877A72
:10AAC000F0EE667AE6EE077A90ED080A90ED037AEA
:10AAD000C0ED077A60EE870A37EEC07AA7EE200A4B
:10AAE00080ED080A704701230370C0ED077A80EDFE
:10AAF000080A7047B5EEC00AF1EE10FA02DC9FEDCD
:10AB0000050A7047F1EEC07AB7EE007A87EE270AA1
:10AB1000704700BF00000000254B00B5D3ED007A60
:10AB2000F4EE417AF1EE10FA87B0F0EE406A13D1FC
:10AB3000204A214B92ED000AD3ED007A20EEA77A4D
:10AB400060EE800AA6EE807AE6EEE70A80ED007AF3
:10AB5000C1ED000A07B000BD8DED040AB0EE410A58
:10AB6000CDE90201CDED050A8DED001A27F09EF822
:10AB70009DED001A104A8DED011AF0EE407AB0EE0C
:10AB8000410AC2ED007ACDED007A27F04FF8094A6C
:10AB90009DED011A064BDDED050ADDED046ADDEDE4
:10ABA000007A83ED001ADDE9020182ED000AC5E7B3
:10ABB000C006002020000020BC060020012AB0F9B9
:10ABC00000C0B1F900300FD0032A08D0022A04D106
:10ABD000CCF1000CA0F800C05B420B8070475B42D8
:10ABE000038063460B8070470380CCF100030B8029
:10ABF000704700BFB5EEC00AF1EE10FA08D5DFEDE0
:10AC00000C7A30EE270AB5EEC00AF1EE10FAF8D44D
:10AC1000DFED077AB4EEE70AF1EE10FA06DB30EE6C
:10AC2000670AB4EEE70AF1EE10FAF8DA704700BFEF
:10AC3000DB0FC940DFED107AB4EEE70AF1EE10FA4F
:10AC400009D59FED0E7A30EE070AB4EEE70AF1EE71
:10AC500010FAF8D47047DFED0A7AB4EEE70AF1EEA5
:10AC600010FA08DB9FED057A30EE470AB4EEE70AEA
:10AC7000F1EE10FAF8DA7047DB0F49C0DB0FC9407C
:10AC8000DB0F4940B4EEE00AF1EE10FA02DD30EEDF
:10AC9000600A7047F1EE607AF4EEC07AF1EE10FAD5
:10ACA00002DD30EE200A70479FED010A704700BFB9
:10ACB0000000000021EE211A70EE417AF4EEE07AF5
:10ACC000F1EE10FA0ADC31EE001AF4EEC10AF1EEF0
:10ACD00010FAD4BFF0EE607AF0EE417AB0EE670A77
:10ACE000704700BF60EE810AF1EE607AF4EEC07A40
:10ACF000F1EE10FA02DD30EE800A7047F4EEC00A81
:10AD0000F1EE10FA02D530EE600A70479FED010AAD
:10AD1000704700BF000000002DED108B8CB04FF08D
:10AD2000000CCDE909CCCDE906CCCDE903CCDFEDB3
:10AD3000E74A8DED010ACDF82CC0CDF820C0CDF842
:10AD400014C0002900F0A98101EB410CF0EE641A57
:10AD5000B0EE644AB0EE643AF0EE642AF0EE643A83
:10AD6000B0EE642AB0EE641AF0EE640AB0EE640A43
:10AD7000B0EE648AF0EE648AF0EE64AAB0EE64BAD3
:10AD8000F0EE64BA00EB8C0CB0EE649AF0EE649ACC
:10AD9000B0EE64AAD0ED006A90ED017AD0ED027AAF
:10ADA00026EEA65A67EE075A27EEA76A0C308445AE
:10ADB000E6EE85AAA7EE250AA7EE862AA6EE87AAC2
:10ADC000E6EEA79AA7EE279AE5EE073AE5EE272AE0
:10ADD000A6EEA53AA5EEA74AE6EE861AE7EE064AE3
:10ADE0007BEEA6BA3BEE05BA78EE878A38EE258A66
:10ADF00070EEA70A31EE061ACCD18DED078A8DEDE3
:10AE00000A0ACDED03BA8DED06BACDED09AACDED56
:10AE1000048ACDED050A8DED081A8DED0B2AB0EEF2
:10AE20006B0AB0EE688AB0EE4BDAF0EE41CA07EE7C
:10AE3000901AF8EE677AF7EE006A86EEA77A00209D
:10AE4000DDED07DADDED058ADDED0A7A27EE000A91
:10AE500027EE088A27EE044A27EE0DDA67EE2DDA90
:10AE6000A7EE224A67EE288A20EE002A68EE082A1A
:10AE700067EE2CCA3DEE8DCA67EE03BA72EE226A07
:10AE800028EEA83A3CEE2CCA67EE233A76EE836AA7
:10AE9000E7EE273AB8EE00EAF0EE4C7AE6EE8E7A6C
:10AEA000E7EE243A77EEA67AF6EE00EA76EEE77A57
:10AEB0002CEE2EFAF0EE675AE6EE8E5ADDED096AB8
:10AEC000E7EE26BADDED0B6AE7EE21BAA6EE874A79
:10AED00067EEAE7A27EE0AAA67EE299A27EE099A5C
:10AEE000BAEE007A23EE87BA75EE8C5A6BEE87BA0B
:10AEF0003FEE275A24EE077AF2EE00FA8DED007A43
:10AF000065EEAF5AB0EE687AF0EE486AB0EE406A8D
:10AF1000F3EE001AF0EE453A31E066EE884A26EE8E
:10AF2000062AE6EE004A66EEA62AE8EE874AF0EE2A
:10AF30004C5AE4EE8E5A27EE073A72EE227A25EE4C
:10AF4000055A77EE837AA4EE045A75EEA75AA3EE5B
:10AF5000A35A77EEE57AF0EE675AE4EE8E5ADDED0D
:10AF6000014A67EEAE7A75EE8C5AB4EEE45AF1EE11
:10AF700010FA7FEE273A65EEAF5A40F3848029EE4F
:10AF8000874A73EE8D0AAAEE264A013080B2E8EEB7
:10AF9000C70AF1EE42AA7AEEE7AAE6EEC80AAAEEDE
:10AFA000804A69EE074A33EEAD1AEAEE064AA6EE8B
:10AFB000401AA0EE864AF1EE620A70EEE70AA8EEA9
:10AFC000C71AE0EE884A29EE265A7CEEA33AA9EE8B
:10AFD000865AE6EE403AE1EE264AB1EE431A71EEA9
:10AFE000677AE6EEC83AA8EEA75AF0EE6B0AE4EEEE
:10AFF000210AB0EE4B1A36EE064AA4EEA11A76EEFE
:10B00000A64A77EE077AA4EE402AA3EE875AE4EE2A
:10B01000C82AA8EEE73ADDED007A32EE0D2AE5EE19
:10B02000217A72EEAD2AB0EE655AA2EE215AF0EE08
:10B03000654A33EE2C3AE2EEA14AE3EE215AB5EE30
:10B04000405AF1EE10FAF5EE404A08BFB7EE005A4A
:10B05000F1EE10FAF5EE405A08BFF7EE004AF1EEB5
:10B0600010FA08BFF7EE005A80EE854A904281EE52
:10B07000245AC7EEA53A36EE446A76EEC56A37EE34
:10B08000637AFFF44AAF83ED006AC3ED016A83ED92
:10B09000027A0CB0BDEC108B70479DED030A9DED5C
:10B0A000048A9DED06DADDED08CAF0EE641AB0EE12
:10B0B000644AB0EE643AF0EE642AF0EE643AB0EE20
:10B0C000649AF0EE649AB0EE64AAB0E60000000064
:10B0D000204B214A30B500EB400503EB00101F4B1D
:10B0E000C07803EB401302EB85005C68D0E901C334
:10B0F000002918BF63461A4908889BB2984283B05A
:10B1000002D1204603B030BD0B80204600210193C0
:10B1100026F0F8F92188104A019B12F82500114DFC
:10B1200021F03802134323802B88834208D02388E0
:10B13000288060B923F003032380052006F02CF952
:10B140002046012126F0DEF9204603B030BD43F051
:10B150000303F1E7E47C030800650308847D03082A
:10B16000CE060020CC06002008B50001094B1A5C71
:10B170003AB10830184429B1BDE80840002111F067
:10B18000FBBC08BD012111F0F7FCBDE8084001201F
:10B1900006F002B9E47C03085C4B10B55C4C1878EF
:10B1A0001D2119F069FA237813B1A378002B48D137
:10B1B000237C13B1A37C002B4FD194F820301BB11A
:10B1C00094F82230002B53D194F830301BB194F80E
:10B1D0003230002B57D194F840301BB194F84230F4
:10B1E000002B5BD194F850301BB194F85230002BF7
:10B1F0005FD194F860301BB194F86230002B63D1BA
:10B2000094F870301BB194F87230002B67D194F829
:10B2100080301BB194F88230002B6BD194F89030C1
:10B2200013B194F8923003B910BD3A48012111F0DE
:10B23000A3FC012006F0B0F8BDE81040642006F041
:10B2400037B9012104F1080011F096FC012006F045
:10B25000A3F8642006F02CF9AAE701212E4811F08A
:10B260008BFC012006F098F8642006F021F9A4E791
:10B2700001212A4811F080FC012006F08DF864209D
:10B2800006F016F9A0E70121254811F075FC012010
:10B2900006F082F8642006F00BF99CE701212148B2
:10B2A00011F06AFC012006F077F8642006F000F93E
:10B2B00098E701211C4811F05FFC012006F06CF8B2
:10B2C000642006F0F5F894E70121184811F054FCC9
:10B2D000012006F061F8642006F0EAF890E7012109
:10B2E000134811F049FC012006F056F8642006F0DE
:10B2F000DFF88CE701210F4811F03EFC012006F039
:10B300004BF8642006F0D4F888E700BF689000206E
:10B31000E47C03087C7D0308FC7C03080C7D0308A7
:10B320001C7D03082C7D03083C7D03084C7D03082D
:10B330005C7D03086C7D0308F8B505460F464FF4A5
:10B3400080544FF6FF7603E0013CA4B2B44208D02B
:10B350000221284626F0F0F80028F5D00CB9204646
:10B36000F8BD3946284626F0DBF84FF480544FF6F6
:10B37000FF7603E0013CA4B2B44207D00121284685
:10B3800026F0DAF80028F5D0002CE8D0284626F080
:10B39000C3F8C0B2F8BD00BF2DE9F04F85B0074635
:10B3A00003936C4B0191D3F800A09346002800F062
:10B3B0008280694B1B78834200F0C680DFF8A09141
:10B3C000012138464FEA0718FFF782FE19F80830C6
:10B3D000029304462BB108F108004844002111F003
:10B3E000CBFB4FF480564FF6FF7504E0013EB6B23A
:10B3F000AE4200F08F800221204626F09DF8002802
:10B40000F4D0002E40F0868009EB08035B78042B13
:10B4100056D0BBF1000F18D0039E0197B3444FF6EE
:10B42000FF754FF4805703E0013FBFB2AF422BD00E
:10B430000221204626F080F80028F5D027BB3846A8
:10B4400006F8010B5E45ECD1019F029B43B108F168
:10B4500008004844012111F08FFB012005F09CFFFA
:10B460003C4B1868504507D03C4B07EB470703EBB4
:10B4700087039A6801329A60A0EB0A00B0FA80F064
:10B48000400905B0BDE8F08F0021204626F048F8BD
:10B490004FF4805703E0013FBFB2AF4207D0012114
:10B4A000204626F049F80028F5D0002FC7D02046C6
:10B4B00026F032F8C4E7019B43F0800301937DE757
:10B4C0004FF480564FF6FF7503E0013EB6B2AE4230
:10B4D00007D00221204626F02FF80028F5D0002EB4
:10B4E00097D00021204626F01BF84FF480564FF6E7
:10B4F000FF7503E0013EB6B2AE4207D001212046FF
:10B5000026F01AF80028F5D0002E82D0204626F02A
:10B5100003F87EE70199204626F002F84FF48056A2
:10B520004FF6FF7503E0013EB6B2AE4208D00121EE
:10B53000204626F001F80028F5D0002E3FF464AF35
:10B54000204625F0E9FF5FE7012AB4D941F0C003A6
:10B55000019333E7D0060020F7000020D88E0020AA
:10B56000E47C03082DE9F04FDFF840B1DFF840A19B
:10B5700085B0804602938946DBF8003000930021B5
:10B580001746FFF7A5FD4FEA081304461AF80320F3
:10B59000039301922AB103F108005044002111F0F5
:10B5A000EBFA4FF480564FF6FF7503E0013EB6B25A
:10B5B000AE4260D00221204625F0BEFF0028F5D023
:10B5C000002E58D1EFB1029ECDF8088037444FF6D7
:10B5D000FF7516F8019B4FF4805805E008F1FF381D
:10B5E0001FFA88F8A8452CD00221204625F0A4FF98
:10B5F0000028F3D0B8F1000F23D1B742E9D1DDF82C
:10B600000880019B43B1039808305044012111F098
:10B61000B3FA012005F0C0FEDBF80000009B984261
:10B6200007D0214B08EB480803EB88039A680132E6
:10B630009A60009BC01AB0FA80F0400905B0BDE8DE
:10B64000F08F4946204625F06BFF4FF4805905E006
:10B6500009F1FF391FFA89F9A94508D001212046CF
:10B6600025F06AFF0028F3D0B9F1000FC5D02046BD
:10B6700025F052FFC1E74946204625F051FF4FF41F
:10B6800080564FF6FF7503E0013EB6B2AE4207D0DA
:10B690000121204625F050FF0028F5D0002E91D042
:10B6A000204625F039FF8DE7D88E0020D0060020F7
:10B6B000E47C030810B53D4A3D4B3E49D3ED007A8A
:10B6C00091ED000A3C4B3D4C3D483E4993ED007ADC
:10B6D00090ED006A3C4B3D482DED048B92ED008AC5
:10B6E0003B4A94ED009AD2ED005A3A4AD1ED008AD5
:10B6F000D2ED006A384C3949394A78EE670A38EE9B
:10B70000278A30EE250AD3ED007A364B70EEC70A51
:10B7100038EE478A39EE069A78EEE68A70EEA70A86
:10B7200038EE678A30EE000A78EEA88A39EE099A78
:10B7300084ED008A80ED009AC1ED008A82ED000A56
:10B74000C3ED000A26F064F9DFED277A274CF4EE0A
:10B75000E78AF1EE10FA84ED010A24D49FED240A61
:10B76000F4EEC08AF1EE10FAD8BFB0EE680A26F007
:10B7700023F9204B1B78F1EE407A012BC4ED007ABF
:10B7800006D11D4BD3ED007A77EEC07AC4ED007A76
:10B79000F0EE480AB0EE490A26F03AF9BDEC048B07
:10B7A00084ED020A10BDB0EE670AE0E7A80F0020A2
:10B7B000980F0020A40F00208C0F0020940F002071
:10B7C0009C0F0020900F0020840F00207C0F002091
:10B7D000880F0020A00F0020800F0020780F00208D
:10B7E000740F0020700F0020EFFF7FBFD87C002077
:10B7F000EFFF7F3FA98E00208C380020F8B53F4C2A
:10B800003F4F404E404D2DED068B94ED028AF6EEF3
:10B81000009A28EE298AB0EE480A26F007FAB0EE20
:10B82000409AB0EE480A26F041FAD4ED018A68EE5B
:10B83000A98AB0EE408AB0EE680A26F0F7F9F0EE79
:10B8400040AAB0EE680A26F031FA94ED00AA2F4C17
:10B850002AEE29AAF0EE408AB0EE4A0A26F0E6F96E
:10B86000F0EE409AB0EE4A0A26F020FA28EE2A5A64
:10B8700028EE288A20EE456A69EE288A68EE005A8A
:10B88000A8EEA96A29EE2A9A66EE066AE9EE295A16
:10B8900068EE297AE5EEA56AE9EE007A20EE687A8C
:10B8A000B0EE660AA5EE297AA7EEA70A86ED006A31
:10B8B000A7EE070AC5ED007A84ED007AC7ED005ABD
:10B8C000FFF718F9BDEC068B97ED006AD6ED006A1C
:10B8D00095ED007AD4ED007A26EE006A66EE806A75
:10B8E00027EE007A67EE807A87ED006AC6ED006A7F
:10B8F00085ED007AC4ED007AF8BD00BFD87C002049
:10B90000B80F0020B40F0020B00F0020AC0F0020B3
:10B91000394B3A4AD3ED004ADFF8FCC0384BD2ED40
:10B92000005A93ED002A9CED006A91ED013A354AE8
:10B93000354BD1ED022A74EE866A75EEC27AB7EE07
:10B94000005AB0EE004AF0EE453AE6EEC43A37EE61
:10B95000A77AD2ED006AD1ED007A2C4A27EE037A5D
:10B9600093ED003A2A4BA3EEA77A76EE837AD3EDD5
:10B97000003A284B77EEA77A74EEA34AA7EEA27A94
:10B9800076EE237AB0EE456AA7EEC46AD3ED002ABC
:10B99000D2ED007A80ED007AD1ED011A35EE827A8F
:10B9A00026EE216A91ED002A37EE077A77EEE25A09
:10B9B000A7EE026A75EEA55A91ED027AA5EE876AA6
:10B9C00077EEA27A80ED016A36EEC37A91ED016AD4
:10B9D000D1ED006A77EEA77A37EE077A67EE867ABE
:10B9E000A4EEC45AE7EE267A91ED027AE5EE077AE4
:10B9F000C0ED027A704700BF8C0F0020940F00202A
:10BA00009C0F0020900F0020A00F0020880F002026
:10BA1000980F0020A40F0020840F00200A480B4933
:10BA200090ED007A0A4A0B4BD1ED007AD2ED006A14
:10BA300067EEC77A93ED007AE6EE877A77EEA77A1B
:10BA400027EE800A704700BFB40F0020AC0F002023
:10BA5000B80F0020B00F0020094A0A4BD2ED007A3F
:10BA600093ED007A084B77EEC77A93ED007A074B97
:10BA700077EEC77A93ED000A37EE800A704700BF71
:10BA8000A80F0020980F00208C0F0020840F0020AA
:10BA900008B5114B1621187818F0EEFD0F4A104B1F
:10BAA00052789FED100A520783ED010A83ED000AD8
:10BAB00005D583ED020ABDE80840FFF79FBE23F0DD
:10BAC000F9F8074B084A82ED000A83ED020ABDE847
:10BAD0000840FFF793BE00BF68900020347D00202F
:10BAE000D87C0020000000001CBD002070B56C4B0D
:10BAF0006C4C93ED027AD4ED007AE7EE007A2DEDEE
:10BB0000028BB0EE670A82B0C4ED007AFFF772F8DC
:10BB1000654A664BD2ED007A93ED007A644A654B34
:10BB20006549D3ED006A654B77EE877AB0EE408ABF
:10BB300092ED007A91ED000AD3ED000A84ED008ABF
:10BB400077EEE67A30EE070A5D4C77EEE00A30EEEB
:10BB5000000A25F05DFF637A5A4ADB09F0EE407A6D
:10BB600082ED020A1BD1584B584D93ED000A37EE77
:10BB7000C00AFFF73FF8564BD5ED007A83ED000A77
:10BB800030EE670AFFF736F8637A524A23F08003F3
:10BB900082ED000A637202B0BDEC028B70BD637867
:10BBA0005B0771D54C4B494D93ED250A95ED007A15
:10BBB0004A4E30EE070A30EE670AFFF71BF89FED9A
:10BBC000487A20EE078AF6EE007A28EE278AB0EE51
:10BBD000480A26F02BF88DED010AB0EE480A26F04F
:10BBE00065F8404B9DED017AD3ED007A96ED005A51
:10BBF0003D483E49D0ED005A20EE676A67EE877AED
:10BC0000A5EE076AE5EE007A91ED005AC3ED007AE1
:10BC100060EE656A25EE000AE5EE076AA5EE870A82
:10BC2000C1ED006A20EE007A80ED000AA6EE067AE9
:10BC300086ED006AB0EE470AA6EEA60AA7EEA70AAE
:10BC4000FEF758FF28482949264B1E4AD6ED005AD0
:10BC500090ED006AD1ED006A93ED007AD2ED027AA0
:10BC6000194A65EE805A26EE006A66EE806A27EE73
:10BC7000007AC6ED005A92ED000A80ED006AC1ED2F
:10BC8000006A83ED007A72E738EE400AFEF7B2FFF1
:10BC90000D4B0C4A0D4DD2ED027A83ED000A66E79A
:10BCA000F07C0020540F0020A80F0020980F0020E7
:10BCB0009C0F00208C0F0020940F0020840F002088
:10BCC000347D0020D87C0020D406002028BD002030
:10BCD00020BD002018BD002078A80020B80F00204B
:10BCE0000AD7A33CAC0F0020B40F0020B00F0020F7
:10BCF00062EE026A2DE9F047E1EEA16ADFF808A3DF
:10BD0000A84B9AED007ADFEDA85ADFF8009393ED87
:10BD1000006ADFF8FC82A54BA54CA64EA64FA74DA6
:10BD2000E2EEA26A2DED108BF1EEE6EA82B0F7EEBC
:10BD3000007A99ED008A98ED00AAD4ED00AACDED25
:10BD4000003AEEEEE57A67EE07DA27EE08BAC3EDC1
:10BD500000DA9B4B8DED014A83ED00BA27EE0AEA2B
:10BD6000984BC5ED00EAF0EE408A27EE860A83ED97
:10BD700000EA27EE2A7A944B20EE000AFEEE007AC3
:10BD800083ED007A20EE270A904B68EE087AB6EE33
:10BD900000FAC3ED007A68EE0A7A8D4BC6ED007AA0
:10BDA00028EE2A8A6AEE0A7A83ED008A2AEE2AAA07
:10BDB000884BC7ED007A83ED00AA6AEEAAAA864BEB
:10BDC000F0EE609A64EE8FBAB0EE42CAF0EE61CA4D
:10BDD000B0EE62DAB0EE419AF0EE43FAC3ED00AA9B
:10BDE00025F018FEF5EEC0EAF1EE10FAF0EE400A8A
:10BDF00040F3D380794B93ED027AC7EE2E7A9FED14
:10BE0000787AF4EEC77AF1EE10FA40F1BC80754B07
:10BE10009FED751A93ED000AFEF722FE714B95ED2A
:10BE2000007A83ED000A714B1A78714B052AD3ED25
:10BE3000006A704BF2EE0E7A08BFF0EE407A83EDA6
:10BE4000000A67EEA67A6C4BB5EEC07AF1EE10FAF6
:10BE5000C3ED007A2BDDF7EE005AC5EE876A7DEE62
:10BE6000AADAB0EE006ABFEE007AADEE867A2CEE6A
:10BE700026CA38EE4E8A3BEE0ABA6CEEA6CA38EEF7
:10BE8000088A3BEE0BBA2DEE26DA2CEE476A6DEEF1
:10BE9000486AABEE0D6A2CEECBBAE7EE2C6AA8EE40
:10BEA0000CBAE7EE868AE7EEA69AA7EE8B9A534B7A
:10BEB000197ACD070AD55978480707D4D978C1F33C
:10BEC0004000890702D4052A00F0A48098ED007A8A
:10BED0009AED006AD9ED006A94ED004A29EE2B9A9A
:10BEE00068EEAB8A69EEAB9A67EE094A29EEC75A4B
:10BEF000E6EE284AA6EEE85AE4EE694A69EE665A8A
:10BF0000A4EE495AE6EE295A66EEA97A76EEA46ABC
:10BF1000E6EE097AE4EE285A36EE056A26EEA60A1F
:10BF2000E7EE687AA6EE060A37EE257A77EE847A8F
:10BF3000A7EE070A8AED006AA7EEA70AC9ED006A14
:10BF400088ED007AC4ED007AFEF7D4FD9AED006A20
:10BF5000D9ED006A98ED007AD4ED007A26EE006AF9
:10BF600066EE806A27EE007A67EE807A8AED006AD4
:10BF7000C9ED006A88ED007AC4ED007A02B0BDEC2C
:10BF8000108BBDE8F0879FED1E7AF4EEC77AF1EED4
:10BF900010FA02D560EE0F0A39E7DFED1A7A60EE8B
:10BFA000A70A34E7440000207CD6D03DA80F00202B
:10BFB000AC0F0020940F00208C0F0020CC0F00202D
:10BFC000A40F0020A00F00209C0F0020980F00203D
:10BFD000900F0020880F0020840F0020FC7C0020A0
:10BFE000333333BF28000020CDCCCC3D307D002042
:10BFF000480000206C0F0020D00F0020347D00206E
:10C000009A9999BE00000000B80F0020B40F0020DC
:10C01000B00F00209DED008A1A7ADDED01CA5A4D5D
:10C0200028EE080A60F30002AFEEAF0A1A72B6EE0D
:10C0300000CAACEEAC0AFEF75DFDD5ED006AD7EDA7
:10C04000007A524B524A93ED004AD2ED004A96EDE7
:10C05000007A504B504A5149514891ED006A90ED99
:10C06000005A7CEE666A68EE00AA76EEE75A7CEE2D
:10C07000677A2FEE80BA2CEE80AA36EEC40A77EEED
:10C08000C46A77EE647A20EE2A0A67EEAA7A37EE5F
:10C09000247AE6EE8B7AA7EE0B0AD2ED006AB0EEB8
:10C0A000677AD3ED007A37EEA68A77EEE64A28EE75
:10C0B0002A8A76EE457AA4EE8A0A36EE056AA7EE5B
:10C0C0008B8AF0EE477AE6EE0A7A30EE000A77EED7
:10C0D000A77A20EE000AA5EE8A8AA7EEA70AFEF745
:10C0E00009FDD5ED007AD7ED006A2C492C4891ED79
:10C0F000006A90ED005A254B254AD3ED004A92ED97
:10C10000004A244B244AD6ED005A92ED007A7CEE88
:10C11000677A38EE088A77EEE67A3CEE66CA67EE12
:10C12000887A76EE456A36EE056A75EEC45AE6EE12
:10C13000007A93ED006A1B4B37EE067A3CEE64CA38
:10C1400066EE886A27EE087AECEE006AA5EE807A41
:10C1500077EEA77A76EEA66A37EE077A67EECB5AC5
:10C1600026EEEA6AEAEE265A27EE4AAAABEE076AFC
:10C17000AAEEA7AAD3ED006AE6EEA59AA6EE869AE5
:10C18000EAEE268AA2E600BF980F0020840F002066
:10C190009C0F0020880F0020A40F0020900F00208B
:10C1A000A00F0020C80F0020174B1B78012B29D0AF
:10C1B0002DE9F041154C164F164E174D2DED028B03
:10C1C00004F10C08B0EE408A384694ED000AF0EE17
:10C1D000480AFEF769FCF0EE407A284696ED000A20
:10C1E000E4EC017AF0EE480AFEF75EFC444507F500
:10C1F0009A77A6EC010A05F59A75E5D1BDEC028B9C
:10C20000BDE8F081704700BF187D0020FC7C002055
:10C21000A80B0020F07C00200C08002070B52DED4C
:10C22000028BAF4CA37A5B0782B003D502B0BDECA2
:10C23000028B70BDE3781E07B0EE408A40F1D980D2
:10C240000AF08AFD6379DD0630D56378580704D497
:10C25000A44B1B78002B40F02081237A9FEDA24A4B
:10C2600023F00103F0EE443AB0EE443A23729F4BC0
:10C270009F4993ED021AD1ED022A91ED002AD1EDEA
:10C28000011AD3ED000A93ED010AF0EE484AFFF7D8
:10C290002FFDFFF70FFA96499648FFF739FB2378F1
:10C2A000590603D5E3781A0740F1FF80E3781B07AE
:10C2B00040F1E180B0EE480AFFF718FC8E4BD3ED59
:10C2C000007AF4EE677AF1EE10FA40F0C2809FED4A
:10C2D0008B7AF4EEC77AF1EE10FA00F3BA80DFED54
:10C2E000886AF4EEE67AF1EE10FA00F1B280854B3E
:10C2F000D3ED007AF4EE677AF1EE10FA40F0A980FF
:10C30000F4EEC77AF1EE10FA00F3A380F4EEE67AC9
:10C31000F1EE10FA00F19D807B4BD3ED007AF4EE44
:10C32000677AF1EE10FA40F09480F4EEC77AF1EEFD
:10C3300010FA00F38E80F4EEE67AF1EE10FA00F1D6
:10C340008880724BD3ED007AF4EE677AF1EE10FA42
:10C350007FD1F4EEC77AF1EE10FAB0EE476A78DCDE
:10C36000F4EEE67AF1EE10FAF0EE665A71D4684B0C
:10C37000D3ED016AF4EE666AF1EE10FA69D1F4EEDB
:10C38000C76AF1EE10FA64DCF4EEE56AF1EE10FA39
:10C390005FD493ED007AB4EE477AF1EE10FA58D1FB
:10C3A000B4EEC67AF1EE10FA53DCB4EEE57AF1EEB3
:10C3B00010FA4ED4D3ED027AF4EE677AF1EE10FA69
:10C3C00047D1F4EEC67AF1EE10FA42DCF4EEE57AEB
:10C3D000F1EE10FA3DD44F4B4F48504AC3ED016A7D
:10C3E0000124002183ED007AC3ED027A04701180EC
:10C3F0001CE71EF039FE0BF08DFD494B1B78012B1D
:10C4000024D03B4B474A394D474E93ED000A0192E9
:10C410001046F0EE480A0093FEF746FB009BF0EE54
:10C42000407AE3EC017A95ED000A00933046F0EE95
:10C43000480AFEF739FB3D49009B019AA5EC010A29
:10C440008B4202F59A7206F59A76DED122F0CEFC86
:10C45000F8E6314B1B789BB9354963790A882F4838
:10C4600043F080030132637101230A80038002B02C
:10C47000BDEC028B70BDB0EE480A01F0DDFF19E79C
:10C48000244A234B5068116892689A60586019607A
:10C49000FFF7B4F9FFF70EF9DEE7264B93ED003A0C
:10C4A000D3ED013A93ED024AE1E6D0ED010A90EDB9
:10C4B000000AB0EE481A22F039F81F4A1F4BD2E9A1
:10C4C000000192ED027BC3E9000103F5A66110694A
:10C4D000586181ED007B516903F244521160E5E639
:10C4E000347D0020A48E002000000000F07C00209D
:10C4F000FC7C0020BC0F0020B80F0020CAF249715C
:10C50000CAF249F1B40F0020B00F0020AC0F002098
:10C51000D87C00205C0F0020580F00206A0F0020FC
:10C52000187D0020A80B00200C080020087D0020AA
:10C53000680F00200CBD0020F8A9002088160020FC
:10C540002DE9F047414C424FD4ED000A97ED000A27
:10C55000DFF83C9186B0FEF773FA3E4A3E4BD4EDCD
:10C56000000AF0EE407A92ED000AC3ED007AFEF781
:10C5700067FA3A4A3A49107809783A4B3A4A33F816
:10C58000103032F81120394907EE902A06EE903A21
:10C590000B78374AB0EE407AF8EE677AB8EE660A62
:10C5A000012B82ED007A89ED000AC7ED007A1ED0DA
:10C5B000304C314E314DDFF8DC8004F5677A20468F
:10C5C000FEF754FA97ED000A3046FEF74FFA04F5ED
:10C5D0009A7498ED000A2846FEF748FA544514D09C
:10C5E00099ED000A06F59A7605F52E75E7E7234CD6
:10C5F000DFF8A08004F62805204698ED000A04F52F
:10C600002E74FEF733FAAC42F6D11D4C04F6280521
:10C610001C4E0FCEEC46ACE80F0096E803006A46CD
:10C620008CE803002046062104F52E74FEF7B0F9CD
:10C63000A542EDD1144B15480022B6EE000A1A703F
:10C6400006B0BDE8F047FEF711BA00BF2C7D002010
:10C650003C00002034000020B4060020C10000206F
:10C66000C3000020F46D0308046E0308187D002049
:10C67000B0060020A80B00200C080020F03C002091
:10C68000DC3B0020905F0308440F0020D806002008
:10C69000400000202C00002091ED016AD2ED017ACB
:10C6A000D1ED006A92ED007AD1ED025A67EEC67ABA
:10C6B00092ED026AE6EE877AD1ED036A92ED037A93
:10C6C000E5EEC67AE6EEC77AC0ED007A92ED006A32
:10C6D000D1ED017AD1ED006A92ED017AD1ED025AE5
:10C6E00067EE867A92ED036AE6EE877AD1ED036A09
:10C6F00092ED027AE5EE867AE6EEC77AC0ED017A2F
:10C7000091ED016AD2ED037AD1ED006A92ED027AE1
:10C71000D1ED025A67EEC67A92ED006AE6EE877AAC
:10C72000D1ED036A92ED017AE5EE867AE6EE877A3C
:10C73000C0ED027AD1ED017A92ED026AD1ED006A84
:10C7400092ED037AD1ED025A67EE867A92ED016A94
:10C75000E6EE877AD1ED036A92ED007AE5EEC67ACD
:10C76000E6EE877AC0ED037A704700BF344B91ED57
:10C77000017AD3ED007A334BD1ED006AD3ED004A54
:10C78000314B27EE877A93ED005A304BA4EEA67A10
:10C79000D1ED026AD3ED005AA5EE267AD1ED036AF7
:10C7A000A5EEA67A80ED007A91ED006AD1ED016ADE
:10C7B00091ED034A27EEC66AB5EEC07AA4EEA66AEA
:10C7C000D1ED026AA5EE446AF1EE10FAA5EEA66A72
:10C7D00080ED016AD1ED036A91ED024AD1ED003A94
:10C7E00067EEA66AE4EE846A91ED014AE5EE636ABB
:10C7F000E5EEC46AC0ED026A91ED024AD1ED033A5A
:10C8000067EEC47A91ED014AE4EEA37AD1ED004AD5
:10C81000E5EE047AE5EEE47AC0ED037A0FD5B1EEE9
:10C82000477AB1EE466AF1EE666AF1EE677A80ED1C
:10C83000007A80ED016AC0ED026AC0ED037A7047AC
:10C84000B40F0020B80F0020B00F0020AC0F002064
:10C8500010B52DED068BF6EE009A21EE298AF0EE4A
:10C86000408AB0EE480A0446B0EE60AA25F0DEF930
:10C87000B0EE409AB0EE480A25F018FA68EEA98AA0
:10C88000B0EE408AB0EE680A25F0D0F9F0EE40AA8A
:10C89000B0EE680A25F00AFA2AEE29AAF0EE408ADC
:10C8A000B0EE4A0A25F0C2F9F0EE409AB0EE4A0A1C
:10C8B00025F0FCF928EE2A5A28EE288A20EE456A4F
:10C8C00069EE288A68EE005AA8EEA96A29EE2A9A2B
:10C8D00066EE066AE9EE295A68EE297AE5EEA56A5F
:10C8E000E9EE007A20EE687AB0EE660AA5EE297AC3
:10C8F000A7EEA70A84ED016AA7EE070AC4ED027A43
:10C9000084ED037AC4ED005AFEF7F4F8BDEC068B13
:10C9100094ED006AD4ED016A94ED027AD4ED037AC5
:10C9200026EE006A66EE806A27EE007A67EE807A6D
:10C9300084ED006AC4ED016A84ED027AC4ED037AE5
:10C9400010BD00BF114B1B78EBB1114A1378834225
:10C950001AD010B582B0002840F6FF710CBF0C460B
:10C960001924019045F2555024F0BEFB204624F0D6
:10C97000C7FB24F0CBFB019B054A137002B0BDE856
:10C98000104024F0C3BB704724F0C0BBD60F00207A
:10C99000D40F002010B545F2555082B024F0A4FB0E
:10C9A000042024F0A7FB45F2555024F09DFB40F6EF
:10C9B000FF7024F0A5FB24F0A9FB24F0AFFB174B7C
:10C9C000002401201C7024F06FFC154B15491A78C7
:10C9D000154B032A4FF001000CBF02462246087097
:10C9E0001A7004D0114A0023138002B010BD2046F3
:10C9F00024F016FA4AF278510C4A0192B1EB104F2A
:10CA000018BF002010802146204624F0F9F9064B7B
:10CA1000019A1B78002BE6D002B010BDD40F002085
:10CA2000F9A00020D60F0020D50F0020D80F00203D
:10CA3000024B1B7803B9704724F068BBD60F002067
:10CA4000054B1B7803B9704740F0254141F4F001D4
:10CA5000002024F0D5B900BFD60F0020204901EBFB
:10CA60008013D3ED087AF5EE407A00224FF0000CE7
:10CA7000F1EE10FA1A615A61C3F82CC083F830C085
:10CA80005A639A6383F83CC0C3ED007AC3ED037A1E
:10CA90005A609A6008D4B1EEE77A01EB801183ED19
:10CAA000097A81ED0A7A704700B5B0EE670A85B061
:10CAB000CDE90230CDED017A25F090F8029BB0EE81
:10CAC000407A9DED010A83ED097A25F087F80398F5
:10CAD000034901EB801181ED0A0A05B000BD00BFDA
:10CAE000DC0F0020F0B5384C384D394F394EA1B02D
:10CAF00001202566A765E665FFF7B0FF0220C4F8B0
:10CB0000A050C4F89870C4F89C60FFF7A7FF324BA0
:10CB1000324D3348C4F8C050002119706A46802154
:10CB20000EF064FD2F4B009A9A424BD1DDED0A6A5C
:10CB30009DED0B7ADDED055A9DED066A089A039B83
:10CB400004980999DDED0F7A226166EEA64A0D9AE6
:10CB5000616127EE075A65EEA53A26EE064A079967
:10CB60002365C4F8902002230E9A60650C98C4F8DF
:10CB70009420C4ED096A119A84ED0A7AC4ED195A19
:10CB8000E06284ED1A6AE166C4ED103A84ED134A5E
:10CB900084F87030C4ED004A84ED035A84F83030D4
:10CBA000C4ED297A9DED107AC4F8AC2067EEA77A1F
:10CBB00067EE076A84ED2A7AC4ED207AC4ED236A11
:10CBC00084F8B03021B0F0BDDC0F0020CDCCCC3DDE
:10CBD00095BFD633CD024C35DA0F00206F12033BE0
:10CBE00000000C084944454ED54AD64B127883EDD7
:10CBF000300A052A00D07047D34A1278032AFAD0A7
:10CC000010B5D248D24A93F87C100068D2ED017A70
:10CC100084B0002900F0A08093ED1D7AB5EEC07AB3
:10CC2000F1EE10FA00F1BC81DFEDCA6AB4EEE67AEB
:10CC3000F1EE10FACCBF01210021002900F08C8018
:10CC4000D3ED1E6A37EEE66AB5EEC06AF1EE10FA71
:10CC500000F19C81DFEDC05AB4EEE56AF1EE10FA06
:10CC6000CCBF01210021002976D0D3ED135AD3ED9A
:10CC7000111A93ED122A93ED101AD3ED170A93EDC2
:10CC8000154AD3ED143A25EE873A61EE872AA2EED3
:10CC9000263AE1EE262A23EE075A24EE076AA2EE90
:10CCA000A65AA3EEA66A35EE205A37EEC66A82EE81
:10CCB000850AC3EE052AB7EE003AB7EE005AA0EE99
:10CCC000663AA2EEC75A20EE077AE0EE063A62EE26
:10CCD000A66A22EE470AA2EE864AA3EE010A26EED3
:10CCE000E16AD3ED160AC3ED143AA5EE856A66EE45
:10CCF000C16A65EEC75A30EE200AE2EE056AE3EE3D
:10CD0000215A36EE206AB5EE400AF1EE10FAC3ED74
:10CD1000126A83ED154A58BFF1EEC06A83ED100A1E
:10CD2000C3ED115A83ED136A00F17B81B5EE406AC1
:10CD3000F1EE10FAC3ED196A58BFF1EEC66A00F1C0
:10CD40006181D96E854C01314FF0010CD96684F8B0
:10CD500000C0C3ED1A6A00E0D96E58674FF0010CAD
:10CD6000C829C3ED1E7A83F87CC000F2AD8000298B
:10CD700040F0BE807A4993F8BC00096892ED027ACF
:10CD8000002800F0B980D3ED2D7AF5EEC07AF1EEEF
:10CD900010FA00F10F81DFED6F6AF4EEE67AF1EE42
:10CDA00010FACCBF01220022002A00F0A580D3EDAA
:10CDB0002E6A37EE666AB5EEC06AF1EE10FA00F13F
:10CDC000DB80DFED655AB4EEE56AF1EE10FACCBF18
:10CDD00001220022002A00F08F8093ED231A93EDA8
:10CDE000212AD3ED222AD3ED201AD3ED270AD3ED41
:10CDF000254A93ED244A67EE813A27EE823AE6EE21
:10CE0000A23AA6EEA13A67EEA35A27EEA46AE6EE8E
:10CE1000835AA6EE846A75EEA05A37EE466A83EE10
:10CE2000250A83EEA53AF7EE003AF7EE005AE6EE51
:10CE3000C03AE7EEC35A67EE807AA6EE004A66EE85
:10CE4000836A27EEE20AE6EE034AA1EEA30A26EE83
:10CE5000C26AD3ED260A83ED244AA1EE256A67EE65
:10CE6000C17A66EEE16A30EE200AE2EE237AE2EE63
:10CE7000A56A36EE206AB5EE400AF1EE10FAC3ED6F
:10CE8000254A83ED200AC3ED217AC3ED226A83EDA2
:10CE9000236A00F1A780F1EEC07AB5EE406AF1EEA8
:10CEA00010FAC3ED297A00F18F80F1EEC67AD3F83B
:10CEB000AC202A4801324FF0010C80F800C0C3F8C2
:10CEC000AC20C3ED2A7A19E0DFED267A93ED197ACA
:10CED000B4EEE77AF1EE10FA0AD593ED1A7AB4EED1
:10CEE000E77AF1EE10FA03D5022183F8701041E7DA
:10CEF000012183F870103DE7D3F8AC20C3F8B410DB
:10CF00000120C82A83ED2E7A83F8BC0014D9DFED06
:10CF1000157A93ED297AB4EEE77AF1EE10FA06D598
:10CF200093ED2A7AB4EEE77AF1EE10FA20D40122DA
:10CF300083F8B02004B010BD002AFBD0F7E700BF93
:10CF4000307D0020DC0F0020A98E0020E44000206E
:10CF5000F07C0020CDCCCC3DCDCC4C3DDA0F002078
:10CF60009C4300200AD7233CCDCC4CBDCDCCCCBDBE
:10CF7000022283F8B020DDE75FED055AB4EEE56AE2
:10CF8000F1EE10FA4CBF0122002223E75FED0A5AAE
:10CF9000B4EEE56AF1EE10FA4CBF0121002162E621
:10CFA0005FED0E6AB4EEE67AF1EE10FA4CBF0121A5
:10CFB000002142E65FED136AF4EEE67AF1EE10FA34
:10CFC0004CBF01220022EFE6B0EE460A8DED027A58
:10CFD000019124F003FE1B4B9DED027A0199F0EEC6
:10CFE000407A64E78DED036A8DED027A019124F0B9
:10CFF000F5FD144B9DED036A9DED027A0199F0EE6B
:10D00000407A4AE7B0EE460A0290CDED017A24F06C
:10D01000E5FDDDED017A02980B4A0A4BF0EE406A1D
:10D020008FE68DED036A0290CDED017A24F0D6FDF6
:10D03000DDED017A02989DED036A034A014BF0EEA3
:10D04000406A73E6DC0F0020F07C002010B5204C15
:10D050002378A2B0002B39D01E4B1F491A6D0291C4
:10D06000012103910592596D5A6ED3F8C0000490C6
:10D07000CDE90612D3E91A12CDE90812D3E9041258
:10D08000CDE90A12D3E90912CDE90C12D96AD3F815
:10D090009020CDE90E12D3F89410D3F8A420CDE956
:10D0A0001012D3F8A82012920021D3F8AC301393B9
:10D0B000382214A828F098FE02A980230091074A7C
:10D0C000502101200EF0DEFA0023237022B010BDA3
:10D0D000DA0F0020DC0F00204944454E00000C0808
:10D0E000154A164B1648D2ED006A93ED017AD0ED41
:10D0F000007A144992ED016A134AE6EE877A93EDBD
:10D10000007AD1ED006A114BE6EE076A92ED007AE3
:10D1100093ED085AD3ED095A0D4B77EE877AB6EEA8
:10D12000007AB0EE476AA5EE266AA5EEA77A83EDEF
:10D13000086A83ED097A7047D87C0020F00500204A
:10D14000CC3800207C810020F82F0020B410002073
:10D150005C060020BE4B1B78002B40F09780BD4A38
:10D16000BD48BE49D2ED007A91ED007AD0ED005A6B
:10D17000BB4BBC4993ED006A0978BB4867EE876AF0
:10D1800067EEA57AE6EE256A0529E6EE477AC3ED55
:10D19000006A90ED007AC2ED007A00F0F180B34BA6
:10D1A0005B7A5B0720D5DFEDB25AB24BB7EE006A6F
:10D1B00077EE655A36EE476A93ED005AAE4BF4EEC1
:10D1C000C65AF1EE10FAD8BFB0EE656A26EE056ACF
:10D1D00093ED005AF1EE465AF4EEC55AF1EE10FA0C
:10D1E00040F3E380C3ED005AA44B1B78152B3BD8CA
:10D1F000DFE813F08C01A9011600A800A800A80020
:10D20000A800F200F200640164013A003A003A001A
:10D210003A003A003A003A003A003A00A800A80062
:10D22000954B974A974992ED056A93ED004AD1EDE7
:10D23000005A954BB7EE005A26EE046A75EE654A21
:10D2400075EE855AB0EE465AA4EEA75A94EEA76A38
:10D25000E5EEA76AF1EE455AF1EE467AC3ED026AB1
:10D26000C3ED005AC3ED017A884B196851B1864A63
:10D270000023D2ED007A013377EE877A9942E2EC0F
:10D28000017AF6D1824B83ED007A7047013B012B86
:10D2900000D97047754AD3789807C3F3400140F12D
:10D2A0009080714BD3ED007AD3789B071ED4694BE5
:10D2B00093ED007AB5EEC07AF1EE10FA01D5B1EE39
:10D2C000477A744BD3ED006AE6EE877AF5EEC07AC2
:10D2D000F1EE10FA00F172816F4B93ED007AF4EEEB
:10D2E000C77AF1EE10FAC8BFF0EE477AF5EEC07AD1
:10D2F000F1EE10FA00F15681B7EE007AF4EEC77A3B
:10D30000F1EE10FACCBF01210021B7EE007A00291E
:10D3100018BFF0EE477A614A574BD2ED006A93EDA1
:10D32000007A5B4A584BF0EE675AB0EE676AE6EE59
:10D33000875AA6EEC76AC3ED005AC2ED007A83EDA4
:10D34000016A70474C4A564B92ED006A93ED005AC1
:10D350004D4B26EE056AF1EE665A36EE675A75EECB
:10D36000C65A76EEC66A76EE277A82ED006AC3ED7B
:10D37000015AC3ED026A83ED005AC3ED037A73E7E5
:10D38000484B494AD3ED005A92ED006A474B37EEBD
:10D39000066A93ED007A354B5B7A26EE256A5B07C9
:10D3A00026EE077A7FF520AFFDE6B4EEC65AF1EE21
:10D3B00010FAD4BFF0EE455AF0EE465AC3ED005ACB
:10D3C00012E73B4B1B78002B00F0EF80D378DFEDAA
:10D3D000397A9A0799D46AE7274A314B9FED366A22
:10D3E000D2ED005A66EE866A93ED006A264B25EE72
:10D3F000866AB6EE005AB0EE664AF0EE664AF0EE85
:10D40000665A97EEC54AD7EE855AE7EEC54AE7EE6B
:10D41000856AB0EE463AF0EE463AA7EEC53AD7EE48
:10D42000853A34EE464A34EEC65A75EE865A76EEA2
:10D43000867A82ED006A83ED003A83ED014A83ED3E
:10D44000025AC3ED035AC3ED047AC3ED053A0BE764
:10D45000A98E0020000600204C000020AC10002007
:10D4600004060020307D0020A8380020347D0020F4
:10D47000CDCC4C3DE8000020FC050020F50000204C
:10D48000B4100020A41000205C060020040000203E
:10D49000A8100020943800208838002070810020D7
:10D4A00008000020A0000020C0380020A4000020B8
:10D4B00058BE0020000000003BCD133F414A424BC4
:10D4C00092ED006A93ED005A404B26EE056AF1EEAC
:10D4D000665A76EE674A75EEC65A76EEC66A76EEFC
:10D4E000277AB6EE005A65EE855A66EE856A64EED6
:10D4F000854A67EE857A82ED006AC3ED015AC3ED75
:10D50000026AC3ED004AC3ED037AADE6304B9FEDEE
:10D51000315AD3ED004A2D4BB7EE006A74EE865AAD
:10D5200036EE646A65EEA75A67EEC67AF0EE654A93
:10D53000E6EEC54AE6EE855AC3ED014AC3ED025A4E
:10D54000C3ED007A90E69FED236A1E4BB0EE675A5A
:10D55000F0EE675AA6EEC65AE6EE865A93ED006ADA
:10D56000DFED1D6A194BF0EE673AB0EE454AF0EE7A
:10D57000654AD6EE263AA6EE264AE6EE264AD6EECC
:10D58000667AA6EE665AE6EE665AC3ED003A83ED79
:10D59000014AC3ED024AC3ED037A83ED045AC3ED99
:10D5A000055A61E6DFED0D7AB5E60D490D4BD1ED7B
:10D5B000007A93ED007A77EE877A75E6DFED077AE9
:10D5C0000021A2E6FC050020080000205C060020E7
:10D5D000A410002036CD933FDAAC2A3F00000000B3
:10D5E000A8380020C0380020B54B1B78152B17D861
:10D5F000DFE813F0BB001600160016001600160038
:10D6000016001600160016001600C900F6002401C8
:10D610008A01D90194023A021C03F2025703430023
:10D62000A84AA94BA948AA4990ED005A90ED016A71
:10D63000A848D1ED015AD0ED007ADFF8C8C291EDCB
:10D64000007ADCED006AA449E5EE257AE6EE076A89
:10D6500091ED007A92ED085AD2ED095A77EE877A69
:10D66000B6EE007AB0EE476AA6EE856AA7EEA57A16
:10D6700083ED086A83ED097A70479849984ACB7818
:10D68000D2ED007A9A0704D4964B93ED007A77EEA8
:10D69000877AF5EEC07AF1EE10FA00F1A283B7EEC8
:10D6A000007AF4EEC77AF1EE10FAD8BFB0EE677ADE
:10D6B0008D488E4B834ADFF844C2D0ED002A1B7898
:10D6C0008B4892ED043ADCED006AD0ED007A002B35
:10D6D00000F08D83CB789B0700F17484F5EEC02AAF
:10D6E000F1EE10FA00F17F84B0EE625A814B93EDB7
:10D6F000006AF0EE665AE6EE055A734B63EE266A50
:10D70000B0EE675A92ED056A92ED022AA5EE835AB1
:10D71000F0EE673AE5EEC33AB0EE664AA6EE674A27
:10D72000D6EE676AF6EE007AD2ED035AF0EE674A5B
:10D73000E2EE054AB0EE675AA5EEA35AF0EE675A3C
:10D74000E4EE035AE6EE267A77EE226A37EE627A44
:10D75000C3ED024A83ED035AC3ED016A83ED007AFB
:10D76000C3ED045AC3ED057A5CE7614B554A93ED6E
:10D77000007AD2ED046A544BF6EE007AE6EE877A30
:10D78000C3ED047A4EE7554B5949DB784D4A56486C
:10D7900091ED007A92ED054AD0ED006A990704D424
:10D7A000554BD3ED007AA7EEA67A544BF6EE007AED
:10D7B000D2ED024A92ED045AD3ED005A424BB0EE3C
:10D7C000676AA4EE076AB0EE677AA4EEA67AE5EE81
:10D7D000257A83ED056A83ED027AC3ED047A21E7A9
:10D7E000464A434BD2ED007AD3ED006A354A364BB8
:10D7F000D2ED033A92ED024A3B4993ED016A91ED75
:10D80000005AF1EE675A37EEA67A75EEE65AF6EE52
:10D81000007AF0EE674AE3EE874AD3ED006AC3ED83
:10D82000034AE4EE257A36EE456A36EE857A83EDD4
:10D83000016A83ED007AC3ED027AF3E6274B214AB1
:10D84000DB7829482D4992ED046AD0ED007A91EDFC
:10D85000007A9B070CD4F5EEC07AF1EE10FA00F1D5
:10D86000BC83F0EE675A234BD3ED006AA6EEA57A8F
:10D870001F4BF0EE676AE6EE076AE6EE477A93ED35
:10D88000007A92ED025AD2ED035A1D4B76EE876A6A
:10D8900077EE877AB6EE007AB0EE476AA5EE266A92
:10D8A000A5EEA77AD3ED006AD2ED067A064B67EEB5
:10D8B000A67A83ED026A83ED037AC3ED067AB1E6B8
:10D8C000F5000020B41000205C060020D87C002069
:10D8D000F0050020CC380020F82F0020347D0020F7
:10D8E000A8380020C038002004060020A010002026
:10D8F000FC0500209C380020803800200006002015
:10D90000F80500207C810020BD49BE48CB78BE4A86
:10D91000DFF810C3D0ED006A92ED056ADCED007A05
:10D92000980704D4B94B93ED007AE7EE276AC978DB
:10D93000B74BB848B6EE007AA6EE667A890783ED53
:10D94000057AD2ED046A90ED007A0CD4F5EEC07A37
:10D95000F1EE10FA00F14483F0EE675AAE4991ED12
:10D96000006AA6EE257AAD49F0EE675AE6EE875AD0
:10D97000E6EEC77A92ED025AD2ED036AB6EE007A6D
:10D98000B0EE476AA5EE256AA6EEA77AD2ED067A32
:10D99000D1ED006A83ED026A67EEA67A83ED037A21
:10D9A000C3ED067A3EE69649974ACB78DFF874C213
:10D9B0009448D2ED055ADCED007AD0ED006A9B0761
:10D9C00004D4924B93ED007AE7EE276AC878904B27
:10D9D000B6EE007AB0EE476AA5EEA66A8007D2EDF1
:10D9E000035A83ED056A92ED046A92ED025AF1EE54
:10D9F000674A00F1DF818A48F5EEC07A90ED004A6F
:10DA0000F7EE006AF1EE10FA76EEC46A40F3C282D5
:10DA100066EEA76AB6EE007AF0EE474AE6EE854A71
:10DA2000C978A5EEA77A8807C3ED024A83ED037A89
:10DA300000F1C18278487749D0ED006A91ED007A13
:10DA4000A6EEA77A754992ED065AD1ED005AF6EE88
:10DA5000007AF0EE676AE7EE066AE5EE257AC3ED36
:10DA6000046AC3ED067ADDE56E4B6549D3ED007AB5
:10DA7000CB78654A9807D2ED036A92ED026AB1EE5F
:10DA8000675A00F17D81664BF5EEC07AD3ED005AFE
:10DA9000B7EE007AF1EE10FA37EE657A40F30782BE
:10DAA00027EE877AF6EE005AB0EE655AA7EE065AD0
:10DAB000C978574BE7EEA65A890783ED025AC3EDA2
:10DAC000035A00F109825448524990ED007A91EDD1
:10DAD000006AA7EE276A51484A4992ED047AD2EDCE
:10DAE000055A92ED065AF6EE007AF0EE676AE7EE16
:10DAF000066AB0EE677AA5EEC67AD0ED005A91EDCF
:10DB0000006AE5EE257A76EEC66A37EE467AC3ED10
:10DB1000046A83ED057AC3ED067A83E538493A4A0B
:10DB2000CB78DFF800C1374892ED056A9CED007AAA
:10DB3000D0ED006A9B0704D4344BD3ED007AE7EEB6
:10DB4000876AC878324BF6EE007AE6EE267A8007CE
:10DB5000B1EE475AC3ED057A40F10081F0EE456A17
:10DB6000F0EE475A2D48D2ED067AD0ED004A9FEDEF
:10DB70002E6A92ED034AC978264867EEE47AD2ED20
:10DB8000024A67EE867A8907B0EE676A94EE666AA3
:10DB9000E4EEA57AF6EE005A76EE256A77EEA57ADF
:10DBA000C3ED036AC3ED027A92ED046AD0ED006A18
:10DBB0000BD4B5EEC07AF1EE10FA01D4B0EE475AAC
:10DBC0001549D1ED007AE7EE856AF6EE007AE6EEC9
:10DBD000267AC3ED047A25E50D4B0B4A114992EDE7
:10DBE000026AD1ED006A93ED007AD3ED017AA6EED8
:10DBF000267AE6EE667A83ED007AC3ED017A11E5C6
:10DC0000347D0020FC050020B41000208038002066
:10DC10005C060020000600209C380020F80500204B
:10DC200098380020040600209A99993ECA4ACB49A8
:10DC3000CB4BD1ED006AD2ED027A93ED007A92EDF2
:10DC4000056AC849C84BC978C84892ED045AA7EE7E
:10DC5000A67A8907F6EE007AE6EE077AC3ED057A32
:10DC600090ED007A0BD4F5EEC06AF1EE10FA01D512
:10DC7000F1EE666ABE49D1ED007AA7EEA67ABD49FB
:10DC8000D2ED065A91ED006AF6EE007AF0EE676A80
:10DC9000E5EE076AE5EE867AC3ED046AC3ED067A1F
:10DCA000C0E4B049B44ACB78D2ED007A980704D4E6
:10DCB000B24B93ED007A77EE877AF5EEC07AF1EE0B
:10DCC00010FA00F19180F7EE006AF4EEE67AF1EED8
:10DCD00010FAD8BFF0EE676ADFF884C2A848A94BF3
:10DCE0009D4A9CED007AD0ED007ADFF870C29F4823
:10DCF0001B789CED006AD2ED044A92ED055AD0EDF6
:10DD0000005A67EE277A002B00F0EA8064EEA56ADD
:10DD1000B6EE007AB0EE663AA5EE673A924BD5EED3
:10DD2000676AF0EE473AE3EE243AA6EE857AB1EE62
:10DD3000464A74EE676A36EE676A37EEE55A77EE62
:10DD4000A57AC3ED043A83ED057AC3ED016A83ED4C
:10DD5000026A83ED005AC3ED037A63E48A48B5EEA4
:10DD6000C07AD0ED007AF7EE006AF1EE10FA76EEA6
:10DD7000E76A40F32B8166EE875AF0EE456AF1E6DA
:10DD8000B6EE007AF0EE475AE7EE865AC978764B3F
:10DD9000A7EEA67A8807C3ED025A83ED037A00F155
:10DDA0009B80F5EEC07AF1EE10FA7FF58CAEF0EEC6
:10DDB000457A88E6F0EE476AE5EE276AC978A5EE6F
:10DDC000A77A8907C3ED026A83ED037A00F1F38035
:10DDD000F5EEC07AF1EE10FA7FF52CAEF0EE647A33
:10DDE00028E69FED6A7A63E4DFED686A74E7CB7832
:10DDF000980700F1E480F5EEC02AF1EE10FA00F188
:10DE0000FC80B0EE625A5A4BD3ED005AB0EE666A0F
:10DE1000A5EE856AC978544B92ED035AD2ED023AC9
:10DE2000B0EE624AF0EE625AE6EE435A8907A6EE79
:10DE3000034AB6EE006AF0EE464AE3EE844AA5EEE7
:10DE4000256AD2ED055AC3ED024A37EE275A37EE5E
:10DE5000677A83ED036A65EEE77A83ED015A83ED15
:10DE6000007A0CD4F5EEC02AF1EE10FA00F1C2806F
:10DE7000B0EE626A3E4991ED007AE7EE066AB0EED6
:10DE8000676AA6EE836AE6EEC37AB6EE007A76EEAD
:10DE9000226A77EEA27AB0EE476AA6EE836AA5EE12
:10DEA000A77A83ED046A83ED057AFFF7BBBB40F1E7
:10DEB000A780F6EE005A25EE077AF0EE654AE7EE07
:10DEC000864AC978284BE6EEC75A8907C3ED024A4D
:10DED000C3ED035A7FF56BAF244991ED006AFAE573
:10DEE0002B4BC978D3ED003A1F4B36EEA74A76EE9E
:10DEF000E76AF0EE447AE7EE237A8907E7EE636A91
:10DF0000C3ED017A25EE477AC3ED006A0BD4B5EE76
:10DF1000C06AF1EE10FA6AD4F0EE466A1449D1ED07
:10DF2000007AE7EEA65AF0EE476AE5EEA46AA5EE9F
:10DF3000E47A76EE866A37EE067AF6EE007AB0EE8E
:10DF4000676AA6EEA46AE7EE057A83ED046AC3ED7C
:10DF5000057AFFF767BB00BFB4100020040600205D
:10DF6000FC050020347D00205C0600200006002017
:10DF70009C380020F8050020A8380020C038002078
:10DF800008000020A01000209838002000000000A9
:10DF90007081002037D564EEA66AB0EE474AA5EE40
:10DFA000274AC978A5EEE67A880783ED024A83ED11
:10DFB000037A7FF513AF154991ED007A42E5B0EE93
:10DFC000666A27E7F0EE665AFFF797BB7FF5C6ADA6
:10DFD00065EE266AF0EE475AC4E5F1EE675A42E470
:10DFE000F1EE675ABAE4B1EE625AFFF77FBBF1EE89
:10DFF000466A93E7B1EE626A3CE7B1EE625A02E725
:10E00000B0EE677A4EE5F0EE676A03E500060020A1
:10E01000254B1A78254BF7EE007ABFEE007A12F006
:10E02000010F0CBFB0EE674AB0EE474A12F0020F84
:10E030000CBFF0EE674AF0EE474A12F0040F0CBF37
:10E04000B0EE675AB0EE475A12F0080F0CBFF0EE70
:10E05000675AF0EE475A12F0100F0CBFB0EE676A25
:10E06000B0EE476A12F0200F0CBFF0EE676AF0EED8
:10E07000476A12F0400F08BFB0EE677AC3ED007A2E
:10E08000C3ED017AC3ED077A83ED024AC3ED034A7B
:10E0900083ED045AC3ED055A83ED066AC3ED086AA1
:10E0A00083ED097A704700BF82810020B410002000
:10E0B0002DE9F04F684B1C78052C87B018D09FEDE8
:10E0C0005A7B664B8DED027B9FED597B1A788DED67
:10E0D000007BCAB158A1D1E90001614A614CC2E993
:10E0E0000601002284ED000B1A7007B0BDE8F08F26
:10E0F0009FED537B594B8DED027B9FED537B1A783F
:10E100008DED007B002AE5D1564D554E95ED007BF7
:10E1100051EC100B53EC172B8DED047BF9F774FFCA
:10E1200096ED067BB0EE470AF0EE670A8046894618
:10E130005BEC17AB23F00CFC29F00047DDE9000194
:10E1400053EC102BCDF800800197FAF715F9024631
:10E150000B46DDE90001FAF781FBE8B9052C4BD04D
:10E160003BA3D3E9002350465946FAF777FB78B929
:10E170003D4B002250465946FAF78EFB00284FD0FF
:10E18000394B00223649C1E90C2307B0BDE8F08FB6
:10E190002FA3D3E90023F5E7DDE90223334900206B
:10E1A000F9F732FF42464B46CDE90001FAF7E4F8B1
:10E1B000DDE90423F9F72AFF4246C5E900014B4691
:10E1C00040464946FAF7D8F8DDE90023FAF7D4F8D3
:10E1D000DDE902230746884650465946FAF7CCF84F
:10E1E00002460B4638464146F9F710FF052CC6E9B2
:10E1F000060182468B46B3D1194BD3E900030022B6
:10E2000023F00041194BFAF747FB0028A8D05246EB
:10E210005B4650465946F9F7F9FE82468B469FE722
:10E2200052465B46AEE700BF666666666666EE3FD0
:10E23000000000000000004000000040E17AA43F20
:10E24000AE47E17A14AEEF3F000000000000084046
:10E250009A9999999999B93F307D002052000020F0
:10E2600000110020F0100020000014400000F03FDA
:10E270002DE9F04F684B1B7889B0052B8DED020B13
:10E2800000F0B2809FED5C7B8DED047B634D00243C
:10E29000634B644F1A78002A40F08580624E96EDF9
:10E2A000087BD7E90089B0EE470AF0EE670A8DEDEA
:10E2B000007B23F04DFB42464B46DDE902018DED2C
:10E2C000060BF9F7A1FE9DED060B8C4653EC102BC7
:10E2D0008346294620462CF00045FAF74DF80246C1
:10E2E0000B4658462946FAF7B9FA002843D0DDE92B
:10E2F00004AB4E4952465B460020F9F785FE424684
:10E3000004460D464B4650465946FAF735F8DDE9C6
:10E3100002AB8046894652465B4620462946FAF7BC
:10E320002BF802460B4640464946F9F76FFE024677
:10E330000B46C7E9002350465946F9F765FE0246E9
:10E340000B468046894620462946FAF715F842468C
:10E350004B46FAF711F8DDE9002304460D46DDE9E6
:10E360000401FAF709F802460B4620462946F9F758
:10E370004DFECDE90001DDE9004521A3D3E90023ED
:10E3800020462946FAF76AFAF8B9294B00222046B6
:10E390002946FAF781FA00BB22462B46C6E9082334
:10E3A00009B0BDE8F08F9DED027B87ED007B9FED0E
:10E3B000167B00228DED007BB0EE470AF0EE670A77
:10E3C000DDE90289184E1A7073E70DA3D3E9002323
:10E3D000C6E9082309B0BDE8F08F154B0022C6E955
:10E3E000082309B0BDE8F08F9FED097B104D8DED3E
:10E3F000047B00244CE700BF666666666666EE3FF7
:10E400009A9999999999B93F00000000000000403D
:10E41000AE47E17A14AEEF3F307D002000000840A7
:10E4200051000020E8100020001100200000F03F03
:10E4300000001440000000002DE9F04F2DED048B8A
:10E44000BF4C85B020F078FFA379D90740F1B080A8
:10E45000BC4EA379D6ED027AF1EE006AB0EEE77A0F
:10E46000B4EEE67A23F00103F1EE10FAA371B1EEF7
:10E47000678A00F3A280637813F0010300F0B48090
:10E48000B14FB24DD7E90A01FAF74EFA4FF0000842
:10E490008146D7E90601FAF747FAAD4A1060D7E995
:10E4A0000801FAF741FAAB4BAB4AC3F80090106091
:10E4B0006278DFEDAA6A95ED0C1ACDED036AD307F9
:10E4C0004BBFA74A95ED010A92ED000AA44A0092BB
:10E4D000B8F1000F0CBFF0EE660AF0EE480A03F048
:10E4E00055F9009AD2ED008A18EE900AF9F7ECFE81
:10E4F0009C4A92ED000AC7E9040110EE100A8DED66
:10E50000000AF9F7E1FE984A92ED009A78EE497A0E
:10E51000C7E9000117EE900AF9F7D6FEC7E9020134
:10E5200019EE100AF9F7D0FE8A4BC7E90E011868F8
:10E53000F9F7CAFE8D4B95ED017A93ED006A8C4B8D
:10E540009DED000AD5ED0C0A78EEC67A37EE467AD4
:10E55000C3ED007A874B83ED007A874BC7E90A0148
:10E56000864883ED000AFCF79FFADDED036A844BD1
:10E57000D5ED0C0A8348F0EE407A96ED020AC3ED21
:10E58000007A30EE260AB1EE400AFCF78DFADFED94
:10E590007E7AE378B4EEE70AF1EE10FACCBF0122FE
:10E5A000002262F38613E370637943F0080363711A
:10E5B00005B0BDEC048BBDE8F08FF3EE047AB4EE49
:10E5C000E77AF1EE10FA7FF556AF6378DA07C3F316
:10E5D00000071BD55C4F5D4DD7E90A01FAF7A4F996
:10E5E0004FF00108814654E7584D00936868564F34
:10E5F000F9F76AFE41EC100BFFF75AFDD7E90A0163
:10E60000FAF792F9DDF80080814642E74F4D6868DD
:10E61000F9F75AFE41EC100BFFF74AFD18EE100A0D
:10E62000F9F752FE41EC100B80468946FFF720FEB9
:10E63000564B1A78002A4FD1554FC246D7E90023CE
:10E64000CB4640464946F9F7DFFC4BEC17AB87ED6C
:10E65000007B3D4F804689462DA3D3E90023D7E9AF
:10E660000A01F9F789FE2CA3D3E9002382468B46E1
:10E6700040464946F9F780FE42464B46F9F77CFE94
:10E6800027A3D3E90023F9F777FE02460B4650464D
:10E690005946F9F7BBFC24A3D3E9002380468946F9
:10E6A000FAF7DCF848BB22A3D3E9002340464946E9
:10E6B000FAF7F2F838B31EA3D3E90023104619463F
:10E6C000CDE90023FAF730F9DDE900238146C7E9F7
:10E6D0000A234FF00108DCE649EC178B1F702C4B26
:10E6E000194FDFF8B09083ED007B13A3D3E900232B
:10E6F0004FF00108C7E90A23CBE60BA3D3E90023B7
:10E70000DFF89490E3E742464B46D7E7AFF300804B
:10E71000666666666666EE3FA09999999999A93FE3
:10E72000FCA9F1D24D62503F8DEDB5A0F7C6B03EC9
:10E730007B14AE47E17A843F000000E0E2361A3FE6
:10E74000347D0020BC0F002000110020D07F00206D
:10E75000C82F0020C02F0020C42F00200AE81C4131
:10E76000B82F0020BC2F0020CC2F0020C07F00201D
:10E77000FC100020F8100020AC7F0020747E0020E8
:10E78000A87F0020407D00200AE89C405000002027
:10E79000E010002017B7D138BD3786352DE9F04796
:10E7A000DFF80C813E4ED8E90001D6E90823F9F7DD
:10E7B0002BFC0D46A8F5A661D6E902230446D1E953
:10E7C0000001F9F721FC224606460F462B4620465B
:10E7D0002946F9F7D1FD324681468A463B46304606
:10E7E0003946F9F7C9FD0B46024651464846F9F746
:10E7F0000DFC41EC100B23F0ABF851EC100BFAF7C9
:10E8000093F807EE900AB2EE047A08F5AD63F4EEE1
:10E81000C77AF1EE10FA18600CDC08F2745108F5B2
:10E82000AE6208F26C5800230B601360C8F8003029
:10E83000BDE8F08747EC116B45EC104B22F06EFF02
:10E8400051EC100BFAF770F800EE100AFCF7D2F951
:10E85000144A08F26C54F0EE407A54ED010A92ED3D
:10E86000000AC4ED007A23F0D3F8FCF7E3F9DFEDFA
:10E870000E6AD4ED007A0D4BB0EE407A77EEE67A70
:10E8800093ED000A08F5AE6337EEC00A83ED007A17
:10E89000FCF7D0F908F2745888ED000ABDE8F0875B
:10E8A000102D0020FC100020DB0F494018BD002077
:10E8B000B81B002010B5494A494B11781A78494CC9
:10E8C0008A42D4ED007A82B04DD047481970037A5D
:10E8D000224643F04003F0EE676A62ED017A03726C
:10E8E000424B1B78052B0DD00B2B0BD03E494048DB
:10E8F0000B7AC2ED007A002423F040030B7204600F
:10E9000002B010BD3B4B93ED067A93ED006AF1EE39
:10E91000005A27EE257AB4EEC76AF1EE10FAE5DD6B
:10E9200077EEE67A0192B0EE670ACDED007AFCF759
:10E9300081F9DDED007AB5EEC00AF1EE10FAB0EE25
:10E94000670A14D4CDED007AFCF774F99FED2A7AAA
:10E95000DDED007AB4EEC07AF1EE10FA12DCD4EDFF
:10E96000007A019AC2E7224672ED016AB8E7FCF725
:10E9700061F99FED227ADDED007AB4EEC70AF1EE7F
:10E9800010FAECDDB0EE670A23F090F9184A9FED1B
:10E990001C7A52ED047A52ED016A60EE277A94ED0A
:10E9A000000AC2ED007A67EEA67AF4EEC77AF1EEBD
:10E9B00010FA08D49FED137AF4EEC77AF1EE10FA4C
:10E9C000D8BFB0EE677A30EE070A84ED000AFCF794
:10E9D00011F984ED000A02B010BD00BF3D2C0020EB
:10E9E0005811002044210020347D00203F380020B1
:10E9F0004C2100203C210020DB0F493FDB0F49BFA9
:10EA0000920A06BF920A063F094BDFED0A7A93EDA0
:10EA1000007AD3ED086A27EE277A4FF47A70C7EEB2
:10EA2000267AFCEEE77A17EE903A00FB03F0704787
:10EA30003C2100209999993F0F4B104AD3ED007A61
:10EA400092ED007A77EEC77AF5EEC07AF1EE10FA21
:10EA500001D5F1EE677A9FED0A7AD3ED106A67EE81
:10EA6000877A4FF47A7087EEA67ABCEEC77A17EEF3
:10EA7000103A00FB03F07047D0380020FC10002053
:10EA80009999993F264BDFF8A4C01A782548264962
:10EA900022F0040200B51A709A7822F008029A70E7
:10EAA0009A7822F004029A709A7822F002029A7000
:10EAB0001A7A22F040021A72DA7922F08002DA71B0
:10EAC000DA78C2F300028CF8002093F803C02CF02F
:10EAD000010C83F803C000F65C2C00F21C530022EA
:10EAE000CCF800201A6000F64C2C01F5AD6300F262
:10EAF0002C5ECCF800201A6001F2645C01F5026320
:10EB000000F67C70C1F8B022C1F8AC2201F61C01FD
:10EB1000CEF80020CCF8002002601A600A6000BD28
:10EB2000347D002078110020783B002070110020F7
:10EB300010B5304C2DED028BB0EE408A94ED000AFA
:10EB400082B038EE400AFCF775F82B4B1B78012B8E
:10EB500003D002B0BDEC028B10BD284AD4ED007A80
:10EB600012780C2A38EE670A2AD00193FCF762F873
:10EB70009FED237AF0EE407AB0EEC00AB4EEC70AF9
:10EB8000F1EE10FA0FDD1F4A019B1370F5EEC07A0B
:10EB9000F1EE10FA2AD44FF07E521B4B1A6002B0ED
:10EBA000BDEC028B10BD9FED197A164BB4EEC70A6F
:10EBB000F1EE10FA11D500221A70B0EE670AC8E71C
:10EBC0001048114A03704FF07E51116002B0BDEC45
:10EBD000028BBDE81040FCF70DB81B78002BECD081
:10EBE000094BD3ED007A20EE270AB2E7084AB1EECE
:10EBF000400AD2E718BD0020A98E00203F3800202F
:10EC0000C2B832404C11002048110020E4CB16401D
:10EC1000000080BF414B03F5A662D2ED007A93ED70
:10EC2000007A67EEA77AB0EE006AE7EE077AB0EEF8
:10EC3000407AF1EEE76AF4EEC66AF1EE10FA63DDAF
:10EC4000374B93ED056AF6EE007AB4EEE76AF1EE23
:10EC500010FA59DB334A92ED1F6AF1EE047AB4EEF2
:10EC6000E76AF1EE10FA4FD800B52DED028B83B0B4
:10EC7000CDED016A8DED000A22F0D8FFB0EE408A9A
:10EC80009DED000A23F012F8254BDDED016AD3ED6E
:10EC9000007A93ED016A9DED007A67EEC07AFFEE8F
:10ECA000005AE6EE087A87EEA66AB4EEE56AF1EE5F
:10ECB00010FA2DD4B7EE000AB4EEC06AF1EE10FAE5
:10ECC000D8BFB0EE460A8DED007A22F075FEDFED7A
:10ECD000167A9DED007AB4EEE70AF1EE10FA17D439
:10ECE000DFED127AB4EEE70AF1EE10FAD8BFF0EEDB
:10ECF000407A37EE677AB0EE470A03B0BDEC028B7C
:10ED00005DF804EBFBF776BFB0EE470AFBF772BF86
:10ED1000DFED067A37EE277AEDE700BF9C1600207C
:10ED2000B0A0002078A80020920A06BF920A063FF1
:10ED300038B54E4B1A7855072DED028B27D54C4927
:10ED40004C4A4D4C91ED001A1278D4ED007A14ED36
:10ED50000B0AB1EE411A002A31D09FED487A77EEC6
:10ED6000C77AF2EE000A27EE800AA4F27451A4F6E4
:10ED7000A420FBF7D1FE94ED020AFFF74BFF04ED50
:10ED8000020ABDEC028B3E4B00221A6038BD9A7815
:10ED900014071DD4DA78D0072DD4DA795106F0D5CE
:10EDA0009A78520759D59B789B07EAD5354B1B7843
:10EDB000002BE6D1344B53F8182C1A60E1E7B1EE82
:10EDC0000C7A77EEC77AF7EE080A27EE800ACCE7CE
:10EDD000294C274A90ED147AD4ED007A92ED001A6E
:10EDE00014ED0B0AD0ED160A77EEC77AB1EE411A90
:10EDF00027EE800AB9E7254D254CA869F9F752FAA4
:10EE0000D4E90023F9F700F9F9F78EFD08EE100AAE
:10EE10002868F9F747FAA4F5A663D3E90023F9F7C0
:10EE2000F3F8F9F781FD00EE900A20EEA07A04F2E3
:10EE30009C54A8EE087AD4ED007AF1EEC76A77EE1A
:10EE4000A77AF4EEE67AF1EE10FA0AD4084B93EDC5
:10EE5000000A0D4B83ED000A93E70B4B1A691A6009
:10EE60008FE7B0EE480A22F0D3FDF2E7347D0020B0
:10EE700018BD0020A98E00203C2100200000704217
:10EE8000944300203D2C002034210020402C002001
:10EE9000B81B0020B04BD3ED1F7AB0EE007AF4EE31
:10EEA000C77AF1EE10FA5AD977EEC77AF0EE086A0F
:10EEB00087EEA67AF7EE007A77EEC77AF5EE005A7B
:10EEC000F4EEE75AF1EE10FAD8BFF0EE675AA34A13
:10EED000A349D2ED007AD1ED126AA24912ED137A5C
:10EEE0008878F4EEE67AF1EE10FAD4BFB0EE676AF5
:10EEF000B0EE666A000703D40B785B0740F19E8092
:10EF0000994B002243F8042BD3ED007A974A887876
:10EF10001346F3EC016A77EEE67A000767EE276A9C
:10EF2000C3ED007A66EEA57AC2ED027A02D40B78C0
:10EF30005B0717D58E4B002243F8042BD3ED007AE4
:10EF40008C4A1346F3EC016A77EEE67A27EE877A6D
:10EF5000C3ED007A27EE257A82ED027A7047F7EE4C
:10EF6000005AB4E7844902F22453D1ED016A93EDCB
:10EF7000005A02F66C22D2ED007A66EE266A65EE41
:10EF8000277A66EEA56A67EEA57AF1EE663AF4EEA8
:10EF9000E37AF1EE10FA00F1BD80F4EEE67AF1EEDC
:10EFA00010FAC8BFF0EE667A744B754993ED006AAB
:10EFB00093ED024A25EE065AA3F5A96291ED006A87
:10EFC000D2ED004A25EE255AE5EE064AB1EE446A36
:10EFD000F4EEC64AF1EE10FA08D4F4EEC44AF1EEAB
:10EFE00010FAD4BFB0EE646AB0EE446A77EE867A67
:10EFF000644B82ED006AF5EEC07AF1EE10FAC3EDD3
:10F00000007A00F18A8037EEE65AB5EEC05AF1EE8A
:10F0100010FA95DDF7EE004AB5EEC06AF1EE10FA8F
:10F0200001D5B1EE466A36EE456AF0EE667A26EE16
:10F03000246AC3ED006A82ED006A81E74E4852ED12
:10F04000157AD0ED006AA2F6CC2393ED005A66EE55
:10F05000266A65EE277A66EEA56A67EEA57AF1EE76
:10F06000663AF4EEE37AF1EE10FA50D4F4EEE67A72
:10F07000F1EE10FAC8BFF0EE667A404B4048D3ED8F
:10F08000004A90ED003A93ED024A25EE245AA3F689
:10F09000782225EE255AD2ED004AE5EE034AB1EE7C
:10F0A000445AB4EEE45AF1EE10FA08DCF4EEC44A25
:10F0B000F1EE10FAD4BFB0EE645AB0EE445A77EED7
:10F0C000857A314B82ED005AF5EEC07AF1EE10FAF6
:10F0D000C3ED007A30D477EEE64AF5EEC04AF1EEA1
:10F0E00010FA7FF713AFB7EE004AB5EEC05AF1EE53
:10F0F00010FA01D5B1EE455A35EE645AF0EE667A53
:10F1000025EE045AC3ED006A82ED005AFEE6F0EEE9
:10F11000637AB2E7F0EE637A46E7B1EE675A35EE0E
:10F12000665AB5EEC05AF1EE10FA7FF709AFF0EE6D
:10F13000636AFFEE004A6FE7F1EE674A74EEE64A53
:10F14000F5EEC04AF1EE10FA7FF7E0AEF0EE636A3A
:10F15000BFEE004AC9E700BF78A800205C2100206C
:10F16000E02D0020347D0020941600209C16002005
:10F17000C41B0020CC1B0020501100200C210020BB
:10F1800074210020C81B0020981600202DE9F043B0
:10F190002DED048B064683B0CA48CB4C02F092F9A1
:10F1A000B7EE007AC7EE007AC84BD6E90878D6E900
:10F1B0000201254604F5A66949E9027883ED000AB3
:10F1C000C34B44E90201C3ED007AF5E80223F8F7E6
:10F1D0001BFFF9F7A9FBD9E9002308EE100A286004
:10F1E00041463846F8F710FFF9F79EFB68EE087ABB
:10F1F00000EE100AE0EE007A04F5A76304F6B425E9
:10F20000F0EE480AB1EEE77A1860DFF8EC8204F617
:10F21000BC2785ED007A22F0FBFBFBF7EBFC87EDCA
:10F22000000AFFF747FB98ED1F8A95ED009A97EDCE
:10F23000007A04F6CC23D3ED008AA64B38EE088A78
:10F240001B78B4EEE88AF1EE10FAC8BF012504F687
:10F25000C824D8BF0025012BD4ED009A00F0AF8060
:10F26000B0EE470A8DED017A22F0E0FCB5EEC00A5F
:10F27000F1EE10FA9DED017AF0EE407A00F19980FE
:10F28000954CB0EE470AC4ED007A22F00FFDB5EEC2
:10F29000C00AF1EE10FA00F18980002D8F4B84ED49
:10F2A000010A08BFB0EE688AB4EEC89A9A78F1EE07
:10F2B00010FA4CBF0121002161F382029A701A7882
:10F2C000D1074DD499789A78C1F3800161F3410256
:10F2D0009A70834C3046FFF72BFDFFF7DBFD814A28
:10F2E000814992ED001AD4ED000AA4F5A66393EDCE
:10F2F000000AB1EE411AB1EE400AA1F52E70FBF7FB
:10F300000BFC04F28C54794AD4ED006A92EDAC7A8D
:10F31000F1EE667AB4EEE77AF1EE10FA4CD4B4EE80
:10F32000E67AF1EE10FAC8BFB0EE667A6E4C82ED66
:10F33000AC7A94ED007AF4EEC77AF1EE10FA08DCBC
:10F34000B4EEE67AF1EE10FAD4BFF0EE477AF0EEC2
:10F35000667AC4ED007A03B0BDEC048BBDE8F0839F
:10F360009A78C2F3800152077BD5614A92ED017A07
:10F37000B5EEC07AF1EE10FA01D5B1EE477AD8EDCC
:10F38000207A9A7877EEA77AF4EEE97AF1EE10FA1D
:10F39000D8BFF0EE697AF4EEC77AF1EE10FACCBF7E
:10F3A0000121002161F341029A7092E7B1EE400A17
:10F3B00073E7F1EE407A63E7B0EE677AB6E7002DC7
:10F3C000464B08BFB0EE688AB4EEC89A9A78F1EE60
:10F3D00010FA4CBF0121002161F382029A701A7861
:10F3E000D40743D499789A78C1F3800161F341023C
:10F3F0009A703E4C3F4E04F502620023B0EE470A7D
:10F400001360C4F8B032FFF705FC364BF0EE407ADB
:10F4100093ED000AC6ED007A37EEC00AFBF70AFC4E
:10F4200096ED0B7A96ED0C6A27EE000AF1EE477A1C
:10F43000C0EE066AF4EEE67AF1EE10FA08DCF4EEBD
:10F44000C76AF1EE10FAD4BFF0EE667AF0EE477AB2
:10F4500004F5AD64C4ED007A03B0BDEC048BBDE8E7
:10F46000F0839A7861F341029A7032E79A785007F4
:10F47000C2F380011ED51E4AD2ED016AF5EEC06AC4
:10F48000F1EE10FA1BD4D8ED207A9A7877EEA77AAD
:10F49000F4EEE97AF1EE10FAD8BFF0EE697AF4EE04
:10F4A000E67AF1EE10FACCBF0121002161F34102AE
:10F4B0009A709EE79A7861F341029A7099E7F1EEAB
:10F4C000666AE0E7401100208816002074210020C1
:10F4D00070210020A98E002050110020347D0020D2
:10F4E000D41B002018BD0020E0400020783B002005
:10F4F000D03800203421002078A8002010B5514BCE
:10F50000514C187882B01B2115F0B6F8E1784F4ABB
:10F5100021F00101E170E17921F00801E171E17868
:10F52000104621F010010023E17040F808392178DD
:10F53000036021F08001464842F8103C42F8303C1C
:10F5400042F82C3C42F8283C42F8183C42F8243C53
:10F550002170404B00210170FF223F481A700022A9
:10F560000023C0E900233D48C0E900233C4B3D484F
:10F570001970682226F038FCA07A3B4B3B4A0021E8
:10F58000C3E9001199600307C2E90011916055D4E5
:10F5900000F068FD9FED360A8DED010A0AF02EF9A4
:10F5A00021789DED010A334B334A83EDAC0A21F0FB
:10F5B00004012170A17882ED000A21F00801A170F8
:10F5C000A17802ED040A21F00401A170A17883ED75
:10F5D000AB0A21F00201A170217A284821F04001F4
:10F5E0002172E17921F08001E171E178C1F300013C
:10F5F0000170E178224821F00101E17002F5A66C6A
:10F6000002F5A46403F5AD6102F5256284ED000AFC
:10F6100081ED000A03F2645403F5026182ED000AF1
:10F6200003F61C030A228CED000A84ED000A81ED2A
:10F63000000A83ED000A027002B010BD00F0FEF96E
:10F64000A6E700BF68900020347D00204C210020F8
:10F650003D2C00205811002060110020681100206E
:10F66000CC210020402C0020D0210020E0210020CF
:10F6700000000000783B0020A4160020701100203C
:10F680003F38002070B51C4B1C4C93F99DC24FF0C5
:10F69000000EA4F800E0BCF1000F26D0184D03F2D4
:10F6A000AE237046724604E00132624503F129033D
:10F6B00017D093F828100729F6D1092816D81E6804
:10F6C000D3F804E045F8306005EBC00101320130A9
:10F6D0006245C1F804E080B24FF0010E03F1290346
:10F6E000E7D1BEF1000F00D0208070BD01329445FB
:10F6F000F7D02933D8E700BFB0810020782100205F
:10F700007C2100201B4BDFED1C7A93ED007A2DE964
:10F71000F04FB4EEE77AF1EE10FADFF868E083B06C
:10F720000CDD9EF80A301B0708D49EF8053043F024
:10F7300020038EF8053003B0BDE8F08F0F4BB3F80F
:10F7400000C0BCF1000F1FD10D4A9EF8053092EDAC
:10F75000007AD2ED0E7AB4EEE77AF1EE10FACCBF71
:10F760000122624662F345138EF8053003B0BDE80E
:10F77000F08F00BFFC1000200000F0427821002034
:10F7800020210020347D0020AA4BAB4A0CF1FF3130
:10F79000D3E91C0652F8313014689842ACBF0027F8
:10F7A0000127A042ACBF00250125AF42B046A346C9
:10F7B000A9460FD002EBC1011D1B4B6851685B1AB3
:10F7C000011B01FB03F3516893FBF5F30B449E42CD
:10F7D000C0F22D8101230021BCF1010F00F01E8138
:10F7E00094680194A042ACBF0025012581F001037B
:10F7F000A945DBB2AA4610D0D7685668ABEB040522
:10F80000F61B041B04FB06F494FBF5F43C44A045F2
:10F81000B6BF0C461C4619462346BCF1020F00F049
:10F82000FD801469A042ACBF0025012581F00103D1
:10F83000AA45A346DBB2A94610D05769019DD668F8
:10F840002D1BF61B041B04FB06F494FBF5F43C444F
:10F85000A045B6BF0C461C4619462346BCF1030F13
:10F8600000F0DC8094690194A042ACBF0025012522
:10F8700081F00103A945DBB2AA4610D0D7695669C9
:10F88000ABEB0405F61B041B04FB06F494FBF5F438
:10F890003C44A045B6BF0C461C4619462346BCF165
:10F8A000040F00F0BB80146AA042ACBF0025012504
:10F8B00081F00103AA45A346DBB2A94610D0576ADE
:10F8C000019DD6692D1BF61B041B04FB06F494FB5B
:10F8D000F5F43C44A045B6BF0C461C4619462346E9
:10F8E000BCF1050F00F09A80946A0194A042ACBF6D
:10F8F0000025012581F00103A945DBB2AA4610D0FD
:10F90000D76A566AABEB0405F61B041B04FB06F42E
:10F9100094FBF5F43C44A045B6BF0C461C46194682
:10F920002346BCF1060F79D0146BA042ACBF002572
:10F93000012581F00103AA45A346DBB2A94610D0F8
:10F94000576B019DD66A2D1BF61B041B04FB06F4A6
:10F9500094FBF5F43C44A045B6BF0C461C46194642
:10F960002346BCF1070F59D0946B0194A042ACBF61
:10F970000025012581F00103A945DBB2AA4610D07C
:10F98000D76B566BABEB0405F61B041B04FB06F4AC
:10F9900094FBF5F43C44A045B6BF0C461C46194602
:10F9A0002346BCF1080F39D0146CA042ACBF00252F
:10F9B000012581F00103AA45A346DBB2A94610D078
:10F9C000576C019DD66B2D1BF61B041B04FB06F424
:10F9D00094FBF5F43C44A045B6BF0C461C461946C2
:10F9E0002346BCF1090F19D0D2F848C08445D4BFD2
:10F9F0000024012481F001034C45DBB20ED0A0EBC2
:10FA00000C04D06C526C121AABEB0C0C04FB02F21F
:10FA100092FBFCF202449045B8BF0B469EF80520CD
:10FA200063F345128EF8052003B0BDE8F08F002384
:10FA30000121D1E678A800207C21002008B540F6FD
:10FA4000512200212C4826F0CFF92C4A2C4903469C
:10FA50004FF0000E2120A2F800E004221A709872E4
:10FA60006FF0150298742648DFF8A8E0C3F801107B
:10FA70004FF0170C6FF008011A73C3F86B001A757A
:10FA80002048214A83F809C083F811C0D972DFF8F1
:10FA900088C0D974C3F842E01C49DFF880E0C3F89D
:10FAA0006F00C3F81D00C3F867201948C3F8902001
:10FAB0006FF01F02C3F83EE0C3F819C0DFF844E05E
:10FAC000C3F83A10C3F86310C3F894006FF07701DD
:10FAD0005420DA73DA75DFF848C0C3F846E05822DC
:10FAE000C3F88CC058735875997399751A741A763F
:10FAF000C3F898E008BD00BF4D84002078210020A5
:10FB00000000C84200002041D5C8E058BA55F7EAC5
:10FB100000007A43000016430000A0415488E058DA
:10FB20001721F7EA38B5264B1A78530600D438BDAA
:10FB3000244D254C6A6BAA6301F0B4FC234A0021D2
:10FB4000D0626422204626F04FF91D4BD5E93601DC
:10FB50005A78C4E9010122F04002D5E93C015A700B
:10FB6000DA78C4E907011A481A4922F01002DA705B
:10FB7000027807EE902A0A686264D5F8E82062618C
:10FB80001A78D5F8D01044F8041C42F080021A709C
:10FB90001A7AF8EE677A062542F08002C4ED127AEE
:10FBA0001A7284F8605003F0C5FD0221084608F07F
:10FBB00091FF28460221BDE8384008F08BBF00BF06
:10FBC000347D002078A80020142D0020B02E0020C5
:10FBD000818100205C2100202DE9F04F244CE37846
:10FBE000DB0683B002D503B0BDE8F08F214D95ED63
:10FBF000007B05F5A66359EC178B93ED007B42461D
:10FC00004B46404649465BEC17ABF8F7B5FB52460E
:10FC100006460F465B4650465946F8F7ADFB02468E
:10FC20000B4630463946F8F7F1F941EC100B21F05C
:10FC30008FFE05F6CC238DED000B1868F8F744FB1A
:10FC40009DED000B02460B4651EC100BF8F724FE1D
:10FC50000028C8D0084BC3E90289C3E908AB03F008
:10FC600069FDE37843F01003E37003B0BDE8F08F63
:10FC7000347D002088160020A82C00200023B1EB42
:10FC8000030C18BF4FF0010CC0E90012437280F85A
:10FC900008C01946292001F075BC00BF10B5044604
:10FCA000292001F0C5FC78B1637A73B1012B07D12B
:10FCB000D4E9002191421CDC114900220A70227211
:10FCC000B3FA83F35B09637210BD0E4B1B7ADB0939
:10FCD00001D0237A1BB90A4B1B78002BF0D0216886
:10FCE000292001F04FFC637AB3FA83F35B09637256
:10FCF000EAE7891A292001F045FC637AE0E700BFB2
:10FD0000CC210020347D0020074A0849137891F95E
:10FD10009D120133DBB28B421370C4BF00231370FA
:10FD2000034B05221A7070473D2C0020B081002043
:10FD30003F38002008B50B4B1B78012B05D00A4932
:10FD40000A486822F8F768FF08BD094B5A7A52063C
:10FD5000F5D5DB78DB06F2D5064904486822F8F7CA
:10FD60005BFF08BDA98E0020102D0020E02D002093
:10FD7000347D0020A82C00202DE9F843474D484C45
:10FD80002DED048BD4E90023D5E90201F8F73CF905
:10FD900004F5A664D4E9002306460F46D5E9080118
:10FDA000F8F732F93246804689463B4630463946B6
:10FDB000F8F7E2FA424606460F464B4640464946A9
:10FDC000F8F7DAFA0B46024639463046F8F71EF9DC
:10FDD00041EC100B21F0BCFD51EC100BF8F7A4FD29
:10FDE000304B93ED247AF6EE007AB4EEE77AF1EE3A
:10FDF00010FA06EE900A3FDDC6EE877A2A4A2B4BB0
:10FE0000D5E90E459FED2A7AD2ED008AD3ED006A3E
:10FE1000B4EEE77AF1EE10FAD4BFB0EE478AB0EE56
:10FE2000678AF0EE687AE8EE667A17EE900AB0EE2E
:10FE3000679AF8F749FA02460B4620462946F8F732
:10FE40000DFD88B91B4BD3ED007AE8EE278A18EE3A
:10FE5000900AF8F739FA02460B4620462946B0EEDA
:10FE6000689AF8F719FD50B1B0EE490ABDEC048B61
:10FE7000BDE8F84309F0C2BC66EEA77ABEE72046AB
:10FE80002946F8F751FD09EE100AB0EE490ABDEC1B
:10FE9000048BBDE8F84309F0B1BC00BFE02D0020A1
:10FEA0008816002078A80020FC100020BC38002014
:10FEB0000000F042B8380020F0B55C4B5C4A19787D
:10FEC000147883B0002900F082805A495A4F0C7090
:10FED0000020187097F99D329C427EDC002C7DD06A
:10FEE00004EB840604EBC6063E4406F52A73019330
:10FEF000D6F8AE02514D1DF03BF985ED020B019B8A
:10FF0000D3F80A001DF034F94D4953EC102BD1E918
:10FF10001401F8F731FAC5E90801D6F8B602F8F786
:10FF2000D3F9C5E90E01D6F8BA32AB6496F8D632E9
:10FF3000D6F8BE22434E85F86430032B08BFF37811
:10FF4000EA6404BF43F00103F37004EB840304EBA1
:10FF5000C3043B1904F532742744D3F8C202D7F81E
:10FF60000610D7F80A202865D3F8C6026865D3F8CA
:10FF7000CA32AB65E9652A66B37A1B0725D42F4DD3
:10FF8000D5E90E670022002330463946F8F766FCB3
:10FF9000002838D12C4B002230463946F8F77CFC3B
:10FFA00070BB95ED157AB5EEC07AF1EE10FAC5E9A1
:10FFB0000E672BD4DFED257AB4EEE77AF1EE10FA76
:10FFC000D8BFF0EE477AC5ED157A03B0F0BD1949F8
:10FFD0000878A0427FF47AAFF7E710701C4B194EF7
:10FFE0001B78012B15D01B4914486822F8F714FE22
:10FFF000F378194A052123F001031170F370BBE770
:020000040801F1
:10000000114F0026CDE700260027CAE7DFED137A5F
:10001000D9E7737A5906E6D5F378DA06E3D51049BD
:1000200006486822F8F7F8FDE2E700BF5400002018
:100030003D2C002053000020B0810020E02D002046
:1000400078A80020347D002000005E400000F042CF
:10005000A98E0020102D00203F3800200000000055
:10006000A82C0020F8B5FFF727FF284F284C294E71
:10007000294D14E0072B3FD1284A2949137891F9DB
:100080009D0228490133DBB283421370C8BF0020B0
:100090004FF00503C8BF10700B70FFF70DFF97F806
:1000A0006430DA1E012AE5D8042B1F4A4FF0000104
:1000B0004FF029000CD0EB7897ED027BD7E90801CF
:1000C00043F0010382ED027BC2E90801EB70D3E744
:1000D000D7E91732B3F1000C18BF4FF0010C4FF005
:1000E000000EC4E9003284F809E084F808C001F089
:1000F00049FA237A3370BFE7D7E90E01F8F714FC09
:10010000BDE8F84000EE100A09F078BBE02D0020B1
:10011000E0210020CC210020347D00203D2C002057
:10012000B08100203F380020402C002070B52A49C3
:1001300091F90040002C40DD40F651222748284D1F
:10014000F8F76AFD0022274BDFF8A8E02A80164660
:10015000104604E00132A24203F1290317D293F8BA
:1001600028100729F6D1092822D81E68D3F804C020
:100170004EF830600EEBC00101320130A242C1F8EE
:1001800004C080B24FF0010603F12903E7D306B1A2
:10019000288040F6512200210F4825F025FE124903
:1001A000124A01230B701370BDE870400AF0D2BEF2
:1001B00001329442EBD92933CCE740F65122002199
:1001C000064825F011FE064A034600210848C3F8F8
:1001D00001001180DDE700BFEC2100204D840020EC
:1001E000782100205E840020A88100205400002097
:1001F0000000C8427C210020094BDB781B070ED58C
:1002000010B40848084C094A0949126800232360C1
:100210000360084B002010BC08801A6070477047CC
:10022000347D00206C2E0020682E0020702E0020CF
:10023000502E0020742E002030B52DED028B83B09F
:1002400001F06CF8132001F0F3F918B903B0BDEC1C
:10025000028B30BD1421132001F094F9C24801F043
:1002600031F9C24BDB781B07B0EE408A40F1DF81E9
:10027000BF4AC04BD2ED007AD3ED006A9FEDBE7A43
:1002800077EEA67AF4EEC77AF1EE10FA00F1FD806F
:10029000BA4BB7EE007AD3ED006AF4EEC77AF1EE0E
:1002A00010FAF5EEC06AD4BFB0EE676AB0EE476AE6
:1002B000F1EE10FAB0EE467A40F3D7819FEDB07AB6
:1002C000DFEDB05AC6EE877A9FEDAF7A67EEA57A7A
:1002D00067EE867A77EEA77A87EE870AB5EE400A50
:1002E000F1EE10FA00F10282B1EEC07AA74B1B7852
:1002F0009FEDA76A27EE277AC7EE065A002B00F07B
:10030000EA8007EE903A9FEDA36AF8EE677A27EE4F
:10031000866AF5EEC06AF1EE10FA85EE867A40F252
:10032000D6819D4B1D46DFED9D5A93ED006A66EE2A
:10033000A55AF4EEC65AF1EE10FA40F3B281DFEDA1
:10034000986ACDED017A26EE266A8DED007AC6EE2A
:10035000257A17EE900AF7F7B7FF02460B4680A101
:10036000D1E90001F7F750FEF8F7DEFA9DED007ACB
:10037000DDED017A06EE900A66EEA77AF0EE678A66
:10038000884B894A1B785BB1D2ED007AF5EEC07AD2
:10039000F1EE10FA04DD854B1B78052B00F01E8171
:1003A000834BF7EE007AC3ED007AB0EE670A0023C4
:1003B000DFED807A002B08BFF0EE407AD5ED006AC1
:1003C0009FED7D6A7D4C7E4B94ED000A009267EEB6
:1003D000085AF0EE470AE5EE866AB5EE001AC3ED5C
:1003E000007AC5ED006AFAF73BFB764BF0EE407AF7
:1003F000F0EE481A93ED000AC4ED007AF0EE680AB8
:10040000B7EE001AFAF756FC009A6E4BD2ED007A5E
:1004100083ED000AB4EEE70AF1EE10FA6ED8F5EEBD
:10042000C07AF1EE10FA69DD6449504AD1ED006AF4
:10043000DFED657A1378F4EEE76A43F02003F1EE1E
:1004400010FA137053DD4D4BD3ED007AF5EEC07A00
:10045000F1EE10FA4BDD95ED007A9FED5C6A5C4B96
:1004600077EEC77A9FED447AB4EEE77AF1EE10FAB0
:10047000D8BFB0EE677A27EE067AC7EE267AFCEE92
:10048000E77A17EE902A1A80E0E63C4BD3ED006A3B
:10049000F5EEC06AF1EE10FA40F3E7809FED386A9E
:1004A000DFED385A9FED385A384BC6EE867A1B7806
:1004B0009FED376A67EEA57A67EE877A77EEA77ABF
:1004C000C7EE855AB1EEE57A67EE277AC7EE865A0F
:1004D000002B7FF416AF9FED3F6AF0EE087A85EEB1
:1004E000867A1EE7214A137823F020031370384BD5
:1004F00000221A8003B0BDEC028B30BD1F4B95ED7E
:10050000007AD3ED007AB4EEE77AF1EE10FA8BDCE4
:10051000F5EEC07AF1EE10FAE4DD2F4B274AD3ED69
:10052000006A1249B7EE006A36EE666AD2ED006ADA
:100530000B7826EE276AB4EEC67A9FED236AF1EEB9
:1005400010FAC8BF0122F4EEC66AD8BF002262F3D7
:100550004513F1EE10FA0B703FF77FAFC7E700BF0E
:10056000CDCCCCCCCCCC1040482E0020347D00200B
:10057000A8380020C038002000000000542E0020C1
:100580000000FA440AE81C41D03EFE3C5C0000201A
:100590006666A63ECDCC6C40682E0020CDCC4C3D8E
:1005A000CDCC4C3EA88E0020602E0020307D002057
:1005B000580000209A99993FE4388E3E6C2E002016
:1005C000A4000020742E0020CDCCCC3D6666664091
:1005D000502E00209A993141F00000205349544B8D
:1005E000D1ED000A93ED000A9FED521A0192C0EE80
:1005F000A80AF0EE481A8DED007AFAF75BFBF7EEE9
:10060000007A4B4B9DED007A019A83ED000AB4EE1F
:10061000E70AF1EE10FA3FF5D1AEDFED477AB4EE1E
:10062000E70AF1EE10FACCBF01230023C0E6012057
:1006300003F02EFE414B424AD3ED007A414B424D2E
:10064000187830EE677AD2ED007A27EE277A8DEDB2
:10065000007A03F01DFE3D4B9DED007AD3ED007A4C
:1006600060EE277AF0EE678A8AE69FED396ADFED61
:10067000397A394B27EE067A1B789FED386A37EEC8
:10068000077AC7EE275AF1EEE57A67EE877AC7EE6A
:10069000865A002B7FF435AE9FED316AF0EE087A72
:1006A00037E69FED305A26EE855AB4EEC56AF1EE74
:1006B00010FA10D59FED2C5A36EE656A66EE855A13
:1006C000F1EE006A86EE255A76EEC56A54E6DFED55
:1006D000276A1D4D50E636EE456AF0EE086A26EEB2
:1006E000266A86EE255A76EEC56A45E6CDED016AA4
:1006F000CDED007A21F072FA174BDDED007A9FED17
:10070000177A1B78DDED016A60EE277AC7EE875A0B
:10071000002B3FF4E0AE07EE903A9FED156AF8EE3D
:10072000677A27EE866A85EE867AFAE5702E0020D3
:1007300058000020CCCC4C3D9A99993F582E00206F
:100740005C2E0020CC7C0308682E00206000002076
:100750000AE81C41D03EFE3C5C0000206666A63ED6
:100760009A9931413333733F6666663F66668640C9
:10077000CDCC6C4005480649064A074B0B604FF04C
:10078000030C80F800C01360704700BF5C000020BD
:10079000742E0020702E00209A9949412DE9F843CB
:1007A000444BDFF85891187812212DED048B13F08B
:1007B00063FF414B4149D3ED007A414A0968D27841
:1007C0004048C9F80010B6EE087A3F4967EE877ACC
:1007D0004FF07E540460C1ED007A3C483C49002350
:1007E0000B6003603B4B0021198013070BD53A497E
:1007F0003A4A3B4BC9F8003003200870BDEC048B2B
:100800001360BDE8F883374B374F93F80080334DC2
:10081000364E9FED378A9FED379A404603F038FDFC
:10082000D7ED007A67EE807A0120C5ED007A03F0FB
:100830002FFDC82486ED000A052000F039FE404651
:10084000D5ED008A03F024FDD7ED000AB0EE001AC2
:1008500060EE200AF0EE481AB0EE680AFAF72AFABB
:100860000120D6ED008A85ED000A03F011FDF0EEBF
:10087000481AF0EE400AB0EE491AB0EE680AFAF7EC
:1008800019FA013CA4B286ED000A002CD4D195EDF2
:10089000007ADFED196A104A89ED007AC7EE267AF0
:1008A000FDEEE77A17EE903A1370BDEC048BBDE8CD
:1008B000F88300BF68900020542E0020602E002096
:1008C000347D0020A4000020642E0020682E00202B
:1008D0006C2E0020502E00205C000020702E002086
:1008E0009A994941CC7C030860000020582E0020D2
:1008F0000AD7A33B00004843CDCC6C40742E0020A7
:1009000070B51A4B0546D879C30694B02AD50C4663
:100910001646012000F09AFE0028FAD06BBAADF816
:100920000C304CB132460DF10D03301912F9011B98
:1009300003F8011F9042F9D10D49A31C03AA0092AC
:1009400091F83410DBB2FF2203200BF01DFD00F004
:10095000010441F288320023012000F01FFE2046EE
:1009600014B070BDC0F30014F3E700BF347D002065
:10097000E47C0308F0B5194BDC791346E20685B038
:1009800021D5174C1F460E46054600F0C7FCD4E99A
:10099000022390429941F8D3124A92F8344003ABB3
:1009A0006ABA0093ADF80C200223FF2221460320EF
:1009B0000BF0EAFCFF2203200097F3B221460BF074
:1009C000A7F905B0F0BD0029FBD00A461846FF2163
:1009D00005B0BDE8F04025F007BA00BF347D002027
:1009E000702F0020E47C0308024B1878003818BFF1
:1009F00001207047AC2E0020C84ADFEDC90AD2EDB5
:100A0000007AF4EEE07AF1EE10FA40F2BC802DE9C3
:100A1000F0412DED028BC34B1B7888B0F0EE401AED
:100A2000002B00F0A180022B00F04782032B00F086
:100A30006481012B40F03F82BB4DAA7A910704D418
:100A4000BA4A1278002A40F0A183B949B94EDFF8BA
:100A50000883B94FB94A92ED007AFAEE086AB4EE0B
:100A6000E67AF1EE10FA00F3C382F0EE046A27EEA4
:100A7000667A77EE877AD1ED006A96ED007AF4EE29
:100A8000E67AF1EE10FA07DDD7ED007AF4EEC77AD8
:100A9000F1EE10FA00F32E8171EE877AC6ED007A3E
:100AA000EA79920703D52A78540640F16B83A44A69
:100AB00092F83210022903D9A979C90600F1E4821B
:100AC000B0EE007AF4EEC77AF1EE10FA40F16682E9
:100AD000B6EE007A67EE877A9FED9A7A67EE877AAC
:100AE000F0EE678AB1EE678A2A78520640F13582C5
:100AF000DFED8B0A9FED931AB0EE600ACDE900306E
:100B0000FAF7D8F8904ADDE9003092ED001AF0EEDD
:100B1000407AB0EE670AF0EE480A009388ED001ABA
:100B20000190FBF795FED7ED007A884B884A1A6052
:100B3000B1EE047A77EE877A96ED007AF4EEC77A12
:100B4000F1EE10FA1E46009B17D8DFED827AF4EE24
:100B5000E78AF1EE10FA10D8744A0198002111705A
:100B6000704902220A70ABE1714991ED007AF4EE0E
:100B7000C77AF1EE10FA09DD0023184608B0BDEC83
:100B8000028BBDE8F081002318467047DFF8DCC116
:100B9000DCED156AF4EEE67AF1EE10FAC8BFF0EE7D
:100BA000676A37EEA66AB4EEC67AF1EE10FAE3D4BD
:100BB0005D4C94F80AC01CF0020F254600F01B8221
:100BC000DFF8A4C19CF800E0BEF1000F3FF435AFA0
:100BD000F4EEC70AF1EE10FAD4BFF0EE477AF0EE69
:100BE000607A77EEE67AB2EE086AF4EEE70AF1EEA2
:100BF00010FAC8BFF0EE607A87EE867A8CF8003083
:100C000094F801C0009363F3861C84F801C0DFF8F8
:100C100038C1484BDCF800E0DFF854C103901E46B1
:100C20000191DCED004ADFF84CC1C3ED000AB3EEE0
:100C3000056AB4EEC76A9CED005A474BDFF838C12D
:100C4000C3F800E0F1EE10FAD8BFB0EE467AF1EE4C
:100C5000005A37EE257A9846DCED005A364BDFF81D
:100C60001CC183ED007A9CED006ADFF814C18DEDA4
:100C7000020A1F46394BCCED004AC3ED000A8CED49
:100C8000015ACCED025A8CED036A354BDFF8F4C003
:100C9000C3ED000ACCED006A324BDFF8ECC0C3EDC7
:100CA000000ACCED007A04F005F9FDF7EBFEDFF861
:100CB000DCC0009B8CF800301C4B94F80AE0174A0B
:100CC0000199DDED021A03984FF0010C83F800C082
:100CD000144B1EF0020F83F800C040F0A48263465C
:100CE00096ED007AD7ED007AB4EEE77AF1EE10FADD
:100CF0007FF5D2AE87ED007ACEE60B4CA37A99074A
:100D00002546C3F3400243D46378064916480A7067
:100D100062F386130122027063702DE764000020E5
:100D200000000000AC2E0020347D0020982E002012
:100D3000F8100020942E002068000020BC2F002016
:100D400078A80020920A863F18BD0020A83800200D
:100D5000CDCC0C3F35FA8E3C7C2E0020882E002016
:100D6000842E0020C03800206C000020102D0020B0
:100D7000B80F0020B40F0020B00F0020AC0F0020EF
:100D80009C2E0020902E00208C2E0020802E0020F3
:100D9000A34BDFEDA47A93ED000ACDED001AA1EE8E
:100DA000A70A0290CDED010AF9F724FF9C4BDDED77
:100DB000010A0298B0EE401A9FED9B0A83ED001ADB
:100DC000FBF746FD99499A4A9A4BD1ED005A92EDAC
:100DD000007A9949D3ED0B7A91ED006ADDED001AA6
:100DE000C3ED095A35EEC77AF1EE466A67EE277A07
:100DF00083ED0A7AF4EEE67AF1EE10FAC3ED117A99
:100E000008D4F4EEC67AF1EE10FAD4BFF0EE676AB9
:100E1000F0EE466A894B8A4993F83200C1ED006AC8
:100E2000022816D9A879C20613D5DFED867A93ED8C
:100E3000237AB4EEE77AF1EE10FA0AD5DFED827A82
:100E4000F4EEE67AF1EE10FAD8BFF0EE667AC1ED74
:100E5000007A7E49CDED001A7D4BD1F898121960C9
:100E600002F09EF9DDED001A002840F0A581794BD3
:100E70006F4AD3ED007AF5EEC07AF1EE10FA00F188
:100E8000D681B6EE007AF4EEC77AF1EE10FA0FD5FD
:100E9000D2ED007AF5EEC07AF1EE10FA00F184811D
:100EA000B6EE007AF4EEC77AF1EE10FA00F1848122
:100EB000694B00221A6001235FE6684D644E0123EE
:100EC000674A4FF07E51D2F800C0C0F800C03160D0
:100ED000516841609168D2688160C260EA79940784
:100EE00003D52A78520640F15681014604A80093A2
:100EF000FBF73CFCDDED067ADDED056A9DED077A3A
:100F00009FED586A009B67EEA77AE6EEA67AE7EEB9
:100F1000077AF4EEC67AF1EE10FA7FF52EAE524A59
:100F2000117841B1E9798F0705D529784C06C1F3CD
:100F3000801040F164816B784C4A4D494D4C92EDE4
:100F4000000A43F0400300226B7022700A7008F020
:100F500055FC494B1B6833600EE6DFED480A9FEDF8
:100F6000481ACDED011AB0EE600ACDE90230F9F76A
:100F7000A1FEDFED2C6A98ED007ADDED011A8DED12
:100F8000000AA1EEA67AB0EE470AF9F733FEDDE9D2
:100F90000230DDED007AB0EE401ABAE5F1EE006AFB
:100FA000F4EEE67AF1EE10FA29D497ED007AB4EE79
:100FB000E77AF1EE10FA00F3F280F1EE046A37EE10
:100FC000266AB4EEE76AF1EE10FA40F3138177EE89
:100FD000C77AB7EE007A87EEA66ADFED2A6A77EE67
:100FE000467A67EEA67AF0EE678AB1EE678A7BE50D
:100FF000B3EE0E7A3DE51E4A012111701DE577EE34
:10100000C77AB6EE007A27EE677ADFED1C6ADFED6D
:101010001C7AE7EE267AF0EE678AB1EE678A63E51E
:101020007C2E0020960A063FC7B8B23E78380020D2
:10103000BC2F0020D03800209400002078A8002089
:10104000C0380020CDCCCC3D00000000B081002095
:10105000A8380020FC100020782E0020347D0020CD
:101060009C2E002017B7D13B802E0020902E002010
:101070006C000020AC2E0020FC2F0020920A863E3F
:10108000920A863FDB0F493F97ED007AF4EEC77A6C
:10109000F1EE10FA7FF514AD6949D2ED230A91ED16
:1010A000000ACDED001AB1EE046A81EE861ACDE990
:1010B00001308DED036AF9F7D3FC624ADDED001AC9
:1010C000D2ED236A604A9FED617A92ED005A97ED66
:1010D000003A5B49A1EEA65ADDE9013082ED005AE3
:1010E0005B4A81ED000AD2ED006AF7EE007A76EEF7
:1010F000C56AF4EEC07AF1EE10FAB4EEE67AD4BF27
:10110000F0EE405AF0EE675AF1EE10FAD4BFB0EEAE
:10111000665AB0EE475A85EE257AD6ED007A37EE5C
:10112000277AB0EE084A37EE047AF3EE0E4AF4EE70
:10113000C74AF1EE10FAD8BFB0EE647AB4EEC37AC3
:10114000F1EE10FA65EE843A13D59DED036A37EEA1
:10115000866AB4EEC76AF1EE10FAC8BFB0EE467AFE
:10116000B4EEC76AF1EE10FAD8BFB0EE476A87ED69
:10117000006AF4EEE36AF1EE10FA3FF6A1ACC7EDB7
:10118000007A9DE4334A0121117090E4324EDFF879
:10119000EC80324FA4E52F4A01211170A5E69FEDA6
:1011A000308ADFED308A9FE4BEEE007AF4EEC77A33
:1011B000F1EE10FA7FF77CAE2B4B93ED007A71EED7
:1011C000871AF7EE087AF4EEE71AF1EE10FAC3ED9B
:1011D000001A7FF770AE6B78244A254C002060F32C
:1011E000861310706B70207002F0B0F8214B04224F
:1011F0001A70C1E49FED208ADFED148A74E4DFF8F1
:1012000084C01E49DCF800C0174BC1F800C01C495F
:10121000107000221A600A6003F04CFE144B032287
:101220001A70009BA9E4D2ED007A634612E4BEEE88
:10123000007AF4EEC77AF1EE10FA3FF729AE37E6FE
:10124000882E002078A80020842E002000000000B6
:101250008C2E0020802E0020942E0020680000207C
:10126000DB0F49BFDB0F493F782E00206C000020C8
:10127000AC2E0020307D0020000000807C2E00205D
:10128000C038002018BD00201248827A22F00202E5
:1012900010B48272104A114C11484FF0010C002317
:1012A00082F800C000210F4A217003600E4C0F48E5
:1012B00010600F4A21700F4C13600F480F4A2360D3
:1012C0000F4C036013600F480F4A217010BC03607D
:1012D00013607047347D00206C000020AC2E00208D
:1012E000942E002068000020982E0020CAF2497138
:1012F0008C2E0020902E0020882E0020842E00208E
:10130000802E00207C2E0020782E0020704700BF09
:10131000014B00221A707047AD2E00202DE9D048F5
:101320001B4985B04FF0E02408680190A0690023B4
:101330000246CDE9022300BF019E08688642F3D130
:10134000144B019CD3E9006779017001801B41EACD
:10135000D66161EB0701890041EA90718000801934
:10136000DDE902BC41EB0701C90041EA5071C00050
:10137000B0EB0B00D3E9002361EB0C01F7F732FC73
:101380004FF47A73E4FB030105B0BDE8D08800BFD9
:10139000AC430020982F00202DE9F04F3F4E8BB03A
:1013A00007464FF0E02C31680491DCF81810002358
:1013B0000A46CDE9062300BF049831688842F2D17D
:1013C000DFF8DC90DDF81080D9E900014B01420123
:1013D000121A43EAD06363EB01039B0043EA927362
:1013E00092001218DDE906AB43EB0103DB0043EA90
:1013F0005273D200B2EB0A0063EB0B01D9E9002370
:10140000F7F7F0FB10EB070A4FF47A7341F1000B8A
:10141000E8FB03AB03934FF0E02733680593BB6908
:1014200000251C46CDE9084500BF059A33689A425D
:10143000F3D1DDF81480D9E900234FEA431C4FEAC9
:10144000421EBEEB020EDDE908014CEAD26C6CEBE9
:10145000030C4FEA8C0CCDE900014CEA9E7C4FEA6C
:101460008E0E1EEB020E00994CEB03034FEACE02E8
:10147000501A4FEAC303019A43EA5E7363EB020119
:10148000D9E90023F7F7AEFB039BE8FB03015045C6
:1014900071EB0B01C1D30BB0BDE8F08FAC43002062
:1014A000982F0020014B1868704700BFAC43002004
:1014B000034A13680133184413689842FCD87047F4
:1014C000AC430020F0B52B4985B004464FF0E02531
:1014D00008680190A86900230246CDE9022300BFF5
:1014E000019E08688642F3D1234E019DD6E9002370
:1014F00059015001801A41EAD26161EB0301890070
:1015000041EA90718000801841EB0301DDE902237C
:10151000C90041EA5071C000801A61EB0301D6E9AD
:101520000023F7F75FFB4FF47A730646E5FB036190
:10153000D4E900030F46301A61EB030177EB030394
:1015400002D2013841F10001F7F706FBDFED0B7A1B
:1015500000EE100A20EE270AF5EE007AB4EEE70A54
:10156000F1EE10FAC4E9006701DD9FED050A05B050
:10157000F0BD00BFAC430020982F0020BD3786355A
:10158000CDCC4C3E034B1A68034B114443F820105A
:10159000704700BFAC430020B02E00202DE9F04181
:1015A0002049164684B0074698464FF0E0220B6863
:1015B0000193936900251C46CDE9024500BF019BBC
:1015C00008688342F3D1184D019CD5E900235901E5
:1015D0005001801A41EAD26161EB0301890041EABE
:1015E00090718000801841EB0301DDE90223C900FE
:1015F00041EA5071C000801A61EB0301D5E9002374
:10160000F7F7F0FA4FF47A734246E4FB0362074BB4
:10161000841903EBC70342EB0105C3E9004504B09D
:10162000BDE8F081AC430020982F0020702F0020EF
:10163000044A054B1B6852F8200098428CBF0020DA
:1016400001207047B02E0020AC430020D0B52049C7
:1016500084B006464FF0E02408680190A06900239A
:101660000246CDE9022300BF019F08688742F3D1FB
:10167000184F019C1849D7E9002301EBC60C500113
:101680005901801A41EAD26161EB0301890041EA04
:1016900090718000801841EB0301DDE90223C9004D
:1016A00041EA5071C000801A61EB0301D7E90023C1
:1016B000DCE90067F7F796FA4FF47A73E4FB03016D
:1016C000B042B9412CBF0120002004B0D0BD00BF02
:1016D000AC430020982F0020702F002010B584B05C
:1016E00068461FF02FFF009C2049A1FB04C1002089
:1016F0008A0C1F49DFF88CC00346C1E900231D494D
:101700001D4AD1F8FC3043F08073C1F8FC301368F7
:1017100043F001031360DCF80030DFF86CC0ACFB71
:1017200003C34FF0E0229B09013B5361F02381F892
:1017300023304FF0070C114990610346C2F810C0E6
:10174000024641F8232001332F2BFAD10C4B002005
:101750000021C3E90001C3E90201C3E90401C3E9AF
:101760000601C3E9080104B010BD00BF83DE1B43BE
:10177000982F002000ED00E0001000E0B02E0020C7
:10178000702F002028020020D34D62102DE9F04771
:101790002DED048BB84B1A78002A40F05F81B74FCB
:1017A000DFF81483DFF8149397ED003AD8ED003A90
:1017B000D9ED002ADFF808E3B14EB24996ED008A70
:1017C000DEED006AD1ED007ADFF8F8C2AE4A9CED9A
:1017D000005AAE4DAE48DFF8F0A2AE4C95ED002AAF
:1017E00094ED009AD0ED005A9AED006AAA4BE6EE0D
:1017F000817AE8EE416A21EE014AF0EE664AD2EDC6
:10180000006AE5EE016AB6EE007A24EE077AA2EEEF
:10181000415AE2EE476AE8EE477AA5EE816AE9EEC0
:10182000415AA9EE476AA2EE018AE1EE267AE1EE7C
:10183000054AA1EE655A70EEC30AA9EE478AE0EEAA
:10184000813AE7EE654AE7EE467A61EE071A67EEFF
:10185000070AF0EE458A93ED007A9FED905AB4EEB8
:10186000C57AF1EE10FAE3EE812AA9EE412AE1EE03
:10187000466A08D4B1EE045AB4EEC57AF1EE10FA15
:10188000D8BFB0EE475A864B9FED867A93ED001A8B
:10189000B4EEC71AF1EE10FA08D4B2EE047AB4EE40
:1018A000C71AF1EE10FAD8BFB0EE417A7E4BE4EEE3
:1018B000078AE7EE207AE7EE216AE7EE214A93ED08
:1018C000004A9FED7A7AB4EEC74AF1EE10FA08D4D6
:1018D0009FED727AB4EEC74AF1EE10FAD8BFB0EEBF
:1018E000447A30EE624AB9EE040AB4EEC04AF1EE30
:1018F00010FA39EE071A08D4B1EE040AB4EEC04A61
:10190000F1EE10FAD8BFB0EE440A37EE857AB7EEA2
:10191000004A84EE075AB0EE634A64EE850A67EE29
:10192000851AA0EE204AE0EE212ABAEE047AB4EE3F
:10193000C74AF1EE10FA28EE055AC9ED002A08D47C
:10194000B2EE047AB4EEC74AF1EE10FAD8BFB0EEA8
:10195000447AA0EE053A88ED007ABAEE0E7AB4EE3B
:10196000C73AF1EE10FA08D4B2EE0E7AB4EEC73AE6
:10197000F1EE10FAD8BFB0EE437AB0EE484AA7EEC7
:10198000C54AA6EEC52AF0EE413AE6EE453A87EDA5
:10199000007A9FED477AE7EEE04AB0EE685AB4EE7F
:1019A000C47AA6EEE05ABDEC048BE6EE605AF1EE86
:1019B00010FAB4EEC27AC8BFB0EE474AE7EEE17A59
:1019C000F1EE10FAB4EEE37AC8BFB0EE472AE6EEC5
:1019D000E16AF1EE10FAB4EEE47AC8BFF0EE473AED
:1019E000A6EE616AF1EE10FAB4EEC57AC8BFF0EE69
:1019F000474AF1EE10FAB4EEE57AC8BFB0EE475AA6
:101A0000F1EE10FAB4EEE77AC8BFF0EE475AF1EE05
:101A100010FAB4EEE67AC8BFF0EE477AF1EE10FAAB
:101A2000B4EEC67AC8BFF0EE476AF1EE10FAD8BF3E
:101A3000B0EE467A86ED004A85ED002AC4ED003A04
:101A4000CEED004A8CED005AC0ED005AC1ED007A8F
:101A5000C2ED006A8AED007ABDE8F0870022DFED72
:101A6000153A064FDFF85080DFF850901A70F0EE0C
:101A7000402AB0EE603A9DE674000020CC2F002092
:101A8000A42F002080000020B42F0020A02F0020D1
:101A9000A82F002078000020C82F00200AD7233C60
:101AA000C42F0020CDCCCC3DC02F002077CC2B32D2
:101AB000BD37863500000000BC2F0020B82F002065
:101AC000AC2F00207C000020B02F002059B170B551
:101AD000054E0446451814F8011B307804F0A8FEA2
:101AE000AC42F8D170BD70476C900020044B1B785D
:101AF00023B1044B044A1B680121D154704700BF35
:101B0000840000206C900020E443002038B5044697
:101B10000D46FFF703FCDFF8F8C0DCF80830CCF81E
:101B20000C50DA179C4275EB02023CBFA3F57F43D1
:101B3000FF3BE31A1DB2CCF808402C4CB5F52F6FD3
:101B400022789BB21ADD2A4DDFF8C8C0CCF80030ED
:101B50002B682860C01A6B68696061EB0301254B34
:101B6000C3E90001244B01211970244B24491A7048
:101B700000232370CCF804300B7038BD6FF4617112
:101B8000591889B240F2AE40814225D91A4B002142
:101B900019701A4B01321B78D2B293422270ECD8E2
:101BA000154B184C1A782378EAB9043B5BB2002B2A
:101BB000D4BF00210121142BA8BF14236FF01305FB
:101BC0001148AB42B8BF2B46027923700F4B61F32B
:101BD000C3021970027138BD02EB82010CEBC10C1B
:101BE000CCF81C30D5E70133E0E700BF7C300020A3
:101BF00090300020803000203D37002085000020FC
:101C00003E37002086000020347D00203F37002032
:101C1000E033002088300020884BDFED897A1A7984
:101C20001968B3F802C09888C1F3CA2102F0010212
:101C300007EE101A920242EA9C12F8EEC70A07EE6B
:101C4000102A59681A7AB3F806C0C0F34A00F8EEB1
:101C5000C75A07EE100AC1F30A3102F00302B8EEC8
:101C6000C71A520207EE101A42EADC12B3F808C093
:101C70009968187BF8EEC71A07EE102ACCF38A0C85
:101C8000B8EEC76A07EE10CADA7A93F80FC0C1F34C
:101C90004A31B8EEC72A00F0070007EE101A42EAF0
:101CA00000229889D968F8EEC72A07EE102AC0F3F7
:101CB000CA001A7CB8EEC73A07EE100AC1F38A319F
:101CC00002F00F02F8EEC73AD20107EE101A188A96
:101CD000196942EA5C02B8EEC74A07EE102AC0F35F
:101CE0000A10F8EEC76A07EE100AC1F3CA311A7D6E
:101CF00093F813C0F8EEC74A07EE101A998A1B88AA
:101D0000C3F30A03B8EEC75A07EE103AB8EEC70A93
:101D10002DED048BB6EE047AF0EE679AE0EE079AAA
:101D200002F01F029201B0EE670AA1EE870A42EAB2
:101D30009C02C1F34A11F0EE671AE2EE871A414B9A
:101D4000B0EE679AB0EE678AF0EE672AA0EE879A47
:101D5000A1EE078AE3EE872AF0EE670AB0EE671A73
:101D6000F0EE673AE6EE070AA2EE071AE6EE873AC9
:101D7000B0EE672A06EE902A06EE101AA3EE072AA6
:101D8000B0EE673AA4EE073AF0EE678AB0EE674A23
:101D9000F8EEE66AB8EEC66AE5EE878AA4EE874AF0
:101DA000F0EE675AF0EE674AE5EE074AE6EE875A2C
:101DB000E6EE077AFDEEE99ABDEEC99AFDEEE88AF5
:101DC000BDEEC88ABDEEC00AFDEEE00ABDEEC11A46
:101DD000FDEEE11ABDEEC22AFDEEE22ABDEEC33AE7
:101DE000FDEEE33ABDEEC44AFDEEE44AFDEEE55AEF
:101DF000FDEEE77AC3ED079A83ED119AC3ED1B8AD6
:101E000083ED258A83ED2F0AC3ED390A83ED431A4A
:101E1000C3ED4D1A83ED572AC3ED612ABDEC048B47
:101E200083ED6B3AC3ED753A83ED7F4AC3ED894A82
:101E3000C3ED935AC3ED9D7A704700BF5837002019
:101E400000005C44E033002010B5444A92F846306C
:101E5000162B68D0282B5FD0142B5CD107CA404BBF
:101E60003F4C03C3A17823F8022B100C64293D4A90
:101E700018700B463C4828BF6423C2F8C432F8F7F8
:101E8000F9FC2379002B5DD1354B1978374849424D
:101E9000F8F7F0FC324B364893F90310F8F7EAFCF8
:101EA0003148F8F7EFFC334B4F289A792E48CCBFD6
:101EB0000021012161F345129A71F8F7E3FC2D4BE3
:101EC0003128DA792948CCBF0021012161F382024F
:101ED000DA71F8F7D7FC274B5A305A7A2248ACBF50
:101EE0000021012161F3C3025A72F8F7CBFC224AA8
:101EF00018288CBF002301231B481370F8F7C2FC7D
:101F00001E4B312894BF012200221A7003D81C4AAC
:101F100013680133136010BD1A4B1B78042BFAD1E0
:101F200018F0E8FA10BDFFF777FE164B164A1B783B
:101F30000121117043B1042BEDD1FFF7EFF916F039
:101F400063FC10BD6178A1E718F026FF0028E2D0FD
:101F50000E4B187818F016FF10BD00BF5837002040
:101F600000370020E03300202C3700201C370020F1
:101F70000C370020347D00204137002042370020FC
:101F800048370020840000203E3700206490002065
:101F900038B50546FFF7C2F9DFF8B8C2A74B9CF881
:101FA00000C09A6CD3F84CE09864BCF1030FD9647C
:101FB00045D8821A61EB0E0EBCF1010F18D816D16C
:101FC00040F6A174A2427EF1000455D293F841205C
:101FD000022A74D00BD8002A00F0298193F842100D
:101FE0004A1CD2B2172A5D5483F842207FD038BDF4
:101FF00041F64D5C62457EF1000C57D293F84220C9
:102000009D540132D2B20F2A83F84220EFD98C4B73
:10201000DFF844C21A681860821A8A48CCF8002097
:10202000027942F008020271874A4FF001001070F5
:102030005A68596061EB0202CCF8042038BDBCF14B
:10204000040FD4D11A6DB0EB020E5A6D40F24D441C
:1020500061EB0202A64572F100021CD293F8412006
:10206000042A48D0052A4DD0032AC0D1AA1E83F8DD
:10207000452083F841C038BD74490A604FF0000222
:10208000C1F804E0A3F841200F2DB0D14FF00102B8
:10209000A3F8412038BD012283F84020032283F8B1
:1020A000445083F84120C3E9140138BD67491D70CD
:1020B0000A60012283F84220C1F804E038BD624A78
:1020C000DFF894E182F800C05D4AD2F800C01060E9
:1020D000B0EB0C00CEF800004FF00000A3F8410078
:1020E0005368516061EB0303CEF8043038BD02221F
:1020F00083F8412038BD4FF0050283F84650A3F81D
:10210000412038BD93F8422093F845C0624504D27F
:10211000511C83F842109D5438BD494ADFF838E11C
:1021200014681060001BCEF800005068516061EB2D
:102130000001CEF8041093F8462045498A5CBCF1B2
:10214000000F60D018469C446FF02A0130E04FEA3F
:102150004E0E4FFA8EF2002A50DB4FEA4E0E4FFA27
:102160008EF2002A45DB4FEA4E0E4FFA8EF2002A1D
:102170003ADB4FEA4E0E4FFA8EF2002A2FDB4FEA7F
:102180004E0E4FFA8EF2002A24DB4FEA4E0E4FFA23
:102190008EF2002A19DB4FEA4E0E4FFA8EF2002A19
:1021A000ACBF4FEA4E0281EA42028445D2B22AD045
:1021B00010F801EB8EEA020E4FFA8EF2002AC6DA10
:1021C00081EA420252B29646C5E781EA420252B221
:1021D0009646E4E781EA420252B29646D9E781EA9E
:1021E000420252B29646CEE781EA420252B2964687
:1021F000C3E781EA420252B29646B8E781EA420258
:1022000052B29646ADE70F48DFF83CC00179AA1AF2
:10221000B2FA82F2520962F3C30101710020062171
:102220008CF8002083F8400083F8411038BD93F803
:102230004220002A3FF428AF38BD00BF58370020A5
:1022400090300020347D00203F370020883000206F
:10225000A85F030884000020803000202DE9F047AB
:10226000BF4AC04992F800E0BF4A91F800C092F816
:102270000280D178BD48BE4EBE4B90ED007A1C68FE
:10228000307808EA0105FF2D00F04E8148FA0CF382
:102290004FEAD81708EA0E0841EA082109B2091BDB
:1022A00007EE901ADFEDB46AB449F8EEE77A03F06E
:1022B0000F03E7EE876A03EB8308834201EBC80153
:1022C000FDEEE66A26BF581C01250025C1ED076A10
:1022D0004FF00108117992F8059009EA010ABAF164
:1022E000FF0F20D041FA0CF303F00F03834280F07C
:1022F00015810EEA010149EA012109B2091B07EE25
:10230000901ADFED9D6A9D49F8EEE77A03EB8307AB
:10231000E7EE876A01EBC7014FF001080027FDEEE9
:10232000E66AC1ED076A917992F8079001EA090A15
:10233000BAF1FF0F20D041FA0CF303F00F039842DB
:1023400040F2E9800EEA010149EA012109B2091BC4
:1023500007EE901ADFED886A8849F8EEE77A03EB1A
:102360008307E7EE276A01EBC7014FF0010800275A
:10237000FDEEE66AC1ED076A117A92F8099001EA6A
:10238000090ABAF1FF0F20D041FA0CF303F00F0352
:10239000984240F2BD800EEA010149EA012109B2EA
:1023A000091B07EE901ADFED746A7449F8EEE77ABC
:1023B00003EB8307E7EE276A01EBC7014FF0010843
:1023C0000027FDEEE66AC1ED076A917A92F80B905C
:1023D00001EA090ABAF1FF0F20D041FA0CF303F029
:1023E0000F03984240F291800EEA010149EA01216F
:1023F00009B2091B07EE901ADFED5F6A5F49F8EE3C
:10240000E77A03EB8307E7EE276A01EBC7014FF09A
:1024100001080027FDEEE66AC1ED076A117B92F81C
:102420000D9001EA090ABAF1FF0F00F0828041FA2B
:102430000CF303F00F03984201D8581C01250EEA53
:10244000010149EA012109B2091B07EE901ADFEDEB
:102450004A6A4A4992F80E9092F80FA0F8EEE77A8D
:1024600003EB8307E7EE276A01EBC707FDEEE66A99
:10247000C7ED076A09EA0A07FF2F52D049FA0CFC98
:102480000CF00F03834226D20EEA090E4AEA0E2A06
:102490000FFA8AFAAAEB040A07EE90AADFED366A71
:1024A000F8EEE77A03EB8304E7EE276A01EBC40159
:1024B000FDEEE66AC1ED076A25BB2F46304831497B
:1024C00003700F701388304A304801215BBA1170D5
:1024D0000380BDE8F0870EEA09004AEA002000B256
:1024E000001B07EE900ADFED246AF8EEE77A03EBB3
:1024F0008300E7EE276A01EBC001581CFDEEE66A97
:10250000C1ED076A30700027D8E7581C01256BE73A
:10251000581C01253FE7581C012513E7581C0125CD
:10252000E7E6002DEED1EEE700273B463D46B846F4
:10253000D0E692F80E9092F80FA00AEA0901FF295E
:1025400007D049FA0CFC0CF00F0383420B499BD3D4
:10255000C1E705B13070B8F1000FB3D0AEE700BFEE
:102560005437002055370020583700208C000020B9
:1025700085000020880000200080BB44E03300205C
:102580007C300020503700203E370020523700209A
:1025900030B52D4A2D482E4954688BB0CDE908013D
:1025A0009168126807910023CDE90033CDE9023329
:1025B000CDE9043206940DF113010DF1270011F855
:1025C000013F6B4488421A7802F101021A70F6D179
:1025D000204B597921F004016A460DF1140E59710E
:1025E000597911F0040F597927D112F8010B0138EC
:1025F00018BF012060F3820196455971F0D193F81C
:1026000005C01CF0040F16D1BEE80F000E4C124D91
:102610000FC42346DEF8002043F81129CCF3800CC8
:1026200013F8011F0CF1010205F801C05FFA82FCEA
:10263000BCF1140FF4D10BB030BD013241F00401F4
:1026400096455971CCD1DAE7683000200C0D0E0F99
:1026500010111213347D0020503000202DE9F84F66
:10266000A04DA14CAB79DFF80883012223F00403CD
:102670002270AB71FEF752FE9C4BC3E900019C4BEC
:102680003C221A70FEF70EFF582200210646994898
:1026900023F0AAFB98F80030032B00F20D8153B908
:1026A000954B1B78002B40F01681944F3B68944A61
:1026B0000021D15436E0934A904F12783A60013BA2
:1026C000032BF3D8DFE813F0F000DA00C4000400B5
:1026D000AB798D4843F00403AB718C4B4FF000088D
:1026E000C3E90088C3F80780F8F7BAF88848F8F714
:1026F000B7F88848F8F7B4F8122323706B7A864944
:1027000068F3C3036B72EB7968F38203EB71AB7907
:1027100068F34513AB7138780AF058FD784A3B6886
:102720000121D154FFF734FF7C4B7D4F0121002262
:10273000597400200021C3E90522C3E90201DA61CE
:1027400007F548713B464FF47A72DA6128338B42C1
:10275000FBD1744B002403F54872DC6128339A42A4
:10276000FBD150220021704823F03EFB6A786F4B6A
:102770006F4993F8019093F8028093F800E093F882
:1027800004C0987993F80AA022F080026A70AA78AF
:1027900022F00102AA70DA78DB7A09EB890903EBEF
:1027A000830308EB880802EB82020EEB8E0E0CEB23
:1027B0008C0C00EB80000AEB8A0A07EBC80807EBD9
:1027C000C20207EBCE0E07EBCC0C07EBC00007EB09
:1027D000C90907EBCA0A07EBC3072B784FF0000BB8
:1027E00043F001032B70C1F800B040F2DC534E49B6
:1027F000C9F81C30C8F81C30D3614FF07C524A60D5
:102800008A60CA60CA6240F21A484FF4FA62CEF88F
:102810001C80CCF81C20C261CAF81C30FB61454BFF
:1028200044F62061DE630E20FEF7ACFE424B4349C6
:10283000C3F800B02B79424A0C7023F008032B71C7
:10284000404B1C70404B1C70EC231370BDE8F88F9C
:10285000AB793E493A683E483E4C43F00403AB71C5
:102860003D4B032718600F703C48254B0721217012
:102870004FF4806101600121995453E7AB793349EA
:102880003A683748334C43F00403AB71324B0227AC
:1028900018600F7031481A4B032121704FF40071FA
:1028A0000160012199543DE7AB792E4943F00403BF
:1028B000AB71122323702EE7042B104F7FF4F6AE7A
:1028C000294B2A481B783B6015F07CFF15F080FFF0
:1028D00098F80030F3E60AF07BF9084F98F80030DA
:1028E000EDE600BF347D0020850000209030002000
:1028F000DC2F002058370020648503086C900020EE
:10290000E4430020CF7C03082C3700200037002050
:102910001C3700200C370020A068060098300020EB
:10292000C0300020E033002000300020683000205C
:10293000F82F0020B02E0020FC2F00207C3000203B
:10294000860000203C3800203E370020553700200C
:102950009A99193F543700208C00002088000020ED
:102960009A99993FA0860100D07C0308CD1A0108EE
:102970008400002010B5FEF7D1FC4B4B4B4A1B786E
:10298000DFF85CC1146852680CFB03F31B1942F1B9
:10299000000283428A4128D2454A137823BBDFF8DC
:1029A00044C14448DCF800100131CCF80010017932
:1029B00063F3C3014FF0010C01713F4982F800C07D
:1029C0003E4A81F800C03E483E4982F800C051F8B6
:1029D000232040F823200A33C82BF8D13A493B4B37
:1029E000EC20012208701A7010BD394B1A78002AA9
:1029F000FAD0384A2E4912784FF0000C81F800C006
:102A000083F800C0042A45D8DFE802F03C0703033E
:102A10004000BDE81040FFF721BCFFF7FDF82E4B4A
:102A20002E489B7D234913F0010F0CBF4FF47A7C95
:102A30004FF4FA6C13F0020FC0F89CC20CBF4FF4B5
:102A40007A7C4FF4FA6CC0F8C4C21C480A79C3F30C
:102A5000800C80F800C01848C3F3C00C80F800C098
:102A6000DFF884C019488CF8003013F00C0F0CBF4D
:102A70004FF0010E4FF0000E01236EF3C3020370FE
:102A80000A7110BD114B01221A7010BDBDE8104033
:102A9000FFF7DAB9074A0D491379002023F008033C
:102AA0000870137110BD00BFF400002090300020AA
:102AB0003C370020347D0020423700204137002081
:102AC000FC330020DC300020860000203E37002050
:102AD0003F3700208400002058370020E0330020DA
:102AE00040420F004837002040370020022806D817
:102AF00007EE900A024BFBEEEF7AC3ED067A7047C1
:102B0000003000202DE9F04182B0FFF733FFB94BD0
:102B10001A7812B902B0BDE8F081B74C94F800E021
:102B200000221A70BEF1000F00F0BC82B348B44D11
:102B3000DFF83883B34F0146FB69DFEDB37A0E78D7
:102B4000A3F57A7300EE903A98F80030F8EEE00AB8
:102B500060EEA70A002B00F08B81013205EB8606A0
:102B60009645C6ED000A1DD9A64B861802EB8202D7
:102B7000B0EE677A03EBC202013ED369A3F57A7324
:102B800007EE903AF8EEE77AB11C16F801CF67EE3F
:102B9000877A091A05EB8C0C8E4502F12802CCEDE0
:102BA000007AEAD895ED017AD5ED027AD5ED036A7F
:102BB000964BB6EE006A37EE467A77EEC67A37EE77
:102BC000077A76EEC66AF1EE677A77EEA77A76EE46
:102BD000A66AB5EEC07A03F5AE62F1EE10FA83EDA7
:102BE000AE7AC3ED007AC2ED006A00F15B81F5EECA
:102BF000C07AF1EE10FA00F12182F4EEC77AF1EE1C
:102C000010FAC8BFB0EE677ADFED817A814F824952
:102C10007A7881ED007AB4EEE77AF1EE10FA48BFE7
:102C20000121D5ED007ADFED7D6A7D4E58BF002190
:102C300061F304127A70F4EEE67AF1EE10FA7A7922
:102C4000C6ED007AACBF0121002161F3000219201A
:102C50007A71FEF7EDFC002840F0B781714E2278C2
:102C6000F179914280F0798195ED077ADFED6E7A06
:102C7000B4EEE77AF1EE10FACCBF01200020F9782B
:102C800060F34101F970B179914280F05681D5ED40
:102C9000067A9FED667AF4EEC77AF1EE10FA80F2CA
:102CA000B7819FED637A634BF4EEC77AF1EE10FAC9
:102CB000ACBF01210021197080F2AD81F17A96F844
:102CC00004C08A4200F21F815B484FF0000E62454B
:102CD000C0F800E000F2F880584900200870397808
:102CE00041F001013970F6EE007A5549C1ED097ADB
:102CF000707A904280F06581D5ED097AB6EE007A5F
:102D0000F4EEC77AF1EE10FAACBF012000204D4A74
:102D10000093C1ED077A107000F0B0FE4A4A2478A3
:102D20001278009B0A2A00F02D8100210120FA78F8
:102D300060F38202FA70454A1160B27AA24280F0D2
:102D40001B81D5ED0A7AB6EE007AF4EEC77AF1EE81
:102D500010FA04DB3E4A1278142A00F09D8100220A
:102D60003C49B0EE007AFFEE000AE7EE870A0A70EF
:102D7000B1EE000A1EF0BAFE327A3749A24281ED66
:102D8000000A0DD2DFED287A95ED087AB4EEE77AE5
:102D9000F1EE10FA04DD314A1278002A00F06D815C
:102DA00000202F4CBA7A98F80010247860F3410282
:102DB0002143BA720FD02B49FA79097842F02002E8
:102DC000FA71002940F0CB80244A12781AB9FA78B7
:102DD000910740F15981244991F90020002A40F0DF
:102DE000A5807A7A42F020027A7202B0BDE8F04102
:102DF000FEF78CBA3E3700208500002050300020BE
:102E000000300020E03300206F12833A783B00202E
:102E1000CDCC4C3E347D0020E02F00200AD7233D4E
:102E2000FC2F0020683000203333333FABAA2A3F09
:102E3000ABAAAA3E3C380020F82F0020AA8E002022
:102E40005C060020F42F00203F380020C838002006
:102E5000F5000020A010002070000020A98E0020A6
:102E600041370020A08E0020DC2F002042370020B8
:102E700005EB860696ED000AB6EE081ACDE90021AC
:102E8000F7F7EEFD009A94F800E0019986ED000A4C
:102E90000132724501F1010107F12807BFF482AE4A
:102EA000844849E6F5EEC07AF1EE10FAF1EE476A91
:102EB00000F1DB80F4EEE67AF1EE10FAD4BFB0EE6A
:102EC000667AB0EE677A9FE67B480078012800F0CA
:102ED000C08095ED047ADFED797A7948B4EEE77A2F
:102EE000F1EE10FACCBF4FF0010C4FF0000C80F85F
:102EF00000C038788A4240F0010038707FF6F3AEA7
:102F0000D5ED0B7AF1E6D5ED0B7A6E48B6EE007A88
:102F100037EEC77A624580ED007AD5D8684900203F
:102F20000870397841F001013970DEE6013A0A7023
:102F300002B0BDE8F041FEF7E9B9F879624B002133
:102F400061F3C300F8717878197061F3C710787075
:102F5000B87861F30000B870B0E600208FE6012970
:102F60005ED002297FF437AF7A7AD3073FF533AFCB
:102F7000032000F0EBF92EE7544A0021B7EE000AD7
:102F80001170F9E61A78013A012A7FF6CEAE72790D
:102F9000A242BFF4CAAED5ED057A9FED4D7AF4EEAC
:102FA000C77AF1EE10FA80F281809FED4A7AF4EE52
:102FB000C77AF1EE10FAACBF0121002181F00100C7
:102FC000B5E6DFED457A0020A1E6FA211920FEF7EB
:102FD000D9FA424A96ED007AD2ED007A77EE677A16
:102FE000F5EEC07AF1EE10FA01D5F1EE677A82EDD6
:102FF000007A3B4A92ED007A7A78B4EEE77AF1EE05
:1030000010FA4CBF0121002161F345127A7025E6C8
:103010002D4B0221197033480168013101604DE6E2
:103020007A7AD2073FF5D7AE7A7A2F4942F0010279
:1030300006207A72087000F0A5F8CCE6F1EE677A07
:10304000B4EEE77AF1EE10FA7FF5DEADB0EE677A16
:10305000DAE5264890F8340000283FF43AAF1848E3
:103060004FF0000C80F800C043E7B4EEE77AF1EED1
:1030700010FA0EDDF1EE677AE8E7F878C0F3400069
:1030800080F00100C0B28CE6BA7A42F00202BA7255
:10309000A1E6B0EE667AB7E5FA78C2F3400282F0B4
:1030A00001025DE6124DDFF84C807BE50020022135
:1030B0003DE600BF503000201A7D0020CDCCCC3D35
:1030C000AA8E0020F82F00203C380020A0100020FD
:1030D000ABAA2A3FABAAAA3E00000000D82F0020CE
:1030E000E42F00204C3700203E3800208881030860
:1030F00000300020423700201C4BD3ED007AF5EE63
:10310000C07AF1EE10FA0DD9194B93ED036AD3EDA5
:10311000056AE6EE667AB7EE087AF4EEC77AF1EE63
:1031200010FA01D500207047124B93ED007AB5EEEE
:10313000C07AF1EE10FA16D90F4A104B92ED006AE0
:103140001B88DFED0F6A86EE277A07EE903A37EE9E
:10315000267AF8EEE77AB4EEE77AF1EE10FA4CBF91
:103160000120002070470120704700BFD42F0020AD
:10317000B0A00020542E002020210020502E00203E
:1031800000007042044A0548D378002161F3861399
:103190000170D370704700BF347D00203D3800209F
:1031A000244B1B78013B032B42D8DFE803F03C2083
:1031B0001B02214A214B92ED007AF6EE087A67EE67
:1031C000C77A93ED007AF4EEC77AF1EE10FA2FDDAC
:1031D0001B4BDFED1C7A93ED007AB4EEE77AF1EE4B
:1031E00010FA25DD184BD878C0F380107047124ACA
:1031F000124B92ED007AF6EE087A67EEC77A93EDFD
:10320000007AF4EEC77AF1EE10FA11DD0C4BDFED27
:103210000D7A93ED007AB4EEE77AF1EE10FACCBFB6
:10322000012000207047084B1878C0F3C000704799
:1032300000207047A18E002094000020C03800209C
:10324000A87F0020CDCC4C3E347D002008B59FEDFA
:10325000380A06F0D3FA374A1378032B48D8DFE848
:1032600003F03D2C0402012008BD3348FEF72AF983
:10327000DFED327A20EE270AFFF792FF304BD3EDD5
:10328000007AF8EE677AA8BBB0EE007AE0EE077A33
:103290009FED2C7AF4EEC77AF1EE10FA3FD5FCEEF2
:1032A000E77A17EE901A284A1960D37823F0400382
:1032B000D3700720FEF766F91AE00720FEF7B8F989
:1032C000B0B1FEF72BF81C4B1D4AC3E9000140F6D4
:1032D000B8301060174A0223137009E0184B4FF4FE
:1032E0007A7107201960FEF74DF9124A0123137015
:1032F000002008BD77EEC07A0E4AF5EEC07AF1EEF6
:1033000010FA0FDDFCEEE77A17EE901AF8EE677A06
:103310001960F5EEC07AF1EE10FACAD804E040F672
:10332000B831C0E70021196003231370C1E700BF63
:103330000000C8C23D380020B837002000007A44A1
:10334000C037002000803B45347D002010B50A4B7B
:1033500082B0002401901C60FBF794FB074A0849E7
:10336000D3780C6023F02003D37002F011FC054BDE
:103370000198187002B010BDC0380020347D0020C4
:10338000A83800203E380020324BDA799006C2F38C
:1033900040110CD53049314A91ED007AD2ED007AD6
:1033A000B4EEE77AF1EE10FACCBF012100211A78D1
:1033B00061F382021A701A78520742D526482849CA
:1033C000284AD0ED007A91ED007A127877EEC77A2C
:1033D00072B122491A7891ED007AB4EEE77AF1EEF3
:1033E00010FA4CBF0121002161F382021A7070476C
:1033F0001D4A92ED247AF6EE006AB4EEE67AF1EE1A
:1034000010FA1FDCDFED196A19491A4A91ED006ABA
:1034100092ED007AE6EE667AF4EEC77AF1EE10FAF3
:1034200016DD154A92ED007AF2EE0C7AB4EEE77AE8
:10343000F1EE10FA4CBF012100211A7861F38202EB
:103440001A7070470C4A92ED006AC6EE076ADBE715
:103450000021F2E7347D0020FC100020788100205C
:10346000D0380020A98E002078A80020000000009D
:10347000BC380020B43800203C21002010B5514B4E
:103480001B7882B04BBBFBF7FDFAFFF77DFF4E4C7C
:103490009FED4E0A0623237006F0B0F94C4A1378CC
:1034A000032B18D8DFE803F065532802494B0021AD
:1034B00019600191FBF7E6FA474A4848D378019929
:1034C000016023F02003D37002F062FB444B06211D
:1034D000042221701A7002B010BDFBF7D3FA414CE0
:1034E000414B94ED000AD3ED007A30EE270AF7F74E
:1034F00081FB04ED0C0ACAE73C48FDF7E3FFDFED72
:103500003C7A20EE270AFFF74BFE3A4BD3ED007AC8
:10351000F8EE677A002838D1B0EE007AE0EE077A4C
:103520009FED357AF4EEC77AF1EE10FA42D5FCEE53
:10353000E77A17EE901A284A1960D37823F04003EF
:10354000D370072002B0BDE81040FEF71BB807207B
:10355000FEF76EF80028BED0FDF7E0FE234B254CA9
:103560001B4AC3E9000140F6B83002232060137003
:10357000B1E7204B4FF47A7107201960FEF702F88B
:10358000134A0123137002B010BD77EEC07A104ABF
:10359000F5EEC07AF1EE10FA0FDDFCEEE77A17EEE9
:1035A000901AF8EE677A1960F5EEC07AF1EE10FA2B
:1035B000C7D804E040F6B831BDE700211960032305
:1035C0001370BEE7A98E00203E3800200000C8C25C
:1035D0003D380020C0380020347D0020A83800206D
:1035E000307D00206421002018BD0020B837002065
:1035F00000007A44C037002000803B4530B5404C85
:10360000237813F0400F83B0637A16D1C3F300011F
:1036100013F001032CD03B4B3B4D1B78002B3FD1CB
:10362000FBF730FAFFF7B0FE4FF006022A70FFF703
:103630000DFE00284CD103B030BDDB07FBD5334B6A
:1036400093ED007AF2EE0E7AB4EEE77AF1EE10FA2C
:10365000F1DD2F48637A2C4A90ED000A23F0010334
:1036600000216372117003B0BDE8304006F0C6B8A7
:10367000627ADFF8BCC0264842F001026272DCF8D0
:1036800000200260204806220270224A1170E2786F
:1036900063F386121B4BE2701B780546002BBFD0EC
:1036A000FBF7F0F91C4A1D4BD2ED007A1C4A01933E
:1036B00092ED000A30EE270AF7F79CFA019B4FF0D3
:1036C000060283ED000A2A70FFF7C0FD0028B2D081
:1036D000144A002313600193FBF7D4F9124A019BAB
:1036E0001360E37823F02003E37002F051FA0F4BEC
:1036F00004224FF0060028701A7003B030BD00BFDE
:10370000347D0020A98E00203E380020FC100020CF
:10371000383800203D38002018BD0020342100201A
:1037200064210020C0380020A8380020307D00200F
:10373000D0380020064A02F5A663D3E9000192EDD5
:10374000007B044B83ED027BC3E90801704700BF97
:1037500088160020782D002010B5104C1049A37851
:10376000104A23F00403A370A37823F00203A3708C
:10377000E37923F00803E3712378002023F00403A6
:103780000870FF2111702370FCF7D4FAA378064A61
:10379000052143F001031170A37010BD347D00209A
:1037A0003D2C0020581100203F38002070B5334CCC
:1037B000DFED337A334D04F6CC732DED028B93EDB0
:1037C000008ADFED318A38EE278A82B0B0EE480AEF
:1037D0001EF02CFA60EE287A04F5A26617EE900A25
:1037E000F4F772FD02460B46D6E90001F4F70EFC31
:1037F000B0EE480AC5E902011EF058FA60EE287AD8
:1038000004F5246617EE900AF4F75EFD02460B46B7
:10381000D6E90001F4F7FAFB1C4B93ED000AC5E969
:10382000080110EE100A8DED010A04F6E474F4F7B5
:103830004BFD22689DED010AAA640023C5E90E0133
:1038400085F8643005F0DAFFD4ED006A9FED107A58
:10385000C8EEA67A072067EE877AFCEEE77A17EEC5
:10386000901A01F59C510831FDF78CFE094B12228C
:103870001A7002B0BDEC028B70BD00BF7811002041
:10388000DB0FC93FD037002000004843FC10002068
:1038900000007A443F38002038B51C4B00241C60DF
:1038A00001F008FB1A4A1B4BD2ED137A1A4AC3F8EF
:1038B000B04202F22C50FCEEE77A046002F65C2083
:1038C00017EE905A046002F21C50C3F8AC42046038
:1038D00002F64C204FF47A71046003F5AD6002F6F5
:1038E0007C72046003F2645001FB05F1046003F58F
:1038F000026003F61C030460072014601C60FDF7DF
:1039000041FE064B08221A7038BD00BFC0380020A7
:10391000E02D0020783B0020781100203F38002067
:103920004A4B1B78012B00D07047494AD279D20903
:10393000FAD04849484AD1ED007A92ED007AB4EEC7
:10394000E77AF1EE10FA03D5444B10221A70704753
:10395000434A92ED007AB4EEE77AF1EE10FA28DCF1
:1039600030B5404A127883B03AB3012A1CD11CF01A
:10397000CFFA00282ED0364A3A4C937947F230518C
:1039800023F0080324209371FDF7FCFD364B374AE2
:10399000D3E9000103F5A663C2E90201D3E90001FE
:1039A000C2E908010023237011222C4B1A7003B0C6
:1039B00030BD2A4B0F221A7070472C480193FBF739
:1039C000E5FB1CF071FA28BB264B1B78012BEBD1D1
:1039D0000C22EAE7264C244D1CF08AFBA068F4F781
:1039E00073FCD5E90023F4F711FBF4F79DFF0346C0
:1039F000E068204C2360F4F767FC05F5A663D3E983
:103A00000023F4F703FBF4F78FFFA0601A48FBF7DD
:103A1000BDFBD9E71CF0E2FA0D4B13489A7990ED03
:103A2000007B42F008029A71104B00F5A66C83ED02
:103A3000027B9CED007B41F28831232083ED087BE3
:103A4000FDF7A0FD074A019B1370C1E7A98E002076
:103A5000347D0020FC100020400200203F38002070
:103A60003C02002020BE002088160020782D002077
:103A700068BD00200CBE00204802002010B5824B1B
:103A8000DA78910782B0C2F3400C03D47F4A1278EF
:103A9000052A42D059797E48DFF828C2002262F315
:103AA00045115971D979027062F3C711D9715978EA
:103AB00078489CED000A62F386115970997862F398
:103AC00000019970597862F3C7115970597A4FF013
:103AD000030C80F800C0704862F300015972027054
:103AE00005F08CFE6D4A00211160FAF7CBFF664BA2
:103AF0001B78DB0904D16A4B0A221A7002B010BD90
:103B0000684A694B02F5A66192ED007BD1E900019C
:103B100083ED027BC3E90801EDE75F4C5C4894F854
:103B200000E00078BEF1C70F1FD95A4C94F800E0AE
:103B30008645E3D093F802E06CF3000E83F802E0D0
:103B400093F801E06CF3C71E83F801E093F807E0F7
:103B500001286CF3C71E83F807E053D0022828D051
:103B600058B14C4B187002B010BD4A4B0EF1010E0B
:103B700084F800E0187002B010BD5A7960F3451265
:103B80005A715A7A60F300025A72FAF77BFF454A7B
:103B90003F49454B087892ED007B02F5A66183ED25
:103BA000027B91ED007B83ED087B3D4B0A221A706E
:103BB000D7E793F800E05FEADE1ED2D098783B4961
:103BC00001926CF382009870987881F800C06CF3D1
:103BD00041009870D87936496CF3C300D8711878D1
:103BE0006CF382001870FF200870FCF7A3F8284BD4
:103BF0002B491878244B019A0A709A7842F00102F6
:103C00009A70AEE75A7A6CF300025A721A78D209A7
:103C1000A7D05A7852062DD55A78DFF888E0224985
:103C200042F080025A70234A92F800C0DA786CF3AE
:103C30000002DA70204A92F99DC21A79BCF1000F95
:103C4000D4BF4FF0000C4FF0010C6CF304121A714A
:103C50009EED007B194B1A680EF5A66381ED027B81
:103C600093ED007B164B1A600D4B002281ED087B13
:103C70001A7076E7134A92ED000A05F0BFFD044B77
:103C80001878014BC8E700BF347D0020307D00204C
:103C90003C38002090000020B0370020C0380020C1
:103CA0003F38002088160020782D00203D2C002071
:103CB0005811002070110020B081002018BD002094
:103CC000C4380020FC10002030B5994C6378DB0923
:103CD00083B019D1A37813F0010315D1227A63F3CD
:103CE000C7122272237ADB0928D1237AC3F3C011C9
:103CF000DB0914D0637A23F020036372E37923F0A5
:103D00000803E37103B030BD8A4B1B780A2B13D034
:103D1000E378C3F3400383F00103DBB2DEE7DFF8AF
:103D200058C2627A84488CF80010844900680860A0
:103D300063F300026272DDE70023CFE7FCF754FE75
:103D40000028D2D1FFF75AFCE3791907D2D5FBF747
:103D5000D9FC784B1B78132B20D8DFE813F08201B5
:103D60001F006101370114000F0134003400980175
:103D700068001F00C30025001F001F00970085007A
:103D80002500A90082006E4B93F86430022B00F0EE
:103D9000DD816C496C4A00230B7013720022A378FA
:103DA00062F3C303A370A5E7FFF7BAFD614B1B786D
:103DB000072BF3D1624B93F86420A2F10102B2FA0F
:103DC00082F25209EBE7FCF74DF95D48FBF7DEF9AB
:103DD0005B4890F86430002B00F0D681012B40F056
:103DE000CF815A4BD0ED157A93ED000AD0ED140A2D
:103DF00030EE670A1DF00CFEDFED557A37EEC07A23
:103E0000B5EEC07AF1EE10FA00F1EB81B4EEE77A8C
:103E1000F1EE10FAD8BFF0EE477A4E4BC3ED007AC0
:103E20000720FDF705FCE0B9424B1B78C0E7FCF723
:103E300019F94348FBF7AAF9444BD3ED007AB1EEE8
:103E4000047AF4EEC77AF1EE10FA0ADC17EE900A63
:103E5000F4F73AFA3A4BD3E90E23F4F713FD0028AE
:103E6000E2D0FBF751FFDFE7384A3B4B92ED007A97
:103E7000D3ED007AB4EEE77AF1EE10FA8ED5374A38
:103E8000002111602B4A1123137087E73448FBF798
:103E90007DF92E4A334B92ED007AD3ED007AB4EEE1
:103EA000E77AF1EE10FABFDD224A1123137075E7AD
:103EB0002D48FBF76BF963795A0600F14C81637961
:103EC0002A4A00211170C3F380125B0640F16A8117
:103ED000274A13780133DBB2022B1370C1D9FFF7E5
:103EE0003BFCA1E7FCF7BEF81548FBF74FF96379F7
:103EF0005D0619D4A3789807C3F3400200F1DF8070
:103F000007200192FDF794FB002800F0D880174BA2
:103F1000019A1978002940F09081164A12780121FF
:103F20008A42197000F0C680FFF740FC7CE700BFB2
:103F3000347D00203F380020C43800204421002078
:103F4000E02D0020CC210020E0210020FC100020EA
:103F5000DB0FC93FCC38002040020020F8050020CC
:103F6000782D002044020020D03700206B3800203C
:103F7000C8370020A98E00203E380020FCF772F8D8
:103F8000FFF702FA23785D0740F1F780AC48FBF7B2
:103F9000FDF8A378D80708D5AA4BD3ED007AF5EE43
:103FA000C07AF1EE10FA00F30081A37859077FF58B
:103FB0003BAFA54B00221A70FAF73EFD01460720E1
:103FC000FDF7E0FAA14A0B231370E7E6FCF74AF885
:103FD0009B48FBF7DBF89A4890F86430022B00F01E
:103FE000B080FFF733F900283FF41EAF9849974D92
:103FF000002304222A700B600193FAF743FD9549D0
:10400000019B0B60E37823F02003E37001F0C0FD17
:1040100091492B7800200870904904220A70C7E665
:104020008748FBF7B3F82378DA077FF5FDAEA3786E
:10403000DB067FF5F9AE0720FDF7FAFA00283FF41A
:10404000F3AE874B1B78012B3FF4EEAEE378854946
:10405000002262F38613E3707C4B0A7003221A700D
:104060009CE67F4B1B78012B66D06378DA0656D529
:104070002379DB0640F1AF80FAF7C6FC0146072042
:10408000FDF780FAFBF740FE704B1B7890E60720A7
:10409000FDF7CEFA00283FF4C7AE694BD3E90E0115
:1040A000F4F742FC00EE100A05F0A8FB674A09236A
:1040B000137073E642F210710720FDF763FAFFF701
:1040C00063F9A37899077FF5AFAE5D4BD3ED137A13
:1040D000FCEEE77A4FF47A7217EE901A02FB01F5C4
:1040E000614A5949127800200870002A40F0A080E7
:1040F00093F86420022A00F09280062A00F089805A
:10410000002A71D007232946504D07202B70FDF758
:1041100039FA22782B7822F00402227048E6534BB9
:10412000534AD3E9000103F5A663C2E90201D3E9CA
:104130000001C2E9080131E6E379DB097FF4B4AE9E
:1041400093E7FFF783F800283FF46EAEFFF7A4FB78
:104150003E4B1B782CE60720FDF76AFA00283FF457
:1041600063AE444B93ED007AD3ED067AB4EEE77A72
:10417000F1EE10FA7FF558AEA1E6FBF7FDFD05E77D
:104180003D4B00221A604BE60720FDF751FA00284C
:104190003FF446AE394B1B78002B7FF441AE384AD2
:1041A00013723DE6374B1A705BE6FDF77BF9364A32
:1041B00013689842FFF4F9AEFDF774F9324A00F53E
:1041C0009C5008301060FEF797FF00287FF4EDAE9A
:1041D000FFF754F9E9E62648FAF7D8FF1B4B1B789E
:1041E000E6E5DFED2A7A18E6D3ED137AF5EEC07A2C
:1041F000F1EE10FA86DD22480268AA4282D21F4AF6
:104200001278002A7FF47EAFD3E91712FBF736FD50
:1042100078E74FF4FA7004F099FC022373E7E3782F
:104220001049002262F38613E3700A7003236AE7E1
:10423000C82004F08BFC024B5AE71A7074E600BFEA
:10424000E02D0020202100206B3800203F38002086
:10425000C0380020A83800203E380020307D0020E3
:10426000A98E00203D380020A58E00208816002051
:10427000782D00203C210020CC380020CC210020CB
:10428000E0210020C8370020C437002000000000D3
:10429000084B00EBC00213F8223043B1064B33F851
:1042A00010309BB200EE103ABBEECA0A70479FED89
:1042B000030A7047E07F0308403800200000000038
:1042C0001448154B417810B521F04001134C417052
:1042D0000022134913482260DA639A61C3F8F4227A
:1042E000C3F8D02203F2AC5C0F4C0A6003F5B16353
:1042F00000211A60CCF80020018081702170FAF74B
:10430000C1FB0A4B0A480B4A1B68036040F8183C83
:10431000136010BD347D0020783B0020A8380020B9
:10432000C0380020683800206B38002018BD0020FD
:1043300034210020C43800202D4A92F83230022B5C
:104340002C4B02D99979C90630D401209A79C2F34D
:10435000C001120723D4284A12780C2A11D00F2A40
:104360000FD0DFF8B0C0254A9CED007AF6EE087A4F
:1043700067EEC77A92ED007AF4EEC77AF1EE10FAA2
:1043800028DA5A7961F386125A711A7A910708D598
:104390005B795B0616D51A4B01221A707047002113
:1043A000EFE7174BC2F340021A70704792ED237A81
:1043B000DFED147AB4EEE77AF1EE10FA4CBF01208B
:1043C0000020C3E7104B1A780D4B003A18BF0122AA
:1043D0001A7070470D4ADFED0E7A92ED007AB4EE56
:1043E000E77AF1EE10FA00F00101D8BF0021C8E72A
:1043F00078A80020347D00203F380020C0380020FD
:104400006C380020CDCC4CBE6B380020A87F00203B
:10441000CDCC4C3E9400002010B5FCF7E5FA38B93D
:10442000274BDA78910704D5264A274B12681A6081
:1044300010BD5A7AD20710D41A7AD209F4D0234A7E
:104440001278002AF0D0082A11D0042A0FD0204A6E
:104450001D4BD2F898221A6010BD5A781C481A4990
:10446000D0F89802086042F040025A7010BD5878A7
:10447000184A154C20F0400000215870164B21605E
:104480001648D1639161C2F8F412C2F8D01202F258
:10449000AC5C134C196002F5B1620023116023700B
:1044A000CCF8001003808370FAF7ECFA0D4A0E4B3B
:1044B00012680E4943F818290A601A6010BD00BF3F
:1044C000347D0020FC2F0020A83800203F38002039
:1044D000B0810020783B0020C038002068380020E0
:1044E0006B38002018BD002034210020C438002083
:1044F000354B1B78052B00D07047344BDB781B07FE
:10450000FAD4334BD3ED007AF5EEC07AF1EE10FA1F
:104510004FD4B7EE007AF4EEC77AF1EE10FAEBD58D
:104520002C4B93ED007AB5EEC07AF1EE10FA48D438
:10453000B0EE476A284BDFED296AD3ED007A67EECB
:10454000A67AF4EEC67AF1EE10FAD5DDDFED247A24
:10455000244A20EE270AD2F89832F1EE407AB4EEDF
:10456000E77AF1EE10FA08D4B4EEC07AF1EE10FA60
:10457000D4BFF0EE477AF0EE407A07EE103A37EE0D
:10458000277ADFED197AB4EEE77AF1EE10FA08D463
:10459000DFED167AB4EEE77AF1EE10FAD8BFF0EE5E
:1045A000477A17EE903A1249C2F898320120087003
:1045B000A2E7BFEE007AF4EEC77AF1EE10FA9BDDC7
:1045C000AEE7B1EE476AB5E7307D0020347D0020CC
:1045D000A87F0020C0380020940000206666663F57
:1045E0000AD7A33CB0810020CDCC4C3ECDCC4C3F73
:1045F000A88100204D4B4E4A93ED097AD2ED006A16
:10460000D3ED0C7A93ED0D6AD3ED0E5A37EE667A40
:1046100067EE276AD3ED0B7A83ED0A7AA6EE806AFD
:10462000F1EE656A67EE277AB4EEE66AF1EE10FA0B
:10463000C3ED117A08D4B4EEE56AF1EE10FAD4BFF6
:10464000F0EE466AF0EE656A3A4AC3ED0D6A92ED05
:10465000006AC3ED126A77EEA67AB1EE467AF4EEFE
:10466000C77AF1EE10FA08D4F4EEC67AF1EE10FA39
:10467000D4BFB0EE677AB0EE467A2F4A2F4992F84F
:10468000323081ED007A022B2D4B02D99979C9067F
:1046900029D401209A79C2F3C00112071CD4294AF7
:1046A00012780C2A0AD00F2A08D0F6EE087A67EEA4
:1046B000C67AB4EEE77AF1EE10FA28D95A7961F3A6
:1046C00086125A711A7A910708D55B795B0616D55E
:1046D0001D4B01221A7070470021EFE71A4BC2F3FD
:1046E00040021A707047D2ED236ADFED187AF4EEBB
:1046F000E76AF1EE10FA4CBF01200020CAE7144B24
:104700001A78114B003A18BF01221A707047114AEB
:10471000DFED117A92ED007AB4EEE77AF1EE10FA5D
:1047200000F00101D8BF0021C8E700BFD038002049
:10473000AC7F00209400002078A80020C038002022
:10474000347D00203F3800206C380020CDCC4CBE9A
:104750006B380020A87F0020CDCC4C3E644B654ACE
:1047600093ED004AD2ED005AD3ED037AD3ED046AFB
:1047700093ED055A34EE656A26EE277AD3ED027A78
:1047800083ED016AE7EE006AB1EE457A66EE277ABC
:10479000F4EEC76AF1EE10FAC3ED077A08D4F4EE2E
:1047A000C56AF1EE10FAD4BFB0EE667AB0EE457A83
:1047B000514A524812785249D0ED004AD1ED006A70
:1047C00083ED047A012A77EE877A83ED087AB1EED9
:1047D000645A7BD093ED106AB1EE467AB4EEE77A74
:1047E000F1EE10FA65DD474A83ED097A75EEC45A99
:1047F000D2ED007AF4EEE75AF1EE10FA10D8424A00
:10480000D2ED007AF4EEC77AF1EE10FA6CDCB4EE79
:10481000C67AF1EE10FAC8BFB0EE467A83ED097A97
:104820003A4AD2ED007A67EE277AF5EEC07AF1EED9
:1048300010FA48D4D3ED0D5A93ED0C6A93ED0E4A5D
:10484000D3ED0B7A82ED007A77EE666A26EE866A01
:1048500066EEA77AE6EE005AB1EE446AF4EEC65A66
:10486000F1EE10FAC3ED0A6AC3ED117A08D4F4EE42
:10487000C45AF1EE10FAD4BFB0EE656AB0EE446AE5
:1048800077EE867A83ED0D6AF4EEC57AF1EE10FAD2
:1048900083ED126A08D4F4EEE47AF1EE10FAD4BF94
:1048A000B0EE675AB0EE645A194B83ED005AFFF729
:1048B00043BDF4EEC67AF1EE10FAD4BFB0EE677ADB
:1048C000B0EE467A8FE7DFED135AB5E793EDA97A9C
:1048D000E7EE667AF4EEC57AF1EE10FADBD50C4B12
:1048E00083ED005AFFF728BDB0EE677A96E700BF68
:1048F000D0380020FC100020A98E00209400002059
:10490000BC2F0020B4380020783800206438002004
:10491000C03800200000000008B52DED028BB0EE7D
:10492000408AFEF731FD344B1B785B0721D4334BB3
:104930001B7853B1324B334A93ED007AD2ED007AB3
:10494000B4EEE77AF1EE10FA19D4B0EE480AFFF7A8
:1049500005FF2D4B2D4A93ED000AD2ED000AB0EE73
:10496000481AF6F7BFF9284B83ED000ABDEC028B1D
:1049700008BD234B234A93ED007AD2ED007AD3EDA4
:10498000066A234B77EEC77AD3ED000A77EEE67A14
:1049900087EEA67A67EE207AF5EEC07AF1EE10FA8D
:1049A00027D4F4EEE07AF1EE10FAD8BFF0EE670A01
:1049B000154B9FED181A93ED000AF0EE481AF6F722
:1049C00079F9114BB5EEC00AF1EE10FA83ED000A49
:1049D000CCDD114B114A93ED000AD2ED000AB0EE86
:1049E000481AF6F77FF9BDEC028B0B4B83ED000AFA
:1049F00008BDDFED0B0ADBE7347D00206B380020BB
:104A0000D0380020FC100020F80500208438002059
:104A10007C380020CCCC4C3EC038002074380020BC
:104A20000000000010B52DED028B7B4C637ADB0794
:104A300082B0B0EE408A00F19680E379DB0966D05F
:104A4000237ADB0963D0754B1B780F2B00F0D780DE
:104A5000734A744BD2ED007A93ED007A77EEC77A01
:104A6000F5EEC07AF1EE10FA01D5F1EE677A6E4AF2
:104A70006E4BD2ED066AD3ED000A87EEA67A67EE9A
:104A8000207AF5EEC07AF1EE10FA00F1B580F4EE7E
:104A9000E07AF1EE10FAD8BFF0EE670A644B9FEDB2
:104AA000651A93ED000AF0EE481AF6F703F9604B29
:104AB000614883ED000AF0EE407A604BF5EEC07A73
:104AC000F1EE10FA93ED000A0ADDD0ED000A019034
:104AD000B0EE481AF6F706F9584B019883ED000A34
:104AE0006378574AD0ED000A002161F38613B0EED7
:104AF000481A63701170F6F7F5F8504B83ED000A11
:104B0000237ADB0938D002B0BDEC028B10BD237ACA
:104B1000DB0963785DD1580602D56378990662D5C2
:104B20003F4B93ED000A04F069FE464B1B78002BC7
:104B300057D1454BD3ED007AF5EEC07AF1EE10FA7D
:104B400001D5F1EE677AB7EE007AF4EEC77AF1EEAE
:104B500010FACCBF0122002282F00102637862F3D6
:104B60008613637005E0637843F040036370FFF7DA
:104B7000D3FE237ADB09C6D1637ADA07C3D4A37ADA
:104B80009B07C0D4314B9FED327AD3ED007AF4EE1F
:104B9000C77AF1EE10FA06D49FED2E7AF4EEC77ABA
:104BA000F1EE10FAAFDD244A6378D2ED000A234A11
:104BB000F2EE047A92ED000A23F0400360EEA70AB9
:104BC000B0EE481A6370F6F78DF81C4A82ED000AC1
:104BD00099E743F04003B0EE480A6370FFF79CFE8C
:104BE000C7E70122BAE7B0EE480AFFF781FCB0EE52
:104BF000480AFFF791FEBCE7DFED170A4EE763783E
:104C0000094A0B4943F0400300206370136C0860AD
:104C10005362FFF7EFFCACE7347D00203F38002003
:104C2000FC10002040020020D03800207C380020FA
:104C3000F8050020CCCC4C3E74380020C038002051
:104C40006C380020B9060020A87F0020FC2F00202F
:104C5000CDCC4C3ECDCC4C3F0000000010B52DED2E
:104C6000028B834B5A79C2F3C004120702D4BDEC05
:104C7000028B10BD5A797F4822F008025A71FCF766
:104C800021FC7D4A7A4B11780129B0EE408A00F070
:104C9000C7801A78D20744D5FBF7A6FE0028E6D1D4
:104CA000734B5A7AD10776D41A7AD20973D15A78CB
:104CB000520603D55A78930640F1CD806F4A92EDA3
:104CC000000A04F09BFD6E4A694B1278A2B96D4A46
:104CD000D2ED007AF5EEC07AF1EE10FA01D5F1EEE0
:104CE000677AB7EE007AF4EEC77AF1EE10FACCBF2D
:104CF0000122002282F001045A78634964F386128B
:104D00005A705A78540607D50A782AB95F480022A3
:104D1000026142635E4802605A78C2F380120A70F0
:104D20004AE05C495C4A91ED007AD2ED007A534941
:104D30001A7891ED000AB4EEE77AF1EE10FA4CBF62
:104D40000120002060F382021A7004F057FD5349DD
:104D50004F4AD1ED000A92ED000AB0EE481AF5F77D
:104D6000C1FF4F494F484A4AD0ED000AF0EE407A61
:104D7000B0EE481A91ED000AC2ED007AF5F7B2FFE5
:104D80003B4B47495A7881ED000ABDEC028B22F07B
:104D900040025A7010BD3C495A7808784FF0010C17
:104DA00042F0400281F800C05A7000284CD0B0EEAA
:104DB000480AFFF7D3FC2E4B1A7AD2097FF457AF7B
:104DC0005A7AD0073FF553AF9A7A91073FF54FAF24
:104DD000354A9FED367AD2ED007AF4EEC77AF1EEDD
:104DE00010FA07D49FED327AF4EEC77AF1EE10FA9A
:104DF0007FF73DAF29495A78D1ED000A2449F2EEF8
:104E0000047A91ED000A22F0400260EEA70AB0EEAB
:104E1000481A5A70F5F766FF1D4981ED000A26E72A
:104E20001BF0F6F9124B1978C8077FF57AAF124AD2
:104E30001278012A7FF430AFB0EE480ABDEC028B45
:104E4000BDE81040FFF7EEBD1049114800220A618D
:104E50004A630260ABE7B0EE480AFFF749FBB0EEE9
:104E6000480AFFF77BFC084A014B01211170A3E7B8
:104E7000347D002058380020A98E0020FC1000202E
:104E8000B9060020A87F002060380020D03800201C
:104E9000C0380020AC7F0020783800207438002013
:104EA000F805002084380020FC2F0020CDCC4C3E9B
:104EB000CDCC4C3F094B0A49002203F2AC5CDA63CB
:104EC0009A61C3F8F422C3F8D02203F5B16300203D
:104ED000CCF800201A60088088707047783B00206A
:104EE0006838002070B5514C4FF42E7303FB00431B
:104EF000D3ED126A93ED0B7A2DED028BF1EE667A0B
:104F0000B4EEE77AF1EE10FA82B00646F0EE400A0F
:104F100008D4B4EEE67AF1EE10FAD4BFF0EE477A98
:104F2000F0EE667A424A02EB860292ED007A4FF486
:104F30002E7303FB064337EEC70AD3ED0D7A83EDDC
:104F40000C0A67EE807AF5EEC00AF1EE10FAC3EDB6
:104F5000137A65DDF7EE007A87EEA08A35494FF4C3
:104F60002E7506FB05F5097805F5BC7205F164039D
:104F700022442344002940D01846CDED010A009276
:104F8000F5F726FD20EE080A2544DDED010A00981C
:104F900085ED170AF5F788FD4FF42E7303FB0643E2
:104FA00093ED117AD3ED137A234A83ED170A20EE9D
:104FB000077A92ED006A83ED157A77EE277AFFEE95
:104FC000006A67EE867AF4EEE67AF1EE10FA2AD4F9
:104FD000B7EE007AF4EEC77AF1EE10FAC8BFF0EE41
:104FE000477AF1EE677A4FF42E7303FB0644C4ED63
:104FF000AD7A02B0BDEC028B70BD10462544009323
:10500000F5F752FDD5ED167A85ED160A70EE677A42
:10501000009827EE880A85ED170AF5F77FFCBBE7B5
:105020009FED068A9AE7F7EE007ADCE7783B0020EE
:10503000F07C002090650308700000200000000054
:1050400030B5494B93ED077AD3ED007A2DED028B05
:10505000F0EE400AB1EE470AF4EEC07AF1EE10FA33
:1050600083B008D4F4EEC77AF1EE10FAD4BFB0EEF4
:10507000670AB0EE470A3D4A3D4BD2ED027A30EE68
:10508000670A03F11C04A3EC010AD3ED007AF5EEE4
:10509000C00A67EE807AF1EE10FAC4ED007A5CDDAA
:1050A000F7EE007A87EEA08A324B1B78002B3CD0BB
:1050B0003148314DCDED010AF5F78AFC20EE080AA2
:1050C000DDED010A05ED020A05F58A70F5F7ECFC45
:1050D000A5F10803294AD4ED007A92ED007A284917
:1050E00083ED000A20EE077A91ED006A82ED047AE2
:1050F00077EE277AFFEE006A67EE867AF4EEE67ABC
:10510000F1EE10FA2CD4B7EE007AF4EEC77AF1EE95
:1051100010FAC8BFF0EE477AF1EE677A194BC3ED8B
:10512000007A03B0BDEC028B30BD1748F5F7BCFC2C
:105130001648D0ED007A80ED000A70EE677A0346DB
:1051400067EE887A04330C30B0EE670AC3ED007A5C
:105150000193F5F7E3FB019BBCE79FED0D8AA3E705
:10516000F7EE007ADAE700BF14410020F07C00205F
:1051700018410020906503084C4100202C4100207C
:10518000700000209C43002060420020404100202D
:105190000000000030B5384C384B4FF42E7505FB3D
:1051A000004583B0D3ED000A95ED000A0190F5F7B4
:1051B00069FD334B019895ED0D6A03EB8003D3ED48
:1051C000007AB5EEC00AF1EE677AF1EE10FAC5ED9D
:1051D0000C7A67EE867A45D4B0EE405A294BD3ED6F
:1051E000005AC5EE256AB7EE007A77EE666AF5EEEC
:1051F000C06AF1EE10FA3BD4F4EEC76AF1EE10FA91
:10520000D8BFB0EE667A4FF42E7303FB0043D3EDA4
:10521000126A1D4A67EE877A20EE260AB0EE677A98
:10522000A6EE007A92ED006AC3ED137A67EE067A75
:10523000FFEE006AF4EEE67AF1EE10FA15D4B7EE5E
:10524000007AF4EEC77AF1EE10FAC8BFF0EE477AB2
:10525000F1EE677A4FF42E7303FB0044C4EDAD7A90
:1052600003B030BDB1EE405AB8E7F7EE007AF1E78F
:105270009FED067AC7E700BF783B0020AC380020DE
:10528000F07C0020B03800207000002000000000FA
:105290002DE9F04FC14E2DED028B3368022B93B0F8
:1052A000B0EE408A00F05581DFF83093BC4C09F530
:1052B000AE68CA464D46D4ED000A95ED000AF5F7F2
:1052C000E1FCD5ED086A95EDAB7AA0EE267AF1EE19
:1052D000667AB4EEE77AF1EE10FA40F1FF80C5EDA0
:1052E000027A05F52E754545E5D1AE4D2B78012B9B
:1052F00000F01582AC4FFB79D80700F1CA80AB4BA8
:1053000093ED000AAA4BD3ED028AF9F711FC0DF1D7
:10531000180B38EE801AA74BDAED020A9AEDB00AA4
:1053200083ED001A5846F7F793FA0DF1380A2B78F7
:10533000012B08D0B0EE480A0AA8FBF75DFB0090ED
:10534000002840F0E78159465046F7F70FFA00234E
:105350000093DDED118A0F9ACDED058AFB79049259
:10536000D907109A039240F1AA812B783268012B59
:1053700014BF4FF0020A4FF0010A012A00F03081F9
:10538000012B8D4A0DF10C0B4FF0000617D0DBED11
:10539000007A77EEA77AF5EEC07AF1EE10FA00F116
:1053A000FA80012392F90010002900F0B68099429A
:1053B00000F0B380DFED817A1370C9ED067A022E1A
:1053C00030D0DBED007A99ED046A99ED067AD9EDDB
:1053D000126A77EEA77AA7EE867AF1EE667AF4EE95
:1053E000C77AF1EE10FA73DCB4EEE67AF1EE10FA59
:1053F000D8BFF0EE476A0192B0EE480AC9ED0B6AD9
:1054000030460136FFF76EFDB2453DD32B78019A49
:10541000012B09F52E7902F101020BF1040BB6D133
:10542000022ECED1FB79DB0703D5009B002B00F0C9
:10543000E081634B634AD3ED007A93ED027A624BCD
:10544000D2ED006A78EEA88AA8EEA77AD3ED007AAA
:10545000F4EEE76AF1EE10FAD8BFF0EE667AF1EEFC
:10546000676AF4EEC76AF1EE10FA00F34681B4EE13
:10547000E77AF1EE10FAD8BFF0EE477A43ED077AFB
:10548000B0EE480AFFF7DCFD13B0BDEC028BBDE8BF
:10549000F08F4E4BDAED020A1B680A934C4B9AEDE3
:1054A000B00A1B680B934B4B9FED441A1B680C937F
:1054B000494B0DF1380A1B680D9350460DF1180B3E
:1054C000F7F7C6F952460AA95846F7F7E5F82EE766
:1054D0000192B0EE480AC9ED0B7A91E7D4ED000ACB
:1054E00095ED000AF5F7CEFBD5ED087A95EDAB7A90
:1054F000A0EE277AF4EEC77AF1EE10FA3FF5EFAEA0
:10550000D4ED000A95ED000AF5F7BCFBD5EDAB7ABA
:1055100095ED087AE0EE077AE1E6D9ED056A99EDB6
:10552000067A67EEA67AD9ED076AA8EE277AF1EE39
:10553000667AB4EEE77AF1EE10FA3FF53DAFB4EEDD
:10554000E67AF1EE10FAD4BFF0EE477AF0EE667A22
:1055500032E7144B1C78012C00F0F1801F4D104CE9
:10556000002695ED000AD4ED000AF5F78BFBD5ED8A
:10557000127AB0EE407A67EE877A022EC5ED0B7A8A
:10558000B0EE480A304605F52E7500F0BC80FFF7F6
:10559000A9FC0136E5E74FF0FF3303E7C8380020E8
:1055A000AC380020A98E0020347D0020C4380020B3
:1055B000D87C0020F0400020683800200000000067
:1055C000F84000206821002030410020B80F002062
:1055D000B40F0020B00F0020AC0F0020783B00205B
:1055E000964B93ED006A964BD3ED006AC6EE267A91
:1055F000B7EE007A77EE677AF5EEC07AF1EE10FA40
:105600007ED4F4EEC77AF1EE10FAD8BFB0EE677A26
:105610008C4E009B86ED007A002B00F09B804FF0B3
:10562000000B0DF10C080025D8ED007A99ED046A05
:1056300099ED127AC9F818B077EEA77AF1EE478A99
:1056400067EE867A022DF4EEE78A08BFFB79D6ED85
:10565000006AF1EE10FA08DCF4EEC77AF1EE10FA07
:10566000D4BFF0EE678AF0EE478AD4ED000A99EDD8
:10567000000ACDED006AF5F705FBD6ED007A99ED4D
:10568000127AF7EE006A76EEE77A20EE077ADDED21
:10569000006A67EE877A022DE6EEA87A08F1040820
:1056A000B0EE480AC9ED0B7A3FF4EAAE2846013560
:1056B000FFF718FCAA4509F52E79B5D2E4E6F6F70E
:1056C000CBF9B5EEC00AF1EE10FA0CD45E4B9FEDAB
:1056D0005F7AD3ED007AF0EEE77AF4EEC77AF1EE76
:1056E00010FA7FF742AEDFED5A7A5A4BCDED057ACC
:1056F000F0EE678AC3ED007A37E643ED076ABFE64E
:105700009FED537A84E713B0BDEC028BBDE8F04FF8
:10571000FFF796BC0AA95046F7F728F819E64A4B56
:10572000DAED020A9AEDB00A93ED021A4A4F0DF132
:10573000180B5846F7F78CF80DF1380AF7E50020FA
:10574000FFF728FD204613B0BDEC028BBDE8F04FFB
:10575000FFF720BD1D460DF10C0BDFED3D7A022D4C
:10576000C9ED067A53D0DBED007A99ED046A99ED24
:10577000127AD6ED006A77EEA77AF1EE478A67EEE5
:10578000867AF4EEE87AF1EE10FA08D4F4EEC77AED
:10579000F1EE10FAD4BFF0EE678AF0EE478AD4ED4E
:1057A000000A99ED000ACDED006AF5F76BFAD9ED24
:1057B000127A96ED007AF7EE006A60EE277A36EEFE
:1057C000C77ADDED006A67EE877A022DE6EEA87AE9
:1057D0000BF1040BB0EE480AC9ED0B7A3FF450AE62
:1057E00028460135FFF77EFB554509F52E79B4D9DA
:1057F0004AE6D4ED000A98ED000AF5F743FA174B94
:10580000D3ED077A67EE807AC3ED007A38E6FB794C
:10581000DA07A8D5D4ED000A98ED000AF5F732FAB8
:105820000E4BD3ED077AB0EE407A67EE877AB0EE92
:10583000480AC3ED007AFFF703FC25E6E02F0020BD
:10584000B03800209C000020D87C0020508DA73F5D
:105850000000000000410020347D002014410020A1
:10586000F0B52DED028B7D4C7D4D7E4F83B0B0EEBB
:10587000408AF3F79BFBF6F7EFF894EDB67AD4ED98
:10588000087AB4EEE77AF1EE10FAF0EE408A9FED76
:10589000760AD8BFF0EE477A27EE800A1CF0C6F9E8
:1058A000F4EEC08A2B78F1EE10FACCBF0122002270
:1058B00062F304132B7004F5AE66D4EDAC0A94EDDC
:1058C000AB0A97ED001AF0EE481AF5F7F3F904F574
:1058D0002E74A64204ED030AEFD1644C2378012B09
:1058E00037D013F0FD0F08D0B0EE480A03B0BDEC7E
:1058F000028BBDE8F040F7F777B9002B70D05C4B16
:10590000B7EE000AD6ED007A83ED000AF5EEC07A14
:10591000F1EE10FA00F18E80564AEB7992ED007AA2
:10592000B4EEE77AF1EE10FA4CBF0122002262F3E6
:105930000003EB71EB79DE0713D54F4B4F49186825
:105940004F4B086000221A70B0EE480AFFF7A0FC27
:10595000CAE70220FFF71EFCB0EE480AFFF798FCEA
:10596000C2E7484B1B78002BEED0AB78180708D461
:105970002B78590705D4EB78DA0702D4EB795B066C
:10598000E2D5414A2378D2ED007A002B55D13C4B29
:105990001A78002A55D03D4C94ED000A37EEC00A23
:1059A000F5F748F997ED007A28EE077AF1EE477A95
:1059B000B4EEE70AF1EE10FA08D4B4EEC70AF1EE3D
:1059C00010FAD4BFF0EE407AF0EE477A94ED007A08
:1059D0002A4B77EE877AC4ED007AC3ED007AB3E7FD
:1059E0002B4B1B78052B8AD1FAF7FEFF002886D1B6
:1059F000F6F732F8F7EE007A87EE807AB4EEE77ABF
:105A0000F1EE10FA26D4DFED237AB4EEE77AF1EE68
:105A100010FAD4BFF0EE470AF0EE670A144B9FED80
:105A20001D1A93ED000A0193F0EE481AF5F742F9BA
:105A3000019B67E7F1EE677A6EE7104BC3ED007AE2
:105A400082E70D4A114C92ED000A012284ED000A12
:105A50001A70A3E7F0EE670AE0E700BF783B00208A
:105A6000347D0020682100209A99593FA98E00209A
:105A7000A0000020AC38002018BD0020C438002051
:105A8000503800203F380020342100204C380020BE
:105A9000307D002057429C3F08B5064B1A211878EC
:105AA0000EF0EAFD04480549054A002303600B6037
:105AB000136008BD68900020F8050020C47F002016
:105AC000C0380020084808B503781BB9074B0122ED
:105AD0001A7008BD064B0430197807F04DF8034BD7
:105AE00001221A7008BD00BF88810308A24300206C
:105AF000CD7C0308094808B503781BB9084B002280
:105B00001A7008BD074B1978B1FA81F104304909C0
:105B100007F032F8024B00221A7008BD8881030892
:105B2000A2430020CD7C03083422064B02FB00F088
:105B30001A5C02B97047044A04301178184407F01F
:105B40001BB800BFB8800308CE7C03083422074B83
:105B500002FB00F01A5C02B97047054A1178043064
:105B6000B1FA81F11844490907F006B8B880030872
:105B7000CE7C03083422054B02FB00F01A5C02B90C
:105B800070470430184406F0FFBF00BFB880030818
:105B900010B5174C23784BB994F834307BB994F88E
:105BA0006830ABB994F89C30DBB910BD114B201DA7
:105BB000197806F0E1FF94F83430002BEFD00D4B4C
:105BC0000D48197806F0D8FF94F86830002BE9D01A
:105BD000084B0A48197806F0CFFF94F89C30002B48
:105BE000E3D0044B06481978BDE8104006F0C4BF66
:105BF000B8800308CE7C0308F080030824810308E2
:105C00005881030810B51D4C23784BB994F83430F3
:105C100093B994F86830DBB994F89C3023BB10BD7D
:105C2000174B1978B1FA81F1201D490906F0A4FF3C
:105C300094F83430002BECD0114B12481978B1FA9B
:105C400081F1490906F098FF94F86830002BE3D001
:105C50000B4B0D481978B1FA81F1490906F08CFF18
:105C600094F89C30002BDAD0054B08481978B1FA2B
:105C700081F1BDE81040490906F07EBFB8800308F5
:105C8000CE7C0308F08003082481030858810308B0
:105C900010B5504C82B022780346002830D002BBA9
:105CA000012B94F834200DD1002A65D194F8683086
:105CB0008BB1494B49481978B1FA81F1490906F08D
:105CC0005BFF08E0002A40F08280022B4FD194F85D
:105CD0006830002B75D194F89C30002B31D102B084
:105CE00010BD3D4A00901178B1FA81F1201D49099B
:105CF00006F042FF009B94F83420012BD4D0E1E75A
:105D0000002A47D194F8342032BB94F86820002A46
:105D1000E1D0314A117831480093B1FA81F1490953
:105D200006F02AFF009B032BD5D194F89C30002B62
:105D3000D5D0294B2A48197802B0BDE8104006F0AA
:105D40001BBF254B26481978B1FA81F1490902B0E9
:105D5000BDE8104006F010BF1F4A00901178B1FA5C
:105D600081F104F13800490906F006FF009B94F820
:105D70006820002AD7D0CCE7174A1A481178019337
:105D8000009206F0F9FE94F86810DDE9002300297E
:105D9000A1D0BFE7104A019011780092201D06F0B3
:105DA000EBFE94F83410DDE900230029DFD01178F0
:105DB0000C480093B1FA81F1490906F0DDFE009B21
:105DC00083E7054B0548197806F0D6FE83E7024ABB
:105DD000EDE700BFB8800308CE7C030824810308E8
:105DE00058810308F080030808B52C20FBF720FC3D
:105DF00000B908BD4FF47A712C20FBF7C3FB164B9A
:105E0000164A1B883421D8B201FB00F0115CA9B9F5
:105E100001339BB2032B88BF00231846342101FBBA
:105E200000F00D490B80135C002BE2D00C4B0430CA
:105E300019781044BDE8084006F09EBE084B19785A
:105E40000430B1FA81F11044490906F095FE024B85
:105E5000024A1B88DCE700BFA0430020B88003088B
:105E6000CE7C03082DE9F041604B614C187882B07C
:105E700013210EF001FC2778002F6ED194F83450D6
:105E8000002D45D194F86880B8F1000F4DD194F8F9
:105E90009C4074B9002F7ED1002D40F0968055486B
:105EA0000378002B2BD1544B00221A7002B0BDE8AE
:105EB000F081524E337852480193B3FA83F1490985
:105EC00006F05AFE019B002F72D1002D57D1B8F178
:105ED000000F09D0254631784A48B1FA81F14909C5
:105EE00006F04AFE002DDAD031784548B1FA81F14A
:105EF000490906F041FE3F480378002BD3D0424BBE
:105F00001978B1FA81F10430490906F035FECAE783
:105F10003A4E3E483178B1FA81F1490906F02CFE3B
:105F200094F86880B8F1000FB1D0344E354833781A
:105F30000193B3FA83F1490906F01EFE94F89C40E0
:105F4000002CB7D1019B8FB9002D47D1B3FA83F153
:105F50002C48490906F010FEA1E7284E3178B1FA25
:105F600081F1201D490906F007FE87E7B3FA83F1A6
:105F70002748490906F000FEC5B90025ABE72546CC
:105F800031782248B1FA81F1490906F0F5FDB8F1FE
:105F9000000FA7D09FE7194E1D483178B1FA81F163
:105FA000490906F0E9FD002D3FF479AF0025E7E748
:105FB000B3FA83F11648490906F0DEFD002DDED163
:105FC0002546B8F1000F8DD085E70C4B0F481978A6
:105FD000B1FA81F1490906F0CFFD60E7B3FA83F128
:105FE0000A48490906F0C8FDC7E700BF68900020CD
:105FF000B880030888810308A2430020CE7C0308F0
:106000005881030824810308CD7C0308F08003082D
:10601000BC8003084FF0E022034B9169034A1960EA
:106020001368013313607047A8430020AC4300207D
:10603000704700BF2DE9F04F074689B03E687C4BA2
:106040007C4C9D6ADA6A586B9B6B7B490290B04628
:106050007E6820780192B146BE680393B246FE681E
:10606000B3463E6904967E690596BE690696FE694A
:1060700007960DF009FF20780DF0F8FE26786F499D
:1060800030460DF001FF294630460DF029FF30461D
:106090000DF0ECFE26786A4930460DF0F5FE0199C8
:1060A00030460DF01DFF30460DF0E0FE26786549C4
:1060B00030460DF0E9FE029930460DF011FF3046F2
:1060C0000DF0D4FE2678604930460DF0DDFE0399D0
:1060D00030460DF005FF30460DF0C8FE20780DF07B
:1060E000C5FE002D77D12578584928460DF0CCFE05
:1060F000394628460DF0F4FE28460DF0B7FE257807
:10610000534928460DF0C0FE414628460DF0E8FEF2
:1061100028460DF0ABFE25784E4928460DF0B4FE1A
:10612000494628460DF0DCFE28460DF09FFE2578F6
:10613000494928460DF0A8FE514628460DF0D0FEEC
:1061400028460DF093FE2578444928460DF09CFE24
:10615000594628460DF0C4FE28460DF087FE2578E6
:106160003F4928460DF090FE049928460DF0B8FEF0
:1061700028460DF07BFE25783A4928460DF084FE2E
:10618000059928460DF0ACFE28460DF06FFE2578E7
:10619000354928460DF078FE069928460DF0A0FEF8
:1061A00028460DF063FE2578304928460DF06CFE38
:1061B000079928460DF094FE28460DF057FE2078EA
:1061C0000DF054FE41F28830FBF772F909B0BDE8DA
:1061D000F04F02F063BD207825490DF055FE26787A
:1061E000244930460DF050FE290C30460DF078FE63
:1061F00030460DF03BFE26781F4930460DF044FE38
:10620000C5F3072130460DF06BFE30460DF02EFE33
:1062100026781A4930460DF037FEE9B230460DF0C7
:106220005FFE30460DF022FE20780DF01FFE5AE78B
:1062300000ED00E068900020006603080C6603088B
:10624000146603081C660308246603084C660308EA
:10625000546603085C660308646603086C660308FA
:10626000746603087C660308846603088C6603086A
:106270002C660308346603083C660308446603087A
:106280001EF0040F0CBFEFF30880EFF30980DFF876
:106290000410084735600108704700BF704700BF11
:1062A000704700BF704700BF704700BF704700BF16
:1062B00008B5084804211AF017FD012800D008BDD0
:1062C0000020FFF757FCBDE80840024804211AF0FF
:1062D00017BD00BF000401401F4B1B7803B170477E
:1062E0001E4B5A8B10B54FF08040114614461AF0E1
:1062F000FBFC0128194B00D010BD1B8B0C2B08D8C0
:10630000DFE803F0240707071E070707180707073A
:10631000120000200021FBF7F9FB21464FF08040DE
:10632000BDE810401AF0ECBC4FF080401AF0C0FC01
:1063300080B2EFE74FF080401AF0B8FC80B2E9E796
:106340004FF080401AF0B0FC80B2E3E74FF080409D
:106350001AF0A8FC80B2DDE7840000206485030801
:1063600008B5074801211AF0BFFC00B908BD062096
:1063700000F0EAF9BDE80840014801211AF0C0BC6C
:10638000000C004008B50C490C481AF05FFE0021D3
:106390000A481AF029FE0A4A0A4B52880A495A80CA
:1063A0005A884B8812B21BB29A4200D108BDBDE890
:1063B0000840012000F0CEB800800028B8640240F8
:1063C00024600020346000204460002008B50C499F
:1063D0000C481AF03BFE00210A481AF005FE0A4A52
:1063E0000A4B92880A499A809A888B8812B21BB20B
:1063F0009A4200D108BDBDE80840022000F0AAB8CA
:1064000000802020A0600240246000203460002032
:106410004460002008B50C490C481AF017FE002112
:106420000A481AF0E1FD0A4A0A4BD2880A49DA8082
:10643000DA88CB8812B21BB29A4200D108BDBDE8FF
:106440000840032000F086B8008000185860024021
:1064500024600020346000204460002008B50C490E
:106460000C481AF0F3FD00210A481AF0BDFD0A4A53
:106470000A4B12890A491A811A890B8912B21BB276
:106480009A4200D108BDBDE80840042000F062B87F
:1064900020800020706002402460002034600020D2
:1064A0004460002008B50C490C481AF0CFFD0021CB
:1064B0000A481AF099FD0A4A0A4B52890A495A8138
:1064C0005A894B8912B21BB29A4200D108BDBDE86D
:1064D0000840052000F03EB800800028B860024067
:1064E000246000203460002044600020012000F07F
:1064F000B5BA00BF022000F0B1BA00BF032000F01F
:10650000ADBA00BF034B044A1B881380042000F07F
:10651000A5BA00BF004C0040A4430020052000F0B5
:106520009DBA00BF012005F00FB900BF012005F0A2
:1065300085B900BF022005F007B900BF022005F0B1
:106540007DB900BF032005F0FFB800BF032005F0B0
:1065500075B900BF2049214A30B50446342000FBFC
:10656000041132F81430886A1D49A50205FA83F334
:106570000B441C4D83B0C36035F8141032F814304E
:1065800009B21BB2994214DD35F8141032F81430F8
:106590000190C91A89B21AF031FD134B35F8142055
:1065A000019823F81420012103B0BDE830401AF00F
:1065B0001BBD32F814100190C1F5806189B21AF048
:1065C0001DFD094B01980022012123F8142003B07E
:1065D000BDE830401AF008BD747E03083460002026
:1065E000546000204460002024600020F0B5184F63
:1065F000184D37F8102035F8103012B21BB29A42FD
:1066000083B023D0144E044606EB802616E035F8FE
:1066100014301BB2F35C8DF8073009F0D9FA35F865
:1066200014300133C3F3090325F8143037F814206C
:1066300035F8143012B21BB29A4207D007F08EFF21
:10664000034601210DF10700002BE0D103B0F0BD9E
:1066500044600020346000205460002000B583B006
:10666000C8B10628034613D0144A342101FB002286
:1066700092F82010B1B91249124A31F8130032F8D9
:10668000133000B21BB2C01A18BF012003B000BD06
:10669000002003B000BD09F06DFAB0FA80F04009A7
:1066A00003B000BD0190106B1AF0AAFC044A019BD4
:1066B0000449C0F5806022F81300DEE7747E030809
:1066C000FC430020EC43002000B583B000228DF88D
:1066D000072040B30628034602D1104603B000BD90
:1066E0001549164831F81320DFF854C012B200EBF8
:1066F0008320805C31F813200132C2F3090221F8B3
:1067000013203CF8132031F81310DFF838C0521A68
:106710003CF8131092B209B28A42C0B2DEDD2CF806
:10672000132003B000BD0DF1070009F02BFA9DF80E
:10673000070003B000BD00BFEC4300200C44002064
:10674000FC430020D443002008B5334B1A78002ABC
:106750004ED0324A1278092A4BD9314B314933F89D
:10676000102031F8103012B21BB29A424FD031F8DB
:1067700010302D4A1BB202EB80224FF0010CD35C8B
:1067800031F810200132C2F3090221F81020274A03
:106790006FEA530101F00101D84391806FEAD30100
:1067A00000F0010001F00101508011816FEA9300B7
:1067B0006FEA531100F0010001F00101D0809181D6
:1067C0006FEA13106FEA9311DB0983F0010300F005
:1067D00001001382114B50810020187001F001015B
:1067E000BDE80840A2F800C0D181508206F052BE38
:1067F00008BD0E49181D11F8121006F0BDF9074A20
:10680000137801331370BDE8084006F043BEBDE8BD
:10681000084006F041BE00BF30850308A8000020F4
:10682000446000203460002054600020B843002001
:1068300030B57F4CDFF81CE2225C034608469EF828
:106840000010424083B0E25400296BD0002B71D07D
:10685000062B41D0774C784934F813200D4631F897
:1068600013100132C2F3090209B2914200F0918083
:106870007249DFF8E4E100934FF0340C0CFB031194
:1068800034F813C00EEB832E0FFA8CFC0EF80C00BC
:1068900024F8132091F82020002A6FD148680122A3
:1068A00040F227711AF0C4FC009B34F8132035F82D
:1068B0001310634C521A02F5806034F8131012B2B0
:1068C00000B232EA220228BF024609B2914201DA3E
:1068D00024F8132003B030BD5A4B1B78002BF9D09D
:1068E000544C554AA389154692890133C3F30903D1
:1068F00012B293425BD0A289DFF85CC152490CFA14
:1069000082F202F5C0521070A3810B78092B54D883
:10691000A2894B4B2A4692899A891204DAD5002221
:106920009A81D7E7CDE90003F2F7BAFCDDE900036D
:10693000002B8DD13F49404C0B8822880133C3F393
:10694000090312B29A422BD00A88DFF80CC112B2A6
:106950000CF802000B800B88228839489B1A03F53B
:10696000806102881BB209B233EA230328BF0B46B9
:1069700012B29A42AEDA038003B030BD886A1AF0D0
:1069800043FB009B002890D11846FFF7E3FD009BD6
:106990008BE72E49CA5C42F00102CA5403B030BDF5
:1069A0002A4A137843F00103137003B030BD274A1D
:1069B000937943F0010393718CE7AB890CFA83F36D
:1069C00003F5C0531B78AA890132C2F30902AA81D8
:1069D000D8431F4A00F0010050806FEA530000F0D6
:1069E000010090806FEA930000F00100D0806FEA10
:1069F000D30000F0010010816FEA131000F00100D5
:106A000050816FEA531000F0010090816FEA9310FB
:106A1000DB0983F001031382012300F001001380DE
:106A20000023D08153820B7006F034FD70E700BF65
:106A3000B04300204460002034600020747E0308CE
:106A40001460002030850308A80000200C6000209E
:106A5000B8430020F6A000205460002038B5334B26
:106A6000342202FB003304465D6840F2255128467B
:106A70001AF0F8FB012822D040F2277128461AF0BC
:106A8000F1FB012800D038BD294A2A4B32F81410F6
:106A900033F8142009B212B291422CD133F81420E9
:106AA000234B33F8143012B21BB29A42EBD1284672
:106AB0000022BDE8384040F227711AF0B9BB2846E1
:106AC0001AF0A8FB1C4B1B5D002BD5D01B4B1B6881
:106AD0009C42C0B222D01A4A1A4932F8143001EB53
:106AE00084211BB2C85432F814300133C3F30903B4
:106AF00022F81430C0E733F81420134912B201EB26
:106B000084212846895C1AF081FB0A4B33F8142053
:106B10000132C2F3090223F81420BFE70B4B9B7923
:106B20005B07A9D5FBF734FAA6E700BF747E03081C
:106B30004460002034600020E44300206C9000207A
:106B4000FC4300200C44002054600020347D0020D1
:106B500010B52D4CC8211D20FAF714FD2B4BD4F88D
:106B6000FCC0D4E936011A46E2E8050194ED3C7B0D
:106B7000D4F8E400106003F5A66181ED007B03F218
:106B80004452D4E94201C2F800C003F5266203F67C
:106B90007423C2E90001D4F814211A60FAF7BEFB8D
:106BA0000B461B49024609680D20C4E91023FAF779
:106BB000E9FC94ED247AF6EE007AB4EEE77AF1EE91
:106BC00010FA1DDDD4ED380A94ED3E0AC4ED277AA3
:106BD0001AF01EFF84ED250AF7F7E0FD0D4BDA7978
:106BE00042F00202DA71DA7942F00802DA719A7937
:106BF00042F010029A711A7842F040021A7010BDE9
:106C0000054BC4F89C30E7E778A8002088160020E0
:106C100074A80020347D00200000A0402DE9F0473A
:106C2000DFF830C12DED028BBCE80F0094B008AC4A
:106C30000FC4BCE80F000FC49CE80F0084E80F00ED
:106C4000414B1B78052B08D0DFED407AB0EE670A88
:106C500014B0BDEC028BBDE8F0873D4B9FED3B8A45
:106C600093ED006B03F5A6628DED046B92ED006B66
:106C70008DED066B08AC6069F1F726FBD4E90023C3
:106C8000CDE90201DDE90401F1F7BEF994ED047AE2
:106C900027EE077A074677EE077A884617EE900ABE
:106CA000F1F712FBD4E9022305460E46DDE90601A1
:106CB000F1F7AAF93A4681468A46434638464146A4
:106CC000F1F75AFB2A463346F1F780FC4A4607465D
:106CD0008846534648465146F1F74EFB2A4633460E
:106CE000F1F774FC02460B4638464146F1F78EF93F
:106CF00001F10043009001939DED000B1AF010FD8F
:106D0000DDE9020153EC102BF1F736FB054618EED6
:106D1000100A0E46F1F7D8FA0B46024631462846CD
:106D2000F1F774F9F1F700FE183407EE900A14AB8E
:106D3000A342B0EE678A9ED1B0EE670A14B0BDECF4
:106D4000028BBDE8F08700BF307D0020000000000E
:106D500088160020A86003082DE9F04F2DED088B60
:106D6000204B214A1B78214D12F903B0542303FB19
:106D70000B5393ED01AA8BB0F7EE007A1D20C7EEFE
:106D80008A8AB0EE408AFAF753FC002840F08886E1
:106D9000542303FB0BF3EA1815F80390B9F1010F24
:106DA00000F0D883B9F1000F30D0B9F1030F00F033
:106DB000DF86DFF850A0DFF850800D4E0023CAF8C0
:106DC0000030C8F80030F3781B0740F17D86094B8E
:106DD000094C1B78094F0A4D052B40F04C8100F0FF
:106DE0004CBD00BFF5000020D4680308F06803081C
:106DF000347D0020307D002078A80020F07C002029
:106E0000647C0020587C0020607C0020E64AE74B30
:106E1000D2ED007A93ED007AE54AE64BD2ED006AB6
:106E200067EE877A93ED007AA7EEA67AB5EEC07A80
:106E3000F1EE10FA00F14486F7EE007AB4EEE77A4C
:106E4000F1EE10FAD8BFF0EE477A542303FB0B5350
:106E500093ED147AD84ADFF8B883D2ED009AD3EDD7
:106E6000045AD8ED006A38EE077A77EEE97A88EEB0
:106E7000076AF5EEC06AE6EE279A9FEDE87AC2ED62
:106E8000009A29EEA59AF1EE10FAF0EE49AAEAEE80
:106E900047AAB0EE65BA00F13886F7EE007A26EE22
:106EA000A66A9FEDC67AC64BDFF868A3CDED006AEF
:106EB00067EEC67A93ED001BE7EE87AA03F5A6639B
:106EC000C04FC14C6AEEA8AA93ED000BCAED00AA10
:106ED000FFF7A4FE9FEDBD7ADDED006AD4F89020A7
:106EE00020EE077A5423AAEE887A03FB0B53D3EDE6
:106EF00002AAB74B37EE267A6AEEAA6AB2EE086AA1
:106F000066EE8A6AB7EE085A86EE26AAF0EE045AB2
:106F10008AEE056ACAEE255AF5EE007A88ED007A07
:106F20006BEE277A93EDAD7AD7ED006AA94B27EE89
:106F3000877AF5EEC06A27EE2A7AF1EE10FA27EE8C
:106F4000067AF0EE65BA27EE297A1A6000F10C860F
:106F5000F0EE005A26EEA66A9F4ECDED007AA6EE20
:106F6000257A9E4DE8EE476AC7ED006A96ED000A65
:106F70001AF09CFE95ED016ADDED007AB5EEC06A6F
:106F8000F1EE10FA29EE007A00F1EA85F7EE005AE8
:106F900066EE066A9FED895A914B65EEE65AD7ED8B
:106FA000016AA5EE857AF5EEC06A27EE287AF1EE41
:106FB00010FAA8EE076A93ED007A85ED016A67EE94
:106FC000877A67EEAA7A67EE8A7A67EEA97A00F185
:106FD000C385B0EE006A26EEA67A96ED010AE7EECA
:106FE000067AE8EE676AC7ED016A1AF05FFE95ED72
:106FF000046AB5EEC06AF1EE10FA29EE007A00F1EB
:10700000A785F7EE007A66EE066ADFED6C5A754BDF
:1070100067EEE67ADFED746AA7EEA57A6BEE267A64
:1070200027EE287AD7ED026AA8EE076A93ED007A78
:1070300085ED046A67EE877AF5EEC06A67EEAA7A94
:10704000F1EE10FA67EEAB7A67EEA97A00F17C8573
:10705000B0EE006A26EEA67A644EE7EE067AE7EE18
:10706000C86AC7ED026AF3781A0704D5604B1B782B
:10707000052B00F01A86F9F7B7FC38B1D7ED007A86
:107080009FED5C7A77EE877AC7ED007ADFF888B1FA
:1070900098ED007ADBED007AE7EE087AFEEE006A02
:1070A000F4EEE67AF1EE10FACBED007A40F11185BC
:1070B000DFED517AB0EE677AC8ED007ACBED007A59
:1070C000B9F1030F00F00B85374BDFED406AD3EDCC
:1070D000007A384B93ED006A77EE867AF4EEE67A22
:1070E000F1EE10FA40F115857378DFED437A434AEB
:1070F000CBED007A23F08003C8ED007ACAED007A68
:10710000C7ED007AC7ED017AC7ED027A7370B378E4
:1071100023F00103B3702E4B0A211170C3EDAD7A39
:1071200003F26C52B9F1010F03F62403C2ED007AA9
:10713000C3ED007A00F0BC859FED310AC5ED017A00
:10714000F0EE670AC5ED047A0023C4F8F830C4F8FD
:10715000E0302C4B2C4993ED001A2C4DB1EE411A26
:10716000A1F11800F3F7D8FCF6EE007AD7ED024A49
:1071700097ED007AD5ED023A97ED015A95ED003A78
:10718000D5ED012A95ED034A68EE277A67EEA44A09
:1071900027EE855A24EEA36A67EE877AA5EE036A86
:1071A00063EEE75A3CE000BFA8380020A0000020B2
:1071B000A4000020C0380020547C0020C7FAD03D35
:1071C00088160020F07C002078A800200AD7233CF5
:1071D000783B0020D42F0020D87C0020647C002045
:1071E000E44000209C4300208FC2753C347D002089
:1071F000307D00200ADA643A000000003F380020A9
:107200000000008018BD002070A90020AC00002004
:10721000607C0020587C00205C7C00200AE81C4137
:1072200062EEE46AE2EEC55AA7EEC46AE7EE836A4C
:10723000E4EEC45A27EEA27A36EE226AF0EE477ADE
:10724000B0EE667A75EE835AE4EE837AA5EE047AA0
:1072500026EE060A37EE237AA5EEA50AE5EE637A56
:10726000A7EE070A77EE847AC5ED005AA7EEA70AC3
:1072700085ED016A85ED027AC5ED037AF3F73AFCF4
:10728000D5ED037AD5ED005A95ED016A95ED027AB8
:10729000DAED003A60EE255A20EE066A20EE077A13
:1072A00020EE270A25EE86AA25EE875A65EEA56A06
:1072B00066EE06AA66EE009A67EE007A67EE070AA7
:1072C00039EEC54A7AEE274A25EE802AC5ED005AE6
:1072D00085ED027A66EE075A36EEEA7A68EE898A1A
:1072E00020EE001A34EE044A74EEA44A37EE603AF7
:1072F00085ED016A1FED376A94ED3E9A85ED030A2C
:10730000B9F1010F64EE282A64EEA81A73EE863AEA
:1073100033EE013AD4ED388A05D197ED026AE6EEF4
:10732000492AE6EE281A814B36EEAA6A77EECA7A27
:1073300072EE256A37EE207A35EE295A36EE606A0B
:1073400037EE417A77EEA77A75EEC25A76EEA66AE4
:1073500036EE416A75EEA55A66EEA16A27EE217AED
:1073600035EE055A67EEA17AE6EE226AA5EEA27A1C
:10737000E5EE227AE4EE236AA4EEA37AE3EE237A22
:10738000DBED009A9FED6A6AF4EEC69AF1EE666A4A
:10739000B1EE477AF1EE677AF1EE10FAC3ED016AC9
:1073A00083ED007AC3ED027A09DDF7EE007A78EE1C
:1073B000868A39EE679AC4ED388A84ED3E9A68EE83
:1073C000287A17EE900AF0F77FFFD4E93623F0F71A
:1073D0001DFE68EE097AC4E93601CDE9000117EE19
:1073E000900AF0F771FF02460B46D4E93C01F0F732
:1073F0000DFE28EEA87AD8ED007AC4ED218AA9EE18
:10740000097AC4E93C01F1EEC76AF1EE677A9DEDB5
:10741000000BC4ED237AC4ED457AC4ED447AC4ED83
:10742000246A84ED229AC4ED398A84ED3F9AC4ED32
:10743000129A15F0ADFED4E914232067C4F8D000E9
:10744000D4E93C01F1F7C2F841EC100B15F0A0FEB5
:10745000384B9BED006A1A78374B384983ED006A48
:1074600002EB420301EB8303D3ED017A6067C4F8BA
:10747000E800B4EEE76A3248F1EE10FA80ED016AF6
:10748000C0F23583D3ED027AB4EEE76AF1EE10FA7A
:1074900094BF01200020B37860F3C713B370B378B2
:1074A000DB0905D102EB420201EB820393ED026A94
:1074B00095ED015AD5ED007AF378D5ED024AD5ED78
:1074C000035A2048D8F8001080ED006A25EE057AAE
:1074D00023F04003A7EEA77AF370337A1A48A4EE9C
:1074E000E47A43F00103337265EEE76A67EEA47A4B
:1074F000E5EE246A7279154BE5EE257A42F0080232
:10750000A5EEE57A76EEA66A83ED007A77EEA77AA5
:1075100072710F4A0160C3ED016A1160C3ED027A16
:107520000BB0BDEC088BBDE8F08F00BFFC7C0020E9
:107530000000000070A60020FC100020CC90030882
:10754000D07F002074A60020AC7F00200CBD00205E
:10755000A87F0020E34EF3789F07C3F3400240F179
:10756000A382E14B93ED009AF37898071ED4DF4B8A
:10757000D3ED007AF5EEC07AF1EE10FA01D5F1EE16
:10758000677ADB4B93ED007AA7EE279AB5EEC09AA7
:10759000F1EE10FA00F18583D64BD3ED007AB4EE0C
:1075A000E79AF1EE10FAC8BFB0EE679AB5EEC09A4E
:1075B000F1EE10FA00F16683F7EE007AB4EEE79A86
:1075C000F1EE10FACCBF01220022F7EE007A002A79
:1075D00018BFB0EE679AC84BD3F8983207EE903ACE
:1075E00079EE677ABFEE00AAF4EECA7AF1EE10FAED
:1075F00000F18882B7EE007AF4EEC77AF1EE10FA65
:10760000D4BFB0EE67AAB0EE47AA3AEE077A542389
:1076100003FB0B5393ED056AD3ED067AD3ED046AB1
:1076200026EE077A29EE269AB4EEE77AF1EE10FA02
:1076300008D4D3ED077AB4EEE77AF1EE10FAD8BFAA
:10764000F0EE477AAD4B8DED046AC3ED007AAC4B9A
:10765000CDED037AD3ED015AAA4CCDED005AB0EE30
:10766000650A1AF0E3FAA84BDFF8E082D3ED004A8E
:10767000A64BD8ED00AA93ED005ADFF8D4A2542708
:1076800007FB0B5797ED137AD7ED126A94EE857AC4
:1076900094ED361BC7EE009A94ED3C0BE6EE8A9A09
:1076A000C8ED009AFFF7BAFA9DED046A97ED0C7ADF
:1076B000DDED037A964B974FDDED005AB7EE005A99
:1076C000C5EE066A79EE809A79EEEAAAC8ED009ACC
:1076D0008AEE885A66EEA79A97ED006AD3EDAD6AF6
:1076E0008AED005A69EEA99A27EE267AB5EEC06AAD
:1076F000F1EE10FA27EE297A00F10182F0EE004A4D
:1077000026EE065A844BD7ED016AA5EE247AF5EEF3
:10771000C06AA8EE476AF1EE10FAF0EE46AA93EDC1
:10772000006A4FF0540303FB0B5393ED0D7A27EEE1
:10773000067A27EE297A00F1DF81B0EE005A26EEB4
:10774000A66AF5EEC07AA6EE057AF1EE10FAE8EE3A
:10775000476AB0EE66AA40F3CC81704B93ED007A95
:10776000B1EE470AF4EEC05AF1EE10FA08D4F4EE86
:10777000C75AF1EE10FAD4BFB0EE650AB0EE470A70
:10778000CDED007A1AF0CCFADFED656ADDED007A16
:10779000644B97ED027A20EE260AD3ED006A80EE64
:1077A000276A542303FB0B53D3ED0E5A37EE466A78
:1077B00066EEA56AB5EEC06AF1EE10FA66EEA96A49
:1077C00000F16C82F0EE005A26EE466AE5EE866A1B
:1077D000A6EE887A542303FB0B5393ED0F6AF1EE68
:1077E000466AF4EECA6AF1EE10FA08DCB4EEC6AAF4
:1077F000F1EE10FAD4BFF0EE4A6AF0EE466A542376
:1078000003FB0B5393ED106AC7ED016AF1EE466A74
:10781000F4EEEA6AF1EE10FA08DCF4EEC6AAF1EE34
:1078200010FAD4BFF0EE6A6AF0EE466A542303FB06
:107830000B5393ED116AC7ED006AF1EE466AF4EE60
:10784000C76AF1EE10FA08DCB4EEC67AF1EE10FA6F
:10785000D4BFF0EE476AF0EE466A334DC7ED026AD8
:10786000F1EE677AC5ED017AF37819077FF503AC7D
:107870002E4B1B78052B7FF4FEABDFF8D8B02C4BDA
:10788000DFED2C9A93ED00AADFED2B4ADBED003AF9
:10789000CDED064A38EE0AAAB0EE690AAAEE240A2D
:1078A00083ED00AACDED073A1AF000FADFED235A76
:1078B000F0EE407A9FED220ACDED055AB6EE005A61
:1078C000AAEE250AF0EE69AAE7EE85AA8DED045A24
:1078D0001AF0ECF99FED1B6ADFED1B6A8DED036A70
:1078E0004AE000BF347D0020A838002000060020B8
:1078F0009438002088380020B0810020D42F002048
:10790000D87C002078A80020F805002078380020D6
:10791000783B0020F07C0020E44000206021002023
:107920000AE81C419C430020647C0020307D00203C
:10793000887C002000000000FF545640BB8CFF40B4
:107940009A99D93FC3F5A83EC0308C41607C002095
:10795000587C0020DC6D0308666646407B142E3E92
:107960006666663F66662640CDCCCC3ECDCC0C40EC
:10797000CDCC4C3F3333F33FF0EE407A1FED0A0A93
:10798000CDED096AE7EE86AAAAEE260A1AF08EF96C
:107990001FED0E7ADDED073A97ED004ADDED064A60
:1079A0008DED007AF0EE6A7AE0EE077ACDED084AC6
:1079B00067EEA37A1FED160AA8EE274AAAEE240A5C
:1079C00087ED004A9BED014A8DED074A1AF06EF9EA
:1079D000DDED055A5FED1D7A9DED045AEAEE257A3C
:1079E000F0EE69AAE0EE05AAB0EE670A8DED065A40
:1079F0001AF05CF9DDED096A5FED257A9DED036A09
:107A0000CDED036AEAEE267AE0EE06AAB0EE670A4A
:107A10008DED046A1AF04AF99DED007A9DED074A52
:107A2000DDED084AD7ED017A5FED303AE0EE07AAC6
:107A3000EAEE243A6AEE84AAB0EE630AE8EE2A7A05
:107A4000C7ED017A1AF032F9DDED055A5FED387AAB
:107A50009DED065ADBED02AAEAEE257AE0EE059AE4
:107A6000B0EE670A1AF022F9DDED036A5FED3F7AA6
:107A70009DED046AEAEE267AE0EE069AB0EE670A19
:107A80001AF014F99DED007AD7ED027AE0EE079A2C
:107A900069EEAA9AE9EE887AC7ED027AFFF7EBBAA7
:107AA000FFF756F8FFF774B98B4B1B78002B00F0EB
:107AB000EC80F3789FED899A9C073FF586AD56E5FB
:107AC000DFED867AFFF7C1B9854C864F864DFFF70B
:107AD000D2BAF5EEC07AF1EE10FA7FF6F1AA95ED82
:107AE000010AD5ED040AB1EE400AFFF732BB0020CF
:107AF000D1E49FED7A7A6DE6B8EE005A1FE6F8EE13
:107B0000004AFDE59FED757A81E5FFEE007AFFF70B
:107B1000C6B9DAED007AF5EEC07AF1EE10FA4FF060
:107B2000000301D5CAF8003095ED010AD5ED040A2D
:107B3000B5EEC07A0023F1EE10FA48BFC8F8003065
:107B4000B1EE400AFFF705BBB8EE006AFFF782BA54
:107B5000FFEE007AFFF757BAB8EE006AFFF73BBABC
:107B6000FFEE005AFFF714BAF8EE005AFFF7F2B929
:107B70005E4BD2ED076AD3ED007A92ED096A5C4B59
:107B80005C4A93ED007AD2ED005AB5EEC07A77EEFA
:107B9000A57AF1EE10FA67EEA67A00F19980F0EE80
:107BA000475A26EE256A27EE467AE8EE077AF5EE82
:107BB000C07AF1EE10FA00F18680F4EEE67AF1EE8A
:107BC00010FAD8BFF0EE676AF7EE005AF6EE007AC8
:107BD000E6EEA75A484A92ED007AC3ED006AFEEE3F
:107BE000007AB4EEE77AF1EE10FA08D4F6EE007AF5
:107BF000B4EEE77AF1EE10FAD8BFF0EE477A394FDB
:107C0000542303FB0B5595ED116A97ED027A66EE4E
:107C1000277AB5EEC07AF1EE10FA67EEA57A4FD466
:107C2000B0EE005A67EE474AF1EE465AE4EE857A26
:107C3000A7EE887AB4EEE57AF1EE10FA08D4B4EE45
:107C4000C67AF1EE10FAD4BFF0EE475AF0EE465A7B
:107C5000DFED227ADFF8A8A0DFF8A880224D274EBA
:107C6000C7ED025AC7ED007AC7ED017ACAED007A76
:107C7000C8ED007AC5ED016AF378194CB0EE679A49
:107C8000FFF7F9B99FED159AA5E4184B93ED009A0B
:107C9000184BD3ED007A39EE279A65E4F8EE005AD6
:107CA00092E59FED0E9A00228FE4DFF85CB0E6E5E6
:107CB00095ED010AD5ED040AB1EE400AFFF744BA8A
:107CC000B8EE005AAEE7DFED056AF7EE005A81E73D
:107CD000F1EE475A65E700BF58BE002000000000E3
:107CE00078A80020F07C0020647C0020A8380020C8
:107CF000D42F0020C0380020E4400020347D002034
:107D0000587C0020607C0020E86D03080000000023
:107D100070B56B4B6B4D187884B01C210CF0ACFC2B
:107D2000EB781B0701D404B070BDF8F723FD66495A
:107D3000664A674C6748C4F8A40000230B608B6058
:107D40004B604B610B61CB600B62CB618B6102F5C9
:107D500026619FED577B0B605F49C4F828115F498E
:107D6000C4F8E81061675E49E16702F5A66EC4F8E1
:107D7000801040F20A31A4F831104FF07E5102F623
:107D80004C2C02ED057BCEF8003002F21C5613603D
:107D9000C4F89810A2F1140147A3D3E900234FF0CF
:107DA0007C50C4F89C004F48C4F8D0008CED007B98
:107DB00086ED007B8DED007BC4E9142320670391E1
:107DC00015F0D6F90399606F81ED000B84ED360B49
:107DD00015F0CEF9D4E9142351EC100BF0F7CCFADE
:107DE0009DED007B404BC6E90001C4E93C011D202C
:107DF000002184ED427B83ED0E7BF9F7C3FB1D2050
:107E0000F9F716FC002850D16B799FED380A3849F4
:107E1000384A81ED000A43F010036B716B783649E4
:107E2000364881ED000A23F004036B706B7982ED14
:107E3000030A43F002036B71AB7882ED020A43F050
:107E40002003AB70EB7982ED010AB7EE007A43F0C4
:107E5000020382ED007AEB7180ED000A8DED007A6D
:107E600001F0CCFC264B274A1B78D356264A5421D6
:107E700001FB03F3D118D35C43B1D1ED037A234A5C
:107E800017EE903AC2F8983204B070BD9DED007ABA
:107E900091ED046AD1ED017AC7EE066A9FED1C7A76
:107EA00067EE877A67EEA67AE9E7FEF751FEABE761
:107EB0000000000000000000000000009A1EEA3FE1
:107EC00068900020347D0020647C00209C160020F7
:107ED00078A800206666663FCDCC4C3E5488E058BA
:107EE0000000A03F1721F7EA102D0020000000003D
:107EF000607C0020AC000020887C00205C7C00209E
:107F0000F5000020D4680308F0680308B081002061
:107F10000AE81C413F4B4049D3F87C22D1ED007A5E
:107F2000D3F88012D3F89002DFF804C107EE102ACC
:107F3000D3F88C229CED003AD3F868C277EEC77A6A
:107F400003EE902A07EE101AD3F88422D3F8941285
:107F5000E7EE873A04EE100A07EE102AD3F88822DB
:107F6000D3F87402A7EE874A04EE901A07EE102A9F
:107F70002A492B4A91ED005AD1ED015A91ED026A3E
:107F8000D2ED016AD3F87012E7EE874A02EE900A4A
:107F900092ED007AD3F86402D2ED027AD3F8782217
:107FA00076EEE26A35EE635A02EE901A75EEC45A26
:107FB00036EE646A37EE627A25EE035A02EE902AB4
:107FC00065EE835AD3F86C221649174BC1ED003A7F
:107FD00026EE436A03EE100A77EEE27A27EE037A82
:107FE00002EE90CA03EE102A66EEA26A0F4A81EDF5
:107FF000014A67EEC37AC1ED024A82ED005AC2ED32
:10800000015A82ED026AC3ED016A83ED007AC3ED85
:10801000027A7047B0810020BC000020B87C0020AC
:10802000C47C0020087D0020FC7C0020F07C002027
:10803000D47C03082DE9F84FD64BDFF88493D64E55
:10804000D64CD74FD74DDFF87CB3DFF87CA3DFF8F1
:108050007C832DED028B002093ED008AFDF764FDFB
:10806000B9F80000F9F798F9B0EE480A12F0FCFFF1
:10807000336823603B602B60736863607B606B6078
:10808000B368A360BB60AB60DBF80030CAF80030B7
:108090000123C8F800302FE097ED017AF4EEC77A9B
:1080A000F1EE10FA01D5C7ED017A94ED027AD6ED22
:1080B000027AD5ED025A37EE877AF4EEE57AF1EEE0
:1080C00010FA84ED027A49DCD7ED025AF4EEE57A33
:1080D000F1EE10FA01D5C7ED027ADAED007AD8F8A0
:1080E0000030DBED005A013377EEA57AF92BCAEDAB
:1080F000007AC8F8003037DCB9F80000F9F74CF91D
:10810000B0EE480A12F0B0FF94ED006AD6ED007AA6
:1081100095ED007A37EE866AF4EEC77AF1EE10FA42
:1081200084ED006A1DDC97ED007AF4EEC77AF1EE7B
:1081300010FA01D5C7ED007AD4ED016AD6ED017AC7
:1081400095ED017A77EEA66AF4EEC77AF1EE10FAB1
:10815000C4ED016AA0DDC5ED017AA6E7C5ED027A9E
:10816000BBE7C5ED007AE7E79FED8F5AD5ED005AE2
:108170008E4B86EE054A97ED006AD3ED003A84ED0A
:10818000004A75EEC45A36EE446AF5EEC05AF1EE76
:1081900010FAC5ED005A87ED006A00F19F80B5EE38
:1081A000C06AF1EE10FA00F18E80B4EEE56AF1EEED
:1081B00010FAC8BFF0EE465A9FED7B5A95ED016A62
:1081C000C6EE854AD7ED016AC4ED014A36EE646A0F
:1081D000F4EEE53AF1EE10FA76EEE46AB5EEC06A36
:1081E000CCBF01230023F1EE10FA85ED016AC7ED43
:1081F000016A00F19580F5EEC06AF1EE10FA00F127
:10820000AB80F4EEC66AF1EE10FAC8BFB0EE666A53
:10821000DFED655AD5ED026A87EE255A03F00103BA
:10822000D7ED025A84ED025A36EEC57AF4EEC63A1C
:10823000F1EE10FA75EEC56AB5EEC07AD8BF00232C
:10824000F1EE10FA85ED027AC7ED026A57D4F5EE29
:10825000C06AF1EE10FA00F18A80F4EEC76AF1EE1E
:1082600010FAC8BFB0EE667AF4EEC73A504AF1EEA3
:1082700010FA03F00103D8BF00231370002B60D065
:108280009FED497A4B494C48C7EE877A007814EE47
:10829000103A14EE902A17EE904AC1F88C32C1F8C9
:1082A000902215EE103A454AC1F87C420124C1F8EB
:1082B000943214700DF0FEF9BDEC028B2046BDE83F
:1082C000F84FFDF731BCB1EE466AB4EEE56AF1EE67
:1082D00010FA7FF771AFF0EE465A6DE7B5EEC06A5F
:1082E000F1EE10FAB1EE655A4CD4B4EEC56AF1EE77
:1082F00010FAD4BFF0EE455AF0EE465A5CE7F5EEC0
:10830000C06AF1EE10FAB1EE476A69D4F4EEC66ABB
:10831000F1EE10FAD4BFB0EE467AB0EE667AA3E77B
:10832000F5EEC06AF1EE10FAF1EE465A50D4F4EED2
:10833000E56AF1EE10FAD4BFB0EE656AB0EE666A97
:1083400066E70220082100F0C5FBBDEC028B01208E
:10835000BDE8F84FFDF7E8BBF1EE666AB4EEE66AF9
:10836000F1EE10FA7FF554AFB0EE666A50E7F1EE29
:10837000666AB4EEE67AF1EE10FA7FF575AFB0EE0C
:10838000667A71E7B4EEE56AF1EE10FA30D5B1EE37
:10839000466AA0E72C7D0020B87C0020AC7C002041
:1083A000A07C0020947C002000007A43147D0020F3
:1083B000D47C0020B081002068900020A88100209B
:1083C000E0000020BC000020907C00208C7C00207D
:1083D000F4EEC66AF1EE10FA0DD5F1EE666AC3E767
:1083E000B4EEE67AF1EE10FA08DDF1EE666AC6E761
:1083F000F0EE455AE0E6B0EE656A09E7B0EE467A7F
:1084000032E700BF38B5164B164C1878164D1421BC
:108410000CF032F9154BDFED166A93ED007A154A30
:1084200015491648C6EE877A00230B6003602B605F
:108430002360C2ED007AF4F783F8114BA36013F0C8
:10844000ADF8104A104992F85F224B79A2F101026F
:10845000B2FA82F2520962F304134B7138BD00BFC5
:1084600068900020FC7C0020F07C0020D47C030875
:1084700035FA8E3C147D0020B87C0020C47C00209E
:108480000AE81CC1B0810020347D00202DE9F843AA
:108490005B4B5C4FDFF890815B4E5C4D2DED088BA4
:1084A00081460220D3ED00BA9FED598AFDF73CFBCF
:1084B000584B4FF4FA601A68C7F864220023C7F8D3
:1084C0007032C7F86822C7F86C22C7F87432C7F850
:1084D0007832C7F88032C7F88432C7F88832C7F8D4
:1084E0008C32C7F89032C7F89432F8F755FFB0EEE7
:1084F0006B0A12F0B9FDB0EE489AB0EE48AAF0EE61
:10850000489AB0EE48BAF0EE48AAF0EE488A4FF426
:108510009674F4F78DFA4FF4FA60F8F73DFFB0EE79
:108520006B0A12F0A1FD013CD8ED004A96ED005A0D
:10853000D5ED005A96ED016AD5ED016A96ED027A05
:10854000D5ED027AA4B278EEA48A7AEE85AA3BEE43
:1085500025BA79EE869A3AEE26AA39EE079A38EECF
:10856000278A002CD5D12C49DFED2C7A4A792C4B67
:108570002BEE27BA42F0100268EEA78A6AEEA7AA8D
:1085800093ED007A4A711BEE102A98EE277AC7F80D
:10859000702201242AEE27AA18EE903A1AEE902AA9
:1085A00069EEA79A29EE279AC7F87C32C7F860329D
:1085B000C7F88C221B4B87F85F421AEE102A17EE81
:1085C000100AC7F874221C7019EE902A19EE103A9E
:1085D000C7F89022C7F89432C7F8780202F0BAFCC4
:1085E0002146082000F076FA0220FDF7AFFABDEC34
:1085F000088B224648463421BDE8F8430CF08EB87B
:108600002C7D0020B0810020B87C0020C47C00209C
:1086100000000000D87C0308347D00200E745A3B13
:10862000DC7C0308A8810020BC0000202DE9F04F6D
:108630002DED028B91B0AE4B0190022093ED008A9C
:10864000AC4FDFEDAD8AAD4EDFF8C8A2DFF8C892BF
:10865000FDF76AFAAA4B4FF000081B68C7F86432AE
:10866000C7F86832C7F86C32C7F87082C7F87482EE
:10867000C7F87882C7F88082C7F88482C7F88882F2
:10868000C7F88C82C7F89082C7F89482F4F7D0F9C3
:108690004FF4FA60F8F780FEB0EE480A12F0E4FCFE
:1086A000D6ED007AF4EEE87AF1EE10FA06DC6420FA
:1086B000F8F7FEFE0220FDF75DFAE7E710AB08EBE6
:1086C0004804142503EB880B03EB84044FF4FA6091
:1086D000F8F762FEB0EE480A12F0C6FC5BED0E4AF7
:1086E00014ED065A54ED0C5A14ED056A54ED0B6A5C
:1086F00014ED047A54ED0A7A96ED004A9AED001AC8
:10870000D9ED001A9AED012AD9ED012A9AED023A23
:10871000D9ED023A74EE844A35EE015A75EEA15A4B
:1087200036EE026A76EEA26A37EE037A77EEA37A25
:10873000013DADB24BED0E4A04ED065A44ED0C5A24
:1087400004ED056A44ED0B6A04ED047A44ED0A7AFF
:10875000002DBBD1B8F1000F00F0AA80DFED697ADF
:10876000DDED0A5A9DED025ADDED0B3A9DED0D4A05
:10877000DDED036A9DED0E7A9DED0C6ADDED0F4A8D
:10878000DDED042A604B65EEA75A25EE275A63EE0D
:10879000A73AB0EE653A94EE273AB0EE454A96EE27
:1087A000A74AF0EE636AD7EE276A26EE276AC6EE7E
:1087B000846AB0EE467A94EEA77A83EE043A87EEA6
:1087C000047A16EE904ADDED076ADDED094AC7F836
:1087D000844266EEA76A13EE105A17EE100A9DED5A
:1087E000063A9DED087AC7F8805264EEA74AE2EE99
:1087F000A76AC7F88802E3EE274A27EE277A9DED9D
:10880000053AA3EE277AB6EE003AD3ED007A66EE8B
:10881000836A15EE103AD4EE837AC7F87C3216EEEE
:10882000903A15EE901A27EE037AC7F8703216EEDA
:10883000103A13EE902AC7F88C12C7F8943217EE4C
:10884000101A17EE903AB5EEC04AF1EE10FAC7F8DA
:108850007412C7F89022C7F878323ED4F3EE047A47
:10886000B4EEE74AF1EE10FA4CBF01210021274A8D
:10887000537961F3041353715379DB0623D5012433
:108880002146082087F85F4200F024F90220FDF716
:108890005DF90198224634210BF040FF1C4B012268
:1088A0001A7011B0BDEC028BBDE8F04F02F052BB64
:1088B0000121F2EE047A084674EE278A4FF001088F
:1088C00000F008F9E2E600F0E9F9FF22019887F8E4
:1088D0005F2234210BF022FFE0E7FBEE047AB4EED6
:1088E000E74AF1EE10FACCBF01210021BFE700BF3B
:1088F0002C7D0020B08100200000C8C2BC000020F8
:10890000D87C0308CDCC4C3DDC7C0308347D0020B2
:10891000A8810020B87C0020C47C0020174B184997
:10892000D3F87C22D1ED007AD3F88012D3F89002EC
:1089300007EE102AD3F88C2277EEC77A06EE102ABB
:1089400007EE101AD3F88422A7EE876A06EE900A83
:1089500007EE102AD3F88822D3F89432E7EE876A1C
:1089600005EE902A07EE103AA7EEA57A054B83EDA7
:10897000006AC3ED016A83ED027A7047B08100207E
:10898000BC000020087D002008B51C4BDA781207D7
:1089900014D51B4ADFED1B7A92ED007A1A78B4EEFB
:1089A000E77AF1EE10FA4CBF0121002161F3C30216
:1089B0001A70DA7861F38612DA7008BD124804F092
:1089C000D7F81249DFF848C091F800E00B4BB0FA35
:1089D00080F0400986450ED0BCF90020002A09DD50
:1089E000511E0EF001001A78ACF8001060F3C302BB
:1089F0001A7008BD08706421F5E700BF347D0020BF
:108A0000FC100020CDCCCC3DF4810308197D002062
:108A1000CC00002008B5174B1B78012B13D0164B48
:108A2000164A1B7843B903F0FF03117963F3C711AA
:108A300011711079C00908BD5379C3F3800383F025
:108A40000103DBB2F1E70E4890F83430002BE6D09A
:108A5000383004F08DF8094A28B15079C0F380000D
:108A600080F00100C0B2137960F3C713137110795D
:108A7000C00908BD1A7D0020AA8E0020347D002088
:108A80008881030808B5104B5A79D10609D50F4AD9
:108A9000127852B11A79520608D40D4B1B78012B6B
:108AA00003D02720F8F7C4FD20B908BD5B799B07E8
:108AB000FBD4F2E727204FF4FA71F8F763FDBDE825
:108AC00008400020FDF756B8347D0020A48E002019
:108AD000A98E002070B506460D46FCF7F3FF56B18F
:108AE000642303FB06F600244FF47A700134F8F790
:108AF00053FCB442F8DBFCF7FDFF55B1642303FBE4
:108B000005F500244FF47A700134F8F745FCAC42C7
:108B1000F8DB70BDC8B170B506460025FCF7D2FF82
:108B2000C8244FF47A70F8F737FC013CF9D1FCF710
:108B3000E1FF4FF448744FF47A70F8F72DFC013CD4
:108B4000F9D10135B542E9D170BD7047084B9B7929
:108B50009B0700D5704700B583B00190FCF7B2FFCA
:108B60000199042003B05DF804EBF8F70BBD00BFDA
:108B7000347D002008B5404B5A7912F0200FC2F323
:108B800040113E4A41D0042111703D4A1278002A1A
:108B900039D15A79C2F34011920625D59A7961F3F9
:108BA00041029A719A79910741D55A79920631D545
:108BB00040F6B8334FF0FA0C3249334A0B601520B7
:108BC000C2F800C0F8F734FD002834D02F4B2E4AED
:108BD0001B78002B30D02B4915200968F8F7D2FC00
:108BE000BDE80840FCF786BF1A789006C2F3401132
:108BF000D4D4274A1278042A05D0092A03D0254A5A
:108C00001278032A2CD10121C8E710780028BCD0A3
:108C10001170BAE71B789B0616D41F4B1B78DBB983
:108C20001B4B1B78042B21D07D239C46C4E70420DA
:108C3000F8F7FEFC60B908BD11681520F8F7A2FC32
:108C4000BDE80840FCF73EBF4FF416739C46B3E7FF
:108C5000BDE80840FCF74EBF4FF47A739C46ABE783
:108C60000D4A1178003918BF012197E741F28E2390
:108C70004FF0FA0CA0E700BF347D00203E38002002
:108C80001B7D0020C8000020C4000020A24300205B
:108C9000307D00203F3800206C38002000200AF092
:108CA000F9BF00BF08B5194B1B789BB9184BD3ED22
:108CB000017AF5EEC07AF1EE10FA0DD49FED157A37
:108CC000F4EEC77AF1EE10FA0DD54FF4FA612220D6
:108CD000F8F758FC002008BD9FED0F7AF4EEC77A34
:108CE000F1EE10FAF1DC2220F8F7A2FC0028F1D016
:108CF0000A4A0B4B92ED007AD3ED007AB4EEE77A94
:108D0000F1EE10FAE6DD074BDB78E3E7A98E0020F1
:108D1000D87C0020AA619C3FAA619CBFA838002093
:108D2000A4380020347D00204B4B1B78192B4B4B73
:108D300053D01A7912070AD401209A78D20702D4A4
:108D40005A78D2094BD0464A0123137070475A799A
:108D50005007C2F38001EFD4424A92F90020002A62
:108D6000EADC00B5404A1278012A83B044D03F4A79
:108D700012782AB15979C1F3800181F00101C9B299
:108D80001A7961F3C7121A711A79D20902D0384AD6
:108D9000127892B95A79D1070FD4364A127862B94B
:108DA0001A79920609D55A79D00606D59A7891068D
:108DB00031D4314A527C052A2DD001209A78D1072E
:108DC00015D45A78D20912D11B79254AC3F3C003AE
:108DD00083F00103137003B000BD0020ADE71B79E1
:108DE0001F4AC3F3C00383F00103137070471C4A8A
:108DF0000123137003B000BD204890F83420002AEE
:108E0000B5D03830CDE9001303F0B2FEDDE9001330
:108E10000028B5D0AEE71A4A12788AB11A795206FC
:108E200002D55A7990070BD41649134A097802EBF8
:108E300001125278022A03D0134A1278012ABCD1B7
:108E40001A789106B9D41A7A1207B6D49A78D0074C
:108E5000B3D45878C009B1E7F5000020347D002074
:108E60001B7D0020DC2F00201A7D0020AA8E002010
:108E70001C7D00203C380020E47C03088881030826
:108E8000A48E0020F7000020A98E00202DE9F843D1
:108E9000354C364900202070034660700246A070B1
:108EA000E07020716071A071E07120726072A07238
:108EB000E07241F8232001332F2BFAD12C4B2D489F
:108EC000DFF8F490DFF8F4802B4F2C4E00240025BF
:108ED000C3E900454FF49872C3E902450021C3E994
:108EE0000445C3E90645C3E908451CF07DFF40F68B
:108EF000F872002122481CF077FF22484FF42A72B2
:108F000000211CF071FF204B254618464FF42E72AD
:108F100000211CF069FF3D51355104340C2C49F8F7
:108F2000045B48F8045B00F52E73EED11749184A2C
:108F30001848194C002313600B60184B1849194A44
:108F40000D7000260027C3E900674FF07E530360D1
:108F500015482360072111700360144A144815490D
:108F600003601160BDE8F883347D0020B02E00203E
:108F7000702F002078A80020FC7C0020D87C0020E6
:108F800078110020D0380020783B0020FC2F0020F2
:108F9000A8380020F02F0020EC2F0020D000002067
:108FA000D47C0020307D0020E82F0020A438002051
:108FB000A0380020CCCCCC3DF07C0020E47C00200C
:108FC00080B170B5084E0546002430780FF06EFB76
:108FD0000020FDF70BFB01343220F8F769FAA542B7
:108FE000F3D170BD704700BF689000202DE988481C
:108FF0007D2018F039FB002840F03A83C04DDFF89F
:1090000050830D232B70F8F769FB4FF47A70F8F753
:109010004FFA1024FFF73AFF0F232B7002F0C4F928
:109020002C7004F0A3FAB74B214618780BF024FB00
:109030000A20FFF7C5FF11F0BFFEF7F7AFFBFCF703
:1090400011FF0020FCF770FDF2F7A6F8FFF7DAF940
:1090500015F03CFFF2F71CFD00F008FC0A20FFF7BA
:10906000AFFF03F051FA11F0F7FFFCF715FDF3F72E
:1090700039FD0A20FFF7A4FF15F0BAF998F803307C
:109080001C0700F1FA82F6F739FAFCF7BBFD022162
:109090000820FFF71FFD98F80330DFED9B8A9B4FF8
:1090A000DFF8B0A29A4CDFF8B092DFF880B29FED03
:1090B000998A23F0200388F80330F8F717FD964BC0
:1090C0000020D3E90023F8F769FA944B01201870C7
:1090D00007232B70FCF7DCFDF3F75CFC00260DE0AA
:1090E0002068342303FB009393F82030002B7ED1BB
:1090F000F9F708FD0020F8F7A9FA18BB0A20F3F7E2
:109100009FFCF3F795FC2878052818BF02280CBFB0
:1091100001200020F3F716FC3B78192BE0D1804B9F
:109120008AED008A1E707F4B1E707F4B1E7098F870
:109130000430002043F0080388F80430F8F786FA7A
:109140000028DBD0744B0020D3E90023F8F726FA7F
:109150007648F8F7B7F9764B0D2083ED000AF3F760
:109160006FFCF0F76BFA98F80A30580740F1D48199
:1091700098F80A30590740F1BE810D20F3F760FCE2
:10918000604B187800F07CFD0E20F3F759FC15F0C9
:1091900051F8F7F751F8FFF7F7FBFFF7EBFCFFF794
:1091A00071FC584B18780FF081FA00200FF07EFA0E
:1091B0000020FDF71BFA07F0B1F811F005FE2B783F
:1091C0000C2B64D8DFE813F07D0115014F01190065
:1091D0006401EB0063004201DD00CA008E00630001
:1091E00081002078FDF770FAF8F7D2FE2068C0B24F
:1091F000FDF734FA0028F4D17AE7FBF761F800F0C4
:109200000FFB98F8033023F0200388F80330FFF7B2
:1092100001FC002800F0C28101F0AAFF98F8073095
:10922000980703D598F80030590630D5414B9AED90
:10923000007AD3ED007AB4EEE77AF1EE10FAC0F2DC
:10924000FB814FF4FA612220F8F79CF93A49162085
:10925000F8F798F938490720F8F794F944F62061AF
:109260000E20F8F78FF9F6F70DFAF8F71BF9334BE4
:10927000186098F8033043F0200388F80330052382
:109280002B702F4B2F49D3E90023C1E90023F8F7B6
:1092900045F8DBF800302A4AC01ADBF804301060C9
:1092A00061EB030116465160FFF7B4FB48B1D6E904
:1092B0000012244ED6E900038842934138BFC6E924
:1092C0000012214A0123137008E7FFF7A3FB0028CF
:1092D00000F0F48098F80030DB0900F0B981092330
:1092E0002B70D4E7FEF7A6FE184B1B78002BCED0D0
:1092F0004FF4FA611720F8F745F901232B70C6E700
:10930000307D0020689000200AD7233DF500002022
:109310006C90002000000000E00000201C7D002078
:109320004137002042370020DC2F0020207D002024
:10933000287D0020A4380020C0D40100B02E0020D9
:10934000D8000020D0000020F6000020D47C0020AF
:10935000347D0020FC2F0020747E0308FAF7B0FF54
:1093600098F80530C3F30006DB0740F10D810320B8
:10937000FCF7ECFB0120FCF7D7FBC14A0923137073
:1093800085E7FAF79DFF00F04BFAFFF743FB18B9AA
:109390003B78192B7FF47BAF00232B7077E7B94B19
:1093A0001B78012B00F02781FAF78EFCB648F6F700
:1093B00075FCDAED007AF4EEE87AF1EE10FA09D5F0
:1093C000B04B1B78002B00F0C380FFF723FB002875
:1093D00000F0BE80FBF720F8FFF764FC002800F0E7
:1093E000AD800520F9F7B2FFF6F706FF04232B70D6
:1093F0004DE7FAF765FF1720F8F71AF900283FF450
:1094000046AF0320FFF786FB02210820FFF762FB2F
:109410004FF4FA612220F8F7B5F89C491620F8F7C6
:10942000B1F89A490720F8F7ADF844F620610E200C
:10943000F8F7A8F83B78192B00F00D8198F8073061
:109440009A077FF54CAF0C232B7020E7FAF738FF13
:1094500000F0E6F9FFF768FC0646002800F0A78058
:10946000FCF796FB13E7FFF7D5FA00285AD0884B94
:10947000DAED007AD3ED006A864B77EEA67A93EDAB
:10948000007AF4EEC77AF1EE10FA4BDD0523F7E629
:10949000804B9AED007AD3ED007AB4EEE77AF1EEE4
:1094A00010FA52D57C4A002313707C4A01231370B2
:1094B000EFF792FEF3F7CAFDFCF7A4FB07232B702E
:1094C000E5E6FAF7FDFE02210820FFF703FBEFF7C0
:1094D000BFFEFCF7E1FAF3F705FBF6F70FF8F7F735
:1094E000D3FE6F4B6F4A1B78127813437FF400AFA3
:1094F0000A232B70CBE60C20F3F7A2FA6A4B93ED0C
:10950000000A1E46F2F78AFE0D20F3F799FA96ED4F
:10951000000AFCF7A5F937E60B20F3F791FA01F002
:109520006DFA25E6FBF7C6FC0520F8F781F8002860
:1095300069D1584B5D4A1B681360A8E6FBF78EFBA8
:1095400098F801305B067FF5A2AEFCF74DFC9EE675
:109550004FF4FA612220F8F715F84C491620F8F775
:1095600011F84A490720F8F70DF844F620610E205B
:10957000F8F708F840F6C4110520F8F703F8F6F7F5
:109580003BFE02232B7082E60120FCF7DFFA03206A
:10959000FCF7CAFA3A4B1E70032371E601F0DAFCBD
:1095A000EFF71AFEF3F752FD07232B706FE6022147
:1095B0000820FFF78FFA394B3D4A1E70304B1E7062
:1095C00098F8033066F3041388F8033098F80830ED
:1095D00066F3C71388F8083098F8003066F3C713AD
:1095E00088F800300320DAF800301360FCF750FBF5
:1095F00008232B704BE698F809305A067FF5D4AE55
:10960000F6F7EAFAD0E6294B4FF4FA61222083ED0F
:10961000008AF7F7B7FF1D491620F7F7B3FF1B497C
:109620000720F7F7AFFF44F620610E20F7F7AAFFF7
:109630000320FCF72DFBAFE71620F7F7F9FF002812
:109640003FF425AE0820F9F781FE04232B701EE6B7
:10965000F6F768FA1BE6FCF79BFA98F8033023F05C
:10966000200388F80330FAF72BFE0B232B700EE64D
:109670000AF02AFB0F4B1870C0E4FEF749FB02E525
:109680003E380020A98E0020E0210020C0D4010037
:10969000C0380020A4380020AA8E00201C7D0020A5
:1096A000A68E0020D47C0020287D0020A838002031
:1096B000A0380020F9A0002040B9DFED157A9FED19
:1096C000157A37EEC00A20EE070A704700B5DFEDC5
:1096D000127A83B020EE270ACDED010A18F0D6F9F0
:1096E000DFED0E7A20EE270A18F094F99FED0C7A40
:1096F000DDED010AF7EE007A37EEC00A70EE870A58
:10970000DFED087A20EE200A20EE270A03B000BD24
:1097100080E6C547A627AC3D08942537B4C9423E2C
:10972000339388439ED81943F8B52A4C15F0A0FF0F
:10973000A378980604D5E3781907C3F3C00511D5BB
:10974000254A0023194653602448254C254A0160C8
:109750002160254825490023036013600B60536393
:109760001361F8BDA37965F30003A371F7F7D6FD84
:109770001F4BC3181E4641F1000715F0DDFD11F027
:1097800091FBA3791B4A4FF001011170DA0719D53B
:10979000A37923F00103A371F7F7C0FD864205F119
:1097A000010577EB01012DB201D3C82DE5D1A378D6
:1097B0005B0604D5104B5A790AB11968C4E7064B09
:1097C0005968C1E7F7F7AAFD864277EB0101D4D2C9
:1097D000EDE700BF347D0020D07F0020FC1000208A
:1097E000C07F0020D0380020C47F0020F805002072
:1097F00080969800F600002074A60020054B0648CD
:10980000064980ED000A002283ED000A0A605A63CF
:109810001A617047D0380020C47F0020F80500206E
:109820000B490C4A10B500240C700B4950680B4CC6
:109830000B4A206000230B600A4913600B605363DE
:109840001361EEF741FD084CC4E90E0110BD00BFE5
:10985000C87F0020D07F0020C47F0020C07F002070
:10986000D0380020F8050020102D0020134B10B533
:109870001878134C17210AF0FFFE1248B7EE000AC1
:10988000F1F7F4F8104B114893ED000AF5EE007A69
:1098900020EE270AF1F7EAF80D480E490E4A002398
:1098A0004FF0000C84F800C003600B60136011F0EF
:1098B00049FBBDE81040FFF737BF00BF68900020AC
:1098C000B07F0020407D002030000020747E00200A
:1098D000A87F0020AC7F0020FC100020F8B5294FA5
:1098E0007B7FB970012B0C46F962054634D0022B00
:1098F00028D028463E780AF087FE4A2128460AF0FA
:10990000E9FB422128460AF0E5FB314628460AF0E9
:10991000E1FB214628461C4C0AF0DCFB04F1400622
:1099200054F8041F28460AF0F5FBA642F8D1284651
:109930000AF07AFE15483C2200211CF055FA00235B
:109940007B77F8BDB7F92030B7F91E20C7E913239C
:10995000B7F922307B65CCE7B7F91E20B7F9203084
:10996000C7E91323B7F92220B7F92430C7E9152333
:10997000B7F92830B7F92620C7E91723B7F92A30F5
:109980007B66B6E70081002028810020308100201E
:10999000F0B5514E91B000236FF00D02CDE90C33BC
:1099A000CDE90E3300920F4696F820400546F7F7B2
:1099B000B5FC4A4BDFED4A7AD3ED015A93ED006ACC
:1099C00093ED027A474B484A93ED025AD3ED016A70
:1099D0001278019027EE277A25EE275ABDEEC77A36
:1099E000BDEEC55A8DED077A93ED007A3F4B8DEDB4
:1099F0000A5A93ED005A029265EEA75A26EE276A9C
:109A000066EEA76A27EE277A65EE277A384A96F837
:109A1000213012780497FDEEE77AFDEEE55ABDEEAF
:109A2000C66AFDEEE66ABDEEC77ACDED0B7A03920B
:109A3000CDED055A8DED066ACDED086A8DED097AFA
:109A4000F3B1621E02F00F02B018B15C027C012B70
:109A500042EA01220C9213D0A21E02F00F02B018AB
:109A6000B15C027C022B42EA01220D9208D0033C39
:109A700004F00F04315D3444227C42EA01220E924C
:109A80001C4996F82020C9781B0643EA012313439A
:109A900028460F930AF0B8FD4A2128460AF01AFB1F
:109AA000422128460AF016FBFF2128460AF012FB45
:109AB000002128460AF00EFBADF104040FAE54F865
:109AC000041F28460AF026FBA642F8D1284611B00A
:109AD000BDE8F0400AF0A8BD38800020FC7C0020E2
:109AE00000007A44F07C0020307D0020BC00002083
:109AF0003F380020E47C030810B40648064C837A03
:109B0000002123F004032170837210BC03486C22EF
:109B10001CF06AB9347D0020F8800020008100200C
:109B2000F8B5402205460F464C484D4E00211CF02A
:109B30005BF9FEF76FFF10B1F3781B074BD5494C6B
:109B40006C22002120461CF04FF9012F27706AD0AB
:109B5000022F6DD07521002002F0E2FEE071003886
:109B600018BF012040F601032279207763803E4B25
:109B700003EB02133D4ADB78637103EB430302EB13
:109B8000C30328465B686361B37A002243F0040391
:109B9000A261B3720AF038FD4A2128460AF09AFA07
:109BA000422128460AF096FA394628460AF092FAE7
:109BB000002128462E4C0AF08DFA04F1400654F894
:109BC000041F28460AF0A6FAB442F8D12846BDE898
:109BD000F8400AF029BD234E03224FF0FF332846F8
:109BE0007270F3620AF010FD4A2128460AF072FAF8
:109BF000422128460AF06EFA394628460AF06AFAE7
:109C0000FF2128460AF066FA06F12804683654F85F
:109C1000041F28460AF07EFAB442F8D12846BDE86F
:109C2000F8400AF001BD134BA7701A7822719EE725
:109C3000F1F72EFF482200210F481CF0D5F824220E
:109C40000E4800211CF0D0F80C4A0023C2E9093369
:109C50001363D36201232279A37088E72C8100204B
:109C6000347D002000810020E47C0308508F002018
:109C700028810020F7000020B08000207C80002098
:109C80002DE9F041AD4FBB7A5B078CB042D5AC4CAF
:109C90002578012D064635D0022D46D0002D3CD02A
:109CA000032363706FF00103E3620AF0ADFC4A2105
:109CB00030460AF00FFA422130460AF00BFA2946E4
:109CC00030460AF007FAFF2130460AF003FA04F1A1
:109CD0002805683455F8041F30460AF01BFAA542DF
:109CE000F8D130460AF0A0FCBB7A964C944800218B
:109CF00023F00403BB726C2221700CB0BDE8F0416C
:109D00001CF072B8A378012B00F08980042B1CD0C2
:109D10000423A3700CB0BDE8F081A378013B032BB2
:109D2000F6D8DFE803F050692F5FA178022900F030
:109D3000158104297DD00129EAD1834B1A6BB2F534
:109D40007A7FC0F01A83A570E4E763797F4A61697E
:109D50007C4D03EB430302EBC303A2685B685B1A11
:109D6000C4E90C23D4E90332FF21C4E90E23FFF731
:109D7000B5FDBB7A002123F004032046BB726C22A0
:109D80002970BAE7402504E06B1E13F0FF0500F0D0
:109D90005D8108AB0E2220793B2102F019FEA368F9
:109DA0000133DAB2A360002AEED12079752102F0E6
:109DB000B7FD237F002BE7D0E3798342E4D023690A
:109DC00001332361E0E7E378772B40F2A58200239B
:109DD000C4E903330221A170A3600CB0BDE8F041D7
:109DE000FFF77CBDA369A268FF21C4E90C232369A6
:109DF000A363FFF773FD77E7A3687F2B40F2A6828A
:109E00006379524903EB4303002201EBC3030321AF
:109E1000A170A26022615B68C4E90532DDE7A36836
:109E2000B3F57A6FC0F0688102220421A270236327
:109E3000D3E7454B9FED467A596A9A6A93ED0D6ACE
:109E4000D3ED0E7AD3ED0F4AA1630A449A62DA6A1F
:109E5000226326EE075A1A6B626367EE875A64EE36
:109E6000876A1A68BDEEC55AFDEEE55AFDEEE66A50
:109E7000012A84ED0F5AC4ED105AC4ED116A00F2A4
:109E800033820022A2645A68012A00F2138200225F
:109E9000E2649A68012A00F2DB81002267EEA77A69
:109EA0009FED2C5AD3ED156AD3ED135A2265E6EED9
:109EB000067A9A6993ED146AE4EEA47A012ADFED3A
:109EC000244AB1EEE77A66EE857A65EE855AFDEEB4
:109ED000E77A26EE056AC4ED177A67EE247AFDEE7E
:109EE000E55ABDEEC66AFDEEE77AC4ED155A84ED7B
:109EF000166AC4ED187A00F29381002204213046DC
:109F000003936266FFF7EAFC039BDA6A01320E2ACA
:109F1000DA6200F2B884482200210F4803931BF054
:109F200063FF2422002108481BF05EFF039B0022F0
:109F300001215A621A63A170ECE600BF347D002053
:109F400000810020F88000207C800020508F0020BD
:109F500000007A440000C842B0800020C94BDFED09
:109F6000CA7AD3ED005A93ED017A93ED026AC74B9A
:109F70009FEDC74AD3ED012A93ED003AD3ED023AA3
:109F8000C44BDFEDC51AD3ED024A65EEA56A27EE94
:109F9000275AE7EE076A93ED007AE6EE066A27EEA7
:109FA000047AB1EEE62AD3ED016ABC4B66EE846A10
:109FB00064EE844A93ED004AB94B65EEA75A26EE4B
:109FC000276A62EEA72A23EE273A63EEA73A66EEE7
:109FD000A16A27EE217A64EEA14A22EE272A64EED6
:109FE000277A1A6B2263FDEEE44ABDEEC22ABDEE6B
:109FF000C55AFDEEE55ABDEEC66AFDEEE22ABDEE9B
:10A00000C33AFDEEE33AFDEEE66ABDEEC77AFDEE39
:10A01000E77A5A6ADB6AC4ED164A84ED172A84EDA2
:10A020000E5AC4ED0F5A84ED106AC4ED112A84ED66
:10A03000123AC4ED133AC4ED146A84ED157AC4EDF6
:10A04000187A63636266FFF749FC61E6637F93BB3E
:10A050009DF820109DF821309DF8222003EB01236C
:10A06000E3839DF823309DF8241003EB022323841F
:10A070009DF825309DF8262003EB012363849DF88D
:10A0800027309DF8281003EB0223A3849DF8293084
:10A090009DF82A2003EB0123E3849DF82B309DF8E3
:10A0A0002C1003EB022323859DF82D30012203EBB6
:10A0B00001236385627763797A4A216903EB43035D
:10A0C00002EBC30362695B689B1AA361A268002963
:10A0D00040F09D8044F61F60824200F29880C2F3F7
:10A0E0000905002D7FF416AE30460321C4E90D3575
:10A0F0002263FFF7F3FB0DE6207908AB062203216C
:10A1000002F066FC002800F03481BDF824100898A5
:10A11000BDF82030627FBDF822E049BA40BADBBA10
:10A120000DB222B90222C4F81E006184627713F5D1
:10A13000805F00F0D2839EFABEFE1EF5805F00F0C5
:10A14000CC8315F5805F00F0C883DFF860C19CF810
:10A150000020002A00F0CB83534FB7F900209A4229
:10A16000904600F0CB83B3EB080244BF5A42A2EB07
:10A170000802B7F902303860B2F5967FD8BF4FF0C9
:10A1800000081A46C8BF4FF00108BEEB030344BFE6
:10A19000CEF100039B1AB7F904E0B980B3F5967FBE
:10A1A000D4BF00230123B5EB0E0244BF6A42A2EBE9
:10A1B0000E02B2F5967F4FF0010143EA0803D4BFC7
:10A1C000002201228CF80010002B40F08C83002A22
:10A1D00040F08983E3680133E360A3680133C3F38C
:10A1E0000902A360002A7FF495AD62792D492569A3
:10A1F00002EB420201EBC20261695268A563521A86
:10A2000030460221C4E90C32FFF768FB82E5C4E95D
:10A210000D31304604212263A170FFF75FFB79E521
:10A22000013A07EE902A93ED1C7AF8EE677A87EEF2
:10A23000270AB5EE400AF1EE10FA00F1A183F1EE23
:10A24000C07A67EE857AFDEEE77A17EE902A55E63A
:10A25000013A07EE102AD3ED186AB8EE477A86EE77
:10A26000870AB5EE400AF1EE10FA00F15583B1EE1F
:10A27000C07ADFED056A27EE267ABDEEC77A17EEC3
:10A28000102A0BE6FC7C002000007A44F07C0020C1
:10A29000E12E6542D87C00200000C842BC000020AE
:10A2A0007C800020508F00203080002036800020ED
:10A2B00000007A44013A07EE102AD3ED176AB8EE8F
:10A2C000477A86EE870AB5EE400AF1EE10FA00F101
:10A2D0003D83B1EEC07A5FED0A6A27EE267ABDEEC5
:10A2E000C77A17EE102AD3E5013A06EE902AD3ED8D
:10A2F000165AF8EE666A85EEA60AB5EE400AF1EE49
:10A3000010FA00F14D83F1EEC06A66EE876ABDEE89
:10A31000E67A17EE102AB5E5590008AB20790093CC
:10A320000022012301F0FE0101F0F2FCE37850B1BC
:10A33000A2790132D2B20D2AA271226303D804EBB2
:10A340008202590051630233E370E3E420797521FE
:10A3500002F0E6FA237F002B00F0A782E379834224
:10A3600000F0A382236901332361A3680133A36052
:10A37000D0E42369013323612CE7E64EE64D96EDE8
:10A38000000AE64CCDE9031310F06EFEFDF7C2FDA6
:10A3900096ED000AF1F708FF9FEDE14AD6ED004A7D
:10A3A000D5ED022A95ED002AD5ED011A94ED021A99
:10A3B000D4ED000A94ED010AF0EE443AB0EE443ACE
:10A3C000F1F796FCF1F776F9049B95ED001A1A68FF
:10A3D000D3ED0D1AD4ED000AD3ED102A93ED165AE1
:10A3E000D048D3ED195AD3ED133A9FEDCF4A93EDF0
:10A3F0001C6A0399013207EE902A31EE612AF8EEC9
:10A40000677A1A60DA6882EE277A0132DA6007EE3C
:10A41000902A30EEE23AF8EE676A37EE217AC3EE20
:10A42000267A9A69013271EE471AD0ED006A83EDFF
:10A430000D7AB0EE457AA1EE827A9A6177EEA27A31
:10A4400083ED167A30EEE77AC3ED107AF0EE657A96
:10A45000E7EE037AF0EE634AD6EE844AC3ED197A4A
:10A4600007EE902AB8EE677AB4EE411AC4EE877A06
:10A47000F1EE10FA77EEA37AB0EE677A96EE847A70
:10A48000C3ED137AF0EE467AE7EE247AC3ED1C7A38
:10A4900040F01182DFEDA57AB4EEE71AF1EE10FA82
:10A4A00000F30982DFEDA27AB4EEE71AF1EE10FABA
:10A4B0004CBF01260026F4EE600AF1EE10FA40F0DF
:10A4C000F881DFED9A7AF4EEE70AF1EE10FA00F384
:10A4D000F081DFED977AF4EEE70AF1EE10FA4CBF67
:10A4E00001270027D3ED141ADA6990ED016A9FED78
:10A4F0008E2A93ED1D5A95ED010AD4ED010A93EDD4
:10A500000E3AD3ED175A93ED114A93ED1A7A0132B0
:10A51000F0EE612A07EE902AD6EE022ADA615A6836
:10A52000B8EE671A0132C2EE817A5A6070EE433A91
:10A5300077EEA17A70EEC44AF0EE671AD6EE021AF0
:10A54000C3ED147AF0EE457AE1EEA27AB4EE400A59
:10A55000C3ED1D7A07EE902AB8EE675A1A69C3EE6A
:10A56000857A01321A61F1EE10FA77EE837A30EED5
:10A57000675AC3ED0E7AF0EE657AE5EE237AC3ED05
:10A58000177A07EE902AF8EE675AC4EEA57A77EEAE
:10A59000847A70EEE75AC3ED117AF0EE477AE5EE71
:10A5A000A47AC3ED1A7A40F08E81DFED607AB4EEC2
:10A5B000E70AF1EE10FA00F38681DFED5D7AB4EE82
:10A5C000E70AF1EE10FA48BF46F001063743F4EE11
:10A5D000600AF1EE10FA40F07481DFED547AF4EE87
:10A5E000E70AF1EE10FA00F36C81DFED517AF4EE38
:10A5F000E70AF1EE10FA4CBF012600265A69D4EDA5
:10A60000025A93ED120A95ED025AD0ED024A93EDEB
:10A61000151ADFED451AD3ED0F2A93ED184A0132D2
:10A6200007EE902A5A611A6A75EEC00AF8EE677A48
:10A630000132B0EE412A80EEA77A1A6207EE902A24
:10A6400094EEA12A9A68F8EE673A37EE007AC2EEE5
:10A65000237A01329A6035EEC70A77EE817A83ED6C
:10A66000127AB0EE671A94EEA11A93ED1E7AC3ED3A
:10A67000157AF0EE477AE2EE017A35EE623AC3EDF2
:10A680001E7A07EE902AB8EE677AD3ED1B3AC3EE36
:10A69000077AE0EE803A77EEA27AB4EE455A35EECC
:10A6A000677AC3ED0F7AF0EE447AE3EE077AF1EEC3
:10A6B00010FAC3ED1B3AC3ED187A40F00081DFEDCC
:10A6C0001B7AB4EEE75AF1EE10FA00F3F880DFEDF2
:10A6D000187AB4EEE75AF1EE10FA48BF47F00107D6
:10A6E00046EA0700F4EE655AF1EE10FA40F0E58014
:10A6F000DFED0E7AF4EEE75AF1EE10FA00F3DD80AA
:10A70000DFED0B7AF4EEE75AF1EE10FA4CBF0122BE
:10A7100000220FE0287D0020FC7C0020F07C00203F
:10A7200000000000D87C0020E12E6542CAF2497189
:10A73000CAF249F1A84CD4ED007AF4EE677AF1EE52
:10A7400010FA40F0C8809FEDA57AF4EEC77AF1EEDA
:10A7500010FA00F3C0809FEDA27AF4EEC77AF1EE12
:10A7600010FA48BF40F0010002439E48D0ED007A45
:10A77000F4EE677AF1EE10FA40F0AB809FED977A35
:10A78000F4EEC77AF1EE10FA00F3A3809FED947A0D
:10A79000F4EEC77AF1EE10FA48BF42F00102924897
:10A7A000D0ED007AF4EE677AF1EE10FA40F08F8087
:10A7B0009FED8A7AF4EEC77AF1EE10FA00F3878003
:10A7C0009FED877AF4EEC77AF1EE10FA48BF42F0B7
:10A7D00001028648D0ED007AF4EE677AF1EE10FAC5
:10A7E00073D19FED7E7AF4EEC77AF1EE10FA6CDC4D
:10A7F0009FED7B7AF4EEC77AF1EE10FA48BF42F093
:10A800000102B4EE466AF1EE10FA10D1DFED737A70
:10A81000B4EEE76AF1EE10FA09DCDFED717AB4EE1E
:10A82000E76AF1EE10FA54BF114642F00101F4EE6E
:10A83000666AF1EE10FA34D1DFED687AF4EEE76A79
:10A84000F1EE10FA2DDCF4EE644AF1EE10FA28D1A4
:10A85000F4EEE74AF1EE10FA23DCDFED617AF4EE74
:10A86000E74AF1EE10FA1CD4F4EEE76AF1EE10FAC2
:10A8700054BF0A4641F00102D2B292B91A6B0132BA
:10A880001A63FFF747BA9B6AA3634FF47A73226394
:10A89000FF2103FB02F230466263FFF71FF8FFF768
:10A8A00023BA5A6A01325A62E8E7E3680133E36087
:10A8B0005BE5012716E60E46FDE501223AE7012099
:10A8C00010E701269AE6012781E6012299E7012295
:10A8D0007FE7012263E7012247E7454B454A1860BD
:10A8E00099800123137023690133236175E4404B80
:10A8F0001860998001238CF800306BE4B7F90220CE
:10A9000072457FF430ACB7F90420AA427FF42BAC37
:10A9100001238CF80030E6E70693CDED054ACDED36
:10A92000047A8DED036A17F059F99FED337A9DEDA6
:10A93000036ADDED054A069B20EE077AFDEEC77A35
:10A9400017EE902ADDED047AFFF7A8BA0693CDED55
:10A95000054ACDED047A8DED036A17F03FF99FEDBE
:10A96000267A9DED036ADDED054A069B20EE077A07
:10A97000FDEEC77A17EE902ADDED047AFFF788BA6C
:10A9800004938DED035A17F029F99DED035A049BAA
:10A9900060EE057AFDEEE77A17EE902AFFF7AEBA81
:10A9A00007938DED067ACDED054ACDED047A8DED58
:10A9B000036A17F013F99DED067A9DED036ADDED4C
:10A9C000054A079B20EE077AFDEEC77A17EE902A1C
:10A9D000DDED047AFFF756BAB80F0020CAF24971CC
:10A9E000CAF249F1B40F0020B00F0020AC0F0020D4
:10A9F000308000203680002000007A4470B5844802
:10AA0000844C0278A568002A4CD0834B1E78F6F758
:10AA100085FC824BDFF828C21A68801A5A6861EBFD
:10AA20000201002284458A41C0F0E0807C4B7D4ACF
:10AA300019787D4B107893F830208A4200F0D0804E
:10AA400093F8202083F8310003EB020C9954013273
:10AA500002F00F0283F8202093F821208CF81000D8
:10AA60000F2A9CBF013283F8212083F830105A6AE4
:10AA7000AA4234D000222946304683F84020FEF70F
:10AA800087FF6A4A684B12785D6202EB420204EB70
:10AA90008202616992683046BDE87040C3E90A21CC
:10AAA0000BF024BC6149604B09785D6201EB410108
:10AAB00004EB81016469896899625949DC62594CE7
:10AAC0000978247883F83010C3E90D22012183F836
:10AAD00031401A84DA6383F84020017070BD534A14
:10AAE0006069127802EB420204EB82029C6A92686F
:10AAF000944202D1DC6A844207D0C3E90A2030467E
:10AB00000BF0F4FB464B1978474B032977D90739EB
:10AB1000012976D8464A92ED016AB5EEC06AF1EE97
:10AB200010FA01D5B1EE466AD3ED0E7ADFED416A37
:10AB30009FED417A76EE675AB1EE085AE5EEA67AB5
:10AB4000DFED3E5AD2ED026AC3ED0E7AF4EEC77A1B
:10AB5000F1EE10FAD8BFB0EE677AE7EE055AF4EEE0
:10AB6000C65AF1EE10FAF5EEC06A4CBF0121002181
:10AB7000F1EE10FA01D5F1EE666AD3ED0F7A9FED92
:10AB80002D6A9FED2D7A93F8402076EEE75AE5EE98
:10AB9000867A9FED2A6AC3ED0F7AF4EEC77AF1EE5A
:10ABA00010FAD8BFB0EE677AF1EE085AA7EE256A20
:10ABB000F4EEC66AF1EE10FA27DC31BB8A4218BF08
:10ABC000013AD2B2022A83F8402087D9294630467A
:10ABD000FEF7DEFE144B002283F840205D6270BD5C
:10ABE00093F8312082427FF42BAF40E7F6F796FBD3
:10ABF0000A4BC3E9000130460BF078FB16E7012948
:10AC000088D8002283F8402070BD0132D2B2D9E743
:10AC1000F8800020D88E0020689000202880002036
:10AC2000307D00203F38002038800020F7000020D1
:10AC3000F07C0020CDCC4C3D9A99193ECDCCCC3D3A
:10AC400040420F0000B5424BDFF808C1DFF818E1C1
:10AC500083B0002218E093ED037AD3ED046AB4EEDA
:10AC6000E77AF1EE10FA29DCF4EEE67AF1EE10FA6A
:10AC7000D4BF17EE901A16EE901A60440132802A63
:10AC8000C0F8071022D01C331968002944D0187965
:10AC9000032849D0097807EE901AF8EE677A9000F9
:10ACA00059790029D7D00EEBC10191ED007AD1ED91
:10ACB000016AB4EEE77AF1EE10FAD5DD17EE101A5C
:10ACC00060440132802AC0F80710DCD1214B0022F9
:10ACD00003F6EC4053F8041B834282EA0102F9D1E7
:10ACE0009CF8ED1C9CF8EC0CCDF800C04840C2F379
:10ACF000072350405840C2F30743584080EA12608F
:10AD00008CF8EE0C144A40F6EF430821012000F0C5
:10AD1000B9FC68B903B000BD0CEB82019000D1F81A
:10AD2000071007EE901ABBE7D1ED007A9000B7E765
:10AD30000A4B00930A4A20230821002000F0A2FCBD
:10AD40000028E7D0074B00221A7003B000BD00BFF7
:10AD5000146E0308B08100200040000888810020A4
:10AD600000500008A8810020147C030838B55A4C14
:10AD7000054640F65122002120461BF035F84022BE
:10AD80000021A4F192001BF02FF8002D73D06FF476
:10AD9000277504EB050E5148514900238EF8063003
:10ADA000AEF8043000F1FF3C00F6FF544FF0FF33E3
:10ADB0001CF8012F5A4012F0010318BF0B4683EA1A
:10ADC000520313F0010218BF0A4682EA530212F03E
:10ADD000010318BF0B4683EA520313F0010218BFA8
:10ADE0000A4682EA530212F0010318BF0B4683EAB7
:10ADF000520313F0010218BF0A4682EA530212F00E
:10AE0000010318BF0B4683EA520313F0010218BF77
:10AE10000A46A44582EA5303CAD1DB43314ACEF83D
:10AE20000732CEF80020002310E0D0ED057AFCEECA
:10AE3000E77A17EE901A11700EEB83020133416925
:10AE4000C2F80710802B00F11C0008D00268002A0D
:10AE5000F2D001790329E8D141691160ECE7224B76
:10AE6000224A1B780121052B117000D138BDBDE8A5
:10AE70003840FFF7E7BE1D222946A4F13E0044F802
:10AE8000525C44F84E5C44F84A5C44F8465C44F832
:10AE9000425C1AF0A9FF164B16491B68164A44F883
:10AEA0001D5C6FF4277004EB000E44F8195C44F845
:10AEB000155C44F8115C44F80D5C44F8095C0D70B5
:10AEC00044F8215CCEF86432CEF86832CEF86C32A9
:10AED000CEF898225FE700BF4D840020146E03086F
:10AEE0002083B8EDE6BEEDFE307D0020A881002075
:10AEF000D87C030888810020CDCC0C3F03061ED4EB
:10AF0000124BC0EBC00003EB80035A79C2B1104B67
:10AF100003EBC20393ED007AD3ED016AD1ED007A21
:10AF2000F4EEC77AF1EE10FA02D581ED007A70479F
:10AF3000F4EEE67AF1EE10FA01DDC1ED006A704739
:10AF400093ED037AD3ED046AE8E700BF146E0308BB
:10AF5000147C0308054B1B781BB1054B1B78052B94
:10AF600001D101207047FFF76DBE00BFA88100200E
:10AF7000307D002000B52F4A2F4B12789978C2F30C
:10AF8000400060F304119970197AC2F3001060F365
:10AF900041011972597A62F304115972D97941F059
:10AFA0002001D971D978C2F3C00C6CF3C301D970F8
:10AFB000597ADFF8A0C0C2F3401060F386115972CD
:10AFC0001E491F484FEAD21EC2F380020A705A7A05
:10AFD0006EF382025A72D9789A7AC1F3C00161F392
:10AFE000C3029A729CF80020164902F0010C81F805
:10AFF00000C01549C2F3400C81F800C01349C2F3E8
:10B00000C00C81F800C01249C2F3801C81F800C056
:10B01000D97912F0100FFFEE007AB7EE007AC2F382
:10B02000401218BFF0EE477A62F38611C0ED007A45
:10B03000D97100BDA38E0020347D0020A48E002095
:10B0400008000020A88E0020A68E0020A78E0020D9
:10B05000A58E0020A28E0020404ADFED417A92EDBD
:10B06000006ADFED405AD2ED016A92ED027AB4EE49
:10B07000E76AF1EE10FAB4EEE56ACCBF01230023D3
:10B08000F1EE10FA10B5D2ED037A4FEAC31301D5F1
:10B0900043F040039FED326AF4EEC66AF1EE10FA17
:10B0A0004FEA930302DD63F07F03DBB29FED2D6A6D
:10B0B000F4EEC66AF1EE10FA01D543F04003DFED7D
:10B0C000286AB4EEE67AF1EE10FA4FEA930302DD55
:10B0D00063F07F03DBB2DFED236AB4EEE67AF1EED4
:10B0E00010FA01D543F040039FED1D7AF4EEC77AC4
:10B0F000F1EE10FA4FEA930402DD64F07F03DCB254
:10B100009FED187AF4EEC77AF1EE10FA01D544F00B
:10B110004004F6F7C7F9144A137843B1012B05D15F
:10B12000124B1B78A34210D00023137010BD0F4B9D
:10B130001978A142FAD04FF4FA6110201C70F6F78A
:10B1400021FA094A0123137010BD1020F6F770FA96
:10B150000028EBD0044A0223137010BD00300020F9
:10B160009999993E3333333F6D8100206C810020E3
:10B170002E4B1B78032B02D00020FAF7E7BC10B54A
:10B18000FFF76AFF2A4B1A78022A04D0BDE8104064
:10B190000020FAF7DBBC274A1278DD2A37D02FD8F7
:10B1A0007D2A3ED0BD2A37D19FED236AF9EE046A8D
:10B1B000224A234992ED9D7AD2ED9C7A37EE067AA7
:10B1C00077EEA67A82ED9D7AC2ED9C7A4FF001026D
:10B1D00014460A70FDF7A2FB0020FAF7CBFC002111
:10B1E0000120FDF777FCF6F75DF964211020F6F7F2
:10B1F000C9F914491620F6F7C5F90D4B1C70C5E7BF
:10B20000ED2A09D1DFED0C6AB1EE046AD0E7DFED7B
:10B210000A6AB9EE046ACBE700201870FAF796FCC8
:10B22000B4E79FED056AF1EE046AC1E7307D0020C6
:10B230006D8100206C81002000000000B0810020A2
:10B24000A8810020C0D401000020FFF78FBD00BFFF
:10B2500008B52DED028BF7F79BF93F4B1B78DA1FF2
:10B26000012A12D90B2B10D03C4B1A78A2F10D03F6
:10B27000052B31D9A2F11403012B61D9A2F11603D8
:10B28000022B94BF0321002127E0354B354AD3ED33
:10B29000007A354B1168DFF80CC1C3F840C0F1EEFD
:10B2A000677A4FF07C520020C3ED067A9A63D86328
:10B2B000D962F2F7ADFEF6F72BF82C4A2C4B127838
:10B2C00007EE902AF8EE677AC3ED137A234B1A78CB
:10B2D000A2F10D03052BCDD80121264BDFED267AF7
:10B2E00003EB820393ED008A244A254B117028EE6C
:10B2F000278AB0EE480A83ED008A16F0D7FC214B6E
:10B3000083ED000AB0EE480A16F090FC1E4B1F4970
:10B3100000221A7081ED000AFFF72CFE1C4B9B786F
:10B3200053B19FED097B1B4A1B491C4BBDEC028BA3
:10B3300081ED007B1A6008BD9FED057B184AF3E79D
:10B340000221CAE7AFF30080E8030000000000001C
:10B35000D007000000000000307D0020F500002034
:10B360007838002074810020D038002081810020AE
:10B37000102D00209465030835FA8E3CA98E00201C
:10B38000B0100020AC100020187D00204C000020E0
:10B39000E47C03086F12833AE00000202C7D00203B
:10B3A0006F12033B0000A04038B58348834A202138
:10B3B00000F01CF98148034600F1200102E08B42B5
:10B3C00000F085801A78FF2A03F10103F7D00023EB
:10B3D000C3777B4C7A4A7B4840F6EF4100F006F990
:10B3E000234604F6EF4102E0994200F086801A7885
:10B3F000FF2A03F10103F7D0734B22689A4269D107
:10B40000DFF8E4E1D4F8075270490EF1FF300EF690
:10B41000FF5C4FF0FF3310F8012F5A4012F0010388
:10B4200018BF0B4683EA520313F0010218BF0A4605
:10B4300082EA530212F0010318BF0B4683EA52035B
:10B4400013F0010218BF0A4682EA530212F0010308
:10B4500018BF0B4683EA520313F0010218BF0A46D5
:10B4600082EA530212F0010318BF0B4683EA52032B
:10B4700013F0010218BF0A46604582EA5303CAD19D
:10B48000DB439D4240D14E4B002203F6EC4053F883
:10B49000041B834282EA0102F9D194F8ED1C94F86E
:10B4A000EC3C4B405340C2F307214B40C2F30741F1
:10B4B0004B4083EA126394F8EE2CDBB29A422AD016
:10B4C0000423002084F89C32FFF750FC08E000239E
:10B4D00003707EE70223002084F89C32FFF746FCCD
:10B4E0003B4A3C491278CB78C2F3C00262F3C303F3
:10B4F000CB70BDE83840FFF7ABBE0523002084F8D1
:10B500009C32FFF733FCEBE70323012084F89C32E5
:10B51000FFF72CFCE4E7304D002327E0DEED037A53
:10B52000DEED046AB4EEE77AF1EE10FA224408D4B4
:10B53000B4EEE67AF1EE10FAD4BFF0EE477AF0EE10
:10B54000667A9EF80400032817EE90CA18BFFCEE36
:10B55000E77AC2F807C016BF17EE902AC1ED007A4D
:10B560000A700133802B0EF11C0E15D0DEF800108E
:10B5700004EB83020029F4D0D2F807209EF80500DE
:10B5800007EE102A9A000028C8D005EBC000D0EDC5
:10B59000007AD0ED016AC5E7104B1B781A1F012A0B
:10B5A00005D923B10E480F4A037001211170012300
:10B5B00084F89C3294E700BF005000088881002086
:10B5C000B081002000400008E6BEEDFE2083B8ED0B
:10B5D000A38E0020347D0020147C0308F9A00020F5
:10B5E0009F8E0020A8810020146E030881B34B1E9B
:10B5F000052B70B502F1FF33154620D91A1A022A1D
:10B600001DD921F003048E0802190346A5EB000E94
:10B61000D3F800C04EF803C004339342F8D1A142DE
:10B620000CD01B7805F82630631C994206D90234E9
:10B63000C25CEA54A14201D9035D2B5570BD0130B3
:10B640001944401BC25C03F8012F8B42FAD170BD34
:10B65000704700BF10B582B0044615F06DF8F320B6
:10B6600015F082F80221204615F0CEF8019015F071
:10B6700073F80198A0F10800B0FA80F0400902B018
:10B6800010BD00BF2DE9F04190461D4670B10C463B
:10B6900015F052F8F32015F067F80221204615F056
:10B6A000B3F8044615F058F8082C1AD115F044F8F0
:10B6B000F32015F059F8BDB1069B08F104061C1FD4
:10B6C000F61AC3F1040701E09D420DD9301954F870
:10B6D000041F15F0C9F8082807EB0403F4D015F08F
:10B6E0003BF80020BDE8F08115F036F8154B1A68DC
:10B6F00022F480621A601A6842F480521A601A6852
:10B7000022F480521A60BFF34F8FCDB1069B069A88
:10B71000013B08F101001D44801A01E0AB420FD04B
:10B72000C25C13F8011F52B28A42F7D00020054ACA
:10B73000136843F480631360BFF34F8FBDE8F0815B
:10B740000120F4E7003C02403A4AC0EBC00110B5CA
:10B7500002EB810284B05468A28A92B20292029AE9
:10B76000029A12F4E06F034610D1A28A324903EB29
:10B770004303DB00C81822F470624FF0010CA28270
:10B7800001F803C00023437004B010BD0190208B6A
:10B7900080B2002203904FF48061204614F0C2FF73
:10B7A000029A019B12F4007FDFD122889205DCD43B
:10B7B0002288D0051AD51E20F1F742F9019B47F2E5
:10B7C000305201E0013A23D02188C905FAD447F26A
:10B7D000305201E0013A02D021888805FAD40121D3
:10B7E0002046019314F07AFF019BBEE70121204619
:10B7F000019314F073FF1F20F1F722F9019B47F228
:10B80000305201E0013AB0D021888905ADD5F9E781
:10B8100003EB43030849DB004FF0010C01F803C0C0
:10B820000B4420464FF4E0615A7004B0BDE810406C
:10B8300014F078BF047E0308508F0020B74AC0EB95
:10B84000C00302EB83032DE9F0435D68AB8A13F07C
:10B85000010187B0044673D113F0020C45D0BFF349
:10B860005F8FAF4F00EB400807EBC8084600B8F801
:10B870000E309BB2012B00F02E812B8B8DF81730F0
:10B88000BFF35F8F06EB040807EBC808C4EBC403E3
:10B8900002EB8302B8F80E3055689BB2022B00F021
:10B8A000438106EB040807EBC808B8F80E309BB2DA
:10B8B000032B07D198F80B3023B198F80830002BF0
:10B8C00040F0408101224FF48061284614F02AFFA5
:10B8D000331907EBC303DB89924A9BB2125701333A
:10B8E0009A421CD007B0BDE8F08313F0040261D186
:10B8F000DFF8308218F9001013F04000814640F064
:10B9000049811A06864F00F18B8104EB44036600DF
:10B9100007EBC303DB899BB201339942E2D13319B0
:10B9200007EBC30300221A725B7A002B40F0EF8012
:10B93000264407EBC6060023737007B0BDE8F0830A
:10B940002B88DFF8E081764F23F400632B80012100
:10B95000284614F0D7FE002308F8043004EB440313
:10B9600007EBC3036600DA7A002A6BD01A7A002A42
:10B9700065D0331907EBC30301221A72DB899BB22E
:10B98000022B03D12B8843F400632B80331907EB80
:10B99000C3030122197B0093284614F0A9FE009BE3
:10B9A000DB8918F904209BB201339A42B7D007B063
:10B9B000BDE8F0835A4F00EB400307EBC3030122BD
:10B9C0005A724600D87A002850D0197A00294DD0F2
:10B9D000D98989B2022900F262815B7A1146284630
:10B9E000002B00F0598114F079FEDFF8388133190B
:10B9F00007EBC30318F904205969009202F1010C06
:10BA00002846CDE9011308F804C014F087FEDDE9EB
:10BA10000021029B88545A6918F904300192591C7C
:10BA20002846009308F8041014F078FEDDE900328F
:10BA3000D05418F80430013308F8043034E05B7B4C
:10BA4000FF2B96D0331907EBC3030022197B009319
:10BA5000284614F04DFE009B5A7BFF2AA0D0DB89BC
:10BA6000FF2208F8042007B0BDE8F08306EB0408C5
:10BA700007EBC80898F8083023B998F80A30002B6B
:10BA800000F0BC80331907EBC30301215B7A284621
:10BA9000002B00F0B08014F021FEDFF8888018F849
:10BAA0000430013308F804302020F0F7C9FF47F2D2
:10BAB000305201E0013A4ED02B88D905FAD433191F
:10BAC00007EBC30318F90420DB899BB201339A42C8
:10BAD0007FF408AF23E798F80B0000283FF4CDAEC1
:10BAE00098F8080000283FF4C8AE2846009314F0E8
:10BAF00009FEBFF35F8F2A8B00998DF81720284627
:10BB000014F0ECFD009B88F809301A461BE028462B
:10BB10004FF4407114F006FE0AE700BF047E0308EC
:10BB2000508F0020AC8E002098F80B30002B3FF493
:10BB3000B8AE98F80830002B3FF4B3AE0021284689
:10BB400014F0E0FD00224FF48061284614F0EAFD75
:10BB5000B8F80E30C0E6311907EBC10C18F9040033
:10BB6000BCF80E309BB2013398424FEAC1013FF45A
:10BB7000D6AEDCF804300133CCF8043001237B541A
:10BB800028464FF4E0618CF8012007B0BDE8F0438F
:10BB900014F0C8BD5C4F039204EB440307EBC303EE
:10BBA000481C5A6908F804002846CDE90023029190
:10BBB00014F0B4FD009A0299019B505418F9041036
:10BBC000DB89039A9BB2C81C83424FEA44061FD00C
:10BBD000331907EBC303DA89DB8992B28A427FF417
:10BBE0009AAE4A1C9BB252B201339A4208F8042022
:10BBF0007FF478AE93E614F067FD4EE70121284606
:10BC000014F062FD012388F80830DFF800814BE76B
:10BC10004FF48061284614F085FD18F90410D7E729
:10BC20004B1C1ED004EB440307EBC3034A1C08F86B
:10BC300004201A690093515C284614F06DFD009BA6
:10BC400018F90410DA8992B28A424FEA44067FF466
:10BC500061AE4A464FF48061284614F063FD009BB4
:10BC60009EE604EB440307EBC30308F80400597B8A
:10BC70000093284614F050FD009BDA7A660022B942
:10BC8000DA8992B2002A7FF48BAE00224FF48061F1
:10BC9000284614F047FD12E714F016FDA5E6DFF87C
:10BCA0006C8000936146284614F02CFD009B18F927
:10BCB00004105A69029101F1010C2846CDE90023D4
:10BCC00008F804C014F02AFD009A0299505428463E
:10BCD000012114F003FD019B01225A72596918F9E0
:10BCE0000430019103EB020C2846009308F804C0CD
:10BCF00014F014FDDDE900310122C8544FF48061D5
:10BD0000284614F00FFDCFE6508F0020AC8E0020A7
:10BD1000F8B505463B483C4EDDF818E000EB051051
:10BD2000C4783A48C4EBC40700EB870004EB440C2A
:10BD3000476806EBCC004FEACC0C0173427301213B
:10BD400000228272C1720272427206F80C20C0F8A0
:10BD500014E0C0F810E0C3814170BB88980507D497
:10BD60003B88D90532D504EB4403DB00F35C33B3E5
:10BD700004EB4401C80047F2305306EBC10101E077
:10BD8000013B04D04A78002AFAD1335CABB104EB12
:10BD9000440306EBC30300265E705A6801325A6002
:10BDA0001B4B05EB450503EB850320469A680132E2
:10BDB0009A6000F0F1FF3046F8BD0120F8BD012285
:10BDC00038464FF4407114F0ADFCD1E72120F0F774
:10BDD00037FE47F2305301E0013B07D03A88920525
:10BDE000FAD40121384614F06FFCBCE704EB44039D
:10BDF000DB000122F25404EB4403DB00F35C002B74
:10BE0000B6D1DCE7B88F0020508F0020047E0308F5
:10BE1000D88E00202DE9F041664CDFF89CC10E461B
:10BE200004EB00111D46C978C1EBC10E82B01CF8AD
:10BE30002E3003B11AB9002002B0BDE8F0810CEB3E
:10BE40008E0C0329A846DCF80430174605460BD8AB
:10BE50001A88D20708D547F2305202E0013A00F0C2
:10BE60009B80188B8007F9D4184600224FF4E061BC
:10BE7000019314F057FC0198012114F043FC019B3D
:10BE80009A8A22F480629A821846012114F01CFCDE
:10BE9000019B47F2305C02E0BCF1010C77D0B3F8B3
:10BEA00014E01EF0010FF7D004EB051218461179CB
:10BEB0000193002214F01CFC019B47F2305201E078
:10BEC000013A5AD0998A8907FAD59A8A520554D4E8
:10BED0001A8B1E8247F2305201E0013A57D0998AFC
:10BEE0000806FAD547F2305201E0013A4FD0998A5C
:10BEF0004907FAD518460121019314F0E5FB019B8F
:10BF000047F2305201E0013A41D0998ACE07FAD582
:10BF100004EB0514012221790193184614F0E8FB83
:10BF2000019B47F2305201E0013A26D0998A8807F6
:10BF3000FAD59A8A12F480621FD114461A8B7A1E9F
:10BF4000D6B208F1FF35224696422BD047F2305246
:10BF500001E0013A1BD0998A4906FAD529461A8A86
:10BF600001F8012F0134E2B297420D46ECD8184691
:10BF7000012114F0B3FB01205EE79A8A22F480626B
:10BF80009A82184601211B8B14F0A8FB53E701216C
:10BF9000184614F0A3FB4EE70846019300F078FE24
:10BFA000019B61E718460021019314F0ABFB019B54
:10BFB000CCE700BFB88F0020047E03082DE9F041D4
:10BFC0004C4CDFF834C10E4604EB00111D46C97815
:10BFD000C1EBC10E82B01CF82E3003B11AB900209B
:10BFE00002B0BDE8F0810CEB8E0C0329A846DCF80A
:10BFF0000430174605460AD81A88D20707D547F2F3
:10C00000305201E0013A6ED0188B8007FAD41846FE
:10C0100000224FF4E061019314F084FB01980121A8
:10C0200014F070FB019B9A8A22F480629A8218466F
:10C03000012114F049FB019B47F2305C02E0BCF1A6
:10C04000010C4BD0B3F814E01EF0010FF7D004EB55
:10C050000514184621790193002214F049FB019B35
:10C0600047F2305001E001382ED0B3F814C01CF074
:10C07000020FF8D09A8A520526D41A8B1E8247F2F4
:10C08000305201E0013A29D0998A0C06FAD542468D
:10C09000BC181178198247F2305101E001391DD0E6
:10C0A000988A0006FAD50132A242F2D147F2305204
:10C0B00001E0013A12D0998A4907FAD518460121C0
:10C0C00014F00CFB01208BE79A8A22F480629A829A
:10C0D000184601211B8B14F001FB80E70121184653
:10C0E00014F0FCFA7BE70846019300F0D1FD019BB8
:10C0F0008DE700BFB88F0020047E03082DE9F84FBC
:10C10000904ADFF88092904D904E002709F8007019
:10C1100080460346E87402EB800A4FF0080B0EE0FD
:10C1200019F80830FF2B1CBF013309F808300BF158
:10C13000010B5FFA8BFBBBF1780F46D0EB7CC3EBB6
:10C14000C3034FEA4B0216F823102A7506EB83034C
:10C150000029E5D05C6800224FF4E061204614F02D
:10C16000E1FA0121204614F0CDFA0121204614F015
:10C17000ABFA47F2305302E0013B00F0CC80A28AD8
:10C18000D107F9D5297DA38A0022204614F0B0FA00
:10C1900047F2305302E0013B00F0C880A28A9207C8
:10C1A000F9D5A38A5B0540F1A580238BA38A0BF107
:10C1B000010B23F480630121A38220465FFA8BFBED
:10C1C00014F08CFABBF1780FB8D1614BB8F1010FC4
:10C1D00003F8087018D15F4B5F481968326A090C80
:10C1E00001805E4958680880D9685D485B6A090C1F
:10C1F00001805C4910880B805B495C4B0880918B07
:10C2000019805B4B128C1A805A4C5B49207807F0DE
:10C210003BFE0023207841461A4607F0EFFE5749BF
:10C22000207807F031FE002F00F082802078454D05
:10C230002021FAF7FDFA20783021FAF7F9FA207870
:10C240007821FAF7F5FA15F82810207807F02AFE79
:10C25000012F4AD020782021FAF7EAFA05EB880668
:10C2600020783021FAF7E4FA20787821FAF7E0FA1A
:10C270002078717807F016FE022F36D02078202122
:10C28000FAF7D6FA20783021FAF7D2FA2078782116
:10C29000FAF7CEFAB178207807F004FE032F24D005
:10C2A00020782021FAF7C4FA20783021FAF7C0FA72
:10C2B00020787821FAF7BCFAF178207807F0F2FDBF
:10C2C000042F12D020782021FAF7B2FA08F10108E1
:10C2D00020783021FAF7ACFA20787821FAF7A8FA1A
:10C2E000207815F8281007F0DDFD2078BDE8F84F1C
:10C2F00007F0BCBD238BA38A23F480630121A382B2
:10C30000204614F0EBF9032F3FF611AF7B1C0AF81F
:10C3100007B0DFB20BE7A38A238BA38A23F48063E1
:10C320000121A382204614F0D9F9F9E6A38A3CE75B
:10C330002078134907F0A8FD2078BDE8F84F07F0F2
:10C3400095BD00BFC48E0020B88F0020047E030876
:10C35000D48E002000040240BC8E0020BA8E002043
:10C36000B88E0020B68E0020B48E0020B28E002041
:10C37000B08E002068900020E8660308EC66030891
:10C38000F8660308C08E0020F0B5A1B01C06DDF8E9
:10C3900098E07CD406465848584D00EB0610C47807
:10C3A00004EB440005EBC00CC0008CF80C108CF8BA
:10C3B0000D20012100228CF808208CF809208CF82F
:10C3C0000A108CF80B202A54CCF810D06A46CCF80E
:10C3D00014D0ACF80E308CF8011063B3591E052947
:10C3E0006BD90DF1FF31A1EB0E000228714664D923
:10C3F00003F0FC0CF44451F8040B42F8040B6145C3
:10C40000F9D19F0717D003F0FC02511C0DEB02007D
:10C41000C9B21EF8027007708B420CD902320DEBC4
:10C420000100D2B21EF801100170934203D91EF828
:10C4300002306A441370324BC4EBC40203EB820334
:10C440005F68BB88980525D504EB4401C80047F216
:10C45000305305EBC10101E0013B04D04A78002ACA
:10C46000FAD12B5C33B3274A04EB440305EBC30337
:10C4700006EB460602EB8602002159705D68916862
:10C480000135013120465D60916000F085FC00209F
:10C4900021B0F0BD3B88D90518D504EB4403DB007F
:10C4A000EB5C002BD0D1012238464FF4407114F0E0
:10C4B00039F9C9E7012021B0F0BD7146734411F884
:10C4C000010B02F8010B9942F9D1B4E72220F0F7F1
:10C4D000B7FA47F2305301E0013B07D03A889205A2
:10C4E000FAD40121384614F0EFF8D6E704EB440300
:10C4F000DB000122EA54D0E7B88F0020508F0020E3
:10C50000047E0308D88E002070B5594B84B018788B
:10C51000182108F0B1F8574B93F8302042B956492A
:10C520005648CB79026062F30413CB7104B070BD3E
:10C53000F4F7F4FE4F4B524A93F83130012BC2E925
:10C54000020167D0022B53D0002B73D14A4C4B48C9
:10C55000E2794C4901934FF4803CC0F800C042F0AE
:10C56000100220200860E27118464FF0FF350DF1EF
:10C570000F0201218DF80F50F4F7FCF955210DF150
:10C580000F028DF80E1001989DF90F608DF80F5075
:10C590000121F4F7EFF99DF90F209DF90E1091425A
:10C5A0005CD1FF230DF10F02012100208DF80F3027
:10C5B000F4F7E0F9FF230DF10F02012100209DF9AE
:10C5C0000F408DF80E608DF80F30F4F7D3F99DF918
:10C5D0000F309DF90E209A4235D12749A4F155021A
:10C5E000CB79B2FA82F2520962F30413CB719DE760
:10C5F000244B22494FF480724FF4003C30201A60E3
:10C60000C1F800C0FFF726F81B4AD37960F3041382
:10C61000D3718BE71B4B19494FF480724FF4000024
:10C620001A600860EEF758F8134AD37960F30413E0
:10C63000D3717BE7104A1148D379002161F30413C9
:10C640000160D37172E70C4BDB79DB06C5D50DF1C8
:10C650000E0201210020F4F753F9BEE7E279D20679
:10C660009FD501980DF10E020121F4F749F998E7E1
:10C6700068900020E47C0308347D0020B48F002003
:10C68000702F0020B08F002010B582B09DF81010E0
:10C6900009B902B010BD144601930090F4F73EFEB4
:10C6A000019B001B61EB0301ECF756FA009A144B57
:10C6B00002EB420103EB810191ED007A07EE900A53
:10C6C000B5EE407AF1EE10FA02EB420218BF37EEF7
:10C6D000877A03EB820308BFB0EE677AFCEEE77A55
:10C6E000596817EE902A1CBFF6EE006A27EE267AEC
:10C6F0008A4283ED007A88BF5A6002B010BD00BF45
:10C70000D88E0020F0B585B0CDE9023204460D4642
:10C71000F4F704FE0F46264901EB0411064688781B
:10C72000DDE9023240B129462046EEF735FE0346E8
:10C7300063B9184605B0F0BD097900932046134649
:10C740002A46FFF7E5FA0346002BF2D00293F4F7EE
:10C75000E5FD801B61EB0701ECF7FEF9154A029B32
:10C7600004EB440102EB810191ED007A07EE900A9F
:10C77000B5EE407AF1EE10FA04EB440414BF37EE44
:10C78000877AB0EE677A02EB8402FCEEE77A5068B3
:10C7900017EE901A1CBFF6EE006A27EE267A814249
:10C7A000184682ED007A88BF516005B0F0BD00BF29
:10C7B000B88F0020D88E0020F0B585B004460D4615
:10C7C000F4F7ACFD264B03EB041306469A780F46AC
:10C7D0005AB10DF10F03294601222046EEF7DCFD88
:10C7E00070B99DF80F0005B0F0BD19790DF10F0378
:10C7F00000932A4601232046FFF78AFA0028F0D04A
:10C80000F4F78CFD801B61EB0701ECF7A5F9154BE4
:10C8100004EB440203EB820292ED007A07EE900AE9
:10C82000B5EE407AF1EE10FA04EB440414BF37EE93
:10C83000877AB0EE677A03EB8403FCEEE77A5968F7
:10C8400017EE902A1CBFF6EE006A27EE267A8A427F
:10C8500083ED007A88BF5A609DF80F0005B0F0BDE7
:10C86000B88F0020D88E0020F0B585B004468DF832
:10C870000F200D46F4F752FD274B03EB0413064639
:10C880009A780F465AB10DF10F032946012220462E
:10C89000EEF768FE034673B9184605B0F0BD197986
:10C8A0000DF10F0300932A4601232046FFF76CFD8C
:10C8B0000346002BF0D00293F4F730FD801B61EBB0
:10C8C0000701ECF749F9154A029B04EB440102EB1E
:10C8D000810191ED007A07EE900AB5EE407AF1EE13
:10C8E00010FA04EB440414BF37EE877AB0EE677A8F
:10C8F00002EB8402FCEEE77A506817EE901A1CBF38
:10C90000F6EE006A27EE267A8142184682ED007A1A
:10C9100088BF516005B0F0BDB88F0020D88E0020D0
:10C92000F0B585B004460D46F4F7F8FC264B03EB52
:10C93000041306469A780F465AB10DF10F032946A3
:10C9400001222046EEF728FD70B99DF80F0005B0D2
:10C95000F0BD19790DF10F0300932A4601232046FB
:10C96000FFF7D6F90028F0D0F4F7D8FC801B61EB74
:10C970000701ECF7F1F8154B04EB440203EB8202DC
:10C9800092ED007A07EE900AB5EE407AF1EE10FAD9
:10C9900004EB440414BF37EE877AB0EE677A03EBFA
:10C9A0008403FCEEE77A596817EE902A1CBFF6EE76
:10C9B000006A27EE267A8A4283ED007A88BF5A60A1
:10C9C0009DF80F0005B0F0BDB88F0020D88E002074
:10C9D0002DE9F0412A4C04EB001484B094F802C015
:10C9E000BCF1000F04D004B0BDE8F041FFF78ABEEF
:10C9F0001E46CDE902120546F4F790FC88462179DF
:10CA00000096DDE90223074601F0FE012846FFF704
:10CA10007FF9044618B9204604B0BDE8F081F4F768
:10CA20007DFCC01B61EB0801ECF796F8154B05EB9C
:10CA3000450203EB820292ED007A07EE900AB5EE12
:10CA4000407AF1EE10FA05EB450018BF37EE877A11
:10CA500003EB800308BFB0EE677AFCEEE77A596813
:10CA600017EE902A1CBFF6EE006A27EE267A2046C3
:10CA70008A4283ED007A88BF5A6004B0BDE8F08135
:10CA8000B88F0020D88E00202DE9F04F89B0002A01
:10CA900064D0984613440493A1EB08030393324BEC
:10CAA00000EB4002054603EB82094FF0010B0DF14C
:10CAB0001F07039B08EB030218F8013B8DF81F309A
:10CAC0005FFA82FAF4F72AFC284B0E4603EB0511B5
:10CAD000044688783B4678B1514601222846EEF755
:10CAE00041FD034693B903EA0B0B049B4345E0D198
:10CAF000584609B0BDE8F08F0979009701235246E6
:10CB00002846FFF741FC0346002BECD00593F4F7D1
:10CB100005FC001B61EB0601ECF71EF899ED007AAD
:10CB2000D9F80410059B07EE900AB5EE407AF1EEB5
:10CB300010FA18BF37EE877AF0EE676AFCEEE77AF4
:10CB4000B6EE006A17EE902A18BF67EE066A8A42B0
:10CB5000C9ED006A88BFC9F80420C4E74FF0010B93
:10CB6000584609B0BDE8F08FD88E0020B88F00205D
:10CB70008188006814F026B90368828809B11A8395
:10CB800070475A83704700BF0268838851694B40E1
:10CB90005361704730B5044683B068460D4614F0C3
:10CBA0000BF923782289009283B1B5FA85F35B09EA
:10CBB0004FF0000C4FF4807260688DF804306946C5
:10CBC0008DF805C0ADF8062014F0A4F803B030BD10
:10CBD00010B58CB000214FF08040CDE904110691D2
:10CBE00014F068F80121084614F00EFD04A813F0B3
:10CBF000B3FE07A813F0A2FF224814F04DF84FF43B
:10CC0000817304A8ADF8053013F0A6FE4FF6FF724D
:10CC1000532302A80592ADF8103014F0CDF8082285
:10CC2000194B1A4803930DEB0201029214F072F8AB
:10CC300001220321154814F0CFF801241C2301A878
:10CC40008DF804308DF8074014F01EFA04A94FF057
:10CC5000804013F029FE0B4814F01EF809490C23FC
:10CC60004FF080400B8013F08DFF224610214FF0D3
:10CC7000804014F02FF821464FF0804013F074FEEE
:10CC80000CB010BD589000200203000100000240CB
:10CC90002DE9F0473C493D4F0B7AC0EBC00223F031
:10CCA000080382B00B7217F8223007EB820413B925
:10CCB00002B0BDE8F0878246684614F07DF8A568AA
:10CCC000A689334B019369462846009614F022F852
:10CCD0002369A48A009418466946984614F01AF805
:10CCE0003146284614F074F82146404614F070F896
:10CCF000A14609243146284614F06CF80520F4F7C3
:10CD00004BFB3146284614F063F80520F4F744FB4A
:10CD1000631E13F0FF04EDD14946404614F05AF863
:10CD20000520F4F739FB3146284614F053F8052066
:10CD3000F4F732FB3146284614F04AF80520F4F7A0
:10CD40002BFB4946404614F043F8124B01936946C9
:10CD50002846009613F0DEFFCAEBCA0307EB8307F1
:10CD600028463C7EF989224614F036F8694640464A
:10CD7000CDF8009013F0CEFFF98A2246404614F019
:10CD80002BF802B0BDE8F087347D0020047E030854
:10CD9000010201010202010130B55F4BC0EBC0028C
:10CDA00003EB820413F8223089B00BB909B030BD0F
:10CDB000227EE18901920546A06814F00DF8019ADF
:10CDC000E18A206914F008F82846FFF761FF022D78
:10CDD0005AD0032D2DD0012D40F0818029464FF4EB
:10CDE000001014F011FC4D4813F0B4FB04A813F02C
:10CDF00053FC002249484FF4407113F093FC484B18
:10CE00004648049304A913F0DBFB2946434813F07A
:10CE100051FC4FF4A06014F02DF9424B039303A88A
:10CE200014F032F91F2303A88DF80C3014F02CF9FC
:10CE3000BCE701214FF4000014F0E6FB3A4813F080
:10CE400089FB04A813F028FC002237484FF44071F6
:10CE500013F068FC324B3448049304A913F0B0FB80
:10CE60000121314813F026FC4FF4A06014F002F9C0
:10CE70002E4B039303A814F007F9482303A88DF859
:10CE80000C3014F001F991E701214FF4800014F007
:10CE9000BBFB274813F05EFB04A813F0FDFB002248
:10CEA00023484FF4407113F03DFC1D4B2048049380
:10CEB00004A913F085FB01211D4813F0FBFB4FF47F
:10CEC000A06014F0D7F81B4B039303A814F0DCF810
:10CED000212303A88DF80C3014F0D6F866E76468B7
:10CEE000204613F037FB04A813F0D6FB002220469F
:10CEF0004FF4407113F016FC094B049304A920462B
:10CF000013F05EFB2046012113F0D4FB4FF4A06028
:10CF100014F0B0F84AE700BF047E03080054004054
:10CF2000801A060020000001005C0040490000015A
:10CF300000580040220000012DE9F041514B420110
:10CF400003EB40159B5C8AB013B90AB0BDE8F081D1
:10CF50006C680190204614F071FA03A813F02CFFBE
:10CF6000AB6840F202221846ADF8102003A9AA8946
:10CF700003921F4613F0CEFE2A69164603A9AA8A19
:10CF80000392304613F0C6FEAA691346184603A959
:10CF90009046AA8B039213F0BDFE019B022B59D041
:10CFA000032B3FD0012B16D119464FF4805014F0BB
:10CFB00037FB6420F4F7F0F905221146384613F0E8
:10CFC0000BFF05220421304613F006FF052207213E
:10CFD000404613F001FF05A814F08CFA00252A4BF7
:10CFE000CDF81E304FF4827205A92046ADF8162008
:10CFF000CDF81A5014F058FA2946204614F092FA47
:10D000000121204614F07EFA0221204614F094FA01
:10D010000028F9D0204614F07FFA8DF80B000AB0F2
:10D02000BDE8F08101214FF4004014F0EDFA6420D6
:10D03000F4F7B2F938460622002113F0CDFE30464F
:10D040000622002113F0C8FE06220021404613F0FC
:10D05000C3FEC0E701214FF4804014F0D5FA6420EC
:10D06000F4F79AF938460522002113F0B5FE304650
:10D070000522002113F0B0FE05220021404613F0E6
:10D08000ABFEA8E7847D030800023000F0B589B04C
:10D0900090F800C004460020CDE90300CDE905006A
:10D0A0000790BCF1000F01D109B0F0BD68461F46E2
:10D0B00016460D4613F080FE03238DF805302389B4
:10D0C0000093237B8DF80430637B8DF80630606815
:10D0D000A37B8DF80730694613F01CFE237C002BE0
:10D0E000E2D094F820206189606813F075FE03A8EF
:10D0F00013F024FD334A03920422ADF81020238B51
:10D1000005970222ADF818204FF48072ADF81C206C
:10D110000C2B10D8DFE803F04D0F0F0F440F0F0F4B
:10D12000070F0F0F3B00606903A913F09DFC6069B6
:10D13000082113F019FD684613F00EFC6069224BBC
:10D14000984212D003F5806398420ED003F57053D5
:10D1500098420AD003F58063984206D003F58063B5
:10D16000984202D06908013900E0691E721EADF8CC
:10D1700000100121019213F0F7FB6069694613F07A
:10D1800093FB6069012113F095FD09B0F0BD606962
:10D1900003A913F0A5FC6069082113F0EBFCCAE7B2
:10D1A000606903A913F024FC6069082113F0D4FC22
:10D1B000C1E7606903A913F0E1FB6069082113F07E
:10D1C000C5FCB8E7700001000000014040B106282E
:10D1D00006D03422134B02FB00F01A181B5C03B973
:10D1E000704710B5536886B01846019100211C465F
:10D1F000009214F001F802A813F0F4FF009A019BCA
:10D20000D08BADF80E00928B029302A92046ADF8A8
:10D21000102013F08BFF0121204613F0EDFF06B024
:10D2200010BD00BF747E03082DE9F0433423914DF7
:10D2300000FB03F399B0EB5C04465BB10F46062894
:10D240001DD8DFE810F010001800DA00E000E6005A
:10D25000EC000C00884A135419B0BDE8F083864BEB
:10D2600001229A71F8E7844B01221A7019B0BDE8C7
:10D27000F04302F059BC0121102014F0D1F903A8A9
:10D2800013F09AFD342303FB045340F20222986802
:10D29000ADF8102003A99A8901930392009013F02E
:10D2A00039FDDDE9000393F82120D9890093164662
:10D2B00013F092FD009B9A8A9046002A40F0CC80A1
:10D2C00005A813F08FFF342303FB045305A99A69C3
:10D2D00058680592DA8BADF81A209A8B00930646AF
:10D2E0008146ADF81C2013F021FF009B634A64487F
:10D2F00093F8201040F2012EADF809E04FF0000C39
:10D300004FF0010E8DF80BE022F814C05D4A20F8B2
:10D3100014C022F814C0002900F0878009A80093E7
:10D3200013F050FE009B1A6B4FF480630F930D9324
:10D330004FF4803313931046331D90461E460A93D4
:10D3400013F07EFD404613F05FFE0028FAD134232F
:10D3500003FB04554C4B0C9003EB84230B936B6A3B
:10D36000099309A94FF48073404612930A9613F06B
:10D37000F7FD0121404613F037FE012240214846C7
:10D3800013F04CFF404613F03BFE404BC0F580606D
:10D3900023F814003E4B23F8140095F82C308DF838
:10D3A000083002A813F070FEAB6A18461E4613F050
:10D3B00047FD304613F028FE05460028F9D14023EA
:10D3C00009A9129030460C9313F0CAFD2946304645
:10D3D00013F014FE01223046102113F019FE012231
:10D3E0008021484613F01AFF234B01211F55484660
:10D3F00013F002FF19B0BDE8F08301214FF40030B3
:10D4000014F002F93BE701214FF4802014F0FCF8FE
:10D4100035E701214FF4002014F0F6F82FE7012141
:10D420004FF4801014F0F0F829E7184A93F82230EE
:10D4300022F81410164A02A822F814108DF80830A9
:10D4400013F022FEB8F1000FCED0012240F2255198
:10D45000304613F0EDFEC7E71869039203A9CDE942
:10D46000000313F057FC019B0098D98A324613F051
:10D47000B3FC25E7747E0308E44300202460002009
:10D4800034600020446000200C440020EC43002065
:10D49000FC430020704700BF704700BF30B52E48E6
:10D4A0009BB013F0CDFC2C4813F0AEFD04460028D1
:10D4B000F9D10BA813F086FD284B294A0C934FF4A1
:10D4C00080630D9211934FF400624FF40053CDE945
:10D4D00012234FF4807C4FF4003306251E480B9432
:10D4E0000BA9CDE914C3CDE90F5413F039FD012187
:10D4F00019481C4C13F078FD01A813F023FF01A874
:10D5000013F00AFF05A813F0FDFE40F201131648C0
:10D510008DF8285005A9ADF8183013F0CBFE04F1B2
:10D52000D80594F82020217C60680223243413F06D
:10D5300019FFAC42F5D10C48012113F075FF0A48E0
:10D54000012113F067FF0121074813F001FF06488E
:10D5500013F05AFF1BB030BD106402404C20014054
:10D5600040380020E07F030800200140F0B59848D3
:10D57000984D85B0012114F02FF80121002014F0FE
:10D5800037F89548012114F03FF89448012114F030
:10D5900047F801214FF4001014F01EF801214FF458
:10D5A000800014F019F801211F2014F015F814F070
:10D5B00075F8684613F000FC4FF6FF7203238848A5
:10D5C000009269468DF8043013F0A4FB8548694643
:10D5D00013F0A0FB8448694613F09CFB834869461E
:10D5E00013F098FB009B824823F4F04369460093B4
:10D5F00013F090FB4FF4A06013F03CFD7D4A7E4990
:10D600007E4B002401260820146008601E7002F082
:10D610008BFAEB7943F00203EB71794B21463046EC
:10D620001E60FFF701FEAB79764A714E43F00403AA
:10D63000022021461060AB71FFF7F6FD2146052060
:10D64000FFF7F2FD704B214604201860FFF7ECFD58
:10D6500002A813F0B1FB4FF4804440F2013502A957
:10D660006348CDE9024513F055FB748302A813F01B
:10D67000A3FB4FF40054304602A9CDE9024513F054
:10D6800049FB7483614E624CF8F7BCFA06F1A005C1
:10D69000A6469EE80F0086E80F001036B5420EF150
:10D6A000100EF6D102A813F087FB5A4B4D485A4D85
:10D6B0004FF4004702A9CDE9027313F02BFBF8F7F2
:10D6C00019FA02A813F078FB4FF4007602A9454836
:10D6D000CDE9026513F01EFB424B02A85E8313F0F6
:10D6E0006BFB4FF4807602A93E480296039513F037
:10D6F00011FB3C4B02A85E8313F05EFB02A9384885
:10D70000CDE9027513F006FB354B02A85F8313F0D9
:10D7100053FB02A93648CDE9026513F0FBFA344AFF
:10D7200007F18047568307F5C23702A813F044FB80
:10D730004FF4006602A92A48CDE9026513F0EAFA1F
:10D740007E8302A813F038FB4FF4806602A93846A6
:10D75000CDE9026513F0DEFA304B7E831B78022B95
:10D7600003D02F4B1B781A2B2FD12E4B00221A706F
:10D77000F4F774FF2C4D284F11E0FFF7DDFB02A8F2
:10D7800013F01AFBA668A38902A93046CDE9023737
:10D7900013F0C0FAA38933831034AC420BD0237842
:10D7A000002BF9D0A378E078002BE6D11034FFF7F6
:10D7B000F3FAAC42F3D10A20F3F77AFEFFF76EFEDC
:10D7C0000A20F3F775FE05B0F0BDECF73BF9CFE7A3
:10D7D0001F906700347D0020FFC9FE36335F0700CD
:10D7E0000004024000080240000C02400010024009
:10D7F000000002406890002000000020E443002068
:10D80000709000206C90002064900020B88F002061
:10D81000E47C030801030001010200010C00002068
:10D82000F5000020B8060020847D030800B5012122
:10D8300083B0084613F0D0FE40F202334FF4C052DA
:10D8400069460D48CDE9002313F064FA0A480A221C
:10D850000B2113F0C1FA0A2207480C2113F0BCFA7D
:10D8600001214FF4804013F0DBFE0121802013F0F2
:10D87000BFFE03B000BD00BF0000024000B54FF482
:10D88000C06083B013F0F6FB034B019301A813F0C3
:10D89000FBFB03B000BD00BF43010301704700BFA5
:10D8A000704700BF4FF4802013F02EBA014800F0FB
:10D8B00065BE00BFDC98002010B5044601F07CF97D
:10D8C00062780120002384F8120184F81431002AC0
:10D8D00000F0CD814FF48071A4F81C1182424FF00A
:10D8E0004001C4E94913A4F8223184F81F31C4F877
:10D8F000303100F0CE81A4F84A01022A40F2011032
:10D90000C4E9531384F84731C4F85831A4F84401EA
:10D9100000F0D2804FF48170A4F86C01032A4FF01C
:10D920000200C4E95D13A4F8720184F86F31C4F8F1
:10D93000803100F0C18040F20310A4F89401042A61
:10D940004FF00300C4E96713A4F89A0184F89731F3
:10D95000C4F8A83100F0B0804FF48270A4F8BC0184
:10D96000052A4FF00400C4E97113A4F8C20184F839
:10D97000BF31C4F8D03100F09F8040F20510A4F808
:10D98000E401062A4FF00500C4E97B13A4F8EA017C
:10D9900084F8E731C4F8F83100F08E804FF48370DA
:10D9A000A4F80C02072A4FF00600C4E98513A4F876
:10D9B000120284F80F32C4F820327DD040F20710F2
:10D9C000A4F83402082A4FF00700C4E98F13A4F822
:10D9D0003A0284F83732C4F848326DD04FF484707C
:10D9E000A4F85C02092A4FF00800C4E99913A4F8CE
:10D9F000620284F85F32C4F870325DD0092140F2CF
:10DA00000910A4F88A120A2A4FF04001C4E9A313AE
:10DA1000A4F8840284F88732C4F898324CD04FF4CA
:10DA20008570A4F8AC020B2A4FF00A00C4E9AD13CC
:10DA3000A4F8B20284F8AF32C4F8C0323CD040F24D
:10DA40000B10A4F8D4020C2A4FF00B00C4E9B71352
:10DA5000A4F8DA0284F8D732C4F8E8322CD04FF4B4
:10DA60008670A4F8FC020D2A4FF00C00C4E9C11323
:10DA7000A4F8020384F8FF32C4F810331CD040F23B
:10DA80000D10A4F824030E2A4FF00D00C4E9CB13A7
:10DA9000A4F82A0384F82733C4F838330CD04FF4A1
:10DAA0008770C4E9D513A4F84C030E20A4F85203E0
:10DAB00084F84F33C4F86033002340210120022A48
:10DAC000C4E9DF13C4E9E913A4F87433A4F87A3382
:10DAD00084F87733C4F88833A4F89C03A4F8A2032D
:10DAE00084F89F33C4F8B03300F0C1800220032AC9
:10DAF000C4E9F313A4F8C403A4F8CA0384F8C73331
:10DB0000C4F8D83300F0B3800320042AC4E9FD131D
:10DB1000A4F8EC03A4F8F20384F8EF33C4F800345B
:10DB200000F0A5800420052AA4F81404A4F81A041F
:10DB300084F81734C4F81C14C4F82034C4F828340A
:10DB400000F095800520062AA4F83C04A4F84204BD
:10DB500084F83F34C4F84414C4F84834C4F850344A
:10DB600000F085800620072AA4F86404A4F86A045B
:10DB700084F86734C4F86C14C4F87034C4F878348A
:10DB800075D00720082AA4F88C04A4F8920484F81D
:10DB90008F34C4F89414C4F89834C4F8A03466D010
:10DBA0000820092AA4F8B404A4F8BA0484F8B73405
:10DBB000C4F8BC14C4F8C034C4F8C83457D0092021
:10DBC0000A2AA4F8DC04A4F8E20484F8DF34C4F8D8
:10DBD000E414C4F8E834C4F8F03448D00A200B2A1E
:10DBE000A4F80405A4F80A0584F80735C4F80C1550
:10DBF000C4F81035C4F8183539D00B200C2AA4F815
:10DC00002C05A4F8320584F82F35C4F83415C4F86F
:10DC10003835C4F840352AD00C200D2AA4F8540514
:10DC2000A4F85A0584F85735C4F85C15C4F8603573
:10DC3000C4F868351BD00D200E2AA4F87C05A4F882
:10DC4000820584F87F35C4F88415C4F88835C4F893
:10DC500090350CD00E22A4F8A425A4F8AA2584F8A7
:10DC6000A735C4F8AC15C4F8B035C4F8B8352046AB
:10DC700001F0F6F9204601F067F90021204601F095
:10DC800017FA204601F038FA2046BDE8104001F0AE
:10DC9000DFB9C4E9DF13A4F87433A4F87A3384F845
:10DCA0007733C4F88833E2E710B514460A0619D46E
:10DCB00001EB810C4FEACC0C00EB0C0E00228EF82D
:10DCC00074130CF55D71CEF87C4301448EF8773304
:10DCD0008EF87523022B04BF00230B7101F0EEFCBC
:10DCE000002010BD01F07F0E0EEB8E0C4FEACC0C25
:10DCF00000EB0C020CF58E714FF0010CC2F82441C0
:10DD0000014482F81CE182F81F31A2F822E182F876
:10DD10001DC1DFE708B50B0601F07F020DD401EB52
:10DD2000810300EBC30303F55D73C90959701A70D1
:10DD3000194601F001FD002008BD02EB820300EB53
:10DD4000C30303F58E73F0E708B501F07F0E0EEB09
:10DD50008E0C4FEACC0C194600EB0C030CF55D7CE5
:10DD6000C3F8881300EB0C014FF0000CC3F88023BC
:10DD700083F874E3C3F88CC383F875C390F803C0C9
:10DD8000BCF1010F08BFC3F88423BEF1000F03D11B
:10DD900001F0A0FD002008BD01F0EAFC002008BD54
:10DDA00001F07F0C0CEB8C01C90008B500EB010EF3
:10DDB00001F58E71CEF830310023CEF834310123D5
:10DDC000CEE94A2201448EF81CC18EF81D31BCF107
:10DDD000000F03D101F07EFD002008BD01F0C8FC5A
:10DDE000002008BD08B50B0601F07F0211D401EB3D
:10DDF000810300EBC30303F55D734FF0010CC90908
:10DE0000597083F802C01A70194601F0E1FD002034
:10DE100008BD02EB820300EBC30303F58E73ECE74E
:10DE20000B0610B501F07F020FD401EB810300EB6C
:10DE3000C30303F55D730024C90959709C701A70FF
:10DE4000194601F0E9FD204610BD02EB820300EB0C
:10DE5000C30303F58E73EEE702690023106861F3D4
:10DE60000A13034313607047084B1868FF280BD050
:10DE700010B50749074A8C6812680749A047034B49
:10DE8000FF221A60002010BD0020704724010020EE
:10DE9000D0010020789000208C900020432301487E
:10DEA0000B80704728010020284A38B51368052BDD
:10DEB00003D001331360002038BDDFF8A4C09CF804
:10DEC0000010002301291360F5D021490A68B2F53A
:10DED000006F08BF0B601F4BD1F800E01A68964531
:10DEE0002FD0D1F800E01A6896451BD90B681A4A62
:10DEF000C3F5006313601368402B0B681FFA83FEA1
:10DF000016D90B6840330B601368403B1360402305
:10DF100001228CF80020114A81217244FFF740FF52
:10DF2000002038BD1B680A689B1A0B4A1360E2E7A1
:10DF3000136814680D682C440C6000219BB21160BA
:10DF4000E6E700238CF80030B5E700BF74900020AE
:10DF500084900020889000208090002094900020E1
:10DF60007C90002010B501EB810100EBC101074B53
:10DF7000B1F88C131B69044605489847044A4023AE
:10DF800001212046FFF7E0FE002010BDD001002057
:10DF90009498002030B591F800C01CF0600283B066
:10DFA0000B4605461AD0202A04D002F05FF8022062
:10DFB00003B030BDCA8891F801E012B31CF0800FA5
:10DFC0002FD0214901938C6820497046A047019BBE
:10DFD0001E49DA88284601F05BFD0FE04A780A2ADC
:10DFE0001AD00B2A13D0062A08D14A88120A212AED
:10DFF00020D017493A22284601F04AFD002003B0FC
:10E0000030BD114B11469B6870469847F6E78B78F8
:10E01000B3B9104A1360F1E70E49012201F038FD4F
:10E02000ECE70D490D4BC1F800E008491A6001F01A
:10E0300045FDE3E7CA880A493A2A28BF3A22DAE7C7
:10E0400002F014F8DAE700BFD00100208C90002025
:10E0500031010020D4980020240100207890002075
:10E060003A01002010B581210446FFF753FE01213B
:10E070002046FFF74FFE82212046FFF74BFE024B62
:10E080005B689847002010BDD001002010B5022326
:10E09000044640228121FFF707FE0223402201218E
:10E0A0002046FFF701FE0323082282212046FFF7C6
:10E0B000FBFD074A074B4FF0020191801B68984710
:10E0C000054A402301212046FFF73EFE002010BDF7
:10E0D000A0010020D0010020949800201C4B1A7849
:10E0E000012A01D0002070471A490A68D2B10B6892
:10E0F000402B10B519D9184B1A68D3F800C00CF191
:10E10000400CC3F800C0D1F800C0ACF1400C92B292
:10E110004023C1F800C011490A448121FFF740FEA5
:10E12000002010BD1A7000207047DFF82CC0DCF80A
:10E1300000200B68D1F800E0DCF80040A644CCF8E1
:10E1400000E04FF0000C92B29BB2C1F800C0E2E7D1
:10E150007C900020809000208490002094900020EB
:10E1600010B5D0F8E83504461B699847032384F8B6
:10E170001231002010BD00BF08B5042290F8121122
:10E18000D0F8E83580F8131180F81221DB68984741
:10E19000002008BD08B5D0F8E435DB6903B1984725
:10E1A000002008BD08B5D0F8E4351B6A9847002068
:10E1B00008BD00BF08B5D0F8E4355B6A9847002079
:10E1C00008BD00BF002310B5194604464022FFF7E2
:10E1D0006BFD8021002340222046FFF765FDD4F827
:10E1E000E835A078012284F812215B689847002066
:10E1F00010BD00BF00B585B002A9019001F024FF59
:10E200009DF80810019801F01F03012B0ED0022B7E
:10E2100006D08BB902A901F001FD002005B000BDB8
:10E2200002A901F099FE002005B000BD02A901F08D
:10E230006FFE002005B000BD01F08001FFF7D2FDA8
:10E24000002005B000BD00BF10B5034682B051B933
:10E2500090F81121022A1DD093F81621012A0FD01F
:10E26000002002B010BDD0F8E4255269002AF7D092
:10E2700090F81231032BF3D19047002002B010BD6B
:10E28000264A1969106848600022002083F8162188
:10E2900002B010BDD0F83821D0F824C1624513D99E
:10E2A000C078D3F8281100930128A2EB0C0208BF14
:10E2B0006144C3F8382108BFC3F82811184692B248
:10E2C00001F0F4FB009BC7E7D0F83CE1BEFBFCF299
:10E2D0000CFB12E272B9F4450CD8D0F84041A645C7
:10E2E00008D2CDE9002001F0E1FBDDE90023C3F80D
:10E2F0004021B1E7D3F8E425D2681AB193F812119E
:10E30000032905D01846009301F0FEFB009BA3E70C
:10E31000184600939047009BF4E700BFD898002070
:10E3200000B5034683B031B990F81121032A0FD00C
:10E33000002003B000BDD0F8E4259269002AF7D090
:10E3400090F81231032BF3D19047002003B000BDA9
:10E35000D0F89013D0F87C23914214D990F803C0E0
:10E36000881AD3F88013C3F89003BCF1010F04BFDF
:10E370008918C3F88013824228BF024692B2184619
:10E3800001F0AAFBD4E7D0F8E42512691AB190F89D
:10E390001211032903D0184601F0A6FBC8E701902B
:10E3A0009047019BF7E700BF30B585B00446CDE943
:10E3B0000221089D0193FFF739FA019B029A039904
:10E3C000C4F8E4352046C4F8EC25C4F8E855FFF756
:10E3D00073FAD4F8E8351B689847204605B0BDE8C5
:10E3E0003040FFF74BBA00BFD0F8E43510B5044613
:10E3F0001B689847D4F8E8359B689847002010BD03
:10E4000008B5D0F8E4355B689847002008BD00BF28
:10E41000122301480B807047A0010020042301480B
:10E420000B8070479C01002008B50A46024803494A
:10E4300001F02AFE014808BD00670308649F002020
:10E4400008B50A460248034901F01EFE014808BD0E
:10E4500024670308649F002008B50A460248034960
:10E4600001F012FE014808BD38670308649F0020D0
:10E4700008B50A460248034901F006FE014808BDF6
:10E4800048670308649F002008B50A46024803490C
:10E4900001F0FAFD014808BD54670308649F00209D
:10E4A00000207047C1B110B501440C4BDFF830E0DB
:10E4B0000138013900241A6810F801CF0EF802C0A3
:10E4C0001A6801321A601A68B2F5006F28BF1C6022
:10E4D0008842F0D1002010BD0020704788900020B5
:10E4E0009490002059B138B54518441E013D14F8E8
:10E4F000010F01F073FBAC42F9D1002038BD0020C0
:10E50000704700BF202815D0212801D00020704777
:10E51000104B1A680A701A68120A4A705A888A7070
:10E52000DA78CA701A790A715A794A719B798B71B3
:10E5300000207047074B0A79D1F800C048791A715A
:10E54000897958710122C3F800C09971DA710020ED
:10E55000704700BFE401002000207047054A064BC9
:10E5600010681B68984234BF03F1FF3303F2FF7356
:10E57000181A704788900020849000202DE9F04FF1
:10E5800085B0044600F0ACFD18B9002005B0BDE828
:10E59000F08F204600F0AAFD01460028F5D0C0F318
:10E5A000074313F00800994640F0898019F0040FE2
:10E5B0003FD18A0702D5E36802225A610029C0F2DE
:10E5C000C7810B05C1F3072500F1DA800E070AD5D4
:10E5D000844B00911B682046DB689847E3680099EC
:10E5E00008225A610120C90600F18C81EA0600F177
:10E5F000FD80AB0600F1AB8019F0100F09D0794B0C
:10E600001B682046DB699847E3684FF480120120BD
:10E610005A6119F0200FB9D0724B1B6820461B6A53
:10E620009847E3684FF4001201205A6105B0BDE835
:10E63000F08F2046009101F015FA0099002800F0B3
:10E64000D081264604F11803A04600250446019116
:10E65000E10740F1C881D8F81000D3F800C0016983
:10E66000426B22FA05FEDCF8082041EACE11114087
:10E67000CA0740F18A8100935A4BD0F834E01968F8
:10E6800001234A6803FA05F12EEA01014163CCF83F
:10E690000830E9B24046904798F80310009B0129E2
:10E6A00000F0CA81640800F09A81013528360433ED
:10E6B000E107D0D40135640828360433C8E7204682
:10E6C000009101F0C1F900990546002800F085810C
:10E6D000224604F15406274688460024E80704D45D
:10E6E00001346D08043628322AE0E1B2384601923E
:10E6F000009101F0AFF910F0010FDDE9001200F018
:10E700005681336801209860F878012807D118698C
:10E71000D2F87C33C0F312001B1AC2F88C33314B91
:10E7200000921B6838461B689847FB78009A012BBB
:10E7300000F095816D0800F04E81013404362832D6
:10E74000E807D2D401346D0804362832C6E72046E3
:10E7500000F0A0FFE3682046DD6800F08DFF03288D
:10E7600000F04681012340220521A370E368A280C6
:10E7700061F38D254FF40052DD6001205A613BE7C3
:10E7800000238DF80F3094F812318DF80F30154BAF
:10E7900000911B6820465B69984723690099986837
:10E7A000E3684FF400625A61A37AC3B1C70716D574
:10E7B00094F81531012B12D19DF80F30032B0ED197
:10E7C000D4F80C3108481A6842F001021A601A683D
:10E7D00042F003021A60036943F00603036101205B
:10E7E000F4E600BF6C01002000ED00E022695368F0
:10E7F000002623F0010353603146204600F038FC28
:10E8000062783746002A5CD0A169606DFF23012A37
:10E810008B60836055D0E1698B60A16D022A8B60AB
:10E820004FD0216A8B60E16D032A8B6049D0616A09
:10E830008B60216E042A8B6043D0A16A8B60616E6D
:10E84000052A8B603DD0E16A8B60A16E062A8B6041
:10E8500037D0216B8B60E16E072A8B6031D0616B02
:10E860008B60216F082A8B602BD0A16B606F8B604F
:10E87000092A836025D0E16B8B60A16F0A2A8B6027
:10E880001FD0216C8B60E16F0B2A8B6019D0616CFB
:10E890008B60D4F880100C2A8B6012D0A16C8B6036
:10E8A000D4F884100D2A8B600BD0E16C8B60D4F807
:10E8B00088100E2A8B6004D0226D9360D4F88C20CF
:10E8C000936023690B22394662F3070162F307065E
:10E8D0004FF0FF329A614FF00112DA615E61196107
:10E8E0001A6822F4FE621A60204601F0C1F8854BD6
:10E8F000E2681B684FF480511B69516120469847BC
:10E90000012076E6E3689A6922F010029A611E6A95
:10E91000C6F34342022A06F00F076ED0062A11D131
:10E92000082204F2CC51204600F02EF907EB8703B1
:10E9300004EBC303C6F30A16D3F88C233244C3F89E
:10E940008C23E3689A6942F010029A6101204DE637
:10E95000A37A43B1D4F80C3123F0030262F3070326
:10E96000D4F80C21136022690091536823F001034D
:10E970005360644B1B6820469B699847E368009985
:10E980004FF0004201205A611BE60F070BD4C80666
:10E9900005D44A065DD54021CCF8081082E6102146
:10E9A000CCF808107EE60822CCF808207AE6810729
:10E9B00003D5336802219960BCE603077FF5BAAE40
:10E9C000504B00921B6838469B6898473368009A02
:10E9D00008219960AEE63C4641460120E6E50199F2
:10E9E00044460120E5E501356408283604335FE636
:10E9F00000234FF400720921B7E647F6F072324067
:10EA0000002A9FD007EB870304EBC303C6F30A1663
:10EA1000D3F8801300933246204600F0B5F8009BEF
:10EA2000D3F88023D3F88C1332443144C3F88023C5
:10EA3000C3F88C13E36885E7002D7FF433AE98F8B4
:10EA4000111104297FF42EAE404601F011F8009B0D
:10EA500028E68F0710D50221CCF8081022E6002CFA
:10EA60007FF468AE97F81131052B7FF463AE38461A
:10EA700000F0FEFF009A5DE608067FF513AED6E9CA
:10EA80004C1EDCF81800D6F8242187B2A1EB0E004A
:10EA9000904228BF10460330B7EB900F2ED9EFB24B
:10EAA000A246AB4660461D460C4673461EE0D6F8AD
:10EAB0002431D6F828119C4228BF1C46A3B23A46FE
:10EAC000404600F04BF8D6F83431D6F828212868B3
:10EAD00023442244C6F83431C6F82821826903341D
:10EAE00092B2B2EB940F05D9D6F830419C42A4EB18
:10EAF0000304DCD82B46844654465D468021CCF87E
:10EB00000810CFE56C010020014B05221A707047F8
:10EB100008020020014B05221A70704708020020ED
:10EB2000014B06221A70704708020020014B052293
:10EB30001A70704708020020014B05221A707047B6
:10EB400008020020014B05221A70704708020020BD
:10EB5000014B05221A7070470802002090F803C08C
:10EB6000BCF1000F0DD103339B100AD000EB8200E3
:10EB7000D0F8D00051F8042B02600CF1010C634571
:10EB8000F8D10020704700BF10B502F1030E5FEA14
:10EB9000AE0E0C460ED0D0F8D010A4460023184676
:10EBA00001330A684CF8042B9E45F8D1043404EB79
:10EBB000800010BD084610BD01234022994230B5A7
:10EBC0004380828000F07B81002940F05781DFF88C
:10EBD00048C3C17240F20C624FF4A063C84CDFF826
:10EBE0003CE3C849C84D0280C38006226346C0E9A1
:10EBF00003C403F5106CC0F818C003F5306CC0F8FE
:10EC000054C003F5126CC0F81CC003F5326CC0F898
:10EC100058C003F5146CC0F820C0032A03F5346C07
:10EC2000C0F85CC074D003F5166CC0F824C0042A88
:10EC300003F5366CC0F860C06AD003F5186CC0F8F4
:10EC400028C0052A03F5386CC0F864C060D003F50D
:10EC50001A6CC0F82CC0062A03F53A6CC0F868C0DC
:10EC600056D003F51C6CC0F830C0072A03F53C6C85
:10EC7000C0F86CC04CD003F51E6CC0F834C0082A34
:10EC800003F53E6CC0F870C042D003F5206CC0F8AC
:10EC900038C0092A03F5406CC0F874C038D003F5B9
:10ECA000226CC0F83CC00A2A03F5426CC0F878C058
:10ECB0002ED003F5246CC0F840C00B2A03F5446C39
:10ECC000C0F87CC024D003F5266CC0F844C00C2AE0
:10ECD00003F5466CC0F880C01AD003F5286CC0F864
:10ECE00048C00D2A03F5486CC0F884C010D003F565
:10ECF0002A6CC0F84CC00E2A03F54A6CC0F888C0D4
:10ED000006D003F52C62026503F54C62C0F88C2036
:10ED100002784561C0F8CC10002A00F0AB8003F502
:10ED2000A061012AC0F8901000F0DD8003F5A46115
:10ED3000022AC0F8941000F0DB8003F5A861032AD2
:10ED4000C0F8981000F0EE8003F5AC61042AC0F81A
:10ED50009C103FD003F5B061052AC0F8A01039D04F
:10ED600003F5B461062AC0F8A41033D003F5B861E6
:10ED7000072AC0F8A8102DD003F5BC61082AC0F8F6
:10ED8000AC1027D003F5C061092AC0F8B01021D01B
:10ED900003F5C4610A2AC0F8B4101BD003F5C8619A
:10EDA0000B2AC0F8B81015D003F5CC610C2AC0F8B6
:10EDB000BC100FD003F5D0610D2AC0F8C01009D0E7
:10EDC00003F5D4610E2AC0F8C4101CBF03F5D86146
:10EDD000C0F8C81003F5405103F5805403F5005CFA
:10EDE000C0F8D810042A03F58041C0E9344CC0F8BB
:10EDF000DC103FD003F5A041052AC0F8E01039D05F
:10EE000003F5C041062AC0F8E41033D003F5E04111
:10EE1000072AC0F8E8102DD003F50041082AC0F8F1
:10EE2000EC1027D003F51041092AC0F8F01021D0CA
:10EE300003F520410A2AC0F8F4101BD003F5304135
:10EE40000B2AC0F8F81015D003F540410C2AC0F881
:10EE5000FC100FD003F550410D2AC0F8001109D065
:10EE600003F560410E2AC0F8041103D003F5704386
:10EE7000C0F80831C0F80CE1002030BD4278002312
:10EE80004FF40061C0E903318AB14FF4106C4FF4C4
:10EE90003061012AC0F818C0416508D04FF4126CE7
:10EEA0004FF43261022AC0F81CC0816545D14FF48D
:10EEB000606E4FF488614FF48065002328E74FF4BB
:10EEC000816C4FF4A0710222A0F800C04FF0A04C5A
:10EED000C372C18002720D4CDFF844E00C490D4D45
:10EEE0000422634683E603F58053C0F8D030C1E7BF
:10EEF00003F5805203F50053C0E93423BAE700BF9D
:10EF0000000804404004044000040440000800508D
:10EF1000400400500004005000000440000E044073
:10EF2000000E005003F5805103F5005203F54053E5
:10EF3000C0E93412C0F8D8309CE74FF4606E4FF44B
:10EF400080654FF4886164E670B5027AC368012A6F
:10EF500082B0054636D19E6B417A26F48036002970
:10EF60002DD062F314569E63DA68384C22F4940272
:10EF7000002122F04002DA6000910320FEF78EFCAF
:10EF8000EB68013C1A69009213D0009A002AF4DA67
:10EF900000992E4A41F00101009100991961196907
:10EFA0000091013A02D00099C807F8D40320FEF777
:10EFB00075FCEB78012B3BD0002002B070BDC6F38E
:10EFC0000052CEE7DA68214C002642F04002DA60B7
:10EFD00001960320FEF762FCEB68013C1A6901927E
:10EFE00014D0019A002AF4DA0199184A41F001017B
:10EFF00001910199196119690191013A02D00199B0
:10F00000C907F8D40320FEF749FCEB686A7A003A96
:10F0100018BF0122120142F02D0262F317469E63CF
:10F020001420FEF73DFCEB78012BC5D1E96802E026
:10F03000E9682A238B608B6823F03E0242F02A02A3
:10F0400062F3070300208B6002B070BD410D030026
:10F0500003460020DA68936843F001039360704729
:10F0600003460020DA68936823F001039360704739
:10F0700000B583B000230193019B43F0200301936B
:10F08000019B61F38A130193C168019A074B0A61DE
:10F090000A690192013B02D0019A9206F8D403203A
:10F0A000FEF7FCFB002003B000BD00BF410D0300D4
:10F0B000C06808B5C368C3F3076222F06002012983
:10F0C00062F31F6308D009B943F08043C360322064
:10F0D000FEF7E6FB002008BD43F00053F6E700BF53
:10F0E000C3685869C04300F001007047C36858699D
:10F0F0009B691840704700BF10B504460020D4F843
:10F100000C312269E16882B01860136860F3CC2387
:10F110001360E37A012B13D113681E4843F00303F5
:10F1200013604FF0800C1C4BC1F824C01B4A88624E
:10F13000C1F804314FF4A073C1F80821C1F80C31B3
:10F1400000230193019B43F020030193019A144B88
:10F15000102060F38A120192019A0A610A690192F1
:10F16000013B02D0019A9006F8D40320FEF796FBEB
:10F1700000220092009AE168094B42F010020092CE
:10F18000009A0A610A690092013B0BD0009AD206EC
:10F19000F8D407E080002000A000800020012000BB
:10F1A000410D03000320FEF779FB216900224FF097
:10F1B000FF330A614A618B61CA616378002B00F0FA
:10F1C0001782D4F818C0DCF800E0BEF1000FB4BF1D
:10F1D0004FF0904E4FF0000EFF20012BCCF800E0D6
:10F1E000CCF81020CCF8080000F03482D4F81CC011
:10F1F000DCF800E0BEF1000FB4BF4FF0904E4FF0CE
:10F20000000E022BCCF800E0CCF81020CCF808005F
:10F2100000F0F080D4F820C0DCF800E0BEF1000F70
:10F22000B4BF4FF0904E4FF0000E032BCCF800E02F
:10F23000CCF81020CCF8080000F0DC80D4F824C012
:10F24000DCF800E0BEF1000FB4BF4FF0904E4FF07D
:10F25000000E042BCCF800E0CCF81020CCF808000D
:10F2600000F0C880D4F828C0DCF800E0BEF1000F40
:10F27000B4BF4FF0904E4FF0000E052BCCF800E0DD
:10F28000CCF81020CCF8080000F0B480D4F82CC0E2
:10F29000DCF800E0BEF1000FB4BF4FF0904E4FF02D
:10F2A000000E062BCCF800E0CCF81020CCF80800BB
:10F2B00000F0A080D4F830C0DCF800E0BEF1000F10
:10F2C000B4BF4FF0904E4FF0000E072BCCF800E08B
:10F2D000CCF81020CCF8080000F08C80D4F834C0B2
:10F2E000DCF800E0BEF1000FB4BF4FF0904E4FF0DD
:10F2F000000E082BCCF800E0CCF81020CCF8080069
:10F3000078D0D4F838C0DCF800E0BEF1000FB4BF0C
:10F310004FF0904E4FF0000E092BCCF800E0CCF8E7
:10F320001020CCF8080065D0D4F83CC0DCF80020F0
:10F33000002AB4BF4FF090420022CCF800200020F9
:10F34000FF220A2BCCF81000CCF8082052D0D4F8B9
:10F3500040C0DCF800E08645B4BF4FF0904E8646D2
:10F360000B2BCCF800E0CCF81000CCF8082041D0F2
:10F37000D4F844C0DCF800E08645B4BF4FF0904EAE
:10F3800086460C2BCCF800E0CCF81000CCF8082016
:10F3900030D0D4F848C0DCF800E08645B4BF4FF068
:10F3A000904E86460D2BCCF800E0CCF81000CCF83F
:10F3B00008201FD0D4F84CC0DCF800E08645B4BF6C
:10F3C0004FF0904E86460E2BCCF800E0CCF81000A3
:10F3D000CCF808200ED0D4F850C0DCF800E0864508
:10F3E000B4BF4FF0904E8646CCF800E0CCF8100049
:10F3F000CCF80820D4F854E0D4F858C0DEF8002047
:10F40000002AB4BF4FF090420022CEF80020002026
:10F41000FF22CEF81000CEF80820DCF800E0864588
:10F42000B4BF4FF0904E8646022BCCF800E0CCF8EB
:10F430001000CCF8082000F0DB80D4F85CC0DCF8C9
:10F4400000E08645B4BF4FF0904E8646032BCCF8C3
:10F4500000E0CCF81000CCF8082000F0C980D4F807
:10F4600060C0DCF800E08645B4BF4FF0904E8646A1
:10F47000042BCCF800E0CCF81000CCF8082000F009
:10F48000B780D4F864C0DCF800E08645B4BF4FF024
:10F49000904E8646052BCCF800E0CCF81000CCF856
:10F4A000082000F0A580D4F868C0DCF800E08645AC
:10F4B000B4BF4FF0904E8646062BCCF800E0CCF857
:10F4C0001000CCF8082000F09380D4F86CC0DCF871
:10F4D00000E08645B4BF4FF0904E8646072BCCF82F
:10F4E00000E0CCF81000CCF8082000F08180D4F8BF
:10F4F00070C0DCF800E08645B4BF4FF0904E864601
:10F50000082BCCF800E0CCF81000CCF808206FD025
:10F51000D4F874C0DCF800E08645B4BF4FF0904EDC
:10F520008646092BCCF800E0CCF81000CCF8082077
:10F530005ED0D4F878C0DCF800E08645B4BF4FF068
:10F54000904E86460A2BCCF800E0CCF81000CCF8A0
:10F5500008204DD0D4F87CC0DCF800E08645B4BF6C
:10F560004FF0904E86460B2BCCF800E0CCF8100004
:10F57000CCF808203CD0D4F8802010680028B4BF14
:10F580004FF09040002010604FF0000CFF200C2B3B
:10F59000C2F810C090602BD0D4F88420D2F800E0DC
:10F5A000E645B4BF4FF0904EE6460D2BC2F800E0A2
:10F5B000C2F810C090601BD0D4F88820D2F800E0C8
:10F5C000E645B4BF4FF0904EE6460E2BC2F800E081
:10F5D000C2F810C090600BD0D4F88C301A68624525
:10F5E000B4BF4FF0904262461A60C3F810C09860F2
:10F5F0000B69E26843F480730B61E078012819D04D
:10F60000002393616FF080414FF0FF34984208BFB0
:10F6100010231748516154605161906143F4701395
:10F62000916943F4605343F008030B430020936156
:10F6300002B010BDDFF83CC0C1F830C06FF08040B0
:10F640000B4C00234FF0FF319361506151605061CA
:10F650009461E3E7636DD3F800C0BCF1000FB6BF5F
:10F660004FF0904C1A60C3F800C01A619860BFE771
:10F67000000800800301810003699868C0F341001D
:10F6800002281DBF20F00200C0F10300C0B201201B
:10F69000704700BF036981699A680868C2F3410234
:10F6A000022A0CBF0322002262F30A0008605A6893
:10F6B00042F4807200205A60704700BF10B591F884
:10F6C00000C091F801E0012303FA0CF300EB8C0C6D
:10F6D000BEF1010F0CBFDCF818C0DCF854C0DCF838
:10F6E00000E04FF000029BB20CBF63F30F0263F324
:10F6F0001F421EF4004F16D18B68CC78C988C3F323
:10F700000A0343F0805343F4004304F0030401F080
:10F710000F0143EA844343EA815306490EEA01019B
:10F720000B43CCF800300369D9690A430020DA6141
:10F7300010BD00BF007833EC0A7891F801C00123B6
:10F74000934000EB82029BB2BCF1010F4FF000012D
:10F750000BBF63F30F0163F31F419369536D02699C
:10F7600000201860D36923EA0103D361704700BF0A
:10F770002DE9F04391F801E00A784B69CD78BEF1AC
:10F78000010F31D000EB82028E68D2F854E0C6F34C
:10F790001202DEF800C0DEF810401BB33344013B18
:10F7A000B3FBF6F3C3F3090606FB02F23346C2F3DA
:10F7B000120242EAC34262F31C04CEF81040C3783E
:10F7C000012B04BF0B69CEF81430012D3CD0CCF3D3
:10F7D000076363F07B0363F31F6CCEF800C0002067
:10F7E000BDE8F0830123E4E700EB8204A046A669AC
:10F7F000D6F800C0346963B38F681F4404F06049D1
:10F80000013F8C68B7FBF4F7314C04EAC744C3F3FB
:10F8100012073C43012D44EA090447D03461C37800
:10F82000012B51D00EFA02FE0269536B4EEA03031C
:10F830005363CCF3076363F07B0363F31F6CC6F879
:10F8400000C00020BDE8F0834B7963B34CF0005C4E
:10F85000BDE704F0604444F400243461C478012C12
:10F860002DD0012DE5D10269926812F4807FCCF38E
:10F8700007620CBF62F05B0262F06B0262F31F6C06
:10F88000C6F800C0002CAAD198B203308010A6D0D0
:10F89000CA68D8F8D0502346013352F8041B2960B7
:10F8A0009842F9D19BE74CF0805C90E765F35E7479
:10F8B0003461C478012CD6D10A697261D3E70A6930
:10F8C0007261012DB5D1CEE70B697361B1E700BF5D
:10F8D0000000F81F10B54B78D1F814C0012B82B08E
:10F8E0002DD00B7800EB8303D3F854E0DEF8002032
:10F8F000DEF8103000938B68BCF1000F1DD1009C26
:10F9000003F07F0324F4C01C43F400232CF07F0C8D
:10F9100043EA0C03CEF81030C378012B04BF0B6907
:10F92000CEF81430C2F3076363F07B0363F31F6206
:10F93000CEF80020002002B010BD4B61DFE7D0F808
:10F9400018E0DEF80020DEF810300093BCF1000F64
:10F9500023D1009B23F4C0134CF4002C23F07F032D
:10F9600043EA0C03CEF810300093C378012B1CD06F
:10F97000C2F3076C6CF07B0C6CF31F62CEF80020B6
:10F98000002BD7D14B69002BD4D002690878516B7A
:10F99000012383400B435363CCE78B6863453CBF33
:10F9A0009C464B610CF07F0CD3E70B78D1F810C06C
:10F9B00000EB8301C2F30763896963F07B0363F3A0
:10F9C0001F620020C1F814C0CEF8002002B010BDA4
:10F9D0004B78012B09D00B7800EB8300426D136844
:10F9E00043F400131360002070470A78094900EBC4
:10F9F000820080690268002AA8BFC2F380739B035B
:10FA000001EA124143F020030B4363F31F420260FB
:10FA100000207047DFBFFFFF0B784A7800EB8300C0
:10FA2000012A0CBF8069406DCA780368023A012A36
:10FA300023F400138CBFC3F30072012262F31C7322
:10FA400003600020704700BF03699869DB691840B4
:10FA5000000C704700EB810103694A6D90685B6997
:10FA60001840704703699869DB69184080B2704795
:10FA7000436D064A1A61C278012A06D100F2CC50C1
:10FA800058614FF0802219681A607047180008C04A
:10FA900008B513460A460221C0E94E3380F8111119
:10FAA0000021FEF77DF9002008BD00BF08B5134610
:10FAB0000A460021FEF774F9002008BD08B5134678
:10FAC0000A460321C0E9E43380F811110021FEF752
:10FAD0003BF9002008BD00BF08B513460A460021C7
:10FAE000FEF732F9002008BD10B5002304220446B9
:10FAF000194680F811211A46FEF752F92046FFF701
:10FB0000B7FF002010BD00BF10B50023052204463A
:10FB1000194680F811211A46FEF716F92046FFF71C
:10FB2000A7FF002010BD00BF10B582B009490091A9
:10FB3000094B0A4A0A480B4C0121FEF735FC0A49D9
:10FB40000A4B0B4A002008600121206011701860E8
:10FB500002B010BDEC010020F8000020B40100202C
:10FB6000DC980020D89E0020DC9E0020D49E00203F
:10FB7000D09E0020024B1868B0FA80F04009704710
:10FB8000D49E00200F4B1A6812B9027004207047EF
:10FB90000D4A11687F2984BF00211160D2F800C08E
:10FBA0000A4911F80CC080F800C010684FF0000C32
:10FBB00001F800C01168013111601A68013A032090
:10FBC0001A607047D49E0020D89E0020E09E00203E
:10FBD00008B5FEF767FC002008BD00BF0C4B1A6893
:10FBE0007F2A01D9022070470A4ADFF82CC0116829
:10FBF0007F2984BF0021116011680CF80100116891
:10FC0000013111601A68013200201A60704700BF8C
:10FC1000D49E0020DC9E0020E09E002010B54B7892
:10FC200084B00A460446092B11D8DFE803F03D50A2
:10FC30001065107A0510971E51880B0A022B00F0F0
:10FC40003C81032B00F0F480012B00F0A98080217F
:10FC50002046FEF7C7F800212046FEF7C3F82046ED
:10FC6000FFF706FF002004B010BD9178A44B0129D6
:10FC70001970ECD890F81221022A7FD0032AE6D11D
:10FC8000002900F02D8190F81011012930D0FEF7E5
:10FC9000B7FB9B4B197884F810112046FEF7A4FBA4
:10FCA0002046FFF721FFDDE790F81231023B012BE0
:10FCB000CDD8944BD0F81821012119600AB1032244
:10FCC0001A60904902222046FFF7E2FECAE790F848
:10FCD0001231023B012BBAD85388012BC2D1D0F884
:10FCE000E43500219B68C0F818111146204698475A
:10FCF0002046FFF7F9FEB5E75388012B00F092800C
:10FD0000022BAFD19388DAB2002AABD102691B0A69
:10FD1000013B5268042B6CD8DFE803F07C807874D8
:10FD200068009388002B92D1D388002B8FD190F854
:10FD30001231032B8BD0518801F07F0180F8141110
:10FD40000091FEF789F82046FFF7CEFE00990029C2
:10FD500000F0C280022384F8123183E7D288012A9E
:10FD60007FF475AF90F81231022B15D0032B7FF47E
:10FD70006EAF00F58871FFF78BFE73E70029B7D0EF
:10FD80000121032380F8101180F81231FEF72CFBBB
:10FD90002046FFF7A9FE65E75B49FFF779FE61E7BB
:10FDA000D0F8EC3580781B6800920DF10E01984771
:10FDB000009AD388402B00F09E8094F812110129FC
:10FDC00000F09B80BDF80E1000293FF44BAFD388A4
:10FDD000002B3FF447AF8B4228BF0B461A46014623
:10FDE0002046ADF80E30FFF753FE3BE7052363F3E3
:10FDF0000612464B012184F8161120461A60FFF7BF
:10FE000073FE2FE7042363F30612F2E7032363F381
:10FE10000612EEE7012363F30612EAE7022363F317
:10FE20000612E6E7D0F8E415C0F818318B685CE7F5
:10FE3000C9B205293FF60BAFDFE801F0352B2117DA
:10FE40000D03D0F8EC35009280789B690DF10E011E
:10FE50009847009AB6E7D0F8EC35009280785B6955
:10FE60000DF10E019847009AACE7D0F8EC350092FE
:10FE700080781B690DF10E019847009AA2E7D0F82F
:10FE8000EC3500928078DB680DF10E019847009AFE
:10FE900098E7D0F8EC35009280789B680DF10E0160
:10FEA0009847009A8EE7D0F8EC35009280785B682E
:10FEB0000DF10E019847009A84E7D0F8E405CDE9EA
:10FEC00000320DF10E01836AA0789847009B4370C1
:10FED000019AC4F8F00575E7012384F81231C1E6F0
:10FEE000022380F8123180F81011FEF789FA2046BB
:10FEF000FFF7FAFDB6E608216DE7082168E700BFC5
:10FF0000609F002064A0002068A00020D8980020F6
:10FF100010B590F81231032B82B004460ED10B7944
:10FF2000012B0BD8D0F8E43501919B689847019AD2
:10FF3000D38873B92046FFF7D7FD0AE08021204619
:10FF4000FDF750FF00212046FDF74CFF2046FFF74C
:10FF50008FFD002002B010BD10B50B46B1F804C0F3
:10FF60005A78012A82B004465FFA8CF131D0032A14
:10FF70001BD0BAB990F81231022B2ED0032B3FD1EF
:10FF80001CF0800F51D101EB810100EBC10191F810
:10FF90007633003B18BF01232A49022220460B601A
:10FFA000FFF776FD002002B010BD90F81221022A62
:10FFB00013D0032A24D15A8882B3D4F8E4251946F1
:10FFC0009368204698472046FFF78EFD002002B038
:10FFD00010BD90F81221022A04D14B06E2D0FDF7A1
:10FFE00001FFDFE7032A0BD15A88002ADAD14A063B
:10FFF000E9D00193FDF714FFD4F8E4250199DFE778
:020000040802F0
:1000000080212046FDF7EEFE00212046FDF7EAFEA6
:100010002046FFF72DFD002002B010BD4A06CCD0CF
:100020000193FDF7DFFE019BC7E70CF07F0C0CEBA3
:100030008C0C00EBCC0C9CF81E31003B18BF01234C
:10004000AAE700BF6CA00020B0F8CC350B80B0F858
:10005000CE354B80B0F8D0358B80B0F8D235CB8020
:100060000122C0F8403180F81121704710B580217D
:100070000446FDF7B7FE20460021FDF7B3FE2046FB
:10008000BDE81040FFF7F4BC037843B300B585B07A
:1000900003460130CDE902120193E8F771FE013009
:1000A000C0B20299039A019B013040004FF0030C4B
:1000B0001080087081F801C0187870B19C464FF02C
:1000C000000E02235A1CD2B2C85401F802E01CF8F8
:1000D000010F0233DBB20028F4D105B000BD704738
:1000E00010B5874C86B0206FE8F7DCF882A3D3E91F
:1000F0000023E8F741F9E8F717FC9FED827A07EE55
:10010000900AF4EEC77AF1EE10FA00F1E6809FED66
:100110007E6AF4EEC67AF1EE10FA00F3DE80606FCC
:10012000CDED017A8DED036A8DED027AE8F7BAF82C
:1001300071A3D3E90023E8F71FF9E8F7F5FBDFED3A
:10014000736A05EE900AF4EEE65AF1EE10FA00F149
:10015000C480DFED6F6AF4EEE65AF1EE10FA00F3B8
:10016000BC80DDED017A9DED027AF4EEC77AF1EE06
:1001700010FA40F2B680B2EE045A87EE850A049077
:100180008DED025A11F014FFFDEEC06A9DED025A8A
:100190009DED036ADDED017ADDED045A16EE903A2D
:1001A0001BB206EE903AF8EEE66AF4EEC67A66EE18
:1001B000856AF1EE10FAA8BF76EEC56AFDEEE66A32
:1001C00016EE903A1BB206EE903AF8EEE66A36EE7C
:1001D000866A86EE057ABDEEC77A17EE103A1CB233
:1001E000631C9FED4A7AF4EEC75AF1EE10FA7DD9FE
:1001F000F2EE044A85EEA40A0493CDED057ACDED26
:10020000036ACDED024ACDED015A11F0D1FEBDEEEB
:10021000C07A9FED3F6ADDED024ADDED015ADDED6A
:10022000036ADDED057A17EE103A1BB207EE103ABD
:10023000B8EEC77AF4EEC65A27EE247AF1EE10FA39
:10024000A8BF37EE647A049BBDEEC77A17EE102A7A
:1002500012B207EE102AB8EEC77A37EE065A85EECC
:10026000246ABDEEC66A16EE102A12B202F1010C23
:1002700035EEC77AF2EE045A87EE256A04EBC40025
:1002800004EB800403EBC300224903EB8003A018B6
:100290001A446444634401EB800001EB830301EBE7
:1002A000820277EEE67A01EB840187EEA55A90EDA3
:1002B000000AD2ED007AD3ED006A91ED007A76EE75
:1002C000E76A37EE407AE6EE267AA6EE070A77EE80
:1002D000C07AA5EE270A06B010BD9FED0F0A06B042
:1002E00010BDF0EE476A012300247AE74FF0010CBD
:1002F0000022BDE7AFF3008048AFBC9AF2D77A3E48
:1003000078A800200000B4C20000B442000034C34A
:100310000000344398850308000000002DE9F04FE9
:100320002DED088B91B0F1F7BDF8AF4B0146D878B1
:10033000C0F3C002000712D4AC480078052813D0DF
:100340009446187A6CF345101872187A830606D50D
:10035000DFF8E8C2DCF800006430884213D911B03D
:10036000BDEC088BBDE8F08FA14890F832C0BCF11D
:10037000020FE5D990F831000428E1D993F806C0BE
:10038000CCF3001CDDE79A48CCF80010D0ED227ABF
:10039000D0ED216A27EEA77AF7EE004AA6EEA67AFC
:1003A000B1EEC76AB4EEE46AF1EE10FA00F1C4806F
:1003B000DFF88CC29CF800C0BCF1010F79D08D48E9
:1003C0008D4990ED007A91ED008ADFF86092DFF8B8
:1003D00064828A4E8A4F8B4D8DED017A0092F1F73F
:1003E00061F839689FED886AD6ED007ADFED875AAB
:1003F000009A401A07EE100AF8EE476A9DED017A5E
:1004000066EE666A37EE487AE6EEA57A9FED806A78
:10041000B0EEC77AE7EE467AFFEE006AF4EEE67ACF
:10042000F1EE10FA00F1C38098ED000AD9ED000A50
:1004300078492868029260EE006AB7EE007AE0EE32
:10044000A06A88600091F4EEC77AB1EEE66AF1EE38
:1004500010FAC8BFF0EE477AC1ED057ACDED017A0A
:10046000C1ED000A81ED010A81ED036A8DED036A99
:1004700011F0CEFADDED017A0099029A5A4BB6EEF0
:10048000007AF4EEC77AF1EE10FA0ADBDFED627A59
:100490009DED036AB4EEE76AF1EE10FACCBF0122DB
:1004A0000022187A81ED040A014662F3451119729F
:1004B00055E7DFF890C190ED233A9CED007ADFF824
:1004C00088C15648DCED003ADFF880C190ED006A43
:1004D0009CED005A524865EE475A26EE064A27EE32
:1004E000067AA5EE054A90F800C0A3EE857AE3EE01
:1004F000865AF0EE002AB0EE645AA4EE625A37EE45
:10050000076A75EEA55ABCF1000F40F0A180DFF834
:1005100028A1444A444B82ED005A82ED016AC2EDA3
:10052000025A0122C3ED006AC3ED017A83ED023A5B
:10053000CAF80010027012E73C48DFED3D5A90ED1A
:10054000006A3C4C76EEC66A94ED007AA6EEA56A87
:100550008146A04677EEC77A80ED006A2748A7EE6D
:10056000A57A0646D0ED007A84ED007A77EEA57A7A
:10057000FFEE006AF4EEE67AF1EE10FA08D4F4EE3B
:10058000E47AF1EE10FAD4BFF0EE676AF0EE646A36
:1005900018481C4D90ED007A1748C6ED006A80EDB2
:1005A000007A1748B0EE478A0746016014E798EDD5
:1005B000000AD9ED000A17492868019260EE007A16
:1005C000C1ED056AE0EEA07A88600091C1ED000AF5
:1005D000B1EEE77A81ED010A81ED037A11F018FAA4
:1005E000DDE90012004B5CE7347D0020307D002007
:1005F00078A80020FC1000207CA00020A0A00020F3
:1006000080A00020A4A000206F12833ACDCC4C3DE6
:100610000AD7A33CB0A000209A99993EAC0F0020C5
:1006200078A0002094A0002088A00020ACA000208A
:10063000CDCCCC3DA8A0002084A0002070A000203C
:10064000A98E0020B80F0020B40F0020B00F0020AA
:10065000D24CA246246804F57A7C8C457FF659AFCB
:10066000CF48DFEDD00A90ED014AD0ED001A90EDB1
:10067000021A76EE443A75EE612A23EEA37A35EE3D
:10068000C12AA2EEA27AA2EE027AB4EEE07AF1EEEC
:1006900010FA22DCC4480090DFF82893C348DFF842
:1006A0002083C34EDFF814B3C24FC34D0190CAF884
:1006B000001000999BED007A91ED008AB84981ED18
:1006C000005A81ED016AC1ED025A0199C1ED006A3B
:1006D000C1ED017A81ED023A7EE6B44BCDED057AAB
:1006E000D3ED018A93ED009AD3ED029A079237EE8B
:1006F000E80AB1EEC72AAC4A0193B04B0F919B4672
:10070000009260EE000A36EEC97AF0EE607AE7EE0B
:10071000077AF0EE470A33EE697AD3ED00AA92ED3C
:1007200000BACDED0E4AE7EE077A8DED0D1AB1EE67
:10073000E77A8DED0C4A87EE028ACDED022ACDEDE7
:100740000B1ACDED0A5A8DED096A8DED085ACDEDE3
:10075000066A8DED043ACDED033A11F059F9DDED5D
:10076000020AB0EE40AA9DED030A11F051F97AEEAB
:10077000403AB0EE630ACDED033A11F097FA8DEDF1
:10078000020A9DED030A11F051FADDED0A5A9DEDC2
:100790000D1A9DED043A9DED096A9DED0C4A9DED03
:1007A000085ADDED0B1ADDED020ADDED057ADDED0F
:1007B000066A834B079ADDED0E4A0F9935EE811AD2
:1007C00039EE837A36EE044AA1EE487A984675EE01
:1007D000211A24EE001A20EEC44AA1EEA01AF0EE6F
:1007E000472AB0EE447AA1EE807A38EEA72A79EE55
:1007F000263AA1EE482AE7EE483AF6EE001A22EE33
:10080000214A22EEA17A63EEA13A64EE042AB1EE07
:10081000001AE3EEA32AE7EE072AF1EEE21AD3ED7F
:10082000002A684B62EEA22A93ED002A9946E2EE76
:10083000022A614B93ED002AE2EE022A1D46B1EE38
:10084000E22A72EE012AF4EEE12AF1EE10FA09DC56
:100850005D48574E90ED007A564F37EE247A80ED82
:10086000007A24E70D918DED0B7A8DED0A4ACDEDDE
:10087000093A8DED083ACDED077ACDED055A8DEDAB
:10088000046A8DED035A0292CDED0C4AF0F70AFE90
:10089000484B474ADFED4D0A92ED002A9FED4C0A86
:1008A0009DED035A9DED046ADDED055ADDED066A06
:1008B0009DED083ADDED093A9DED0A4A9DED0B7A72
:1008C0000D991F461B68C01A07EE900AF8EE671ACA
:1008D000DFED407A60EEE10AF0EE421AE0EEA71A90
:1008E0001646029ADDED077A3AEECB1AFFEE002AA1
:1008F000B0EEC11AE1EE401AF4EEE21AF1EE10FA8F
:1009000046D4DDED0C4AF4EEE41AF1EE10FAD8BF4D
:10091000F0EE614AF7EE000A70EEE44ADFED2E1ABF
:10092000DFED2B2A99ED001AE4EEA12AD5ED004A5D
:10093000D8ED001A37EE647A34EE614AE7EE224AC7
:1009400073EEC13A9FED257AE4EE221AA3EEA21AC5
:1009500032EE077AB0EE644AFFEE004AB4EEE47A73
:10096000F1EE10FA89ED001AC8ED001A85ED004A83
:1009700011D4B4EEE07AF1EE10FAC8BFB0EE607AAE
:10098000009CDBF8000086ED007A396020608EE67E
:10099000F0EE624ABEE7B0EE647AF1E784A0002090
:1009A00094A000200AD7233D7CA0002088A000202E
:1009B000A0A0002080A00020A4A00020FC10002007
:1009C000A8A00020ACA0002074A000206F12833AE1
:1009D0000AD7A33CCDCC4C3D0AD7A33DCDCCCC3DD2
:1009E0002DE9F041F0F79AFC1C4F00F5FA6405E0A0
:1009F000F0F794FCA04271F100012BD2387802F09C
:100A000007F805460028F3D1F0F788FC2E4600F1E0
:100A100027044FF00108F0F781FCA04271F10001BA
:100A2000F9D3387801F0F4FF08FA06F32B439BB2B0
:100A30000136002818BF1D460A2E04F13404EAD1FD
:100A400040F201232B40B3F5007F03D1C5F34F00E3
:100A5000BDE8F0814FF0FF30BDE8F081F7A0002045
:100A60002DE9F047664E471E00F10109307802F08B
:100A70000BF84FF0000840F2014A17F8015FF0F759
:100A80004DFC4AEA8505ADB2E90700F1340430783F
:100A90000ED501F0D3FF6D080ED0F0F73FFCA04259
:100AA00071F10001F9D3E907307804F13404F0D48E
:100AB0006D0801F0D1FFF0E73B7883EA080202F00D
:100AC000010202EB820102EB413080EA580080B261
:100AD00080EA530202F0010202EB820102EB413193
:100AE00081EA500189B281EA930202F0010202EB2D
:100AF000820002EB403080EA510080B280EAD302EB
:100B000002F0010202EB820102EB413181EA500165
:100B100089B281EA131202F0010202EB820002EBB9
:100B2000403080EA510080B280EA531202F00102A4
:100B300002EB820102EB413181EA500189B281EA84
:100B4000931202F0010202EB820002EB403282EAD1
:100B5000510292B282EAD31303F0010303EB830143
:100B600003EB413383EA52034F451FFA83F884D1E4
:100B70004FEA880505F47F75F0F7D0FB45F48065F2
:100B800045F00105EA0700F1340430780ED501F094
:100B900055FF6D080ED0F0F7C1FBA04271F10001C6
:100BA000F9D3EA07307804F13404F0D46D0801F089
:100BB00053FFF0E74FEA182840F20145F0F7AEFB8B
:100BC00045EA8805ADB2EB0700F1340430780ED564
:100BD00001F034FF6D080ED0F0F7A0FBA04271F1D8
:100BE0000001F9D3EB07307804F13404F0D46D0838
:100BF00001F032FFF0E73078BDE8F04701F03ABF8E
:100C0000F7A0002070B582B00C888DF8040001A810
:100C10000D468DF80540FFF723FF002C6BD06D6863
:100C200000262C4403E005F8011BAC4264D0FFF71A
:100C3000D7FEC1B281EA060303F0010303EB83028E
:100C400003EB423CC6F34E068CEA060C1FFA8CFC02
:100C50008CEA510303F0010303EB830203EB4232FE
:100C600082EA5C0292B282EA910303F0010303EB91
:100C7000830603EB463C8CEA520C1FFA8CFC8CEA90
:100C8000D10303F0010303EB830203EB423282EA58
:100C90005C0292B282EA111303F0010303EB8306B4
:100CA00003EB463C8CEA520C1FFA8CFC8CEA511385
:100CB00003F0010303EB830203EB423282EA5C029E
:100CC00092B282EA911303F0010303EB830603EB74
:100CD000463383EA52039BB283EAD11202F0010247
:100CE00002EB820602EB4632013082EA53069AD1C9
:100CF000002002B070BD26460224FFF771FEC3B289
:100D000083EA060101F0010101EB810201EB4235AA
:100D1000C6F34E067540ADB285EA530202F00102F9
:100D200002EB820102EB413181EA550189B281EA8D
:100D3000930202F0010202EB820502EB453585EADF
:100D40005105ADB285EAD30202F0010202EB820145
:100D500002EB413181EA550189B281EA131202F0B6
:100D6000010202EB820502EB453585EA5105ADB281
:100D700085EA531202F0010202EB820102EB4131DB
:100D800081EA550189B281EA931202F0010202EB75
:100D9000820502EB453282EA510292B282EAD31313
:100DA00003F0010303EB830103EB413383EA5203B6
:100DB00001309EB29CD0012C0DD1FFF711FE431CD7
:100DC00096D0002E94D1C0B2A0F13000B0FA80F0DD
:100DD000400902B070BD01248FE700BF2DE9F04F3C
:100DE00003888A4F834685B0BBF80010387801919C
:100DF000FE225BBAADF80C20ADF80E3001F044FED7
:100E00004FF0000840F2014A0DF10C0919F8016B8E
:100E1000F0F784FA4AEA8605ADB205F0010300F165
:100E200034046D0838787BB101F008FE7DB1F0F72D
:100E300075FAA04271F10001F9D305F00103387889
:100E400034346D08002BEFD101F006FEEFE786EA9F
:100E5000080303F0010303EB830203EB423282EA4F
:100E6000580292B282EA560303F0010303EB8301B6
:100E700003EB413181EA520189B281EA960303F022
:100E8000010303EB830203EB423282EA510292B286
:100E900082EAD60303F0010303EB830103EB413144
:100EA00081EA520189B281EA161303F0010303EBD0
:100EB000830203EB423282EA510292B282EA561373
:100EC00003F0010303EB830103EB413181EA52019B
:100ED00089B281EA961303F0010303EB830203EB6B
:100EE000423282EA510292B282EAD61303F001033F
:100EF00003EB830103EB413383EA52031FFA83F8C8
:100F000004AB994582D14FEA880505F47F75F0F767
:100F100005FA45F4806545F00105EE0700F134045B
:100F200038780ED501F08AFD6D080ED0F0F7F6F98D
:100F3000A04271F10001F9D3EE07387804F13404CE
:100F4000F0D46D0801F088FDF0E74FEA182840F270
:100F50000146F0F7E3F946EA8806B6B2F10700F178
:100F6000340438780ED501F069FD76080ED0F0F71C
:100F7000D5F9A04271F10001F9D3F107387804F1F5
:100F80003404F0D4760801F067FDF0E7387801F01A
:100F900071FD032401E0013C0AD0FFF721FD421C52
:100FA000F9D0C0B2FF2803D0002005B0BDE8F08F13
:100FB0003878DBF8044001F067FD019B002B00F05E
:100FC000D780A04603EB040A40F2014918F8015B00
:100FD000F0F7A4F949EA8505ADB2EB0700F1340456
:100FE00038780ED501F02AFD6D0811D0F0F796F98A
:100FF000A04271F10001F9D3EB07387804F1340411
:10100000F0D46D0801F028FDF0E700BFF7A0002044
:1010100018F8013C83EA060202F0010202EB8201A9
:1010200002EB413080EA560080B280EA530202F0BF
:10103000010202EB820102EB413181EA500189B2E7
:1010400081EA930202F0010202EB820002EB4030DF
:1010500080EA510080B280EAD30202F0010202EB82
:10106000820102EB413181EA500189B281EA131217
:1010700002F0010202EB820002EB403080EA5100F4
:1010800080B280EA531202F0010202EB820102EB0D
:10109000413181EA500189B281EA931202F00102E2
:1010A00002EB820002EB403282EA510292B282EA03
:1010B000D31303F0010303EB830103EB413383EA12
:1010C0005203D0459EB281D1B30040F20142340AAE
:1010D00003F47F7642EA84041643A4B2B6B2F0F772
:1010E0001DF9F10700F1340538780ED501F0A6FCA2
:1010F00076080ED0F0F712F9A84271F10001F9D389
:10110000F107387805F13405F0D4760801F0A4FC35
:10111000F0E7F0F703F9E20700F1340538780ED56F
:1011200001F08CFC64080ED0F0F7F8F8A84271F1D9
:101130000001F9D3E207387805F13405F0D46408EA
:1011400001F08AFCF0E7387801F094FC292402E0F1
:10115000013C3FF429AFFFF743FC431CF8D0C0B279
:10116000A0F13000B0FA80F0400905B0BDE8F08F82
:1011700040F201463446B2E72DE9F04F334D344E8C
:10118000002389B0834603600FCD02AC0FC495E8FD
:10119000030044F8040B3078217001F075FC0DF168
:1011A00007084746A24640F2014917F8014FF0F7F9
:1011B000B5F849EA8404A4B204F0010300F134054F
:1011C000640830787BB101F039FC7CB1F0F7A6F807
:1011D000A84271F10001F9D304F0010330783435ED
:1011E0006408002BEFD101F037FCEFE7BA45DCD102
:1011F000307801F03FFC0DF1FF34FFF7F1FB421CAA
:1012000010D004F8010FA045F7D1FFF7E9FB431C0C
:1012100008D0C0B2302805D1BDF8002043F23473A5
:101220009A4203D0002009B0BDE8F08F9DF802304B
:10123000312BF7D1BDF804309DF803208BF8022044
:101240005BBAABF800300120EDE700BFD8600308BF
:10125000F7A0002000B583B0FD2301A8ADF804304D
:10126000FFF7FEFBFFF7BCFB421C07D1FFF7B8FB03
:10127000431C08BF002001D103B000BDC0B2A0F1E3
:10128000C100B0FA80F0400903B000BD00B583B0E2
:10129000002301A8ADF80430FFF7E2FB03B000BD66
:1012A0002DE9F04F43884FF6FF72934283B0074613
:1012B00000F0E280744E5BBAFF223078ADF8042073
:1012C000ADF8063001F0E0FB4FF0000940F2014BB1
:1012D0000DF1040A1AF8018BF0F720F84BEA8804A4
:1012E000A4B204F0010300F13405640830787BB146
:1012F00001F0A4FB7CB1F0F711F8A84271F10001F4
:10130000F9D304F00103307834356408002BEFD1B1
:1013100001F0A2FBEFE789EA080303F0010303EB06
:10132000830203EB423282EA590292B282EA580304
:1013300003F0010303EB830103EB413181EA520126
:1013400089B281EA980303F0010303EB830203EB04
:10135000423282EA510292B282EAD80303F00103D8
:1013600003EB830103EB413181EA520189B281EA47
:10137000181303F0010303EB830203EB423282EA0A
:10138000510292B282EA581303F0010303EB830186
:1013900003EB413181EA520189B281EA981303F0EB
:1013A000010303EB830203EB423282EA510292B261
:1013B00082EAD81303F0010303EB830103EB41330B
:1013C00083EA52031FFA83F902AB9A4582D14FEAAE
:1013D000890505F47F75EFF7A1FF45F4806545F0B9
:1013E0000105E90700F1340430780ED501F026FB41
:1013F0006D080ED0EFF792FFA04271F10001F9D312
:10140000E907307804F13404F0D46D0801F024FBCE
:10141000F0E74FEA192940F20145EFF77FFF45EA6F
:101420008905ADB2EA0700F1340430780ED501F039
:1014300005FB6D080ED0EFF771FFA04271F10001BE
:10144000F9D3EA07307804F13404F0D46D0801F0E0
:1014500003FBF0E7307801F00DFB032401E0013CD1
:1014600006D0FFF7BDFA431CF9D0C0B2302803D034
:10147000002003B0BDE8F08F3946072003B0BDE877
:10148000F04FFFF7BFBB00BFF7A000202DE9F04FE2
:1014900043884FF6FF72934283B0074600F0E28024
:1014A000744E5BBAFF223078ADF80420ADF80630F8
:1014B00001F0EAFA4FF0000940F2014B0DF1040A85
:1014C0001AF8018BEFF72AFF4BEA8804A4B204F064
:1014D000010300F13405640830787BB101F0AEFA05
:1014E0007CB1EFF71BFFA84271F10001F9D304F0C2
:1014F0000103307834356408002BEFD101F0ACFAE9
:10150000EFE789EA080303F0010303EB830203EB2F
:10151000423282EA590292B282EA580303F001038E
:1015200003EB830103EB413181EA520189B281EA85
:10153000980303F0010303EB830203EB423282EAD8
:10154000510292B282EAD80303F0010303EB830154
:1015500003EB413181EA520189B281EA181303F0A9
:10156000010303EB830203EB423282EA510292B29F
:1015700082EA581303F0010303EB830103EB4131CB
:1015800081EA520189B281EA981303F0010303EB67
:10159000830203EB423282EA510292B282EAD8130A
:1015A00003F0010303EB830103EB413383EA5203AE
:1015B0001FFA83F902AB9A4582D14FEA890505F4F7
:1015C0007F75EFF7ABFE45F4806545F00105E9074F
:1015D00000F1340430780ED501F030FA6D080ED0E9
:1015E000EFF79CFEA04271F10001F9D3E9073078D2
:1015F00004F13404F0D46D0801F02EFAF0E74FEA5C
:10160000192940F20145EFF789FE45EA8905ADB297
:10161000EA0700F1340430780ED501F00FFA6D08B6
:101620000ED0EFF77BFEA04271F10001F9D3EA077B
:10163000307804F13404F0D46D0801F00DFAF0E7CD
:10164000307801F017FA032401E0013C06D0FFF7DF
:10165000C7F9431CF9D0C0B2302803D0002003B032
:10166000BDE8F08F3946032003B0BDE8F04FFFF727
:10167000C9BA00BFF7A000202DE9F04F43884FF60C
:10168000FF72934283B0074600F0E280744E5BBA6B
:10169000FF223078ADF80420ADF8063001F0F4F9FF
:1016A0004FF0000940F2014B0DF1040A1AF8018BCA
:1016B000EFF734FE4BEA8804A4B204F0010300F112
:1016C0003405640830787BB101F0B8F97CB1EFF7EC
:1016D00025FEA84271F10001F9D304F0010330782E
:1016E00034356408002BEFD101F0B6F9EFE789EA51
:1016F000080303F0010303EB830203EB423282EAA7
:10170000590292B282EA580303F0010303EB83010A
:1017100003EB413181EA520189B281EA980303F077
:10172000010303EB830203EB423282EA510292B2DD
:1017300082EAD80303F0010303EB830103EB413199
:1017400081EA520189B281EA181303F0010303EB25
:10175000830203EB423282EA510292B282EA5813C8
:1017600003F0010303EB830103EB413181EA5201F2
:1017700089B281EA981303F0010303EB830203EBC0
:10178000423282EA510292B282EAD81303F0010394
:1017900003EB830103EB413383EA52031FFA83F91E
:1017A00002AB9A4582D14FEA890505F47F75EFF7C0
:1017B000B5FD45F4806545F00105E90700F1340405
:1017C00030780ED501F03AF96D080ED0EFF7A6FD8E
:1017D000A04271F10001F9D3E907307804F1340433
:1017E000F0D46D0801F038F9F0E74FEA192940F21A
:1017F0000145EFF793FD45EA8905ADB2EA0700F12F
:10180000340430780ED501F019F96D080ED0EFF7D9
:1018100085FDA04271F10001F9D3EA07307804F1A7
:101820003404F0D46D0801F017F9F0E7307801F0D6
:1018300021F9032401E0013C06D0FFF7D1F8431C55
:10184000F9D0C0B2302803D0002003B0BDE8F08F3B
:101850003946042003B0BDE8F04FFFF7D3B900BF0D
:10186000F7A000202DE9F04F43884FF6FF72934216
:1018700083B000F0E380804F5BBAFF223878ADF888
:101880000420ADF8063001F0FFF80DF1040B4FF025
:10189000000840F2014AD94619F8016BEFF73EFD06
:1018A0004AEA8605ADB205F0010300F134046D0883
:1018B00038787BB101F0C2F87DB1EFF72FFDA0427F
:1018C00071F10001F9D305F00103387834346D0863
:1018D000002BEFD101F0C0F8EFE786EA080303F030
:1018E000010303EB830203EB423282EA580292B215
:1018F00082EA560303F0010303EB830103EB41315A
:1019000081EA520189B281EA960303F0010303EBF5
:10191000830203EB423282EA510292B282EAD60398
:1019200003F0010303EB830103EB413181EA520130
:1019300089B281EA161303F0010303EB830203EB80
:10194000423282EA510292B282EA561303F0010354
:1019500003EB830103EB413181EA520189B281EA51
:10196000961303F0010303EB830203EB423282EA96
:10197000510292B282EAD61303F0010303EB830112
:1019800003EB413383EA52031FFA83F802AB994514
:1019900082D14FEA880505F47F75EFF7BFFC45F467
:1019A000806545F00105EE0700F1340438780ED566
:1019B00001F044F86D080ED0EFF7B0FCA04271F1D1
:1019C0000001F9D3EE07387804F13404F0D46D083F
:1019D00001F042F8F0E74FEA182840F20145EFF72E
:1019E0009DFC45EA8805ADB2E90700F1340438787A
:1019F0000ED501F023F86D080ED0EFF78FFCA04252
:101A000071F10001F9D3E907387804F13404F0D416
:101A10006D0801F021F8F0E7387801F02BF8032485
:101A200001E0013C06D0FEF7DBFF421CF9D0C0B25A
:101A3000302805D0002003B0BDE8F08F0DF1040B75
:101A40004FF481735846ADF804301524FFF708F8B9
:101A500001E0013C0CD0FEF7C3FF431CF9D0C0B23B
:101A6000A0F13000B0FA80F0400903B0BDE8F08F7B
:101A7000204603B0BDE8F08FF7A000202DE9F04F1D
:101A800043884FF6FF72934283B0074600F0E2802E
:101A9000814E5BBAFF223078ADF80420ADF80630F5
:101AA00000F0F2FF4FF0000940F2014B0DF1040A83
:101AB0001AF8018BEFF732FC4BEA8804A4B204F069
:101AC000010300F13405640830787BB100F0B6FF03
:101AD0007CB1EFF723FCA84271F10001F9D304F0C7
:101AE0000103307834356408002BEFD100F0B4FFE7
:101AF000EFE789EA080303F0010303EB830203EB3A
:101B0000423282EA590292B282EA580303F0010398
:101B100003EB830103EB413181EA520189B281EA8F
:101B2000980303F0010303EB830203EB423282EAE2
:101B3000510292B282EAD80303F0010303EB83015E
:101B400003EB413181EA520189B281EA181303F0B3
:101B5000010303EB830203EB423282EA510292B2A9
:101B600082EA581303F0010303EB830103EB4131D5
:101B700081EA520189B281EA981303F0010303EB71
:101B8000830203EB423282EA510292B282EAD81314
:101B900003F0010303EB830103EB413383EA5203B8
:101BA0001FFA83F902AB9A4582D14FEA890505F401
:101BB0007F75EFF7B3FB45F4806545F00105EB0752
:101BC00000F1340430780ED500F038FF6D080ED0E7
:101BD000EFF7A4FBA04271F10001F9D3EB073078D5
:101BE00004F13404F0D46D0800F036FFF0E74FEA5A
:101BF000192940F20145EFF791FB45EA8905ADB29D
:101C0000E90700F1340430780ED500F017FF6D08B5
:101C10000ED0EFF783FBA04271F10001F9D3E90781
:101C2000307804F13404F0D46D0800F015FFF0E7CB
:101C3000307800F01FFF032401E0013C06D0FEF7DE
:101C4000CFFE421CF9D0C0B2302803D0002003B030
:101C5000BDE8F08F3846FFF7C1F80028F6D040F213
:101C6000051301A8ADF8043040F2DD54FEF7F8FE8C
:101C700001E0013C0CD0FEF7B3FE431CF9D0C0B22A
:101C8000A0F13000B0FA80F0400903B0BDE8F08F59
:101C9000204603B0BDE8F08FF7A000202DE9F04FFB
:101CA00043884FF6FF72934283B0074600F0E2800C
:101CB000814E5BBAFF223078ADF80420ADF80630D3
:101CC00000F0E2FE4FF0000940F2014B0DF1040A72
:101CD0001AF8018BEFF722FB4BEA8804A4B204F058
:101CE000010300F13405640830787BB100F0A6FEF2
:101CF0007CB1EFF713FBA84271F10001F9D304F0B6
:101D00000103307834356408002BEFD100F0A4FED5
:101D1000EFE789EA080303F0010303EB830203EB17
:101D2000423282EA590292B282EA580303F0010376
:101D300003EB830103EB413181EA520189B281EA6D
:101D4000980303F0010303EB830203EB423282EAC0
:101D5000510292B282EAD80303F0010303EB83013C
:101D600003EB413181EA520189B281EA181303F091
:101D7000010303EB830203EB423282EA510292B287
:101D800082EA581303F0010303EB830103EB4131B3
:101D900081EA520189B281EA981303F0010303EB4F
:101DA000830203EB423282EA510292B282EAD813F2
:101DB00003F0010303EB830103EB413383EA520396
:101DC0001FFA83F902AB9A4582D14FEA890505F4DF
:101DD0007F75EFF7A3FA45F4806545F00105EB0741
:101DE00000F1340430780ED500F028FE6D080ED0D6
:101DF000EFF794FAA04271F10001F9D3EB073078C4
:101E000004F13404F0D46D0800F026FEF0E74FEA48
:101E1000192940F20145EFF781FA45EA8905ADB28B
:101E2000E90700F1340430780ED500F007FE6D08A4
:101E30000ED0EFF773FAA04271F10001F9D3E90770
:101E4000307804F13404F0D46D0800F005FEF0E7BA
:101E5000307800F00FFE032401E0013C06D0FEF7CD
:101E6000BFFD421CF9D0C0B2302803D0002003B01F
:101E7000BDE8F08F3846FEF7B1FF0028F6D040F2FB
:101E8000011301A8ADF804301524FEF7E9FD01E0C7
:101E9000013C0CD0FEF7A4FD431CF9D0C0B2A0F168
:101EA0003000B0FA80F0400903B0BDE8F08F204662
:101EB00003B0BDE8F08F00BFF7A000202DE9F0418E
:101EC000EFF72CFA234D074600F1FA064FF0000811
:101ED00005E0EFF723FA864278EB010134D3287846
:101EE00000F096FD04460028F3D105E0EFF716FA5E
:101EF000864274EB010127D3287800F091FD8046DB
:101F00000028F3D1EFF70AFA134B144A1B68C01BE1
:101F1000984210601CD807F5FA7705E0EFF7FEF954
:101F2000874278EB01010FD3287800F071FD044659
:101F30000028F3D1287800F073FD38B1EFF7EEF9FF
:101F4000874274EB0101F5D24FF0FF30BDE8F0811C
:101F50000120FBE7F7A00020CCA00020D0A00020AB
:101F60002DE9F047864E874D602382B02B60337891
:101F7000122B8046894621D0152B1FD0012B0CBF78
:101F800002248C24FFF79AFF01301AD00A24FFF7AD
:101F900095FF01300ED0013CF9D17B4B1A689308B4
:101FA00003EB52032B6001E0012811D1FFF786FFFC
:101FB000411CF9D1002002B0BDE8F08744F620644E
:101FC00001E0013CF6D0FFF779FF0130F9D0DDE701
:101FD0006E4D00242C702746FFF770FF421C00FA5C
:101FE00007F044EA000407F10107E4B2E2D0082F49
:101FF000F2D12B781B2C83EA04032B70DAD1002753
:102000003C46FFF75BFF431C00FA04F040EA070080
:1020100004F10104C7B2CDD0082CF2D15C4B1A7880
:102020002B78BA4283EA07032B70C3D100242746DA
:10203000FFF744FF411C00FA07F044EA000407F1EF
:102040000107E4B200F09880082FF1D12B786340AB
:102050002B704FEA042A00273C46FFF72FFF421C53
:1020600000FA04F047EA000704F10104FFB2A1D02E
:10207000082CF2D12B784AEA07025F40531EB3F5D1
:10208000817F92462F7095D800273C46FFF716FFB8
:10209000431C00FA04F047EA000704F10104FFB210
:1020A00088D0082CF2D12B780E2F83EA07032B70EF
:1020B00080D1002217460192FFF700FF019A00FA33
:1020C00007F31343441C07F10107DAB23FF472AF80
:1020D000082FF0D12B783178534091422B707FF448
:1020E00069AF00263746FFF7E9FE00FA07F33343EE
:1020F000411C07F10107DEB23FF45CAF082FF2D1BB
:102100002B7873402B70002E7FF454AFBAF1020F7E
:102110001DDDAAF1020A344600231F460193FFF792
:10212000CDFE019B421C00FA07F043EA000307F1D1
:1021300001073FF43FAF082FF0D14C452978B8BFD5
:1021400008F804300134594054452970E4D1002482
:10215000FFF7B4FE431C00FA04F046EA000604F15F
:10216000010404D0082CF3D12B785E402E7028781F
:10217000B0FA80F040091EE76FF0FF0A6BE700BF7E
:10218000CAA00020CCA00020D0A00020C9A0002020
:10219000CBA0002070B51B4A1B4E13784340044669
:1021A000137008250EE000F049FC4020EFF7F4F82A
:1021B000307800F051FC4020EFF7EEF8013D4FEA97
:1021C00054041DD0E3073078EDD400F037FC202014
:1021D000EFF7E2F8307800F03FFC2020EFF7DCF872
:1021E000307800F02BFC2020EFF7D6F8307800F0A4
:1021F00033FC2020EFF7D0F8013D4FEA5404E1D141
:1022000070BD00BFC8A00020F7A000202DE9F0415C
:10221000324EB0F80080324F0546307800F034FC82
:10222000FF20FFF7B7FFFF20FFF7B4FF7F20002458
:10223000FFF7B0FF1B203C70FFF7ACFF294B18786D
:102240000130C0B208F10A081870FFF7A3FFC8F305
:102250000720FFF79FFF5FFA88F0FFF79BFF0E2034
:10226000FFF798FF204B1878FFF794FF2888000AA3
:10227000FFF790FF2878FFF78DFF2046FFF78AFFD2
:102280002046FFF787FF2046FFF784FF2046FFF731
:1022900081FF2046FFF77EFF2046FFF77BFF2046A9
:1022A000FFF778FF2B883BB16B68185DFFF772FF73
:1022B0002B880134A342F7DC3878FFF76BFF3078C6
:1022C00000F0BCFB2020EFF767F8307800F0D2FB7D
:1022D000BDE8F04105481021FFF742BEF7A00020FD
:1022E000C8A00020CBA00020CAA00020D4A00020BD
:1022F000F8B51D4C1D4B20781D4E01251D7000F0BA
:10230000C3FBFF20FFF746FFFF20FFF743FF7F20BF
:10231000FFF740FF00271B203770FFF73BFF154BEF
:1023200018782844C0B21870FFF734FF3846FFF71A
:1023300031FF2846FFF72EFF0E20FFF72BFF284620
:10234000FFF728FF3078FFF725FF207800F076FBB5
:102350002020EFF721F8207800F08CFBBDE8F84052
:1023600005481021FFF7FCBDF7A00020CAA00020FF
:10237000C8A00020CBA00020D4A000202DE9F04F61
:102380005A4D5B4FDFF87081DFF8709185B0012402
:10239000019028783C7000F077FBFF20FFF7FAFEF1
:1023A000FF20FFF7F7FE7F20FFF7F4FE00261B203B
:1023B00088F80060FFF7EEFE99F800002044C0B2F4
:1023C00089F80000FFF7E6FE3046FFF7E3FE2046FF
:1023D000FFF7E0FE0E20FFF7DDFE2046FFF7DAFEF6
:1023E00098F80000FFF7D6FE287800F027FB2020A1
:1023F000EEF7D2FF287800F03DFB3E481021FFF7B2
:10240000AFFD002852D00DF10C0B28784FF01D0ABB
:1024100087F800A000F038FBFF20FFF7BBFEFF208D
:10242000FFF7B8FE7F200024FFF7B4FE1B2088F8DA
:102430000040FFF7AFFE99F800000130C0B289F804
:102440000000FFF7A7FE2046FFF7A4FE0820FFF7D5
:10245000A1FE0E20FFF79EFE5046FFF79BFE0420D4
:10246000FFF798FE0420FFF795FE2046FFF792FE47
:102470003020FFF78FFE2046FFF78CFEF0B2FFF70B
:1024800089FE2046FFF786FE98F80000FFF782FEDF
:10249000287800F0D3FA2020EEF77EFF287800F0AD
:1024A000E9FA14481021FFF75BFD10B905B0BDE84B
:1024B000F08F104B1A7801364AB95A78302A00D07A
:1024C0002AB90C4B9A7812B9DA788BF80020032ECF
:1024D0000BF1010B99D1BDF80D3001999DF80C203D
:1024E0008A705BBA0B8005B0BDE8F08FF7A00020C2
:1024F000CAA00020D4A00020C8A00020CBA00020AB
:10250000F8B5264C264F2078264E12233B7000F05B
:10251000BBFAFF20FFF73EFEFF20FFF73BFE7F20C8
:10252000FFF738FE00251B203570FFF733FE1E4BEA
:1025300018780130C0B21870FFF72CFE2846FFF75C
:1025400029FE0720FFF726FE0E20FFF723FE38782E
:10255000FFF720FE1420FFF71DFE2846FFF71AFEA6
:10256000AC20FFF717FE8820FFF714FE1320FFF7BB
:1025700011FE7620FFF70EFE3078FFF70BFE207875
:1025800000F05CFA2020EEF707FF207800F072FAE6
:10259000BDE8F84005481021FFF7E2BCF7A0002095
:1025A000CAA00020C8A00020CBA00020D4A00020FA
:1025B00042882DE9F8434FF6FF739A42044600F033
:1025C00093804C4DDFF83C8128784B4E4B4F0623CF
:1025D00088F8003000F058FAFF20FFF7DBFDFF20FD
:1025E000FFF7D8FD7F20FFF7D5FD4FF000091B2036
:1025F00086F80090FFF7CEFD38780130C0B2387011
:10260000FFF7C8FD4846FFF7C5FD0520FFF7C2FDEF
:102610000E20FFF7BFFD0620FFF7BCFD4846FFF781
:10262000B9FD4846FFF7B6FD6088000AFFF7B2FD26
:10263000A078FFF7AFFD3078FFF7ACFD287800F009
:10264000FDF92020EEF7A8FE287800F013FA2C48B8
:102650001021FFF785FC002844D01423287888F83F
:10266000003000F011FAFF20FFF794FDFF20FFF784
:1026700091FD7F20FFF78EFD4FF000091B2086F8AB
:102680000090FFF787FD38780130C0B23870FFF74F
:1026900081FD4846FFF77EFD0420FFF77BFD0E20FD
:1026A000FFF778FD98F80000FFF774FD2088000A16
:1026B000FFF770FD2078FFF76DFDA020FFF76AFDA2
:1026C0003078FFF767FD287800F0B8F92020EEF7A2
:1026D00063FE287800F0CEF921886068BDE8F843F1
:1026E000FFF73EBCBDE8F883DFF81880014D024ECD
:1026F000024FB2E7F7A00020C8A00020CBA0002026
:10270000D4A00020CAA0002042882DE9F8434FF64B
:10271000FF739A42044600F093804C4DDFF83C81F1
:1027200028784B4E4B4F062388F8003000F0ACF968
:10273000FF20FFF72FFDFF20FFF72CFD7F20FFF785
:1027400029FD4FF000091B2086F80090FFF722FDBD
:1027500038780130C0B23870FFF71CFD4846FFF7EB
:1027600019FD0520FFF716FD0E20FFF713FD0620CB
:10277000FFF710FD4846FFF70DFD4846FFF70AFD3D
:102780006088000AFFF706FDA078FFF703FD3078A8
:10279000FFF700FD287800F051F92020EEF7FCFD4E
:1027A000287800F067F92C481021FFF7D9FB0028A2
:1027B00044D01623287888F8003000F065F9FF200F
:1027C000FFF7E8FCFF20FFF7E5FC7F20FFF7E2FCC6
:1027D0004FF000091B2086F80090FFF7DBFC3878EB
:1027E0000130C0B23870FFF7D5FC4846FFF7D2FC85
:1027F0000420FFF7CFFC0E20FFF7CCFC98F8000078
:10280000FFF7C8FC2088000AFFF7C4FC2078FFF718
:10281000C1FCA020FFF7BEFC3078FFF7BBFC287896
:1028200000F00CF92020EEF7B7FD287800F022F92F
:1028300021886068BDE8F843FFF792BBBDE8F883E4
:10284000DFF81880014D024E024FB2E7F7A00020DA
:10285000C8A00020CBA00020D4A00020CAA0002047
:1028600070B542884FF6FF739A4282B0044656D044
:102870002C4E2D4B307801930621197000F004F98D
:10288000FF20FFF787FCFF20FFF784FC7F20FFF786
:1028900081FC264A00251B201570FFF77BFCDFF822
:1028A00094C09CF800000130C0B28CF80000FFF723
:1028B00071FC2846FFF76EFC0520FFF76BFC0E202D
:1028C000FFF768FC0620FFF765FC2846FFF762FC6F
:1028D0002846FFF75FFC6088000AFFF75BFCA078E2
:1028E000FFF758FC114A1078FFF754FC307800F0DD
:1028F000A5F82020EEF750FD307800F0BBF80C482A
:102900001021FFF72DFB019B38B1132220461A70CE
:1029100002B0BDE87040FFF779BC02B070BD024B59
:10292000F3E700BFF7A00020CAA00020C8A0002045
:10293000D4A00020CBA0002070B542884FF6FF73D2
:102940009A4282B0044656D02C4E2D4B30780193DB
:102950000621197000F098F8FF20FFF71BFCFF20FC
:10296000FFF718FC7F20FFF715FC264A00251B20E7
:102970001570FFF70FFCDFF894C09CF800000130E1
:10298000C0B28CF80000FFF705FC2846FFF702FCF8
:102990000520FFF7FFFB0E20FFF7FCFB0620FFF7EB
:1029A000F9FB2846FFF7F6FB2846FFF7F3FB6088A4
:1029B000000AFFF7EFFBA078FFF7ECFB114A107855
:1029C000FFF7E8FB307800F039F82020EEF7E4FC60
:1029D000307800F04FF80C481021FFF7C1FA019B46
:1029E00038B1152220461A7002B0BDE87040FFF7DA
:1029F0000DBC02B070BD024BF3E700BFF7A0002092
:102A0000CAA00020C8A00020D4A00020CBA0002095
:102A1000024B342202FB0030FAF7AAB82C830308D9
:102A200008B5054B342202FB0030FAF7A1F8B0FAE2
:102A300080F0400908BD00BF2C8303083422054BF9
:102A400002FB00F01A5C02B97047043001211844FF
:102A5000FAF792B8288303083422054B02FB00F0F2
:102A60001A5C02B97047043000211844FAF784B8A0
:102A700028830308034B3422012102FB0030FAF7BC
:102A800089B800BF28830308034B3422002102FBCE
:102A90000030FAF77FB800BF2883030870B51C4EDA
:102AA000054603242846FFF769FC38B92846FEF797
:102AB00063FBA0B9013CF5D1204670BD3388002BE3
:102AC000F4D02988124A03E032F8023F002BEDD0FF
:102AD0009942F9D103230F4A1370012070BD0E4AA9
:102AE000298813881BB906E032F8023F1BB19942CE
:102AF000FAD10123EFE7064A138823B9DAE732F85F
:102B0000023F002BD6D09942F9D10223E3E700BF60
:102B10001C020020EDA000200C02002010B54FF494
:102B2000FA612A20EEF72EFD154C04E0EEF780FD49
:102B300040B9E9F77DFF2078F3F790FD03462A209E
:102B4000002BF3D02A20EEF773FD10B10D4B0122BC
:102B50001A702078F3F782FD60B903460A490B4AE0
:102B60000C886340C3F3072432F8142082EA03235D
:102B70000B8010BD2078F3F7A7FD0302EEE700BF3E
:102B8000ECA00020F4A00020EAA00020F0600308E0
:102B900000B585B0A0F1300CADF80A100392BCF17D
:102BA0000F0F3BD8DFE80CF084AD5B6970743A3DE1
:102BB000359D1C083A1C08967D4AADF808303B3814
:102BC000127818BF012040EA42000238052825D8B3
:102BD000DFE810F09D0024009D00B600C200BC009C
:102BE0001378734A002B08BF4FF480731278ADF846
:102BF00008303A3818BF012040EA42000238052860
:102C00000CD8DFE810F0B9000B00AF00CB00C50016
:102C1000BF00674B1B78032B00F08A80022005B0B1
:102C200000BD644B64480021198011780078884207
:102C300074D9DFF890C1019218468CF80010FFF7A4
:102C40002DFF5C4B019A002800F0B08058480078B6
:102C5000D8701B681360069B042119600AE0574B6B
:102C600003CB1B781372069B10604FF0090C516068
:102C7000C3F800C0002005B000BD4FF49261118080
:102C8000069A02231360F5E74D4B01221A70F1E713
:102C9000494B12781B78934240D9454B49491B78E0
:102CA0000A70013B012B48D9424B00221A80E1E710
:102CB000404B1A88002ADDD03D4A1278022A2FD9CB
:102CC000032A04D1FFF714FB3A4B0028D2D100228B
:102CD0001A8021E013785A1E022A65D8344A1370EC
:102CE000C8E7334B1B78012B98D106990B601378FA
:102CF00002A85B02ADF80A30FEF7B4FD0028B9D196
:102D00000AE06A211170069A01231360B2E702A853
:102D1000FEF7C4FF0028ADD10F2080E708207EE732
:102D2000002AD4D0FEF796FA224B0028CFD0A1E794
:102D3000FFF7E6FB00289DD1EEE7FEF7A7FAB3E721
:102D400002A8FEF79BFE002894D1E5E702A8FFF752
:102D5000F3FD00288ED1DFE702A8FFF781FD0028F0
:102D600088D1D9E702A8FEF79BFA0028D4D0069AAA
:102D7000BDF8083013607DE702A8FEF787FB002846
:102D8000F5D1C9E702A8FFF7BFFC0028EFD1C3E7E0
:102D900002A8FFF70DFC0028E9D1BDE702A8FEF765
:102DA0006BFC0028E3D1B7E7092038E71880B3E7C8
:102DB000EDA00020F0A00020F8A000206467030828
:102DC000F5A00020F7A000202DE9F04F424B434E24
:102DD000CBB083461870F2F715FFF2F78BFE33681D
:102DE0009BB13F4D4FF0000834275FFA88F407FB92
:102DF00004F401212819F9F7CDFE2B5D002B56D1E3
:102E0000336808F101084345EFD8DFF8E480354F17
:102E100000234FF47A612A2088F800303B70EEF7E7
:102E2000B1FB98F800301BBB2F4D0CE04FF47A61DA
:102E30002A20EEF7A7FB2C80FFF770FE2F2859D031
:102E400098F80030A3B93C7894B9E9F7F1FD5846F9
:102E5000F3F704FC0028E9D12A20EEF7E9FB00286B
:102E6000EED04FF001033B7098F80030002BEAD011
:102E7000336883B11A4D00274FF03408FCB208FBC9
:102E800004F400212819F9F785FE2B5DD3B93368C6
:102E900001379F42F2D341F28830EEF709FB134B22
:102EA00000221A70E6F7CEFD4BB0BDE8F08F201D72
:102EB00001212844F9F760FE336808F10108434511
:102EC00093D8A2E7201D00212844F9F755FE336866
:102ED00001379F42D2D3DEE7ECA00020040000209F
:102EE00028830308F4A00020EAA00020F8A0002016
:102EF000F5A000202046F2F717FEFFF70FFE039023
:102F0000FFF70CFE0446FFF709FE40EA04239BB2DC
:102F10000293FFF703FE031E08BF4FF480730AAC51
:102F200004EB030904949A46FFF7F8FD04F8010B3B
:102F3000A145F9D1049CCDF814A0FFF7EFFDFFF7F0
:102F4000EDFD002209922A88059B002A00F0E58108
:102F50004FF440720323CDE9042300238DF8283079
:102F60004FF480720123CDE906239A46B54BDFF872
:102F7000D892187800222E21A9F8002001F012F82A
:102F8000B9F8002082F4385210B20028C0F2FE8254
:102F9000520011B20029C0F2F082520010B2002893
:102FA000C0F2E482520011B20029C0F2D88252006D
:102FB00010B20028C0F2CC82520011B20029C0F237
:102FC000C082520010B20028C0F2B482520011B286
:102FD00000299C4BBABF41F2210282EA4102520011
:102FE00018789DF90C10A9F8002000F0DBFFB9F863
:102FF0000020039B82EA032210B20028C0F29382D1
:10300000520011B20029C0F28782520010B200288B
:10301000C0F27B82520011B20029C0F26F825200CE
:1030200010B20028C0F26382520011B20029C0F22F
:103030005782520010B20028C0F24B82520011B2E7
:10304000804B00291878029BBABF41F2210282EA24
:103050004102520043F30721A9F8002000F0A2FF2B
:10306000029BB9F8001023F0FF024A4010B200287A
:10307000C0F22882520011B20029C0F21C82520014
:1030800010B20028C0F21082520011B20029C0F222
:103090000482520010B20028C0F2F881520011B22E
:1030A0000029C0F2EC81520010B20028C0F2E08189
:1030B000520011B20029634BBABF41F2210282EAE9
:1030C0004102520018789DF90810A9F8002000F07C
:1030D00069FFB9F80020029B82EA032210B200289F
:1030E000C0F2BF81520011B20029C0F2B381520078
:1030F00010B20028C0F2A781520011B20029C0F21C
:103100009B81520010B20028C0F28F81520011B290
:103110000029C0F28381520010B20028C0F27781EA
:10312000520011B20029474BBABF41F2210282EA94
:103130004102520018780799A9F8002000F032FFE8
:10314000B9F80020069B5A4010B20028C0F25881FE
:10315000520011B20029C0F24C81520010B2002876
:10316000C0F24081520011B20029C0F234815200F5
:1031700010B20028C0F22881520011B20029C0F21A
:103180001C81520010B20028C0F21081520011B20E
:103190000029B6BF41F22102520082EA4102BAF18F
:1031A000000FA9F800203CDD0AAB5344029341F222
:1031B000210ACDF80CB014F801BB224B4FFA8BF169
:1031C000187800F0EFFEB9F8002082EA0B2213B263
:1031D000002BC0F29680520013B2002BC0F29880F0
:1031E000520013B2002BC0F28780520013B2002BA2
:1031F0007DDB520013B2002B74DB520013B2002BA4
:103200006BDB520013B2002B62DB520013B2002BB7
:1032100055DB029B5200A342A9F80020CBD1DDF878
:103220000CB0084B0599187800F0BCFEB9F80020E6
:10323000049B5A4011B20029C0F2B18051000AB279
:1032400004E000BFECA00020E8A00020002AC0F2AB
:103250009F80490008B20028C0F2938049000AB25A
:10326000002AC0F28780490008B200287BDB4900B1
:103270000AB2002A70DB490008B2002865DB490069
:103280000AB2002AC04BB6BF41F22101490081EACF
:1032900042011C461878A9F8001041F3072100F0FC
:1032A00081FE99F90010207800F07CFE4FF47A61DD
:1032B0002A20EEF767F90020F2F748FCC0E58AEA19
:1032C0004303A9F80030029BA3427FF474AFA6E742
:1032D0008AEA43031BB21A4699E78AEA43031BB200
:1032E0001A4690E78AEA43031BB21A4687E78AEA3E
:1032F00043031BB21A467EE78AEA43031BB21A460F
:1033000075E78AEA43031BB2002B1A46BFF668AF83
:103310008AEA43031BB21A4664E709AA0092DDE970
:1033200002100AAAFFF734FCDDF824A043B205938B
:1033300003020493BAF1000F3FF40FAE4FFA8AF381
:1033400007934FEA0A23069310E641F2210282EA2C
:10335000400212B2114694E741F2210080EA420095
:1033600000B2014689E741F2210282EA400212B22C
:1033700011467EE741F2210080EA420000B2014698
:1033800073E741F2210282EA400212B2114667E776
:1033900041F2210080EA420000B201465BE741F2BF
:1033A000210282EA410212B211464FE741F22101A5
:1033B00081EA400109B20A46EAE641F2210080EAC8
:1033C000410000B20246DEE641F2210181EA4001FD
:1033D00009B20A46D2E641F2210080EA410000B279
:1033E0000246C6E641F2210181EA400109B20A46DD
:1033F000BAE641F2210080EA410000B20246AEE6A0
:1034000041F2210181EA400109B20A46A2E641F2F5
:10341000210181EA400109B20A4683E641F2210016
:1034200080EA410000B2024677E641F2210181EADA
:10343000400109B20A466BE641F2210080EA4100F0
:1034400000B202465FE641F2210181EA400109B281
:103450000A4653E641F2210080EA410000B20246EA
:1034600047E641F2210181EA400109B20A463BE602
:1034700041F2210181EA400109B20A461AE641F20D
:10348000210080EA410000B202460EE641F221012D
:1034900081EA400109B20A4602E641F2210080EACF
:1034A000410000B20246F6E541F2210181EA400105
:1034B00009B20A46EAE541F2210080EA410000B281
:1034C0000246DEE541F2210181EA400109B20A46E5
:1034D000D2E541F2210181EA400109B20A46AFE595
:1034E00041F2210080EA410000B20246A3E541F228
:1034F000210181EA400109B20A4697E541F2210023
:1035000080EA410000B202468BE541F2210181EAE6
:10351000400109B20A467FE541F2210080EA4100FC
:1035200000B2024673E541F2210181EA400109B28D
:103530000A4667E541F2210181EA400109B20A46E3
:1035400046E541F2210080EA410000B202463AE538
:1035500041F2210181EA400109B20A462EE541F219
:10356000210080EA410000B2024622E541F2210139
:1035700081EA400109B20A4616E541F2210080EADB
:10358000410000B202460AE5ECA0002041F2210110
:1035900081EA400109B20A46FCE400BF10B50446C6
:1035A000F3F75CF808B9002010BD2046F3F78CF85B
:1035B0001C4ADFF878C0137883EA000111709CF888
:1035C00000100629EFD8DFE801F00C12181E23299D
:1035D0000400181A0022B0FA80F08CF8002040098C
:1035E00010BD2428DFD101238CF80030DBE74D2803
:1035F000D9D102238CF80030D5E73C28D3D103235E
:103600008CF80030CFE7042310708CF80030CAE744
:10361000054A062310708CF80030C4E706238CF8A6
:103620000030C0E7E4A00020E6A00020E5A00020D4
:103630002DE9F8434FF4FA6104462A20EDF7A2FF82
:10364000C34EE9F7F5F92046FFF7A8FF38B92A205D
:10365000EDF7EEFF0028F4D00020BDE8F8834FF42A
:10366000FA612A20EDF78EFF0220F2F75DFA337837
:10367000242B7ED8002B78D0013B232B75D8DFE894
:1036800013F01D02FA01CF01A4016F017400740050
:10369000740074007400740074007400740074008A
:1036A000740074007400740074007400740074007A
:1036B000740074007400740074007400740074006A
:1036C0007400740074007400440124212046F3F750
:1036D000AFF8A04F4D2120460025F3F7A9F83E2171
:1036E0002046F3F7A5F8122120463D5500F05AFC7C
:1036F0007221204600F056FC40F2DC51204600F0DA
:1037000055FC4FF47A71204600F050FC4FF4FA61FA
:10371000204600F04BFC4FF47A71204600F046FC46
:103720004FF47A71204600F041FC2946204600F013
:1037300039FC2946204600F035FC2946204600F099
:1037400031FC2946204600F02DFC2946204600F099
:1037500029FC2946204600F025FC2946204600F099
:1037600025FC3957204600F01DFC0220F2F7EEF947
:103770006DE77C2B00F2C381642BF6D9653B172BD8
:10378000F3D801A252F823F0A53802086B370208DB
:103790006B370208293802086B3702086B370208BA
:1037A0006B3702086B3702086B3702086B37020869
:1037B0006B3702086B3702086B370208CB360208FA
:1037C0006B3702086B3702086B3702086B37020849
:1037D0006B3702086B3702086B3702086B37020839
:1037E0006B370208E937020820462421F3F720F856
:1037F000584F20464D21F3F71BF8002520463E2167
:10380000F3F716F820463D55062100F0CBFB204685
:103810007C2100F0C7FB2946204600F0C7FB294663
:10382000204600F0C3FB98E724212046F3F700F878
:103830004D212046F2F7FCFF3E212046F2F7F8FF2B
:10384000444B454FDFF8148100251D5510212046BB
:10385000994600F0A7FB6821204600F0A3FB0CE08E
:10386000D7ED007AFDEEE77A013517EE903A19B2FE
:1038700000F09CFB082D0CD00437D8F80030AB4288
:1038800020464FF00001EBD8013500F08FFB082DEA
:10389000F2D119F90410204600F084FB0220F2F75F
:1038A00055F9D4E624212046F2F7C2FF294F4D21D5
:1038B00020460025F2F7BCFF3E212046F2F7B8FF74
:1038C0000F2120463D5500F06DFB6521204600F09C
:1038D00069FB4FF4FA71204600F068FB2946204648
:1038E00000F064FB2946204600F060FB2946204694
:1038F00000F06CFB2946204600F054FB2946204688
:1039000000F054FB4FF4FA7128E720462421F2F727
:103910008FFF104D20464D21F2F78AFF00272046E9
:103920003E21F2F785FF20462F55042100F03AFB97
:103930002046242100F036FB3946204600F046FBA5
:103940002046295700F02EFB0220F2F7FFF87EE612
:10395000E6A00020B04300205C0600200400002008
:1039600024212046F2F764FF4D212046F2F760FF44
:103970003E212046F2F75CFF784A002313551A21B6
:103980002046914600F00EFB0521204600F00AFB80
:103990007349204600F078FA7249204600F074FA24
:1039A0007149204600F070FA7049204600F06CFA28
:1039B00003252021204600F0F5FA013DF9D119F93F
:1039C0000410204600F0EEFA68E720462421F2F7C2
:1039D0002FFF624F20464D21F2F72AFF0025204697
:1039E0003E21F2F725FF20463D55062100F0DAFA88
:1039F0002046042100F0D6FA20465D4900F044FA42
:103A00002946204600F0CEFA2946204600F0CAFAA0
:103A10002046395700F0C6FA0220F2F797F816E66A
:103A200024212046F2F704FF4D212046F2F700FF43
:103A30004A4D3E212046F2F7FBFE00232B55032181
:103A4000204600F0AFFA0321204600F0ABFA012136
:103A5000204600F0A7FA0E21204600F0A3FA01212B
:103A6000204600F09FFA2046295700F09BFA0220DA
:103A7000F2F76CF8EBE520462421F2F7D9FE204658
:103A80004D21F2F7D5FE354D20463E21F2F7D0FE0E
:103A900000232B552046042100F084FA2046022101
:103AA00000F080FA2046334900F0EEF9204629570D
:103AB00000F078FA0220F2F749F8C8E52421204600
:103AC000F2F7B6FE254D4D212046F2F7B1FE002754
:103AD0003E212046F2F7ACFE032120462F5500F090
:103AE00061FA0121204600F05DFA3946204600F0D7
:103AF00059FA0121204600F055FA1921B0E7F52BBB
:103B00007FF433AE20462421F2F792FE20464D2169
:103B1000F2F78EFE114D20463E21F2F789FE00237A
:103B20002B552046012100F03DFA20466FF00A0196
:103B300000F038FA104B204693F9001000F032FAEA
:103B40002957204600F02EFA0220F1F7FFFF2A2025
:103B5000EDF76EFD0020BDE8F88300BFB043002004
:103B6000806703088C670308986703089C6703084D
:103B70007867030870670308F8A000202DE9F0417A
:103B800042F2107104462A20EDF7FCFC0020F1F708
:103B9000CBFFEDF787FC05460BE02046F2F75EFD14
:103BA00060B9E8F745FFEDF77DFC401BB0F57A7F83
:103BB00060D22A20EDF73CFD0028EED02046F2F737
:103BC0004DFD002844D02F4D2F4A29680123137042
:103BD00059B100232D4E3427184607FB03620133E9
:103BE000D269DBB28B421060F7D33220EDF760FC74
:103BF000274A2B6813702046FFF71AFD2046FFF76F
:103C0000E3F82B6893B1214E4FF0000834275FFA98
:103C100088F407FB04F400213019F8F7BBFF335D8B
:103C2000EBB92B6808F101084345F0D841F2883020
:103C3000EDF73EFC164B00241C70E5F703FF124B1A
:103C400002201C70F4F766FFBDE8F041F1F7DABF1F
:103C50000320F4F75FFFBDE8F041F1F7D3BF201D6B
:103C600000213044F8F788FF2B6808F1010843452C
:103C7000CDD8DBE702210846F4F72CFFEDF712FC64
:103C8000054696E704000020F6A0002028830308DC
:103C9000F8A0002018B1084B084AC3F8FC2F72B6F0
:103CA000BFF34F8F0649074BCA6802F4E062134323
:103CB000CB60BFF34F8FFEE700F00120EFBEADDE1B
:103CC00000ED00E00400FA0500B57F2083B00DF0A0
:103CD000CBFC30B1012001900DF0E0FC019803B065
:103CE00000BD7E200DF0C0FC08B10220F3E77D206E
:103CF0000DF0BAFC28B97C200DF0B6FC18B10420F8
:103D0000E9E70320E7E77B200DF0AEFC50B97A200D
:103D10000DF0AAFC40B979200DF0A6FC002818BFD0
:103D20000720D8E70520D6E70620D4E74848494AC7
:103D3000D0F8883043F4700384B0C0F8883013683A
:103D4000002143F00103136091601368A0F1BC20CF
:103D500023F0847323F48033F038136050601368C9
:103D600023F480231360D16001910291136843F41E
:103D70008033136003E0019BB3F5A06F09D0136893
:103D800003F400330293019B01330193029B002B48
:103D9000F1D0304B1B6813F4003318BF012302939A
:103DA000029B012B1ED02B482B4A036B2B4943F05F
:103DB00004030363136823F070531360136843F024
:103DC000A05300201360536983F4C04353610390F0
:103DD000039B8B42F7DC039B01330393039B8B42D2
:103DE000F9DDF0E71B4B1E491A6C1E4842F0805269
:103DF0001A640A6842F480420A609A689A609A6873
:103E000042F400429A609A6842F4A0529A60586064
:103E10001A6842F080721A601A689201FCD5124A40
:103E200040F205611160996821F003019960996879
:103E300041F00201A2F580629960936803F00C03DF
:103E4000082BFAD1024B4FF000629A6004B0704721
:103E500000ED00E000380240000802403F0D030082
:103E60000070004008544007003C024000B583B099
:103E70000D210190F2F7DCFC01980A2103B05DF8F6
:103E800004EBF2F7D5BC00BF38B50C46097839B160
:103E900005462846F2F7CCFC14F8011F0029F8D19A
:103EA00038BD00BF38B50C469F2C4FEA11118CBFAE
:103EB0005731303104F00F040546F2F7B9FC092CF4
:103EC00006D904F157012846BDE83840F2F7B0BCE6
:103ED00004F130012846BDE83840F2F7A9BC00BF24
:103EE000F8B50C46B4F1204F4FEA21464FEA11676E
:103EF0004FEA11712CBF5731303107F00F070546DB
:103F0000F2F796FC092F8CBF07F1570107F130013A
:103F10002846F2F78DFCC6F303110929F6B28CBFCF
:103F20005731303106F00F062846F2F781FC092E92
:103F30008CBF06F1570106F130012846F2F778FCF4
:103F4000C4F303310929C4F307268CBF573130313C
:103F500006F00F062846F2F76BFC092E8CBF06F11F
:103F6000570106F130012846F2F762FCC4F3031151
:103F70000929E4B28CBF57313031284604F00F04D0
:103F8000F2F756FC092C06D904F157012846BDE882
:103F9000F840F2F74DBC04F130012846BDE8F84086
:103FA000F2F746BCC9B2F2F743BC00BF10B582B00D
:103FB0000C46C9B20190F2F73BFC0198C4F307210B
:103FC00002B0BDE81040F2F733BC00BF38B505467B
:103FD0000C46C9B2F2F72CFCC4F307212846F2F7CD
:103FE00027FCC4F3074128462414F2F721FCC4F34C
:103FF00007212846BDE83840F2F71ABC2DE9F04306
:104000001F460B1E87B00546164659DBDFF8C0C0B9
:104010000024ACFB03121846D308C3EB43110DEB8D
:10402000040EC3EB810100F13002A046A14602EB71
:104030004102013409288EF8082064B2E9DCB44258
:1040400001DC002E2CDCB31EA3EB09094FFA89F921
:10405000B9F1000F0ADB09F1FF39302128464FFA88
:1040600089F9F2F7E5FBB9F1FF3FF4D10DF109034E
:104070009844013C18F8011D284664B2F2F7D8FBB9
:10408000A64205D0002CF4DC9FB907B0BDE8F08350
:10409000002E4FF02E012846F6DDF2F7C9FBE8E7C7
:1040A00028463021F2F7C4FB2E212846F2F7C0FB48
:1040B000C9E73946284607B0BDE8F043F2F7B8BB78
:1040C0002D210193F2F7B4FB019B5B429EE700BFF9
:1040D000CDCCCCCC10B51B2982B00B46044603D8FE
:1040E0000B4ACA40D20706D41946204602B0BDE8A2
:1040F0001040F2F79DBB01911B21F2F799FB019B48
:104100002046194602B0BDE81040F2F791BB00BF4F
:104110001200000870B5CBB21B2B82B00C460546CE
:104120000EB203D8284ADA40D20747D419462846A7
:10413000F2F77EFBC6F307231B2B4FEA262603D894
:10414000214AF240D10732D4C4F307461946284623
:10415000F2F76EFB1B2E4FEA244403D81A4BF340B0
:10416000DA071FD431462846C4F30726F2F760FB6E
:104170001B2E4FEA242403D8134BE340DB0706D45D
:104180003146284602B0BDE87040F2F751BB2846E0
:104190001B21F2F74DFB3146284602B0BDE87040C6
:1041A000F2F746BB1B212846F2F742FBDAE71B2158
:1041B00028460193F2F73CFB019BC5E71B210193C5
:1041C000F2F736FB019BB1E7120000082DE9F04F32
:1041D000FF21054683B0DFF898A1DFF89881614F91
:1041E000F2F726FB002401212846F2F721FB4021AB
:1041F00028460AF80540F2F71BFB15212846F2F77E
:1042000017FB21462846F2F713FBD8F80C10284676
:10421000FFF780FFD8F810102846FFF77BFF4646CF
:1042200008F10C0956F8044BE3B21B2B0FFA84FB80
:1042300009D827FA03F2D20705D51B212846019396
:10424000F2F7F6FA019B19462846F2F7F1FACBF39A
:1042500007231B2B4FEA2B2B0AD827FA0BFB1BF04B
:10426000010F05D01B2128460193F2F7E1FA019BCB
:10427000C4F3074B19462846F2F7DAFABBF11B0FD5
:104280004FEA244407D827FA0BF3D80703D51B219C
:104290002846F2F7CDFA59462846C4F3072BF2F721
:1042A000C7FABBF11B0F4FEA242407D827FA04F4FE
:1042B000E10703D51B212846F2F7BAFA59462846EA
:1042C000F2F7B6FAB145ADD198ED057AFFEE007A76
:1042D000B4EEE77AF1EE10FA41D4F7EE007AB4EEDC
:1042E000E77ADFED216AF1EE10FAD8BFF0EE477AF7
:1042F00067EEA67AFCEEE77ACDED017A9DF80440F0
:104300001B2C03D8174BE340DA0723D42146284659
:10431000F2F78EFA1AF805401B2C03D8114BE34034
:10432000DB0712D421462846F2F782FA28460421F8
:10433000F2F77EFA28460D21F2F77AFA0A2128468A
:1043400003B0BDE8F04FF2F773BA1B212846F2F72D
:104350006FFAE7E71B212846F2F76AFAD6E7DFEDA6
:10436000037AC7E71200000800007F4300007FC304
:10437000B0430020B0A0002070B5FF2182B00446F9
:104380003A4EF2F755FA002501212046F2F750FA8D
:1043900035553B212046F2F74BFA0E212046F2F725
:1043A00047FA29462046F2F743FA314BD3ED007A1B
:1043B000FDEEE77ACDED017A9DF80430BDF90450A9
:1043C0001B2B03D82B4ADA40D10747D41946204685
:1043D000F2F72EFAC5F307231B2B4FEA252503D846
:1043E000244AEA40D20732D4234D19462046F2F738
:1043F0001FFAD5F8AC1F2046FFF78CFED5F8B01F8A
:104400002046FFF787FED5F8B41F2046FFF782FE4F
:10441000355D1B2D03D8174BEB40DB0712D4294623
:104420002046F2F705FA20460421F2F701FA204669
:104430000D21F2F7FDF90A21204602B0BDE87040D7
:10444000F2F7F6B91B212046F2F7F2F9E7E71B2154
:1044500020460193F2F7ECF9019BC5E71B212046AA
:104460000193F2F7E5F9019BB0E700BFB0430020EC
:1044700020210020120000087811002070B582B0C1
:104480008DED010A019B5E4AC3F3C751FF29044623
:1044900002EA1342C3F3160E4BD059B90192F2F758
:1044A000C7F9019A130A1946204602B0BDE87040C8
:1044B000F2F7BEB9A1F1700CBCF11E0F58DCBCF1D3
:1044C000000F64DD4FEA5E3EDE044EF4806576D474
:1044D000C5F30903134343EA8C2C5FFA8CF21B2AC1
:1044E0005FFA8CF60FFA8CF507D8464BD340D90704
:1044F00003D51B212046F2F79BF931462046F2F7FF
:1045000097F9C5F307231B2B4FEA252CCBD83D4A3F
:1045100022FA0CF2D207C6D520461B210193F2F7EE
:1045200087F9019B2046194602B0BDE87040F2F7BA
:104530007FB9130A0193BEF1000F0CD00021F2F7EE
:1045400077F9019B43F07E031946204602B0BDE88F
:104550007040F2F76DB97146F2F76AF9019B43F0CA
:104560007C031946204602B0BDE87040F2F760B9FE
:1045700000210192F2F75CF9019A130A43F07C03DF
:104580001946204602B0BDE87040F2F751B91CF15F
:104590000A0F22DBCCF10E014EF4000E4FF0FF3378
:1045A000CCF10D008B402EFA01FC01212EEA030311
:1045B00081408B421BD817D042EA0C0C8DE70EF0DD
:1045C000010EC3F30B035EEA030E81D06B1CB3F53F
:1045D000006F0FD0C3F309037CE700210192F2F7CB
:1045E00027F9019A130A5EE71CF0010FE4D00CF1E1
:1045F000010CE1E78E29A1F16F0CB9D0002369E726
:104600000080FFFF1200000810B5FF210446F2F7FA
:104610000FF901212046F2F70BF9024B00221A553F
:1046200010BD00BFB043002010B5114B1B5C1B2B0D
:1046300082B0044603D80F4ADA40D20712D4194692
:104640002046F2F7F5F820460421F2F7F1F820466B
:104650000D21F2F7EDF80A21204602B0BDE8104026
:10466000F2F7E6B81B210193F2F7E2F8019BE6E7C7
:10467000B043002012000008F8B5254B254E044633
:104680000D46FF211D700027F2F7D2F801212046C8
:10469000F2F7CEF8462120463755F2F7C9F81B212C
:1046A0002046F2F7C5F801212046F2F7C1F8394655
:1046B0002046F2F7BDF81B2D03D8174BEB40DA0765
:1046C00021D429462046F2F7B3F8355D1B2D03D8D7
:1046D000114BEB40DB0711D429462046F2F7A8F82E
:1046E00020460421F2F7A4F820460D21F2F7A0F8A5
:1046F00020460A21BDE8F840F2F79AB81B2120466F
:10470000F2F796F8E8E71B212046F2F791F8D8E790
:10471000307D0020B0430020120000082DE9F04158
:1047200004460D46264EFF2190460027F2F780F8FA
:1047300001212046F2F77CF8332120463755F2F765
:1047400077F802212046F2F773F839462046F2F74F
:104750006FF81B2D03D81B4BEB40DA072AD42946F0
:104760002046F2F765F8B8F1000118BF012149426F
:10477000C9B22046F2F75CF8355D1B2D03D8114A0B
:10478000EA40D30711D429462046F2F751F82046D3
:104790000421F2F74DF820460D21F2F749F82046A2
:1047A0000A21BDE8F041F2F743B81B212046F2F799
:1047B0003FF8E8E71B212046F2F73AF8CFE700BFC1
:1047C000B0430020120000082DE9F04F8A4A8B4BBD
:1047D00011681E682DED048B044685B0002900F099
:1047E0000881874A9FED878A0023F2EC017A013322
:1047F0008B4238EE278AF8D1DFF81482824B98F882
:104800000050D3ED008A1B2D04D8804BEB40D90714
:1048100000F1EA8029462046F2F70AF8D8F800307D
:10482000002B00F0DC8007EE906AF8EE677AB7EEB6
:10483000007A87EE279ADFF8DC91744F002628EE85
:10484000888A59F8045B5FFA85FBBBF11B0F0FFAEE
:1048500085FA07D827FA0BF3DA0703D51B21204680
:10486000F1F7E6FF59462046CAF3072BF1F7E0FFC0
:10487000BBF11B0F4FEA2A2A08D827FA0AFA1AF0C6
:10488000010F03D01B212046F1F7D2FFC5F3074AE1
:1048900059462046F1F7CCFFBAF11B0F4FEA2545E8
:1048A00007D827FA0AF3DB0703D51B212046F1F7C7
:1048B000BFFF51462046C5F3072AF1F7B9FFBAF109
:1048C0001B0F4FEA252507D827FA05F5ED0703D575
:1048D0001B212046F1F7ACFF51462046F1F7A8FF17
:1048E000D8F800300136B342ABD8002B77D0DFF8D0
:1048F00010B1DFF818910027FFEE008A4DE0B7EE07
:10490000007AF4EEC77AF1EE10FAD4BF17EE90AA4F
:1049100017EE10AA5FFA8AF2CAF30745CAF3072313
:104920001B2A02934FEA1A66019509D829FA02F167
:10493000C80705D51B2120460392F1F779FF039A9A
:1049400011462046F1F774FFCAF307231B2B3BD90E
:1049500002992046F1F76CFF1B2D07D829FA05F5BF
:10496000EA0703D51B212046F1F762FF0199204693
:10497000F1F75EFF1B2E07D829FA06F3DB0703D5F4
:104980001B212046F1F754FF31462046F1F750FF36
:10499000D8F800300137BB4221D9FBEC017A77EE21
:1049A000C87A67EE897AF4EEE87AF1EE10FAA6D5C5
:1049B00000212046F1F73CFF00212046F1F738FFA7
:1049C0008023BF260193D1E7CAF3072329FA03F313
:1049D000D907BDD51B212046F1F72AFFB8E705B05E
:1049E000BDEC048BBDE8F08F1B212046F1F720FFC2
:1049F00010E79FED048AFFE60400002084060020F3
:104A000088060020000000000806002012000008B0
:104A1000000000200C060020F8B5394A394B116817
:104A20001D682DED048B0646002965D0364A9FEDA2
:104A3000378A0023F2EC017A01338B4238EE278A61
:104A4000F8D1334F334B3C78D3ED008A1B2C03D87D
:104A5000314BE340DB074AD421463046F1F7E8FE0C
:104A60003B68002B40D007EE905AF8EE677AB7EE1D
:104A7000007AC7EE279A294D002428EE888AB5ECE3
:104A8000010A3046FFF7FAFC3B680134A342F6D82E
:104A900053B31D4D0024BFEE009AF7EE008A0FE0DD
:104AA000F4EEE87AF1EE10FAD4BFB0EE670AB0EE99
:104AB000680AFFF7E3FC3B6801349C4214D20435DA
:104AC000D5ED007A77EEC87A304667EEA97ABFEE68
:104AD000000AF4EEC97AF1EE10FAE1D5FFF7CEFC48
:104AE0003B680134A342EAD8BDEC048BF8BD1B211E
:104AF0003046F1F79DFEAFE79FED048AA1E700BFC6
:104B00000400002084060020880600200000000029
:104B10000000002008060020120000080C060020FB
:104B20002DE9F04F2DED028B474B484F1968484E49
:104B3000DFF834A1DFF834919FED468ADFF8308149
:104B400083B00546FFF7E6FA434B28461968FFF79E
:104B5000E1FA424B28461968FFF7DCFA404B284639
:104B60001968FFF7D7FAB468E2B21B2A0FFA84FB80
:104B700009D828FA02F1CB0705D51B212846019256
:104B8000F1F756FE019A11462846F1F751FECBF394
:104B900007221B2A4FEA2B2309D828FA03F3D80748
:104BA00005D51B2128460192F1F742FE019A1146D4
:104BB0002846F1F73DFEC4F307431B2B4FEA24447C
:104BC00009D828FA03F2D10705D51B2128460193FD
:104BD000F1F72EFE019B19462846F1F729FEC4F392
:104BE00007231B2B4FEA242409D828FA04F4E207F0
:104BF00005D51B2128460193F1F71AFE019B1946A2
:104C00002846F1F715FE57F8041B2846FFF782FAED
:104C1000FAEC017A67EE887A284617EE901AFFF7C9
:104C200079FAF16A2846FFF775FA59F8041B284605
:104C3000FFF770FA0B4BBB4206F52E7693D103B00B
:104C4000BDEC028BBDE8F08FB80F0020D87C0020AF
:104C5000783B00207CD6D03DB40F0020B00F002060
:104C6000AC0F0020E47C0020FC7C0020F07C0020C5
:104C7000120000082DE9F843224B234E93ED000A61
:104C8000224DDFF8A080224F2DED028B0446FFF766
:104C9000F5FB204B9FED208A93ED000A2046FFF79D
:104CA000EDFB1E4B204693ED000AFFF7E7FB1C4B84
:104CB000204693ED000AFFF7E1FB06F10C0995EDA4
:104CC000020A2046FFF7DAFBB6EC010A2046FFF79E
:104CD000D5FBB8EC010A204620EE080AFFF7CEFB10
:104CE00095ED0B0A2046FFF7C9FBB7EC010A2046F9
:104CF000FFF7C4FB4E4505F52E75E0D1BDEC028BE8
:104D0000BDE8F883B80F0020D87C0020783B002055
:104D1000F07C0020B40F00207CD6D03DB00F0020E6
:104D2000AC0F0020FC7C00202DE9F043FF2104465D
:104D300083B0F1F77DFDDFF89C9301212046F1F768
:104D400077FD002309F804300D212046F1F770FDAE
:104D5000C64B1D68AD00763505F0FE012046ADB2AC
:104D6000F1F766FD2A0AB5F5E05F164604D2C04B9E
:104D7000D340DD0700F1DE8131462046F1F758FDD2
:104D8000DFF85483BA4F002518F80530DEB21B2B2C
:104D900027FA06F207D812F0010F4FF01B01204648
:104DA00001D0F1F745FD314620460135F1F740FDD0
:104DB0000C2DE9D1AF4B1D781B2D04D8AC4BEB402B
:104DC000D80700F1B28129462046F1F731FDAA4B00
:104DD000204693ED000AFFF751FBA84B204693EDC8
:104DE000000AFFF74BFBA64BD3ED007AF5EEC07A35
:104DF000F1EE10FA00F1A9819FEDA27AF4EEC77AE4
:104E0000F1EE10FA00F39B81FDEEE77ACDED017A29
:104E10009DF80460BDF904501B2E07D8944BF34055
:104E2000D90703D51B212046F1F702FD3146204664
:104E3000C5F30726F1F7FCFC1B2E4FEA252507D802
:104E40008B4BEB40DA0703D51B212046F1F7F0FC32
:104E500031462046F1F7ECFC8B4BB3F90060002E95
:104E6000C0F27C811D781B2D07D8814BEB40DB07FE
:104E700003D51B212046F1F7DBFC29462046F1F73C
:104E8000D7FCB6F5E05F4FEA2622C6F3072507DA1E
:104E9000774BD340DF0703D51B212046F1F7C8FC31
:104EA00029462046F1F7C4FC784B204693ED000AD2
:104EB000FFF7E4FA2046FFF7DDFE754B204693ED41
:104EC000000AFFF7DBFA734B204693ED000AFFF769
:104ED000D5FA714BD3F89832204600EE103AFFF71E
:104EE000CDFA6E4B204693ED000AFFF7C7FA6C4BE4
:104EF000204693ED000AFFF7C1FA6A4B204693ED76
:104F0000000AFFF7BBFA684B204693ED000AFFF753
:104F1000B5FA664B204693ED000AFFF7AFFA644BF3
:104F2000204693ED000AFFF7A9FA624B204693ED65
:104F3000000AFFF7A3FA604BD3ED007AF5EEC07AD2
:104F4000F1EE10FA00F10781B7EE000AF4EEC07A34
:104F5000F1EE10FAD8BFB0EE670A584D2046FFF7C1
:104F60008DFA95ED040A2046FFF788FAE968544D5A
:104F70002046FFF7CFF8D5E90401E3F7D5FC014659
:104F80002046FFF7C7F8D5E90601E3F7CDFC014657
:104F90002046FFF7BFF8D5E90801E3F7C5FC014655
:104FA0002046FFF7B7F8D5E90A01E3F7BDFC014653
:104FB0002046FFF7AFF8434B93ED000AE5F71AFEE2
:104FC0002046FFF75BFA404B204693ED000AFFF7BF
:104FD00055FA00212046F1F72BFC00212046F1F77D
:104FE00027FC3A4B204693ED000AFFF747FA384B6F
:104FF0001D781B2D07D81E4BEB40DE0703D51B2168
:105000002046F1F715FC29462046F1F711FC204611
:10501000FFF702FDECF746FAC6B21B2E054607D88D
:10502000134BF340D80703D51B212046F1F700FCB2
:1050300031462046C5F30726F1F7FAFB1B2E07D8A9
:105040000B4BF340D90703D51B212046F1F7F0FBAA
:1050500031462046C5F30745F1F7EAFB1B2D41D841
:10506000034BEB40DA073DD538E000BF00000020DD
:1050700012000008307D0020742E00206C2E0020CD
:10508000682E00200000FA46502E0020A83800208C
:10509000AC7F0020FC100020B081002074A600200E
:1050A000C47F002018BD0020C4380020A0000020CC
:1050B000A4000020C03800206C0F0020D07F00200A
:1050C0000011002020BD0020BC000020703800200E
:1050D0003F380020B0430020347D00201B212046B3
:1050E000F1F7A6FB29462046F1F7A2FB19F8045078
:1050F0001B2D07D81C4BEB40DB0703D51B2120469B
:10510000F1F796FB29462046F1F792FB2046042151
:10511000F1F78EFB20460D21F1F78AFB0A2120468C
:1051200003B0BDE8F043F1F783BB1B212046F1F744
:105130007FFB48E61B212046F1F77AFB1CE60021A5
:105140002046F1F775FB7D2682E600212046F1F727
:105150006FFB00267CE69FED050AFEE6FF21204658
:10516000F1F766FB7F259BE61200000800000000B7
:1051700070B5FF21044682B0F1F75AFB4D4E012174
:105180002046F1F755FB0023335510212046F1F757
:105190004FFB494B1D68ED005535E9B22046ADB2D5
:1051A000F1F746FB290AB5F5E05F0A4603D2434B07
:1051B000CB40D90777D411462046F1F739FB404B55
:1051C00020461968FEF7A6FF2046FFF7A9FC3D4BD5
:1051D0001D781B2D03D8394BEB40DB075ED42946E5
:1051E0002046F1F725FB2046FFF7EEFAECF75AF9D7
:1051F000C3B21B2B054603D8304ADA40D00746D449
:1052000019462046F1F714FBC5F307231B2B03D8DF
:105210002A4ADA40D10733D419462046C5F3074558
:10522000F1F706FB1B2D03D8244BEB40DA0722D401
:1052300029462046F1F7FCFA355D1B2D03D81F4B9C
:10524000EB40DB0712D429462046F1F7F1FA20465D
:105250000421F1F7EDFA20460D21F1F7E9FA0A21D0
:10526000204602B0BDE87040F1F7E2BA1B212046AB
:10527000F1F7DEFAE7E71B212046F1F7D9FAD7E785
:105280001B2120460193F1F7D3FA019BC4E71B21B0
:1052900020460193F1F7CCFA019BB1E71B21204690
:1052A000F1F7C6FA9BE71B2120460192F1F7C0FAFD
:1052B000019A80E7B043002000000020120000089F
:1052C000A8380020F5000020F0B5FF21044683B087
:1052D000CF4FF1F7ADFA002501212046F1F7A8FAEA
:1052E0003D550E212046F1F7A3FA56212046F1F74D
:1052F0009FFA29462046F1F79BFAC64B1D781B2DD5
:1053000004D8C54BEB40D90700F1BD8129462046A2
:10531000F1F78EFAC14B1D781B2D04D8BE4BEB4024
:10532000DA0700F1AB812946BD4D2046F1F780FA3E
:1053300095F831601B2E04D8B74BF340DB0700F122
:10534000988131462046F1F773FA95F832601B2EAA
:1053500004D8B14BF340D80700F18681314620468E
:10536000F1F766FAAF4B1E781B2E04D8AA4BF34018
:10537000D90700F1748131462046F1F759FADFED83
:10538000AA7A95ED1F7AB4EEE77AF1EE10FA00F101
:105390002581DFEDA67AB4EEE77AF1EE10FAD4BFFC
:1053A00017EE101A17EE901A2046FEF7B3FEDFED47
:1053B0009E7A95ED207AB4EEE77AF1EE10FA00F1DC
:1053C0000A81DFED9A7AB4EEE77AF1EE10FAD4BFF3
:1053D00017EE101A17EE901A2046FEF79BFEDFED2F
:1053E000927A95ED267AB4EEE77AF1EE10FA00F1B2
:1053F000EF80DFED8E7AB4EEE77AF1EE10FAD4BFEB
:1054000017EE101A17EE901A2046FEF783FEDFED16
:10541000867A95ED277AB4EEE77AF1EE10FA00F18C
:10542000D480DFED827AB4EEE77AF1EE10FAD4BFE1
:1054300017EE101A17EE901A7D4E2046FEF76AFE00
:10544000D6F8CC1F2046FEF765FED6F8D41F2046BE
:10545000FEF760FED5F890102046FEF75BFE95ED56
:10546000250AE5F7C7FB204610EE101AFEF752FE9C
:10547000A96C2046FEF74EFED5F8D0102046FEF768
:1054800049FED5F8E8102046FEF744FED6F8181578
:105490002046FEF73FFED6F8481A2046FEF73AFEB1
:1054A000644BDE69EBF7FEFF361AF3B21B2B04D810
:1054B000594ADA40D20700F1CB8019462046F1F76D
:1054C000B7F9C6F307231B2B04D8534ADA40D00799
:1054D00000F1968019462046C6F30746F1F7A8F971
:1054E0001B2E04D84C4BF340D90700F18480314681
:1054F0002046F1F79DF9D5F828112046FEF70AFE5F
:10550000296A2046FEF706FE95F82C611B2E03D86B
:10551000414BF340DA0769D431462046464EF1F755
:1055200087F900212046F1F783F9D6F8AC1220461E
:10553000FEF7F0FDD6F864152046FEF7EBFDD6F831
:105540007C152046FEF7E6FD95F83230022B04D993
:1055500095F83130032B00F29B80384B93ED000A15
:10556000DFED377AB4EEE70AF1EE10FA2BD4DFED77
:10557000357A9FED357AB4EEE70AF1EE10FAD8BF2E
:10558000F0EE407A67EE877A17EE901A2046FEF723
:10559000C1FD3D5D1B2D03D81F4BEB40DB0720D425
:1055A00029462046F1F744F920460421F1F740F955
:1055B00020460D21F1F73CF90A21204603B0BDE851
:1055C000F040F1F735B92149E0E74FF0424133E7C8
:1055D0004FF0424118E74FF04241FDE64FF04241A3
:1055E000E2E61B212046F1F723F9D9E71B212046EB
:1055F000F1F71EF990E71B212046F1F719F976E73C
:105600001B2120460193F1F713F9019B62E700BFCC
:10561000B04300203F380020120000083E38002030
:1056200078A800203D2C0020000000C200000042AD
:1056300078110020B02E0020783B002024BD0020EF
:10564000000034C30000344335FA8E3CDB0F49C000
:105650001B2120460193F1F7EBF8019B2DE71B215D
:105660002046F1F7E5F886E61B212046F1F7E0F841
:1056700074E61B212046F1F7DBF862E61B21204689
:10568000F1F7D6F84FE61B212046F1F7D1F83DE6B9
:10569000064D2B78002B7FF460AFFAF721FD044A0A
:1056A000012382ED000A2B705AE700BFFBA0002007
:1056B00024BD00202DE9F04FFF21044683B0F1F70F
:1056C000B7F801212046F1F7B3F8CA4BDFF84C8355
:1056D000C94F00251D553E212046F1F7A9F8772135
:1056E0002046F1F7A5F829462046F1F7A1F818F869
:1056F0000530DEB21B2B27FA06F207D812F0010F95
:105700004FF01B01204601D0F1F792F831462046B8
:105710000135F1F78DF80C2DE9D1B84F2046D7F8B7
:105720007C12FEF7F7FCB64B1D781B2D04D8B24B4C
:10573000EB40DE0700F13B8229462046F1F778F87E
:10574000B04B1B781D1E18BF0125002B40F0348282
:1057500029462046F1F76CF8DFF8C492DFF898820A
:10576000002606F19E0307EB830320469968FEF7A7
:10577000D1FC06F1A20307EB830320465968FEF72C
:10578000C9FC06F1960307EB83032046D968FEF7B0
:10579000C1FC06F19A0307EB830320469968FEF7E4
:1057A000B9FCF9EC017AFDEEE77ACDED017A9DF8CE
:1057B00004A0BDF90450BAF11B0F28FA0AF307D868
:1057C00013F0010F4FF01B01204601D0F1F730F824
:1057D00051462046C5F3072AF1F72AF82D12BAF1EF
:1057E0001B0F28FA05F507D815F0010F4FF01B0124
:1057F000204601D0F1F71CF851462046F1F718F881
:1058000006F1940307EB83032046D3F80310013617
:10581000FEF780FC032EA4D17B4B93ED007AF7EECC
:10582000006AC6EE877AFDEEE77ACDED017A9DF843
:105830000460BDF904501B2E04D86F4BF340D80709
:1058400000F1B08131462046C5F30726F0F7F0FF9E
:105850001B2E4FEA252504D8674BEB40D90700F1F2
:105860009C8131462046F0F7E3FF684BD3ED007A88
:10587000FDEEE77ACDED017A9DF80460BDF90450A4
:105880001B2E04D85C4BF340DA0700F181813146CE
:105890002046C5F30726F0F7CBFF1B2E4FEA252540
:1058A00004D8554BEB40DB0700F16D8131462046B3
:1058B000F0F7BEFF564BD3ED007AFDEEE77ACDED63
:1058C000017A9DF80460BDF904501B2E04D84A4BA0
:1058D000F340DF0700F1528131462046C5F3072629
:1058E000F0F7A6FF1B2E4FEA252504D8424BEB40CC
:1058F000DD0700F13E8131462046F0F799FF454B28
:10590000D3ED007AFDEEE77ACDED017A9DF80460E3
:10591000BDF904501B2E04D8374BF340D80700F1D3
:10592000238131462046C5F30726F0F781FF1B2E61
:105930004FEA252504D8304BEB40D90700F10F8101
:1059400031462046F0F774FF334BD3ED007AFDEE7D
:10595000E77ACDED017A9DF80460BDF904501B2E65
:1059600004D8254BF340DA0700F1F4803146204695
:10597000C5F30726F0F75CFF1B2E4FEA252504D858
:105980001D4BEB40DB0700F1E08031462046F0F78D
:105990004FFFDFF89090184F002301934E464FF0D1
:1059A0000008002516F835B036F935A0BBF11B0FFD
:1059B00027FA0BF107D811F0010F20464FF01B0119
:1059C00001D0F0F735FF59462046CAF3072BF0F710
:1059D0002FFF4FEA2A23BBF11B0F27FA03F323D82B
:1059E00013F0010F4FF01B0120461DD0F0F720FFF0
:1059F0001AE000BFB043002012000008B081002070
:105A0000E17C0308E07C03082C7D0020400000209E
:105A10003C0000203800002034000020347D0020AD
:105A20000CBD002034AA002059462046F0F700FFA4
:105A30006B1C022B4FF00105B4D108EB0503022BC0
:105A400006F10406A846ACD1019B01950133022B57
:105A500009F10209A2D15B4B20461988FEF75AFBD7
:105A6000594B1D781B2D03D8584BEB40DF0767D4EB
:105A700029462046F0F7DCFE554B1D781B2D03D838
:105A8000524BEB40DE0756D429462046F0F7D0FEB5
:105A9000504B1D781B2D03D84C4BEB40D80745D4F9
:105AA00029462046F0F7C4FE4B4B1D781B2D03D82A
:105AB000464BEB40D90734D429462046F0F7B8FED0
:105AC000464B1D781B2D03D8404BEB40DA0723D4FF
:105AD00029462046F0F7ACFE414B1D5D1B2D03D837
:105AE0003A4BEB40DB0712D429462046F0F7A0FEE4
:105AF00020460421F0F79CFE20460D21F0F798FE89
:105B00000A21204603B0BDE8F04FF0F791BE1B21FB
:105B10002046F0F78DFEE7E71B212046F0F788FED0
:105B2000D6E71B212046F0F783FEC5E71B21204660
:105B3000F0F77EFEB4E71B212046F0F779FEA3E7DD
:105B40001B212046F0F774FE92E71B212046F0F758
:105B50006FFE1AE71B212046F0F76AFE06E71B21BD
:105B60002046F0F765FEEBE61B212046F0F760FECD
:105B7000D7E61B212046F0F75BFEBCE61B21204642
:105B8000F0F756FEA8E61B212046F0F751FE8DE601
:105B90001B212046F0F74CFE79E61B212046F0F74A
:105BA00047FE5EE61B212046F0F742FE4AE61B2137
:105BB0002046F0F73DFEBFE51B212046F0F738FEFA
:105BC000C6E500BF32AA0020D37C002012000008E6
:105BD0002FBD00202EBD00202DBD00202CBD00209B
:105BE000B04300202DE9F04F2DED028B044683B029
:105BF000FF21F0F71DFEDFF89CA2DFF89C82012157
:105C00002046F0F715FE00230AF80430162120463E
:105C1000F0F70EFE98F8005006356D00EEB2042E37
:105C200000F0248131462046F0F702FE2B0A012BBA
:105C30001D4600F0168129462046F0F7F9FD8E4BEF
:105C4000D3E90053B5F5004F73F1000328BF47F6C1
:105C5000FF752EB2EDB21B2D04D8884BEB40DF0749
:105C600000F1FA8029462046F0F7E2FDB6F5E05F44
:105C70004FEA2622C6F3072504DA804BD340D80723
:105C800000F1E58029462046F0F7D2FD98F8005053
:105C90001B2D04D8794BEB40D90700F1D38029465E
:105CA0002046F0F7C5FD764B1D781B2D04D8734BAD
:105CB000EB40DA0700F1C18029462046714D9FED87
:105CC000728ADFED728ADFF8B4B1F0F7B1FD05F149
:105CD0001007F5EC017AB7EE007A77EE877A67EE77
:105CE000887AF5EEC07AF1EE10FA59D4F4EEE87A3B
:105CF000F1EE10FA5ADDFF212046F0F799FDFF265C
:105D000031462046F0F794FDAF42E2D198F80030DA
:105D1000002B70D05E4FDFF86491012616E0B5F5D8
:105D2000803F1DDBFF212046F0F782FD4FF0FF0B87
:105D300059462046F0F77CFD98F80020F3B29A42CD
:105D400059D90136152E07F1280754D0FD69002DC9
:105D5000E5DA00212046F0F76BFD4FF0000BE7E796
:105D60005FFA85FBBBF11B0FADB207D829FA0BF325
:105D7000D90703D51B212046F0F75AFD5946204686
:105D8000F0F756FD2B0AB5F5E05F9B46D0D229FA15
:105D900003F3DA07CCD51B212046F0F749FDC7E70E
:105DA00000212046F0F744FD0026A9E7FCEEE77A43
:105DB000CDED017A9DF80460BDF804901B2E07D844
:105DC0002BFA06F3DB0703D51B212046F0F730FD45
:105DD00031462046F0F72CFD4FEA1923B9F5E05F74
:105DE0001E468DD22BFA03F3D80789D51B212046F6
:105DF000F0F71EFD84E71AF804501B2D03D81F4B43
:105E0000EB40DB0714D429462046F0F711FD20466D
:105E10000421F0F70DFD20460D21F0F709FD0A21C0
:105E2000204603B0BDEC028BBDE8F04FF0F700BD9B
:105E30001B212046F0F7FCFCE5E71B212046F0F78C
:105E4000F7FC39E71B212046F0F7F2FC27E71B217E
:105E50002046F0F7EDFC15E71B212046F0F7E8FCA3
:105E600000E71B212046F0F7E3FCE4E61B21204677
:105E7000F0F7DEFCD6E600BF8030002012000008FC
:105E8000403700200030002000007A4400FF7F47A8
:105E9000E0330020B043002085000020F0B52DED58
:105EA000028B044683B0FF21B74DF0F7C1FC0026FA
:105EB00001212046F0F7BCFC2E5543212046F0F787
:105EC000B7FC32212046F0F7B3FC31462046F0F70C
:105ED000AFFCAE4B20461968FEF71CF9AC4B2046D0
:105EE0001968FEF717F9AB4B9E88F7B21B2F36B235
:105EF00004D8A94BFB40D90700F1BA8139462046A6
:105F0000C6F30727F0F794FC1B2F4FEA262604D888
:105F1000A14BF340DA0700F1A68139462046F0F79D
:105F200087FC9E4B1B6847F6FF769E4228BF1E46A5
:105F3000F7B21B2F36B204D8974BFB40DB0700F1BA
:105F40008D8139462046F0F773FCB6F5E05F4FEAE5
:105F50002622C6F3072704DA8F4BD340D80700F177
:105F6000788139462046F0F763FC8D4B1F78B3F9F2
:105F700000601B2F04D8884BFB40D90700F16481D7
:105F800039462046C6F30727F0F752FC1B2F4FEA8D
:105F9000262604D8804BF340DA0700F150813946B9
:105FA0002046F0F745FC7F4B1F78B3F900601B2FAC
:105FB00004D8794BFB40DB0700F13C813946204691
:105FC000C6F30727F0F734FC1B2F4FEA262604D828
:105FD000714BF340D80700F1288139462046F0F78D
:105FE00027FC714BB3F90070002FC0F277811E7847
:105FF0001B2E07D8684BF340D90703D51B21204639
:10600000F0F716FC31462046F0F712FCB7F5E05FDA
:106010004FEA2722C7F3072607DA5F4BD340DA0798
:1060200003D51B212046F0F703FC31462046F0F74C
:10603000FFFB5E4B5E4E93ED008A06F10C07F6EC1B
:10604000017AF8EE677A204667EE887A17EE901AA2
:10605000FEF760F8B742F2D1564B574E93ED008AE7
:1060600006F10C07F6EC017AF8EE677A204667EE47
:10607000887A17EE901AFEF74DF8B742F2D14F4BDF
:106080001B6847F6FF769E4228BF1E46F7B21B2FBD
:1060900036B204D8404BFB40DB0700F11A81394689
:1060A0002046F0F7C5FBB6F5E05F4FEA2622C6F3BF
:1060B000072704DA384BD340DE0700F10581394663
:1060C0002046F0F7B5FB3E4B1B6847F6FF769E4235
:1060D00028BF1E46F7B21B2F36B204D82E4BFB400A
:1060E000D80700F1EC8039462046F0F7A1FBB6F561
:1060F000E05F4FEA2622C6F3072704DA264BD34097
:10610000D90700F1D78039462046F0F791FB2D4B97
:10611000D3E900619A682C4B0E441644D3E900126F
:106120009B681144194447F6FF73994228BF1946EA
:10613000CBB21B2B0FB204D8174ADA40D20700F1BA
:10614000B28019462046F0F773FBB7F5E05F4FEADF
:106150002721C7F3072204DA0F4BCB40D80700F101
:106160009B8011462046F0F763FB47F6FF739E4283
:1061700028BF1E46F7B21B2F36B227D8064BFB406E
:10618000D90700F1848021E0B0430020D80000202E
:10619000D0000020B081002012000008B4A600202A
:1061A000D80F00206A0F0020680F0020D47C03085D
:1061B000A8A60020D87C03089CA6002080A600206A
:1061C0007CA6002084A6002090A600203946204608
:1061D000F0F72EFBB6F5E05F4FEA2622C6F307275D
:1061E00003DA414BD340DA074CD439462046F0F766
:1061F0001FFB2D5D1B2D03D83B4BEB40DB073CD435
:1062000029462046F0F714FB20460421F0F710FB46
:1062100020460D21F0F70CFB0A21204603B0BDEC0F
:10622000028BBDE8F040F0F703BB1B212046F0F7DE
:10623000FFFAD2E61B212046F0F7FAFABEE61B2150
:106240002046F0F7F5FAAAE61B212046F0F7F0FA0F
:1062500096E61B212046F0F7EBFA82E61B2120464A
:10626000F0F7E6FA6DE61B212046F0F7E1FA54E676
:106270001B212046F0F7DCFA40E61B212046F0F710
:10628000D7FABDE71B212046F0F7D2FAADE71B2174
:106290002046F0F7CDFA99E71B2120460192F0F74E
:1062A000C7FA019A5DE71B2120460193F0F7C0FA77
:1062B000019B46E71B212046F0F7BAFA23E71B2192
:1062C0002046F0F7B5FA0EE71B212046F0F7B0FAAA
:1062D000F5E61B212046F0F7ABFAE0E6FF21204669
:1062E000F0F7A6FA7F26A0E6120000082DE9F04F8D
:1062F000FF21044683B0F0F79BFA01212046F0F716
:1063000097FAC44B00251D554C212046F0F790FA12
:1063100054212046F0F78CFA2946BF4D2046F0F76D
:1063200087FAEE781B2E04D8BC4BF340DA0700F155
:10633000E284BB4F31462046F0F77AFA3B7805EB12
:106340000313DE781B2E04D8B44BF340DB0700F1B7
:10635000CC8431462046F0F76BFAED7C1B2D04D837
:10636000AE4BEB40D80700F1BA842946AD4D20462C
:10637000F0F75EFAAB6847F6FF769E4228BF1E46EE
:106380005FFA86F8B8F11B0F36B205D8A34B23FA93
:1063900008F3D90700F19D8441462046F0F748FAFA
:1063A000B6F5E05F4FEA2622C6F3072804DA9B4BD6
:1063B000D340DA0700F1878441462046F0F738FAE7
:1063C0003B7803EB430305EB830347F6FF769B68BB
:1063D0009E4228BF1E465FFA86F8B8F11B0F36B200
:1063E00005D88E4B23FA08F3DB0700F1668441469B
:1063F0002046F0F71DFAB6F5E05F4FEA2622C6F315
:10640000072804DA854BD340D80700F15084414671
:106410002046F0F70DFA6B6947F6FF769E4228BFDB
:106420001E465FFA86F8B8F11B0F36B205D87B4BD3
:1064300023FA08F3D90700F1348441462046F0F7E7
:10644000F7F9B6F5E05F4FEA2622C6F3072804DA2B
:10645000724BD340DA0700F11E8441462046F0F724
:10646000E7F9D5ED007AF5EEC07AF1EE10FA00F119
:106470004F849FED6D7AF4EEC77AF1EE10FA00F3D7
:106480004084FDEEE77ACDED017A9DF80460BDF918
:1064900004801B2E07D8614BF340DB0703D51B217B
:1064A0002046F0F7C5F931462046C8F30726F0F735
:1064B000BFF91B2E4FEA282808D8584B23FA08F3B7
:1064C000D80703D51B212046F0F7B2F93146204604
:1064D000F0F7AEF96B6847F6FF769E4228BF1E467E
:1064E0005FFA86F8B8F11B0F36B208D84B4B23FA87
:1064F00008F3D90703D51B212046F0F799F9414647
:106500002046F0F795F9B6F5E05F4FEA2622C6F38C
:10651000072807DA414BD340DA0703D51B21204671
:10652000F0F786F941462046F0F782F93B7803EB15
:10653000430305EB8303D3ED007AF5EEC07AF1EE69
:1065400010FA00F1F2839FED387AF4EEC77AF1EE9B
:1065500010FA40F31684FF212046F0F769F97F26F0
:1065600031462046F0F764F93B7803EB430305EB33
:10657000830347F6FF765B689E4228BF1E4637B20C
:10658000F6B21B2E07D8254BF340D90703D51B21A4
:106590002046F0F74DF931462046F0F749F9B7F5B6
:1065A000E05F4FEA2722C7F3072607DA1B4BD340E9
:1065B000DA0703D51B212046F0F73AF93146204689
:1065C000F0F736F9D5ED037AF5EEC07AF1EE10FA70
:1065D00000F1A5839FED147AF4EEC77AF1EE10FA7C
:1065E00040F3A983FF212046F0F722F97F263146A8
:1065F0002046F0F71DF92A6947F6FF739A4228BF33
:106600001A46D6B21B2E15B215D8044BF340D80744
:106610000CE000BFB0430020E47C03081200000837
:10662000F7000020D88E002000FEFF4603D51B2176
:106630002046F0F7FDF831462046F0F7F9F8B5F5B9
:10664000E05F4FEA2522C5F3072607DAB74BD340B0
:10665000D90703D51B212046F0F7EAF8314620463A
:10666000DFF8F882B24EDFF8F892B04FF0F7E0F8BA
:1066700008F1020B18F8015F1B2D07D827FA05F364
:10668000DA0703D51B212046F0F7D2F82946204629
:10669000F0F7CEF819F8015F1B2D07D827FA05F39C
:1066A000DB0703D51B212046F0F7C2F82946204618
:1066B000F0F7BEF8A6F1040A1AF8015B1B2D27FAC1
:1066C00005F207D812F0010F4FF01B01204601D050
:1066D000F0F7AEF829462046F0F7AAF85645EBD178
:1066E000C34506F10406C5D1924B1E78B3F900509C
:1066F0001B2E07D88D4BF340DF0703D51B21204607
:10670000F0F796F831462046C5F30726F0F790F8E3
:106710001B2E4FEA252507D8844BEB40DD0703D518
:106720001B212046F0F784F831462046F0F780F828
:10673000814B1E78B3F900501B2E07D87B4BF340DA
:10674000D80703D51B212046F0F772F831462046C2
:10675000C5F30726F0F76CF81B2E4FEA252507D85E
:10676000724BEB40D90703D51B212046F0F760F8A8
:1067700031462046F0F75CF8704B1E78B3F90050B4
:106780001B2E07D8694BF340DA0703D51B2120469F
:10679000F0F74EF831462046C5F30726F0F748F8E3
:1067A0001B2E4FEA252507D8604BEB40DB0703D5AE
:1067B0001B212046F0F73CF831462046F0F738F828
:1067C0005F4B1E78B3F900501B2E07D8574BF34090
:1067D000DF0703D51B212046F0F72AF83146204673
:1067E000C5F30726F0F724F81B2E4FEA252507D816
:1067F0004E4BEB40DD0703D51B212046F0F718F880
:1068000031462046F0F714F84E4B1E78B3F900508D
:106810001B2E07D8454BF340D80703D51B21204634
:10682000F0F706F831462046C5F30726F0F700F8E2
:106830001B2E4FEA252507D83C4BEB40D90703D543
:106840001B212046EFF7F4FF31462046EFF7F0FF1B
:106850003D4B1E78B3F900501B2E07D8334BF34045
:10686000DA0703D51B212046EFF7E2FF3146204629
:10687000C5F30726EFF7DCFF1B2E4FEA252507D8C7
:106880002A4BEB40DB0703D51B212046EFF7D0FF57
:1068900031462046EFF7CCFF2C4B1E78B3F9005061
:1068A0001B2E07D8214BF340DF0703D51B212046C1
:1068B000EFF7BEFF31462046C5F30726EFF7B8FFD6
:1068C0001B2E4FEA252507D8184BEB40DD0703D5D3
:1068D0001B212046EFF7ACFF31462046EFF7A8FF1B
:1068E0001B4B1D781B2D07D8104BEB40D80703D549
:1068F0001B212046EFF79CFF29462046EFF798FF23
:10690000144B1D781B2D07D8084BEB40D90703D536
:106910001B212046EFF78CFF29462046EFF788FF22
:106920000D4B1D781B2D25D81CE000BF1200000860
:10693000CC8E0020BC8E0020BA8E0020B88E0020A5
:10694000B68E0020B48E0020B28E0020B08E0020C3
:1069500036BD002035BD002034BD0020D48E00207F
:10696000C08E0020B34BEB40DA0703D51B21204635
:10697000EFF75EFF29462046EFF75AFFAE4B1D7832
:106980001B2D07D8AB4BEB40DB0703D51B21204663
:10699000EFF74EFF29462046EFF74AFFA74BB3F922
:1069A0000050EEB21B2E07D8A24BF340DF0703D5F1
:1069B0001B212046EFF73CFF31462046C5F3072652
:1069C000EFF736FF1B2E4FEA252507D8994BEB40F2
:1069D000DD0703D51B212046EFF72AFF314620466D
:1069E000EFF726FF964BB3F90050EEB21B2E07D8F7
:1069F000904BF340D80703D51B212046EFF718FF33
:106A000031462046C5F30726EFF712FF1B2E4FEA4B
:106A1000252507D8874BEB40D90703D51B212046F6
:106A2000EFF706FF31462046EFF702FF854BB3F93B
:106A30000050EEB21B2E07D87E4BF340DA0703D589
:106A40001B212046EFF7F4FE31462046C5F307260A
:106A5000EFF7EEFE1B2E4FEA252507D8754BEB40CE
:106A6000DB0703D51B212046EFF7E2FE3146204627
:106A7000EFF7DEFE744BB3F90050EEB21B2E07D8D1
:106A80006C4BF340DF0703D51B212046EFF7D0FE08
:106A900031462046C5F30726EFF7CAFE1B2E4FEA04
:106AA000252507D8634BEB40DD0703D51B21204686
:106AB000EFF7BEFE31462046EFF7BAFE634BB3F95F
:106AC0000050EEB21B2E07D85A4BF340D80703D51F
:106AD0001B212046EFF7ACFE31462046C5F30726C2
:106AE000EFF7A6FE1B2E4FEA252507D8514BEB40AA
:106AF000D90703D51B212046EFF79AFE31462046E1
:106B0000EFF796FE524BB3F90050EEB21B2E07D8AA
:106B1000484BF340DA0703D51B212046EFF788FEE8
:106B200031462046C5F30726EFF782FE1B2E4FEABB
:106B3000252507D83F4BEB40DB0703D51B2120461B
:106B4000EFF776FE31462046EFF772FE414BB3F980
:106B50000050EEB21B2E07D8364BF340DF0703D5AB
:106B60001B212046EFF764FE31462046C5F3072679
:106B7000EFF75EFE1B2E4FEA252507D82D4BEB4085
:106B8000DD0703D51B212046EFF752FE3146204694
:106B9000EFF74EFE304B314D19682046FDF7BAFA3B
:106BA0002F4B20461968FDF7B5FA2E4B2046196881
:106BB000FDF7B0FA2C4B20461968FDF7ABFA2E789A
:106BC0001B2E07D81B4BF340D80703D51B212046AB
:106BD000EFF72EFE31462046EFF72AFE6E781B2E89
:106BE00007D8144BF340D90703D51B212046EFF7F4
:106BF0001FFE31462046EFF71BFEAD781B2D07D850
:106C00000C4BEB40DA0703D51B212046EFF710FEB3
:106C100029462046EFF70CFE144B1D5D1B2D27D88F
:106C2000044BEB40DB0723D51B212046EFF700FE8A
:106C30001EE000BF1200000833BD00205ABD002036
:106C400058BD00204CBD00204ABD002048BD00209A
:106C500046BD002044BD002054BD002030BD0020B2
:106C600050BD002040BD00203CBD0020B0430020AE
:106C700029462046EFF7DCFD20460421EFF7D8FD3A
:106C800020460D21EFF7D4FD0A21204603B0BDE8D0
:106C9000F04FEFF7CDBD1B212046EFF7C9FDFFF701
:106CA000DCBB1B212046EFF7C3FDFFF7C6BB1B2152
:106CB0002046EFF7BDFDFFF7AABB1B212046EFF7EB
:106CC000B7FDFFF794BB1B212046EFF7B1FDFFF79F
:106CD00073BB1B212046EFF7ABFDFFF75DBB1B210C
:106CE0002046EFF7A5FDFFF740BB1B212046EFF73D
:106CF0009FFDFFF72EBB1B212046EFF799FDFFF705
:106D000018BBFF212046EFF793FD7F26FFF7DEBB80
:106D100000212046EFF78CFD0026FFF7D7BB0021AE
:106D20002046EFF785FD002661E400212046EFF7BD
:106D30007FFD002614E4FDEEE77ACDED017A9DF8A3
:106D40000470BDF904601B2F07D8224BFB40DB0702
:106D500003D51B212046EFF76BFD39462046EFF7A0
:106D600067FD3212C6F307261B2E3FF640AC194BC7
:106D7000D340DF077FF53BAC1B212046EFF758FDE2
:106D800035E4FDEEE77ACDED017A9DF80460BDF9BA
:106D900004801B2E07D80F4BF340DB0703D51B21C4
:106DA0002046EFF745FD31462046C8F30726EFF7AA
:106DB0003FFD1B2E4FEA28283FF6D2AB054B23FAA6
:106DC00008F3D8077FF5CCAB1B212046EFF730FD49
:106DD000FFF7C6BB120000082DE9F84306464448F9
:106DE000DFF81C91DFF81481E1F7CAFFFF210446A8
:106DF0003046EFF71DFD002501213046EFF718FD65
:106E000009F806503F213046EFF712FD04F1230147
:106E1000C9B23046EFF70CFD29463046354DEFF745
:106E200007FD462405F120071B2C28FA04F307D898
:106E300013F0010F4FF01B01304601D0EFF7F8FCC3
:106E400021463046EFF7F4FC15F8014FBD42EBD177
:106E500000213046EFF7ECFC274B1C781B2C03D8A5
:106E6000264BE340DA073ED4214D21463046EFF76A
:106E7000DFFC2C78A4B1214F1B2C27FA04F307D890
:106E800013F0010F4FF01B01304601D0EFF7D0FC9B
:106E900021463046EFF7CCFC15F8014F002CEBD122
:106EA00021463046EFF7C4FC19F806401B2C03D8E6
:106EB000124BE340DB0711D421463046EFF7B8FC14
:106EC00030460421EFF7B4FC30460D21EFF7B0FC5B
:106ED00030460A21BDE8F843EFF7AABC1B21304633
:106EE000EFF7A6FCE8E71B213046EFF7A1FCBBE774
:106EF00088810020A0670308F50000201200000828
:106F0000B04300202DE9F0478F4BDFF86082044644
:106F100093E8070086B003AB83E80700F1F77AFD3A
:106F20008A4B003818BF01201A7840F00203052A66
:106F300008BF1846864A126840F00403002A08BFBA
:106F40001846844B1B7803F0010340EAC300FF217D
:106F5000C5B22046EFF76CFC002601212046EFF772
:106F600067FC3921204608F80460EFF761FC6221D4
:106F70002046EFF75DFC31462046EFF759FC6FF0F5
:106F800012032B41D90740F1D98029462046EFF75B
:106F90004FFC714B9FED717AD3ED007A67EE877AE3
:106FA000F5EEC07AF1EE10FA00F1C680F4EEC77A81
:106FB000F1EE10FA00F3BE80FCEEE77ACDED017A37
:106FC0009DF804501B2D07D8654BEB40DA0703D51D
:106FD0001B212046EFF72CFC2946624D624EDFF85C
:106FE00090915F4F2046EFF723FCD5F8E41220463E
:106FF000FDF790F871682046FDF78CF8D5F86C1510
:107000002046FDF787F8E96A2046FDF783F83168E6
:107010002046FDF77FF8D5F8B4122046FDF77AF840
:10702000D5F89C152046FDF775F8B1682046FDF7A8
:1070300071F8D5F824182046FDF76CF803AE56F821
:10704000045B09EB851520462969FDF763F869693A
:107050002046FDF75FF8696A2046FDF75BF8A96AEC
:107060002046FDF757F8ED6A5FFA85FABAF11B0F73
:1070700007D827FA0AF3DB0703D51B212046EFF7D1
:10708000D7FB51462046C5F3072AEFF7D1FBBAF1EB
:107090001B0F07D827FA0AF3D80703D51B21204670
:1070A000EFF7C6FB51462046C5F3074AEFF7C0FB92
:1070B000BAF11B0F07D827FA0AF3D90703D51B210A
:1070C0002046EFF7B5FB51462046EFF7B1FB2B0EFC
:1070D000B5F1E05F9A4607D227FA03F3DA0703D542
:1070E0001B212046EFF7A4FB51462046EFF7A0FBFB
:1070F00006ABB342A3D118F804501B2D07D8184B88
:10710000EB40DB0703D51B212046EFF791FB294617
:107110002046EFF78DFB20460421EFF789FB204640
:107120000D21EFF785FB0A212046EFF781FB06B022
:10713000BDE8F087C8254FE700254DE71B21204615
:10714000EFF776FB21E700BFF0620308307D0020F7
:10715000C8380020347D0020A838002000004843B3
:1071600012000008783B0020F07C0020B043002093
:10717000DC0F002070B5FF2182B00446924EEFF77D
:1071800057FB002501212046EFF752FB35554521DD
:107190002046EFF74DFB0B212046EFF749FB294630
:1071A0002046EFF745FB8948E3F76CFBC5B21B2D82
:1071B00004D8874BEB40DA0700F1008129462046CE
:1071C000EFF736FB8348E3F75DFBC5B21B2D04D810
:1071D0007F4BEB40DB0700F1EC8029462046EFF7C0
:1071E00027FB7D48E3F74EFBC3B21B2B054604D8B3
:1071F000774ADA40D00700F1D58019462046EFF7EC
:1072000017FBC5F307231B2B45F30F2504D8704A42
:10721000EA40D10700F1BF8019462046EFF708FB8E
:107220006E4B1B6847F6FF759D4228BF1D46EBB2AB
:107230001B2B2DB204D8664ADA40D20700F1A48095
:1072400019462046EFF7F4FAB5F5E05F4FEA25213D
:10725000C5F3072204DA5E4BCB40DD0700F18D80D9
:1072600011462046EFF7E4FA5D4B1B6847F6FF75C1
:107270009D4228BF1D46EBB21B2B2DB203D8544AAA
:10728000DA40D00772D419462046EFF7D1FAB5F5A7
:10729000E05F4FEA2521C5F3072203DA4C4BCB40D0
:1072A000D9075CD411462046EFF7C2FA4D4B1D7842
:1072B0001B2D03D8464BEB40DB074BD42946204619
:1072C000EFF7B6FA484B1D88EBB21B2BADB203D8D3
:1072D0003F4ADA40D00736D419462046EFF7A8FADD
:1072E000290AB5F5E05F0A4603D2394BCB40D907EE
:1072F00022D411462046EFF79BFA355D1B2D03D8AB
:10730000334BEB40DB0712D429462046EFF790FAC7
:1073100020460421EFF78CFA20460D21EFF788FA7A
:107320000A21204602B0BDE87040EFF781BA1B2168
:107330002046EFF77DFAE7E71B2120460192EFF7A1
:1073400077FA019AD5E71B2120460193EFF770FAEF
:10735000019BC1E71B212046EFF76AFAAEE71B212C
:1073600020460192EFF764FA019A9BE71B21204621
:107370000193EFF75DFA019B85E71B2120460192FF
:10738000EFF756FA019A6BE71B2120460193EFF7BE
:107390004FFA019B54E71B2120460193EFF748FA6F
:1073A000019B39E71B2120460193EFF741FA019B2E
:1073B00023E71B212046EFF73BFA0EE71B2120466F
:1073C000EFF736FAFAE600BFB04300202C37002072
:1073D000120000080C3700201C3700204437002022
:1073E0004837002084000020001001402DE9F04FB4
:1073F000FF21044683B0DFF87883DFF87893DFF865
:1074000078B3DFF878A3EFF713FA002501212046BF
:10741000EFF70EFA08F8045042212046EFF708FA79
:1074200014212046EFF704FA29462046EFF700FA28
:1074300007212046EFF7FCF929462046EFF7F8F937
:107440001B212046EFF7F4F904212046EFF7F0F96D
:10745000D9F800301BF803201AF8035045EA42051A
:10746000EDB21B2D04D8BD4BEB40DA0700F16B8168
:1074700029462046EFF7DCF9B94ED9F8003036F846
:107480001350EFB21B2F2DB204D8B44BFB40DB07D7
:1074900000F1548139462046C5F30727EFF7C8F9B4
:1074A0001B2F4FEA252504D8AC4BEB40DD0700F13C
:1074B000408139462046EFF7BBF9AA4FD9F8003092
:1074C00037F81350EBB21B2B2DB204D8A34ADA4085
:1074D000D00700F1278119462046EFF7A9F9C5F337
:1074E00007231B2B4FEA252504D89C4AEA40D107E5
:1074F00000F1118119462046EFF79AF9D9F80030CA
:10750000002227F8132026F81320974BDB799A07DF
:10751000C3F3400540F1EA80DFF86492D9F8003007
:107520001BF803201AF8035045EA4205EDB21B2D63
:1075300004D88A4BEB40DB0700F1478129462046FF
:10754000EFF776F9D9F8003036F81350EBB21B2B71
:107550002DB204D8814ADA40D00700F13B811946A8
:107560002046EFF765F9C5F307231B2B4FEA2525C6
:1075700004D87A4AEA40D10700F1338119462046FF
:10758000EFF756F9D9F8003037F81350EBB21B2B50
:107590002DB204D8714ADA40D20700F12981194688
:1075A0002046EFF745F9C5F307231B2B4FEA2525A6
:1075B00004D86A4AEA40D50700F1218119462046DD
:1075C000EFF736F9D9F80030002227F8132026F813
:1075D00013209BF806309AF8065045EA4305EDB2B1
:1075E0001B2D04D85D4BEB40D80700F1E9802946FC
:1075F0002046EFF71DF9B5895FFA85F9B9F11B0F40
:107600002DB205D8554B23FA09F3D90700F1D380E1
:1076100049462046C5F30729EFF70AF9B9F11B0FD0
:107620004FEA252504D84D4BEB40DA0700F1BE8028
:1076300049462046EFF7FCF8BD895FFA85F9B9F1B4
:107640001B0F2DB205D8454B23FA09F3DB0700F1D8
:10765000A88049462046C5F30729EFF7E9F8B9F1B4
:107660001B0F4FEA252504D83C4BEB40D80700F10F
:10767000938049462046EFF7DBF800233B4ABB8165
:10768000B3811588EEB21B2EADB203D8334BF34055
:10769000D9077CD431462046EFF7CAF82A0AB5F557
:1076A000E05F164603D22D4BD340DA076AD4314649
:1076B0002046EFF7BDF818F804501B2D03D8274BD0
:1076C000EB40DB0744D429462046EFF7B1F82046CB
:1076D0000421EFF7ADF820460D21EFF7A9F80A21B4
:1076E000204603B0BDE8F04FEFF7A2B82946204688
:1076F000EFF79EF829462046EFF79AF829462046EC
:10770000EFF796F829462046EFF792F829462046EB
:10771000EFF78EF85DE71B2120460193EFF788F81D
:10772000019BE7E61B2120460193EFF781F8019BBF
:10773000D1E61B212046EFF77BF8BAE61B21204655
:10774000EFF776F8A6E61B212046EFF771F88FE6F3
:107750001B212046EFF76CF8B5E700BF12000008C8
:1077600014600020D4430020347D0020A443002076
:10777000B0430020689000200C600020CC43002023
:10778000709000201B212046EFF752F88FE71B2155
:107790002046EFF74DF87DE71B212046EFF748F82C
:1077A00067E71B212046EFF743F852E71B212046ED
:1077B000EFF73EF83CE71B212046EFF739F827E7C3
:1077C0001B212046EFF734F811E71B212046EFF785
:1077D0002FF8B3E61B2120460193EFF729F8019B10
:1077E000BDE61B2120460193EFF722F8019BC5E679
:1077F0001B2120460193EFF71BF8019BCFE61B21CD
:1078000020460193EFF714F8019BD7E62DE9F043EA
:10781000054683B0DFF800818946FF2117461C46E4
:107820000026EFF705F801212846EFF701F808F8E0
:10783000056036212846EEF7FBFF3B1DDAB21B2A16
:107840005BD89EB2334BD340D90748D41146284663
:10785000EEF7EEFF330A4FEA162247D111462846CB
:10786000EEF7E6FF49462846FCF754FCBFB1DFF8C7
:10787000A490274414F9011BCEB21B2E29FA01F162
:1078800007D811F0010F28464FF01B0101D0EEF789
:10789000CFFF31462846EEF7CBFFA742EAD118F8D2
:1078A00005401B2C03D81B4BE340DB0712D42146B9
:1078B0002846EEF7BDFF28460421EEF7B9FF28461B
:1078C0000D21EEF7B5FF0A21284603B0BDE8F043CD
:1078D000EEF7AEBF1B212846EEF7AAFFE7E71B2114
:1078E00028460192EEF7A4FF019AAFE71B21284634
:1078F0000192EEF79DFF019AB0E711462846EEF798
:1079000097FF31462846EEF793FF49462846FCF795
:1079100001FCACE712000008B04300201B4AD378FA
:107920003F2B32D810B403EB8301194803EBC1039A
:10793000D2E9014C03F110010144C1F80140C1F842
:1079400005C0C118303303441069C1F81D009069A7
:10795000C1F82500106AD2F80CC0C1F82D00D2E998
:107960000940C1F819C0D2F814C0C1F821C0D2F83A
:107970001CC0C1F829C0C3F80140C3F8050092F843
:107980002C3081F8393010BC7047704700A10020BE
:10799000EC2100200C4A0D4BD178D2F805C0D2F86A
:1079A0000900C3F801C0402928BF40211970D2F84E
:1079B0001110D2F80D20C3F80500C3F80920C3F850
:1079C0000D10E8F7B3BB00BF00A10020EC210020A0
:1079D00070B5FF21044682B0304EEEF729FF002536
:1079E00001212046EEF724FF355513212046EEF7FE
:1079F0001FFF12212046EEF71BFF2946284D204687
:107A0000EEF716FF95F99D22D3B21B2B04D825491A
:107A100021FA02F2D2073AD419462046EEF708FFBF
:107A200032212046EEF704FFD5F89E122046FCF7DF
:107A300071FBD5F8A2122046FCF76CFBD5F8A61214
:107A40002046FCF767FBD5F8AA122046FCF762FB3C
:107A5000355D1B2D03D8134BEB40DB0712D42946B1
:107A60002046EEF7E5FE20460421EEF7E1FE204633
:107A70000D21EEF7DDFE0A21204602B0BDE8704080
:107A8000EEF7D6BE1B212046EEF7D2FEE7E71B211C
:107A900020460193EEF7CCFE019BBDE7B0430020EA
:107AA000B0810020120000083F29F8B5044600F21A
:107AB00083800D46FF21EEF7BBFE504F012120468B
:107AC000EEF7B6FE00233B5514212046EEF7B0FE3C
:107AD0002A212046EEF7ACFE00212046EEF7A8FE54
:107AE0001B2D2E4607D8464BEB40D90703D51B214B
:107AF0002046EEF79DFE29462046EEF799FE414DC1
:107B000006EB860306EBC30635442046D5F8AE12D5
:107B1000FCF700FBD5F8B2122046FCF7FBFAD5F8CB
:107B2000B6122046FCF7F6FAD5F8BA122046FCF752
:107B3000F1FAD5F8BE122046FCF7ECFAD5F8C212DD
:107B40002046FCF7E7FAD5F8C6122046FCF7E2FA21
:107B5000D5F8CA122046FCF7DDFAD5F8CE12204639
:107B6000FCF7D8FAD5F8D2122046FCF7D3FA95F8EC
:107B7000D6521B2D03D8224BEB40DA0739D42946C5
:107B80002046EEF755FE3D5D1B2D03D81C4BEB4008
:107B9000DB0729D429462046EEF74AFE2046042179
:107BA000EEF746FE20460D21EEF742FE20460A2162
:107BB000BDE8F840EEF73CBEFF21104FEEF738FE6F
:107BC000002501212046EEF733FE142120463D55C5
:107BD000EEF72EFE2A212046EEF72AFE2946204601
:107BE000EEF726FE2E4686E71B212046EEF720FE06
:107BF000D0E71B212046EEF71BFEC0E7B043002074
:107C000012000008B081002010B55249DFF868C1A9
:107C10000B789CF800204340012A0B7024D0022AE4
:107C200003D07ABB012846D010BD4B490A78531CBB
:107C3000DBB20B704949012B885432D0022B49D05A
:107C40004749032B0A8876D003329A4258DA4548CE
:107C5000454A46490023037001201070444A0978C0
:107C600011708CF8003010BD1B2820D0012837D0AF
:107C700004280BD13F4A1388002101338CF80010EF
:107C8000138010BD00238CF8003010BD3249DFF89E
:107C9000CCE00B780EF803000133DBB2012B0B7044
:107CA00032D1324A012310708CF8003010BD02230B
:107CB0008CF8003010BD2D4B0A701A70284BDFF87D
:107CC00098E08CF8000002211980264B8EF80020E5
:107CD0001A7010BD224A012310808CF8003010BDAC
:107CE0008CF8000023481C4C0288013202801F4897
:107CF0001B4A00230B70237002210370118010BDFA
:107D000001238CF8003010BD022BE3D0DFF850E0E7
:107D1000032BBEF8001015D003319942F0DA114858
:107D20001249002303708CF800300F48104B09787B
:107D30000270197010BD42EA002201230A808CF8FB
:107D4000003010BD41EA0021AEF800108CF8002090
:107D500010BD00BF71A8002004A5002000A10020D4
:107D600002A5002000A5002001A5002006A50020F6
:107D700007A50020FEA0002005A500202DE9F84F52
:107D800005460C46FF21EEF753FD01212846EEF78C
:107D90004FFD694A00231B2C535504D8674BE34021
:107DA000D80700F1C38021462846EEF741FD1B218C
:107DB0002846EEF73DFD04212846EEF739FD022165
:107DC0002846EEF735FD5E4EDFF878A15B4F0021C7
:107DD0002846EEF72DFD80212846EEF729FD4FF0CD
:107DE000000806F5606952E03279032A57D01C7802
:107DF00007EE904AF8EE677A17EE904A5FFA84FB36
:107E0000BBF11B0F07D827FA0BF2D10703D51B21B3
:107E10002846EEF70DFD59462846C4F3072BEEF72A
:107E200007FDBBF11B0F07D827FA0BF2D20703D5CA
:107E30001B212846EEF7FCFC59462846C4F3074BA5
:107E4000EEF7F6FCBBF11B0F07D827FA0BF2D307AE
:107E500003D51B212846EEF7EBFC59462846EEF7E2
:107E6000E7FCB4F1E05F4FEA146B07D227FA0BF29C
:107E7000D00703D51B212846EEF7DAFC59462846E1
:107E80001C36EEF7D5FCB14508F1010809D033687E
:107E9000002BA9D10AEB8803D3F80740AEE71C6892
:107EA000ACE7BAF80440E6B21B2E24B203D8234B49
:107EB000F340D90735D431462846C4F30726EEF7F8
:107EC000B7FC1B2E4FEA242403D81C4BE340DA07EF
:107ED00022D431462846EEF7ABFC174B5C5D1B2CD9
:107EE00003D8164BE340DB0711D421462846EEF7B2
:107EF0009FFC28460421EEF79BFC28460D21EEF757
:107F000097FC28460A21BDE8F84FEEF791BC1B21EB
:107F10002846EEF78DFCE8E71B212846EEF788FCA3
:107F2000D7E71B212846EEF783FCC4E71B21284630
:107F3000EEF77EFC37E700BFB043002012000008D8
:107F4000146E0308B081002070B5714D95F90320BF
:107F50006B6884B0002A0393EB7801DA04B070BD3B
:107F600003A9044618460193B5F80160F2F7C6FF6D
:107F7000019B684AC3EBC30352F8231069B102EBBB
:107F80008302DDED037A1379032B17BFFCEEE77A4A
:107F9000C1ED007A17EE903A0B70EA785E4B5F49BC
:107FA000039803EB8203332AC3F807004FF0010361
:107FB0000B7000F0A980FF212046EEF739FC01216B
:107FC0002046EEF735FC564A002313551121204672
:107FD000EEF72EFCF3B21B2B04D8524ADA40D0073E
:107FE00000F18B8019462046EEF722FC310AB6F5E7
:107FF000E05F0A4603D24B4BCB40D90776D41146FB
:108000002046EEF715FCED781B2D03D8454BEB40D1
:10801000DB0766D429462046EEF70AFC9DF80C5093
:108020001B2D03D83F4BEB40DE0755D42946204695
:10803000EEF7FEFB9DF80D501B2D03D8394BEB409E
:10804000D80744D429462046EEF7F2FB9DF80E509F
:108050001B2D03D8334BEB40D90733D42946204698
:10806000EEF7E6FB9DF80F501B2D03D82D4BEB4090
:10807000DA0722D429462046EEF7DAFB284B1D5DAD
:108080001B2D03D8274BEB40DB0711D42946204694
:10809000EEF7CEFB20460421EEF7CAFB20460D2169
:1080A000EEF7C6FB0A212046EEF7C2FB04B070BD16
:1080B0001B212046EEF7BCFBE8E71B212046EEF72C
:1080C000B7FBD7E71B212046EEF7B2FBC6E71B2123
:1080D0002046EEF7ADFBB5E71B212046EEF7A8FBE7
:1080E000A4E71B212046EEF7A3FB93E71B212046C4
:1080F0000192EEF79DFB019A81E71B212046019337
:10810000EEF796FB019B6DE7E5F782FF53E700BFB3
:1081100000A10020146E0308B0810020A881002077
:10812000B04300201200000838B5994C994A94F9E0
:10813000003000218B4211700546227805DB9649FC
:1081400031F81230013321F812300220EDF7ECFC47
:1081500023784B2B39D8312B3CD9323B192B34D8CF
:10816000DFE803F04E3333333333333333333333D6
:10817000333333333333333333337E73330D874801
:10818000DFF820E2B0F801C0BCF1000F00F046813A
:1081900002307146012303E00133202B00F03C81C3
:1081A0009AB210F8014F0C70944501F10101F3D817
:1081B0007B4A00210EF8031001231370F2F7CAFE68
:1081C0004B2102462846FCF7A9FABDE838400220B8
:1081D000EDF7BCBC132B56D0142B09D0112BF4D1C6
:1081E0002846FFF7B1FEBDE838400220EDF7AEBCEF
:1081F0002846FFF793FBBDE838400220EDF7A6BC08
:10820000664AD3780D3B3A2B51D8DFE803F0A5A19D
:10821000509D9850948F5050505050505050505046
:10822000505050505050505050505050505050504E
:1082300050505050506B505050506750505050500C
:1082400063505050505050505E00544BD9781B79B9
:10825000022920D8012B30D02846F1F761FCB4E781
:10826000F2F7F6FFF2F776FE48210446024628466A
:10827000FCF754FABCB14FF4FA70E9F719F9002091
:10828000FBF708FDA1E72846FFF784FBBDE838406F
:108290000220EDF75BBC012B0FD0002249212846BC
:1082A000FCF73CFA91E70220F0F734FC8DE700225E
:1082B00032212846FCF732FA87E7F1F71DFC01224C
:1082C00049212846FCF72AFA7FE747212846FFF78D
:1082D00055FD7AE72846FEF77FFD76E72846FEF74C
:1082E00011FE72E713790D2B3FF66FAF01A151F824
:1082F00023F000BF0B840208FD830208F18302080B
:10830000CB810208E1830208CB8102086183020865
:10831000618302086F830208CB8102087F83020811
:1083200077830208BD830208A983020811792846D1
:10833000FFF7BAFB49E72846FFF74AFB45E711215B
:108340002846FFF71BFD40E72846FCF711FF3CE7F6
:108350002846FCF7B9FF38E72846FCF7E5FC34E788
:108360002846F0F793F82846FDF7A4F92DE70120F9
:10837000FBF790FC29E75079EAF7B8FB25E7F2F71D
:1083800063FF01220A212846FCF7C8F91DE700BF58
:1083900006A5002001A5002008A5002000A10020BE
:1083A000A881002088810020224BDB789B0637D5EE
:1083B00000220D212846FCF7B1F906E71E4C1F4BA1
:1083C000217801221144A3FB01039B0803EB430323
:1083D000A1EB4301217028460C21FCF79FF9F4E63C
:1083E000E0F760FF012204212846FCF797F9ECE64C
:1083F000002202212846FCF791F9E6E6284606F01D
:1084000053FE2846FDF756F9DFE62846F0F70EF949
:108410002846FDF74FF9D8E61F23C9E66346C7E6AD
:10842000284601220D21FCF779F92846FBF7A6FB27
:10843000CBE600BF347D0020FCA00020ABAAAAAA96
:10844000F0B5924B924A1B781278134383B00546DD
:1084500023D1904A13789F061FD413785E071CD44B
:108460008D4B1B88CBB98D4B1B78052B40F00181C0
:108470001379DC0600F103819378D80700F1FF80BF
:108480005378DB0940F0FB809378190700F1F780FF
:10849000D77807F00107023700E00427804E814BB0
:1084A000317807EBC7071F4400233C4614F8010B43
:1084B00078B1B1FBF0F200FB1212D2B24AB9013B23
:1084C000072B6BD8DFE803F079870B1D2E3E4D5A42
:1084D00007230133DBB2092B54D02746E5E76F4B66
:1084E0001B78052B00F0B88014F8012B002A00F04F
:1084F000A580B1FBF2F302FB1313DBB2002B40F0BB
:10850000A0802846FDF76EFB14F8012B3178002A75
:1085100000F08E80B1FBF2F302FB1313DBB2002BF1
:1085200040F091802846FEF725FE14F8012B3178A3
:10853000002A7AD0B1FBF2F302FB1313DBB2002B5B
:1085400040F086802846FDF7A9FC14F8012B31780D
:10855000002A67D0B1FBF2F302FB1313DBB2002B4E
:10856000B6D12846FEF742FF2278317852B1B1FBEE
:10857000F2F302FB1313DBB2002B66D12846FDF7A2
:1085800099F83178484B0131A3FB0123DB0803EB59
:108590008303A1EB4301317003B0F0BD2846FCF723
:1085A000C3FB22783178BC1C002A6AD0B1FBF2F3FD
:1085B00002FB1313DBB2002B66D1364BDB799B0732
:1085C00025D414F8012B52B3B1FBF2F302FB1313C1
:1085D000DBB2002B3ED1314B1A78052A0CD014F8AF
:1085E000010B40B3B1FBF0F200FB1212D2B2002A31
:1085F0003FF476AF03236CE7264A1278D209EED017
:108600002846FBF7B9FE2746317803234DE7284675
:10861000FCF75AFE14F8012B3178002AD4D1032339
:10862000274642E7082327463FE7072327463CE73C
:108630000623274639E70423274636E7052327463E
:1086400033E7042345E7052343E70134082340E7E4
:1086500006233EE702233CE728460193FBF7B6FDDD
:1086600014F8012B3178019B002A7FF442AF274692
:108670001BE7F0F7CFF9071E18BF01270EE7032706
:108680000CE70223274610E7012322E742370020A8
:1086900041370020347D0020D80F0020307D00209D
:1086A000FAA0002094900308CDCCCCCC10B50446A1
:1086B000EDF7D4FFD0B9144B1B789BB9134B9B7AC1
:1086C0005B0700D510BDE8F7EDFE114B1B6D98421E
:1086D00012D2E0F775FE0028F4D02046BDE8104025
:1086E000E0F780BE2046FFF71FFDE7E72046EDF7E5
:1086F000EBFFFFF789FADEE764211420E8F742FF79
:108700002046FFF79DFEE4E701A50020347D002010
:10871000B02E002030B503684468A3424FEA1162CE
:1087200036D2DFF89CE05C1C04601A709EF80030C2
:10873000046845685A40214BAC429A5C4FEA114CA0
:108740002FD2651C056084F800C08CEA0202046820
:108750004568D2B2AC4213F802C04FEA112227D2C8
:1087600082EA0C0C5FFA8CFC651C0560227013F821
:108770000C20D0E900C4A44504D20CF1010404602B
:108780008CF800105140C9B25B5C8EF8003030BDEF
:10879000DFF82CE0094B9EF8000042404FEA114CF4
:1087A0009A5C8CEA020C5FFA8CFC0A0A13F80CC083
:1087B00082EA0C02D2B29A5CE4E700BFFC620308D2
:1087C0001BA60020014B1860704700BF08A60020C0
:1087D0009FED077B084B094809490A4A83ED007B56
:1087E0004FF0010C002380F800C00B70137070472D
:1087F000000000000000000010A600201AA60020C3
:1088000019A6002018A600209F4B1B78D3B12DE994
:10881000F04F9E4B1B688BB0994683B19C4B8846AA
:108820001978074611BB9B48026843F2D4039B1892
:10883000426842F100029F4278EB020203D20BB081
:10884000BDE8F08F7047944C944A23780760D25C5F
:10885000C0F80480062A00F20285DFE812F0CF0A91
:108860005302230A3707F50663062B058C498D4A08
:108870008D4C00230B70C8238A46137002A8012375
:108880005521017014F8011F0130002900F0E78024
:1088900001331D2BF5D1854800248DF8244090F834
:1088A000B2304EF629215180C821117183F0C803DE
:1088B0009DF80810C35C002900F0E5840DF1090063
:1088C000CDE90032E0F75CFADDE9003B0546784887
:1088D000A64602AE00F13B016FF02A0432788446CE
:1088E000884283EA020338BF0CF8012B5AB2002AEF
:1088F000C0F2B0805B001A465BB2002BC0F2A580CC
:1089000053001A465BB2002BC0F29A8053001A46FD
:108910005BB2002BC0F28F8053001A465BB2002B73
:10892000C0F2848053001A465BB2002B79DB5300FF
:108930001A465BB2002B6FDB53001A465BB2002B6A
:10894000ACBF530084EA4303754540F3B5808842C9
:1089500006F101060EF1010E5CD302A886446FF009
:108960002A04284627E0520053B2002B2FDB520086
:1089700053B2002B31DB520053B2002B33DB5200D9
:1089800053B2002B35DB520053B2002B37DB5200C1
:1089900053B2002B39DB520053B2002BA8BF530057
:1089A00002AAAEEB020202F1FF32B8BF84EA43032F
:1089B000824280F281801EF8012B5A4053B2002B74
:1089C000D1DA84EA43035BB2002B1A46CFDA84EA99
:1089D00043035BB2002B1A46CDDA84EA43035BB251
:1089E000002B1A46CBDA84EA43035BB2002B1A460B
:1089F000C9DA84EA43035BB2002B1A46C7DA84EA79
:108A000043035BB2002B1A46C5DA84EA43035BB228
:108A10001A46C2E7604661E784EA43035BB21A463E
:108A20008DE784EA43035BB21A4683E784EA430393
:108A30005BB21A4679E784EA43035BB21A466EE7F3
:108A400084EA43035BB21A4663E784EA43035BB2FA
:108A50001A4658E784EA42035BB21A464DE7D9B298
:108A60001C293FF418AFC1F11B0402A90B441149A2
:108A700001F1010C46205CFA84F403F8010B11F8B3
:108A8000010F8C42F9D106E71AA6002008A60020A3
:108A900019A6002010A6002018A60020C4900308E4
:108AA0001BA600201CA60020F4670308FC62030834
:108AB00021A60020A06703088C455A468AF800309A
:108AC000C0F0E5838A48DBB21646C35C6FF02A0427
:108AD000002062468A42964638BF00254FFA83FC42
:108AE00038BF0EF8015BBCF1000FC0F2CC804FEA3A
:108AF000430C4FFA8CF3002BC0F2C0804FEA4C0CB1
:108B00004FFA8CF3002BC0F2B4804FEA4C0C4FFAB2
:108B10008CF3002BC0F2A8804FEA4C0C4FFA8CF378
:108B2000002BC0F29C804FEA4C0C4FFA8CF3002BC8
:108B3000C0F290804FEA4C0C4FFA8CF3002BC0F23D
:108B400084804FEA4C0C4FFA8CF30130002BC0B2FA
:108B5000ACBF4FEA4C0384EA43030C2800F0988032
:108B60008A4270D332462CE05B005CB2002C35DBCD
:108B70005B004FFA83FCBCF1000F39DB5B005CB299
:108B8000002C3DDB5B004FFA83FCBCF1000F41DBA6
:108B90005B005CB2002C45DB5B004FFA83FCBCF150
:108BA000000F49DB5B005CB2002C00F10100B8BF94
:108BB0006FF02A03C0B2ACBF5B0083EA44030C2809
:108BC00067D04FFA83FCBCF1000FCDDA6FF02A04B6
:108BD00084EA4C0464B2002C2346C9DA6FF02A0CF4
:108BE0008CEA440C4FFA8CFCBCF1000F6346C5DAEA
:108BF0006FF02A0484EA4C0464B2002C2346C1DAE4
:108C00006FF02A0C8CEA440C4FFA8CFCBCF1000F7C
:108C10006346BDDA6FF02A0484EA4C0464B2002C87
:108C20002346B9DA6FF02A0C8CEA440C4FFA8CFC1C
:108C3000BCF1000F6346B5DA6FF02A0484EA4C04F5
:108C400064B22346B0E7724644E784EA43035BB26A
:108C50009C467AE784EA43035BB29C466EE784EA6B
:108C600043035BB29C4662E784EA43035BB29C46E3
:108C700056E784EA43035BB29C464AE784EA43032F
:108C80005BB29C463EE784EA4C035BB29C4632E70B
:108C900032468E45DBB2704680F0E982002400F84F
:108CA000014B134D8842EB5C80F0E38283F00103BB
:108CB0000120104C8EF801000EF1020015F803C0DF
:108CC0008AF800C0031B884253703CBF8EF802C074
:108CD0000EF10300811A89B20748C847074B0849BB
:108CE0000022C3E900780A700BB0BDE8F08F00BF26
:108CF000FC6203081DA600201CA6002010A6002070
:108D000019A60020BF4A40F6C82313800823937099
:108D1000BD4BD3ED007AB2EE047A67EE877AB2EEFD
:108D2000047AFCEEE77A17EE900A030AD37083F018
:108D300029034FFA83FCBCF1000FBABF6FF02A037E
:108D400083EA4C035B004FFA83FCBCF1000FBABF0F
:108D50006FF02A0383EA4C035B004FFA83FCBCF1FB
:108D6000000FBABF6FF02A0383EA4C035B004FFA8F
:108D700083FCBCF1000FBABF6FF02A0383EA4C03F7
:108D80005B004FFA83FCBCF1000FBABF6FF02A03FF
:108D900083EA4C035B004FFA83FCBCF1000FBABFBF
:108DA0006FF02A0383EA4C035B004FFA83FCBCF1AB
:108DB000000FBABF6FF02A0383EA4C035B004FFA3F
:108DC00083FCBCF1000FBABF6FF02A0383EA4C03A7
:108DD0005B004340107158B20028BABF6FF02A03FD
:108DE00083EA40035B0058B20028BABF6FF02A0341
:108DF00083EA40035B0058B20028BABF6FF02A0331
:108E000083EA40035B0058B20028BABF6FF02A0320
:108E100083EA40035B0058B20028BABF6FF02A0310
:108E200083EA40035B0058B20028BABF6FF02A0300
:108E300083EA40035B0058B20028BABF6FF02A03F0
:108E400083EA40035B0058B20028BCBF6FF02A03DE
:108E500083EA40036D48D0ED007A67EE877AA8BFB9
:108E60005B00FCEEE77A17EE900A4FEA102C8CEAD2
:108E7000030382F805C04FFA83FCBCF1000FBABFB0
:108E80006FF02A0383EA4C035B004FFA83FCBCF1CA
:108E9000000FBABF6FF02A0383EA4C035B004FFA5E
:108EA00083FCBCF1000FBABF6FF02A0383EA4C03C6
:108EB0005B004FFA83FCBCF1000FBABF6FF02A03CE
:108EC00083EA4C035B004FFA83FCBCF1000FBABF8E
:108ED0006FF02A0383EA4C035B004FFA83FCBCF17A
:108EE000000FBABF6FF02A0383EA4C035B004FFA0E
:108EF00083FCBCF1000FBABF6FF02A0383EA4C0376
:108F00005B004FFA83FCBCF1000FBABF6FF02A037D
:108F100083EA4C035B004340907158B20028BABF0B
:108F20006FF02A0383EA40035B0058B20028BABFFF
:108F30006FF02A0383EA40035B0058B20028BABFEF
:108F40006FF02A0383EA40035B0058B20028BABFDF
:108F50006FF02A0383EA40035B0058B20028BABFCF
:108F60006FF02A0383EA40035B0058B20028BABFBF
:108F70006FF02A0383EA40035B0058B20028BABFAF
:108F80006FF02A0383EA40035B0058B20028BCBF9D
:108F90006FF02A0383EA40031D4890ED007AFCEE4F
:108FA000C77AA8BF5B0017EE900A4FEA104C83EA1D
:108FB0000C0382F807C04FFA83FCBCF1000FBABF64
:108FC0006FF02A0383EA4C035B004FFA83FCBCF189
:108FD000000FBABF6FF02A0383EA4C035B004FFA1D
:108FE00083FCBCF1000FBABF6FF02A0383EA4C0385
:108FF0005B004FFA83FCBCF1000FB8BF6FF02A038F
:1090000008E000BF1CA60020742E00206C2E00205B
:10901000682E0020B4BF83EA4C035B004FFA83FC48
:10902000BCF1000FBABF6FF02A0383EA4C035B0068
:109030004FFA83FCBCF1000FBABF6FF02A0383EA3A
:109040004C035B004FFA83FCBCF1000FBABF6FF01A
:109050002A0383EA4C035B004FFA83FCBCF1000F48
:10906000BABF6FF02A0383EA4C035B004FEA102C6F
:1090700083EA0C0382F808C04FFA83FCBCF1000FAE
:10908000BABF6FF02A0383EA4C035B004FFA83FCFC
:10909000BCF1000FBABF6FF02A0383EA4C035B00F8
:1090A0004FFA83FCBCF1000FBABF6FF02A0383EACA
:1090B0004C035B004FFA83FCBCF1000FBABF6FF0AA
:1090C0002A0383EA4C035B004FFA83FCBCF1000FD8
:1090D000BABF6FF02A0383EA4C035B004FFA83FCAC
:1090E000BCF1000FBABF6FF02A0383EA4C035B00A8
:1090F0004FFA83FCBCF1000FBABF6FF02A0383EA7A
:109100004C035B004FFA83FCBCF1000FBABF6FF059
:109110002A0383EA4C035B004340507258B2002894
:10912000BABF6FF02A0383EA40035B0058B20028FD
:10913000BABF6FF02A0383EA40035B0058B20028ED
:10914000BABF6FF02A0383EA40035B0058B20028DD
:10915000BABF6FF02A0383EA40035B0058B20028CD
:10916000BABF6FF02A0383EA40035B0058B20028BD
:10917000BABF6FF02A0383EA40035B0058B20028AD
:10918000BABF6FF02A0383EA40035B0058B200289D
:10919000BCBF6FF02A0383EA40033F48D0ED007A5A
:1091A000F5EEC07AA8BF5B00F1EE10FA0EDDC7EE57
:1091B000276AF7EE007A9FED397A77EEE67A67EE66
:1091C000877AFCEEE77A17EE901A4B40917259B20B
:1091D0000029BABF6FF02A0383EA41035B0059B24A
:1091E0000029BABF6FF02A0383EA41035B0059B23A
:1091F0000029BABF6FF02A0383EA41035B0059B22A
:109200000029BABF6FF02A0383EA41035B0059B219
:109210000029BABF6FF02A0383EA41035B0059B209
:109220000029BABF6FF02A0383EA41035B0059B2F9
:109230000029BABF6FF02A0383EA41035B0059B2E9
:109240000029B8BF6FF02A031548B4BF83EA410371
:109250005B000370D37213480C21C8472378013395
:10926000DBB2072B88BF00232370FFF7E8BA0E4953
:10927000CB5C0D4983F00103CB5C8AF800300B4BCB
:10928000C31A537026E5DFF828C00CF13B0100201B
:109290000CF8010B16E400BF542E00200000C84259
:1092A0001BA600201CA60020FC6203081DA60020AF
:1092B00021A60020964B974AD3ED007A964B136077
:1092C000B2EE047A67EE877AB2EE047AFDEEE77AC0
:1092D00017EE901A0B0A137183F07F0358B200281F
:1092E000BABF6FF02A0383EA40035B0058B200283C
:1092F000BABF6FF02A0383EA40035B0058B200282C
:10930000BABF6FF02A0383EA40035B0058B200281B
:10931000BABF6FF02A0383EA40035B0058B200280B
:10932000BABF6FF02A0383EA40035B0058B20028FB
:10933000BABF6FF02A0383EA40035B0058B20028EB
:10934000BABF6FF02A0383EA40035B0058B20028DB
:10935000BABF6FF02A0383EA40035B004B405171B0
:1093600059B20029BABF6FF02A0383EA41035B00B8
:1093700059B20029BABF6FF02A0383EA41035B00A8
:1093800059B20029BABF6FF02A0383EA41035B0098
:1093900059B20029BABF6FF02A0383EA41035B0088
:1093A00059B20029BABF6FF02A0383EA41035B0078
:1093B00059B20029BABF6FF02A0383EA41035B0068
:1093C00059B20029BABF6FF02A0383EA41035B0058
:1093D00059B20029BCBF6FF02A0383EA41034F4909
:1093E000D1ED047A67EE877AA8BF5B00FDEEE77ADD
:1093F00017EE901A080A4340907158B20028BABF7D
:109400006FF02A0383EA40035B0058B20028BABF1A
:109410006FF02A0383EA40035B0058B20028BABF0A
:109420006FF02A0383EA40035B0058B20028BABFFA
:109430006FF02A0383EA40035B0058B20028BABFEA
:109440006FF02A0383EA40035B0058B20028BABFDA
:109450006FF02A0383EA40035B0058B20028BABFCA
:109460006FF02A0383EA40035B0058B20028BABFBA
:109470006FF02A0383EA40035B004B40D17159B27D
:109480000029BABF6FF02A0383EA41035B0059B297
:109490000029BABF6FF02A0383EA41035B0059B287
:1094A0000029BABF6FF02A0383EA41035B0059B277
:1094B0000029BABF6FF02A0383EA41035B0059B267
:1094C0000029BABF6FF02A0383EA41035B0059B257
:1094D0000029BABF6FF02A0383EA41035B0059B247
:1094E0000029BABF6FF02A0383EA41035B0059B237
:1094F0000029B8BF6FF02A030948B4BF83EA4103CB
:109500005B000370137203480921C8472378A6E65D
:10951000BC0000201CA60020C8070D00D07F002042
:109520001BA60020624A927892067FF598AE614AA7
:109530006148C8231370614BD3ED007AB2EE047A10
:1095400067EE877AFDEEE77A17EE903A834280F273
:10955000798740F60413A2F801300023D3705A2310
:109560005B0058B20028BABF6FF02A0383EA4003B9
:109570005B0058B20028BABF6FF02A0383EA4003A9
:109580005B0058B20028BABF6FF02A0383EA400399
:109590005B0058B20028BABF6FF02A0383EA400389
:1095A0005B0058B20028BABF6FF02A0383EA400379
:1095B0005B004B40117159B20029BABF6FF02A030A
:1095C00083EA41035B0059B20029BABF6FF02A0356
:1095D00083EA41035B0059B20029BABF6FF02A0346
:1095E00083EA41035B0059B20029BABF6FF02A0336
:1095F00083EA41035B0059B20029BABF6FF02A0326
:1096000083EA41035B0059B20029BABF6FF02A0315
:1096100083EA41035B0059B20029BABF6FF02A0305
:1096200083EA41035B0059B20029B8BF6FF02A03F7
:109630002348B4BF83EA41035B00037053711D48A4
:109640000621C84723780AE6194A927891067FF5E1
:1096500006AE1C4B9FED1C7AD3ED007A154A67EEDF
:10966000877A4FF49963FDEEE77A138017EE901A2C
:109670000B0A0720D37083F05403907058B200286F
:10968000B6BF6FF02A035B0083EA400358B200289C
:1096900080F2CD866FF02A0383EA400358B2002897
:1096A000BFF65EAF6FF02A0383EA400359E700BFBD
:1096B000347D00201CA60020F0D8FFFFFC10002005
:1096C0001BA60020AC7F00200000C842D04A1278C0
:1096D00050067FF5C4ADCF4ACF49D04D009241F23C
:1096E000C8131380022393707F230B70D31C8A4608
:1096F0000293D5F8D0109FEDCA7ADFEDCA6A02F165
:10970000400302A80393FFF705F8D5F8E81002A874
:10971000FFF700F8D5ED247A029B03989AF800E051
:10972000009A67EE877A9842FCEEE77A9FEDBE7A60
:1097300017EE901A4FEA112C88BF03F801CB8CEA80
:109740000E0C4FFA8CFEBEF1000FBABF6FF02A0C60
:109750008CEA4E0C4FEA4C0C4FFA8CFEBEF1000F17
:10976000BABF6FF02A0C8CEA4E0C4FEA4C0C4FFA41
:109770008CFEBEF1000FBABF6FF02A0C8CEA4E0CC3
:109780004FEA4C0C4FFA8CFEBEF1000FBABF6FF0DF
:109790002A0C8CEA4E0C4FEA4C0C4FFA8CFEBEF1B0
:1097A000000FBABF6FF02A0C8CEA4E0C4FEA4C0C3B
:1097B0004FFA8CFEBEF1000FBABF6FF02A0C8CEA94
:1097C0004E0C4FEA4C0C4FFA8CFEBEF1000FBABFA4
:1097D0006FF02A0C8CEA4E0C4FEA4C0C4FFA8CFEC0
:1097E000BEF1000FBABF6FF02A0C8CEA4E0C4FEAA4
:1097F0004C0C984288BF03F8011B81EA0C014FFA18
:1098000081FCBCF1000FBABF6FF02A0181EA4C0164
:1098100049004FFA81FCBCF1000FBABF6FF02A017A
:1098200081EA4C0149004FFA81FCBCF1000FBABF3C
:109830006FF02A0181EA4C0149004FFA81FCBCF12A
:10984000000FBABF6FF02A0181EA4C0149004FFABC
:1098500081FCBCF1000FBABF6FF02A0181EA4C0114
:1098600049004FFA81FCBCF1000FBABF6FF02A012A
:1098700081EA4C0149004FFA81FCBCF1000FBABFEC
:109880006FF02A0181EA4C0149004FFA81FCBCF1DA
:10989000000FBABF6FF02A0181EA4C0C4FEA410C6D
:1098A0005E49D1ED257A67EEA67A984267EE877A0F
:1098B0009FED5E7AFCEEE77A17EE901A4FEA112ED2
:1098C0008EEA0C0C88BF03F801EB4FFA8CFEBEF158
:1098D000000FBABF6FF02A0C8CEA4E0C4FEA4C0C0A
:1098E0004FFA8CFEBEF1000FBABF6FF02A0C8CEA63
:1098F0004E0C4FEA4C0C4FFA8CFEBEF1000FBABF73
:109900006FF02A0C8CEA4E0C4FEA4C0C4FFA8CFE8E
:10991000BEF1000FBABF6FF02A0C8CEA4E0C4FEA72
:109920004C0C4FFA8CFEBEF1000FBABF6FF02A0C40
:109930008CEA4E0C4FEA4C0C4FFA8CFEBEF1000F35
:10994000BABF6FF02A0C8CEA4E0C4FEA4C0C4FFA5F
:109950008CFEBEF1000FBABF6FF02A0C8CEA4E0CE1
:109960004FEA4C0C4FFA8CFEBEF1000FBABF6FF0FD
:109970002A0C8CEA4E0C4FEA4C0C984288BF03F834
:10998000011B81EA0C014FFA81FCBCF1000FBABF48
:109990006FF02A0181EA4C0149004FFA81FCBCF1C9
:1099A000000FBABF6FF02A0181EA4C0149004FFA5B
:1099B00081FCBCF1000FBABF6FF02A0181EA4C01B3
:1099C00049004FFA81FCBCF1000FBABF6FF02A01C9
:1099D00081EA4C0149004FFA81FCBCF1000FBABF8B
:1099E0006FF02A0181EA4C0149004FFA81FCBCF179
:1099F000000FBABF6FF02A0181EA4C0149004FFA0B
:109A000081FCBCF1000FB8BF6FF02A0110E000BF6D
:109A1000347D00201CA600201BA6002078A8002072
:109A200000001042E12E65420000C84200007A4466
:109A3000B4BF81EA4C0149004FFA81FCBCF1000F30
:109A4000BABF6FF02A0181EA4C0C4FEA410C9349EE
:109A5000D1ED127A77EE877A9842FCEEE77A17EE2C
:109A6000901A4FEA112E8EEA0C0C88BF03F801EB16
:109A70004FFA8CFEBEF1000FBABF6FF02A0C8CEAD1
:109A80004E0C4FEA4C0C4FFA8CFEBEF1000FBABFE1
:109A90006FF02A0C8CEA4E0C4FEA4C0C4FFA8CFEFD
:109AA000BEF1000FBABF6FF02A0C8CEA4E0C4FEAE1
:109AB0004C0C4FFA8CFEBEF1000FBABF6FF02A0CAF
:109AC0008CEA4E0C4FEA4C0C4FFA8CFEBEF1000FA4
:109AD000BABF6FF02A0C8CEA4E0C4FEA4C0C4FFACE
:109AE0008CFEBEF1000FBABF6FF02A0C8CEA4E0C50
:109AF0004FEA4C0C4FFA8CFEBEF1000FBABF6FF06C
:109B00002A0C8CEA4E0C4FEA4C0C4FFA8CFEBEF13C
:109B1000000FBABF6FF02A0C8CEA4E0C4FEA4C0CC7
:109B2000984288BF03F8011B81EA0C014FFA81FCBF
:109B3000BCF1000FBABF6FF02A0181EA4C01490065
:109B40004FFA81FCBCF1000FBABF6FF02A0181EA25
:109B50004C0149004FFA81FCBCF1000FBABF6FF015
:109B60002A0181EA4C0149004FFA81FCBCF1000F47
:109B7000BABF6FF02A0181EA4C0149004FFA81FC1B
:109B8000BCF1000FBABF6FF02A0181EA4C01490015
:109B90004FFA81FCBCF1000FBABF6FF02A0181EAD5
:109BA0004C0149004FFA81FCBCF1000FBABF6FF0C5
:109BB0002A0181EA4C0149004FFA81FCBCF1000FF7
:109BC000BABF6FF02A0181EA4C0C4FEA410C3349CD
:109BD00091F83110984288BF03F8011B81EA0C010B
:109BE0004FFA81FCBCF1000FBABF6FF02A0181EA85
:109BF0004C0149004FFA81FCBCF1000FBABF6FF075
:109C00002A0181EA4C0149004FFA81FCBCF1000FA6
:109C1000BABF6FF02A0181EA4C0149004FFA81FC7A
:109C2000BCF1000FBABF6FF02A0181EA4C01490074
:109C30004FFA81FCBCF1000FBABF6FF02A0181EA34
:109C40004C0149004FFA81FCBCF1000FBABF6FF024
:109C50002A0181EA4C0149004FFA81FCBCF1000F56
:109C6000BABF6FF02A0181EA4C0149004FFA81FC2A
:109C7000BCF1000FBABF6FF02A0181EA4C01490024
:109C8000984288BF03F8011B9B1A8AF80010044809
:109C900099B2C8472378FFF7E2BA00BF78A800203E
:109CA0001CA60020514A524BC821117021219170ED
:109CB0001979C90900F0A7839978CD0700F1AD8320
:109CC0005978C90900F0B6831979C80640F1B28302
:109CD000484E0092701CDFF753F807464648DDF8FF
:109CE0000080751E71234FF0000E00F13D0115F844
:109CF000012F8446884238BF0CF8012B5A4053B2DA
:109D0000002BC0F2B38253001A465BB2002BC0F2A4
:109D1000A68253001A465BB2002BC0F2C3825300E6
:109D20001A465BB2002BC0F2B68253001A465BB2F1
:109D3000002BC0F2A98253001A465BB2002BC0F27E
:109D40009C8253001A465BB2002BC0F2B2825300D1
:109D50001A465BB2002BB6BF6FF02A02530082EAAC
:109D60004303BE4580F2F68288420EF1010EC0F038
:109D70006A82B6446FF02A002CE0520053B2002BE6
:109D8000C0F2AD82520053B2002BC0F2A382520047
:109D900053B2002BC0F29982520053B2002BC0F292
:109DA0008F82520053B2002BC0F25482520053B241
:109DB000002BC0F24A82520053B2002BA8BF5300BE
:109DC000AEEB060202F1FF32B8BF80EA43039742CE
:109DD00040F3C0821EF8012B5A4053B2002BCCDA5C
:109DE00080EA43035BB21A46C9E700BF1CA6002005
:109DF000347D0020C46703081FA60020C1499FEDE1
:109E0000C27AD1ED007AC14A40F6C803F4EEC77AAF
:109E10001380F1EE10FA4FF01E03937040F364824A
:109E2000DFEDBB6A77EEE67AF4EEC77AF1EE10FA70
:109E3000F8DC9FEDB87A67EE877A9FEDB37AFDEE96
:109E4000E77A17EE900A030AD37083F00503DB4329
:109E50004FFA83FCBCF1000FBABF6FF02A0383EA0C
:109E60004C035B004FFA83FCBCF1000FBABF6FF0EC
:109E70002A0383EA4C035B004FFA83FCBCF1000F1A
:109E8000BABF6FF02A0383EA4C035B004FFA83FCEE
:109E9000BCF1000FBABF6FF02A0383EA4C035B00EA
:109EA0004FFA83FCBCF1000FBABF6FF02A0383EABC
:109EB0004C035B004FFA83FCBCF1000FBABF6FF09C
:109EC0002A0383EA4C035B004FFA83FCBCF1000FCA
:109ED000BABF6FF02A0383EA4C035B004FFA83FC9E
:109EE000BCF1000FBABF6FF02A0383EA4C035B009A
:109EF0004340107158B20028BABF6FF02A0383EABA
:109F000040035B0058B20028BABF6FF02A0383EA0F
:109F100040035B0058B20028BABF6FF02A0383EAFF
:109F200040035B0058B20028BABF6FF02A0383EAEF
:109F300040035B0058B20028BABF6FF02A0383EADF
:109F400040035B0058B20028BABF6FF02A0383EACF
:109F500040035B0058B20028BABF6FF02A0383EABF
:109F600040035B0058B2D1ED017A0028B8BF6FF012
:109F70002A03F4EEC77AB4BF83EA40035B00F1EE34
:109F800010FA40F3D581DFED626A77EEE67AF4EEFF
:109F9000C77AF1EE10FAF8DC9FED5E7A67EE877A09
:109FA0009FED597AFDEEE77A17EE900A4FEA102CF2
:109FB00083EA0C0382F805C04FFA83FCBCF1000F62
:109FC000BABF6FF02A0383EA4C035B004FFA83FCAD
:109FD000BCF1000FBABF6FF02A0383EA4C035B00A9
:109FE0004FFA83FCBCF1000FBABF6FF02A0383EA7B
:109FF0004C035B004FFA83FCBCF1000FBABF6FF05B
:10A000002A0383EA4C035B004FFA83FCBCF1000F88
:10A01000BABF6FF02A0383EA4C035B004FFA83FC5C
:10A02000BCF1000FBABF6FF02A0383EA4C035B0058
:10A030004FFA83FCBCF1000FBABF6FF02A0383EA2A
:10A040004C035B004FFA83FCBCF1000FBABF6FF00A
:10A050002A0383EA4C035B004340907158B2002806
:10A06000BABF6FF02A0383EA40035B0058B20028AE
:10A07000BABF6FF02A0383EA40035B0058B200289E
:10A08000BABF6FF02A0383EA40035B0058B200288E
:10A09000BABF6FF02A0383EA40035B0058B200287E
:10A0A000BABF6FF02A0383EA40035B0058B200286E
:10A0B000BABF6FF02A0383EA40035B0058B200285E
:10A0C000BABF6FF02A0383EA40035B0058B2D1EDB8
:10A0D000027A0028B8BF6FF02A03F4EEC77AB4BF43
:10A0E00083EA40035B00F1EE10FA40F30F81DFEDED
:10A0F000086A77EEE67AF4EEC77AF1EE10FAF8DC49
:10A100000AE000BFD87C0020DB0F49401CA60020DD
:10A11000DB0FC94000401C461FED027A67EE877ACC
:10A12000FDEEE77A17EE901A080A4340D07158B254
:10A130000028BABF6FF02A0383EA40035B0058B2DD
:10A140000028BABF6FF02A0383EA40035B0058B2CD
:10A150000028BABF6FF02A0383EA40035B0058B2BD
:10A160000028BABF6FF02A0383EA40035B0058B2AD
:10A170000028BABF6FF02A0383EA40035B0058B29D
:10A180000028BABF6FF02A0383EA40035B0058B28D
:10A190000028BABF6FF02A0383EA40035B0058B27D
:10A1A0000028BABF6FF02A0383EA40035B004B40EC
:10A1B000117259B20029BABF6FF02A0383EA410332
:10A1C0005B0059B20029BABF6FF02A0383EA41034A
:10A1D0005B0059B20029BABF6FF02A0383EA41033A
:10A1E0005B0059B20029BABF6FF02A0383EA41032A
:10A1F0005B0059B20029BABF6FF02A0383EA41031A
:10A200005B0059B20029BABF6FF02A0383EA410309
:10A210005B0059B20029BABF6FF02A0383EA4103F9
:10A220005B0059B20029B8BF6FF02A03A348B4BF3E
:10A2300083EA41035B0003705372A1480A21C847B7
:10A240002378FFF70CB8604651E580EA43035BB220
:10A250001A46B2E580EA43035BB21A46A8E56FF0FE
:10A260002A0282EA43035BB21A4655E56FF02A02DE
:10A2700082EA43035BB21A4648E56FF02A0282EA9B
:10A2800043035BB21A465FE56FF02A0282EA43039A
:10A290005BB21A4652E56FF02A0282EA43035BB2D0
:10A2A0001A4645E56FF02A0282EA43035BB21A467A
:10A2B00038E56FF02A0282EA43035BB21A4649E5A9
:10A2C00080EA43035BB21A466DE580EA43035BB262
:10A2D0001A4663E580EA43035BB21A4659E580EA11
:10A2E00043035BB21A464FE59FED767AF4EEC77AE8
:10A2F000F1EE10FA7FF59DADDFED736A77EEA67A89
:10A30000F4EEC77AF1EE10FAF8D492E59FED6D7A8B
:10A31000F4EEC77AF1EE10FA7FF5FEAEDFED6A6A71
:10A3200077EEA67AF4EEC77AF1EE10FAF8D4F3E6F7
:10A330009FED647AF4EEC77AF1EE10FA7FF52CAE59
:10A34000DFED616A77EEA67AF4EEC77AF1EE10FAE5
:10A35000F8D421E68C453CBF00200CF8010B58B224
:10A360000028BABF6FF02A0383EA40035B0058B2AB
:10A370000028BABF6FF02A0383EA40035B0058B29B
:10A380000028BABF6FF02A0383EA40035B0058B28B
:10A390000028BABF6FF02A0383EA40035B0058B27B
:10A3A0000028BABF6FF02A0383EA40035B0058B26B
:10A3B0000028BABF6FF02A0383EA40035B0058B25B
:10A3C0000028BABF6FF02A0383EA40035B0058B24B
:10A3D0000028BCBF6FF02A0383EA40033B48A8BFB4
:10A3E0005B00ACEB00008C4588F8010038BF0CF82E
:10A3F000013B3248ACEB0801037089B23048C847D2
:10A400002378FEF72CBF1979C90904D15B78DD07E1
:10A4100001D52F4E5DE42F4E5BE42F4E59E440F6FC
:10A420000411FF23A2F80110D370FE2106235B0064
:10A43000FFF734B95978C9091AD01978C90717D55F
:10A44000264E46E426498B42E9DC45F6EF018B4275
:10A450001ADC03F51C531033180A1946430083F025
:10A460002D03D07040F60410A2F80100FFF70EB9DA
:10A470001978CF0720D4DB781A4913F0040F1A4B50
:10A4800014BF0E461E4624E4053307EE903A9FEDB6
:10A49000177AF8EEE77A67EE877AFDEEE77A17EE3D
:10A4A000903A6FEA43436FEA5343180A19466FF034
:10A4B000070383EA4003D4E70D4E0AE41BA60020FD
:10A4C0001CA60020DB0F49C0DB0FC9401DA60020E1
:10A4D000CC670308D4670308C8670308EC67030860
:10A4E000E7FF0400D8670308E0670308CDCCCC3D44
:10A4F000E8670308014B01221A70704719A6002073
:10A5000070B50E465E2105461446ECF791F95E2EB5
:10A5100046D05D2E3146284614D0ECF789F9E1B2D9
:10A520005E2918D05D29284633D0ECF781F9C4F3B1
:10A5300007215E291BD05D29284622D0BDE8704046
:10A54000ECF776B9ECF774F93D212846ECF770F991
:10A55000E1B25E29E6D15D212846ECF769F93E219A
:10A560002846ECF765F9C4F307215E29E3D12846B4
:10A570005D21ECF75DF928463E21BDE87040ECF71F
:10A5800057B9ECF755F928463D21BDE87040ECF786
:10A590004FB9ECF74DF93D212846ECF749F9C6E7EC
:10A5A00028465D21ECF744F93E212846ECF740F9B6
:10A5B000B5E700BF2DE9F843354FDFF8DC90D7F859
:10A5C000D040344E002CB8BF6442A9FB04239B0D3D
:10A5D00006FB1344C4EB0414A40089FB04124FEAE5
:10A5E000E47803EB830303EB8303C8EBA25808EB87
:10A5F000830212B213210546FFF782FF06FB1842C1
:10A60000DFF89880A8FB023242F38F1228461B2104
:10A61000FFF776FFD7F8D030002BACBF4E22532285
:10A6200028462321FFF76CFFD7F8E840002CB8BF7D
:10A630006442A9FB04239B0D06FB1344C4EB0414E2
:10A64000A40089FB042903EB8303E21703EB8303D4
:10A65000C2EBA95909EB83022846122112B2FFF777
:10A660004FFF06FB1942A8FB028242F38F122846D5
:10A670001A21FFF745FFD7F8E830002B28464FF0A6
:10A680002201BDE8F843ACBF45225722FFF738BF8F
:10A6900078A80020809698006BCA5F6BD34D62103B
:10A6A0002DE9F04385B00446E6F7FCFE4A4BD3F8AB
:10A6B000B830834202D905B0BDE8F083474D7D2113
:10A6C0002E20E6F75FFF9FED467AD5ED007A4549EB
:10A6D0008DED017A67EE877A0B88FDEEE77A01331C
:10A6E00017EE902A0B8012B208212046FFF708FFD0
:10A6F0009DED017AD5ED017A67EE877A2021FDEE96
:10A70000E77A204617EE903A1AB2FFF7F9FE364B79
:10A71000DFED367A93ED007AB4EEE77AF1EE10FAD7
:10A7200057D4DFED337ADFED336AB4EEE77AF1EE3A
:10A7300010FAD8BFF0EE477A67EEA67AFDEEE77A18
:10A7400017EE903A1AB230212046FFF7D9FE254B7A
:10A750001B889A0700F07C8113F00702174640F02F
:10A760006581254B1B78192B40F02D82234EDFF895
:10A77000A090234B1B78002B40F0FE81DFF89480E3
:10A78000D8ED007AB2EE047A67EE877A3921FDEED1
:10A79000E77A204617EE903A1AB28DED017AFFF76C
:10A7A000AFFE184B9DED017AD3ED007A67EE877A04
:10A7B000F5EEC07AF1EE10FA00F156829FED127AB2
:10A7C000F4EEC77AF1EE10FA40F395824FF4FA42B4
:10A7D0004BE20E4AB7E700BFB02E0020D87C002025
:10A7E000E12E65425CA60020AC7F0020CDCCC7C224
:10A7F000CDCCC7420000C842F5000020347D0020C7
:10A800005C0000206C2E00200000FA46FAD8FFFF02
:10A81000542E0020742E0020002204212046FFF731
:10A820006FFEC94B9FEDC97AD3ED247A67EE877A24
:10A830002046BDEEE77A112117EE103A1AB2CDED9F
:10A84000017AFFF75DFEDDED017AC149B2EE047ACF
:10A8500067EE877AFDEEE77A17EE902A002AB8BFF6
:10A860005242A1FB0201C90801EB8101A2EB4102A6
:10A8700012B219212046FFF743FE3278B24B12F094
:10A88000400F4ED03278D2094BD0B24AD2ED007A86
:10A89000F5EEC07AF1EE10FA00F14F829FEDAE7A3C
:10A8A000F4EEC77AF1EE10FA00F34D82FDEEE77A8E
:10A8B00017EE902A12B2A94D07212046FFF720FE7D
:10A8C0009FEDA77AF5EC017A8DED017A67EE877A34
:10A8D0002A21FDEEE77A204617EE903A1AB2FFF7EA
:10A8E0000FFE9DED017AD5ED007A67EE877A2B2178
:10A8F000FDEEE77A204617EE903A1AB2FFF700FE17
:10A90000964B9DED017AD3ED027A67EE877A2C2182
:10A91000FDEEE77A204617EE903A1AB2FFF7F0FD07
:10A92000894B93ED127ADFED8F7AB4EEE77AF1EE90
:10A9300010FA00F1BA81DFED8C7AB4EEE77AF1EE2D
:10A9400010FAD8BFF0EE477ABDEEE77A17EE102A7C
:10A9500012B220460121CDED017AFFF7D1FDDDEDE8
:10A96000017A7B49B2EE047A67EE877A8DED017A3F
:10A97000FDEEE77A17EE902A002AB8BF5242A1FBFB
:10A980000201C90801EB8101A2EB410212B20921C7
:10A990002046FFF7B5FD6C4B9DED017AD3ED1F5AB4
:10A9A00093F831003178B1EE046AC5EE866AF7EEAD
:10A9B000007A77EEE67A67EE877AFDEEE77A17EEB1
:10A9C000903A1AB2092A1346A8BF092303EB83035E
:10A9D00003EB83039B009BB233EA220328BF3B4671
:10A9E000632894BF1B1863339BB203F57A7211F08E
:10A9F000400F317892B218BF1346C9091AB21CBF72
:10AA000003F5FA631AB2CDE90123EEF703F8019AD0
:10AA100018B17178C90900F0748105212046FFF74B
:10AA20006FFD2046FFF7C6FD504B1B88272B08D92A
:10AA3000454B4E4893F8282000210180002A40F021
:10AA400038815E21204605B0BDE8F043EBF7F0BE4B
:10AA5000474BDFED447A93ED007AB4EEE77AF1EEFE
:10AA600010FA00F12481DFED407AB4EEE77AF1EEDE
:10AA700010FAD8BFF0EE477ABDEEE77A17EE103A3B
:10AA80001AB210212046CDED017AFFF739FDDDED38
:10AA9000017A2F4BF2EE046A67EEA67A2121FDEED1
:10AAA000E77ACDED036A17EE902A002AB8BF52422A
:10AAB000A3FB02C0C00800EB8000A2EB400212B270
:10AAC0002046FFF71DFD204A9FED257AD2ED257A1D
:10AAD0008DED027A67EE877A2046BDEEE76A142193
:10AAE00016EE103A1AB2CDED017AFFF709FDDDED51
:10AAF000036ADDED017A164B67EEA67A1C21FDEEA6
:10AB0000E77A17EE902A002AB8BF5242A3FB02034D
:10AB1000DB0803EB8303A2EB430212B22046FFF7EC
:10AB2000EFFC144B9DED027AD3ED007A67EE877A45
:10AB30002D21FDEEE77A204617EE903A1AB2FFF784
:10AB4000DFFC0A4B1B8807E678A80020E5CFF83F1A
:10AB5000CDCCCCCC20210020003C1C462421002060
:10AB6000E12E65429AF979C49AF979445CA60020ED
:10AB7000FC10002018BD002007EE903A734B9FEDAB
:10AB8000747AD3ED006AF8EEE77A66EE876A984643
:10AB900086EEA77A0023FCEEC77A17EE902AC2F35E
:10ABA000032141EA022545EA031212B2062120469A
:10ABB0000193FFF7A5FC674A019B11780133DAB2D4
:10ABC0009142F0D8DCE5644A64481178644A4378DD
:10ABD0001278132928BF13211D2A28BF1D22C3F371
:10ABE000801342EA411242EA832201780378C3F3D8
:10ABF0004013C1F380011B0343EAC1231A4392B2FD
:10AC000001920646EDF706FF019A42F480430028C0
:10AC100018BF1A4602212046FFF772FCEDF7FAFE34
:10AC2000002878D04F4B93ED007A4F4BD3ED007A4C
:10AC300037EE277AB5EEC07AF1EE10FA7FD4F7EE50
:10AC4000007AB4EEE77AF1EE10FAD8BFF0EE477A68
:10AC5000B3EE047A67EE877ADFF82091FDEEE77AAB
:10AC600017EE903A1AB263E0002228212046FFF73F
:10AC700047FC3E4B99ED006AD3ED005A9FED3C7ABC
:10AC8000C5EE866AF7EE007A77EEE67A67EE877AA7
:10AC9000F5EEC07AF1EE10FA3FF5BEADF4EEC77AEC
:10ACA000F1EE10FA21DD6422B7E5324A51E6314A6D
:10ACB000E7E69A8D20461521D2BAFFF721FC2E4BEC
:10ACC0002046B3F92A201621FFF71AFC2A4B20460A
:10ACD000B3F92E201721FFF713FC274B182193F807
:10ACE00030202046FFF70CFCABE6FDEEE77A17EECE
:10ACF000903A1AB291E5FDEEE77A17EE903A1AB261
:10AD0000B3E7029BB17803F57A631BB211F0010F30
:10AD100008BF1A4681E6194B9FED197AD3ED007AE8
:10AD200067EE877A9946FDEEE77A17EE903A1AB207
:10AD300003212046FFF7E4FB1BE50022BBE5DFF81B
:10AD40003C903A46F4E742F20F72B4E5742E0020CC
:10AD50000000FA435C0000203F380020347D0020D2
:10AD6000307D0020A8380020C0380020682E002048
:10AD70000000C84219FCFFFF78A80020542E0020D4
:10AD8000CDCC4C3E034B1B68984200D07047FFF778
:10AD900087BC00BF64900020054B187830B9054B84
:10ADA0001B6823B1981F18BF01207047012070470E
:10ADB0003085030864900020024B11211878F9F7C0
:10ADC0005BBC00BF68900020704700BF00B52D4BF2
:10ADD0001B7883B0042B50D8DFE803F0131F3B3FF0
:10ADE00003000020E9F754FADFED270A06F07EFEA3
:10ADF000DFED267A264B20EE270A83ED000A03B00A
:10AE000000BD0020E9F744FADFED227A204B20EE66
:10AE1000270A83ED000A03B000BD022201AB1146F0
:10AE20000520F1F76FFCBDF804309FED1B7A5BBA8B
:10AE30009BB207EE903AF8EEE77A154B67EE877A09
:10AE4000012251210520C3ED007AF1F70DFD03B079
:10AE500000BD01AB02220021E2E70020E9F718FA69
:10AE6000DFED0E0A06F042FEDFED0D7A084B20EE14
:10AE7000270A83ED000A03B000BD054B00221A60CB
:10AE8000BDE700BF70A60020BBB8F5BF1799BE4252
:10AE900074A600200AD723410AD7233CE17A94BF45
:10AEA0009CC47041224B9A78C2F38011520604D49C
:10AEB0009A7861F3C7129A70704710B51F20E6F7B1
:10AEC000B7FB00B910BD1B4C1B4A217801EB4101B7
:10AED0001F2032F82110E6F755FBFFF777FF2178A6
:10AEE000154A164B01EB410102EB810293ED000A7A
:10AEF000D2ED017A0E4BB4EEE70AF1EE10FA15DB53
:10AF0000D2ED027AB4EEE70AF1EE10FA94BF012115
:10AF100000219A780A4861F3C7129A70DFF7C0FCE3
:10AF2000E0F77CFD054B83ED000A10BD0021F0E742
:10AF3000347D002070A60020CC90030874A6002069
:10AF400060A6002070B53E4CA37843F04003A37088
:10AF5000E3781A0713D5A37823F04003A370A378EE
:10AF6000384D3948002100222960C3F380115B0667
:10AF700002701FD4A37861F3C713A37070BD334D63
:10AF80002B78042B09D8DFE803F04B03030C0C00EB
:10AF90002F4A92F85010002947D1A27822F040029F
:10AFA000A2702C4A03EB43031F2032F82310E6F76C
:10AFB000E9FAD4E71F20E6F73BFB0028DED0234E5A
:10AFC000244B317801EB41011F2033F82110E6F7C3
:10AFD000D9FAFFF7FBFE31781E4B95ED000A01EB25
:10AFE000410103EB8103D3ED017AB4EEE70AF1EE00
:10AFF00010FA4FF0000207DBD3ED027AB4EEE70A55
:10B00000F1EE10FA98BF0122A3780F4862F3C7133C
:10B01000A370DFF745FCE0F701FD85ED000A70BD88
:10B02000A27842F04002A270BBE792F85220002AB8
:10B03000B3D1012251210520F1F716FC2B78B0E79E
:10B04000347D002074A6002060A6002070A6002099
:10B05000E47C0308CC900308024B19211878F9F717
:10B060000BBB00BF6890002070B52DED028B88B03F
:10B07000B0EE408AE6F752F941F28833C41841F144
:10B08000000504E0E6F74AF9A042A9410BD22D21C0
:10B090000020F1F791FB020705D5F3E7E6F73EF94B
:10B0A000A042A94105D22D210020F1F785FB03071D
:10B0B000F4D5E6F733F9A042A94103D308B0BDECBB
:10B0C000028B70BD04AB0E221D210020F1F780FC25
:10B0D000BDF81610BDF81200BDF81420944D0023E1
:10B0E0001C4649BA61F30F04BDF810102D7840BA20
:10B0F00060F30F0352BA49BA62F31F43BDF81A0056
:10B1000061F31F44BDF81810CDE90034BDF81C30C0
:10B1100049BA40BA5BBAADF808102A460DF10201EF
:10B12000ADF80A006846ADF80C30DFF747FD2A4657
:10B130000DF10A0102A8DFF741FD7E4B1A78BDF937
:10B1400000306AB1BDF80810BDF80C205B421BB29C
:10B1500049425242ADF80030ADF80810ADF80C206D
:10B16000BDF90220744807EE902A07EE103AF8EE77
:10B17000E77AB8EEC77A67EEA76ABDF90430E7EE62
:10B18000076A06EE103AF8EEC65AB0EE667AA5EEF9
:10B19000A57A03689FED696AB4EEC67AF1EE10FAFB
:10B1A0002EDBBDF9082066499FED665A91ED006AD5
:10B1B00007EE102AB8EEC77A77EE466AF4EEC56A53
:10B1C000F1EE10FA26DC76EE476AF4EEC56AF1EE8F
:10B1D00010FA40F3CF815C4CBCEEE67A256817EE9E
:10B1E000102A954201D284ED007A584C9FED557A91
:10B1F00022680132226036EE477A013301241CE0D6
:10B2000053490A680133013203600A6008B0BDEC9B
:10B21000028B70BD4C4CBCEEE67A256817EE102A06
:10B220009542C0F0A481494C9FED467A226836EEE3
:10B23000077A0132226001330124BDF90020454D17
:10B240009FED455A85ED007A06EE902A434A81ED3E
:10B25000007AF8EEE66A92ED006A36EEC67AB4EE4F
:10B26000C57AF1EE10FA18DC36EE667AB4EEC57ADD
:10B27000F1EE10FA2BDDDFF8E8C0BCEEC77ADCF89F
:10B28000006017EE104AA64201D28CED007ADFED85
:10B29000326A013376EE666A10E0DFF8C4C0BCEEB5
:10B2A000C77ADCF8006017EE104AA64201D28CED96
:10B2B000007ADFED296A76EE266A0133DFF8A4E032
:10B2C000DEF80060012406EB040CCEF800C0BDF9E6
:10B2D0000A6091ED015ADFED1B4ADFF88CC0C2ED28
:10B2E000006A07EE106AB8EEC77ACCED006A37EE56
:10B2F000456AB4EEE46AF1EE10FA37DC75EE476A9F
:10B30000F4EEE46AF1EE10FA49DDDFF83CE0BCEE61
:10B31000E67ADEF8046017EE104AA64201D28EEDFE
:10B32000017A9FED087A013335EE477A2FE000BFAE
:10B33000E17C0308E07C0308B4A600200AD7234779
:10B34000C4A6002000409C45A8A6002090A600208E
:10B350007CA60020B87C002000000046B8A6002093
:10B360009CA6002084A60020C47C0020DFF824E2F4
:10B37000BCEEC67ADEF8046017EE104AA64201D28F
:10B380008EED017A9FED7C7A35EE077A0133DFF896
:10B3900008E2DEF8046001242644CEF8046092ED51
:10B3A000016A9FED765A85ED017A77EEC66A81EDE6
:10B3B000017AF4EEC56AF1EE10FA74DC36EE677AC3
:10B3C000B4EEC57AF1EE10FA00F3BF80BDF90C605F
:10B3D000D1ED026ACCED017AC2ED017A07EE906AF6
:10B3E000F8EEE77A9FED646A37EEE67AB4EEC67A55
:10B3F000F1EE10FA40F38680DFF898E1FCEEC77AB0
:10B40000DEF8086017EE904ADFED5B7AB44276EE24
:10B41000A77A88BFCEF808400133DFF87CE1DEF878
:10B42000086001242644CEF80860C5ED027AC1ED1B
:10B43000027AD2ED027ADFED516A35EEE77AB4EEA8
:10B44000E67AF1EE10FA46DDBCEEC77A4C4C17EE08
:10B45000101AA5689FED497AA94288BFA16077EECE
:10B46000877A48490133CCED027AC2ED027A8A68C4
:10B4700001328A600360BDF906309FED437A43488C
:10B4800007EE903AF8EEE77AB3EE090AA7EE870ADC
:10B49000F0EE480ADFF708FB3D4B83ED000A08B0E9
:10B4A000BDEC028B70BDDFF8D8E0FCEEE67ADEF88A
:10B4B000046017EE904AB44244D8DFED307A76EE5D
:10B4C000277A0133DFF8BCE0DEF80460012426446B
:10B4D000CEF804607AE737EEE57AB4EEE67AF1EE7C
:10B4E00010FA28DDBCEEC77A254C17EE101AA568B5
:10B4F0009FED227AA94288BFA16077EEC77A2149E1
:10B500000133B0E736EEE77AB4EEC67AF1EE10FA20
:10B510008BDDDFF880E0FCEEC77ADEF8086017EE1E
:10B52000904ADFED157AB44276EEE77A88BFCEF81E
:10B530000840013371E7CCED025AC2ED025A002CEB
:10B5400099D097E7CEED017AB7E7DFF834E0FCEE6B
:10B55000C77ADEF8046017EE904AB44201D9CEED06
:10B56000017ADFED067A013376EE677AAAE784ED99
:10B57000007A58E6002460E600409C450000004642
:10B580009CA6002084A60020CF57F73BD8060020B9
:10B59000BC000020A8A6002090A60020002210B524
:10B5A00076211046F1F760F900224E211046F1F79E
:10B5B0005BF99620E5F77CFF0F224E210020F1F782
:10B5C00053F90F20E5F774FF504B514C1B78E25CA8
:10B5D000120142F006024F2102F0F6020020F1F7BC
:10B5E00043F90F20E5F764FF4A4B1B78E25C120138
:10B5F00042F00602502102F0F6020020F1F734F981
:10B600000F20E5F755FFFF2252210020F1F72CF91A
:10B610000F20E5F74DFF012276210020F1F724F9F4
:10B6200006220C210020F1F71FF924220D21002011
:10B63000F1F71AF9A0220E210020F1F715F90222E4
:10B6400076210020F1F710F90C2203210020F1F7F8
:10B650000BF9242204210020F1F706F9A02205218C
:10B660000020F1F701F9002276211046F1F7FCF8ED
:10B67000032214210020F1F7F7F80F20E5F718FF57
:10B68000002263211046F1F7EFF86420E5F710FF80
:10B69000082265210020F1F7E7F8602264210020EC
:10B6A000F1F7E2F80F20E5F703FF4D210020F1F755
:10B6B00083F800F03F0242F040024D210020F1F7F4
:10B6C000D3F80F20E5F7F4FE134B1449144A002475
:10B6D00023201C700C701470E5F7EAFE2246204609
:10B6E0007621F1F7C1F820467521F1F765F80D4A8A
:10B6F0000D4913790870472818BF42280CBF012450
:10B70000002464F34513137110BD00BFC200002074
:10B7100014910308C0000020D07C0020D27C0020BF
:10B72000D17C0020347D0020D37C002038B5174C1C
:10B7300000210546EBF77CF894F89A2194F89931AA
:10B7400000211344284684F89A31EBF771F894F8F5
:10B750009A2194F8993100211344284684F89A31AB
:10B76000EBF766F894F89A2194F899310021134484
:10B77000284684F89A31EBF75BF894F89A2194F80C
:10B780009931134484F89A3138BD00BFD0A6002007
:10B79000F8B5574C0F46B52105461646EBF748F865
:10B7A00094F8993194F89A214B3B84F899312846C2
:10B7B0001344622184F89A31EBF73AF84FF0000312
:10B7C00028460621A4F89931EBF732F894F899311C
:10B7D00094F89A21063384F89931284613440121BC
:10B7E00084F89A31EBF724F894F8993194F89A2177
:10B7F000013384F8993128461344032184F89A319F
:10B80000EBF716F894F8993194F89A21033384F8F9
:10B81000993128461344002184F89A31EBF708F84F
:10B8200094F89A2194F8993139461344284684F8BB
:10B830009A31EAF7FDFF94F899311F4494F89A3150
:10B8400084F8997131461F44284684F89A71EAF7C2
:10B85000EFFF94F899311E4494F89A3184F8996175
:10B8600028461E44002184F89A61EAF7E1FF94F823
:10B87000991194F89A311F4E0B44284684F89A3156
:10B88000EAF7D6FF94F89A112846EAF7D1FF28463E
:10B89000F8F7ECFAE5F706FE002400F1320503E0C4
:10B8A000E5F700FE854222D901340120E4B2E5F734
:10B8B000FFFD0A2CF4D13078FCF7F8FE0020EAF7FF
:10B8C00095FEE5F7EFFD85424FF001000FD9E5F752
:10B8D000EFFDE5F7E7FD85424FF0010007D9E5F7F9
:10B8E000E7FDE5F7DFFD85424FF00204DCD8F8BD47
:10B8F000D0A600206890002070B5234C82B00D4681
:10B90000C9B206460191EAF793FF94F8993101997B
:10B91000194494F89A3184F899110B443046C5F3D0
:10B92000072184F89A310191EAF782FF94F899315E
:10B930000199194494F89A3184F899110B443046CE
:10B94000C5F3074184F89A310191EAF771FF94F841
:10B9500099310199194494F89A3184F899110B445A
:10B960003046290E84F89A31EAF762FF94F899215B
:10B9700094F89A3102EB15652B4484F8995184F8B8
:10B980009A3102B070BD00BFD0A6002070B5234C24
:10B9900082B00D46C9B206460191EAF749FF94F814
:10B9A00099310199194494F89A3184F899110B440A
:10B9B0003046C5F3072184F89A310191EAF738FF40
:10B9C00094F899310199194494F89A3184F89911AD
:10B9D0000B443046C5F3074184F89A310191EAF7E8
:10B9E00027FF94F899310199194494F89A3184F811
:10B9F00099110B443046290E84F89A31EAF718FF62
:10BA000094F8992194F89A3102EB15652B4484F847
:10BA1000995184F89A3102B070BD00BFD0A60020C1
:10BA20002DE9F0415A4C8846B52105461E46174679
:10BA3000EAF7FEFE94F8993194F89A214B3B84F88A
:10BA4000993128461344622184F89A31EAF7F0FECE
:10BA50004FF0000328460621A4F89931EAF7E8FEE2
:10BA600094F8993194F89A21063384F8993128464C
:10BA70001344012184F89A31EAF7DAFE94F89931F7
:10BA800094F89A21013384F899312846134403210C
:10BA900084F89A31EAF7CCFE94F8993194F89A2117
:10BAA000033384F8993128461344002184F89A31ED
:10BAB000EAF7BEFE94F89A2194F89931414613446E
:10BAC000284684F89A31EAF7B3FE94F899319844FD
:10BAD00094F89A3184F8998139469844284684F834
:10BAE0009A81EAF7A5FE94F899311F4494F89A31A7
:10BAF00084F8997131461F44284684F89A71EAF710
:10BB000097FE94F8992194F89A31B118C9B20B4470
:10BB1000284684F89A3184F89911EAF789FE94F856
:10BB20009A111C4E2846EAF783FE2846F8F79EF93C
:10BB3000E5F7B8FC002400F1320503E0E5F7B2FCBC
:10BB4000854222D901340120E4B2E5F7B1FC0A2C88
:10BB5000F4D13078FCF7AAFD0020EAF747FDE5F7BD
:10BB6000A1FC85424FF001000FD9E5F7A1FCE5F7F4
:10BB700099FC85424FF0010007D9E5F799FCE5F7FC
:10BB800091FC85424FF00204DCD8BDE8F08100BF93
:10BB9000D0A600206890002070B56D4C82B00E4693
:10BBA000B5210546EAF744FE94F8993194F89A21B4
:10BBB0004B3B1A442846622184F89A2184F8993133
:10BBC000EAF736FE4FF0000328460621A4F8993123
:10BBD000EAF72EFE94F8993194F89A2106331A4424
:10BBE0002846082184F8993184F89A21EAF720FE42
:10BBF00094F8993194F89A2108331A44284606217A
:10BC000084F8993184F89A21EAF712FE94F8993170
:10BC100094F89A2106331A442846002184F8993171
:10BC200084F89A21EAF704FE94F89A2194F899315D
:10BC3000F1B21344284684F89A310191EAF7F8FDED
:10BC400094F899310199194494F89A3184F899112A
:10BC50000B442846310A84F89A31EAF7E9FD94F852
:10BC6000993103EB162694F89A3184F899612846A5
:10BC70001E44012184F89A61EAF7DAFD94F89931BB
:10BC800094F89A21334E01331A442846002184F84F
:10BC9000993184F89A21EAF7CBFD94F89A2194F827
:10BCA000993128461344012184F89A31EAF7C0FDFE
:10BCB00094F8993194F89A2101331A4428460021C6
:10BCC00084F89A2184F89931EAF7B2FD94F8991131
:10BCD00094F89A3128460B4484F89A31EAF7A8FD83
:10BCE00094F89A112846EAF7A3FD2846F8F7BEF81B
:10BCF000E5F7D8FB002400F1320503E0E5F7D2FBBD
:10BD0000854222D901340120E4B2E5F7D1FB0A2CA7
:10BD1000F4D13078FCF7CAFC0020EAF767FCE5F7BD
:10BD2000C1FB85424FF001000FD9E5F7C1FBE5F7F4
:10BD3000B9FB85424FF0010007D9E5F7B9FBE5F7FC
:10BD4000B1FB85424FF00204DCD802B070BD00BFE9
:10BD5000D0A600206890002070B5504C504EB52100
:10BD60000546EAF765FD94F8993194F89A214B3B22
:10BD70001A442846622184F89A2184F89931EAF716
:10BD800057FD4FF0000328460621A4F89931EAF741
:10BD90004FFD94F8993194F89A2106331A442846B5
:10BDA000092184F8993184F89A21EAF741FD94F841
:10BDB000993194F89A2109331A4428460D2184F8C0
:10BDC000993184F89A21EAF733FD94F8993194F87F
:10BDD0009A210D331A440021284684F8993184F8B9
:10BDE0009A21EAF725FD94F89A2194F8993128468A
:10BDF000134484F89A31FFF799FC40F21F4128461A
:10BE0000FFF77AFD2846FFF791FC28460321EAF761
:10BE10000FFD94F8991194F89A310331C9B20B448B
:10BE2000284684F89A3184F89911EAF701FD94F8CC
:10BE30009A112846EAF7FCFC2846F8F717F8E5F7C8
:10BE400031FB002400F57A7503E0E5F72BFB854212
:10BE500022D901340120E4B2E5F72AFB0A2CF4D1FF
:10BE60003078FCF723FC0020EAF7C0FBE5F71AFB6B
:10BE700085424FF001000FD9E5F71AFBE5F712FBF9
:10BE800085424FF0010007D9E5F712FBE5F70AFB01
:10BE900085424FF00204DCD870BD00BFD0A6002060
:10BEA0006890002070B55E4C5E4EB5210546EAF7FD
:10BEB000BFFC94F8993194F89A214B3B1A442846D8
:10BEC000622184F89A2184F89931EAF7B1FC4FF0A5
:10BED000000328460621A4F89931EAF7A9FC94F852
:10BEE000993194F89A2106331A442846162184F889
:10BEF000993184F89A21EAF79BFC94F8993194F8E7
:10BF00009A2116331A442846082184F8993184F876
:10BF10009A21EAF78DFC94F8993194F89A21083324
:10BF20001A442846002184F8993184F89A21EAF7C6
:10BF30007FFC94F89A2194F8993128461344002103
:10BF400084F89A31EAF774FC94F89A2194F89931BC
:10BF500028461344032184F89A31EAF769FC94F8DF
:10BF6000993194F89A2103210B441A44284684F805
:10BF7000993184F89A21EAF75BFC94F8993194F8A6
:10BF80009A2103331A440021284684F8993184F811
:10BF90009A21EAF74DFC94F89A2194F899312846B1
:10BFA000134484F89A31FFF7C1FB94F8991128469D
:10BFB000EAF73EFC94F89A112846EAF739FC28463D
:10BFC000F7F754FFE5F76EFA002400F1320503E0BD
:10BFD000E5F768FA854222D901340120E4B2E5F799
:10BFE00067FA0A2CF4D13078FCF760FB0020EAF7FE
:10BFF000FDFAE5F757FA85424FF001000FD9E5F752
:10C0000057FAE5F74FFA85424FF0010007D9E5F7F7
:10C010004FFAE5F747FA85424FF00204DCD870BDCD
:10C02000D0A600206890002070B58D4C8D4EB521B3
:10C030000546EAF7FDFB94F8993194F89A214B3BB9
:10C040001A442846622184F89A2184F89931EAF743
:10C05000EFFB4FF0000328460621A4F89931EAF7D8
:10C06000E7FB94F8993194F89A2106331A4428464C
:10C07000002184F8993184F89A21EAF7D9FB94F8E1
:10C080009A2194F8993128461344142184F89A315E
:10C09000EAF7CEFB94F8993194F89A2114331A44B4
:10C0A0002846002184F8993184F89A21EAF7C0FBE8
:10C0B00094F89A2194F8993128461344012184F880
:10C0C0009A31EAF7B5FB94F8993194F89A21013343
:10C0D0001A442846002184F8993184F89A21EAF715
:10C0E000A7FB94F89A2194F899312846134400212B
:10C0F00084F89A31EAF79CFB94F89A2194F89931E4
:10C1000028461344002184F89A31EAF791FB94F809
:10C110009A2194F89931284613444FF40D6184F81C
:10C120009A31FFF7E9FB28464FF4E131FFF7E4FBD2
:10C1300028460721EAF77CFB94F8993194F89A2174
:10C1400007331A442846002184F8993184F89A214B
:10C15000EAF76EFB94F89A2194F899312846134433
:10C16000012184F89A31EAF763FB94F8993194F845
:10C170009A2101331A442846002184F8993184F821
:10C180009A21EAF755FB94F89A2194F899312846B8
:10C190001344002184F89A31EAF74AFB94F89A2173
:10C1A00094F8993128461344002184F89A31EAF72B
:10C1B0003FFB94F89A2194F89931284613440021C2
:10C1C00084F89A31EAF734FB94F89A2194F899317B
:10C1D00028461344002184F89A31EAF729FB94F8A1
:10C1E000991194F89A3128460B4484F89A31EAF769
:10C1F0001FFB94F89A112846EAF71AFB2846F7F72E
:10C2000035FEE5F74FF9002400F5C87503E0E5F7C2
:10C2100049F9854222D901340120E4B2E5F748F911
:10C220000A2CF4D13078FCF741FA0020EAF7DEF965
:10C23000E5F738F985424FF001000FD9E5F738F9F5
:10C24000E5F730F985424FF0010007D9E5F730F9FD
:10C25000E5F728F985424FF00204DCD870BD00BF35
:10C26000D0A600206890002070B5774C774EB5219D
:10C270000546EAF7DDFA94F8993194F89A214B3B98
:10C280001A442846622184F89A2184F89931EAF701
:10C29000CFFA4FF0000328460621A4F89931EAF7B7
:10C2A000C7FA94F8993194F89A2106331A4428462B
:10C2B000072184F8993184F89A21EAF7B9FA94F8B9
:10C2C000993194F89A2107331A442846142184F8A6
:10C2D000993184F89A21EAF7ABFA94F8993194F8F5
:10C2E0009A2114331A442846002184F8993184F89D
:10C2F0009A21EAF79DFA94F89A2194F899315449D1
:10C300001344284684F89A31FFF7F6FA2846514933
:10C31000FFF7F2FA28460021EAF78AFA94F89A2100
:10C3200094F8993128461344012184F89A31EAF7A8
:10C330007FFA94F8993194F89A2101331A442846E7
:10C34000002184F8993184F89A21EAF771FA94F877
:10C350009A2194F8993128461344002184F89A319F
:10C36000EAF766FA94F89A2194F89931284613442A
:10C37000002184F89A31EAF75BFA94F89A2194F84C
:10C38000993128461344002184F89A31EAF750FA8B
:10C3900094F89A2194F8993128461344002184F89E
:10C3A0009A31EAF745FA94F89A2194F89931284697
:10C3B0001344002184F89A31EAF73AFA94F89A2162
:10C3C00094F8993128461344002184F89A31FFF7F4
:10C3D000DDFA94F899112846EAF72AFA94F89A11A6
:10C3E0002846EAF725FA2846F7F740FDE5F75AF818
:10C3F000002400F1320503E0E5F754F8854222D924
:10C4000001340120E4B2E5F753F80A2CF4D1307876
:10C41000FCF74CF90020EAF7E9F8E5F743F8854224
:10C420004FF001000FD9E5F743F8E5F73BF88542F7
:10C430004FF0010007D9E5F73BF8E5F733F88542FF
:10C440004FF00204DCD870BDD0A600206890002018
:10C4500040420F00A086010070B52A4CB521054668
:10C46000EAF7E6F994F8993194F89A214B3B1A448B
:10C470002846622184F8993184F89A210026EAF747
:10C48000D7F928460A21A4F89961EAF7D1F994F876
:10C49000993194F89A210A331A442846042184F8E1
:10C4A000993184F89A21EAF7C3F994F8993194F80C
:10C4B0009A2104331A443146284684F8993184F885
:10C4C0009A21EAF7B5F994F89A2194F8993131460E
:10C4D0001344284684F89A31EAF7AAF994F8991196
:10C4E00094F89A3128460B4484F89A31EAF7A0F977
:10C4F000284694F89A11EAF79BF92846BDE870405F
:10C50000F7F7B4BCD0A600202DE9F04782B08A46E8
:10C510000546E4F7C7FFDFF8A881644E644C0027A6
:10C52000814688F80070E4F7BDFFA0EB0900504594
:10C5300098F8003033D293BB2846EAF78FF8F0B171
:10C540002846EAF7C1F83378082BF5D8DFE803F07E
:10C550009A94867A6B53382F050094F898215549A0
:10C56000121A0B7AB2FA82F20020520962F3041313
:10C57000307028460B72EAF771F80028E0D10137D5
:10C58000FFB20A2F00F087800120E4F791FFE4F763
:10C5900089FFA0EB0900504598F80030CBD3A3F1F8
:10C5A0000100B0FA80F0400902B0BDE8F08794F8CD
:10C5B00097311B1AB3FA83F35B09DB003370BBE7D7
:10C5C000B4F801303C4AD054B4F80130B4F8051046
:10C5D00001339AB29142A4F8013004BF07233370AB
:10C5E00094F8973194F8982103441A4484F89731C9
:10C5F00084F89821A0E7B4F8052094F8973194F8CE
:10C600009811034402EB0022194490B2A4F80520CB
:10C6100084F8973184F89811D0B300230622637010
:10C62000A370327088E794F8973194F89821A4F8B1
:10C63000050003441A44052184F8973184F89821B1
:10C64000317079E74FF0000360F3070360F30F23C5
:10C650000222E070A4F8973132706DE794F89731B8
:10C6600094F89821207103441A44042184F89731E6
:10C6700084F8982131705FE7622814BF00230323F8
:10C68000337059E7B5287FF457AF0123337053E770
:10C690000723337050E7094A01901078FCF706F839
:10C6A0000198E9F7A3FF019F6EE700BFA8A900204A
:10C6B000D0A60020347D0020D7A60020689000205E
:10C6C00070A800202DE9F04FDFF8D8E1724C734FCD
:10C6D000734E05468B46BEE80F0087B0EC46ACE8CB
:10C6E0000F009EE803004FF0000A8CE8030004F8F6
:10C6F00005A0E84607F1180957F8041B2846F0F78B
:10C7000065FDE4F7CFFE002400F1320A03E0E4F710
:10C71000C9FE824522D901340120E4B2E4F7C8FE03
:10C720000A2CF4D13078FBF7C1FF0020E9F75EFF57
:10C73000E4F7B8FE82454FF001000FD9E4F7B8FEE8
:10C74000E4F7B0FE82454FF0010007D9E4F7B0FEF0
:10C75000E4F7A8FE82454FF00204DCD858F8044BF9
:10C76000217831B12846EAF763F814F8011F00294F
:10C77000F8D1E4F797FE002400F1640A03E0E4F73F
:10C7800091FE824522D901340120E4B2E4F790FE03
:10C790000A2CF4D13078FBF789FF0020E9F726FF57
:10C7A000E4F780FE82454FF001000FD9E4F780FEE8
:10C7B000E4F778FE82454FF0010007D9E4F778FEF0
:10C7C000E4F770FE82454FF00204DCD84F4593D168
:10C7D000E4F768FE324F00F1C806002403E0E4F7F6
:10C7E00061FE864222D901340120E4B2E4F760FE02
:10C7F0000A2CF4D13878FBF759FF0020E9F7F6FE50
:10C80000E4F750FEB0424FF001000FD2E4F750FEC3
:10C81000E4F748FE86424FF0010007D9E4F748FEEE
:10C82000E4F740FE86424FF00204DCD82846594621
:10C83000F0F7CCFCE4F736FE194E00F16405002455
:10C8400003E0E4F72FFE854222D901340120E4B24F
:10C85000E4F72EFE0A2CF4D13078FBF727FF0020F6
:10C86000E9F7C4FEE4F71EFEA8424FF001000FD224
:10C87000E4F71EFEE4F716FE85424FF0010007D9EB
:10C88000E4F716FEE4F70EFE85424FF00204DCD812
:10C8900007B0BDE8F08F00BFE44300209491030887
:10C8A00068900020FC63030830B59B4DEB78013B9A
:10C8B00083B00C2B0CD8DFE803F0540B0B0B470BA9
:10C8C0000B0B0B070B0B39002B79042B00F0B680F8
:10C8D000924C94ED267AD4ED276A914BF7EE007ACC
:10C8E000B4EEE77A9A79F1EE10FA94BF01210021B3
:10C8F00061F304129A71F4EEE76A5A7AF1EE10FAD3
:10C9000094BF0121002161F3C7125A72E4F706FDBA
:10C91000DCF722F99FED837A07EE900A67EE877ABB
:10C92000FCEEE77AC4ED327A03B030BD2B797B4C54
:10C93000012B08BFD5F8073094ED267AD4ED276A8D
:10C9400008BFC4F8BC30C8E7744C2B7994ED267A44
:10C95000D4ED276A002B6DD0012BBED1724A137023
:10C96000BBE72B79023B302BB2D801A252F823F05F
:10C97000DDCE0208F5CD020811CE0208D1C80208AA
:10C98000E1CA020835CB0208D1C80208D1C80208A2
:10C99000D1C80208D1C80208D1C80208D1C802080B
:10C9A000D1C80208D1C80208D1C80208D1C80208FB
:10C9B000C5CC0208D1C80208D1C80208D1C80208F3
:10C9C000D1C80208D1C80208D1C80208D1C80208DB
:10C9D000D1C80208D1C80208D1C80208D1C80208CB
:10C9E000D1C80208D1C80208D1C80208C5CD0208C2
:10C9F000D1C80208D1C80208D1C80208D1C80208AB
:10CA0000D1C80208D1C80208D1C80208D1C802089A
:10CA1000D1C80208D1C80208D1C80208D1C802088A
:10CA2000D1C80208D1C80208D1C80208D1C802087A
:10CA3000ADCE02083C4B02221A704EE7DFF8F0E060
:10CA4000364CD5F80700DEF80410DEF80820DEF8D2
:10CA50000C30A446ACE80F00DEF81000DEF8182019
:10CA6000DEF81410BEF81C30ACE807000EF11E0012
:10CA7000ACF8003009F0C0F895F825202062002AB3
:10CA800000F0F182A2F13003DBB2092B00F2AB829D
:10CA9000302A00F0008395F82620D2B1303AD2B285
:10CAA000092A12D995F827209AB1303AD2B2092A28
:10CAB0000BD995F8281061B1A1F13002D2B2092A40
:10CAC00000F24D82002B00F0468203EB830302EB61
:10CAD000430394ED267AD4ED276A84F82C31FCE6E2
:10CAE0000E4C6B7C94F83220DFED107AD4ED276A7F
:10CAF0009A4238BF84F83230D5F82F3007EE103A1A
:10CB0000B8EE477A95F8363084F8313027EE277A38
:10CB100084ED267AE1E600BFD0A6002078A80020A8
:10CB2000347D0020BD37863570A800200AD7233C0D
:10CB3000D7A60020D5F82F30D5F82B10EA7AE04C94
:10CB4000DFEDE07A06EE103AD5F8333007EE101A32
:10CB5000297B06EE903AD5F8373042EA0122A97CCB
:10CB600000EE903AD5F80730628500394FF47A70BC
:10CB700018BF012100FB03F384F82810D5F80D003D
:10CB800063632364E97E6B7CE062B8EE466AF8EE8C
:10CB9000666AF8EEE00AB8EEC77A84F8321084F8D4
:10CBA0003030D5F81F20D5F82330A97FC4F8E8200D
:10CBB00060EEA70A27EE277A26EE276A66EEA76AB6
:10CBC0006267002284ED1F6A84F83110C4ED380AD0
:10CBD000C4F8D030236784ED127A84ED1E7AC4ED58
:10CBE000206A6264C4ED210AD5F83B20B64B94ED6F
:10CBF000390A93ED001A06EE902AD5F83F20CDEDC4
:10CC0000017A07EE102AF8EEE66AB8EEC77A66EE09
:10CC1000A76A27EE277AC4ED3E6AC4ED226A84ED46
:10CC2000447A84ED237ADDF71BFFA74BD4ED3E0A4F
:10CC300093ED001AB0EE407A94ED3F0A84ED397A14
:10CC4000DDF70EFFA04BD4ED440A93ED001AB0EED1
:10CC5000407A94ED450A84ED3F7ADDF701FFD5F87F
:10CC600047309FED9A5ADDED017ADFED994A06EEE5
:10CC7000103AD5F8433005EE903AD5F84B3007EE30
:10CC8000103AD5F84F3084ED450AB8EEC66A06EE84
:10CC9000903AF8EEE55A26EE056AB8EE477AF8EED5
:10CCA000666A65EEA75A26EE246A27EE277A66EEB4
:10CCB000856AC4ED245A84ED256A84ED267AC4ED94
:10CCC000276A0AE6D5F80B30DFED825A7C4C00EE7D
:10CCD000903AD5F80F3094ED390A07EE103AD5F8AE
:10CCE0001330CDED015A07EE903AF8EEE00AB8EEB7
:10CCF000C77AF8EEE77A744BD5F8072093ED001A5F
:10CD0000626360EEA50A27EE257A67EEA57A84EDC8
:10CD10003E7A84ED227AC4ED380AC4ED210AC4EDCE
:10CD2000447AC4ED237ADDF79BFE674BD4ED3E0ACF
:10CD300093ED001AF0EE407A94ED3F0AC4ED397A93
:10CD4000DDF78EFE604BD4ED440A93ED001AF0EE51
:10CD5000407A94ED450AC4ED3F7ADDF781FED5F8BF
:10CD60001F309FED5A5ADDED015ADFED594A07EEAB
:10CD7000903AD5F81B3006EE103AD5F8233007EE7E
:10CD8000103AD5F8273084ED450AF8EEE77A06EE3A
:10CD9000903AB8EE466A67EE857AB8EE477AF8EED2
:10CDA000666A26EE256A67EEA47A27EE257A66EE95
:10CDB000856A84ED246AC4ED257A84ED267AC4ED73
:10CDC000276A8AE5AB7E5B077FF582AD287DEB7C29
:10CDD0003B4C414AB5F81510A18543EA00230121D7
:10CDE000107863852122FEF7D3FC94ED267AD4EDEA
:10CDF000276A72E5324CEB7A94F8322094ED267A69
:10CE0000D4ED276A9A42BFF468AD84F8323064E505
:10CE1000B5F80D30DFED2F7A294C03EE903AB5F8D6
:10CE20001330D4ED276A04EE103AB5F8113004EE51
:10CE3000903AB5F80F3005EE103AB5F8153005EE1A
:10CE4000903AB5F8173006EE103AB5F80B3007EE09
:10CE5000103AF8EEE33AB8EEC77AB8EEC44AF8EE04
:10CE6000E44AB8EEC55AF8EEE55AB8EEC66A63EE83
:10CE7000A73A24EE274A64EEA74A25EE275A65EE24
:10CE8000A75A26EE276A67EE277AC4ED283A94ED72
:10CE9000267A84ED294AC4ED2A4A84ED2B5AC4ED42
:10CEA0002C5A84ED2D6AC4ED2E7A16E5044CD5F883
:10CEB000073094ED267AD4ED276AE3660DE500BFCE
:10CEC00078A800206F12833A6CA80020ACC52737E1
:10CED00035FA8E3C0AD7233C70900020D5F81B30E1
:10CEE000A04CD5F80F209FEDA05A94ED267AD4EDF2
:10CEF000276A05EE903AD5F81F3006EE103AD5F8BD
:10CF000007304FF47A7101FB03F363632364D5F8B0
:10CF1000173007EE903AF8EE655AB8EE466AF8EE2A
:10CF2000E77A65EE855A67EE857A26EE056AD5F8CA
:10CF30000B30C4F8E83000216164C4F8D0202267C7
:10CF40006367C4ED127AC4ED1E7AC4ED1F5A84EDF6
:10CF5000206AC2E41946302900F0C180134695F8D2
:10CF6000291000293FF4B5ADA1F13002D2B2092A4F
:10CF700006D8002B7FF4A9AD302900F0C6801346F7
:10CF800095F82A1000293FF4A4ADA1F13002D2B2E5
:10CF9000092A05D8002B7FF498AD302965D01346B7
:10CFA00095F82B1000293FF494ADA1F13002D2B2D4
:10CFB000092A05D8002B7FF488AD30295FD01346AD
:10CFC00095F82C1000293FF484ADA1F13002D2B2C3
:10CFD000092A3FF67EAD002B7FF477AD302914BFD0
:10CFE0001346002375E595F82620002A3BD0A2F1D0
:10CFF0003003DBB2092B12D8302A59D095F82720FC
:10D00000002A3FF466ADA2F13001C9B209293FF60A
:10D0100050AD73B103EB830301EB430359E595F87E
:10D02000272002B3A2F13003DBB2092B02D900237F
:10D030003FE50B46302A7FF43CAD95F82830002BB5
:10D040003FF447ADA3F13002D2B2092A82D995F854
:10D050002930002B3FF43DADA3F13002D2B2092AB2
:10D0600079D900238CE7134633E595F82B30002B54
:10D070003FF42FADA3F13002D2B2092A5BD995F863
:10D080002C30002B3FF425ADA3F13002D2B2092A97
:10D0900065D900231DE595F82630002B3FF419AD26
:10D0A000A3F13001C9B2092947D81A460B46A3E7B4
:10D0B00095F82730002B3FF40CADA3F13001C9B235
:10D0C000092945D995F82830002B3FF402ADA3F18A
:10D0D0003002D2B2092A7FF63DAF00233FE795F830
:10D0E0002930002B3FF4F5ACA3F13002D2B2092A6B
:10D0F00031D995F82A30002B3FF4EBACA3F1300284
:10D10000D2B2092A29D900234AE795F82A30002B00
:10D110003FF4DFACA3F13002D2B2092A1DD995F851
:10D120002B30002B3FF4D5ACA3F13002D2B2092A48
:10D1300001D9002344E719463FE795F82730002B33
:10D140003FF4C7ACA3F13001C9B209293FF66FAF74
:10D150001A460B466EE719460EE719461DE71946B3
:10D160003CE700BF78A800206F12833A000000005F
:10D1700008B5DBF797F804A3D3E90023DBF7FCF845
:10D1800041EC100B08BD00BF0E4685C758CC863F4A
:10D1900008B551EC100B04A3D3E90023DBF716FA12
:10D1A000DBF79AFB08BD00BF0E4685C758CC863F0B
:10D1B0004E4A1378082B17D8DFE803F0171C2231EA
:10D1C00040506C8B05004A49DFF828C191F898114E
:10D1D0009CF80830091AB1FA81F14909002061F37D
:10D1E000041310708CF808307047B528FCD1012367
:10D1F00013707047622814BF002303231370704715
:10D200003B4B93F8971193F898C1187101448C44E3
:10D2100083F89711042183F898C1117070474FF07B
:10D220000003334960F3070360F30F234FF0020C50
:10D23000C870A1F8973182F800C070472C4B93F862
:10D24000971193F898C1A3F8050001448C4483F822
:10D250009711052183F898C111707047244BB3F8DA
:10D26000051001EB00211FFA81FCA3F8051093F8CB
:10D270009711014493F8980183F89711014483F8BA
:10D280009811BCF1000F2ED0002106205970997022
:10D2900010707047164BB3F8011003F1070C0CF82F
:10D2A0000100B3F8011001311FFA81FCA3F801104D
:10D2B000B3F80510614504BF0721117093F8972159
:10D2C00093F898110244114483F8972183F8981138
:10D2D0007047074B93F897311B1AB3FA83F35B0936
:10D2E000DB0013707047072313707047A8A9002054
:10D2F000D0A60020347D00202DE9F04F85B00446F3
:10D3000000200191E8F710FCE4F7CCF83F4F00F55E
:10D31000FA66002503E0E4F7C5F8864222D9013514
:10D320000120EDB2E4F7C4F80A2DF4D13878FBF708
:10D33000BDF90020E9F75AF9E4F7B4F886424FF056
:10D3400001000FD9E4F7B4F8E4F7ACF886424FF0E7
:10D35000010007D9E4F7ACF8E4F7A4F886424FF0EF
:10D360000205DCD84FF461324FF4E133CDE90223FA
:10D37000274F284EDFF894900DF108084FF0010A6E
:10D38000D8F800102046EFF721FF07F804A001E0CD
:10D39000E9F79AF92046E9F761F983462046BBF19F
:10D3A000000FF5D1336A002B49D1FFF755F8E4F7A8
:10D3B00079F808F1040800F5FA7503E0E4F772F86B
:10D3C000A8422DD20BF1010B01205FFA8BFBE4F791
:10D3D0006FF8BBF10A0FF1D199F80000FBF766F97D
:10D3E0000020E9F703F9E4F75DF8A8424FF00100E7
:10D3F00016D2E4F75DF8E4F755F8A8424FF00100C3
:10D400000ED2E4F755F84FF0020BD7E768900020F2
:10D41000E443002078A80020E9F756F9FFF7C8FE9A
:10D420002046E9F71BF905462046002DF4D104AA51
:10D430009045336A40F00682002B00F010854FF0D3
:10D440000108F64D05F178076A7815F8021B2046A9
:10D45000FEF79EF9AF42F7D1F14DB5212046E9F72D
:10D46000E7F995F8993195F89A214B3B622185F8B7
:10D4700099312046134485F89A31E9F7D9F94FF0EC
:10D48000000306212046A5F89931E9F7D1F995F86E
:10D49000993195F89A210633242185F8993120464F
:10D4A000134485F89A31E9F7C3F995F8993195F85D
:10D4B0009A2124210B4485F899312046134485F89C
:10D4C0009A31E9F7B5F995F8993195F89A2124330D
:10D4D000002185F899312046134485F89A31E9F7FF
:10D4E000A7F995F89A2195F899312046134485F8C3
:10D4F0009A31FEF71BF902212046E9F799F995F8D0
:10D50000993195F89A210233032185F89931204603
:10D51000134485F89A31E9F78BF995F8993195F824
:10D520009A21033385F899312046134485F89A31BE
:10D53000FEF7FCF82046FEF7F9F80A212046E9F745
:10D5400077F995F8993195F89A210A33002185F8F1
:10D5500099312046134485F89A31E9F769F995F82D
:10D560009A2195F8993100211344204685F89A3183
:10D57000E9F75EF995F89A2195F89931002113445D
:10D58000204685F89A31E9F753F995F89A2195F8EC
:10D59000993100211344204685F89A31E9F748F97A
:10D5A00095F89A2195F8993100211344204685F881
:10D5B0009A31E9F73DF995F89A2195F899310021CA
:10D5C0001344204685F89A31E9F732F995F89A2103
:10D5D00095F8993100211344204685F89A31E9F7EE
:10D5E00027F995F89A2195F899310021134420469E
:10D5F00085F89A31E9F71CF995F89A2195F899314F
:10D6000000211344204685F89A31E9F711F995F87D
:10D610009A2195F8993100211344204685F89A31D2
:10D62000E9F706F995F89A2195F899310021134404
:10D63000204685F89A31E9F7FBF895F89A2195F894
:10D64000993100211344204685F89A31E9F7F0F822
:10D6500095F89A2195F8993100211344204685F8D0
:10D660009A31E9F7E5F895F89A2195F89931002172
:10D670001344204685F89A31E9F7DAF895F89A21AB
:10D6800095F8993100211344204685F89A31E9F73D
:10D69000CFF895F89A2195F8993100211344204646
:10D6A00085F89A31E9F7C4F895F89A2195F89931F7
:10D6B00000211344204685F89A31E9F7B9F895F826
:10D6C0009A2195F8993100211344204685F89A3122
:10D6D000E9F7AEF895F89A2195F8993100211344AD
:10D6E000204685F89A31E9F7A3F895F89A2195F83C
:10D6F000993100211344204685F89A31E9F798F8CA
:10D7000095F89A2195F8993100211344204685F81F
:10D710009A31E9F78DF895F8991195F89A312046E4
:10D720000B4485F89A31E9F783F895F89A11204669
:10D73000E9F77EF82046F6F799FB4FF4FA71204698
:10D74000FEF7E2FE2046FEF78FFD4FF4FA71204609
:10D75000FEF7DAFE2046FEF7A5FB4FF4FA712046ED
:10D76000FEF7D2FEB8F1000F00F0238396F82C21CB
:10D77000082A03D8336A2B498B4267D90222012138
:10D780002046FEF705F8C8212046FEF7BDFE03221D
:10D7900001212046FDF7FCFFC8212046FEF7B4FE1C
:10D7A000122201212046FDF7F3FFC8212046FEF793
:10D7B000ABFE212201212046FDF7EAFFC8212046C9
:10D7C000FEF7A2FE0123194607222046FEF728F99C
:10D7D000C8212046FEF798FE352201212046FDF79C
:10D7E000D7FFC8212046FEF78FFE432201212046A5
:10D7F000FDF7CEFFC8212046FEF786FE64212046B5
:10D80000FEF7CAF94FF4FA712046FEF77DFE204676
:10D81000FEF7A2FA044A0549137A09E01C910308AD
:10D82000D0A600202FE60200347D00200060EA47E9
:10D83000716223F010030020137205B0BDE8F04FB1
:10D84000E8F784B9002B3FF49BADF8E5082A07D030
:10D85000024A934240F2B08302E000BF7F380100E9
:10D86000022220460121FDF793FFC8212046FEF742
:10D870004BFE032220460121FDF78AFFC8212046E6
:10D88000FEF742FE0123194606222046FEF7C8F89D
:10D89000C8212046FEF738FE122220460121FDF75E
:10D8A00077FFC8212046FEF72FFE212220460121C6
:10D8B000FDF76EFFC8212046FEF726FE012319461C
:10D8C00007222046FEF7ACF8C8212046FEF71CFED2
:10D8D000302220460121FDF75BFFC8212046FEF7DC
:10D8E00013FE20466421FEF757F94FF4FA712046E3
:10D8F000FEF70AFE2046B521E8F79AFF95F8993120
:10D9000095F89A214B3B1A442046622185F89A21CA
:10D9100085F89931E8F78CFF4FF000032046062187
:10D92000A5F89931E8F784FF95F8993195F89A218F
:10D9300006331A4420463E2185F8993185F89A210C
:10D94000E8F776FF95F8993195F89A213E331A4415
:10D9500020462C2185F8993185F89A21E8F768FF4F
:10D9600095F8993195F89A212C331A4420460021D4
:10D9700085F8993185F89A21E8F75AFF95F89A21A8
:10D9800095F8993120461344002185F89A31E8F73B
:10D990004FFF95F89A2195F89931204613440221BA
:10D9A00085F89A31E8F744FF95F8993195F89A216E
:10D9B00002331A442046022185F8993185F89A21CC
:10D9C000E8F736FF95F8993195F89A2102331A4411
:10D9D0002046002185F8993185F89A21E8F728FF3B
:10D9E00095F89A2195F8993120461344002185F83D
:10D9F0009A31E8F71DFF95F89A2195F8993120465C
:10DA00001344082185F89A31E8F712FF95F8993107
:10DA100095F89A2108331A442046102185F8993147
:10DA200085F89A21E8F704FF95F8993195F89A213D
:10DA300010331A442046012185F8993185F89A213E
:10DA4000E8F7F6FE95F8993195F89A2101331A44D2
:10DA50002046002185F8993185F89A21E8F7E8FEFB
:10DA600095F89A2195F8993120461344002185F8BC
:10DA70009A31E8F7DDFE95F89A2195F8993120461C
:10DA80001344012185F89A31E8F7D2FE95F89931CF
:10DA900095F89A2101331A442046032185F89931DB
:10DAA00085F89A21E8F7C4FE95F8993195F89A21FE
:10DAB00003331A442046082185F8993185F89A21C4
:10DAC000E8F7B6FE95F8993195F89A2108331A448B
:10DAD0002046012185F8993185F89A21E8F7A8FEBA
:10DAE00095F8993195F89A2101331A44204600217E
:10DAF00085F8993185F89A21E8F79AFE95F89A21E8
:10DB000095F8993120461344002185F89A31E8F7B9
:10DB10008FFE95F89A2195F89931204613440221F9
:10DB200085F89A31E8F784FE95F8993195F89A21AD
:10DB300002331A442046042185F8993185F89A2148
:10DB4000E8F776FE95F8993195F89A2104331A444E
:10DB50002046082185F8993185F89A21E8F768FE72
:10DB600095F8993195F89A2108331A4420460121F5
:10DB700085F8993185F89A21E8F75AFE95F8993198
:10DB800095F89A2101331A442046002185F89931ED
:10DB900085F89A21E8F74CFE95F89A2195F8993185
:10DBA00020461344002185F89A31E8F741FE95F8A4
:10DBB0009A2195F8993120461344032185F89A312A
:10DBC000E8F736FE95F8993195F89A2103331A440F
:10DBD0002046042185F8993185F89A21E8F728FE36
:10DBE00095F8993195F89A2104331A442046082172
:10DBF00085F8993185F89A21E8F71AFE95F8993158
:10DC000095F89A2108331A442046012185F8993164
:10DC100085F89A21E8F70CFE95F8993195F89A2144
:10DC200001331A442046002185F8993185F89A215C
:10DC3000E8F7FEFD95F89A2195F8993120461344AE
:10DC4000002185F89A31E8F7F3FD95F89A2195F8C7
:10DC5000993120461344042185F89A31E8F7E8FD0C
:10DC600095F8993195F89A2104331A4420460121F8
:10DC700085F8993185F89A21E8F7DAFD95F8993118
:10DC800095F89A2101331A442046042185F89931E8
:10DC900085F89A21E8F7CCFD95F8993195F89A2105
:10DCA00004331A442046012185F8993185F89A21D8
:10DCB000E8F7BEFD95F8993195F89A2101331A4499
:10DCC0002046002185F8993185F89A21E8F7B0FDC2
:10DCD00095F89A2195F8993120461344002185F84A
:10DCE0009A31E8F7A5FD95F89A2195F899312046E3
:10DCF0001344062185F89A31E8F79AFD95F8993191
:10DD000095F89A2106331A442046082185F899315E
:10DD100085F89A21E8F78CFD95F8993195F89A21C4
:10DD200008331A442046102185F8993185F89A2144
:10DD3000E8F77EFD95F8993195F89A2110331A4449
:10DD40002046012185F8993185F89A21E8F770FD80
:10DD500095F8993195F89A2101331A44204600210B
:10DD600085F8993185F89A21E8F762FD95F89A21AE
:10DD700095F8993120461344002185F89A31E8F747
:10DD800057FD95F8991195F89A3120460B4485F87E
:10DD90009A31E8F74DFD95F89A112046E8F748FDCD
:10DDA0002046F6F763F84FF4FA712046FEF7ACFB15
:10DDB0002DE5376ADFF89892B7EB080718BF0127FF
:10DDC0004FF00308002F7FF4D1AC2046FEF744FB50
:10DDD000E3F768FB00F5FA7A03E0E3F763FB8245BB
:10DDE00024D901370120FFB2E3F762FB0A2FF4D1F7
:10DDF00099F80000FAF75AFC0020E8F7F7FBE3F780
:10DE000051FB82454FF0010010D9E3F751FBE3F7D6
:10DE100049FB82454FF0010008D9E3F749FB02278F
:10DE2000DBE72046E8F750FCFFF7C2F92046E8F7A9
:10DE300015FC0028F5D1336A08F1FF381F1A18BF06
:10DE4000012718F0FF08BDD1002B7FF48FAC019A99
:10DE5000072A00F3F880072286F82C21F8E44FF413
:10DE6000E131FEF72FFC01233B554FF416512046BC
:10DE7000EFF7ACF9E3F716FBDFF8D49100F13208C5
:10DE80002F4603E0E3F70EFB804523D9013701203D
:10DE9000FFB2E3F70DFB0A2FF4D199F80000FAF76F
:10DEA00005FC0020E8F7A2FBE3F7FCFA40454FF041
:10DEB00001000FD2E3F7FCFAE3F7F4FA80454FF0E4
:10DEC000010007D9E3F7F4FAE3F7ECFA80454FF0E5
:10DED0000207DBD82046FEF7A7F8E3F7E3FADFF8FE
:10DEE000708100F5FA7703E0E3F7DCFA874221D985
:10DEF0000120E3F7DDFA681CC5B20A2DF4D198F8C9
:10DF00000000FAF7D3FB0020E8F770FBE3F7CAFA4A
:10DF100087424FF001000DD9E3F7CAFAE3F7C2FADE
:10DF2000B8424FF0010005D2E3F7C2FA0225DBE761
:10DF3000E8F7CAFB2046E8F791FB05462046002D8E
:10DF4000F6D14FF4E131EFF741F9E3F7ABFADFF83F
:10DF5000008100F1640703E0E3F7A4FA874221D9C6
:10DF600001350120EDB2E3F7A3FA0A2DF4D198F8B8
:10DF70000000FAF79BFB0020E8F738FBE3F792FA82
:10DF800087424FF001000DD9E3F792FAE3F78AFADE
:10DF900087424FF0010005D9E3F78AFA0225DBE753
:10DFA000E8F792FB2046E8F759FB80462046B8F197
:10DFB000000FF5D1FFF745BA01231946022220468A
:10DFC000FDF72EFDC8212046FEF79EFA01231946D3
:10DFD00003222046FDF724FDC8212046FEF794FACF
:10DFE0000123194606222046FDF71AFDC8212046C6
:10DFF000FEF78AFA0123194612222046FDF710FD8A
:10E00000C8212046FEF780FA0A232122012120465A
:10E01000FDF706FDC8212046FEF776FA072201210A
:10E020002046FDF7B5FBC8212046FEF76DFA3022E9
:10E0300001212046FDF7ACFBC8212046FEF764FA1B
:10E04000C821FFF7DCBB082386F82C3108E400BFA9
:10E05000689000200000000070B52DED028B704C20
:10E06000022084B0E7F760FD94F832106D4B94F80D
:10E0700031001A7894ED1F7AA1F10301B1FA81F110
:10E08000490961F386121A701A781978C2F380125E
:10E09000052894BF002202F0010262F38611197074
:10E0A0001A781978F1EE047AB4EEE77AF1EE10FA04
:10E0B000C2F3801202F0010288BF002262F38611CF
:10E0C000197094ED207A1A781978B4EEE77AF1EEA7
:10E0D00010FAC2F3801202F0010288BF002262F33C
:10E0E0008611197094ED267A1A781978F7EE007A6D
:10E0F000B4EEE77AF1EE10FAC2F3801202F00102F8
:10E1000088BF002262F38611197094ED287A1A787C
:10E110001978F0EE007AB4EEE77AF1EE10FAC2F375
:10E12000801202F0010258BF002262F386111970BA
:10E130001978DA79C1F3801161F3C302DA711B78BF
:10E140005B0603D404B0BDEC028B70BD04F140004B
:10E15000E3F7B8F9344B84ED4A0A19680D20E3F768
:10E1600011FA94ED348A9FED317A9FED310AF8EE81
:10E17000C87A67EE877A27EE800A03F057FD10EE23
:10E18000100ADAF7A1F802460B4643EC172B0546B6
:10E1900084ED147B18EE100A0E46DAF783F81EA3FE
:10E1A000D3E90023DAF7E8F8C4E93601CDE9020142
:10E1B000D4F8E800DAF776F817A3D3E90023DAF702
:10E1C000DBF82A463346DAF7D7F8C4E93C01CDE953
:10E1D0000001D4F80001DAF765F80FA3D3E90023B2
:10E1E000DAF7CAF89DED001B9DED020BD4ED263A3F
:10E1F00094ED1F3AD4ED3E2A94ED382AC4E9420149
:10E2000000F0C2FA04B0BDEC028BBDE87040E0F74C
:10E21000C5BA00BFAFF300800E4685C758CC863F15
:10E2200078A80020347D002074A8002095BFD63344
:10E2300035FA8E3C70B5694CE37819071FD4E37941
:10E240009A0716D5664D674E2878E8F707FA60B149
:10E250002878E8F739FA3378082BF5D8DFE803F0A7
:10E26000908A7B6E5E44281E1000237ADB0600F144
:10E27000AC800D20E3F7DCF9002840F0878070BD0A
:10E2800000233370584B93F898311A1AB2FA82F27D
:10E29000237A520962F304132372D5E7524B93F8A1
:10E2A00097311B1AB3FA83F35B09DB003370CBE7BA
:10E2B0004D4BB3F80120D91D8854B3F80120B3F8B1
:10E2C00005100132A3F8012092B2914204BF072247
:10E2D000327093F8972193F89811024483F89721AC
:10E2E0000A4483F89821AFE73F4BB3F8052093F831
:10E2F000971102EB0022014493F89801A3F805203E
:10E3000083F8971192B2014483F89811002A59D0EA
:10E3100000225A709A700623337095E7324A92F8B9
:10E32000973192F89811A2F80500034482F89731CA
:10E330000B4482F898310523337085E74FF00003D2
:10E34000294A60F3070360F30F23A2F897310223F1
:10E35000D070337078E7244A92F8973192F8981188
:10E360001071034482F897310B4482F898310423EA
:10E37000337069E7622814BF00230323337063E717
:10E38000B5287FF461AF012333705DE7174B0D2093
:10E390001968E3F7F7F8E0F775FB237A23F08003B9
:10E3A0002372E37923F00803E371A37923F01003C8
:10E3B000A371237823F0400323700220BDE870404E
:10E3C000E7F7C4BB072333703EE7237A60F30413F7
:10E3D0002372FEF769FAFFF73FFE4AE7347D00201B
:10E3E00070900020A8A90020D0A6002074A80020CA
:10E3F00010B5244A244C1178E379244A61F341038F
:10E400001078E3710C21F6F737F9237A2049214A75
:10E41000C1F8282123F010032372237823F040034E
:10E420002370E37823F01003E370237823F0800354
:10E43000237000F03DF84FF4987200211448164CF8
:10E4400007F0D2FCDFED150AB7EE000ADCF7F8FAA8
:10E45000134A1449144B82ED000A4FF4FA6000226B
:10E46000086020781A704FF4E131EEF7AFFE2068B3
:10E470000E4B01221A540821BDE81040C0B2FEF72D
:10E480003BBF00BFA78E0020347D00206890002095
:10E4900078A80020CDCC4C3E7090002000000000F9
:10E4A0006CA8002074A80020A8A90020E443002044
:10E4B000154A002310B4154C13605360144A002011
:10E4C0000021C4E90001C4E90201C2E90001C2E976
:10E4D0000201104C1048114913614FF0000C82F8F2
:10E4E00018C053614FF07E52236003600C4C4360B0
:10E4F0000A600C484A600C492260036010BC0A6044
:10E5000043604A60704700BFDCA90020E8A90020F2
:10E51000F8A90020B8A90020D4A90020CCA9002087
:10E520002C020020C4A90020BCA9002070B52DED4C
:10E53000048B874C237E86B01BB1864BDB781B0790
:10E5400003D506B0BDEC048B70BD60EEA07A824BA3
:10E550009FED825AD3ED005A814ADFED824A92ED57
:10E56000004AE0EE007A21EE017AB1EEE76A61EE50
:10E57000073AF6EE006A63EEA66A36EE656AB0EE1A
:10E58000669A66EE066AE6EE055A66EE856ADFED85
:10E59000767AC3ED005AE4EE246A67EE072AB5EEF8
:10E5A000003A22EE833AF4EEE76AF1EE10FAF0EE6A
:10E5B000438A08D4F2EE047AF4EEE76AF1EE10FA38
:10E5C000D8BFF0EE667A694969486A4BC2ED007AB5
:10E5D00091ED006A684AD0ED006A1B7892ED004A1E
:10E5E000664A71EE013A013BE6EE236ADBB2012B8B
:10E5F00092ED005A624AE7EE056A1E46A1EE056AF0
:10E6000061EE044AD2ED005A65D974EEA55AC0ED08
:10E61000006AC2ED005A81ED006A15EE900ACDED58
:10E62000043A8DED034A8DED027A8DED011ACDEDA0
:10E63000057AB0EE608AD9F747FE0B465149504D36
:10E640000246D1E90001D9F7E1FC484B484A93ED75
:10E65000016AD2ED016ADDED043A9DED034A9DEDBC
:10E66000011A9DED027A84ED044AE3EE866AC4E95C
:10E67000000142494048D1ED014A90ED015AD5EDE3
:10E68000015A012EA1EE246AE7EE246A21EE054A22
:10E6900041D9374B75EE847AC3ED016A384BC3ED2F
:10E6A000017A324B83ED016A17EE900A8DED015A23
:10E6B000D9F70AFE0B4633490246D1E90201D9F7E0
:10E6C000A5FC9DED015AC4E9020184ED055A06B08E
:10E6D000BDEC048B70BDB6EE003A20EE033AA0EE1E
:10E6E000014A254BE7EE034A83ED004AE8EEA76AAC
:10E6F000234B74EEA55AA9EE276AC3ED005A1C4BB2
:10E70000A7EE275AC3ED006A184B83ED006A1B4B36
:10E7100083ED005A81E7F6EE003A68EE233ADDED2C
:10E72000057AA3EE874AE8EEA76AA9EE276AE7EE24
:10E73000274AA8EE015A74EE257A80ED015AC2EDFF
:10E74000016A83ED016AC5ED017AC1ED014AABE7CB
:10E75000F8A90020347D0020B8A900200AD7233C66
:10E760002C020020A4707D3FCDCCCC3DC4A900205C
:10E77000CCA90020A98E0020D4A90020BCA900208B
:10E78000DCA90020E8A90020034BDB78C3F3C0021A
:10E790001B0703D5704700BF347D00202DE9F04FE3
:10E7A0002DED028BE94C8BB0CDED023A03928DED4D
:10E7B000013A8DED002A59EC118B57EC106BB0EE3D
:10E7C000628AE2F7ABFD237E9DED002A9DED013AC2
:10E7D000DDED023A039ADFF89CE3002B00F029827A
:10E7E000DEF80030DEF80450C31A61EB050CD84D9A
:10E7F0009D4272EB0C0CC0F01C8223EE033A9FED9D
:10E80000D57AB4EEC73AF1EE10FACEE9000100F184
:10E8100041829FEDD17AB4EEC73AF1EE10FAD4BF3F
:10E82000F0EE437AF0EE477AF0EE678A63EEA33AB1
:10E830009FEDC85AF4EEC53AF1EE10FA08D49FEDF8
:10E84000C65AF4EEC53AF1EE10FAD8BFB0EE635AEC
:10E85000C24BDFEDC97AD3ED003AC14BD3ED006A6C
:10E86000C04B93ED006A66EEE64A78EEA35A75EE69
:10E87000062AB0EE643AA5EEA23AB4EEE73AF1EE1B
:10E8800010FA40F2D380B849B84B8DED015A91EDA2
:10E89000007B5BEC17ABD3ED001A8DED023A5246CC
:10E8A0001D4630465B463946CDED001ACDED035A84
:10E8B000CDED042ACDED054ACDED066A8DED076A52
:10E8C000CDED083A8DED092AD9F79EFBDAF72CF841
:10E8D000DDED001A9DED015A9DED023ADDED035A82
:10E8E000DDED042ADDED054ADDED066A9DED076AE2
:10E8F000DDED083A9DED092A07EE900A77EEE17A00
:10E90000BAEE044AF4EEC47AF1EE10FA08D4B2EE8C
:10E91000044AF4EEC47AF1EE10FAD8BFB0EE674ABA
:10E92000934B93ED001A72EE410AB9EE042AF4EE0D
:10E93000C20AF1EE10FA0AD4F1EE047AF4EEE70A14
:10E94000F1EE10FAD4BFB0EE602AB0EE672A65EEA1
:10E95000A67AF0EE640AE3EEE67AE3EEA24AE5EE8A
:10E96000860A84EE837AC7EE834A66EE667AC0EE44
:10E97000835AE6EEA27AF7EE002A87EE830A72EE59
:10E98000E57A65EE825A24EE822AE0EE045AA7EE7A
:10E99000042A72EEC72A26EEE44A66EE644A27EE9F
:10E9A000866A67EEA67AA2EEA34AE2EEA64AE0EEF7
:10E9B000637A9FED713A8DED015A75EE815AA0EEA2
:10E9C000666AB4EEC43AC3ED005A77EEA47AF1EE6B
:10E9D00010FA624BCDED005AC8BFB0EE434AF6EED6
:10E9E000000A83ED004A67EEA07A5D4BB4EEC63AAA
:10E9F00032EE212AC3ED007AF1EE10FA594B85ED83
:10EA0000002AD8BFB0EE463A83ED003A12EE100A63
:10EA1000D9F75AFC52465B46D9F7F8FADDED005AB1
:10EA20009DED015AC4ED045AC4E900014B4BDFEDE2
:10EA3000527AD3ED013A4A4BD3ED016A494B93ED3B
:10EA4000016A26EEE63A33EEA87A36EE055AF0EE83
:10EA5000434AE7EE054AF4EEE74AF1EE10FA40F2D7
:10EA60001481424A404B92ED012ACDED014A8DEDD1
:10EA7000002A93ED022B57EC126B15463B463246AB
:10EA8000404649468DED027A8DED035A8DED043AEC
:10EA9000CDED056A8DED066ACDED073AD9F7B4FAEA
:10EAA000D9F742FF9DED002ADDED014A9DED027A86
:10EAB0009DED035A9DED043ADDED056A9DED066A74
:10EAC000DDED073A07EE900A77EEC27ABAEE044A15
:10EAD000F4EEC47AF1EE10FA08D4B2EE044AF4EE81
:10EAE000C47AF1EE10FAD8BFB0EE674A204BD3EDEE
:10EAF000012A78EE625AF9EE047AF4EEE75AF1EE62
:10EB000010FA08D4F1EE047AF4EEE75AF1EE10FAB6
:10EB1000D8BFF0EE657AB0EE431AA6EE071A0F4A98
:10EB200027EE267AA3EE853AA3EEE67A66EEC65A7B
:10EB3000C1EE241AE6EE855A83EE240AC7EE240AB3
:10EB400085EEA41AB7EE005A18E000BFF8A900201D
:10EB500080841E000AD7233C0000C842CCA90020B4
:10EB6000C4A90020BCA90020E8A90020DCA900203D
:10EB7000D4A90020B0A90020BD37863535EE613A12
:10EB800020EEC67A35EE405A67EEA15A26EE036AA9
:10EB900063EE261AA1EE666A60EEE64AB0EE613ACE
:10EBA000A5EE267AF0EE656AA1EE633AE4EE016A1C
:10EBB000E3EE854A67EEA07A76EEA26AE4EE007A8A
:10EBC0001FED135AC3ED016A37EE037AF6EE005AD1
:10EBD00027EE257AB4EEE45A304BCDED006AF1EE23
:10EBE00010FAB4EEC65AC8BFF0EE454A77EE827A04
:10EBF00083ED017AF1EE10FA294BC2ED014AD8BF3C
:10EC0000B0EE465A83ED015A17EE900AC5ED017A2F
:10EC1000D9F75AFB32463B46D9F7F8F9DDED006AE1
:10EC2000C4E90201C4ED056A0BB0BDEC028BBDE87E
:10EC3000F08F1C4BCEF80410C3E900671A491B4A39
:10EC400081ED002AC3E90289194B81ED018A4FF059
:10EC5000000C1249C3F804C0C3F800C04FF07E5343
:10EC600053601360C4E900670D4AC1F804C0C4E9E9
:10EC70000289C1F800C00121CEF800005360136082
:10EC800084ED042A84ED058A21760BB0BDEC028B5D
:10EC9000BDE8F08FF0EE478AC8E500BFC4A90020A8
:10ECA000BCA90020E8A90020D4A90020CCA90020FC
:10ECB000DCA9002010B51C4C2DED048BD4ED018A8D
:10ECC000B0EE680A02F0B2FFB0EE408AB1EE680A18
:10ECD00002F0ECFF94ED009AF0EE408AB0EE490AA3
:10ECE00002F0A4FFF0EE409AB0EE490A02F0DEFF17
:10ECF0000E4BD3ED017A93ED007A68EEE70AF0EE61
:10ED0000406A93ED020AE0EE080A20EE280A60EE5F
:10ED1000A60AA7EE880AE7EE290A02F079FEBDEC02
:10ED2000048BB1EE400A10BDD87C00200CBD002041
:10ED300030B583B000230F2120200093ADF80430BC
:10ED4000E2F720FC244B0622187803216B46EDF7EE
:10ED50003FFE00B3BDF80010BDF80230BDF804203E
:10ED60001E4D49BA08B25BBA52BA10F5805F6B808B
:10ED7000AA8029801BB212B22BD012F5805F18BF77
:10ED800013F5805F0CBF01230023154C627863F3F9
:10ED90008202627005E0124C104D637843F0040368
:10EDA0006370637A0F49DA0656BF0F4B00221A7858
:10EDB000881EDBF703FF637ADB0608D50949AB88B9
:10EDC00031F8022C5B42524221F8022CAB8003B096
:10EDD00030BD0123D9E700BFF700002004BD0020AB
:10EDE000347D002006BD0020E17C030808B52F4BD0
:10EDF0001A79C2F38011520603D52D4A117829B928
:10EE000008BD1A7A61F300021A7208BD2020E2F7E9
:10EE10000FFC274A0028F3D000211170FFF788FF6C
:10EE20002449254AB1F90230D2F857029FED236AEE
:10EE300007EE903AB1F9043007EE103AB1F900301C
:10EE4000D2F85B12D2F8532206EE903A05EE900A01
:10EE5000F8EEE77A05EE102A77EEA57AF8EEE66A84
:10EE600005EE901AB8EEC77A76EE856A37EE257A07
:10EE7000DFED135A134A144867EE867A27EE257A97
:10EE800066EE866A82ED017AC2ED006AC2ED027A10
:10EE9000E2F718FB054B5A78197AC2F3800282F028
:10EEA000010262F30001197208BD00BF347D002029
:10EEB000F600002004BD0020B0810020CD0C9E444F
:10EEC000662693440CBD002018AA002030B5684B7C
:10EED000684C1878684D83B01521F5F7CDFB237980
:10EEE00095F8202023F04003237122B195F82110DA
:10EEF000002900F09B8023795A06C3F3801106D4C1
:10EF0000237995F8902061F386132371A2B92379B0
:10EF1000C3F380125B0633D46378584843F004038C
:10EF20006370237A027062F3000355482372554BD5
:10EF300002701A7003B030BD95F891100029E6D127
:10EF4000514B03220920EDF79FFD3220E2F7B0FA82
:10EF50004D2101220DF107038DF8071009200A2128
:10EF6000EDF7D0FB9DF80730484A482B1370CED1FF
:10EF70002379474A092143F0400311702371C6E702
:10EF80003220E2F795FA424B187805EB0015A97884
:10EF9000002945D13F4B0422EDF776FD3C4D64201E
:10EFA000E2F786FA28780021EDF706FC354B024699
:10EFB000012128781A70EDF7FFFB314B0246022140
:10EFC00028781A70EDF7F8FB2C4B1870FFF7B0FE9D
:10EFD00000212020E2F7D6FA6420E2F769FA2E4BEE
:10EFE00001221A70FFF702FFFFF764FE2B4A6379D4
:10EFF00092F84B222A49A2F10102B2FA82F2520996
:10F0000062F3410363716379627881ED000AC3F3AF
:10F01000400383F0010363F38202627003B030BDEA
:10F02000204B04220021EDF72FFDB7E7164B0322FA
:10F030000220EDF729FD3220E2F73AFA4D210122B4
:10F040000DF107038DF8071002200A21EDF75AFB96
:10F050009DF807300D4A482B13707FF44CAF23798D
:10F060000B4A022143F040031170237143E700BFB4
:10F0700068900020347D0020E47C03082CBD002033
:10F080002DBD00202EBD0020380200202FBD002005
:10F09000F700002034020020F6000020B08100209C
:10F0A0001CBD0020300200202DE9F04F954C89B0A6
:10F0B00083460220E6F738FD23795A0640F1E580C1
:10F0C000914B1B78002B00F0E080904FDFF86092AE
:10F0D000D7F85332C9F80030D7F85732C9F804309E
:10F0E000D7F85B32C9F808306378894ADFF8448280
:10F0F000884E8948002565F3820363706379C7F8F9
:10F10000535265F34103637197F84B3213702946EC
:10F11000FF234FF49652C7F85752C7F85B5287F84F
:10F120004B3206F061FEC8E90055C8E9025535804A
:10F13000E2F7B8F90F2100F56A4520206035E2F7C3
:10F1400021FA08E0E2F7AEF93388B3F5C87F5DD85D
:10F15000A84200F2A580DDF76BFC2020E2F768FAF8
:10F160000028EFD0FFF7E4FD6378C3F3800A5B0764
:10F17000E8D46A49B6F800E0B1F90030002B07EE98
:10F18000903A0A46D4BF00230123B1F902105B0074
:10F190000029C8BF0133F8EEE76A07EE901AB2F90A
:10F1A00004105D4A5B000029C8BF0133B8EEE77A5E
:10F1B00007EE901A38F813100EEB4E0CF8EEE77AC3
:10F1C00002EB8C0C3629CCED006A8CED017ACCED8B
:10F1D000027A50460EF1010E01F1010C00F28C8012
:10F1E00028F813C04E4BA6F800E01878CDF80CA014
:10F1F000F6F760FA0398E6F7A9FC0320E6F794FC1B
:10F20000E2F750F93388B3F5C87FA1D9A84247D8AF
:10F21000E6F7F8FC0020E6F787FC0220E9F77AFC25
:10F22000DDF706FC04AB00939FED3E0A31883A48B7
:10F2300005ABC822DBF770FD3B4B049A188063785E
:10F24000C7F84F2223F004036370637943F002038D
:10F250006371059BC7F853320125069BC7F85732E7
:10F260002946079BC7F85B32082087F84B52E9F71D
:10F2700031FC2E4B1D70DDF7DBFBEBF76BFE2A46F6
:10F2800034215846F5F74AFA04E000223421584662
:10F29000F5F744FA022009B0BDE8F04FE6F756BC96
:10F2A000E6F7B0FC1A4B1B7887F84B32A3F101024A
:10F2B000B2FA82F26379520962F341036371D9F8B9
:10F2C0000030D9F80420C7F853320120D9F80830AB
:10F2D000C7F85722C7F85B32E6F726FC0820E9F7A3
:10F2E00019FC584600223421F5F718FA022009B01B
:10F2F000BDE8F04FE6F72ABCE6F716FC0320E6F778
:10F3000025FC1FE7347D0020A48E0020B081002062
:10F3100020AA002032AA002044AA002004BD002018
:10F32000689000200AD7233C30AA0020A881002042
:10F3300024AA002034AA00202DE9F047B64CA37877
:10F340009D0686B040F1FA80E378C3F3C001180748
:10F350000D4600F1F980B14B1A78002A00F0F180D7
:10F3600003200391E2F772F9002800F0EA80AB4B2A
:10F3700003991970AA4B1B78002B00F00881E1F764
:10F38000CDFF05AB06460F460322294601209946CC
:10F39000ECF740FD32460546824600903B46012090
:10F3A000EDF772F985B19DF815309DF814201B0218
:10F3B00043EA02439DF81620190242EA0302994BE0
:10F3C00048BF42F07F421A6002238DF81430E1F703
:10F3D000A5FF012205460E464B4608211046ECF7D4
:10F3E000EDFD2A46009033460120EDF74DF94FF42C
:10F3F0007A5200230320E2F7D1F88B4B8B4A8848DE
:10F4000093F8008082F800A000210170B8F1000F8D
:10F4100000F0978085490A78002A00F09280814A9E
:10F420009FED837A1068834ADFF820C2039307EECA
:10F43000900AB8EEE76AD2ED007ABCF90030DFF846
:10F4400010C27D4AC6EE076A50620120F8EEE77AE4
:10F45000F6EE005A87EE875A07EE903ABCF9003074
:10F46000DFF8F0C107EE103AF8EEE77AB8EEC77AA7
:10F4700075EE654AA6EEA77ADCED007ADFF8D8C112
:10F48000BCF90030DFF8D4C106EE103AF8EEE77AA6
:10F49000BCF90030DFF8C8C1E6EE877A9CED000ABF
:10F4A000DFF8C0C107EE103AB8EEC66ABCF900300A
:10F4B000DFF8B4C1B8EEC77AB8EEC00AA6EE867A15
:10F4C000A6EEA70A07EE903AF8EEE77ABCF900300C
:10F4D000DFF898C1E6EE877A00EE903ABCF900308A
:10F4E000A4EEA70AF8EEE00A07EE903A60EE850A6D
:10F4F000F8EEE77A82ED050AE7EEA50A82ED030A47
:10F50000C2ED040AEAF7D8F84C48DBF7C9F94A4AD1
:10F5100002F1280082ED010AE1F7D4FFA079434906
:10F52000454A039B82ED0C0A4FF0000C81F800C0A5
:10F5300040F00101A17183F800C002E03E4B0022BF
:10F540005A6006B0BDE8F0870320E2F77FF8002894
:10F55000F7D03B4B0320D3E90023E2F71FF89FEDE0
:10F56000390ADBF7C9F8384B334AD3ED007A77EE26
:10F57000807A02F12800C2ED017AE1F7A3FFA379B6
:10F580002D4A43F0010382ED0C0AA371D9E7E1F79C
:10F59000C5FE032205AB06460F46012011469946DB
:10F5A000ECF738FC32460546804600903B46012089
:10F5B000EDF76AF87DB19DF815309DF814201B0217
:10F5C00043EA02439DF816201A431B02194B48BF19
:10F5D00042F07F421A604FF001078DF81470E1F796
:10F5E0009DFE012205460E464B4608211046ECF7CB
:10F5F000E5FC2A46009033460120EDF745F84FF42C
:10F600007A5200230320E1F7C9FF074B044A83F82D
:10F6100000801770FAE600BF347D0020F60000205D
:10F6200039BD002040BD002038BD002037BD00207E
:10F630000000F04A3CBD0020D07F0020B07F0020B9
:10F6400060BD0020CDCCCC3C5C7C002044BD0020C3
:10F6500048BD002050BD002046BD00204ABD00200E
:10F6600054BD00204CBD002058BD00205ABD0020D4
:10F670002DE9F04F8B4C8C4F8C4E48F2D04200233A
:10F6800093B0C4E90023E1F749FE894AC2E90A01BF
:10F69000D4E900318748884C18189063A0784FF05F
:10F6A000000868F34510A070844887F8008090F83F
:10F6B00010C086F8008041F2883061F10005C2E98F
:10F6C00012311B18C2E90F537D4D7E4B85F8008027
:10F6D00041F10001516483F80080BCF1000F02D0B9
:10F6E000E3781B0702D513B0BDE8F08F6420E1F783
:10F6F000DFFE40F20123ADF818304EF6EC63ADF8B2
:10F700001C300DF11809434699F800806E49C8EB8A
:10F71000C80211F822209AB909F101090DF11A0263
:10F720009145F1D1102B984647D0A37886F80080F8
:10F73000C3F3401300221A433A7013B0BDE8F08FB0
:10F74000624B404683F81380EDF726FB4046ECF70A
:10F75000D5FC0DAB4FF0000807AA0393CDF8149029
:10F760005A4913780B754FF0050904926420E1F7AC
:10F770009FFEADF83480E1F7D1FD039B82468B46B6
:10F7800002220D210120ECF745FB5B46009052461A
:10F790000120ECF779FF9DF83430102B09F1FF3987
:10F7A0000DD019F0FF09E1D1049A0DF11E010132CB
:10F7B0009142D5D1DDF81490AEE70DAB0393B6239B
:10F7C0008DF83430E1F7AAFD012280468946039B7B
:10F7D0000C211046ECF7F2FB42464B46009001200C
:10F7E000ECF752FF0A20E1F763FE4FF032084FF0CA
:10F7F000000906E008F1FF38E1F75AFE18F0FF08AB
:10F8000045D0ADF83490E1F789FD039B82468B46E5
:10F81000022208210120ECF7FDFA5B4600905246D7
:10F820000120ECF731FF9DF834302B7003F0C0035A
:10F83000C02B4FF00200DDD103254FF0000AE1F7A5
:10F840006DFD08AB80468946122210210120ECF79D
:10F85000E1FA4B460090049042460120ECF714FF79
:10F8600004996B1EA1BB13F0FF05E8D1154B1B7863
:10F87000002B40F081810B22A3781249C3F340137F
:10F880000A701022327043F00203082253E70D4938
:10F89000A3780A220A7010223270C3F340130822A0
:10F8A00049E700BF60BD002036BD002035BD002007
:10F8B000D07F002078ECFFFF347D0020E47C03083B
:10F8C00034BD002033BD0020047E0308B88F002023
:10F8D000DDF80C9012220DF1200ECC4605F1FF3818
:10F8E000BAF1000F00F03A814946704606F03AFA44
:10F8F0000DF1200E8046BEE80F00CC46ACE80F00AC
:10F90000013DDEF80030ACF8003015F0FF0500F0E6
:10F910003581B8F1000F92D19DF821209DF820107B
:10F920009DF824309DF82250BDF82A804FEA022E1F
:10F93000120942EA011011F0800F9DF823109DF882
:10F9400025204FEA031343EA0133BDF8261049BAD4
:10F950000EF4706E1FFA81FC6FEA005145EA0E0545
:10F960006FEA115118BF08466FEA05516FEA11514D
:10F970001EF4006F09B218BF0D4613F4002F43EABE
:10F9800012134FEA024202F470224CEA02016FEABB
:10F99000033C6FEA1C3C18BF634612F4002F6FEA69
:10F9A00001326FEA123218BF1146BDF82820BDF8A7
:10F9B0002CE0BDF82EC052BAADF81020BDF83020B2
:10F9C00092FA92F9704A10807048BDF810200580B4
:10F9D0006F4803606F4B19606F4B1A806F4B98FA3A
:10F9E00098F8A3F800806E4B9EFA9EFEA3F800E004
:10F9F0006C4B9CFA9CFCA3F800C06B4BA3F80090E6
:10FA00004FF003098DF83490E1F788FCDDF80C80A5
:10FA1000012282468B46434606211046ECF7CEFA79
:10FA200052465B4600900120ECF72EFE83238DF8B2
:10FA30003430E1F773FC012282468B4643460721AE
:10FA40001046ECF7BBFA002552465B4600900120B9
:10FA5000ECF71AFE8DF83450E1F760FC0122824683
:10FA60008B46434609211046ECF7A8FA52465B46FE
:10FA700000900120ECF708FEADF83450E1F74EFCA1
:10FA8000434682468B46022206210120CDF80C8097
:10FA9000ECF7C0F9DFF82081009052465B46012068
:10FAA000ECF7F2FD9DF8343088F80030ADF83450B2
:10FAB000E1F734FC039B82468B460222072101209A
:10FAC000ECF7A8F952465B4600900120ECF7DCFD0C
:10FAD0009DF8343088F80130ADF83450E1F71EFC61
:10FAE000039B82468B46022209210120ECF792F902
:10FAF00052465B4600900120ECF7C6FD2B4B1D7073
:10FB00002B4B1D702B4B1D709DF8343088F8023044
:10FB100002238DF83430E1F701FC0122039B824679
:10FB20008B4610460821ECF749FA524600905B4696
:10FB30000120ECF7A9FD4FF47A5200234846E1F783
:10FB40002DFDA378102143F020033170A370A3781A
:10FB5000C3F34013082243F00603ECE5BEE80F00B0
:10FB6000ACE80F0018F0FF05DEF80030ACF800300C
:10FB70004FF0010A7FF463AE0C227DE6B8F1000F6E
:10FB80003FF4CAAEF8E700BF5ABD002058BD0020C0
:10FB900054BD002050BD00204CBD00204ABD0020B7
:10FBA00048BD002046BD002044BD002039BD0020D6
:10FBB00037BD002038BD002030BD0020000000000F
:10FBC0002DE9F04F2DED028B694C85B00546A068FC
:10FBD000D8F77AFB0646E0680F46D8F775FB8246F1
:10FBE00060688B46D8F770FB3246804689463B46B4
:10FBF00030463946D8F7C0FB524606460F465B46AC
:10FC000050465946D8F7B8FB02460B4630463946AF
:10FC1000D8F7FCF94246064601F100474B464046FC
:10FC20004946D8F7A9FB02460B4630463946D8F775
:10FC3000CDFC41EC100B01F073FD51EC100BD8F72B
:10FC400073FE064607EE106AD4ED007A2860A068BD
:10FC500094ED008A67EE278AD8F736FB02460B46FA
:10FC6000E068CDE90223D8F72FFB824660688B4617
:10FC7000D8F72AFB9FED3C1B41EC100B01F0E8FD8F
:10FC800030468DED000BD8F71FFBDDE90223064659
:10FC90000F4610461946D8F76FFB524680468946F4
:10FCA0005B4650465946D8F767FB02460B4640462E
:10FCB0004946D8F7ABF99DED000B53EC102BD8F764
:10FCC00085FC78EE087A804617EE900A8946D8F7C8
:10FCD000FBFA02460B4640464946D8F74DFB3246F2
:10FCE0003B46D8F749FBD8F71FFE68606068D8F735
:10FCF000EBFAD4ED027A68EE277A02460B4617EE4D
:10FD0000900ACDE90023D8F7DFFADDE90023804629
:10FD1000894610461946D8F72FFB02460B46404647
:10FD20004946D8F753FC00224FF04043D8F724FB54
:10FD300032463B46D8F720FBD8F7F6FDA86094ED95
:10FD4000037AD4ED026A07EE900A67EE877AB0EE86
:10FD5000680A87EEA67A85ED037A05B0BDEC028BC2
:10FD6000BDE8F08FAFF30080000000000000084005
:10FD700068BD00202DE9F0411746042206461D46C5
:10FD800008460C4B114600F069FA30460A4B012236
:10FD9000042100F063FA042211463846074B00F0B4
:10FDA0005DFA01222846064BBDE8F041114600F0FD
:10FDB00055BA00BF78BD002068BD0020B8BD002046
:10FDC000F8BD00202DE9F041364C2DED028B94ED6D
:10FDD000027AD4ED037A9EB037EE607A77EEC17A7C
:10FDE00004F11006042300961A4684ED027AC4ED4D
:10FDF000037A04F150013046B0EE408A00F008FB6F
:10FE000002A8FFF7DDFE01250DF1180804230EAF4F
:10FE10001A4602A93046CDE90058F0EE408A00F0BB
:10FE200093FA02A82A46414600950197042300F060
:10FE300033FA94ED247ADDED0E7A77EE877AB7EE19
:10FE4000000A80EE270A0AAB2A464046042100F049
:10FE50002FFB3B462A460AA8042138EE680A00F028
:10FE600027FB009421462B4604243846042200F048
:10FE7000CFFA2B4641460AA822460197009400F08B
:10FE800063FA2346224639463046009600F0E8FAE7
:10FE90002146304600F02EFB1EB0BDEC028BBDE8C3
:10FEA000F08100BF68BD002008B52420E1F7C0FB49
:10FEB000F0B1114BDFED117A93ED007AB4EEE77AF1
:10FEC000F1EE10FA15DD0E4A0E4BD2ED007A93EDED
:10FED000007AF4EEC77AF1EE10FA0ADB0A4B93EDE2
:10FEE000007AF4EEC77AF1EE10FA94BF01200020F8
:10FEF00008BD002008BD00BF04BE00203333B33F5F
:10FF0000FC1000203C020020400200200000000005
:10FF100038B52320E1F78CFB002847D0284A294B2D
:10FF2000D2ED007A93ED007AF4EEC77AF1EE10FA92
:10FF30003DDB254B93ED007AF4EEC77AF1EE10FA33
:10FF400035D8224B1868D8F7BFF9214A1F4BD2ED9C
:10FF5000006A93ED017AC6EE877A04460D4667EE95
:10FF6000E77A17EE900AD8F7AFF941EC100B01F0E1
:10FF7000D7FB204653EC102B2946D8F7FDF90EA3EA
:10FF8000D3E90023D8F740F8D8F7CEFC9FED117ADB
:10FF9000114B07EE900AF4EEC77AF1EE10FACCBFDF
:10FFA00001200020C3ED007A80F0010038BD01205F
:10FFB00038BD00BFAFF30080000000606666E63F1A
:10FFC000FC1000203C0200204002002068BD002000
:10FFD000FCBD00203333B33F00BE002070B52DEDD3
:10FFE000028BDFF808C1344B344EDFED357AA6B012
:10FFF0000CF140040193BCE80F0006AD0FC5BCE84E
:020000040803EF
:100000000F000FC5BCE80F000FC59CE80F0085E886
:100010000F000FCC0DF1580EAEE80F000FCCAEE87C
:100020000F000FCCAEE80F0094E80F00D6ED008A69
:10003000CDED037AB0EE007AB0EE680A8EE80F00DC
:100040008DED027A01F0F2FDB1EE048A60EE087ADD
:10005000B0EE680ACDED047A01F028FE20EE080A21
:1000600001AB06AA16A902A88DED050AFFF782FECC
:10007000144B154A1A601548154B1649164A174C69
:100080001A600460D1E90001D8F74EFC144C154BFE
:100090002060D3E90001D8F747FCA060E1F702FA3D
:1000A000114B41F2883118602320E1F76BFA26B03A
:1000B000BDEC028B70BD00BF285C4F3E18BD002018
:1000C000000016434002002000007A434402002052
:1000D0003C02002088160020000048420000B44284
:1000E0000CBE0020B81B00205CBE00201464030876
:1000F0002DE9F0472DED028BDFF80C913C4EDFF837
:100100000CA13C4C3C4D84B0E1F7CCF999ED007B5F
:10011000804630688DED007BD8F7D6F802460B4656
:10012000DDE90001D7F770FFD8F7FEFB08EE100AF3
:10013000B068D8F7C9F809F5A66702460B46D7E9B3
:100140000001D7F761FFD8F7EFFBDAF80030636002
:100150002B68236101EE100A6B68A8686361EB6885
:1001600084ED031AE361C4F8008084ED028AA06183
:100170008DED031AD8F7A8F8DDE90023D7F746FF7D
:1001800041EC100BFDF704F82062E868D8F79CF802
:10019000D7E90023D7F73AFF184BD3E91423D8F750
:1001A00015FA41EC100BFCF7F3FF154B9DED031A0C
:1001B0001B689AED000AA362F0EE480A0023E3628E
:1001C00023636062FFF7FEFDD9E90001D8F7ACFBBD
:1001D00003463360D7E90001D8F7A6FB094BB060AE
:1001E000C3F8008004B0BDEC028BBDE8F08700BF0F
:1001F0000CBE002024BE002068BD002078A800208E
:10020000FC1000205CBE00208816002008BE0020E4
:1002100009480A4ADFF83CC009490A4BC0F800C047
:100220001160094809490A4A1B68DFF82CC0C0F868
:1002300000C00B60136070474402002040020020A1
:1002400000007A43AC7F00203C02002004BE002066
:1002500008BE00200000B44200004842F0B5151E60
:1002600019DD00290E4616DD1F46002134B204FBBD
:1002700001FC04FB016E00EB8C0200EB8E0307EB2C
:100280008C0C52F804EB4CF804EB9342F9D1013199
:1002900009B28D42EBDCF0BD2DE9F04FB2F1000860
:1002A000BDF92440DDF828A04ADD002C48DD9FED93
:1002B000256A074689461E4601EB84004FF0000C74
:1002C00014FB0CF10AEB8101002EA1EC016A1EDD8A
:1002D00006FB0CF307EB830E334407EB8305CB4699
:1002E000DFED187A5A46734692ED007AF3EC016A14
:1002F000E6EE877A9D4202EB840241ED017AF3D16A
:100300000BF1040B834515D0A1EC016AE8E74A46DE
:10031000131D98424FF0000502F108020AD08242F4
:100320000D6007D0131D98424D6002F1080201F1E3
:100330000801F4D10CF1010C0FFA8CFCE045BFDC94
:10034000BDE8F08F000000002DE9F04F83B0B2F15E
:10035000000BBDF93070DDF834A04BDD002F49DD16
:100360009FED2A6A80460E461D464FF0000C0FFA9C
:1003700087F95A4609FB0CF109FB0C7E0AEB810157
:10038000002DA1EC016A0AEB8E0ED8BF00201FDD04
:1003900005FB0CFB0BEB050008EB800008EB8B0B5F
:1003A0000024CDF804C0DFED197A06EB840C5B461F
:1003B000F3EC016ABCEC017AE6EE877A984241EDF3
:1003C000017AF5D1714518D02C44A1EC016AEAE715
:1003D00071450B4608D043F8040B9E4504D0486095
:1003E000083171450B46F6D10CF1010C0FFA8CFC6B
:1003F0006245BFDC03B0BDE8F08FDDF804C00CF14E
:10040000010C0FFA8CFC6245B4DCF3E7000000003D
:100410002DE9F041161E069D1FDD002B98461CDDC0
:100420000F461CB2002104FB01FC04FB018300EB1E
:100430008C0207EB8C0E00EB830305EB8C0CF2ECCB
:10044000017ABEEC017A77EE877A9342ECEC017A7E
:10045000F5D1013109B28E42E5DCBDE8F08100BF83
:100460002DE9F041161E069D1FDD002B98461CDD70
:100470000F461CB2002104FB01FC04FB018300EBCE
:100480008C0207EB8C0E00EB830305EB8C0CF2EC7B
:10049000017ABEEC017A77EEC77A9342ECEC017AEE
:1004A000F5D1013109B28E42E5DCBDE8F08100BF33
:1004B0009C460B1E1DDD002A1BDD30B504460025C1
:1004C00060468646A4460021DCED007A013167EEE5
:1004D000807A8A42CEED007A0CEB820C0EEB830E12
:1004E000F2D10135AB4204F1040400F10400E8D17B
:1004F00030BD704770B50C1E2ADD4FF0000EF6EED1
:10050000006ABEF1010F1DDD00230EF1FF3614FB62
:100510000EF51A46A91802FB04E200EB820C00EB70
:100520008101D1ED007A9CED007A77EE877A013374
:1005300067EEA67A1BB2B342C1ED007A1A46CCED43
:10054000007AE7DB0EF1010E0FFA8EFE7445D8DC5F
:1005500070BD00BF08B5174B984206D0164B9842A5
:100560000FD0164B984218D008BD01214FF400104F
:1005700001F062F8BDE8084000214FF4001001F0DE
:100580005BB801214FF4800001F056F8BDE8084047
:1005900000214FF4800001F04FB801214FF400001A
:1005A00001F04AF8BDE8084000214FF4000001F0D6
:1005B00043B800BF0054004000580040005C0040B9
:1005C00030B5044687B002A8A588019100F0BAFFB3
:1005D00004982E4B0199DFF8BCC0A3FB002325F043
:1005E0003F059B0C1D43A580228822F0010222803A
:1005F0000A6862451DD85200B0FBF2F292B2013394
:10060000042A38BF04222384A283238888884A8945
:1006100043F0010323802388104323F481638A89F4
:10062000098923F002030A4303432380228107B090
:1006300030BDB1F806C04BF6FF75AC4520D002EBDB
:10064000820202EB8202B0FBF2F040F4804082B200
:1006500003EB83030E48C3EB03139B00A0FB0303D0
:100660009B090133238442F00103C2F30B059BB2C3
:10067000002D08BF1A466FEA42426FEA5242C3E7B2
:1006800002EB4202B0FBF2F292B2E1E783DE1B43DF
:10069000D34D6210A0860100054941F2883C00223A
:1006A0004FF48043C0E900C182608381704700BF7E
:1006B0000000FFBF038819B143F0010303807047B6
:1006C00023F0010303807047038819B143F480735A
:1006D0000380704723F4807303807047038819B147
:1006E00043F400730380704723F400730380704762
:1006F0001AB141F001010182704701F0FE0101824F
:10070000704700BF038819B143F4806303807047CA
:1007100023F480630380704701827047008AC0B26F
:10072000704700BF838812B119438180704723EA64
:1007300001038380704700BF044B1A69002A03DA63
:100740000349044A59605A60704700BF003C0240A8
:1007500023016745AB89EFCD024A136943F000439B
:1007600013617047003C0240014BD860704700BFE6
:10077000003C024082B00822224B8DF80720DA6844
:10078000D20316D4DA68D00638D4DA6812F0EF0F44
:1007900036D1DB6813F0020F0CBF082307238DF856
:1007A00007309DF80730012B0AD09DF8070002B0F2
:1007B000704701238DF807309DF80730012BF4D1E5
:1007C000104A0FE0D36813F0EF0F15D1D36813F080
:1007D000020F0CBF082307238DF807309DF8073060
:1007E000012BE2D1D168C9034FF00103F4D4D368DF
:1007F000DB06E7D50523EFE70623EDE70523D9E779
:100800000623D7E7003C024038B5022994BF0C020A
:100810004FF440740546FFF7ADFF082800D038BDFF
:10082000104B1A6922F440721A611A6922431A6144
:100830001A6922F0F8021A611869284340F0020090
:1008400018611A6942F480321A61FFF793FF054B71
:100850001A6922F002021A611A6922F0F8021A617A
:1008600038BD00BF003C024038B504460D46FFF7D6
:1008700081FF082800D038BD0A4B1A6922F4407263
:100880001A611A6942F400721A611A6942F001028F
:100890001A612560FFF76EFF024B1A6922F0010210
:1008A0001A6138BD003C024000B5DFF894E00A88C8
:1008B000038870458C4649681BD0DFF888E0704596
:1008C00017D0B0F1804F29D0DFF87CE0704525D0FB
:1008D0000EF5806E704521D0DFF870E070451DD0B8
:1008E000DFF86CE0704525D0DFF868E0704521D076
:1008F0001AE0BCF802E023F0700343EA0E03BCF8F0
:1009000008E023F4407343EA0E030380C1620285CA
:100910009CF80A3003860123838200BDBCF802E004
:1009200023F0700343EA0E03BCF808C023F44073BD
:1009300043EA0C0303800123C1620285838200BD68
:10094000000001400004014000040040000C004091
:10095000001000400014004000234FF0FF324260BE
:100960000381036083727047038819B143F0010368
:100970000380704723F0010303807047038C23F04A
:10098000010310B50384038C4C88B1F80CE0828815
:10099000B0F818C04EEA040E23F00203134C43EAE9
:1009A0000E03B1F800E02CF0730CA0424CEA0E0CE0
:1009B0000AD004F58064A04206D089688280A0F83D
:1009C00018C04163038410BDCC89B1F810E023F056
:1009D000080323434C8A4EEA040E8C8822F44072AA
:1009E00023F0040342EA0E022343E6E7000001403D
:1009F000038C23F0100310B50384038C4C88B1F8EA
:100A00000CE08288B0F818C04EEA040E23F02003F0
:100A1000144C43EA0E13B1F800E02CF4E64CA0426B
:100A20004CEA0E2C0AD004F58064A04206D08968F6
:100A30008280A0F818C08163038410BDCC89B1F80E
:100A400010E023F0800343EA04134C8A4EEA040EBC
:100A50008C8822F4406223F0400342EA8E0243EA8B
:100A60000413E4E700000140038C23F4807310B505
:100A70000384038C4C88B1F80CE08288B0F81CC069
:100A80004EEA040E23F40073144C43EA0E23B1F82B
:100A900000E02CF0730CA0424CEA0E0C0AD004F5D6
:100AA0008064A04206D089688280A0F81CC0C1631F
:100AB000038410BDCC89B1F810E023F4006343EA4D
:100AC00004234C8A4EEA040E8C8822F4405223F40C
:100AD000806342EA0E1243EA0423E4E70000014087
:100AE000038C23F4805310B50384028C4C88B1F836
:100AF0000CE08388B0F81CC04EEA040E22F40052C9
:100B00000D4C42EA0E32B1F800E02CF4E64CA04263
:100B10004CEA0E2C0AD004F58064A04206D0896805
:100B20008380A0F81CC00164028410BD0C8A23F4E9
:100B3000804343EA8413F2E7000001400023C0E948
:100B40000233036083800361704700BF038B23F08F
:100B500008030B4303837047038B23F4006343EACA
:100B600001230383704700BF838B23F008030B43EB
:100B700083837047838B23F4006343EA01238383D9
:100B8000704700BF0A88B1F802C00B8900B5B1F800
:100B900004E0C988DAB9028C22F001020284028BD7
:100BA00022F0F3024EEA020242EA0312038C0283AD
:100BB00023F00A034CEA030343F001030384038B8D
:100BC00023F00C030383038B0B43038300BD042A30
:100BD00024D0082A43D0028C22F4805202841B03C2
:100BE00043EA0E23B0F81CE0028C22F400525204B7
:100BF000520C42EA0C3240F6FF4C0EEA0C0C4CEA66
:100C0000030342F4805283830284838B23F4406382
:100C10008383838B43EA0123838300BD4FEA0E2E37
:100C20004EEA033E038C23F010030384028B038CF3
:100C300023F0A00343EA0C1340F6FF4C02EA0C0237
:100C400043F0100342EA0E0202830384038B23F471
:100C500040630383038B43EA0123038300BD028CBB
:100C600022F480720284828B22F0F3024EEA0202A6
:100C700042EA0312038C828323F4206343EA0C23A9
:100C800043F480730384838B23F00C038383838B6F
:100C90000B43838300BD00BF002301220360426039
:100CA00003817047406B7047806B7047C06B704723
:100CB000006C7047B0F8443031B16FEA43436FEADB
:100CC0005343A0F844307047C3F30E03A0F84430F8
:100CD000704700BF838912B119438181704723EAAD
:100CE00001038381704700BF038A8289114214BFC8
:100CF00001200020194200F0010008BF00207047C9
:100D0000C9430182704700BF014B5861704700BF63
:100D1000003C014000222DE9F04713460E680C46C6
:100D20000125032704E00133102B02F1020241D018
:100D300005FA03FC3CEA0601F5D1016807FA02F95D
:100D400021EA0901016094F804E0D0F800A00EFA4D
:100D500002F10EF1FF3E41EA0A01BEF1010FC84661
:100D6000016016D8816821EA090181606179D0F8B3
:100D700008E0914041EA0E018160416821EA0C01DE
:100D80004160A179D0F804C0994089B241EA0C01D0
:100D90004160C16821EA0801C16094F807C0C168D8
:100DA0000CFA02FC01334CEA0101102BC16002F184
:100DB0000202BDD1BDE8F0874FF6FF720023C0E903
:100DC000002370470369194214BF012000207047B7
:100DD0000183704741837047CB0800EB830001F02B
:100DE0000701036A89004FF00F0C0CFA01FC23EA9B
:100DF0000C030362036A8A401A430262704700BF11
:100E000082B0064B002201920193019B03EB800309
:100E10000193019B196002B0704700BF5028004049
:100E200082B0064B002201920193019B03EB8003E9
:100E30000193019B186802B0704700BF5028004022
:100E400002683349002322F001024FF0210C88424E
:100E50000260036043608360C3600361C0F814C034
:100E600032D02C4B98422AD02B4B984234D02B4B6B
:100E7000984236D02A4B98422AD02A4B984235D0F5
:100E8000294B98423AD0294B98423BD0284B984264
:100E900030D0284B984212D0274B98421CD0274B79
:100EA00098421ED0264B984212D0264B98421DD015
:100EB000254B984222D0254B984223D070474FF4BF
:100EC000746243F8202C7047214B3D229A60704792
:100ED000204A43F8642C70474FF4741243F8382CBE
:100EE00070474FF0746243F8502C70471A4A43F829
:100EF0007C2C70473D2243F8082C7047174A43F872
:100F0000942C70474FF03D5243F8AC2CD6E700BF0D
:100F10001060024028600240406002405860024079
:100F20007060024088600240A0600240B8600240E9
:100F30001064024028640240406402405864024049
:100F40007064024088640240A0640240B8640240B9
:100F5000006002403D000020400F002000003D20C6
:100F600010B50B68CC684A69D0F800E0DFF850C0D3
:100F700023431343D1E9064223431343D1E90842F3
:100F800023438C6A13434A6B234313438A6B0EEA51
:100F90000C0C134343EA0C03CA6A03604369D1F89B
:100FA00010E023F0070C0B6B134343EA0C0343617F
:100FB000D1E90123C0F804E08260C36010BD00BF26
:100FC0003F801CF00023C0E90033C0E90233C0E9D0
:100FD0000433C0E90633C0E90833C0E90A33C0E985
:100FE0000C338363704700BF036819B143F00103FA
:100FF0000360704723F0010303607047416070474E
:10100000406880B2704700BF006800F00100704780
:101010000B060CD543699AB143F0800380294361E4
:101020000DD0036801F01E01194301607047002ACA
:10103000F7D1036801F01E0123EA01030360704742
:1010400023F0800380294361F3D17047064B984217
:1010500094BF064A064A21F0F02323F08213890048
:101060004CBFD360936070470F6402400060024041
:1010700000640240034B40F0BF6040F40030D86091
:10108000704700BF00ED00E010B50378C178012281
:1010900003F01F0C4FEA531E02FA0CF2D1B11049B3
:1010A0004478C9686FEA010CCCF3022C8178CCF14A
:1010B0000400C0B204FA00F00F2444FA0CFC01EA68
:1010C0000C01014307480344090183F8001340F869
:1010D0002E2010BD034B0EF1200E43F82E2010BD24
:1010E00000ED00E000E100E0014B1860704700BF38
:1010F00000300040014B5860704700BF0030004096
:10110000014B9860704700BF00300040024B4AF628
:10111000AA221A60704700BF00300040024B4CF614
:10112000CC421A60704700BF0030004010B5028A00
:10113000CB8822F44052134386B0038282898B8885
:101140000191044608890343488922F4B05222F0F1
:101150000C0203431343A381A28A8B8922F44072B9
:101160001343A38202A800F0EDF91C4B01999C42A5
:1011700005D003F580639C4201D0049B00E0059BF1
:10118000A0890A6801041649A08903EB83034CBFB8
:101190005200920003EB8303B3FBF2F3A1FB03E2E3
:1011A0004FF0640C520900040CFB12330AD41B01EB
:1011B0003233A1FB0313C3F3431343EA0212228128
:1011C00006B010BDDB003233A1FB0313C3F342139F
:1011D00043EA0212228106B010BD00BF0010014098
:1011E0001F85EB5100234FF416514FF44022C0E904
:1011F0000013826083817047838919B143F40053DF
:101200008381704723F4005383817047C1F3080141
:10121000818070478088C0F308007047838A12B1CC
:1012200019438182704723EA01038382704700BF1C
:1012300001F01F0CC1F342110123012903FA0CF341
:101240000DD002290CBF103014301AB102681343BC
:1012500003607047026822EA0303036070470C30A2
:10126000F3E700BFC1F3421201F01F0C0123012A72
:1012700003FA0CF313D0022A0CBF028A828A92B2BC
:101280001A400388090A012000FA01F19BB20B40C1
:10129000002A18BF002B14BF01200020704782894C
:1012A00092B21A40EDE700BF014B1862704700BFD1
:1012B00000000E42436891F804C00A6823F04073AE
:1012C00023F4807343EA0C2313434360D1E90323DF
:1012D00013438A68D0F808C01343094A0CEA020293
:1012E00091F805C0134343EA4C0383600A7DC36A47
:1012F000013A23F47003D2B243EA0253C362704747
:10130000FDF7FFC000230122C0E9023303608380A0
:1013100003610275704700BF4268036807491343C1
:10132000D1F804C0064A0CEA0202D0E902C0134315
:1013300043EA0C0303434B60704700BF00230140A6
:10134000E030FCFF0023C0E90033C0E902337047FE
:10135000836819B143F001038360704723F00103F0
:1013600083607047092910B531D9A1F10A0CC4680E
:101370000CEB4C0C4FF0070E03FA0CF30EFA0CFCBE
:1013800024EA0C0E43EA0E03C360062A0ED8013A83
:10139000436B02EB82024FF01F0C0CFA02FC23EAB3
:1013A0000C0301FA02F21A43426310BD0C2A1DD845
:1013B000073A036B02EB82024FF01F0C0CFA02FC9F
:1013C00023EA0C0301FA02F21A43026310BD01EB97
:1013D000410C04694FF0070E0EFA0CFE03FA0CF3F1
:1013E00024EA0E0C43EA0C030361CEE70D3AC36A0C
:1013F00002EB82024FF01F0C0CFA02FC23EA0C03F2
:1014000091401943C16210BD836843F080438360FB
:10141000704700BF836819B143F4807383607047DD
:1014200023F4807383607047836819B143F40073B9
:101430008360704723F400738360704708B5174BCF
:10144000984206D0164B98420FD0164B984218D0AF
:1014500008BD01214FF4805000F0FAF8BDE80840C3
:1014600000214FF4805000F0F3B801214FF4804088
:1014700000F0E2F8BDE8084000214FF4804000F0A1
:10148000DBB801214FF4004000F0D6F8BDE8084079
:1014900000214FF4004000F0CFB800BF0030014001
:1014A00000380040003C0040B1F802C00B888A8838
:1014B00043EA0C03B1F806C013430A8900B543EAB6
:1014C0000C03B1F80AE0B1F80CC0134343EA0E0371
:1014D000028843EA0C03B1F80EC002F4415243EA19
:1014E0000C0313430380838B0A8A23F400638383F2
:1014F000028200BD00230722036043608360C36053
:1015000002827047038819B143F04003038070479B
:1015100023F0400303807047808980B2704700BF8A
:1015200081817047038819B143F4005303807047E9
:1015300023F40053038070470389194214BF01202C
:1015400000207047204A936803F00C03042B38D026
:10155000082B1DD01D4B1C4A0360D2F808C01C4943
:10156000CCF3031C11F80CC023FA0CF34360D2F83F
:1015700008C0CCF3822C11F80CC023FA0CFCC0F884
:1015800008C09268C2F342328A5CD340C36070479D
:101590005368516813F4800F536814BF0D4A0B4A07
:1015A000C3F3881301F03F01B2FBF1F202FB03F336
:1015B000054A5268C2F3014201325200B3FBF2F312
:1015C000C9E7044BC7E700BF003802400024F4001D
:1015D000AC91030800127A00044A136B11B1034363
:1015E0001363704723EA0003136370470038024017
:1015F000044A536B11B103435363704723EA00035A
:101600005363704700380240044A136C11B103431E
:101610001364704723EA00031364704700380240E4
:10162000044A536C11B103435364704723EA000327
:101630005364704700380240044A136A11B10343EF
:101640001362704723EA00031362704700380240B8
:10165000044A536A11B103435362704723EA0003FB
:1016600053627047003802404309012B0BD0022B14
:10167000094B0CBF1B6F5B6F00F01F0023FA00F0DB
:1016800000F001007047044B1B6800F01F0023FAB4
:1016900000F000F00100704700380240024A536F2A
:1016A00043F0807353677047003802401248134973
:1016B000026800608A4219D0002103E0104B5B5899
:1016C000435004310F48104B42189A42F6D30F4A48
:1016D00002E0002342F8043B0D4B9A42F9D3F2F7A3
:1016E00025FB04F0CBFBE7F781FCFEE70948D0F8C7
:1016F00000D0406800470000FCFF0120EFBEADDED7
:10170000C097030800000020BC040020C004002093
:1017100030C100200000FF1FFEE7000000F094BC75
:1017200008B52DED048BB0EE409AF0EE609A00F013
:101730006FFDB0EE408AF0EE608AB0EE490AF0EE3E
:10174000690A00F015FB78B119A3D3E9002351EC25
:10175000190BD7F7A1F870B917A3D3E9002351ECFF
:10176000190BD7F77BF898B9B0EE480AF0EE680A83
:10177000BDEC048B08BD9FED0A8B04F079FBB0EE45
:10178000480AF0EE680ABDEC048B2223036008BD12
:1017900004F06EFB22239FED048B0360E4E700BF9F
:1017A000000000000000F07F0000000000000000CA
:1017B000EF39FAFE422E864051302DD5104987C0B0
:1017C00038B52DED028B55EC104B00F0F5FE22469E
:1017D0002B4620462946B0EE408AF0EE608AD7F7C5
:1017E00065F8B8B90022002320462946D7F754F8F7
:1017F00080B90022002320462946D7F725F880B17A
:1018000004F036FB9FED0E7B22230360B0EE478A87
:10181000F0EE678AB0EE480AF0EE680ABDEC028B83
:1018200038BD04F025FBBDEC028B034621221A6073
:101830000548BDE8384000F0A7BA00BFAFF300800C
:10184000000000000000F0FFD06803080000000066
:1018500038B52DED048BB0EE409AF0EE609A55EC61
:10186000114B01F0ADF822462B4620462946B0EE3A
:10187000408AF0EE608AD7F719F878B951EC190B65
:1018800000220023D6F7E0FFF0B10022002320461B
:101890002946D6F7D9FF40B19FED2B8BB0EE480A11
:1018A000F0EE680ABDEC048B38BD45EC104B00F03F
:1018B0005FFA0028F2D00022002320462946D6F7FE
:1018C000CDFF0028EAD032E0B0EE480AF0EE680A18
:1018D00000F04EFAB0B151EC180B00220023D6F7FD
:1018E000B3FF0028DAD0B0EE490AF0EE690A00F042
:1018F0003FFA0028D2D045EC104B00F039FA00280E
:10190000CCD014E0B0EE490AF0EE690A00F030FAEB
:101910000028E0D045EC104B00F02AFA0028DAD07D
:1019200053EC182B51EC180BD6F7C0FF20B904F07C
:101930009FFA22230360B1E704F09AFA212303609F
:10194000ACE700BFAFF30080000000000000F03FF4
:1019500038B52DED028B55EC104B00F02DFA2246D8
:101960002B4620462946B0EE408AF0EE608AD6F734
:101970009DFF30B90022002320462946D6F76EFF8E
:1019800030B9B0EE480AF0EE680ABDEC028B38BD03
:1019900004F06EFA0022002321210160104619464E
:1019A000D6F714FE41EC180BB0EE480AF0EE680AC8
:1019B000BDEC028B38BD00BF08B52DED028BB0EE3B
:1019C000408A02F09FF9B4EE488AF1EE10FAF0EE88
:1019D000408A0AD6B0EE480A00F060F9F7EE007AC5
:1019E000B4EEE70AF1EE10FA04DCB0EE680ABDECE2
:1019F000028B08BD04F03CFABDEC028B03462122A9
:101A00001A600248BDE8084000F0D0B9D068030869
:101A100002F082BA08B52DED028BF0EE408A02F09A
:101A20001DFBB0EE408AB0EE680A00F0B5F968B16F
:101A3000DFED127AF4EEE78AF1EE10FA0BDCDFED5F
:101A4000107AF4EEE78AF1EE10FA0FD4B0EE480AFD
:101A5000BDEC028B08BD9FED0B8A04F009FAB0EED5
:101A6000480ABDEC028B2223036008BD04F000FA93
:101A700022239FED058A0360E8E700BF1772B14299
:101A8000B5F1CFC20000807F0000000008B52DED49
:101A9000028BB0EE408A02F0D5FBB4EE488AF1EE3C
:101AA00010FA0FD6B5EEC08AF1EE10FA0ADCB5EEE8
:101AB000408AF1EE10FA08D104F0DAF922239FED02
:101AC000090A0360BDEC028B08BD04F0D1F9BDEC3E
:101AD000028B034621221A600348BDE8084000F04B
:101AE00065B900BF000080FFD068030800B52DED88
:101AF000028B83B0B0EE608AF0EE408A02F09CFC6C
:101B0000B4EE488AF1EE10FAF0EE407A0BD6F5EE1C
:101B1000408AF1EE10FA1CD1B5EE408AF1EE10FACF
:101B200007D1F7EE007AB0EE670A03B0BDEC028B86
:101B300000BD8DED010AB0EE480A00F02DF9DDED93
:101B4000017A0028EFD0B5EEC08AF1EE10FAEAD59E
:101B500036E08DED010A00F01FF9DDED017AB8B134
:101B6000F5EE407AF1EE10FADDD1B0EE680ACDED77
:101B7000017A00F011F9DDED017A0028D3D0B0EE42
:101B8000480A00F009F9DDED017A0028CBD017E012
:101B9000B0EE680A00F000F9DDED017A0028DFD030
:101BA000B0EE480A00F0F8F8DDED017A0028D7D051
:101BB000F4EE677AF1EE10FA78BFCDED017A06D631
:101BC00004F056F92223DDED017A0360ABE704F05F
:101BD0004FF92123DDED017A0360A4E700B52DED77
:101BE000028BB0EE408A83B000F0DEF9B4EE488A92
:101BF000F1EE10FA06D6DFED0C7AB4EEE78AF1EEDC
:101C000010FA03D403B0BDEC028B00BDCDED017A18
:101C100004F02EF9DDED017A87EEA70A2123036097
:101C200003B0BDEC028B00BD0000000010EE103AC6
:101C3000184A23F00043934219D9B3F1FF4F02D35E
:101C400030EE400A704700B583B0684602F07EFF70
:101C500000F0030001289DED000ADDED010A0FD020
:101C6000022808D088B901F0A9FE03B000BDDFED5D
:101C70000A0A01F0A3BE01F0A1FEB1EE400AF4E7AA
:101C800001F01EFFB1EE400AEFE7012001F018FF5E
:101C9000EBE700BFD80F493F0000000010EE103AFC
:101CA00023F0004300EE103A704700BF10EE103AE8
:101CB000194A23F0004393421AD9B3F1FF4F02D3DC
:101CC00030EE400A704700B583B0684602F03EFF30
:101CD00000F0030001289DED000ADDED010A12D09D
:101CE00002280AD090B9012001F0EAFE03B000BD3D
:101CF000DFED0A0A002001F0E3BE012001F0E0FE62
:101D0000B1EE400AF2E701F059FEEFE701F056FEAE
:101D1000B1EE400AEAE700BFD80F493F00000000DB
:101D200010EE103A104A23F00043934217D9B3F152
:101D3000FF4F02D330EE400A704700B583B06846CB
:101D400002F004FF400000F00200DDED010A9DED0D
:101D5000000AC0F1010001F0FBFE03B000BDDFEDA1
:101D6000030A012001F0F4BEDA0F493F0000000031
:101D700082B08DED000B019840F0004000F580101E
:101D8000C00F02B0704700BF9FED010B704700BF4E
:101D9000000000000000F87F10EE103A23F0004031
:101DA000B0F1FF4F2CBF0020012070479FED010ACA
:101DB000704700BF0000C07F2DE9F84F55EC104B75
:101DC000764BAB4300F0AF80002D29462A462346D0
:101DD00055DD2C1562D0C2F31302E007A4F2FF31E7
:101DE00042F4801203D4520002EBD3725B00520023
:101DF00000264FEA610902EBD37216245B00B44659
:101E00004FF400110CEB010090424FEAD3754FEAFA
:101E1000430303DC00EB010C121A0E44013C05EBFA
:101E200042024FEA5101EDD1274620254FF00040F4
:101E30000AE042D0510001EBD371013D0A464FEA5E
:101E400043034FEA500044D0624500EB070EF0DD3B
:101E5000BEF1000F0EEB00070CDBE046A2EB0C011D
:101E60009E4588BF01F1FF314900C446A3EB0E0334
:101E70000444E0E7002FF0DB0CF10108EEE725F069
:101E80000040204347D0002D74D1D90A153A5B0594
:101E90000029FAD0CE0214467CD40A460021520012
:101EA000D502084601F10101F9D5C1F1200523FA57
:101EB00005F52A438B40241A8DE79E4502D94FEA47
:101EC0004C01B8E7BEF1000F0EEB000725DB002147
:101ED000CCE7194313D0324FDFF8C880D7E90001AF
:101EE000D8E9002397ED007B5BEC17ABD6F78CF8B5
:101EF00002460B4650465946D6F7BAFC08BB650861
:101F0000711001F17F5101F5001101EB095345EA10
:101F1000C67243EC102BBDE8F88F002FD7DB0CF115
:101F2000010C0021A2E722462B4620462946D6F77F
:101F300023FA22462B46D6F769F841EC100BBDE890
:101F4000F88FB4F1FF3FD7E90001D8E900231DD095
:101F5000D6F75CF8D7E9007802460B46384641468A
:101F6000D6F77CFCA0B1A31C04F1020508BF013622
:101F70006D08C5E722462B462046D6F745F80246AF
:101F80000B46D6F723FB41EC100BC4E70136B7E74D
:101F90000134B4E74FF0FF300A468CE70000F07FD1
:101FA000C8910308C0910308B1EEC00A704700BF92
:101FB00010EE101AC1F3C7527F3A162A21F00043DF
:101FC0001BDC002A1FDB1B481041014224D0DFED3F
:101FD0001A7A70EE277AF5EEC07AF1EE10FA1BDD70
:101FE0004FF4000313410B4413EA210338BF0B469F
:101FF00023EA000300EE103A7047B3F1FF4F0BD312
:1020000030EE000A7047DFED0C7A70EE277AF5EEBD
:10201000C07AF1EE10FA00DC7047002902DB9FED78
:10202000070A704713B99FED060A7047BFEE000A12
:10203000F2E700BFFFFF7F00CAF249710000000015
:1020400000000080000000002DE9F04B5CEC11BBAB
:10205000CBF10003DFF8B0E143EA0B032CF00045BD
:1020600051EC100B45EAD37373450746884644D8B4
:102070007B4206463B43084621F0004141EAD373C8
:1020800073453AD80CF1404303F5801353EA0B0330
:10209000644643D0A31703F0020343EAD8730E4308
:1020A000994634D05BEA05023CD075454BD071456A
:1020B00038D04B1BB3F1747F4FEA235240DA002C27
:1020C0004DDA3C324BDA9FED400BB9F1010F64D091
:1020D000B9F1020F50D0B9F1000F16D051EC100B2E
:1020E00043A3D3E90023D5F78FFF3DA3D3E9002312
:1020F000D5F78AFF41EC100B07E03A4643465846B5
:102100006146D5F783FF41EC100BBDE8F08B022B45
:1021100010D0032B0BD048EC107BF6E7BDE8F04B5A
:1021200001F09EBA002808DB9FED290BEDE79FED3B
:102130002A0BEAE79FED2A0BE7E79FED2B0BE4E77D
:102140009FED230BC1E7A94203F1FF332ED0022BF1
:1021500034D82B4A02EBC30393ED000BD5E75A4664
:10216000634638464146D6F731FA41EC100B01F090
:102170001BFC01F075FAA8E71DA3D3E9002351EC7D
:10218000100BD5F741FF02460B4615A1D1E900011E
:10219000D5F73AFF41EC100BB7E710EE901A53EC6D
:1021A000102B01F1004343EC102BAEE7022B08D8B3
:1021B000144A02EBC30393ED000BA6E79FED020B5D
:1021C000A3E79FED0D0BA0E700000000000000005A
:1021D000182D4454FB21F93F182D4454FB2109C00C
:1021E000182D4454FB210940182D4454FB21F9BFFC
:1021F000075C143326A6A13C182D4454FB21E93F6B
:10220000D0910308E89103080000F07F000000006F
:102210002DE9F04755EC104BD34925F000428A4296
:1022200086B04FEAD5760CD9D0498A4270D9C5F329
:102230001303234340F05481002E66D09FEDB20B70
:1022400063E0CB4B9A4200F21A81CA4B9A4240F2A9
:10225000308122462B4620462946D6F78DF8ACA37E
:10226000D3E9002306460F46D6F786F8AAA3D3E99A
:102270000023D5F7C9FE32463B46D6F77DF8A8A322
:10228000D3E90023D5F7C2FE32463B46D6F774F8B1
:10229000A5A3D3E90023D5F7B7FE32463B46D6F7D0
:1022A0006BF8A3A3D3E90023D5F7B0FE32463B4633
:1022B000D6F762F802460B4620462946D5F7A4FE1B
:1022C000CDE90201DDE90289204642464B46294616
:1022D000D6F752F8002206460F464FF0804340469C
:1022E0004946D5F791FE02460B4630463946D6F7A9
:1022F0006DF922462B46D5F787FE02460B46002095
:102300009D49D5F781FE41EC100B06B0BDE8F08782
:1023100089A3D3E9002320462946D6F7BDFA07460C
:10232000002840F0E88086A3D3E900232046294610
:10233000D6F794FA002840F03781904B204603EB03
:10234000C606294680A3D3E90023D6F715F8D6E9B7
:102350000023D5F75BFED6F7BFFA0646D5F7A2FFF6
:102360007BA3D3E9002307468846D6F705F8024643
:102370000B4620462946D5F747FE02460B4638460F
:10238000414691469A4674A3D3E90023D5F7F4FF5A
:10239000CDE90001DDE9002348465146D5F734FE7A
:1023A00002460B4604460D46D5F7E6FF58A3D3E98F
:1023B000002307468846D5F7DFFF57A3D3E900235C
:1023C000D5F722FE3A464346D5F7D6FF54A3D3E9C4
:1023D0000023D5F71BFE3A464346D5F7CDFF52A35F
:1023E000D3E90023D5F710FE3A464346D5F7C4FF9C
:1023F0004FA3D3E90023D5F709FE3A464346D5F764
:10240000BBFF02460B4620462946D5F7FDFD074691
:102410008846204629463A464346CDE90278D5F714
:10242000ABFFCDE90401002E3FF44CAF3A464346E2
:1024300000204FF08041D5F7E7FD02460B46DDE96D
:102440000401D6F7C3F802460B46DDE90001D5F7D3
:10245000DBFD4A465346D5F7D7FD0B4602464649B3
:102460000020D5F7D1FD6FF47F739E42C0F28E80BD
:1024700001EB065141EC100B06B0BDE8F087404B74
:102480009A423FF65AAF3F4B03EBC603D3E9002312
:1024900020462946D5F7B8FD3B4B03EBC60393ED29
:1024A000007B86F001038DED007B81468A469E1BF2
:1024B00070E72BA3D3E9002320462946D5F7A6FDD4
:1024C0002D4B0022D6F7E8F900283FF4C2AE2A4B84
:1024D000002220462946D5F799FD41EC100B14E760
:1024E00022462B4620462946D5F790FD41EC100B9D
:1024F00006B0BDE8F087002006B0BDE8F04702F066
:10250000FBBD00BFAFF30080000000000000000032
:10251000D0A4BE726937663EF16BD2C541BDBB3EE9
:102520002CDE25AF6A56113F93BDBE166CC1663FC7
:102530003E5555555555C53FEF39FAFE422E86405A
:1025400051302DD5104987C0FE822B654715F73FC6
:102550000000E0FE422EE63F763C7935EF39EA3D59
:102560009C7500883CE4377E412E8640FFFFEF7F5C
:10257000422ED63FFFFFEF3D0000F03F20920308C0
:10258000B1A2F03F109203080092030806F57A7397
:1025900001EB035100224FF0B873D5F7EDFE41EC8B
:1025A000100B06B0BDE8F087384606B0BDE8F0472E
:1025B00002F09ABD000000002DE9F04F51EC100B25
:1025C000B1F5801F87B00C4680F2838021F0004374
:1025D000034300F029810029C0F2BC81D84B0022BE
:1025E000D5F7CAFED74B0C469C426FF0350C75DC14
:1025F0002215C4F3130404F51523A2F2FF3203F6E7
:102600006473624403F4801302EB135583F07F5329
:1026100083F4401343EA04010022CB4B0195D5F724
:10262000F3FCA31CC3F31303022B82468B464FF02B
:1026300000025CDC0023D6F707F9002840F0FF8099
:10264000ABA3D3E9002350465946D5F795FE024681
:102650000B460020BD49D5F7D7FC524606460F462B
:102660005B4650465946D5F787FE0B46024639462B
:102670003046D5F781FE019B54465D46804689462B
:10268000E3B10198D5F70EFE9BA3D3E900230646DC
:102690000F46D5F771FE9AA3D3E9002304460D46F1
:1026A00030463946D5F768FE02460B464046494655
:1026B000D5F7AAFC52465B46D5F7A6FC02460B4668
:1026C00020462946D5F7A0FC41EC100B07B0BDE829
:1026D000F08F9C4B9C424FF0000C89DD02460B466C
:1026E000D5F794FC41EC100B07B0BDE8F08F4FF02C
:1026F0008043D5F78BFC02460B4650465946D5F72A
:1027000065FF804601988946D5F7CCFD4246CDE964
:1027100004014B4640464946D5F72EFE06460F4675
:1027200002460B46CDE90267D5F726FE76A3D3E92C
:10273000002306460F46D5F71FFE75A3D3E90023F5
:10274000D5F764FC32463B46D5F716FE72A3D3E9B3
:102750000023D5F75BFC32463B46D5F70DFE70A350
:10276000D3E90023D5F752FCDDE90223D5F704FEB7
:102770006DA3D3E90023CDE9020130463946D5F7F0
:10278000FBFD6BA3D3E90023D5F740FC32463B4663
:10279000D5F7F2FD68A3D3E90023D5F737FC32461D
:1027A0003B46D5F7E9FDA4F5C22502460B46C4F524
:1027B000D724DDE90201D5F729FCA5F27A45513489
:1027C0002C43002C06460F4602460B4656DD5F4B57
:1027D000002250465946D5F7CFFD52465B46D5F705
:1027E000CBFD02460B4604460D4630463946CDE940
:1027F0000245D5F70BFC4B464246D5F7BDFD019B84
:1028000080468946002B40F0B0800B4602462946A0
:102810002046D5F7F9FB02460B4650465946D5F7F8
:10282000F3FB41EC100B5FE7002200234849002036
:10283000D5F7CCFE41EC100B07B0BDE8F08F002DB2
:1028400000F0AE802846D5F72DFD2BA3D3E9002359
:1028500006460F46D5F790FD29A3D3E90023044689
:102860000D4630463946D5F787FD02460B462046D1
:102870002946D5F7CBFB41EC100B35E750465946BE
:10288000D5F7C2FB4B464246D5F776FD019B544631
:102890005D4680468946002B3FF410AFDDE90445D4
:1028A00015A3D3E9002320462946D5F765FD14A3D7
:1028B000D3E9002306460F4620462946D5F75CFD9E
:1028C00002460B4640464946D5F79EFB52465B46BC
:1028D000D5F79AFB02460B4630463946D5F794FBAE
:1028E00041EC100B07B0BDE8F08F00BFAFF30080E4
:1028F000555555555555D53F0000E0FE422EE63F53
:10290000763C7935EF39EA3D44523EDF12F1C23F61
:10291000DE03CB966446C73F599322942449D23FA5
:10292000935555555555E53F9FC678D0099AC33FF5
:10293000AF788E1DC571CC3F04FA97999999D93F0C
:1029400000005043FFFFEF7F0000F03F0000E03F3A
:10295000000050C302460B46D5F756FB0022002369
:10296000D5F734FE41EC100BBEE6DDE9044510A3BB
:10297000D3E9002320462946D5F7FEFC0EA3D3E970
:10298000002306460F4620462946D5F7F5FC424669
:102990004B46D5F73BFB02460B46DDE9020193E7C8
:1029A0009FED010BA0E600BF00000000000000004A
:1029B0000000E0FE422EE63F763C7935EF39EA3DF5
:1029C0002DE9F04F59EC118B29F0004358EA030030
:1029D00055EC104B93B012D123196B4985F40022AA
:1029E00052419842914122D242464B4620462946C6
:1029F000D5F70CFB41EC100B13B0BDE8F08F634929
:102A000025F0004088422F468346A24614D907F19C
:102A1000404303F5801353EA0A03E5D14246921876
:102A2000594889F40021494193428841DCD39FED04
:102A3000540B13B0BDE8F08F4E46424612D08B4285
:102A4000E5D8014653D0002F14DB002A40F08480E3
:102A50004F48834240F05684002EC0F2158545EC65
:102A6000104BC9E7002CBFD18342BDD800F05A8477
:102A70000146E8E74748834200F2A4834648834280
:102A800000F2A683002A40F0F183B6F1804F00F0F7
:102A90000885009245EC104B0493029100F084FFEE
:102AA0000299049BBAF1000F33D00098FA0F013A53
:102AB000104361D000980138104300F07E839FEDF1
:102AC000307B8DED067BB3F1844F69D9334A934255
:102AD000314B40F23A849B4500F20B85002EC0F248
:102AE0000B85002013B0BDE8F04F02F0FDBA002ABC
:102AF0008DD100F1404303F58013234397D0264B3B
:102B00009B4540F29984002EC0F21F8549EC108B42
:102B100072E71F4A27F04040904202D0BBF1000FFD
:102B2000C3D1002EC0F27E84002FBFF665AF009A9D
:102B30000BF1404303F58013134340F0BC8453EC86
:102B4000102B10461946D5F75FFA02460B46D5F70B
:102B50003DFD41EC100B4FE70022009245EC104B7D
:102B60000493029100F020FF0299049BBAF1000F38
:102B7000CFD0FA0F013A9DE722462B46E1E700BF8E
:102B8000000000000000F03F0000F0FF0000F07FB8
:102B90000000F03FFFFF3F43FFFFEF3F0000F04327
:102BA000CD4B3B40002253B951EC100BCB4BD5F72A
:102BB000E3FB41EC100B10EE901A6FF034020B1592
:102BC000A3F2FF339E18C64BC1F3130141F07F54AB
:102BD000994244F4401440F3AA83C24B994240F313
:102BE00078849FEDA77B8DED0E7B9FEDA77B8DED10
:102BF000047B9FEDA37B8DED107B0136A4F5801443
:102C0000002553EC102B92465046DDE90423214663
:102C1000D5F7FAF9A346DDE90423CDE90A015046C8
:102C20002146CDE908ABD5F7F1F902460B46002065
:102C3000AD49D5F7CBFC0A460146CDE90C12134647
:102C40000246DDE90A01D5F797FB0A460146CDE9C0
:102C50000012DDE900BC0021CDE902BC02919DED2E
:102C6000027B63105CEC17BB43F0005303F50023B9
:102C7000DA460020591904460D4602460B465046D6
:102C80006146E346D5F778FB02460B46DDE90A01CB
:102C9000D5F7BAF9DDE90423CDE90A012046294632
:102CA000D5F7B2F902460B46DDE90801D5F7ACF9D4
:102CB00052465B46D5F760FB02460B46DDE90A014A
:102CC000D5F7A2F9DDE90C23D5F756FBDDE9004580
:102CD000CDE9040122462B4620462946D5F74CFB78
:102CE0006BA3D3E9002304460D46D5F745FB6AA341
:102CF000D3E90023D5F78AF922462B46D5F73CFBCA
:102D000067A3D3E90023D5F781F922462B46D5F7EF
:102D100033FB65A3D3E90023D5F778F922462B4688
:102D2000D5F72AFB62A3D3E90023D5F76FF9224632
:102D30002B46D5F721FB60A3D3E90023D5F766F92D
:102D40002246CDE908012B4620462946D5F714FB3B
:102D500002460B46DDE90801D5F70EFB5246044654
:102D60000D465B46DDE90001D5F750F9DDE90423A6
:102D7000D5F702FB22462B46D5F748F952460446C2
:102D80000D465B4650465946D5F7F6FA574B00229A
:102D9000CDE90A01D5F73AF922462B46CDE9084597
:102DA000D5F734F900240D4622462B4650465946A5
:102DB000D5F7E2FA4D4B82468B4600222046294643
:102DC000D5F722F9DDE90A23D5F71EF902460B46AD
:102DD000DDE90801D5F718F9DDE90023D5F7CCFACC
:102DE00022462B46CDE90001DDE90401D5F7C4FAFE
:102DF00002460B46DDE90001D5F708F9CDE90401EB
:102E000002460B4650465946CDE900ABD5F7FEF8D1
:102E1000DDE902AB2AA3D3E9002350460D46D5F7DE
:102E2000ABFADDE90023CDE9020129465046D5F78A
:102E3000EBF802460B46DDE90401D5F7E5F822A3DD
:102E4000D3E90023D5F798FA21A3D3E90023CDE9EC
:102E5000000129465046D5F78FFA02460B46DDE9B8
:102E60000001D5F7D3F8DDE91023D5F7CFF8CDE988
:102E700000013046D5F716FA3AE000BFAFF3008004
:102E80000000000000000000000000000000F03F13
:102E9000EF4E454A287ECA3F65DBC9934A86CD3F3F
:102EA00001411DA96074D13F4D268F515555D53F25
:102EB000FFAB6FDBB66DDB3F033333333333E33FBD
:102EC000000000E009C7EE3FFD033ADC09C7EE3F12
:102ED000F5015B14E02F3EBE0000F07F0000404390
:102EE0008E98030079B60B000000F03F0000084008
:102EF000DDE9002304460D46DDE90201D5F786F839
:102F0000DDE90E6732463B46D5F780F822462B4670
:102F1000D5F77CF822462B4650468B46D5F774F8F9
:102F200032463B46D5F770F8DDE90223D5F76CF859
:102F300002460B46DDE90001D5F766F8CDE902014E
:102F40000023CDE900890093DDE900454046224693
:102F50002B464946D5F758F852465B46D5F70CFA4A
:102F60005646424682464B465F468B46DDE90201A5
:102F7000D5F702FA02460B4650465946D5F746F8B1
:102F8000224682468B462B4630463946CDE902AB77
:102F9000D5F7F2F9804689464B4650465946424697
:102FA000D5F734F8D24B994204460D460E4640F30D
:102FB0003D8101F13F4303F5E003034340F0AA8262
:102FC000B7A3D3E90023DDE90201D5F71FF8424694
:102FD00082468B464B4620462946D5F715F80246D1
:102FE0000B4650465946D5F757FC002840F09282D0
:102FF0004FF400733344C3F30A52BE4CA2F2FF32C3
:10300000C3F31301144141F48011C2F1140241FAD7
:1030100002F5002E04EA03010B464FF00000B8BF92
:10302000694204950246B8BF049140464946D4F728
:10303000EBFF049B1B05009302460B468046894626
:10304000DDE90201D4F7E2FF0D46002496A3D3E99F
:10305000002320462946D5F78FF9424606460F46FB
:103060004B4620462946D4F7CFFF02460B46DDE902
:103070000201D4F7C9FF8EA3D3E90023D5F77CF969
:103080008DA3D3E900238046894620462946D5F7FB
:1030900073F902460B4640464946D4F7B7FF8046CF
:1030A000894602460B4630463946D4F7AFFF3246D2
:1030B0003B4604460D46D4F7A7FF02460B46404662
:1030C0004946D4F7A1FF224606460F462B46204626
:1030D0002946D5F751F97AA3D3E9002380468946DA
:1030E000D5F74AF978A3D3E90023D4F78DFF4246F8
:1030F0004B46D5F741F976A3D3E90023D4F786FFF1
:1031000042464B46D5F738F973A3D3E90023D4F7E9
:103110007BFF42464B46D5F72FF971A3D3E9002335
:10312000D4F774FF42464B46D5F726F902460B46C4
:1031300020462946D4F768FF8046894602460B465A
:1031400020462946D5F718F9002282468B4640468C
:1031500049464FF08043D4F757FF02460B4650468E
:103160005946D5F733FA3246804689463B462046D3
:103170002946D5F701F932463B46D4F747FF0246C8
:103180000B4640464946D4F73FFF22462B46D4F72C
:103190003BFF02460B4600205749D4F735FF009A03
:1031A0008B18B3F5801FC0F2AD811946DDE9062307
:1031B000D5F7E2F841EC100B1EE49FED4B7B8DED53
:1031C000067B80E4002A00F0BC8102220092C5E464
:1031D0001815A0F2FF30142840F33B81C0F13400F1
:1031E00022FA00FC0CFA00F0904200F0B281002AB2
:1031F0003CD1B6F1804F00F0548145EC104B00916A
:10320000029300F0D1FBBAF1000F7FF4B5AC3A4A5B
:1032100027F04040904200F0DF815A460099029B1F
:10322000002A00F0D381002200923EE4DFF8D0C0F3
:1032300021F00043634540F21E81304BCB1803431D
:103240000AD142464B46D4F7DFFEDDE90223D5F72B
:1032500019FB00283FF4CCAEDDE906010022002373
:10326000D5F7FCFA003818BF01203BE445EC104BC1
:103270000293009100F098FBBAF1000F7FF47CAC50
:103280001D4A27F04040904200F078810099029B4F
:10329000BBF1000F00F0C180CDF800A005E400BF35
:1032A000FE822B654715973C00000000432EE63F49
:1032B000EF39FAFE422EE63F396CA80C615C20BE65
:1032C000D0A4BE726937663EF16BD2C541BDBB3E2C
:1032D0002CDE25AF6A56113F93BDBE166CC1663F0A
:1032E0003E5555555555C53F000000000000F0BF44
:1032F000FFFF8F400000F0FF0000F03F00346F3F01
:10330000FFCB9040B6F1804F00F0CB80A0F580104D
:1033100086427FF4BEAB45EC104B13B0BDE8F04FD6
:10332000FEF74ABD002A7FF45FABFFF7E8BB9FEDD5
:10333000B67B8DED0E7B9FEDB67B8DED047B9DED19
:103340000E7B00258DED107B5BE49B45C0F0EC808F
:10335000BF4B9B454FF0000200F2048151EC100B73
:10336000BB4BD4F751FEACA3D3E9002304460D4672
:10337000D5F702F8AAA3D3E9002306460F46204654
:103380002946D4F7F9FFB34BCDE9000100222046CE
:103390002946D4F7F1FF02460B46A3A1D1E900016B
:1033A000D4F732FE22462B46D4F7E6FF02460B4600
:1033B0000020A949D4F728FE224682468B462B4698
:1033C00020462946D4F7D8FF02460B4650465946B8
:1033D000D4F7D2FF96A3D3E90023D4F7CDFF02465A
:1033E0000B46DDE90001D4F70FFE02460B4604460A
:1033F0000D4630463946D4F709FE002032463B469A
:1034000082468B46D4F700FE02460B4620462946EC
:10341000D4F7FAFDCDE9020192E55E45CDF800B0A2
:10342000BFF685AB53EC102B89490020D5F7CEF8B9
:1034300041EC100BFFF778BB002E9FED730BBFF62E
:10344000DBAA09F1004300EE108A00EE903AFFF784
:10345000D3BA002A7FF40AAFC0F1140043FA00FC8B
:103460000CFA00F0984200F08F80794883423FF4D4
:10347000F3AAFFF70ABB784A934200F29380DDE992
:10348000001200910491E0E57149002022462B468C
:10349000D5F79CF841EC100BFFF7AEBAB6F1804FB0
:1034A0004FD122462B4620462946D4F765FF41ECF2
:1034B000100BFFF7A1BA009B012B7FF49DAA10EE21
:1034C000901A10EE102A01F1004343EC102BFFF785
:1034D00093BA9FED597B8DED0E7B9FED597B8DED62
:1034E000107B9FED597B4FF480258DED047BFFF71A
:1034F00088BB002E7FF7F5AA002013B0BDE8F04F7F
:1035000001F0FABD41EC100B049801F031FD51ECD3
:10351000100B4BE6DDE9060100220023D5F79EF9EA
:10352000003818BF0120E8E7DDE90601002200238A
:10353000D5F794F9003818BF0120002EBFF6D2AAA3
:10354000DBE702220092FFF7A5BA9FED2F0BFFF7F2
:1035500053BA002AA2D00CF0010CCCF10202009266
:10356000FFF7FCBADDE906010023D5F777F900384B
:1035700018BF0120002EC0DCFFF7B4BA002E19DB03
:10358000CDF800A0FFF7D3BA314A93423FF464AAC2
:10359000B6F1804F85D00CF0010CCCF10202009204
:1035A000FFF778BA1B15A3F2FE334FF4801242FAEC
:1035B00003F31FE553EC102B25490020D5F706F83F
:1035C000CDF800A041EC100BFFF7B1BA5E4509DB66
:1035D000CDF800B0FFF7ABBA002E06DB0023009356
:1035E000FFF7A5BA002300931CE753EC102B1849F2
:1035F0000020D4F7EBFF002341EC100B0093FFF702
:1036000096BA00BFAFF30080000000000000000089
:10361000000000000000F03F000000604715F73F89
:1036200044DF5DF80BAE543E555555555555D53FC5
:10363000FE822B654715F73F0000004003B8E23FCC
:1036400006D0CF43EBFD4C3E000000000000F83FE9
:103650000000F03F0000D03F0000E03F000000000D
:103660002DE9F84F55EC104BC54B25F000469E4216
:10367000A8460DD9C34B9E4200F2B68000F0B1803F
:10368000B8F1000F40F3F4809FEDA10BBDE8F88F77
:10369000BD4B9E4200F2C380A3F1DE739E4240F216
:1036A000AD804FF0FF3B22462B4620462946D4F7FB
:1036B00063FE02460B4681468A46D4F75DFE96A31A
:1036C000D3E9002306460F46D4F756FE94A3D3E968
:1036D0000023D4F79BFC32463B46D4F74DFE92A321
:1036E000D3E90023D4F792FC32463B46D4F744FE9C
:1036F0008FA3D3E90023D4F789FC32463B46D4F7A5
:103700003BFE8DA3D3E90023D4F780FC32463B4631
:10371000D4F732FE8AA3D3E90023D4F777FC4A46D4
:103720005346D4F729FE88A3D3E9002381468A466D
:1037300030463946D4F720FE85A3D3E90023D4F7D9
:1037400063FC32463B46D4F717FE83A3D3E900233C
:10375000D4F75AFC32463B46D4F70EFE80A3D3E999
:103760000023D4F751FC32463B46D4F705FE7EA336
:10377000D3E90023D4F748FC32463B46D4F7FCFD9E
:1037800002460B4648465146D4F740FC22462B469B
:10379000D4F7F2FDBBF1FF3F02460B466CD07B4BEA
:1037A0007B4E03EBCB03D3E90023D4F72DFC224659
:1037B0002B46D4F729FC06EBCB0602460B46D6E98E
:1037C0000001D4F721FCB8F1000F41EC100B13DA23
:1037D00010EE901A024601F1004343EC102BBDE8B5
:1037E000F88F002C3FF44CAF22462B46204629464A
:1037F000D4F70CFC41EC100BBDE8F88F5CA3D3E9C7
:10380000002320462946D4F701FC624B0022D5F75D
:1038100043F800283FF445AF45EC104BECE700F0CF
:10382000C3F85D4B9E4255EC104B2DD8A3F55023A9
:103830009E4254D822462B4620462946D4F7E6FB22
:10384000544B0022D4F7E0FB002206460F462046E8
:1038500029464FF08043D4F7D9FB02460B46304649
:103860003946D4F7B3FE4FF0000B04460D461AE775
:103870009FED410BBDE8F88F20462946D4F7C4FBE5
:1038800041EC100BBDE8F88F444B9E421CD2444BD8
:10389000002220462946D4F7B7FB414B06460F4687
:1038A000204629460022D4F767FD3A4B0022D4F780
:1038B000ADFB02460B4630463946D4F787FE4FF043
:1038C000020B04460D46EEE622462B463549002003
:1038D000D4F77CFE4FF0030B04460D46E3E62D4B78
:1038E000002220462946D4F78FFB2A4B06460F4676
:1038F000204629460022D4F789FB02460B46304673
:103900003946D4F763FE4FF0010B04460D46CAE674
:10391000182D4454FB21F93F11DA22E33AAD903FD0
:10392000EB0D76244B7BA93F513DD0A0660DB13FF6
:103930006E204CC5CD45B73FFF8300922449C23F5E
:103940000D5555555555D53F2F6C6A2C44B4A2BF23
:103950009AFDDE522DDEAD3F6D9A74AFF2B0B33FEB
:10396000711623FEC671BC3FC4EB98999999C93F63
:103970009C7500883CE4377E182D4454FB21F9BF28
:10398000FFFF0F440000F07FFFFFDB3F3092030892
:10399000509203080000F03FFFFFF23F0080034019
:1039A0000000F83F0000F0BF10EE901A53EC102B0F
:1039B00021F0004343EC102B704700BF10EE103A8B
:1039C00023F00043B3F1485F2CD2FDEEC07A17EE2E
:1039D000903A002B60D060EE007A9FED317A9FED37
:1039E000315ADFED315A9FED316ADFED316AA7EED2
:1039F000875A9FED307AE7EE855AA7EEA56AA7EEC3
:103A0000867AE7EE876A66EEA76A60EEC00AB6EECF
:103A1000007AE7EEA60AB7EE000AD7EE870A30EE84
:103A2000600A704760EE007A9FED1D7A9FED1D5A87
:103A3000DFED1D5A9FED1D6ADFED1D6A1E4AA7EEE0
:103A4000875A93429FED1B7AE5EE275AA5EEA76AA7
:103A5000A6EE277AE7EE276A66EEA76AD5D9174A57
:103A6000934214D803F17F4307EE103AB7EE006A91
:103A700036EE476A60EEC00AF6EE005A97EEA57A77
:103A8000E7EEA60A37EE607A36EE470A7047B6EEE2
:103A9000076AB5EE027AEDE7B7EE000A704700BF9D
:103AA0004ED747ADF6740F317CF293B4010DD03789
:103AB000ABAA2A3D610BB6BA9999993E0000483FDE
:103AC00010EE103A23F00043B3F1485F04D2FDEE4C
:103AD000C07A17EE903A5BB360EE007A9FED157AEC
:103AE000DFED155A9FED156ADFED156AE7EE875A8F
:103AF0009FED147AA5EEA76A20EE275AE6EE276A14
:103B0000A6EEA77A30B9DFED106AE7EE876AA6EE77
:103B1000850A704727EE457AF6EE006AA0EEA67A8F
:103B2000DFED0A6AD7EE270AE5EE260A30EE600AD4
:103B3000704700BFD3C92E2F342FD7B21BEF3836B2
:103B4000010D50B98988083CABAA2ABEABAA2A3E0F
:103B500008B510EE103A23F00042B2F1465FF0EEE5
:103B6000407A0FD2BDEEC07A17EE101AF9B9431C95
:103B7000134300F09E80012803D0BFEE007A87EE49
:103B8000270A08BD4E498A4211D39FED4E7ADFEDD8
:103B90004E6A002BBCBFF1EE600AF1EE407A77EE80
:103BA000677A36EEE07ADFED490A77EE277A67EE3C
:103BB000A76ADFED474ADFED475A9FED475A9FED71
:103BC000476A3F4926EEA67A8A42E7EE245AA7EED4
:103BD000056ADFED434A9FED435AE5EE874AA6EEBC
:103BE000075ADFED415A9FED416AE4EE875AA5EE90
:103BF000076ADFED3F4A9FED3F5AE5EE874AA6EEA2
:103C0000075A9FED3D6ADFED3D5AA4EE876AE5EE67
:103C1000075AB0EE467AA5EEA67A27EEA65AB0EE7F
:103C2000606AA7EE056ADFED364AE6EE260AE5EEA3
:103C3000240A37EEA00A1ED20128A2D0BFEE007AD5
:103C4000C7EE006A10EE103A6FF30B0306EE103A5F
:103C500016EE903A76EE677A6FF30B0300EE103AA9
:103C600070EEE70AF7EE007AE6EE007AE0EE807A90
:103C7000A7EEA60A08BD07EE100AF8EEC76A20EE06
:103C8000007A30EE260A9B1787EE006A03F00203E3
:103C9000C3F10103F0EE005A36EE606A07EE103A07
:103CA00077EEC67AB8EEC77AE7EEE56A26EE870ABF
:103CB00008BDFDF7F3FFB7EE007A87EE000A08BDF6
:103CC00040A12C3FDA0F493F682122330000000059
:103CD0005FAE9BB745F4A3388453D9377AC0953883
:103CE000C8261A3AB937813916696B3B48DEBE3AA5
:103CF000A427B33C1F37113C8988083ED10D5D3D98
:103D0000ABAAAA3E10EE102A22F00043B3F17E5F68
:103D100000F0918000F28880B3F17C5F0FD2B3F1A4
:103D2000485F80F0A380DFED6C7A70EE277AB7EE03
:103D3000007AF4EEC77AF1EE10FA00F3948000B541
:103D400087B0CDE90423FDF7A9FFF7EE006A76EE10
:103D5000C07AB6EE007A67EE877ADFED605A9FEDA3
:103D6000607A9FED606A9FED605ADFED604ACDEDAD
:103D7000027AE7EE875A9FED5E7AA5EEA76AA7EE74
:103D8000857AE6EE274A9FED5B5ADFED5B5A9FEDA1
:103D90005B6AA7EE275AE4EEA75AA5EE276A9FEDC5
:103DA000587AA5EEA77AE6EE276A27EE277AB0EED4
:103DB000670ACDED036A8DED017AFEF7F5F85149FA
:103DC000059B9DED017ADDED036ADDED027A049A33
:103DD0008B42C7EE265A39D810EE103A6FF30B0318
:103DE00006EE103AE6EE467A30EE067ADFED466AE7
:103DF000C7EE874AB0EE005AE4EEC56A9FED437AFB
:103E000030EE000AF0EE477AE6EE457AD0EE256A0B
:103E100076EEE76A37EE667A002A01DCB1EE477A81
:103E2000B0EE470A07B000BD70EE407A87EEA77A81
:103E3000B0EE470A70479FED347ADFED357A20EE19
:103E4000077AA0EE277AB0EE470A7047A0EE250A5F
:103E5000DFED307A9FED2E7AF0EE006AE0EE267A02
:103E600037EE677AD8E7B0EE407AE1E760EE007AA5
:103E70009FED1B7ADFED196A9FED1A6ADFED1A5A82
:103E80009FED1A5AE7EE876A9FED197AA6EEA76AA8
:103E9000A7EEA57AA6EE275ADFED166ADFED165AD1
:103EA0009FED166AE7EE276AE5EE275AA6EEA76AA7
:103EB0009FED137AA5EEA77AF7EE006AE6EE276A81
:103EC00067EE277AB0EE407A87EEA66AA0EE067A11
:103ED000B0EE470A704700BFCAF24971047F4F3AFB
:103EE00008EF1138461124BD2EC69D3DA80A4E3E4E
:103EF000613330BF2D57014090B0A6BE39D119C0F3
:103F0000ABAA2A3E9999793F2EBD3BB3DB0F493FBF
:103F1000DB0FC93F2EBD3B3310EE903A23F000413A
:103F2000B1F1FF4FF0EE407A33D810EE10CA2CF00A
:103F30000040B0F1FF4F2CD8B3F17E5F3DD09A170F
:103F400002F0020242EADC7230B371B3B1F1FF4F0A
:103F50003ED0B0F1FF4F35D000B5401AB0F1F45F5C
:103F600083B04FEAE0512ADA002B3EDA3C313CDAEA
:103F70009FED310A012A41D0022A46D03AB19FED85
:103F80002F7ADFED2F7A30EE070A30EE670A03B0A2
:103F900000BD30EEA70A7047022A0BD09FED297AA8
:103FA000032A08BFB0EE470A70478C450DDB9FED32
:103FB000260A70479FED220A704700F0FDBE9FED74
:103FC000220AD7E7BCF1000FF1DA9FED200A704713
:103FD000B0F1FF4F02F1FF3220D0022A26D81C4B4D
:103FE00003EB820393ED000A704787EEA00A01926B
:103FF000FDF754FE00F0E0FE019ABBE710EE103A28
:1040000003F1004300EE103AC1E79FED0C7ADFEDBB
:104010000C7A30EE070A37EEC00AB8E7022A08D851
:104020000C4B03EB820393ED000A70479FED020AED
:1040300070479FED090A7047000000002EBDBB339A
:10404000DB0F4940DB0F49C0DB0FC93FDB0FC9BFA6
:10405000709203087C920308DB0F493F10EE103A80
:1040600023F00042B2F1FF4F56D84FEAD37100F06F
:1040700095806248834200F38780002BC0F28780DE
:104080005F4B9A424BD95F4B9A4200F29A805E4B4B
:104090005E4A03EB8103D3ED004A02EB810281F01B
:1040A000010370EE644AD2ED007A5B1A34EEE70A3F
:1040B000DFED576A9FED575ADFED575A9FED576A6C
:1040C00020EE007AA7EE265ADFED556AE5EE075A94
:1040D000E5EE876AA6EE876AF0EE406AE6EE476A8A
:1040E00020EE266A002B42D0B0EE007A37EE667AD8
:1040F000B7EE000AC6EE076A13F17D0F77EEE67A97
:1041000077EEE47A30EE670A4FDB10EE102A02EB0E
:10411000C35300EE103A704730EE000A7047B2F118
:10412000505F0AD2DFED3F7A70EE277AB7EE007A61
:10413000F4EEC77AF1EE10FA5DDC60EE007A9FEDE6
:10414000347ADFED345A9FED346ADFED356AE7EEFD
:10415000875A9FED327AA7EEA56AE7EE866AA7EE48
:10416000A67AF0EE406AE7EEC76A20EE266AF0EE25
:10417000007A76EEE76AB7EE007AC6EE267A77EE38
:10418000C07A37EE670A7047002001F04DB8264B21
:104190009A427FF675AF002001F040B8DFED237A38
:1041A000002918BFB0EE670A704710EE102A64337A
:1041B00002EBC353DFED1E7A00EE103A20EE270A21
:1041C00070471C4B9FED1C7ADFED1C6A03EB8103EB
:1041D000D3ED007AE0EE077A9FED197AFDEEE77AEB
:1041E000F0EE404A17EE903AF8EEE77AE7EEE64A4C
:1041F00067EE877A5AE730EE070A70471772B142C6
:104200001872B13E9115853F909203088892030879
:104210004CBB31330EEADDB555B38A38ABAA2A3E22
:10422000610B36BBCAF24971B5F1CF420000000004
:104230000000800D989203083BAAB83F8071313F7F
:10424000D1F7173710EE102A32F000432FD0002A92
:10425000134633DBB2F1FF4F40DAB2F5000F34DB27
:104260004FF0000C6448C3F31601081800F4000274
:1042700082F07E520A43DB1500EE102A7F3B5F4A34
:10428000634401F10F0CF7EE007A0CEA020230EE03
:10429000670A03EBD05322BBB5EE400AF1EE10FAE9
:1042A00062D1002B40F090809FED550A70479FED42
:1042B000557ADFED537A87EE270A704770EE407A21
:1042C0009FED4F7A87EE870A7047DFED4F7A60EEF9
:1042D000277A6FF0180C17EE903AC3E730EE000A19
:1042E0007047F0EE007A70EE277A07EE103A80EE13
:1042F000274A4648C1F55712081802F522720243B0
:10430000002A9FED433ADFED434ADFED435ADFEDEC
:10431000433A9FED435ADFED437ADFED436A24EEE3
:10432000046AF8EEC72A26EE067AE7EE034AA7EEFD
:10433000235AE4EE875AE5EE076AE5EE877A67EEE0
:10434000867AE6EE877A2ADDB6EE007A20EE077AE4
:1043500027EE007A77EE877A67EE847A3BBB37EEFA
:10436000677A30EE470A7047DFED307AB6EE007AB2
:10437000A0EE677A60EE007A27EE277A002BF0D065
:1043800007EE903A9FED2A6ADFED2A6AF8EEE77AA7
:10439000A7EEC67A37EE400A97EEA60A704770EE8F
:1043A000677A67EE847AE3B930EE670A70479FED6B
:1043B000206ADFED206AE2EE867A37EE677A37EE22
:1043C000400A92EEA60A704707EE903A9FED180A4F
:1043D0009FED187AF8EEE77A27EE800AA7EE870AB3
:1043E0007047DFED136A9FED137AE2EEE67A37EE5F
:1043F000C00A92EE870A704720FB4A00F0FF7F0058
:1044000000000000000000CC0000004C305CCFFF3A
:104410009788173E25333A3E2549923E4FD01C3EA1
:10442000298E633EABAA2A3FCDCCCC3EABAAAA3E96
:10443000D1F717378071313F10EE902A32F00041EA
:1044400010EE103AF0EE407A08D183F480035B005E
:1044500013F5000F10D937EEA00A704723F0004083
:10446000B0F1FF4F0BD9B3F17E5FF4D182F480023B
:10447000520012F5000FEED8B7EE000A7047B1F106
:10448000FF4FF0D830B52DED028B002B87B0F0EE4A
:10449000606A054616DBB1F1FF4F00F00081B1F113
:1044A0007E5F00F03481B2F1804F00F06D81B2F197
:1044B0007C5F40F04A8107B0BDEC028BBDE8304024
:1044C000FDF772BDB1F1974F80F0F580B1F17E5FDD
:1044D00080F02A81B2F1804F00F05681B2F17C5F0A
:1044E00000F05E82CDE9022100908DED010A8DED94
:1044F000040ACDED050AFDF7D1FB0098DDED017A48
:10450000049BDDED056AB0F1FF4FDDE902214FF0BC
:10451000000400F0EA80002800F03C81B0F17E5FEA
:1045200000F038814FEAD37C0CF1FF3C54EA0C0ECA
:1045300000F03381B1F19A4F40F25481994B984287
:1045400040F27682984B984200F28582F7EE007A2C
:1045500070EE670A9FED956A9FED957ADFED955AAB
:10456000F5EE007AA0EEE76AF6EE007AE6EE607A03
:1045700020EEA05A9FED906A67EE857A27EE677A63
:10458000A0EE867AB0EE476AA0EEA56A16EE103A63
:104590006FF30B0306EE103AF0EE467AE0EEE57AA2
:1045A00037EE677A6FF30B0207EE902A27EE267A32
:1045B00076EEE75A66EE277AA5EE867A631E53EA10
:1045C0000C03FFEE005A77EE276AB7EE006A16EE8C
:1045D000902A18BFF0EE465A002A22F0004340F31A
:1045E000F481B3F1864F00F27D8200F06182B3F175
:1045F0007C5F00F24382002318466FF30E0206EE42
:10460000102ADFED6E6A9FED6E3ADFED6E1A9FEDB8
:104610006E4A9FED6E5A76EE677AF0EE002A37EE1C
:10462000677A66EE267ADFED6A6AE7EE267AB7EEFB
:10463000000AB0EE677AA6EE037AB0EE472A67EE7C
:10464000076AA6EE432A9FED636AA6EEA16A77EE9B
:10465000C27AA6EE264A9FED606AA4EE266AE7EECD
:10466000277AA6EE265AB0EE476AA5EE666A27EECE
:10467000065A36EE626AC5EE066A76EEE77A77EE9D
:10468000C77A30EE670A10EE102A1344B3F5000F14
:10469000C0F2D88100EE903A20EEA50A07E0B0F112
:1046A0007E5F74D03BD9002A36DBB0EE660A07B0D5
:1046B000BDEC028B30BDB1F1FF4FF0D0CDE9001061
:1046C000CDE902238DED050ACDED040AFDF7E6FAEA
:1046D00001980224B0F1FF4FDDE902230099DDEDDE
:1046E000046ADDED057A7FF416AF002A05DAF7EEED
:1046F000007A87EE800A002BD9DAA0F17E502043A1
:1047000000F03181012CD2D1B1EE400ACFE7002A6E
:1047100035DBB0EE670ACAE79FED300AC7E7002A2B
:10472000FADAB1EE660AC2E74FEAE15CCCF1960C28
:1047300041FA0CFE0EFA0CFC8C4500F01981B1F127
:104740007E5FE4D0B2F1804F1ED0B0EE670ACDE9B3
:104750000323CDE90110CDED056ACDED007AFDF71B
:104760009DFA0298B0F1FF4FDDE903234FF00004FA
:1047700010D0DDED007A0199DDED056ACBE6B7EEEC
:10478000007A87EE270A92E727EEA70A8FE7B7EEAF
:10479000000A8CE7002AAADBADE777EEE77A87EE1E
:1047A000A70A84E7F3FF7F3F0700803FABAAAA3E3A
:1047B0003BAAB83F00AAB83F70A5EC368CBEBF3507
:1047C0000072313F4CBB313355B38A38ABAA2A3E15
:1047D0001872313F0EEADDB5610B36BB00000000F8
:1047E0000000804B13F0FF4F40F020815FED047A12
:1047F00060EE277A6FF0170317EE905AE915DFF88D
:1048000044E37F391944C5F31603734543F07E50E2
:1048100040F30381DFF830E3734540F326819FEDD9
:10482000B94A0131B0EE448AA0F50000F7EE000A63
:104830004FF0000E04EE900A74EEA07AB7EE007A04
:1048400087EE270AB04B03EA600343F0005303F5F9
:104850008003734434EEE06A07EE901A66EE001AA5
:10486000B8EEE77ADFEDA92A9FEDA93ADFEDA93A84
:104870009FEDA95ADFEDA95A9FEDA91A61EEA17A21
:10488000B0EE082AA7EEA23AE3EE273AA3EEA75A23
:10489000E5EE275A27EEA75AA5EEA71A07EE903A9B
:1048A00011EE903A6FF30B0303EE103AA3EE676A32
:1048B000F0EE465A37EEE06A71EE837A74EEC63A4D
:1048C000B0EE656AA3EE636AF0EE424A26EE006A35
:1048D000E3EE034A67EE867ADFED920ADFED923A65
:1048E000E5EE017A9FED911A74EEA75A15EE903A13
:1048F0006FF30B0305EE903A35EEC25AA3EE435A1E
:1049000077EEC57A67EEA17AE6EE257AB0EE675AC1
:10491000A3EE255A15EE103A6FF30B0305EE103A8D
:10492000B0EE456AA3EE656A77EEC67A67EEA07AC6
:10493000E5EE017A77EE887AB0EE676AA5EE236A33
:1049400036EE046A36EE076A16EE103A6FF30B0382
:1049500006EE103A36EE477A37EE447AA5EE637AE1
:1049600037EEC77A1EE670EE407A87EEA70A9EE61B
:10497000B1F17E5F3FF4CBAEB2F1804F3FF404AFB4
:104980000EF0010ECDE90010CDE902238DED050AF0
:10499000CDED040ACEF10204FDF780F9019899E605
:1049A00001908DED000AFDF779F90198B0F1FF4F04
:1049B0003FF47DAEDDED007A00283FF478AEB0F133
:1049C0007E5F7FF4EAAE002497E659498B4200F2FD
:1049D00091807FF40CAE76EEE76AF4EEC76AF1EEF2
:1049E00010FA80F2878002F50042524BC2F3C751A1
:1049F0007F39C2F316000B4140F40000C1F11701EA
:104A000013400841404206EE903A77EEE67AC3053D
:104A100077EE276A16EE902AEFE59FED3A4AF7EE19
:104A2000000AB0EE448A4FF0000E03E70023E5E6EB
:104A3000002A12DB002007B0BDEC028BBDE830403D
:104A400000F0ECBBCDED005A00F05EFBDDED005A4E
:104A5000F0EE400A20E6002AECDD002007B0BDECB5
:104A6000028BBDE8304000F0DFBB9FED334A9FED85
:104A7000338AF7EE080A4FF4001EDBE6DB157E3BB7
:104A80004FF40001194111442A4BC1F3C75CACF14A
:104A90007F0CC1F3160043FA0CF340F40000CCF194
:104AA000170C002A40FA0CF003EA0103ABDAA9E77D
:104AB0009FED236A76EEE76A37EE066AB4EEE66AA1
:104AC000F1EE10FA0EDC02F500421A4BD1157F39D7
:104AD000C2F316000B4140F40000C1F1170113406E
:104AE000084190E7F5EEC05AF1EE10FA4CBF0120F4
:104AF0000020B3E7F5EEC05AF1EE10FA4CBF0120EA
:104B0000002098E70000000000F0FFDF42F1533E74
:104B100055326C3E05A38B3EABAAAA3EB76DDB3E79
:104B20009A99193F4F38763F0040763FC623F6B832
:104B300000001643000080FF00C0153FDCCFD135D8
:104B40003CAA383371C41C00D6B35D0010B510EE1A
:104B5000104A8B4A24F00043934288B070D9894AA6
:104B6000934222D824F00043002C9FED877A874A95
:104B700023F00F0340F3EB80934270EE477A09BFB6
:104B80009FED837ADFED836ADFED836A77EEC77A84
:104B900037EEE67A77EEC77A80ED007A77EEE67A3E
:104BA000C0ED017A012008B010BD7C4A9342014655
:104BB00054D9B3F1FF4F4AD2DA15863AA3EBC25368
:104BC00007EE903ABDEEE77ADFED756AB8EEC77A88
:104BD00077EEC77A8DED057A67EEA67ABDEEE77AB5
:104BE000B8EEC77A77EEC77A8DED067A67EEA67AC9
:104BF000F5EE407AF1EE10FACDED077A40F09280B2
:104C0000B5EE407AF1EE10FA40F08E80012365484F
:104C100001900220009005A8029100F00BFB002CEF
:104C20000299C0DA91ED007AD1ED017AB1EE477ABE
:104C3000F1EE677A81ED007AC1ED017A4042B2E788
:104C4000002380ED000A4360002008B010BD70EE24
:104C5000407AC0ED017AC0ED007AF5E7CDE9023087
:104C6000FDF71CF89FED507A9FED476AF6EE007A4B
:104C7000E0EE077ADDE90231FDEEE77A9FED457A55
:104C8000F8EEE76A17EE900AA6EEC60A1F2866EE4F
:104C9000877A30EE677A20DCDFF818C100F1FF3E3A
:104CA00024F000425CF82EC022F0FF02624514D0CE
:104CB00081ED007A30EE470A002C30EE670A81ED74
:104CC000010ABFF670AFB1EE477AB1EE400A81ED4E
:104CD000007A81ED010A404265E717EE102AC2F31F
:104CE000C752C2EBD352082AE2DD9FED297ADFEDED
:104CF0002A5AB0EE406AA6EEC76A70EE467AE6EE31
:104D0000C77AD6EEA57A36EE677A17EE102AC2F386
:104D1000C752C2EBE353192B08DCB0EE460A81ED13
:104D2000007AC7E7032372E7022370E79FED1F7A3B
:104D3000DFED1F5AB0EE460AA6EEC70A76EE407ABD
:104D4000E6EEC77AD6EEA57A30EE677AB0E7934200
:104D500070EE077A09BF9FED0E7ADFED0E6ADFED88
:104D60000E6A77EE877A37EEA67A77EEC77A80ED0D
:104D7000007A77EEA67AC0ED017A4FF0FF3012E7A5
:104D8000D80F493FE3CB1640800FC93FD00FC93F32
:104D9000004435374344353708A3852E800F4943F7
:104DA000000080432093030884F9223F00A3852E4E
:104DB00032318D24A092030810EE102A22F0004315
:104DC000B3F1A14FF0EE407A07D3B3F1FF4F56D8BD
:104DD000002A7CDD9FED530A704700B552498B4293
:104DE00083B05BD8B3F1445F4CD34FF0FF3327EE71
:104DF000A76A9FED4E5A9FED4E7ADFED4E5ADFEDDA
:104E00004E4A66EE066A591CA6EE857AE6EEA54A7B
:104E10009FED4A5ADFED4A5AA7EE265AE4EEA65A0B
:104E20009FED487ADFED484AA5EE267AE5EEA64AE0
:104E30009FED465ADFED465AA7EE265A9FED457A7A
:104E4000A4EEA67AE5EE265A27EE267AA5EE867A15
:104E500027EE277A42D04048404900EB8300D0ED4E
:104E6000006A37EE667A01EB8303D3ED006A37EE12
:104E7000677A002A36EEC70A2CDB03B000BD30EE9D
:104E8000000A70479FED367A30EE077AF7EE006A37
:104E9000B4EEE67AF1EE10FAA7DDEEE7CDE90032E6
:104EA000FCF7FCFE2F49009B019A8B421AD8A1F512
:104EB000D0018B422BD8F0EE007ABFEE007AA0EE44
:104EC000277A002330EE270AC7EE007A8FE79FED9E
:104ED000260A7047B1EE400A03B000BD37EEC70A9C
:104EE00003B000BD21498B420BD8F7EE087AB7EE2C
:104EF000007AA0EE277A022330EE670AC0EE077A26
:104F000075E7BFEE007AC7EE007A03236FE7F7EE8E
:104F1000007A30EE677A30EE270A0123C7EE007A76
:104F200065E700BFDB0FC93FFFFFDF3ED769853C68
:104F300059DA4B3D21A215BD6BF16EBD356B883D35
:104F400095879DBD6E2EBA3D388EE3BD2549123E34
:104F5000ABAAAA3ECDCC4CBE3896030848960308AF
:104F6000CAF24971FFFF973FDB0FC9BFFFFF1B402C
:104F70002DE918485CEC10BBCCF30A53044661469B
:104F800093BB2CF0004151EA0B012BD0404B58460B
:104F900061460022D3F7F0F93E4B9C4283468C4693
:104FA0005BDBC1F30A53363B4CF25032944228DCAF
:104FB00004EB030E40F2FE739E4522DCBEF1000FAF
:104FC00039DC1EF1350F3FDB0EF1360E6FF31E514B
:104FD00041EA0E53194658462F4B0022D3F7CCF91D
:104FE00041EC100BBDE8188840F2FF729342DBD110
:104FF0005A4663465846D3F709F841EC100BBDE812
:105000001888BCF1000F1AA1D1E9000108DB18A330
:10501000D3E90023D3F7B0F941EC100BBDE81888B1
:1050200015A1D1E9000112A3D3E90023D3F7A4F914
:1050300041EC100BF2E76FF31E515A4641EA0E5352
:1050400043EC102BBDE81888BCF1000F0CA1D1E98E
:10505000000102DA0CA1D1E9000109A3D3E9002380
:10506000D3F78AF941EC100BBDE81888AFF3008044
:105070009C7500883CE4377E9C7500883CE437FED4
:1050800059F3F8C21F6EA50159F3F8C21F6EA5812E
:1050900000005043B03CFFFF0000903C10B582B0D0
:1050A0008DED000B044600F0E3FE9DED000B046067
:1050B00002B010BD00B5034683B051EC100B83B1B4
:1050C000024601F10043CDE90023DDE90023D3F7D7
:1050D00053F941EC100B222003B05DF804EBFFF70D
:1050E000DDBF02460B46EEE79FED010BFFF7E2BF87
:1050F00000000000000000109FED010BFFF7DABF79
:10510000000000000000007010EE103A33F0004183
:105110001A4625D0B1F1FF4F1FD213F0FF4F20D117
:10512000DFED297A294A60EE277A904217EE903A0D
:1051300031DB4CF2503CC3F3C75160451A46A1F134
:10514000190114DD002BDFED227A9FED210AB8BF93
:10515000DFED207A27EE800A704730EE000A7047B4
:1051600070474CF2503C60454FEAD151EADC0844AC
:10517000FE28E7DC002815DC10F1160F19DB1930CA
:1051800022F0FF4242EAC05207EE902A9FED120A37
:1051900027EE800A7047DFED117A07EE103A27EE0E
:1051A000270A704722F0FF4242EAC05300EE103A4D
:1051B0007047002BDFED097A9FED080AB8BFDFEDDD
:1051C000087A27EE800A70470000004CB03CFFFFD1
:1051D000CAF24971CAF249F1000000336042A20DDF
:1051E0006042A28D10B582B08DED010A044600F038
:1051F0003FFE9DED010A046002B010BD30B1F1EE3A
:10520000407A27EE800A2220FFF7ECBFF0EE407ACA
:1052100027EE800A2220FFF7E5BF00BF9FED010ABD
:10522000FFF7ECBF000000109FED010AFFF7E6BF9B
:10523000000000702DE9F04F2DED048BDBB01C4613
:105240000393814613466898CB4A04F1FF381C1D2E
:1052500052F82050C0F26682DA1E48BF1A1DD210E2
:1052600004920132D2000692069A15EB0806A3EBCF
:1052700002021BD404989FEDC47A699F0136A0EB0B
:10528000080006441EAC9C460028A4BF57F82030F6
:1052900007EE903A00F10100ACBFF8EEE77AF0EECD
:1052A000477AB042E4EC017AEED16346002DC0F2B9
:1052B000EC800398B8F1000F0DF58C7C464605EBA9
:1052C000000EB8BF0024C0F2D38003981EAF07EBD6
:1052D0008007840009EB8000DFEDAB7ABB46CA464D
:1052E000FAEC016A3BED017A8245E6EE877AF7D166
:1052F00001367645ECEC017A07F10407ECD109A8F8
:10530000CDE9071300EB85000DF1280A9FED9B9A6C
:10531000DFED9B8A05904C440AEB8507AB4646AE11
:10532000019510460DEB8B03BBF1000F93ED460A80
:105330004FEA8B0515DD7319524660EE097AB0EE1F
:10534000407AFDEEE77A73ED016AF8EEE77AB34250
:10535000A7EEE87A37EEA60ABDEEC77AA2EC017A8C
:10536000EBD10290FFF7D0FEB0EE408AB4EE000A17
:1053700028EE000AFCF71CFEF2EE007AA0EE678A27
:1053800002980028FDEEC89AF8EEE97A38EE678AAE
:105390007EDD0BF1FF31C0F108035AF821E04EFA2F
:1053A00003FC0CFA03F3AEEB030EC0F1070219EE97
:1053B000903A4EFA02F26344002A09EE903A4AF813
:1053C00021E000F3FA80B5EE408AF1EE10FA70D1D8
:1053D000019B9B450CDD0AEB05030021944653F825
:1053E000042DBB4241EA0201F9D1002940F0468177
:1053F000019B013B0BF1010E5AF82330002B40F0CA
:105400003B81059B012153F8042D0131002AFAD07C
:105410005944049B03EB0B02039B5B440293699B7F
:1054200003EB820B029B0DF1780C0CEB830C47AB6A
:105430001D44DBED017AF8EEE77AB8F1000F0BF1CD
:10544000040BECEC017ADFED507A09DB62464B4647
:10545000F3EC016A32ED017AA342E6EE877AF7D1E6
:105460000EF1010E8E45E5EC017AE2DD8B4659E73F
:10547000701C7045CCF8004006F1020605D0B64518
:10548000CCF804400CF1080CF2D10398840036E704
:1054900000F0D980F6EE007AB4EEE78AF1EE10FA69
:1054A00080F22E81B5EE408AF1EE10FA4FF0000244
:1054B0008ED0CDE90220089B069A0799019D0191A3
:1054C000D01AB0EE480AFFF71FFE9FED2D7A019922
:1054D000039AB4EEC70AF1EE10FAC0F29781DFED3D
:1054E000277A60EE277A0BF10104FDEEE77A0832A5
:1054F000F8EEE77AA7EEC70AFDEEE77ABDEEC00A3E
:1055000010EE103A4AF82B3017EE903A4AF8243051
:105510001046B7EE000A0191FFF7F6FD002C019945
:10552000B0EE407AC0F29D810AF1040347A8DFED96
:10553000136A03EB840300EB8400A2000DF58C7C5E
:1055400073ED017AF8EEE77A534567EE877A27EE36
:10555000267A60ED017AF3D1002D0DF1C80EC0F26C
:10556000998194442746F04600269146054ADFED8E
:10557000067A6046002311E0849603080000803B11
:10558000000080435896030800000000F2EC016A16
:10559000B0EC017A9D42E6EE877A03DB9E4203F18E
:1055A0000103F3DA013F7B1CC8ED007A7ED008F1DD
:1055B00004080136ACF1040CD8E70133BBF1000F4D
:1055C00009EE903A40F3438151464FF0000E51F8F6
:1055D000043B3BBB0EF1010EF345F8DC9E46002870
:1055E0000CDD012800F08380022807D10BF1FF3188
:1055F0005AF8213003F03F0C4AF821C0022A7FF408
:10560000E2AEB7EE000A30EE488ABEF1000F3FF47A
:10561000DAAE09920290FFF777FD0298099A38EE08
:10562000408AD0E6C3F5807341F8043C04E00B687F
:10563000C3F1FF0341F8043B0EF1010EF345F6DC24
:105640004FF0010ECBE70BF1FF335AF82320D211B4
:10565000002A7FF7B8AE19EE903ABBF1000F03F1C4
:10566000010309EE903AAFDC022A7FF4ACAEF7EE0C
:10567000007A37EEC88AA6E67146CAE60BF1FF3417
:10568000A0F108025AF824300799CDF808C028463E
:10569000019D002B7FF43CAF034609A8034453F857
:1056A000040D013C083A0028F9D031E74A46689BCE
:1056B000022B62DC002B3ADC10D10EF104035FED0B
:1056C0004E7A134433ED017A9E4577EE877AF9D10D
:1056D000029B002B40F0AB80C1ED007A19EE903AAE
:1056E00003F007005BB0BDEC048BBDE8F08F0BF15D
:1056F000FF315AF8213003F07F0C4AF821C07DE7D2
:1057000019EE903ABBF1000F03F1010309EE903A54
:10571000C8BF02223FF758AFF7EE007A37EEC88ACB
:10572000022250E608220692002204929CE50EF125
:105730000403DDED327A1FED6C7A1A4452ED016AF2
:105740001346043A964537EE267AF7D1029A002A94
:1057500064D177EEC77A81ED007A5CB10122B3ECB7
:10576000017A0132944277EE877AF8DA029B0BB124
:10577000F1EE677AC1ED017AB0E7689B032BADD1FA
:10578000002C00F084800EEB020696ED007A304685
:10579000354655ED017AF0EE476A37EE277A2B460B
:1057A00077EEC77A043D77EEA67AAE45C3ED007A70
:1057B00003ED017AEDD1012C69D096ED007A70ED00
:1057C000017AF0EE476A37EE277A834277EEC77A9E
:1057D00080ED007A77EEA67AC0ED017AEFD15FED29
:1057E000967A1A44043332ED017A934277EE877A3F
:1057F000F9D1029BDDED326A9DED337AD3B9C1ED6B
:10580000006A81ED017AC1ED027A67E7BDEEC00A58
:105810005C4610EE103A4AF82B3079E6F1EE476A12
:1058200077EEC77AC1ED006A002C97D1A0E7F1EEC0
:10583000677A51E7F1EE666AB1EE477AF1EE677A80
:10584000C1ED006A81ED017AC1ED027A46E70128D7
:1058500011D002287FF408AF0EF03F034AF8213040
:1058600002E7689B022B0EDC002B21DC7FF436AFB5
:105870005FEDBB7A2CE70EF07F03022A4AF8213055
:105880007FF4A1ADF3E6689B032B7FF427AFDFED38
:105890000E7AAEE70025204673461D6000283FF4CF
:1058A00006AF0238461C5D6003F10803F5D1FEE641
:1058B000029BDDED327A1BB14FF000430B6057E7DE
:1058C00000230B6056E700BF000000002DE9F04701
:1058D00082B00646DDF828E00846B4460D46002BA7
:1058E0004ED18A4214466DD9B2FA82F242B1C2F167
:1058F0002003954026FA03F394401D4306FA02FC68
:10590000260CA7B2B5FBF6F14FEA1C4306FB115576
:1059100043EA054301FB07F0984209D9E31801F176
:10592000FF3580F00381984240F200810239234420
:105930001B1A1FFA8CFCB3FBF6F006FB10334CEA83
:10594000034C00FB07F363450AD914EB0C0C00F180
:10595000FF3580F0ED80634540F2EA80A4440238D0
:1059600040EA0140ACEB030C0021BEF1000F04D073
:105970002CFA02F30022CEE9003202B0BDE8F08733
:105980008B4209D9BEF1000F01D0CEE900610021A0
:10599000084602B0BDE8F087B3FA83F11746002944
:1059A0004DD1834202D3B24200F20F81B6EB070C15
:1059B00060EB030301201D46BEF1000FDDD0CEE9F0
:1059C00000C5DAE7002A00F098801A46B4FA84F39A
:1059D000002B40F0AF800B1B270CA6B20121B3FBBC
:1059E000F7F54FEA1C4007FB153340EA034306FB7B
:1059F00005F8984507D9E31805F1FF3002D298451C
:105A000000F2E8800546A3EB08031FFA8CFCB3FB09
:105A1000F7F007FB10334CEA034C06FB00F3634539
:105A200008D914EB0C0C00F1FF3602D2634500F2EA
:105A3000CE803046ACEB030C40EA054095E7C1F15F
:105A400020058B4022FA05FC4CEA030C00FA01F415
:105A500026FA05F3E84002FA01F943EA04084FEA9E
:105A60001C4206FA01FAB0FBF2F71FFA8CF602FBB1
:105A700017004FEA184444EA004407FB06F0A0422E
:105A80000AD91CEB040407F1FF3380F09C80A0428C
:105A900040F29980023F6444241A1FFA88F3B4FB51
:105AA000F2F002FB104443EA044300FB06F69E4278
:105AB00009D91CEB030300F1FF3480F082809E4281
:105AC0007FD90238634440EA0740A0FB09749B1B5E
:105AD000A3423E46A04664D361D0BEF1000F0AD077
:105AE000BAEB060263EB080303FA05F5CA40154357
:105AF000CB40CEE9005300213FE7730843EAC1736E
:105B00004A08190C41EA02414FEAC67C9BB2B2FB3B
:105B1000F4F02646A04627461F2243EA0143B1FB84
:105B2000F4F1A3EB080341EA004158E72946FFE6F8
:105B3000284615E71A46C3F120019C4026FA01F3D6
:105B400020FA01F190400343270C06FA02FCB1FB56
:105B5000F7F0A6B207FB1015190C41EA054100FB4E
:105B600006F58D423BD9611801D28D4220D8491BE0
:105B70000138B1FBF7F5019505FB06F8019D9BB2D5
:105B800007FB151143EA0143434526D2E31805F10B
:105B9000FF31C6D24345C4D2A91E2344C1E7BA454A
:105BA0009BD2B7EB090664EB0C040138A04694E7DE
:105BB000651B29440238B1FBF7F5019505FB06F892
:105BC000DCE720467FE71F4666E70846F4E6A44484
:105BD00002382FE7023D234415E70199A1E7491B4D
:105BE000B1FBF7F5019505FB06F8C7E70023014671
:105BF0001A46184600F080B90A22002100F0A2B827
:105C0000242B2DE9F84F42D8012B884619463ED067
:105C100091464B4A82461E46C64670461EF8017B98
:105C2000D35D13F00803F8D12D2F70D02B2F05BFB3
:105C30009EF800709B469B4600F1020E6FF00043F9
:105C400061BB302F4DD00A2631460022B3FBF6F45B
:105C5000104606FB143505E03CD006FB00C00122CF
:105C60001EF8017BA7F1300CBCF1090F06D9A7F192
:105C7000410CBCF1190F17D8A7F1370C61451CDD99
:105C8000571CEDD08442E7D24FF0FF32E8E700F036
:105C9000EFF8162303600020BDE8F88F1029D4D157
:105CA000302F27D00E46D0E7A7F1610CBCF1190FB9
:105CB00003D8A7F1570C6145E2DC511C30D0BBF191
:105CC000000F0CD1B9F1000FE6D0AABBC9F80080D3
:105CD000BDE8F88F6545C0DA4FF0FF32C0E74042BB
:105CE000F0E79EF8002002F0DF02582A08D00826CC
:105CF0003146AAE79EF8002002F0DF02582AD1D1EF
:105D000010269EF8017031460EF1020E9DE79EF8B6
:105D100000704FF0004300F1020E4FF0010B8FE7CF
:105D20002222CAF80020B9F1000F07D00EF1FF3887
:105D30001846C9F80080CBE70346F7E71846ABE7FB
:105D40009196030800B5DFF818E084461346DEF8A4
:105D500000005DF804EB0A466146FFF751BF00BF43
:105D6000B0020020032A11D8002A3BD0013A431E7A
:105D70000139024401E09A4234D013F8010F11F8BE
:105D800001CF6045F7D0A0EB0C00704710B541EA99
:105D90000004A40784460B460FD0013A431E013984
:105DA000024401E09A421BD013F8010F11F801CF11
:105DB0006045F7D0A0EB0C0010BDDCF80040D3F834
:105DC00000E074451946604603F104030CF1040C2D
:105DD000E3D1043A032AF0D860461946002ADCD100
:105DE000002010BD0020704730B58407864603466A
:105DF00006D0A2B303F8011B980702F1FF32F8D1D5
:105E0000032A26D95FFA81FC0CEB0C2C0F2A0CEB31
:105E10000C402AD922F00F0C9C44C3E90000C3E9CE
:105E2000020010336345F8D112F00C0F02F00F049A
:105E300017D04FEA940C0CF1FF351A4603EB8C0C8B
:105E400042F8040B6245FBD1043304F0030203EB78
:105E5000850322B11A4403F8011B9A42FBD1704614
:105E600030BD2246002AF5D1F9E71446E1E700BF2C
:105E7000014B1868704700BFB002002070B50E4E8D
:105E80000E4DAE4208D0761BB610002455F8043BE8
:105E900001349847A642F9D8094E0A4D03F07AFC1E
:105EA000AE4208D0761BB610002455F8043B0134EE
:105EB0009847A642F9D870BDB4970308B497030871
:105EC000BC970308B497030838B5074D074C2C1B43
:105ED000A41005D0013C55F8043D9847002CF9D199
:105EE000BDE8384003F05CBCC0970308BC970308CA
:105EF000704700BF704700BFF0B51D4C83B005462A
:105F00002068019116461F46FFF7F2FF194A0199D2
:105F1000136823B35A6820681F2A23DC4DB9541C28
:105F200002325C6043F82210FFF7E4FF002003B068
:105F3000F0BD03EB820E0124CEF88860D3F88861AF
:105F4000944046EA040C022DC3F888C1CEF80871CB
:105F5000E5D1D3F88C512543C3F88C51DFE7064BCC
:105F60001360D7E7FFF7C6FF4FF0FF30DFE700BF52
:105F7000B80400202CC100209CBF0020024B13B1AC
:105F80000248FFF733BE704700000000C95E0308F7
:105F90000000C03E0000003F000000BF000040BF06
:105FA0000000003E0000803E00D57FAAFE2B8154F9
:105FB00029FC5683D702A87D52872DF8AC79D306E9
:105FC0007BAE04D18550FA2FA471DB0E5A8F25F0D9
:105FD0008D58F22773A60CD9F623895C08DD77A2C9
:105FE000DF0AA07521F45E8B9D48E23763B61CC9B9
:105FF000B461CB1E4A9F35E0CF1AB06531E44E9BA9
:10600000E633994C18CD67B239EC4693C712B86D98
:1060100010C56FBAEE3B91446BBE14C19540EA3F88
:1060200042973DE8BC69C316EF3A904511C46EBB78
:10603000C613B96C38ED4792BD68C21743963CE968
:106040009441EB3E6ABF15C04B9E34E1B560CA1F58
:1060500062B71DC89C49E33619CC66B3E732984D48
:1060600030E54F9ACE1BB16472A70DD88C59F32638
:106070005B8E24F1A570DA0F20F55F8ADE0BA17428
:1060800009DC76A3F722885DD603A97C28FD578218
:10609000FF2A805501D47EAB8451FB2E7AAF05D008
:1060A000AD78D20753862CF900000000000069404B
:1060B00000000000000069400000484200008040ED
:1060C0000000000000C072400000000000004940D5
:1060D000000082420000E0400000000000000000DC
:1060E000000000000D424C48656C69F47D00000022
:1060F00000002110422063308440A550C660E77044
:10610000088129914AA16BB18CC1ADD1CEE1EFF1EB
:106110003112100273325222B5529442F772D66293
:10612000399318837BB35AA3BDD39CC3FFF3DEE33B
:106130006224433420040114E664C774A4448554E3
:106140006AA54BB528850995EEE5CFF5ACC58DD58B
:106150005336722611163006D776F6669556B44633
:106160005BB77AA719973887DFF7FEE79DD7BCC7DB
:10617000C448E5588668A778400861180228233883
:10618000CCC9EDD98EE9AFF9488969990AA92BB92B
:10619000F55AD44AB77A966A711A500A333A122AD3
:1061A000FDDBDCCBBFFB9EEB799B588B3BBB1AAB7B
:1061B000A66C877CE44CC55C222C033C600C411C23
:1061C000AEED8FFDECCDCDDD2AAD0BBD688D499DCB
:1061D000977EB66ED55EF44E133E322E511E700E73
:1061E0009FFFBEEFDDDFFCCF1BBF3AAF599F788F1B
:1061F0008891A981CAB1EBA10CD12DC14EF16FE1FB
:106200008010A100C230E320045025404670676032
:10621000B9839893FBA3DAB33DC31CD37FE35EF34A
:10622000B1029012F322D232354214527762567282
:10623000EAB5CBA5A89589856EF54FE52CD50DC59A
:10624000E234C324A01481046674476424540544D2
:10625000DBA7FAB79987B8975FE77EF71DC73CD7EA
:10626000D326F2369106B016576676761546345622
:106270004CD96DC90EF92FE9C899E9898AB9ABA93A
:106280004458654806782768C018E1088238A32872
:106290007DCB5CDB3FEB1EFBF98BD89BBBAB9ABB8A
:1062A000754A545A376A167AF10AD01AB32A923AC2
:1062B0002EFD0FED6CDD4DCDAABD8BADE89DC98DDA
:1062C000267C076C645C454CA23C832CE01CC10C12
:1062D0001FEF3EFF5DCF7CDF9BAFBABFD98FF89F2A
:1062E000176E367E554E745E932EB23ED10EF01E62
:1062F00001000000000000000200000000D57FAA9D
:10630000FE2B815429FC5683D702A87D52872DF895
:10631000AC79D3067BAE04D18550FA2FA471DB0E85
:106320005A8F25F08D58F22773A60CD9F623895C75
:1063300008DD77A2DF0AA07521F45E8B9D48E23765
:1063400063B61CC9B461CB1E4A9F35E0CF1AB06555
:1063500031E44E9BE633994C18CD67B239EC469345
:10636000C712B86D10C56FBAEE3B91446BBE14C135
:106370009540EA3F42973DE8BC69C316EF3A904525
:1063800011C46EBBC613B96C38ED4792BD68C21715
:1063900043963CE99441EB3E6ABF15C04B9E34E105
:1063A000B560CA1F62B71DC89C49E33619CC66B3F5
:1063B000E732984D30E54F9ACE1BB16472A70DD8E5
:1063C0008C59F3265B8E24F1A570DA0F20F55F8AD5
:1063D000DE0BA17409DC76A3F722885DD603A97CC5
:1063E00028FD5782FF2A805501D47EAB8451FB2EB5
:1063F0007AAF05D0AD78D20753862CF9FC67030835
:106400002068030844680308686803088C68030868
:10641000B0680308BE3786350000000000000000A9
:106420000000000000000000FAED6B3A00000000E0
:10643000000000000000000000000000FAED6B3AD0
:10644000000000000000000000000000000000004C
:10645000FAED6B3A2E90A03B000000000000000017
:10646000000000000000000000401C45000000008B
:106470000000000000000000000000000000964343
:10648000000000000000000000000000000000000C
:106490000000964329950008A8000000AE080000FF
:1064A000E8030000D0070000E99500080E00000096
:1064B000E803000001000000E70300000000000006
:1064C00001000000020000000300000006000000C0
:1064D00007000000080000000900000004000000A0
:1064E0000500000003060404040808060608080165
:1064F0000202020202020102020202020200000083
:10650000000000001800000028000000000000004B
:106510000800000008000000010000000800000062
:106520000800000000000000080000000800000053
:10653000000000000800000008000000000000004B
:106540000800000008000000000000000800000033
:106550000800000000000000080000000800000023
:10656000000000000800000008000000000000001B
:106570000800000008000000000000000800000003
:1065800008000000010000000800000008000000F2
:1065900001000000000034C3000034C3000034C315
:1065A00000000000000034C200000000000034C2FF
:1065B000000000000000F0C1000000000000B4C1B5
:1065C00000000000000000000000000000000000CB
:1065D00000000000000000000000000000000000BB
:1065E00000000000000000000000000000000000AB
:1065F000000000000000000000000000000000009B
:1066000048617264204661756C743A004346535287
:106610002020000048465352202000004D4D4641A6
:10662000522000004246415220200000466F726313
:1066300065643A00557361676520000042757320F8
:10664000202000004D656D202020000053502020A8
:106650002000000052302020200000005231202075
:106660002000000052322020200000005233202061
:106670002000000052313220200000004C52202027
:1066800020000000504320202000000050535220E2
:10669000200000006C65676163790000656E756DB0
:1066A000000000007261642F730000006269746D65
:1066B00061736B005600000025000000487A00005E
:1066C0006D000000646567006D2F73006D41680008
:1066D0006465672F73000000252F73006761696E82
:1066E0000000000041000000493243002063656E55
:1066F0007375733A00000000206E6F6E6500000035
:1067000053544D3332205669727475616C20436F57
:106710006D506F727420696E204653204D6F646512
:106720000000000053544D6963726F656C656374BB
:10673000726F6E696373000030303030303030304B
:10674000303530430000000056435020436F6E66E2
:106750006967000056435020496E74657266616334
:10676000650000006D34774643496E746600000092
:10677000434C464C0000000053504B5900000000B1
:1067800053657020323320323032360032313A34A1
:10679000313A34380000000056332E00300000003B
:1067A000464C59494E475243463457494E474D4946
:1067B0004E493A302056323032362D30392D323370
:1067C000000000005750000052544800214552522A
:1067D000000000004F4B0000414E474C00000000FD
:1067E0004143524F0000000041480000484F4C44D4
:1067F000000000005541565820000000245055422A
:10680000582C34312C312C303030332C3030303166
:106810002C3233303430302C302A31430D0A000012
:1068200024505542582C34312C312C303030332CFC
:10683000303030312C3131353230302C302A314546
:106840000D0A000024505542582C34312C312C3084
:106850003030332C303030312C35373630302C302E
:106860002A32440D0A00000024505542582C34317D
:106870002C312C303030332C303030312C33383414
:1068800030302C302A32360D0A0000002450554298
:10689000582C34312C312C303030332C30303031D6
:1068A0002C31393230302C302A32330D0A000000BE
:1068B00024505542582C34312C312C303030332C6C
:1068C000303030312C393630302C302A31360D0A08
:1068D00000000000030301010001010202040400A2
:1068E0000005060708090A0D0B0B0C0D0E00000031
:1068F00000000000CDCC4C3F7B142E3ECDCC0C3F95
:10690000CDCC644100000000000000000000000049
:1069100000000000000000000EF8FC3A349D9D3B92
:10692000000000000000000000000000368DA740BD
:10693000368DA740DB0F4940000070410000000089
:10694000CDCCCC3D00000000CDCC4C3F7B142E3E86
:10695000CDCC0C3FCDCC6441000000000000000015
:106960000000000000000000000000000EF8FC3AEB
:10697000349D9D3B0000000000000000000000006E
:10698000368DA740368DA740DB0F4940000070418F
:1069900000000000CDCCCC3D000000009A99993F4A
:1069A000CDCC4C3ECDCC0C3F3333AB41000000008E
:1069B00000000000000000000000000000000000D7
:1069C0006F12833B0AD7233C000000000000000048
:1069D00000000000368DA740368DA740DB0F4940F0
:1069E0000000704100000000CDCCCC3D0000000054
:1069F000CDCC8C3FEC51383ECDCC0C3FCDCC9C4126
:106A00000000000000000000000000000000000086
:106A100000000000A69B443BA69BC43B0000000076
:106A20000000000000000000368DA740368DA74012
:106A3000DB0F49400000704100000000CDCCCC3D90
:106A4000000000000000C03FAE47613ECDCC0C3FCF
:106A50006666D64100000000000000000000000053
:106A60000000000000000000143FC63BFE65773CBC
:106A7000000000000000000000000000368DA7406C
:106A8000368DA740DB0F4940000070410000000038
:106A9000CDCCCC3D010000003333333F000000007B
:106AA0006666E63E00002041000050410000D040F4
:106AB0000000E0410000003F295C8F3D4260653BE3
:106AC0000AD7A33BCD4C024366668A430000C04010
:106AD000000060409A99993F0000C03F000060416B
:106AE000C3F5E83F0000000001000000CDCC4C3FA2
:106AF000000000000000003F000040410000604135
:106B0000000000410000F0416666E63E295C8F3DD2
:106B1000A69BC43B6F12033C3333834166668D43AF
:106B200033337342000040409A99993F0000C03FC0
:106B3000000040411F850B400000000001000000E4
:106B40009A99993F9A99193F3333B33E00007041A7
:106B5000000020410000D0400000B0419A99193F48
:106B60008FC2753D295C0F3DCDCC4C3D00009C4152
:106B7000CDCC2C42333331420000C03F0000803F77
:106B80000000803F000020410000803F0000000026
:106B9000010000009A99993F9A99193F3333B33E07
:106BA00000007041000020410000C0400000B041E2
:106BB0003333333FAE47613D295C0F3DCDCC4C3D77
:106BC0009A99034200002F43666688420000C03F46
:106BD0000000803F0000803F00002041713D4A3F9F
:106BE00000000000010000006666663F6666E63E43
:106BF000CDCCCC3E00005041000030410000F040C0
:106C00000000C041CDCC0C3F8FC2753D8FC2753C9A
:106C10000AD7A33C00007041000034420000C84184
:106C2000000020409A99993F9A99993F000030417D
:106C30009A99993F00000000010000000000803F89
:106C40000000003F3333B33E0000404100002041CC
:106C50000000E0400000A041CDCC0C3FB81E853DB7
:106C60000AD7A33C8FC2F53C000000006666504284
:106C7000CDCCE441000000400000803F0000803F98
:106C8000000010413D0A973F000000000200000094
:106C90000000C03FCDCCCC3E0000003F0000A04132
:106CA000000040410000A0400000C8410000003F3B
:106CB000CDCCCC3D0AD7A33C8FC2F53C00000000F0
:106CC0000000000000000000000020409A99993F59
:106CD0000000C03F00004041000000000AD7A33D73
:106CE000030000000000A040000000000000003F82
:106CF0000000000000000000000000000000A040B4
:106D0000000000000000003F000000000000003F05
:106D10000000000000000000000000000000000073
:106D2000000000000000C03F000000000000000064
:106D3000CDCC4C3E030000000000004000000000ED
:106D40000000003F00000000000000000000000004
:106D500000002041000000009A99993E00000000C8
:106D6000CDCC4C3E00000000000000000000000000
:106D700000000000000000000000004000000000D3
:106D8000000000009A99193E030000000000C03F77
:106D9000000000000000003F0000000000000000B4
:106DA0000000000000004041000000000000803EA4
:106DB00000000000CDCCCC3D000000000000000031
:106DC0000000000000000000000000000000204063
:106DD0000000000000000000CDCCCC3D0000003FD2
:106DE0000000003FCDCC4C3E0000804000008040C1
:106DF000CDCC4C3FE001B8005C00290014000A0033
:106E00000500CC01FA00B8006200290014000A0055
:106E10000500100E643E0020030100000AD7A33BCA
:106E2000000000000000F041A69BC43A94660308ED
:106E3000DC38002003060000282CF1390000000097
:106E4000713D6A40EBF5F63494660308403E00203D
:106E5000030400000000803F0000000000004843E1
:106E60000000E03FD06803081A7D00200000000009
:106E70000000803F000000000000803F0000000094
:106E80009C6603084C3E0020030A00008FC2753C3C
:106E9000000000000000F0410AD7233CA46603086C
:106EA000AC3B0020030100000AD7A33B0000000018
:106EB0000000F041BC74133B94660308D8380020EE
:106EC00003060000E2E9953C00000000713D6A40C5
:106ED00009E1D13B94660308883B002003040000CD
:106EE0000000803F00000000000048430000E03F39
:106EF000D068030870A60020000000000000803F5A
:106F0000000000000000A0400000A0409C660308B4
:106F1000943B0020030A00008FC2753C0000000073
:106F20000000F0410AD7233CA46603081C4100205E
:106F3000030100000AD7A33B000000000000F0415D
:106F40008FC2753B94660308743E00200302000064
:106F500017B7D1380000000000000040BD370636EA
:106F60009466030880810020000000000000803F3C
:106F7000000000000000A040000000009C66030824
:106F8000FCA00020000000000000803F0000000086
:106F900000008040000000009C6603088400002080
:106FA000000000000000803F000000000000A04042
:106FB000000080409C660308A38E002000000000B3
:106FC0000000803F0000000000007F430000B0414F
:106FD000AC66030868300020000000000000803F1D
:106FE0000000000000007041000000009C660308E3
:106FF000602E0020030000000000803F00001041D0
:107000000000A0419A991941B4660308F0050020D8
:1070100003080000CDCCCC3D000000000000A041E2
:10702000CDCCCC3D946603080000000003000000B6
:107030000000803F0000000000007F4300000000CF
:1070400000000000AC380020030E00000AD7233CEB
:10705000000000000000803F0AD7A33CB866030888
:1070600088380020030E00000AD7233C00000000EF
:107070000000803F00000000B8660308A43800202C
:10708000030E00000AD7233C000000000000803FF0
:10709000CDCC4C3DB8660308443E002003050000FB
:1070A000CDCC4C3D0000000000007A43CDCC4C3CE0
:1070B000946603088C3B002003050000CDCC4C3DBA
:1070C0000000000000007A43CDCC4C3C94660308DD
:1070D000F405002003080000CDCCCC3D00000000EA
:1070E0000000A041CDCCCC3D9466030834000020C4
:1070F000031000000000803F0000000000007F43FC
:107100000000C841BC660308BC3B0020030200002D
:1071100017B7D1380000000000000040BD37063628
:107120009466030810210020030700008FC2753DFC
:1071300000000000000070418FC2F53C9466030817
:10714000743B0020030600000000803F00000000A8
:10715000713D6A40931ADA3994660308B03800200A
:10716000030000000AD7233CCDCC4C3E0000003F7A
:107170009A99993EB8660308C80F002003000000E2
:107180000AD7233C00000000CDCC0C3F0AD7A33B1C
:107190009466030878810020030000000000803F0F
:1071A000000000000000F04100002041C06603081C
:1071B00028BD0020030B000035FA8E3C00000000C3
:1071C000960A863F7EC3643EC46603080000000042
:1071D000000000000000803F0000000000007F432E
:1071E00000000000000000000C0000200000000073
:1071F0000000803F00000000000000400000004050
:107200009C66030800000000000000000000803FB2
:1072100000000000000080410000E040000000008D
:1072200069300020000000000000803F00000000E6
:10723000000070410000803F9C6603084800002069
:10724000030000000000803F000000000000003F3D
:10725000CDCC4C3E000000007C810020030E0000DD
:107260000AD7233C000000000000803F000000001F
:10727000B86603085C210020030700000000803F7F
:1072800000000000000070410000A0409466030868
:107290006A300020000000000000803F0000000075
:1072A00000007041000000409C6603086B30002025
:1072B000000000000000803F00000000000070415E
:1072C000000040409C660308F5000020000000001C
:1072D0000000803F000000000000D041000080401E
:1072E0009C660308FDA00020000000000000803F15
:1072F000000000000000E040000000409C66030821
:10730000BC380020030000000000803F00000000A7
:107310000000484200004040C86603088181002008
:10732000000000000000803F000000000000F0416D
:1073300000007041A8660308C300002000000000A0
:107340000000803F000000000000E040000000401E
:107350009C66030848210020030700000AD7233C4D
:10736000000000000000704117B7513A946603080E
:107370006E300020000000000000803F0000000090
:10738000000070410000C0409C6603086D30002082
:10739000000000000000803F00000000000070417D
:1073A0000000A0409C6603088281002000000000CD
:1073B0000000803F000000000000FE4200000000CE
:1073C000AC66030844000020030000000000803F7A
:1073D00000000000000048420000C841000000001A
:1073E000542E0020031500000000803F0080BB44A5
:1073F00000401C460080BB44CC6603086C30002073
:10740000000000000000803F00000000000070410C
:10741000000080409C6603087330002000000000DC
:107420000000803F0000000000007041000030417B
:107430009C6603080821002003070000022B873CFC
:107440000000000000007041022B873B9466030897
:1074500084810020030000000000803F0000000045
:1074600000007F430000204100000000A410002025
:10747000030000000AD7233C000000BF0000003FCB
:1074800000000000B8660308713000200000000012
:107490000000803F0000000000007041000010412B
:1074A0009C6603080C210020030700006F12833B39
:1074B0000000000000007041ACC5A73894660308C6
:1074C00000000000000000000000803F00000000FD
:1074D00000007F4300000000000000001421002095
:1074E000030700000000803F000000000000704122
:1074F0000000803FC866030830410020030D0000F3
:1075000035FA8E3C00000000378D2741910A064075
:10751000D06603089C380020030E00000000803F66
:10752000000000000000803F9A99193E0000000012
:1075300094380020030E00000AD7233C000000000E
:107540000000803F0AD7233CB86603080000000013
:1075500003000000CDCC4C3D0000000000007F4344
:107560000000803F9466030890380020030B000061
:1075700035FA8E3C00000000960A863F960A863F48
:10758000C466030860210020030B000035FA8E3C1E
:1075900000000000960A863FE866DF3EC4660308E6
:1075A00084380020030F00000AD7233C00000000AD
:1075B0000000003F00000000D86603089838002053
:1075C000030E00000AD7233C000000000000803FAB
:1075D0000000803EB8660308D02F002000000000A5
:1075E0000000803F0000000000008040000080405C
:1075F0009C66030800000000030000000000803FBC
:107600000000000000007F430000000000000000B8
:10761000A28E0020000000000000803F000000005B
:1076200000007F4300009642AC660308983B0020B0
:10763000030B000035FA8E3C00000000960A863FDE
:10764000960A063FC466030800000000030000001D
:107650000000803F0000000000007F4300008040E9
:10766000DC660308503E0020030B000035FA8E3C18
:1076700000000000960A863F960A063FC46603088B
:1076800038000020030000000000803F0000C841D7
:1076900000007F4300004842BC66030864210020CC
:1076A000030B000035FA8E3C00000000960A863F6E
:1076B000C7B8B23EC4660308743800200300000057
:1076C0000000803F00000000CDCC4C3EA69B443B18
:1076D000D8660308E8000020030E00000AD7233C08
:1076E000000000000000803FCDCC4C3FB86603088E
:1076F0008C380020030C000035FA8E3CC7B8B2BEAF
:10770000C7B8B23E00000000C4660308783E0020FF
:10771000030D000035FA8E3C00000000378D274134
:10772000910A8640D0660308C03B0020030D00008C
:1077300035FA8E3C00000000378D2741910A064043
:10774000D06603085C2E0020031200000000803F7A
:107750000000000000007F4300000000E466030812
:1077600060000020031100000000803F00000000C6
:1077700000007F4300009441B46603088038002075
:10778000030E00000AD7233C000000000000803FE9
:10779000CDCC4C3EB86603087C380020030E0000B8
:1077A0000AD7233C000000000000803F00000000DA
:1077B000B866030868210020030D000035FA8E3CEE
:1077C00000000000378D2741960A063FD066030867
:1077D000C1000020000000000000803F0000000009
:1077E0000000A040000080409C6603082C4100205F
:1077F0000300000017B7D13700000000CDCC4C3D8E
:10780000BD378635946603080000000000000000C4
:107810000000803F0000000000007F4300000000E7
:107820000000000000000000000000000000803F99
:10783000000000000000C842000000009C66030831
:1078400072300020000000000000803F00000000B7
:1078500000007041000020419C6603086F3000204A
:10786000000000000000803F0000000000007041A8
:107870000000E0409C66030870300020000000001B
:107880000000803F00000000000070410000004147
:107890009C660308F8400020030400000000803FBD
:1078A00000000000000048430000403FD06803088B
:1078B000FC40002003050000CDCC4C3D0000000042
:1078C00000007A43CDCC4C3C946603080441002070
:1078D000030A00000ADA643A000000000000F041E8
:1078E0008FC2F53CA4660308E438002003060000BC
:1078F000CDCC4C3D00000000713D6A408FC2753B0D
:1079000094660308A18E0020000000000000803F64
:1079100000000000000080400000803F9C660308DB
:107920000039002003060000C98E8D3900000000D8
:10793000713D6A4084F490349466030894000020FA
:10794000030000000AD7233C000000000000803E36
:107950000000803EB866030878380020030000006D
:107960000000803F000040C0000000000000C0BFD9
:10797000C866030800000000000000000000803F0F
:107980000000000000007F43000000000000000035
:1079900098000020030000000000803F000000006D
:1079A0000000F0410000803FC8660308502100201D
:1079B000030000000000803F0000000000002041A4
:1079C00000008040C066030854210020030000002E
:1079D0000000803F000000000000F0410000404037
:1079E000C066030820410020030300006F12833AA1
:1079F0000000000000000040000000009466030842
:107A000028410020030000000AD7233C00000000AA
:107A10000000004052499D399466030800000000B0
:107A2000030000000000803F0000000000007F43D2
:107A30000000000000000000000000000300000043
:107A40000000803F0000000000007F4300000000B5
:107A50000000000010000020030000000AD7233CB3
:107A60009A99193E0000803FCDCCCC3EB866030801
:107A700000000000030000000000803F0000000044
:107A800000007F430000000000000000E42F002001
:107A9000030E00000AD7233C000000000000803FD6
:107AA0000AD7A33CB8660308582100200300000051
:107AB0000000803F0000000000007A4400004843BE
:107AC000C066030864000020030000000000803F3F
:107AD000000000000000C84100007041C0660308BB
:107AE000A08E0020000000000000803F0000000089
:107AF00000000040000000009C660308F400002025
:107B0000000000000000803F000000000000704204
:107B10000000A040A8660308F00000200300000059
:107B20000AD7233C000000000000003F9A99193E4C
:107B3000B866030874810020030600006F12833AC0
:107B400000000000713D6A4017B751389466030881
:107B5000B8380020030000000000803F0000000053
:107B60000000484200004040C866030870810020C1
:107B7000030000000AD7233C000000000000A041E1
:107B800000000000B8660308B438002003000000BD
:107B90000000803F000000000000704100004040F5
:107BA000C066030800000000000000000000803FE5
:107BB0000000000000007F43000000000000000003
:107BC000EC000020000000000000803F00000000EA
:107BD0000000A0400000803F9C66030800000000F9
:107BE000000000000000803F0000000000007F4314
:107BF00000000000000000009F8E00200000000038
:107C00000000803F000000000000E0400000000095
:107C10009C66030800000000000000000000000057
:107C20000000F041000000000000004000000000E3
:107C30000000004000000000000048430000000079
:107C400000007A4300000000713D6A40000000001F
:107C500000007041000000000000A0410000000092
:107C60000000A041000000000000F0410000000002
:107C7000960A863FC7B8B2BEC7B8B23E0000000041
:107C8000378D2741000000000000803F0000000009
:107C90000000003F0000000000007F4300000000E3
:107CA00000007F430000000000007F430000000050
:107CB00000007A4400000000000048420080BB44FD
:107CC00000401C460000000000007042000100025D
:107CD00005000000787D8B3A0AE89C3B00000045D7
:107CE0000100000001030101000000000008024043
:107CF00000400E0001030001EC0000000000000045
:107D00000000000000020000000000000000000071
:107D10000000000000000000000000000000000063
:107D20000000000000000000000000000000000053
:107D30000000000000000000000000000000000043
:107D40000000000000000000000000000000000033
:107D50000000000000000000000000000000000023
:107D60000000000000000000000000000000000013
:107D70000000000000020000000000000000000001
:107D800000000000000000000000000000000000F3
:107D900000000000000000000000000000000000E3
:107DA000000000000100000000300140000002401F
:107DB0002000050000040240100004000000024002
:107DC00080000700000000000038004000000000B4
:107DD00000000000000000000000000000000000A3
:107DE0000000000000000000003C00400000000017
:107DF0000000000000000000000000000000000083
:107E00000000000000000000000000000000000072
:107E10000000000000000000000000000000000062
:107E2000010000000054004000040240000108006E
:107E30000004024080000700040000000000000071
:107E4000005800400000000000000000000000009A
:107E5000000000000000000000000000005C004086
:107E60000000000000000000000000000000000012
:107E70000000000001000000000000000000000001
:107E800000000000000000000000000000000000F2
:107E900000000000000000000000000000000000E2
:107EA0000000000000000000010000000010014080
:107EB00000000240000209000000024000040A0025
:107EC00000C201000000002000072500000000089B
:107ED000B8640240460000008864024001000000CF
:107EE0000044004000000240040002000000024084
:107EF0000800030000C20100000000200007260067
:107F000000000008A06002401100000088600240EC
:107F10000000000000000000000000000000000061
:107F20000000000000000000000000000000000051
:107F30000000000000000000000000000000000041
:107F40000000000001000000004C00400000024062
:107F500001000000000002400200010000E10000FA
:107F60000004002000083400000000087060024097
:107F70000F0000004060024001000000005000407F
:107F80000008024000100C00000C02400400020037
:107F900000C20100000000000008350000000008D9
:107FA000B86002402F000000106002400100000095
:107FB00000000000000000000000000000000000C1
:107FC00000000000000000000000000000000000B1
:107FD00000000000000000000000000000000000A1
:107FE00001000000002001400008024010000400D1
:107FF0000E000000010000000000000010640240BC
:1080000001000000010000000020014000080240C3
:10801000200005000F00000001000000000000002B
:108020001064024002000000000000000000000098
:108030000000000000000000000000000000000040
:108040000000000000000000000000000000000030
:108050000000000000000000000000000000000020
:108060000000000000000000000000000000000010
:108070000000000000000000000000000000000000
:1080800000000000000000000000000000000000F0
:1080900000000000000000000000000000000000E0
:1080A00000000000000000000000000000000000D0
:1080B000000000000000000001000000000002407D
:1080C00000400E0001000000000000000000000061
:1080D00000000000000000000000000000000000A0
:1080E000000000000000000000000000010000008F
:1080F0000000024000200D00010000000000000010
:10810000000000000000000000000000000000006F
:10811000000000000000000000000000000000005F
:10812000000000000000000000000000000000004F
:10813000000000000000000000000000000000003F
:10814000000000000000000000000000000000002F
:10815000000000000000000000000000000000001F
:10816000000000000000000000000000000000000F
:1081700000000000000000000000000000000000FF
:1081800000000000000000000100000000080240A4
:1081900000800F000100010000000000000000004E
:1081A00000000000000000000000000000000000CF
:1081B00000000000000000000000000000000000BF
:1081C00000000000000000000000000000000000AF
:1081D000000000000000000000000000000000009F
:1081E000000000000000000000000000000000008F
:1081F000000000000000000000000000000000007F
:10820000000000000000000000000000000000006E
:10821000000000000000000000000000000000005E
:10822000000000000000000000000000000000004E
:10823000000000000000000000000000000000003E
:10824000000000000000000000000000000000002E
:10825000000000000000000000000000000000001E
:10826000000000000000000000000000000000000E
:1082700000000000000000000000000000000000FE
:1082800000000000000000000000000000000000EE
:1082900000000000000000000000000000000000DE
:1082A00000000000000000000000000000000000CE
:1082B00000000000000000000000000000000000BE
:1082C00000000000000000000000000000000000AE
:1082D000000000000000000000000000000000009E
:1082E000000000000000000000000000000000008E
:1082F000000000000000000000000000000000007E
:10830000000000000000000000000000000000006D
:10831000000000000000000000000000000000005D
:108320000000000000000000010000000008024002
:1083300000020900020001000100000000040140E9
:108340000C00000040040140030000000000000099
:10835000000000000000000000000000010000001C
:1083600000080240000108000200010001000000B6
:1083700000040140080000003C040140030000002C
:1083800000000000000000000000000000000000ED
:10839000010000000004024000800F000200010004
:1083A0000100000000000140080000003C00014006
:1083B00001000000000000000000000000000000BC
:1083C0000000000001000000000002400001080061
:1083D0000200010001000000000001400000000058
:1083E0003400014001000000000000000000000017
:1083F000000000000000000000000000000000007D
:10840000000000000000000000000000000000006C
:10841000000000000000000000000000000000005C
:10842000000000000000000000000000000000004C
:10843000000000000000000000000000000000003C
:10844000000000000000000000000000000000002C
:10845000000000000000000000000000000000001C
:10846000010000000004024000080B0002000100AF
:1084700001000000000000400C000000400000402F
:1084800001000000000000000000000000000000EB
:1084900000000000010000000004024000040A0087
:1084A0000200010001000000000000400800000080
:1084B0003C0000400100000000000000000000003F
:1084C00000000000000000000000000000000000AC
:1084D000000000000000000000000000000000009C
:1084E000000000000000000000000000000000008C
:1084F000000000000000000000000000000000007C
:10850000000000000000000000000000000000006B
:10851000000000000000000000000000000000005B
:10852000000000000000000000000000000000004B
:10853000000000000000000000000000000000003B
:10854000000000000000000000000000000000002B
:10855000000000000000000000000000000000001B
:1085600000000000010000000000024008000300BD
:108570000200010001000000000000400C0010009B
:1085800000000000010000000000000000000000EA
:10859000000000001C0000002837154328370B435B
:1085A000283701434F6EEE424F6EDA424F6EC6429D
:1085B0004F6EB2424F6E9E424F6E8A429FDC6C42BB
:1085C0009FDC44429FDC1C423EB9E9413EB99941DF
:1085D0007C72134145D848BF848D2CC1C246A6C1C8
:1085E000C246F6C1612323C261234BC2612373C219
:1085F000B1918DC2B191A1C2B191B5C2B191C9C2BF
:10860000B191DDC2B191F1C2D8C802C3D8C80CC3C0
:10861000D8C816C3D8C820C3D8C82AC328373343FC
:108620002837294328371F4328371543E27D014364
:10863000D27CEA424B35D44281D8BF423907AD42A1
:1086400044649B427D9E8A4281E97442C56C5542D6
:1086500037833642BA001842DA8FF341EC80B741D3
:10866000DA387741145CFE405F24C43E938CE9C045
:10867000AE5872C14F9EB9C122ECFBC1F01320C2AB
:10868000712643C2082967C2EC0F86C2DF1099C267
:1086900022B0ACC24F16C1C24B7CD6C2AF28EDC2CD
:1086A0009BB302C3D9BA0FC370B11DC349722CC3A7
:1086B0009A602C43F24F1D43EAE40E43E27D0143EE
:1086C000C52BAB4231589B42209E8E4240BA83421A
:1086D0001DB4734238B86042E47A4D421D383942C5
:1086E0006480234282450C420FAEE7418B94B54132
:1086F000C3988341418E2541378E8D401F2EB5BFD3
:10870000D7C0EBC0BE875AC15EA2A3C1C168DEC19B
:10871000EB760EC233ED2EC2BCD94FC205AB70C290
:10872000129088C224AB98C2E4E7A8C232C6B9C28C
:10873000032CCCC289CFE1C25749FEC265B814C32D
:1087400058043143B86C0A439E44E0424574C04229
:10875000C52BAB42E18B3E420C653942F68B33426E
:1087600074DE2D428A882842EB052342DE281C4213
:10877000356C12427B8604421FDDE341D240B64194
:10878000CF438341BBE11E41522C7B40D673A2BF35
:108790005778B7C02E4A1FC1CC8B69C12569A1C1CA
:1087A00039B4D6C10B3809C22D3228C2D52C46C2E5
:1087B00063AB61C2BEDC79C23D2B87C2CB578FC28F
:1087C0004EFA94C26BD496C2037591C22BA172C2A9
:1087D0008340A6C19D8BD24141942A426C983D4270
:1087E000C72E4142E18B3E42CFC3F741A375F94109
:1087F0004E5CF7411A1DF4412895F1412F97F04145
:10880000A7B3EF41309EEA41D589DB410FBFBD419F
:10881000DFEC8F4165532B4172BF3B40EBAD80C015
:108820003F1114C153964BC1CFAC72C19F7C8DC117
:1088300075F0AAC12C71D6C13F8306C24A1523C266
:10884000F3E83CC2D38151C245675FC2005A65C29A
:10885000548F61C21ED050C28D9F2EC21AE3F1C147
:10886000F74C5CC1E206EC3F2CF15D419722B04130
:10887000AC6DD8416F6AEE41CFC3F74128DBB241FE
:108880000F05B74162A1B741002EB641AA02B4411B
:10889000F2F5B24126DEB341481CB441CEC7AC412B
:1088A000381B95416AC14E4107259840C19089C047
:1088B0006C1542C10F968BC1D6E2A2C1FCAFADC10F
:1088C00034E8B1C165A5B7C1C067CCC1EE7CF4C1C5
:1088D0000AF111C2185226C2074E33C25D9E36C23B
:1088E00049EB2EC285651BC275EBF7C149CBA8C108
:1088F000EE0835C1314240C04E7F7E4021021F410B
:1089000044866D415EA394411C5FA84128DBB241BF
:1089100080AB86413D898A411D3D8C4172338C413B
:1089200023338A41A32F8741A52B8541FF2C844106
:108930006D2D7D41F0335341912CF04095D481BF92
:1089400057F824C1BFE58EC1112AB4C18A3CC6C103
:108950001725CCC13E6EC5C1905AB1C15E63A1C19D
:10896000AFBCABC1E9E0CBC19912EDC19048FFC1EA
:10897000445DFBC1ABE1E1C17F01B7C13A407FC1BA
:10898000862C0EC163B45AC04E9CDC3E06F577407F
:10899000772DEE4083A32D4123CA5B41AF147C4168
:1089A00080AB86411BAA52413ED05641D218594154
:1089B000E1625A413BFC5741D7B450419FB0484116
:1089C0005DC44241E151354129F90941B77A364048
:1089D000F4FDAFC087FE60C139FFA3C1D1E8BFC1BC
:1089E00056C8C7C1E313C1C1A29DAAC14E7483C1B9
:1089F0007A5F35C1132C11C1199C2BC1B1F966C125
:108A000074648AC1448B8DC186727CC1FAE143C112
:108A10001939F2C0894140C03E5CF2BD9B1BB33F97
:108A20009B3849403A5DB440AD2F054144862B4107
:108A3000FD4146411BAA52414D782E41261E2E4132
:108A400070FC2C417ED72D4136CD2C410F62264142
:108A50001DAC1E4146EB1741E696064161C3AB4093
:108A60003D2CF4BE0A2E04C1DC917AC15316A6C176
:108A7000A251B6C10332AFC1211F97C1A57768C10A
:108A8000829018C1A04F9DC08DEEF4BF47E6E1BFB4
:108A9000771088C0B398E5C0D5E708C1457002C11A
:108AA000B493CCC0E3C762C005FA24BF5BB14F3FAB
:108AB000AB3E933F5D16074034BA8540B2F4D240D6
:108AC0009ED20C41795D25414D782E41A1101B416C
:108AD0008D0B1841EDBB1341C8181441F88814419F
:108AE000B3B50F417E1809417EC60041AE2AD2407F
:108AF00044344440E04A30C03B191CC14DB27EC1F1
:108B0000A9079DC12CDAA0C1CFF78CC1893556C108
:108B100000D70CC13CA09AC0AB26D0BFC1C55A3FFC
:108B20004E9CDC3F89EFB43E672C00C0E67465C004
:108B30004AEF7BC00E4F53C001FBE4BF488A08BE1A
:108B4000EE08D73E4018183EC0CF383FD595274095
:108B50005CACA0400118EB404D101141A1101B412D
:108B60000DE00F41685C1041B4F10C41D3070F4197
:108B700053791241EAE70F41F5E707413E79F140A9
:108B80000C3CAC406132A53FA1A190C0E3A52BC134
:108B9000A8D279C1C3078FC199A488C10D0E5EC147
:108BA00050C218C169E3AAC09FC809C0E50AEF3DD9
:108BB0002D9501407407434047E61340228EF53E51
:108BC000EC6977BFD34DC6BF87E1C3BFF8FC80BF58
:108BD0000A9DD7BE658D22BF1B0DB0BFA1B996BF40
:108BE0006F47F83ECE883C4078D1B340C520FC406A
:108BF0000DE00F41EAB200416D280E41FBF4134134
:108C0000A34C1C4192DC2441B840254160BC194171
:108C1000E145FE4067279A40D9CEB7BD793BC3C036
:108C20003C773AC1BB1B74C1094481C1615468C11E
:108C3000DE9F33C198DDE7C062845CC032031DBF94
:108C40004165A03FBB27314052D56E401C7C574048
:108C50009A5FFD3F60EA3F3F54E3053E4F5842BEF6
:108C60003350D9BEDAAC5ABF2445F8BF687952C038
:108C7000F2D267C0DE8E16C03EEDB03D71AC47400B
:108C8000F0BFC140EAB20041255DCE40B476084154
:108C90009F1F204157213441F6234341CB214641B8
:108CA0003108374181EC1041C9E59B404D1089BF27
:108CB00026C7F2C0C6504CC1458D75C11F6873C12F
:108CC0007CFE50C1D3D91CC19F3CC3C09ED221C0E1
:108CD000FC6F853E431C0740C3475E40EFFE8C405F
:108CE00019C58D40CD06674085EB2B405D330140B3
:108CF0008FDFAB3FB471B43E5E6397BFA06C56C0CC
:108D0000AC39B0C0E691CEC0E960B3C0653650C0A2
:108D1000B1DC523CFCC65F40255DCE406F9E934067
:108D20005F46FD401FCB2A4173CB4D412D896441E5
:108D30002996694135245741ADEE26414547A64065
:108D4000A5BDF9BF072514C1090A67C17AAA83C165
:108D50006B8E7BC1729653C1FE9A1DC1CE8DC4C06D
:108D600051F721C09B38F93E5BCE2B40FF958940DF
:108D700089D2B0408447C640486DC640D174B740E0
:108D800022719D4054746640740CC43F0B7BB2BF8B
:108D9000670F9CC06440FEC041E516C1B29D0DC185
:108DA000247FD0C0D3D943C0C8D2573F6F9E9340D1
:108DB00000004E40BA4EED40BD18334192856441EB
:108DC00087908241AF2B8741390B794117D93C41BC
:108DD000E59BA640348063C042A63FC13C718BC175
:108DE0002DCF99C1586291C1841276C1A1213BC196
:108DF000D9CEF4C0C78068C03D2C54BC75C83F4074
:108E0000FAF2AE407AFCF140EB101441F016254125
:108E1000CCDD2741D2A918416952E840C72E6340F2
:108E2000DB33ABBF0534D0C0F5E728C1F63446C10B
:108E30003FA93CC1641214C1C3F5AFC0EC6997BF30
:108E400000004E4009502140AA9AEA405BA53C41EF
:108E5000B36F7941D05592411D789A416AD88E41BD
:108E6000F2354F4153E87E401119F1C06D628CC15B
:108E70005391B9C123D5C4C19897B8C19D349EC13F
:108E800022F177C1AAC82BC1253BBBC081958FBFFA
:108E90002C2B51403D9BE840DA382E41A79660418B
:108EA000F55083412E398C41F62386411CB158413F
:108EB00067D5F340ED2A64BEF5B9FCC0761A53C1FC
:108EC000DA7E73C1364D65C11EFE35C1EFE1E5C0E6
:108ED000FE261AC009502140BCE8014024D6EB40D0
:108EE000D6EE45413AAF85414E2E9F41D4EBA84185
:108EF000C1CA9741E76F3641B1F92CC0AC8596C124
:108F0000B947EDC1F88A07C2464E06C283B4F4C120
:108F1000975CD0C103C9A4C12C486AC10A1D07C10E
:108F20009DD70CC016187C40C5AC1D41AAC3764124
:108F300082A8A3416120C541B594DB41A655E0411B
:108F40009178C941E8538C414AEFAF40AD4CD7C04E
:108F50009C5069C179C68AC10A2E83C14A5252C146
:108F60004A6F09C119E258C0BCE80140CAE0D83EC6
:108F70009487B540F1572741BBFE6241D27B7D41CA
:108F8000171A57415AF553407A8D88C12A7A17C269
:108F90003DA441C28FFF4AC243A742C2B8D530C2E6
:108FA0006C9E19C2064CFEC1264DC5C1EFC989C1D0
:108FB000FDA419C1E57EF3BFBB44B9406F2F5641F4
:108FC000B953A6412703DF414AD80942430521424C
:108FD000D007334286233C42C3073542BCB9104216
:108FE000B5328E415AF5CDBF27E641C1DB3F6EC198
:108FF000D20C56C1E18B1AC102F19AC0CAE0D83E28
:1090000021C332C321C328C321C31EC321C314C338
:1090100021C30AC321C300C34286EDC24286D9C21E
:109020004286C5C24286B1C242869DC2428689C27C
:10903000830C6BC2830C43C2830C1BC20719E6C1AD
:10904000071996C10E320CC1936F9E3FF2CD33418A
:10905000F9E6A941F9E6F9417DF324427DF34C425A
:109060007DF37442BE798E42BE79A242BE79B64289
:10907000BE79CA42BE79DE42BE79F242DF3C03438A
:10908000DF3C0D43DF3C1743DF3C2143DF3C2B43F8
:1090900021C332C30100000002050A0A0A010500CB
:1090A0000001020A0A0A0105050501020A0A0A016D
:1090B00002020502020A0A0A0101020502010A0A65
:1090C0000A0000000003040001020605320000004F
:1090D000CDCCCC3E0000A04046000000CDCC4C3EA4
:1090E0006666CE4064000000CDCC4C3ECDCCF44052
:1090F00001000000CDCC4C3E0000C03F010000004C
:109100000000803F0000B0400000000000000000B0
:109110000000000000000203040506000B300B50A5
:109120000B330B310B001002100210021010210E35
:1091300021082109210B210F210D0A050A090A0B1B
:109140000A020A060A070A210A2E0A0801600122F9
:10915000013101040140010901340101010201074B
:1091600001350132010601030130012401230120F0
:109170000121011101120230023102100215021107
:10918000021302200D110D160D130D040D030D1207
:109190000D010D060084030000C2010000E1000083
:1091A00000960000004B0000802500000000000039
:1091B000010203040102030406070809000000007D
:1091C00059F3F8C21F6EA501000000000000F03F37
:1091D0000000000000000080182D4454FB210940CD
:1091E000182D4454FB2109C0182D4454FB21E9BF1C
:1091F000D221337F7CD90240D221337F7CD902C077
:10920000763C7935EF39EA3D763C7935EF39EABD80
:109210000000E0FE422EE63F0000E0FE422EE6BFE8
:10922000000000000000E03F000000000000E0BF80
:10923000E2652F227F2B7A3C075C143326A6813C03
:10924000BDCBF07A8807703C075C143326A6913CAE
:109250004FBB610567ACDD3F182D4454FB21E93F4E
:109260009BF681D20B73EF3F182D4454FB21F93F3D
:1092700000000080DB0F4940DB0F49C0DB0F49BF16
:10928000E4CB1640E4CB16C0D1F71737D1F717B7A8
:109290008071313F807131BF0000003F000000BF8E
:1092A000000FC93F000F494000CB9640000FC94056
:1092B0000053FB4000CB164100ED2F41000F494108
:1092C0000031624100537B41003A8A4100CB964114
:1092D000005CA34100EDAF41007EBC41000FC941DD
:1092E00000A0D5410031E24100C2EE410053FB41F4
:1092F00000F20342003A0A420083104200CB1642B9
:1093000000141D42005C234200A5294200ED2F42BB
:1093100000363642007E3C4200C74242000F4942BE
:10932000A2000000F9000000830000006E000000B1
:109330004E0000004400000015000000290000005D
:10934000FC0000002700000057000000D1000000D2
:10935000F500000034000000DD000000C000000047
:10936000DB00000062000000950000009900000092
:109370003C0000004300000090000000410000009D
:10938000FE0000005100000063000000AB00000080
:10939000DE000000BB000000C5000000610000000E
:1093A000B7000000240000006E0000003A0000003A
:1093B000420000004D000000D2000000E00000006C
:1093C00006000000490000002E000000EA00000036
:1093D00009000000D1000000920000001C00000005
:1093E000FE0000001D000000EB0000001C0000005B
:1093F000B100000029000000A70000003E000000AE
:10940000E80000008200000035000000F5000000C8
:109410002E000000BB00000044000000840000009B
:10942000E90000009C000000700000002600000021
:10943000B40000005F0000007E000000410000005A
:109440003900000091000000D60000003900000043
:10945000830000005300000039000000F400000009
:109460009C000000840000005F0000008B000000F2
:10947000BD000000F9000000280000003B000000D3
:109480001F000000F800000097000000FF0000002F
:10949000DE00000005000000980000000F00000042
:1094A000EF0000002F000000110000008B00000002
:1094B0005A0000000A0000006D0000001F000000BC
:1094C0006D000000360000007E000000CF000000AC
:1094D00027000000CB00000009000000B7000000DA
:1094E0004F000000460000003F0000006600000042
:1094F0009E0000005F000000EA0000002D00000058
:109500007500000027000000BA000000C70000003E
:10951000EB000000E5000000F10000007B0000000F
:109520003D0000000700000039000000F7000000C7
:109530008A0000005200000092000000EA000000D3
:109540006B000000FB0000005F000000B1000000A5
:109550001F0000008D0000005D00000008000000FA
:10956000560000000300000030000000460000002C
:10957000FC0000007B0000006B000000AB0000005E
:10958000F0000000CF000000BC0000002000000040
:109590009A000000F4000000360000001D000000EA
:1095A000A9000000E300000091000000610000003D
:1095B0005E000000E60000001B0000000800000044
:1095C0006500000099000000850000005F000000B9
:1095D00014000000A000000068000000400000002F
:1095E0008D000000FF000000D80000008000000097
:1095F0004D00000073000000270000003100000053
:1096000006000000060000001500000056000000E3
:10961000CA00000073000000A8000000C90000009C
:1096200060000000E20000007B000000C0000000BD
:109630008C0000006B0000006937AC3168212233D8
:10964000B40F14336821A2333863ED3EDA0F493F7B
:109650005E987B3FDA0FC93F0000C93F0000F03938
:109660000000DA370000A2330000842E0000502BE7
:109670000000C2270000D0220000C41F0000C61B4B
:10968000000044170400000007000000090000006B
:1096900000202020202020202020282828282820C2
:1096A00020202020202020202020202020202020BA
:1096B0002088101010101010101010101010101022
:1096C0001004040404040404040404101010101012
:1096D00010104141414141410101010101010101DC
:1096E000010101010101010101010101101010102E
:1096F00010104242424242420202020202020202AE
:109700000202020202020202020202021010101001
:109710002000000000000000000000000000000029
:109720000000000000000000000000000000000039
:109730000000000000000000000000000000000029
:109740000000000000000000000000000000000019
:109750000000000000000000000000000000000009
:1097600000000000000000000000000000000000F9
:1097700000000000000000000000000000000000E9
:1097800000000000000000000000000000000000D9
:1097900000000000F8B500BFF8BC08BC9E4670474A
:0C97A000F8B500BFF8BC08BC9E4670473E
:0897AC006CF4FC7F01000000D9
:0897B4007D5F0308818E0008AF
:0497BC00598E0008BA
:1097C00006000000040000000000803F02000000CE
:1097D000C3F5A83E00000000FF00000000000000EC
:1097E0000000803F4EE640BB0000803F0000484242
:1097F000000020410000A041000096420000C84245
:109800000000A0410000C841CDCCCC3E0000803F0C
:10981000010101FF010000000000803F0300000083
:109820000AD7934100007041CAF24971010000005B
:109830000000803F010000000000803F0000803FEA
:109840000000803F05041400DC0300000000803F9E
:10985000030000000000803ECDCC4C3E0000803F65
:109860000000803F0000803F0A0000000000803FB1
:109870000000000000000000000000000000C841DF
:1098800003040102640000006400000064000000A2
:10989000B004000000000000E80300000000000029
:1098A000D007000000000000CDCC4C3F01000000BC
:1098B00000007041051A01028DE0010865E0010811
:1098C00095DF01080000000069DE0108DDE0010805
:1098D00065DF0108A9DE01080000000000000000AB
:1098E0009DDE0108FF00000009024300020100C0E4
:1098F00032090400000102020100052400100105E4
:109900002401000104240202052406000107058247
:10991000030800FF09040100020A00000007050116
:109920000240000007058102400000007001002095
:1099300021E3010849E20108F5E1010895E1010888
:10994000C5E1010879E1010861E10108A5E101082B
:10995000B5E1010800000000000000000403090454
:10996000120100020000004083044057000201027F
:109970000301000011E401081DE4010841E40108AD
:1099800029E4010859E4010871E4010889E40108A7
:10999000A1E4010859E5010805E50108A5E401086D
:1099A000E5E4010800C201000000080109EB01081C
:1099B00015EB010821EB01082DEB010839EB01083B
:1099C00045EB010851EB01080500000010F330F3EE
:1099D00010F490F350F8B1E8B2E8000007930A934E
:1099E0000F930B9400000000007A030A0000803FF0
:1099F000F87800007878000011A0010000004842CB
:109A000000007A430000B4420000000000000000A3
:109A10000000000000000000000000000000000046
:109A20000000000000000000000000000000000036
:109A30000000000000000000000000000000000026
:109A40000000000000000000000000000000000016
:109A50000000004100401C460000704200007A43B4
:109A600000000041050000000000000000000000B0
:109A7000B8020020000000000000000060BE0020CE
:109A8000C8BE002030BF0020000000000000000021
:109A900000000000000000000000000000000000C6
:109AA00000000000000000000000000000000000B6
:109AB00000000000000000000000000000000000A6
:109AC0000000000000000000000000000000000096
:109AD0000000000000000000000000000000000086
:109AE0000000000000000000000000000000000076
:109AF0000000000000000000000000000000000066
:109B00000000000000000000000000000000000055
:109B100001000000000000000E33CDAB34126DE6F2
:109B2000ECDE05000B00000000000000000000005B
:109B30000000000000000000000000000000000025
:109B40000000000000000000000000000000000015
:109B50000000000000000000000000000000000005
:109B600000000000000000000000000000000000F5
:109B700000000000000000000000000000000000E5
:109B800000000000000000000000000000000000D5
:109B900000000000000000000000000000000000C5
:109BA00000000000000000000000000000000000B5
:109BB00000000000000000000000000000000000A5
:109BC0000000000000000000000000000000000095
:109BD0000000000000000000000000000000000085
:109BE0000000000000000000000000000000000075
:109BF0000000000000000000000000000000000065
:109C00000000000000000000000000000000000054
:109C10000000000000000000000000000000000044
:109C20000000000000000000000000000000000034
:109C30000000000000000000000000000000000024
:109C40000000000000000000000000000000000014
:109C50000000000000000000000000000000000004
:109C600000000000000000000000000000000000F4
:0C9C7000000000000000000098BF002071
:04000005080316AD29
:00000001FF
