:020000040800F2
:100000000000022081140308A9600108F9620108B8
:10001000116301081563010819630108000000005D
:100020000000000000000000000000001D63010847
:100030002163010800000000256301088D600108AC
:10004000F9140308F9140308F9140308F914030850
:10005000F9140308F9140308F9140308F914030840
:10006000F9140308F9140308F9140308F914030830
:10007000F9140308F914030865640108AD64010864
:10008000F91403081D640108F914030800000000B6
:10009000000000000000000000000000F914030848
:1000A000F9140308F9140308F9140308F9140308F0
:1000B00029630108F9140308F914030855650108B8
:1000C0004D650108656501085D650108F9140308BF
:1000D000F91403083D6501084565010800000000AA
:1000E000F9140308F9140308F9D901080000000005
:1000F000000000000000000000000000F56401089E
:1001000000000000F9140308B1630108F9140308A2
:1001100000000000000000000000000000000000DF
:10012000F9140308F9140308F9140308F91403086F
:10013000F9140308000000000000000000000000A7
:1001400000000000000000000000000001DA0108CB
:10015000F9140308F9140308D5630108F914030816
:10016000756501086D6501080000000000000000D1
:10017000000000000000000000000000000000007F
:1001800000000000F9140308000000000000000057
:08019000F9140308F914030837
:1080000081F0004102E000BF83F0004330B54FEA49
:1080100041044FEA430594EA050F08BF90EA020FB6
:108020001FBF54EA000C55EA020C7FEA645C7FEA49
:10803000655C00F0E2804FEA5454D4EB5555B8BF6C
:108040006D420CDD2C4480EA020281EA030382EADD
:10805000000083EA010180EA020281EA0303362D6F
:1080600088BF30BD11F0004F4FEA01314FF4801C42
:108070004CEA113102D0404261EB410113F0004F54
:108080004FEA03334CEA133302D0524263EB43030B
:1080900094EA050F00F0A780A4F10104D5F1200EA9
:1080A0000DDB02FA0EFC22FA05F2801841F1000104
:1080B00003FA0EF2801843FA05F359410EE0A5F1D8
:1080C00020050EF1200E012A03FA0EFC28BF4CF009
:1080D000020C43FA05F3C01851EBE37101F00045BF
:1080E00007D54FF0000EDCF1000C7EEB00006EEBCC
:1080F0000101B1F5801F1BD3B1F5001F0CD3490856
:108100005FEA30004FEA3C0C04F101044FEA4452AC
:1081100012F5800F80F09A80BCF1004F08BF5FEA33
:10812000500C50F1000041EB045141EA050130BD13
:108130005FEA4C0C404141EB0101013C28BFB1F525
:10814000801FE9D291F0000F04BF01460020B1FA70
:1081500081F308BF2033A3F10B03B3F120020CDA43
:108160000C3208DD02F1140CC2F10C0201FA0CF021
:1081700021FA02F10CE002F11402D8BFC2F1200C86
:1081800001FA02F120FA0CFCDCBF41EA0C0190403C
:10819000E41AA2BF01EB0451294330BD6FEA040485
:1081A0001F3C1CDA0C340EDC04F11404C4F1200270
:1081B00020FA04F001FA02F340EA030021FA04F382
:1081C00045EA030130BDC4F10C04C4F1200220FAD9
:1081D00002F001FA04F340EA0300294630BD21FA17
:1081E00004F0294630BD94F0000F83F4801306BFDD
:1081F00081F480110134013D4EE77FEA645C18BFD1
:108200007FEA655C29D094EA050F08BF90EA020F67
:1082100005D054EA000C04BF1946104630BD91EA5F
:10822000030F1EBF0021002030BD5FEA545C05D162
:108230004000494128BF41F0004130BD14F58004A1
:108240003CBF01F5801130BD01F0004545F0FE4115
:1082500041F470014FF0000030BD7FEA645C1ABF4A
:10826000194610467FEA655C1CBF0B46024650EA81
:10827000013406BF52EA033591EA030F41F40021AD
:1082800030BD00BF90F0000F04BF0021704730B533
:108290004FF4806404F132044FF000054FF0000108
:1082A00050E700BF90F0000F04BF0021704730B5C9
:1082B0004FF4806404F1320410F0004548BF40429E
:1082C0004FF000013EE700BF42004FEAE2014FEAF3
:1082D00031014FEA02701FBF12F07F4393F07F4FCE
:1082E00081F06051704732F07F4208BF704793F0D1
:1082F0007F4F04BF41F40021704730B54FF46074E4
:1083000001F0004521F000411CE700BF50EA0102E6
:1083100008BF704730B54FF000050AE050EA01028F
:1083200008BF704730B511F0004502D5404261EBFF
:1083300041014FF4806404F132045FEA915C3FF440
:10834000D8AE4FF003025FEADC0C18BF03325FEADD
:10835000DC0C18BF033202EBDC02C2F1200300FA8E
:1083600003FC20FA02F001FA03FE40EA0E0021FAB3
:1083700002F11444BDE600BF70B54FF0FF0C4CF4A1
:10838000E06C1CEA11541DBF1CEA135594EA0C0F53
:1083900095EA0C0F00F0DEF82C4481EA030621EA8E
:1083A0004C5123EA4C5350EA013518BF52EA0335C9
:1083B00041F4801143F4801338D0A0FB02CE4FF07B
:1083C0000005E1FB02E506F00042E0FB03E54FF0AB
:1083D0000006E1FB03569CF0000F18BF4EF0010EA3
:1083E000A4F1FF04B6F5007F64F5407404D25FEA9F
:1083F0004E0E6D4146EB060642EAC62141EA555152
:108400004FEAC52040EA5E504FEACE2EB4F1FD0C93
:1084100088BFBCF5E06F1ED8BEF1004F08BF5FEA11
:10842000500E50F1000041EB045170BD06F00046C3
:1084300046EA010140EA020081EA0301B4EB5C0470
:10844000C2BFD4EB0C0541EA045170BD41F4801168
:108450004FF0000E013C00F3AB8014F1360FDEBF8D
:10846000002001F0004170BDC4F10004203C35DA69
:108470000C341BDC04F11404C4F1200500FA05F3EC
:1084800020FA04F001FA05F240EA020001F000428D
:1084900021F0004110EBD37021FA04F642EB060103
:1084A0005EEA430E08BF20EAD37070BDC4F10C042D
:1084B000C4F1200500FA04F320FA05F001FA04F2F1
:1084C00040EA020001F0004110EBD37041F10001DD
:1084D0005EEA430E08BF20EAD37070BDC4F12005E8
:1084E00000FA05F24EEA020E20FA04F301FA05F250
:1084F00043EA020321FA04F001F0004121FA04F2F8
:1085000020EA020000EBD3705EEA430E08BF20EAC7
:10851000D37070BD94F0000F0FD101F00046400001
:1085200041EB010111F4801F08BF013CF7D041EA83
:10853000060195F0000F18BF704703F00046520087
:1085400043EB030313F4801F08BF013DF7D043EA58
:108550000603704794EA0C0F0CEA135518BF95EA0E
:108560000C0F0CD050EA410618BF52EA4306D1D195
:1085700081EA030101F000414FF0000070BD50EAB4
:10858000410606BF1046194652EA430619D094EA3E
:108590000C0F02D150EA013613D195EA0C0F05D128
:1085A00052EA03361CBF104619460AD181EA03017C
:1085B00001F0004141F0FE4141F470014FF0000034
:1085C00070BD41F0FE4141F4780170BD70B54FF0CF
:1085D000FF0C4CF4E06C1CEA11541DBF1CEA13554F
:1085E00094EA0C0F95EA0C0F00F0A7F8A4EB050431
:1085F00081EA030E52EA03354FEA013100F0888028
:108600004FEA03334FF0805545EA131343EA1263F0
:108610004FEA022245EA111545EA10654FEA0026A5
:108620000EF000419D4208BF964244F1FD0404F55E
:10863000407402D25B084FEA3202B61A65EB0305BA
:108640005B084FEA32024FF480104FF4002CB6EB77
:10865000020E75EB030E22BFB61A754640EA0C00F7
:108660005B084FEA3202B6EB020E75EB030E22BF37
:10867000B61A754640EA5C005B084FEA3202B6EB78
:10868000020E75EB030E22BFB61A754640EA9C0037
:108690005B084FEA3202B6EB020E75EB030E22BF07
:1086A000B61A754640EADC0055EA060E18D04FEAC5
:1086B000051545EA16754FEA06164FEAC30343EA65
:1086C00052734FEAC2025FEA1C1CC0D111F4801F32
:1086D0000BD141EA00014FF000004FF0004CB6E72B
:1086E00011F4801F04BF01430020B4F1FD0C88BFCA
:1086F000BCF5E06F3FF6AFAEB5EB030C04BFB6EBD5
:10870000020C5FEA500C50F1000041EB045170BDC7
:108710000EF0004E4EEA113114EB5C04C2BFD4EBF4
:108720000C0541EA045170BD41F480114FF0000E78
:10873000013C90E645EA060E8DE60CEA135594EAF4
:108740000C0F08BF95EA0C0F3FF43BAF94EA0C0FF7
:108750000AD150EA01347FF434AF95EA0C0F7FF46C
:1087600025AF104619462CE795EA0C0F06D152EAC0
:1087700003353FF4FDAE1046194622E750EA4106A4
:1087800018BF52EA43067FF4C5AE50EA41047FF4B5
:108790000DAF52EA43057FF4EBAE12E74FF0FF3C1A
:1087A00006E000BF4FF0010C02E000BF4FF0010CEB
:1087B0004DF804CD4FEA410C7FEA6C5C4FEA430C64
:1087C00018BF7FEA6C5C1BD001B050EA410C0CBFB3
:1087D00052EA430C91EA030F02BF90EA020F002015
:1087E000704710F1000F91EA030F58BF994208BF7C
:1087F00090422CBFD8176FEAE37040F00100704739
:108800004FEA410C7FEA6C5C02D150EA013C07D18F
:108810004FEA430C7FEA6C5CD6D152EA033CD3D0DA
:108820005DF8040B704700BF8446104662468C46D4
:108830001946634600E000BF01B5FFF7B7FF002807
:1088400048BF10F1000F01BD4DF808EDFFF7F4FF30
:108850000CBF012000205DF808FB00BF4DF808EDBB
:10886000FFF7EAFF34BF012000205DF808FB00BFDE
:108870004DF808EDFFF7E0FF94BF012000205DF800
:1088800008FB00BF4DF808EDFFF7CEFF94BF0120B5
:1088900000205DF808FB00BF4DF808EDFFF7C4FFAE
:1088A00034BF012000205DF808FB00BF4FEA410CF7
:1088B0007FEA6C5C02D150EA013C0AD14FEA430CDA
:1088C0007FEA6C5C02D152EA033C02D14FF0000017
:1088D00070474FF0010070474FEA410212F5001255
:1088E00015D211D56FF47873B3EB625212D94FEAF7
:1088F000C12343F0004343EA505311F0004F23FAE1
:1089000002F018BF404270474FF00000704750EA35
:10891000013005D111F0004008BF6FF000407047F2
:108920004FF00000704700BF4FEA4102B2F1E04350
:1089300024BFB3F5001CDCF1FE5C0DD901F0004C46
:108940004FEAC0024CEA5070B2F1004F40EB830096
:1089500008BF20F00100704711F0804F21D113F1C2
:108960003872BCBF01F00040704741F480114FEAFB
:108970005252C2F11802C2F1200C10FA0CF320FA84
:1089800002F018BF40F001004FEAC1234FEAD323A1
:1089900003FA0CFC40EA0C0023FA02F34FEA43030B
:1089A000CCE77FEA625307D150EA01331EBF4FF094
:1089B000FE4040F44000704701F0004040F0FE40AF
:1089C00040F40000704700BF80F0004002E000BFAC
:1089D00081F0004142001FBF5FEA410392EA030FAA
:1089E0007FEA226C7FEA236C6AD04FEA1262D2EBF4
:1089F0001363C1BFD218414048404140B8BF5B42F9
:108A0000192B88BF704710F0004F40F4000020F091
:108A10007F4018BF404211F0004F41F4000121F0A7
:108A20007F4118BF494292EA030F3FD0A2F10102F1
:108A300041FA03FC10EB0C00C3F1200301FA03F12F
:108A400000F0004302D5494260EB4000B0F5000F52
:108A500013D3B0F1807F06D340084FEA310102F111
:108A60000102FE2A51D2B1F1004F40EBC25008BFC3
:108A700020F0010040EA03007047490040EB00008D
:108A8000013A28BFB0F5000FEDD2B0FA80FCACF18E
:108A9000080CB2EB0C0200FA0CF0AABF00EBC250BB
:108AA00052421843BCBFD0401843704792F0000FA9
:108AB00081F4000106BF80F400000132013BB5E7FC
:108AC0004FEA41037FEA226C18BF7FEA236C21D072
:108AD00092EA030F04D092F0000F08BF08467047D7
:108AE00090EA010F1CBF0020704712F07F4F04D1A5
:108AF000400028BF40F00040704712F100723CBFB8
:108B000000F50000704700F0004343F0FE4040F4E1
:108B1000000070477FEA226216BF08467FEA23639F
:108B20000146420206BF5FEA412390EA010F40F48A
:108B3000800070474FF0000304E000BF10F00043D6
:108B400048BF40425FEA000C08BF704743F09643BD
:108B500001464FF000001CE050EA010208BF7047D8
:108B60004FF000030AE000BF50EA010208BF70475F
:108B700011F0004302D5404261EB41015FEA010C74
:108B800002BF84460146002043F0B64308BFA3F16C
:108B90008053A3F50003BCFA8CF2083AA3EBC2534E
:108BA00010DB01FA02FC634400FA02FCC2F120026D
:108BB000BCF1004F20FA02F243EB020008BF20F0A4
:108BC0000100704702F1200201FA02FCC2F120020A
:108BD00050EA4C0021FA02F243EB020008BF20EAFF
:108BE000DC7070477BB972B90029BEBF00204FF01E
:108BF000004106E008BF00281CBF6FF000414FF0A5
:108C0000FF3000F057B8ADF1080C6DE904CE002933
:108C100009DB002B1ADB2CF049FDDDF804E0DDE96F
:108C2000022304B07047404261EB4101002B1BDB83
:108C30002CF03CFDDDF804E0DDE9022304B0404205
:108C400061EB4101524263EB43037047524263EBD5
:108C500043032CF02BFDDDF804E0DDE9022304B032
:108C6000404261EB41017047524263EB43032CF0F9
:108C70001DFDDDF804E0DDE9022304B0524263EBA0
:108C80004303704753B94AB9002908BF00281CBFE5
:108C90004FF0FF314FF0FF3000F00CB8ADF1080C91
:108CA0006DE904CE2CF002FDDDF804E0DDE90223DD
:108CB00004B07047704700BF844641EA000313F0D8
:108CC00003036DD1403A41D351F8043B40F8043BD3
:108CD00051F8043B40F8043B51F8043B40F8043B96
:108CE00051F8043B40F8043B51F8043B40F8043B86
:108CF00051F8043B40F8043B51F8043B40F8043B76
:108D000051F8043B40F8043B51F8043B40F8043B65
:108D100051F8043B40F8043B51F8043B40F8043B55
:108D200051F8043B40F8043B51F8043B40F8043B45
:108D300051F8043B40F8043B51F8043B40F8043B35
:108D400051F8043B40F8043B403ABDD2303211D3D5
:108D500051F8043B40F8043B51F8043B40F8043B15
:108D600051F8043B40F8043B51F8043B40F8043B05
:108D7000103AEDD20C3205D351F8043B40F8043BD5
:108D8000043AF9D2043208D0D2071CBF11F8013BD3
:108D900000F8013B01D30B8803806046704700BF99
:108DA000082A13D38B078DD010F003038AD0C3F1A8
:108DB0000403D21ADB071CBF11F8013B00F8013B8A
:108DC00080D331F8023B20F8023B7BE7043AD9D349
:108DD000013A11F8013B00F8013BF9D20B7803701E
:108DE0004B7843708B7883706046704700000000BA
:108DF0000000000000000000000000000000000073
:108E000030B490F800F020F007016FF0000C10F083
:108E1000070491F820F040F048804FF000046FF014
:108E20000700D1E9002391F840F000F1080082FA30
:108E30004CF2A4FA8CF283FA4CF3A2FA8CF34BBBFB
:108E4000D1E9022382FA4CF200F10800A4FA8CF274
:108E500083FA4CF3A2FA8CF3E3B9D1E9042382FA42
:108E60004CF200F10800A4FA8CF283FA4CF3A2FA57
:108E70008CF37BB9D1E9062301F1200182FA4CF28F
:108E800000F10800A4FA8CF283FA4CF3A2FA8CF3F6
:108E9000002BC6D0002A04BF04301A4612BAB2FA18
:108EA00082F200EBD20030BC7047D1E9002304F01D
:108EB0000305C4F100004FEAC50514F0040F91F852
:108EC00040F00CFA05F562EA05021CBF63EA0503EF
:108ED00062464FF00004AAE708B5064B1A783AB983
:108EE000054A1AB10548AFF30080024B01221A70FF
:108EF00008BD00BFC0040020000000003495030836
:108F000008B5034B1BB103490348AFF3008008BD0C
:108F100000000000C4040020349503080F4BDFF864
:108F20004CC010B553F820400D4BDCF800204FF436
:108F30002E7E0EFB00300B4BD0F82CE0D0F8B402A4
:108F40009950134408495C60C3F808E0D8600B6886
:108F500010320133CCF800200B6010BDF0FC002073
:108F600078BB0020E80500205C0500206405002097
:108F700000B5244B24491B782448DFF8A4E0244A98
:108F80008B71A3F1020CBCF1020FDFF898C0C1F89D
:108F900000C0DFF894C00388DCF800C012681D48E8
:108FA000CB81C1F818C0DEF800300068C8614FF00E
:108FB000020CA1F804C04FF4E02CC1F808C0C1E9CC
:108FC00004238CBF4FF0020C4FF0140C124B81F8AD
:108FD0000CC00A4615204FF0100E4FF0000C42F85E
:108FE000200F81F807E003F1540081F80DC053F819
:108FF000041B42F8041F8342F9D1084B0022C3E945
:10900000002200BDEC000020E805002044050020FF
:109010006005002050050020F004002060060020BC
:109020005C0500205452414354050020764B1A78C9
:10903000F2B170B5754C217882B0D1B1744B1E7805
:109040001D4608F0A7F9FFF787FD724A9FED727A77
:10905000117807EE900A67EE877A0129FCEEE77A2D
:1090600022D011F0FD0F5ED02178297002B070BDC2
:10907000704708F08FF9674A92F800C0BCF1010F01
:1090800005D0624B624D1978297002B070BD019213
:10909000FFF762FD9FED607A5D4D5E4A07EE900A34
:1090A00067EE877AFCEEE77A5C49097805292CD1CE
:1090B0005649097849B35A480068B0F5FF6F24D281
:1090C000584A17EE904A1068A042CED817EE901A70
:1090D0000120FFF723FF17EE901A0020FFF71EFF75
:1090E00017EE901A0220FFF719FF474B474A1B78EB
:1090F00011784D484B4AC0ED007A023B022B8CBFE1
:109100000223142323441360AFE7474B0192C3EDBE
:10911000007AFFF72DFF3D4A1178019A297002234A
:10912000137002B070BD1EB93C4B1B78052B02D0EA
:10913000364B197899E73A4B3C491E6080230B6007
:109140003B499FED3C6A0B603B493C4B91ED007AFB
:10915000DFED3B6AC3ED007A27EE067A324B3149E8
:10916000C3ED007AB4EEE67A0123F1EE10FAC1ED18
:10917000007A137044DCDFED337AF4EEC77AF1EE57
:1091800010FAD8BFF0EE477AFCEEE77A17EE900AB5
:109190002D4B2E4A2E491080D3F8EC020860D3F8EC
:1091A000FC024860D3F800038860D3F8C802C860A6
:1091B000D3F8CC020861D3F8D4024861D3F8D802BE
:1091C000886103F2A4500068C86103F2B4500068DB
:1091D000086203F5B7600068486203F5B060006894
:1091E000886203F284500068C86203F28C5003F571
:1091F000B26300681B6808634B63FFF7B9FE97E72B
:109200004FF6FF70C4E700BFEC000020F4AF002071
:109210004D0500204F0500206F12833A30FD0020DD
:109220005C05002048050020500500206405002052
:109230006005002000007A447000002054050020E2
:1092400000FF7F470000000078BB0020440500209D
:10925000F0040020154B1B7813B1154B1A6802B9A6
:10926000704700B583B008F095F8FFF775FC9FEDE7
:10927000117A114A07EE900A67EE877AFCEEE77AD8
:10928000C2ED007AFFF774FE094B0C481B680C49CD
:10929000009108331B0103600A4A3821012012F0B3
:1092A00005FA094B187003B000BD00BFEC000020A8
:1092B0005C0500206F12833A5005002058050020FD
:1092C000E8050020000006084C0500200B48027944
:1092D00010B400230A4C802163F341022160027123
:1092E000084C094A094821601370094C09490A4A87
:1092F000037023600B6010BC1360704734FD0020C6
:1093000060050020640500204F050020EC040020CB
:109310005C050020E0040020E4040020704700BF4A
:10932000354A36483649D0F800C008B5137943F0BD
:1093300002031371334A0020012308601370BCF14B
:10934000000F1AD0304B314A03F1800052F8041F4D
:1093500043F8041B8342F9D12D4B2E482E492F4A46
:10936000006808604FF0010E83F800E04FEA0C132C
:1093700013602B4B80221A6008BD234A29488021A4
:1093800012F048F9204A2849106888424FF001033A
:109390000FD0802200211C482CF016FC1F4A1C48CC
:1093A0001D490023136003700B601D4B80221A605F
:1093B00008BD92F804C0BCF1020FEAD1D17910299E
:1093C000E7D15169481EB0F5FF6FE2D2107A40F044
:1093D00002001072154A164813700D4A0E4B82F89F
:1093E00000C018600D4A080101F10803114910601E
:1093F0001B010B60BDE700BF34FD00205C050020B1
:10940000DC040020EC04002068050020E4050020B6
:109410004E05002060050020E8040020E404002040
:10942000E004002000000608545241434C0500208F
:109430008000060858050020054B187838B1054B08
:10944000054A1B681268134314BF012000207047AF
:10945000EC040020E0040020E4040020474B1B78CB
:10946000002B7FD02DE9F04F454B464F1D683A68E1
:10947000A7B08246002D5CD00DF11809424849463C
:10948000002301E0802B76D0013304780C709D42DC
:1094900000F1010001F10101F4D12C46ED1A384B25
:1094A0001D60002A4CD0CDF80490DFF8F080374DD5
:1094B000374EA1441FE0D3F804E0D3F808C056F8B3
:1094C00000B0DB68C9F80C30C9F800B0C9F804E096
:1094D000C9F808C0012900F1100004F11004A2F13C
:1094E000100203D1B0F5004F28BF80203A602860F9
:1094F00009F1100912B37F2C20D898F800102868C1
:10950000022900EB0603D6D102AA102112F082F83C
:10951000DDE90202DDE90431C9F80000C9F80C10E8
:10952000C9F80420C9F8083028683A6898F800108B
:10953000D0E7A2B12C460DF11809B4E7DDF804908C
:10954000E2B2144C4B46216850461EF005F90C4B14
:1095500022681B68396801320B43226003D027B0B0
:10956000BDE8F08F70470C49044A13700A7963F321
:1095700041020A71F3E71C4690E700BFEC040020AB
:10958000E0040020E404002068050020E804002036
:10959000E8050020DC04002034FD00204E050020FA
:1095A000144B154A53F820301268934220D2F7EE3C
:1095B000007A30EE270AF6EE007A20EE270ADFED79
:1095C0000F7A0F4A20EE270A3421BDEEC00A01FBB4
:1095D000032210EE103A1BB2B3F5FA6FA8BF4FF496
:1095E000FA63D269B3F57A7FB8BF4FF47A73136028
:1095F000704700BF54620308000000200000FA44D6
:10960000D4800308124B134A53F820301268934257
:109610001CD2F7EE007A30EE270ADFED0F7A0F4A00
:1096200020EE270A3421BDEEC00A01FB032210EE12
:10963000103A40F698011BB28B42A8BF0B46D26984
:10964000B3F5487FB8BF4FF448731360704700BF4D
:10965000546203080000002000007A44D48003080C
:109660000F4B104A53F820301268934216D2DFEDA8
:109670000E7A0E4A20EE270A3421BDEEC00A01FB05
:10968000032210EE103A40F2E7311BB28B42A8BF22
:109690000B46D269012BB8BF01231360704700BF8E
:1096A000546203080000002000007A44D4800308BC
:1096B000704700BF2DE9F84F2DED028BC24EDFF849
:1096C0006093F27899F80030900740F1AC80002B5D
:1096D00000F0A980BD4ABE4BD2ED007A93EDAE7A80
:1096E00027EE877AFEEE006AB4EEE67AF1EE10FA23
:1096F000B6EE006A07D4B4EEC67AF1EE10FA00F3C3
:10970000D281B1EE476A93ED007AB24B27EE877AA9
:10971000FEEE006AB4EEE67AF1EE10FA83ED006A2E
:1097200000F1BB81B6EE006AB4EEC67AF1EE10FA33
:1097300001DCF1EE476AA84AA84B92ED006AC3ED3E
:10974000006A67EE867ABEEE007AF4EEC77AF1EE32
:1097500010FA08D4B6EE007AF4EEC77AF1EE10FAF9
:10976000D8BFB0EE677A9E4B9E4900221A6081ED09
:10977000007A03F02BFD9C4B1B78002B00F0B0808F
:10978000DFF8A082994CD8F8003000202060002B30
:1097900000F08C819FED968ADFF88CA2954F964D54
:1097A0009AED001A07EB800305EB800BD3ED000A5E
:1097B0009BED000A01F090F999F800308BED000A5A
:1097C000002B40F054818D4B20681B78052B00F056
:1097D0003381022B00F0308105EB800383ED008A9A
:1097E000B0EE480A8300F278120700F1DD80844B66
:1097F0001B6898472068834BD8F8002003EB800350
:1098000005EB8001D3ED007A91ED007A013077EE1F
:10981000877A9042C3ED007A2060C1D37A4A1368F8
:109820000133136060E0794A92ED007AFEEE007A2F
:10983000B4EEE77AF1EE10FA39D4F6EE007AB4EE2F
:10984000E77AF1EE10FAC8BFB0EE677A6049614A74
:10985000D1EDAD6A82ED007AFEEE007AF4EEE76AB1
:10986000F1EE10FA08D4F6EE007AF4EEE76AF1EEC3
:1098700010FAD8BFF0EE667A654A584992ED007A40
:10988000C1ED007A13F0FD0FFEEE007AB4EEE77A38
:1098900010D0F1EE10FA00F10381F6EE006AB4EE9A
:1098A000E67AF1EE10FA11DCF1EE477A0EE0B0EE56
:1098B000677ACBE7F1EE10FA08D4F6EE007AB4EE50
:1098C000E77AF1EE10FAD8BFF0EE477A454BC3EDD8
:1098D000007A03F07BFC444B1B78002B7FF450AFE5
:1098E000424CDFF84081434F03F0BAFE03F034FCF2
:1098F000D8F800302360092B46D83F4D9FED458AAC
:10990000DFF82881DFF828A1DFF8289198ED001A08
:1099100007EB830205EB830BD2ED000A9BED000AF7
:1099200001F0DAF88BED000AF378226813F0080FE3
:1099300002F1010325D15AF82200374905EB820CC8
:10994000D9F800204FF0340E90420EFB0011B7EE14
:10995000007A40F6980014D2DCED007AC96977EEFF
:10996000877A67EE887AFDEEE77A17EE902A12B2D0
:109970008242A8BF0246B2F5487FB8BF4FF4487292
:109980000A60092B2360C1D91A4E244D0A23236093
:109990000FCE0FC50FCE0FC596E8030085E8030074
:1099A000BDEC028BBDE8F88F164A1344D3ED007A64
:1099B00077EE807A0130C3ED007AD8F8003020606D
:1099C0009842FFF4EDAE29E734FD0020100000209E
:1099D00078BB002004860020E8C00020008600201C
:1099E000F8850020FC850020B8860020E88500204E
:1099F000000000005C8600203486002030FD00203E
:109A0000EC8500208886002084860020E4C00020A9
:109A10009CC3002000007A44D48003080C860020F8
:109A2000A90E012004000020B4860020B08600208A
:109A300054620308000000201D4B93ED000A05EB63
:109A40008003D3ED007AF4EEC07AF1EE10FA4FEA1B
:109A5000800308D4B7EE000AF4EEC07AF1EE10FAF3
:109A6000D8BFB0EE670AEA1882ED000ABBE60EF036
:109A7000E5FF0346206843B1F378190709D405EBE5
:109A8000800393ED000A8300EDE7B0EE480A8300FF
:109A9000E9E79FED080A8300E5E7F6EE006A4AE68B
:109AA000F6EE007A12E7B0EE666A2CE6024FB5E6F3
:109AB000A4B80020000000005C8600202DE9F047DB
:109AC000B249DFF81483CB78B148B24F98F8002040
:109AD0003D68DFF8089323F0200382B0CB70AE4BD3
:109AE000AE491B78C35CAE48A2F10104B4FA84F419
:109AF000AB4200784FEA541428BF2B460B6089F81C
:109B00000040002840F0BA80022A00F0698107EE88
:109B1000903AB8EEE77AF7EE006AC6EE877AA14986
:109B2000A14E02EB8202033356F8220033F0030306
:109B30009A46C1ED007A9D49086006EB82013ED04D
:109B4000DFED9B7A9B4C9C4EC4ED007AC6ED007A0B
:109B5000002D40F07B81C4ED017AC6ED017A3B68AF
:109B60000025022BA560B56000F21D830023E36091
:109B7000F360BAF1040F20D03B680025062B256165
:109B8000356100F2418365617561BAF1060F14D940
:109B90003B680025082BA561B56100F2FE83E561F5
:109BA000F561BAF1080F08D93B680025042B25623E
:109BB000356200F244846562756299F80040002CB9
:109BC00040F0D4807D4C3A6854F82A309342C0F07B
:109BD000CC830AF1010354F8232039688A42C0F08B
:109BE000FE83BAF1080F0AF1020300F0BF8054F8B7
:109BF000232039688A42C0F009840AF1030354F82B
:109C0000232039688A42C0F03C840AF1040354F8E6
:109C1000232039688A42C0F04D840AF1050354F8C4
:109C2000232039688A42C0F05E84BAF1040F00F044
:109C30009D803B68082B00F287843B68042B40F230
:109C400095805C4E5C4D5E484FF07C5440F2DC5396
:109C500045F2E472602134622C6213F03DFA3B68F5
:109C6000052B40F283805748746240F2DC5345F282
:109C7000E47260216C6213F02FFA77E04B4A52498C
:109C80004C4C1160002B00F0F8804FEA83084A4EDC
:109C900001934246002120462BF096FF00214246C8
:109CA00030462BF091FF019B0A2B5CD004EB08019E
:109CB000B0444FF07C52092B0A60C8F8002003F131
:109CC000010150D004EB810006EB8101082B0A60F2
:109CD000026003F1020146D004EB810006EB810132
:109CE000072B0A60026003F103013CD004EB810002
:109CF00006EB81014FF07C52062B0A60026003F1F3
:109D0000040130D004EB810006EB8101052B0A60D1
:109D1000026003F1050126D004EB810006EB81010E
:109D2000042B0A60026003F106011CD004EB8100E1
:109D300006EB8101032B0A60026003F1070112D0D8
:109D400004EB810006EB8101022B0A60026003F143
:109D5000080108D004EB810006EB810102600A6073
:109D60000BB962627262002D40F09C8028220021B3
:109D700016482BF029FF164B01241C6004F084F9CF
:109D8000144B1C7002B0BDE8F08700BF34FD00200A
:109D90007C62030800000020F50000200400002081
:109DA000A90E0120088600202C620308EC85002003
:109DB00000000000348600205C8600205462030806
:109DC000A4810308D881030805960008888600202E
:109DD00084860020B88600200C000020B986002070
:109DE0002B4B2C4C2C4E2D4A08604FF07C581A609F
:109DF000C4F80080C6F80080002D40F03D82C4F811
:109E00000480C6F804804FF07C53A360B3604FF029
:109E10007C53E360F3604FF07C53236133614FF078
:109E20007C53636173614FF07C53A361B3614FF066
:109E30007C53E361F3613B684FF07C55042B256252
:109E4000356200F20282656275628FE7D1E9022312
:109E500013488988CDED017A13F03EF93B68DDEDBA
:109E6000017A012BC4ED017AC6ED017A00F28D81F1
:109E7000C4ED027AC6ED027A78E6074E4FF07C52C6
:109E800022606260A26032607260B26003212DE7DE
:109E9000EC850020348600205C860020B196000806
:109EA000D4800308D04E4FF47A7345F2E4726021F7
:109EB000304613F011F93D68012D67D94FF47A73DC
:109EC00045F2E472602106F1340013F005F93D68B3
:109ED000022D5BD94FF47A7345F2E472602106F1EA
:109EE000680013F0F9F83D68032D4FD94FF47A73E9
:109EF00045F2E472602106F19C0013F0EDF83D6834
:109F0000062D2DD94FF47A7345F2E472602106F5DF
:109F10009C7013F0E1F83D68072D21D94FF47A7356
:109F200045F2E472602106F5B67013F0D5F83D688D
:109F3000082D15D94FF47A7345F2E472602106F5C5
:109F4000D07013F0C9F83D68092D09D94FF47A7320
:109F500045F2E472602106F5EA7013F0BDF83D6841
:109F6000042D13D9A1484FF47A7345F2E4726021AD
:109F700013F0B2F83D68052D08D99D484FF47A7367
:109F800045F2E472602113F0A7F83D68002D3FF41C
:109F9000EDAE94ED007ADFED976AF169D4ED017AC8
:109FA000B7EE006A37EE067A40F6980227EE267A78
:109FB000BDEEC77A17EE103A1BB29342A8BF134604
:109FC000B3F5487FB8BF4FF44873012D0B603FF4E1
:109FD000CDAE77EE867A316D94ED027A67EEA67A91
:109FE000FDEEE77A17EE903A1BB29342A8BF1346F4
:109FF000B3F5487FB8BF4FF44873022D0B603FF4B0
:10A00000B5AE37EE067AD6F88410D4ED037A27EE93
:10A01000267ABDEEC77A17EE103A1BB29342A8BF5C
:10A020001346B3F5487FB8BF4FF44873032D0B6058
:10A030003FF49CAE77EE867AD6F8B81094ED047AA9
:10A0400067EEA67AFDEEE77A17EE903A1BB29342DE
:10A05000A8BF1346B3F5487FB8BF4FF44873062D29
:10A060000B6040F28F8237EE067AD6F85411D4EDA9
:10A07000057A27EE267ABDEEC77A17EE103A1BB2A4
:10A080009342A8BF1346B3F5487FB8BF4FF4487357
:10A09000072D0B6043D077EE867AD6F8881194EDC1
:10A0A000067A67EEA67AFDEEE77A17EE903A1BB2D3
:10A0B0009342A8BF1346B3F5487FB8BF4FF4487327
:10A0C000082D0B602BD037EE067AD6F8BC11D4EDF4
:10A0D000077A27EE267ABDEEC77A17EE103A1BB242
:10A0E0009342A8BF1346B3F5487FB8BF4FF44873F7
:10A0F000092D0B6013D077EE867A67EEA67AFDEE17
:10A10000E77A17EE903A1BB29342A8BF1346B3F515
:10A11000487FD6F8F021B8BF4FF448731360D4EDF0
:10A12000087ADFED346AD6F8EC1094ED097AB7EED0
:10A13000006A77EE867A40F6980267EEA67AFDEE20
:10A14000E77A17EE903A1BB29342A8BF1346B3F5D5
:10A15000487FB8BF4FF44873052D0B603FF406AE3F
:10A1600077EE067AD6F8201167EEA67AFDEEE77A4A
:10A1700017EE903A1BB29342A8BF1346B3F5487F3F
:10A18000B8BF4FF448730B60F0E598F800101A4B15
:10A190001A4801EB810103EB8101D1E9022389888F
:10A1A00012F09AFFDBE498F80010134B144801EB0F
:10A1B000810103EB8101D1E90223898812F08CFF30
:10A1C0003B68E560032BF5607FF6D3AC98F8001090
:10A1D000094B0C4801EB810103EB8101D1E902231A
:10A1E000898812F079FFC4E4D4800308A4810308AD
:10A1F000D881030800007A442C6203080881030810
:10A200003C8103087081030898F80010C14BC248D4
:10A2100001EB810103EB8101D1E90223898812F06E
:10A220005BFF3B686561072B75617FF6AEAC98F804
:10A230000010B84BB94801EB810103EB8101D1E972
:10A240000223898812F048FF9FE440F2DC53B448AF
:10A2500045F2E472602112F03FFF3B686562052B16
:10A2600075627FF683ADAF4840F2DC5345F2E4728D
:10A27000602112F031FF79E540F2DC53AA4845F243
:10A28000E472602112F028FF3B68C4F80480012BBF
:10A29000C6F804807FF6B7AD40F2DC53A34845F220
:10A2A000E472602112F018FF3B68C4F80880022BAA
:10A2B000C6F808807FF6ABAD40F2DC539C4845F20F
:10A2C000E472602112F008FF3B68C4F80C80032B95
:10A2D000C6F80C807FF69FAD40F2DC53954845F2FE
:10A2E000E472602112F0F8FE3B68C4F81080062B7F
:10A2F000C6F810807FF693AD40F2DC53864845F2F5
:10A30000E472602112F0E8FE3B68C4F81480072B69
:10A31000C6F814807FF687AD40F2DC537F4845F2E3
:10A32000E472602112F0D8FE3B68C4F81880082B54
:10A33000C6F818807FF67BAD40F2DC537E4845F2CC
:10A34000E472602112F0C8FE3B68C4F81C80092B3F
:10A35000C6F81C807FF66FAD784840F2DC5345F2BA
:10A36000E472602112F0B8FE65E57549754A6E48E1
:10A3700001EB8A0102EB8A02342505FB03004FF052
:10A380007C530B601360602140F2DC5345F2E472B1
:10A3900012F0A2FE0AF101031DE498F800105D4BD3
:10A3A000654801EB810103EB8101D1E90223898832
:10A3B00012F092FE3B68E561092BF5617FF6F1AB87
:10A3C00098F80010534B5D4801EB810103EB8101CC
:10A3D000D1E90223898812F07FFEFFF7E2BB5949D9
:10A3E000574D05EB830501EB83034F49342000FBF8
:10A3F00002104FF07C522A601A60602140F2DC5358
:10A4000045F2E47212F068FEFFF7EBBB4D494C4D8C
:10A4100005EB830501EB83034349342000FB021065
:10A420004FF07C521A602A6040F2DC5345F2E4722D
:10A43000602112F051FE0AF10303FFF7E0BB98F828
:10A440000010344B364801EB810103EB8101D1E967
:10A450000223898812F040FE3B686562052B756215
:10A460007FF6ABAB98F800102A4B2E4801EB810128
:10A4700003EB8101D1E90223898812F02DFEFFF759
:10A480009CBB30492E4D05EB830501EB8303264928
:10A49000342000FB02104FF07C521A602A6040F218
:10A4A000DC5345F2E472602112F016FE0AF1040357
:10A4B000FFF7ADBB2349224D05EB830501EB830379
:10A4C0001949342000FB02104FF07C521A602A60B8
:10A4D00040F2DC5345F2E472602112F0FDFD0AF116
:10A4E0000503FFF79CBB1749154C04EB830401EBF4
:10A4F00083030D49342000FB02104FF07C52226090
:10A500001A60602140F2DC5345F2E47212F0E4FD7F
:10A51000FFF78BBB2C6203080C8203084082030800
:10A52000A4810308D8810308D480030808810308A4
:10A530003C8103087081030874820308A882030821
:10A54000348600205C860020104E114D11484FF0DB
:10A550007C5440F2DC5345F2E4726021B461AC619A
:10A5600012F0BAFD3B68092B7FF667AB0A48F4612D
:10A5700040F2DC5345F2E4726021EC6112F0ACFD74
:10A58000FFF75BBB042D3FF4F1ABC8E53486002038
:10A590005C86002074820308A88203082DE9F0413C
:10A5A0001E4C054606F0F6FED4E90223904299417E
:10A5B000F8D30121284600F0C7FD012107462846AF
:10A5C00000F00EFE9F21384600F0F2FE144E154BAF
:10A5D0003446187006F105080021384600F0E8FE00
:10A5E00004F8010B4445F7D12846002100F0F8FD9E
:10A5F00033783279B1787478F0781F2B08BF282C23
:10A6000042EA01020CBF01230023012808BF002AEF
:10A610000CBF012000201840BDE8F08170AF002081
:10A6200018000020BB86002070B5194C054606F0C6
:10A63000B1FED4E9022390429941F8D30021284683
:10A6400000F082FD01210646284600F0C9FD802168
:10A65000304600F0ADFE0F4C00212070304600F077
:10A66000A7FE00212070304600F0A2FE00212070DD
:10A67000304600F09DFE00212070284600F0B0FD1D
:10A68000BDE8704023220023012006F0C3BF00BFB5
:10A6900070AF0020BB860020F8B52A4C054606F0B6
:10A6A00079FED4E9022390429941F8D3002128464B
:10A6B00000F04AFD01210746284600F091FD3D21AA
:10A6C000384600F075FE204E2A213070384600F0E2
:10A6D0006FFE80213070384600F06AFEA62130708F
:10A6E000384600F065FE00213070284600F078FD05
:10A6F00048F6B8020023012006F08CFF06F04AFE5F
:10A70000D4E9022390429941F8D30121284600F070
:10A710001BFD01210446284600F062FDD72120469A
:10A7200000F046FE00213070204600F041FE074C4C
:10A7300000212070284600F053FD207800F0010031
:10A74000F8BD00BF70AF0020BB860020BA86002095
:10A7500010B50320FFF768FF0320FFF71FFF044633
:10A760000320FFF799FF2040C0B210BD0000000099
:10A77000534B1B68002B40F094802DE9F04F514B58
:10A78000514E1F68514D85B08DED030A0024504B8A
:10A7900006FB0737380CFDF785FD47A3D3E90023F7
:10A7A000FDF714FF02460B46FDF730FC22462B4610
:10A7B000FDF72AFC464B06FB07378246380C8B46D2
:10A7C000FDF770FD3CA3D3E90023FDF7FFFE024631
:10A7D0000B46FDF71BFC22462B46FDF715FC5246A7
:10A7E000CDE900015B4650465946FDF7C5FD804660
:10A7F0008946DDE9000102460B46FDF7BDFD024634
:10A800000B4640464946FDF701FC22462B46804652
:10A810008946FEF737F80028B9D1002200234046C8
:10A820004946FEF711F80028B1D1264B294C1F608C
:10A8300049EC108B26F0B4FE002251EC100B4FF0C7
:10A840004043FDF799FD42464B46FDF7BFFE41EC04
:10A85000100B26F06DFF57EC106BDDE9000132465E
:10A860003B46FDF789FDFEF75FF8154D206001249A
:10A8700032463B462C6050465946FDF77DFD044666
:10A8800003980D46FDF720FD02460B46204629465B
:10A89000FDF772FDFEF748F800EE100A05B0BDE8BE
:10A8A000F08F0C4AD2ED007A054A002320EE270AE9
:10A8B00013607047AFF300800000E0FFFFFFEF413F
:10A8C000C8860020240000200D6619000000F03F1B
:10A8D0005FF36E3CC486002010B5044606F01EFEF1
:10A8E0000023C4E90003C4E9023310BD10B5C16000
:10A8F000044606F013FE206010BD00BF10B50446EC
:10A9000006F00CFE2368C01AB0F57A7F8ABF0020DB
:10A91000B4F90C00E06010BD03787BB343781C4AA7
:10A920000133A2FB031202F4FF7101EB52029B1AE6
:10A9300000EB8302437082ED010A90ED017A90ED05
:10A94000020AD0ED037AB4EEC07AF1EE10FA0EDD11
:10A95000B4EEE77AF1EE10FAD8BFF0EE477AB4EE33
:10A96000E70AF1EE10FAD8BFB0EE670A7047F0EED2
:10A97000406AB0EE470AB0EE667AE9E7012380ED5F
:10A98000030A80ED020A80ED010A0380704700BFD0
:10A99000ABAAAAAAD0F80021012A34D090F80C3131
:10A9A000A3B93AB100F1800303EB8201A3EC010AE1
:10A9B0008B42FBD107EE902AF8EEE77A012367EE8F
:10A9C000807A80F80C31C0ED447A7047D0F80831B5
:10A9D000D0ED447A00EB8301D1ED206A81ED200AAD
:10A9E00007EE102A77EEE67AB8EE477A77EE807AAD
:10A9F000013387EE870AB3FBF2F102FB1133C0F893
:10AA00000831C0ED447A70470B46202B10B5114633
:10AA1000044613D8013BB3FA83F3C3F120030120AA
:10AA20009840042200F1FF3C9A40C4E9400C2046C3
:10AA3000FEF742F9002384F80C3110BD80224FF05C
:10AA40001F0C2020F1E700BF90F80C31D0F8001166
:10AA5000FBB100B5D0E941E2531C03EA0E0300EB61
:10AA6000820282ED200A9FED130AC0F8083179B105
:10AA7000024600EB810CB2EC017A00EB8301D1EDD0
:10AA8000207A01339445A7EE270A0EEA0303F2D198
:10AA900000BD39B100F1800303EB8101A3EC010A91
:10AAA0009942FBD100220123C0F8082180F80C3123
:10AAB000704700BF00000000DFED067A20EE277A25
:10AAC000F7EE006AC6EE877A77EEA07A80EEA70AE4
:10AAD000704700BFDB0FC94070EEC00AA0EE810ACC
:10AAE000704700BFDFED0C7A9FED0C7A20EE270A4D
:10AAF000F7EE006AC6EE807A0023037027EE877AAD
:10AB0000C6EEA75A86EE876AC0ED017AC0ED025AFA
:10AB100080ED036A704700BFDB0FC940F304353F87
:10AB20000378F0EE407AD3B1D0ED076A90ED027A67
:10AB300030EE666A20EE877AF0EE667AE6EE077A05
:10AB400090ED080A90ED037AC0ED077A60EE870A6F
:10AB500037EEC07AA7EE200A80ED080A704701237D
:10AB60000370C0ED077A80ED080A7047B5EEC00AA1
:10AB7000F1EE10FA02DC9FED050A7047F1EEC07AA3
:10AB8000B7EE007A87EE270A704700BF000000008A
:10AB9000254B00B5D3ED007AF4EE417AF1EE10FAD0
:10ABA00087B0F0EE406A13D1204A214B92ED000AA3
:10ABB000D3ED007A20EEA77A60EE800AA6EE807AC6
:10ABC000E6EEE70A80ED007AC1ED000A07B000BDAD
:10ABD0008DED040AB0EE410ACDE90201CDED050A82
:10ABE0008DED001A26F052FF9DED001A104A8DEDF2
:10ABF000011AF0EE407AB0EE410AC2ED007ACDEDD6
:10AC0000007A26F003FF094A9DED011A064BDDED9F
:10AC1000050ADDED046ADDED007A83ED001ADDE959
:10AC2000020182ED000AC5E7C08600202000002056
:10AC3000BC860020012AB0F900C0B1F900300FD065
:10AC4000032A08D0022A04D1CCF1000CA0F800C0DD
:10AC50005B420B8070475B42038063460B8070470A
:10AC60000380CCF100030B80704700BFB5EEC00A33
:10AC7000F1EE10FA08D5DFED0C7A30EE270AB5EECA
:10AC8000C00AF1EE10FAF8D4DFED077AB4EEE70A65
:10AC9000F1EE10FA06DB30EE670AB4EEE70AF1EEE9
:10ACA00010FAF8DA704700BFDB0FC940DFED107A09
:10ACB000B4EEE70AF1EE10FA09D59FED0E7A30EE08
:10ACC000070AB4EEE70AF1EE10FAF8D47047DFEDA8
:10ACD0000A7AB4EEE70AF1EE10FA08DB9FED057A86
:10ACE00030EE470AB4EEE70AF1EE10FAF8DA7047F0
:10ACF000DB0F49C0DB0FC940DB0F4940B4EEE00A6F
:10AD0000F1EE10FA02DD30EE600A7047F1EE607A83
:10AD1000F4EEC07AF1EE10FA02DD30EE200A704750
:10AD20009FED010A704700BF0000000021EE211ACC
:10AD300070EE417AF4EEE07AF1EE10FA0ADC31EED0
:10AD4000001AF4EEC10AF1EE10FAD4BFF0EE607A08
:10AD5000F0EE417AB0EE670A704700BF60EE810AFC
:10AD6000F1EE607AF4EEC07AF1EE10FA02DD30EE28
:10AD7000800A7047F4EEC00AF1EE10FA02D530EE08
:10AD8000600A70479FED010A704700BF0000000095
:10AD90002DED108B8CB04FF0000CCDE909CCCDE936
:10ADA00006CCCDE903CCDFEDE74A8DED010ACDF805
:10ADB0002CC0CDF820C0CDF814C0002900F0A98126
:10ADC00001EB410CF0EE641AB0EE644AB0EE643A66
:10ADD000F0EE642AF0EE643AB0EE642AB0EE641A43
:10ADE000F0EE640AB0EE640AB0EE648AF0EE648AB3
:10ADF000F0EE64AAB0EE64BAF0EE64BA00EB8C0C2C
:10AE0000B0EE649AF0EE649AB0EE64AAD0ED006AF7
:10AE100090ED017AD0ED027A26EEA65A67EE075A37
:10AE200027EEA76A0C308445E6EE85AAA7EE250A30
:10AE3000A7EE862AA6EE87AAE6EEA79AA7EE279A9D
:10AE4000E5EE073AE5EE272AA6EEA53AA5EEA74AD3
:10AE5000E6EE861AE7EE064A7BEEA6BA3BEE05BAA8
:10AE600078EE878A38EE258A70EEA70A31EE061A48
:10AE7000CCD18DED078A8DED0A0ACDED03BA8DEDAB
:10AE800006BACDED09AACDED048ACDED050A8DED0A
:10AE9000081A8DED0B2AB0EE6B0AB0EE688AB0EEA0
:10AEA0004BDAF0EE41CA07EE901AF8EE677AF7EE49
:10AEB000006A86EEA77A0020DDED07DADDED058A6F
:10AEC000DDED0A7A27EE000A27EE088A27EE044A0B
:10AED00027EE0DDA67EE2DDAA7EE224A67EE288A12
:10AEE00020EE002A68EE082A67EE2CCA3DEE8DCAD5
:10AEF00067EE03BA72EE226A28EEA83A3CEE2CCA3C
:10AF000067EE233A76EE836AE7EE273AB8EE00EA78
:10AF1000F0EE4C7AE6EE8E7AE7EE243A77EEA67AF9
:10AF2000F6EE00EA76EEE77A2CEE2EFAF0EE675AAD
:10AF3000E6EE8E5ADDED096AE7EE26BADDED0B6A24
:10AF4000E7EE21BAA6EE874A67EEAE7A27EE0AAAA6
:10AF500067EE299A27EE099ABAEE007A23EE87BAAD
:10AF600075EE8C5A6BEE87BA3FEE275A24EE077ABD
:10AF7000F2EE00FA8DED007A65EEAF5AB0EE687A27
:10AF8000F0EE486AB0EE406AF3EE001AF0EE453A91
:10AF900031E066EE884A26EE062AE6EE004A66EEC4
:10AFA000A62AE8EE874AF0EE4C5AE4EE8E5A27EED7
:10AFB000073A72EE227A25EE055A77EE837AA4EEEE
:10AFC000045A75EEA75AA3EEA35A77EEE57AF0EE8F
:10AFD000675AE4EE8E5ADDED014A67EEAE7A75EE01
:10AFE0008C5AB4EEE45AF1EE10FA7FEE273A65EE91
:10AFF000AF5A40F3848029EE874A73EE8D0AAAEE99
:10B00000264A013080B2E8EEC70AF1EE42AA7AEE93
:10B01000E7AAE6EEC80AAAEE804A69EE074A33EECE
:10B02000AD1AEAEE064AA6EE401AA0EE864AF1EE06
:10B03000620A70EEE70AA8EEC71AE0EE884A29EE27
:10B04000265A7CEEA33AA9EE865AE6EE403AE1EEA5
:10B05000264AB1EE431A71EE677AE6EEC83AA8EED8
:10B06000A75AF0EE6B0AE4EE210AB0EE4B1A36EE68
:10B07000064AA4EEA11A76EEA64A77EE077AA4EE67
:10B08000402AA3EE875AE4EEC82AA8EEE73ADDED9F
:10B09000007A32EE0D2AE5EE217A72EEAD2AB0EE9C
:10B0A000655AA2EE215AF0EE654A33EE2C3AE2EEF2
:10B0B000A14AE3EE215AB5EE405AF1EE10FAF5EE50
:10B0C000404A08BFB7EE005AF1EE10FAF5EE405ACA
:10B0D00008BFF7EE004AF1EE10FA08BFF7EE005A8B
:10B0E00080EE854A904281EE245AC7EEA53A36EEAC
:10B0F000446A76EEC56A37EE637AFFF44AAF83EDB1
:10B10000006AC3ED016A83ED027A0CB0BDEC108BCE
:10B1100070479DED030A9DED048A9DED06DADDED95
:10B1200008CAF0EE641AB0EE644AB0EE643AF0EE8B
:10B13000642AF0EE643AB0EE649AF0EE649AB0EEEF
:10B1400064AAB0E600000000204B214A30B500EBB5
:10B15000400503EB00101F4BC07803EB401302EBDC
:10B1600085005C68D0E901C3002918BF63461A490D
:10B1700008889BB2984283B002D1204603B030BD0C
:10B180000B8020460021019326F0A6F82188104A62
:10B19000019B12F82500114D21F038021343238042
:10B1A0002B88834208D02388288060B923F00303CA
:10B1B0002380052006F02CF92046012126F08CF88A
:10B1C000204603B030BD43F00303F1E7907A030853
:10B1D00098620308307B0308CE860020CC860020CE
:10B1E00008B50001094B1A5C3AB10830184429B17E
:10B1F000BDE80840002111F02FBD08BD012111F06C
:10B200002BFDBDE80840012006F002B9907A030842
:10B210005C4B10B55C4C18781D2119F0EDFA2378C1
:10B2200013B1A378002B48D1237C13B1A37C002B4E
:10B230004FD194F820301BB194F82230002B53D119
:10B2400094F830301BB194F83230002B57D194F879
:10B2500040301BB194F84230002B5BD194F8503051
:10B260001BB194F85230002B5FD194F860301BB1C1
:10B2700094F86230002B63D194F870301BB194F8CD
:10B280007230002B67D194F880301BB194F8823073
:10B29000002B6BD194F8903013B194F8923003B92D
:10B2A00010BD3A48012111F0D7FC012006F0B0F89A
:10B2B000BDE81040642006F037B9012104F1080010
:10B2C00011F0CAFC012006F0A3F8642006F02CF966
:10B2D000AAE701212E4811F0BFFC012006F098F8E2
:10B2E000642006F021F9A4E701212A4811F0B4FCFA
:10B2F000012006F08DF8642006F016F9A0E7012180
:10B30000254811F0A9FC012006F082F8642006F01F
:10B310000BF99CE70121214811F09EFC012006F069
:10B3200077F8642006F000F998E701211C4811F035
:10B3300093FC012006F06CF8642006F0F5F894E721
:10B340000121184811F088FC012006F061F8642002
:10B3500006F0EAF890E70121134811F07DFC012086
:10B3600006F056F8642006F0DFF88CE701210F485C
:10B3700011F072FC012006F04BF8642006F0D4F8BE
:10B3800088E700BF68100120907A0308287B030833
:10B39000A87A0308B87A0308C87A0308D87A030899
:10B3A000E87A0308F87A0308087B0308187B030887
:10B3B000F8B505460F464FF480544FF6FF7603E08C
:10B3C000013CA4B2B44208D00221284625F09EFFD9
:10B3D0000028F5D00CB92046F8BD3946284625F09E
:10B3E00089FF4FF480544FF6FF7603E0013CA4B28E
:10B3F000B44207D00121284625F088FF0028F5D067
:10B40000002CE8D0284625F071FFC0B2F8BD00BF7F
:10B410002DE9F04F85B0074603936C4B0191D3F8AB
:10B4200000A09346002800F08280694B1B7883427D
:10B4300000F0C680DFF8A091012138464FEA0718D6
:10B44000FFF782FE19F80830029304462BB108F189
:10B4500008004844002111F0FFFB4FF480564FF6DE
:10B46000FF7504E0013EB6B2AE4200F08F800221CB
:10B47000204625F04BFF0028F4D0002E40F08680B7
:10B4800009EB08035B78042B56D0BBF1000F18D0F2
:10B49000039E0197B3444FF6FF754FF4805703E0C6
:10B4A000013FBFB2AF422BD00221204625F02EFF34
:10B4B0000028F5D027BB384606F8010B5E45ECD1D5
:10B4C000019F029B43B108F108004844012111F09B
:10B4D000C3FB012005F09CFF3C4B1868504507D08A
:10B4E0003C4B07EB470703EB87039A6801329A60EE
:10B4F000A0EB0A00B0FA80F0400905B0BDE8F08F7B
:10B500000021204625F0F6FE4FF4805703E0013F6E
:10B51000BFB2AF4207D00121204625F0F7FE002838
:10B52000F5D0002FC7D0204625F0E0FEC4E7019BF0
:10B5300043F0800301937DE74FF480564FF6FF758B
:10B5400003E0013EB6B2AE4207D00221204625F00C
:10B55000DDFE0028F5D0002E97D00021204625F0F2
:10B56000C9FE4FF480564FF6FF7503E0013EB6B2B8
:10B57000AE4207D00121204625F0C8FE0028F5D0B4
:10B58000002E82D0204625F0B1FE7EE701992046AC
:10B5900025F0B0FE4FF480564FF6FF7503E0013EF4
:10B5A000B6B2AE4208D00121204625F0AFFE0028F9
:10B5B000F5D0002E3FF464AF204625F097FE5FE7FC
:10B5C000012AB4D941F0C003019333E7D0860020AB
:10B5D000F7000020D80E0120907A03082DE9F04FE3
:10B5E000DFF840B1DFF840A185B08046029389467C
:10B5F000DBF80030009300211746FFF7A5FD4FEA66
:10B60000081304461AF80320039301922AB103F1A8
:10B6100008005044002111F01FFB4FF480564FF6F4
:10B62000FF7503E0013EB6B2AE4260D00221204673
:10B6300025F06CFE0028F5D0002E58D1EFB1029E07
:10B64000CDF8088037444FF6FF7516F8019B4FF48C
:10B65000805805E008F1FF381FFA88F8A8452CD07B
:10B660000221204625F052FE0028F3D0B8F1000F49
:10B6700023D1B742E9D1DDF80880019B43B103989B
:10B6800008305044012111F0E7FA012005F0C0FE16
:10B69000DBF80000009B984207D0214B08EB4808DC
:10B6A00003EB88039A6801329A60009BC01AB0FAD3
:10B6B00080F0400905B0BDE8F08F4946204625F0EE
:10B6C00019FE4FF4805905E009F1FF391FFA89F995
:10B6D000A94508D00121204625F018FE0028F3D006
:10B6E000B9F1000FC5D0204625F000FEC1E749465C
:10B6F000204625F0FFFD4FF480564FF6FF7503E01E
:10B70000013EB6B2AE4207D00121204625F0FEFD33
:10B710000028F5D0002E91D0204625F0E7FD8DE7DA
:10B72000D80E0120D0860020907A030810B53D4A3B
:10B730003D4B3E49D3ED007A91ED000A3C4B3D4C28
:10B740003D483E4993ED007A90ED006A3C4B3D4800
:10B750002DED048B92ED008A3B4A94ED009AD2EDD8
:10B76000005A3A4AD1ED008AD2ED006A384C394984
:10B77000394A78EE670A38EE278A30EE250AD3ED8B
:10B78000007A364B70EEC70A38EE478A39EE069AD1
:10B7900078EEE68A70EEA70A38EE678A30EE000A85
:10B7A00078EEA88A39EE099A84ED008A80ED009A35
:10B7B000C1ED008A82ED000AC3ED000A26F018F8F8
:10B7C000DFED277A274CF4EEE78AF1EE10FA84EDEC
:10B7D000010A24D49FED240AF4EEC08AF1EE10FA97
:10B7E000D8BFB0EE680A25F0D7FF204B1B78F1EEEA
:10B7F000407A012BC4ED007A06D11D4BD3ED007ABF
:10B8000077EEC07AC4ED007AF0EE480AB0EE490A4D
:10B8100025F0EEFFBDEC048B84ED020A10BDB0EE06
:10B82000670AE0E7A88F0020988F0020A48F0020EF
:10B830008C8F0020948F00209C8F0020908F002000
:10B84000848F00207C8F0020888F0020A08F002014
:10B85000808F0020788F0020748F0020708F002050
:10B86000EFFF7FBFD8FC0020EFFF7F3FA90E012034
:10B870008CB80020F8B53F4C3F4F404E404D2DED69
:10B88000068B94ED028AF6EE009A28EE298AB0EE35
:10B89000480A26F0BBF8B0EE409AB0EE480A26F00F
:10B8A000F5F8D4ED018A68EEA98AB0EE408AB0EED0
:10B8B000680A26F0ABF8F0EE40AAB0EE680A26F06F
:10B8C000E5F894ED00AA2F4C2AEE29AAF0EE408A62
:10B8D000B0EE4A0A26F09AF8F0EE409AB0EE4A0A24
:10B8E00026F0D4F828EE2A5A28EE288A20EE456A57
:10B8F00069EE288A68EE005AA8EEA96A29EE2A9A0B
:10B9000066EE066AE9EE295A68EE297AE5EEA56A3E
:10B91000E9EE007A20EE687AB0EE660AA5EE297AA2
:10B92000A7EEA70A86ED006AA7EE070AC5ED007A22
:10B9300084ED007AC7ED005AFFF718F9BDEC068BCD
:10B9400097ED006AD6ED006A95ED007AD4ED007AA5
:10B9500026EE006A66EE806A27EE007A67EE807A4D
:10B9600087ED006AC6ED006A85ED007AC4ED007AC5
:10B97000F8BD00BFD8FC0020B88F0020B48F002095
:10B98000B08F0020AC8F0020394B3A4AD3ED004AEB
:10B99000DFF8FCC0384BD2ED005A93ED002A9CED45
:10B9A000006A91ED013A354A354BD1ED022A74EE29
:10B9B000866A75EEC27AB7EE005AB0EE004AF0EE33
:10B9C000453AE6EEC43A37EEA77AD2ED006AD1EDF9
:10B9D000007A2C4A27EE037A93ED003A2A4BA3EE25
:10B9E000A77A76EE837AD3ED003A284B77EEA77AE2
:10B9F00074EEA34AA7EEA27A76EE237AB0EE456AF9
:10BA0000A7EEC46AD3ED002AD2ED007A80ED007A69
:10BA1000D1ED011A35EE827A26EE216A91ED002AE7
:10BA200037EE077A77EEE25AA7EE026A75EEA55A6C
:10BA300091ED027AA5EE876A77EEA27A80ED016A2F
:10BA400036EEC37A91ED016AD1ED006A77EEA77AFE
:10BA500037EE077A67EE867AA4EEC45AE7EE267AC6
:10BA600091ED027AE5EE077AC0ED027A704700BFE9
:10BA70008C8F0020948F00209C8F0020908F0020BE
:10BA8000A08F0020888F0020988F0020A48F002096
:10BA9000848F00200A480B4990ED007A0A4A0B4B2C
:10BAA000D1ED007AD2ED006A67EEC77A93ED007AA5
:10BAB000E6EE877A77EEA77A27EE800A704700BF16
:10BAC000B48F0020AC8F0020B88F0020B08F0020F2
:10BAD000094A0A4BD2ED007A93ED007A084B77EED3
:10BAE000C77A93ED007A074B77EEC77A93ED000A99
:10BAF00037EE800A704700BFA88F0020988F002083
:10BB00008C8F0020848F002008B5114B16211878E7
:10BB100018F072FE0F4A104B52789FED100A520730
:10BB200083ED010A83ED000A05D583ED020ABDE825
:10BB30000840FFF79FBE23F075FC074B084A82EDD3
:10BB4000000A83ED020ABDE80840FFF793BE00BF7C
:10BB50006810012034FD0020D8FC00200000000007
:10BB6000543D012070B56C4B6C4C93ED027AD4EDD2
:10BB7000007AE7EE007A2DED028BB0EE670A82B014
:10BB8000C4ED007AFFF772F8654A664BD2ED007A91
:10BB900093ED007A644A654B6549D3ED006A654BC5
:10BBA00077EE877AB0EE408A92ED007A91ED000A46
:10BBB000D3ED000A84ED008A77EEE67A30EE070ACC
:10BBC0005D4C77EEE00A30EE000A25F011FE637A54
:10BBD0005A4ADB09F0EE407A82ED020A1BD1584B3B
:10BBE000584D93ED000A37EEC00AFFF73FF8564B69
:10BBF000D5ED007A83ED000A30EE670AFFF736F8DC
:10BC0000637A524A23F0800382ED000A637202B025
:10BC1000BDEC028B70BD63785B0771D54C4B494D11
:10BC200093ED250A95ED007A4A4E30EE070A30EE84
:10BC3000670AFFF71BF89FED487A20EE078AF6EEB9
:10BC4000007A28EE278AB0EE480A25F0DFFE8DED57
:10BC5000010AB0EE480A25F019FF404B9DED017A2C
:10BC6000D3ED007A96ED005A3D483E49D0ED005A9A
:10BC700020EE676A67EE877AA5EE076AE5EE007A3E
:10BC800091ED005AC3ED007A60EE656A25EE000A78
:10BC9000E5EE076AA5EE870AC1ED006A20EE007A9C
:10BCA00080ED000AA6EE067A86ED006AB0EE470A3D
:10BCB000A6EEA60AA7EEA70AFEF758FF28482949CC
:10BCC000264B1E4AD6ED005A90ED006AD1ED006A6F
:10BCD00093ED007AD2ED027A194A65EE805A26EE8B
:10BCE000006A66EE806A27EE007AC6ED005A92ED91
:10BCF000000A80ED006AC1ED006A83ED007A72E708
:10BD000038EE400AFEF7B2FF0D4B0C4A0D4DD2ED56
:10BD1000027A83ED000A66E7F0FC0020548F0020D1
:10BD2000A88F0020988F00209C8F00208C8F0020EF
:10BD3000948F0020848F002034FD0020D8FC002048
:10BD4000D4860020603D0120583D0120503D012057
:10BD5000B0280120B88F00200AD7A33CAC8F002068
:10BD6000B48F0020B08F002062EE026A2DE9F04708
:10BD7000E1EEA16ADFF808A3A84B9AED007ADFEDA7
:10BD8000A85ADFF8009393ED006ADFF8FC82A54B18
:10BD9000A54CA64EA64FA74DE2EEA26A2DED108B44
:10BDA000F1EEE6EA82B0F7EE007A99ED008A98EDBE
:10BDB00000AAD4ED00AACDED003AEEEEE57A67EEEA
:10BDC00007DA27EE08BAC3ED00DA9B4B8DED014A86
:10BDD00083ED00BA27EE0AEA984BC5ED00EAF0EED3
:10BDE000408A27EE860A83ED00EA27EE2A7A944BF2
:10BDF00020EE000AFEEE007A83ED007A20EE270A9C
:10BE0000904B68EE087AB6EE00FAC3ED007A68EE61
:10BE10000A7A8D4BC6ED007A28EE2A8A6AEE0A7AF3
:10BE200083ED008A2AEE2AAA884BC7ED007A83EDBB
:10BE300000AA6AEEAAAA864BF0EE609A64EE8FBA68
:10BE4000B0EE42CAF0EE61CAB0EE62DAB0EE419AEC
:10BE5000F0EE43FAC3ED00AA25F0CCFCF5EEC0EA03
:10BE6000F1EE10FAF0EE400A40F3D380794B93EDF7
:10BE7000027AC7EE2E7A9FED787AF4EEC77AF1EE69
:10BE800010FA40F1BC80754B9FED751A93ED000AD6
:10BE9000FEF722FE714B95ED007A83ED000A714B9F
:10BEA0001A78714B052AD3ED006A704BF2EE0E7AC8
:10BEB00008BFF0EE407A83ED000A67EEA67A6C4B7D
:10BEC000B5EEC07AF1EE10FAC3ED007A2BDDF7EE95
:10BED000005AC5EE876A7DEEAADAB0EE006ABFEEC0
:10BEE000007AADEE867A2CEE26CA38EE4E8A3BEE0C
:10BEF0000ABA6CEEA6CA38EE088A3BEE0BBA2DEEF3
:10BF000026DA2CEE476A6DEE486AABEE0D6A2CEE2F
:10BF1000CBBAE7EE2C6AA8EE0CBAE7EE868AE7EE1B
:10BF2000A69AA7EE8B9A534B197ACD070AD5597862
:10BF3000480707D4D978C1F34000890702D4052AFD
:10BF400000F0A48098ED007A9AED006AD9ED006ABD
:10BF500094ED004A29EE2B9A68EEAB8A69EEAB9A13
:10BF600067EE094A29EEC75AE6EE284AA6EEE85AD5
:10BF7000E4EE694A69EE665AA4EE495AE6EE295A99
:10BF800066EEA97A76EEA46AE6EE097AE4EE285A1D
:10BF900036EE056A26EEA60AE7EE687AA6EE060AEF
:10BFA00037EE257A77EE847AA7EE070A8AED006AE3
:10BFB000A7EEA70AC9ED006A88ED007AC4ED007A01
:10BFC000FEF7D4FD9AED006AD9ED006A98ED007A8B
:10BFD000D4ED007A26EE006A66EE806A27EE007ADB
:10BFE00067EE807A8AED006AC9ED006A88ED007A12
:10BFF000C4ED007A02B0BDEC108BBDE8F0879FED78
:10C000001E7AF4EEC77AF1EE10FA02D560EE0F0A4E
:10C0100039E7DFED1A7A60EEA70A34E74400002022
:10C020007CD6D03DA88F0020AC8F0020948F0020BC
:10C030008C8F0020CC8F0020A48F0020A08F0020A8
:10C040009C8F0020988F0020908F0020888F0020E8
:10C05000848F0020FCFC0020333333BF28000020F5
:10C06000CDCCCC3D30FD0020480000206C8F00205E
:10C07000D08F002034FD00209A9999BE0000000066
:10C08000B88F0020B48F0020B08F00209DED008A73
:10C090001A7ADDED01CA5A4D28EE080A60F3000253
:10C0A000AFEEAF0A1A72B6EE00CAACEEAC0AFEF7FB
:10C0B0005DFDD5ED006AD7ED007A524B524A93ED03
:10C0C000004AD2ED004A96ED007A504B504A514951
:10C0D000514891ED006A90ED005A7CEE666A68EE78
:10C0E00000AA76EEE75A7CEE677A2FEE80BA2CEE45
:10C0F00080AA36EEC40A77EEC46A77EE647A20EE40
:10C100002A0A67EEAA7A37EE247AE6EE8B7AA7EE51
:10C110000B0AD2ED006AB0EE677AD3ED007A37EE03
:10C12000A68A77EEE64A28EE2A8A76EE457AA4EECB
:10C130008A0A36EE056AA7EE8B8AF0EE477AE6EEBB
:10C140000A7A30EE000A77EEA77A20EE000AA5EE12
:10C150008A8AA7EEA70AFEF709FDD5ED007AD7ED8A
:10C16000006A2C492C4891ED006A90ED005A254B4D
:10C17000254AD3ED004A92ED004A244B244AD6EDDD
:10C18000005A92ED007A7CEE677A38EE088A77EEF4
:10C19000E67A3CEE66CA67EE887A76EE456A36EE57
:10C1A000056A75EEC45AE6EE007A93ED006A1B4B01
:10C1B00037EE067A3CEE64CA66EE886A27EE087AA5
:10C1C000ECEE006AA5EE807A77EEA77A76EEA66AA4
:10C1D00037EE077A67EECB5A26EEEA6AEAEE265A7F
:10C1E00027EE4AAAABEE076AAAEEA7AAD3ED006A29
:10C1F000E6EEA59AA6EE869AEAEE268AA2E600BFA9
:10C20000988F0020848F00209C8F0020888F002032
:10C21000A48F0020908F0020A08F0020C88F0020C6
:10C22000174B1B78012B29D02DE9F041154C164FE7
:10C23000164E174D2DED028B04F10C08B0EE408A1E
:10C24000384694ED000AF0EE480AFEF769FCF0EE7D
:10C25000407A284696ED000AE4EC017AF0EE480AAE
:10C26000FEF75EFC444507F59A77A6EC010A05F552
:10C270009A75E5D1BDEC028BBDE8F081704700BF37
:10C2800018FD0020FCFC0020A88B0020F0FC002002
:10C290000C88002070B52DED028BAF4CA37A5B07A4
:10C2A00082B003D502B0BDEC028B70BDE3781E07EF
:10C2B000B0EE408A40F1D9800AF062FD6379DD0674
:10C2C00030D56378580704D4A44B1B78002B40F07A
:10C2D0002081237A9FEDA24A23F00103F0EE443A35
:10C2E000B0EE443A23729F4B9F4993ED021AD1ED71
:10C2F000022A91ED002AD1ED011AD3ED000A93ED47
:10C30000010AF0EE484AFFF72FFDFFF70FFA9649B2
:10C310009648FFF739FB2378590603D5E3781A07C7
:10C3200040F1FF80E3781B0740F1E180B0EE480A5E
:10C33000FFF718FC8E4BD3ED007AF4EE677AF1EE3E
:10C3400010FA40F0C2809FED8B7AF4EEC77AF1EEDE
:10C3500010FA00F3BA80DFED886AF4EEE67AF1EEC7
:10C3600010FA00F1B280854BD3ED007AF4EE677AD3
:10C37000F1EE10FA40F0A980F4EEC77AF1EE10FA6F
:10C3800000F3A380F4EEE67AF1EE10FA00F19D805E
:10C390007B4BD3ED007AF4EE677AF1EE10FA40F0C1
:10C3A0009480F4EEC77AF1EE10FA00F38E80F4EE8A
:10C3B000E67AF1EE10FA00F18880724BD3ED007A44
:10C3C000F4EE677AF1EE10FA7FD1F4EEC77AF1EE6F
:10C3D00010FAB0EE476A78DCF4EEE67AF1EE10FA85
:10C3E000F0EE665A71D4684BD3ED016AF4EE666ADA
:10C3F000F1EE10FA69D1F4EEC76AF1EE10FA64DCDE
:10C40000F4EEE56AF1EE10FA5FD493ED007AB4EE43
:10C41000477AF1EE10FA58D1B4EEC67AF1EE10FA7E
:10C4200053DCB4EEE57AF1EE10FA4ED4D3ED027A95
:10C43000F4EE677AF1EE10FA47D1F4EEC67AF1EE37
:10C4400010FA42DCF4EEE57AF1EE10FA3DD44F4BEF
:10C450004F48504AC3ED016A0124002183ED007A60
:10C46000C3ED027A047011801CE71FF095F90BF000
:10C4700065FD494B1B78012B24D03B4B474A394D76
:10C48000474E93ED000A01921046F0EE480A0093E1
:10C49000FEF746FB009BF0EE407AE3EC017A95ED67
:10C4A000000A00933046F0EE480AFEF739FB3D499A
:10C4B000009B019AA5EC010A8B4202F59A7206F5DF
:10C4C0009A76DED123F04AF8F8E6314B1B789BB917
:10C4D000354963790A882F4843F08003013263713C
:10C4E00001230A80038002B0BDEC028B70BDB0EE68
:10C4F000480A01F0DDFF19E7244A234B5068116810
:10C5000092689A6058601960FFF7B4F9FFF70EF966
:10C51000DEE7264B93ED003AD3ED013A93ED024A64
:10C52000E1E6D0ED010A90ED000AB0EE481A22F0E3
:10C53000B5FB1F4A1F4BD2E9000192ED027BC3E914
:10C54000000103F5A6611069586181ED007B516916
:10C5500003F244521160E5E634FD0020A40E0120F0
:10C5600000000000F0FC0020FCFC0020BC8F00203C
:10C57000B88F0020CAF24971CAF249F1B48F002085
:10C58000B08F0020AC8F0020D8FC00205C8F0020F2
:10C59000588F00206A8F002018FD0020A88B0020F3
:10C5A0000C88002008FD0020688F0020443D0120F9
:10C5B000302A0120889600202DE9F047414C424F57
:10C5C000D4ED000A97ED000ADFF83C9186B0FEF743
:10C5D00073FA3E4A3E4BD4ED000AF0EE407A92EDFB
:10C5E000000AC3ED007AFEF767FA3A4A3A49107832
:10C5F00009783A4B3A4A33F8103032F81120394969
:10C6000007EE902A06EE903A0B78374AB0EE407A61
:10C61000F8EE677AB8EE660A012B82ED007A89EDB2
:10C62000000AC7ED007A1ED0304C314E314DDFF894
:10C63000DC8004F5677A2046FEF754FA97ED000A8D
:10C640003046FEF74FFA04F59A7498ED000A284632
:10C65000FEF748FA544514D099ED000A06F59A768B
:10C6600005F52E75E7E7234CDFF8A08004F62805D2
:10C67000204698ED000A04F52E74FEF733FAAC421A
:10C68000F6D11D4C04F628051C4E0FCEEC46ACE846
:10C690000F0096E803006A468CE803002046062156
:10C6A00004F52E74FEF7B0F9A542EDD1144B1548F0
:10C6B0000022B6EE000A1A7006B0BDE8F047FEF799
:10C6C00011BA00BF2CFD00203C00002034000020E7
:10C6D000B4860020C0000020C1000020A06B030829
:10C6E000B06B030818FD0020B0860020A88B002046
:10C6F0000C880020F0BC0020DCBB0020245D030877
:10C70000448F0020D8860020400000202C0000200C
:10C7100091ED016AD2ED017AD1ED006A92ED007AD5
:10C72000D1ED025A67EEC67A92ED026AE6EE877A9A
:10C73000D1ED036A92ED037AE5EEC67AE6EEC77AAA
:10C74000C0ED007A92ED006AD1ED017AD1ED006A78
:10C7500092ED017AD1ED025A67EE867A92ED036A84
:10C76000E6EE877AD1ED036A92ED027AE5EE867AFB
:10C77000E6EEC77AC0ED017A91ED016AD2ED037A57
:10C78000D1ED006A92ED027AD1ED025A67EEC67AD7
:10C7900092ED006AE6EE877AD1ED036A92ED017AB6
:10C7A000E5EE867AE6EE877AC0ED027AD1ED017A7F
:10C7B00092ED026AD1ED006A92ED037AD1ED025A50
:10C7C00067EE867A92ED016AE6EE877AD1ED036A2A
:10C7D00092ED007AE5EEC67AE6EE877AC0ED037A4E
:10C7E000704700BF344B91ED017AD3ED007A334BA3
:10C7F000D1ED006AD3ED004A314B27EE877A93EDF5
:10C80000005A304BA4EEA67AD1ED026AD3ED005A5D
:10C81000A5EE267AD1ED036AA5EEA67A80ED007A20
:10C8200091ED006AD1ED016A91ED034A27EEC66AE7
:10C83000B5EEC07AA4EEA66AD1ED026AA5EE446A0E
:10C84000F1EE10FAA5EEA66A80ED016AD1ED036A59
:10C8500091ED024AD1ED003A67EEA66AE4EE846AF1
:10C8600091ED014AE5EE636AE5EEC46AC0ED026A45
:10C8700091ED024AD1ED033A67EEC47A91ED014A97
:10C88000E4EEA37AD1ED004AE5EE047AE5EEE47A2F
:10C89000C0ED037A0FD5B1EE477AB1EE466AF1EEFC
:10C8A000666AF1EE677A80ED007A80ED016AC0ED8C
:10C8B000026AC0ED037A7047B48F0020B88F002061
:10C8C000B08F0020AC8F002010B52DED068BF6EE5A
:10C8D000009A21EE298AF0EE408AB0EE480A04461A
:10C8E000B0EE60AA25F092F8B0EE409AB0EE480A99
:10C8F00025F0CCF868EEA98AB0EE408AB0EE680A5E
:10C9000025F084F8F0EE40AAB0EE680A25F0BEF8F3
:10C910002AEE29AAF0EE408AB0EE4A0A25F076F80F
:10C92000F0EE409AB0EE4A0A25F0B0F828EE2A5A06
:10C9300028EE288A20EE456A69EE288A68EE005AB9
:10C94000A8EEA96A29EE2A9A66EE066AE9EE295A45
:10C9500068EE297AE5EEA56AE9EE007A20EE687ABB
:10C96000B0EE660AA5EE297AA7EEA70A84ED016A61
:10C97000A7EE070AC4ED027A84ED037AC4ED005AEB
:10C98000FEF7F4F8BDEC068B94ED006AD4ED016A75
:10C9900094ED027AD4ED037A26EE006A66EE806AA0
:10C9A00027EE007A67EE807A84ED006AC4ED016AB2
:10C9B00084ED027AC4ED037A10BD00BF114B1B78E1
:10C9C000EBB1114A137883421AD010B582B0002817
:10C9D00040F6FF710CBF0C461924019045F25550EA
:10C9E00024F06CFA204624F075FA24F079FA019BC1
:10C9F000054A137002B0BDE8104024F071BA7047C8
:10CA000024F06EBAD68F0020D48F002010B545F2E6
:10CA1000555082B024F052FA042024F055FA45F221
:10CA2000555024F04BFA40F6FF7024F053FA24F0EE
:10CA300057FA24F05DFA174B002401201C7024F0F3
:10CA40001DFB154B15491A78154B032A4FF00100B1
:10CA50000CBF0246224608701A7004D0114A002307
:10CA6000138002B010BD204624F0C4F84AF2785179
:10CA70000C4A0192B1EB104F18BF002010802146E4
:10CA8000204624F0A7F8064B019A1B78002BE6D02D
:10CA900002B010BDD48F0020F9200120D68F0020D5
:10CAA000D58F0020D88F0020024B1B7803B9704728
:10CAB00024F016BAD68F0020054B1B7803B97047B7
:10CAC00040F0254141F4F001002024F083B800BF7C
:10CAD000D68F0020204901EB8013D3ED087AF5EEC4
:10CAE000407A00224FF0000CF1EE10FA1A615A6100
:10CAF000C3F82CC083F830C05A639A6383F83CC0F3
:10CB0000C3ED007AC3ED037A5A609A6008D4B1EE9F
:10CB1000E77A01EB801183ED097A81ED0A7A70479B
:10CB200000B5B0EE670A85B0CDE90230CDED017AEF
:10CB300024F044FF029BB0EE407A9DED010A83EDA4
:10CB4000097A24F03BFF0398034901EB801181ED42
:10CB50000A0A05B000BD00BFDC8F0020F0B5384CDC
:10CB6000384D394F394EA1B001202566A765E665DD
:10CB7000FFF7B0FF0220C4F8A050C4F89870C4F8C2
:10CB80009C60FFF7A7FF324B324D3348C4F8C050CA
:10CB9000002119706A4680210EF03CFD2F4B009A4F
:10CBA0009A424BD1DDED0A6A9DED0B7ADDED055A17
:10CBB0009DED066A089A039B04980999DDED0F7AAA
:10CBC000226166EEA64A0D9A616127EE075A65EE6C
:10CBD000A53A26EE064A07992365C4F89020022359
:10CBE0000E9A60650C98C4F89420C4ED096A119AF5
:10CBF00084ED0A7AC4ED195AE06284ED1A6AE1669E
:10CC0000C4ED103A84ED134A84F87030C4ED004A44
:10CC100084ED035A84F83030C4ED297A9DED107A02
:10CC2000C4F8AC2067EEA77A67EE076A84ED2A7A2B
:10CC3000C4ED207AC4ED236A84F8B03021B0F0BD91
:10CC4000DC8F0020CDCCCC3D95BFD633CD024C350A
:10CC5000DA8F00206F12033B000006084944454E5E
:10CC6000D54AD64B127883ED300A052A00D070479A
:10CC7000D34A1278032AFAD010B5D248D24A93F890
:10CC80007C100068D2ED017A84B0002900F0A08009
:10CC900093ED1D7AB5EEC07AF1EE10FA00F1BC8189
:10CCA000DFEDCA6AB4EEE67AF1EE10FACCBF0121EC
:10CCB0000021002900F08C80D3ED1E6A37EEE66A71
:10CCC000B5EEC06AF1EE10FA00F19C81DFEDC05ABA
:10CCD000B4EEE56AF1EE10FACCBF01210021002983
:10CCE00076D0D3ED135AD3ED111A93ED122A93EDAA
:10CCF000101AD3ED170A93ED154AD3ED143A25EE29
:10CD0000873A61EE872AA2EE263AE1EE262A23EE42
:10CD1000075A24EE076AA2EEA65AA3EEA66A35EEDB
:10CD2000205A37EEC66A82EE850AC3EE052AB7EEB0
:10CD3000003AB7EE005AA0EE663AA2EEC75A20EECD
:10CD4000077AE0EE063A62EEA66A22EE470AA2EE03
:10CD5000864AA3EE010A26EEE16AD3ED160AC3ED78
:10CD6000143AA5EE856A66EEC16A65EEC75A30EEE2
:10CD7000200AE2EE056AE3EE215A36EE206AB5EEAD
:10CD8000400AF1EE10FAC3ED126A83ED154A58BF5E
:10CD9000F1EEC06A83ED100AC3ED115A83ED136AF8
:10CDA00000F17B81B5EE406AF1EE10FAC3ED196A2D
:10CDB00058BFF1EEC66A00F16181D96E854C013130
:10CDC0004FF0010CD96684F800C0C3ED1A6A00E088
:10CDD000D96E58674FF0010CC829C3ED1E7A83F84D
:10CDE0007CC000F2AD80002940F0BE807A4993F803
:10CDF000BC00096892ED027A002800F0B980D3EDFA
:10CE00002D7AF5EEC07AF1EE10FA00F10F81DFED28
:10CE10006F6AF4EEE67AF1EE10FACCBF012200223E
:10CE2000002A00F0A580D3ED2E6A37EE666AB5EED3
:10CE3000C06AF1EE10FA00F1DB80DFED655AB4EE66
:10CE4000E56AF1EE10FACCBF01220022002A00F0C0
:10CE50008F8093ED231A93ED212AD3ED222AD3ED6F
:10CE6000201AD3ED270AD3ED254A93ED244A67EE25
:10CE7000813A27EE823AE6EEA23AA6EEA13A67EEB2
:10CE8000A35A27EEA46AE6EE835AA6EE846A75EEEC
:10CE9000A05A37EE466A83EE250A83EEA53AF7EEEE
:10CEA000003AF7EE005AE6EEC03AE7EEC35A67EEF4
:10CEB000807AA6EE004A66EE836A27EEE20AE6EE84
:10CEC000034AA1EEA30A26EEC26AD3ED260A83ED39
:10CED000244AA1EE256A67EEC17A66EEE16A30EE79
:10CEE000200AE2EE237AE2EEA56A36EE206AB5EE7B
:10CEF000400AF1EE10FAC3ED254A83ED200AC3ED96
:10CF0000217AC3ED226A83ED236A00F1A780F1EE56
:10CF1000C07AB5EE406AF1EE10FAC3ED297A00F15D
:10CF20008F80F1EEC67AD3F8AC202A4801324FF058
:10CF3000010C80F800C0C3F8AC20C3ED2A7A19E0D8
:10CF4000DFED267A93ED197AB4EEE77AF1EE10FA76
:10CF50000AD593ED1A7AB4EEE77AF1EE10FA03D51A
:10CF6000022183F8701041E7012183F870103DE73A
:10CF7000D3F8AC20C3F8B4100120C82A83ED2E7A70
:10CF800083F8BC0014D9DFED157A93ED297AB4EE5D
:10CF9000E77AF1EE10FA06D593ED2A7AB4EEE77A45
:10CFA000F1EE10FA20D4012283F8B02004B010BDB5
:10CFB000002AFBD0F7E700BF30FD0020DC8F002007
:10CFC000A90E0120E4C00020F0FC0020CDCCCC3D17
:10CFD000CDCC4C3DDA8F00209CC300200AD7233CE7
:10CFE000CDCC4CBDCDCCCCBD022283F8B020DDE74A
:10CFF0005FED055AB4EEE56AF1EE10FA4CBF01227E
:10D00000002223E75FED0A5AB4EEE56AF1EE10FA6A
:10D010004CBF0121002162E65FED0E6AB4EEE67AB4
:10D02000F1EE10FA4CBF0121002142E65FED136AD8
:10D03000F4EEE67AF1EE10FA4CBF01220022EFE6A0
:10D04000B0EE460A8DED027A019124F0B7FC1B4B3D
:10D050009DED027A0199F0EE407A64E78DED036A66
:10D060008DED027A019124F0A9FC144B9DED036A29
:10D070009DED027A0199F0EE407A4AE7B0EE460A59
:10D080000290CDED017A24F099FCDDED017A029851
:10D090000B4A0A4BF0EE406A8FE68DED036A029070
:10D0A000CDED017A24F08AFCDDED017A02989DED48
:10D0B000036A034A014BF0EE406A73E6DC8F0020FE
:10D0C000F0FC002010B5204C2378A2B0002B39D002
:10D0D0001E4B1F491A6D0291012103910592596D52
:10D0E0005A6ED3F8C0000490CDE90612D3E91A12A3
:10D0F000CDE90812D3E90412CDE90A12D3E90912E5
:10D10000CDE90C12D96AD3F89020CDE90E12D3F8EC
:10D110009410D3F8A420CDE91012D3F8A8201292CD
:10D120000021D3F8AC301393382214A828F04CFD1A
:10D1300002A980230091074A382101200EF0B6FA97
:10D140000023237022B010BDDA8F0020DC8F002076
:10D150004944454E00000608154A164B1648D2EDC4
:10D16000006A93ED017AD0ED007A144992ED016ADC
:10D17000134AE6EE877A93ED007AD1ED006A114BFF
:10D18000E6EE076A92ED007A93ED085AD3ED095A5C
:10D190000D4B77EE877AB6EE007AB0EE476AA5EED1
:10D1A000266AA5EEA77A83ED086A83ED097A7047AF
:10D1B000D8FC0020F0850020CCB800207C010120A4
:10D1C000F8AF0020B49000205C860020BE4B1B7896
:10D1D000002B40F09780BD4ABD48BE49D2ED007A91
:10D1E00091ED007AD0ED005ABB4BBC4993ED006A3B
:10D1F0000978BB4867EE876A67EEA57AE6EE256A8E
:10D200000529E6EE477AC3ED006A90ED007AC2ED9B
:10D21000007A00F0F180B34B5B7A5B0720D5DFED3D
:10D22000B25AB24BB7EE006A77EE655A36EE476AED
:10D2300093ED005AAE4BF4EEC65AF1EE10FAD8BF99
:10D24000B0EE656A26EE056A93ED005AF1EE465A95
:10D25000F4EEC55AF1EE10FA40F3E380C3ED005A44
:10D26000A44B1B78152B3BD8DFE813F08C01A901E8
:10D270001600A800A800A800A800F200F2006401AF
:10D2800064013A003A003A003A003A003A003A00A3
:10D290003A003A00A800A800954B974A974992EDAA
:10D2A000056A93ED004AD1ED005A954BB7EE005A4E
:10D2B00026EE046A75EE654A75EE855AB0EE465A5A
:10D2C000A4EEA75A94EEA76AE5EEA76AF1EE455AD6
:10D2D000F1EE467AC3ED026AC3ED005AC3ED017A5E
:10D2E000884B196851B1864A0023D2ED007A013388
:10D2F00077EE877A9942E2EC017AF6D1824B83EDA0
:10D30000007A7047013B012B00D97047754AD378EA
:10D310009807C3F3400140F19080714BD3ED007A40
:10D32000D3789B071ED4694B93ED007AB5EEC07A93
:10D33000F1EE10FA01D5B1EE477A744BD3ED006AE5
:10D34000E6EE877AF5EEC07AF1EE10FA00F172811E
:10D350006F4B93ED007AF4EEC77AF1EE10FAC8BF86
:10D36000F0EE477AF5EEC07AF1EE10FA00F1568150
:10D37000B7EE007AF4EEC77AF1EE10FACCBF0121D5
:10D380000021B7EE007A002918BFF0EE477A614A13
:10D39000574BD2ED006A93ED007A5B4A584BF0EEA2
:10D3A000675AB0EE676AE6EE875AA6EEC76AC3ED23
:10D3B000005AC2ED007A83ED016A70474C4A564B21
:10D3C00092ED006A93ED005A4D4B26EE056AF1EEA0
:10D3D000665A36EE675A75EEC65A76EEC66A76EE2D
:10D3E000277A82ED006AC3ED015AC3ED026A83ED2C
:10D3F000005AC3ED037A73E7484B494AD3ED005A0C
:10D4000092ED006A474B37EE066A93ED007A354B92
:10D410005B7A26EE256A5B0726EE077A7FF520AF5A
:10D42000FDE6B4EEC65AF1EE10FAD4BFF0EE455A5E
:10D43000F0EE465AC3ED005A12E73B4B1B78002B27
:10D4400000F0EF80D378DFED397A9A0799D46AE754
:10D45000274A314B9FED366AD2ED005A66EE866A56
:10D4600093ED006A264B25EE866AB6EE005AB0EEC2
:10D47000664AF0EE664AF0EE665A97EEC54AD7EE77
:10D48000855AE7EEC54AE7EE856AB0EE463AF0EE19
:10D49000463AA7EEC53AD7EE853A34EE464A34EE20
:10D4A000C65A75EE865A76EE867A82ED006A83ED6C
:10D4B000003A83ED014A83ED025AC3ED035AC3EDEE
:10D4C000047AC3ED053A0BE7A90E0120008600207F
:10D4D0004C000020AC9000200486002030FD00208D
:10D4E000A8B8002034FD0020CDCC4C3DE800002041
:10D4F000FC850020F5000020B4900020A4900020BE
:10D500005C86002004000020A890002094B8002031
:10D5100088B800207001012008000020A000002031
:10D52000C0B80020A4000020583E012000000000E8
:10D530003BCD133F414A424B92ED006A93ED005AB6
:10D54000404B26EE056AF1EE665A76EE674A75EEB6
:10D55000C65A76EEC66A76EE277AB6EE005A65EEC1
:10D56000855A66EE856A64EE854A67EE857A82EDB5
:10D57000006AC3ED015AC3ED026AC3ED004AC3ED70
:10D58000037AADE6304B9FED315AD3ED004A2D4B77
:10D59000B7EE006A74EE865A36EE646A65EEA75AF4
:10D5A00067EEC67AF0EE654AE6EEC54AE6EE855AC3
:10D5B000C3ED014AC3ED025AC3ED007A90E69FED38
:10D5C000236A1E4BB0EE675AF0EE675AA6EEC65AB3
:10D5D000E6EE865A93ED006ADFED1D6A194BF0EE18
:10D5E000673AB0EE454AF0EE654AD6EE263AA6EE28
:10D5F000264AE6EE264AD6EE667AA6EE665AE6EEAB
:10D60000665AC3ED003A83ED014AC3ED024AC3ED09
:10D61000037A83ED045AC3ED055A61E6DFED0D7A16
:10D62000B5E60D490D4BD1ED007A93ED007A77EE1A
:10D63000877A75E6DFED077A0021A2E6FC850020F7
:10D64000080000205C860020A490002036CD933F87
:10D65000DAAC2A3F00000000A8B80020C0B80020C3
:10D66000B54B1B78152B17D8DFE813F0BB0016005D
:10D6700016001600160016001600160016001600FA
:10D680001600C900F60024018A01D90194023A0269
:10D690001C03F20257034300A84AA94BA948AA4910
:10D6A00090ED005A90ED016AA848D1ED015AD0EDF5
:10D6B000007ADFF8C8C291ED007ADCED006AA44977
:10D6C000E5EE257AE6EE076A91ED007A92ED085ACA
:10D6D000D2ED095A77EE877AB6EE007AB0EE476A55
:10D6E000A6EE856AA7EEA57A83ED086A83ED097A2E
:10D6F00070479849984ACB78D2ED007A9A0704D4BB
:10D70000964B93ED007A77EE877AF5EEC07AF1EEDC
:10D7100010FA00F1A283B7EE007AF4EEC77AF1EEC8
:10D7200010FAD8BFB0EE677A8D488E4B834ADFF887
:10D7300044C2D0ED002A1B788B4892ED043ADCED10
:10D74000006AD0ED007A002B00F08D83CB789B0728
:10D7500000F17484F5EEC02AF1EE10FA00F17F8436
:10D76000B0EE625A814B93ED006AF0EE665AE6EE37
:10D77000055A734B63EE266AB0EE675A92ED056A5E
:10D7800092ED022AA5EE835AF0EE673AE5EEC33A2F
:10D79000B0EE664AA6EE674AD6EE676AF6EE007A03
:10D7A000D2ED035AF0EE674AE2EE054AB0EE675A50
:10D7B000A5EEA35AF0EE675AE4EE035AE6EE267A97
:10D7C00077EE226A37EE627AC3ED024A83ED035A9E
:10D7D000C3ED016A83ED007AC3ED045AC3ED057A07
:10D7E0005CE7614B554A93ED007AD2ED046A544BE5
:10D7F000F6EE007AE6EE877AC3ED047A4EE7554BF3
:10D800005949DB784D4A564891ED007A92ED054A28
:10D81000D0ED006A990704D4554BD3ED007AA7EEFA
:10D82000A67A544BF6EE007AD2ED024A92ED045AF3
:10D83000D3ED005A424BB0EE676AA4EE076AB0EE31
:10D84000677AA4EEA67AE5EE257A83ED056A83ED84
:10D85000027AC3ED047A21E7464A434BD2ED007ABF
:10D86000D3ED006A354A364BD2ED033A92ED024AC7
:10D870003B4993ED016A91ED005AF1EE675A37EE9C
:10D88000A67A75EEE65AF6EE007AF0EE674AE3EE17
:10D89000874AD3ED006AC3ED034AE4EE257A36EEFB
:10D8A000456A36EE857A83ED016A83ED007AC3ED31
:10D8B000027AF3E6274B214ADB7829482D4992ED7D
:10D8C000046AD0ED007A91ED007A9B070CD4F5EE56
:10D8D000C07AF1EE10FA00F1BC83F0EE675A234BE8
:10D8E000D3ED006AA6EEA57A1F4BF0EE676AE6EE6E
:10D8F000076AE6EE477A93ED007A92ED025AD2ED8E
:10D90000035A1D4B76EE876A77EE877AB6EE007A79
:10D91000B0EE476AA5EE266AA5EEA77AD3ED006AB7
:10D92000D2ED067A064B67EEA67A83ED026A83EDA6
:10D93000037AC3ED067AB1E6F5000020B49000202A
:10D940005C860020D8FC0020F0850020CCB80020A8
:10D95000F8AF002034FD0020A8B80020C0B8002097
:10D9600004860020A0900020FC8500209CB80020A8
:10D9700080B8002000860020F88500207C0101206E
:10D98000BD49BE48CB78BE4ADFF810C3D0ED006A6F
:10D9900092ED056ADCED007A980704D4B94B93ED5B
:10D9A000007AE7EE276AC978B74BB848B6EE007A36
:10D9B000A6EE667A890783ED057AD2ED046A90EDCA
:10D9C000007A0CD4F5EEC07AF1EE10FA00F144833F
:10D9D000F0EE675AAE4991ED006AA6EE257AAD49A0
:10D9E000F0EE675AE6EE875AE6EEC77A92ED025AF3
:10D9F000D2ED036AB6EE007AB0EE476AA5EE256A6C
:10DA0000A6EEA77AD2ED067AD1ED006A83ED026A1E
:10DA100067EEA67A83ED037AC3ED067A3EE6964971
:10DA2000974ACB78DFF874C29448D2ED055ADCED02
:10DA3000007AD0ED006A9B0704D4924B93ED007AF4
:10DA4000E7EE276AC878904BB6EE007AB0EE476AE8
:10DA5000A5EEA66A8007D2ED035A83ED056A92ED22
:10DA6000046A92ED025AF1EE674A00F1DF818A48BA
:10DA7000F5EEC07A90ED004AF7EE006AF1EE10FA8A
:10DA800076EEC46A40F3C28266EEA76AB6EE007A0A
:10DA9000F0EE474AE6EE854AC978A5EEA77A8807F0
:10DAA000C3ED024A83ED037A00F1C18278487749D9
:10DAB000D0ED006A91ED007AA6EEA77A754992ED55
:10DAC000065AD1ED005AF6EE007AF0EE676AE7EEFC
:10DAD000066AE5EE257AC3ED046AC3ED067ADDE554
:10DAE0006E4B6549D3ED007ACB78654A9807D2ED45
:10DAF000036A92ED026AB1EE675A00F17D81664BCE
:10DB0000F5EEC07AD3ED005AB7EE007AF1EE10FAD6
:10DB100037EE657A40F3078227EE877AF6EE005AF1
:10DB2000B0EE655AA7EE065AC978574BE7EEA65AEB
:10DB3000890783ED025AC3ED035A00F10982544864
:10DB4000524990ED007A91ED006AA7EE276A51489C
:10DB50004A4992ED047AD2ED055A92ED065AF6EE54
:10DB6000007AF0EE676AE7EE066AB0EE677AA5EE35
:10DB7000C67AD0ED005A91ED006AE5EE257A76EE90
:10DB8000C66A37EE467AC3ED046A83ED057AC3EDC3
:10DB9000067A83E538493A4ACB78DFF800C137483E
:10DBA00092ED056A9CED007AD0ED006A9B0704D4E3
:10DBB000344BD3ED007AE7EE876AC878324BF6EE45
:10DBC000007AE6EE267A8007B1EE475AC3ED057A71
:10DBD00040F10081F0EE456AF0EE475A2D48D2ED53
:10DBE000067AD0ED004A9FED2E6A92ED034AC9787D
:10DBF000264867EEE47AD2ED024A67EE867A890714
:10DC0000B0EE676A94EE666AE4EEA57AF6EE005A24
:10DC100076EE256A77EEA57AC3ED036AC3ED027A44
:10DC200092ED046AD0ED006A0BD4B5EEC07AF1EE45
:10DC300010FA01D4B0EE475A1549D1ED007AE7EE5B
:10DC4000856AF6EE007AE6EE267AC3ED047A25E5DB
:10DC50000D4B0B4A114992ED026AD1ED006A93ED2A
:10DC6000007AD3ED017AA6EE267AE6EE667A83EDA7
:10DC7000007AC3ED017A11E534FD0020FC85002017
:10DC8000B490002080B800205C8600200086002030
:10DC90009CB80020F885002098B800200486002059
:10DCA0009A99993ECA4ACB49CB4BD1ED006AD2ED45
:10DCB000027A93ED007A92ED056AC849C84BC9789B
:10DCC000C84892ED045AA7EEA67A8907F6EE007AC4
:10DCD000E6EE077AC3ED057A90ED007A0BD4F5EE07
:10DCE000C06AF1EE10FA01D5F1EE666ABE49D1EDD7
:10DCF000007AA7EEA67ABD49D2ED065A91ED006AE8
:10DD0000F6EE007AF0EE676AE5EE076AE5EE867AEF
:10DD1000C3ED046AC3ED067AC0E4B049B44ACB78D7
:10DD2000D2ED007A980704D4B24B93ED007A77EEE7
:10DD3000877AF5EEC07AF1EE10FA00F19180F7EEF5
:10DD4000006AF4EEE67AF1EE10FAD8BFF0EE676AF8
:10DD5000DFF884C2A848A94B9D4A9CED007AD0ED1B
:10DD6000007ADFF870C29F481B789CED006AD2ED04
:10DD7000044A92ED055AD0ED005A67EE277A002B3F
:10DD800000F0EA8064EEA56AB6EE007AB0EE663A7C
:10DD9000A5EE673A924BD5EE676AF0EE473AE3EEAE
:10DDA000243AA6EE857AB1EE464A74EE676A36EEFC
:10DDB000676A37EEE55A77EEA57AC3ED043A83ED4C
:10DDC000057AC3ED016A83ED026A83ED005AC3ED63
:10DDD000037A63E48A48B5EEC07AD0ED007AF7EEB4
:10DDE000006AF1EE10FA76EEE76A40F32B8166EEF8
:10DDF000875AF0EE456AF1E6B6EE007AF0EE475A41
:10DE0000E7EE865AC978764BA7EEA67A8807C3ED67
:10DE1000025A83ED037A00F19B80F5EEC07AF1EEB1
:10DE200010FA7FF58CAEF0EE457A88E6F0EE476AA0
:10DE3000E5EE276AC978A5EEA77A8907C3ED026ADD
:10DE400083ED037A00F1F380F5EEC07AF1EE10FA7B
:10DE50007FF52CAEF0EE647A28E69FED6A7A63E4F3
:10DE6000DFED686A74E7CB78980700F1E480F5EE9F
:10DE7000C02AF1EE10FA00F1FC80B0EE625A5A4B63
:10DE8000D3ED005AB0EE666AA5EE856AC978544BA8
:10DE900092ED035AD2ED023AB0EE624AF0EE625AC7
:10DEA000E6EE435A8907A6EE034AB6EE006AF0EEA4
:10DEB000464AE3EE844AA5EE256AD2ED055AC3ED43
:10DEC000024A37EE275A37EE677A83ED036A65EE2A
:10DED000E77A83ED015A83ED007A0CD4F5EEC02A7F
:10DEE000F1EE10FA00F1C280B0EE626A3E4991EDA7
:10DEF000007AE7EE066AB0EE676AA6EE836AE6EE9F
:10DF0000C37AB6EE007A76EE226A77EEA27AB0EEA7
:10DF1000476AA6EE836AA5EEA77A83ED046A83EDCD
:10DF2000057AFFF7BBBB40F1A780F6EE005A25EE5D
:10DF3000077AF0EE654AE7EE864AC978284BE6EEA6
:10DF4000C75A8907C3ED024AC3ED035A7FF56BAF89
:10DF5000244991ED006AFAE52B4BC978D3ED003ADC
:10DF60001F4B36EEA74A76EEE76AF0EE447AE7EE0C
:10DF7000237A8907E7EE636AC3ED017A25EE477AD3
:10DF8000C3ED006A0BD4B5EEC06AF1EE10FA6AD4A4
:10DF9000F0EE466A1449D1ED007AE7EEA65AF0EEAB
:10DFA000476AE5EEA46AA5EEE47A76EE866A37EE75
:10DFB000067AF6EE007AB0EE676AA6EEA46AE7EE9D
:10DFC000057A83ED046AC3ED057AFFF767BB00BFEE
:10DFD000B490002004860020FC85002034FD002041
:10DFE0005C860020008600209CB80020F885002078
:10DFF000A8B80020C0B8002008000020A090002091
:10E0000098B80020000000007001012037D564EEB0
:10E01000A66AB0EE474AA5EE274AC978A5EEE67A89
:10E02000880783ED024A83ED037A7FF513AF154924
:10E0300091ED007A42E5B0EE666A27E7F0EE665AA7
:10E04000FFF797BB7FF5C6AD65EE266AF0EE475A3F
:10E05000C4E5F1EE675A42E4F1EE675ABAE4B1EE74
:10E06000625AFFF77FBBF1EE466A93E7B1EE626A50
:10E070003CE7B1EE625A02E7B0EE677A4EE5F0EEA9
:10E08000676A03E500860020254B1A78254BF7EEDA
:10E09000007ABFEE007A12F0010F0CBFB0EE674AB3
:10E0A000B0EE474A12F0020F0CBFF0EE674AF0EEF6
:10E0B000474A12F0040F0CBFB0EE675AB0EE475A51
:10E0C00012F0080F0CBFF0EE675AF0EE475A12F04C
:10E0D000100F0CBFB0EE676AB0EE476A12F0200F67
:10E0E0000CBFF0EE676AF0EE476A12F0400F08BF0F
:10E0F000B0EE677AC3ED007AC3ED017AC3ED077A1B
:10E1000083ED024AC3ED034A83ED045AC3ED055A79
:10E1100083ED066AC3ED086A83ED097A704700BF94
:10E1200082010120B49000202DE9F04F684B1C784B
:10E13000052C87B018D09FED5A7B664B8DED027B86
:10E140009FED597B1A788DED007BCAB158A1D1E9BA
:10E150000001614A614CC2E90601002284ED000B16
:10E160001A7007B0BDE8F08F9FED537B594B8DEDD2
:10E17000027B9FED537B1A788DED007B002AE5D161
:10E18000564D554E95ED007B51EC100B53EC172B73
:10E190008DED047BF9F738FF96ED067BB0EE470A6C
:10E1A000F0EE670A804689465BEC17AB23F0C0FAB5
:10E1B00029F00047DDE9000153EC102BCDF8008079
:10E1C0000197FAF7D9F802460B46DDE90001FAF7A4
:10E1D00045FBE8B9052C4BD03BA3D3E900235046BF
:10E1E0005946FAF73BFB78B93D4B00225046594659
:10E1F000FAF752FB00284FD0394B00223649C1E9CB
:10E200000C2307B0BDE8F08F2FA3D3E90023F5E777
:10E21000DDE9022333490020F9F7F6FE42464B467A
:10E22000CDE90001FAF7A8F8DDE90423F9F7EEFEDD
:10E230004246C5E900014B4640464946FAF79CF87C
:10E24000DDE90023FAF798F8DDE90223074688465E
:10E2500050465946FAF790F802460B463846414672
:10E26000F9F7D4FE052CC6E9060182468B46B3D1E8
:10E27000194BD3E90003002223F00041194BFAF7B0
:10E280000BFB0028A8D052465B4650465946F9F78A
:10E29000BDFE82468B469FE752465B46AEE700BF17
:10E2A000666666666666EE3F00000000000000409D
:10E2B00000000040E17AA43FAE47E17A14AEEF3FA0
:10E2C00000000000000008409A9999999999B93F77
:10E2D00030FD00205200002000910020F09000202E
:10E2E000000014400000F03F2DE9F04F684B1B7810
:10E2F00089B0052B8DED020B00F0B2809FED5C7BA9
:10E300008DED047B634D0024634B644F1A78002A23
:10E3100040F08580624E96ED087BD7E90089B0EE2B
:10E32000470AF0EE670A8DED007B23F001FA4246C2
:10E330004B46DDE902018DED060BF9F765FE9DED1B
:10E34000060B8C4653EC102B8346294620462CF0B6
:10E350000045FAF711F802460B4658462946FAF7E7
:10E360007DFA002843D0DDE904AB4E4952465B46B6
:10E370000020F9F749FE424604460D464B465046FA
:10E380005946F9F7F9FFDDE902AB80468946524666
:10E390005B4620462946F9F7EFFF02460B4640460A
:10E3A0004946F9F733FE02460B46C7E900235046BB
:10E3B0005946F9F729FE02460B4680468946204613
:10E3C0002946F9F7D9FF42464B46F9F7D5FFDDE973
:10E3D000002304460D46DDE90401F9F7CDFF0246AE
:10E3E0000B4620462946F9F711FECDE90001DDE98B
:10E3F000004521A3D3E9002320462946FAF72EFA47
:10E40000F8B9294B002220462946FAF745FA00BB05
:10E4100022462B46C6E9082309B0BDE8F08F9DEDE2
:10E42000027B87ED007B9FED167B00228DED007B4C
:10E43000B0EE470AF0EE670ADDE90289184E1A705D
:10E4400073E70DA3D3E90023C6E9082309B0BDE8AB
:10E45000F08F154B0022C6E9082309B0BDE8F08F04
:10E460009FED097B104D8DED047B00244CE700BF30
:10E47000666666666666EE3F9A9999999999B93F7C
:10E480000000000000000040AE47E17A14AEEF3F0C
:10E4900030FD00200000084051000020E8900020DE
:10E4A000009100200000F03F000014400000000038
:10E4B0002DE9F04F2DED048BBF4C85B01CF030FCE6
:10E4C000A379D90740F1B080BC4EA379D6ED027A8A
:10E4D000F1EE006AB0EEE77AB4EEE67A23F00103DB
:10E4E000F1EE10FAA371B1EE678A00F3A2806378AF
:10E4F00013F0010300F0B480B14FB24DD7E90A0127
:10E50000FAF712FA4FF000088146D7E90601FAF748
:10E510000BFAAD4A1060D7E90801FAF705FAAB4BE0
:10E52000AB4AC3F8009010606278DFEDAA6A95EDFF
:10E530000C1ACDED036AD3074BBFA74A95ED010A2C
:10E5400092ED000AA44A0092B8F1000F0CBFF0EE61
:10E55000660AF0EE480A03F055F9009AD2ED008AF7
:10E5600018EE900AF9F7B0FE9C4A92ED000AC7E94E
:10E57000040110EE100A8DED000AF9F7A5FE984A85
:10E5800092ED009A78EE497AC7E9000117EE900AF9
:10E59000F9F79AFEC7E9020119EE100AF9F794FE9D
:10E5A0008A4BC7E90E011868F9F78EFE8D4B95ED81
:10E5B000017A93ED006A8C4B9DED000AD5ED0C0AB3
:10E5C00078EEC67A37EE467AC3ED007A874B83ED54
:10E5D000007A874BC7E90A01864883ED000AFCF7F9
:10E5E0009FFADDED036A844BD5ED0C0A8348F0EE0B
:10E5F000407A96ED020AC3ED007A30EE260AB1EEBB
:10E60000400AFCF78DFADFED7E7AE378B4EEE70A94
:10E61000F1EE10FACCBF0122002262F38613E37000
:10E62000637943F00803637105B0BDEC048BBDE86A
:10E63000F08FF3EE047AB4EEE77AF1EE10FA7FF59C
:10E6400056AF6378DA07C3F300071BD55C4F5D4D07
:10E65000D7E90A01FAF768F94FF00108814654E753
:10E66000584D00936868564FF9F72EFE41EC100B99
:10E67000FFF75AFDD7E90A01FAF756F9DDF80080ED
:10E68000814642E74F4D6868F9F71EFE41EC100BDA
:10E69000FFF74AFD18EE100AF9F716FE41EC100BD1
:10E6A00080468946FFF720FE564B1A78002A4FD144
:10E6B000554FC246D7E90023CB4640464946F9F7B5
:10E6C000A3FC4BEC17AB87ED007B3D4F80468946A2
:10E6D0002DA3D3E90023D7E90A01F9F74DFE2CA3B6
:10E6E000D3E9002382468B4640464946F9F744FE6B
:10E6F00042464B46F9F740FE27A3D3E90023F9F73A
:10E700003BFE02460B4650465946F9F77FFC24A3D0
:10E71000D3E9002380468946FAF7A0F848BB22A334
:10E72000D3E9002340464946FAF7B6F838B31EA3AA
:10E73000D3E9002310461946CDE90023FAF7F4F88F
:10E74000DDE900238146C7E90A234FF00108DCE632
:10E7500049EC178B1F702C4B194FDFF8B09083EDED
:10E76000007B13A3D3E900234FF00108C7E90A2374
:10E77000CBE60BA3D3E90023DFF89490E3E742460E
:10E780004B46D7E7AFF30080666666666666EE3F87
:10E79000A09999999999A93FFCA9F1D24D62503F4E
:10E7A0008DEDB5A0F7C6B03E7B14AE47E17A843F4D
:10E7B000000000E0E2361A3F34FD0020BC8F00204C
:10E7C00000910020D0FF0020C8AF0020C0AF002083
:10E7D000C4AF00200AE81C41B8AF0020BCAF002045
:10E7E000CCAF0020C0FF0020FC900020F89000205B
:10E7F000ACFF002074FE0020A8FF002040FD002098
:10E800000AE89C4050000020E090002017B7D13863
:10E81000BD3786352DE9F047DFF80C813E4ED8E94B
:10E820000001D6E90823F9F7EFFB0D46A8F5A6612C
:10E83000D6E902230446D1E90001F9F7E5FB2246B7
:10E8400006460F462B4620462946F9F795FD3246E7
:10E8500081468A463B4630463946F9F78DFD0B46E0
:10E86000024651464846F9F7D1FB41EC100B22F025
:10E870005FFF51EC100BFAF757F807EE900AB2EE73
:10E88000047A08F5AD63F4EEC77AF1EE10FA186079
:10E890000CDC08F2745108F5AE6208F26C580023E3
:10E8A0000B601360C8F80030BDE8F08747EC116BCF
:10E8B00045EC104B22F022FE51EC100BFAF734F825
:10E8C00000EE100AFCF7D2F9144A08F26C54F0EE8C
:10E8D000407A54ED010A92ED000AC4ED007A22F06C
:10E8E00087FFFCF7E3F9DFED0E6AD4ED007A0D4BFC
:10E8F000B0EE407A77EEE67A93ED000A08F5AE6363
:10E9000037EEC00A83ED007AFCF7D0F908F27458AC
:10E9100088ED000ABDE8F08710AD0020FC900020D3
:10E92000DB0F4940503D0120B89B002010B5494AFB
:10E93000494B11781A78494C8A42D4ED007A82B05A
:10E940004DD047481970037A224643F04003F0EE59
:10E95000676A62ED017A0372424B1B78052B0DD07A
:10E960000B2B0BD03E4940480B7AC2ED007A0024B5
:10E9700023F040030B72046002B010BD3B4B93EDDB
:10E98000067A93ED006AF1EE005A27EE257AB4EE8E
:10E99000C76AF1EE10FAE5DD77EEE67A0192B0EEA5
:10E9A000670ACDED007AFCF781F9DDED007AB5EE6E
:10E9B000C00AF1EE10FAB0EE670A14D4CDED007A79
:10E9C000FCF774F99FED2A7ADDED007AB4EEC07A97
:10E9D000F1EE10FA12DCD4ED007A019AC2E7224679
:10E9E00072ED016AB8E7FCF761F99FED227ADDED7F
:10E9F000007AB4EEC70AF1EE10FAECDDB0EE670A69
:10EA000023F044F8184A9FED1C7A52ED047A52ED37
:10EA1000016A60EE277A94ED000AC2ED007A67EE93
:10EA2000A67AF4EEC77AF1EE10FA08D49FED137AC5
:10EA3000F4EEC77AF1EE10FAD8BFB0EE677A30EE96
:10EA4000070A84ED000AFCF711F984ED000A02B010
:10EA500010BD00BF3DAC00205891002044A1002013
:10EA600034FD00203FB800204CA100203CA1002034
:10EA7000DB0F493FDB0F49BF920A06BF920A063FF0
:10EA8000094BDFED0A7A93ED007AD3ED086A27EEA1
:10EA9000277A4FF47A70C7EE267AFCEEE77A17EE03
:10EAA000903A00FB03F070473CA100209999993FF0
:10EAB0000F4B104AD3ED007A92ED007A77EEC77AC9
:10EAC000F5EEC07AF1EE10FA01D5F1EE677A9FED1E
:10EAD0000A7AD3ED106A67EE877A4FF47A7087EE80
:10EAE000A67ABCEEC77A17EE103A00FB03F0704727
:10EAF000D0B80020FC9000209999993F264BDFF870
:10EB0000A4C01A782548264922F0040200B51A70DC
:10EB10009A7822F008029A709A7822F004029A7089
:10EB20009A7822F002029A701A7A22F040021A723F
:10EB3000DA7922F08002DA71DA78C2F300028CF816
:10EB4000002093F803C02CF0010C83F803C000F6FA
:10EB50005C2C00F21C530022CCF800201A6000F656
:10EB60004C2C01F5AD6300F22C5ECCF800201A604D
:10EB700001F2645C01F5026300F67C70C1F8B0221A
:10EB8000C1F8AC2201F61C01CEF80020CCF8002020
:10EB900002601A600A6000BD34FD002078910020F8
:10EBA00078BB00207091002010B5304C2DED028B09
:10EBB000B0EE408A94ED000A82B038EE400AFCF7CD
:10EBC00075F82B4B1B78012B03D002B0BDEC028BE8
:10EBD00010BD284AD4ED007A12780C2A38EE670A64
:10EBE0002AD00193FCF762F89FED237AF0EE407A89
:10EBF000B0EEC00AB4EEC70AF1EE10FA0FDD1F4AFC
:10EC0000019B1370F5EEC07AF1EE10FA2AD44FF0A2
:10EC10007E521B4B1A6002B0BDEC028B10BD9FED03
:10EC2000197A164BB4EEC70AF1EE10FA11D500228C
:10EC30001A70B0EE670AC8E71048114A03704FF027
:10EC40007E51116002B0BDEC028BBDE81040FCF7B4
:10EC50000DB81B78002BECD0094BD3ED007A20EED9
:10EC6000270AB2E7084AB1EE400AD2E7503D012038
:10EC7000A90E01203FB80020C2B832404C910020BC
:10EC800048910020E4CB1640000080BF414B03F5C3
:10EC9000A662D2ED007A93ED007A67EEA77AB0EE25
:10ECA000006AE7EE077AB0EE407AF1EEE76AF4EE3A
:10ECB000C66AF1EE10FA63DD374B93ED056AF6EEA6
:10ECC000007AB4EEE76AF1EE10FA59DB334A92EDBE
:10ECD0001F6AF1EE047AB4EEE76AF1EE10FA4FD84B
:10ECE00000B52DED028B83B0CDED016A8DED000AEC
:10ECF00022F08CFEB0EE408A9DED000A22F0C6FEA6
:10ED0000254BDDED016AD3ED007A93ED016A9DEDAF
:10ED1000007A67EEC07AFFEE005AE6EE087A87EED8
:10ED2000A66AB4EEE56AF1EE10FA2DD4B7EE000A49
:10ED3000B4EEC06AF1EE10FAD8BFB0EE460A8DED1F
:10ED4000007A22F029FDDFED167A9DED007AB4EE0F
:10ED5000E70AF1EE10FA17D4DFED127AB4EEE70A03
:10ED6000F1EE10FAD8BFF0EE407A37EE677AB0EEE7
:10ED7000470A03B0BDEC028B5DF804EBFBF776BFEE
:10ED8000B0EE470AFBF772BFDFED067A37EE277A5F
:10ED9000EDE700BF9C960020B0200120B0280120A4
:10EDA000920A06BF920A063F38B54E4B1A785507AD
:10EDB0002DED028B27D54C494C4A4D4C91ED001A54
:10EDC0001278D4ED007A14ED0B0AB1EE411A002A44
:10EDD00031D09FED487A77EEC77AF2EE000A27EE3F
:10EDE000800AA4F27451A4F6A420FBF7D1FE94ED9E
:10EDF000020AFFF74BFF04ED020ABDEC028B3E4B0B
:10EE000000221A6038BD9A7814071DD4DA78D0072A
:10EE10002DD4DA795106F0D59A78520759D59B78D6
:10EE20009B07EAD5354B1B78002BE6D1344B53F8C2
:10EE3000182C1A60E1E7B1EE0C7A77EEC77AF7EE9C
:10EE4000080A27EE800ACCE7294C274A90ED147A6D
:10EE5000D4ED007A92ED001A14ED0B0AD0ED160AEB
:10EE600077EEC77AB1EE411A27EE800AB9E7254D51
:10EE7000254CA869F9F716FAD4E90023F9F7C4F884
:10EE8000F9F752FD08EE100A2868F9F70BFAA4F515
:10EE9000A663D3E90023F9F7B7F8F9F745FD00EECB
:10EEA000900A20EEA07A04F29C54A8EE087AD4EDE1
:10EEB000007AF1EEC76A77EEA77AF4EEE67AF1EE21
:10EEC00010FA0AD4084B93ED000A0D4B83ED000AAB
:10EED00093E70B4B1A691A608FE7B0EE480A22F0ED
:10EEE00087FCF2E734FD0020503D0120A90E0120EF
:10EEF0003CA100200000704294C300203DAC0020E3
:10EF000034A1002040AC0020B89B0020B04BD3EDD2
:10EF10001F7AB0EE007AF4EEC77AF1EE10FA5AD901
:10EF200077EEC77AF0EE086A87EEA67AF7EE007AF7
:10EF300077EEC77AF5EE005AF4EEE75AF1EE10FAE2
:10EF4000D8BFF0EE675AA34AA349D2ED007AD1EDBB
:10EF5000126AA24912ED137A8878F4EEE67AF1EE9D
:10EF600010FAD4BFB0EE676AB0EE666A000703D449
:10EF70000B785B0740F19E80994B002243F8042BED
:10EF8000D3ED007A974A88781346F3EC016A77EE5E
:10EF9000E67A000767EE276AC3ED007A66EEA57A87
:10EFA000C2ED027A02D40B785B0717D58E4B002294
:10EFB00043F8042BD3ED007A8C4A1346F3EC016A34
:10EFC00077EEE67A27EE877AC3ED007A27EE257A88
:10EFD00082ED027A7047F7EE005AB4E7844902F2F4
:10EFE0002453D1ED016A93ED005A02F66C22D2ED62
:10EFF000007A66EE266A65EE277A66EEA56A67EE07
:10F00000A57AF1EE663AF4EEE37AF1EE10FA00F149
:10F01000BD80F4EEE67AF1EE10FAC8BFF0EE667A43
:10F02000744B754993ED006A93ED024A25EE065A3A
:10F03000A3F5A96291ED006AD2ED004A25EE255AAA
:10F04000E5EE064AB1EE446AF4EEC64AF1EE10FA75
:10F0500008D4F4EEC44AF1EE10FAD4BFB0EE646AFC
:10F06000B0EE446A77EE867A644B82ED006AF5EE84
:10F07000C07AF1EE10FAC3ED007A00F18A8037EE23
:10F08000E65AB5EEC05AF1EE10FA95DDF7EE004AF9
:10F09000B5EEC06AF1EE10FA01D5B1EE466A36EE71
:10F0A000456AF0EE667A26EE246AC3ED006A82EDC8
:10F0B000006A81E74E4852ED157AD0ED006AA2F65B
:10F0C000CC2393ED005A66EE266A65EE277A66EE4B
:10F0D000A56A67EEA57AF1EE663AF4EEE37AF1EE10
:10F0E00010FA50D4F4EEE67AF1EE10FAC8BFF0EE62
:10F0F000667A404B4048D3ED004A90ED003A93EDDC
:10F10000024A25EE245AA3F6782225EE255AD2ED9E
:10F11000004AE5EE034AB1EE445AB4EEE45AF1EE89
:10F1200010FA08DCF4EEC44AF1EE10FAD4BFB0EEE7
:10F13000645AB0EE445A77EE857A314B82ED005A2C
:10F14000F5EEC07AF1EE10FAC3ED007A30D477EE26
:10F15000E64AF5EEC04AF1EE10FA7FF713AFB7EECC
:10F16000004AB5EEC05AF1EE10FA01D5B1EE455A9B
:10F1700035EE645AF0EE667A25EE045AC3ED006A65
:10F1800082ED005AFEE6F0EE637AB2E7F0EE637AC3
:10F1900046E7B1EE675A35EE665AB5EEC05AF1EE63
:10F1A00010FA7FF709AFF0EE636AFFEE004A6FE7EF
:10F1B000F1EE674A74EEE64AF5EEC04AF1EE10FA57
:10F1C0007FF7E0AEF0EE636ABFEE004AC9E700BF2A
:10F1D000B02801205CA10020E0AD002034FD00201B
:10F1E000949600209C960020C49B0020CC9B00207D
:10F1F000509100200CA1002074A10020C89B002089
:10F20000989600202DE9F0432DED048B064683B03F
:10F21000CA48CB4C02F092F9B7EE007AC7EE007AFA
:10F22000C84BD6E90878D6E90201254604F5A66957
:10F2300049E9027883ED000AC34B44E90201C3EDBA
:10F24000007AF5E80223F8F7DFFEF9F76DFBD9E95C
:10F25000002308EE100A286041463846F8F7D4FE2D
:10F26000F9F762FB68EE087A00EE100AE0EE007A29
:10F2700004F5A76304F6B425F0EE480AB1EEE77A88
:10F280001860DFF8EC8204F6BC2785ED007A22F0E6
:10F29000AFFAFBF7EBFC87ED000AFFF747FB98EDB1
:10F2A0001F8A95ED009A97ED007A04F6CC23D3EDF2
:10F2B000008AA64B38EE088A1B78B4EEE88AF1EE95
:10F2C00010FAC8BF012504F6C824D8BF0025012BB9
:10F2D000D4ED009A00F0AF80B0EE470A8DED017AD0
:10F2E00022F094FBB5EEC00AF1EE10FA9DED017A22
:10F2F000F0EE407A00F19980954CB0EE470AC4EDEB
:10F30000007A22F0C3FBB5EEC00AF1EE10FA00F16C
:10F310008980002D8F4B84ED010A08BFB0EE688A0A
:10F32000B4EEC89A9A78F1EE10FA4CBF0121002190
:10F3300061F382029A701A78D1074DD499789A783D
:10F34000C1F3800161F341029A70834C3046FFF7AC
:10F350002BFDFFF7DBFD814A814992ED001AD4EDC8
:10F36000000AA4F5A66393ED000AB1EE411AB1EECE
:10F37000400AA1F52E70FBF70BFC04F28C54794A7D
:10F38000D4ED006A92EDAC7AF1EE667AB4EEE77AEB
:10F39000F1EE10FA4CD4B4EEE67AF1EE10FAC8BFF2
:10F3A000B0EE667A6E4C82EDAC7A94ED007AF4EEB3
:10F3B000C77AF1EE10FA08DCB4EEE67AF1EE10FA54
:10F3C000D4BFF0EE477AF0EE667AC4ED007A03B06F
:10F3D000BDEC048BBDE8F0839A78C2F3800152073C
:10F3E0007BD5614A92ED017AB5EEC07AF1EE10FA62
:10F3F00001D5B1EE477AD8ED207A9A7877EEA77AE0
:10F40000F4EEE97AF1EE10FAD8BFF0EE697AF4EE94
:10F41000C77AF1EE10FACCBF0121002161F341025D
:10F420009A7092E7B1EE400A73E7F1EE407A63E733
:10F43000B0EE677AB6E7002D464B08BFB0EE688A9B
:10F44000B4EEC89A9A78F1EE10FA4CBF012100216F
:10F4500061F382029A701A78D40743D499789A7823
:10F46000C1F3800161F341029A703E4C3F4E04F5B6
:10F4700002620023B0EE470A1360C4F8B032FFF70F
:10F4800005FC364BF0EE407A93ED000AC6ED007AAB
:10F4900037EEC00AFBF70AFC96ED0B7A96ED0C6A84
:10F4A00027EE000AF1EE477AC0EE066AF4EEE67A3D
:10F4B000F1EE10FA08DCF4EEC76AF1EE10FAD4BFF0
:10F4C000F0EE667AF0EE477A04F5AD64C4ED007AAA
:10F4D00003B0BDEC048BBDE8F0839A7861F3410280
:10F4E0009A7032E79A785007C2F380011ED51E4AFF
:10F4F000D2ED016AF5EEC06AF1EE10FA1BD4D8ED38
:10F50000207A9A7877EEA77AF4EEE97AF1EE10FA9B
:10F51000D8BFF0EE697AF4EEE67AF1EE10FACCBFDD
:10F520000121002161F341029A709EE79A7861F30C
:10F5300041029A7099E7F1EE666AE0E74091002097
:10F540008896002074A1002070A10020A90E01203F
:10F550005091002034FD0020D49B0020503D01201C
:10F56000E0C0002078BB0020D0B8002034A10020EB
:10F57000B028012010B5514B514C187882B01B2196
:10F5800015F03AF9E1784F4A21F00101E170E17993
:10F5900021F00801E171E178104621F0100100230B
:10F5A000E17040F808392178036021F08001464875
:10F5B00042F8103C42F8303C42F82C3C42F8283CDF
:10F5C00042F8183C42F8243C2170404B0021017065
:10F5D000FF223F481A7000220023C0E900233D4863
:10F5E000C0E900233C4B3D481970682226F0ECFA34
:10F5F000A07A3B4B3B4A0021C3E900119960030705
:10F60000C2E90011916055D400F068FD9FED360A03
:10F610008DED010A0AF006F921789DED010A334BC0
:10F62000334A83EDAC0A21F004012170A17882ED08
:10F63000000A21F00801A170A17802ED040A21F06E
:10F640000401A170A17883EDAB0A21F00201A17041
:10F65000217A284821F040012172E17921F08001CE
:10F66000E171E178C1F300010170E178224821F0F5
:10F670000101E17002F5A66C02F5A46403F5AD6129
:10F6800002F5256284ED000A81ED000A03F264545C
:10F6900003F5026182ED000A03F61C030A228CEDD9
:10F6A000000A84ED000A81ED000A83ED000A027071
:10F6B00002B010BD00F0FEF9A6E700BF68100120FF
:10F6C00034FD00204CA100203DAC002058910020CA
:10F6D0006091002068910020CCA1002040AC002067
:10F6E000D0A10020E0A100200000000078BB002095
:10F6F000A4960020709100203FB8002070B51C4BEC
:10F700001C4C93F99DC24FF0000EA4F800E0BCF130
:10F71000000F26D0184D03F2AE237046724604E067
:10F720000132624503F1290317D093F82810072905
:10F73000F6D1092816D81E68D3F804E045F83060E1
:10F7400005EBC001013201306245C1F804E080B22E
:10F750004FF0010E03F12903E7D1BEF1000F00D0F5
:10F76000208070BD01329445F7D02933D8E700BF1F
:10F77000B001012078A100207CA100201B4BDFED0F
:10F780001C7A93ED007A2DE9F04FB4EEE77AF1EEB2
:10F7900010FADFF868E083B00CDD9EF80A301B0732
:10F7A00008D49EF8053043F020038EF8053003B0EE
:10F7B000BDE8F08F0F4BB3F800C0BCF1000F1FD1B4
:10F7C0000D4A9EF8053092ED007AD2ED0E7AB4EE35
:10F7D000E77AF1EE10FACCBF0122624662F34513DC
:10F7E0008EF8053003B0BDE8F08F00BFFC9000201C
:10F7F0000000F04278A1002020A1002034FD00206C
:10F80000AA4BAB4A0CF1FF31D3E91C0652F8313058
:10F8100014689842ACBF00270127A042ACBF002566
:10F820000125AF42B046A346A9460FD002EBC10165
:10F830001D1B4B6851685B1A011B01FB03F35168E8
:10F8400093FBF5F30B449E42C0F22D81012300216E
:10F85000BCF1010F00F01E8194680194A042ACBF7E
:10F860000025012581F00103A945DBB2AA4610D08D
:10F87000D7685668ABEB0405F61B041B04FB06F4C3
:10F8800094FBF5F43C44A045B6BF0C461C46194613
:10F890002346BCF1020F00F0FD801469A042ACBF0A
:10F8A0000025012581F00103AA45A346DBB2A94644
:10F8B00010D05769019DD6682D1BF61B041B04FB55
:10F8C00006F494FBF5F43C44A045B6BF0C461C4638
:10F8D00019462346BCF1030F00F0DC8094690194C3
:10F8E000A042ACBF0025012581F00103A945DBB290
:10F8F000AA4610D0D7695669ABEB0405F61B041B6A
:10F9000004FB06F494FBF5F43C44A045B6BF0C465A
:10F910001C4619462346BCF1040F00F0BB80146A54
:10F92000A042ACBF0025012581F00103AA45A346F2
:10F93000DBB2A94610D0576A019DD6692D1BF61B74
:10F94000041B04FB06F494FBF5F43C44A045B6BF4D
:10F950000C461C4619462346BCF1050F00F09A8060
:10F96000946A0194A042ACBF0025012581F00103F7
:10F97000A945DBB2AA4610D0D76A566AABEB04059C
:10F98000F61B041B04FB06F494FBF5F43C44A04571
:10F99000B6BF0C461C4619462346BCF1060F79D06B
:10F9A000146BA042ACBF0025012581F00103AA45DC
:10F9B000A346DBB2A94610D0576B019DD66A2D1B1A
:10F9C000F61B041B04FB06F494FBF5F43C44A04531
:10F9D000B6BF0C461C4619462346BCF1070F59D04A
:10F9E000946B0194A042ACBF0025012581F0010376
:10F9F000A945DBB2AA4610D0D76B566BABEB04051A
:10FA0000F61B041B04FB06F494FBF5F43C44A045F0
:10FA1000B6BF0C461C4619462346BCF1080F39D028
:10FA2000146CA042ACBF0025012581F00103AA455A
:10FA3000A346DBB2A94610D0576C019DD66B2D1B97
:10FA4000F61B041B04FB06F494FBF5F43C44A045B0
:10FA5000B6BF0C461C4619462346BCF1090F19D007
:10FA6000D2F848C08445D4BF0024012481F00103AA
:10FA70004C45DBB20ED0A0EB0C04D06C526C121AC9
:10FA8000ABEB0C0C04FB02F292FBFCF2024490453F
:10FA9000B8BF0B469EF8052063F345128EF805208B
:10FAA00003B0BDE8F08F00230121D1E6B02801208A
:10FAB0007CA1002008B540F6512200212C4826F0F8
:10FAC00083F82C4A2C4903464FF0000E2120A2F85F
:10FAD00000E004221A7098726FF01502987426489C
:10FAE000DFF8A8E0C3F801104FF0170C6FF0080121
:10FAF0001A73C3F86B001A752048214A83F809C0AD
:10FB000083F811C0D972DFF888C0D974C3F842E015
:10FB10001C49DFF880E0C3F86F00C3F81D00C3F88C
:10FB200067201948C3F890206FF01F02C3F83EE029
:10FB3000C3F819C0DFF844E0C3F83A10C3F8631003
:10FB4000C3F894006FF077015420DA73DA75DFF8A8
:10FB500048C0C3F846E05822C3F88CC058735875A3
:10FB6000997399751A741A76C3F898E008BD00BFA6
:10FB70004D04012078A100200000C842000020416F
:10FB8000D5C8E058BA55F7EA00007A43000016439A
:10FB90000000A0415488E0581721F7EA38B5264BF9
:10FBA0001A78530600D438BD244D254C6A6BAA63DD
:10FBB00001F0B4FC234A0021D0626422204626F0E2
:10FBC00003F81D4BD5E936015A78C4E9010122F04A
:10FBD0004002D5E93C015A70DA78C4E907011A48B5
:10FBE0001A4922F01002DA70027807EE902A0A68A9
:10FBF0006264D5F8E82062611A78D5F8D01044F82C
:10FC0000041C42F080021A701A7AF8EE677A062510
:10FC100042F08002C4ED127A1A7284F8605003F048
:10FC2000C5FD0221084608F069FF28460221BDE80B
:10FC3000384008F063BF00BF34FD0020B028012029
:10FC400014AD0020B0AE0020810101205CA1002095
:10FC50002DE9F04F244CE378DB0683B002D503B0E6
:10FC6000BDE8F08F214D95ED007B05F5A66359ECBD
:10FC7000178B93ED007B42464B46404649465BEC72
:10FC800017ABF8F779FB524606460F465B465046DF
:10FC90005946F8F771FB02460B4630463946F8F7ED
:10FCA000B5F941EC100B21F043FD05F6CC238DEDA9
:10FCB000000B1868F8F708FB9DED000B02460B4699
:10FCC00051EC100BF8F7E8FD0028C8D0084BC3E949
:10FCD0000289C3E908AB03F069FDE37843F0100340
:10FCE000E37003B0BDE8F08F34FD0020889600205B
:10FCF000A8AC00200023B1EB030C18BF4FF0010C9F
:10FD0000C0E90012437280F808C01946292001F0AA
:10FD100075BC00BF10B50446292001F0C5FC78B1C0
:10FD2000637A73B1012B07D1D4E9002191421CDC25
:10FD3000114900220A702272B3FA83F35B096372DD
:10FD400010BD0E4B1B7ADB0901D0237A1BB90A4B7D
:10FD50001B78002BF0D02168292001F04FFC637A3A
:10FD6000B3FA83F35B096372EAE7891A292001F089
:10FD700045FC637AE0E700BFCCA1002034FD002001
:10FD8000074A0849137891F99D120133DBB28B427F
:10FD90001370C4BF00231370034B05221A70704701
:10FDA0003DAC0020B00101203FB8002008B50B4B4E
:10FDB0001B78012B05D00A490A486822F8F77CFF16
:10FDC00008BD094B5A7A5206F5D5DB78DB06F2D529
:10FDD000064904486822F8F76FFF08BDA90E012004
:10FDE00010AD0020E0AD002034FD0020A8AC0020C4
:10FDF0002DE9F843474D484C2DED048BD4E9002301
:10FE0000D5E90201F8F700F904F5A664D4E9002366
:10FE100006460F46D5E90801F8F7F6F8324680465F
:10FE200089463B4630463946F8F7A6FA424606462A
:10FE30000F464B4640464946F8F79EFA0B460246A7
:10FE400039463046F8F7E2F841EC100B21F070FC2F
:10FE500051EC100BF8F768FD304B93ED247AF6EE79
:10FE6000007AB4EEE77AF1EE10FA06EE900A3FDD82
:10FE7000C6EE877A2A4A2B4BD5E90E459FED2A7AA2
:10FE8000D2ED008AD3ED006AB4EEE77AF1EE10FA13
:10FE9000D4BFB0EE478AB0EE678AF0EE687AE8EE3B
:10FEA000667A17EE900AB0EE679AF8F70DFA0246F6
:10FEB0000B4620462946F8F7D1FC88B91B4BD3EDF9
:10FEC000007AE8EE278A18EE900AF8F7FDF9024664
:10FED0000B4620462946B0EE689AF8F7DDFC50B193
:10FEE000B0EE490ABDEC048BBDE8F84309F09ABCBA
:10FEF00066EEA77ABEE720462946F8F715FD09EE1B
:10FF0000100AB0EE490ABDEC048BBDE8F84309F0D5
:10FF100089BC00BFE0AD002088960020B0280120F9
:10FF2000FC900020BCB800200000F042B8B80020CF
:10FF3000F0B55C4B5C4A1978147883B0002900F066
:10FF400082805A495A4F0C700020187097F99D32E0
:10FF50009C427EDC002C7DD004EB840604EBC606BC
:10FF60003E4406F52A730193D6F8AE02514D1DF0BA
:10FF7000B7FC85ED020B019BD3F80A001DF0B0FC25
:10FF80004D4953EC102BD1E91401F8F7F5F9C5E907
:10FF90000801D6F8B602F8F797F9C5E90E01D6F8C8
:10FFA000BA32AB6496F8D632D6F8BE22434E85F804
:10FFB0006430032B08BFF378EA6404BF43F0010305
:10FFC000F37004EB840304EBC3043B1904F53274AF
:10FFD0002744D3F8C202D7F80610D7F80A202865BC
:10FFE000D3F8C6026865D3F8CA32AB65E9652A66FC
:10FFF000B37A1B0725D42F4DD5E90E6700220023C5
:020000040801F1
:1000000030463946F8F72AFC002838D12C4B00221C
:1000100030463946F8F740FC70BB95ED157AB5EEE1
:10002000C07AF1EE10FAC5E90E672BD4DFED257A20
:10003000B4EEE77AF1EE10FAD8BFF0EE477AC5EDEC
:10004000157A03B0F0BD19490878A0427FF47AAF61
:10005000F7E710701C4B194E1B78012B15D01B496C
:1000600014486822F8F728FEF378194A052123F08E
:1000700001031170F370BBE7114F0026CDE7002696
:100080000027CAE7DFED137AD9E7737A5906E6D578
:10009000F378DA06E3D5104906486822F8F70CFE33
:1000A000E2E700BF540000203DAC002053000020D8
:1000B000B0010120E0AD0020B028012034FD002077
:1000C00000005E400000F042A90E012010AD0020AB
:1000D0003FB8002000000000A8AC0020F8B5FFF7F2
:1000E00027FF284F284C294E294D14E0072B3FD1DC
:1000F000284A2949137891F99D0228490133DBB236
:1001000083421370C8BF00204FF00503C8BF1070B2
:100110000B70FFF70DFF97F86430DA1E012AE5D85F
:10012000042B1F4A4FF000014FF029000CD0EB7850
:1001300097ED027BD7E9080143F0010382ED027BD2
:10014000C2E90801EB70D3E7D7E91732B3F1000C2D
:1001500018BF4FF0010C4FF0000EC4E9003284F8D4
:1001600009E084F808C001F049FA237A3370BFE748
:10017000D7E90E01F8F7D8FBBDE8F84000EE100A09
:1001800009F050BBE0AD0020E0A10020CCA1002090
:1001900034FD00203DAC0020B00101203FB800201C
:1001A00040AC002070B52A4991F90040002C40DD98
:1001B00040F651222748284DF8F77EFD0022274BB4
:1001C000DFF8A8E02A801646104604E00132A24279
:1001D00003F1290317D293F828100729F6D109282B
:1001E00022D81E68D3F804C04EF830600EEBC00170
:1001F00001320130A242C1F804C080B24FF00106C2
:1002000003F12903E7D306B1288040F651220021EB
:100210000F4825F0D9FC1249124A01230B701370C4
:10022000BDE870400AF0AABE01329442EBD92933EE
:10023000CCE740F651220021064825F0C5FC064ACD
:10024000034600210848C3F801001180DDE700BF24
:10025000ECA100204D04012078A100205E040120C3
:10026000A8010120540000200000C8427CA1002009
:10027000094BDB781B070ED510B40848084C094A17
:1002800009491268002323600360084B002010BC5A
:1002900008801A607047704734FD00206CAE002063
:1002A00068AE002070AE002050AE002074AE00207A
:1002B00030B52DED028B83B001F06CF8132001F006
:1002C000F3F918B903B0BDEC028B30BD1421132033
:1002D00001F094F9C24801F031F9C24BDB781B07F9
:1002E000B0EE408A40F1DF81BF4AC04BD2ED007AC8
:1002F000D3ED006A9FEDBE7A77EEA67AF4EEC77A68
:10030000F1EE10FA00F1FD80BA4BB7EE007AD3EDB2
:10031000006AF4EEC77AF1EE10FAF5EEC06AD4BFC7
:10032000B0EE676AB0EE476AF1EE10FAB0EE467AC8
:1003300040F3D7819FEDB07ADFEDB05AC6EE877AF1
:100340009FEDAF7A67EEA57A67EE867A77EEA77AA9
:1003500087EE870AB5EE400AF1EE10FA00F102824C
:10036000B1EEC07AA74B1B789FEDA76A27EE277ADC
:10037000C7EE065A002B00F0EA8007EE903A9FED98
:10038000A36AF8EE677A27EE866AF5EEC06AF1EEA8
:1003900010FA85EE867A40F2D6819D4B1D46DFED40
:1003A0009D5A93ED006A66EEA55AF4EEC65AF1EE38
:1003B00010FA40F3B281DFED986ACDED017A26EEB6
:1003C000266A8DED007AC6EE257A17EE900AF7F7C9
:1003D0007BFF02460B4680A1D1E90001F7F714FE2E
:1003E000F8F7A2FA9DED007ADDED017A06EE900AAB
:1003F00066EEA77AF0EE678A884B894A1B785BB174
:10040000D2ED007AF5EEC07AF1EE10FA04DD854BFC
:100410001B78052B00F01E81834BF7EE007AC3EDAD
:10042000007AB0EE670A0023DFED807A002B08BF68
:10043000F0EE407AD5ED006A9FED7D6A7D4C7E4BF3
:1004400094ED000A009267EE085AF0EE470AE5EED6
:10045000866AB5EE001AC3ED007AC5ED006AFAF7B8
:100460003BFB764BF0EE407AF0EE481A93ED000A33
:10047000C4ED007AF0EE680AB7EE001AFAF756FCFF
:10048000009A6E4BD2ED007A83ED000AB4EEE70AD3
:10049000F1EE10FA6ED8F5EEC07AF1EE10FA69DDE1
:1004A0006449504AD1ED006ADFED657A1378F4EEC5
:1004B000E76A43F02003F1EE10FA137053DD4D4B61
:1004C000D3ED007AF5EEC07AF1EE10FA4BDD95ED42
:1004D000007A9FED5C6A5C4B77EEC77A9FED447AB9
:1004E000B4EEE77AF1EE10FAD8BFB0EE677A27EEF5
:1004F000067AC7EE267AFCEEE77A17EE902A1A8083
:10050000E0E63C4BD3ED006AF5EEC06AF1EE10FA7E
:1005100040F3E7809FED386ADFED385A9FED385A97
:10052000384BC6EE867A1B789FED376A67EEA57A60
:1005300067EE877A77EEA77AC7EE855AB1EEE57A4D
:1005400067EE277AC7EE865A002B7FF416AF9FED31
:100550003F6AF0EE087A85EE867A1EE7214A137824
:1005600023F020031370384B00221A8003B0BDEC37
:10057000028B30BD1F4B95ED007AD3ED007AB4EEBF
:10058000E77AF1EE10FA8BDCF5EEC07AF1EE10FAB4
:10059000E4DD2F4B274AD3ED006A1249B7EE006A1B
:1005A00036EE666AD2ED006A0B7826EE276AB4EE64
:1005B000C67A9FED236AF1EE10FAC8BF0122F4EE6D
:1005C000C66AD8BF002262F34513F1EE10FA0B7031
:1005D0003FF77FAFC7E700BFCDCCCCCCCCCC104031
:1005E00048AE002034FD0020A8B80020C0B800208C
:1005F0000000000054AE00200000FA440AE81C414C
:10060000D03EFE3C5C0000206666A63ECDCC6C4031
:1006100068AE0020CDCC4C3DCDCC4C3EA80E012088
:1006200060AE002030FD0020580000209A99993FCC
:10063000E4388E3E6CAE0020A400002074AE002092
:10064000CDCCCC3D6666664050AE00209A993141D3
:10065000F00000205349544BD1ED000A93ED000AFD
:100660009FED521A0192C0EEA80AF0EE481A8DEDE5
:10067000007AFAF75BFBF7EE007A4B4B9DED007AC0
:10068000019A83ED000AB4EEE70AF1EE10FA3FF5A5
:10069000D1AEDFED477AB4EEE70AF1EE10FACCBF47
:1006A00001230023C0E6012003F02EFE414B424A05
:1006B000D3ED007A414B424D187830EE677AD2ED97
:1006C000007A27EE277A8DED007A03F01DFE3D4B70
:1006D0009DED007AD3ED007A60EE277AF0EE678A1E
:1006E0008AE69FED396ADFED397A394B27EE067AD3
:1006F0001B789FED386A37EE077AC7EE275AF1EE7E
:10070000E57A67EE877AC7EE865A002B7FF435AE1E
:100710009FED316AF0EE087A37E69FED305A26EE0B
:10072000855AB4EEC56AF1EE10FA10D59FED2C5A39
:1007300036EE656A66EE855AF1EE006A86EE255A57
:1007400076EEC56A54E6DFED276A1D4D50E636EEBB
:10075000456AF0EE086A26EE266A86EE255A76EE9F
:10076000C56A45E6CDED016ACDED007A21F026F9A6
:10077000174BDDED007A9FED177A1B78DDED016AEE
:1007800060EE277AC7EE875A002B3FF4E0AE07EE03
:10079000903A9FED156AF8EE677A27EE866A85EE45
:1007A000867AFAE570AE002058000020CCCC4C3D93
:1007B0009A99993F58AE00205CAE0020787A0308E1
:1007C00068AE0020600000200AE81C41D03EFE3CDC
:1007D0005C0000206666A63E9A9931413333733F30
:1007E0006666663F66668640CDCC6C400548064925
:1007F000064A074B0B604FF0030C80F800C01360F3
:10080000704700BF5C00002074AE002070AE002076
:100810009A9949412DE9F843444BDFF858911878EB
:1008200012212DED048B13F0E7FF414B4149D3ED2D
:10083000007A414A0968D2784048C9F80010B6EEFB
:10084000087A3F4967EE877A4FF07E540460C1ED25
:10085000007A3C483C4900230B6003603B4B00217D
:10086000198013070BD53A493A4A3B4BC9F8003077
:1008700003200870BDEC048B1360BDE8F883374B90
:10088000374F93F80080334D364E9FED378A9FEDFA
:10089000379A404603F038FDD7ED007A67EE807A4C
:1008A0000120C5ED007A03F02FFDC82486ED000A73
:1008B000052000F039FE4046D5ED008A03F024FD06
:1008C000D7ED000AB0EE001A60EE200AF0EE481AEA
:1008D000B0EE680AFAF72AFA0120D6ED008A85ED13
:1008E000000A03F011FDF0EE481AF0EE400AB0EEF7
:1008F000491AB0EE680AFAF719FA013CA4B286ED7B
:10090000000A002CD4D195ED007ADFED196A104A67
:1009100089ED007AC7EE267AFDEEE77A17EE903A77
:100920001370BDEC048BBDE8F88300BF6810012094
:1009300054AE002060AE002034FD0020A400002052
:1009400064AE002068AE00206CAE002050AE0020E7
:100950005C00002070AE00209A994941787A030823
:100960006000002058AE00200AD7A33B0000484397
:10097000CDCC6C4074AE002070B51A4B0546D879CA
:10098000C30694B02AD50C461646012000F09AFE04
:100990000028FAD06BBAADF80C304CB132460DF1EC
:1009A0000D03301912F9011B03F8011F9042F9D110
:1009B0000D49A31C03AA009291F83410DBB2FF2268
:1009C00003200BF0F5FC00F0010441F28832002313
:1009D000012000F01FFE204614B070BDC0F30014CB
:1009E000F3E700BF34FD0020907A0308F0B5194BFF
:1009F000DC791346E20685B021D5174C1F460E461A
:100A0000054600F0C7FCD4E9022390429941F8D38F
:100A1000124A92F8344003AB6ABA0093ADF80C2046
:100A20000223FF22214603200BF0C2FCFF220320F9
:100A30000097F3B221460BF07FF905B0F0BD002915
:100A4000FBD00A461846FF2105B0BDE8F04025F06E
:100A5000BBB800BF34FD002070AF0020907A0308BF
:100A6000024B1878003818BF01207047ACAE002048
:100A7000C84ADFEDC90AD2ED007AF4EEE07AF1EE71
:100A800010FA40F2BC802DE9F0412DED028BC34BF2
:100A90001B7888B0F0EE401A002B00F0A180022BEA
:100AA00000F04782032B00F06481012B40F03F826D
:100AB000BB4DAA7A910704D4BA4A1278002A40F0B2
:100AC000A183B949B94EDFF80883B94FB94A92ED0D
:100AD000007AFAEE086AB4EEE67AF1EE10FA00F364
:100AE000C382F0EE046A27EE667A77EE877AD1ED5C
:100AF000006A96ED007AF4EEE67AF1EE10FA07DD80
:100B0000D7ED007AF4EEC77AF1EE10FA00F32E81F9
:100B100071EE877AC6ED007AEA79920703D52A78D2
:100B2000540640F16B83A44A92F83210022903D98B
:100B3000A979C90600F1E482B0EE007AF4EEC77A32
:100B4000F1EE10FA40F16682B6EE007A67EE877A2F
:100B50009FED9A7A67EE877AF0EE678AB1EE678A40
:100B60002A78520640F13582DFED8B0A9FED931A09
:100B7000B0EE600ACDE90030FAF7D8F8904ADDE926
:100B8000003092ED001AF0EE407AB0EE670AF0EE17
:100B9000480A009388ED001A0190FBF795FED7ED07
:100BA000007A884B884A1A60B1EE047A77EE877A29
:100BB00096ED007AF4EEC77AF1EE10FA1E46009B2D
:100BC00017D8DFED827AF4EEE78AF1EE10FA10D84A
:100BD000744A019800211170704902220A70ABE139
:100BE000714991ED007AF4EEC77AF1EE10FA09DD61
:100BF0000023184608B0BDEC028BBDE8F08100234D
:100C000018467047DFF8DCC1DCED156AF4EEE67AD1
:100C1000F1EE10FAC8BFF0EE676A37EEA66AB4EEDE
:100C2000C67AF1EE10FAE3D45D4C94F80AC01CF0D9
:100C3000020F254600F01B82DFF8A4C19CF800E0FB
:100C4000BEF1000F3FF435AFF4EEC70AF1EE10FA33
:100C5000D4BFF0EE477AF0EE607A77EEE67AB2EE45
:100C6000086AF4EEE70AF1EE10FAC8BFF0EE607A17
:100C700087EE867A8CF8003094F801C0009363F315
:100C8000861C84F801C0DFF838C1484BDCF800E06E
:100C9000DFF854C103901E460191DCED004ADFF8F5
:100CA0004CC1C3ED000AB3EE056AB4EEC76A9CED11
:100CB000005A474BDFF838C1C3F800E0F1EE10FAF4
:100CC000D8BFB0EE467AF1EE005A37EE257A984654
:100CD000DCED005A364BDFF81CC183ED007A9CED49
:100CE000006ADFF814C18DED020A1F46394BCCEDC6
:100CF000004AC3ED000A8CED015ACCED025A8CED8E
:100D0000036A354BDFF8F4C0C3ED000ACCED006A8E
:100D1000324BDFF8ECC0C3ED000ACCED007A04F0F2
:100D200005F9FDF7EBFEDFF8DCC0009B8CF8003026
:100D30001C4B94F80AE0174A0199DDED021A03985A
:100D40004FF0010C83F800C0144B1EF0020F83F823
:100D500000C040F0A482634696ED007AD7ED007A99
:100D6000B4EEE77AF1EE10FA7FF5D2AE87ED007AB5
:100D7000CEE60B4CA37A99072546C3F3400243D431
:100D80006378064916480A7062F3861301220270DE
:100D900063702DE76400002000000000ACAE00206E
:100DA00034FD002098AE0020F890002094AE002082
:100DB00068000020BCAF0020B0280120920A863FC6
:100DC000503D0120A8B80020CDCC0C3F35FA8E3C18
:100DD0007CAE002088AE002084AE0020C0B8002089
:100DE0006C00002010AD0020B88F0020B48F0020D0
:100DF000B08F0020AC8F00209CAE002090AE002071
:100E00008CAE002080AE0020A34BDFEDA47A93EDE2
:100E1000000ACDED001AA1EEA70A0290CDED010A5D
:100E2000F9F724FF9C4BDDED010A0298B0EE401A61
:100E30009FED9B0A83ED001AFBF746FD99499A4AFC
:100E40009A4BD1ED005A92ED007A9949D3ED0B7A85
:100E500091ED006ADDED001AC3ED095A35EEC77A4F
:100E6000F1EE466A67EE277A83ED0A7AF4EEE67AC7
:100E7000F1EE10FAC3ED117A08D4F4EEC67AF1EE71
:100E800010FAD4BFF0EE676AF0EE466A894B8A49E1
:100E900093F83200C1ED006A022816D9A879C2067B
:100EA00013D5DFED867A93ED237AB4EEE77AF1EE8F
:100EB00010FA0AD5DFED827AF4EEE67AF1EE10FA56
:100EC000D8BFF0EE667AC1ED007A7E49CDED001A0A
:100ED0007D4BD1F89812196002F09EF9DDED001AF1
:100EE000002840F0A581794B6F4AD3ED007AF5EEEA
:100EF000C07AF1EE10FA00F1D681B6EE007AF4EE87
:100F0000C77AF1EE10FA0FD5D2ED007AF5EEC07A7D
:100F1000F1EE10FA00F18481B6EE007AF4EEC77AB1
:100F2000F1EE10FA00F18481694B00221A6001236E
:100F30005FE6684D644E0123674A4FF07E51D2F858
:100F400000C0C0F800C03160516841609168D2684B
:100F50008160C260EA79940703D52A78520640F18D
:100F60005681014604A80093FBF73CFCDDED067AB0
:100F7000DDED056A9DED077A9FED586A009B67EEEF
:100F8000A77AE6EEA67AE7EE077AF4EEC67AF1EEF5
:100F900010FA7FF52EAE524A117841B1E9798F07E8
:100FA00005D529784C06C1F3801040F164816B7837
:100FB0004C4A4D494D4C92ED000A43F0400300224B
:100FC0006B7022700A7008F02DFC494B1B6833606F
:100FD0000EE6DFED480A9FED481ACDED011AB0EE9E
:100FE000600ACDE90230F9F7A1FEDFED2C6A98ED39
:100FF000007ADDED011A8DED000AA1EEA67AB0EEC1
:10100000470AF9F733FEDDE90230DDED007AB0EE94
:10101000401ABAE5F1EE006AF4EEE67AF1EE10FA63
:1010200029D497ED007AB4EEE77AF1EE10FA00F3E6
:10103000F280F1EE046A37EE266AB4EEE76AF1EE6A
:1010400010FA40F3138177EEC77AB7EE007A87EE95
:10105000A66ADFED2A6A77EE467A67EEA67AF0EEA8
:10106000678AB1EE678A7BE5B3EE0E7A3DE51E4AEC
:10107000012111701DE577EEC77AB6EE007A27EEF2
:10108000677ADFED1C6ADFED1C7AE7EE267AF0EE78
:10109000678AB1EE678A63E57CAE0020960A063F58
:1010A000C7B8B23E78B80020BCAF0020D0B800204E
:1010B00094000020B0280120C0B80020CDCCCC3D49
:1010C00000000000B0010120A8B80020FC90002022
:1010D00078AE002034FD00209CAE002017B7D13B35
:1010E00080AE002090AE00206C000020ACAE00204E
:1010F000FCAF0020920A863E920A863FDB0F493FF2
:1011000097ED007AF4EEC77AF1EE10FA7FF514ADA0
:101110006949D2ED230A91ED000ACDED001AB1EE36
:10112000046A81EE861ACDE901308DED036AF9F784
:10113000D3FC624ADDED001AD2ED236A604A9FEDCE
:10114000617A92ED005A97ED003A5B49A1EEA65AFA
:10115000DDE9013082ED005A5B4A81ED000AD2EDF3
:10116000006AF7EE007A76EEC56AF4EEC07AF1EE28
:1011700010FAB4EEE67AD4BFF0EE405AF0EE675AB9
:10118000F1EE10FAD4BFB0EE665AB0EE475A85EED3
:10119000257AD6ED007A37EE277AB0EE084A37EE98
:1011A000047AF3EE0E4AF4EEC74AF1EE10FAD8BF15
:1011B000B0EE647AB4EEC37AF1EE10FA65EE843ADA
:1011C00013D59DED036A37EE866AB4EEC76AF1EE79
:1011D00010FAC8BFB0EE467AB4EEC76AF1EE10FA64
:1011E000D8BFB0EE476A87ED006AF4EEE36AF1EE2D
:1011F00010FA3FF6A1ACC7ED007A9DE4334A012115
:10120000117090E4324EDFF8EC80324FA4E52F4AA3
:1012100001211170A5E69FED308ADFED308A9FE451
:10122000BEEE007AF4EEC77AF1EE10FA7FF77CAEEC
:101230002B4B93ED007A71EE871AF7EE087AF4EEF5
:10124000E71AF1EE10FAC3ED001A7FF770AE6B7873
:10125000244A254C002060F3861310706B702070B8
:1012600002F0B0F8214B04221A70C1E49FED208AED
:10127000DFED148A74E4DFF884C01E49DCF800C096
:10128000174BC1F800C01C49107000221A600A6098
:1012900003F04CFE144B03221A70009BA9E4D2ED1C
:1012A000007A634612E4BEEE007AF4EEC77AF1EEFD
:1012B00010FA3FF729AE37E688AE0020B0280120AB
:1012C00084AE0020000000008CAE002080AE002024
:1012D00094AE002068000020DB0F49BFDB0F493FC0
:1012E00078AE00206C000020ACAE002030FD002065
:1012F000000000807CAE0020C0B80020503D0120DE
:101300001248827A22F0020210B48272104A114C02
:1013100011484FF0010C002382F800C000210F4A51
:10132000217003600E4C0F4810600F4A21700F4C63
:1013300013600F480F4A23600F4C036013600F487F
:101340000F4A217010BC03601360704734FD002009
:101350006C000020ACAE002094AE0020680000209D
:1013600098AE0020CAF249718CAE002090AE0020E9
:1013700088AE002084AE002080AE00207CAE00202D
:1013800078AE0020704700BF014B00221A707047F2
:10139000ADAE00202DE9D0481B4985B04FF0E024C8
:1013A00008680190A06900230246CDE9022300BF2E
:1013B000019E08688642F3D1144B019CD3E9006773
:1013C00079017001801B41EAD66161EB0701890058
:1013D00041EA907180008019DDE902BC41EB070110
:1013E000C90041EA5071C000B0EB0B00D3E9002303
:1013F00061EB0C01F7F746FC4FF47A73E4FB030151
:1014000005B0BDE8D08800BFACC3002098AF002075
:101410002DE9F04F3F4E8BB007464FF0E02C31687E
:101420000491DCF8181000230A46CDE9062300BF1A
:10143000049831688842F2D1DFF8DC90DDF8108042
:10144000D9E900014B014201121A43EAD06363EB70
:1014500001039B0043EA927392001218DDE906AB88
:1014600043EB0103DB0043EA5273D200B2EB0A0004
:1014700063EB0B01D9E90023F7F704FC10EB070A33
:101480004FF47A7341F1000BE8FB03AB03934FF089
:10149000E02733680593BB6900251C46CDE9084564
:1014A00000BF059A33689A42F3D1DDF81480D9E978
:1014B00000234FEA431C4FEA421EBEEB020EDDE959
:1014C00008014CEAD26C6CEB030C4FEA8C0CCDE9B2
:1014D00000014CEA9E7C4FEA8E0E1EEB020E009934
:1014E0004CEB03034FEACE02501A4FEAC303019AB2
:1014F00043EA5E7363EB0201D9E90023F7F7C2FB0D
:10150000039BE8FB0301504571EB0B01C1D30BB00A
:10151000BDE8F08FACC3002098AF0020014B1868E5
:10152000704700BFACC30020034A1368013318445E
:1015300013689842FCD87047ACC30020F0B52B4923
:1015400085B004464FF0E02508680190A8690023A3
:101550000246CDE9022300BF019E08688642F3D10E
:10156000234E019DD6E9002359015001801A41EA1A
:10157000D26161EB0301890041EA9071800080181B
:1015800041EB0301DDE90223C90041EA5071C000CB
:10159000801A61EB0301D6E90023F7F773FB4FF4E0
:1015A0007A730646E5FB0361D4E900030F46301A5F
:1015B00061EB030177EB030302D2013841F1000133
:1015C000F7F7CAFADFED0B7A00EE100A20EE270AD1
:1015D000F5EE007AB4EEE70AF1EE10FAC4E900671E
:1015E00001DD9FED050A05B0F0BD00BFACC30020D2
:1015F00098AF0020BD378635CDCC4C3E034B1A68E2
:10160000034B114443F82010704700BFACC30020C7
:10161000B0AE00202DE9F0412049164684B00746BF
:1016200098464FF0E0220B680193936900251C4611
:10163000CDE9024500BF019B08688342F3D1184DF4
:10164000019CD5E9002359015001801A41EAD26179
:1016500061EB0301890041EA90718000801841EB41
:101660000301DDE90223C90041EA5071C000801A7C
:1016700061EB0301D5E90023F7F704FB4FF47A731C
:101680004246E4FB0362074B841903EBC70342EBBA
:101690000105C3E9004504B0BDE8F081ACC30020FA
:1016A00098AF002070AF0020044A054B1B6852F829
:1016B000200098428CBF002001207047B0AE00206F
:1016C000ACC30020D0B5204984B006464FF0E024DA
:1016D00008680190A06900230246CDE9022300BFFB
:1016E000019F08688742F3D1184F019C1849D7E938
:1016F000002301EBC60C50015901801A41EAD26166
:1017000061EB0301890041EA90718000801841EB90
:101710000301DDE90223C90041EA5071C000801ACB
:1017200061EB0301D7E90023DCE90067F7F7AAFAC8
:101730004FF47A73E4FB0301B042B9412CBF01209E
:10174000002004B0D0BD00BFACC3002098AF002083
:1017500070AF002010B584B068461FF0DDFD009C1E
:101760002049A1FB04C100208A0C1F49DFF88CC06E
:101770000346C1E900231D491D4AD1F8FC3043F05E
:101780008073C1F8FC30136843F001031360DCF888
:101790000030DFF86CC0ACFB03C34FF0E0229B09C4
:1017A000013B5361F02381F823304FF0070C1149BE
:1017B00090610346C2F810C0024641F8232001336D
:1017C0002F2BFAD10C4B00200021C3E90001C3E903
:1017D0000201C3E90401C3E90601C3E9080104B039
:1017E00010BD00BF83DE1B4398AF002000ED00E07A
:1017F000001000E0B0AE002070AF002028020020F2
:10180000D34D62102DE9F0472DED048BB84B1A78BB
:10181000002A40F05F81B74FDFF81483DFF814939C
:1018200097ED003AD8ED003AD9ED002ADFF808E349
:10183000B14EB24996ED008ADEED006AD1ED007A34
:10184000DFF8F8C2AE4A9CED005AAE4DAE48DFF864
:10185000F0A2AE4C95ED002A94ED009AD0ED005A1E
:101860009AED006AAA4BE6EE817AE8EE416A21EE33
:10187000014AF0EE664AD2ED006AE5EE016AB6EE84
:10188000007A24EE077AA2EE415AE2EE476AE8EEC9
:10189000477AA5EE816AE9EE415AA9EE476AA2EEBF
:1018A000018AE1EE267AE1EE054AA1EE655A70EE74
:1018B000C30AA9EE478AE0EE813AE7EE654AE7EE11
:1018C000467A61EE071A67EE070AF0EE458A93ED55
:1018D000007A9FED905AB4EEC57AF1EE10FAE3EE7D
:1018E000812AA9EE412AE1EE466A08D4B1EE045AF3
:1018F000B4EEC57AF1EE10FAD8BFB0EE475A864B77
:101900009FED867A93ED001AB4EEC71AF1EE10FA45
:1019100008D4B2EE047AB4EEC71AF1EE10FAD8BFCA
:10192000B0EE417A7E4BE4EE078AE7EE207AE7EEEE
:10193000216AE7EE214A93ED004A9FED7A7AB4EEF0
:10194000C74AF1EE10FA08D49FED727AB4EEC74A96
:10195000F1EE10FAD8BFB0EE447A30EE624AB9EE3A
:10196000040AB4EEC04AF1EE10FA39EE071A08D4B0
:10197000B1EE040AB4EEC04AF1EE10FAD8BFB0EEF0
:10198000440A37EE857AB7EE004A84EE075AB0EE85
:10199000634A64EE850A67EE851AA0EE204AE0EEFF
:1019A000212ABAEE047AB4EEC74AF1EE10FA28EE14
:1019B000055AC9ED002A08D4B2EE047AB4EEC74A3B
:1019C000F1EE10FAD8BFB0EE447AA0EE053A88EDF9
:1019D000007ABAEE0E7AB4EEC73AF1EE10FA08D4F5
:1019E000B2EE0E7AB4EEC73AF1EE10FAD8BFB0EE0E
:1019F000437AB0EE484AA7EEC54AA6EEC52AF0EEF5
:101A0000413AE6EE453A87ED007A9FED477AE7EEF8
:101A1000E04AB0EE685AB4EEC47AA6EEE05ABDECE5
:101A2000048BE6EE605AF1EE10FAB4EEC27AC8BF4B
:101A3000B0EE474AE7EEE17AF1EE10FAB4EEE37A5F
:101A4000C8BFB0EE472AE6EEE16AF1EE10FAB4EE56
:101A5000E47AC8BFF0EE473AA6EE616AF1EE10FAFA
:101A6000B4EEC57AC8BFF0EE474AF1EE10FAB4EE14
:101A7000E57AC8BFB0EE475AF1EE10FAB4EEE77A55
:101A8000C8BFF0EE475AF1EE10FAB4EEE67AC8BFDE
:101A9000F0EE477AF1EE10FAB4EEC67AC8BFF0EE77
:101AA000476AF1EE10FAD8BFB0EE467A86ED004AEA
:101AB00085ED002AC4ED003ACEED004A8CED005AC7
:101AC000C0ED005AC1ED007AC2ED006A8AED007ADD
:101AD000BDE8F0870022DFED153A064FDFF85080B1
:101AE000DFF850901A70F0EE402AB0EE603A9DE6B2
:101AF00074000020CCAF0020A4AF002080000020A4
:101B0000B4AF0020A0AF0020A8AF002078000020D4
:101B1000C8AF00200AD7233CC4AF0020CDCCCC3DB9
:101B2000C0AF002077CC2B32BD37863500000000D7
:101B3000BCAF0020B8AF0020ACAF00207C0000207C
:101B4000B0AF002059B170B5054E0446451814F8E1
:101B5000011B307804F080FEAC42F8D170BD7047B4
:101B60006C100120044B1B7823B1044B044A1B6802
:101B70000121D154704700BF840000206C10012067
:101B8000E4C3002038B504460D46FFF703FCDFF838
:101B9000F8C0DCF80830CCF80C50DA179C4275EB32
:101BA00002023CBFA3F57F43FF3BE31A1DB2CCF812
:101BB00008402C4CB5F52F6F22789BB21ADD2A4DC8
:101BC000DFF8C8C0CCF800302B682860C01A6B68FA
:101BD000696061EB0301254BC3E90001244B01213E
:101BE0001970244B24491A7000232370CCF8043058
:101BF0000B7038BD6FF46171591889B240F2AE4074
:101C0000814225D91A4B002119701A4B01321B78D9
:101C1000D2B293422270ECD8154B184C1A78237824
:101C2000EAB9043B5BB2002BD4BF00210121142B85
:101C3000A8BF14236FF013051148AB42B8BF2B4661
:101C4000027923700F4B61F3C3021970027138BD22
:101C500002EB82010CEBC10CCCF81C30D5E7013350
:101C6000E0E700BF7CB0002090B0002080B00020F2
:101C70003DB70020850000203EB7002086000020F0
:101C800034FD00203FB70020E0B3002088B00020E2
:101C9000884BDFED897A1A791968B3F802C0988801
:101CA000C1F3CA2102F0010207EE101A920242EAC1
:101CB0009C12F8EEC70A07EE102A59681A7AB3F890
:101CC00006C0C0F34A00F8EEC75A07EE100AC1F387
:101CD0000A3102F00302B8EEC71A520207EE101AD8
:101CE00042EADC12B3F808C09968187BF8EEC71A0C
:101CF00007EE102ACCF38A0CB8EEC76A07EE10CABA
:101D0000DA7A93F80FC0C1F34A31B8EEC72A00F06F
:101D1000070007EE101A42EA00229889D968F8EE07
:101D2000C72A07EE102AC0F3CA001A7CB8EEC73AD9
:101D300007EE100AC1F38A3102F00F02F8EEC73A3B
:101D4000D20107EE101A188A196942EA5C02B8EE4D
:101D5000C74A07EE102AC0F30A10F8EEC76A07EE6A
:101D6000100AC1F3CA311A7D93F813C0F8EEC74ABE
:101D700007EE101A998A1B88C3F30A03B8EEC75AF4
:101D800007EE103AB8EEC70A2DED048BB6EE047AD2
:101D9000F0EE679AE0EE079A02F01F029201B0EEB1
:101DA000670AA1EE870A42EA9C02C1F34A11F0EEEB
:101DB000671AE2EE871A414BB0EE679AB0EE678A77
:101DC000F0EE672AA0EE879AA1EE078AE3EE872A53
:101DD000F0EE670AB0EE671AF0EE673AE6EE070A31
:101DE000A2EE071AE6EE873AB0EE672A06EE902AD0
:101DF00006EE101AA3EE072AB0EE673AA4EE073AF1
:101E0000F0EE678AB0EE674AF8EEE66AB8EEC66AA8
:101E1000E5EE878AA4EE874AF0EE675AF0EE674A4D
:101E2000E5EE074AE6EE875AE6EE077AFDEEE99A16
:101E3000BDEEC99AFDEEE88ABDEEC88ABDEEC00AC5
:101E4000FDEEE00ABDEEC11AFDEEE11ABDEEC22ABA
:101E5000FDEEE22ABDEEC33AFDEEE33ABDEEC44A22
:101E6000FDEEE44AFDEEE55AFDEEE77AC3ED079A92
:101E700083ED119AC3ED1B8A83ED258A83ED2F0A2A
:101E8000C3ED390A83ED431AC3ED4D1A83ED572A8A
:101E9000C3ED612ABDEC048B83ED6B3AC3ED753A5B
:101EA00083ED7F4AC3ED894AC3ED935AC3ED9D7A12
:101EB000704700BF58B7002000005C44E0B300202A
:101EC00010B5444A92F84630162B68D0282B5FD0C4
:101ED000142B5CD107CA404B3F4C03C3A17823F8B5
:101EE000022B100C64293D4A18700B463C4828BF51
:101EF0006423C2F8C432F8F7F9FC2379002B5DD1D2
:101F0000354B197837484942F8F7F0FC324B3648E0
:101F100093F90310F8F7EAFC3148F8F7EFFC334B7C
:101F20004F289A792E48CCBF0021012161F3451238
:101F30009A71F8F7E3FC2D4B3128DA792948CCBFA8
:101F40000021012161F38202DA71F8F7D7FC274BF7
:101F50005A305A7A2248ACBF0021012161F3C302F2
:101F60005A72F8F7CBFC224A18288CBF00230123B1
:101F70001B481370F8F7C2FC1E4B312894BF012296
:101F800000221A7003D81C4A13680133136010BD75
:101F90001A4B1B78042BFAD118F056FA10BDFFF734
:101FA00077FE164B164A1B780121117043B1042BA2
:101FB000EDD1FFF7EFF916F0CFFB10BD6178A1E787
:101FC00018F094FE0028E2D00E4B187818F084FE2A
:101FD00010BD00BF58B7002000B70020E0B30020BC
:101FE0002CB700201CB700200CB7002034FD0020C7
:101FF00041B7002042B7002048B7002084000020ED
:102000003EB700206410012038B50546FFF7C2F93D
:10201000DFF8B8C2A74B9CF800C09A6CD3F84CE02C
:102020009864BCF1030FD96445D8821A61EB0E0E97
:10203000BCF1010F18D816D140F6A174A2427EF16E
:10204000000455D293F84120022A74D00BD8002AFC
:1020500000F0298193F842104A1CD2B2172A5D542D
:1020600083F842207FD038BD41F64D5C62457EF159
:10207000000C57D293F842209D540132D2B20F2A5D
:1020800083F84220EFD98C4BDFF844C21A681860FD
:10209000821A8A48CCF80020027942F008020271C4
:1020A000874A4FF0010010705A68596061EB0202D4
:1020B000CCF8042038BDBCF1040FD4D11A6DB0EBBC
:1020C000020E5A6D40F24D4461EB0202A64572F1D8
:1020D00000021CD293F84120042A48D0052A4DD092
:1020E000032AC0D1AA1E83F8452083F841C038BD19
:1020F00074490A604FF00002C1F804E0A3F84120DF
:102100000F2DB0D14FF00102A3F8412038BD0122BC
:1021100083F84020032283F8445083F84120C3E928
:10212000140138BD67491D700A60012283F84220FE
:10213000C1F804E038BD624ADFF894E182F800C0DB
:102140005D4AD2F800C01060B0EB0C00CEF8000081
:102150004FF00000A3F841005368516061EB0303A6
:10216000CEF8043038BD022283F8412038BD4FF04C
:10217000050283F84650A3F8412038BD93F8422069
:1021800093F845C0624504D2511C83F842109D5417
:1021900038BD494ADFF838E114681060001BCEF8FA
:1021A00000005068516061EB0001CEF8041093F814
:1021B000462045498A5CBCF1000F60D018469C441B
:1021C0006FF02A0130E04FEA4E0E4FFA8EF2002AED
:1021D00050DB4FEA4E0E4FFA8EF2002A45DB4FEAF3
:1021E0004E0E4FFA8EF2002A3ADB4FEA4E0E4FFAAD
:1021F0008EF2002A2FDB4FEA4E0E4FFA8EF2002AA3
:1022000024DB4FEA4E0E4FFA8EF2002A19DB4FEA1A
:102210004E0E4FFA8EF2002AACBF4FEA4E0281EA10
:1022200042028445D2B22AD010F801EB8EEA020EA7
:102230004FFA8EF2002AC6DA81EA420252B296467C
:10224000C5E781EA420252B29646E4E781EA4202D9
:1022500052B29646D9E781EA420252B29646CEE79A
:1022600081EA420252B29646C3E781EA420252B282
:102270009646B8E781EA420252B29646ADE70F4869
:10228000DFF83CC00179AA1AB2FA82F2520962F36D
:10229000C3010171002006218CF8002083F8400062
:1022A00083F8411038BD93F84220002A3FF428AF4C
:1022B00038BD00BF58B7002090B0002034FD00208A
:1022C0003FB7002088B000203C5D03088400002058
:1022D00080B000202DE9F047BF4AC04992F800E0E5
:1022E000BF4A91F800C092F80280D178BD48BE4E36
:1022F000BE4B90ED007A1C68307808EA0105FF2D8E
:1023000000F04E8148FA0CF34FEAD81708EA0E089D
:1023100041EA082109B2091B07EE901ADFEDB46A01
:10232000B449F8EEE77A03F00F03E7EE876A03EBB0
:102330008308834201EBC801FDEEE66A26BF581C04
:1023400001250025C1ED076A4FF00108117992F8C7
:10235000059009EA010ABAF1FF0F20D041FA0CF307
:1023600003F00F03834280F015810EEA010149EA70
:10237000012109B2091B07EE901ADFED9D6A9D4904
:10238000F8EEE77A03EB8307E7EE876A01EBC70114
:102390004FF001080027FDEEE66AC1ED076A91796A
:1023A00092F8079001EA090ABAF1FF0F20D041FA2A
:1023B0000CF303F00F03984240F2E9800EEA0101AA
:1023C00049EA012109B2091B07EE901ADFED886A7C
:1023D0008849F8EEE77A03EB8307E7EE276A01EB1B
:1023E000C7014FF001080027FDEEE66AC1ED076A5C
:1023F000117A92F8099001EA090ABAF1FF0F20D088
:1024000041FA0CF303F00F03984240F2BD800EEA4C
:10241000010149EA012109B2091B07EE901ADFED1B
:10242000746A7449F8EEE77A03EB8307E7EE276AEC
:1024300001EBC7014FF001080027FDEEE66AC1ED90
:10244000076A917A92F80B9001EA090ABAF1FF0F34
:1024500020D041FA0CF303F00F03984240F2918030
:102460000EEA010149EA012109B2091B07EE901A9F
:10247000DFED5F6A5F49F8EEE77A03EB8307E7EE8B
:10248000276A01EBC7014FF001080027FDEEE66A5D
:10249000C1ED076A117B92F80D9001EA090ABAF1C1
:1024A000FF0F00F0828041FA0CF303F00F03984213
:1024B00001D8581C01250EEA010149EA012109B29F
:1024C000091B07EE901ADFED4A6A4A4992F80E900E
:1024D00092F80FA0F8EEE77A03EB8307E7EE276A9E
:1024E00001EBC707FDEEE66AC7ED076A09EA0A07CE
:1024F000FF2F52D049FA0CFC0CF00F03834226D276
:102500000EEA090E4AEA0E2A0FFA8AFAAAEB040A20
:1025100007EE90AADFED366AF8EEE77A03EB830464
:10252000E7EE276A01EBC401FDEEE66AC1ED076A3A
:1025300025BB2F463048314903700F701388304A4D
:10254000304801215BBA11700380BDE8F0870EEAC4
:1025500009004AEA002000B2001B07EE900ADFEDF6
:10256000246AF8EEE77A03EB8300E7EE276A01EBD3
:10257000C001581CFDEEE66AC1ED076A3070002705
:10258000D8E7581C01256BE7581C01253FE7581C6C
:10259000012513E7581C0125E7E6002DEED1EEE7F3
:1025A00000273B463D46B846D0E692F80E9092F89A
:1025B0000FA00AEA0901FF2907D049FA0CFC0CF028
:1025C0000F0383420B499BD3C1E705B13070B8F1CB
:1025D000000FB3D0AEE700BF54B7002055B70020BE
:1025E00058B700208C0000208500002088000020C3
:1025F0000080BB44E0B300207CB0002050B7002036
:102600003EB7002052B7002030B52D4A2D482E4944
:1026100054688BB0CDE908019168126807910023D6
:10262000CDE90033CDE90233CDE9043206940DF152
:1026300013010DF1270011F8013F6B4488421A780D
:1026400002F101021A70F6D1204B597921F00401F0
:102650006A460DF1140E5971597911F0040F597928
:1026600027D112F8010B013818BF012060F3820155
:1026700096455971F0D193F805C01CF0040F16D19E
:10268000BEE80F000E4C124D0FC42346DEF80020AA
:1026900043F81129CCF3800C13F8011F0CF101024F
:1026A00005F801C05FFA82FCBCF1140FF4D10BB045
:1026B00030BD013241F0040196455971CCD1DAE7C1
:1026C00068B000200C0D0E0F1011121334FD002005
:1026D00050B000202DE9F84FA04DA14CAB79DFF8A8
:1026E0000883012223F004032270AB71FEF752FE2F
:1026F0009C4BC3E900019C4B3C221A70FEF70EFF75
:10270000582200210646994823F05EFA98F80030D6
:10271000032B00F20D8153B9954B1B78002B40F031
:102720001681944F3B68944A0021D15436E0934A75
:10273000904F12783A60013B032BF3D8DFE813F097
:10274000F000DA00C4000400AB798D4843F00403C4
:10275000AB718C4B4FF00008C3E90088C3F80780C9
:10276000F8F7BAF88848F8F7B7F88848F8F7B4F8EF
:10277000122323706B7A864968F3C3036B72EB797B
:1027800068F38203EB71AB7968F34513AB7138786A
:102790000AF042FD784A3B680121D154FFF734FF2B
:1027A0007C4B7D4F01210022597400200021C3E998
:1027B0000522C3E90201DA6107F548713B464FF48F
:1027C0007A72DA6128338B42FBD1744B002403F513
:1027D0004872DC6128339A42FBD1502200217048B4
:1027E00023F0F2F96A786F4B6F4993F8019093F8F0
:1027F000028093F800E093F804C0987993F80AA057
:1028000022F080026A70AA7822F00102AA70DA78B7
:10281000DB7A09EB890903EB830308EB880802EBF9
:1028200082020EEB8E0E0CEB8C0C00EB80000AEBA0
:102830008A0A07EBC80807EBC20207EBCE0E07EBCC
:10284000CC0C07EBC00007EBC90907EBCA0A07EB82
:10285000C3072B784FF0000B43F001032B70C1F836
:1028600000B040F2DC534E49C9F81C30C8F81C30A7
:10287000D3614FF07C524A608A60CA60CA6240F2FB
:102880001A484FF4FA62CEF81C80CCF81C20C261C2
:10289000CAF81C30FB61454B44F62061DE630E2014
:1028A000FEF7ACFE424B4349C3F800B02B79424AD5
:1028B0000C7023F008032B71404B1C70404B1C70B4
:1028C000EC231370BDE8F88FAB793E493A683E4877
:1028D0003E4C43F00403AB713D4B032718600F706F
:1028E0003C48254B072121704FF480610160012194
:1028F000995453E7AB7933493A683748334C43F03E
:102900000403AB71324B022718600F7031481A4B29
:10291000032121704FF400710160012199543DE7BA
:10292000AB792E4943F00403AB71122323702EE7D9
:10293000042B104F7FF4F6AE294B2A481B783B60DE
:1029400015F0E6FE15F0ECFE98F80030F3E60AF01C
:10295000AFF9084F98F80030EDE600BF34FD0020D5
:102960008500002090B00020DCAF002058B7002088
:10297000108303086C100120E4C300207B7A030855
:102980002CB7002000B700201CB700200CB7002097
:10299000A068060098B00020C0B00020E0B300207E
:1029A00000B0002068B00020F8AF0020B0AE0020DA
:1029B000FCAF00207CB00020860000203CB8002046
:1029C0003EB7002055B700209A99193F54B7002010
:1029D0008C000020880000209A99993FA086010071
:1029E0007C7A0308451B01088400002010B5FEF71F
:1029F000D1FC4B4B4B4A1B78DFF85CC11468526822
:102A00000CFB03F31B1942F1000283428A4128D2D6
:102A1000454A137823BBDFF844C14448DCF8001072
:102A20000131CCF80010017963F3C3014FF0010CC0
:102A300001713F4982F800C03E4A81F800C03E481B
:102A40003E4982F800C051F8232040F823200A3381
:102A5000C82BF8D13A493B4BEC20012208701A7080
:102A600010BD394B1A78002AFAD0384A2E4912780C
:102A70004FF0000C81F800C083F800C0042A45D84C
:102A8000DFE802F03C0703034000BDE81040FFF719
:102A900021BCFFF7FDF82E4B2E489B7D234913F0F8
:102AA000010F0CBF4FF47A7C4FF4FA6C13F0020F55
:102AB000C0F89CC20CBF4FF47A7C4FF4FA6CC0F89B
:102AC000C4C21C480A79C3F3800C80F800C01848BF
:102AD000C3F3C00C80F800C0DFF884C019488CF83C
:102AE000003013F00C0F0CBF4FF0010E4FF0000E32
:102AF00001236EF3C30203700A7110BD114B012252
:102B00001A7010BDBDE81040FFF7DAB9074A0D4949
:102B10001379002023F008030870137110BD00BF63
:102B2000F400002090B000203CB7002034FD0020CD
:102B300042B7002041B70020FCB30020DCB00020E9
:102B4000860000203EB700203FB700208400002010
:102B500058B70020E0B3002040420F0048B70020E3
:102B600040B70020022806D807EE900A024BFBEE81
:102B7000EF7AC3ED067A704700B000202DE9F041EE
:102B800082B0FFF733FFB94B1A7812B902B0BDE833
:102B9000F081B74C94F800E000221A70BEF1000FEB
:102BA00000F0BC82B348B44DDFF83883B34F014620
:102BB000FB69DFEDB37A0E78A3F57A7300EE903AF5
:102BC00098F80030F8EEE00A60EEA70A002B00F05B
:102BD0008B81013205EB86069645C6ED000A1DD9AC
:102BE000A64B861802EB8202B0EE677A03EBC202B4
:102BF000013ED369A3F57A7307EE903AF8EEE77ACF
:102C0000B11C16F801CF67EE877A091A05EB8C0C18
:102C10008E4502F12802CCED007AEAD895ED017AD2
:102C2000D5ED027AD5ED036A964BB6EE006A37EE23
:102C3000467A77EEC67A37EE077A76EEC66AF1EE16
:102C4000677A77EEA77A76EEA66AB5EEC07A03F5D4
:102C5000AE62F1EE10FA83EDAE7AC3ED007AC2ED0A
:102C6000006A00F15B81F5EEC07AF1EE10FA00F136
:102C70002182F4EEC77AF1EE10FAC8BFB0EE677A9F
:102C8000DFED817A814F82497A7881ED007AB4EE66
:102C9000E77AF1EE10FA48BF0121D5ED007ADFEDB9
:102CA0007D6A7D4E58BF002161F304127A70F4EE04
:102CB000E67AF1EE10FA7A79C6ED007AACBF01211E
:102CC000002161F3000219207A71FEF7EDFC002863
:102CD00040F0B781714E2278F179914280F079818C
:102CE00095ED077ADFED6E7AB4EEE77AF1EE10FA41
:102CF000CCBF01200020F97860F34101F970B1796F
:102D0000914280F05681D5ED067A9FED667AF4EE19
:102D1000C77AF1EE10FA80F2B7819FED637A634BC8
:102D2000F4EEC77AF1EE10FAACBF01210021197060
:102D300080F2AD81F17A96F804C08A4200F21F81D8
:102D40005B484FF0000E6245C0F800E000F2F880EA
:102D5000584900200870397841F001013970F6EEC9
:102D6000007A5549C1ED097A707A904280F0658108
:102D7000D5ED097AB6EE007AF4EEC77AF1EE10FAE4
:102D8000ACBF012000204D4A0093C1ED077A1070BE
:102D900000F0B0FE4A4A24781278009B0A2A00F01C
:102DA0002D8100210120FA7860F38202FA70454AF1
:102DB0001160B27AA24280F01B81D5ED0A7AB6EE9C
:102DC000007AF4EEC77AF1EE10FA04DB3E4A12788C
:102DD000142A00F09D8100223C49B0EE007AFFEEFB
:102DE000000AE7EE870A0A70B1EE000A1EF06EFDD7
:102DF000327A3749A24281ED000A0DD2DFED287AFE
:102E000095ED087AB4EEE77AF1EE10FA04DD314A76
:102E10001278002A00F06D8100202F4CBA7A98F8C1
:102E20000010247860F341022143BA720FD02B497D
:102E3000FA79097842F02002FA71002940F0CB803B
:102E4000244A12781AB9FA78910740F15981244935
:102E500091F90020002A40F0A5807A7A42F0200201
:102E60007A7202B0BDE8F041FEF78CBA3EB700209E
:102E70008500002050B0002000B00020E0B300200A
:102E80006F12833A78BB0020CDCC4C3E34FD00203D
:102E9000E0AF00200AD7233DFCAF002068B000203F
:102EA0003333333FABAA2A3FABAAAA3E3CB800203B
:102EB000F8AF0020AA0E01205C860020F4AF0020AD
:102EC0003FB80020C8B80020F5000020A0900020E6
:102ED00070000020A90E012041B70020A00E0120A3
:102EE000DCAF002042B7002005EB860696ED000A15
:102EF000B6EE081ACDE90021F7F7EEFD009A94F836
:102F000000E0019986ED000A0132724501F10101EC
:102F100007F12807BFF482AE844849E6F5EEC07A8F
:102F2000F1EE10FAF1EE476A00F1DB80F4EEE67A9A
:102F3000F1EE10FAD4BFB0EE667AB0EE677A9FE693
:102F40007B480078012800F0C08095ED047ADFED21
:102F5000797A7948B4EEE77AF1EE10FACCBF4FF007
:102F6000010C4FF0000C80F800C038788A4240F025
:102F7000010038707FF6F3AED5ED0B7AF1E6D5EDB2
:102F80000B7A6E48B6EE007A37EEC77A624580ED6E
:102F9000007AD5D8684900200870397841F00101DD
:102FA0003970DEE6013A0A7002B0BDE8F041FEF782
:102FB000E9B9F879624B002161F3C300F8717878C0
:102FC000197061F3C7107870B87861F30000B870B9
:102FD000B0E600208FE601295ED002297FF437AFEA
:102FE0007A7AD3073FF533AF032000F0EBF92EE7F1
:102FF000544A0021B7EE000A1170F9E61A78013A36
:10300000012A7FF6CEAE7279A242BFF4CAAED5EDE8
:10301000057A9FED4D7AF4EEC77AF1EE10FA80F260
:1030200081809FED4A7AF4EEC77AF1EE10FAACBFD8
:103030000121002181F00100B5E6DFED457A002095
:10304000A1E6FA211920FEF7D9FA424A96ED007A54
:10305000D2ED007A77EE677AF5EEC07AF1EE10FAEB
:1030600001D5F1EE677A82ED007A3B4A92ED007A63
:103070007A78B4EEE77AF1EE10FA4CBF0121002124
:1030800061F345127A7025E62D4B02211970334801
:103090000168013101604DE67A7AD2073FF5D7AE7B
:1030A0007A7A2F4942F0010206207A72087000F005
:1030B000A5F8CCE6F1EE677AB4EEE77AF1EE10FA15
:1030C0007FF5DEADB0EE677ADAE5264890F8340099
:1030D00000283FF43AAF18484FF0000C80F800C0C9
:1030E00043E7B4EEE77AF1EE10FA0EDDF1EE677A1F
:1030F000E8E7F878C0F3400080F00100C0B28CE649
:10310000BA7A42F00202BA72A1E6B0EE667AB7E588
:10311000FA78C2F3400282F001025DE6124DDFF858
:103120004C807BE5002002213DE600BF50B000202E
:103130001AFD0020CDCCCC3DAA0E0120F8AF002016
:103140003CB80020A0900020ABAA2A3FABAAAA3E20
:1031500000000000D8AF0020E4AF00204CB70020F2
:103160003EB80020347F030800B0002042B70020A2
:103170001C4BD3ED007AF5EEC07AF1EE10FA0DD9C2
:10318000194B93ED036AD3ED056AE6EE667AB7EE66
:10319000087AF4EEC77AF1EE10FA01D500207047F4
:1031A000124B93ED007AB5EEC07AF1EE10FA16D913
:1031B0000F4A104B92ED006A1B88DFED0F6A86EE16
:1031C000277A07EE903A37EE267AF8EEE77AB4EEF1
:1031D000E77AF1EE10FA4CBF012000207047012081
:1031E000704700BFD4AF0020B020012054AE0020B3
:1031F00020A1002050AE002000007042044A054883
:10320000D378002161F386130170D370704700BF3B
:1032100034FD00203DB80020244B1B78013B032BDC
:1032200042D8DFE803F03C201B02214A214B92EDFB
:10323000007AF6EE087A67EEC77A93ED007AF4EE3C
:10324000C77AF1EE10FA2FDD1B4BDFED1C7A93ED00
:10325000007AB4EEE77AF1EE10FA25DD184BD87853
:10326000C0F380107047124A124B92ED007AF6EECE
:10327000087A67EEC77A93ED007AF4EEC77AF1EE3A
:1032800010FA11DD0C4BDFED0D7A93ED007AB4EE00
:10329000E77AF1EE10FACCBF012000207047084B0E
:1032A0001878C0F3C000704700207047A10E0120BD
:1032B00094000020C0B80020A8FF0020CDCC4C3ED8
:1032C00034FD002008B59FED380A06F0ABFA374A06
:1032D0001378032B48D8DFE803F03D2C04020120CB
:1032E00008BD3348FEF72AF9DFED327A20EE270ACF
:1032F000FFF792FF304BD3ED007AF8EE677AA8BB68
:10330000B0EE007AE0EE077A9FED2C7AF4EEC77A01
:10331000F1EE10FA3FD5FCEEE77A17EE901A284A44
:103320001960D37823F04003D3700720FEF766F9C5
:103330001AE00720FEF7B8F9B0B1FEF72BF81C4BE6
:103340001D4AC3E9000140F6B8301060174A022355
:10335000137009E0184B4FF47A7107201960FEF7DB
:103360004DF9124A01231370002008BD77EEC07A90
:103370000E4AF5EEC07AF1EE10FA0FDDFCEEE77AB8
:1033800017EE901AF8EE677A1960F5EEC07AF1EE52
:1033900010FACAD804E040F6B831C0E7002119603D
:1033A00003231370C1E700BF0000C8C23DB800206E
:1033B000B8B7002000007A44C0B7002000803B4529
:1033C00034FD002010B50A4B82B0002401901C602F
:1033D000FBF794FB074A0849D3780C6023F02003DD
:1033E000D37002F011FC054B0198187002B010BDAB
:1033F000C0B8002034FD0020A8B800203EB800204E
:10340000324BDA799006C2F340110CD53049314A7B
:1034100091ED007AD2ED007AB4EEE77AF1EE10FA8F
:10342000CCBF012100211A7861F382021A701A7848
:10343000520742D526482849284AD0ED007A91ED16
:10344000007A127877EEC77A72B122491A7891ED34
:10345000007AB4EEE77AF1EE10FA4CBF01210021B8
:1034600061F382021A7070471D4A92ED247AF6EEDB
:10347000006AB4EEE67AF1EE10FA1FDCDFED196AAD
:1034800019491A4A91ED006A92ED007AE6EE667AE1
:10349000F4EEC77AF1EE10FA16DD154A92ED007AD5
:1034A000F2EE0C7AB4EEE77AF1EE10FA4CBF01219D
:1034B00000211A7861F382021A7070470C4A92ED6B
:1034C000006AC6EE076ADBE70021F2E734FD002060
:1034D000FC90002078010120D0B80020A90E012026
:1034E000B028012000000000BCB80020B4B80020C3
:1034F0003CA1002010B5514B1B7882B04BBBFBF7B1
:10350000FDFAFFF77DFF4E4C9FED4E0A0623237018
:1035100006F088F94C4A1378032B18D8DFE803F03B
:1035200065532802494B002119600191FBF7E6FA27
:10353000474A4848D3780199016023F02003D370AB
:1035400002F062FB444B0621042221701A7002B083
:1035500010BDFBF7D3FA414C414B94ED000AD3ED7B
:10356000007A30EE270AF7F781FB04ED0C0ACAE770
:103570003C48FDF7E3FFDFED3C7A20EE270AFFF73A
:103580004BFE3A4BD3ED007AF8EE677A002838D13B
:10359000B0EE007AE0EE077A9FED357AF4EEC77A66
:1035A000F1EE10FA42D5FCEEE77A17EE901A284AAF
:1035B0001960D37823F04003D370072002B0BDE830
:1035C0001040FEF71BB80720FEF76EF80028BED0AB
:1035D000FDF7E0FE234B254C1B4AC3E9000140F6F2
:1035E000B830022320601370B1E7204B4FF47A719A
:1035F00007201960FEF702F8134A0123137002B086
:1036000010BD77EEC07A104AF5EEC07AF1EE10FAEE
:103610000FDDFCEEE77A17EE901AF8EE677A196084
:10362000F5EEC07AF1EE10FAC7D804E040F6B831F2
:10363000BDE70021196003231370BEE7A90E012026
:103640003EB800200000C8C23DB80020C0B800202D
:1036500034FD0020A8B8002030FD002064A1002027
:10366000503D0120B8B7002000007A44C0B70020C8
:1036700000803B4530B5404C237813F0400F83B0B9
:10368000637A16D1C3F3000113F001032CD03B4B36
:103690003B4D1B78002B3FD1FBF730FAFFF7B0FE14
:1036A0004FF006022A70FFF70DFE00284CD103B040
:1036B00030BDDB07FBD5334B93ED007AF2EE0E7A8B
:1036C000B4EEE77AF1EE10FAF1DD2F48637A2C4A76
:1036D00090ED000A23F0010300216372117003B022
:1036E000BDE8304006F09EB8627ADFF8BCC02648DC
:1036F00042F001026272DCF80020026020480622DB
:103700000270224A1170E27863F386121B4BE2705A
:103710001B780546002BBFD0FBF7F0F91C4A1D4B68
:10372000D2ED007A1C4A019392ED000A30EE270A8E
:10373000F7F79CFA019B4FF0060283ED000A2A700E
:10374000FFF7C0FD0028B2D0144A00231360019394
:10375000FBF7D4F9124A019B1360E37823F02003AE
:10376000E37002F051FA0F4B04224FF0060028706C
:103770001A7003B030BD00BF34FD0020A90E012037
:103780003EB80020FC90002038B800203DB8002052
:10379000503D012034A1002064A10020C0B80020C9
:1037A000A8B8002030FD0020D0B80020064A02F55D
:1037B000A663D3E9000192ED007B044B83ED027B0D
:1037C000C3E90801704700BF8896002078AD00204B
:1037D00010B5104C1049A378104A23F00403A370CD
:1037E000A37823F00203A370E37923F00803E371C5
:1037F0002378002023F004030870FF211170237048
:10380000FCF7D4FAA378064A052143F001031170AE
:10381000A37010BD34FD00203DAC00205891002065
:103820003FB8002070B5334CDFED337A334D04F6EA
:10383000CC732DED028B93ED008ADFED318A38EEEB
:10384000278A82B0B0EE480A1EF0E0F860EE287ACF
:1038500004F5A26617EE900AF4F736FD02460B4611
:10386000D6E90001F4F7D2FBB0EE480AC5E902013F
:103870001EF00CF960EE287A04F5246617EE900A23
:10388000F4F722FD02460B46D6E90001F4F7BEFB31
:103890001C4B93ED000AC5E9080110EE100A8DEDEE
:1038A000010A04F6E474F4F70FFD22689DED010AA5
:1038B000AA640023C5E90E0185F8643005F0B2FF63
:1038C000D4ED006A9FED107AC8EEA67A072067EE65
:1038D000877AFCEEE77A17EE901A01F59C510831D1
:1038E000FDF78CFE094B12221A7002B0BDEC028B60
:1038F00070BD00BF78910020DB0FC93FD0B700201A
:1039000000004843FC90002000007A443FB80020AB
:1039100038B51C4B00241C6001F008FB1A4A1B4BF5
:10392000D2ED137A1A4AC3F8B04202F22C50FCEEE0
:10393000E77A046002F65C2017EE905A046002F207
:103940001C50C3F8AC42046002F64C204FF47A716C
:10395000046003F5AD6002F67C72046003F264500B
:1039600001FB05F1046003F5026003F61C0304602B
:10397000072014601C60FDF741FE064B08221A70F8
:1039800038BD00BFC0B80020E0AD002078BB0020EB
:10399000789100203FB800204A4B1B78012B00D0C3
:1039A0007047494AD279D209FAD04849484AD1EDFC
:1039B000007A92ED007AB4EEE77AF1EE10FA03D5D0
:1039C000444B10221A707047434A92ED007AB4EECD
:1039D000E77AF1EE10FA28DC30B5404A127883B06D
:1039E0003AB3012A1CD11CF007FA00282ED0364A1F
:1039F0003A4C937947F2305123F008032420937115
:103A0000FDF7FCFD364B374AD3E9000103F5A66309
:103A1000C2E90201D3E90001C2E9080100232370D1
:103A200011222C4B1A7003B030BD2A4B0F221A7092
:103A300070472C480193FBF7E5FB1CF0A9F928BB64
:103A4000264B1B78012BEBD10C22EAE7264C244DA8
:103A50001CF0C2FAA068F4F737FCD5E90023F4F7AC
:103A6000D5FAF4F761FF0346E068204C2360F4F7D1
:103A70002BFC05F5A663D3E90023F4F7C7FAF4F7A6
:103A800053FFA0601A48FBF7BDFBD9E71CF01AFAF8
:103A90000D4B13489A7990ED007B42F008029A7121
:103AA000104B00F5A66C83ED027B9CED007B41F290
:103AB0008831232083ED087BFDF7A0FD074A019B99
:103AC0001370C1E7A90E012034FD0020FC900020F6
:103AD000400200203FB800203C020020203E012090
:103AE0008896002078AD0020683D01200C3E012022
:103AF0004802002010B5824BDA78910782B0C2F3F9
:103B0000400C03D47F4A1278052A42D059797E4866
:103B1000DFF828C2002262F345115971D979027089
:103B200062F3C711D971597878489CED000A62F3A5
:103B300086115970997862F300019970597862F38F
:103B4000C7115970597A4FF0030C80F800C07048C3
:103B500062F300015972027005F064FE6D4A0021A3
:103B60001160FAF7CBFF664B1B78DB0904D16A4B77
:103B70000A221A7002B010BD684A694B02F5A661AC
:103B800092ED007BD1E9000183ED027BC3E90801DE
:103B9000EDE75F4C5C4894F800E00078BEF1C70F99
:103BA0001FD95A4C94F800E08645E3D093F802E020
:103BB0006CF3000E83F802E093F801E06CF3C71E8B
:103BC00083F801E093F807E001286CF3C71E83F83F
:103BD00007E053D0022828D058B14C4B187002B0DF
:103BE00010BD4A4B0EF1010E84F800E0187002B0CF
:103BF00010BD5A7960F345125A715A7A60F3000287
:103C00005A72FAF77BFF454A3F49454B087892EDD7
:103C1000007B02F5A66183ED027B91ED007B83EDD5
:103C2000087B3D4B0A221A70D7E793F800E05FEA61
:103C3000DE1ED2D098783B4901926CF382009870D6
:103C4000987881F800C06CF341009870D8793649B3
:103C50006CF3C300D87118786CF382001870FF20E1
:103C60000870FCF7A3F8284B2B491878244B019ACD
:103C70000A709A7842F001029A70AEE75A7A6CF3B1
:103C800000025A721A78D209A7D05A7852062DD556
:103C90005A78DFF888E0224942F080025A70234ABD
:103CA00092F800C0DA786CF30002DA70204A92F9D8
:103CB0009DC21A79BCF1000FD4BF4FF0000C4FF039
:103CC000010C6CF304121A719EED007B194B1A68FB
:103CD0000EF5A66381ED027B93ED007B164B1A6017
:103CE0000D4B002281ED087B1A7076E7134A92EDA6
:103CF000000A05F097FD044B1878014BC8E700BF98
:103D000034FD002030FD00203CB800209000002051
:103D1000B0B70020C0B800203FB80020889600202F
:103D200078AD00203DAC002058910020709100201B
:103D3000B0010120503D0120C4B80020FC900020BB
:103D400030B5994C6378DB0983B019D1A37813F0AF
:103D5000010315D1227A63F3C7122272237ADB0999
:103D600028D1237AC3F3C011DB0914D0637A23F07E
:103D700020036372E37923F00803E37103B030BDDD
:103D80008A4B1B780A2B13D0E378C3F3400383F0EC
:103D90000103DBB2DEE7DFF858C2627A84488CF8B0
:103DA000001084490068086063F300026272DDE776
:103DB0000023CFE7FCF754FE0028D2D1FFF75AFCCE
:103DC000E3791907D2D5FBF7D9FC784B1B78132B75
:103DD00020D8DFE813F082011F00610137011400D1
:103DE0000F0134003400980168001F00C300250053
:103DF0001F001F00970085002500A90082006E4B60
:103E000093F86430022B00F0DD816C496C4A00238A
:103E10000B7013720022A37862F3C303A370A5E7AB
:103E2000FFF7BAFD614B1B78072BF3D1624B93F878
:103E30006420A2F10102B2FA82F25209EBE7FCF728
:103E40004DF95D48FBF7DEF95B4890F86430002BD4
:103E500000F0D681012B40F0CF815A4BD0ED157A7E
:103E600093ED000AD0ED140A30EE670A1DF0C0FC95
:103E7000DFED557A37EEC07AB5EEC07AF1EE10FA82
:103E800000F1EB81B4EEE77AF1EE10FAD8BFF0EE74
:103E9000477A4E4BC3ED007A0720FDF705FCE0B9E9
:103EA000424B1B78C0E7FCF719F94348FBF7AAF926
:103EB000444BD3ED007AB1EE047AF4EEC77AF1EE1A
:103EC00010FA0ADC17EE900AF4F7FEF93A4BD3E940
:103ED0000E23F4F7D7FC0028E2D0FBF751FFDFE711
:103EE000384A3B4B92ED007AD3ED007AB4EEE77A94
:103EF000F1EE10FA8ED5374A002111602B4A1123BA
:103F0000137087E73448FBF77DF92E4A334B92ED67
:103F1000007AD3ED007AB4EEE77AF1EE10FABFDD65
:103F2000224A1123137075E72D48FBF76BF963796B
:103F30005A0600F14C8163792A4A00211170C3F3BB
:103F400080125B0640F16A81274A13780133DBB2A5
:103F5000022B1370C1D9FFF73BFCA1E7FCF7BEF8B9
:103F60001548FBF74FF963795D0619D4A3789807D4
:103F7000C3F3400200F1DF8007200192FDF794FBBC
:103F8000002800F0D880174B019A1978002940F0DA
:103F90009081164A127801218A42197000F0C68079
:103FA000FFF740FC7CE700BF34FD00203FB8002055
:103FB000C4B8002044A10020E0AD0020CCA1002026
:103FC000E0A10020FC900020DB0FC93FCCB800200E
:103FD00040020020F885002078AD00204402002037
:103FE000D0B700206BB80020C8B70020A90E012070
:103FF0003EB80020FCF772F8FFF702FA23785D075D
:1040000040F1F780AC48FBF7FDF8A378D80708D556
:10401000AA4BD3ED007AF5EEC07AF1EE10FA00F378
:104020000081A37859077FF53BAFA54B00221A709A
:10403000FAF73EFD01460720FDF7E0FAA14A0B23FF
:104040001370E7E6FCF74AF89B48FBF7DBF89A4861
:1040500090F86430022B00F0B080FFF733F90028AD
:104060003FF41EAF9849974D002304222A700B603D
:104070000193FAF743FD9549019B0B60E37823F028
:104080002003E37001F0C0FD91492B7800200870F7
:10409000904904220A70C7E68748FBF7B3F82378F3
:1040A000DA077FF5FDAEA378DB067FF5F9AE0720D2
:1040B000FDF7FAFA00283FF4F3AE874B1B78012B8B
:1040C0003FF4EEAEE3788549002262F38613E37095
:1040D0007C4B0A7003221A709CE67F4B1B78012BE5
:1040E00066D06378DA0656D52379DB0640F1AF80D7
:1040F000FAF7C6FC01460720FDF780FAFBF740FE01
:10410000704B1B7890E60720FDF7CEFA00283FF4AD
:10411000C7AE694BD3E90E01F4F706FC00EE100AB6
:1041200005F080FB674A0923137073E642F21071B1
:104130000720FDF763FAFFF763F9A37899077FF586
:10414000AFAE5D4BD3ED137AFCEEE77A4FF47A72A3
:1041500017EE901A02FB01F5614A594912780020C6
:104160000870002A40F0A08093F86420022A00F032
:104170009280062A00F08980002A71D00723294600
:10418000504D07202B70FDF739FA22782B7822F05A
:104190000402227048E6534B534AD3E9000103F569
:1041A000A663C2E90201D3E90001C2E9080131E6D0
:1041B000E379DB097FF4B4AE93E7FFF783F80028D7
:1041C0003FF46EAEFFF7A4FB3E4B1B782CE60720B6
:1041D000FDF76AFA00283FF463AE444B93ED007A92
:1041E000D3ED067AB4EEE77AF1EE10FA7FF558AE29
:1041F000A1E6FBF7FDFD05E73D4B00221A604BE60B
:104200000720FDF751FA00283FF446AE394B1B78E2
:10421000002B7FF441AE384A13723DE6374B1A70DB
:104220005BE6FDF77BF9364A13689842FFF4F9AE76
:10423000FDF774F9324A00F59C5008301060FEF723
:1042400097FF00287FF4EDAEFFF754F9E9E6264822
:10425000FAF7D8FF1B4B1B78E6E5DFED2A7A18E664
:10426000D3ED137AF5EEC07AF1EE10FA86DD22482E
:104270000268AA4282D21F4A1278002A7FF47EAFD7
:10428000D3E91712FBF736FD78E74FF4FA7004F024
:1042900071FC022373E7E3781049002262F386136E
:1042A000E3700A7003236AE7C82004F063FC024B42
:1042B0005AE71A7074E600BFE0AD002020A100208C
:1042C0006BB800203FB80020C0B80020A8B800207C
:1042D0003EB8002030FD0020A90E01203DB800208E
:1042E000A50E01208896002078AD00203CA100207A
:1042F000CCB80020CCA10020E0A10020C8B700204D
:10430000C4B7002000000000084B00EBC00213F807
:10431000223043B1064B33F810309BB200EE103A16
:10432000BBEECA0A70479FED030A70478C7D0308F5
:1043300040B80020000000001448154B417810B52B
:1043400021F04001134C41700022134913482260B0
:10435000DA639A61C3F8F422C3F8D02203F2AC5CAA
:104360000F4C0A6003F5B16300211A60CCF80020FD
:10437000018081702170FAF7C1FB0A4B0A480B4A91
:104380001B68036040F8183C136010BD34FD00202A
:1043900078BB0020A8B80020C0B8002068B8002072
:1043A0006BB80020503D012034A10020C4B800208B
:1043B0002D4A92F83230022B2C4B02D99979C9063A
:1043C00030D401209A79C2F3C001120723D4284ABD
:1043D00012780C2A11D00F2A0FD0DFF8B0C0254A6E
:1043E0009CED007AF6EE087A67EEC77A92ED007AD5
:1043F000F4EEC77AF1EE10FA28DA5A7961F38612F0
:104400005A711A7A910708D55B795B0616D51A4B53
:1044100001221A7070470021EFE7174BC2F34002E8
:104420001A70704792ED237ADFED147AB4EEE77AD2
:10443000F1EE10FA4CBF01200020C3E7104B1A78B0
:104440000D4B003A18BF01221A7070470D4ADFED7C
:104450000E7A92ED007AB4EEE77AF1EE10FA00F0FF
:104460000101D8BF0021C8E7B028012034FD002099
:104470003FB80020C0B800206CB80020CDCC4CBEA6
:104480006BB80020A8FF0020CDCC4C3E940000204B
:1044900010B5FCF7E5FA38B9274BDA78910704D55F
:1044A000264A274B12681A6010BD5A7AD20710D4D8
:1044B0001A7AD209F4D0234A1278002AF0D0082AB6
:1044C00011D0042A0FD0204A1D4BD2F898221A602E
:1044D00010BD5A781C481A49D0F89802086042F07A
:1044E00040025A7010BD5878184A154C20F0400010
:1044F00000215870164B21601648D1639161C2F8B3
:10450000F412C2F8D01202F2AC5C134C196002F53E
:10451000B162002311602370CCF800100380837017
:10452000FAF7ECFA0D4A0E4B12680E4943F81829B7
:104530000A601A6010BD00BF34FD0020FCAF0020EF
:10454000A8B800203FB80020B001012078BB0020AF
:10455000C0B8002068B800206BB80020503D012092
:1045600034A10020C4B80020354B1B78052B00D0A7
:104570007047344BDB781B07FAD4334BD3ED007A0A
:10458000F5EEC07AF1EE10FA4FD4B7EE007AF4EE01
:10459000C77AF1EE10FAEBD52C4B93ED007AB5EE1D
:1045A000C07AF1EE10FA48D4B0EE476A284BDFED3E
:1045B000296AD3ED007A67EEA67AF4EEC67AF1EEB8
:1045C00010FAD5DDDFED247A244A20EE270AD2F84E
:1045D0009832F1EE407AB4EEE77AF1EE10FA08D4B0
:1045E000B4EEC07AF1EE10FAD4BFF0EE477AF0EEF6
:1045F000407A07EE103A37EE277ADFED197AB4EEFB
:10460000E77AF1EE10FA08D4DFED167AB4EEE77A25
:10461000F1EE10FAD8BFF0EE477A17EE903A124951
:10462000C2F8983201200870A2E7BFEE007AF4EEDB
:10463000C77AF1EE10FA9BDDAEE7B1EE476AB5E757
:1046400030FD002034FD0020A8FF0020C0B800206D
:10465000940000206666663F0AD7A33CB0010120A3
:10466000CDCC4C3ECDCC4C3FA80101204D4B4E4A09
:1046700093ED097AD2ED006AD3ED0C7A93ED0D6AD1
:10468000D3ED0E5A37EE667A67EE276AD3ED0B7AD2
:1046900083ED0A7AA6EE806AF1EE656A67EE277A04
:1046A000B4EEE66AF1EE10FAC3ED117A08D4B4EE76
:1046B000E56AF1EE10FAD4BFF0EE466AF0EE656AF4
:1046C0003A4AC3ED0D6A92ED006AC3ED126A77EEC5
:1046D000A67AB1EE467AF4EEC77AF1EE10FA08D473
:1046E000F4EEC67AF1EE10FAD4BFB0EE677AB0EE0F
:1046F000467A2F4A2F4992F8323081ED007A022B08
:104700002D4B02D99979C90629D401209A79C2F38F
:10471000C00112071CD4294A12780C2A0AD00F2A89
:1047200008D0F6EE087A67EEC67AB4EEE77AF1EED4
:1047300010FA28D95A7961F386125A711A7A9107B8
:1047400008D55B795B0616D51D4B01221A707047A0
:104750000021EFE71A4BC2F340021A707047D2ED06
:10476000236ADFED187AF4EEE76AF1EE10FA4CBF37
:1047700001200020CAE7144B1A78114B003A18BFE9
:1047800001221A707047114ADFED117A92ED007A1A
:10479000B4EEE77AF1EE10FA00F00101D8BF002183
:1047A000C8E700BFD0B80020ACFF00209400002074
:1047B000B0280120C0B8002034FD00203FB8002000
:1047C0006CB80020CDCC4CBE6BB80020A8FF0020F8
:1047D000CDCC4C3E644B654A93ED004AD2ED005A75
:1047E000D3ED037AD3ED046A93ED055A34EE656A8E
:1047F00026EE277AD3ED027A83ED016AE7EE006AAE
:10480000B1EE457A66EE277AF4EEC76AF1EE10FA59
:10481000C3ED077A08D4F4EEC56AF1EE10FAD4BFFE
:10482000B0EE667AB0EE457A514A52481278524953
:10483000D0ED004AD1ED006A83ED047A012A77EECB
:10484000877A83ED087AB1EE645A7BD093ED106AD3
:10485000B1EE467AB4EEE77AF1EE10FA65DD474A3A
:1048600083ED097A75EEC45AD2ED007AF4EEE75A78
:10487000F1EE10FA10D8424AD2ED007AF4EEC77A7F
:10488000F1EE10FA6CDCB4EEC67AF1EE10FAC8BFA5
:10489000B0EE467A83ED097A3A4AD2ED007A67EEB5
:1048A000277AF5EEC07AF1EE10FA48D4D3ED0D5A1E
:1048B00093ED0C6A93ED0E4AD3ED0B7A82ED007AFC
:1048C00077EE666A26EE866A66EEA77AE6EE005A0C
:1048D000B1EE446AF4EEC65AF1EE10FAC3ED0A6A7C
:1048E000C3ED117A08D4F4EEC45AF1EE10FAD4BF35
:1048F000B0EE656AB0EE446A77EE867A83ED0D6AB3
:10490000F4EEC57AF1EE10FA83ED126A08D4F4EEF3
:10491000E47AF1EE10FAD4BFB0EE675AB0EE645A02
:10492000194B83ED005AFFF743BDF4EEC67AF1EE62
:1049300010FAD4BFB0EE677AB0EE467A8FE7DFEDBB
:10494000135AB5E793EDA97AE7EE667AF4EEC57AE5
:10495000F1EE10FADBD50C4B83ED005AFFF728BDC2
:10496000B0EE677A96E700BFD0B80020FC90002038
:10497000A90E012094000020BCAF0020B4B8002094
:1049800078B8002064B80020C0B800200000000003
:1049900008B52DED028BB0EE408AFEF731FD344BA9
:1049A0001B785B0721D4334B1B7853B1324B334A0E
:1049B00093ED007AD2ED007AB4EEE77AF1EE10FAD8
:1049C00019D4B0EE480AFFF705FF2D4B2D4A93EDA1
:1049D000000AD2ED000AB0EE481AF6F7BFF9284BEC
:1049E00083ED000ABDEC028B08BD234B234A93EDF7
:1049F000007AD2ED007AD3ED066A234B77EEC77AC0
:104A0000D3ED000A77EEE67A87EEA67A67EE207A93
:104A1000F5EEC07AF1EE10FA27D4F4EEE07AF1EE7A
:104A200010FAD8BFF0EE670A154B9FED181A93EDF8
:104A3000000AF0EE481AF6F779F9114BB5EEC00A04
:104A4000F1EE10FA83ED000ACCDD114B114A93ED23
:104A5000000AD2ED000AB0EE481AF6F77FF9BDEC75
:104A6000028B0B4B83ED000A08BDDFED0B0ADBE781
:104A700034FD00206BB80020D0B80020FC9000204E
:104A8000F885002084B800207CB80020CCCC4C3EB7
:104A9000C0B8002074B800200000000010B52DED53
:104AA000028B7B4C637ADB0782B0B0EE408A00F168
:104AB0009680E379DB0966D0237ADB0963D0754BF6
:104AC0001B780F2B00F0D780734A744BD2ED007A1D
:104AD00093ED007A77EEC77AF5EEC07AF1EE10FA30
:104AE00001D5F1EE677A6E4A6E4BD2ED066AD3EDD0
:104AF000000A87EEA67A67EE207AF5EEC07AF1EE2C
:104B000010FA00F1B580F4EEE07AF1EE10FAD8BFB9
:104B1000F0EE670A644B9FED651A93ED000AF0EE24
:104B2000481AF6F703F9604B614883ED000AF0EE8E
:104B3000407A604BF5EEC07AF1EE10FA93ED000A80
:104B40000ADDD0ED000A0190B0EE481AF6F706F93A
:104B5000584B019883ED000A6378574AD0ED000A5C
:104B6000002161F38613B0EE481A63701170F6F7F6
:104B7000F5F8504B83ED000A237ADB0938D002B0F8
:104B8000BDEC028B10BD237ADB0963785DD158063A
:104B900002D56378990662D53F4B93ED000A04F085
:104BA00041FE464B1B78002B57D1454BD3ED007A85
:104BB000F5EEC07AF1EE10FA01D5F1EE677AB7EEB4
:104BC000007AF4EEC77AF1EE10FACCBF012200228F
:104BD00082F00102637862F38613637005E0637804
:104BE00043F040036370FFF7D3FE237ADB09C6D19D
:104BF000637ADA07C3D4A37A9B07C0D4314B9FED05
:104C0000327AD3ED007AF4EEC77AF1EE10FA06D4D8
:104C10009FED2E7AF4EEC77AF1EE10FAAFDD244A5A
:104C20006378D2ED000A234AF2EE047A92ED000A8C
:104C300023F0400360EEA70AB0EE481A6370F6F75F
:104C40008DF81C4A82ED000A99E743F04003B0EE6C
:104C5000480A6370FFF79CFEC7E70122BAE7B0EE8F
:104C6000480AFFF781FCB0EE480AFFF791FEBCE767
:104C7000DFED170A4EE76378094A0B4943F040031A
:104C800000206370136C08605362FFF7EFFCACE721
:104C900034FD00203FB80020FC900020400200209E
:104CA000D0B800207CB80020F8850020CCCC4C3E49
:104CB00074B80020C0B800206CB80020B98600206D
:104CC000A8FF0020FCAF0020CDCC4C3ECDCC4C3F0B
:104CD0000000000010B52DED028B834B5A79C2F312
:104CE000C004120702D4BDEC028B10BD5A797F4874
:104CF00022F008025A71FCF721FC7D4A7A4B1178A8
:104D00000129B0EE408A00F0C7801A78D20744D556
:104D1000FBF7A6FE0028E6D1734B5A7AD10776D46A
:104D20001A7AD20973D15A78520603D55A78930663
:104D300040F1CD806F4A92ED000A04F073FD6E4A97
:104D4000694B1278A2B96D4AD2ED007AF5EEC07ABD
:104D5000F1EE10FA01D5F1EE677AB7EE007AF4EED3
:104D6000C77AF1EE10FACCBF0122002282F00104D2
:104D70005A78634964F386125A705A78540607D5F4
:104D80000A782AB95F480022026142635E480260E5
:104D90005A78C2F380120A704AE05C495C4A91ED8D
:104DA000007AD2ED007A53491A7891ED000AB4EEF8
:104DB000E77AF1EE10FA4CBF0120002060F3820286
:104DC0001A7004F02FFD53494F4AD1ED000A92EDBD
:104DD000000AB0EE481AF5F7C1FF4F494F484A4A5A
:104DE000D0ED000AF0EE407AB0EE481A91ED000ADC
:104DF000C2ED007AF5F7B2FF3B4B47495A7881ED97
:104E0000000ABDEC028B22F040025A7010BD3C49F2
:104E10005A7808784FF0010C42F0400281F800C047
:104E20005A7000284CD0B0EE480AFFF7D3FC2E4B46
:104E30001A7AD2097FF457AF5A7AD0073FF553AFA9
:104E40009A7A91073FF54FAF354A9FED367AD2ED0A
:104E5000007AF4EEC77AF1EE10FA07D49FED327AB9
:104E6000F4EEC77AF1EE10FA7FF73DAF29495A7890
:104E7000D1ED000A2449F2EE047A91ED000A22F005
:104E8000400260EEA70AB0EE481A5A70F5F766FFC6
:104E90001D4981ED000A26E71BF02EF9124B197807
:104EA000C8077FF57AAF124A1278012A7FF430AF33
:104EB000B0EE480ABDEC028BBDE81040FFF7EEBD36
:104EC0001049114800220A614A630260ABE7B0EE64
:104ED000480AFFF749FBB0EE480AFFF77BFC084A97
:104EE000014B01211170A3E734FD002058B80020C8
:104EF000A90E0120FC900020B9860020A8FF002008
:104F000060B80020D0B80020C0B80020ACFF00205E
:104F100078B8002074B80020F885002084B80020FC
:104F2000FCAF0020CDCC4C3ECDCC4C3F094B0A49C8
:104F3000002203F2AC5CDA639A61C3F8F422C3F88E
:104F4000D02203F5B1630020CCF800201A6008805D
:104F50008870704778BB002068B8002070B5514C4D
:104F60004FF42E7303FB0043D3ED126A93ED0B7ADB
:104F70002DED028BF1EE667AB4EEE77AF1EE10FADF
:104F800082B00646F0EE400A08D4B4EEE67AF1EEBE
:104F900010FAD4BFF0EE477AF0EE667A424A02EB9E
:104FA000860292ED007A4FF42E7303FB064337EE30
:104FB000C70AD3ED0D7A83ED0C0A67EE807AF5EE21
:104FC000C00AF1EE10FAC3ED137A65DDF7EE007A50
:104FD00087EEA08A35494FF42E7506FB05F5097852
:104FE00005F5BC7205F1640322442344002940D036
:104FF0001846CDED010A0092F5F726FD20EE080ACD
:105000002544DDED010A009885ED170AF5F788FDC6
:105010004FF42E7303FB064393ED117AD3ED137A0D
:10502000234A83ED170A20EE077A92ED006A83ED9A
:10503000157A77EE277AFFEE006A67EE867AF4EE4D
:10504000E67AF1EE10FA2AD4B7EE007AF4EEC77AD7
:10505000F1EE10FAC8BFF0EE477AF1EE677A4FF43E
:105060002E7303FB0644C4EDAD7A02B0BDEC028B97
:1050700070BD104625440093F5F752FDD5ED167A24
:1050800085ED160A70EE677A009827EE880A85ED9E
:10509000170AF5F77FFCBBE79FED068A9AE7F7EE64
:1050A000007ADCE778BB0020F0FC002028630308CE
:1050B000700000200000000030B5494B93ED077AE6
:1050C000D3ED007A2DED028BF0EE400AB1EE470AE7
:1050D000F4EEC07AF1EE10FA83B008D4F4EEC77A99
:1050E000F1EE10FAD4BFB0EE670AB0EE470A3D4ABF
:1050F0003D4BD2ED027A30EE670A03F11C04A3ECBB
:10510000010AD3ED007AF5EEC00A67EE807AF1EE7F
:1051100010FAC4ED007A5CDDF7EE007A87EEA08A23
:10512000324B1B78002B3CD03148314DCDED010A7C
:10513000F5F78AFC20EE080ADDED010A05ED020A0A
:1051400005F58A70F5F7ECFCA5F10803294AD4EDC2
:10515000007A92ED007A284983ED000A20EE077A62
:1051600091ED006A82ED047A77EE277AFFEE006A0D
:1051700067EE867AF4EEE67AF1EE10FA2CD4B7EE0A
:10518000007AF4EEC77AF1EE10FAC8BFF0EE477A73
:10519000F1EE677A194BC3ED007A03B0BDEC028BD8
:1051A00030BD1748F5F7BCFC1648D0ED007A80ED0D
:1051B000000A70EE677A034667EE887A04330C3093
:1051C000B0EE670AC3ED007A0193F5F7E3FB019BAC
:1051D000BCE79FED0D8AA3E7F7EE007ADAE700BFA0
:1051E00014C10020F0FC002018C10020286303082F
:1051F0004CC100202CC10020700000209CC3002066
:1052000060C2002040C100200000000030B5384CD2
:10521000384B4FF42E7505FB004583B0D3ED000AE3
:1052200095ED000A0190F5F769FD334B019895ED76
:105230000D6A03EB8003D3ED007AB5EEC00AF1EE00
:10524000677AF1EE10FAC5ED0C7A67EE867A45D4EE
:10525000B0EE405A294BD3ED005AC5EE256AB7EEA1
:10526000007A77EE666AF5EEC06AF1EE10FA3BD48A
:10527000F4EEC76AF1EE10FAD8BFB0EE667A4FF4DA
:105280002E7303FB0043D3ED126A1D4A67EE877A43
:1052900020EE260AB0EE677AA6EE007A92ED006A5A
:1052A000C3ED137A67EE067AFFEE006AF4EEE67A53
:1052B000F1EE10FA15D4B7EE007AF4EEC77AF1EEFB
:1052C00010FAC8BFF0EE477AF1EE677A4FF42E730A
:1052D00003FB0044C4EDAD7A03B030BDB1EE405ADB
:1052E000B8E7F7EE007AF1E79FED067AC7E700BF6F
:1052F00078BB0020ACB80020F0FC0020B0B8002043
:1053000070000020000000002DE9F04FC14E2DED8F
:10531000028B3368022B93B0B0EE408A00F05581C7
:10532000DFF83093BC4C09F5AE68CA464D46D4ED63
:10533000000A95ED000AF5F7E1FCD5ED086A95ED58
:10534000AB7AA0EE267AF1EE667AB4EEE77AF1EE69
:1053500010FA40F1FF80C5ED027A05F52E7545453E
:10536000E5D1AE4D2B78012B00F01582AC4FFB79C7
:10537000D80700F1CA80AB4B93ED000AAA4BD3EDDE
:10538000028AF9F711FC0DF1180B38EE801AA74BC1
:10539000DAED020A9AEDB00A83ED001A5846F7F7E3
:1053A00093FA0DF1380A2B78012B08D0B0EE480A99
:1053B0000AA8FBF75DFB0090002840F0E781594602
:1053C0005046F7F70FFA00230093DDED118A0F9A8C
:1053D000CDED058AFB790492D907109A039240F12A
:1053E000AA812B783268012B14BF4FF0020A4FF0CC
:1053F000010A012A00F03081012B8D4A0DF10C0BBE
:105400004FF0000617D0DBED007A77EEA77AF5EEC5
:10541000C07AF1EE10FA00F1FA80012392F900103F
:10542000002900F0B680994200F0B380DFED817A68
:105430001370C9ED067A022E30D0DBED007A99EDBB
:10544000046A99ED067AD9ED126A77EEA77AA7EE8B
:10545000867AF1EE667AF4EEC77AF1EE10FA73DC32
:10546000B4EEE67AF1EE10FAD8BFF0EE476A019298
:10547000B0EE480AC9ED0B6A30460136FFF76EFD03
:10548000B2453DD32B78019A012B09F52E7902F113
:1054900001020BF1040BB6D1022ECED1FB79DB0752
:1054A00003D5009B002B00F0E081634B634AD3EDF2
:1054B000007A93ED027A624BD2ED006A78EEA88A08
:1054C000A8EEA77AD3ED007AF4EEE76AF1EE10FACF
:1054D000D8BFF0EE667AF1EE676AF4EEC76AF1EED5
:1054E00010FA00F34681B4EEE77AF1EE10FAD8BF75
:1054F000F0EE477A43ED077AB0EE480AFFF7DCFD9D
:1055000013B0BDEC028BBDE8F08F4E4BDAED020A12
:105510001B680A934C4B9AEDB00A1B680B934B4BDC
:105520009FED441A1B680C93494B0DF1380A1B6818
:105530000D9350460DF1180BF7F7C6F952460AA91C
:105540005846F7F7E5F82EE70192B0EE480AC9EDA4
:105550000B7A91E7D4ED000A95ED000AF5F7CEFB42
:10556000D5ED087A95EDAB7AA0EE277AF4EEC77AFE
:10557000F1EE10FA3FF5EFAED4ED000A95ED000A1A
:10558000F5F7BCFBD5EDAB7A95ED087AE0EE077A3E
:10559000E1E6D9ED056A99ED067A67EEA67AD9EDCE
:1055A000076AA8EE277AF1EE667AB4EEE77AF1EEB2
:1055B00010FA3FF53DAFB4EEE67AF1EE10FAD4BF43
:1055C000F0EE477AF0EE667A32E7144B1C78012C45
:1055D00000F0F1801F4D104C002695ED000AD4ED2F
:1055E000000AF5F78BFBD5ED127AB0EE407A67EE44
:1055F000877A022EC5ED0B7AB0EE480A304605F5E3
:105600002E7500F0BC80FFF7A9FC0136E5E74FF0EE
:10561000FF3303E7C8B80020ACB80020A90E012072
:1056200034FD0020C4B80020D8FC0020F0C00020C9
:1056300068B8002000000000F8C0002068A1002029
:1056400030C10020B88F0020B48F0020B08F002020
:10565000AC8F002078BB0020964B93ED006A964BF0
:10566000D3ED006AC6EE267AB7EE007A77EE677A57
:10567000F5EEC07AF1EE10FA7ED4F4EEC77AF1EED0
:1056800010FAD8BFB0EE677A8C4E009B86ED007A98
:10569000002B00F09B804FF0000B0DF10C08002553
:1056A000D8ED007A99ED046A99ED127AC9F818B02C
:1056B00077EEA77AF1EE478A67EE867A022DF4EE4E
:1056C000E78A08BFFB79D6ED006AF1EE10FA08DC34
:1056D000F4EEC77AF1EE10FAD4BFF0EE678AF0EE7E
:1056E000478AD4ED000A99ED000ACDED006AF5F77E
:1056F00005FBD6ED007A99ED127AF7EE006A76EEA8
:10570000E77A20EE077ADDED006A67EE877A022DF0
:10571000E6EEA87A08F10408B0EE480AC9ED0B7A63
:105720003FF4EAAE28460135FFF718FCAA4509F513
:105730002E79B5D2E4E6F6F7CBF9B5EEC00AF1EE74
:1057400010FA0CD45E4B9FED5F7AD3ED007AF0EE49
:10575000E77AF4EEC77AF1EE10FA7FF742AEDFEDAA
:105760005A7A5A4BCDED057AF0EE678AC3ED007A8E
:1057700037E643ED076ABFE69FED537A84E713B03F
:10578000BDEC028BBDE8F04FFFF796BC0AA950466E
:10579000F7F728F819E64A4BDAED020A9AEDB00A53
:1057A00093ED021A4A4F0DF1180B5846F7F78CF893
:1057B0000DF1380AF7E50020FFF728FD204613B069
:1057C000BDEC028BBDE8F04FFFF720BD1D460DF18B
:1057D0000C0BDFED3D7A022DC9ED067A53D0DBEDDF
:1057E000007A99ED046A99ED127AD6ED006A77EEA7
:1057F000A77AF1EE478A67EE867AF4EEE87AF1EE60
:1058000010FA08D4F4EEC77AF1EE10FAD4BFF0EE35
:10581000678AF0EE478AD4ED000A99ED000ACDEDD3
:10582000006AF5F76BFAD9ED127A96ED007AF7EE89
:10583000006A60EE277A36EEC77ADDED006A67EE21
:10584000877A022DE6EEA87A0BF1040BB0EE480A37
:10585000C9ED0B7A3FF450AE28460135FFF77EFBC9
:10586000554509F52E79B4D94AE6D4ED000A98EDEC
:10587000000AF5F743FA174BD3ED077A67EE807A03
:10588000C3ED007A38E6FB79DA07A8D5D4ED000A33
:1058900098ED000AF5F732FA0E4BD3ED077AB0EE29
:1058A000407A67EE877AB0EE480AC3ED007AFFF7D8
:1058B00003FC25E6E0AF0020B0B800209C000020EB
:1058C000D8FC0020508DA73F0000000000C1002040
:1058D00034FD002014C10020F0B52DED028B7D4C6D
:1058E0007D4D7E4F83B0B0EE408AF3F79FFBF6F715
:1058F000EFF894EDB67AD4ED087AB4EEE77AF1EEEB
:1059000010FAF0EE408A9FED760AD8BFF0EE477AA3
:1059100027EE800A1CF07AF8F4EEC08A2B78F1EEBC
:1059200010FACCBF0122002262F304132B7004F59D
:10593000AE66D4EDAC0A94EDAB0A97ED001AF0EE2A
:10594000481AF5F7F3F904F52E74A64204ED030A9C
:10595000EFD1644C2378012B37D013F0FD0F08D022
:10596000B0EE480A03B0BDEC028BBDE8F040F7F79B
:1059700077B9002B70D05C4BB7EE000AD6ED007AF9
:1059800083ED000AF5EEC07AF1EE10FA00F18E8098
:10599000564AEB7992ED007AB4EEE77AF1EE10FA1E
:1059A0004CBF0122002262F30003EB71EB79DE07AA
:1059B00013D54F4B4F4918684F4B086000221A709F
:1059C000B0EE480AFFF7A0FCCAE70220FFF71EFC72
:1059D000B0EE480AFFF798FCC2E7484B1B78002B53
:1059E000EED0AB78180708D42B78590705D4EB789C
:1059F000DA0702D4EB795B06E2D5414A2378D2ED8F
:105A0000007A002B55D13C4B1A78002A55D03D4CDA
:105A100094ED000A37EEC00AF5F748F997ED007AE1
:105A200028EE077AF1EE477AB4EEE70AF1EE10FAC3
:105A300008D4B4EEC70AF1EE10FAD4BFF0EE407A03
:105A4000F0EE477A94ED007A2A4B77EE877AC4ED30
:105A5000007AC3ED007AB3E72B4B1B78052B8AD174
:105A6000FAF7FEFF002886D1F6F732F8F7EE007A53
:105A700087EE807AB4EEE77AF1EE10FA26D4DFED05
:105A8000237AB4EEE77AF1EE10FAD4BFF0EE470ACB
:105A9000F0EE670A144B9FED1D1A93ED000A019377
:105AA000F0EE481AF5F742F9019B67E7F1EE677AE5
:105AB0006EE7104BC3ED007A82E70D4A114C92ED70
:105AC000000A012284ED000A1A70A3E7F0EE670ACB
:105AD000E0E700BF78BB002034FD002068A1002073
:105AE0009A99593FA90E0120A0000020ACB80020CF
:105AF000503D0120C4B8002050B800203FB800201D
:105B000034A100204CB8002030FD002057429C3FBB
:105B100008B5064B1A2118780EF06EFE04480549A8
:105B2000054A002303600B60136008BD6810012064
:105B3000F8850020C4FF0020C0B80020084808B540
:105B400003781BB9074B01221A7008BD064B0430BD
:105B5000197807F081F8034B01221A7008BD00BFC5
:105B6000347F0308A2C30020797A0308094808B5E6
:105B700003781BB9084B00221A7008BD074B19782F
:105B8000B1FA81F10430490907F066F8024B0022AE
:105B90001A7008BD347F0308A2C30020797A030875
:105BA0003422064B02FB00F01A5C02B97047044A2B
:105BB00004301178184407F04FB800BF647E030822
:105BC0007A7A03083422074B02FB00F01A5C02B910
:105BD0007047054A11780430B1FA81F11844490937
:105BE00007F03AB8647E03087A7A03083422054B3A
:105BF00002FB00F01A5C02B970470430184407F049
:105C000033B800BF647E030810B5174C23784BB936
:105C100094F834307BB994F86830ABB994F89C3080
:105C2000DBB910BD114B201D197807F015F894F859
:105C30003430002BEFD00D4B0D48197807F00CF8DD
:105C400094F86830002BE9D0084B0A48197807F01F
:105C500003F894F89C30002BE3D0044B06481978E5
:105C6000BDE8104006F0F8BF647E03087A7A0308A6
:105C70009C7E0308D07E0308047F030810B51D4CEA
:105C800023784BB994F8343093B994F86830DBB981
:105C900094F89C3023BB10BD174B1978B1FA81F1F1
:105CA000201D490906F0D8FF94F83430002BECD0C1
:105CB000114B12481978B1FA81F1490906F0CCFF6D
:105CC00094F86830002BE3D00B4B0D481978B1FAEB
:105CD00081F1490906F0C0FF94F89C30002BDAD01E
:105CE000054B08481978B1FA81F1BDE8104049091F
:105CF00006F0B2BF647E03087A7A03089C7E03082C
:105D0000D07E0308047F030810B5504C82B022787F
:105D10000346002830D002BB012B94F834200DD16B
:105D2000002A65D194F868308BB1494B49481978FD
:105D3000B1FA81F1490906F08FFF08E0002A40F02E
:105D40008280022B4FD194F86830002B75D194F8E3
:105D50009C30002B31D102B010BD3D4A009011782B
:105D6000B1FA81F1201D490906F076FF009B94F8F5
:105D70003420012BD4D0E1E7002A47D194F8342015
:105D800032BB94F86820002AE1D0314A11783148BA
:105D90000093B1FA81F1490906F05EFF009B032BE5
:105DA000D5D194F89C30002BD5D0294B2A481978AE
:105DB00002B0BDE8104006F04FBF254B26481978C9
:105DC000B1FA81F1490902B0BDE8104006F044BFC4
:105DD0001F4A00901178B1FA81F104F138004909A5
:105DE00006F03AFF009B94F86820002AD7D0CCE751
:105DF000174A1A4811780193009206F02DFF94F883
:105E00006810DDE900230029A1D0BFE7104A019006
:105E100011780092201D06F01FFF94F83410DDE980
:105E200000230029DFD011780C480093B1FA81F1EA
:105E3000490906F011FF009B83E7054B05481978D7
:105E400006F00AFF83E7024AEDE700BF647E03081D
:105E50007A7A0308D07E0308047F03089C7E030837
:105E600008B52C20FBF720FC00B908BD4FF47A716F
:105E70002C20FBF7C3FB164B164A1B883421D8B2E3
:105E800001FB00F0115CA9B901339BB2032B88BF61
:105E900000231846342101FB00F00D490B80135CF0
:105EA000002BE2D00C4B043019781044BDE80840B8
:105EB00006F0D2BE084B19780430B1FA81F11044D3
:105EC000490906F0C9FE024B024A1B88DCE700BF05
:105ED000A0C30020647E03087A7A03082DE9F0410C
:105EE000604B614C187882B013210EF085FC277846
:105EF000002F6ED194F83450002D45D194F868806D
:105F0000B8F1000F4DD194F89C4074B9002F7ED1A8
:105F1000002D40F0968055480378002B2BD1544B30
:105F200000221A7002B0BDE8F081524E3378524818
:105F30000193B3FA83F1490906F08EFE019B002F0D
:105F400072D1002D57D1B8F1000F09D02546317814
:105F50004A48B1FA81F1490906F07EFE002DDAD0F7
:105F600031784548B1FA81F1490906F075FE3F489C
:105F70000378002BD3D0424B1978B1FA81F1043069
:105F8000490906F069FECAE73A4E3E483178B1FA4F
:105F900081F1490906F060FE94F86880B8F1000FBD
:105FA000B1D0344E354833780193B3FA83F14909BF
:105FB00006F052FE94F89C40002CB7D1019B8FB99B
:105FC000002D47D1B3FA83F12C48490906F044FE6D
:105FD000A1E7284E3178B1FA81F1201D490906F078
:105FE0003BFE87E7B3FA83F12748490906F034FE00
:105FF000C5B90025ABE7254631782248B1FA81F1D1
:10600000490906F029FEB8F1000FA7D09FE7194E05
:106010001D483178B1FA81F1490906F01DFE002DC5
:106020003FF479AF0025E7E7B3FA83F11648490951
:1060300006F012FE002DDED12546B8F1000F8DD0FE
:1060400085E70C4B0F481978B1FA81F1490906F040
:1060500003FE60E7B3FA83F10A48490906F0FCFD44
:10606000C7E700BF68100120647E0308347F03087F
:10607000A2C300207A7A0308047F0308D07E0308B5
:10608000797A03089C7E0308687E03084FF0E022BB
:10609000034B9169034A1960136801331360704719
:1060A000A8C30020ACC30020704700BF2DE9F04F0B
:1060B000074689B03E687C4B7C4C9D6ADA6A586B17
:1060C0009B6B7B490290B0467E6820780192B14676
:1060D000BE680393B246FE68B3463E6904967E6985
:1060E0000596BE690696FE6907960DF08DFF20782D
:1060F0000DF07CFF26786F4930460DF085FF29466C
:1061000030460DF0ADFF30460DF070FF26786A493D
:1061100030460DF079FF019930460DF0A1FF304671
:106120000DF064FF2678654930460DF06DFF029949
:1061300030460DF095FF30460DF058FF2678604947
:1061400030460DF061FF039930460DF089FF30466F
:106150000DF04CFF20780DF049FF002D77D1257808
:10616000584928460DF050FF394628460DF078FF73
:1061700028460DF03BFF2578534928460DF044FF93
:10618000414628460DF06CFF28460DF02FFF25787C
:106190004E4928460DF038FF494628460DF060FF6D
:1061A00028460DF023FF2578494928460DF02CFF9D
:1061B000514628460DF054FF28460DF017FF25786C
:1061C000444928460DF020FF594628460DF048FF67
:1061D00028460DF00BFF25783F4928460DF014FFA7
:1061E000049928460DF03CFF28460DF0FFFE257867
:1061F0003A4928460DF008FF059928460DF030FF72
:1062000028460DF0F3FE2578354928460DF0FCFEB2
:10621000069928460DF024FF28460DF0E7FE257864
:10622000304928460DF0F0FE079928460DF018FF7A
:1062300028460DF0DBFE20780DF0D8FE41F28830C4
:10624000FBF772F909B0BDE8F04F02F03BBD2078D2
:1062500025490DF0D9FE2678244930460DF0D4FEAC
:10626000290C30460DF0FCFE30460DF0BFFE2678BE
:106270001F4930460DF0C8FEC5F3072130460DF02A
:10628000EFFE30460DF0B2FE26781A4930460DF08A
:10629000BBFEE9B230460DF0E3FE30460DF0A6FE3F
:1062A00020780DF0A3FE5AE700ED00E06810012011
:1062B00098630308A4630308AC630308B46303088A
:1062C000BC630308E4630308EC630308F463030896
:1062D000FC630308046403080C64030814640308E3
:1062E0001C64030824640308C4630308CC63030824
:1062F000D4630308DC6303081EF0040F0CBFEFF344
:106300000880EFF30980DFF804100847AD6001084A
:10631000704700BF704700BF704700BF704700BFA5
:10632000704700BF704700BF1F4B1B7803B1704719
:106330001E4B5A8B10B54FF08040114614461AF090
:10634000BDFB0128194B00D010BD1B8B0C2B08D8AE
:10635000DFE803F0240707071E07070718070707EA
:10636000120000200021FBF70DFC21464FF0804079
:10637000BDE810401AF0AEBB4FF080401AF082FB2F
:1063800080B2EFE74FF080401AF07AFB80B2E9E785
:106390004FF080401AF072FB80B2E3E74FF080408C
:1063A0001AF06AFB80B2DDE7840000201083030846
:1063B00008B5074801211AF081FB00B908BD062085
:1063C00000F0D6F9BDE80840014801211AF082BB6F
:1063D000000C004008B50C490C481AF021FD0021C2
:1063E0000A481AF0EBFC0A4A0A4B52880A495A80BA
:1063F0005A884B8812B21BB29A4200D108BDBDE840
:106400000840012000F0BAB800800028B8640240BB
:1064100024E0002034E0002044E0002008B50C49CE
:106420000C481AF0FDFC00210A481AF0C7FC0A4A81
:106430000A4B92880A499A809A888B8812B21BB2BA
:106440009A4200D108BDBDE80840022000F096B88D
:1064500000802020A060024024E0002034E00020E2
:1064600044E0002008B50C490C481AF0D9FC002182
:106470000A481AF0A3FC0A4A0A4BD2880A49DA8071
:10648000DA88CB8812B21BB29A4200D108BDBDE8AF
:106490000840032000F072B80080001858600240E5
:1064A00024E0002034E0002044E0002008B50C493E
:1064B0000C481AF0B5FC00210A481AF07FFC0A4A81
:1064C0000A4B12890A491A811A890B8912B21BB226
:1064D0009A4200D108BDBDE80840042000F04EB843
:1064E000208000207060024024E0002034E0002082
:1064F00044E0002008B50C490C481AF091FC00213A
:106500000A481AF05BFC0A4A0A4B52890A495A8126
:106510005A894B8912B21BB29A4200D108BDBDE81C
:106520000840052000F02AB800800028B86002402A
:1065300024E0002034E0002044E00020012000F0AE
:10654000A1BA00BF022000F09DBA00BF012005F0F3
:106550000FB900BF012005F085B900BF022005F08A
:1065600007B900BF022005F07DB900BF032005F088
:10657000FFB800BF032005F075B900BF2049214ACC
:1065800030B50446342000FB041132F81430886A18
:106590001D49A50205FA83F30B441C4D83B0C3606B
:1065A00035F8141032F8143009B21BB2994214DDD8
:1065B00035F8141032F814300190C91A89B21AF063
:1065C00007FC134B35F81420019823F814200121FF
:1065D00003B0BDE830401AF0F1BB32F8141001905E
:1065E000C1F5806189B21AF0F3FB094B01980022D2
:1065F000012123F8142003B0BDE830401AF0DEBBBF
:10660000207C030834E0002054E0002044E0002017
:1066100024E00020F0B5184F184D37F8102035F859
:10662000103012B21BB29A4283B023D0144E0446EB
:1066300006EB802616E035F814301BB2F35C8DF8BB
:10664000073009F085FB35F814300133C3F3090333
:1066500025F8143037F8142035F8143012B21BB274
:106660009A4207D008F024F8034601210DF10700F3
:10667000002BE0D103B0F0BD44E0002034E0002066
:1066800054E0002000B583B0C8B10628034613D0FB
:10669000144A342101FB002292F82010B1B91249AA
:1066A000124A31F8130032F8133000B21BB2C01A8C
:1066B00018BF012003B000BD002003B000BD09F0E9
:1066C00003FBB0FA80F0400903B000BD0190106BED
:1066D0001AF080FB044A019B0449C0F5806022F84F
:1066E0001300DEE7207C0308FCC30020ECC300207D
:1066F00000B583B000228DF8072040B3062803467A
:1067000002D1104603B000BD1549164831F81320D8
:10671000DFF854C012B200EB8320805C31F8132004
:106720000132C2F3090221F813203CF8132031F89A
:106730001310DFF838C0521A3CF8131092B209B2A5
:106740008A42C0B2DEDD2CF8132003B000BD0DF18B
:10675000070009F0C1FA9DF8070003B000BD00BFB3
:10676000ECC300200CC40020FCC30020D4C30020D4
:1067700008B5334B1A78002A4ED0324A1278092ACB
:106780004BD9314B314933F8102031F8103012B267
:106790001BB29A424FD031F810302D4A1BB202EB97
:1067A00080224FF0010CD35C31F810200132C2F38B
:1067B000090221F81020274A6FEA530101F0010174
:1067C000D84391806FEAD30100F0010001F001018C
:1067D000508011816FEA93006FEA531100F00100BD
:1067E00001F00101D08091816FEA13106FEA9311DB
:1067F000DB0983F0010300F001001382114B50818B
:106800000020187001F00101BDE80840A2F800C0A6
:10681000D181508206F02EBD08BD0E49181D11F819
:10682000121006F019FA074A137801331370BDE805
:10683000084006F01FBDBDE8084006F021BD00BFBE
:10684000DC820308A800002044E0002034E000209F
:1068500054E00020B8C3002030B57F4CDFF81CE2C4
:10686000225C034608469EF80010424083B0E25482
:1068700000296BD0002B71D0062B41D0774C784982
:1068800034F813200D4631F813100132C2F3090217
:1068900009B2914200F091807249DFF8E4E100937F
:1068A0004FF0340C0CFB031134F813C00EEB832EA5
:1068B0000FFA8CFC0EF80C0024F8132091F820201D
:1068C000002A6FD14868012240F227711AF09AFB22
:1068D000009B34F8132035F81310634C521A02F55C
:1068E000806034F8131012B200B232EA220228BFDC
:1068F000024609B2914201DA24F8132003B030BDF8
:106900005A4B1B78002BF9D0544C554AA389154695
:1069100092890133C3F3090312B293425BD0A28977
:10692000DFF85CC152490CFA82F202F5C0521070D5
:10693000A3810B78092B54D8A2894B4B2A46928904
:106940009A891204DAD500229A81D7E7CDE90003AB
:10695000F2F7E4FCDDE90003002B8DD13F49404C08
:106960000B8822880133C3F3090312B29A422BD059
:106970000A88DFF80CC112B20CF802000B800B88F9
:10698000228839489B1A03F5806102881BB209B23C
:1069900033EA230328BF0B4612B29A42AEDA0380D1
:1069A00003B030BD886A1AF019FA009B002890D114
:1069B0001846FFF7E3FD009B8BE72E49CA5C42F0C7
:1069C0000102CA5403B030BD2A4A137843F00103D0
:1069D000137003B030BD274A937943F001039371DC
:1069E0008CE7AB890CFA83F303F5C0531B78AA89B3
:1069F0000132C2F30902AA81D8431F4A00F0010004
:106A000050806FEA530000F0010090806FEA93001D
:106A100000F00100D0806FEAD30000F00100108187
:106A20006FEA131000F0010050816FEA531000F07C
:106A3000010090816FEA9310DB0983F00103138258
:106A4000012300F0010013800023D08153820B70DA
:106A500006F010FC70E700BFB0C3002044E0002047
:106A600034E00020207C030814E00020DC820308CE
:106A7000A80000200CE00020B8C30020F620012070
:106A800054E0002038B5334B342202FB0033044677
:106A90005D6840F2255128461AF0CEFA012822D02E
:106AA00040F2277128461AF0C7FA012800D038BDF5
:106AB000294A2A4B32F8141033F8142009B212B2C2
:106AC00091422CD133F81420234B33F8143012B2F6
:106AD0001BB29A42EBD128460022BDE8384040F272
:106AE00027711AF08FBA28461AF07EFA1C4B1B5DEC
:106AF000002BD5D01B4B1B689C42C0B222D01A4A37
:106B00001A4932F8143001EB84211BB2C85432F810
:106B100014300133C3F3090322F81430C0E733F80B
:106B20001420134912B201EB84212846895C1AF023
:106B300057FA0A4B33F814200132C2F3090223F842
:106B40001420BFE70B4B9B795B07A9D5FBF75CFAD9
:106B5000A6E700BF207C030844E0002034E00020CA
:106B6000E4C300206C100120FCC300200CC40020F2
:106B700054E0002034FD002010B52D4CC8211D200C
:106B8000FAF73CFD2B4BD4F8FCC0D4E936011A4689
:106B9000E2E8050194ED3C7BD4F8E400106003F5D5
:106BA000A66181ED007B03F24452D4E94201C2F8B0
:106BB00000C003F5266203F67423C2E90001D4F88D
:106BC00014211A60FAF7E6FB0B461B4902460968D6
:106BD0000D20C4E91023FAF711FD94ED247AF6EEA6
:106BE000007AB4EEE77AF1EE10FA1DDDD4ED380A42
:106BF00094ED3E0AC4ED277A1AF0FAFD84ED250AD9
:106C0000F7F708FE0D4BDA7942F00202DA71DA7911
:106C100042F00802DA719A7942F010029A711A78F9
:106C200042F040021A7010BD054BC4F89C30E7E7F3
:106C3000B028012088960020A828012034FD0020DB
:106C40000000A0402DE9F047DFF830C12DED028BA8
:106C5000BCE80F0094B008AC0FC4BCE80F000FC430
:106C60009CE80F0084E80F00414B1B78052B08D0EF
:106C7000DFED407AB0EE670A14B0BDEC028BBDE8E0
:106C8000F0873D4B9FED3B8A93ED006B03F5A662C9
:106C90008DED046B92ED006B8DED066B08AC6069B9
:106CA000F1F712FBD4E90023CDE90201DDE904018B
:106CB000F1F7AAF994ED047A27EE077A074677EE02
:106CC000077A884617EE900AF1F7FEFAD4E9022314
:106CD00005460E46DDE90601F1F796F93A4681468A
:106CE0008A46434638464146F1F746FB2A46334634
:106CF000F1F76CFC4A4607468846534648465146DB
:106D0000F1F73AFB2A463346F1F760FC02460B46A0
:106D100038464146F1F77AF901F1004300900193BA
:106D20009DED000B1AF0ECFBDDE9020153EC102B9A
:106D3000F1F722FB054618EE100A0E46F1F7C4FAE9
:106D40000B46024631462846F1F760F9F1F7ECFDB3
:106D5000183407EE900A14ABA342B0EE678A9ED1B6
:106D6000B0EE670A14B0BDEC028BBDE8F08700BF3F
:106D700030FD00200000000088960020405E0308DF
:106D80002DE9F04F2DED088B204B214A1B78214D2A
:106D900012F903B0542303FB0B5393ED01AA8BB0FC
:106DA000F7EE007A1D20C7EE8A8AB0EE408AFAF725
:106DB0007BFC002840F08886542303FB0BF3EA1881
:106DC00015F80390B9F1010F00F0D883B9F1000F65
:106DD00030D0B9F1030F00F0DF86DFF850A0DFF804
:106DE00050800D4E0023CAF80030C8F80030F37808
:106DF0001B0740F17D86094B094C1B78094F0A4D52
:106E0000052B40F04C8100F04CBD00BFF500002088
:106E1000806603089C66030834FD002030FD0020D6
:106E2000B0280120F0FC002064FC002058FC002069
:106E300060FC0020E64AE74BD2ED007A93ED007A41
:106E4000E54AE64BD2ED006A67EE877A93ED007A69
:106E5000A7EEA67AB5EEC07AF1EE10FA00F14486FC
:106E6000F7EE007AB4EEE77AF1EE10FAD8BFF0EE62
:106E7000477A542303FB0B5393ED147AD84ADFF877
:106E8000B883D2ED009AD3ED045AD8ED006A38EEFB
:106E9000077A77EEE97A88EE076AF5EEC06AE6EEE1
:106EA000279A9FEDE87AC2ED009A29EEA59AF1EEB5
:106EB00010FAF0EE49AAEAEE47AAB0EE65BA00F180
:106EC0003886F7EE007A26EEA66A9FEDC67AC64BA4
:106ED000DFF868A3CDED006A67EEC67A93ED001B7C
:106EE000E7EE87AA03F5A663C04FC14C6AEEA8AAD5
:106EF00093ED000BCAED00AAFFF7A4FE9FEDBD7A4B
:106F0000DDED006AD4F8902020EE077A5423AAEE33
:106F1000887A03FB0B53D3ED02AAB74B37EE267AE0
:106F20006AEEAA6AB2EE086A66EE8A6AB7EE085A94
:106F300086EE26AAF0EE045A8AEE056ACAEE255AB3
:106F4000F5EE007A88ED007A6BEE277A93EDAD7A54
:106F5000D7ED006AA94B27EE877AF5EEC06A27EED7
:106F60002A7AF1EE10FA27EE067AF0EE65BA27EEED
:106F7000297A1A6000F10C86F0EE005A26EEA66A15
:106F80009F4ECDED007AA6EE257A9E4DE8EE476A3B
:106F9000C7ED006A96ED000A1AF078FD95ED016ADA
:106FA000DDED007AB5EEC06AF1EE10FA29EE007A56
:106FB00000F1EA85F7EE005A66EE066A9FED895AFF
:106FC000914B65EEE65AD7ED016AA5EE857AF5EEAE
:106FD000C06A27EE287AF1EE10FAA8EE076A93ED60
:106FE000007A85ED016A67EE877A67EEAA7A67EE26
:106FF0008A7A67EEA97A00F1C385B0EE006A26EEC0
:10700000A67A96ED010AE7EE067AE8EE676AC7ED22
:10701000016A1AF03BFD95ED046AB5EEC06AF1EE27
:1070200010FA29EE007A00F1A785F7EE007A66EEF5
:10703000066ADFED6C5A754B67EEE67ADFED746A2F
:10704000A7EEA57A6BEE267A27EE287AD7ED026AAC
:10705000A8EE076A93ED007A85ED046A67EE877AF9
:10706000F5EEC06A67EEAA7AF1EE10FA67EEAB7A37
:1070700067EEA97A00F17C85B0EE006A26EEA67A6A
:10708000644EE7EE067AE7EEC86AC7ED026AF37867
:107090001A0704D5604B1B78052B00F01A86F9F708
:1070A000DFFC38B1D7ED007A9FED5C7A77EE877A16
:1070B000C7ED007ADFF888B198ED007ADBED007A51
:1070C000E7EE087AFEEE006AF4EEE67AF1EE10FAE8
:1070D000CBED007A40F11185DFED517AB0EE677AA1
:1070E000C8ED007ACBED007AB9F1030F00F00B8503
:1070F000374BDFED406AD3ED007A384B93ED006AF1
:1071000077EE867AF4EEE67AF1EE10FA40F1158524
:107110007378DFED437A434ACBED007A23F08003A6
:10712000C8ED007ACAED007AC7ED007AC7ED017AA2
:10713000C7ED027A7370B37823F00103B3702E4B5E
:107140000A211170C3EDAD7A03F26C52B9F1010F4F
:1071500003F62403C2ED007AC3ED007A00F0BC858B
:107160009FED310AC5ED017AF0EE670AC5ED047AAC
:107170000023C4F8F830C4F8E0302C4B2C4993EDD0
:10718000001A2C4DB1EE411AA1F11800F3F700FDE1
:10719000F6EE007AD7ED024A97ED007AD5ED023A85
:1071A00097ED015A95ED003AD5ED012A95ED034A88
:1071B00068EE277A67EEA44A27EE855A24EEA36A82
:1071C00067EE877AA5EE036A63EEE75A3CE000BFFC
:1071D000A8B80020A0000020A4000020C0B8002013
:1071E00054FC0020C7FAD03D88960020F0FC002017
:1071F000B02801200AD7233C78BB0020D4AF002060
:10720000D8FC002064FC0020E4C000209CC30020C7
:107210008FC2753C34FD002030FD00200ADA643A4C
:10722000000000003FB8002000000080503D012019
:10723000A8290120AC00002060FC002058FC0020A0
:107240005CFC00200AE81C4162EEE46AE2EEC55AEA
:10725000A7EEC46AE7EE836AE4EEC45A27EEA27A88
:1072600036EE226AF0EE477AB0EE667A75EE835A11
:10727000E4EE837AA5EE047A26EE060A37EE237A48
:10728000A5EEA50AE5EE637AA7EE070A77EE847A03
:10729000C5ED005AA7EEA70A85ED016A85ED027AD1
:1072A000C5ED037AF3F762FCD5ED037AD5ED005A0C
:1072B00095ED016A95ED027ADAED003A60EE255A15
:1072C00020EE066A20EE077A20EE270A25EE86AA2F
:1072D00025EE875A65EEA56A66EE06AA66EE009A66
:1072E00067EE007A67EE070A39EEC54A7AEE274A5A
:1072F00025EE802AC5ED005A85ED027A66EE075A22
:1073000036EEEA7A68EE898A20EE001A34EE044AF4
:1073100074EEA44A37EE603A85ED016A1FED376AD4
:1073200094ED3E9A85ED030AB9F1010F64EE282A27
:1073300064EEA81A73EE863A33EE013AD4ED388A39
:1073400005D197ED026AE6EE492AE6EE281A814B4E
:1073500036EEAA6A77EECA7A72EE256A37EE207A9E
:1073600035EE295A36EE606A37EE417A77EEA77A23
:1073700075EEC25A76EEA66A36EE416A75EEA55AE9
:1073800066EEA16A27EE217A35EE055A67EEA17AFC
:10739000E6EE226AA5EEA27AE5EE227AE4EE236A10
:1073A000A4EEA37AE3EE237ADBED009A9FED6A6AFE
:1073B000F4EEC69AF1EE666AB1EE477AF1EE677ABC
:1073C000F1EE10FAC3ED016A83ED007AC3ED027AA3
:1073D00009DDF7EE007A78EE868A39EE679AC4ED19
:1073E000388A84ED3E9A68EE287A17EE900AF0F714
:1073F0006BFFD4E93623F0F709FE68EE097AC4E999
:107400003601CDE9000117EE900AF0F75DFF024664
:107410000B46D4E93C01F0F7F9FD28EEA87AD8ED47
:10742000007AC4ED218AA9EE097AC4E93C01F1EEA3
:10743000C76AF1EE677A9DED000BC4ED237AC4EDC7
:10744000457AC4ED447AC4ED246A84ED229AC4EDF1
:10745000398A84ED3F9AC4ED129A16F051FAD4E9B4
:1074600014232067C4F8D000D4E93C01F1F7AEF84A
:1074700041EC100B16F044FA384B9BED006A1A7879
:10748000374B384983ED006A02EB420301EB83037B
:10749000D3ED017A6067C4F8E800B4EEE76A3248D9
:1074A000F1EE10FA80ED016AC0F23583D3ED027A75
:1074B000B4EEE76AF1EE10FA94BF01200020B37831
:1074C00060F3C713B370B378DB0905D102EB420256
:1074D00001EB820393ED026A95ED015AD5ED007A36
:1074E000F378D5ED024AD5ED035A2048D8F80010BC
:1074F00080ED006A25EE057A23F04003A7EEA77A17
:10750000F370337A1A48A4EEE47A43F0010333723D
:1075100065EEE76A67EEA47AE5EE246A7279154BA8
:10752000E5EE257A42F00802A5EEE57A76EEA66A47
:1075300083ED007A77EEA77A72710F4A0160C3ED8E
:10754000016A1160C3ED027A0BB0BDEC088BBDE897
:10755000F08F00BFFCFC002000000000A0260120EE
:10756000FC900020788E0308D0FF0020A426012084
:10757000ACFF0020443D0120A8FF0020E34EF3783B
:107580009F07C3F3400240F1A382E14B93ED009AC1
:10759000F37898071ED4DF4BD3ED007AF5EEC07A6E
:1075A000F1EE10FA01D5F1EE677ADB4B93ED007A3C
:1075B000A7EE279AB5EEC09AF1EE10FA00F1858396
:1075C000D64BD3ED007AB4EEE79AF1EE10FAC8BFCD
:1075D000B0EE679AB5EEC09AF1EE10FA00F166834C
:1075E000F7EE007AB4EEE79AF1EE10FACCBF012282
:1075F0000022F7EE007A002A18BFB0EE679AC84B57
:10760000D3F8983207EE903A79EE677ABFEE00AA87
:10761000F4EECA7AF1EE10FA00F18882B7EE007A41
:10762000F4EEC77AF1EE10FAD4BFB0EE67AAB0EE6E
:1076300047AA3AEE077A542303FB0B5393ED056AEE
:10764000D3ED067AD3ED046A26EE077A29EE269A60
:10765000B4EEE77AF1EE10FA08D4D3ED077AB4EE7F
:10766000E77AF1EE10FAD8BFF0EE477AAD4B8DED28
:10767000046AC3ED007AAC4BCDED037AD3ED015A29
:10768000AA4CCDED005AB0EE650A1AF0BFF9A84B2E
:10769000DFF8E082D3ED004AA64BD8ED00AA93EDC7
:1076A000005ADFF8D4A2542707FB0B5797ED137A43
:1076B000D7ED126A94EE857A94ED361BC7EE009AE8
:1076C00094ED3C0BE6EE8A9AC8ED009AFFF7BAFA01
:1076D0009DED046A97ED0C7ADDED037A964B974F9A
:1076E000DDED005AB7EE005AC5EE066A79EE809AD3
:1076F00079EEEAAAC8ED009A8AEE885A66EEA79A51
:1077000097ED006AD3EDAD6A8AED005A69EEA99A49
:1077100027EE267AB5EEC06AF1EE10FA27EE297A46
:1077200000F10182F0EE004A26EE065A844BD7EDB6
:10773000016AA5EE247AF5EEC06AA8EE476AF1EE7A
:1077400010FAF0EE46AA93ED006A4FF0540303FBE3
:107750000B5393ED0D7A27EE067A27EE297A00F186
:10776000DF81B0EE005A26EEA66AF5EEC07AA6EEEC
:10777000057AF1EE10FAE8EE476AB0EE66AA40F339
:10778000CC81704B93ED007AB1EE470AF4EEC05A0B
:10779000F1EE10FA08D4F4EEC75AF1EE10FAD4BFA5
:1077A000B0EE650AB0EE470ACDED007A1AF0A8F9FE
:1077B000DFED656ADDED007A644B97ED027A20EE2D
:1077C000260AD3ED006A80EE276A542303FB0B538D
:1077D000D3ED0E5A37EE466A66EEA56AB5EEC06A7C
:1077E000F1EE10FA66EEA96A00F16C82F0EE005A32
:1077F00026EE466AE5EE866AA6EE887A542303FBF7
:107800000B5393ED0F6AF1EE466AF4EECA6AF1EE9D
:1078100010FA08DCB4EEC6AAF1EE10FAD4BFF0EE0E
:107820004A6AF0EE466A542303FB0B5393ED106A49
:10783000C7ED016AF1EE466AF4EEEA6AF1EE10FA7B
:1078400008DCF4EEC6AAF1EE10FAD4BFF0EE6A6AD4
:10785000F0EE466A542303FB0B5393ED116AC7ED18
:10786000006AF1EE466AF4EEC76AF1EE10FA08DC3F
:10787000B4EEC67AF1EE10FAD4BFF0EE476AF0EE3D
:10788000466A334DC7ED026AF1EE677AC5ED017ABB
:10789000F37819077FF503AC2E4B1B78052B7FF48B
:1078A000FEABDFF8D8B02C4BDFED2C9A93ED00AA9D
:1078B000DFED2B4ADBED003ACDED064A38EE0AAAA1
:1078C000B0EE690AAAEE240A83ED00AACDED073ACC
:1078D0001AF0DCF8DFED235AF0EE407A9FED220A31
:1078E000CDED055AB6EE005AAAEE250AF0EE69AAC9
:1078F000E7EE85AA8DED045A1AF0C8F89FED1B6AD1
:10790000DFED1B6A8DED036A4AE000BF34FD002005
:10791000A8B800200086002094B8002088B8002075
:10792000B0010120D4AF0020D8FC0020B0280120F5
:10793000F885002078B8002078BB0020F0FC0020FB
:10794000E4C0002060A100200AE81C419CC3002084
:1079500064FC002030FD002088FC002000000000B6
:10796000FF545640BB8CFF409A99D93FC3F5A83EBF
:10797000C0308C4160FC002058FC0020886B03085C
:10798000666646407B142E3E6666663F6666264007
:10799000CDCCCC3ECDCC0C40CDCC4C3F3333F33FA3
:1079A000F0EE407A1FED0A0ACDED096AE7EE86AAED
:1079B000AAEE260A1AF06AF81FED0E7ADDED073AF4
:1079C00097ED004ADDED064A8DED007AF0EE6A7A19
:1079D000E0EE077ACDED084A67EEA37A1FED160AAE
:1079E000A8EE274AAAEE240A87ED004A9BED014A39
:1079F0008DED074A1AF04AF8DDED055A5FED1D7A64
:107A00009DED045AEAEE257AF0EE69AAE0EE05AAA9
:107A1000B0EE670A8DED065A1AF038F8DDED096A06
:107A20005FED257A9DED036ACDED036AEAEE267AD5
:107A3000E0EE06AAB0EE670A8DED046A1AF026F8A9
:107A40009DED007A9DED074ADDED084AD7ED017AFC
:107A50005FED303AE0EE07AAEAEE243A6AEE84AA35
:107A6000B0EE630AE8EE2A7AC7ED017A1AF00EF852
:107A7000DDED055A5FED387A9DED065ADBED02AA81
:107A8000EAEE257AE0EE059AB0EE670A19F0FEFFFD
:107A9000DDED036A5FED3F7A9DED046AEAEE267A3A
:107AA000E0EE069AB0EE670A19F0F0FF9DED007A5D
:107AB000D7ED027AE0EE079A69EEAA9AE9EE887AA3
:107AC000C7ED027AFFF7EBBAFFF756F8FFF774B984
:107AD0008B4B1B78002B00F0EC80F3789FED899A9C
:107AE0009C073FF586AD56E5DFED867AFFF7C1B915
:107AF000854C864F864DFFF7D2BAF5EEC07AF1EE8F
:107B000010FA7FF6F1AA95ED010AD5ED040AB1EE5F
:107B1000400AFFF732BB0020D1E49FED7A7A6DE690
:107B2000B8EE005A1FE6F8EE004AFDE59FED757AC3
:107B300081E5FFEE007AFFF7C6B9DAED007AF5EEDF
:107B4000C07AF1EE10FA4FF0000301D5CAF8003008
:107B500095ED010AD5ED040AB5EEC07A0023F1EEE9
:107B600010FA48BFC8F80030B1EE400AFFF705BB75
:107B7000B8EE006AFFF782BAFFEE007AFFF757BA55
:107B8000B8EE006AFFF73BBAFFEE005AFFF714BAEF
:107B9000F8EE005AFFF7F2B95E4BD2ED076AD3ED6B
:107BA000007A92ED096A5C4B5C4A93ED007AD2ED63
:107BB000005AB5EEC07A77EEA57AF1EE10FA67EECC
:107BC000A67A00F19980F0EE475A26EE256A27EE54
:107BD000467AE8EE077AF5EEC07AF1EE10FA00F197
:107BE0008680F4EEE67AF1EE10FAD8BFF0EE676A1E
:107BF000F7EE005AF6EE007AE6EEA75A484A92ED02
:107C0000007AC3ED006AFEEE007AB4EEE77AF1EE98
:107C100010FA08D4F6EE007AB4EEE77AF1EE10FA34
:107C2000D8BFF0EE477A394F542303FB0B5595ED3F
:107C3000116A97ED027A66EE277AB5EEC07AF1EE18
:107C400010FA67EEA57A4FD4B0EE005A67EE474AB5
:107C5000F1EE465AE4EE857AA7EE887AB4EEE57A3C
:107C6000F1EE10FA08D4B4EEC67AF1EE10FAD4BFF1
:107C7000F0EE475AF0EE465ADFED227ADFF8A8A080
:107C8000DFF8A880224D274EC7ED025AC7ED007AD3
:107C9000C7ED017ACAED007AC8ED007AC5ED016A38
:107CA000F378194CB0EE679AFFF7F9B99FED159A82
:107CB000A5E4184B93ED009A184BD3ED007A39EEFA
:107CC000279A65E4F8EE005A92E59FED0E9A00229D
:107CD0008FE4DFF85CB0E6E595ED010AD5ED040A26
:107CE000B1EE400AFFF744BAB8EE005AAEE7DFED56
:107CF000056AF7EE005A81E7F1EE475A65E700BFE3
:107D0000583E012000000000B0280120F0FC0020B7
:107D100064FC0020A8B80020D4AF0020C0B8002028
:107D2000E4C0002034FD002058FC002060FC00204E
:107D3000946B03080000000070B56B4B6B4D187816
:107D400084B01C210CF058FDEB781B0701D404B063
:107D500070BDF8F74BFD6649664A674C6748C4F842
:107D6000A40000230B608B604B604B610B61CB6008
:107D70000B62CB618B6102F526619FED577B0B6037
:107D80005F49C4F828115F49C4F8E81061675E498B
:107D9000E16702F5A66EC4F8801040F20A31A4F83B
:107DA00031104FF07E5102F64C2C02ED057BCEF8DF
:107DB000003002F21C561360C4F89810A2F11401AE
:107DC00047A3D3E900234FF07C50C4F89C004F48F0
:107DD000C4F8D0008CED007B86ED007B8DED007B40
:107DE000C4E914232067039115F07AFD0399606FAD
:107DF00081ED000B84ED360B15F072FDD4E91423F0
:107E000051EC100BF0F7B8FA9DED007B404BC6E942
:107E10000001C4E93C011D20002184ED427B83ED7B
:107E20000E7BF9F7EBFB1D20F9F73EFC002850D143
:107E30006B799FED380A3849384A81ED000A43F0E2
:107E400010036B716B783649364881ED000A23F0D8
:107E500004036B706B7982ED030A43F002036B71CC
:107E6000AB7882ED020A43F02003AB70EB7982ED30
:107E7000010AB7EE007A43F0020382ED007AEB715B
:107E800080ED000A8DED007A01F0CCFC264B274AEC
:107E90001B78D356264A542101FB03F3D118D35C37
:107EA00043B1D1ED037A234A17EE903AC2F89832E3
:107EB00004B070BD9DED007A91ED046AD1ED017AB8
:107EC000C7EE066A9FED1C7A67EE877A67EEA67AA0
:107ED000E9E7FEF751FEABE70000000000000000FC
:107EE000000000009A1EEA3F6810012034FD0020C7
:107EF00064FC00209C960020B02801206666663F46
:107F0000CDCC4C3E5488E0580000A03F1721F7EA42
:107F100010AD00200000000060FC0020AC0000203C
:107F200088FC00205CFC0020F5000020806603082F
:107F30009C660308B00101200AE81C413F4B404900
:107F4000D3F87C22D1ED007AD3F88012D3F89002D6
:107F5000DFF804C107EE102AD3F88C229CED003A1A
:107F6000D3F868C277EEC77A03EE902A07EE101AAC
:107F7000D3F88422D3F89412E7EE873A04EE100A7D
:107F800007EE102AD3F88822D3F87402A7EE874AA6
:107F900004EE901A07EE102A2A492B4A91ED005A56
:107FA000D1ED015A91ED026AD2ED016AD3F8701257
:107FB000E7EE874A02EE900A92ED007AD3F8640267
:107FC000D2ED027AD3F8782276EEE26A35EE635A81
:107FD00002EE901A75EEC45A36EE646A37EE627A93
:107FE00025EE035A02EE902A65EE835AD3F86C22EE
:107FF0001649174BC1ED003A26EE436A03EE100A0C
:1080000077EEE27A27EE037A02EE90CA03EE102AA8
:1080100066EEA26A0F4A81ED014A67EEC37AC1EDAE
:10802000024A82ED005AC2ED015A82ED026AC3EDA6
:10803000016A83ED007AC3ED027A7047B001012036
:10804000BC000020B8FC0020C4FC002008FD00207B
:10805000FCFC0020F0FC0020807A03082DE9F84F9A
:10806000D64BDFF88493D64ED64CD74FD74DDFF89A
:108070007CB3DFF87CA3DFF87C832DED028B00203E
:1080800093ED008AFDF78CFDB9F80000F9F7C0F90F
:10809000B0EE480A13F080FB336823603B602B602E
:1080A000736863607B606B60B368A360BB60AB6048
:1080B000DBF80030CAF800300123C8F800302FE0A8
:1080C00097ED017AF4EEC77AF1EE10FA01D5C7ED1B
:1080D000017A94ED027AD6ED027AD5ED025A37EEA6
:1080E000877AF4EEE57AF1EE10FA84ED027A49DC53
:1080F000D7ED025AF4EEE57AF1EE10FA01D5C7EDAC
:10810000027ADAED007AD8F80030DBED005A01335C
:1081100077EEA57AF92BCAED007AC8F8003037DC83
:10812000B9F80000F9F774F9B0EE480A13F034FB1F
:1081300094ED006AD6ED007A95ED007A37EE866A06
:10814000F4EEC77AF1EE10FA84ED006A1DDC97EDCB
:10815000007AF4EEC77AF1EE10FA01D5C7ED007A95
:10816000D4ED016AD6ED017A95ED017A77EEA66A33
:10817000F4EEC77AF1EE10FAC4ED016AA0DDC5EDA8
:10818000017AA6E7C5ED027ABBE7C5ED007AE7E71D
:108190009FED8F5AD5ED005A8E4B86EE054A97ED2E
:1081A000006AD3ED003A84ED004A75EEC45A36EE0B
:1081B000446AF5EEC05AF1EE10FAC5ED005A87EDAB
:1081C000006A00F19F80B5EEC06AF1EE10FA00F18E
:1081D0008E80B4EEE56AF1EE10FAC8BFF0EE465AB2
:1081E0009FED7B5A95ED016AC6EE854AD7ED016A8F
:1081F000C4ED014A36EE646AF4EEE53AF1EE10FAA7
:1082000076EEE46AB5EEC06ACCBF01230023F1EE3E
:1082100010FA85ED016AC7ED016A00F19580F5EE6F
:10822000C06AF1EE10FA00F1AB80F4EEC66AF1EE2E
:1082300010FAC8BFB0EE666ADFED655AD5ED026A86
:1082400087EE255A03F00103D7ED025A84ED025A56
:1082500036EEC57AF4EEC63AF1EE10FA75EEC56A5E
:10826000B5EEC07AD8BF0023F1EE10FA85ED027AA0
:10827000C7ED026A57D4F5EEC06AF1EE10FA00F1CC
:108280008A80F4EEC76AF1EE10FAC8BFB0EE667AE3
:10829000F4EEC73A504AF1EE10FA03F00103D8BFEA
:1082A00000231370002B60D09FED497A4B494C4856
:1082B000C7EE877A007814EE103A14EE902A17EE83
:1082C000904AC1F88C32C1F8902215EE103A454A16
:1082D000C1F87C420124C1F8943214700DF0AAFA5E
:1082E000BDEC028B2046BDE8F84FFDF759BCB1EE5E
:1082F000466AB4EEE56AF1EE10FA7FF771AFF0EE80
:10830000465A6DE7B5EEC06AF1EE10FAB1EE655A65
:108310004CD4B4EEC56AF1EE10FAD4BFF0EE455A73
:10832000F0EE465A5CE7F5EEC06AF1EE10FAB1EEF7
:10833000476A69D4F4EEC66AF1EE10FAD4BFB0EE23
:10834000467AB0EE667AA3E7F5EEC06AF1EE10FA6F
:10835000F1EE465A50D4F4EEE56AF1EE10FAD4BFCD
:10836000B0EE656AB0EE666A66E70220082100F0AA
:10837000C5FBBDEC028B0120BDE8F84FFDF710BC3A
:10838000F1EE666AB4EEE66AF1EE10FA7FF554AFEC
:10839000B0EE666A50E7F1EE666AB4EEE67AF1EEA8
:1083A00010FA7FF575AFB0EE667A71E7B4EEE56A64
:1083B000F1EE10FA30D5B1EE466AA0E72CFD0020B0
:1083C000B8FC0020ACFC0020A0FC002094FC0020A5
:1083D00000007A4314FD0020D5FC0020B0010120EC
:1083E00068100120A8010120E0000020BC0000204E
:1083F00090FC00208CFC0020F4EEC66AF1EE10FA2E
:108400000DD5F1EE666AC3E7B4EEE67AF1EE10FA46
:1084100008DDF1EE666AC6E7F0EE455AE0E6B0EE3A
:10842000656A09E7B0EE467A32E700BF38B5164B09
:10843000164C1878164D14210CF0DEF9154BDFEDB3
:10844000166A93ED007A154A15491648C6EE877AE2
:1084500000230B6003602B602360C2ED007AF4F709
:10846000ABF8114BA36013F02FFC104A104992F89F
:108470005F224B79A2F10102B2FA82F2520962F351
:1084800004134B7138BD00BF68100120FCFC0020B4
:10849000F0FC0020807A030835FA8E3C14FD0020A1
:1084A000B8FC0020C4FC00200AE81CC1B001012077
:1084B00034FD00202DE9F8435B4B5C4FDFF89081E1
:1084C0005B4E5C4D2DED088B81460220D3ED00BA4A
:1084D0009FED598AFDF764FB584B4FF4FA601A6818
:1084E000C7F864220023C7F87032C7F86822C7F8BB
:1084F0006C22C7F87432C7F87832C7F88032C7F8F0
:108500008432C7F88832C7F88C32C7F89032C7F87F
:108510009432F8F77DFFB0EE6B0A13F03DF9B0EE40
:10852000489AB0EE48AAF0EE489AB0EE48BAF0EE9B
:1085300048AAF0EE488A4FF49674F4F7B5FA4FF46F
:10854000FA60F8F765FFB0EE6B0A13F025F9013C0D
:10855000D8ED004A96ED005AD5ED005A96ED016A25
:10856000D5ED016A96ED027AD5ED027AA4B278EEE5
:10857000A48A7AEE85AA3BEE25BA79EE869A3AEE7F
:1085800026AA39EE079A38EE278A002CD5D12C4935
:10859000DFED2C7A4A792C4B2BEE27BA42F01002F1
:1085A00068EEA78A6AEEA7AA93ED007A4A711BEEDD
:1085B000102A98EE277AC7F8702201242AEE27AAFB
:1085C00018EE903A1AEE902A69EEA79A29EE279AA9
:1085D000C7F87C32C7F86032C7F88C221B4B87F88B
:1085E0005F421AEE102A17EE100AC7F874221C70A8
:1085F00019EE902A19EE103AC7F89022C7F8943273
:10860000C7F8780202F0BAFC2146082000F076FA9A
:108610000220FDF7D7FABDEC088B224648463421EC
:10862000BDE8F8430CF03AB92CFD0020B001012060
:10863000B8FC0020C4FC002000000000847A03087D
:1086400034FD00200E745A3B887A0308A8010120EB
:10865000BC0000202DE9F04F2DED028B91B0AE4B08
:108660000190022093ED008AAC4FDFEDAD8AAD4E54
:10867000DFF8C8A2DFF8C892FDF792FAAA4B4FF0D4
:1086800000081B68C7F86432C7F86832C7F86C3254
:10869000C7F87082C7F87482C7F87882C7F88082FA
:1086A000C7F88482C7F88882C7F88C82C7F890829E
:1086B000C7F89482F4F7F8F94FF4FA60F8F7A8FED7
:1086C000B0EE480A13F068F8D6ED007AF4EEE87AD6
:1086D000F1EE10FA06DC6420F8F726FF0220FDF721
:1086E00085FAE7E710AB08EB4804142503EB880B89
:1086F00003EB84044FF4FA60F8F78AFEB0EE480A00
:1087000013F04AF85BED0E4A14ED065A54ED0C5A7C
:1087100014ED056A54ED0B6A14ED047A54ED0A7AEF
:1087200096ED004A9AED001AD9ED001A9AED012A49
:10873000D9ED012A9AED023AD9ED023A74EE844A53
:1087400035EE015A75EEA15A36EE026A76EEA26A4D
:1087500037EE037A77EEA37A013DADB24BED0E4AC8
:1087600004ED065A44ED0C5A04ED056A44ED0B6A1B
:1087700004ED047A44ED0A7A002DBBD1B8F1000F64
:1087800000F0AA80DFED697ADDED0A5A9DED025A0C
:10879000DDED0B3A9DED0D4ADDED036A9DED0E7AA0
:1087A0009DED0C6ADDED0F4ADDED042A604B65EEB0
:1087B000A75A25EE275A63EEA73AB0EE653A94EE33
:1087C000273AB0EE454A96EEA74AF0EE636AD7EE36
:1087D000276A26EE276AC6EE846AB0EE467A94EEE1
:1087E000A77A83EE043A87EE047A16EE904ADDED1E
:1087F000076ADDED094AC7F8844266EEA76A13EE00
:10880000105A17EE100A9DED063A9DED087AC7F84A
:10881000805264EEA74AE2EEA76AC7F88802E3EE48
:10882000274A27EE277A9DED053AA3EE277AB6EE82
:10883000003AD3ED007A66EE836A15EE103AD4EE74
:10884000837AC7F87C3216EE903A15EE901A27EE2E
:10885000037AC7F8703216EE103A13EE902AC7F872
:108860008C12C7F8943217EE101A17EE903AB5EE44
:10887000C04AF1EE10FAC7F87412C7F89022C7F890
:1088800078323ED4F3EE047AB4EEE74AF1EE10FA11
:108890004CBF01210021274A537961F3041353711E
:1088A0005379DB0623D501242146082087F85F424F
:1088B00000F024F90220FDF785F9019822463421C1
:1088C0000BF0ECFF1C4B01221A7011B0BDEC028BB7
:1088D000BDE8F04F02F052BB0121F2EE047A0846E7
:1088E00074EE278A4FF0010800F008F9E2E600F084
:1088F000E9F9FF22019887F85F2234210BF0CEFFBF
:10890000E0E7FBEE047AB4EEE74AF1EE10FACCBFF2
:1089100001210021BFE700BF2CFD0020B001012094
:108920000000C8C2BC000020847A0308CDCC4C3DB6
:10893000887A030834FD0020A8010120B8FC00203B
:10894000C4FC0020174B1849D3F87C22D1ED007AE3
:10895000D3F88012D3F8900207EE102AD3F88C22B5
:1089600077EEC77A06EE102A07EE101AD3F88422A3
:10897000A7EE876A06EE900A07EE102AD3F888223F
:10898000D3F89432E7EE876A05EE902A07EE103AA4
:10899000A7EEA57A054B83ED006AC3ED016A83ED6E
:1089A000027A7047B0010120BC00002008FD0020C1
:1089B00008B51C4BDA78120714D51B4ADFED1B7A79
:1089C00092ED007A1A78B4EEE77AF1EE10FA4CBF25
:1089D0000121002161F3C3021A70DA7861F3861273
:1089E000DA7008BD124804F033F91249DFF848C0C4
:1089F00091F800E00B4BB0FA80F0400986450ED0AC
:108A0000BCF90020002A09DD511E0EF001001A7881
:108A1000ACF8001060F3C3021A7008BD087064213E
:108A2000F5E700BF34FD0020FC900020CDCCCC3D0C
:108A3000A07F030819FD0020CC00002008B5174BCB
:108A40001B78012B13D0164B164A1B7843B903F041
:108A5000FF03117963F3C71111711079C00908BDC3
:108A60005379C3F3800383F00103DBB2F1E70E48CF
:108A700090F83430002BE6D0383004F0E9F8094A99
:108A800028B15079C0F3800080F00100C0B21379A2
:108A900060F3C71313711079C00908BD1AFD0020D7
:108AA000AA0E012034FD0020347F030808B5104BC6
:108AB0005A79D10609D50F4A127852B11A7952065D
:108AC00008D40D4B1B78012B03D02720F8F7ECFDC1
:108AD00020B908BD5B799B07FBD4F2E727204FF450
:108AE000FA71F8F78BFDBDE808400020FDF77EB86D
:108AF00034FD0020A40E0120A90E012070B5064609
:108B00000D46FDF71BF856B1642303FB06F600245F
:108B10004FF47A700134F8F77BFCB442F8DBFDF7D0
:108B200025F855B1642303FB05F500244FF47A7052
:108B30000134F8F76DFCAC42F8DB70BDC8B170B51C
:108B400006460025FCF7FAFFC8244FF47A70F8F7C0
:108B50005FFC013CF9D1FDF709F84FF448744FF47C
:108B60007A70F8F755FC013CF9D10135B542E9D1ED
:108B700070BD7047084B9B799B0700D5704700B5C7
:108B800083B00190FCF7DAFF0199042003B05DF88F
:108B900004EBF8F733BD00BF34FD002008B5404BAF
:108BA0005A7912F0200FC2F340113E4A41D00421FD
:108BB00011703D4A1278002A39D15A79C2F3401116
:108BC000920625D59A7961F341029A719A799107B3
:108BD00041D55A79920631D540F6B8334FF0FA0CA8
:108BE0003249334A0B601520C2F800C0F8F75CFD2B
:108BF000002834D02F4B2E4A1B78002B30D02B4925
:108C000015200968F8F7FAFCBDE80840FCF7AEBF8C
:108C10001A789006C2F34011D4D4274A1278042A55
:108C200005D0092A03D0254A1278032A2CD1012124
:108C3000C8E710780028BCD01170BAE71B789B06F3
:108C400016D41F4B1B78DBB91B4B1B78042B21D090
:108C50007D239C46C4E70420F8F726FD60B908BDD3
:108C600011681520F8F7CAFCBDE80840FCF766BF9C
:108C70004FF416739C46B3E7BDE80840FCF776BF97
:108C80004FF47A739C46ABE70D4A1178003918BF50
:108C9000012197E741F28E234FF0FA0CA0E700BFC5
:108CA00034FD00203EB800201BFD0020C80000203D
:108CB000C4000020A2C3002030FD00203FB80020E7
:108CC0006CB8002000200BF0A5B800BF08B5194B08
:108CD0001B789BB9184BD3ED017AF5EEC07AF1EE13
:108CE00010FA0DD49FED157AF4EEC77AF1EE10FA72
:108CF0000DD54FF4FA612220F8F780FC002008BD62
:108D00009FED0F7AF4EEC77AF1EE10FAF1DC222033
:108D1000F8F7CAFC0028F1D00A4A0B4B92ED007A12
:108D2000D3ED007AB4EEE77AF1EE10FAE6DD074B08
:108D3000DB78E3E7A90E0120D8FC0020AA619C3F64
:108D4000AA619CBFA8B80020A4B8002034FD002070
:108D50004B4B1B78192B4B4B53D01A7912070AD463
:108D600001209A78D20702D45A78D2094BD0464AC9
:108D70000123137070475A795007C2F38001EFD472
:108D8000424A92F90020002AEADC00B5404A1278F3
:108D9000012A83B044D03F4A12782AB15979C1F3ED
:108DA000800181F00101C9B21A7961F3C7121A7109
:108DB0001A79D20902D0384A127892B95A79D10771
:108DC0000FD4364A127862B91A79920609D55A79BF
:108DD000D00606D59A78910631D4314A527C052ABC
:108DE0002DD001209A78D10715D45A78D20912D102
:108DF0001B79254AC3F3C00383F00103137003B04A
:108E000000BD0020ADE71B791F4AC3F3C00383F008
:108E10000103137070471C4A0123137003B000BD97
:108E2000204890F83420002AB5D03830CDE900131E
:108E300003F00EFFDDE900130028B5D0AEE71A4AB3
:108E400012788AB11A79520602D55A7990070BD452
:108E50001649134A097802EB01125278022A03D00C
:108E6000134A1278012ABCD11A789106B9D41A7A19
:108E70001207B6D49A78D007B3D45878C009B1E7AE
:108E8000F500002034FD00201BFD0020DCAF002099
:108E90001AFD0020AA0E01201CFD00203CB8002075
:108EA000907A0308347F0308A40E0120F700002005
:108EB000A90E01202DE9F843354C364900202070D9
:108EC000034660700246A070E07020716071A0716E
:108ED000E07120726072A072E07241F823200133C9
:108EE0002F2BFAD12C4B2D48DFF8F490DFF8F480CB
:108EF0002B4F2C4E00240025C3E900454FF49872F7
:108F0000C3E902450021C3E90445C3E90645C3E9B5
:108F100008451CF059FE40F6F872002122481CF06A
:108F200053FE22484FF42A7200211CF04DFE204BC4
:108F3000254618464FF42E7200211CF045FE3D5187
:108F4000355104340C2C49F8045B48F8045B00F5F7
:108F50002E73EED11749184A1848194C0023136094
:108F60000B60184B1849194A0D7000260027C3E9F9
:108F700000674FF07E53036015482360072111708E
:108F80000360144A1448154903601160BDE8F88372
:108F900034FD0020B0AE002070AF0020B0280120CA
:108FA000FCFC0020D8FC002078910020D0B80020E4
:108FB00078BB0020FCAF0020A8B80020F0AF002054
:108FC000ECAF0020D0000020D5FC002030FD0020B8
:108FD000E8AF0020A4B80020A0B80020CCCCCC3D45
:108FE000F0FC0020E4FC002080B170B5084E05467E
:108FF000002430780FF000FB0020FDF70BFB01345C
:109000003220F8F791FAA542F3D170BD704700BF46
:10901000681001202DE988487D2018F00FFA0028FB
:1090200040F03A83C04DDFF850830D232B70F8F7E2
:1090300091FB4FF47A70F8F777FA1024FFF73AFFB4
:109040000F232B7002F0C4F92C7004F059FBB74BBE
:10905000214618780BF0D0FB0A20FFF7C5FF11F06E
:1090600055FEF7F7D7FBFCF739FF0020FCF798FD1A
:10907000F2F7CEF8FFF7DAF916F0E0FAF2F744FD6E
:1090800000F008FC0A20FFF7AFFF03F051FA12F0DE
:109090007BFBFCF73DFDF3F761FD0A20FFF7A4FF22
:1090A00015F05EFD98F803301C0700F1FA82F6F720
:1090B00061FAFCF7E3FD02210820FFF71FFD98F895
:1090C0000330DFED9B8A9B4FDFF8B0A29A4CDFF8AC
:1090D000B092DFF880B29FED998A23F0200388F8E0
:1090E0000330F8F73FFD964B0020D3E90023F8F753
:1090F00091FA944B0120187007232B70FCF704FEA3
:10910000F3F784FC00260DE02068342303FB009372
:1091100093F82030002B7ED1F9F730FD0020F8F7CE
:10912000D1FA18BB0A20F3F7C7FCF3F7BDFC287887
:10913000052818BF02280CBF01200020F3F73EFCD1
:109140003B78192BE0D1804B8AED008A1E707F4B53
:109150001E707F4B1E7098F80430002043F0080307
:1091600088F80430F8F7AEFA0028DBD0744B002002
:10917000D3E90023F8F74EFA7648F8F7DFF9764B93
:109180000D2083ED000AF3F797FCF0F793FA98F8B7
:109190000A30580740F1D48198F80A30590740F155
:1091A000BE810D20F3F788FC604B187800F07CFD41
:1091B0000E20F3F781FC15F0F5FBF7F779F8FFF7D0
:1091C000F7FBFFF7EBFCFFF771FC584B18780FF03B
:1091D00013FA00200FF010FA0020FDF71BFA07F039
:1091E0005DF911F09BFD2B780C2B64D8DFE813F0B0
:1091F0007D0115014F0119006401EB00630042017C
:10920000DD00CA008E00630081002078FDF770FA4F
:10921000F8F7FAFE2068C0B2FDF734FA0028F4D15E
:109220007AE7FBF789F800F00FFB98F8033023F09A
:10923000200388F80330FFF701FC002800F0C2810A
:1092400001F0AAFF98F80730980703D598F8003086
:10925000590630D5414B9AED007AD3ED007AB4EE41
:10926000E77AF1EE10FAC0F2FB814FF4FA612220A6
:10927000F8F7C4F93A491620F8F7C0F93849072039
:10928000F8F7BCF944F620610E20F8F7B7F9F6F7C5
:1092900035FAF8F743F9334B186098F8033043F088
:1092A000200388F8033005232B702F4B2F49D3E977
:1092B0000023C1E90023F8F76DF8DBF800302A4AF3
:1092C000C01ADBF80430106061EB030116465160F0
:1092D000FFF7B4FB48B1D6E90012244ED6E90003EB
:1092E0008842934138BFC6E90012214A0123137016
:1092F00008E7FFF7A3FB002800F0F48098F800309F
:10930000DB0900F0B98109232B70D4E7FEF7A6FE34
:10931000184B1B78002BCED04FF4FA611720F8F7CA
:109320006DF901232B70C6E730FD00206810012085
:109330000AD7233DF50000206C100120000000003A
:10934000E00000201CFD002041B7002042B70020B3
:10935000DCAF002020FD002028FD0020A4B8002064
:10936000C0D40100B0AE0020D8000020D000002002
:10937000F6000020D5FC002034FD0020FCAF0020CA
:10938000207C0308FAF7D8FF98F80530C3F30006ED
:10939000DB0740F10D810320FCF714FC0120FCF7F2
:1093A000FFFBC14A0923137085E7FAF7C5FF00F0F8
:1093B0004BFAFFF743FB18B93B78192B7FF47BAFCF
:1093C00000232B7077E7B94B1B78012B00F0278126
:1093D000FAF7B6FCB648F6F79DFCDAED007AF4EE43
:1093E000E87AF1EE10FA09D5B04B1B78002B00F0AB
:1093F000C380FFF723FB002800F0BE80FBF748F88E
:10940000FFF764FC002800F0AD800520F9F7DAFFD3
:10941000F6F72EFF04232B704DE7FAF78DFF172088
:10942000F8F742F900283FF446AF0320FFF786FB28
:1094300002210820FFF762FB4FF4FA612220F8F7BF
:10944000DDF89C491620F8F7D9F89A490720F8F773
:10945000D5F844F620610E20F8F7D0F83B78192BA8
:1094600000F00D8198F807309A077FF54CAF0C2378
:109470002B7020E7FAF760FF00F0E6F9FFF768FCD1
:109480000646002800F0A780FCF7BEFB13E7FFF7B5
:10949000D5FA00285AD0884BDAED007AD3ED006A6D
:1094A000864B77EEA67A93ED007AF4EEC77AF1EE6A
:1094B00010FA4BDD0523F7E6804B9AED007AD3EDE9
:1094C000007AB4EEE77AF1EE10FA52D57C4A002326
:1094D00013707C4A01231370EFF7BCFEF3F7F2FD23
:1094E000FCF7CCFB07232B70E5E6FAF725FF0221FA
:1094F0000820FFF703FBEFF7E9FEFCF709FBF3F7A2
:109500002DFBF6F737F8F7F7FBFE6F4B6F4A1B782A
:10951000127813437FF400AF0A232B70CBE60C20A4
:10952000F3F7CAFA6A4B93ED000A1E46F2F7B2FE51
:109530000D20F3F7C1FA96ED000AFCF7CDF937E6F6
:109540000B20F3F7B9FA01F06DFA25E6FBF7EEFC14
:109550000520F8F7A9F8002869D1584B5D4A1B6827
:109560001360A8E6FBF7B6FB98F801305B067FF5C1
:10957000A2AEFCF775FC9EE64FF4FA612220F8F7E4
:109580003DF84C491620F8F739F84A490720F8F712
:1095900035F844F620610E20F8F730F840F6C41193
:1095A0000520F8F72BF8F6F763FE02232B7082E60E
:1095B0000120FCF707FB0320FCF7F2FA3A4B1E7080
:1095C000032371E601F0DAFCEFF744FEF3F77AFDCE
:1095D00007232B706FE602210820FFF78FFA394B23
:1095E0003D4A1E70304B1E7098F8033066F304132A
:1095F00088F8033098F8083066F3C71388F8083005
:1096000098F8003066F3C71388F800300320DAF8C2
:1096100000301360FCF778FB08232B704BE698F8BA
:1096200009305A067FF5D4AEF6F712FBD0E6294B87
:109630004FF4FA61222083ED008AF7F7DFFF1D491E
:109640001620F7F7DBFF1B490720F7F7D7FF44F693
:1096500020610E20F7F7D2FF0320FCF755FBAFE7A0
:109660001620F8F721F800283FF425AE0820F9F776
:10967000A9FE04232B701EE6F6F790FA1BE6FCF712
:10968000C3FA98F8033023F0200388F80330FAF780
:1096900053FE0B232B700EE60AF0D6FB0F4B18700F
:1096A000C0E4FEF749FB02E53EB80020A90E012008
:1096B000E0A10020C0D40100C0B80020A4B8002060
:1096C000AA0E01201CFD0020A60E0120D5FC0020C2
:1096D00028FD0020A8B80020A0B80020F920012013
:1096E00040B9DFED157A9FED157A37EEC00A20EE0E
:1096F000070A704700B5DFED127A83B020EE270A23
:10970000CDED010A18F0B2F8DFED0E7A20EE270A4F
:1097100018F070F89FED0C7ADDED010AF7EE007A93
:1097200037EEC00A70EE870ADFED087A20EE200AD5
:1097300020EE270A03B000BD80E6C547A627AC3D52
:1097400008942537B4C9423E339388439ED81943C1
:10975000F8B52A4C11F0D4FCA378980604D5E37828
:109760001907C3F3C00511D5254A002319465360D4
:109770002448254C254A01602160254825490023BD
:10978000036013600B6053631361F8BDA37965F345
:109790000003A371F7F7FEFD1F4BC3181E4641F1EE
:1097A000000711F0BDFA11F015FFA3791B4A4FF025
:1097B00001011170DA0719D5A37923F00103A37110
:1097C000F7F7E8FD864205F1010577EB01012DB2BF
:1097D00001D3C82DE5D1A3785B0604D5104B5A7987
:1097E0000AB11968C4E7064B5968C1E7F7F7D2FD1B
:1097F000864277EB0101D4D2EDE700BF34FD0020B3
:10980000D0FF0020FC900020C0FF0020D0B8002036
:10981000C4FF0020F885002080969800F600002004
:10982000A4260120054B0648064980ED000A0022C7
:1098300083ED000A0A605A631A617047D0B80020AD
:10984000C4FF0020F88500200B490C4A10B5002405
:109850000C700B4950680B4C0B4A206000230B60C6
:109860000A4913600B6053631361EEF72DFD084C3A
:10987000C4E90E0110BD00BFC8FF0020D0FF0020CA
:10988000C4FF0020C0FF0020D0B80020F8850020D1
:1098900010AD0020134B10B51878134C17210AF0A7
:1098A000ABFF1248B7EE000AF1F71CF9104B114854
:1098B00093ED000AF5EE007A20EE270AF1F712F98F
:1098C0000D480E490E4A00234FF0000C84F800C0EA
:1098D00003600B60136011F0CDFEBDE81040FFF790
:1098E00037BF00BF68100120B0FF002040FD0020FE
:1098F0003000002074FE0020A8FF0020ACFF0020F4
:10990000FC900020F8B5294F7B7FB970012B0C46E5
:10991000F962054634D0022B28D028463E780AF05A
:1099200033FF4A2128460AF095FC422128460AF0D6
:1099300091FC314628460AF08DFC214628461C4CF5
:109940000AF088FC04F1400654F8041F28460AF087
:10995000A1FCA642F8D128460AF026FF15483C2271
:1099600000211CF031F900237B77F8BDB7F92030D6
:10997000B7F91E20C7E91323B7F922307B65CCE77E
:10998000B7F91E20B7F92030C7E91323B7F9222011
:10999000B7F92430C7E91523B7F92830B7F92620DD
:1099A000C7E91723B7F92A307B66B6E70001012023
:1099B0002801012030010120F0B5514E91B0002363
:1099C0006FF00D02CDE90C33CDE90E3300920F4656
:1099D00096F820400546F7F7DDFC4A4BDFED4A7A62
:1099E000D3ED015A93ED006A93ED027A474B484A52
:1099F00093ED025AD3ED016A1278019027EE277A8F
:109A000025EE275ABDEEC77ABDEEC55A8DED077A11
:109A100093ED007A3F4B8DED0A5A93ED005A029276
:109A200065EEA75A26EE276A66EEA76A27EE277A22
:109A300065EE277A384A96F8213012780497FDEEC1
:109A4000E77AFDEEE55ABDEEC66AFDEEE66ABDEECA
:109A5000C77ACDED0B7A0392CDED055A8DED066AEE
:109A6000CDED086A8DED097AF3B1621E02F00F02A6
:109A7000B018B15C027C012B42EA01220C9213D097
:109A8000A21E02F00F02B018B15C027C022B42EA67
:109A900001220D9208D0033C04F00F04315D3444E0
:109AA000227C42EA01220E921C4996F82020C978B5
:109AB0001B0643EA0123134328460F930AF064FE72
:109AC0004A2128460AF0C6FB422128460AF0C2FB7A
:109AD000FF2128460AF0BEFB002128460AF0BAFB07
:109AE000ADF104040FAE54F8041F28460AF0D2FB6F
:109AF000A642F8D1284611B0BDE8F0400AF054BEA5
:109B000038000120FCFC002000007A44F0FC00201A
:109B100030FD0020BC0000203FB80020907A0308F0
:109B200010B40648064C837A002123F00403217008
:109B3000837210BC03486C221CF046B834FD002030
:109B4000F800012000010120F8B5402205460F462B
:109B50004C484D4E00211CF037F8FEF76FFF10B156
:109B6000F3781B074BD5494C6C22002120461CF092
:109B70002BF8012F27706AD0022F6DD0752100209D
:109B800002F0E2FEE071003818BF012040F6010348
:109B90002279207763803E4B03EB02133D4ADB784A
:109BA000637103EB430302EBC30328465B68636105
:109BB000B37A002243F00403A261B3720AF0E4FD19
:109BC0004A2128460AF046FB422128460AF042FB79
:109BD000394628460AF03EFB002128462E4C0AF062
:109BE00039FB04F1400654F8041F28460AF052FBE2
:109BF000B442F8D12846BDE8F8400AF0D5BD234E5E
:109C000003224FF0FF3328467270F3620AF0BCFD66
:109C10004A2128460AF01EFB422128460AF01AFB78
:109C2000394628460AF016FBFF2128460AF012FBA7
:109C300006F12804683654F8041F28460AF02AFB67
:109C4000B442F8D12846BDE8F8400AF0ADBD134B48
:109C5000A7701A7822719EE7F1F756FF482200217B
:109C60000F481BF0B1FF24220E4800211BF0ACFF6F
:109C70000C4A0023C2E909331363D362012322791A
:109C8000A37088E72C01012034FD00200001012091
:109C9000907A0308500F012028010120F7000020CE
:109CA000B00001207C0001202DE9F041AD4FBB7ACE
:109CB0005B078CB042D5AC4C2578012D064635D0DB
:109CC000022D46D0002D3CD0032363706FF00103BA
:109CD000E3620AF059FD4A2130460AF0BBFA4221FC
:109CE00030460AF0B7FA294630460AF0B3FAFF21A7
:109CF00030460AF0AFFA04F12805683455F8041F1D
:109D000030460AF0C7FAA542F8D130460AF04CFDB9
:109D1000BB7A964C9448002123F00403BB726C225A
:109D200021700CB0BDE8F0411BF04EBFA378012BB1
:109D300000F08980042B1CD00423A3700CB0BDE874
:109D4000F081A378013B032BF6D8DFE803F05069DC
:109D50002F5FA178022900F0158104297DD0012907
:109D6000EAD1834B1A6BB2F57A7FC0F01A83A570E3
:109D7000E4E763797F4A61697C4D03EB430302EBBF
:109D8000C303A2685B685B1AC4E90C23D4E90332FD
:109D9000FF21C4E90E23FFF7B5FDBB7A002123F0B4
:109DA00004032046BB726C222970BAE7402504E008
:109DB0006B1E13F0FF0500F05D8108AB0E222079C9
:109DC0003B2102F019FEA3680133DAB2A360002A36
:109DD000EED12079752102F0B7FD237F002BE7D06B
:109DE000E3798342E4D0236901332361E0E7E37838
:109DF000772B40F2A5820023C4E903330221A1702E
:109E0000A3600CB0BDE8F041FFF77CBDA369A26878
:109E1000FF21C4E90C232369A363FFF773FD77E7F0
:109E2000A3687F2B40F2A6826379524903EB430378
:109E3000002201EBC3030321A170A26022615B68D1
:109E4000C4E90532DDE7A368B3F57A6FC0F0688135
:109E500002220421A2702363D3E7454B9FED467A8B
:109E6000596A9A6A93ED0D6AD3ED0E7AD3ED0F4AD3
:109E7000A1630A449A62DA6A226326EE075A1A6BD1
:109E8000626367EE875A64EE876A1A68BDEEC55A48
:109E9000FDEEE55AFDEEE66A012A84ED0F5AC4EDA7
:109EA000105AC4ED116A00F233820022A2645A688B
:109EB000012A00F213820022E2649A68012A00F269
:109EC000DB81002267EEA77A9FED2C5AD3ED156A4D
:109ED000D3ED135A2265E6EE067A9A6993ED146A79
:109EE000E4EEA47A012ADFED244AB1EEE77A66EEC9
:109EF000857A65EE855AFDEEE77A26EE056AC4EDB1
:109F0000177A67EE247AFDEEE55ABDEEC66AFDEEDD
:109F1000E77AC4ED155A84ED166AC4ED187A00F29A
:109F2000938100220421304603936266FFF7EAFC26
:109F3000039BDA6A01320E2ADA6200F2B884482200
:109F400000210F4803931BF03FFE24220021084804
:109F50001BF03AFE039B002201215A621A63A17092
:109F6000ECE600BF34FD002000010120F8000120D4
:109F70007C000120500F012000007A440000C842FC
:109F8000B0000120C94BDFEDCA7AD3ED005A93ED42
:109F9000017A93ED026AC74B9FEDC74AD3ED012AC0
:109FA00093ED003AD3ED023AC44BDFEDC51AD3ED81
:109FB000024A65EEA56A27EE275AE7EE076A93ED97
:109FC000007AE6EE066A27EE047AB1EEE62AD3EDD1
:109FD000016ABC4B66EE846A64EE844A93ED004AE3
:109FE000B94B65EEA75A26EE276A62EEA72A23EE42
:109FF000273A63EEA73A66EEA16A27EE217A64EE6D
:10A00000A14A22EE272A64EE277A1A6B2263FDEE1C
:10A01000E44ABDEEC22ABDEEC55AFDEEE55ABDEEDC
:10A02000C66AFDEEE22ABDEEC33AFDEEE33AFDEE6E
:10A03000E66ABDEEC77AFDEEE77A5A6ADB6AC4EDDE
:10A04000164A84ED172A84ED0E5AC4ED0F5A84ED9A
:10A05000106AC4ED112A84ED123AC4ED133AC4ED2E
:10A06000146A84ED157AC4ED187A63636266FFF7AB
:10A0700049FC61E6637F93BB9DF820109DF8213079
:10A080009DF8222003EB0123E3839DF823309DF804
:10A09000241003EB022323849DF825309DF826200D
:10A0A00003EB012363849DF827309DF8281003EB10
:10A0B0000223A3849DF829309DF82A2003EB012375
:10A0C000E3849DF82B309DF82C1003EB02232385AD
:10A0D0009DF82D30012203EB0123638562776379BC
:10A0E0007A4A216903EB430302EBC30362695B68AD
:10A0F0009B1AA361A268002940F09D8044F61F606E
:10A10000824200F29880C2F30905002D7FF416AE5A
:10A1100030460321C4E90D352263FFF7F3FB0DE65A
:10A12000207908AB0622032102F066FC002800F02B
:10A130003481BDF824100898BDF82030627FBDF846
:10A1400022E049BA40BADBBA0DB222B90222C4F801
:10A150001E006184627713F5805F00F0D2839EFA5F
:10A16000BEFE1EF5805F00F0CC8315F5805F00F029
:10A17000C883DFF860C19CF80020002A00F0CB8380
:10A18000534FB7F900209A42904600F0CB83B3EBCF
:10A19000080244BF5A42A2EB0802B7F90230386005
:10A1A000B2F5967FD8BF4FF000081A46C8BF4FF0EF
:10A1B0000108BEEB030344BFCEF100039B1AB7F9BD
:10A1C00004E0B980B3F5967FD4BF00230123B5EB3B
:10A1D0000E0244BF6A42A2EB0E02B2F5967F4FF028
:10A1E000010143EA0803D4BF002201228CF80010C9
:10A1F000002B40F08C83002A40F08983E368013310
:10A20000E360A3680133C3F30902A360002A7FF46B
:10A2100095AD62792D49256902EB420201EBC2023C
:10A2200061695268A563521A30460221C4E90C32B2
:10A23000FFF768FB82E5C4E90D3130460421226353
:10A24000A170FFF75FFB79E5013A07EE902A93EDE5
:10A250001C7AF8EE677A87EE270AB5EE400AF1EE2F
:10A2600010FA00F1A183F1EEC07A67EE857AFDEE77
:10A27000E77A17EE902A55E6013A07EE102AD3ED59
:10A28000186AB8EE477A86EE870AB5EE400AF1EE14
:10A2900010FA00F15583B1EEC07ADFED056A27EEC2
:10A2A000267ABDEEC77A17EE102A0BE6FCFC0020DA
:10A2B00000007A44F0FC0020E12E6542D8FC00202A
:10A2C0000000C842BC0000207C000120500F01208B
:10A2D000300001203600012000007A44013A07EEE8
:10A2E000102AD3ED176AB8EE477A86EE870AB5EEE4
:10A2F000400AF1EE10FA00F13D83B1EEC07A5FED55
:10A300000A6A27EE267ABDEEC77A17EE102AD3E541
:10A31000013A06EE902AD3ED165AF8EE666A85EEFB
:10A32000A60AB5EE400AF1EE10FA00F14D83F1EE07
:10A33000C06A66EE876ABDEEE67A17EE102AB5E5CA
:10A34000590008AB207900930022012301F0FE019F
:10A3500001F0F2FCE37850B1A2790132D2B20D2AB9
:10A36000A271226303D804EB8202590051630233C5
:10A37000E370E3E42079752102F0E6FA237F002BF5
:10A3800000F0A782E379834200F0A38223690133BE
:10A390002361A3680133A360D0E4236901332361FF
:10A3A0002CE7E64EE64D96ED000AE64CCDE90313A8
:10A3B00011F0F2F9FDF7C2FD96ED000AF1F730FF5A
:10A3C0009FEDE14AD6ED004AD5ED022A95ED002A2F
:10A3D000D5ED011A94ED021AD4ED000A94ED010AAC
:10A3E000F0EE443AB0EE443AF1F7BEFCF1F79EF9D4
:10A3F000049B95ED001A1A68D3ED0D1AD4ED000AEE
:10A40000D3ED102A93ED165AD048D3ED195AD3ED57
:10A41000133A9FEDCF4A93ED1C6A0399013207EE80
:10A42000902A31EE612AF8EE677A1A60DA6882EED5
:10A43000277A0132DA6007EE902A30EEE23AF8EE3F
:10A44000676A37EE217AC3EE267A9A69013271EE95
:10A45000471AD0ED006A83ED0D7AB0EE457AA1EE91
:10A46000827A9A6177EEA27A83ED167A30EEE77AF5
:10A47000C3ED107AF0EE657AE7EE037AF0EE634A08
:10A48000D6EE844AC3ED197A07EE902AB8EE677AC1
:10A49000B4EE411AC4EE877AF1EE10FA77EEA37AA1
:10A4A000B0EE677A96EE847AC3ED137AF0EE467AD0
:10A4B000E7EE247AC3ED1C7A40F01182DFEDA57A35
:10A4C000B4EEE71AF1EE10FA00F30982DFEDA27A9A
:10A4D000B4EEE71AF1EE10FA4CBF01260026F4EEB6
:10A4E000600AF1EE10FA40F0F881DFED9A7AF4EEAE
:10A4F000E70AF1EE10FA00F3F081DFED977AF4EE5F
:10A50000E70AF1EE10FA4CBF01270027D3ED141A29
:10A51000DA6990ED016A9FED8E2A93ED1D5A95ED53
:10A52000010AD4ED010A93ED0E3AD3ED175A93EDDB
:10A53000114A93ED1A7A0132F0EE612A07EE902A61
:10A54000D6EE022ADA615A68B8EE671A0132C2EE14
:10A55000817A5A6070EE433A77EEA17A70EEC44A7F
:10A56000F0EE671AD6EE021AC3ED147AF0EE457AD1
:10A57000E1EEA27AB4EE400AC3ED1D7A07EE902A0E
:10A58000B8EE675A1A69C3EE857A01321A61F1EEA4
:10A5900010FA77EE837A30EE675AC3ED0E7AF0EE5A
:10A5A000657AE5EE237AC3ED177A07EE902AF8EE86
:10A5B000675AC4EEA57A77EE847A70EEE75AC3ED57
:10A5C000117AF0EE477AE5EEA47AC3ED1A7A40F0FC
:10A5D0008E81DFED607AB4EEE70AF1EE10FA00F357
:10A5E0008681DFED5D7AB4EEE70AF1EE10FA48BF3E
:10A5F00046F001063743F4EE600AF1EE10FA40F03F
:10A600007481DFED547AF4EEE70AF1EE10FA00F30C
:10A610006C81DFED517AF4EEE70AF1EE10FA4CBFEF
:10A62000012600265A69D4ED025A93ED120A95EDDF
:10A63000025AD0ED024A93ED151ADFED451AD3ED1B
:10A640000F2A93ED184A013207EE902A5A611A6ACE
:10A6500075EEC00AF8EE677A0132B0EE412A80EE5C
:10A66000A77A1A6207EE902A94EEA12A9A68F8EE69
:10A67000673A37EE007AC2EE237A01329A6035EEFD
:10A68000C70A77EE817A83ED127AB0EE671A94EEFC
:10A69000A11A93ED1E7AC3ED157AF0EE477AE2EE39
:10A6A000017A35EE623AC3ED1E7A07EE902AB8EED3
:10A6B000677AD3ED1B3AC3EE077AE0EE803A77EE85
:10A6C000A27AB4EE455A35EE677AC3ED0F7AF0EE12
:10A6D000447AE3EE077AF1EE10FAC3ED1B3AC3EDCC
:10A6E000187A40F00081DFED1B7AB4EEE75AF1EE04
:10A6F00010FA00F3F880DFED187AB4EEE75AF1EEC5
:10A7000010FA48BF47F0010746EA0700F4EE655A21
:10A71000F1EE10FA40F0E580DFED0E7AF4EEE75A44
:10A72000F1EE10FA00F3DD80DFED0B7AF4EEE75A7C
:10A73000F1EE10FA4CBF012200220FE028FD0020AC
:10A74000FCFC0020F0FC002000000000D8FC0020F1
:10A75000E12E6542CAF24971CAF249F1A84CD4ED22
:10A76000007AF4EE677AF1EE10FA40F0C8809FEDBF
:10A77000A57AF4EEC77AF1EE10FA00F3C0809FEDEF
:10A78000A27AF4EEC77AF1EE10FA48BF40F0010069
:10A7900002439E48D0ED007AF4EE677AF1EE10FAAB
:10A7A00040F0AB809FED977AF4EEC77AF1EE10FAA5
:10A7B00000F3A3809FED947AF4EEC77AF1EE10FADD
:10A7C00048BF42F001029248D0ED007AF4EE677A79
:10A7D000F1EE10FA40F08F809FED8A7AF4EEC77A9E
:10A7E000F1EE10FA00F387809FED877AF4EEC77AD6
:10A7F000F1EE10FA48BF42F001028648D0ED007A2F
:10A80000F4EE677AF1EE10FA73D19FED7E7AF4EEF2
:10A81000C77AF1EE10FA6CDC9FED7B7AF4EEC77A22
:10A82000F1EE10FA48BF42F00102B4EE466AF1EED2
:10A8300010FA10D1DFED737AB4EEE76AF1EE10FA98
:10A8400009DCDFED717AB4EEE76AF1EE10FA54BF7D
:10A85000114642F00101F4EE666AF1EE10FA34D1CD
:10A86000DFED687AF4EEE76AF1EE10FA2DDCF4EE33
:10A87000644AF1EE10FA28D1F4EEE74AF1EE10FA4C
:10A8800023DCDFED617AF4EEE74AF1EE10FA1CD436
:10A89000F4EEE76AF1EE10FA54BF0A4641F0010205
:10A8A000D2B292B91A6B01321A63FFF747BA9B6AA8
:10A8B000A3634FF47A732263FF2103FB02F2304655
:10A8C0006263FFF71FF8FFF723BA5A6A01325A6230
:10A8D000E8E7E3680133E3605BE5012716E60E462F
:10A8E000FDE501223AE7012010E701269AE601275B
:10A8F00081E6012299E701227FE7012263E7012235
:10A9000047E7454B454A1860998001231370236936
:10A910000133236175E4404B1860998001238CF862
:10A9200000306BE4B7F9022072457FF430ACB7F920
:10A930000420AA427FF42BAC01238CF80030E6E718
:10A940000693CDED054ACDED047A8DED036A17F03F
:10A9500035F89FED337A9DED036ADDED054A069BE0
:10A9600020EE077AFDEEC77A17EE902ADDED047A25
:10A97000FFF7A8BA0693CDED054ACDED047A8DED2B
:10A98000036A17F01BF89FED267A9DED036ADDED53
:10A99000054A069B20EE077AFDEEC77A17EE902A4D
:10A9A000DDED047AFFF788BA04938DED035A17F0B2
:10A9B00005F89DED035A049B60EE057AFDEEE77AFB
:10A9C00017EE902AFFF7AEBA07938DED067ACDED1C
:10A9D000054ACDED047A8DED036A16F0EFFF9DED8B
:10A9E000067A9DED036ADDED054A079B20EE077AA6
:10A9F000FDEEC77A17EE902ADDED047AFFF756BA1E
:10AA0000B88F0020CAF24971CAF249F1B48F002010
:10AA1000B08F0020AC8F00203000012036000120D4
:10AA200000007A4470B58448844C0278A568002AF6
:10AA30004CD0834B1E78F6F7ADFC824BDFF828C272
:10AA40001A68801A5A6861EB0201002284458A4123
:10AA5000C0F0E0807C4B7D4A19787D4B107893F8EC
:10AA600030208A4200F0D08093F8202083F8310013
:10AA700003EB020C9954013202F00F0283F82020FC
:10AA800093F821208CF810000F2A9CBF013283F824
:10AA9000212083F830105A6AAA4234D00022294675
:10AAA000304683F84020FEF787FF6A4A684B1278E9
:10AAB0005D6202EB420204EB8202616992683046F9
:10AAC000BDE87040C3E90A210BF0D0BC6149604B7E
:10AAD00009785D6201EB410104EB810164698968D9
:10AAE00099625949DC62594C0978247883F830100E
:10AAF000C3E90D22012183F831401A84DA6383F817
:10AB00004020017070BD534A6069127802EB420226
:10AB100004EB82029C6A9268944202D1DC6A84420D
:10AB200007D0C3E90A2030460BF0A0FC464B197849
:10AB3000474B032977D90739012976D8464A92ED40
:10AB4000016AB5EEC06AF1EE10FA01D5B1EE466ABF
:10AB5000D3ED0E7ADFED416A9FED417A76EE675ACA
:10AB6000B1EE085AE5EEA67ADFED3E5AD2ED026A62
:10AB7000C3ED0E7AF4EEC77AF1EE10FAD8BFB0EE5C
:10AB8000677AE7EE055AF4EEC65AF1EE10FAF5EEE2
:10AB9000C06A4CBF01210021F1EE10FA01D5F1EE9F
:10ABA000666AD3ED0F7A9FED2D6A9FED2D7A93F8AB
:10ABB000402076EEE75AE5EE867A9FED2A6AC3EDED
:10ABC0000F7AF4EEC77AF1EE10FAD8BFB0EE677ADA
:10ABD000F1EE085AA7EE256AF4EEC66AF1EE10FA15
:10ABE00027DC31BB8A4218BF013AD2B2022A83F86D
:10ABF000402087D929463046FEF7DEFE144B00225E
:10AC000083F840205D6270BD93F8312082427FF46A
:10AC10002BAF40E7F6F7BEFB0A4BC3E90001304615
:10AC20000BF024FC16E7012988D8002283F8402085
:10AC300070BD0132D2B2D9E7F8000120D80E012050
:10AC4000681001202800012030FD00203FB80020BE
:10AC500038000120F7000020F0FC0020CDCC4C3D56
:10AC60009A99193ECDCCCC3D40420F0000B5424BE5
:10AC7000DFF808C1DFF818E183B0002218E093ED97
:10AC8000037AD3ED046AB4EEE77AF1EE10FA29DC28
:10AC9000F4EEE67AF1EE10FAD4BF17EE901A16EE43
:10ACA000901A60440132802AC0F8071022D01C3369
:10ACB0001968002944D01879032849D0097807EE8B
:10ACC000901AF8EE677A900059790029D7D00EEBE8
:10ACD000C10191ED007AD1ED016AB4EEE77AF1EEAF
:10ACE00010FAD5DD17EE101A60440132802AC0F840
:10ACF0000710DCD1214B002203F6EC4053F8041B73
:10AD0000834282EA0102F9D19CF8ED1C9CF8EC0C1C
:10AD1000CDF800C04840C2F3072350405840C2F36A
:10AD20000743584080EA12608CF8EE0C144A40F653
:10AD3000EF430821012000F0B9FC68B903B000BD61
:10AD40000CEB82019000D1F8071007EE901ABBE7D8
:10AD5000D1ED007A9000B7E70A4B00930A4A20230E
:10AD60000821002000F0A2FC0028E7D0074B0022B9
:10AD70001A7003B000BD00BFC06B0308B001012012
:10AD8000004000088801012000500008A8010120AF
:10AD9000C079030838B55A4C054640F651220021C7
:10ADA00020461AF011FF40220021A4F192001AF06F
:10ADB0000BFF002D73D06FF4277504EB050E51487F
:10ADC000514900238EF80630AEF8043000F1FF3C04
:10ADD00000F6FF544FF0FF331CF8012F5A4012F0D9
:10ADE000010318BF0B4683EA520313F0010218BF98
:10ADF0000A4682EA530212F0010318BF0B4683EAA7
:10AE0000520313F0010218BF0A4682EA530212F0FD
:10AE1000010318BF0B4683EA520313F0010218BF67
:10AE20000A4682EA530212F0010318BF0B4683EA76
:10AE3000520313F0010218BF0A46A44582EA5303E5
:10AE4000CAD1DB43314ACEF80732CEF800200023C6
:10AE500010E0D0ED057AFCEEE77A17EE901A11704B
:10AE60000EEB830201334169C2F80710802B00F119
:10AE70001C0008D00268002AF2D001790329E8D129
:10AE800041691160ECE7224B224A1B780121052B16
:10AE9000117000D138BDBDE83840FFF7E7BE1D2274
:10AEA0002946A4F13E0044F8525C44F84E5C44F854
:10AEB0004A5C44F8465C44F8425C1AF085FE164B46
:10AEC00016491B68164A44F81D5C6FF4277004EBA2
:10AED000000E44F8195C44F8155C44F8115C44F821
:10AEE0000D5C44F8095C0D7044F8215CCEF86432C6
:10AEF000CEF86832CEF86C32CEF898225FE700BF09
:10AF00004D040120C06B03082083B8EDE6BEEDFEC2
:10AF100030FD0020A8010120847A03088801012067
:10AF2000CDCC0C3F03061ED4124BC0EBC00003EB8C
:10AF300080035A79C2B1104B03EBC20393ED007A40
:10AF4000D3ED016AD1ED007AF4EEC77AF1EE10FA92
:10AF500002D581ED007A7047F4EEE67AF1EE10FA50
:10AF600001DDC1ED006A704793ED037AD3ED046A09
:10AF7000E8E700BFC06B0308C0790308054B1B78E6
:10AF80001BB1054B1B78052B01D101207047FFF742
:10AF90006DBE00BFA801012030FD002000B52F4A82
:10AFA0002F4B12789978C2F3400060F30411997026
:10AFB000197AC2F3001060F341011972597A62F3F1
:10AFC00004115972D97941F02001D971D978C2F3AD
:10AFD000C00C6CF3C301D970597ADFF8A0C0C2F37A
:10AFE000401060F3861159721E491F484FEAD21E65
:10AFF000C2F380020A705A7A6EF382025A72D978CA
:10B000009A7AC1F3C00161F3C3029A729CF80020DE
:10B01000164902F0010C81F800C01549C2F3400C3A
:10B0200081F800C01349C2F3C00C81F800C0124976
:10B03000C2F3801C81F800C0D97912F0100FFFEE26
:10B04000007AB7EE007AC2F3401218BFF0EE477AEA
:10B0500062F38611C0ED007AD97100BDA30E012004
:10B0600034FD0020A40E012008000020A80E0120BD
:10B07000A60E0120A70E0120A50E0120A20E012080
:10B08000404ADFED417A92ED006ADFED405AD2EDA1
:10B09000016A92ED027AB4EEE76AF1EE10FAB4EECC
:10B0A000E56ACCBF01230023F1EE10FA10B5D2ED12
:10B0B000037A4FEAC31301D543F040039FED326A90
:10B0C000F4EEC66AF1EE10FA4FEA930302DD63F084
:10B0D0007F03DBB29FED2D6AF4EEC66AF1EE10FA43
:10B0E00001D543F04003DFED286AB4EEE67AF1EED5
:10B0F00010FA4FEA930302DD63F07F03DBB2DFED6A
:10B10000236AB4EEE67AF1EE10FA01D543F040037B
:10B110009FED1D7AF4EEC77AF1EE10FA4FEA930430
:10B1200002DD64F07F03DCB29FED187AF4EEC77A9B
:10B13000F1EE10FA01D544F04004F6F7EFF9144AA5
:10B14000137843B1012B05D1124B1B78A34210D0C9
:10B150000023137010BD0F4B1978A142FAD04FF4A1
:10B16000FA6110201C70F6F749FA094A012313709E
:10B1700010BD1020F6F798FA0028EBD0044A0223FD
:10B18000137010BD00B000209999993E3333333FBE
:10B190006D0101206C0101202E4B1B78032B02D086
:10B1A0000020FAF70FBD10B5FFF76AFF2A4B1A7897
:10B1B000022A04D0BDE810400020FAF703BD274A58
:10B1C0001278DD2A37D02FD87D2A3ED0BD2A37D13C
:10B1D0009FED236AF9EE046A224A234992ED9D7A93
:10B1E000D2ED9C7A37EE067A77EEA67A82ED9D7ADA
:10B1F000C2ED9C7A4FF0010214460A70FDF7A2FBE3
:10B200000020FAF7F3FC00210120FDF777FCF6F7A8
:10B2100085F964211020F6F7F1F914491620F6F7A4
:10B22000EDF90D4B1C70C5E7ED2A09D1DFED0C6A75
:10B23000B1EE046AD0E7DFED0A6AB9EE046ACBE743
:10B2400000201870FAF7BEFCB4E79FED056AF1EE36
:10B25000046AC1E730FD00206D0101206C0101206E
:10B2600000000000B0010120A8010120C0D40100AD
:10B270000020FFF78FBD00BF08B52DED028BF7F75B
:10B28000C3F93F4B1B78DA1F012A12D90B2B10D0C0
:10B290003C4B1A78A2F10D03052B31D9A2F114030E
:10B2A000012B61D9A2F11603022B94BF03210021C7
:10B2B00027E0354B354AD3ED007A354B1168DFF87E
:10B2C0000CC1C3F840C0F1EE677A4FF07C52002009
:10B2D000C3ED067A9A63D863D962F2F7D5FEF6F722
:10B2E00053F82C4A2C4B127807EE902AF8EE677A26
:10B2F000C3ED137A234B1A78A2F10D03052BCDD899
:10B300000121264BDFED267A03EB820393ED008AC1
:10B31000244A254B117028EE278AB0EE480A83EDA7
:10B32000008A16F0B3FB214B83ED000AB0EE480A09
:10B3300016F06CFB1E4B1F4900221A7081ED000AAB
:10B34000FFF72CFE1C4B9B7853B19FED097B1B4AEA
:10B350001B491C4BBDEC028B81ED007B1A6008BDC4
:10B360009FED057B184AF3E70221CAE7AFF300809F
:10B37000E803000000000000D0070000000000000B
:10B3800030FD0020F500002078B800207401012075
:10B39000D0B800208101012010AD00202C630308EB
:10B3A00035FA8E3CA90E0120B0900020AC90002010
:10B3B00018FD00204C000020907A03086F12833A99
:10B3C000E00000202CFD00206F12033B0000A04095
:10B3D00038B58348834A202100F01CF98148034690
:10B3E00000F1200102E08B4200F085801A78FF2AEC
:10B3F00003F10103F7D00023C3777B4C7A4A7B48E3
:10B4000040F6EF4100F006F9234604F6EF4102E072
:10B41000994200F086801A78FF2A03F10103F7D0E1
:10B42000734B22689A4269D1DFF8E4E1D4F80752FD
:10B4300070490EF1FF300EF6FF5C4FF0FF3310F84D
:10B44000012F5A4012F0010318BF0B4683EA520342
:10B4500013F0010218BF0A4682EA530212F00103F8
:10B4600018BF0B4683EA520313F0010218BF0A46C5
:10B4700082EA530212F0010318BF0B4683EA52031B
:10B4800013F0010218BF0A4682EA530212F00103C8
:10B4900018BF0B4683EA520313F0010218BF0A4695
:10B4A000604582EA5303CAD1DB439D4240D14E4BF3
:10B4B000002203F6EC4053F8041B834282EA0102A7
:10B4C000F9D194F8ED1C94F8EC3C4B405340C2F396
:10B4D00007214B40C2F307414B4083EA126394F8C3
:10B4E000EE2CDBB29A422AD00423002084F89C324E
:10B4F000FFF750FC08E0002303707EE702230020E2
:10B5000084F89C32FFF746FC3B4A3C491278CB78E2
:10B51000C2F3C00262F3C303CB70BDE83840FFF74B
:10B52000ABBE0523002084F89C32FFF733FCEBE729
:10B530000323012084F89C32FFF72CFCE4E7304D14
:10B54000002327E0DEED037ADEED046AB4EEE77A4D
:10B55000F1EE10FA224408D4B4EEE67AF1EE10FAD5
:10B56000D4BFF0EE477AF0EE667A9EF80400032826
:10B5700017EE90CA18BFFCEEE77AC2F807C016BFF4
:10B5800017EE902AC1ED007A0A700133802B0EF17C
:10B590001C0E15D0DEF8001004EB83020029F4D055
:10B5A000D2F807209EF8050007EE102A9A0000281E
:10B5B000C8D005EBC000D0ED007AD0ED016AC5E738
:10B5C000104B1B781A1F012A05D923B10E480F4AC8
:10B5D000037001211170012384F89C3294E700BFAD
:10B5E0000050000888010120B0010120004000083F
:10B5F000E6BEEDFE2083B8EDA30E012034FD002051
:10B60000C0790308F92001209F0E0120A801012024
:10B61000C06B030881B34B1E052B70B502F1FF33DD
:10B62000154620D91A1A022A1DD921F003048E08C2
:10B6300002190346A5EB000ED3F800C04EF803C074
:10B6400004339342F8D1A1420CD01B7805F8263080
:10B65000631C994206D90234C25CEA54A14201D962
:10B66000035D2B5570BD01301944401BC25C03F8CB
:10B67000012F8B42FAD170BD704700BF10B582B068
:10B68000044614F0CDFFF32014F0E2FF022120461F
:10B6900015F02EF8019014F0D3FF0198A0F10800E6
:10B6A000B0FA80F0400902B010BD00BF2DE9F041B2
:10B6B00090461D4670B10C4614F0B2FFF32014F012
:10B6C000C7FF0221204615F013F8044614F0B8FF16
:10B6D000082C1AD114F0A4FFF32014F0B9FFBDB167
:10B6E000069B08F104061C1FF61AC3F1040701E0CB
:10B6F0009D420DD9301954F8041F15F029F8082877
:10B7000007EB0403F4D014F09BFF0020BDE8F081A8
:10B7100014F096FF154B1A6822F480621A601A68BA
:10B7200042F480521A601A6822F480521A60BFF301
:10B730004F8FCDB1069B069A013B08F101001D44D5
:10B74000801A01E0AB420FD0C25C13F8011F52B265
:10B750008A42F7D00020054A136843F480631360DF
:10B76000BFF34F8FBDE8F0810120F4E7003C0240B9
:10B770003A4AC0EBC00110B502EB810284B05468B4
:10B78000A28A92B20292029A029A12F4E06F0346DF
:10B7900010D1A28A324903EB4303DB00C81822F41C
:10B7A00070624FF0010CA28201F803C000234370C5
:10B7B00004B010BD0190208B80B2002203904FF4A2
:10B7C0008061204614F022FF029A019B12F4007F50
:10B7D000DFD122889205DCD42288D0051AD51E201C
:10B7E000F1F76AF9019B47F2305201E0013A23D0A8
:10B7F0002188C905FAD447F2305201E0013A02D05B
:10B8000021888805FAD401212046019314F0DAFE3C
:10B81000019BBEE701212046019314F0D3FE1F20B7
:10B82000F1F74AF9019B47F2305201E0013AB0D0FA
:10B8300021888905ADD5F9E703EB43030849DB000F
:10B840004FF0010C01F803C00B4420464FF4E061B7
:10B850005A7004B0BDE8104014F0D8BEB07B0308A5
:10B86000500F0120B74AC0EBC00302EB83032DE960
:10B87000F0435D68AB8A13F0010187B0044673D1D1
:10B8800013F0020C45D0BFF35F8FAF4F00EB4008C1
:10B8900007EBC8084600B8F80E309BB2012B00F049
:10B8A0002E812B8B8DF81730BFF35F8F06EB0408CA
:10B8B00007EBC808C4EBC40302EB8302B8F80E30F0
:10B8C00055689BB2022B00F0438106EB040807EB9E
:10B8D000C808B8F80E309BB2032B07D198F80B308C
:10B8E00023B198F80830002B40F0408101224FF43A
:10B8F0008061284614F08AFE331907EBC303DB8905
:10B90000924A9BB2125701339A421CD007B0BDE84D
:10B91000F08313F0040261D1DFF8308218F90010CF
:10B9200013F04000814640F049811A06864F00F12D
:10B930008B8104EB4403660007EBC303DB899BB2F6
:10B9400001339942E2D1331907EBC30300221A7283
:10B950005B7A002B40F0EF80264407EBC6060023FD
:10B96000737007B0BDE8F0832B88DFF8E081764F75
:10B9700023F400632B800121284614F037FE0023B6
:10B9800008F8043004EB440307EBC3036600DA7ADB
:10B99000002A6BD01A7A002A65D0331907EBC3034B
:10B9A00001221A72DB899BB2022B03D12B8843F44C
:10B9B00000632B80331907EBC3030122197B00932B
:10B9C000284614F009FE009BDB8918F904209BB27D
:10B9D00001339A42B7D007B0BDE8F0835A4F00EB6D
:10B9E000400307EBC30301225A724600D87A0028AD
:10B9F00050D0197A00294DD0D98989B2022900F294
:10BA000062815B7A11462846002B00F0598114F0C0
:10BA1000D9FDDFF83881331907EBC30318F9042087
:10BA20005969009202F1010C2846CDE9011308F88A
:10BA300004C014F0E7FDDDE90021029B88545A6937
:10BA400018F904300192591C2846009308F8041094
:10BA500014F0D8FDDDE90032D05418F80430013379
:10BA600008F8043034E05B7BFF2B96D0331907EBEA
:10BA7000C3030022197B0093284614F0ADFD009B00
:10BA80005A7BFF2AA0D0DB89FF2208F8042007B0E8
:10BA9000BDE8F08306EB040807EBC80898F8083007
:10BAA00023B998F80A30002B00F0BC80331907EB5B
:10BAB000C30301215B7A2846002B00F0B08014F00C
:10BAC00081FDDFF8888018F80430013308F804306D
:10BAD0002020F0F7F1FF47F2305201E0013A4ED05A
:10BAE0002B88D905FAD4331907EBC30318F90420BE
:10BAF000DB899BB201339A427FF408AF23E798F8C1
:10BB00000B0000283FF4CDAE98F8080000283FF461
:10BB1000C8AE2846009314F069FDBFF35F8F2A8BEF
:10BB200000998DF81720284614F04CFD009B88F8EA
:10BB300009301A461BE028464FF4407114F066FDA8
:10BB40000AE700BFB07B0308500F0120AC0E0120B4
:10BB500098F80B30002B3FF4B8AE98F80830002B63
:10BB60003FF4B3AE0021284614F040FD00224FF40C
:10BB70008061284614F04AFDB8F80E30C0E631194D
:10BB800007EBC10C18F90400BCF80E309BB201336E
:10BB900098424FEAC1013FF4D6AEDCF804300133DD
:10BBA000CCF8043001237B5428464FF4E0618CF834
:10BBB000012007B0BDE8F04314F028BD5C4F0392AC
:10BBC00004EB440307EBC303481C5A6908F804005C
:10BBD0002846CDE90023029114F014FD009A029941
:10BBE000019B505418F90410DB89039A9BB2C81CBE
:10BBF00083424FEA44061FD0331907EBC303DA89A7
:10BC0000DB8992B28A427FF49AAE4A1C9BB252B24E
:10BC100001339A4208F804207FF478AE93E614F0DA
:10BC2000C7FC4EE70121284614F0C2FC012388F826
:10BC30000830DFF800814BE74FF48061284614F0AC
:10BC4000E5FC18F90410D7E74B1C1ED004EB4403A5
:10BC500007EBC3034A1C08F804201A690093515CDF
:10BC6000284614F0CDFC009B18F90410DA8992B232
:10BC70008A424FEA44067FF461AE4A464FF480613F
:10BC8000284614F0C3FC009B9EE604EB440307EB3C
:10BC9000C30308F80400597B0093284614F0B0FC55
:10BCA000009BDA7A660022B9DA8992B2002A7FF420
:10BCB0008BAE00224FF48061284614F0A7FC12E7F7
:10BCC00014F076FCA5E6DFF86C8000936146284608
:10BCD00014F08CFC009B18F904105A69029101F1D0
:10BCE000010C2846CDE9002308F804C014F08AFCB2
:10BCF000009A029950542846012114F063FC019BDC
:10BD000001225A72596918F90430019103EB020CAF
:10BD10002846009308F804C014F074FCDDE90031F3
:10BD20000122C8544FF48061284614F06FFCCFE61E
:10BD3000500F0120AC0E0120F8B505463B483C4EA3
:10BD4000DDF818E000EB0510C4783A48C4EBC407EE
:10BD500000EB870004EB440C476806EBCC004FEA8D
:10BD6000CC0C01734273012100228272C1720272F3
:10BD7000427206F80C20C0F814E0C0F810E0C3814D
:10BD80004170BB88980507D43B88D90532D504EBB0
:10BD90004403DB00F35C33B304EB4401C80047F217
:10BDA000305306EBC10101E0013B04D04A78002A80
:10BDB000FAD1335CABB104EB440306EBC3030026BA
:10BDC0005E705A6801325A601B4B05EB450503EB68
:10BDD000850320469A6801329A6001F003F83046E4
:10BDE000F8BD0120F8BD012238464FF4407114F02F
:10BDF0000DFCD1E72120F0F75FFE47F2305301E060
:10BE0000013B07D03A889205FAD40121384614F054
:10BE1000CFFBBCE704EB4403DB000122F25404EB4C
:10BE20004403DB00F35C002BB6D1DCE7B80F012044
:10BE3000500F0120B07B0308D80E01202DE9F041FE
:10BE4000664CDFF89CC10E4604EB00111D46C97814
:10BE5000C1EBC10E82B01CF82E3003B11AB900201C
:10BE600002B0BDE8F0810CEB8E0C0329A846DCF88B
:10BE70000430174605460BD81A88D20708D547F272
:10BE8000305202E0013A00F09B80188B8007F9D411
:10BE9000184600224FF4E061019314F0B7FB0198BB
:10BEA000012114F0A3FB019B9A8A22F480629A82FA
:10BEB0001846012114F07CFB019B47F2305C02E044
:10BEC000BCF1010C77D0B3F814E01EF0010FF7D0ED
:10BED00004EB0512184611790193002214F07CFB43
:10BEE000019B47F2305201E0013A5AD0998A890702
:10BEF000FAD59A8A520554D41A8B1E8247F23052D0
:10BF000001E0013A57D0998A0806FAD547F2305233
:10BF100001E0013A4FD0998A4907FAD51846012124
:10BF2000019314F045FB019B47F2305201E0013AC6
:10BF300041D0998ACE07FAD504EB05140122217964
:10BF40000193184614F048FB019B47F2305201E080
:10BF5000013A26D0998A8807FAD59A8A12F4806223
:10BF60001FD114461A8B7A1ED6B208F1FF3522462D
:10BF700096422BD047F2305201E0013A1BD0998A09
:10BF80004906FAD529461A8A01F8012F0134E2B28E
:10BF900097420D46ECD81846012114F013FB0120FE
:10BFA0005EE79A8A22F480629A82184601211B8BEE
:10BFB00014F008FB53E70121184614F003FB4EE789
:10BFC0000846019300F08AFE019B61E718460021B4
:10BFD000019314F00BFB019BCCE700BFB80F0120CD
:10BFE000B07B03082DE9F0414C4CDFF834C10E461C
:10BFF00004EB00111D46C978C1EBC10E82B01CF8DC
:10C000002E3003B11AB9002002B0BDE8F0810CEB6C
:10C010008E0C0329A846DCF80430174605460AD8DA
:10C020001A88D20707D547F2305201E0013A6ED0A4
:10C03000188B8007FAD4184600224FF4E061019370
:10C0400014F0E4FA0198012114F0D0FA019B9A8AC5
:10C0500022F480629A821846012114F0A9FA019B09
:10C0600047F2305C02E0BCF1010C4BD0B3F814E0B5
:10C070001EF0010FF7D004EB051418462179019347
:10C08000002214F0A9FA019B47F2305001E0013878
:10C090002ED0B3F814C01CF0020FF8D09A8A5205C3
:10C0A00026D41A8B1E8247F2305201E0013A29D081
:10C0B000998A0C06FAD54246BC181178198247F2C3
:10C0C000305101E001391DD0988A0006FAD50132BD
:10C0D000A242F2D147F2305201E0013A12D0998ADD
:10C0E0004907FAD51846012114F06CFA01208BE7B4
:10C0F0009A8A22F480629A82184601211B8B14F0DE
:10C1000061FA80E70121184614F05CFA7BE70846E3
:10C11000019300F0E3FD019B8DE700BFB80F012004
:10C12000B07B03082DE9F84F904ADFF88092904DDC
:10C13000904E002709F8007080460346E87402EB31
:10C14000800A4FF0080B0EE019F80830FF2B1CBFD7
:10C15000013309F808300BF1010B5FFA8BFBBBF1DF
:10C16000780F46D0EB7CC3EBC3034FEA4B0216F8C3
:10C1700023102A7506EB83030029E5D05C680022B2
:10C180004FF4E061204614F041FA0121204614F0FA
:10C190002DFA0121204614F00BFA47F2305302E049
:10C1A000013B00F0CC80A28AD107F9D5297DA38A72
:10C1B0000022204614F010FA47F2305302E0013B0F
:10C1C00000F0C880A28A9207F9D5A38A5B0540F1E6
:10C1D000A580238BA38A0BF1010B23F4806301213B
:10C1E000A38220465FFA8BFB14F0ECF9BBF1780FC9
:10C1F000B8D1614BB8F1010F03F8087018D15F4B4B
:10C200005F481968326A090C01805E4958680880E5
:10C21000D9685D485B6A090C01805C4910880B8015
:10C220005B495C4B0880918B19805B4B128C1A80A8
:10C230005A4C5B49207807F0E7FE002320784146FE
:10C240001A4607F09BFF5749207807F0DDFE002FC4
:10C2500000F082802078454D2021FAF7FDFA207801
:10C260003021FAF7F9FA20787821FAF7F5FA15F87B
:10C270002810207807F0D6FE012F4AD02078202100
:10C28000FAF7EAFA05EB880620783021FAF7E4FAA3
:10C2900020787821FAF7E0FA2078717807F0C2FE6A
:10C2A000022F36D020782021FAF7D6FA20783021D4
:10C2B000FAF7D2FA20787821FAF7CEFAB178207816
:10C2C00007F0B0FE032F24D020782021FAF7C4FA1B
:10C2D00020783021FAF7C0FA20787821FAF7BCFAF2
:10C2E000F178207807F09EFE042F12D020782021CC
:10C2F000FAF7B2FA08F1010820783021FAF7ACFA1F
:10C3000020787821FAF7A8FA207815F8281007F095
:10C3100089FE2078BDE8F84F07F068BE238BA38A1A
:10C3200023F480630121A382204614F04BF9032FEC
:10C330003FF611AF7B1C0AF807B0DFB20BE7A38A08
:10C34000238BA38A23F480630121A382204614F067
:10C3500039F9F9E6A38A3CE72078134907F054FE3F
:10C360002078BDE8F84F07F041BE00BFC40E0120A1
:10C37000B80F0120B07B0308D40E01200004024056
:10C38000BC0E0120BA0E0120B80E0120B60E01200D
:10C39000B40E0120B20E0120B00E01206810012061
:10C3A000806403088464030890640308C00E0120BD
:10C3B000F0B5A1B01C06DDF898E07CD406465848DC
:10C3C000584D00EB0610C47804EB440005EBC00C9C
:10C3D000C0008CF80C108CF80D20012100228CF884
:10C3E00008208CF809208CF80A108CF80B202A54AD
:10C3F000CCF810D06A46CCF814D0ACF80E308CF8DB
:10C40000011063B3591E05296BD90DF1FF31A1EB62
:10C410000E000228714664D903F0FC0CF44451F874
:10C42000040B42F8040B6145F9D19F0717D003F0C4
:10C43000FC02511C0DEB0200C9B21EF8027007701D
:10C440008B420CD902320DEB0100D2B21EF8011062
:10C450000170934203D91EF802306A441370324BC4
:10C46000C4EBC40203EB82035F68BB88980525D543
:10C4700004EB4401C80047F2305305EBC10101E071
:10C48000013B04D04A78002AFAD12B5C33B3274A07
:10C4900004EB440305EBC30306EB460602EB8602FE
:10C4A000002159705D6891680135013120465D6059
:10C4B000916000F097FC002021B0F0BD3B88D905C9
:10C4C00018D504EB4403DB00EB5C002BD0D1012238
:10C4D00038464FF4407114F099F8C9E7012021B0B3
:10C4E000F0BD7146734411F8010B02F8010B99423B
:10C4F000F9D1B4E72220F0F7DFFA47F2305301E038
:10C50000013B07D03A889205FAD40121384614F04D
:10C510004FF8D6E704EB4403DB000122EA54D0E7EE
:10C52000B80F0120500F0120B07B0308D80E012066
:10C5300070B5594B84B01878182108F05DF9574B45
:10C5400093F8302042B956495648CB79026062F3DD
:10C550000413CB7104B070BDF4F71CFF4F4B524A6B
:10C5600093F83130012BC2E9020167D0022B53D07E
:10C57000002B73D14A4C4B48E2794C4901934FF45C
:10C58000803CC0F800C042F0100220200860E27138
:10C5900018464FF0FF350DF10F0201218DF80F50B5
:10C5A000F4F724FA55210DF10F028DF80E100198C1
:10C5B0009DF90F608DF80F500121F4F717FA9DF9DE
:10C5C0000F209DF90E1091425CD1FF230DF10F0257
:10C5D000012100208DF80F30F4F708FAFF230DF148
:10C5E0000F02012100209DF90F408DF80E608DF89B
:10C5F0000F30F4F7FBF99DF90F309DF90E209A42A8
:10C6000035D12749A4F15502CB79B2FA82F2520909
:10C6100062F30413CB719DE7244B22494FF48072DF
:10C620004FF4003C30201A60C1F800C0FFF726F834
:10C630001B4AD37960F30413D3718BE71B4B194961
:10C640004FF480724FF400001A600860EEF780F833
:10C65000134AD37960F30413D3717BE7104A11486E
:10C66000D379002161F304130160D37172E70C4B9D
:10C67000DB79DB06C5D50DF10E0201210020F4F7B0
:10C680007BF9BEE7E279D2069FD501980DF10E0243
:10C690000121F4F771F998E768100120907A0308F6
:10C6A00034FD0020B40F012070AF0020B00F012036
:10C6B00010B582B09DF8101009B902B010BD144633
:10C6C00001930090F4F766FE019B001B61EB0301F0
:10C6D000ECF742FA009A144B02EB420103EB8101A2
:10C6E00091ED007A07EE900AB5EE407AF1EE10FA7D
:10C6F00002EB420218BF37EE877A03EB820308BFD2
:10C70000B0EE677AFCEEE77A596817EE902A1CBF04
:10C71000F6EE006A27EE267A8A4283ED007A88BF19
:10C720005A6002B010BD00BFD80E0120F0B585B030
:10C73000CDE9023204460D46F4F72CFE0F46264999
:10C7400001EB041106468878DDE9023240B1294642
:10C750002046EEF75DFE034663B9184605B0F0BD0E
:10C7600009790093204613462A46FFF7E5FA034667
:10C77000002BF2D00293F4F70DFE801B61EB070152
:10C78000ECF7EAF9154A029B04EB440102EB810144
:10C7900091ED007A07EE900AB5EE407AF1EE10FACC
:10C7A00004EB440414BF37EE877AB0EE677A02EBED
:10C7B0008402FCEEE77A506817EE901A1CBFF6EE82
:10C7C000006A27EE267A8142184682ED007A88BFF9
:10C7D000516005B0F0BD00BFB80F0120D80E012098
:10C7E000F0B585B004460D46F4F7D4FD264B03EBB7
:10C7F000041306469A780F465AB10DF10F032946E5
:10C8000001222046EEF704FE70B99DF80F0005B036
:10C81000F0BD19790DF10F0300932A46012320463C
:10C82000FFF78AFA0028F0D0F4F7B4FD801B61EB23
:10C830000701ECF791F9154B04EB440203EB82027C
:10C8400092ED007A07EE900AB5EE407AF1EE10FA1A
:10C8500004EB440414BF37EE877AB0EE677A03EB3B
:10C860008403FCEEE77A596817EE902A1CBFF6EEB7
:10C87000006A27EE267A8A4283ED007A88BF5A60E2
:10C880009DF80F0005B0F0BDB80F0120D80E0120B3
:10C89000F0B585B004468DF80F200D46F4F77AFD0B
:10C8A000274B03EB041306469A780F465AB10DF155
:10C8B0000F03294601222046EEF790FE034673B986
:10C8C000184605B0F0BD19790DF10F0300932A4603
:10C8D00001232046FFF76CFD0346002BF0D00293A6
:10C8E000F4F758FD801B61EB0701ECF735F9154AA9
:10C8F000029B04EB440102EB810191ED007A07EE0B
:10C90000900AB5EE407AF1EE10FA04EB440414BF3D
:10C9100037EE877AB0EE677A02EB8402FCEEE77AB4
:10C92000506817EE901A1CBFF6EE006A27EE267AC2
:10C930008142184682ED007A88BF516005B0F0BD93
:10C94000B80F0120D80E0120F0B585B004460D4681
:10C95000F4F720FD264B03EB041306469A780F46A6
:10C960005AB10DF10F03294601222046EEF750FD82
:10C9700070B99DF80F0005B0F0BD19790DF10F03E6
:10C9800000932A4601232046FFF7D6F90028F0D06D
:10C99000F4F700FD801B61EB0701ECF7DDF8154BA8
:10C9A00004EB440203EB820292ED007A07EE900A58
:10C9B000B5EE407AF1EE10FA04EB440414BF37EE02
:10C9C000877AB0EE677A03EB8403FCEEE77A596866
:10C9D00017EE902A1CBFF6EE006A27EE267A8A42EE
:10C9E00083ED007A88BF5A609DF80F0005B0F0BD56
:10C9F000B80F0120D80E01202DE9F0412A4C04EB9C
:10CA0000001484B094F802C0BCF1000F04D004B04C
:10CA1000BDE8F041FFF78ABE1E46CDE90212054689
:10CA2000F4F7B8FC884621790096DDE90223074631
:10CA300001F0FE012846FFF77FF9044618B92046A9
:10CA400004B0BDE8F081F4F7A5FCC01B61EB080160
:10CA5000ECF782F8154B05EB450203EB820292EDF1
:10CA6000007A07EE900AB5EE407AF1EE10FA05EB87
:10CA7000450018BF37EE877A03EB800308BFB0EE9E
:10CA8000677AFCEEE77A596817EE902A1CBFF6EE3B
:10CA9000006A27EE267A20468A4283ED007A88BF14
:10CAA0005A6004B0BDE8F081B80F0120D80E012013
:10CAB000F0B587B004468DF817200D46F4F76AFCF0
:10CAC000274B03EB041306469A780F465AB10DF133
:10CAD0001703294601222046EEF780FD034673B96D
:10CAE000184607B0F0BD19790DF1170300932A46D7
:10CAF00001232046FFF75CFC0346002BF0D0039394
:10CB0000F4F748FC801B61EB0701ECF725F8154AA8
:10CB1000039B04EB440102EB810191ED007A07EEE7
:10CB2000900AB5EE407AF1EE10FA04EB440414BF1B
:10CB300037EE877AB0EE677A02EB8402FCEEE77A92
:10CB4000506817EE901A1CBFF6EE006A27EE267AA0
:10CB50008142184682ED007A88BF516007B0F0BD6F
:10CB6000B80F0120D80E01202DE9F04F89B0002A1E
:10CB700064D0984613440493A1EB08030393324B0B
:10CB800000EB4002054603EB82094FF0010B0DF16B
:10CB90001F07039B08EB030218F8013B8DF81F30B9
:10CBA0005FFA82FAF4F7F6FB284B0E4603EB051109
:10CBB000044688783B4678B1514601222846EEF774
:10CBC0000DFD034693B903EA0B0B049B4345E0D1EB
:10CBD000584609B0BDE8F08F097900970123524605
:10CBE0002846FFF7E5FB0346002BECD00593F4F74E
:10CBF000D1FB001B61EB0601EBF7AEFF99ED007A6C
:10CC0000D9F80410059B07EE900AB5EE407AF1EED4
:10CC100010FA18BF37EE877AF0EE676AFCEEE77A13
:10CC2000B6EE006A17EE902A18BF67EE066A8A42CF
:10CC3000C9ED006A88BFC9F80420C4E74FF0010BB2
:10CC4000584609B0BDE8F08FD80E0120B80F01207A
:10CC50008188006813F0A0BF0368828809B11A8335
:10CC600070475A83704700BF0268838851694B4000
:10CC70005361704730B5044683B068460D4613F0E3
:10CC800085FF23782289009283B1B5FA85F35B0989
:10CC90004FF0000C4FF4807260688DF804306946E4
:10CCA0008DF805C0ADF8062013F01EFF03B030BDAF
:10CCB00000B589B000236846CDE90033029313F034
:10CCC000BFFD03A813F0AEFE034813F0CFFE684685
:10CCD00013F0B6FD09B000BD581001202DE9F04752
:10CCE0003C493D4F0B7AC0EBC00223F0080382B0F1
:10CCF0000B7217F8223007EB820413B902B0BDE8BB
:10CD0000F0878246684613F041FFA568A689334B39
:10CD1000019369462846009613F0E6FE2369A48A2B
:10CD2000009418466946984613F0DEFE31462846C0
:10CD300013F038FF2146404613F034FFA146092482
:10CD40003146284613F030FF0520F4F761FB3146E9
:10CD5000284613F027FF0520F4F75AFB631E13F053
:10CD6000FF04EDD14946404613F01EFF0520F4F7BD
:10CD70004FFB3146284613F017FF0520F4F748FB18
:10CD80003146284613F00EFF0520F4F741FB4946D3
:10CD9000404613F007FF124B019369462846009660
:10CDA00013F0A2FECAEBCA0307EB830728463C7EBA
:10CDB000F989224613F0FAFE69464046CDF8009004
:10CDC00013F092FEF98A2246404613F0EFFE02B0BD
:10CDD000BDE8F08734FD0020B07B030801020101AB
:10CDE0000202010130B55F4BC0EBC00203EB8204CD
:10CDF00013F8223089B00BB909B030BD227EE18929
:10CE000001920546A06813F0D1FE019AE18A2069DB
:10CE100013F0CCFE2846FFF761FF022D5AD0032DF8
:10CE20002DD0012D40F0818029464FF4001014F0E0
:10CE3000D5FA4D4813F002FB04A813F0A1FB002221
:10CE400049484FF4407113F0E1FB484B46480493C6
:10CE500004A913F029FB2946434813F09FFB4FF424
:10CE6000A06013F0F1FF424B039303A813F0F6FF09
:10CE70001F2303A88DF80C3013F0F0FFBCE701214D
:10CE80004FF4000014F0AAFA3A4813F0D7FA04A8B5
:10CE900013F076FB002237484FF4407113F0B6FBD5
:10CEA000324B3448049304A913F0FEFA01213148AF
:10CEB00013F074FB4FF4A06013F0C6FF2E4B0393E6
:10CEC00003A813F0CBFF482303A88DF80C3013F010
:10CED000C5FF91E701214FF4800014F07FFA274845
:10CEE00013F0ACFA04A813F04BFB002223484FF4D4
:10CEF000407113F08BFB1D4B2048049304A913F0E1
:10CF0000D3FA01211D4813F049FB4FF4A06013F040
:10CF10009BFF1B4B039303A813F0A0FF212303A83F
:10CF20008DF80C3013F09AFF66E76468204613F022
:10CF300085FA04A813F024FB002220464FF4407128
:10CF400013F064FB094B049304A9204613F0ACFAD8
:10CF50002046012113F022FB4FF4A06013F074FF70
:10CF60004AE700BFB07B030800540040801A060067
:10CF700020000001005C0040490000010058004012
:10CF8000220000012DE9F041514B420103EB401515
:10CF90009B5C8AB013B90AB0BDE8F0816C6801905F
:10CFA000204614F035F903A813F0F0FDAB6840F209
:10CFB00002221846ADF8102003A9AA8903921F4641
:10CFC00013F092FD2A69164603A9AA8A03923046F5
:10CFD00013F08AFDAA691346184603A99046AA8B46
:10CFE000039213F081FD019B022B59D0032B3FD0FC
:10CFF000012B16D119464FF4805014F0FBF9642030
:10D00000F4F706FA05221146384613F0CFFD052243
:10D010000621304613F0CAFD05220721404613F0D1
:10D02000C5FD05A814F050F900252A4BCDF81E3097
:10D030004FF4827205A92046ADF81620CDF81A509B
:10D0400014F01CF92946204614F056F90121204617
:10D0500014F042F90221204614F058F90028F9D0C2
:10D06000204614F043F98DF80B000AB0BDE8F081BA
:10D0700001214FF4004014F0B1F96420F4F7C8F92D
:10D0800038460622002113F091FD30460622002189
:10D0900013F08CFD06220021404613F087FDC0E707
:10D0A00001214FF4804014F099F96420F4F7B0F9AD
:10D0B000384605220D2113F079FD304605220E2158
:10D0C00013F074FD05220F21404613F06FFDA8E711
:10D0D000307B030800023000F0B589B090F800C042
:10D0E00004460020CDE90300CDE905000790BCF11E
:10D0F000000F01D109B0F0BD68461F4616460D4627
:10D1000013F044FD03238DF8053023890093237B1E
:10D110008DF80430637B8DF806306068A37B8DF852
:10D120000730694613F0E0FC237C002BE2D094F832
:10D1300020206189606813F039FD03A813F072FCA8
:10D14000334A03920422ADF81020238B0597022264
:10D15000ADF818204FF48072ADF81C200C2B10D8BD
:10D16000DFE803F04D0F0F0F440F0F0F070F0F0FE6
:10D170003B00606903A913F0EBFB6069082113F021
:10D1800067FC684613F05CFB6069224B984212D042
:10D1900003F5806398420ED003F5705398420AD08D
:10D1A00003F58063984206D003F58063984202D06D
:10D1B0006908013900E0691E721EADF800100121F6
:10D1C000019213F045FB6069694613F0E1FA60696A
:10D1D000012113F059FC09B0F0BD606903A913F0F7
:10D1E000F3FB6069082113F039FCCAE7606903A901
:10D1F00013F072FB6069082113F022FCC1E760693B
:10D2000003A913F02FFB6069082113F013FCB8E7A2
:10D21000700001000000014040B1062806D0342211
:10D22000134B02FB00F01A181B5C03B9704710B5D2
:10D23000536886B01846019100211C46009213F0F5
:10D24000C5FE02A813F0B8FE009A019BD08BADF882
:10D250000E00928B029302A92046ADF8102013F025
:10D260004FFE0121204613F0B1FE06B010BD00BFF5
:10D27000207C03080148012113F0EABA000C0040A9
:10D280000148002113F0E4BA000C004010B5012160
:10D2900084B0084614F08AF80121082014F09EF8A2
:10D2A00001A813F073FC124B1248012401A9CDE927
:10D2B000014313F019FC40F22B23002201A9029331
:10D2C0000D48ADF80C200823019313F061FA2146B4
:10D2D000094813F0BDFA22462146074813F0E4FB43
:10D2E000064B0093684613F0B9FD04B010BD00BFB3
:10D2F0000102000100000240000C00403204000165
:10D300002DE9F0433423924D00FB03F399B0EB5C1D
:10D3100004465BB10F4606281FD8DFE810F0120064
:10D320001A00DC00E200E800EE000C00894A135409
:10D3300019B0BDE8F083FFF7A9FF864B01229A716F
:10D34000F6E7844B01221A7019B0BDE8F04302F0F1
:10D3500095BC0121102014F04DF803A813F016FC21
:10D36000342303FB045340F202229868ADF81020E6
:10D3700003A99A8901930392009013F0B5FBDDE9AC
:10D38000000393F82120D9890093164613F00EFC70
:10D39000009B9A8A9046002A40F0CC8005A813F0A2
:10D3A0000BFE342303FB045305A99A6958680592C0
:10D3B000DA8BADF81A209A8B009306468146ADF8B9
:10D3C0001C2013F09DFD009B634A644893F82010D5
:10D3D00040F2012EADF809E04FF0000C4FF0010EC5
:10D3E0008DF80BE022F814C05D4A20F814C022F832
:10D3F00014C0002900F0878009A8009313F0CCFC2A
:10D40000009B1A6B4FF480630F930D934FF480339E
:10D4100013931046331D90461E460A9313F0FAFBF1
:10D42000404613F0DBFC0028FAD1342303FB0455FB
:10D430004C4B0C9003EB84230B936B6A099309A963
:10D440004FF48073404612930A9613F073FC012147
:10D45000404613F0B3FC01224021484613F0C8FDBA
:10D46000404613F0B7FC404BC0F5806023F8140031
:10D470003E4B23F8140095F82C308DF8083002A8A4
:10D4800013F0ECFCAB6A18461E4613F0C3FB3046A3
:10D4900013F0A4FC05460028F9D1402309A91290F5
:10D4A00030460C9313F046FC2946304613F090FCAE
:10D4B00001223046102113F095FC012280214846BC
:10D4C00013F096FD234B01211F55484613F07EFDB6
:10D4D00019B0BDE8F08301214FF4003013F07EFF56
:10D4E0003BE701214FF4802013F078FF35E701215D
:10D4F0004FF4002013F072FF2FE701214FF480104A
:10D5000013F06CFF29E7184A93F8223022F8141020
:10D51000164A02A822F814108DF8083013F09EFC69
:10D52000B8F1000FCED0012240F22551304613F061
:10D5300069FDC7E71869039203A9CDE9000313F059
:10D54000D3FA019B0098D98A324613F02FFB25E7C6
:10D55000207C0308E4C3002024E0002034E0002005
:10D5600044E000200CC40020ECC30020FCC30020D9
:10D57000F0B5264B83B0072268461A6013F006FB0D
:10D580004FF4804240F2013321486946CDE900233F
:10D5900013F0AAFA05240120F8F728FB4FF4FA70DB
:10D5A000F3F7C2FF0220F8F721FB4FF4FA70F3F70C
:10D5B000BBFF013CEFD1174B174F184E1C600125E4
:10D5C0003D7002F05BFB164802F0ACFBB37943F010
:10D5D0000403B371134B214628461D60FFF790FEEC
:10D5E000F37943F00203F3710F4B022021461860D8
:10D5F000FFF786FE0D4B06221A60FFF747FE28460E
:10D60000BD7103B0BDE8F040FFF7ECBB00000020A7
:10D610000008024068100120E4C3002034FD00200F
:10D62000986403086C100120701001206410012020
:10D6300030B52E489BB013F0EDFA2C4813F0CEFB1A
:10D6400004460028F9D10BA813F0A6FB284B294A61
:10D650000C934FF480630D9211934FF400624FF4DA
:10D660000053CDE912234FF4807C4FF4003306259C
:10D670001E480B940BA9CDE914C3CDE90F5413F048
:10D6800059FB012119481C4C13F098FB01A813F019
:10D6900043FD01A813F02AFD05A813F01DFD40F27B
:10D6A000011316488DF8285005A9ADF8183013F06D
:10D6B000EBFC04F1D80594F82020217C606802235B
:10D6C000243413F039FDAC42F5D10C48012113F09C
:10D6D00095FD0A48012113F087FD0121074813F049
:10D6E00021FD064813F07AFD1BB030BD10640240E6
:10D6F0004C20014040B800208C7D030800200140F0
:10D70000F0B58F488F4E85B0012113F04FFE0121F7
:10D71000002013F057FE8C48012113F05FFE8B4868
:10D72000012113F067FE01214FF4001013F03EFEBB
:10D7300001214FF4800013F039FE01211F2013F066
:10D7400035FE13F095FE684613F020FA4FF6FF728F
:10D7500003237F48009269468DF8043013F0C4F922
:10D760007848694613F0C0F97A48694613F0BCF965
:10D770007948694613F0B8F9009B784823F4F043E0
:10D780006946009313F0B0F94FF4A06013F05CFB0E
:10D79000FFF7EEFE02A813F0F9F94FF4005440F23F
:10D7A000013502A96748CDE9024513F09DF974835C
:10D7B00002A813F0EBF94FF48044304602A9CDE9FA
:10D7C000024513F091F97483654E664CF8F756FAEA
:10D7D00006F1A005A6469EE80F0086E80F00103669
:10D7E000B5420EF1100EF6D102A813F0CFF90422C3
:10D7F0005D4B5748029202A9039313F075F9F8F7AD
:10D80000B5F9534B594D08265E830DEB060013F016
:10D81000BDF910270DEB06014D48CDE9027513F057
:10D8200063F94B4B0DEB06005F8313F0AFF9202734
:10D830000DEB060146480297039513F055F9444B4A
:10D840000DEB06005F8313F0A1F940270DEB0601F5
:10D850003F480297039513F047F93D4B0DEB060047
:10D860005F8313F093F980270DEB06013848029788
:10D87000039513F039F9364B0DEB06005F83344FF7
:10D8800013F084F90DEB06013148CDE9026513F080
:10D890002BF90DEB06007E8313F078F94FF48066C8
:10D8A00002A93846CDE9026513F01EF97E8302A86D
:10D8B00013F06CF94FF40046284802A9CDE902653F
:10D8C00013F012F9254A2A4B56831B78022B03D0FA
:10D8D000284B1B781A2B2FD1274B00221A70F4F7F4
:10D8E000F9FE264D214F11E0FFF74CFB02A813F083
:10D8F0004DF9A668A38902A93046CDE9023713F095
:10D90000F3F8A38933831034AC420BD02378002B77
:10D91000F9D0A378E078002BE6D11034FFF762FA53
:10D92000AC42F3D10A20F3F7FFFDFFF781FE0A2096
:10D93000F3F7FAFD05B0F0BDECF7C0F8CFE700BF94
:10D940001F90670000080240FFC9FE36335F0700E2
:10D9500000040240000C024000100240000002409F
:10D96000B80F0120907A03080103000101020001B1
:10D970000C000020F5000020B8860020307B030852
:10D9800000B5012183B0084613F010FD40F20233C8
:10D990004FF4C05269460D48CDE9002313F0A4F8B6
:10D9A0000A480A220B2113F001F90A2207480C2128
:10D9B00013F0FCF801214FF4804013F01BFD01210E
:10D9C000802013F0FFFC03B000BD00BF0000024048
:10D9D00000B54FF4C06083B013F036FA034B0193E7
:10D9E00001A813F03BFA03B000BD00BF43010301DF
:10D9F000704700BF704700BF4FF4802013F06EB82F
:10DA0000014800F065BE00BFDC18012010B50446D7
:10DA100001F07CF962780120002384F8120184F877
:10DA20001431002A00F0CD814FF48071A4F81C114C
:10DA300082424FF04001C4E94913A4F8223184F82E
:10DA40001F31C4F8303100F0CE81A4F84A01022A17
:10DA500040F20110C4E9531384F84731C4F8583137
:10DA6000A4F8440100F0D2804FF48170A4F86C0156
:10DA7000032A4FF00200C4E95D13A4F8720184F890
:10DA80006F31C4F8803100F0C18040F20310A4F877
:10DA90009401042A4FF00300C4E96713A4F89A0123
:10DAA00084F89731C4F8A83100F0B0804FF4827048
:10DAB000A4F8BC01052A4FF00400C4E97113A4F8CE
:10DAC000C20184F8BF31C4F8D03100F09F8040F229
:10DAD0000510A4F8E401062A4FF00500C4E97B1301
:10DAE000A4F8EA0184F8E731C4F8F83100F08E8038
:10DAF0004FF48370A4F80C02072A4FF00600C4E923
:10DB00008513A4F8120284F80F32C4F820327DD0B5
:10DB100040F20710A4F83402082A4FF00700C4E9C5
:10DB20008F13A4F83A0284F83732C4F848326DD023
:10DB30004FF48470A4F85C02092A4FF00800C4E98D
:10DB40009913A4F8620284F85F32C4F870325DD091
:10DB5000092140F20910A4F88A120A2A4FF0400164
:10DB6000C4E9A313A4F8840284F88732C4F8983275
:10DB70004CD04FF48570A4F8AC020B2A4FF00A0089
:10DB8000C4E9AD13A4F8B20284F8AF32C4F8C032CD
:10DB90003CD040F20B10A4F8D4020C2A4FF00B003A
:10DBA000C4E9B713A4F8DA0284F8D732C4F8E8322B
:10DBB0002CD04FF48670A4F8FC020D2A4FF00C0014
:10DBC000C4E9C113A4F8020384F8FF32C4F8103387
:10DBD0001CD040F20D10A4F824030E2A4FF00D00C3
:10DBE000C4E9CB13A4F82A0384F82733C4F83833E4
:10DBF0000CD04FF48770C4E9D513A4F84C030E2061
:10DC0000A4F8520384F84F33C4F860330023402152
:10DC10000120022AC4E9DF13C4E9E913A4F874332C
:10DC2000A4F87A3384F87733C4F88833A4F89C03D3
:10DC3000A4F8A20384F89F33C4F8B03300F0C18085
:10DC40000220032AC4E9F313A4F8C403A4F8CA0306
:10DC500084F8C733C4F8D83300F0B3800320042A13
:10DC6000C4E9FD13A4F8EC03A4F8F20384F8EF333D
:10DC7000C4F8003400F0A5800420052AA4F8140498
:10DC8000A4F81A0484F81734C4F81C14C4F8203417
:10DC9000C4F8283400F095800520062AA4F83C0436
:10DCA000A4F8420484F83F34C4F84414C4F8483457
:10DCB000C4F8503400F085800620072AA4F86404D4
:10DCC000A4F86A0484F86734C4F86C14C4F8703497
:10DCD000C4F8783475D00720082AA4F88C04A4F876
:10DCE000920484F88F34C4F89414C4F89834C4F8B7
:10DCF000A03466D00820092AA4F8B404A4F8BA0411
:10DD000084F8B734C4F8BC14C4F8C034C4F8C834B8
:10DD100057D009200A2AA4F8DC04A4F8E20484F805
:10DD2000DF34C4F8E414C4F8E834C4F8F03448D05C
:10DD30000A200B2AA4F80405A4F80A0584F807357C
:10DD4000C4F80C15C4F81035C4F8183539D00B20B8
:10DD50000C2AA4F82C05A4F8320584F82F35C4F851
:10DD60003415C4F83835C4F840352AD00C200D2AB3
:10DD7000A4F85405A4F85A0584F85735C4F85C157E
:10DD8000C4F86035C4F868351BD00D200E2AA4F8FD
:10DD90007C05A4F8820584F87F35C4F88415C4F89E
:10DDA0008835C4F890350CD00E22A4F8A425A4F828
:10DDB000AA2584F8A735C4F8AC15C4F8B035C4F862
:10DDC000B835204601F0F6F9204601F067F9002148
:10DDD000204601F017FA204601F038FA2046BDE847
:10DDE000104001F0DFB9C4E9DF13A4F87433A4F8DC
:10DDF0007A3384F87733C4F88833E2E710B51446F1
:10DE00000A0619D401EB810C4FEACC0C00EB0C0E86
:10DE100000228EF874130CF55D71CEF87C4301443A
:10DE20008EF877338EF87523022B04BF00230B7115
:10DE300001F0EEFC002010BD01F07F0E0EEB8E0C09
:10DE40004FEACC0C00EB0C020CF58E714FF0010C7C
:10DE5000C2F82441014482F81CE182F81F31A2F883
:10DE600022E182F81DC1DFE708B50B0601F07F0251
:10DE70000DD401EB810300EBC30303F55D73C90906
:10DE800059701A70194601F001FD002008BD02EB1F
:10DE9000820300EBC30303F58E73F0E708B501F0CE
:10DEA0007F0E0EEB8E0C4FEACC0C194600EB0C03E8
:10DEB0000CF55D7CC3F8881300EB0C014FF0000CEF
:10DEC000C3F8802383F874E3C3F88CC383F875C365
:10DED00090F803C0BCF1010F08BFC3F88423BEF162
:10DEE000000F03D101F0A0FD002008BD01F0EAFC05
:10DEF000002008BD01F07F0C0CEB8C01C90008B5B7
:10DF000000EB010E01F58E71CEF830310023CEF812
:10DF100034310123CEE94A2201448EF81CC18EF827
:10DF20001D31BCF1000F03D101F07EFD002008BDC2
:10DF300001F0C8FC002008BD08B50B0601F07F0207
:10DF400011D401EB810300EBC30303F55D734FF0C4
:10DF5000010CC909597083F802C01A70194601F002
:10DF6000E1FD002008BD02EB820300EBC30303F5D3
:10DF70008E73ECE70B0610B501F07F020FD401EBB6
:10DF8000810300EBC30303F55D730024C9095970D5
:10DF90009C701A70194601F0E9FD204610BD02EB95
:10DFA000820300EBC30303F58E73EEE702690023DF
:10DFB000106861F30A13034313607047084B186835
:10DFC000FF280BD010B50749074A8C68126807492B
:10DFD000A047034BFF221A60002010BD00207047AD
:10DFE00024010020D0010020781001208C10012095
:10DFF000432301480B80704728010020284A38B588
:10E000001368052B03D001331360002038BDDFF8FF
:10E01000A4C09CF80010002301291360F5D0214909
:10E020000A68B2F5006F08BF0B601F4BD1F800E023
:10E030001A6896452FD0D1F800E01A6896451BD98A
:10E040000B681A4AC3F5006313601368402B0B6812
:10E050001FFA83FE16D90B6840330B601368403BF0
:10E060001360402301228CF80020114A8121724460
:10E07000FFF740FF002038BD1B680A689B1A0B4A57
:10E080001360E2E7136814680D682C440C600021EB
:10E090009BB21160E6E700238CF80030B5E700BFC3
:10E0A00074100120841001208810012080100120AC
:10E0B000941001207C10012010B501EB810100EBD0
:10E0C000C101074BB1F88C131B69044605489847FA
:10E0D000044A402301212046FFF7E0FE002010BD46
:10E0E000D00100209418012030B591F800C01CF038
:10E0F000600283B00B4605461AD0202A04D002F0F5
:10E1000075F8022003B030BDCA8891F801E012B35F
:10E110001CF0800F2FD0214901938C682049704654
:10E12000A047019B1E49DA88284601F05BFD0FE0FD
:10E130004A780A2A1AD00B2A13D0062A08D14A880C
:10E14000120A212A20D017493A22284601F04AFD16
:10E15000002003B030BD114B11469B6870469847B4
:10E16000F6E78B78B3B9104A1360F1E70E49012244
:10E1700001F038FDECE70D490D4BC1F800E008490E
:10E180001A6001F045FDE3E7CA880A493A2A28BF28
:10E190003A22DAE702F02AF8DAE700BFD0010020DD
:10E1A0008C10012031010020D4180120240100200E
:10E1B000781001203A01002010B581210446FFF7B4
:10E1C00053FE01212046FFF74FFE82212046FFF734
:10E1D0004BFE024B5B689847002010BDD001002029
:10E1E00010B50223044640228121FFF707FE0223D7
:10E1F000402201212046FFF701FE0323082282214D
:10E200002046FFF7FBFD074A074B4FF002019180C4
:10E210001B689847054A402301212046FFF73EFE30
:10E22000002010BDA0010020D00100209418012082
:10E230001C4B1A78012A01D0002070471A490A683D
:10E24000D2B10B68402B10B519D9184B1A68D3F806
:10E2500000C00CF1400CC3F800C0D1F800C0ACF114
:10E26000400C92B24023C1F800C011490A448121F8
:10E27000FFF740FE002010BD1A7000207047DFF845
:10E280002CC0DCF800200B68D1F800E0DCF800407E
:10E29000A644CCF800E04FF0000C92B29BB2C1F85B
:10E2A00000C0E2E77C1001208010012084100120D2
:10E2B0009410012010B5D0F8E83504461B69984742
:10E2C000032384F81231002010BD00BF08B50422DA
:10E2D00090F81211D0F8E83580F8131180F8122167
:10E2E000DB689847002008BD08B5D0F8E435DB6945
:10E2F00003B19847002008BD08B5D0F8E4351B6A83
:10E300009847002008BD00BF08B5D0F8E4355B6A27
:10E310009847002008BD00BF002310B519460446E9
:10E320004022FFF76BFD8021002340222046FFF7AB
:10E3300065FDD4F8E835A078012284F812215B68E5
:10E340009847002010BD00BF00B585B002A901901C
:10E3500001F03AFF9DF80810019801F01F03012B0E
:10E360000ED0022B06D08BB902A901F017FD0020B8
:10E3700005B000BD02A901F0AFFE002005B000BD50
:10E3800002A901F085FE002005B000BD01F080016A
:10E39000FFF7D2FD002005B000BD00BF10B5034659
:10E3A00082B051B990F81121022A1DD093F816219C
:10E3B000012A0FD0002002B010BDD0F8E425526928
:10E3C000002AF7D090F81231032BF3D190470020A8
:10E3D00002B010BD264A196910684860002200206A
:10E3E00083F8162102B010BDD0F83821D0F824C12E
:10E3F000624513D9C078D3F8281100930128A2EB05
:10E400000C0208BF6144C3F8382108BFC3F82811C3
:10E41000184692B201F0F4FB009BC7E7D0F83CE14C
:10E42000BEFBFCF20CFB12E272B9F4450CD8D0F83A
:10E430004041A64508D2CDE9002001F0E1FBDDE92D
:10E440000023C3F84021B1E7D3F8E425D2681AB11C
:10E4500093F81211032905D01846009301F0FEFB32
:10E46000009BA3E7184600939047009BF4E700BF8A
:10E47000D818012000B5034683B031B990F81121B6
:10E48000032A0FD0002003B000BDD0F8E425926924
:10E49000002AF7D090F81231032BF3D190470020D7
:10E4A00003B000BDD0F89013D0F87C23914214D96A
:10E4B00090F803C0881AD3F88013C3F89003BCF116
:10E4C000010F04BF8918C3F88013824228BF024697
:10E4D00092B2184601F0AAFBD4E7D0F8E4251269FD
:10E4E0001AB190F81211032903D0184601F0A6FBC7
:10E4F000C8E701909047019BF7E700BF30B585B0B2
:10E500000446CDE90221089D0193FFF739FA019BEA
:10E51000029A0399C4F8E4352046C4F8EC25C4F8FF
:10E52000E855FFF773FAD4F8E8351B68984720469A
:10E5300005B0BDE83040FFF74BBA00BFD0F8E43576
:10E5400010B504461B689847D4F8E8359B6898478F
:10E55000002010BD08B5D0F8E4355B68984700206E
:10E5600008BD00BF122301480B807047A0010020A6
:10E57000042301480B8070479C01002008B50A461F
:10E580000248034901F040FE014808BDB464030895
:10E59000641F012008B50A460248034901F034FE11
:10E5A000014808BDD8640308641F012008B50A4665
:10E5B0000248034901F028FE014808BDEC64030845
:10E5C000641F012008B50A460248034901F01CFEF9
:10E5D000014808BDFC640308641F012008B50A4611
:10E5E0000248034901F010FE014808BD0865030810
:10E5F000641F012000207047C1B110B501440C4BCD
:10E60000DFF830E00138013900241A6810F801CF32
:10E610000EF802C01A6801321A601A68B2F5006F6B
:10E6200028BF1C608842F0D1002010BD0020704738
:10E63000881001209410012059B138B54518441EA6
:10E64000013D14F8010F01F089FBAC42F9D1002023
:10E6500038BD0020704700BF202815D0212801D0E8
:10E6600000207047104B1A680A701A68120A4A7024
:10E670005A888A70DA78CA701A790A715A794A7196
:10E680009B798B7100207047074B0A79D1F800C045
:10E6900048791A71897958710122C3F800C09971BB
:10E6A000DA710020704700BFE401002000207047AD
:10E6B000054A064B10681B68984234BF03F1FF33CC
:10E6C00003F2FF73181A704788100120841001208C
:10E6D0002DE9F04F85B0044600F0ACFD18B90020DC
:10E6E00005B0BDE8F08F204600F0AAFD01460028E5
:10E6F000F5D0C0F3074313F00800994640F0898035
:10E7000019F0040F3FD18A0702D5E36802225A614B
:10E710000029C0F2C7810B05C1F3072500F1DA809B
:10E720000E070AD5844B00911B682046DB6898478A
:10E73000E368009908225A610120C90600F18C8122
:10E74000EA0600F1FD80AB0600F1AB8019F0100F76
:10E7500009D0794B1B682046DB699847E3684FF482
:10E76000801201205A6119F0200FB9D0724B1B683A
:10E7700020461B6A9847E3684FF4001201205A6153
:10E7800005B0BDE8F08F2046009101F015FA009920
:10E79000002800F0D081264604F11803A046002589
:10E7A00004460191E10740F1C881D8F81000D3F880
:10E7B00000C00169426B22FA05FEDCF8082041EA3C
:10E7C000CE111140CA0740F18A8100935A4BD0F80C
:10E7D00034E0196801234A6803FA05F12EEA0101C1
:10E7E0004163CCF80830E9B24046904798F80310EE
:10E7F000009B012900F0CA81640800F09A8101356C
:10E8000028360433E107D0D40135640828360433B0
:10E81000C8E72046009101F0C1F90099054600289B
:10E8200000F08581224604F15406274688460024DC
:10E83000E80704D401346D08043628322AE0E1B236
:10E8400038460192009101F0AFF910F0010FDDE9B7
:10E85000001200F05681336801209860F878012892
:10E8600007D11869D2F87C33C0F312001B1AC2F822
:10E870008C33314B00921B6838461B689847FB78F5
:10E88000009A012B00F095816D0800F04E81013453
:10E8900004362832E807D2D401346D080436283211
:10E8A000C6E7204600F0A0FFE3682046DD6800F0E0
:10E8B0008DFF032800F04681012340220521A3702B
:10E8C000E368A28061F38D254FF40052DD600120E2
:10E8D0005A613BE700238DF80F3094F812318DF820
:10E8E0000F30154B00911B6820465B6998472369E0
:10E8F00000999868E3684FF400625A61A37AC3B143
:10E90000C70716D594F81531012B12D19DF80F3099
:10E91000032B0ED1D4F80C3108481A6842F00102DA
:10E920001A601A6842F003021A60036943F0060392
:10E9300003610120F4E600BF6C01002000ED00E05F
:10E9400022695368002623F00103536031462046B4
:10E9500000F038FC62783746002A5CD0A169606D0F
:10E96000FF23012A8B60836055D0E1698B60A16D24
:10E97000022A8B604FD0216A8B60E16D032A8B6085
:10E9800049D0616A8B60216E042A8B6043D0A16AF2
:10E990008B60616E052A8B603DD0E16A8B60A16E51
:10E9A000062A8B6037D0216B8B60E16E072A8B6063
:10E9B00031D0616B8B60216F082A8B602BD0A16BEB
:10E9C000606F8B60092A836025D0E16B8B60A16F3B
:10E9D0000A2A8B601FD0216C8B60E16F0B2A8B6041
:10E9E00019D0616C8B60D4F880100C2A8B6012D027
:10E9F000A16C8B60D4F884100D2A8B600BD0E16C75
:10EA00008B60D4F888100E2A8B6004D0226D93603E
:10EA1000D4F88C20936023690B22394662F30701F6
:10EA200062F307064FF0FF329A614FF00112DA618C
:10EA30005E6119611A6822F4FE621A60204601F0D4
:10EA4000C1F8854BE2681B684FF480511B69516126
:10EA500020469847012076E6E3689A6922F0100282
:10EA60009A611E6AC6F34342022A06F00F076ED06F
:10EA7000062A11D1082204F2CC51204600F02EF9CA
:10EA800007EB870304EBC303C6F30A16D3F88C2302
:10EA90003244C3F88C23E3689A6942F010029A6109
:10EAA00001204DE6A37A43B1D4F80C3123F00302E0
:10EAB00062F30703D4F80C211360226900915368B4
:10EAC00023F001035360644B1B6820469B69984701
:10EAD000E36800994FF0004201205A611BE60F07DE
:10EAE0000BD4C80605D44A065DD54021CCF80810E1
:10EAF00082E61021CCF808107EE60822CCF8082027
:10EB00007AE6810703D5336802219960BCE60307E2
:10EB10007FF5BAAE504B00921B6838469B68984709
:10EB20003368009A08219960AEE63C4641460120D0
:10EB3000E6E5019944460120E5E5013564082836FB
:10EB400004335FE600234FF400720921B7E647F66D
:10EB5000F0723240002A9FD007EB870304EBC30317
:10EB6000C6F30A16D3F8801300933246204600F00D
:10EB7000B5F8009BD3F88023D3F88C13324431448A
:10EB8000C3F88023C3F88C13E36885E7002D7FF476
:10EB900033AE98F8111104297FF42EAE404601F0EF
:10EBA00011F8009B28E68F0710D50221CCF8081039
:10EBB00022E6002C7FF468AE97F81131052B7FF424
:10EBC00063AE384600F0FEFF009A5DE608067FF56A
:10EBD00013AED6E94C1EDCF81800D6F8242187B213
:10EBE000A1EB0E00904228BF10460330B7EB900F08
:10EBF0002ED9EFB2A246AB4660461D460C46734680
:10EC00001EE0D6F82431D6F828119C4228BF1C46B5
:10EC1000A3B23A46404600F04BF8D6F83431D6F865
:10EC20002821286823442244C6F83431C6F8282114
:10EC30008269033492B2B2EB940F05D9D6F8304111
:10EC40009C42A4EB0304DCD82B46844654465D4624
:10EC50008021CCF80810CFE56C010020014B052283
:10EC60001A70704708020020014B05221A70704785
:10EC700008020020014B06221A707047080200208B
:10EC8000014B05221A70704708020020014B052233
:10EC90001A70704708020020014B05221A70704755
:10ECA00008020020014B05221A707047080200205C
:10ECB00090F803C0BCF1000F0DD103339B100AD0B4
:10ECC00000EB8200D0F8D00051F8042B02600CF168
:10ECD000010C6345F8D10020704700BF10B502F168
:10ECE000030E5FEAAE0E0C460ED0D0F8D010A4464C
:10ECF0000023184601330A684CF8042B9E45F8D1CE
:10ED0000043404EB800010BD084610BD01234022EE
:10ED1000994230B54380828000F07B81002940F029
:10ED20005781DFF848C3C17240F20C624FF4A06310
:10ED3000C84CDFF83CE3C849C84D0280C3800622B6
:10ED40006346C0E903C403F5106CC0F818C003F5AE
:10ED5000306CC0F854C003F5126CC0F81CC003F549
:10ED6000326CC0F858C003F5146CC0F820C0032AF8
:10ED700003F5346CC0F85CC074D003F5166CC0F8B1
:10ED800024C0042A03F5366CC0F860C06AD003F5CD
:10ED9000186CC0F828C0052A03F5386CC0F864C0A8
:10EDA00060D003F51A6CC0F82CC0062A03F53A6C43
:10EDB000C0F868C056D003F51C6CC0F830C0072AF4
:10EDC00003F53C6CC0F86CC04CD003F51E6CC0F869
:10EDD00034C0082A03F53E6CC0F870C042D003F579
:10EDE000206CC0F838C0092A03F5406CC0F874C024
:10EDF00038D003F5226CC0F83CC00A2A03F5426CF7
:10EE0000C0F878C02ED003F5246CC0F840C00B2A9F
:10EE100003F5446CC0F87CC024D003F5266CC0F820
:10EE200044C00C2A03F5466CC0F880C01AD003F524
:10EE3000286CC0F848C00D2A03F5486CC0F884C09F
:10EE400010D003F52A6CC0F84CC00E2A03F54A6CAA
:10EE5000C0F888C006D003F52C62026503F54C6249
:10EE6000C0F88C2002784561C0F8CC10002A00F070
:10EE7000AB8003F5A061012AC0F8901000F0DD809E
:10EE800003F5A461022AC0F8941000F0DB8003F5BA
:10EE9000A861032AC0F8981000F0EE8003F5AC6179
:10EEA000042AC0F89C103FD003F5B061052AC0F8D1
:10EEB000A01039D003F5B461062AC0F8A41033D0ED
:10EEC00003F5B861072AC0F8A8102DD003F5BC617E
:10EED000082AC0F8AC1027D003F5C061092AC0F891
:10EEE000B01021D003F5C4610A2AC0F8B4101BD0B9
:10EEF00003F5C8610B2AC0F8B81015D003F5CC6132
:10EF00000C2AC0F8BC100FD003F5D0610D2AC0F850
:10EF1000C01009D003F5D4610E2AC0F8C4101CBF7C
:10EF200003F5D861C0F8C81003F5405103F58054CB
:10EF300003F5005CC0F8D810042A03F58041C0E94D
:10EF4000344CC0F8DC103FD003F5A041052AC0F8CE
:10EF5000E01039D003F5C041062AC0F8E41033D0E0
:10EF600003F5E041072AC0F8E8102DD003F5004171
:10EF7000082AC0F8EC1027D003F51041092AC0F880
:10EF8000F01021D003F520410A2AC0F8F4101BD05C
:10EF900003F530410B2AC0F8F81015D003F54041B5
:10EFA0000C2AC0F8FC100FD003F550410D2AC0F810
:10EFB000001109D003F560410E2AC0F8041103D0F6
:10EFC00003F57043C0F80831C0F80CE1002030BDF3
:10EFD000427800234FF40061C0E903318AB14FF455
:10EFE000106C4FF43061012AC0F818C0416508D098
:10EFF0004FF4126C4FF43261022AC0F81CC08165D4
:10F0000045D14FF4606E4FF488614FF48065002362
:10F0100028E74FF4816C4FF4A0710222A0F800C0E1
:10F020004FF0A04CC372C18002720D4CDFF844E077
:10F030000C490D4D0422634683E603F58053C0F866
:10F04000D030C1E703F5805203F50053C0E9342303
:10F05000BAE700BF00080440400404400004044034
:10F06000000800504004005000040050000004401C
:10F07000000E0440000E005003F5805103F50052CD
:10F0800003F54053C0E93412C0F8D8309CE74FF480
:10F09000606E4FF480654FF4886164E670B5027A63
:10F0A000C368012A82B0054636D19E6B417A26F4A8
:10F0B000803600292DD062F314569E63DA68384CEE
:10F0C00022F49402002122F04002DA600091032031
:10F0D000FEF78EFCEB68013C1A69009213D0009A8F
:10F0E000002AF4DA00992E4A41F0010100910099BA
:10F0F000196119690091013A02D00099C807F8D442
:10F100000320FEF775FCEB78012B3BD0002002B00A
:10F1100070BDC6F30052CEE7DA68214C002642F0FB
:10F120004002DA6001960320FEF762FCEB68013CC6
:10F130001A69019214D0019A002AF4DA0199184A46
:10F1400041F0010101910199196119690191013A97
:10F1500002D00199C907F8D40320FEF749FCEB68F7
:10F160006A7A003A18BF0122120142F02D0262F3BE
:10F1700017469E631420FEF73DFCEB78012BC5D1AA
:10F18000E96802E0E9682A238B608B6823F03E027D
:10F1900042F02A0262F3070300208B6002B070BDC8
:10F1A000410D030003460020DA68936843F0010331
:10F1B0009360704703460020DA68936823F00103E8
:10F1C0009360704700B583B000230193019B43F027
:10F1D00020030193019B61F38A130193C168019A93
:10F1E000074B0A610A690192013B02D0019A92061B
:10F1F000F8D40320FEF7FCFB002003B000BD00BFE5
:10F20000410D0300C06808B5C368C3F3076222F06C
:10F210006002012962F31F6308D009B943F08043FB
:10F22000C3603220FEF7E6FB002008BD43F0005328
:10F23000F6E700BFC3685869C04300F0010070479B
:10F24000C36858699B691840704700BF10B50446F1
:10F250000020D4F80C312269E16882B0186013688C
:10F2600060F3CC231360E37A012B13D113681E489B
:10F2700043F0030313604FF0800C1C4BC1F824C013
:10F280001B4A8862C1F804314FF4A073C1F8082109
:10F29000C1F80C3100230193019B43F0200301933B
:10F2A000019A144B102060F38A120192019A0A61AC
:10F2B0000A690192013B02D0019A9006F8D403201A
:10F2C000FEF796FB00220092009AE168094B42F09B
:10F2D00010020092009A0A610A690092013B0BD069
:10F2E000009AD206F8D407E080002000A000800039
:10F2F00020012000410D03000320FEF779FB216966
:10F3000000224FF0FF330A614A618B61CA61637862
:10F31000002B00F01782D4F818C0DCF800E0BEF132
:10F32000000FB4BF4FF0904E4FF0000EFF20012BA6
:10F33000CCF800E0CCF81020CCF8080000F03482C3
:10F34000D4F81CC0DCF800E0BEF1000FB4BF4FF0F1
:10F35000904E4FF0000E022BCCF800E0CCF81020BD
:10F36000CCF8080000F0F080D4F820C0DCF800E011
:10F37000BEF1000FB4BF4FF0904E4FF0000E032BC4
:10F38000CCF800E0CCF81020CCF8080000F0DC80CD
:10F39000D4F824C0DCF800E0BEF1000FB4BF4FF099
:10F3A000904E4FF0000E042BCCF800E0CCF810206B
:10F3B000CCF8080000F0C880D4F828C0DCF800E0E1
:10F3C000BEF1000FB4BF4FF0904E4FF0000E052B72
:10F3D000CCF800E0CCF81020CCF8080000F0B480A5
:10F3E000D4F82CC0DCF800E0BEF1000FB4BF4FF041
:10F3F000904E4FF0000E062BCCF800E0CCF8102019
:10F40000CCF8080000F0A080D4F830C0DCF800E0B0
:10F41000BEF1000FB4BF4FF0904E4FF0000E072B1F
:10F42000CCF800E0CCF81020CCF8080000F08C807C
:10F43000D4F834C0DCF800E0BEF1000FB4BF4FF0E8
:10F44000904E4FF0000E082BCCF800E0CCF81020C6
:10F45000CCF8080078D0D4F838C0DCF800E0BEF171
:10F46000000FB4BF4FF0904E4FF0000E092BCCF8B8
:10F4700000E0CCF81020CCF8080065D0D4F83CC0EF
:10F48000DCF80020002AB4BF4FF090420022CCF8F4
:10F4900000200020FF220A2BCCF81000CCF8082016
:10F4A00052D0D4F840C0DCF800E08645B4BF4FF03D
:10F4B000904E86460B2BCCF800E0CCF81000CCF830
:10F4C000082041D0D4F844C0DCF800E08645B4BF41
:10F4D0004FF0904E86460C2BCCF800E0CCF8100094
:10F4E000CCF8082030D0D4F848C0DCF800E08645DD
:10F4F000B4BF4FF0904E86460D2BCCF800E0CCF810
:10F500001000CCF808201FD0D4F84CC0DCF800E084
:10F510008645B4BF4FF0904E86460E2BCCF800E0E7
:10F52000CCF81000CCF808200ED0D4F850C0DCF88D
:10F5300000E08645B4BF4FF0904E8646CCF800E020
:10F54000CCF81000CCF80820D4F854E0D4F858C017
:10F55000DEF80020002AB4BF4FF090420022CEF81F
:10F5600000200020FF22CEF81000CEF80820DCF8A2
:10F5700000E08645B4BF4FF0904E8646022BCCF893
:10F5800000E0CCF81000CCF8082000F0DB80D4F8C4
:10F590005CC0DCF800E08645B4BF4FF0904E864674
:10F5A000032BCCF800E0CCF81000CCF8082000F0D9
:10F5B000C980D4F860C0DCF800E08645B4BF4FF0E5
:10F5C000904E8646042BCCF800E0CCF81000CCF826
:10F5D000082000F0B780D4F864C0DCF800E086456D
:10F5E000B4BF4FF0904E8646052BCCF800E0CCF827
:10F5F0001000CCF8082000F0A580D4F868C0DCF832
:10F6000000E08645B4BF4FF0904E8646062BCCF8FE
:10F6100000E0CCF81000CCF8082000F09380D4F87B
:10F620006CC0DCF800E08645B4BF4FF0904E8646D3
:10F63000072BCCF800E0CCF81000CCF8082000F044
:10F640008180D4F870C0DCF800E08645B4BF4FF08C
:10F65000904E8646082BCCF800E0CCF81000CCF891
:10F6600008206FD0D4F874C0DCF800E08645B4BF41
:10F670004FF0904E8646092BCCF800E0CCF81000F5
:10F68000CCF808205ED0D4F878C0DCF800E08645DD
:10F69000B4BF4FF0904E86460A2BCCF800E0CCF871
:10F6A0001000CCF808204DD0D4F87CC0DCF800E085
:10F6B0008645B4BF4FF0904E86460B2BCCF800E049
:10F6C000CCF81000CCF808203CD0D4F8802010688A
:10F6D0000028B4BF4FF09040002010604FF0000CA5
:10F6E000FF200C2BC2F810C090602BD0D4F88420DF
:10F6F000D2F800E0E645B4BF4FF0904EE6460D2B41
:10F70000C2F800E0C2F810C090601BD0D4F8882086
:10F71000D2F800E0E645B4BF4FF0904EE6460E2B1F
:10F72000C2F800E0C2F810C090600BD0D4F88C3062
:10F730001A686245B4BF4FF0904262461A60C3F83F
:10F7400010C098600B69E26843F480730B61E07845
:10F75000012819D0002393616FF080414FF0FF34EE
:10F76000984208BF1023174851615460516190615D
:10F7700043F47013916943F4605343F008030B435F
:10F780000020936102B010BDDFF83CC0C1F830C06A
:10F790006FF080400B4C00234FF0FF3193615061BC
:10F7A000516050619461E3E7636DD3F800C0BCF130
:10F7B000000FB6BF4FF0904C1A60C3F800C01A613A
:10F7C0009860BFE700080080030181000369986822
:10F7D000C0F3410002281DBF20F00200C0F1030069
:10F7E000C0B20120704700BF036981699A68086848
:10F7F000C2F34102022A0CBF0322002262F30A0074
:10F8000008605A6842F4807200205A60704700BF56
:10F8100010B591F800C091F801E0012303FA0CF350
:10F8200000EB8C0CBEF1010F0CBFDCF818C0DCF84B
:10F8300054C0DCF800E04FF000029BB20CBF63F351
:10F840000F0263F31F421EF4004F16D18B68CC7871
:10F85000C988C3F30A0343F0805343F4004304F020
:10F86000030401F00F0143EA844343EA815306494C
:10F870000EEA01010B43CCF800300369D9690A4351
:10F880000020DA6110BD00BF007833EC0A7891F8EF
:10F8900001C00123934000EB82029BB2BCF1010F37
:10F8A0004FF000010BBF63F30F0163F31F41936936
:10F8B000536D026900201860D36923EA0103D36104
:10F8C000704700BF2DE9F04391F801E00A784B69D9
:10F8D000CD78BEF1010F31D000EB82028E68D2F8F4
:10F8E00054E0C6F31202DEF800C0DEF810401BB38D
:10F8F0003344013BB3FBF6F3C3F3090606FB02F204
:10F900003346C2F3120242EAC34262F31C04CEF849
:10F910001040C378012B04BF0B69CEF81430012DC1
:10F920003CD0CCF3076363F07B0363F31F6CCEF82A
:10F9300000C00020BDE8F0830123E4E700EB82046F
:10F94000A046A669D6F800C0346963B38F681F4427
:10F9500004F06049013F8C68B7FBF4F7314C04EACE
:10F96000C744C3F312073C43012D44EA090447D0BE
:10F970003461C378012B51D00EFA02FE0269536B39
:10F980004EEA03035363CCF3076363F07B0363F333
:10F990001F6CC6F800C00020BDE8F0834B7963B34C
:10F9A0004CF0005CBDE704F0604444F40024346192
:10F9B000C478012C2DD0012DE5D10269926812F492
:10F9C000807FCCF307620CBF62F05B0262F06B02D7
:10F9D00062F31F6CC6F800C0002CAAD198B20330A5
:10F9E0008010A6D0CA68D8F8D0502346013352F808
:10F9F000041B29609842F9D19BE74CF0805C90E7AA
:10FA000065F35E743461C478012CD6D10A697261E1
:10FA1000D3E70A697261012DB5D1CEE70B69736135
:10FA2000B1E700BF0000F81F10B54B78D1F814C043
:10FA3000012B82B02DD00B7800EB8303D3F854E078
:10FA4000DEF80020DEF8103000938B68BCF1000F68
:10FA50001DD1009C03F07F0324F4C01C43F4002359
:10FA60002CF07F0C43EA0C03CEF81030C378012B46
:10FA700004BF0B69CEF81430C2F3076363F07B0355
:10FA800063F31F62CEF80020002002B010BD4B616E
:10FA9000DFE7D0F818E0DEF80020DEF81030009341
:10FAA000BCF1000F23D1009B23F4C0134CF4002CB5
:10FAB00023F07F0343EA0C03CEF810300093C378A1
:10FAC000012B1CD0C2F3076C6CF07B0C6CF31F6233
:10FAD000CEF80020002BD7D14B69002BD4D002697F
:10FAE0000878516B012383400B435363CCE78B6849
:10FAF00063453CBF9C464B610CF07F0CD3E70B7811
:10FB0000D1F810C000EB8301C2F30763896963F089
:10FB10007B0363F31F620020C1F814C0CEF80020FD
:10FB200002B010BD4B78012B09D00B7800EB83009D
:10FB3000426D136843F400131360002070470A7885
:10FB4000094900EB820080690268002AA8BFC2F35D
:10FB500080739B0301EA124143F020030B4363F3DC
:10FB60001F42026000207047DFBFFFFF0B784A781A
:10FB700000EB8300012A0CBF8069406DCA780368DE
:10FB8000023A012A23F400138CBFC3F3007201224E
:10FB900062F31C7303600020704700BF036998691B
:10FBA000DB691840000C704700EB810103694A6D66
:10FBB00090685B691840704703699869DB69184071
:10FBC00080B27047436D064A1A61C278012A06D195
:10FBD00000F2CC5058614FF0802219681A607047CB
:10FBE000180008C008B513460A460221C0E94E3382
:10FBF00080F811110021FEF77DF9002008BD00BF3B
:10FC000008B513460A460021FEF774F9002008BD26
:10FC100008B513460A460321C0E9E43380F8111100
:10FC20000021FEF73BF9002008BD00BF08B51346D0
:10FC30000A460021FEF732F9002008BD10B5002366
:10FC400004220446194680F811211A46FEF752F99B
:10FC50002046FFF7B7FF002010BD00BF10B50023FE
:10FC600005220446194680F811211A46FEF716F9B6
:10FC70002046FFF7A7FF002010BD00BF10B582B0DF
:10FC800009490091094B0A4A0A480B4C0121FEF729
:10FC900035FC0A490A4B0B4A00200860012120600C
:10FCA0001170186002B010BDEC010020F8000020B7
:10FCB000B4010020DC180120D81E0120DC1E012028
:10FCC000D41E0120D01E0120024B1868B0FA80F02B
:10FCD00040097047D41E01200F4B1A6812B90270F8
:10FCE000042070470D4A11687F2984BF00211160EC
:10FCF000D2F800C00A4911F80CC080F800C01068A2
:10FD00004FF0000C01F800C01168013111601A6851
:10FD1000013A03201A607047D41E0120D81E01202A
:10FD2000E01E0120037883B110B5044682B00121A2
:10FD30000DF107008DF80730FEF75EFC14F8013F67
:10FD4000002BF4D1184602B010BD1846704700BF12
:10FD500008B5FEF751FC002008BD00BF0C4B1A6827
:10FD60007F2A01D9022070470A4ADFF82CC01168A7
:10FD70007F2984BF0021116011680CF8010011680F
:10FD8000013111601A68013200201A60704700BF0B
:10FD9000D41E0120DC1E0120E01E012010B54B788E
:10FDA00084B00A460446092B11D8DFE803F03D5021
:10FDB0001065107A0510971E51880B0A022B00F06F
:10FDC0003C81032B00F0F480012B00F0A9808021FE
:10FDD0002046FEF7B1F800212046FEF7ADF8204698
:10FDE000FFF7F0FE002004B010BD9178A44B01296C
:10FDF0001970ECD890F81221022A7FD0032AE6D19C
:10FE0000002900F02D8190F81011012930D0FEF763
:10FE1000A1FB9B4B197884F810112046FEF78EFB4E
:10FE20002046FFF70BFFDDE790F81231023B012B74
:10FE3000CDD8944BD0F81821012119600AB10322C2
:10FE40001A60904902222046FFF7CCFECAE790F8DC
:10FE50001231023B012BBAD85388012BC2D1D0F802
:10FE6000E43500219B68C0F81811114620469847D8
:10FE70002046FFF7E3FEB5E75388012B00F09280A0
:10FE8000022BAFD19388DAB2002AABD102691B0AE8
:10FE9000013B5268042B6CD8DFE803F07C80787457
:10FEA00068009388002B92D1D388002B8FD190F8D3
:10FEB0001231032B8BD0518801F07F0180F814118F
:10FEC0000091FEF773F82046FFF7B8FE009900296D
:10FED00000F0C280022384F8123183E7D288012A1D
:10FEE0007FF475AF90F81231022B15D0032B7FF4FD
:10FEF0006EAF00F58871FFF775FE73E70029B7D084
:10FF00000121032380F8101180F81231FEF716FB4F
:10FF10002046FFF793FE65E75B49FFF763FE61E765
:10FF2000D0F8EC3580781B6800920DF10E019847EF
:10FF3000009AD388402B00F09E8094F8121101297A
:10FF400000F09B80BDF80E1000293FF44BAFD38822
:10FF5000002B3FF447AF8B4228BF0B461A460146A1
:10FF60002046ADF80E30FFF73DFE3BE7052363F377
:10FF70000612464B012184F8161120461A60FFF73D
:10FF80005DFE2FE7042363F30612F2E7032363F316
:10FF90000612EEE7012363F30612EAE7022363F396
:10FFA0000612E6E7D0F8E415C0F818318B685CE774
:10FFB000C9B205293FF60BAFDFE801F0352B211759
:10FFC0000D03D0F8EC35009280789B690DF10E019D
:10FFD0009847009AB6E7D0F8EC35009280785B69D4
:10FFE0000DF10E019847009AACE7D0F8EC3500927D
:10FFF00080781B690DF10E019847009AA2E7D0F8AE
:020000040802F0
:10000000EC3500928078DB680DF10E019847009A7C
:1000100098E7D0F8EC35009280789B680DF10E01DE
:100020009847009A8EE7D0F8EC35009280785B68AC
:100030000DF10E019847009A84E7D0F8E405CDE968
:1000400000320DF10E01836AA0789847009B43703F
:10005000019AC4F8F00575E7012384F81231C1E66E
:10006000022380F8123180F81011FEF773FA20464F
:10007000FFF7E4FDB6E608216DE7082168E700BF59
:10008000601F01206420012068200120D818012071
:1000900010B590F81231032B82B004460ED10B79C3
:1000A000012B0BD8D0F8E43501919B689847019A51
:1000B000D38873B92046FFF7C1FD0AE080212046AE
:1000C000FDF73AFF00212046FDF736FF2046FFF7F7
:1000D00079FD002002B010BD10B50B46B1F804C088
:1000E0005A78012A82B004465FFA8CF131D0032A93
:1000F0001BD0BAB990F81231022B2ED0032B3FD16E
:100100001CF0800F51D101EB810100EBC10191F88E
:100110007633003B18BF01232A49022220460B6098
:10012000FFF760FD002002B010BD90F81221022AF6
:1001300013D0032A24D15A8882B3D4F8E42519466F
:100140009368204698472046FFF778FD002002B0CC
:1001500010BD90F81221022A04D14B06E2D0FDF71F
:10016000EBFEDFE7032A0BD15A88002ADAD14A06D0
:10017000E9D00193FDF7FEFED4F8E4250199DFE70D
:1001800080212046FDF7D8FE00212046FDF7D4FE51
:100190002046FFF717FD002002B010BD4A06CCD064
:1001A0000193FDF7C9FE019BC7E70CF07F0C0CEB38
:1001B0008C0C00EBCC0C9CF81E31003B18BF0123CB
:1001C000AAE700BF6C200120B0F8CC350B80B0F856
:1001D000CE354B80B0F8D0358B80B0F8D235CB809F
:1001E0000122C0F8403180F81121704710B58021FC
:1001F0000446FDF7A1FE20460021FDF79DFE2046A6
:10020000BDE81040FFF7DEBC037843B300B585B00E
:1002100003460130CDE902120193E8F7F1FD013008
:10022000C0B20299039A019B013040004FF0030CC9
:100230001080087081F801C0187870B19C464FF0AA
:10024000000E02235A1CD2B2C85401F802E01CF876
:10025000010F0233DBB20028F4D105B000BD7047B6
:1002600010B5874C86B0206FE8F71CF882A3D3E95D
:100270000023E8F781F8E8F757FB9FED827A07EE55
:10028000900AF4EEC77AF1EE10FA00F1E6809FEDE5
:100290007E6AF4EEC67AF1EE10FA00F3DE80606F4B
:1002A000CDED017A8DED036A8DED027AE7F7FAFF65
:1002B00071A3D3E90023E8F75FF8E8F735FBDFED3A
:1002C000736A05EE900AF4EEE65AF1EE10FA00F1C8
:1002D000C480DFED6F6AF4EEE65AF1EE10FA00F337
:1002E000BC80DDED017A9DED027AF4EEC77AF1EE85
:1002F00010FA40F2B680B2EE045A87EE850A0490F6
:100300008DED025A11F044FDFDEEC06A9DED025ADA
:100310009DED036ADDED017ADDED045A16EE903AAB
:100320001BB206EE903AF8EEE66AF4EEC67A66EE96
:10033000856AF1EE10FAA8BF76EEC56AFDEEE66AB0
:1003400016EE903A1BB206EE903AF8EEE66A36EEFA
:10035000866A86EE057ABDEEC77A17EE103A1CB2B1
:10036000631C9FED4A7AF4EEC75AF1EE10FA7DD97C
:10037000F2EE044A85EEA40A0493CDED057ACDEDA4
:10038000036ACDED024ACDED015A11F001FDBDEE3B
:10039000C07A9FED3F6ADDED024ADDED015ADDEDE9
:1003A000036ADDED057A17EE103A1BB207EE103A3C
:1003B000B8EEC77AF4EEC65A27EE247AF1EE10FAB8
:1003C000A8BF37EE647A049BBDEEC77A17EE102AF9
:1003D00012B207EE102AB8EEC77A37EE065A85EE4B
:1003E000246ABDEEC66A16EE102A12B202F1010CA2
:1003F00035EEC77AF2EE045A87EE256A04EBC400A4
:1004000004EB800403EBC300224903EB8003A01834
:100410001A446444634401EB800001EB830301EB65
:10042000820277EEE67A01EB840187EEA55A90ED21
:10043000000AD2ED007AD3ED006A91ED007A76EEF3
:10044000E76A37EE407AE6EE267AA6EE070A77EEFE
:10045000C07AA5EE270A06B010BD9FED0F0A06B0C0
:1004600010BDF0EE476A012300247AE74FF0010C3B
:100470000022BDE7AFF3008048AFBC9AF2D77A3EC6
:10048000B02801200000B4C20000B442000034C310
:100490000000344344830308000000002DE9F04FBE
:1004A0002DED088B91B0F1F739F8AF4B0146D878B4
:1004B000C0F3C002000712D4AC480078052813D05E
:1004C0009446187A6CF345101872187A830606D58C
:1004D000DFF8E8C2DCF800006430884213D911B0BC
:1004E000BDEC088BBDE8F08FA14890F832C0BCF19C
:1004F000020FE5D990F831000428E1D993F806C03D
:10050000CCF3001CDDE79A48CCF80010D0ED227A3D
:10051000D0ED216A27EEA77AF7EE004AA6EEA67A7A
:10052000B1EEC76AB4EEE46AF1EE10FA00F1C480ED
:10053000DFF88CC29CF800C0BCF1010F79D08D4867
:100540008D4990ED007A91ED008ADFF86092DFF836
:1005500064828A4E8A4F8B4D8DED017A0092F0F7BE
:10056000DDFF39689FED886AD6ED007ADFED875AA6
:10057000009A401A07EE100AF8EE476A9DED017ADC
:1005800066EE666A37EE487AE6EEA57A9FED806AF7
:10059000B0EEC77AE7EE467AFFEE006AF4EEE67A4E
:1005A000F1EE10FA00F1C38098ED000AD9ED000ACF
:1005B00078492868029260EE006AB7EE007AE0EEB1
:1005C000A06A88600091F4EEC77AB1EEE66AF1EEB7
:1005D00010FAC8BFF0EE477AC1ED057ACDED017A89
:1005E000C1ED000A81ED010A81ED036A8DED036A18
:1005F00011F0FEF8DDED017A0099029A5A4BB6EE41
:10060000007AF4EEC77AF1EE10FA0ADBDFED627AD7
:100610009DED036AB4EEE76AF1EE10FACCBF012259
:100620000022187A81ED040A014662F3451119721D
:1006300055E7DFF890C190ED233A9CED007ADFF8A2
:1006400088C15648DCED003ADFF880C190ED006AC1
:100650009CED005A524865EE475A26EE064A27EEB0
:10066000067AA5EE054A90F800C0A3EE857AE3EE7F
:10067000865AF0EE002AB0EE645AA4EE625A37EEC3
:10068000076A75EEA55ABCF1000F40F0A180DFF8B3
:1006900028A1444A444B82ED005A82ED016AC2ED22
:1006A000025A0122C3ED006AC3ED017A83ED023ADA
:1006B000CAF80010027012E73C48DFED3D5A90ED99
:1006C000006A3C4C76EEC66A94ED007AA6EEA56A06
:1006D0008146A04677EEC77A80ED006A2748A7EEEC
:1006E000A57A0646D0ED007A84ED007A77EEA57AF9
:1006F000FFEE006AF4EEE67AF1EE10FA08D4F4EEBA
:10070000E47AF1EE10FAD4BFF0EE676AF0EE646AB4
:1007100018481C4D90ED007A1748C6ED006A80ED30
:10072000007A1748B0EE478A0746016014E798ED53
:10073000000AD9ED000A17492868019260EE007A94
:10074000C1ED056AE0EEA07A88600091C1ED000A73
:10075000B1EEE77A81ED010A81ED037A11F048F8F4
:10076000DDE90012004B5CE734FD002030FD002085
:10077000B0280120FC9000207C200120A020012036
:1007800080200120A42001206F12833ACDCC4C3D63
:100790000AD7A33CB02001209A99993EAC8F002043
:1007A000782001209420012088200120AC20012005
:1007B000CDCCCC3DA8200120842001207020012038
:1007C000A90E0120B88F0020B48F0020B08F002028
:1007D000D24CA246246804F57A7C8C457FF659AF4A
:1007E000CF48DFEDD00A90ED014AD0ED001A90ED30
:1007F000021A76EE443A75EE612A23EEA37A35EEBC
:10080000C12AA2EEA27AA2EE027AB4EEE07AF1EE6A
:1008100010FA22DCC4480090DFF82893C348DFF8C0
:100820002083C34EDFF814B3C24FC34D0190CAF802
:10083000001000999BED007A91ED008AB84981ED96
:10084000005A81ED016AC1ED025A0199C1ED006AB9
:10085000C1ED017A81ED023A7EE6B44BCDED057A29
:10086000D3ED018A93ED009AD3ED029A079237EE09
:10087000E80AB1EEC72AAC4A0193B04B0F919B46F0
:10088000009260EE000A36EEC97AF0EE607AE7EE8A
:10089000077AF0EE470A33EE697AD3ED00AA92EDBB
:1008A00000BACDED0E4AE7EE077A8DED0D1AB1EEE6
:1008B000E77A8DED0C4A87EE028ACDED022ACDED66
:1008C0000B1ACDED0A5A8DED096A8DED085ACDED62
:1008D000066A8DED043ACDED033A10F089FFDDEDA7
:1008E000020AB0EE40AA9DED030A10F081FF7AEEF5
:1008F000403AB0EE630ACDED033A11F0C7F88DED42
:10090000020A9DED030A11F081F8DDED0A5A9DED12
:100910000D1A9DED043A9DED096A9DED0C4A9DED81
:10092000085ADDED0B1ADDED020ADDED057ADDED8D
:10093000066A834B079ADDED0E4A0F9935EE811A50
:1009400039EE837A36EE044AA1EE487A984675EE7F
:10095000211A24EE001A20EEC44AA1EEA01AF0EEED
:10096000472AB0EE447AA1EE807A38EEA72A79EED3
:10097000263AA1EE482AE7EE483AF6EE001A22EEB1
:10098000214A22EEA17A63EEA13A64EE042AB1EE86
:10099000001AE3EEA32AE7EE072AF1EEE21AD3EDFE
:1009A000002A684B62EEA22A93ED002A9946E2EEF5
:1009B000022A614B93ED002AE2EE022A1D46B1EEB7
:1009C000E22A72EE012AF4EEE12AF1EE10FA09DCD5
:1009D0005D48574E90ED007A564F37EE247A80ED01
:1009E000007A24E70D918DED0B7A8DED0A4ACDED5D
:1009F000093A8DED083ACDED077ACDED055A8DED2A
:100A0000046A8DED035A0292CDED0C4AF0F786FD93
:100A1000484B474ADFED4D0A92ED002A9FED4C0A04
:100A20009DED035A9DED046ADDED055ADDED066A84
:100A30009DED083ADDED093A9DED0A4A9DED0B7AF0
:100A40000D991F461B68C01A07EE900AF8EE671A48
:100A5000DFED407A60EEE10AF0EE421AE0EEA71A0E
:100A60001646029ADDED077A3AEECB1AFFEE002A1F
:100A7000B0EEC11AE1EE401AF4EEE21AF1EE10FA0D
:100A800046D4DDED0C4AF4EEE41AF1EE10FAD8BFCC
:100A9000F0EE614AF7EE000A70EEE44ADFED2E1A3E
:100AA000DFED2B2A99ED001AE4EEA12AD5ED004ADC
:100AB000D8ED001A37EE647A34EE614AE7EE224A46
:100AC00073EEC13A9FED257AE4EE221AA3EEA21A44
:100AD00032EE077AB0EE644AFFEE004AB4EEE47AF2
:100AE000F1EE10FA89ED001AC8ED001A85ED004A02
:100AF00011D4B4EEE07AF1EE10FAC8BFB0EE607A2D
:100B0000009CDBF8000086ED007A396020608EE6FC
:100B1000F0EE624ABEE7B0EE647AF1E7842001208D
:100B2000942001200AD7233D7C2001208820012029
:100B3000A020012080200120A4200120FC90002082
:100B4000A8200120AC200120742001206F12833ADC
:100B50000AD7A33CCDCC4C3D0AD7A33DCDCCCC3D50
:100B60002DE9F041F0F716FC1C4F00F5FA6405E0A2
:100B7000F0F710FCA04271F100012BD2387802F09E
:100B800007F805460028F3D1F0F704FC2E4600F1E3
:100B900027044FF00108F0F7FDFBA04271F10001BE
:100BA000F9D3387801F0F4FF08FA06F32B439BB22F
:100BB0000136002818BF1D460A2E04F13404EAD17C
:100BC00040F201232B40B3F5007F03D1C5F34F0062
:100BD000BDE8F0814FF0FF30BDE8F081F720012043
:100BE0002DE9F047664E471E00F10109307802F00A
:100BF0000BF84FF0000840F2014A17F8015FF0F7D8
:100C0000C9FB4AEA8505ADB2E90700F13404307842
:100C10000ED501F0D3FF6D080ED0F0F7BBFBA0425C
:100C200071F10001F9D3E907307804F13404F0D40C
:100C30006D0801F0D1FFF0E73B7883EA080202F08B
:100C4000010202EB820102EB413080EA580080B2DF
:100C500080EA530202F0010202EB820102EB413111
:100C600081EA500189B281EA930202F0010202EBAB
:100C7000820002EB403080EA510080B280EAD30269
:100C800002F0010202EB820102EB413181EA5001E4
:100C900089B281EA131202F0010202EB820002EB38
:100CA000403080EA510080B280EA531202F0010223
:100CB00002EB820102EB413181EA500189B281EA03
:100CC000931202F0010202EB820002EB403282EA50
:100CD000510292B282EAD31303F0010303EB8301C2
:100CE00003EB413383EA52034F451FFA83F884D163
:100CF0004FEA880505F47F75F0F74CFB45F48065F5
:100D000045F00105EA0700F1340430780ED501F012
:100D100055FF6D080ED0F0F73DFBA04271F10001C8
:100D2000F9D3EA07307804F13404F0D46D0801F007
:100D300053FFF0E74FEA182840F20145F0F72AFB8D
:100D400045EA8805ADB2EB0700F1340430780ED5E2
:100D500001F034FF6D080ED0F0F71CFBA04271F1DA
:100D60000001F9D3EB07307804F13404F0D46D08B6
:100D700001F032FFF0E73078BDE8F04701F03ABF0C
:100D8000F720012070B582B00C888DF8040001A80E
:100D90000D468DF80540FFF723FF002C6BD06D68E2
:100DA00000262C4403E005F8011BAC4264D0FFF799
:100DB000D7FEC1B281EA060303F0010303EB83020D
:100DC00003EB423CC6F34E068CEA060C1FFA8CFC81
:100DD0008CEA510303F0010303EB830203EB42327D
:100DE00082EA5C0292B282EA910303F0010303EB10
:100DF000830603EB463C8CEA520C1FFA8CFC8CEA0F
:100E0000D10303F0010303EB830203EB423282EAD6
:100E10005C0292B282EA111303F0010303EB830632
:100E200003EB463C8CEA520C1FFA8CFC8CEA511303
:100E300003F0010303EB830203EB423282EA5C021C
:100E400092B282EA911303F0010303EB830603EBF2
:100E5000463383EA52039BB283EAD11202F00102C5
:100E600002EB820602EB4632013082EA53069AD147
:100E7000002002B070BD26460224FFF771FEC3B207
:100E800083EA060101F0010101EB810201EB423529
:100E9000C6F34E067540ADB285EA530202F0010278
:100EA00002EB820102EB413181EA550189B281EA0C
:100EB000930202F0010202EB820502EB453585EA5E
:100EC0005105ADB285EAD30202F0010202EB8201C4
:100ED00002EB413181EA550189B281EA131202F035
:100EE000010202EB820502EB453585EA5105ADB200
:100EF00085EA531202F0010202EB820102EB41315A
:100F000081EA550189B281EA931202F0010202EBF3
:100F1000820502EB453282EA510292B282EAD31391
:100F200003F0010303EB830103EB413383EA520334
:100F300001309EB29CD0012C0DD1FFF711FE431C55
:100F400096D0002E94D1C0B2A0F13000B0FA80F05B
:100F5000400902B070BD01248FE700BF2DE9F04FBA
:100F600003888A4F834685B0BBF80010387801911A
:100F7000FE225BBAADF80C20ADF80E3001F044FE55
:100F80004FF0000840F2014A0DF10C0919F8016B0D
:100F9000F0F700FA4AEA8605ADB205F0010300F168
:100FA00034046D0838787BB101F008FE7DB1F0F7AC
:100FB000F1F9A04271F10001F9D305F0010338788D
:100FC00034346D08002BEFD101F006FEEFE786EA1E
:100FD000080303F0010303EB830203EB423282EACE
:100FE000580292B282EA560303F0010303EB830135
:100FF00003EB413181EA520189B281EA960303F0A1
:10100000010303EB830203EB423282EA510292B204
:1010100082EAD60303F0010303EB830103EB4131C2
:1010200081EA520189B281EA161303F0010303EB4E
:10103000830203EB423282EA510292B282EA5613F1
:1010400003F0010303EB830103EB413181EA520119
:1010500089B281EA961303F0010303EB830203EBE9
:10106000423282EA510292B282EAD61303F00103BD
:1010700003EB830103EB413383EA52031FFA83F846
:1010800004AB994582D14FEA880505F47F75F0F7E6
:1010900081F945F4806545F00105EE0700F134045F
:1010A00038780ED501F08AFD6D080ED0F0F772F990
:1010B000A04271F10001F9D3EE07387804F134044D
:1010C000F0D46D0801F088FDF0E74FEA182840F2EF
:1010D0000146F0F75FF946EA8806B6B2F10700F17B
:1010E000340438780ED501F069FD76080ED0F0F79B
:1010F00051F9A04271F10001F9D3F107387804F1F8
:101100003404F0D4760801F067FDF0E7387801F098
:1011100071FD032401E0013C0AD0FFF721FD421CD0
:10112000F9D0C0B2FF2803D0002005B0BDE8F08F91
:101130003878DBF8044001F067FD019B002B00F0DC
:10114000D780A04603EB040A40F2014918F8015B7E
:10115000F0F720F949EA8505ADB2EB0700F1340458
:1011600038780ED501F02AFD6D0811D0F0F712F98C
:10117000A04271F10001F9D3EB07387804F134048F
:10118000F0D46D0801F028FDF0E700BFF720012042
:1011900018F8013C83EA060202F0010202EB820128
:1011A00002EB413080EA560080B280EA530202F03E
:1011B000010202EB820102EB413181EA500189B266
:1011C00081EA930202F0010202EB820002EB40305E
:1011D00080EA510080B280EAD30202F0010202EB01
:1011E000820102EB413181EA500189B281EA131296
:1011F00002F0010202EB820002EB403080EA510073
:1012000080B280EA531202F0010202EB820102EB8B
:10121000413181EA500189B281EA931202F0010260
:1012200002EB820002EB403282EA510292B282EA81
:10123000D31303F0010303EB830103EB413383EA90
:101240005203D0459EB281D1B30040F20142340A2C
:1012500003F47F7642EA84041643A4B2B6B2F0F7F0
:1012600099F8F10700F1340538780ED501F0A6FCA5
:1012700076080ED0F0F78EF8A84271F10001F9D38C
:10128000F107387805F13405F0D4760801F0A4FCB4
:10129000F0E7F0F77FF8E20700F1340538780ED573
:1012A00001F08CFC64080ED0F0F774F8A84271F1DC
:1012B0000001F9D3E207387805F13405F0D4640869
:1012C00001F08AFCF0E7387801F094FC292402E070
:1012D000013C3FF429AFFFF743FC431CF8D0C0B2F8
:1012E000A0F13000B0FA80F0400905B0BDE8F08F01
:1012F00040F201463446B2E72DE9F04F334D344E0B
:10130000002389B0834603600FCD02AC0FC495E87B
:10131000030044F8040B3078217001F075FC0DF1E6
:1013200007084746A24640F2014917F8014FF0F777
:1013300031F849EA8404A4B204F0010300F1340551
:10134000640830787BB101F039FC7CB1F0F722F809
:10135000A84271F10001F9D304F00103307834356B
:101360006408002BEFD101F037FCEFE7BA45DCD180
:10137000307801F03FFC0DF1FF34FFF7F1FB421C28
:1013800010D004F8010FA045F7D1FFF7E9FB431C8B
:1013900008D0C0B2302805D1BDF8002043F2347324
:1013A0009A4203D0002009B0BDE8F08F9DF80230CA
:1013B000312BF7D1BDF804309DF803208BF80220C3
:1013C0005BBAABF800300120EDE700BF705E0308A8
:1013D000F720012000B583B0FD2301A8ADF804304B
:1013E000FFF7FEFBFFF7BCFB421C07D1FFF7B8FB82
:1013F000431C08BF002001D103B000BDC0B2A0F162
:10140000C100B0FA80F0400903B000BD00B583B060
:10141000002301A8ADF80430FFF7E2FB03B000BDE4
:101420002DE9F04F43884FF6FF72934283B0074691
:1014300000F0E280744E5BBAFF223078ADF80420F1
:10144000ADF8063001F0E0FB4FF0000940F2014B2F
:101450000DF1040A1AF8018BEFF79CFF4BEA8804A0
:10146000A4B204F0010300F13405640830787BB1C4
:1014700001F0A4FB7CB1EFF78DFFA84271F10001F0
:10148000F9D304F00103307834356408002BEFD130
:1014900001F0A2FBEFE789EA080303F0010303EB85
:1014A000830203EB423282EA590292B282EA580383
:1014B00003F0010303EB830103EB413181EA5201A5
:1014C00089B281EA980303F0010303EB830203EB83
:1014D000423282EA510292B282EAD80303F0010357
:1014E00003EB830103EB413181EA520189B281EAC6
:1014F000181303F0010303EB830203EB423282EA89
:10150000510292B282EA581303F0010303EB830104
:1015100003EB413181EA520189B281EA981303F069
:10152000010303EB830203EB423282EA510292B2DF
:1015300082EAD81303F0010303EB830103EB413389
:1015400083EA52031FFA83F902AB9A4582D14FEA2C
:10155000890505F47F75EFF71DFF45F4806545F0BB
:101560000105E90700F1340430780ED501F026FBBF
:101570006D080ED0EFF70EFFA04271F10001F9D314
:10158000E907307804F13404F0D46D0801F024FB4D
:10159000F0E74FEA192940F20145EFF7FBFE45EA73
:1015A0008905ADB2EA0700F1340430780ED501F0B8
:1015B00005FB6D080ED0EFF7EDFEA04271F10001C2
:1015C000F9D3EA07307804F13404F0D46D0801F05F
:1015D00003FBF0E7307801F00DFB032401E0013C50
:1015E00006D0FFF7BDFA431CF9D0C0B2302803D0B3
:1015F000002003B0BDE8F08F3946072003B0BDE8F6
:10160000F04FFFF7BFBB00BFF72001202DE9F04FDF
:1016100043884FF6FF72934283B0074600F0E280A2
:10162000744E5BBAFF223078ADF80420ADF8063076
:1016300001F0EAFA4FF0000940F2014B0DF1040A03
:101640001AF8018BEFF7A6FE4BEA8804A4B204F067
:10165000010300F13405640830787BB101F0AEFA83
:101660007CB1EFF797FEA84271F10001F9D304F0C5
:101670000103307834356408002BEFD101F0ACFA67
:10168000EFE789EA080303F0010303EB830203EBAE
:10169000423282EA590292B282EA580303F001030D
:1016A00003EB830103EB413181EA520189B281EA04
:1016B000980303F0010303EB830203EB423282EA57
:1016C000510292B282EAD80303F0010303EB8301D3
:1016D00003EB413181EA520189B281EA181303F028
:1016E000010303EB830203EB423282EA510292B21E
:1016F00082EA581303F0010303EB830103EB41314A
:1017000081EA520189B281EA981303F0010303EBE5
:10171000830203EB423282EA510292B282EAD81388
:1017200003F0010303EB830103EB413383EA52032C
:101730001FFA83F902AB9A4582D14FEA890505F475
:101740007F75EFF727FE45F4806545F00105E90751
:1017500000F1340430780ED501F030FA6D080ED067
:10176000EFF718FEA04271F10001F9D3E9073078D4
:1017700004F13404F0D46D0801F02EFAF0E74FEADA
:10178000192940F20145EFF705FE45EA8905ADB29A
:10179000EA0700F1340430780ED501F00FFA6D0835
:1017A0000ED0EFF7F7FDA04271F10001F9D3EA077F
:1017B000307804F13404F0D46D0801F00DFAF0E74C
:1017C000307801F017FA032401E0013C06D0FFF75E
:1017D000C7F9431CF9D0C0B2302803D0002003B0B1
:1017E000BDE8F08F3946032003B0BDE8F04FFFF7A6
:1017F000C9BA00BFF72001202DE9F04F43884FF60A
:10180000FF72934283B0074600F0E280744E5BBAE9
:10181000FF223078ADF80420ADF8063001F0F4F97D
:101820004FF0000940F2014B0DF1040A1AF8018B48
:10183000EFF7B0FD4BEA8804A4B204F0010300F115
:101840003405640830787BB101F0B8F97CB1EFF76A
:10185000A1FDA84271F10001F9D304F00103307831
:1018600034356408002BEFD101F0B6F9EFE789EACF
:10187000080303F0010303EB830203EB423282EA25
:10188000590292B282EA580303F0010303EB830189
:1018900003EB413181EA520189B281EA980303F0F6
:1018A000010303EB830203EB423282EA510292B25C
:1018B00082EAD80303F0010303EB830103EB413118
:1018C00081EA520189B281EA181303F0010303EBA4
:1018D000830203EB423282EA510292B282EA581347
:1018E00003F0010303EB830103EB413181EA520171
:1018F00089B281EA981303F0010303EB830203EB3F
:10190000423282EA510292B282EAD81303F0010312
:1019100003EB830103EB413383EA52031FFA83F99C
:1019200002AB9A4582D14FEA890505F47F75EFF73E
:1019300031FD45F4806545F00105E90700F1340407
:1019400030780ED501F03AF96D080ED0EFF722FD90
:10195000A04271F10001F9D3E907307804F13404B1
:10196000F0D46D0801F038F9F0E74FEA192940F298
:101970000145EFF70FFD45EA8905ADB2EA0700F131
:10198000340430780ED501F019F96D080ED0EFF758
:1019900001FDA04271F10001F9D3EA07307804F1AA
:1019A0003404F0D46D0801F017F9F0E7307801F055
:1019B00021F9032401E0013C06D0FFF7D1F8431CD4
:1019C000F9D0C0B2302803D0002003B0BDE8F08FBA
:1019D0003946042003B0BDE8F04FFFF7D3B900BF8C
:1019E000F72001202DE9F04F43884FF6FF72934214
:1019F00083B000F0E380804F5BBAFF223878ADF807
:101A00000420ADF8063001F0FFF80DF1040B4FF0A3
:101A1000000840F2014AD94619F8016BEFF7BAFC09
:101A20004AEA8605ADB205F0010300F134046D0801
:101A300038787BB101F0C2F87DB1EFF7ABFCA04282
:101A400071F10001F9D305F00103387834346D08E1
:101A5000002BEFD101F0C0F8EFE786EA080303F0AE
:101A6000010303EB830203EB423282EA580292B293
:101A700082EA560303F0010303EB830103EB4131D8
:101A800081EA520189B281EA960303F0010303EB74
:101A9000830203EB423282EA510292B282EAD60317
:101AA00003F0010303EB830103EB413181EA5201AF
:101AB00089B281EA161303F0010303EB830203EBFF
:101AC000423282EA510292B282EA561303F00103D3
:101AD00003EB830103EB413181EA520189B281EAD0
:101AE000961303F0010303EB830203EB423282EA15
:101AF000510292B282EAD61303F0010303EB830191
:101B000003EB413383EA52031FFA83F802AB994592
:101B100082D14FEA880505F47F75EFF73BFC45F469
:101B2000806545F00105EE0700F1340438780ED5E4
:101B300001F044F86D080ED0EFF72CFCA04271F1D3
:101B40000001F9D3EE07387804F13404F0D46D08BD
:101B500001F042F8F0E74FEA182840F20145EFF7AC
:101B600019FC45EA8805ADB2E90700F1340438787C
:101B70000ED501F023F86D080ED0EFF70BFCA04254
:101B800071F10001F9D3E907387804F13404F0D495
:101B90006D0801F021F8F0E7387801F02BF8032404
:101BA00001E0013C06D0FEF7DBFF421CF9D0C0B2D9
:101BB000302805D0002003B0BDE8F08F0DF1040BF4
:101BC0004FF481735846ADF804301524FFF708F838
:101BD00001E0013C0CD0FEF7C3FF431CF9D0C0B2BA
:101BE000A0F13000B0FA80F0400903B0BDE8F08FFA
:101BF000204603B0BDE8F08FF72001202DE9F04F1B
:101C000043884FF6FF72934283B0074600F0E280AC
:101C1000814E5BBAFF223078ADF80420ADF8063073
:101C200000F0F2FF4FF0000940F2014B0DF1040A01
:101C30001AF8018BEFF7AEFB4BEA8804A4B204F06C
:101C4000010300F13405640830787BB100F0B6FF81
:101C50007CB1EFF79FFBA84271F10001F9D304F0CA
:101C60000103307834356408002BEFD100F0B4FF65
:101C7000EFE789EA080303F0010303EB830203EBB8
:101C8000423282EA590292B282EA580303F0010317
:101C900003EB830103EB413181EA520189B281EA0E
:101CA000980303F0010303EB830203EB423282EA61
:101CB000510292B282EAD80303F0010303EB8301DD
:101CC00003EB413181EA520189B281EA181303F032
:101CD000010303EB830203EB423282EA510292B228
:101CE00082EA581303F0010303EB830103EB413154
:101CF00081EA520189B281EA981303F0010303EBF0
:101D0000830203EB423282EA510292B282EAD81392
:101D100003F0010303EB830103EB413383EA520336
:101D20001FFA83F902AB9A4582D14FEA890505F47F
:101D30007F75EFF72FFB45F4806545F00105EB0754
:101D400000F1340430780ED500F038FF6D080ED065
:101D5000EFF720FBA04271F10001F9D3EB073078D7
:101D600004F13404F0D46D0800F036FFF0E74FEAD8
:101D7000192940F20145EFF70DFB45EA8905ADB29F
:101D8000E90700F1340430780ED500F017FF6D0834
:101D90000ED0EFF7FFFAA04271F10001F9D3E90785
:101DA000307804F13404F0D46D0800F015FFF0E74A
:101DB000307800F01FFF032401E0013C06D0FEF75D
:101DC000CFFE421CF9D0C0B2302803D0002003B0AF
:101DD000BDE8F08F3846FFF7C1F80028F6D040F292
:101DE000051301A8ADF8043040F2DD54FEF7F8FE0B
:101DF00001E0013C0CD0FEF7B3FE431CF9D0C0B2A9
:101E0000A0F13000B0FA80F0400903B0BDE8F08FD7
:101E1000204603B0BDE8F08FF72001202DE9F04FF8
:101E200043884FF6FF72934283B0074600F0E2808A
:101E3000814E5BBAFF223078ADF80420ADF8063051
:101E400000F0E2FE4FF0000940F2014B0DF1040AF0
:101E50001AF8018BEFF79EFA4BEA8804A4B204F05B
:101E6000010300F13405640830787BB100F0A6FE70
:101E70007CB1EFF78FFAA84271F10001F9D304F0B9
:101E80000103307834356408002BEFD100F0A4FE54
:101E9000EFE789EA080303F0010303EB830203EB96
:101EA000423282EA590292B282EA580303F00103F5
:101EB00003EB830103EB413181EA520189B281EAEC
:101EC000980303F0010303EB830203EB423282EA3F
:101ED000510292B282EAD80303F0010303EB8301BB
:101EE00003EB413181EA520189B281EA181303F010
:101EF000010303EB830203EB423282EA510292B206
:101F000082EA581303F0010303EB830103EB413131
:101F100081EA520189B281EA981303F0010303EBCD
:101F2000830203EB423282EA510292B282EAD81370
:101F300003F0010303EB830103EB413383EA520314
:101F40001FFA83F902AB9A4582D14FEA890505F45D
:101F50007F75EFF71FFA45F4806545F00105EB0743
:101F600000F1340430780ED500F028FE6D080ED054
:101F7000EFF710FAA04271F10001F9D3EB073078C6
:101F800004F13404F0D46D0800F026FEF0E74FEAC7
:101F9000192940F20145EFF7FDF945EA8905ADB28F
:101FA000E90700F1340430780ED500F007FE6D0823
:101FB0000ED0EFF7EFF9A04271F10001F9D3E90774
:101FC000307804F13404F0D46D0800F005FEF0E739
:101FD000307800F00FFE032401E0013C06D0FEF74C
:101FE000BFFD421CF9D0C0B2302803D0002003B09E
:101FF000BDE8F08F3846FEF7B1FF0028F6D040F27A
:10200000011301A8ADF804301524FEF7E9FD01E045
:10201000013C0CD0FEF7A4FD431CF9D0C0B2A0F1E6
:102020003000B0FA80F0400903B0BDE8F08F2046E0
:1020300003B0BDE8F08F00BFF72001202DE9F0418B
:10204000EFF7A8F9234D074600F1FA064FF0000814
:1020500005E0EFF79FF9864278EB010134D3287849
:1020600000F096FD04460028F3D105E0EFF792F961
:10207000864274EB010127D3287800F091FD804659
:102080000028F3D1EFF786F9134B144A1B68C01BE5
:10209000984210601CD807F5FA7705E0EFF77AF957
:1020A000874278EB01010FD3287800F071FD0446D8
:1020B0000028F3D1287800F073FD38B1EFF76AF902
:1020C000874274EB0101F5D24FF0FF30BDE8F0819B
:1020D0000120FBE7F7200120CC200120D0200120A7
:1020E0002DE9F047864E874D602382B02B60337810
:1020F000122B8046894621D0152B1FD0012B0CBFF7
:1021000002248C24FFF79AFF01301AD00A24FFF72B
:1021100095FF01300ED0013CF9D17B4B1A68930832
:1021200003EB52032B6001E0012811D1FFF786FF7A
:10213000411CF9D1002002B0BDE8F08744F62064CC
:1021400001E0013CF6D0FFF779FF0130F9D0DDE77F
:102150006E4D00242C702746FFF770FF421C00FADA
:1021600007F044EA000407F10107E4B2E2D0082FC7
:10217000F2D12B781B2C83EA04032B70DAD10027D1
:102180003C46FFF75BFF431C00FA04F040EA0700FF
:1021900004F10104C7B2CDD0082CF2D15C4B1A78FF
:1021A0002B78BA4283EA07032B70C3D10024274659
:1021B000FFF744FF411C00FA07F044EA000407F16E
:1021C0000107E4B200F09880082FF1D12B7863402A
:1021D0002B704FEA042A00273C46FFF72FFF421CD2
:1021E00000FA04F047EA000704F10104FFB2A1D0AD
:1021F000082CF2D12B784AEA07025F40531EB3F550
:10220000817F92462F7095D800273C46FFF716FF36
:10221000431C00FA04F047EA000704F10104FFB28E
:1022200088D0082CF2D12B780E2F83EA07032B706D
:1022300080D1002217460192FFF700FF019A00FAB1
:1022400007F31343441C07F10107DAB23FF472AFFE
:10225000082FF0D12B783178534091422B707FF4C6
:1022600069AF00263746FFF7E9FE00FA07F333436C
:10227000411C07F10107DEB23FF45CAF082FF2D139
:102280002B7873402B70002E7FF454AFBAF1020FFD
:102290001DDDAAF1020A344600231F460193FFF711
:1022A000CDFE019B421C00FA07F043EA000307F150
:1022B00001073FF43FAF082FF0D14C452978B8BF54
:1022C00008F804300134594054452970E4D1002401
:1022D000FFF7B4FE431C00FA04F046EA000604F1DE
:1022E000010404D0082CF3D12B785E402E7028789E
:1022F000B0FA80F040091EE76FF0FF0A6BE700BFFD
:10230000CA200120CC200120D0200120C92001209A
:10231000CB20012070B51B4A1B4E13784340044666
:10232000137008250EE000F049FC4020EFF770F82C
:10233000307800F051FC4020EFF76AF8013D4FEA99
:1023400054041DD0E3073078EDD400F037FC202092
:10235000EFF75EF8307800F03FFC2020EFF758F8F8
:10236000307800F02BFC2020EFF752F8307800F0A6
:1023700033FC2020EFF74CF8013D4FEA5404E1D143
:1023800070BD00BFC8200120F72001202DE9F041D9
:10239000324EB0F80080324F0546307800F034FC01
:1023A000FF20FFF7B7FFFF20FFF7B4FF7F200024D7
:1023B000FFF7B0FF1B203C70FFF7ACFF294B1878EC
:1023C0000130C0B208F10A081870FFF7A3FFC8F384
:1023D0000720FFF79FFF5FFA88F0FFF79BFF0E20B3
:1023E000FFF798FF204B1878FFF794FF2888000A22
:1023F000FFF790FF2878FFF78DFF2046FFF78AFF51
:102400002046FFF787FF2046FFF784FF2046FFF7AF
:1024100081FF2046FFF77EFF2046FFF77BFF204627
:10242000FFF778FF2B883BB16B68185DFFF772FFF1
:102430002B880134A342F7DC3878FFF76BFF307844
:1024400000F0BCFB2020EEF7E3FF307800F0D2FB79
:10245000BDE8F04105481021FFF742BEF7200120FA
:10246000C8200120CB200120CA200120D420012037
:10247000F8B51D4C1D4B20781D4E01251D7000F038
:10248000C3FBFF20FFF746FFFF20FFF743FF7F203E
:10249000FFF740FF00271B203770FFF73BFF154B6E
:1024A00018782844C0B21870FFF734FF3846FFF799
:1024B00031FF2846FFF72EFF0E20FFF72BFF28469F
:1024C000FFF728FF3078FFF725FF207800F076FB34
:1024D0002020EEF79DFF207800F08CFBBDE8F8404F
:1024E00005481021FFF7FCBDF7200120CA2001207C
:1024F000C8200120CB200120D42001202DE9F04F5D
:102500005A4D5B4FDFF87081DFF8709185B0012480
:10251000019028783C7000F077FBFF20FFF7FAFE6F
:10252000FF20FFF7F7FE7F20FFF7F4FE00261B20B9
:1025300088F80060FFF7EEFE99F800002044C0B272
:1025400089F80000FFF7E6FE3046FFF7E3FE20467D
:10255000FFF7E0FE0E20FFF7DDFE2046FFF7DAFE74
:1025600098F80000FFF7D6FE287800F027FB20201F
:10257000EEF74EFF287800F03DFB3E481021FFF7B4
:10258000AFFD002852D00DF10C0B28784FF01D0A3A
:1025900087F800A000F038FBFF20FFF7BBFEFF200C
:1025A000FFF7B8FE7F200024FFF7B4FE1B2088F859
:1025B0000040FFF7AFFE99F800000130C0B289F883
:1025C0000000FFF7A7FE2046FFF7A4FE0820FFF754
:1025D000A1FE0E20FFF79EFE5046FFF79BFE042053
:1025E000FFF798FE0420FFF795FE2046FFF792FEC6
:1025F0003020FFF78FFE2046FFF78CFEF0B2FFF78A
:1026000089FE2046FFF786FE98F80000FFF782FE5D
:10261000287800F0D3FA2020EEF7FAFE287800F0B0
:10262000E9FA14481021FFF75BFD10B905B0BDE8C9
:10263000F08F104B1A7801364AB95A78302A00D0F8
:102640002AB90C4B9A7812B9DA788BF80020032E4D
:102650000BF1010B99D1BDF80D3001999DF80C20BB
:102660008A705BBA0B8005B0BDE8F08FF7200120BF
:10267000CA200120D4200120C8200120CB20012025
:10268000F8B5264C264F2078264E12233B7000F0DA
:10269000BBFAFF20FFF73EFEFF20FFF73BFE7F2047
:1026A000FFF738FE00251B203570FFF733FE1E4B69
:1026B00018780130C0B21870FFF72CFE2846FFF7DB
:1026C00029FE0720FFF726FE0E20FFF723FE3878AD
:1026D000FFF720FE1420FFF71DFE2846FFF71AFE25
:1026E000AC20FFF717FE8820FFF714FE1320FFF73A
:1026F00011FE7620FFF70EFE3078FFF70BFE2078F4
:1027000000F05CFA2020EEF783FE207800F072FAE9
:10271000BDE8F84005481021FFF7E2BCF720012092
:10272000CA200120C8200120CB200120D420012074
:1027300042882DE9F8434FF6FF739A42044600F0B1
:1027400093804C4DDFF83C8128784B4E4B4F06234D
:1027500088F8003000F058FAFF20FFF7DBFDFF207B
:10276000FFF7D8FD7F20FFF7D5FD4FF000091B20B4
:1027700086F80090FFF7CEFD38780130C0B238708F
:10278000FFF7C8FD4846FFF7C5FD0520FFF7C2FD6E
:102790000E20FFF7BFFD0620FFF7BCFD4846FFF700
:1027A000B9FD4846FFF7B6FD6088000AFFF7B2FDA5
:1027B000A078FFF7AFFD3078FFF7ACFD287800F088
:1027C000FDF92020EEF724FE287800F013FA2C48BB
:1027D0001021FFF785FC002844D01423287888F8BE
:1027E000003000F011FAFF20FFF794FDFF20FFF703
:1027F00091FD7F20FFF78EFD4FF000091B2086F82A
:102800000090FFF787FD38780130C0B23870FFF7CD
:1028100081FD4846FFF77EFD0420FFF77BFD0E207B
:10282000FFF778FD98F80000FFF774FD2088000A94
:10283000FFF770FD2078FFF76DFDA020FFF76AFD20
:102840003078FFF767FD287800F0B8F92020EEF720
:10285000DFFD287800F0CEF921886068BDE8F843F4
:10286000FFF73EBCBDE8F883DFF81880014D024E4B
:10287000024FB2E7F7200120C8200120CB20012021
:10288000D4200120CA20012042882DE9F8434FF6C8
:10289000FF739A42044600F093804C4DDFF83C8170
:1028A00028784B4E4B4F062388F8003000F0ACF9E7
:1028B000FF20FFF72FFDFF20FFF72CFD7F20FFF704
:1028C00029FD4FF000091B2086F80090FFF722FD3C
:1028D00038780130C0B23870FFF71CFD4846FFF76A
:1028E00019FD0520FFF716FD0E20FFF713FD06204A
:1028F000FFF710FD4846FFF70DFD4846FFF70AFDBC
:102900006088000AFFF706FDA078FFF703FD307826
:10291000FFF700FD287800F051F92020EEF778FD50
:10292000287800F067F92C481021FFF7D9FB002820
:1029300044D01623287888F8003000F065F9FF208D
:10294000FFF7E8FCFF20FFF7E5FC7F20FFF7E2FC44
:102950004FF000091B2086F80090FFF7DBFC387869
:102960000130C0B23870FFF7D5FC4846FFF7D2FC03
:102970000420FFF7CFFC0E20FFF7CCFC98F80000F6
:10298000FFF7C8FC2088000AFFF7C4FC2078FFF797
:10299000C1FCA020FFF7BEFC3078FFF7BBFC287815
:1029A00000F00CF92020EEF733FD287800F022F932
:1029B00021886068BDE8F843FFF792BBBDE8F88363
:1029C000DFF81880014D024E024FB2E7F7200120D8
:1029D000C8200120CB200120D4200120CA200120C2
:1029E00070B542884FF6FF739A4282B0044656D0C3
:1029F0002C4E2D4B307801930621197000F004F90C
:102A0000FF20FFF787FCFF20FFF784FC7F20FFF704
:102A100081FC264A00251B201570FFF77BFCDFF8A0
:102A200094C09CF800000130C0B28CF80000FFF7A1
:102A300071FC2846FFF76EFC0520FFF76BFC0E20AB
:102A4000FFF768FC0620FFF765FC2846FFF762FCED
:102A50002846FFF75FFC6088000AFFF75BFCA07860
:102A6000FFF758FC114A1078FFF754FC307800F05B
:102A7000A5F82020EEF7CCFC307800F0BBF80C482D
:102A80001021FFF72DFB019B38B1132220461A704D
:102A900002B0BDE87040FFF779BC02B070BD024BD8
:102AA000F3E700BFF7200120CA200120C820012041
:102AB000D4200120CB20012070B542884FF6FF734F
:102AC0009A4282B0044656D02C4E2D4B307801935A
:102AD0000621197000F098F8FF20FFF71BFCFF207B
:102AE000FFF718FC7F20FFF715FC264A00251B2066
:102AF0001570FFF70FFCDFF894C09CF80000013060
:102B0000C0B28CF80000FFF705FC2846FFF702FC76
:102B10000520FFF7FFFB0E20FFF7FCFB0620FFF769
:102B2000F9FB2846FFF7F6FB2846FFF7F3FB608822
:102B3000000AFFF7EFFBA078FFF7ECFB114A1078D3
:102B4000FFF7E8FB307800F039F82020EEF760FC62
:102B5000307800F04FF80C481021FFF7C1FA019BC4
:102B600038B1152220461A7002B0BDE87040FFF758
:102B70000DBC02B070BD024BF3E700BFF72001208F
:102B8000CA200120C8200120D4200120CB20012010
:102B9000024B342202FB0030FAF75AB8D8800308FF
:102BA00008B5054B342202FB0030FAF751F8B0FAB1
:102BB00080F0400908BD00BFD88003083422054BCF
:102BC00002FB00F01A5C02B970470430012118447E
:102BD000FAF742B8D48003083422054B02FB00F018
:102BE0001A5C02B97047043000211844FAF734B86F
:102BF000D4800308034B3422012102FB0030FAF792
:102C000039B800BFD4800308034B3422002102FBF3
:102C10000030FAF72FB800BFD480030870B51C4EFF
:102C2000054603242846FFF769FC38B92846FEF715
:102C300063FBA0B9013CF5D1204670BD3388002B61
:102C4000F4D02988124A03E032F8023F002BEDD07D
:102C50009942F9D103230F4A1370012070BD0E4A27
:102C6000298813881BB906E032F8023F1BB199424C
:102C7000FAD10123EFE7064A138823B9DAE732F8DD
:102C8000023F002BD6D09942F9D10223E3E700BFDF
:102C90001C020020ED2001200C02002010B54FF492
:102CA000FA612A20EEF7AAFC154C04E0EEF7FCFCD2
:102CB00040B9E9F7F9FE2078F3F7E4FC03462A204F
:102CC000002BF3D02A20EEF7EFFC10B10D4B0122C0
:102CD0001A702078F3F7D6FC60B903460A490B4A0C
:102CE0000C886340C3F3072432F8142082EA0323DC
:102CF0000B8010BD2078F3F7FBFC0302EEE700BF6A
:102D0000EC200120F4200120EA200120885E030845
:102D100000B585B0A0F1300CADF80A100392BCF1FB
:102D20000F0F3BD8DFE80CF084AD5B6970743A3D5F
:102D3000359D1C083A1C08967D4AADF808303B3892
:102D4000127818BF012040EA42000238052825D831
:102D5000DFE810F09D0024009D00B600C200BC001A
:102D60001378734A002B08BF4FF480731278ADF8C4
:102D700008303A3818BF012040EA420002380528DE
:102D80000CD8DFE810F0B9000B00AF00CB00C50095
:102D9000BF00674B1B78032B00F08A80022005B030
:102DA00000BD644B64480021198011780078884286
:102DB00074D9DFF890C1019218468CF80010FFF723
:102DC0002DFF5C4B019A002800F0B0805848007835
:102DD000D8701B681360069B042119600AE0574BEA
:102DE00003CB1B781372069B10604FF0090C5160E7
:102DF000C3F800C0002005B000BD4FF492611180FF
:102E0000069A02231360F5E74D4B01221A70F1E791
:102E1000494B12781B78934240D9454B49491B785E
:102E20000A70013B012B48D9424B00221A80E1E78E
:102E3000404B1A88002ADDD03D4A1278022A2FD949
:102E4000032A04D1FFF714FB3A4B0028D2D1002209
:102E50001A8021E013785A1E022A65D8344A13706A
:102E6000C8E7334B1B78012B98D106990B60137878
:102E700002A85B02ADF80A30FEF7B4FD0028B9D114
:102E80000AE06A211170069A01231360B2E702A8D2
:102E9000FEF7C4FF0028ADD10F2080E708207EE7B1
:102EA000002AD4D0FEF796FA224B0028CFD0A1E713
:102EB000FFF7E6FB00289DD1EEE7FEF7A7FAB3E7A0
:102EC00002A8FEF79BFE002894D1E5E702A8FFF7D1
:102ED000F3FD00288ED1DFE702A8FFF781FD00286F
:102EE00088D1D9E702A8FEF79BFA0028D4D0069A29
:102EF000BDF8083013607DE702A8FEF787FB0028C5
:102F0000F5D1C9E702A8FFF7BFFC0028EFD1C3E75E
:102F100002A8FFF70DFC0028E9D1BDE702A8FEF7E3
:102F20006BFC0028E3D1B7E7092038E71880B3E746
:102F3000ED200120F0200120F82001201865030871
:102F4000F5200120F72001202DE9F04F424B434EA0
:102F5000CBB083461870F2F791FEF2F707FE3368A4
:102F60009BB13F4D4FF0000834275FFA88F407FB10
:102F700004F401212819F9F77DFE2B5D002B56D1B1
:102F8000336808F101084345EFD8DFF8E480354F96
:102F900000234FF47A612A2088F800303B70EEF766
:102FA0002DFB98F800301BBB2F4D0CE04FF47A61DD
:102FB0002A20EEF723FB2C80FFF770FE2F2859D034
:102FC00098F80030A3B93C7894B9E9F76DFD5846FC
:102FD000F3F758FB0028E9D12A20EEF765FB00281B
:102FE000EED04FF001033B7098F80030002BEAD090
:102FF000336883B11A4D00274FF03408FCB208FB48
:1030000004F400212819F9F735FE2B5DD3B9336894
:1030100001379F42F2D341F28830EEF785FA134B25
:1030200000221A70E6F74AFD4BB0BDE8F08F201D74
:1030300001212844F9F710FE336808F101084345DF
:1030400093D8A2E7201D00212844F9F705FE336834
:1030500001379F42D2D3DEE7EC200120040000209C
:10306000D4800308F4200120EA200120F820012068
:10307000F52001202046F2F793FDFFF70FFE0390A5
:10308000FFF70CFE0446FFF709FE40EA04239BB25B
:103090000293FFF703FE031E08BF4FF480730AACD0
:1030A00004EB030904949A46FFF7F8FD04F8010BBA
:1030B000A145F9D1049CCDF814A0FFF7EFFDFFF76F
:1030C000EDFD002209922A88059B002A00F0E58187
:1030D0004FF440720323CDE9042300238DF82830F8
:1030E0004FF480720123CDE906239A46B54BDFF8F1
:1030F000D892187800222E21A9F8002001F012F8A9
:10310000B9F8002082F4385210B20028C0F2FE82D2
:10311000520011B20029C0F2F082520010B2002811
:10312000C0F2E482520011B20029C0F2D8825200EB
:1031300010B20028C0F2CC82520011B20029C0F2B5
:10314000C082520010B20028C0F2B482520011B204
:1031500000299C4BBABF41F2210282EA410252008F
:1031600018789DF90C10A9F8002000F0DBFFB9F8E1
:103170000020039B82EA032210B20028C0F293824F
:10318000520011B20029C0F28782520010B200280A
:10319000C0F27B82520011B20029C0F26F8252004D
:1031A00010B20028C0F26382520011B20029C0F2AE
:1031B0005782520010B20028C0F24B82520011B266
:1031C000804B00291878029BBABF41F2210282EAA3
:1031D0004102520043F30721A9F8002000F0A2FFAA
:1031E000029BB9F8001023F0FF024A4010B20028F9
:1031F000C0F22882520011B20029C0F21C82520093
:1032000010B20028C0F21082520011B20029C0F2A0
:103210000482520010B20028C0F2F881520011B2AC
:103220000029C0F2EC81520010B20028C0F2E08107
:10323000520011B20029634BBABF41F2210282EA67
:103240004102520018789DF90810A9F8002000F0FA
:1032500069FFB9F80020029B82EA032210B200281D
:10326000C0F2BF81520011B20029C0F2B3815200F6
:1032700010B20028C0F2A781520011B20029C0F29A
:103280009B81520010B20028C0F28F81520011B20F
:103290000029C0F28381520010B20028C0F2778169
:1032A000520011B20029474BBABF41F2210282EA13
:1032B0004102520018780799A9F8002000F032FF67
:1032C000B9F80020069B5A4010B20028C0F258817D
:1032D000520011B20029C0F24C81520010B20028F5
:1032E000C0F24081520011B20029C0F23481520074
:1032F00010B20028C0F22881520011B20029C0F299
:103300001C81520010B20028C0F21081520011B28C
:103310000029B6BF41F22102520082EA4102BAF10D
:10332000000FA9F800203CDD0AAB5344029341F2A0
:10333000210ACDF80CB014F801BB224B4FFA8BF1E7
:10334000187800F0EFFEB9F8002082EA0B2213B2E1
:10335000002BC0F29680520013B2002BC0F298806E
:10336000520013B2002BC0F28780520013B2002B20
:103370007DDB520013B2002B74DB520013B2002B22
:103380006BDB520013B2002B62DB520013B2002B36
:1033900055DB029B5200A342A9F80020CBD1DDF8F7
:1033A0000CB0084B0599187800F0BCFEB9F8002065
:1033B000049B5A4011B20029C0F2B18051000AB2F8
:1033C00004E000BFEC200120E8200120002AC0F228
:1033D0009F80490008B20028C0F2938049000AB2D9
:1033E000002AC0F28780490008B200287BDB490030
:1033F0000AB2002A70DB490008B2002865DB4900E8
:103400000AB2002AC04BB6BF41F22101490081EA4D
:1034100042011C461878A9F8001041F3072100F07A
:1034200081FE99F90010207800F07CFE4FF47A615B
:103430002A20EEF7E3F80020F2F7C4FBC0E58AEAA1
:103440004303A9F80030029BA3427FF474AFA6E7C0
:103450008AEA43031BB21A4699E78AEA43031BB27E
:103460001A4690E78AEA43031BB21A4687E78AEABC
:1034700043031BB21A467EE78AEA43031BB21A468D
:1034800075E78AEA43031BB2002B1A46BFF668AF02
:103490008AEA43031BB21A4664E709AA0092DDE9EF
:1034A00002100AAAFFF734FCDDF824A043B205930A
:1034B00003020493BAF1000F3FF40FAE4FFA8AF300
:1034C00007934FEA0A23069310E641F2210282EAAB
:1034D000400212B2114694E741F2210080EA420014
:1034E00000B2014689E741F2210282EA400212B2AB
:1034F00011467EE741F2210080EA420000B2014617
:1035000073E741F2210282EA400212B2114667E7F4
:1035100041F2210080EA420000B201465BE741F23D
:10352000210282EA410212B211464FE741F2210123
:1035300081EA400109B20A46EAE641F2210080EA46
:10354000410000B20246DEE641F2210181EA40017B
:1035500009B20A46D2E641F2210080EA410000B2F7
:103560000246C6E641F2210181EA400109B20A465B
:10357000BAE641F2210080EA410000B20246AEE61E
:1035800041F2210181EA400109B20A46A2E641F274
:10359000210181EA400109B20A4683E641F2210095
:1035A00080EA410000B2024677E641F2210181EA59
:1035B000400109B20A466BE641F2210080EA41006F
:1035C00000B202465FE641F2210181EA400109B200
:1035D0000A4653E641F2210080EA410000B2024669
:1035E00047E641F2210181EA400109B20A463BE681
:1035F00041F2210181EA400109B20A461AE641F28C
:10360000210080EA410000B202460EE641F22101AB
:1036100081EA400109B20A4602E641F2210080EA4D
:10362000410000B20246F6E541F2210181EA400183
:1036300009B20A46EAE541F2210080EA410000B2FF
:103640000246DEE541F2210181EA400109B20A4663
:10365000D2E541F2210181EA400109B20A46AFE513
:1036600041F2210080EA410000B20246A3E541F2A6
:10367000210181EA400109B20A4697E541F22100A1
:1036800080EA410000B202468BE541F2210181EA65
:10369000400109B20A467FE541F2210080EA41007B
:1036A00000B2024673E541F2210181EA400109B20C
:1036B0000A4667E541F2210181EA400109B20A4662
:1036C00046E541F2210080EA410000B202463AE5B7
:1036D00041F2210181EA400109B20A462EE541F298
:1036E000210080EA410000B2024622E541F22101B8
:1036F00081EA400109B20A4616E541F2210080EA5A
:10370000410000B202460AE5EC20012041F221010D
:1037100081EA400109B20A46FCE400BF10B5044644
:10372000F2F7B0FF08B9002010BD2046F2F7E0FF25
:103730001C4ADFF878C0137883EA000111709CF806
:1037400000100629EFD8DFE801F00C12181E23291B
:103750000400181A0022B0FA80F08CF8002040090A
:1037600010BD2428DFD101238CF80030DBE74D2881
:10377000D9D102238CF80030D5E73C28D3D10323DC
:103780008CF80030CFE7042310708CF80030CAE7C3
:10379000054A062310708CF80030C4E706238CF825
:1037A0000030C0E7E4200120E6200120E5200120D0
:1037B0002DE9F8434FF4FA6104462A20EDF71EFF85
:1037C000C34EE9F771F92046FFF7A8FF38B92A2060
:1037D000EDF76AFF0028F4D00020BDE8F8834FF42D
:1037E000FA612A20EDF70AFF0220F2F7D9F93378BF
:1037F000242B7ED8002B78D0013B232B75D8DFE813
:1038000013F01D02FA01CF01A4016F0174007400CE
:103810007400740074007400740074007400740008
:1038200074007400740074007400740074007400F8
:1038300074007400740074007400740074007400E8
:103840007400740074007400440124212046F3F7CE
:1038500003F8A04F4D2120460025F2F7FDFF3E2141
:103860002046F2F7F9FF122120463D5500F05AFCA0
:103870007221204600F056FC40F2DC51204600F058
:1038800055FC4FF47A71204600F050FC4FF4FA6179
:10389000204600F04BFC4FF47A71204600F046FCC5
:1038A0004FF47A71204600F041FC2946204600F092
:1038B00039FC2946204600F035FC2946204600F018
:1038C00031FC2946204600F02DFC2946204600F018
:1038D00029FC2946204600F025FC2946204600F018
:1038E00025FC3957204600F01DFC0220F2F76AF94A
:1038F0006DE77C2B00F2C381642BF6D9653B172B57
:10390000F3D801A252F823F0253A0208EB38020856
:10391000EB380208A9390208EB380208EB38020834
:10392000EB380208EB380208EB380208EB380208E3
:10393000EB380208EB380208EB3802084B38020873
:10394000EB380208EB380208EB380208EB380208C3
:10395000EB380208EB380208EB380208EB380208B3
:10396000EB3802086939020820462421F2F774FF77
:10397000584F20464D21F2F76FFF002520463E218B
:10398000F2F76AFF20463D55062100F0CBFB2046AA
:103990007C2100F0C7FB2946204600F0C7FB2946E2
:1039A000204600F0C3FB98E724212046F2F754FF9D
:1039B0004D212046F2F750FF3E212046F2F74CFF02
:1039C000444B454FDFF8148100251D55102120463A
:1039D000994600F0A7FB6821204600F0A3FB0CE00D
:1039E000D7ED007AFDEEE77A013517EE903A19B27D
:1039F00000F09CFB082D0CD00437D8F80030AB4207
:103A000020464FF00001EBD8013500F08FFB082D68
:103A1000F2D119F90410204600F084FB0220F2F7DD
:103A2000D1F8D4E624212046F2F716FF294F4D2184
:103A300020460025F2F710FF3E212046F2F70CFF4A
:103A40000F2120463D5500F06DFB6521204600F01A
:103A500069FB4FF4FA71204600F068FB29462046C6
:103A600000F064FB2946204600F060FB2946204612
:103A700000F06CFB2946204600F054FB2946204606
:103A800000F054FB4FF4FA7128E720462421F2F7A6
:103A9000E3FE104D20464D21F2F7DEFE00272046C2
:103AA0003E21F2F7D9FE20462F55042100F03AFBC3
:103AB0002046242100F036FB3946204600F046FB24
:103AC0002046295700F02EFB0220F2F77BF87EE615
:103AD000E6200120B0C300205C8600200400002006
:103AE00024212046F2F7B8FE4D212046F2F7B4FE1D
:103AF0003E212046F2F7B0FE784A002313551A21E2
:103B00002046914600F00EFB0521204600F00AFBFE
:103B10007349204600F078FA7249204600F074FAA2
:103B20007149204600F070FA7049204600F06CFAA6
:103B300003252021204600F0F5FA013DF9D119F9BD
:103B40000410204600F0EEFA68E720462421F2F740
:103B500083FE624F20464D21F2F77EFE002520466F
:103B60003E21F2F779FE20463D55062100F0DAFAB3
:103B70002046042100F0D6FA20465D4900F044FAC0
:103B80002946204600F0CEFA2946204600F0CAFA1F
:103B90002046395700F0C6FA0220F2F713F816E66D
:103BA00024212046F2F758FE4D212046F2F754FE1C
:103BB0004A4D3E212046F2F74FFE00232B550321AC
:103BC000204600F0AFFA0321204600F0ABFA0121B5
:103BD000204600F0A7FA0E21204600F0A3FA0121AA
:103BE000204600F09FFA2046295700F09BFA022059
:103BF000F1F7E8FFEBE520462421F2F72DFE204601
:103C00004D21F2F729FE354D20463E21F2F724FEE4
:103C100000232B552046042100F084FA204602217F
:103C200000F080FA2046334900F0EEF9204629578B
:103C300000F078FA0220F1F7C5FFC8E524212046FC
:103C4000F2F70AFE254D4D212046F2F705FE00272A
:103C50003E212046F2F700FE032120462F5500F0BA
:103C600061FA0121204600F05DFA3946204600F055
:103C700059FA0121204600F055FA1921B0E7F52B39
:103C80007FF433AE20462421F2F7E6FD20464D2195
:103C9000F2F7E2FD114D20463E21F2F7DDFD002353
:103CA0002B552046012100F03DFA20466FF00A0115
:103CB00000F038FA104B204693F9001000F032FA69
:103CC0002957204600F02EFA0220F1F77BFF2A2028
:103CD000EDF7EAFC0020BDE8F88300BFB0C3002088
:103CE00034650308406503084C6503085065030804
:103CF0002C65030824650308F82001202DE9F04114
:103D000042F2107104462A20EDF778FC0020F1F70A
:103D100047FFEDF703FC05460BE02046F2F7B2FC47
:103D200060B9E8F7C1FEEDF7F9FB401BB0F57A7F0B
:103D300060D22A20EDF7B8FC0028EED02046F2F73A
:103D4000A1FC002844D02F4D2F4A2968012313706D
:103D500059B100232D4E3427184607FB0362013367
:103D6000D269DBB28B421060F7D33220EDF7DCFB77
:103D7000274A2B6813702046FFF71AFD2046FFF7ED
:103D8000E3F82B6893B1214E4FF0000834275FFA17
:103D900088F407FB04F400213019F8F76BFF335D5A
:103DA000EBB92B6808F101084345F0D841F288309F
:103DB000EDF7BAFB164B00241C70E5F77FFE124BA3
:103DC00002201C70F4F7BAFEBDE8F041F1F756BFCF
:103DD0000320F4F7B3FEBDE8F041F1F74FBF201D1B
:103DE00000213044F8F738FF2B6808F101084345FB
:103DF000CDD8DBE702210846F4F780FEEDF78EFB15
:103E0000054696E704000020F6200120D480030830
:103E1000F820012018B1084B084AC3F8FC2F72B6ED
:103E2000BFF34F8F0649074BCA6802F4E0621343A1
:103E3000CB60BFF34F8FFEE700F00120EFBEADDE99
:103E400000ED00E00400FA0500B57F2083B00DF01E
:103E5000F5FA30B1012001900DF00AFB019803B092
:103E600000BD7E200DF0EAFA08B10220F3E77D20C4
:103E70000DF0E4FA28B97C200DF0E0FA18B1042026
:103E8000E9E70320E7E77B200DF0D8FA50B97A2064
:103E90000DF0D4FA40B979200DF0D0FA002818BFFF
:103EA0000720D8E70520D6E70620D4E74848494A46
:103EB000D0F8883043F4700384B0C0F888301368B9
:103EC000002143F00103136091601368A0F1BC204E
:103ED00023F0847323F48033F03813605060136848
:103EE00023F480231360D16001910291136843F49D
:103EF0008033136003E0019BB3F5A06F09D0136812
:103F000003F400330293019B01330193029B002BC6
:103F1000F1D0304B1B6813F4003318BF0123029318
:103F2000029B012B1ED02B482B4A036B2B4943F0DD
:103F300004030363136823F070531360136843F0A2
:103F4000A05300201360536983F4C043536103906E
:103F5000039B8B42F7DC039B01330393039B8B4250
:103F6000F9DDF0E71B4B1E491A6C1E4842F08052E7
:103F70001A640A6842F480420A609A689A609A68F1
:103F800042F400429A609A6842F4A0529A605860E3
:103F90001A6842F080721A601A689201FCD5124ABF
:103FA00040F202611160996821F0030199609968FB
:103FB00041F00201A2F580629960936803F00C035E
:103FC000082BFAD1024B4FF000629A6004B07047A0
:103FD00000ED00E000380240000802403F0D030001
:103FE0000070004008304004003C024000B583B03F
:103FF0000D210190F2F730FC01980A2103B05DF821
:1040000004EBF2F729BC00BF38B50C46097839B18A
:1040100005462846F2F720FC14F8011F0029F8D1C4
:1040200038BD00BF38B50C469F2C4FEA11118CBF2C
:104030005731303104F00F040546F2F70DFC092C1E
:1040400006D904F157012846BDE83840F2F704BC10
:1040500004F130012846BDE83840F2F7FDBB00BF4F
:10406000F8B50C46B4F1204F4FEA21464FEA1167EC
:104070004FEA11712CBF5731303107F00F07054659
:10408000F2F7EAFB092F8CBF07F1570107F1300166
:104090002846F2F7E1FBC6F303110929F6B28CBFFB
:1040A0005731303106F00F062846F2F7D5FB092EBE
:1040B0008CBF06F1570106F130012846F2F7CCFB20
:1040C000C4F303310929C4F307268CBF57313031BB
:1040D00006F00F062846F2F7BFFB092E8CBF06F14B
:1040E000570106F130012846F2F7B6FBC4F303117D
:1040F0000929E4B28CBF57313031284604F00F044F
:10410000F2F7AAFB092C06D904F157012846BDE8AD
:10411000F840F2F7A1BB04F130012846BDE8F840B1
:10412000F2F79ABBC9B2F2F797BB00BF10B582B0E5
:104130000C46C9B20190F2F78FFB0198C4F3072136
:1041400002B0BDE81040F2F787BB00BF38B50546A6
:104150000C46C9B2F2F780FBC4F307212846F2F7F8
:104160007BFBC4F3074128462414F2F775FBC4F324
:1041700007212846BDE83840F2F76EBB2DE9F04331
:104180001F460B1E87B00546164659DBDFF8C0C038
:104190000024ACFB03121846D308C3EB43110DEB0C
:1041A000040EC3EB810100F13002A046A14602EBF0
:1041B0004102013409288EF8082064B2E9DCB442D7
:1041C00001DC002E2CDCB31EA3EB09094FFA89F9A0
:1041D000B9F1000F0ADB09F1FF39302128464FFA07
:1041E00089F9F2F739FBB9F1FF3FF4D10DF1090379
:1041F0009844013C18F8011D284664B2F2F72CFBE4
:10420000A64205D0002CF4DC9FB907B0BDE8F083CE
:10421000002E4FF02E012846F6DDF2F71DFBE8E7F1
:1042200028463021F2F718FB2E212846F2F714FB1E
:10423000C9E73946284607B0BDE8F043F2F70CBBA2
:104240002D210193F2F708FB019B5B429EE700BF23
:10425000CDCCCCCC10B51B2982B00B46044603D87C
:104260000B4ACA40D20706D41946204602B0BDE820
:104270001040F2F7F1BA01911B21F2F7EDFA019B20
:104280002046194602B0BDE81040F2F7E5BA00BF7B
:104290001200000870B5CBB21B2B82B00C4605464D
:1042A0000EB203D8284ADA40D20747D41946284626
:1042B000F2F7D2FAC6F307231B2B4FEA262603D8C0
:1042C000214AF240D10732D4C4F3074619462846A2
:1042D000F2F7C2FA1B2E4FEA244403D81A4BF340DC
:1042E000DA071FD431462846C4F30726F2F7B4FA9A
:1042F0001B2E4FEA242403D8134BE340DB0706D4DC
:104300003146284602B0BDE87040F2F7A5BA28460B
:104310001B21F2F7A1FA3146284602B0BDE87040F1
:10432000F2F79ABA1B212846F2F796FADAE71B2130
:1043300028460193F2F790FA019BC5E71B210193F0
:10434000F2F78AFA019BB1E7120000082DE9F04F5D
:10435000FF21054683B0DFF898A1DFF89881614F0F
:10436000F2F77AFA002401212846F2F775FA402183
:1043700028460AF80540F2F76FFA15212846F2F7A9
:104380006BFA21462846F2F767FAD8F80C1028464F
:10439000FFF780FFD8F810102846FFF77BFF46464E
:1043A00008F10C0956F8044BE3B21B2B0FFA84FBFF
:1043B00009D827FA03F2D20705D51B212846019315
:1043C000F2F74AFA019B19462846F2F745FACBF371
:1043D00007231B2B4FEA2B2B0AD827FA0BFB1BF0CA
:1043E000010F05D01B2128460193F2F735FA019BF6
:1043F000C4F3074B19462846F2F72EFABBF11B0F00
:104400004FEA244407D827FA0BF3D80703D51B211A
:104410002846F2F721FA59462846C4F3072BF2F74B
:104420001BFABBF11B0F4FEA242407D827FA04F428
:10443000E10703D51B212846F2F70EFA5946284614
:10444000F2F70AFAB145ADD198ED057AFFEE007AA0
:10445000B4EEE77AF1EE10FA41D4F7EE007AB4EE5A
:10446000E77ADFED216AF1EE10FAD8BFF0EE477A75
:1044700067EEA67AFCEEE77ACDED017A9DF804406E
:104480001B2C03D8174BE340DA0723D421462846D8
:10449000F2F7E2F91AF805401B2C03D8114BE34060
:1044A000DB0712D421462846F2F7D6F92846042124
:1044B000F2F7D2F928460D21F2F7CEF90A21284663
:1044C00003B0BDE8F04FF2F7C7B91B212846F2F759
:1044D000C3F9E7E71B212846F2F7BEF9D6E7DFED7F
:1044E000037AC7E71200000800007F4300007FC383
:1044F000B0C30020B020012070B5FF2182B0044677
:104500003A4EF2F7A9F9002501212046F2F7A4F965
:1045100035553B212046F2F79FF90E212046F2F750
:104520009BF929462046F2F797F9314BD3ED007AF3
:10453000FDEEE77ACDED017A9DF80430BDF9045027
:104540001B2B03D82B4ADA40D10747D41946204603
:10455000F2F782F9C5F307231B2B4FEA252503D871
:10456000244AEA40D20732D4234D19462046F2F7B6
:1045700073F9D5F8AC1F2046FFF78CFED5F8B01FB5
:104580002046FFF787FED5F8B41F2046FFF782FECE
:10459000355D1B2D03D8174BEB40DB0712D42946A2
:1045A0002046F2F759F920460421F2F755F9204642
:1045B0000D21F2F751F90A21204602B0BDE8704002
:1045C000F2F74AB91B212046F2F746F9E7E71B212B
:1045D00020460193F2F740F9019BC5E71B212046D5
:1045E0000193F2F739F9019BB0E700BFB0C3002097
:1045F00020A10020120000087891002070B582B040
:104600008DED010A019B5E4AC3F3C751FF290446A1
:1046100002EA1342C3F3160E4BD059B90192F2F7D6
:104620001BF9019A130A1946204602B0BDE87040F2
:10463000F2F712B9A1F1700CBCF11E0F58DCBCF1FD
:10464000000F64DD4FEA5E3EDE044EF4806576D4F2
:10465000C5F30903134343EA8C2C5FFA8CF21B2A3F
:104660005FFA8CF60FFA8CF507D8464BD340D90782
:1046700003D51B212046F2F7EFF831462046F2F72A
:10468000EBF8C5F307231B2B4FEA252CCBD83D4A6B
:1046900022FA0CF2D207C6D520461B210193F2F76D
:1046A000DBF8019B2046194602B0BDE87040F2F7E6
:1046B000D3B8130A0193BEF1000F0CD00021F2F71A
:1046C000CBF8019B43F07E031946204602B0BDE8BB
:1046D0007040F2F7C1B87146F2F7BEF8019B43F0A3
:1046E0007C031946204602B0BDE87040F2F7B4B82A
:1046F00000210192F2F7B0F8019A130A43F07C030B
:104700001946204602B0BDE87040F2F7A5B81CF18A
:104710000A0F22DBCCF10E014EF4000E4FF0FF33F6
:10472000CCF10D008B402EFA01FC01212EEA03038F
:1047300081408B421BD817D042EA0C0C8DE70EF05B
:10474000010EC3F30B035EEA030E81D06B1CB3F5BD
:10475000006F0FD0C3F309037CE700210192F2F749
:104760007BF8019A130A5EE71CF0010FE4D00CF10C
:10477000010CE1E78E29A1F16F0CB9D0002369E7A4
:104780000080FFFF1200000810B5FF210446F2F779
:1047900063F801212046F2F75FF8024B00221A5518
:1047A00010BD00BFB0C3002010B5114B1B5C1B2B0C
:1047B00082B0044603D80F4ADA40D20712D4194611
:1047C0002046F2F749F820460421F2F745F8204642
:1047D0000D21F2F741F80A21204602B0BDE8104051
:1047E000F2F73AB81B210193F2F736F8019BE6E79E
:1047F000B0C3002012000008F8B5254B254E044632
:104800000D46FF211D700027F2F726F801212046F2
:10481000F2F722F8462120463755F2F71DF81B2102
:104820002046F2F719F801212046F2F715F839462B
:104830002046F2F711F81B2D03D8174BEB40DA078F
:1048400021D429462046F2F707F8355D1B2D03D801
:10485000114BEB40DB0711D429462046F1F7FCFF52
:1048600020460421F1F7F8FF20460D21F1F7F4FF6F
:1048700020460A21BDE8F840F1F7EEBF1B21204693
:10488000F1F7EAFFE8E71B212046F1F7E5FFD8E75B
:1048900030FD0020B0C30020120000082DE9F041D7
:1048A00004460D46264EFF2190460027F1F7D4FF1F
:1048B00001212046F1F7D0FF332120463755F1F78B
:1048C000CBFF02212046F1F7C7FF39462046F1F71A
:1048D000C3FF1B2D03D81B4BEB40DA072AD4294614
:1048E0002046F1F7B9FFB8F1000118BF0121494294
:1048F000C9B22046F1F7B0FF355D1B2D03D8114A30
:10490000EA40D30711D429462046F1F7A5FF2046F7
:104910000421F1F7A1FF20460D21F1F79DFF20466C
:104920000A21BDE8F041F1F797BF1B212046F1F7BE
:1049300093FFE8E71B212046F1F78EFFCFE700BF8A
:10494000B0C30020120000082DE9F04F8A4A8B4BBB
:1049500011681E682DED048B044685B0002900F017
:104960000881874A9FED878A0023F2EC017A0133A0
:104970008B4238EE278AF8D1DFF81482824B98F800
:104980000050D3ED008A1B2D04D8804BEB40D90793
:1049900000F1EA8029462046F1F75EFFD8F80030A2
:1049A000002B00F0DC8007EE906AF8EE677AB7EE35
:1049B000007A87EE279ADFF8DC91744F002628EE04
:1049C000888A59F8045B5FFA85FBBBF11B0F0FFA6D
:1049D00085FA07D827FA0BF3DA0703D51B212046FF
:1049E000F1F73AFF59462046CAF3072BF1F734FF97
:1049F000BBF11B0F4FEA2A2A08D827FA0AFA1AF045
:104A0000010F03D01B212046F1F726FFC5F3074A0B
:104A100059462046F1F720FFBAF11B0F4FEA254512
:104A200007D827FA0AF3DB0703D51B212046F1F745
:104A300013FF51462046C5F3072AF1F70DFFBAF1DF
:104A40001B0F4FEA252507D827FA05F5ED0703D5F3
:104A50001B212046F1F700FF51462046F1F7FCFEEE
:104A6000D8F800300136B342ABD8002B77D0DFF84E
:104A700010B1DFF818910027FFEE008A4DE0B7EE85
:104A8000007AF4EEC77AF1EE10FAD4BF17EE90AACE
:104A900017EE10AA5FFA8AF2CAF30745CAF3072392
:104AA0001B2A02934FEA1A66019509D829FA02F1E6
:104AB000C80705D51B2120460392F1F7CDFE039AC6
:104AC00011462046F1F7C8FECAF307231B2B3BD93A
:104AD00002992046F1F7C0FE1B2D07D829FA05F5EB
:104AE000EA0703D51B212046F1F7B6FE01992046BF
:104AF000F1F7B2FE1B2E07D829FA06F3DB0703D520
:104B00001B212046F1F7A8FE31462046F1F7A4FE0E
:104B1000D8F800300137BB4221D9FBEC017A77EE9F
:104B2000C87A67EE897AF4EEE87AF1EE10FAA6D543
:104B300000212046F1F790FE00212046F1F78CFE7F
:104B40008023BF260193D1E7CAF3072329FA03F391
:104B5000D907BDD51B212046F1F77EFEB8E705B089
:104B6000BDEC048BBDE8F08F1B212046F1F774FEED
:104B700010E79FED048AFFE60400002084860020F1
:104B8000888600200000000008860020120000082F
:104B9000000000200C860020F8B5394A394B116816
:104BA0001D682DED048B0646002965D0364A9FED21
:104BB000378A0023F2EC017A01338B4238EE278AE0
:104BC000F8D1334F334B3C78D3ED008A1B2C03D8FC
:104BD000314BE340DB074AD421463046F1F73CFE37
:104BE0003B68002B40D007EE905AF8EE677AB7EE9C
:104BF000007AC7EE279A294D002428EE888AB5EC62
:104C0000010A3046FFF7FAFC3B680134A342F6D8AC
:104C100053B31D4D0024BFEE009AF7EE008A0FE05B
:104C2000F4EEE87AF1EE10FAD4BFB0EE670AB0EE17
:104C3000680AFFF7E3FC3B6801349C4214D2043558
:104C4000D5ED007A77EEC87A304667EEA97ABFEEE6
:104C5000000AF4EEC97AF1EE10FAE1D5FFF7CEFCC6
:104C60003B680134A342EAD8BDEC048BF8BD1B219C
:104C70003046F1F7F1FDAFE79FED048AA1E700BFF1
:104C800004000020848600208886002000000000A8
:104C90000000002008860020120000080C8600207A
:104CA0002DE9F04F2DED028B474B484F1968484EC8
:104CB000DFF834A1DFF834919FED468ADFF83081C8
:104CC00083B00546FFF7E6FA434B28461968FFF71D
:104CD000E1FA424B28461968FFF7DCFA404B2846B8
:104CE0001968FFF7D7FAB468E2B21B2A0FFA84FBFF
:104CF00009D828FA02F1CB0705D51B2128460192D5
:104D0000F1F7AAFD019A11462846F1F7A5FDCBF36C
:104D100007221B2A4FEA2B2309D828FA03F3D807C6
:104D200005D51B2128460192F1F796FD019A1146FF
:104D30002846F1F791FDC4F307431B2B4FEA2444A7
:104D400009D828FA03F2D10705D51B21284601937B
:104D5000F1F782FD019B19462846F1F77DFDC4F36A
:104D600007231B2B4FEA242409D828FA04F4E2076E
:104D700005D51B2128460193F1F76EFD019B1946CD
:104D80002846F1F769FD57F8041B2846FFF782FA19
:104D9000FAEC017A67EE887A284617EE901AFFF748
:104DA00079FAF16A2846FFF775FA59F8041B284684
:104DB000FFF770FA0B4BBB4206F52E7693D103B08A
:104DC000BDEC028BBDE8F08FB88F0020D8FC00202E
:104DD00078BB00207CD6D03DB48F0020B08F00205F
:104DE000AC8F0020E4FC0020FCFC0020F0FC002044
:104DF000120000082DE9F843224B234E93ED000AE0
:104E0000224DDFF8A080224F2DED028B0446FFF7E4
:104E1000F5FB204B9FED208A93ED000A2046FFF71B
:104E2000EDFB1E4B204693ED000AFFF7E7FB1C4B02
:104E3000204693ED000AFFF7E1FB06F10C0995ED22
:104E4000020A2046FFF7DAFBB6EC010A2046FFF71C
:104E5000D5FBB8EC010A204620EE080AFFF7CEFB8E
:104E600095ED0B0A2046FFF7C9FBB7EC010A204677
:104E7000FFF7C4FB4E4505F52E75E0D1BDEC028B66
:104E8000BDE8F883B88F0020D8FC002078BB002054
:104E9000F0FC0020B48F00207CD6D03DB08F0020E5
:104EA000AC8F0020FCFC00202DE9F043FF210446DC
:104EB00083B0F1F7D1FCDFF89C9301212046F1F794
:104EC000CBFC002309F804300D212046F1F7C4FC87
:104ED000C64B1D68AD00763505F0FE012046ADB22B
:104EE000F1F7BAFC2A0AB5F5E05F164604D2C04BCA
:104EF000D340DD0700F1DE8131462046F1F7ACFCFE
:104F0000DFF85483BA4F002518F80530DEB21B2BAA
:104F100027FA06F207D812F0010F4FF01B012046C6
:104F200001D0F1F799FC314620460135F1F794FCA8
:104F30000C2DE9D1AF4B1D781B2D04D8AC4BEB40A9
:104F4000D80700F1B28129462046F1F785FCAA4B2B
:104F5000204693ED000AFFF751FBA84B204693ED46
:104F6000000AFFF74BFBA64BD3ED007AF5EEC07AB3
:104F7000F1EE10FA00F1A9819FEDA27AF4EEC77A62
:104F8000F1EE10FA00F39B81FDEEE77ACDED017AA8
:104F90009DF80460BDF904501B2E07D8944BF340D4
:104FA000D90703D51B212046F1F756FC3146204690
:104FB000C5F30726F1F750FC1B2E4FEA252507D82D
:104FC0008B4BEB40DA0703D51B212046F1F744FC5D
:104FD00031462046F1F740FC8B4BB3F90060002EC0
:104FE000C0F27C811D781B2D07D8814BEB40DB077D
:104FF00003D51B212046F1F72FFC29462046F1F767
:105000002BFCB6F5E05F4FEA2622C6F3072507DA48
:10501000774BD340DF0703D51B212046F1F71CFC5B
:1050200029462046F1F718FC784B204693ED000AFC
:10503000FFF7E4FA2046FFF7DDFE754B204693EDBF
:10504000000AFFF7DBFA734B204693ED000AFFF7E7
:10505000D5FA714BD3F89832204600EE103AFFF79C
:10506000CDFA6E4B204693ED000AFFF7C7FA6C4B62
:10507000204693ED000AFFF7C1FA6A4B204693EDF4
:10508000000AFFF7BBFA684B204693ED000AFFF7D2
:10509000B5FA664B204693ED000AFFF7AFFA644B72
:1050A000204693ED000AFFF7A9FA624B204693EDE4
:1050B000000AFFF7A3FA604BD3ED007AF5EEC07A51
:1050C000F1EE10FA00F10781B7EE000AF4EEC07AB3
:1050D000F1EE10FAD8BFB0EE670A584D2046FFF740
:1050E0008DFA95ED040A2046FFF788FAE968544DD9
:1050F0002046FFF7CFF8D5E90401E3F715FC014698
:105100002046FFF7C7F8D5E90601E3F70DFC014695
:105110002046FFF7BFF8D5E90801E3F705FC014693
:105120002046FFF7B7F8D5E90A01E3F7FDFB014692
:105130002046FFF7AFF8434B93ED000AE5F796FDE5
:105140002046FFF75BFA404B204693ED000AFFF73D
:1051500055FA00212046F1F77FFB00212046F1F7A8
:105160007BFB3A4B204693ED000AFFF747FA384B9A
:105170001D781B2D07D81E4BEB40DE0703D51B21E6
:105180002046F1F769FB29462046F1F765FB2046EA
:10519000FFF702FDECF7C2F9C6B21B2E054607D891
:1051A000134BF340D80703D51B212046F1F754FBDE
:1051B00031462046C5F30726F1F74EFB1B2E07D8D4
:1051C0000B4BF340D90703D51B212046F1F744FBD5
:1051D00031462046C5F30745F1F73EFB1B2D41D86C
:1051E000034BEB40DA073DD538E000BF000000205C
:1051F0001200000830FD002074AE00206CAE0020CC
:1052000068AE00200000FA4650AE0020A8B800208A
:10521000ACFF0020FC900020B0010120A42601205A
:10522000C4FF0020503D0120C4B80020A000002091
:10523000A4000020C0B800206C8F0020D0FF002008
:1052400000910020583D0120BC00002070B80020D3
:105250003FB80020B0C3002034FD00201B212046B1
:10526000F1F7FAFA29462046F1F7F6FA19F8045050
:105270001B2D07D81C4BEB40DB0703D51B21204619
:10528000F1F7EAFA29462046F1F7E6FA204604212A
:10529000F1F7E2FA20460D21F1F7DEFA0A21204665
:1052A00003B0BDE8F043F1F7D7BA1B212046F1F770
:1052B000D3FA48E61B212046F1F7CEFA1CE600217E
:1052C0002046F1F7C9FA7D2682E600212046F1F753
:1052D000C3FA00267CE69FED050AFEE6FF21204684
:1052E000F1F7BAFA7F259BE61200000800000000E3
:1052F00070B5FF21044682B0F1F7AEFA4D4E0121A0
:105300002046F1F7A9FA0023335510212046F1F782
:10531000A3FA494B1D68ED005535E9B22046ADB200
:10532000F1F79AFA290AB5F5E05F0A4603D2434B32
:10533000CB40D90777D411462046F1F78DFA404B80
:1053400020461968FEF7A6FF2046FFF7A9FC3D4B53
:105350001D781B2D03D8394BEB40DB075ED4294663
:105360002046F1F779FA2046FFF7EEFAECF7D6F887
:10537000C3B21B2B054603D8304ADA40D00746D4C7
:1053800019462046F1F768FAC5F307231B2B03D80B
:105390002A4ADA40D10733D419462046C5F30745D7
:1053A000F1F75AFA1B2D03D8244BEB40DA0722D42D
:1053B00029462046F1F750FA355D1B2D03D81F4BC7
:1053C000EB40DB0712D429462046F1F745FA204688
:1053D0000421F1F741FA20460D21F1F73DFA0A21A7
:1053E000204602B0BDE87040F1F736BA1B212046D6
:1053F000F1F732FAE7E71B212046F1F72DFAD7E75C
:105400001B2120460193F1F727FA019BC4E71B21DA
:1054100020460193F1F720FA019BB1E71B212046BA
:10542000F1F71AFA9BE71B2120460192F1F714FAD3
:10543000019A80E7B0C3002000000020120000089D
:10544000A8B80020F5000020F0B5FF21044683B085
:10545000CF4FF1F701FA002501212046F1F7FCF9C1
:105460003D550E212046F1F7F7F956212046F1F778
:10547000F3F929462046F1F7EFF9C64B1D781B2DAD
:1054800004D8C54BEB40D90700F1BD812946204621
:10549000F1F7E2F9C14B1D781B2D04D8BE4BEB4050
:1054A000DA0700F1AB812946BD4D2046F1F7D4F96A
:1054B00095F831601B2E04D8B74BF340DB0700F1A1
:1054C000988131462046F1F7C7F995F832601B2ED6
:1054D00004D8B14BF340D80700F18681314620460D
:1054E000F1F7BAF9AF4B1E781B2E04D8AA4BF34044
:1054F000D90700F1748131462046F1F7ADF9DFEDAF
:10550000AA7A95ED1F7AB4EEE77AF1EE10FA00F17F
:105510002581DFEDA67AB4EEE77AF1EE10FAD4BF7A
:1055200017EE101A17EE901A2046FEF7B3FEDFEDC5
:105530009E7A95ED207AB4EEE77AF1EE10FA00F15A
:105540000A81DFED9A7AB4EEE77AF1EE10FAD4BF71
:1055500017EE101A17EE901A2046FEF79BFEDFEDAD
:10556000927A95ED267AB4EEE77AF1EE10FA00F130
:10557000EF80DFED8E7AB4EEE77AF1EE10FAD4BF69
:1055800017EE101A17EE901A2046FEF783FEDFED95
:10559000867A95ED277AB4EEE77AF1EE10FA00F10B
:1055A000D480DFED827AB4EEE77AF1EE10FAD4BF60
:1055B00017EE101A17EE901A7D4E2046FEF76AFE7F
:1055C000D6F8CC1F2046FEF765FED6F8D41F20463D
:1055D000FEF760FED5F890102046FEF75BFE95EDD5
:1055E000250AE5F743FB204610EE101AFEF752FE9F
:1055F000A96C2046FEF74EFED5F8D0102046FEF7E7
:1056000049FED5F8E8102046FEF744FED6F81815F6
:105610002046FEF73FFED6F8481A2046FEF73AFE2F
:10562000644BDE69EBF77AFF361AF3B21B2B04D812
:10563000594ADA40D20700F1CB8019462046F1F7EB
:105640000BF9C6F307231B2B04D8534ADA40D007C3
:1056500000F1968019462046C6F30746F1F7FCF89C
:105660001B2E04D84C4BF340D90700F184803146FF
:105670002046F1F7F1F8D5F828112046FEF70AFE8A
:10568000296A2046FEF706FE95F82C611B2E03D8EA
:10569000414BF340DA0769D431462046464EF1F7D4
:1056A000DBF800212046F1F7D7F8D6F8AC122046F7
:1056B000FEF7F0FDD6F864152046FEF7EBFDD6F8B0
:1056C0007C152046FEF7E6FD95F83230022B04D912
:1056D00095F83130032B00F29B80384B93ED000A94
:1056E000DFED377AB4EEE70AF1EE10FA2BD4DFEDF6
:1056F000357A9FED357AB4EEE70AF1EE10FAD8BFAD
:10570000F0EE407A67EE877A17EE901A2046FEF7A1
:10571000C1FD3D5D1B2D03D81F4BEB40DB0720D4A3
:1057200029462046F1F798F820460421F1F794F82D
:1057300020460D21F1F790F80A21204603B0BDE87C
:10574000F040F1F789B82149E0E74FF0424133E7F3
:105750004FF0424118E74FF04241FDE64FF0424121
:10576000E2E61B212046F1F777F8D9E71B21204616
:10577000F1F772F890E71B212046F1F76DF876E714
:105780001B2120460193F1F767F8019B62E700BFF8
:10579000B0C300203FB80020120000083EB800202F
:1057A000B02801203DAC0020000000C200000042F3
:1057B00078910020B0AE002078BB00205C3D012035
:1057C000000034C30000344335FA8E3CDB0F49C07F
:1057D0001B2120460193F1F73FF8019B2DE71B2188
:1057E0002046F1F739F886E61B212046F1F734F818
:1057F00074E61B212046F1F72FF862E61B212046B4
:10580000F1F72AF84FE61B212046F1F725F83DE68F
:10581000064D2B78002B7FF460AFFAF721FD044A88
:10582000012382ED000A2B705AE700BFFB20012004
:105830005C3D01202DE9F04FFF21044683B0F1F7D4
:105840000BF801212046F1F707F8CA4BDFF84C832B
:10585000C94F00251D553E212046F0F7FDFF772159
:105860002046F0F7F9FF29462046F0F7F5FF18F833
:105870000530DEB21B2B27FA06F207D812F0010F13
:105880004FF01B01204601D0F0F7E6FF31462046DD
:105890000135F0F7E1FF0C2DE9D1B84F2046D7F8DC
:1058A0007C12FEF7F7FCB64B1D781B2D04D8B24BCB
:1058B000EB40DE0700F13B8229462046F0F7CCFFA3
:1058C000B04B1B781D1E18BF0125002B40F0348201
:1058D00029462046F0F7C0FFDFF8C492DFF898822F
:1058E000002606F19E0307EB830320469968FEF726
:1058F000D1FC06F1A20307EB830320465968FEF7AB
:10590000C9FC06F1960307EB83032046D968FEF72E
:10591000C1FC06F19A0307EB830320469968FEF762
:10592000B9FCF9EC017AFDEEE77ACDED017A9DF84C
:1059300004A0BDF90450BAF11B0F28FA0AF307D8E6
:1059400013F0010F4FF01B01204601D0F0F784FF48
:1059500051462046C5F3072AF0F77EFF2D12BAF113
:105960001B0F28FA05F507D815F0010F4FF01B01A2
:10597000204601D0F0F770FF51462046F0F76CFF4B
:1059800006F1940307EB83032046D3F80310013696
:10599000FEF780FC032EA4D17B4B93ED007AF7EE4B
:1059A000006AC6EE877AFDEEE77ACDED017A9DF8C2
:1059B0000460BDF904501B2E04D86F4BF340D80788
:1059C00000F1B08131462046C5F30726F0F744FFC9
:1059D0001B2E4FEA252504D8674BEB40D90700F171
:1059E0009C8131462046F0F737FF684BD3ED007AB3
:1059F000FDEEE77ACDED017A9DF80460BDF9045023
:105A00001B2E04D85C4BF340DA0700F1818131464C
:105A10002046C5F30726F0F71FFF1B2E4FEA25256A
:105A200004D8554BEB40DB0700F16D813146204631
:105A3000F0F712FF564BD3ED007AFDEEE77ACDED8D
:105A4000017A9DF80460BDF904501B2E04D84A4B1E
:105A5000F340DF0700F1528131462046C5F30726A7
:105A6000F0F7FAFE1B2E4FEA252504D8424BEB40F7
:105A7000DD0700F13E8131462046F0F7EDFE454B53
:105A8000D3ED007AFDEEE77ACDED017A9DF8046062
:105A9000BDF904501B2E04D8374BF340D80700F152
:105AA000238131462046C5F30726F0F7D5FE1B2E8D
:105AB0004FEA252504D8304BEB40D90700F10F8180
:105AC00031462046F0F7C8FE334BD3ED007AFDEEA9
:105AD000E77ACDED017A9DF80460BDF904501B2EE4
:105AE00004D8254BF340DA0700F1F4803146204614
:105AF000C5F30726F0F7B0FE1B2E4FEA252504D884
:105B00001D4BEB40DB0700F1E08031462046F0F70B
:105B1000A3FEDFF89090184F002301934E464FF0FC
:105B20000008002516F835B036F935A0BBF11B0F7B
:105B300027FA0BF107D811F0010F20464FF01B0197
:105B400001D0F0F789FE59462046CAF3072BF0F73B
:105B500083FE4FEA2A23BBF11B0F27FA03F323D856
:105B600013F0010F4FF01B0120461DD0F0F774FE1B
:105B70001AE000BFB0C3002012000008B0010120ED
:105B80008D7A03088C7A03082CFD00204000002049
:105B90003C000020380000203400002034FD0020AC
:105BA000443D01206C2A012059462046F0F754FE5E
:105BB0006B1C022B4FF00105B4D108EB0503022B3F
:105BC00006F10406A846ACD1019B01950133022BD6
:105BD00009F10209A2D15B4B20461988FEF75AFB56
:105BE000594B1D781B2D03D8584BEB40DF0767D46A
:105BF00029462046F0F730FE554B1D781B2D03D863
:105C0000524BEB40DE0756D429462046F0F724FEDF
:105C1000504B1D781B2D03D84C4BEB40D80745D477
:105C200029462046F0F718FE4B4B1D781B2D03D854
:105C3000464BEB40D90734D429462046F0F70CFEFA
:105C4000464B1D781B2D03D8404BEB40DA0723D47D
:105C500029462046F0F700FE414B1D5D1B2D03D861
:105C60003A4BEB40DB0712D429462046F0F7F4FD0F
:105C700020460421F0F7F0FD20460D21F0F7ECFD61
:105C80000A21204603B0BDE8F04FF0F7E5BD1B2127
:105C90002046F0F7E1FDE7E71B212046F0F7DCFDA9
:105CA000D6E71B212046F0F7D7FDC5E71B2120468C
:105CB000F0F7D2FDB4E71B212046F0F7CDFDA3E7B6
:105CC0001B212046F0F7C8FD92E71B212046F0F784
:105CD000C3FD1AE71B212046F0F7BEFD06E71B2196
:105CE0002046F0F7B9FDEBE61B212046F0F7B4FDA6
:105CF000D7E61B212046F0F7AFFDBCE61B2120466E
:105D0000F0F7AAFDA8E61B212046F0F7A5FD8DE6D9
:105D10001B212046F0F7A0FD79E61B212046F0F775
:105D20009BFD5EE61B212046F0F796FD4AE61B210F
:105D30002046F0F791FDBFE51B212046F0F78CFDD2
:105D4000C6E500BF6A2A0120D4FC0020120000082A
:105D5000673D0120663D0120653D0120643D012035
:105D6000B0C300202DE9F04F2DED028B044683B027
:105D7000FF21F0F771FDDFF89CA2DFF89C82012182
:105D80002046F0F769FD00230AF80430162120466A
:105D9000F0F762FD98F8005006356D00EEB2042E63
:105DA00000F0248131462046F0F756FD2B0A012BE6
:105DB0001D4600F0168129462046F0F74DFD8E4B1A
:105DC000D3E90053B5F5004F73F1000328BF47F640
:105DD000FF752EB2EDB21B2D04D8884BEB40DF07C8
:105DE00000F1FA8029462046F0F736FDB6F5E05F6F
:105DF0004FEA2622C6F3072504DA804BD340D807A2
:105E000000F1E58029462046F0F726FD98F800507D
:105E10001B2D04D8794BEB40D90700F1D3802946DC
:105E20002046F0F719FD764B1D781B2D04D8734BD7
:105E3000EB40DA0700F1C18029462046714D9FED05
:105E4000728ADFED728ADFF8B4B1F0F705FD05F173
:105E50001007F5EC017AB7EE007A77EE877A67EEF5
:105E6000887AF5EEC07AF1EE10FA59D4F4EEE87AB9
:105E7000F1EE10FA5ADDFF212046F0F7EDFCFF2687
:105E800031462046F0F7E8FCAF42E2D198F8003006
:105E9000002B70D05E4FDFF86491012616E0B5F557
:105EA000803F1DDBFF212046F0F7D6FC4FF0FF0BB3
:105EB00059462046F0F7D0FC98F80020F3B29A42F9
:105EC00059D90136152E07F1280754D0FD69002D48
:105ED000E5DA00212046F0F7BFFC4FF0000BE7E7C2
:105EE0005FFA85FBBBF11B0FADB207D829FA0BF3A4
:105EF000D90703D51B212046F0F7AEFC59462046B2
:105F0000F0F7AAFC2B0AB5F5E05F9B46D0D229FA40
:105F100003F3DA07CCD51B212046F0F79DFCC7E739
:105F200000212046F0F798FC0026A9E7FCEEE77A6E
:105F3000CDED017A9DF80460BDF804901B2E07D8C2
:105F40002BFA06F3DB0703D51B212046F0F784FC70
:105F500031462046F0F780FC4FEA1923B9F5E05F9F
:105F60001E468DD22BFA03F3D80789D51B21204674
:105F7000F0F772FC84E71AF804501B2D03D81F4B6E
:105F8000EB40DB0714D429462046F0F765FC204699
:105F90000421F0F761FC20460D21F0F75DFC0A2199
:105FA000204603B0BDEC028BBDE8F04FF0F754BCC7
:105FB0001B212046F0F750FCE5E71B212046F0F7B7
:105FC0004BFC39E71B212046F0F746FC27E71B2155
:105FD0002046F0F741FC15E71B212046F0F73CFC7A
:105FE00000E71B212046F0F737FCE4E61B212046A2
:105FF000F0F732FCD6E600BF80B0002012000008A7
:1060000040B7002000B0002000007A4400FF7F4726
:10601000E0B30020B0C3002085000020F0B52DEDD6
:10602000028B044683B0FF21B74DF0F715FC002624
:1060300001212046F0F710FC2E5543212046F0F7B1
:106040000BFC32212046F0F707FC31462046F0F7E2
:1060500003FCAE4B20461968FEF71CF9AC4B2046FA
:106060001968FEF717F9AB4B9E88F7B21B2F36B2B3
:1060700004D8A94BFB40D90700F1BA813946204624
:10608000C6F30727F0F7E8FB1B2F4FEA262604D8B4
:10609000A14BF340DA0700F1A68139462046F0F71C
:1060A000DBFB9E4B1B6847F6FF769E4228BF1E46D1
:1060B000F7B21B2F36B204D8974BFB40DB0700F139
:1060C0008D8139462046F0F7C7FBB6F5E05F4FEA11
:1060D0002622C6F3072704DA8F4BD340D80700F1F6
:1060E000788139462046F0F7B7FB8D4B1F78B3F91E
:1060F00000601B2F04D8884BFB40D90700F1648156
:1061000039462046C6F30727F0F7A6FB1B2F4FEAB8
:10611000262604D8804BF340DA0700F15081394637
:106120002046F0F799FB7F4B1F78B3F900601B2FD7
:1061300004D8794BFB40DB0700F13C81394620460F
:10614000C6F30727F0F788FB1B2F4FEA262604D853
:10615000714BF340D80700F1288139462046F0F70B
:106160007BFB714BB3F90070002FC0F277811E7872
:106170001B2E07D8684BF340D90703D51B212046B7
:10618000F0F76AFB31462046F0F766FBB7F5E05FB3
:106190004FEA2722C7F3072607DA5F4BD340DA0717
:1061A00003D51B212046F0F757FB31462046F0F778
:1061B00053FB5E4B5E4E93ED008A06F10C07F6EC46
:1061C000017AF8EE677A204667EE887A17EE901A21
:1061D000FEF760F8B742F2D1564B574E93ED008A66
:1061E00006F10C07F6EC017AF8EE677A204667EEC6
:1061F000887A17EE901AFEF74DF8B742F2D14F4B5E
:106200001B6847F6FF769E4228BF1E46F7B21B2F3B
:1062100036B204D8404BFB40DB0700F11A81394607
:106220002046F0F719FBB6F5E05F4FEA2622C6F3E9
:10623000072704DA384BD340DE0700F105813946E1
:106240002046F0F709FB3E4B1B6847F6FF769E425F
:1062500028BF1E46F7B21B2F36B204D82E4BFB4088
:10626000D80700F1EC8039462046F0F7F5FAB6F58C
:10627000E05F4FEA2622C6F3072704DA264BD34015
:10628000D90700F1D78039462046F0F7E5FA2D4BC3
:10629000D3E900619A682C4B0E441644D3E90012EE
:1062A0009B681144194447F6FF73994228BF194669
:1062B000CBB21B2B0FB204D8174ADA40D20700F139
:1062C000B28019462046F0F7C7FAB7F5E05F4FEA0B
:1062D0002721C7F3072204DA0F4BCB40D80700F180
:1062E0009B8011462046F0F7B7FA47F6FF739E42AF
:1062F00028BF1E46F7B21B2F36B227D8064BFB40ED
:10630000D90700F1848021E0B0C30020D80000202C
:10631000D0000020B001012012000008E426012076
:10632000D88F00206A8F0020688F0020807A0308B1
:10633000D8260120847A0308CC260120B02601202B
:10634000AC260120B4260120C02601203946204673
:10635000F0F782FAB6F5E05F4FEA2622C6F3072788
:1063600003DA414BD340DA074CD439462046F0F7E4
:1063700073FA2D5D1B2D03D83B4BEB40DB073CD460
:1063800029462046F0F768FA20460421F0F764FA1F
:1063900020460D21F0F760FA0A21204603B0BDEC3B
:1063A000028BBDE8F040F0F757BA1B212046F0F70A
:1063B00053FAD2E61B212046F0F74EFABEE61B2127
:1063C0002046F0F749FAAAE61B212046F0F744FAE6
:1063D00096E61B212046F0F73FFA82E61B21204675
:1063E000F0F73AFA6DE61B212046F0F735FA54E64D
:1063F0001B212046F0F730FA40E61B212046F0F73B
:106400002BFABDE71B212046F0F726FAADE71B214A
:106410002046F0F721FA99E71B2120460192F0F778
:106420001BFA019A5DE71B2120460193F0F714FA4D
:10643000019B46E71B212046F0F70EFA23E71B21BC
:106440002046F0F709FA0EE71B212046F0F704FA80
:10645000F5E61B212046F0F7FFF9E0E6FF21204694
:10646000F0F7FAF97F26A0E6120000082DE9F04FB8
:10647000FF21044683B0F0F7EFF901212046F0F741
:10648000EBF9C44B00251D554C212046F0F7E4F9EB
:1064900054212046F0F7E0F92946BF4D2046F0F799
:1064A000DBF9EE781B2E04D8BC4BF340DA0700F181
:1064B000CA83BB4F31462046F0F7CEF93B7805EB57
:1064C0000313DE781B2E04D8B44BF340DB0700F136
:1064D000B58331462046F0F7BFF9ED7C1B2D04D87B
:1064E000AE4BEB40D80700F1A4832946AD4D2046C2
:1064F000F0F7B2F9AB6847F6FF769E4228BF1E461A
:106500005FFA86F8B8F11B0F36B205D8A34B23FA11
:1065100008F3D90700F1888341462046F0F79CF93B
:10652000B6F5E05F4FEA2622C6F3072804DA9B4B54
:10653000D340DA0700F1738341462046F0F78CF927
:106540003B7803EB430305EB830347F6FF769B6839
:106550009E4228BF1E465FFA86F8B8F11B0F36B27E
:1065600005D88E4B23FA08F3DB0700F1538341462D
:106570002046F0F771F9B6F5E05F4FEA2622C6F340
:10658000072804DA854BD340D80700F13E83414603
:106590002046F0F761F96B6947F6FF769E4228BF07
:1065A0001E465FFA86F8B8F11B0F36B205D87B4B52
:1065B00023FA08F3D90700F1238341462046F0F778
:1065C0004BF9B6F5E05F4FEA2622C6F3072804DA56
:1065D000724BD340DA0700F10E8341462046F0F7B4
:1065E0003BF9D5ED007AF5EEC07AF1EE10FA00F144
:1065F00035839FED6D7AF4EEC77AF1EE10FA00F371
:106600002783FDEEE77ACDED017A9DF80460BDF9B0
:1066100004801B2E07D8614BF340DB0703D51B21F9
:106620002046F0F719F931462046C8F30726F0F75F
:1066300013F91B2E4FEA282808D8584B23FA08F3E1
:10664000D80703D51B212046F0F706F9314620462E
:10665000F0F702F96B6847F6FF769E4228BF1E46A8
:106660005FFA86F8B8F11B0F36B208D84B4B23FA05
:1066700008F3D90703D51B212046F0F7EDF8414672
:106680002046F0F7E9F8B6F5E05F4FEA2622C6F3B8
:10669000072807DA414BD340DA0703D51B212046F0
:1066A000F0F7DAF841462046F0F7D6F83B7803EBEE
:1066B000430305EB8303D3ED007AF5EEC07AF1EEE8
:1066C00010FA00F1D7829FED387AF4EEC77AF1EE36
:1066D00010FA40F3FB82FF212046F0F7BDF87F2639
:1066E00031462046F0F7B8F83B7803EB430305EB5F
:1066F000830347F6FF765B689E4228BF1E4637B28B
:10670000F6B21B2E07D8254BF340D90703D51B2122
:106710002046F0F7A1F831462046F0F79DF8B7F58E
:10672000E05F4FEA2722C7F3072607DA1B4BD34067
:10673000DA0703D51B212046F0F78EF831462046B4
:10674000F0F78AF8D5ED037AF5EEC07AF1EE10FA9B
:1067500000F18A829FED147AF4EEC77AF1EE10FA16
:1067600040F38E82FF212046F0F776F87F263146EF
:106770002046F0F771F82A6947F6FF739A4228BF5E
:106780001A46D6B21B2E15B215D8044BF340D807C3
:106790000CE000BFB0C30020907A0308120000088C
:1067A000F7000020D80E012000FEFF4603D51B2174
:1067B0002046F0F751F831462046F0F74DF8B5F590
:1067C000E05F4FEA2522C5F3072607DAA34BD34043
:1067D000D90703D51B212046F0F73EF83146204665
:1067E000DFF89C829E4EDFF89C929C4FF0F734F8C5
:1067F00008F1020B18F8015F1B2D07D827FA05F3E3
:10680000DA0703D51B212046F0F726F82946204653
:10681000F0F722F819F8015F1B2D07D827FA05F3C6
:10682000DB0703D51B212046F0F716F82946204642
:10683000F0F712F8A6F1040A1AF8015B1B2D27FAEB
:1068400005F207D812F0010F4FF01B01204601D0CE
:10685000F0F702F829462046EFF7FEFF5645EBD148
:10686000C34506F10406C5D17E4B1E78B3F900502E
:106870001B2E07D8794BF340D80703D51B212046A0
:10688000EFF7EAFF31462046C5F30726EFF7E4FFAE
:106890001B2E4FEA252507D8704BEB40D90703D5AF
:1068A0001B212046EFF7D8FF31462046EFF7D4FFF3
:1068B0006D4B1E78B3F900501B2E07D8674BF34081
:1068C000DA0703D51B212046EFF7C6FF31462046E5
:1068D000C5F30726EFF7C0FF1B2E4FEA252507D883
:1068E0005E4BEB40DB0703D51B212046EFF7B4FFDF
:1068F00031462046EFF7B0FF5C4B1E78B3F90050ED
:106900001B2E07D8554BF340DF0703D51B2120462C
:10691000EFF7A2FF31462046C5F30726EFF79CFFAD
:106920001B2E4FEA252507D84C4BEB40DD0703D53E
:106930001B212046EFF790FF31462046EFF78CFFF2
:106940004B4B1E78B3F900501B2E07D8434BF34036
:10695000D80703D51B212046EFF77EFF314620469E
:10696000C5F30726EFF778FF1B2E4FEA252507D83A
:106970003A4BEB40D90703D51B212046EFF76CFFBC
:1069800031462046EFF768FF3A4B1E78B3F90050C6
:106990001B2E07D8314BF340DA0703D51B212046C5
:1069A000EFF75AFF31462046C5F30726EFF754FFAD
:1069B0001B2E4FEA252507D8284BEB40DB0703D5D4
:1069C0001B212046EFF748FF31462046EFF744FFF2
:1069D000294B1E78B3F900501B2E07D81F4BF340EC
:1069E000DF0703D51B212046EFF736FF314620464F
:1069F000C5F30726EFF730FF1B2E4FEA252507D8F2
:106A0000164BEB40D80703D51B212046EFF724FF98
:106A100031462046EFF720FF184B1E78B3F900509F
:106A20001B2E07D80D4BF340D90703D51B21204659
:106A3000EFF712FF31462046C5F30726EFF70CFFAC
:106A40001B2E4FEA25251FD8044BEB40DA071BD538
:106A50001B212046EFF700FF16E000BF12000008E0
:106A6000CC0E0120BC0E0120BA0E0120B80E012070
:106A7000B60E0120B40E0120B20E0120B00E01208E
:106A8000D40E0120C00E012031462046EFF7E4FE6F
:106A900000212046EFF7E0FE00212046EFF7DCFE64
:106AA00000212046EFF7D8FE00212046EFF7D4FE64
:106AB00000212046EFF7D0FE00212046EFF7CCFE64
:106AC00000212046EFF7C8FE00212046EFF7C4FE64
:106AD00000212046EFF7C0FE00212046EFF7BCFE64
:106AE00000212046EFF7B8FE00212046EFF7B4FE64
:106AF00000212046EFF7B0FE00212046EFF7ACFE64
:106B000000212046EFF7A8FE00212046EFF7A4FE63
:106B100000212046EFF7A0FE00212046EFF79CFE63
:106B200000212046EFF798FE00212046EFF794FE63
:106B300000212046EFF790FE00212046EFF78CFE63
:106B400000212046EFF788FE00212046EFF784FE63
:106B500000212046EFF780FE00212046EFF77CFE63
:106B600000212046EFF778FE00212046EFF774FE63
:106B700000212046EFF770FE00212046EFF76CFE63
:106B800000212046EFF768FE00212046EFF764FE63
:106B900000212046EFF760FE00212046EFF75CFE63
:106BA00000212046EFF758FE00212046EFF754FE63
:106BB00000212046EFF750FE584B1D5D1B2D07D8D6
:106BC000574BEB40DB0703D51B212046EFF744FE74
:106BD00029462046EFF740FE20460421EFF73CFE11
:106BE00020460D21EFF738FE0A21204603B0BDE80C
:106BF000F04FEFF731BE1B212046EFF72DFEECE4FE
:106C00001B212046EFF728FED7E41B212046EFF793
:106C100023FEBCE41B212046EFF71EFEA7E41B2148
:106C20002046EFF719FE87E41B212046EFF714FEFC
:106C300072E41B212046EFF70FFE56E41B2120468D
:106C4000EFF70AFE45E41B212046EFF705FE30E48E
:106C5000FF212046EFF700FE7F26F7E400212046C3
:106C6000EFF7FAFD0026F1E400212046EFF7F4FDEE
:106C700000267CE500212046EFF7EEFD00262FE5FB
:106C8000FDEEE77ACDED017A9DF80470BDF9046060
:106C90001B2F07D8224BFB40DB0703D51B212046C7
:106CA000EFF7DAFD39462046EFF7D6FD3212C6F38C
:106CB00007261B2E3FF65BAD194BD340DF077FF550
:106CC00056AD1B212046EFF7C7FD50E5FDEEE77AF4
:106CD000CDED017A9DF80460BDF904801B2E07D824
:106CE0000F4BF340DB0703D51B212046EFF7B4FD24
:106CF00031462046C8F30726EFF7AEFD1B2E4FEABC
:106D000028283FF6EDAC064B23FA08F3D8077FF5A9
:106D1000E7AC1B212046EFF79FFDE1E4B0C3002064
:106D2000120000082DE9F84306464448DFF81C919C
:106D3000DFF81481E2F764F8FF2104463046EFF7EC
:106D40008BFD002501213046EFF786FD09F806503E
:106D50003F213046EFF780FD04F11E01C9B23046F5
:106D6000EFF77AFD29463046354DEFF775FD4D2496
:106D700005F11B071B2C28FA04F307D813F0010FA9
:106D80004FF01B01304601D0EFF766FD214630463B
:106D9000EFF762FD15F8014FBD42EBD100213046FF
:106DA000EFF75AFD274B1C781B2C03D8264BE340EA
:106DB000DA073ED4214D21463046EFF74DFD2C78C1
:106DC000A4B1214F1B2C27FA04F307D813F0010FAD
:106DD0004FF01B01304601D0EFF73EFD2146304613
:106DE000EFF73AFD15F8014F002CEBD12146304664
:106DF000EFF732FD19F806401B2C03D8124BE34085
:106E0000DB0711D421463046EFF726FD304604213A
:106E1000EFF722FD30460D21EFF71EFD30460A2127
:106E2000BDE8F843EFF718BD1B213046EFF714FD1E
:106E3000E8E71B213046EFF70FFDBBE78801012093
:106E400054650308F500002012000008B0C30020BC
:106E50002DE9F0478F4BDFF86082044693E8070086
:106E600086B003AB83E80700F1F7E8FD8A4B0038F2
:106E700018BF01201A7840F00203052A08BF1846FF
:106E8000864A126840F00403002A08BF1846844B63
:106E90001B7803F0010340EAC300FF21C5B220467E
:106EA000EFF7DAFC002601212046EFF7D5FC392167
:106EB000204608F80460EFF7CFFC62212046EFF788
:106EC000CBFC31462046EFF7C7FC6FF012032B4195
:106ED000D90740F1D98029462046EFF7BDFC714B18
:106EE0009FED717AD3ED007A67EE877AF5EEC07A7E
:106EF000F1EE10FA00F1C680F4EEC77AF1EE10FA66
:106F000000F3BE80FCEEE77ACDED017A9DF80450E7
:106F10001B2D07D8654BEB40DA0703D51B21204614
:106F2000EFF79AFC2946624D624EDFF890915F4F71
:106F30002046EFF791FCD5F8E4122046FDF7AAF9B8
:106F400071682046FDF7A6F9D5F86C152046FDF7C7
:106F5000A1F9E96A2046FDF79DF931682046FDF761
:106F600099F9D5F8B4122046FDF794F9D5F89C1597
:106F70002046FDF78FF9B1682046FDF78BF9D5F86B
:106F800024182046FDF786F903AE56F8045B09EB9A
:106F9000851520462969FDF77DF969692046FDF7C9
:106FA00079F9696A2046FDF775F9A96A2046FDF767
:106FB00071F9ED6A5FFA85FABAF11B0F07D827FA63
:106FC0000AF3DB0703D51B212046EFF745FC5146AA
:106FD0002046C5F3072AEFF73FFCBAF11B0F07D88D
:106FE00027FA0AF3D80703D51B212046EFF734FC14
:106FF00051462046C5F3074AEFF72EFCBAF11B0FA6
:1070000007D827FA0AF3D90703D51B212046EFF743
:1070100023FC51462046EFF71FFC2B0EB5F1E05F35
:107020009A4607D227FA03F3DA0703D51B21204635
:10703000EFF712FC51462046EFF70EFC06ABB342C9
:10704000A3D118F804501B2D07D8184BEB40DB07D1
:1070500003D51B212046EFF7FFFB29462046EFF71B
:10706000FBFB20460421EFF7F7FB20460D21EFF74D
:10707000F3FB0A212046EFF7EFFB06B0BDE8F087EF
:10708000C8254FE700254DE71B212046EFF7E4FB1D
:1070900021E700BF8860030830FD0020C8B8002049
:1070A00034FD0020A8B8002000004843120000086A
:1070B00078BB0020F0FC0020B0C30020DC8F002053
:1070C00070B5FF2182B00446924EEFF7C5FB002554
:1070D00001212046EFF7C0FB355545212046EFF74B
:1070E000BBFB0B212046EFF7B7FB29462046EFF705
:1070F000B3FB8948E3F702FCC5B21B2D04D8874BCC
:10710000EB40DA0700F1008129462046EFF7A4FBA7
:107110008348E3F7F3FBC5B21B2D04D87F4BEB404C
:10712000DB0700F1EC8029462046EFF795FB7D4810
:10713000E3F7E4FBC3B21B2B054604D8774ADA40D9
:10714000D00700F1D58019462046EFF785FBC5F33F
:1071500007231B2B45F30F2504D8704AEA40D107BB
:1071600000F1BF8019462046EFF776FB6E4B1B6897
:1071700047F6FF759D4228BF1D46EBB21B2B2DB273
:1071800004D8664ADA40D20700F1A48019462046A6
:10719000EFF762FBB5F5E05F4FEA2521C5F3072263
:1071A00004DA5E4BCB40DD0700F18D8011462046AE
:1071B000EFF752FB5D4B1B6847F6FF759D4228BFFA
:1071C0001D46EBB21B2B2DB203D8544ADA40D00730
:1071D00072D419462046EFF73FFBB5F5E05F4FEA62
:1071E0002521C5F3072203DA4C4BCB40D9075CD4E9
:1071F00011462046EFF730FB4D4B1D781B2D03D871
:10720000464BEB40DB074BD429462046EFF724FBE7
:10721000484B1D88EBB21B2BADB203D83F4ADA4076
:10722000D00736D419462046EFF716FB290AB5F5E4
:10723000E05F0A4603D2394BCB40D90722D411462E
:107240002046EFF709FB355D1B2D03D8334BEB4090
:10725000DB0712D429462046EFF7FEFA2046042128
:10726000EFF7FAFA20460D21EFF7F6FA0A21204649
:1072700002B0BDE87040EFF7EFBA1B212046EFF7F0
:10728000EBFAE7E71B2120460192EFF7E5FA019AB6
:10729000D5E71B2120460193EFF7DEFA019BC1E7FA
:1072A0001B212046EFF7D8FAAEE71B2120460192BA
:1072B000EFF7D2FA019A9BE71B2120460193EFF7E3
:1072C000CBFA019B85E71B2120460192EFF7C4FA18
:1072D000019A6BE71B2120460193EFF7BDFA019B52
:1072E00054E71B2120460193EFF7B6FA019B39E7DB
:1072F0001B2120460193EFF7AFFA019B23E71B21E7
:107300002046EFF7A9FA0EE71B212046EFF7A4FA73
:10731000FAE600BFB0C300202CB70020120000081E
:107320000CB700201CB7002044B7002048B700204D
:1073300084000020001001402DE9F04FFF21044699
:1073400083B0DFF87883DFF87893DFF878B3DFF87D
:1073500078A3EFF781FA002501212046EFF77CFAA8
:1073600008F8045042212046EFF776FA142120460F
:10737000EFF772FA29462046EFF76EFA072120460A
:10738000EFF76AFA29462046EFF766FA1B212046F6
:10739000EFF762FA04212046EFF75EFAD9F80030E1
:1073A0001BF803201AF8035045EA4205EDB21B2DE5
:1073B00004D8BD4BEB40DA0700F16B81294620462B
:1073C000EFF74AFAB94ED9F8003036F81350EFB259
:1073D0001B2F2DB204D8B44BFB40DB0700F15481C6
:1073E00039462046C5F30727EFF736FA1B2F4FEA39
:1073F000252504D8AC4BEB40DD0700F14081394630
:107400002046EFF729FAAA4FD9F8003037F8135081
:10741000EBB21B2B2DB204D8A34ADA40D00700F1FF
:10742000278119462046EFF717FAC5F307231B2BD0
:107430004FEA252504D89C4AEA40D10700F1118182
:1074400019462046EFF708FAD9F80030002227F84D
:10745000132026F81320974BDB799A07C3F34005D6
:1074600040F1EA80DFF86492D9F800301BF803207D
:107470001AF8035045EA4205EDB21B2D04D88A4B99
:10748000EB40DB0700F1478129462046EFF7E4F99E
:10749000D9F8003036F81350EBB21B2B2DB204D8BC
:1074A000814ADA40D00700F13B8119462046EFF7C8
:1074B000D3F9C5F307231B2B4FEA252504D87A4AB5
:1074C000EA40D10700F1338119462046EFF7C4F9AD
:1074D000D9F8003037F81350EBB21B2B2DB204D87B
:1074E000714ADA40D20700F1298119462046EFF7A8
:1074F000B3F9C5F307231B2B4FEA252504D86A4AA5
:10750000EA40D50700F1218119462046EFF7A4F99A
:10751000D9F80030002227F8132026F813209BF812
:1075200006309AF8065045EA4305EDB21B2D04D803
:107530005D4BEB40D80700F1E98029462046EFF784
:107540008BF9B5895FFA85F9B9F11B0F2DB205D812
:10755000554B23FA09F3D90700F1D3804946204659
:10756000C5F30729EFF778F9B9F11B0F4FEA252585
:1075700004D84D4BEB40DA0700F1BE804946204667
:10758000EFF76AF9BD895FFA85F9B9F11B0F2DB2E2
:1075900005D8454B23FA09F3DB0700F1A8804946DB
:1075A0002046C5F30729EFF757F9B9F11B0F4FEA4A
:1075B000252504D83C4BEB40D80700F19380494681
:1075C0002046EFF749F900233B4ABB81B381158878
:1075D000EEB21B2EADB203D8334BF340D9077CD4A7
:1075E00031462046EFF738F92A0AB5F5E05F16462E
:1075F00003D22D4BD340DA076AD431462046EFF749
:107600002BF918F804501B2D03D8274BEB40DB0750
:1076100044D429462046EFF71FF920460421EFF70E
:107620001BF920460D21EFF717F90A21204603B078
:10763000BDE8F04FEFF710B929462046EFF70CF9F7
:1076400029462046EFF708F929462046EFF704F9C6
:1076500029462046EFF700F929462046EFF7FCF8C7
:107660005DE71B2120460193EFF7F6F8019BE7E663
:107670001B2120460193EFF7EFF8019BD1E61B2178
:107680002046EFF7E9F8BAE61B212046EFF7E4F8C9
:10769000A6E61B212046EFF7DFF88FE61B212046E8
:1076A000EFF7DAF8B5E700BF1200000814E0002099
:1076B000D4C3002034FD0020A4C30020B0C30020A8
:1076C000681001200CE00020CCC3002070100120C5
:1076D0001B212046EFF7C0F88FE71B212046EFF76C
:1076E000BBF87DE71B212046EFF7B6F867E71B21C3
:1076F0002046EFF7B1F852E71B212046EFF7ACF830
:107700003CE71B212046EFF7A7F827E71B2120467F
:10771000EFF7A2F811E71B212046EFF79DF8B3E63B
:107720001B2120460193EFF797F8019BBDE61B2133
:1077300020460193EFF790F8019BC5E61B212046F8
:107740000193EFF789F8019BCFE61B2120460193B7
:10775000EFF782F8019BD7E62DE9F043054683B0A9
:10776000DFF800818946FF2117461C460026EFF707
:1077700073F801212846EFF76FF808F80560362105
:107780002846EFF769F83B1DDAB21B2A5BD89EB298
:10779000334BD340D90748D411462846EFF75CF85D
:1077A000330A4FEA162247D111462846EFF754F81C
:1077B00049462846FCF76EFDBFB1DFF8A490274488
:1077C00014F9011BCEB21B2E29FA01F107D811F0D2
:1077D000010F28464FF01B0101D0EFF73DF831466D
:1077E0002846EFF739F8A742EAD118F805401B2CD4
:1077F00003D81B4BE340DB0712D421462846EFF7A2
:107800002BF828460421EFF727F828460D21EFF73B
:1078100023F80A21284603B0BDE8F043EFF71CB86F
:107820001B212846EFF718F8E7E71B2128460192AD
:10783000EFF712F8019AAFE71B2128460192EFF704
:107840000BF8019AB0E711462846EFF705F83146E4
:107850002846EFF701F849462846FCF71BFDACE740
:1078600012000008B0C300201B4AD3783F2B32D847
:1078700010B403EB8301194803EBC103D2E9014CB7
:1078800003F110010144C1F80140C1F805C0C1185D
:10789000303303441069C1F81D009069C1F8250018
:1078A000106AD2F80CC0C1F82D00D2E90940C1F825
:1078B00019C0D2F814C0C1F821C0D2F81CC0C1F858
:1078C00029C0C3F80140C3F8050092F82C3081F8B4
:1078D000393010BC7047704700210120ECA1002016
:1078E0000C4A0D4BD178D2F805C0D2F80900C3F884
:1078F00001C0402928BF40211970D2F81110D2F8D8
:107900000D20C3F80500C3F80920C3F80D10E8F7EF
:1079100049BC00BF00210120ECA1002070B5FF216F
:10792000044682B0304EEEF797FF00250121204635
:10793000EEF792FF355513212046EEF78DFF122109
:107940002046EEF789FF2946284D2046EEF784FFB2
:1079500095F99D22D3B21B2B04D8254921FA02F2B6
:10796000D2073AD419462046EEF776FF3221204658
:10797000EEF772FFD5F89E122046FCF78BFCD5F887
:10798000A2122046FCF786FCD5F8A6122046FCF78A
:1079900081FCD5F8AA122046FCF77CFC355D1B2D36
:1079A00003D8134BEB40DB0712D429462046EEF7F1
:1079B00053FF20460421EEF74FFF20460D21EEF73E
:1079C0004BFF0A21204602B0BDE87040EEF744BFED
:1079D0001B212046EEF740FFE7E71B2120460193DD
:1079E000EEF73AFF019BBDE7B0C30020B0010120D4
:1079F000120000083F29F8B5044600F283800D46C6
:107A0000FF21EEF729FF504F01212046EEF724FF1A
:107A100000233B5514212046EEF71EFF2A21204665
:107A2000EEF71AFF00212046EEF716FF1B2D2E461B
:107A300007D8464BEB40D90703D51B212046EEF76C
:107A40000BFF29462046EEF707FF414D06EB860364
:107A500006EBC30635442046D5F8AE12FCF71AFCF7
:107A6000D5F8B2122046FCF715FCD5F8B612204620
:107A7000FCF710FCD5F8BA122046FCF70BFCD5F841
:107A8000BE122046FCF706FCD5F8C2122046FCF7D1
:107A900001FCD5F8C6122046FCF7FCFBD5F8CA124B
:107AA0002046FCF7F7FBD5F8CE122046FCF7F2FB98
:107AB000D5F8D2122046FCF7EDFB95F8D6521B2DD7
:107AC00003D8224BEB40DA0739D429462046EEF79B
:107AD000C3FE3D5D1B2D03D81C4BEB40DB0729D4B7
:107AE00029462046EEF7B8FE20460421EEF7B4FE04
:107AF00020460D21EEF7B0FE20460A21BDE8F840F1
:107B0000EEF7AABEFF21104FEEF7A6FE00250121D9
:107B10002046EEF7A1FE142120463D55EEF79CFECF
:107B20002A212046EEF798FE29462046EEF794FEDD
:107B30002E4686E71B212046EEF78EFED0E71B215E
:107B40002046EEF789FEC0E7B0C30020120000080F
:107B5000B001012010B55249DFF868C10B789CF8DC
:107B600000204340012A0B7024D0022A03D07ABBA4
:107B7000012846D010BD4B490A78531CDBB20B706C
:107B80004949012B885432D0022B49D04749032B55
:107B90000A8876D003329A4258DA4548454A46491F
:107BA0000023037001201070444A097811708CF88A
:107BB000003010BD1B2820D0012837D004280BD15D
:107BC0003F4A1388002101338CF80010138010BD48
:107BD00000238CF8003010BD3249DFF8CCE00B7880
:107BE0000EF803000133DBB2012B0B7032D1324AA5
:107BF000012310708CF8003010BD02238CF8003087
:107C000010BD2D4B0A701A70284BDFF898E08CF8E5
:107C1000000002211980264B8EF800201A7010BD3A
:107C2000224A012310808CF8003010BD8CF800002F
:107C300023481C4C0288013202801F481B4A002343
:107C40000B70237002210370118010BD01238CF88A
:107C5000003010BD022BE3D0DFF850E0032BBEF85C
:107C6000001015D003319942F0DA1148124900236F
:107C700003708CF800300F48104B097802701970AF
:107C800010BD42EA002201230A808CF8003010BDAA
:107C900041EA0021AEF800108CF8002010BD00BFB2
:107CA000A528012004250120002101200225012012
:107CB000002501200125012006250120072501209E
:107CC000FE200120052501202DE9F84F05460C4630
:107CD000FF21EEF7C1FD01212846EEF7BDFD694AFF
:107CE00000231B2C535504D8674BE340D80700F101
:107CF000C38021462846EEF7AFFD1B212846EEF74C
:107D0000ABFD04212846EEF7A7FD02212846EEF739
:107D1000A3FD5E4EDFF878A15B4F00212846EEF709
:107D20009BFD80212846EEF797FD4FF0000806F5F1
:107D3000606952E03279032A57D01C7807EE904AE6
:107D4000F8EE677A17EE904A5FFA84FBBBF11B0FDF
:107D500007D827FA0BF2D10703D51B212846EEF7E7
:107D60007BFD59462846C4F3072BEEF775FDBBF1A2
:107D70001B0F07D827FA0BF2D20703D51B21284681
:107D8000EEF76AFD59462846C4F3074BEEF764FD4B
:107D9000BBF11B0F07D827FA0BF2D30703D51B2122
:107DA0002846EEF759FD59462846EEF755FDB4F141
:107DB000E05F4FEA146B07D227FA0BF2D00703D526
:107DC0001B212846EEF748FD594628461C36EEF79B
:107DD00043FDB14508F1010809D03368002BA9D152
:107DE0000AEB8803D3F80740AEE71C68ACE7BAF8A3
:107DF0000440E6B21B2E24B203D8234BF340D9072C
:107E000035D431462846C4F30726EEF725FD1B2E50
:107E10004FEA242403D81C4BE340DA0722D431462E
:107E20002846EEF719FD174B5C5D1B2C03D8164B4B
:107E3000E340DB0711D421462846EEF70DFD284626
:107E40000421EEF709FD28460D21EEF705FD284631
:107E50000A21BDE8F84FEEF7FFBC1B212846EEF7DC
:107E6000FBFCE8E71B212846EEF7F6FCD7E71B21D1
:107E70002846EEF7F1FCC4E71B212846EEF7ECFCA0
:107E800037E700BFB0C3002012000008C06B030832
:107E9000B001012070B5714D95F903206B6884B075
:107EA000002A0393EB7801DA04B070BD03A90446FD
:107EB00018460193B5F80160F3F734F8019B684A5E
:107EC000C3EBC30352F8231069B102EB8302DDED6B
:107ED000037A1379032B17BFFCEEE77AC1ED007A22
:107EE00017EE903A0B70EA785E4B5F49039803EB0C
:107EF0008203332AC3F807004FF001030B7000F030
:107F0000A980FF212046EEF7A7FC01212046EEF7CD
:107F1000A3FC564A0023135511212046EEF79CFC82
:107F2000F3B21B2B04D8524ADA40D00700F18B8001
:107F300019462046EEF790FC310AB6F5E05F0A4696
:107F400003D24B4BCB40D90776D411462046EEF7EF
:107F500083FCED781B2D03D8454BEB40DB0766D443
:107F600029462046EEF778FC9DF80C501B2D03D8CF
:107F70003F4BEB40DE0755D429462046EEF76CFC1C
:107F80009DF80D501B2D03D8394BEB40D80744D436
:107F900029462046EEF760FC9DF80E501B2D03D8B5
:107FA000334BEB40D90733D429462046EEF754FC37
:107FB0009DF80F501B2D03D82D4BEB40DA0722D430
:107FC00029462046EEF748FC284B1D5D1B2D03D8A3
:107FD000274BEB40DB0711D429462046EEF73CFC4B
:107FE00020460421EEF738FC20460D21EEF734FC44
:107FF0000A212046EEF730FC04B070BD1B2120465C
:10800000EEF72AFCE8E71B212046EEF725FCD7E730
:108010001B212046EEF720FCC6E71B212046EEF789
:108020001BFCB5E71B212046EEF716FCA4E71B213D
:108030002046EEF711FC93E71B2120460192EEF754
:108040000BFC019A81E71B2120460193EEF704FC0B
:10805000019B6DE7E6F718F853E700BF0021012008
:10806000C06B0308B0010120A8010120B0C30020AB
:108070001200000838B5994C994A94F90030002153
:108080008B4211700546227805DB964931F8123093
:10809000013321F812300220EDF782FD23784B2BBB
:1080A00039D8312B3CD9323B192B34D8DFE803F0D7
:1080B0004E33333333333333333333333333333375
:1080C0003333333333337E73330D8748DFF820E2A5
:1080D000B0F801C0BCF1000F00F0468102307146DB
:1080E000012303E00133202B00F03C819AB210F809
:1080F000014F0C70944501F10101F3D87B4A002136
:108100000EF8031001231370F2F738FF4B210246DB
:108110002846FCF7C3FBBDE838400220EDF752BD0E
:10812000132B56D0142B09D0112BF4D12846FFF76E
:10813000B1FEBDE838400220EDF744BD2846FFF708
:1081400093FBBDE838400220EDF73CBD664AD3788A
:108150000D3B3A2B51D8DFE803F0A5A1509D985074
:10816000948F50505050505050505050505050508C
:1081700050505050505050505050505050505050FF
:10818000506B5050505067505050505063505050AA
:10819000505050505E00544BD9781B79022920D89A
:1081A000012B30D02846F1F7CFFCB4E7F3F764F8A1
:1081B000F2F7E4FE4821044602462846FCF76EFB2F
:1081C000BCB14FF4FA70E9F7AFF90020FBF722FEDB
:1081D000A1E72846FFF784FBBDE838400220EDF711
:1081E000F1BC012B0FD0002249212846FCF756FB99
:1081F00091E70220F0F7A2FC8DE700223221284609
:10820000FCF74CFB87E7F1F78BFC0122492128465C
:10821000FCF744FB7FE747212846FFF755FD7AE747
:108220002846FEF77FFD76E72846FEF711FE72E747
:1082300013790D2B3FF66FAF01A151F823F000BF6A
:1082400057830208498302083D8302081781020808
:108250002D83020817810208AD820208AD82020850
:10826000BB82020817810208CB820208C38202087F
:1082700009830208F582020811792846FFF7BAFB44
:1082800049E72846FFF74AFB45E711212846FFF753
:108290001BFD40E72846FDF72BF83CE72846FDF795
:1082A000D3F838E72846FCF7FFFD34E72846F0F717
:1082B00001F92846FDF7BEFA2DE70120FBF7AAFDDC
:1082C00029E75079EAF74EFC25E7F2F7D1FF0122C2
:1082D0000A212846FCF7E2FA1DE700BF0625012027
:1082E000012501200825012000210120A8010120ED
:1082F00088010120224BDB789B0637D500220D2117
:108300002846FCF7CBFA06E71E4C1F4B21780122CA
:108310001144A3FB01039B0803EB4303A1EB4301BF
:10832000217028460C21FCF7B9FAF4E6E0F7F8FFD3
:10833000012204212846FCF7B1FAECE600220221D2
:108340002846FCF7ABFAE6E6284607F065FA284629
:10835000FDF770FADFE62846F0F77CF92846FDF7CE
:1083600069FAD8E61F23C9E66346C7E62846012214
:108370000D21FCF793FA2846FBF7C0FCCBE600BFC3
:1083800034FD0020FC200120ABAAAAAAF0B5924B34
:10839000924A1B781278134383B0054623D1904A42
:1083A00013789F061FD413785E071CD48D4B1B884F
:1083B000CBB98D4B1B78052B40F001811379DC067E
:1083C00000F103819378D80700F1FF805378DB092F
:1083D00040F0FB809378190700F1F780D77807F019
:1083E0000107023700E00427804E814B317807EB0C
:1083F000C7071F4400233C4614F8010B78B1B1FBBA
:10840000F0F200FB1212D2B24AB9013B072B6BD833
:10841000DFE803F079870B1D2E3E4D5A0723013309
:10842000DBB2092B54D02746E5E76F4B1B78052BB1
:1084300000F0B88014F8012B002A00F0A580B1FBF1
:10844000F2F302FB1313DBB2002B40F0A0802846AE
:10845000FDF788FC14F8012B3178002A00F08E809B
:10846000B1FBF2F302FB1313DBB2002B40F091805F
:108470002846FEF725FE14F8012B3178002A7AD021
:10848000B1FBF2F302FB1313DBB2002B40F086804A
:108490002846FDF7C3FD14F8012B3178002A67D078
:1084A000B1FBF2F302FB1313DBB2002BB6D128466B
:1084B000FEF742FF2278317852B1B1FBF2F302FBB2
:1084C0001313DBB2002B66D12846FDF7B3F93178E0
:1084D000484B0131A3FB0123DB0803EB8303A1EB32
:1084E0004301317003B0F0BD2846FCF7DDFC227873
:1084F0003178BC1C002A6AD0B1FBF2F302FB1313E3
:10850000DBB2002B66D1364BDB799B0725D414F800
:10851000012B52B3B1FBF2F302FB1313DBB2002BBE
:108520003ED1314B1A78052A0CD014F8010B40B318
:10853000B1FBF0F200FB1212D2B2002A3FF476AF88
:1085400003236CE7264A1278D209EED02846FBF7BF
:10855000D3FF2746317803234DE72846FCF774FF05
:1085600014F8012B3178002AD4D10323274642E79F
:10857000082327463FE7072327463CE706232746ED
:1085800039E70423274636E70523274633E7042344
:1085900045E7052343E70134082340E706233EE788
:1085A00002233CE728460193FBF7D0FE14F8012B89
:1085B0003178019B002A7FF442AF27461BE7F0F792
:1085C0003DFA071E18BF01270EE703270CE7022319
:1085D000274610E7012322E742B7002041B70020D9
:1085E00034FD0020D88F002030FD0020FA2001202B
:1085F000408E0308CDCCCCCC10B50446EEF742F843
:10860000D0B9144B1B789BB9134B9B7A5B0700D5F1
:1086100010BDE8F783FF114B1B6D984212D2E0F7B3
:108620000BFF0028F4D02046BDE81040E0F716BF4D
:108630002046FFF71FFDE7E72046EEF759F8FFF762
:1086400089FADEE764211420E8F7D8FF2046FFF717
:108650009DFEE4E70125012034FD0020B0AE00209E
:1086600030B503684468A3424FEA116236D2DFF89E
:108670009CE05C1C04601A709EF800300468456839
:108680005A40214BAC429A5C4FEA114C2FD2651CE8
:10869000056084F800C08CEA020204684568D2B222
:1086A000AC4213F802C04FEA112227D282EA0C0C26
:1086B0005FFA8CFC651C0560227013F80C20D0E971
:1086C00000C4A44504D20CF1010404608CF800102D
:1086D0005140C9B25B5C8EF8003030BDDFF82CE051
:1086E000094B9EF8000042404FEA114C9A5C8CEA1C
:1086F000020C5FFA8CFC0A0A13F80CC082EA0C0226
:10870000D2B29A5CE4E700BF946003081B26012004
:10871000014B1860704700BF0826012000000000D0
:108720009FED077B084B094809490A4A83ED007B06
:108730004FF0010C002380F800C00B7013707047DD
:108740000000000000000000102601201A26012071
:1087500019260120182601209F4B1B78D3B12DE943
:10876000F04F9E4B1B688BB0994683B19C4B88465B
:108770001978074611BB9B48026843F2D4039B1843
:10878000426842F100029F4278EB020203D20BB032
:10879000BDE8F08F7047944C944A23780760D25C10
:1087A000C0F80480062A00F20285DFE812F0D10A40
:1087B0005302250A3907F70665062D058C498D4AAF
:1087C0008D4C00230B70C8238A46137002A8012326
:1087D0005521017014F8011F0130002900F00385B4
:1087E00001331D2BF5D11C23194602A801F11B0EE4
:1087F000824C03445FFA8EFE4D2001F1010C1C29CE
:108800005FFA8CF105D0714503F8010B14F8010FE4
:10881000F3D17B4800248DF8244090F8B2304EF616
:1088200029215180C821117183F0C8039DF80810D7
:10883000C35C002900F0C3840DF10900CDE90032CA
:10884000E0F7DEFADDE9003B05466E48A64602AEDB
:1088500000F13B016FF02A0432788446884283EAB3
:10886000020338BF0CF8012B5AB2002AC0F2AF80C5
:108870005B001A465BB2002BC0F2A48053001A467C
:108880005BB2002BC0F2998053001A465BB2002BFA
:10889000C0F28E8053001A465BB2002BC0F2838078
:1088A00053001A465BB2002B78DB53001A465BB2CA
:1088B000002B6EDB53001A465BB2002BACBF53009B
:1088C00084EA4303754540F39F80884206F1010620
:1088D0000EF1010E5BD302A886446FF02A042846ED
:1088E00026E0520053B2002B2EDB520053B2002B75
:1088F00030DB520053B2002B32DB520053B2002B5C
:1089000034DB520053B2002B36DB520053B2002B43
:1089100038DB520053B2002BA8BF530002AAAEEBC3
:10892000020202F1FF32B8BF84EA430382426BDAEB
:108930001EF8012B5A4053B2002BD2DA84EA4303CB
:108940005BB2002B1A46D0DA84EA43035BB2002BF9
:108950001A46CEDA84EA43035BB2002B1A46CCDA1D
:1089600084EA43035BB2002B1A46CADA84EA430363
:108970005BB2002B1A46C8DA84EA43035BB2002BD1
:108980001A46C6DA84EA43035BB21A46C3E7604676
:1089900062E784EA43035BB21A468EE784EA430344
:1089A0005BB21A4684E784EA43035BB21A467AE76D
:1089B00084EA43035BB21A466FE784EA43035BB27F
:1089C0001A4664E784EA43035BB21A4659E784EA2D
:1089D00042035BB21A464EE71A2601200826012000
:1089E000192601201026012018260120708E030868
:1089F0001B2601201C260120A065030854650308DE
:108A000094600308212601208C455A468AF80030DC
:108A1000C0F0D9838A48DBB21646C35C6FF02A04E3
:108A2000002062468A42964638BF00254FFA83FCF2
:108A300038BF0EF8015BBCF1000FC0F2CC804FEAEA
:108A4000430C4FFA8CF3002BC0F2C0804FEA4C0C61
:108A50004FFA8CF3002BC0F2B4804FEA4C0C4FFA63
:108A60008CF3002BC0F2A8804FEA4C0C4FFA8CF329
:108A7000002BC0F29C804FEA4C0C4FFA8CF3002B79
:108A8000C0F290804FEA4C0C4FFA8CF3002BC0F2EE
:108A900084804FEA4C0C4FFA8CF30130002BC0B2AB
:108AA000ACBF4FEA4C0384EA43030C2800F09880E3
:108AB0008A4270D332462CE05B005CB2002C35DB7E
:108AC0005B004FFA83FCBCF1000F39DB5B005CB24A
:108AD000002C3DDB5B004FFA83FCBCF1000F41DB57
:108AE0005B005CB2002C45DB5B004FFA83FCBCF101
:108AF000000F49DB5B005CB2002C00F10100B8BF45
:108B00006FF02A03C0B2ACBF5B0083EA44030C28B9
:108B100067D04FFA83FCBCF1000FCDDA6FF02A0466
:108B200084EA4C0464B2002C2346C9DA6FF02A0CA4
:108B30008CEA440C4FFA8CFCBCF1000F6346C5DA9A
:108B40006FF02A0484EA4C0464B2002C2346C1DA94
:108B50006FF02A0C8CEA440C4FFA8CFCBCF1000F2D
:108B60006346BDDA6FF02A0484EA4C0464B2002C38
:108B70002346B9DA6FF02A0C8CEA440C4FFA8CFCCD
:108B8000BCF1000F6346B5DA6FF02A0484EA4C04A6
:108B900064B22346B0E7724644E784EA43035BB21B
:108BA0009C467AE784EA43035BB29C466EE784EA1C
:108BB00043035BB29C4662E784EA43035BB29C4694
:108BC00056E784EA43035BB29C464AE784EA4303E0
:108BD0005BB29C463EE784EA4C035BB29C4632E7BC
:108BE00032468E45DBB2704680F0F182002400F8F8
:108BF000014B134D8842EB5C80F0EB8283F0010364
:108C00000120104C8EF801000EF1020015F803C08F
:108C10008AF800C0031B884253703CBF8EF802C024
:108C20000EF10300811A89B20748C847074B08496B
:108C30000022C3E900780A700BB0BDE8F08F00BFD6
:108C4000946003081D2601201C2601201026012007
:108C500019260120BF4A40F6C823138008239370C9
:108C6000BD4BD3ED007AB2EE047A67EE877AB2EEAE
:108C7000047AFCEEE77A17EE900A030AD37083F0C9
:108C800029034FFA83FCBCF1000FBABF6FF02A032F
:108C900083EA4C035B004FFA83FCBCF1000FBABFC0
:108CA0006FF02A0383EA4C035B004FFA83FCBCF1AC
:108CB000000FBABF6FF02A0383EA4C035B004FFA40
:108CC00083FCBCF1000FBABF6FF02A0383EA4C03A8
:108CD0005B004FFA83FCBCF1000FBABF6FF02A03B0
:108CE00083EA4C035B004FFA83FCBCF1000FBABF70
:108CF0006FF02A0383EA4C035B004FFA83FCBCF15C
:108D0000000FBABF6FF02A0383EA4C035B004FFAEF
:108D100083FCBCF1000FBABF6FF02A0383EA4C0357
:108D20005B004340107158B20028BABF6FF02A03AD
:108D300083EA40035B0058B20028BABF6FF02A03F1
:108D400083EA40035B0058B20028BABF6FF02A03E1
:108D500083EA40035B0058B20028BABF6FF02A03D1
:108D600083EA40035B0058B20028BABF6FF02A03C1
:108D700083EA40035B0058B20028BABF6FF02A03B1
:108D800083EA40035B0058B20028BABF6FF02A03A1
:108D900083EA40035B0058B20028BCBF6FF02A038F
:108DA00083EA40036D48D0ED007A67EE877AA8BF6A
:108DB0005B00FCEEE77A17EE900A4FEA102C8CEA83
:108DC000030382F805C04FFA83FCBCF1000FBABF61
:108DD0006FF02A0383EA4C035B004FFA83FCBCF17B
:108DE000000FBABF6FF02A0383EA4C035B004FFA0F
:108DF00083FCBCF1000FBABF6FF02A0383EA4C0377
:108E00005B004FFA83FCBCF1000FBABF6FF02A037E
:108E100083EA4C035B004FFA83FCBCF1000FBABF3E
:108E20006FF02A0383EA4C035B004FFA83FCBCF12A
:108E3000000FBABF6FF02A0383EA4C035B004FFABE
:108E400083FCBCF1000FBABF6FF02A0383EA4C0326
:108E50005B004FFA83FCBCF1000FBABF6FF02A032E
:108E600083EA4C035B004340907158B20028BABFBC
:108E70006FF02A0383EA40035B0058B20028BABFB0
:108E80006FF02A0383EA40035B0058B20028BABFA0
:108E90006FF02A0383EA40035B0058B20028BABF90
:108EA0006FF02A0383EA40035B0058B20028BABF80
:108EB0006FF02A0383EA40035B0058B20028BABF70
:108EC0006FF02A0383EA40035B0058B20028BABF60
:108ED0006FF02A0383EA40035B0058B20028BCBF4E
:108EE0006FF02A0383EA40031D4890ED007AFCEE00
:108EF000C77AA8BF5B0017EE900A4FEA104C83EACE
:108F00000C0382F807C04FFA83FCBCF1000FBABF14
:108F10006FF02A0383EA4C035B004FFA83FCBCF139
:108F2000000FBABF6FF02A0383EA4C035B004FFACD
:108F300083FCBCF1000FBABF6FF02A0383EA4C0335
:108F40005B004FFA83FCBCF1000FB8BF6FF02A033F
:108F500008E000BF1C26012074AE00206CAE00208B
:108F600068AE0020B4BF83EA4C035B004FFA83FC79
:108F7000BCF1000FBABF6FF02A0383EA4C035B0019
:108F80004FFA83FCBCF1000FBABF6FF02A0383EAEB
:108F90004C035B004FFA83FCBCF1000FBABF6FF0CB
:108FA0002A0383EA4C035B004FFA83FCBCF1000FF9
:108FB000BABF6FF02A0383EA4C035B004FEA102C20
:108FC00083EA0C0382F808C04FFA83FCBCF1000F5F
:108FD000BABF6FF02A0383EA4C035B004FFA83FCAD
:108FE000BCF1000FBABF6FF02A0383EA4C035B00A9
:108FF0004FFA83FCBCF1000FBABF6FF02A0383EA7B
:109000004C035B004FFA83FCBCF1000FBABF6FF05A
:109010002A0383EA4C035B004FFA83FCBCF1000F88
:10902000BABF6FF02A0383EA4C035B004FFA83FC5C
:10903000BCF1000FBABF6FF02A0383EA4C035B0058
:109040004FFA83FCBCF1000FBABF6FF02A0383EA2A
:109050004C035B004FFA83FCBCF1000FBABF6FF00A
:109060002A0383EA4C035B004340507258B2002845
:10907000BABF6FF02A0383EA40035B0058B20028AE
:10908000BABF6FF02A0383EA40035B0058B200289E
:10909000BABF6FF02A0383EA40035B0058B200288E
:1090A000BABF6FF02A0383EA40035B0058B200287E
:1090B000BABF6FF02A0383EA40035B0058B200286E
:1090C000BABF6FF02A0383EA40035B0058B200285E
:1090D000BABF6FF02A0383EA40035B0058B200284E
:1090E000BCBF6FF02A0383EA40034048D0ED007A0A
:1090F000F5EEC07AA8BF5B00F1EE10FA0EDDC7EE08
:10910000276AF7EE007A9FED3A7A77EEE67A67EE15
:10911000877AFCEEE77A17EE901A4B40917259B2BB
:109120000029BABF6FF02A0383EA41035B0059B2FA
:109130000029BABF6FF02A0383EA41035B0059B2EA
:109140000029BABF6FF02A0383EA41035B0059B2DA
:109150000029BABF6FF02A0383EA41035B0059B2CA
:109160000029BABF6FF02A0383EA41035B0059B2BA
:109170000029BABF6FF02A0383EA41035B0059B2AA
:109180000029BABF6FF02A0383EA41035B0059B29A
:109190000029B8BF6FF02A031648B4BF83EA410321
:1091A0005B000370D37214480C21C8472378013345
:1091B000DBB2072B88BF00232370FFF7E8BADFF884
:1091C00044C00CF13B0100200CF8010B22E40B49D8
:1091D000CB5C0A4983F00103CB5C8AF80030084B72
:1091E000C31A53701EE5D9B2FFF7FFBA54AE002080
:1091F0000000C8421B2601201C26012094600308A1
:109200001D26012021260120964B974AD3ED007A96
:10921000964B1360B2EE047A67EE877AB2EE047A68
:10922000FDEEE77A17EE901A0B0A137183F07F03B5
:1092300058B20028BABF6FF02A0383EA40035B00EC
:1092400058B20028BABF6FF02A0383EA40035B00DC
:1092500058B20028BABF6FF02A0383EA40035B00CC
:1092600058B20028BABF6FF02A0383EA40035B00BC
:1092700058B20028BABF6FF02A0383EA40035B00AC
:1092800058B20028BABF6FF02A0383EA40035B009C
:1092900058B20028BABF6FF02A0383EA40035B008C
:1092A00058B20028BABF6FF02A0383EA40035B007C
:1092B0004B40517159B20029BABF6FF02A0383EABB
:1092C00041035B0059B20029BABF6FF02A0383EA59
:1092D00041035B0059B20029BABF6FF02A0383EA49
:1092E00041035B0059B20029BABF6FF02A0383EA39
:1092F00041035B0059B20029BABF6FF02A0383EA29
:1093000041035B0059B20029BABF6FF02A0383EA18
:1093100041035B0059B20029BABF6FF02A0383EA08
:1093200041035B0059B20029BCBF6FF02A0383EAF6
:1093300041034F49D1ED047A67EE877AA8BF5B00FD
:10934000FDEEE77A17EE901A080A4340907158B282
:109350000028BABF6FF02A0383EA40035B0058B2CB
:109360000028BABF6FF02A0383EA40035B0058B2BB
:109370000028BABF6FF02A0383EA40035B0058B2AB
:109380000028BABF6FF02A0383EA40035B0058B29B
:109390000028BABF6FF02A0383EA40035B0058B28B
:1093A0000028BABF6FF02A0383EA40035B0058B27B
:1093B0000028BABF6FF02A0383EA40035B0058B26B
:1093C0000028BABF6FF02A0383EA40035B004B40DA
:1093D000D17159B20029BABF6FF02A0383EA410361
:1093E0005B0059B20029BABF6FF02A0383EA410338
:1093F0005B0059B20029BABF6FF02A0383EA410328
:109400005B0059B20029BABF6FF02A0383EA410317
:109410005B0059B20029BABF6FF02A0383EA410307
:109420005B0059B20029BABF6FF02A0383EA4103F7
:109430005B0059B20029BABF6FF02A0383EA4103E7
:109440005B0059B20029B8BF6FF02A030948B4BFC6
:1094500083EA41035B000370137203480921C84784
:109460002378A4E6BC0000201C260120C8070D00BC
:10947000D0FF00201B260120624A927892067FF5D9
:1094800096AE614A6148C8231370614BD3ED007AF0
:10949000B2EE047A67EE877AFDEEE77A17EE903A3D
:1094A000834280F2798740F60413A2F8013000234A
:1094B000D3705A235B0058B20028BABF6FF02A035A
:1094C00083EA40035B0058B20028BABF6FF02A035A
:1094D00083EA40035B0058B20028BABF6FF02A034A
:1094E00083EA40035B0058B20028BABF6FF02A033A
:1094F00083EA40035B0058B20028BABF6FF02A032A
:1095000083EA40035B004B40117159B20029BABF96
:109510006FF02A0383EA41035B0059B20029BABF06
:109520006FF02A0383EA41035B0059B20029BABFF6
:109530006FF02A0383EA41035B0059B20029BABFE6
:109540006FF02A0383EA41035B0059B20029BABFD6
:109550006FF02A0383EA41035B0059B20029BABFC6
:109560006FF02A0383EA41035B0059B20029BABFB6
:109570006FF02A0383EA41035B0059B20029B8BFA8
:109580006FF02A032348B4BF83EA41035B000370F2
:1095900053711D480621C847237808E6194A927876
:1095A00091067FF504AE1C4B9FED1C7AD3ED007A3B
:1095B000154A67EE877A4FF49963FDEEE77A1380D8
:1095C00017EE901A0B0A0720D37083F054039070A3
:1095D00058B20028B6BF6FF02A035B0083EA40034D
:1095E00058B2002880F2CD866FF02A0383EA400348
:1095F00058B20028BFF65EAF6FF02A0383EA40033B
:1096000059E700BF34FD00201C260120F0D8FFFFE1
:10961000FC9000201B260120ACFF00200000C84267
:10962000D04A127850067FF5C2ADCF4ACF49D04D0F
:10963000009241F2C8131380022393707F230B70B2
:10964000D31C8A460293D5F8D0109FEDCA7ADFED7D
:10965000CA6A02F1400302A80393FFF701F8D5F8A4
:10966000E81002A8FEF7FCFFD5ED247A029B0398D0
:109670009AF800E0009A67EE877A9842FCEEE77A63
:109680009FEDBE7A17EE901A4FEA112C88BF03F8AF
:1096900001CB8CEA0E0C4FFA8CFEBEF1000FBABF64
:1096A0006FF02A0C8CEA4E0C4FEA4C0C4FFA8CFEF1
:1096B000BEF1000FBABF6FF02A0C8CEA4E0C4FEAD5
:1096C0004C0C4FFA8CFEBEF1000FBABF6FF02A0CA3
:1096D0008CEA4E0C4FEA4C0C4FFA8CFEBEF1000F98
:1096E000BABF6FF02A0C8CEA4E0C4FEA4C0C4FFAC2
:1096F0008CFEBEF1000FBABF6FF02A0C8CEA4E0C44
:109700004FEA4C0C4FFA8CFEBEF1000FBABF6FF05F
:109710002A0C8CEA4E0C4FEA4C0C4FFA8CFEBEF130
:10972000000FBABF6FF02A0C8CEA4E0C4FEA4C0CBB
:109730004FFA8CFEBEF1000FBABF6FF02A0C8CEA14
:109740004E0C4FEA4C0C984288BF03F8011B81EA8B
:109750000C014FFA81FCBCF1000FBABF6FF02A0177
:1097600081EA4C0149004FFA81FCBCF1000FBABFFD
:109770006FF02A0181EA4C0149004FFA81FCBCF1EB
:10978000000FBABF6FF02A0181EA4C0149004FFA7D
:1097900081FCBCF1000FBABF6FF02A0181EA4C01D5
:1097A00049004FFA81FCBCF1000FBABF6FF02A01EB
:1097B00081EA4C0149004FFA81FCBCF1000FBABFAD
:1097C0006FF02A0181EA4C0149004FFA81FCBCF19B
:1097D000000FBABF6FF02A0181EA4C0149004FFA2D
:1097E00081FCBCF1000FBABF6FF02A0181EA4C0C7A
:1097F0004FEA410C5E49D1ED257A67EEA67A984290
:1098000067EE877A9FED5E7AFCEEE77A17EE901AA4
:109810004FEA112E8EEA0C0C88BF03F801EB4FFAC9
:109820008CFEBEF1000FBABF6FF02A0C8CEA4E0C12
:109830004FEA4C0C4FFA8CFEBEF1000FBABF6FF02E
:109840002A0C8CEA4E0C4FEA4C0C4FFA8CFEBEF1FF
:10985000000FBABF6FF02A0C8CEA4E0C4FEA4C0C8A
:109860004FFA8CFEBEF1000FBABF6FF02A0C8CEAE3
:109870004E0C4FEA4C0C4FFA8CFEBEF1000FBABFF3
:109880006FF02A0C8CEA4E0C4FEA4C0C4FFA8CFE0F
:10989000BEF1000FBABF6FF02A0C8CEA4E0C4FEAF3
:1098A0004C0C4FFA8CFEBEF1000FBABF6FF02A0CC1
:1098B0008CEA4E0C4FEA4C0C4FFA8CFEBEF1000FB6
:1098C000BABF6FF02A0C8CEA4E0C4FEA4C0C98424F
:1098D00088BF03F8011B81EA0C014FFA81FCBCF13F
:1098E000000FBABF6FF02A0181EA4C0149004FFA1C
:1098F00081FCBCF1000FBABF6FF02A0181EA4C0174
:1099000049004FFA81FCBCF1000FBABF6FF02A0189
:1099100081EA4C0149004FFA81FCBCF1000FBABF4B
:109920006FF02A0181EA4C0149004FFA81FCBCF139
:10993000000FBABF6FF02A0181EA4C0149004FFACB
:1099400081FCBCF1000FBABF6FF02A0181EA4C0123
:1099500049004FFA81FCBCF1000FB8BF6FF02A013B
:1099600010E000BF34FD00201C2601201B26012032
:10997000B028012000001042E12E65420000C842DC
:1099800000007A44B4BF81EA4C0149004FFA81FCDF
:10999000BCF1000FBABF6FF02A0181EA4C0C4FEA0C
:1099A000410C9349D1ED127A77EE877A9842FCEE1A
:1099B000E77A17EE901A4FEA112E8EEA0C0C88BF48
:1099C00003F801EB4FFA8CFEBEF1000FBABF6FF047
:1099D0002A0C8CEA4E0C4FEA4C0C4FFA8CFEBEF16E
:1099E000000FBABF6FF02A0C8CEA4E0C4FEA4C0CF9
:1099F0004FFA8CFEBEF1000FBABF6FF02A0C8CEA52
:109A00004E0C4FEA4C0C4FFA8CFEBEF1000FBABF61
:109A10006FF02A0C8CEA4E0C4FEA4C0C4FFA8CFE7D
:109A2000BEF1000FBABF6FF02A0C8CEA4E0C4FEA61
:109A30004C0C4FFA8CFEBEF1000FBABF6FF02A0C2F
:109A40008CEA4E0C4FEA4C0C4FFA8CFEBEF1000F24
:109A5000BABF6FF02A0C8CEA4E0C4FEA4C0C4FFA4E
:109A60008CFEBEF1000FBABF6FF02A0C8CEA4E0CD0
:109A70004FEA4C0C984288BF03F8011B81EA0C01A5
:109A80004FFA81FCBCF1000FBABF6FF02A0181EAE6
:109A90004C0149004FFA81FCBCF1000FBABF6FF0D6
:109AA0002A0181EA4C0149004FFA81FCBCF1000F08
:109AB000BABF6FF02A0181EA4C0149004FFA81FCDC
:109AC000BCF1000FBABF6FF02A0181EA4C014900D6
:109AD0004FFA81FCBCF1000FBABF6FF02A0181EA96
:109AE0004C0149004FFA81FCBCF1000FBABF6FF086
:109AF0002A0181EA4C0149004FFA81FCBCF1000FB8
:109B0000BABF6FF02A0181EA4C0149004FFA81FC8B
:109B1000BCF1000FBABF6FF02A0181EA4C0C4FEA8A
:109B2000410C334991F83110984288BF03F8011B6A
:109B300081EA0C014FFA81FCBCF1000FBABF6FF053
:109B40002A0181EA4C0149004FFA81FCBCF1000F67
:109B5000BABF6FF02A0181EA4C0149004FFA81FC3B
:109B6000BCF1000FBABF6FF02A0181EA4C01490035
:109B70004FFA81FCBCF1000FBABF6FF02A0181EAF5
:109B80004C0149004FFA81FCBCF1000FBABF6FF0E5
:109B90002A0181EA4C0149004FFA81FCBCF1000F17
:109BA000BABF6FF02A0181EA4C0149004FFA81FCEB
:109BB000BCF1000FBABF6FF02A0181EA4C014900E5
:109BC0004FFA81FCBCF1000FBABF6FF02A0181EAA5
:109BD0004C014900984288BF03F8011B9B1A8AF880
:109BE0000010044899B2C8472378FFF7E0BA00BFD5
:109BF000B02801201C260120514A524BC821117067
:109C0000212191701979C90900F0A7839978CD07AE
:109C100000F1AD835978C90900F0B6831979C806F7
:109C200040F1B283484E0092701CDFF7E9F8074616
:109C30004648DDF80080751E71234FF0000E00F1DC
:109C40003D0115F8012F8446884238BF0CF8012BDE
:109C50005A4053B2002BC0F2B38253001A465BB293
:109C6000002BC0F2A68253001A465BB2002BC0F252
:109C7000C38253001A465BB2002BC0F2B682530077
:109C80001A465BB2002BC0F2A98253001A465BB29F
:109C9000002BC0F29C8253001A465BB2002BC0F22C
:109CA000B28253001A465BB2002BB6BF6FF02A0295
:109CB000530082EA4303BE4580F2F68288420EF1E9
:109CC000010EC0F06A82B6446FF02A002CE0520008
:109CD00053B2002BC0F2AD82520053B2002BC0F23F
:109CE000A382520053B2002BC0F29982520053B2A9
:109CF000002BC0F28F82520053B2002BC0F254826C
:109D0000520053B2002BC0F24A82520053B2002BD1
:109D1000A8BF5300AEEB060202F1FF32B8BF80EAE3
:109D20004303974240F3C0821EF8012B5A4053B2BE
:109D3000002BCCDA80EA43035BB21A46C9E700BFC6
:109D40001C26012034FD0020706503081F26012019
:109D5000C1499FEDC27AD1ED007AC14A40F6C803ED
:109D6000F4EEC77A1380F1EE10FA4FF01E039370F1
:109D700040F36482DFEDBB6A77EEE67AF4EEC77AF1
:109D8000F1EE10FAF8DC9FEDB87A67EE877A9FED76
:109D9000B37AFDEEE77A17EE900A030AD37083F0E8
:109DA0000503DB434FFA83FCBCF1000FBABF6FF031
:109DB0002A0383EA4C035B004FFA83FCBCF1000FDB
:109DC000BABF6FF02A0383EA4C035B004FFA83FCAF
:109DD000BCF1000FBABF6FF02A0383EA4C035B00AB
:109DE0004FFA83FCBCF1000FBABF6FF02A0383EA7D
:109DF0004C035B004FFA83FCBCF1000FBABF6FF05D
:109E00002A0383EA4C035B004FFA83FCBCF1000F8A
:109E1000BABF6FF02A0383EA4C035B004FFA83FC5E
:109E2000BCF1000FBABF6FF02A0383EA4C035B005A
:109E30004FFA83FCBCF1000FBABF6FF02A0383EA2C
:109E40004C035B004340107158B20028BABF6FF05A
:109E50002A0383EA40035B0058B20028BABF6FF0C0
:109E60002A0383EA40035B0058B20028BABF6FF0B0
:109E70002A0383EA40035B0058B20028BABF6FF0A0
:109E80002A0383EA40035B0058B20028BABF6FF090
:109E90002A0383EA40035B0058B20028BABF6FF080
:109EA0002A0383EA40035B0058B20028BABF6FF070
:109EB0002A0383EA40035B0058B2D1ED017A0028FF
:109EC000B8BF6FF02A03F4EEC77AB4BF83EA400349
:109ED0005B00F1EE10FA40F3D581DFED626A77EEB8
:109EE000E67AF4EEC77AF1EE10FAF8DC9FED5E7ACE
:109EF00067EE877A9FED597AFDEEE77A17EE900AC2
:109F00004FEA102C83EA0C0382F805C04FFA83FC59
:109F1000BCF1000FBABF6FF02A0383EA4C035B0069
:109F20004FFA83FCBCF1000FBABF6FF02A0383EA3B
:109F30004C035B004FFA83FCBCF1000FBABF6FF01B
:109F40002A0383EA4C035B004FFA83FCBCF1000F49
:109F5000BABF6FF02A0383EA4C035B004FFA83FC1D
:109F6000BCF1000FBABF6FF02A0383EA4C035B0019
:109F70004FFA83FCBCF1000FBABF6FF02A0383EAEB
:109F80004C035B004FFA83FCBCF1000FBABF6FF0CB
:109F90002A0383EA4C035B004FFA83FCBCF1000FF9
:109FA000BABF6FF02A0383EA4C035B004340907111
:109FB00058B20028BABF6FF02A0383EA40035B005F
:109FC00058B20028BABF6FF02A0383EA40035B004F
:109FD00058B20028BABF6FF02A0383EA40035B003F
:109FE00058B20028BABF6FF02A0383EA40035B002F
:109FF00058B20028BABF6FF02A0383EA40035B001F
:10A0000058B20028BABF6FF02A0383EA40035B000E
:10A0100058B20028BABF6FF02A0383EA40035B00FE
:10A0200058B2D1ED027A0028B8BF6FF02A03F4EEDF
:10A03000C77AB4BF83EA40035B00F1EE10FA40F345
:10A040000F81DFED086A77EEE67AF4EEC77AF1EE7B
:10A0500010FAF8DC0AE000BFD8FC0020DB0F494012
:10A060001C260120DB0FC94000401C461FED027A70
:10A0700067EE877AFDEEE77A17EE901A080A4340FA
:10A08000D07158B20028BABF6FF02A0383EA4003A8
:10A090005B0058B20028BABF6FF02A0383EA40037E
:10A0A0005B0058B20028BABF6FF02A0383EA40036E
:10A0B0005B0058B20028BABF6FF02A0383EA40035E
:10A0C0005B0058B20028BABF6FF02A0383EA40034E
:10A0D0005B0058B20028BABF6FF02A0383EA40033E
:10A0E0005B0058B20028BABF6FF02A0383EA40032E
:10A0F0005B0058B20028BABF6FF02A0383EA40031E
:10A100005B004B40117259B20029BABF6FF02A03AD
:10A1100083EA41035B0059B20029BABF6FF02A03FA
:10A1200083EA41035B0059B20029BABF6FF02A03EA
:10A1300083EA41035B0059B20029BABF6FF02A03DA
:10A1400083EA41035B0059B20029BABF6FF02A03CA
:10A1500083EA41035B0059B20029BABF6FF02A03BA
:10A1600083EA41035B0059B20029BABF6FF02A03AA
:10A1700083EA41035B0059B20029B8BF6FF02A039C
:10A18000A348B4BF83EA41035B0003705372A14844
:10A190000A21C8472378FFF70AB8604651E580EAEC
:10A1A00043035BB21A46B2E580EA43035BB21A4648
:10A1B000A8E56FF02A0282EA43035BB21A4655E52E
:10A1C0006FF02A0282EA43035BB21A4648E56FF059
:10A1D0002A0282EA43035BB21A465FE56FF02A0265
:10A1E00082EA43035BB21A4652E56FF02A0282EA22
:10A1F00043035BB21A4645E56FF02A0282EA430345
:10A200005BB21A4638E56FF02A0282EA43035BB27A
:10A210001A4649E580EA43035BB21A466DE580EAD7
:10A2200043035BB21A4663E580EA43035BB21A4616
:10A2300059E580EA43035BB21A464FE59FED767A13
:10A24000F4EEC77AF1EE10FA7FF59DADDFED736A9B
:10A2500077EEA67AF4EEC77AF1EE10FAF8D492E52A
:10A260009FED6D7AF4EEC77AF1EE10FA7FF5FEAE4F
:10A27000DFED6A6A77EEA67AF4EEC77AF1EE10FAAD
:10A28000F8D4F3E69FED647AF4EEC77AF1EE10FAB3
:10A290007FF52CAEDFED616A77EEA67AF4EEC77A31
:10A2A000F1EE10FAF8D421E68C453CBF00200CF802
:10A2B000010B58B20028BABF6FF02A0383EA4003AB
:10A2C0005B0058B20028BABF6FF02A0383EA40034C
:10A2D0005B0058B20028BABF6FF02A0383EA40033C
:10A2E0005B0058B20028BABF6FF02A0383EA40032C
:10A2F0005B0058B20028BABF6FF02A0383EA40031C
:10A300005B0058B20028BABF6FF02A0383EA40030B
:10A310005B0058B20028BABF6FF02A0383EA4003FB
:10A320005B0058B20028BCBF6FF02A0383EA4003E9
:10A330003B48A8BF5B00ACEB00008C4588F80100EF
:10A3400038BF0CF8013B3248ACEB0801037089B20E
:10A350003048C8472378FEF72ABF1979C90904D1C4
:10A360005B78DD0701D52F4E5DE42F4E5BE42F4E69
:10A3700059E440F60411FF23A2F80110D370FE2126
:10A3800006235B00FFF734B95978C9091AD0197848
:10A39000C90717D5264E46E426498B42E9DC45F627
:10A3A000EF018B421ADC03F51C531033180A1946CF
:10A3B000430083F02D03D07040F60410A2F8010092
:10A3C000FFF70EB91978CF0720D4DB781A4913F0BC
:10A3D000040F1A4B14BF0E461E4624E4053307EE45
:10A3E000903A9FED177AF8EEE77A67EE877AFDEEFE
:10A3F000E77A17EE903A6FEA43436FEA5343180A3D
:10A4000019466FF0070383EA4003D4E70D4E0AE4D0
:10A410001B2601201C260120DB0F49C0DB0FC94091
:10A420001D2601207865030880650308746503080C
:10A4300098650308E7FF0400846503088C6503083A
:10A44000CDCCCC3D94650308014B01221A707047B6
:10A450001926012070B50E465E2105461446ECF71C
:10A46000FBF95E2E46D05D2E3146284614D0ECF71F
:10A47000F3F9E1B25E2918D05D29284633D0ECF714
:10A48000EBF9C4F307215E291BD05D29284622D0B1
:10A49000BDE87040ECF7E0B9ECF7DEF93D21284665
:10A4A000ECF7DAF9E1B25E29E6D15D212846ECF756
:10A4B000D3F93E212846ECF7CFF9C4F307215E29F2
:10A4C000E3D128465D21ECF7C7F928463E21BDE8D7
:10A4D0007040ECF7C1B9ECF7BFF928463D21BDE863
:10A4E0007040ECF7B9B9ECF7B7F93D212846ECF725
:10A4F000B3F9C6E728465D21ECF7AEF93E212846C0
:10A50000ECF7AAF9B5E700BF2DE9F843354FDFF8BE
:10A51000DC90D7F8D040344E002CB8BF6442A9FB81
:10A5200004239B0D06FB1344C4EB0414A40089FB15
:10A5300004124FEAE47803EB830303EB8303C8EBD5
:10A54000A25808EB830212B213210546FFF782FFDF
:10A5500006FB1842DFF89880A8FB023242F38F1204
:10A5600028461B21FFF776FFD7F8D030002BACBF71
:10A570004E22532228462321FFF76CFFD7F8E840EC
:10A58000002CB8BF6442A9FB04239B0D06FB1344B7
:10A59000C4EB0414A40089FB042903EB8303E21732
:10A5A00003EB8303C2EBA95909EB8302284612216E
:10A5B00012B2FFF74FFF06FB1942A8FB028242F3DB
:10A5C0008F1228461A21FFF745FFD7F8E830002BF5
:10A5D00028464FF02201BDE8F843ACBF4522572280
:10A5E000FFF738BFB0280120809698006BCA5F6BD8
:10A5F000D34D62102DE9F04385B00446E6F78EFF97
:10A600004A4BD3F8B830834202D905B0BDE8F08395
:10A61000474D7D212E20E6F7F1FF9FED467AD5EDDF
:10A62000007A45498DED017A67EE877A0B88FDEE59
:10A63000E77A013317EE902A0B8012B208212046E8
:10A64000FFF708FF9DED017AD5ED017A67EE877A75
:10A650002021FDEEE77A204617EE903A1AB2FFF776
:10A66000F9FE364BDFED367A93ED007AB4EEE77AF9
:10A67000F1EE10FA57D4DFED337ADFED336AB4EE42
:10A68000E77AF1EE10FAD8BFF0EE477A67EEA67AD5
:10A69000FDEEE77A17EE903A1AB230212046FFF726
:10A6A000D9FE254B1B889A0700F07C8113F0070226
:10A6B000174640F06581254B1B78192B40F02D8201
:10A6C000234EDFF8A090234B1B78002B40F0FE8137
:10A6D000DFF89480D8ED007AB2EE047A67EE877ADC
:10A6E0003921FDEEE77A204617EE903A1AB28DED49
:10A6F000017AFFF7AFFE184B9DED017AD3ED007A9A
:10A7000067EE877AF5EEC07AF1EE10FA00F1568224
:10A710009FED127AF4EEC77AF1EE10FA40F39582CB
:10A720004FF4FA424BE20E4AB7E700BFB0AE00204A
:10A73000D8FC0020E12E65425C260120ACFF002001
:10A74000CDCCC7C2CDCCC7420000C842F500002026
:10A7500034FD00205C0000206CAE00200000FA46B2
:10A76000FAD8FFFF54AE002074AE0020002204216E
:10A770002046FFF76FFEC94B9FEDC97AD3ED247ACF
:10A7800067EE877A2046BDEEE77A112117EE103A80
:10A790001AB2CDED017AFFF75DFEDDED017AC14918
:10A7A000B2EE047A67EE877AFDEEE77A17EE902A2A
:10A7B000002AB8BF5242A1FB0201C90801EB810186
:10A7C000A2EB410212B219212046FFF743FE327874
:10A7D000B24B12F0400F4ED03278D2094BD0B24A71
:10A7E000D2ED007AF5EEC07AF1EE10FA00F14F8268
:10A7F0009FEDAE7AF4EEC77AF1EE10FA00F34D82D7
:10A80000FDEEE77A17EE902A12B2A94D07212046F5
:10A81000FFF720FE9FEDA77AF5EC017A8DED017A26
:10A8200067EE877A2A21FDEEE77A204617EE903A06
:10A830001AB2FFF70FFE9DED017AD5ED007A67EEB3
:10A84000877A2B21FDEEE77A204617EE903A1AB26E
:10A85000FFF700FE964B9DED017AD3ED027A67EE8D
:10A86000877A2C21FDEEE77A204617EE903A1AB24D
:10A87000FFF7F0FD894B93ED127ADFED8F7AB4EE9E
:10A88000E77AF1EE10FA00F1BA81DFED8C7AB4EEDE
:10A89000E77AF1EE10FAD8BFF0EE477ABDEEE77A2C
:10A8A00017EE102A12B220460121CDED017AFFF7F2
:10A8B000D1FDDDED017A7B49B2EE047A67EE877A4D
:10A8C0008DED017AFDEEE77A17EE902A002AB8BFE7
:10A8D0005242A1FB0201C90801EB8101A2EB410236
:10A8E00012B209212046FFF7B5FD6C4B9DED017AB0
:10A8F000D3ED1F5A93F831003178B1EE046AC5EEFA
:10A90000866AF7EE007A77EEE67A67EE877AFDEEF2
:10A91000E77A17EE903A1AB2092A1346A8BF09231C
:10A9200003EB830303EB83039B009BB233EA220315
:10A9300028BF3B46632894BF1B1863339BB203F5C3
:10A940007A7211F0400F317892B218BF1346C909DC
:10A950001AB21CBF03F5FA631AB2CDE90123EEF770
:10A960006DF8019A18B17178C90900F07481052158
:10A970002046FFF76FFD2046FFF7C6FD504B1B88B2
:10A98000272B08D9454B4E4893F8282000210180F9
:10A99000002A40F038815E21204605B0BDE8F04332
:10A9A000EBF75ABF474BDFED447A93ED007AB4EEF4
:10A9B000E77AF1EE10FA00F12481DFED407AB4EE8F
:10A9C000E77AF1EE10FAD8BFF0EE477ABDEEE77AFB
:10A9D00017EE103A1AB210212046CDED017AFFF79A
:10A9E00039FDDDED017A2F4BF2EE046A67EEA67AAF
:10A9F0002121FDEEE77ACDED036A17EE902A002AB9
:10AA0000B8BF5242A3FB02C0C00800EB8000A2EB1B
:10AA1000400212B22046FFF71DFD204A9FED257A25
:10AA2000D2ED257A8DED027A67EE877A2046BDEE6B
:10AA3000E76A142116EE103A1AB2CDED017AFFF74B
:10AA400009FDDDED036ADDED017A164B67EEA67AAE
:10AA50001C21FDEEE77A17EE902A002AB8BF524279
:10AA6000A3FB0203DB0803EB8303A2EB430212B256
:10AA70002046FFF7EFFC144B9DED027AD3ED007AF0
:10AA800067EE877A2D21FDEEE77A204617EE903AA1
:10AA90001AB2FFF7DFFC0A4B1B8807E6B02801203B
:10AAA000E5CFF83FCDCCCCCC20A10020003C1C460B
:10AAB00024A10020E12E65429AF979C49AF97944DB
:10AAC0005C260120FC900020503D012007EE903ACA
:10AAD000734B9FED747AD3ED006AF8EEE77A66EE79
:10AAE000876A984686EEA77A0023FCEEC77A17EEAF
:10AAF000902AC2F3032141EA022545EA031212B269
:10AB0000062120460193FFF7A5FC674A019B1178B7
:10AB10000133DAB29142F0D8DCE5644A6448117836
:10AB2000644A43781278132928BF13211D2A28BFAD
:10AB30001D22C3F3801342EA411242EA83220178C4
:10AB40000378C3F34013C1F380011B0343EAC1231D
:10AB50001A4392B201920646EDF770FF019A42F451
:10AB60008043002818BF1A4602212046FFF772FCD6
:10AB7000EDF764FF002878D04F4B93ED007A4F4BF0
:10AB8000D3ED007A37EE277AB5EEC07AF1EE10FAFF
:10AB90007FD4F7EE007AB4EEE77AF1EE10FAD8BF80
:10ABA000F0EE477AB3EE047A67EE877ADFF8209109
:10ABB000FDEEE77A17EE903A1AB263E00022282100
:10ABC0002046FFF747FC3E4B99ED006AD3ED005A53
:10ABD0009FED3C7AC5EE866AF7EE007A77EEE67A6C
:10ABE00067EE877AF5EEC07AF1EE10FA3FF5BEAD6A
:10ABF000F4EEC77AF1EE10FA21DD6422B7E5324AAD
:10AC000051E6314AE7E69A8D20461521D2BAFFF780
:10AC100021FC2E4B2046B3F92A201621FFF71AFCFF
:10AC20002A4B2046B3F92E201721FFF713FC274BA0
:10AC3000182193F830202046FFF70CFCABE6FDEE20
:10AC4000E77A17EE903A1AB291E5FDEEE77A17EE41
:10AC5000903A1AB2B3E7029BB17803F57A631BB25C
:10AC600011F0010F08BF1A4681E6194B9FED197AC2
:10AC7000D3ED007A67EE877A9946FDEEE77A17EE14
:10AC8000903A1AB203212046FFF7E4FB1BE50022AD
:10AC9000BBE5DFF83C903A46F4E742F20F72B4E5C8
:10ACA00074AE00200000FA435C0000203FB8002092
:10ACB00034FD002030FD0020A8B80020C0B80020DE
:10ACC00068AE00200000C84219FCFFFFB028012038
:10ACD00054AE0020CDCC4C3E034B1B68984200D0B4
:10ACE0007047FFF787BC00BF64100120054B187840
:10ACF00030B9054B1B6823B1981F18BF012070475E
:10AD000001207047DC82030864100120024B1121EE
:10AD10001878F9F771BD00BF68100120704700BFB7
:10AD20002DE9F043CE4CA3789A0687B040F16F81AD
:10AD3000E378C3F3C0011B07894600F16E81C94B5C
:10AD40001A78002A00F0668103200291E6F7BAFC27
:10AD50000299C44B002800F05D811970E6F71AFBD8
:10AD600004AB05460E460622F7210120F1F766F8EE
:10AD70002A460090029033460120F1F799FC02998F
:10AD8000002900F09D819DF811209DF810309DF85C
:10AD90001310B54DB54E120142EA03329DF814303E
:10ADA0001B0143EA01339DF8121042EA11122A6096
:10ADB0009DF8152043EA1213336005238DF81030F7
:10ADC000E6F7E8FA01220746884604ABF42110466C
:10ADD000F1F708F93A46009043460120F1F768FC84
:10ADE00044F6206200230320E6F714FCA04B3068F1
:10ADF0001A88A04BDFEDA07AB3F900C09F4B2E68F4
:10AE0000B3F900E00296C2EB201303FB03F1091330
:10AE10005300C3EBE0030CFB01F10EFB03F38913BA
:10AE200001EBE32101EB810380331B1200EE903A2A
:10AE3000934A944BB2F90000F8EEE00AA1F5FA311A
:10AE400060EEA70A80FB0102C3ED040A8E4B1203D9
:10AE5000B3F9003042EA105206038C4881FB01C569
:10AE6000B0F800E0DF1703FB05F00CFB0707A3FBBE
:10AE70000C3038441B0A43EA00639B1942EB202242
:10AE800002F50042A3FB0E030EFB023E4FEAEE73F7
:10AE90004FEA6E0253EA6E0E00F02E81DFF814E2E4
:10AEA000CDED030ABEF90070DFF80CE2BEF900E058
:10AEB00028463D468EFB01E1EE1707FB00F00CFB38
:10AEC00006004904029E724FA5FB0C5C41EADE318C
:10AED0004FEA4E4E1EEB050E6044C6F5801C40EB5B
:10AEE0000100B7F9007019EB0E010CF0004E4EEAAC
:10AEF0005C0E4FEACC7CBCEB010C00EBC7006EEBA8
:10AF000000011CEB0C0041EB010E10EB0C0041EBBF
:10AF10000E054FEA851E86014EEA906E801945EBBC
:10AF20000E0E4FEA8E0E4EEA907E800010EB0C0063
:10AF300041EB0E0E4FEA8E0E4EEA907E800010EB33
:10AF40000C0041EB0E01DDF74DFE524B524AB3F9B6
:10AF50000030B2F900E04FEA613C420B42EAC142E4
:10AF600003FB0CF6DD1702FB0565A3FB023603FBB2
:10AF70000CFC354402FB05CCA3FB023294445B0E6F
:10AF800043EACC131B1841EB6C6C0EFB01F24FEA49
:10AF9000EE7101FB0022AEFB00100244C90C41EA35
:10AFA00042315B184CEBE24C3C4AB2F90020D1171D
:10AFB0001B0A090143EA0C6341EA12711201D0181D
:10AFC00041EB2C21DDF7D0FDDFED357ADDED030A15
:10AFD00000EE100A20EE270A2A4B029A83ED050A9A
:10AFE00001201D465A6283ED030AEEF779FB2D48D6
:10AFF000DFF792FC05F1280085ED010AE6F79EFADD
:10B00000A37985ED0C0A43F00103A37102E01D4B07
:10B0100000225A6007B0BDE8F0830320E6F752FB38
:10B020000028F7D0204B0320D3E90023E6F7F2FAFB
:10B030009FED1E0ADFF79CFB1D4B124AD3ED007AF1
:10B0400077EE807A02F12800C2ED017AE6F776FA0F
:10B05000A3790C4A43F0010382ED0C0AA371D9E7EE
:10B0600034FD0020F60000206C2601206826012017
:10B0700086260120822601200AD7233C842601202F
:10B080007E260120D0FF00207C2601208026012082
:10B090007A260120702601207226012074260120C4
:10B0A0000000803BB0FF002088260120CDCCCC3CA6
:10B0B0005CFC00207626012078260120000000009C
:10B0C00005238DF81030E6F765F9012204460D4698
:10B0D00004ABF4211046F0F785FF224600902B4682
:10B0E0000120F1F7E5FA44F620620023032007B0BF
:10B0F000BDE8F043E6F78EBA1FED100A6CE700BF1B
:10B100002DE9F04F814C824F824E44F6206200239D
:10B1100095B0C4E90023E6F73DF97F4AC2E90A0188
:10B12000D4E900317D487E4C18189063A0784FF028
:10B13000000868F34510A0707A4887F8008090F8FE
:10B1400010C086F8008041F2883061F10005C2E944
:10B1500012311B18C2E90F53734D41F100015164C4
:10B1600085F80080BCF1000F02D0E3781B0702D500
:10B1700015B0BDE8F08F6420E6F7D6F940F2012360
:10B18000ADF818304EF6EC63ADF81C300DF118092F
:10B19000434699F800806549C8EBC80211F822209F
:10B1A0008AB909F101090DF11A029145F1D1582B23
:10B1B000984645D0A37886F80080C3F340133B70CF
:10B1C00015B0BDE8F08F5A4B404683F81380F1F775
:10B1D00009FE4046F0F7A6FF0EAB4FF0000807AAA5
:10B1E0000393CDF81490524913780B754FF005096D
:10B1F00004926420E6F798F9ADF83880E6F7CAF8CB
:10B20000039B82468B460222D0210120F0F716FED6
:10B210005B46009052460120F1F74AFA9DF838301B
:10B22000582B09F1FF390DD019F0FF09E1D1049A2B
:10B230000DF11E0101328A42D5D1DDF81490B0E73C
:10B240000EAB0393B6238DF83830E6F7A3F801224E
:10B250008046039B89461046E021F0F7C3FE424634
:10B260004B4600900120F1F723FA0A20E6F75CF93B
:10B2700000234FF003080493E6F78CF808AB8246EE
:10B280008B46182288210120F0F7D8FD5B460090FC
:10B29000814652460120F1F70BFA08F1FF33B9F16C
:10B2A000000F0FD113F0FF08E6D12B7863BB0B2200
:10B2B000A3782A70C3F34013582243F00803327076
:10B2C0003B707DE7DDE90313182233B108A80AF0CB
:10B2D00039FCB0FA80F35B0904930DF1200EBEE84F
:10B2E0000F00DDF80CC0ACE80F009EE8030008F189
:10B2F000FF3818F0FF088CE80300049B03D0CBB99B
:10B3000001230493B8E7ABB90C22D1E788260120CA
:10B310006526012064260120D0FF002078ECFFFF85
:10B3200034FD0020907A030863260120B07B0308D7
:10B33000B80F0120644BBDF820C0A3F800C0634BD8
:10B34000BDF822C0A3F800C0614BBDF824C0A3F82B
:10B3500000C0604BBDF826C05F48A3F800C05F493D
:10B36000BDF828C0A0F800C05D4ABDF82A005D4BBA
:10B370000880BDF82C101180BDF82E201A805A4B81
:10B38000BDF830201A80594BBDF83220584D1A8034
:10B39000BDF83420574B2A804FF00509BDF8362000
:10B3A0001A808DF83890E5F7F5FFDDF80C80012262
:10B3B00082468B464346F4211046F0F713FE0025E3
:10B3C00052465B4600900120F1F772F98DF8385033
:10B3D000E5F7E0FF012282468B464346F521104601
:10B3E000F0F700FE52465B4600900120F1F760F94D
:10B3F000ADF83850E5F7CEFF434682468B46022231
:10B40000F4210120CDF80C80F0F718FDDFF8E8807A
:10B41000009052465B460120F1F74AF99DF838301A
:10B4200088F80030ADF83850E5F7B4FF039B82464A
:10B430008B460222F5210120F0F700FD52465B46C3
:10B4400000900120F1F734F99DF8383088F8013088
:10B45000ADF83850E5F79EFF039D82468B462B469C
:10B46000F32102220120F0F7E9FC524600905B46EE
:10B470000120F1F71DF99DF8383088F802308DF879
:10B480003890E5F787FF0122804689462B46F42154
:10B490001046F0F7A7FD424600904B460120F1F719
:10B4A00007F944F6206200230320E6F7B3F8A378F7
:10B4B000582243F020033270A370A378C3F34013E3
:10B4C00043F00C033B707BE6862601208426012096
:10B4D00082260120802601207E2601207C26012054
:10B4E0007A26012078260120762601207426012064
:10B4F00072260120702601206026012000B52D4B08
:10B500001B7883B0042B50D8DFE803F0131F3B3FB8
:10B5100003000020E8F7F8FEDFED270A06F0D6F971
:10B52000DFED267A264B20EE270A83ED000A03B0D2
:10B5300000BD0020E8F7E8FEDFED227A204B20EE88
:10B54000270A83ED000A03B000BD022201AB1146B9
:10B550000520F1F7EBF8BDF804309FED1B7A5BBADC
:10B560009BB207EE903AF8EEE77A154B67EE877AD2
:10B57000012251210520C3ED007AF1F789F903B0CA
:10B5800000BD01AB02220021E2E70020E8F7BCFE8B
:10B59000DFED0E0A06F09AF9DFED0D7A084B20EE8A
:10B5A000270A83ED000A03B000BD054B00221A6094
:10B5B000BDE700BFA0260120BBB8F5BF1799BE426A
:10B5C000A42601200AD723410AD7233CE17A94BF5D
:10B5D0009CC47041224B9A78C2F38011520604D465
:10B5E0009A7861F3C7129A70704710B51F20E6F77A
:10B5F0005BF800B910BD1B4C1B4A217801EB4101DF
:10B600001F2032F82110E5F7F9FFFFF777FF2178C7
:10B61000154A164B01EB410102EB810293ED000A42
:10B62000D2ED017A0E4BB4EEE70AF1EE10FA15DB1B
:10B63000D2ED027AB4EEE70AF1EE10FA94BF0121DE
:10B6400000219A780A4861F3C7129A70DFF764F90B
:10B65000E0F720FA054B83ED000A10BD0021F0E76A
:10B6600034FD0020A0260120788E0308A4260120A6
:10B670009026012070B53E4CA37843F04003A370A0
:10B68000E3781A0713D5A37823F04003A370A378B7
:10B69000384D3948002100222960C3F380115B0630
:10B6A00002701FD4A37861F3C713A37070BD334D2C
:10B6B0002B78042B09D8DFE803F04B03030C0C00B4
:10B6C0002F4A92F85010002947D1A27822F0400268
:10B6D000A2702C4A03EB43031F2032F82310E5F736
:10B6E0008DFFD4E71F20E5F7DFFF0028DED0234ED3
:10B6F000244B317801EB41011F2033F82110E5F78D
:10B700007DFFFFF7FBFE31781E4B95ED000A01EB44
:10B71000410103EB8103D3ED017AB4EEE70AF1EEC8
:10B7200010FA4FF0000207DBD3ED027AB4EEE70A1D
:10B73000F1EE10FA98BF0122A3780F4862F3C71305
:10B74000A370DFF7E9F8E0F7A5F985ED000A70BD11
:10B75000A27842F04002A270BBE792F85220002A81
:10B76000B3D1012251210520F1F792F82B78B0E7EF
:10B7700034FD0020A426012090260120A0260120CF
:10B78000907A0308788E0308024B19211878F9F78C
:10B7900033B800BF6810012030B52DED028B3A217F
:10B7A0008BB00020B0EE408AF1F71AF8C30703D43B
:10B7B0000BB0BDEC028B30BD06AB0E223B2100204E
:10B7C000F1F71AF990B1114A13782BB3DFF844C09E
:10B7D0000F48DCF8001003684FF0000E0131013310
:10B7E00082F800E0CCF800100360E1E7094808495E
:10B7F00002680B68013202600133044A0B600123C6
:10B8000013700BB0BDEC028B30BD00BFE8260120E9
:10B81000E4260120B02601209DF818E09DF81C20A8
:10B820009DF819109DF81DC09DF81A0001930CEBAE
:10B83000022C01EB0E211A4661F30F029DF81B103A
:10B840009DF822E001EB002161F31F429DF82000EA
:10B850009DF82110029201EB0021ADF810109DF827
:10B860001F009DF81E10CD4A00EB01209DF823100B
:10B870001278009201EB0E21ADF812109DF824E031
:10B880009DF8251001EB0E21ADF8141019466CF34C
:10B890000F0160F31F41039102A80DF10A01DFF7C8
:10B8A000C9F9009A0DF1120104A8DFF7C3F9BDF937
:10B8B0000A30BDF90C209FEDBA6ADFF820C307EE0D
:10B8C000903ABDF90830F8EEE77A07EE103A67EEE5
:10B8D000A76AB8EEC77A05EE902AE7EE076ADCF8A9
:10B8E0000020F8EEE55AE5EEA56AF4EEC66AF1EE40
:10B8F00010FAC0F22281BDF91030AA49DFEDAA4A40
:10B9000091ED005A06EE903AF8EEE66A36EEC56A18
:10B91000B4EEE46AF1EE10FA00F39C8135EE666A4B
:10B92000019BB4EEE46AF1EE10FA13DD9F48FCEEE1
:10B93000C66A046816EE903AA34201D9C0ED006AC7
:10B940009B48DFED996A036875EE666A0133036010
:10B9500001320123DFF888E29648CEED006A90EDCF
:10B96000006A9FED955AC1ED006A77EE466AF4EEE3
:10B97000C56AF1EE10FA00F35D8176EE476AF4EEE7
:10B98000C56AF1EE10FA13DD8C4BBCEEE67A1C684A
:10B9900017EE105AAC4201D283ED007A9FED867A01
:10B9A00036EE477A0132864C256801231D44256016
:10B9B000BDF91240D1ED016ADFED7B4A80ED007ADE
:10B9C00006EE104AB8EEC66A7E4C36EE665A84ED34
:10B9D000007AB4EEE45AF1EE10FA00F31B8136EE71
:10B9E000C67AB4EEE47AF1EE10FA40F351816F4B6F
:10B9F000BCEEC77A5C6817EE105AA54201D983EDF8
:10BA0000017A9FED697A76EEC76A0132684C656803
:10BA100001231D44656090ED015ADFED674ACEEDCC
:10BA2000016A37EEC57AC1ED016AB4EEE47AF1EE4F
:10BA300010FA00F38A8035EE677AB4EEE47AF1EE1C
:10BA400010FA13DD5D4BFCEEC77A5C6817EE905A76
:10BA5000A54201D9C3ED017ADFED577A75EE677A19
:10BA60000132574C656801231D446560554CD1ED8A
:10BA7000026AC4ED017ABDF91440C0ED017A07EE07
:10BA8000904AF8EEE77A9FED485A37EEE67AB4EE40
:10BA9000C57AF1EE10FA40F3A580FCEEC77A434B6D
:10BAA00017EE905A9C68A54288BFC3ED027ADFED7D
:10BAB0003E7A76EEA77A01323D4CA56801231D44FB
:10BAC000A560CEED027AC1ED027AD0ED027ADFED0B
:10BAD0003A6A35EEE77AB4EEE67AF1EE10FA44DD32
:10BAE0003649BCEEC77A8C6817EE103A9FED327A71
:10BAF000A34288BF8B6077EE877A31490132314BA0
:10BB0000C3ED027A8B68C0ED027A01338B60CCF80A
:10BB100000202D4B5B78012B00F0B180DFED2B7AFC
:10BB2000B3EE050AA6EE270A2948F0EE480ADEF72A
:10BB3000F7FF284B83ED000A3AE627490B680132EC
:10BB40000133CCF800200B6032E61C4BFCEEC77AC8
:10BB50005C6817EE905AA54201D9C3ED017ADFED7A
:10BB6000167A013275EE277A7BE737EEE57AB4EE86
:10BB7000E67AF1EE10FA40F38E801049BCEEC77AF7
:10BB80008C6817EE103A9FED0C7AA34288BF8B6049
:10BB900077EEC77A0A490132B1E700BF8D7A030810
:10BBA0000AD72349F826012000409C45D8260120C9
:10BBB000C0260120EC26012000000047CC260120F1
:10BBC000B4260120C4FC0020907A0308BF4A443BFD
:10BBD000D8860020BC000020AC260120E4260120ED
:10BBE000B8FC002036EEE77AB4EEC57AF1EE10FA32
:10BBF0007FF767AFFCEEC77A2B4B17EE905A9C6825
:10BC0000A54288BFC3ED027ADFED287A013276EED5
:10BC1000E77A51E7244BBCEEC57A5C6817EE105A00
:10BC2000A54201D983ED017A9FED207A013276EEAB
:10BC3000876AEBE61E4BBCEEE67A1C6817EE105ADC
:10BC4000A54201D983ED007A9FED1A7A013236EED2
:10BC5000077AA8E61448FCEEC66A046816EE903A25
:10BC6000A34201D9C0ED006A1348DFED106A0368F2
:10BC70000133036075EE266A013201236AE69FED07
:10BC80000F0ADFED0F7A36EE000A20EE270A4BE7A7
:10BC9000F0EE466ABFE60B49C1ED025AC0ED025A0A
:10BCA000002B3FF436AF32E7D826012000409C45F8
:10BCB000CC26012000000047C026012000A04246FB
:10BCC000CBBD403BC4FC002010B52320E5F72CFC85
:10BCD0006C4C75210020F0F783FD6B4AA37810703F
:10BCE0008BB1021E18BF012268490B79642062F3F0
:10BCF00045130B71E5F718FC6478012C6CD014F037
:10BD0000FD0409D010BD23795B0803F07E031A1AE5
:10BD1000B2FA82F25209E7E780226B212046F0F75F
:10BD2000B7FD6420E5F700FC072268212046F0F704
:10BD3000AFFD6420E5F7F8FB224623212046F0F70B
:10BD4000A7FD224619212046F0F7A2FD01226B2112
:10BD50002046F0F79DFD0C212046F0F741FD4C4BAD
:10BD6000182218701B212046F0F792FD0B221C218F
:10BD70002046F0F79DFE22461D212046F0F798FE52
:10BD80006420E5F7D1FB22461A212046F0F790FE09
:10BD90006420E5F7C9FB1A212046F0F7D5FD3D4A9E
:10BDA00000F007031C2120461370F0F7CDFD3A4A3E
:10BDB00000F007031D2120461370F0F7C5FDDFF8E2
:10BDC000DCC000F007038CF8003020460122BDE8FB
:10BDD00010403821F0F75CBD80226B210020F0F785
:10BDE00057FD6420E5F7A0FB002223211046F0F761
:10BDF0004FFD002219211046F0F74AFD22466B2123
:10BE00000020F0F745FD0C210020F0F7E9FC204B65
:10BE1000182218701B210020F0F73AFD0B221C217C
:10BE20000020F0F745FE00221D211046F0F740FEED
:10BE3000022237210020F0F72BFD22463821002076
:10BE4000F0F726FD6420E5F76FFB002210461A216B
:10BE5000F0F72EFE6420E5F767FB1A210020F0F7CB
:10BE600073FD0C4A00F007031C2100201370F0F74B
:10BE70006BFD094A00F007031370BDE81040642011
:10BE8000E5F752BB907A0308D4FC002034FD002073
:10BE9000D3FC0020D2FC0020D0FC0020D1FC0020EC
:10BEA00038B5174C00210546EAF7D6FC94F89A21DC
:10BEB00094F8993100211344284684F89A31EAF71E
:10BEC000CBFC94F89A2194F8993100211344284628
:10BED00084F89A31EAF7C0FC94F89A2194F89931E1
:10BEE00000211344284684F89A31EAF7B5FC94F807
:10BEF0009A2194F89931134484F89A3138BD00BFDF
:10BF000004270120F8B5574C0F46B52105461646C3
:10BF1000EAF7A2FC94F8993194F89A214B3B84F803
:10BF2000993128461344622184F89A31EAF794FC47
:10BF30004FF0000328460621A4F89931EAF78CFC5B
:10BF400094F8993194F89A21063384F89931284667
:10BF50001344012184F89A31EAF77EFC94F8993170
:10BF600094F89A21013384F8993128461344032127
:10BF700084F89A31EAF770FC94F8993194F89A2190
:10BF8000033384F8993128461344002184F89A3108
:10BF9000EAF762FC94F89A2194F8993139461344EF
:10BFA000284684F89A31EAF757FC94F899311F44EF
:10BFB00094F89A3184F8997131461F44284684F8E0
:10BFC0009A71EAF749FC94F899311E4494F89A3131
:10BFD00084F8996128461E44002184F89A61EAF7A2
:10BFE0003BFC94F8991194F89A311F4E0B44284663
:10BFF00084F89A31EAF730FC94F89A112846EAF767
:10C000002BFC2846F7F7F2FFE5F788FA002400F149
:10C01000320503E0E5F782FA854222D90134012096
:10C02000E4B2E5F781FA0A2CF4D13078FCF7E4FAAF
:10C030000020EAF7EFFAE5F771FA85424FF00100C8
:10C040000FD9E5F771FAE5F769FA85424FF001007B
:10C0500007D9E5F769FAE5F761FA85424FF002047E
:10C06000DCD8F8BD042701206810012070B5234CEE
:10C0700082B00D46C9B206460191EAF7EDFB94F88D
:10C0800099310199194494F89A3184F899110B4423
:10C090003046C5F3072184F89A310191EAF7DCFBB9
:10C0A00094F899310199194494F89A3184F89911C6
:10C0B0000B443046C5F3074184F89A310191EAF701
:10C0C000CBFB94F899310199194494F89A3184F88A
:10C0D00099110B443046290E84F89A31EAF7BCFBDB
:10C0E00094F8992194F89A3102EB15652B4484F861
:10C0F000995184F89A3102B070BD00BF0427012025
:10C1000070B5234C82B00D46C9B206460191EAF7DC
:10C11000A3FB94F899310199194494F89A3184F861
:10C1200099110B443046C5F3072184F89A310191E7
:10C13000EAF792FB94F899310199194494F89A31ED
:10C1400084F899110B443046C5F3074184F89A31BD
:10C150000191EAF781FB94F899310199194494F817
:10C160009A3184F899110B443046290E84F89A319B
:10C17000EAF772FB94F8992194F89A3102EB15656D
:10C180002B4484F8995184F89A3102B070BD00BFF5
:10C19000042701202DE9F0415A4C8846B521054677
:10C1A0001E461746EAF758FB94F8993194F89A21FD
:10C1B0004B3B84F8993128461344622184F89A3124
:10C1C000EAF74AFB4FF0000328460621A4F899310C
:10C1D000EAF742FB94F8993194F89A21063384F8EF
:10C1E000993128461344012184F89A31EAF734FB47
:10C1F00094F8993194F89A21013384F899312846BA
:10C200001344032184F89A31EAF726FB94F8993114
:10C2100094F89A21033384F8993128461344002175
:10C2200084F89A31EAF718FB94F89A2194F8993136
:10C2300041461344284684F89A31EAF70DFB94F8F6
:10C240009931984494F89A3184F899813946984400
:10C25000284684F89A81EAF7FFFA94F899311F4446
:10C2600094F89A3184F8997131461F44284684F82D
:10C270009A71EAF7F1FA94F8992194F89A31B11881
:10C28000C9B20B44284684F89A3184F89911EAF728
:10C29000E3FA94F89A111C4E2846EAF7DDFA28468C
:10C2A000F7F7A4FEE5F73AF9002400F1320503E0C0
:10C2B000E5F734F9854222D901340120E4B2E5F7EB
:10C2C00033F90A2CF4D13078FCF796F90020EAF71C
:10C2D000A1F9E5F723F985424FF001000FD9E5F701
:10C2E00023F9E5F71BF985424FF0010007D9E5F77F
:10C2F0001BF9E5F713F985424FF00204DCD8BDE8DD
:10C30000F08100BF042701206810012070B56D4C3A
:10C3100082B00E46B5210546EAF79EFA94F89931A7
:10C3200094F89A214B3B1A442846622184F89A21BA
:10C3300084F89931EAF790FA4FF000032846062175
:10C34000A4F89931EAF788FA94F8993194F89A2187
:10C3500006331A442846082184F8993184F89A2132
:10C36000EAF77AFA94F8993194F89A2108331A4442
:10C370002846062184F8993184F89A21EAF76CFA64
:10C3800094F8993194F89A2106331A4428460021EA
:10C3900084F8993184F89A21EAF75EFA94F89A21A0
:10C3A00094F89931F1B21344284684F89A310191F6
:10C3B000EAF752FA94F899310199194494F89A31AC
:10C3C00084F899110B442846310A84F89A31EAF727
:10C3D00043FA94F8993103EB162694F89A3184F8CD
:10C3E000996128461E44012184F89A61EAF734FADB
:10C3F00094F8993194F89A21334E01331A4428461F
:10C40000002184F8993184F89A21EAF725FA94F802
:10C410009A2194F8993128461344012184F89A31DD
:10C42000EAF71AFA94F8993194F89A2101331A44E8
:10C430002846002184F89A2184F89931EAF70CFA09
:10C4400094F8991194F89A3128460B4484F89A315B
:10C45000EAF702FA94F89A112846EAF7FDF9284615
:10C46000F7F7C4FDE5F75AF8002400F1320503E0C0
:10C47000E5F754F8854222D901340120E4B2E5F70A
:10C4800053F80A2CF4D13078FCF7B6F80020EAF71C
:10C49000C1F8E5F743F885424FF001000FD9E5F701
:10C4A00043F8E5F73BF885424FF0010007D9E5F77F
:10C4B0003BF8E5F733F885424FF00204DCD802B0D0
:10C4C00070BD00BF042701206810012070B5504CDA
:10C4D000504EB5210546EAF7BFF994F8993194F822
:10C4E0009A214B3B1A442846622184F89A2184F809
:10C4F0009931EAF7B1F94FF0000328460621A4F874
:10C500009931EAF7A9F994F8993194F89A21063308
:10C510001A442846092184F8993184F89A21EAF7C7
:10C520009BF994F8993194F89A2109331A442846D2
:10C530000D2184F8993184F89A21EAF78DF994F85D
:10C54000993194F89A210D331A440021284684F831
:10C55000993184F89A21EAF77FF994F89A2194F8AE
:10C5600099312846134484F89A31FFF799FC40F238
:10C570001F412846FFF77AFD2846FFF791FC284621
:10C580000321EAF769F994F8991194F89A31033183
:10C59000C9B20B44284684F89A3184F89911EAF715
:10C5A0005BF994F89A112846EAF756F92846F7F706
:10C5B0001DFDE4F7B3FF002400F57A7503E0E4F70E
:10C5C000ADFF854222D901340120E4B2E4F7ACFF8B
:10C5D0000A2CF4D13078FCF70FF80020EAF71AF8AB
:10C5E000E4F79CFF85424FF001000FD9E4F79CFF70
:10C5F000E4F794FF85424FF0010007D9E4F794FF78
:10C60000E4F78CFF85424FF00204DCD870BD00BF18
:10C61000042701206810012070B55E4C5E4EB521E4
:10C620000546EAF719F994F8993194F89A214B3BA9
:10C630001A442846622184F89A2184F89931EAF74D
:10C640000BF94FF0000328460621A4F89931EAF7C8
:10C6500003F994F8993194F89A2106331A4428463C
:10C66000162184F8993184F89A21EAF7F5F894F8BC
:10C67000993194F89A2116331A442846082184F8EF
:10C68000993184F89A21EAF7E7F894F8993194F807
:10C690009A2108331A442846002184F8993184F8F5
:10C6A0009A21EAF7D9F894F89A2194F89931284612
:10C6B0001344002184F89A31EAF7CEF894F89A21CD
:10C6C00094F8993128461344032184F89A31EAF703
:10C6D000C3F894F8993194F89A2103210B441A4431
:10C6E000284684F8993184F89A21EAF7B5F894F845
:10C6F000993194F89A2103331A440021284684F88A
:10C70000993184F89A21EAF7A7F894F89A2194F8D5
:10C7100099312846134484F89A31FFF7C1FB94F805
:10C7200099112846EAF798F894F89A112846EAF7FA
:10C7300093F82846F7F75AFCE4F7F0FE002400F1DE
:10C74000320503E0E4F7EAFE854222D901340120F4
:10C75000E4B2E4F7E9FE0A2CF4D13078FBF74CFFA1
:10C760000020E9F757FFE4F7D9FE85424FF00100BA
:10C770000FD9E4F7D9FEE4F7D1FE85424FF001006E
:10C7800007D9E4F7D1FEE4F7C9FE85424FF0020471
:10C79000DCD870BD042701206810012070B58D4CD5
:10C7A0008D4EB5210546EAF757F894F8993194F87B
:10C7B0009A214B3B1A442846622184F89A2184F836
:10C7C0009931EAF749F84FF0000328460621A4F80A
:10C7D0009931EAF741F894F8993194F89A2106339F
:10C7E0001A442846002184F8993184F89A21EAF7FE
:10C7F00033F894F89A2194F8993128461344142177
:10C8000084F89A31EAF728F894F8993194F89A2143
:10C8100014331A442846002184F8993184F89A2167
:10C82000EAF71AF894F89A2194F8993128461344B3
:10C83000012184F89A31EAF70FF894F8993194F8C5
:10C840009A2101331A442846002184F8993184F84A
:10C850009A21EAF701F894F89A2194F89931284638
:10C860001344002184F89A31E9F7F6FF94F89A21ED
:10C8700094F8993128461344002184F89A31E9F755
:10C88000EBFF94F89A2194F89931284613444FF419
:10C890000D6184F89A31FFF7E9FB28464FF4E13146
:10C8A000FFF7E4FB28460721E9F7D6FF94F8993112
:10C8B00094F89A2107331A442846002184F89931C4
:10C8C00084F89A21E9F7C8FF94F89A2194F89931ED
:10C8D00028461344012184F89A31E9F7BDFF94F802
:10C8E000993194F89A2101331A442846002184F89A
:10C8F000993184F89A21E9F7AFFF94F89A2194F8D6
:10C90000993128461344002184F89A31E9F7A4FFAD
:10C9100094F89A2194F8993128461344002184F818
:10C920009A31E9F799FF94F89A2194F899312846B9
:10C930001344002184F89A31E9F78EFF94F89A2184
:10C9400094F8993128461344002184F89A31E9F784
:10C9500083FF94F8991194F89A3128460B4484F88F
:10C960009A31E9F779FF94F89A112846E9F774FFAC
:10C970002846F7F73BFBE4F7D1FD002400F5C87526
:10C9800003E0E4F7CBFD854222D901340120E4B273
:10C99000E4F7CAFD0A2CF4D13078FBF72DFE002015
:10C9A000E9F738FEE4F7BAFD85424FF001000FD9F0
:10C9B000E4F7BAFDE4F7B2FD85424FF0010007D974
:10C9C000E4F7B2FDE4F7AAFD85424FF00204DCD89B
:10C9D00070BD00BF042701206810012070B5774C9E
:10C9E000774EB5210546E9F737FF94F8993194F869
:10C9F0009A214B3B1A442846622184F89A2184F8F4
:10CA00009931E9F729FF4FF0000328460621A4F8E1
:10CA10009931E9F721FF94F8993194F89A21063376
:10CA20001A442846072184F8993184F89A21E9F7B5
:10CA300013FF94F8993194F89A2107331A44284641
:10CA4000142184F8993184F89A21E9F705FF94F8C4
:10CA5000993194F89A2114331A442846002184F815
:10CA6000993184F89A21E9F7F7FE94F89A2194F81D
:10CA7000993154491344284684F89A31FFF7F6FA5D
:10CA800028465149FFF7F2FA28460021E9F7E4FE6B
:10CA900094F89A2194F8993128461344012184F896
:10CAA0009A31E9F7D9FE94F8993194F89A21013333
:10CAB0001A442846002184F8993184F89A21E9F72C
:10CAC000CBFE94F89A2194F899312846134400211A
:10CAD00084F89A31E9F7C0FE94F89A2194F89931D4
:10CAE00028461344002184F89A31E9F7B5FE94F8FA
:10CAF0009A2194F8993128461344002184F89A31F8
:10CB0000E9F7AAFE94F89A2194F89931284613443B
:10CB1000002184F89A31E9F79FFE94F89A2194F85D
:10CB2000993128461344002184F89A31E9F794FE9C
:10CB300094F89A2194F8993128461344002184F8F6
:10CB40009A31FFF7DDFA94F899112846E9F784FE47
:10CB500094F89A112846E9F77FFE2846F7F746FA37
:10CB6000E4F7DCFC002400F1320503E0E4F7D6FC36
:10CB7000854222D901340120E4B2E4F7D5FC0A2C25
:10CB8000F4D13078FBF738FD0020E9F743FDE4F7F6
:10CB9000C5FC85424FF001000FD9E4F7C5FCE4F76E
:10CBA000BDFC85424FF0010007D9E4F7BDFCE4F776
:10CBB000B5FC85424FF00204DCD870BD042701208B
:10CBC0006810012040420F00A086010070B52A4C79
:10CBD000B5210546E9F740FE94F8993194F89A2179
:10CBE0004B3B1A442846622184F8993184F89A21F3
:10CBF0000026E9F731FE28460A21A4F89961E9F7F1
:10CC00002BFE94F8993194F89A210A331A44284655
:10CC1000042184F8993184F89A21E9F71DFE94F8EB
:10CC2000993194F89A2104331A443146284684F8FD
:10CC3000993184F89A21E9F70FFE94F89A2194F833
:10CC4000993131461344284684F89A31E9F704FEB5
:10CC500094F8991194F89A3128460B4484F89A3143
:10CC6000E9F7FAFD284694F89A11E9F7F5FD284608
:10CC7000BDE87040F7F7BAB9042701202DE9F04765
:10CC800082B08A460546E4F749FCDFF8A881644E85
:10CC9000644C0027814688F80070E4F73FFCA0EB65
:10CCA0000900504598F8003033D293BB2846E9F785
:10CCB000E9FCF0B12846E9F71BFD3378082BF5D8DD
:10CCC000DFE803F09A94867A6B53382F050094F8C6
:10CCD00098215549121A0B7AB2FA82F200205209B1
:10CCE00062F30413307028460B72E9F7CBFC00287E
:10CCF000E0D10137FFB20A2F00F087800120E4F76E
:10CD000013FCE4F70BFCA0EB0900504598F8003049
:10CD1000CBD3A3F10100B0FA80F0400902B0BDE826
:10CD2000F08794F897311B1AB3FA83F35B09DB00A1
:10CD30003370BBE7B4F801303C4AD054B4F801304A
:10CD4000B4F8051001339AB29142A4F8013004BF3F
:10CD50000723337094F8973194F8982103441A44C8
:10CD600084F8973184F89821A0E7B4F8052094F866
:10CD7000973194F89811034402EB0022194490B2C1
:10CD8000A4F8052084F8973184F89811D0B30023D3
:10CD900006226370A370327088E794F8973194F894
:10CDA0009821A4F8050003441A44052184F897311A
:10CDB00084F89821317079E74FF0000360F307039E
:10CDC00060F30F230222E070A4F8973132706DE710
:10CDD00094F8973194F89821207103441A4404215F
:10CDE00084F8973184F8982131705FE7622814BF86
:10CDF00000230323337059E7B5287FF457AF01238D
:10CE0000337053E70723337050E7094A01901078D5
:10CE1000FBF7F2FB0198E9F7FDFB019F6EE700BF0E
:10CE2000E02901200427012034FD00200B270120E8
:10CE300068100120A42801202DE9F04FDFF8D8E187
:10CE4000724C734F734E05468B46BEE80F0087B099
:10CE5000EC46ACE80F009EE803004FF0000A8CE8B7
:10CE6000030004F805A0E84607F1180957F8041B69
:10CE70002846F0F7D1F9E4F751FB002400F1320A1B
:10CE800003E0E4F74BFB824522D901340120E4B2F0
:10CE9000E4F74AFB0A2CF4D13078FBF7ADFB002015
:10CEA000E9F7B8FBE4F73AFB82454FF001000FD9F0
:10CEB000E4F73AFBE4F732FB82454FF0010007D973
:10CEC000E4F732FBE4F72AFB82454FF00204DCD89A
:10CED00058F8044B217831B12846E9F7BDFC14F825
:10CEE000011F0029F8D1E4F719FB002400F1640ABE
:10CEF00003E0E4F713FB824522D901340120E4B2B8
:10CF0000E4F712FB0A2CF4D13078FBF775FB002014
:10CF1000E9F780FBE4F702FB82454FF001000FD9EF
:10CF2000E4F702FBE4F7FAFA82454FF0010007D973
:10CF3000E4F7FAFAE4F7F2FA82454FF00204DCD89B
:10CF40004F4593D1E4F7EAFA324F00F1C8060024C6
:10CF500003E0E4F7E3FA864222D901340120E4B287
:10CF6000E4F7E2FA0A2CF4D13878FBF745FB00200D
:10CF7000E9F750FBE4F7D2FAB0424FF001000FD2CC
:10CF8000E4F7D2FAE4F7CAFA86424FF0010007D973
:10CF9000E4F7CAFAE4F7C2FA86424FF00204DCD89A
:10CFA00028465946F0F738F9E4F7B8FA194E00F177
:10CFB0006405002403E0E4F7B1FA854222D9013484
:10CFC0000120E4B2E4F7B0FA0A2CF4D13078FBF790
:10CFD00013FB0020E9F71EFBE4F7A0FAA8424FF08C
:10CFE00001000FD2E4F7A0FAE4F798FA85424FF077
:10CFF000010007D9E4F798FAE4F790FA85424FF078
:10D000000204DCD807B0BDE8F08F00BFE4C3002005
:10D01000388F0308681001209461030830B59B4DD8
:10D02000EB78013B83B00C2B0CD8DFE803F0540BFA
:10D030000B0B470B0B0B0B070B0B39002B79042B3E
:10D0400000F0B680924C94ED267AD4ED276A914B8D
:10D05000F7EE007AB4EEE77A9A79F1EE10FA94BF1F
:10D060000121002161F304129A71F4EEE76A5A7A01
:10D07000F1EE10FA94BF0121002161F3C7125A7238
:10D08000E4F788F9DBF768FD9FED837A07EE900AF5
:10D0900067EE877AFCEEE77AC4ED327A03B030BDF2
:10D0A0002B797B4C012B08BFD5F8073094ED267AFD
:10D0B000D4ED276A08BFC4F8BC30C8E7744C2B799C
:10D0C00094ED267AD4ED276A002B6DD0012BBED1CA
:10D0D000724A1370BBE72B79023B302BB2D801A206
:10D0E00052F823F051D6020869D5020885D5020806
:10D0F00045D0020855D20208A9D2020845D002083C
:10D1000045D0020845D0020845D0020845D00208A3
:10D1100045D0020845D0020845D0020845D0020893
:10D1200045D0020839D4020845D0020845D002088B
:10D1300045D0020845D0020845D0020845D0020873
:10D1400045D0020845D0020845D0020845D0020863
:10D1500045D0020845D0020845D0020845D0020853
:10D1600039D5020845D0020845D0020845D002084A
:10D1700045D0020845D0020845D0020845D0020833
:10D1800045D0020845D0020845D0020845D0020823
:10D1900045D0020845D0020845D0020845D0020813
:10D1A00045D0020821D602083C4B02221A704EE7F5
:10D1B000DFF8F0E0364CD5F80700DEF80410DEF8B2
:10D1C0000820DEF80C30A446ACE80F00DEF81000B2
:10D1D000DEF81820DEF81410BEF81C30ACE80700AA
:10D1E0000EF11E00ACF8003008F0F6FB95F8252093
:10D1F0002062002A00F0F182A2F13003DBB2092B99
:10D2000000F2AB82302A00F0008395F82620D2B1DC
:10D21000303AD2B2092A12D995F827209AB1303A79
:10D22000D2B2092A0BD995F8281061B1A1F13002C8
:10D23000D2B2092A00F24D82002B00F0468203EBA5
:10D24000830302EB430394ED267AD4ED276A84F836
:10D250002C31FCE60E4C6B7C94F83220DFED107A1A
:10D26000D4ED276A9A4238BF84F83230D5F82F308F
:10D2700007EE103AB8EE477A95F8363084F8313038
:10D2800027EE277A84ED267AE1E600BF0427012005
:10D29000B028012034FD0020BD378635A4280120A8
:10D2A0000AD7233C0B270120D5F82F30D5F82B10B7
:10D2B000EA7AE04CDFEDE07A06EE103AD5F833304A
:10D2C00007EE101A297B06EE903AD5F8373042EA7D
:10D2D0000122A97C00EE903AD5F80730628500392A
:10D2E0004FF47A7018BF012100FB03F384F8281073
:10D2F000D5F80D0063632364E97E6B7CE062B8EED1
:10D30000466AF8EE666AF8EEE00AB8EEC77A84F884
:10D31000321084F83030D5F81F20D5F82330A97F9B
:10D32000C4F8E82060EEA70A27EE277A26EE276ADF
:10D3300066EEA76A6267002284ED1F6A84F83110E6
:10D34000C4ED380AC4F8D030236784ED127A84ED36
:10D350001E7AC4ED206A6264C4ED210AD5F83B2030
:10D36000B64B94ED390A93ED001A06EE902AD5F8E3
:10D370003F20CDED017A07EE102AF8EEE66AB8EE0E
:10D38000C77A66EEA76A27EE277AC4ED3E6AC4ED37
:10D39000226A84ED447A84ED237ADDF79DFBA74B66
:10D3A000D4ED3E0A93ED001AB0EE407A94ED3F0AB8
:10D3B00084ED397ADDF790FBA04BD4ED440A93ED70
:10D3C000001AB0EE407A94ED450A84ED3F7ADDF71D
:10D3D00083FBD5F847309FED9A5ADDED017ADFEDFA
:10D3E000994A06EE103AD5F8433005EE903AD5F852
:10D3F0004B3007EE103AD5F84F3084ED450AB8EEC1
:10D40000C66A06EE903AF8EEE55A26EE056AB8EEE0
:10D41000477AF8EE666A65EEA75A26EE246A27EE8A
:10D42000277A66EE856AC4ED245A84ED256A84ED78
:10D43000267AC4ED276A0AE6D5F80B30DFED825A6A
:10D440007C4C00EE903AD5F80F3094ED390A07EE97
:10D45000103AD5F81330CDED015A07EE903AF8EEB8
:10D46000E00AB8EEC77AF8EEE77A744BD5F80720F1
:10D4700093ED001A626360EEA50A27EE257A67EE47
:10D48000A57A84ED3E7A84ED227AC4ED380AC4EDA3
:10D49000210AC4ED447AC4ED237ADDF71DFB674B06
:10D4A000D4ED3E0A93ED001AF0EE407A94ED3F0A77
:10D4B000C4ED397ADDF710FB604BD4ED440A93EDEF
:10D4C000001AF0EE407A94ED450AC4ED3F7ADDF79C
:10D4D00003FBD5F81F309FED5A5ADDED015ADFED01
:10D4E000594A07EE903AD5F81B3006EE103AD5F8B7
:10D4F000233007EE103AD5F8273084ED450AF8EED0
:10D50000E77A06EE903AB8EE466A67EE857AB8EEAC
:10D51000477AF8EE666A26EE256A67EEA47A27EE69
:10D52000257A66EE856A84ED246AC4ED257A84ED59
:10D53000267AC4ED276A8AE5AB7E5B077FF582AD6C
:10D54000287DEB7C3B4C414AB5F81510A18543EA98
:10D5500000230121107863852122FEF7D3FC94ED8E
:10D56000267AD4ED276A72E5324CEB7A94F83220B1
:10D5700094ED267AD4ED276A9A42BFF468AD84F818
:10D58000323064E5B5F80D30DFED2F7A294C03EE2B
:10D59000903AB5F81330D4ED276A04EE103AB5F896
:10D5A000113004EE903AB5F80F3005EE103AB5F8A8
:10D5B000153005EE903AB5F8173006EE103AB5F88A
:10D5C0000B3007EE103AF8EEE33AB8EEC77AB8EE51
:10D5D000C44AF8EEE44AB8EEC55AF8EEE55AB8EE99
:10D5E000C66A63EEA73A24EE274A64EEA74A25EE00
:10D5F000275A65EEA75A26EE276A67EE277AC4ED0A
:10D60000283A94ED267A84ED294AC4ED2A4A84ED1D
:10D610002B5AC4ED2C5A84ED2D6AC4ED2E7A16E5F2
:10D62000044CD5F8073094ED267AD4ED276AE366EA
:10D630000DE500BFB02801206F12833AA028012019
:10D64000ACC5273735FA8E3C0AD7233C7010012031
:10D65000D5F81B30A04CD5F80F209FEDA05A94EDC3
:10D66000267AD4ED276A05EE903AD5F81F3006EEFB
:10D67000103AD5F807304FF47A7101FB03F3636376
:10D680002364D5F8173007EE903AF8EE655AB8EEF5
:10D69000466AF8EEE77A65EE855A67EE857A26EEF9
:10D6A000056AD5F80B30C4F8E83000216164C4F88D
:10D6B000D02022676367C4ED127AC4ED1E7AC4EDF0
:10D6C0001F5A84ED206AC2E41946302900F0C18057
:10D6D000134695F8291000293FF4B5ADA1F13002A9
:10D6E000D2B2092A06D8002B7FF4A9AD302900F068
:10D6F000C680134695F82A1000293FF4A4ADA1F185
:10D700003002D2B2092A05D8002B7FF498AD302917
:10D7100065D0134695F82B1000293FF494ADA1F184
:10D720003002D2B2092A05D8002B7FF488AD302907
:10D730005FD0134695F82C1000293FF484ADA1F179
:10D740003002D2B2092A3FF67EAD002B7FF477ADCE
:10D75000302914BF1346002375E595F82620002ACA
:10D760003BD0A2F13003DBB2092B12D8302A59D0BA
:10D7700095F82720002A3FF466ADA2F13001C9B226
:10D7800009293FF650AD73B103EB830301EB43036B
:10D7900059E595F8272002B3A2F13003DBB2092B3B
:10D7A00002D900233FE50B46302A7FF43CAD95F8C3
:10D7B0002830002B3FF447ADA3F13002D2B2092A42
:10D7C00082D995F82930002B3FF43DADA3F130020A
:10D7D000D2B2092A79D900238CE7134633E595F8AC
:10D7E0002B30002B3FF42FADA3F13002D2B2092A27
:10D7F0005BD995F82C30002B3FF425ADA3F1300216
:10D80000D2B2092A65D900231DE595F82630002BF0
:10D810003FF419ADA3F13001C9B2092947D81A461E
:10D820000B46A3E795F82730002B3FF40CADA3F18E
:10D830003001C9B2092945D995F82830002B3FF4A9
:10D8400002ADA3F13002D2B2092A7FF63DAF002328
:10D850003FE795F82930002B3FF4F5ACA3F13002F7
:10D86000D2B2092A31D995F82A30002B3FF4EBAC1B
:10D87000A3F13002D2B2092A29D900234AE795F848
:10D880002A30002B3FF4DFACA3F13002D2B2092AD8
:10D890001DD995F82B30002B3FF4D5ACA3F1300205
:10D8A000D2B2092A01D9002344E719463FE795F887
:10D8B0002730002B3FF4C7ACA3F13001C9B20929CE
:10D8C0003FF66FAF1A460B466EE719460EE719464C
:10D8D0001DE719463CE700BFB02801206F12833ACC
:10D8E00008B5DAF7DFFC04A3D3E90023DAF744FD37
:10D8F00041EC100B08BD00BF0E4685C758CC863FD3
:10D9000008B551EC100B04A3D3E90023DAF75EFE4F
:10D91000DAF7E2FF08BD00BF0E4685C758CC863F48
:10D920004E4A1378082B17D8DFE803F0171C223172
:10D9300040506C8B05004A49DFF828C191F89811D6
:10D940009CF80830091AB1FA81F14909002061F305
:10D95000041310708CF808307047B528FCD10123EF
:10D9600013707047622814BF00230323137070479D
:10D970003B4B93F8971193F898C1187101448C446C
:10D9800083F89711042183F898C1117070474FF004
:10D990000003334960F3070360F30F234FF0020CD9
:10D9A000C870A1F8973182F800C070472C4B93F8EB
:10D9B000971193F898C1A3F8050001448C4483F8AB
:10D9C0009711052183F898C111707047244BB3F863
:10D9D000051001EB00211FFA81FCA3F8051093F854
:10D9E0009711014493F8980183F89711014483F843
:10D9F0009811BCF1000F2ED00021062059709970AB
:10DA000010707047164BB3F8011003F1070C0CF8B7
:10DA10000100B3F8011001311FFA81FCA3F80110D5
:10DA2000B3F80510614504BF0721117093F89721E1
:10DA300093F898110244114483F8972183F89811C0
:10DA40007047074B93F897311B1AB3FA83F35B09BE
:10DA5000DB0013707047072313707047E029012023
:10DA60000427012034FD00202DE9F04F85B0044645
:10DA700000200191E8F794F8E3F750FD3F4F00F5DF
:10DA8000FA66002503E0E3F749FD864222D9013515
:10DA90000120EDB2E3F748FD0A2DF4D13878FAF70A
:10DAA000ABFD0020E8F7B6FDE3F738FD86424FF006
:10DAB00001000FD9E3F738FDE3F730FD86424FF060
:10DAC000010007D9E3F730FDE3F728FD86424FF068
:10DAD0000205DCD84FF461324FF4E133CDE9022383
:10DAE000274F284EDFF894900DF108084FF0010AF7
:10DAF000D8F800102046EFF78FFB07F804A001E0EC
:10DB0000E8F7F6FD2046E8F7BDFD83462046BBF169
:10DB1000000FF5D1336A002B49D1FFF757F8E3F72F
:10DB2000FDFC08F1040800F5FA7503E0E3F7F6FCE4
:10DB3000A8422DD20BF1010B01205FFA8BFBE3F71A
:10DB4000F3FCBBF10A0FF1D199F80000FAF754FD8C
:10DB50000020E8F75FFDE3F7E1FCA8424FF0010089
:10DB600016D2E3F7E1FCE3F7D9FCA8424FF001003D
:10DB70000ED2E3F7D9FC4FF0020BD7E76810012073
:10DB8000E4C30020B0280120E8F7B2FDFFF7C8FE8B
:10DB90002046E8F777FD05462046002DF4D104AA7B
:10DBA0009045336A40F00682002B00F010854FF05C
:10DBB0000108F64D05F178076A7815F8021B204632
:10DBC000FEF7A0F9AF42F7D1F14DB5212046E8F7B5
:10DBD00043FE95F8993195F89A214B3B622185F8DF
:10DBE00099312046134485F89A31E8F735FE4FF015
:10DBF000000306212046A5F89931E8F72DFE95F897
:10DC0000993195F89A210633242185F899312046D7
:10DC1000134485F89A31E8F71FFE95F8993195F885
:10DC20009A2124210B4485F899312046134485F824
:10DC30009A31E8F711FE95F8993195F89A21243335
:10DC4000002185F899312046134485F89A31E8F788
:10DC500003FE95F89A2195F899312046134485F8EA
:10DC60009A31FEF71DF902212046E8F7F5FD95F8F7
:10DC7000993195F89A210233032185F8993120468C
:10DC8000134485F89A31E8F7E7FD95F8993195F84E
:10DC90009A21033385F899312046134485F89A3147
:10DCA000FEF7FEF82046FEF7FBF80A212046E8F7CB
:10DCB000D3FD95F8993195F89A210A33002185F81A
:10DCC00099312046134485F89A31E8F7C5FD95F857
:10DCD0009A2195F8993100211344204685F89A310C
:10DCE000E8F7BAFD95F89A2195F899310021134487
:10DCF000204685F89A31E8F7AFFD95F89A2195F816
:10DD0000993100211344204685F89A31E8F7A4FDA3
:10DD100095F89A2195F8993100211344204685F809
:10DD20009A31E8F799FD95F89A2195F899310021F3
:10DD30001344204685F89A31E8F78EFD95F89A212C
:10DD400095F8993100211344204685F89A31E8F777
:10DD500083FD95F89A2195F89931002113442046C6
:10DD600085F89A31E8F778FD95F89A2195F8993178
:10DD700000211344204685F89A31E8F76DFD95F8A7
:10DD80009A2195F8993100211344204685F89A315B
:10DD9000E8F762FD95F89A2195F89931002113442E
:10DDA000204685F89A31E8F757FD95F89A2195F8BD
:10DDB000993100211344204685F89A31E8F74CFD4B
:10DDC00095F89A2195F8993100211344204685F859
:10DDD0009A31E8F741FD95F89A2195F8993100219B
:10DDE0001344204685F89A31E8F736FD95F89A21D4
:10DDF00095F8993100211344204685F89A31E8F7C7
:10DE00002BFD95F89A2195F899310021134420466D
:10DE100085F89A31E8F720FD95F89A2195F899311F
:10DE200000211344204685F89A31E8F715FD95F84E
:10DE30009A2195F8993100211344204685F89A31AA
:10DE4000E8F70AFD95F89A2195F8993100211344D5
:10DE5000204685F89A31E8F7FFFC95F89A2195F865
:10DE6000993100211344204685F89A31E8F7F4FCF3
:10DE700095F89A2195F8993100211344204685F8A8
:10DE80009A31E8F7E9FC95F8991195F89A3120460E
:10DE90000B4485F89A31E8F7DFFC95F89A11204693
:10DEA000E8F7DAFC2046F6F7A1F84FF4FA712046BD
:10DEB000FEF7E4FE2046FEF791FD4FF4FA7120468E
:10DEC000FEF7DCFE2046FEF7A7FB4FF4FA71204672
:10DED000FEF7D4FEB8F1000F00F0238396F82C2152
:10DEE000082A03D8336A2B498B4267D902220121C1
:10DEF0002046FEF707F8C8212046FEF7BFFE0322A2
:10DF000001212046FDF7FEFFC8212046FEF7B6FEA0
:10DF1000122201212046FDF7F5FFC8212046FEF719
:10DF2000ADFE212201212046FDF7ECFFC82120464D
:10DF3000FEF7A4FE0123194607222046FEF72AF920
:10DF4000C8212046FEF79AFE352201212046FDF722
:10DF5000D9FFC8212046FEF791FE43220121204629
:10DF6000FDF7D0FFC8212046FEF788FE6421204639
:10DF7000FEF7CCF94FF4FA712046FEF77FFE2046FB
:10DF8000FEF7A4FA044A0549137A09E0C08E030893
:10DF9000042701202FE6020034FD00200060EA473C
:10DFA000716223F010030020137205B0BDE8F04F3A
:10DFB000E7F708BE002B3FF49BADF8E5082A07D031
:10DFC000024A934240F2B08302E000BF7F38010072
:10DFD000022220460121FDF795FFC8212046FEF7C9
:10DFE0004DFE032220460121FDF78CFFC82120466B
:10DFF000FEF744FE0123194606222046FEF7CAF822
:10E00000C8212046FEF73AFE122220460121FDF7E4
:10E0100079FFC8212046FEF731FE2122204601214A
:10E02000FDF770FFC8212046FEF728FE01231946A0
:10E0300007222046FEF7AEF8C8212046FEF71EFE56
:10E04000302220460121FDF75DFFC8212046FEF762
:10E0500015FE20466421FEF759F94FF4FA71204667
:10E06000FEF70CFE2046B521E8F7F6FB95F899314E
:10E0700095F89A214B3B1A442046622185F89A2153
:10E0800085F89931E8F7E8FB4FF0000320460621B8
:10E09000A5F89931E8F7E0FB95F8993195F89A21C0
:10E0A00006331A4420463E2185F8993185F89A2195
:10E0B000E8F7D2FB95F8993195F89A213E331A4446
:10E0C00020462C2185F8993185F89A21E8F7C4FB80
:10E0D00095F8993195F89A212C331A44204600215D
:10E0E00085F8993185F89A21E8F7B6FB95F89A21D9
:10E0F00095F8993120461344002185F89A31E8F7C4
:10E10000ABFB95F89A2195F89931204613440221EA
:10E1100085F89A31E8F7A0FB95F8993195F89A219E
:10E1200002331A442046022185F8993185F89A2154
:10E13000E8F792FB95F8993195F89A2102331A4441
:10E140002046002185F8993185F89A21E8F784FB6B
:10E1500095F89A2195F8993120461344002185F8C5
:10E160009A31E8F779FB95F89A2195F8993120468C
:10E170001344082185F89A31E8F76EFB95F8993138
:10E1800095F89A2108331A442046102185F89931D0
:10E1900085F89A21E8F760FB95F8993195F89A216E
:10E1A00010331A442046012185F8993185F89A21C7
:10E1B000E8F752FB95F8993195F89A2101331A4402
:10E1C0002046002185F8993185F89A21E8F744FB2B
:10E1D00095F89A2195F8993120461344002185F845
:10E1E0009A31E8F739FB95F89A2195F8993120464C
:10E1F0001344012185F89A31E8F72EFB95F89931FF
:10E2000095F89A2101331A442046032185F8993163
:10E2100085F89A21E8F720FB95F8993195F89A212D
:10E2200003331A442046082185F8993185F89A214C
:10E23000E8F712FB95F8993195F89A2108331A44BA
:10E240002046012185F8993185F89A21E8F704FBE9
:10E2500095F8993195F89A2101331A442046002106
:10E2600085F8993185F89A21E8F7F6FA95F89A2118
:10E2700095F8993120461344002185F89A31E8F742
:10E28000EBFA95F89A2195F899312046134402212A
:10E2900085F89A31E8F7E0FA95F8993195F89A21DE
:10E2A00002331A442046042185F8993185F89A21D1
:10E2B000E8F7D2FA95F8993195F89A2104331A447F
:10E2C0002046082185F8993185F89A21E8F7C4FAA3
:10E2D00095F8993195F89A2108331A44204601217E
:10E2E00085F8993185F89A21E8F7B6FA95F89931C9
:10E2F00095F89A2101331A442046002185F8993176
:10E3000085F89A21E8F7A8FA95F89A2195F89931B5
:10E3100020461344002185F89A31E8F79DFA95F8D4
:10E320009A2195F8993120461344032185F89A31B2
:10E33000E8F792FA95F8993195F89A2103331A443F
:10E340002046042185F8993185F89A21E8F784FA66
:10E3500095F8993195F89A2104331A4420460821FA
:10E3600085F8993185F89A21E8F776FA95F8993188
:10E3700095F89A2108331A442046012185F89931ED
:10E3800085F89A21E8F768FA95F8993195F89A2175
:10E3900001331A442046002185F8993185F89A21E5
:10E3A000E8F75AFA95F89A2195F8993120461344DE
:10E3B000002185F89A31E8F74FFA95F89A2195F8F7
:10E3C000993120461344042185F89A31E8F744FA3C
:10E3D00095F8993195F89A2104331A442046012181
:10E3E00085F8993185F89A21E8F736FA95F8993148
:10E3F00095F89A2101331A442046042185F8993171
:10E4000085F89A21E8F728FA95F8993195F89A2134
:10E4100004331A442046012185F8993185F89A2160
:10E42000E8F71AFA95F8993195F89A2101331A44C8
:10E430002046002185F8993185F89A21E8F70CFAF1
:10E4400095F89A2195F8993120461344002185F8D2
:10E450009A31E8F701FA95F89A2195F89931204612
:10E460001344062185F89A31E8F7F6F995F89931C1
:10E4700095F89A2106331A442046082185F89931E7
:10E4800085F89A21E8F7E8F995F8993195F89A21F5
:10E4900008331A442046102185F8993185F89A21CD
:10E4A000E8F7DAF995F8993195F89A2110331A447A
:10E4B0002046012185F8993185F89A21E8F7CCF9B1
:10E4C00095F8993195F89A2101331A442046002194
:10E4D00085F8993185F89A21E8F7BEF995F89A21DF
:10E4E00095F8993120461344002185F89A31E8F7D0
:10E4F000B3F995F8991195F89A3120460B4485F8AF
:10E500009A31E8F7A9F995F89A112046E8F7A4F9A5
:10E510002046F5F76BFD4FF4FA712046FEF7AEFB8F
:10E520002DE5376ADFF89892B7EB080718BF012787
:10E530004FF00308002F7FF4D1AC2046FEF746FBD6
:10E54000E2F7ECFF00F5FA7A03E0E2F7E7FF824535
:10E5500024D901370120FFB2E2F7E6FF0A2FF4D1F8
:10E5600099F80000FAF748F80020E8F753F8E2F7C6
:10E57000D5FF82454FF0010010D9E2F7D5FFE2F751
:10E58000CDFF82454FF0010008D9E2F7CDFF022709
:10E59000DBE72046E8F7ACF8FFF7C2F92046E8F7DA
:10E5A00071F80028F5D1336A08F1FF381F1A18BF37
:10E5B000012718F0FF08BDD1002B7FF48FAC019A22
:10E5C000072A00F3F880072286F82C21F8E44FF49C
:10E5D000E131FEF731FC01233B554FF41651204643
:10E5E000EEF71AFEE2F79AFFDFF8D49100F1320855
:10E5F0002F4603E0E2F792FF804523D9013701203F
:10E60000FFB2E2F791FF0A2FF4D199F80000F9F771
:10E61000F3FF0020E7F7FEFFE2F780FF40454FF0F1
:10E6200001000FD2E2F780FFE2F778FF80454FF05C
:10E63000010007D9E2F778FFE2F770FF80454FF05D
:10E640000207DBD82046FEF7A9F8E2F767FFDFF8FC
:10E65000708100F5FA7703E0E2F760FF874221D985
:10E660000120E2F761FF681CC5B20A2DF4D198F8C9
:10E670000000F9F7C1FF0020E7F7CCFFE2F74EFFFB
:10E6800087424FF001000DD9E2F74EFFE2F746FF57
:10E69000B8424FF0010005D2E2F746FF0225DBE762
:10E6A000E8F726F82046E7F7EDFF05462046002D5F
:10E6B000F6D14FF4E131EEF7AFFDE2F72FFFDFF8CF
:10E6C000008100F1640703E0E2F728FF874221D9C7
:10E6D00001350120EDB2E2F727FF0A2DF4D198F8B9
:10E6E0000000F9F789FF0020E7F794FFE2F716FF33
:10E6F00087424FF001000DD9E2F716FFE2F70EFF57
:10E7000087424FF0010005D9E2F70EFF0225DBE753
:10E71000E7F7EEFF2046E7F7B5FF80462046B8F161
:10E72000000FF5D1FFF745BA012319460222204612
:10E73000FDF730FDC8212046FEF7A0FA0123194657
:10E7400003222046FDF726FDC8212046FEF796FA53
:10E750000123194606222046FDF71CFDC82120464C
:10E76000FEF78CFA0123194612222046FDF712FD0E
:10E77000C8212046FEF782FA0A23212201212046E1
:10E78000FDF708FDC8212046FEF778FA072201218F
:10E790002046FDF7B7FBC8212046FEF76FFA30226E
:10E7A00001212046FDF7AEFBC8212046FEF766FAA0
:10E7B000C821FFF7DCBB082386F82C3108E400BF32
:10E7C000681001200000000070B52DED028B704C28
:10E7D000022084B0E7F7E4F994F832106D4B94F816
:10E7E00031001A7894ED1F7AA1F10301B1FA81F199
:10E7F000490961F386121A701A781978C2F38012E7
:10E80000052894BF002202F0010262F386111970FC
:10E810001A781978F1EE047AB4EEE77AF1EE10FA8C
:10E82000C2F3801202F0010288BF002262F3861157
:10E83000197094ED207A1A781978B4EEE77AF1EE2F
:10E8400010FAC2F3801202F0010288BF002262F3C4
:10E850008611197094ED267A1A781978F7EE007AF5
:10E86000B4EEE77AF1EE10FAC2F3801202F0010280
:10E8700088BF002262F38611197094ED287A1A7805
:10E880001978F0EE007AB4EEE77AF1EE10FAC2F3FE
:10E89000801202F0010258BF002262F38611197043
:10E8A0001978DA79C1F3801161F3C302DA711B7848
:10E8B0005B0603D404B0BDEC028B70BD04F14000D4
:10E8C000E2F73CFE344B84ED4A0A19680D20E2F76A
:10E8D00095FE94ED348A9FED317A9FED310AF8EE82
:10E8E000C87A67EE877A27EE800A03F08FF810EE79
:10E8F000100AD9F7E9FC02460B4643EC172B0546F4
:10E9000084ED147B18EE100A0E46D9F7CBFC1EA33B
:10E91000D3E90023D9F730FDC4E93601CDE902017E
:10E92000D4F8E800D9F7BEFC17A3D3E90023D9F740
:10E9300023FD2A463346D9F71FFDC4E93C01CDE942
:10E940000001D4F80001D9F7ADFC0FA3D3E90023EF
:10E95000D9F712FD9DED001B9DED020BD4ED263A7B
:10E9600094ED1F3AD4ED3E2A94ED382AC4E94201D1
:10E9700000F0C2FA04B0BDEC028BBDE87040DFF7D6
:10E9800049BF00BFAFF300800E4685C758CC863F15
:10E99000B028012034FD0020A828012095BFD633DF
:10E9A00035FA8E3C70B5694CE37819071FD4E379CA
:10E9B0009A0716D5664D674E2878E7F763FE60B173
:10E9C0002878E7F795FE3378082BF5D8DFE803F0D1
:10E9D000908A7B6E5E44281E1000237ADB0600F1CD
:10E9E000AC800D20E2F760FE002840F0878070BD0B
:10E9F00000233370584B93F898311A1AB2FA82F206
:10EA0000237A520962F304132372D5E7524B93F829
:10EA100097311B1AB3FA83F35B09DB003370CBE742
:10EA20004D4BB3F80120D91D8854B3F80120B3F839
:10EA300005100132A3F8012092B2914204BF0722CF
:10EA4000327093F8972193F89811024483F8972134
:10EA50000A4483F89821AFE73F4BB3F8052093F8B9
:10EA6000971102EB0022014493F89801A3F80520C6
:10EA700083F8971192B2014483F89811002A59D073
:10EA800000225A709A700623337095E7324A92F842
:10EA9000973192F89811A2F80500034482F8973153
:10EAA0000B4482F898310523337085E74FF000035B
:10EAB000294A60F3070360F30F23A2F8973102237A
:10EAC000D070337078E7244A92F8973192F8981111
:10EAD0001071034482F897310B4482F89831042373
:10EAE000337069E7622814BF00230323337063E7A0
:10EAF000B5287FF461AF012333705DE7174B0D201C
:10EB00001968E2F77BFDDFF7F9FF237A23F0800332
:10EB10002372E37923F00803E371A37923F0100350
:10EB2000A371237823F0400323700220BDE87040D6
:10EB3000E7F748B8072333703EE7237A60F30413FE
:10EB40002372FEF76BFAFFF73FFE4AE734FD002021
:10EB500070100120E029012004270120A8280120AD
:10EB600010B5244A244C1178E379244A61F3410317
:10EB70001078E3710C21F5F73FFE237A2049214AF2
:10EB8000C1F8282123F010032372237823F04003D7
:10EB90002370E37823F01003E370237823F08003DD
:10EBA000237000F03DF84FF4987200211448164C81
:10EBB00007F00AF8DFED150AB7EE000ADBF77CFF75
:10EBC000134A1449144B82ED000A4FF4FA600022F4
:10EBD000086020781A704FF4E131EEF71DFB2068D1
:10EBE0000E4B01221A540821BDE81040C0B2FEF7B6
:10EBF0003BBF00BFA70E012034FD0020681001209C
:10EC0000B0280120CDCC4C3E701001200000000047
:10EC1000A0280120A8280120E0290120E4C3002029
:10EC2000154A002310B4154C13605360144A002099
:10EC30000021C4E90001C4E90201C2E90001C2E9FE
:10EC40000201104C1048114913614FF0000C82F87A
:10EC500018C053614FF07E52236003600C4C436038
:10EC60000A600C484A600C492260036010BC0A60CC
:10EC700043604A60704700BF142A0120202A012007
:10EC8000302A0120F02901200C2A0120042A012029
:10EC90002C020020FC290120F429012070B52DED63
:10ECA000048B874C237E86B01BB1864BDB781B0719
:10ECB00003D506B0BDEC048B70BD60EEA07A824B2C
:10ECC0009FED825AD3ED005A814ADFED824A92EDE0
:10ECD000004AE0EE007A21EE017AB1EEE76A61EED9
:10ECE000073AF6EE006A63EEA66A36EE656AB0EEA3
:10ECF000669A66EE066AE6EE055A66EE856ADFED0E
:10ED0000767AC3ED005AE4EE246A67EE072AB5EE80
:10ED1000003A22EE833AF4EEE76AF1EE10FAF0EEF2
:10ED2000438A08D4F2EE047AF4EEE76AF1EE10FAC0
:10ED3000D8BFF0EE667A694969486A4BC2ED007A3D
:10ED400091ED006A684AD0ED006A1B7892ED004AA6
:10ED5000664A71EE013A013BE6EE236ADBB2012B13
:10ED600092ED005A624AE7EE056A1E46A1EE056A78
:10ED700061EE044AD2ED005A65D974EEA55AC0ED91
:10ED8000006AC2ED005A81ED006A15EE900ACDEDE1
:10ED9000043A8DED034A8DED027A8DED011ACDED29
:10EDA000057AB0EE608AD9F78FFA0B465149504D7B
:10EDB0000246D1E90001D9F729F9484B484A93EDB9
:10EDC000016AD2ED016ADDED043A9DED034A9DED45
:10EDD000011A9DED027A84ED044AE3EE866AC4E9E5
:10EDE000000142494048D1ED014A90ED015AD5ED6C
:10EDF000015A012EA1EE246AE7EE246A21EE054AAB
:10EE000041D9374B75EE847AC3ED016A384BC3EDB7
:10EE1000017A324B83ED016A17EE900A8DED015AAB
:10EE2000D9F752FA0B4633490246D1E90201D9F724
:10EE3000EDF89DED015AC4E9020184ED055A06B0D2
:10EE4000BDEC048B70BDB6EE003A20EE033AA0EEA6
:10EE5000014A254BE7EE034A83ED004AE8EEA76A34
:10EE6000234B74EEA55AA9EE276AC3ED005A1C4B3A
:10EE7000A7EE275AC3ED006A184B83ED006A1B4BBF
:10EE800083ED005A81E7F6EE003A68EE233ADDEDB5
:10EE9000057AA3EE874AE8EEA76AA9EE276AE7EEAD
:10EEA000274AA8EE015A74EE257A80ED015AC2ED88
:10EEB000016A83ED016AC5ED017AC1ED014AABE754
:10EEC000302A012034FD0020F02901200AD7233CFC
:10EED0002C020020A4707D3FCDCCCC3DFC2901202C
:10EEE000042A0120A90E01200C2A0120F429012066
:10EEF000142A0120202A0120034BDB78C3F3C0022F
:10EF00001B0703D5704700BF34FD00202DE9F04FEB
:10EF10002DED028BE94C8BB0CDED023A03928DEDD5
:10EF2000013A8DED002A59EC118B57EC106BB0EEC5
:10EF3000628AE2F72FFA237E9DED002A9DED013AC9
:10EF4000DDED023A039ADFF89CE3002B00F0298202
:10EF5000DEF80030DEF80450C31A61EB050CD84D22
:10EF60009D4272EB0C0CC0F01C8223EE033A9FED25
:10EF7000D57AB4EEC73AF1EE10FACEE9000100F10D
:10EF800041829FEDD17AB4EEC73AF1EE10FAD4BFC8
:10EF9000F0EE437AF0EE477AF0EE678A63EEA33A3A
:10EFA0009FEDC85AF4EEC53AF1EE10FA08D49FED81
:10EFB000C65AF4EEC53AF1EE10FAD8BFB0EE635A75
:10EFC000C24BDFEDC97AD3ED003AC14BD3ED006AF5
:10EFD000C04B93ED006A66EEE64A78EEA35A75EEF2
:10EFE000062AB0EE643AA5EEA23AB4EEE73AF1EEA4
:10EFF00010FA40F2D380B849B84B8DED015A91ED2B
:10F00000007B5BEC17ABD3ED001A8DED023A524654
:10F010001D4630465B463946CDED001ACDED035A0C
:10F02000CDED042ACDED054ACDED066A8DED076ADA
:10F03000CDED083A8DED092AD8F7E6FFD9F774FC33
:10F04000DDED001A9DED015A9DED023ADDED035A0A
:10F05000DDED042ADDED054ADDED066A9DED076A6A
:10F06000DDED083A9DED092A07EE900A77EEE17A88
:10F07000BAEE044AF4EEC47AF1EE10FA08D4B2EE15
:10F08000044AF4EEC47AF1EE10FAD8BFB0EE674A43
:10F09000934B93ED001A72EE410AB9EE042AF4EE96
:10F0A000C20AF1EE10FA0AD4F1EE047AF4EEE70A9D
:10F0B000F1EE10FAD4BFB0EE602AB0EE672A65EE2A
:10F0C000A67AF0EE640AE3EEE67AE3EEA24AE5EE13
:10F0D000860A84EE837AC7EE834A66EE667AC0EECD
:10F0E000835AE6EEA27AF7EE002A87EE830A72EEE2
:10F0F000E57A65EE825A24EE822AE0EE045AA7EE03
:10F10000042A72EEC72A26EEE44A66EE644A27EE27
:10F11000866A67EEA67AA2EEA34AE2EEA64AE0EE7F
:10F12000637A9FED713A8DED015A75EE815AA0EE2A
:10F13000666AB4EEC43AC3ED005A77EEA47AF1EEF3
:10F1400010FA624BCDED005AC8BFB0EE434AF6EE5E
:10F15000000A83ED004A67EEA07A5D4BB4EEC63A32
:10F1600032EE212AC3ED007AF1EE10FA594B85ED0B
:10F17000002AD8BFB0EE463A83ED003A12EE100AEC
:10F18000D9F7A2F852465B46D8F740FFDDED005AAA
:10F190009DED015AC4ED045AC4E900014B4BDFED6B
:10F1A000527AD3ED013A4A4BD3ED016A494B93EDC4
:10F1B000016A26EEE63A33EEA87A36EE055AF0EE0C
:10F1C000434AE7EE054AF4EEE74AF1EE10FA40F260
:10F1D0001481424A404B92ED012ACDED014A8DED5A
:10F1E000002A93ED022B57EC126B15463B46324634
:10F1F000404649468DED027A8DED035A8DED043A75
:10F20000CDED056A8DED066ACDED073AD8F7FCFE27
:10F21000D9F78AFB9DED002ADDED014A9DED027ACA
:10F220009DED035A9DED043ADDED056A9DED066AFC
:10F23000DDED073A07EE900A77EEC27ABAEE044A9D
:10F24000F4EEC47AF1EE10FA08D4B2EE044AF4EE09
:10F25000C47AF1EE10FAD8BFB0EE674A204BD3ED76
:10F26000012A78EE625AF9EE047AF4EEE75AF1EEEA
:10F2700010FA08D4F1EE047AF4EEE75AF1EE10FA3F
:10F28000D8BFF0EE657AB0EE431AA6EE071A0F4A21
:10F2900027EE267AA3EE853AA3EEE67A66EEC65A04
:10F2A000C1EE241AE6EE855A83EE240AC7EE240A3C
:10F2B00085EEA41AB7EE005A18E000BF302A0120EC
:10F2C00080841E000AD7233C0000C842042A012083
:10F2D000FC290120F4290120202A0120142A0120E0
:10F2E0000C2A0120E8290120BD37863535EE613A28
:10F2F00020EEC67A35EE405A67EEA15A26EE036A32
:10F3000063EE261AA1EE666A60EEE64AB0EE613A56
:10F31000A5EE267AF0EE656AA1EE633AE4EE016AA4
:10F32000E3EE854A67EEA07A76EEA26AE4EE007A12
:10F330001FED135AC3ED016A37EE037AF6EE005A59
:10F3400027EE257AB4EEE45A304BCDED006AF1EEAB
:10F3500010FAB4EEC65AC8BFF0EE454A77EE827A8C
:10F3600083ED017AF1EE10FA294BC2ED014AD8BFC4
:10F37000B0EE465A83ED015A17EE900AC5ED017AB8
:10F38000D8F7A2FF32463B46D8F740FEDDED006AD3
:10F39000C4E90201C4ED056A0BB0BDEC028BBDE807
:10F3A000F08F1C4BCEF80410C3E900671A491B4AC2
:10F3B00081ED002AC3E90289194B81ED018A4FF0E2
:10F3C000000C1249C3F804C0C3F800C04FF07E53CC
:10F3D00053601360C4E900670D4AC1F804C0C4E972
:10F3E0000289C1F800C00121CEF80000536013600B
:10F3F00084ED042A84ED058A21760BB0BDEC028BE6
:10F40000BDE8F08FF0EE478AC8E500BFFC29012077
:10F41000F4290120202A01200C2A0120042A01209D
:10F42000142A012010B51C4C2DED048BD4ED018A5B
:10F43000B0EE680A02F0EAFAB0EE408AB1EE680A6D
:10F4400002F024FB94ED009AF0EE408AB0EE490AF7
:10F4500002F0DCFAF0EE409AB0EE490A02F016FB38
:10F460000E4BD3ED017A93ED007A68EEE70AF0EEE9
:10F47000406A93ED020AE0EE080A20EE280A60EEE8
:10F48000A60AA7EE880AE7EE290A02F0B1F9BDEC58
:10F49000048BB1EE400A10BDD8FC0020443D012091
:10F4A00030B583B000230F2120200093ADF8043045
:10F4B000E2F7A4F8244B0622187803216B46EDF7F7
:10F4C0009BFA00B3BDF80010BDF80230BDF804206F
:10F4D0001E4D49BA08B25BBA52BA10F5805F6B8014
:10F4E000AA8029801BB212B22BD012F5805F18BF00
:10F4F00013F5805F0CBF01230023154C627863F382
:10F500008202627005E0124C104D637843F00403F0
:10F510006370637A0F49DA0656BF0F4B00221A78E0
:10F52000881EDBF787FB637ADB0608D50949AB88C1
:10F5300031F8022C5B42524221F8022CAB8003B01E
:10F5400030BD0123D9E700BFF70000203C3D01207A
:10F5500034FD00203E3D01208D7A030808B52F4B75
:10F560001A79C2F38011520603D52D4A117829B9B0
:10F5700008BD1A7A61F300021A7208BD2020E2F772
:10F5800093F8274A0028F3D000211170FFF788FF75
:10F590002449254AB1F90230D2F857029FED236A77
:10F5A00007EE903AB1F9043007EE103AB1F90030A5
:10F5B000D2F85B12D2F8532206EE903A05EE900A8A
:10F5C000F8EEE77A05EE102A77EEA57AF8EEE66A0D
:10F5D00005EE901AB8EEC77A76EE856A37EE257A90
:10F5E000DFED135A134A144867EE867A27EE257A20
:10F5F00066EE866A82ED017AC2ED006AC2ED027A99
:10F60000E1F79CFF054B5A78197AC2F3800282F029
:10F61000010262F30001197208BD00BF34FD002031
:10F62000F60000203C3D0120B0010120CD0C9E449D
:10F6300066269344443D0120502A012030B5684B92
:10F64000684C1878684D83B01521F5F7D5F8237903
:10F6500095F8202023F04003237122B195F8211062
:10F66000002900F09B8023795A06C3F3801106D449
:10F67000237995F8902061F386132371A2B9237939
:10F68000C3F380125B0633D46378584843F0040315
:10F690006370237A027062F3000355482372554B5E
:10F6A00002701A7003B030BD95F891100029E6D1B0
:10F6B000514B03220920EDF757FA3220E1F734FFCE
:10F6C0004D2101220DF107038DF8071009200A21B1
:10F6D000EDF72CF89DF80730484A482B1370CED12F
:10F6E0002379474A092143F0400311702371C6E78B
:10F6F0003220E1F719FF424B187805EB0015A97885
:10F70000002945D13F4B0422EDF72EFA3C4D6420F1
:10F71000E1F70AFF28780021EDF762F8354B024641
:10F72000012128781A70EDF75BF8314B024602216F
:10F7300028781A70EDF754F82C4B1870FFF7B0FECC
:10F7400000212020E1F75AFF6420E1F7EDFE2E4B67
:10F7500001221A70FFF702FFFFF764FE2B4A63795C
:10F7600092F84B222A49A2F10102B2FA82F252091E
:10F7700062F3410363716379627881ED000AC3F338
:10F78000400383F0010363F38202627003B030BD73
:10F79000204B04220021EDF7E7F9B7E7164B0322CF
:10F7A0000220EDF7E1F93220E1F7BEFE4D21012202
:10F7B0000DF107038DF8071002200A21ECF7B6FFC0
:10F7C0009DF807300D4A482B13707FF44CAF237916
:10F7D0000B4A022143F040031170237143E700BF3D
:10F7E0006810012034FD0020907A0308643D012058
:10F7F000653D0120663D012038020020673D012063
:10F80000F700002034020020F6000020B0010120A3
:10F81000543D0120300200202DE9F04F954C89B075
:10F8200083460220E6F7BCF923795A0640F1E580C9
:10F83000914B1B78002B00F0E080904FDFF8609236
:10F84000D7F85332C9F80030D7F85732C9F8043026
:10F85000D7F85B32C9F808306378894ADFF8448208
:10F86000884E8948002565F3820363706379C7F881
:10F87000535265F34103637197F84B321370294675
:10F88000FF234FF49652C7F85752C7F85B5287F8D8
:10F890004B3206F099F9C8E90055C8E902553580A0
:10F8A000E1F73CFE0F2100F56A4520206035E1F7C5
:10F8B000A5FE08E0E1F732FE3388B3F5C87F5DD8D6
:10F8C000A84200F2A580DDF7EFF82020E1F7ECFE7A
:10F8D0000028EFD0FFF7E4FD6378C3F3800A5B07ED
:10F8E000E8D46A49B6F800E0B1F90030002B07EE21
:10F8F000903A0A46D4BF00230123B1F902105B00FD
:10F900000029C8BF0133F8EEE76A07EE901AB2F992
:10F9100004105D4A5B000029C8BF0133B8EEE77AE6
:10F9200007EE901A38F813100EEB4E0CF8EEE77A4B
:10F9300002EB8C0C3629CCED006A8CED017ACCED13
:10F94000027A50460EF1010E01F1010C00F28C809A
:10F9500028F813C04E4BA6F800E01878CDF80CA09C
:10F96000F5F768FF0398E6F72DF90320E6F718F995
:10F97000E1F7D4FD3388B3F5C87FA1D9A84247D8B1
:10F98000E6F77CF90020E6F70BF90220E9F7D6F854
:10F99000DDF78AF804AB00939FED3E0A31883A48C0
:10F9A00005ABC822DBF7F4F93B4B049A1880637867
:10F9B000C7F84F2223F004036370637943F0020316
:10F9C0006371059BC7F853320125069BC7F8573270
:10F9D0002946079BC7F85B32082087F84B52E9F7A6
:10F9E0008DF82E4B1D70DDF75FF8EBF7C7FA2A464E
:10F9F00034215846F4F752FF04E0002234215846DF
:10FA0000F4F74CFF022009B0BDE8F04FE6F7DAB892
:10FA1000E6F734F91A4B1B7887F84B32A3F1010251
:10FA2000B2FA82F26379520962F341036371D9F841
:10FA30000030D9F80420C7F853320120D9F8083033
:10FA4000C7F85722C7F85B32E6F7AAF80820E9F7AB
:10FA500075F8584600223421F4F720FF022009B03F
:10FA6000BDE8F04FE6F7AEB8E6F79AF80320E6F700
:10FA7000A9F81FE734FD0020A40E0120B0010120E9
:10FA8000582A01206A2A01207C2A01203C3D0120BD
:10FA9000681001200AD7233C682A0120A801012010
:10FAA0005C2A01206C2A01202DE9F04F2DED028BFC
:10FAB000694C85B00546A068D8F706FC0646E068A4
:10FAC0000F46D8F701FC824660688B46D8F7FCFBEE
:10FAD0003246804689463B4630463946D8F74CFC8C
:10FAE000524606460F465B4650465946D8F744FCF8
:10FAF00002460B4630463946D8F788FA4246064653
:10FB000001F100474B4640464946D8F735FC0246CE
:10FB10000B4630463946D8F759FD41EC100B01F041
:10FB2000EFFC51EC100BD8F7FFFE064607EE106A0B
:10FB3000D4ED007A2860A06894ED008A67EE278AE9
:10FB4000D8F7C2FB02460B46E068CDE90223D8F79E
:10FB5000BBFB824660688B46D8F7B6FB9FED3C1B2B
:10FB600041EC100B01F064FD30468DED000BD8F731
:10FB7000ABFBDDE9022306460F4610461946D8F7CF
:10FB8000FBFB5246804689465B4650465946D8F7AD
:10FB9000F3FB02460B4640464946D8F737FA9DED3F
:10FBA000000B53EC102BD8F711FD78EE087A804645
:10FBB00017EE900A8946D8F787FB02460B46404667
:10FBC0004946D8F7D9FB32463B46D8F7D5FBD8F79C
:10FBD000ABFE68606068D8F777FBD4ED027A68EE18
:10FBE000277A02460B4617EE900ACDE90023D8F794
:10FBF0006BFBDDE900238046894610461946D8F79D
:10FC0000BBFB02460B4640464946D8F7DFFC0022C4
:10FC10004FF04043D8F7B0FB32463B46D8F7ACFB39
:10FC2000D8F782FEA86094ED037AD4ED026A07EE5D
:10FC3000900A67EE877AB0EE680A87EEA67A85EDBD
:10FC4000037A05B0BDEC028BBDE8F08FAFF3008006
:10FC50000000000000000840683D01202DE9F0414F
:10FC60001746042206461D4608460C4B114600F076
:10FC700069FA30460A4B0122042100F063FA04229B
:10FC800011463846074B00F05DFA01222846064B24
:10FC9000BDE8F041114600F055BA00BF783D0120A3
:10FCA000683D0120B83D0120F83D01202DE9F041DB
:10FCB000364C2DED028B94ED027AD4ED037A9EB092
:10FCC00037EE607A77EEC17A04F1100604230096CD
:10FCD0001A4684ED027AC4ED037A04F150013046ED
:10FCE000B0EE408A00F008FB02A8FFF7DDFE012518
:10FCF0000DF1180804230EAF1A4602A93046CDE9CB
:10FD00000058F0EE408A00F093FA02A82A464146D5
:10FD100000950197042300F033FA94ED247ADDED89
:10FD20000E7A77EE877AB7EE000A80EE270A0AABE2
:10FD30002A464046042100F02FFB3B462A460AA8EB
:10FD4000042138EE680A00F027FB009421462B4678
:10FD500004243846042200F0CFFA2B4641460AA874
:10FD600022460197009400F063FA23462246394662
:10FD70003046009600F0E8FA2146304600F02EFBAF
:10FD80001EB0BDEC028BBDE8F08100BF683D0120D4
:10FD900008B52420E1F788FCF0B1114BDFED117AB2
:10FDA00093ED007AB4EEE77AF1EE10FA15DD0E4A23
:10FDB0000E4BD2ED007A93ED007AF4EEC77AF1EEB5
:10FDC00010FA0ADB0A4B93ED007AF4EEC77AF1EEF3
:10FDD00010FA94BF0120002008BD002008BD00BF1C
:10FDE000043E01203333B33FFC9000203C0200204E
:10FDF000400200200000000038B52320E1F754FC49
:10FE0000002847D0284A294BD2ED007A93ED007A9A
:10FE1000F4EEC77AF1EE10FA3DDB254B93ED007A54
:10FE2000F4EEC77AF1EE10FA35D8224B1868D8F7FD
:10FE30004BFA214A1F4BD2ED006A93ED017AC6EED0
:10FE4000877A04460D4667EEE77A17EE900AD8F7F0
:10FE50003BFA41EC100B01F053FB204653EC102B06
:10FE60002946D8F789FA0EA3D3E90023D8F7CCF8AE
:10FE7000D8F75AFD9FED117A114B07EE900AF4EE78
:10FE8000C77AF1EE10FACCBF01200020C3ED007A52
:10FE900080F0010038BD012038BD00BFAFF3008005
:10FEA000000000606666E63FFC9000203C020020F7
:10FEB00040020020683D0120FC3D01203333B33F68
:10FEC000003E012070B52DED028BDFF808C1344BE8
:10FED000344EDFED357AA6B00CF140040193BCE856
:10FEE0000F0006AD0FC5BCE80F000FC5BCE80F0042
:10FEF0000FC59CE80F0085E80F000FCC0DF1580EE0
:10FF0000AEE80F000FCCAEE80F000FCCAEE80F004C
:10FF100094E80F00D6ED008ACDED037AB0EE007ABA
:10FF2000B0EE680A8EE80F008DED027A01F06EFDEA
:10FF3000B1EE048A60EE087AB0EE680ACDED047A7C
:10FF400001F0A4FD20EE080A01AB06AA16A902A83A
:10FF50008DED050AFFF782FE144B154A1A6015480D
:10FF6000154B1649164A174C1A600460D1E9000176
:10FF7000D8F7DAFC144C154B2060D3E90001D8F710
:10FF8000D3FCA060E1F7CAFA114B41F28831186046
:10FF90002320E1F733FB26B0BDEC028B70BD00BF20
:10FFA000285C4F3E503D01200000164340020020D7
:10FFB00000007A43440200203C0200208896002082
:10FFC000000048420000B4420C3E0120B89B0020D3
:10FFD0005C3E0120AC6103082DE9F0472DED028B5A
:10FFE000DFF80C913C4EDFF80CA13C4C3C4D84B04A
:10FFF000E1F794FA99ED007B804630688DED007B47
:020000040803EF
:10000000D8F762F902460B46DDE90001D7F7FCFF9D
:10001000D8F78AFC08EE100AB068D8F755F909F548
:10002000A66702460B46D7E90001D7F7EDFFD8F7E0
:100030007BFCDAF8003063602B68236101EE100A64
:100040006B68A8686361EB6884ED031AE361C4F828
:10005000008084ED028AA0618DED031AD8F734F98F
:10006000DDE90023D7F7D2FF41EC100BFDF748FC88
:100070002062E868D8F728F9D7E90023D7F7C6FF48
:10008000184BD3E91423D8F7A1FA41EC100BFDF774
:1000900037FC154B9DED031A1B689AED000AA3620D
:1000A000F0EE480A0023E36223636062FFF7FEFD7F
:1000B000D9E90001D8F738FC03463360D7E90001DD
:1000C000D8F732FC094BB060C3F8008004B0BDEC37
:1000D000028BBDE8F08700BF0C3E0120243E0120CA
:1000E000683D0120B0280120FC9000205C3E0120EA
:1000F00088960020083E012009480A4ADFF83CC0E3
:1001000009490A4BC0F800C01160094809490A4A68
:100110001B68DFF82CC0C0F800C00B60136070478C
:10012000440200204002002000007A43ACFF00207F
:100130003C020020043E0120083E01200000B442A1
:1001400000004842F0B5151E19DD00290E4616DDE7
:100150001F46002134B204FB01FC04FB016E00EBDE
:100160008C0200EB8E0307EB8C0C52F804EB4CF87E
:1001700004EB9342F9D1013109B28D42EBDCF0BDC1
:100180002DE9F04FB2F10008BDF92440DDF828A0B8
:100190004ADD002C48DD9FED256A074689461E464C
:1001A00001EB84004FF0000C14FB0CF10AEB810111
:1001B000002EA1EC016A1EDD06FB0CF307EB830E9B
:1001C000334407EB8305CB46DFED187A5A46734676
:1001D00092ED007AF3EC016AE6EE877A9D4202EB3B
:1001E000840241ED017AF3D10BF1040B834515D064
:1001F000A1EC016AE8E74A46131D98424FF000055A
:1002000002F108020AD082420D6007D0131D984205
:100210004D6002F1080201F10801F4D10CF1010C6A
:100220000FFA8CFCE045BFDCBDE8F08F0000000059
:100230002DE9F04F83B0B2F1000BBDF93070DDF85D
:1002400034A04BDD002F49DD9FED2A6A80460E4623
:100250001D464FF0000C0FFA87F95A4609FB0CF1C6
:1002600009FB0C7E0AEB8101002DA1EC016A0AEB6F
:100270008E0ED8BF00201FDD05FB0CFB0BEB05002D
:1002800008EB800008EB8B0B0024CDF804C0DFEDF9
:10029000197A06EB840C5B46F3EC016ABCEC017A3C
:1002A000E6EE877A984241ED017AF5D1714518D092
:1002B0002C44A1EC016AEAE771450B4608D043F8EB
:1002C000040B9E4504D04860083171450B46F6D1B9
:1002D0000CF1010C0FFA8CFC6245BFDC03B0BDE8E9
:1002E000F08FDDF804C00CF1010C0FFA8CFC6245B4
:1002F000B4DCF3E7000000002DE9F041161E069D76
:100300001FDD002B98461CDD0F461CB2002104FBAC
:1003100001FC04FB018300EB8C0207EB8C0E00EB6D
:10032000830305EB8C0CF2EC017ABEEC017A77EEDC
:10033000877A9342ECEC017AF5D1013109B28E4211
:10034000E5DCBDE8F08100BF2DE9F041161E069DF9
:100350001FDD002B98461CDD0F461CB2002104FB5C
:1003600001FC04FB018300EB8C0207EB8C0E00EB1D
:10037000830305EB8C0CF2EC017ABEEC017A77EE8C
:10038000C77A9342ECEC017AF5D1013109B28E4281
:10039000E5DCBDE8F08100BF9C460B1E1DDD002A98
:1003A0001BDD30B50446002560468646A446002184
:1003B000DCED007A013167EE807A8A42CEED007A78
:1003C0000CEB820C0EEB830EF2D10135AB4204F143
:1003D000040400F10400E8D130BD704770B50C1E74
:1003E0002ADD4FF0000EF6EE006ABEF1010F1DDDB2
:1003F00000230EF1FF3614FB0EF51A46A91802FB76
:1004000004E200EB820C00EB8101D1ED007A9CED5F
:10041000007A77EE877A013367EEA67A1BB2B34291
:10042000C1ED007A1A46CCED007AE7DB0EF1010E41
:100430000FFA8EFE7445D8DC70BD00BF08B5174BAF
:10044000984206D0164B98420FD0164B984218D0BF
:1004500008BD01214FF4001000F0D8FFBDE80840AE
:1004600000214FF4001000F0D1BF01214FF48000B3
:1004700000F0CCFFBDE8084000214FF4800000F000
:10048000C5BF01214FF4000000F0C0FFBDE80840E7
:1004900000214FF4000000F0B9BF00BF005400403D
:1004A00000580040005C004030B5044687B002A808
:1004B000A588019100F030FF04982E4B0199DFF8D8
:1004C000BCC0A3FB002325F03F059B0C1D43A5806A
:1004D000228822F0010222800A6862451DD852005B
:1004E000B0FBF2F292B20133042A38BF0422238413
:1004F000A283238888884A8943F0010323802388C4
:10050000104323F481638A89098923F002030A4393
:1005100003432380228107B030BDB1F806C04BF6FB
:10052000FF75AC4520D002EB820202EB8202B0FBE9
:10053000F2F040F4804082B203EB83030E48C3EB39
:1005400003139B00A0FB03039B090133238442F0A8
:100550000103C2F30B059BB2002D08BF1A466FEAD8
:1005600042426FEA5242C3E702EB4202B0FBF2F2B0
:1005700092B2E1E783DE1B43D34D6210A0860100F7
:10058000054941F2883C00224FF48043C0E900C194
:1005900082608381704700BF0000FFBF038819B1EC
:1005A00043F001030380704723F001030380704789
:1005B000038819B143F480730380704723F4807378
:1005C00003807047038819B143F4007303807047B8
:1005D00023F40073038070471AB141F001010182D6
:1005E000704701F0FE010182704700BF038819B116
:1005F00043F480630380704723F480630380704773
:1006000001827047008AC0B2704700BF838812B170
:1006100019438180704723EA01038380704700BF3C
:10062000044B1A69002A03DA0349044A59605A60E4
:10063000704700BF003C024023016745AB89EFCD06
:10064000024A136943F0004313617047003C0240C3
:10065000014BD860704700BF003C024082B00822C6
:10066000224B8DF80720DA68D20316D4DA68D00658
:1006700038D4DA6812F0EF0F36D1DB6813F0020FCE
:100680000CBF082307238DF807309DF80730012B96
:100690000AD09DF8070002B0704701238DF807309B
:1006A0009DF80730012BF4D1104A0FE0D36813F006
:1006B000EF0F15D1D36813F0020F0CBF08230723E7
:1006C0008DF807309DF80730012BE2D1D168C903BE
:1006D0004FF00103F4D4D368DB06E7D50523EFE739
:1006E0000623EDE70523D9E70623D7E7003C0240C0
:1006F00038B5022994BF0C024FF440740546FFF749
:10070000ADFF082800D038BD104B1A6922F44072A2
:100710001A611A6922431A611A6922F0F8021A61F1
:100720001869284340F0020018611A6942F48032C7
:100730001A61FFF793FF054B1A6922F002021A6152
:100740001A6922F0F8021A6138BD00BF003C02406D
:1007500038B504460D46FFF781FF082800D038BDA4
:100760000A4B1A6922F440721A611A6942F4007243
:100770001A611A6942F001021A612560FFF76EFFE3
:10078000024B1A6922F001021A6138BD003C024096
:1007900000B5DFF894E00A88038870458C46496804
:1007A0001BD0DFF888E0704517D0B0F1804F29D01A
:1007B000DFF87CE0704525D00EF5806E704521D0C5
:1007C000DFF870E070451DD0DFF86CE0704525D093
:1007D000DFF868E0704521D01AE0BCF802E023F0B1
:1007E000700343EA0E03BCF808E023F4407343EAC5
:1007F0000E030380C16202859CF80A300386012340
:10080000838200BDBCF802E023F0700343EA0E03CC
:10081000BCF808C023F4407343EA0C0303800123AF
:10082000C1620285838200BD0000014000040140D6
:1008300000040040000C0040001000400014004084
:1008400000234FF0FF3242600381036083727047E0
:10085000038819B143F001030380704723F00103BB
:1008600003807047038C23F0010310B50384038CCD
:100870004C88B1F80CE08288B0F818C04EEA040E3B
:1008800023F00203134C43EA0E03B1F800E02CF00E
:10089000730CA0424CEA0E0C0AD004F58064A0420E
:1008A00006D089688280A0F818C04163038410BD17
:1008B000CC89B1F810E023F0080323434C8A4EEAB8
:1008C000040E8C8822F4407223F0040342EA0E02E4
:1008D0002343E6E700000140038C23F0100310B52A
:1008E0000384038C4C88B1F80CE08288B0F818C0FF
:1008F0004EEA040E23F02003144C43EA0E13B1F821
:1009000000E02CF4E64CA0424CEA0E2C0AD004F590
:100910008064A04206D089688280A0F818C08163F4
:10092000038410BDCC89B1F810E023F0800343EAC2
:1009300004134C8A4EEA040E8C8822F4406223F0A1
:10094000400342EA8E0243EA0413E4E70000014058
:10095000038C23F4807310B50384038C4C88B1F8A6
:100960000CE08288B0F81CC04EEA040E23F4007339
:10097000144C43EA0E23B1F800E02CF0730CA042B3
:100980004CEA0E0C0AD004F58064A04206D08968B7
:100990008280A0F81CC0C163038410BDCC89B1F86B
:1009A00010E023F4006343EA04234C8A4EEA040E69
:1009B0008C8822F4405223F4806342EA0E1243EA08
:1009C0000423E4E700000140038C23F4805310B5B6
:1009D0000384028C4C88B1F80CE08388B0F81CC00A
:1009E0004EEA040E22F400520D4C42EA0E32B1F8E7
:1009F00000E02CF4E64CA0424CEA0E2C0AD004F5A0
:100A00008064A04206D089688380A0F81CC001647D
:100A1000028410BD0C8A23F4804343EA8413F2E776
:100A2000000001400023C0E90233036083800361BA
:100A3000704700BF038B23F008030B430383704709
:100A4000038B23F4006343EA01230383704700BF51
:100A5000838B23F008030B4383837047838B23F43A
:100A6000006343EA01238383704700BF0023012210
:100A70000360426003817047406B7047806B704732
:100A8000C06B7047006C7047B0F8443031B16FEA0A
:100A900043436FEA5343A0F844307047C3F30E0357
:100AA000A0F84430704700BF838912B11943818197
:100AB000704723EA01038381704700BF038A82895C
:100AC000114214BF01200020194200F0010008BFAC
:100AD00000207047C9430182704700BF014B586135
:100AE000704700BF003C014000222DE9F04713464B
:100AF0000E680C460125032704E00133102B02F198
:100B0000020241D005FA03FC3CEA0601F5D1016876
:100B100007FA02F921EA0901016094F804E0D0F82B
:100B200000A00EFA02F10EF1FF3E41EA0A01BEF109
:100B3000010FC846016016D8816821EA0901816069
:100B40006179D0F808E0914041EA0E018160416886
:100B500021EA0C014160A179D0F804C0994089B222
:100B600041EA0C014160C16821EA0801C16094F8C2
:100B700007C0C1680CFA02FC01334CEA0101102BDA
:100B8000C16002F10202BDD1BDE8F0874FF6FF72ED
:100B90000023C0E9002370470369194214BF0120F4
:100BA000002070470183704741837047CB0800EBFA
:100BB000830001F00701036A89004FF00F0C0CFA63
:100BC00001FC23EA0C030362036A8A401A430262AF
:100BD000704700BF82B0064B002201920193019B37
:100BE00003EB80030193019B196002B0704700BFC3
:100BF0005028004082B0064B002201920193019BD5
:100C000003EB80030193019B186802B0704700BF9B
:100C10005028004002683349002322F001024FF0BF
:100C2000210C88420260036043608360C3600361FB
:100C3000C0F814C032D02C4B98422AD02B4B98428B
:100C400034D02B4B984236D02A4B98422AD02A4B8C
:100C5000984235D0294B98423AD0294B98423BD004
:100C6000284B984230D0284B984212D0274B9842BC
:100C70001CD0274B98421ED0264B984212D0264BB0
:100C800098421DD0254B984222D0254B984223D024
:100C900070474FF4746243F8202C7047214B3D227B
:100CA0009A607047204A43F8642C70474FF47412DE
:100CB00043F8382C70474FF0746243F8502C70475B
:100CC0001A4A43F87C2C70473D2243F8082C7047A1
:100CD000174A43F8942C70474FF03D5243F8AC2C20
:100CE000D6E700BF1060024028600240406002402A
:100CF000586002407060024088600240A06002407C
:100D0000B86002401064024028640240406402401F
:100D1000586402407064024088640240A06402404B
:100D2000B8640240006002403D000020400F0020F7
:100D300000003D2010B50B68CC684A69D0F800E08F
:100D4000DFF850C023431343D1E906422343134342
:100D5000D1E9084223438C6A13434A6B234313436C
:100D60008A6B0EEA0C0C134343EA0C03CA6A036055
:100D70004369D1F810E023F0070C0B6B134343EAEF
:100D80000C034361D1E90123C0F804E08260C36031
:100D900010BD00BF3F801CF00023C0E90033C0E954
:100DA0000233C0E90433C0E90633C0E90833C0E9BF
:100DB0000A33C0E90C338363704700BF036819B17D
:100DC00043F001030360704723F0010303607047A1
:100DD00041607047406880B2704700BF006800F013
:100DE000010070470B060CD543699AB143F08003AC
:100DF000802943610DD0036801F01E011943016091
:100E00007047002AF7D1036801F01E0123EA0103AD
:100E10000360704723F0800380294361F3D170475A
:100E2000064B984294BF064A064A21F0F02323F06D
:100E3000821389004CBFD360936070470F640240F7
:100E40000060024000640240034B40F0BF6040F489
:100E50000030D860704700BF00ED00E010B50378A7
:100E6000C178012203F01F0C4FEA531E02FA0CF264
:100E7000D1B110494478C9686FEA010CCCF3022C57
:100E80008178CCF10400C0B204FA00F00F2444FAD7
:100E90000CFC01EA0C01014307480344090183F8F3
:100EA000001340F82E2010BD034B0EF1200E43F826
:100EB0002E2010BD00ED00E000E100E0014B1860C5
:100EC000704700BF00300040014B5860704700BFC2
:100ED00000300040014B9860704700BF0030004078
:100EE000024B4AF6AA221A60704700BF0030004049
:100EF000024B4CF6CC421A60704700BF00300040F5
:100F000010B5028ACB8822F44052134386B0038284
:100F100082898B880191044608890343488922F419
:100F2000B05222F00C0203431343A381A28A8B899F
:100F300022F440721343A38202A800F0EDF91C4B87
:100F400001999C4205D003F580639C4201D0049B2B
:100F500000E0059BA0890A6801041649A08903EBFB
:100F600083034CBF5200920003EB8303B3FBF2F305
:100F7000A1FB03E24FF0640C520900040CFB123396
:100F80000AD41B013233A1FB0313C3F3431343EA17
:100F90000212228106B010BDDB003233A1FB031325
:100FA000C3F3421343EA0212228106B010BD00BF10
:100FB000001001401F85EB5100234FF416514FF4F0
:100FC0004022C0E90013826083817047838919B190
:100FD00043F400538381704723F4005383817047A7
:100FE000C1F30801818070478088C0F30800704712
:100FF000838A12B119438182704723EA01038382F5
:10100000704700BF01F01F0CC1F3421101230129F9
:1010100003FA0CF30DD002290CBF103014301AB1B2
:101020000268134303607047026822EA0303036007
:1010300070470C30F3E700BFC1F3421201F01F0C00
:101040000123012A03FA0CF313D0022A0CBF028AEF
:10105000828A92B21A400388090A012000FA01F13B
:101060009BB20B40002A18BF002B14BF01200020A8
:101070007047828992B21A40EDE700BF014B1862B7
:10108000704700BF00000E42436891F804C00A6830
:1010900023F0407323F4807343EA0C23134343602B
:1010A000D1E9032313438A68D0F808C01343094ADF
:1010B0000CEA020291F805C0134343EA4C03836033
:1010C0000A7DC36A013A23F47003D2B243EA0253A1
:1010D000C3627047FDF7FFC000230122C0E902335D
:1010E0000360838003610275704700BF4268036834
:1010F00007491343D1F804C0064A0CEA0202D0E9BA
:1011000002C0134343EA0C0303434B60704700BF24
:1011100000230140E030FCFF0023C0E90033C0E9B8
:1011200002337047836819B143F00103836070474D
:1011300023F0010383607047092910B531D9A1F16B
:101140000A0CC4680CEB4C0C4FF0070E03FA0CF3BE
:101150000EFA0CFC24EA0C0E43EA0E03C360062AC6
:101160000ED8013A436B02EB82024FF01F0C0CFACF
:1011700002FC23EA0C0301FA02F21A43426310BD97
:101180000C2A1DD8073A036B02EB82024FF01F0CAA
:101190000CFA02FC23EA0C0301FA02F21A4302637E
:1011A00010BD01EB410C04694FF0070E0EFA0CFE66
:1011B00003FA0CF324EA0E0C43EA0C030361CEE7B6
:1011C0000D3AC36A02EB82024FF01F0C0CFA02FCCC
:1011D00023EA0C0391401943C16210BD836843F0B8
:1011E00080438360704700BF836819B143F4807304
:1011F0008360704723F4807383607047836819B1FC
:1012000043F400738360704723F400738360704776
:1012100008B5174B984206D0164B98420FD0164B84
:10122000984218D008BD01214FF4805000F0FAF820
:10123000BDE8084000214FF4805000F0F3B80121D0
:101240004FF4804000F0E2F8BDE8084000214FF480
:10125000804000F0DBB801214FF4004000F0D6F8E8
:10126000BDE8084000214FF4004000F0CFB800BFB7
:101270000030014000380040003C0040B1F802C09E
:101280000B888A8843EA0C03B1F806C013430A8925
:1012900000B543EA0C03B1F80AE0B1F80CC01343FF
:1012A00043EA0E03028843EA0C03B1F80EC002F4CD
:1012B000415243EA0C0313430380838B0A8A23F4CD
:1012C00000638383028200BD002307220360436022
:1012D0008360C36002827047038819B143F0400302
:1012E0000380704723F0400303807047808980B2F9
:1012F000704700BF81817047038819B143F40053E0
:101300000380704723F40053038070470389194218
:1013100014BF012000207047204A936803F00C039B
:10132000042B38D0082B1DD01D4B1C4A0360D2F86B
:1013300008C01C49CCF3031C11F80CC023FA0CF3B1
:101340004360D2F808C0CCF3822C11F80CC023FA09
:101350000CFCC0F808C09268C2F342328A5CD340E9
:10136000C36070475368516813F4800F536814BF0B
:101370000D4A0B4AC3F3881301F03F01B2FBF1F2AF
:1013800002FB03F3054A5268C2F3014201325200E4
:10139000B3FBF2F3C9E7044BC7E700BF00380240D4
:1013A0000024F400508F030800127A00044A136BE3
:1013B00011B103431363704723EA000313637047BB
:1013C00000380240044A536B11B103435363704722
:1013D00023EA00035363704700380240044A136C49
:1013E00011B103431364704723EA00031364704789
:1013F00000380240044A536C11B1034353647047F0
:1014000023EA00035364704700380240044A136A19
:1014100011B103431362704723EA0003136270475C
:1014200000380240044A536A11B1034353627047C3
:1014300023EA000353627047003802404309012B3E
:101440000BD0022B094B0CBF1B6F5B6F00F01F0012
:1014500023FA00F000F001007047044B1B6800F015
:101460001F0023FA00F000F001007047003802402E
:10147000024A536F43F0807353677047003802404D
:1014800014481549026800608A421DD0002103E01B
:10149000124B5B58435004311148124B42189A4288
:1014A000F6D3114A02E0002342F8043B0F4B9A4264
:1014B000F9D30F48016841F470010160F2F7F6FCBE
:1014C000E7F7A8FD7047FEE70A48D0F800D040686B
:1014D00000470000FCFF0120EFBEADDE6095030871
:1014E00000000020BC040020C00400203041012086
:1014F00088ED00E00000FF1FFEE7000000F094BC54
:1015000008B52DED048BB0EE409AF0EE609A00F035
:101510006FFDB0EE408AF0EE608AB0EE490AF0EE60
:10152000690A00F015FB78B119A3D3E9002351EC47
:10153000190BD7F7B1F970B917A3D3E9002351EC10
:10154000190BD7F78BF998B9B0EE480AF0EE680A94
:10155000BDEC048B08BD9FED0A8B04F079FBB0EE67
:10156000480AF0EE680ABDEC048B2223036008BD34
:1015700004F06EFB22239FED048B0360E4E700BFC1
:10158000000000000000F07F0000000000000000EC
:10159000EF39FAFE422E864051302DD5104987C0D2
:1015A00038B52DED028B55EC104B00F0F5FE2246C0
:1015B0002B4620462946B0EE408AF0EE608AD7F7E7
:1015C00075F9B8B90022002320462946D7F764F9F7
:1015D00080B90022002320462946D7F735F980B18B
:1015E00004F036FB9FED0E7B22230360B0EE478AAA
:1015F000F0EE678AB0EE480AF0EE680ABDEC028BA6
:1016000038BD04F025FBBDEC028B034621221A6095
:101610000548BDE8384000F0A7BA00BFAFF300802E
:10162000000000000000F0FF7C66030800000000DE
:1016300038B52DED048BB0EE409AF0EE609A55EC83
:10164000114B01F0ADF822462B4620462946B0EE5C
:10165000408AF0EE608AD7F729F978B951EC190B76
:1016600000220023D7F7F0F8F0B100220023204633
:101670002946D7F7E9F840B19FED2B8BB0EE480A29
:10168000F0EE680ABDEC048B38BD45EC104B00F061
:101690005FFA0028F2D00022002320462946D7F71F
:1016A000DDF80028EAD032E0B0EE480AF0EE680A31
:1016B00000F04EFAB0B151EC180B00220023D7F71E
:1016C000C3F80028DAD0B0EE490AF0EE690A00F05B
:1016D0003FFA0028D2D045EC104B00F039FA002830
:1016E000CCD014E0B0EE490AF0EE690A00F030FA0E
:1016F0000028E0D045EC104B00F02AFA0028DAD0A0
:1017000053EC182B51EC180BD7F7D0F820B904F094
:101710009FFA22230360B1E704F09AFA21230360C1
:10172000ACE700BFAFF30080000000000000F03F16
:1017300038B52DED028B55EC104B00F02DFA2246FA
:101740002B4620462946B0EE408AF0EE608AD7F755
:10175000ADF830B90022002320462946D7F77EF89D
:1017600030B9B0EE480AF0EE680ABDEC028B38BD25
:1017700004F06EFA00220023212101601046194670
:10178000D6F724FF41EC180BB0EE480AF0EE680AD9
:10179000BDEC028B38BD00BF08B52DED028BB0EE5D
:1017A000408A02F09FF9B4EE488AF1EE10FAF0EEAA
:1017B000408A0AD6B0EE480A00F060F9F7EE007AE7
:1017C000B4EEE70AF1EE10FA04DCB0EE680ABDEC04
:1017D000028B08BD04F03CFABDEC028B03462122CB
:1017E0001A600248BDE8084000F0D0B97C660308E2
:1017F00002F082BA08B52DED028BF0EE408A02F0BD
:101800001DFBB0EE408AB0EE680A00F0B5F968B191
:10181000DFED127AF4EEE78AF1EE10FA0BDCDFED81
:10182000107AF4EEE78AF1EE10FA0FD4B0EE480A1F
:10183000BDEC028B08BD9FED0B8A04F009FAB0EEF7
:10184000480ABDEC028B2223036008BD04F000FAB5
:1018500022239FED058A0360E8E700BF1772B142BB
:10186000B5F1CFC20000807F0000000008B52DED6B
:10187000028BB0EE408A02F0D5FBB4EE488AF1EE5E
:1018800010FA0FD6B5EEC08AF1EE10FA0ADCB5EE0A
:10189000408AF1EE10FA08D104F0DAF922239FED24
:1018A000090A0360BDEC028B08BD04F0D1F9BDEC60
:1018B000028B034621221A600348BDE8084000F06D
:1018C00065B900BF000080FF7C66030800B52DED00
:1018D000028B83B0B0EE608AF0EE408A02F09CFC8E
:1018E000B4EE488AF1EE10FAF0EE407A0BD6F5EE3F
:1018F000408AF1EE10FA1CD1B5EE408AF1EE10FAF2
:1019000007D1F7EE007AB0EE670A03B0BDEC028BA8
:1019100000BD8DED010AB0EE480A00F02DF9DDEDB5
:10192000017A0028EFD0B5EEC08AF1EE10FAEAD5C0
:1019300036E08DED010A00F01FF9DDED017AB8B156
:10194000F5EE407AF1EE10FADDD1B0EE680ACDED99
:10195000017A00F011F9DDED017A0028D3D0B0EE64
:10196000480A00F009F9DDED017A0028CBD017E034
:10197000B0EE680A00F000F9DDED017A0028DFD052
:10198000B0EE480A00F0F8F8DDED017A0028D7D073
:10199000F4EE677AF1EE10FA78BFCDED017A06D653
:1019A00004F056F92223DDED017A0360ABE704F081
:1019B0004FF92123DDED017A0360A4E700B52DED99
:1019C000028BB0EE408A83B000F0DEF9B4EE488AB4
:1019D000F1EE10FA06D6DFED0C7AB4EEE78AF1EEFE
:1019E00010FA03D403B0BDEC028B00BDCDED017A3B
:1019F00004F02EF9DDED017A87EEA70A21230360BA
:101A000003B0BDEC028B00BD0000000010EE103AE8
:101A1000184A23F00043934219D9B3F1FF4F02D380
:101A200030EE400A704700B583B0684602F07EFF92
:101A300000F0030001289DED000ADDED010A0FD042
:101A4000022808D088B901F0A9FE03B000BDDFED7F
:101A50000A0A01F0A3BE01F0A1FEB1EE400AF4E7CC
:101A600001F01EFFB1EE400AEFE7012001F018FF80
:101A7000EBE700BFD80F493F0000000010EE103A1E
:101A800023F0004300EE103A704700BF10EE103A0A
:101A9000194A23F0004393421AD9B3F1FF4F02D3FE
:101AA00030EE400A704700B583B0684602F03EFF52
:101AB00000F0030001289DED000ADDED010A12D0BF
:101AC00002280AD090B9012001F0EAFE03B000BD5F
:101AD000DFED0A0A002001F0E3BE012001F0E0FE84
:101AE000B1EE400AF2E701F059FEEFE701F056FED1
:101AF000B1EE400AEAE700BFD80F493F00000000FE
:101B000010EE103A104A23F00043934217D9B3F174
:101B1000FF4F02D330EE400A704700B583B06846ED
:101B200002F004FF400000F00200DDED010A9DED2F
:101B3000000AC0F1010001F0FBFE03B000BDDFEDC3
:101B4000030A012001F0F4BEDA0F493F0000000053
:101B500082B08DED000B019840F0004000F5801040
:101B6000C00F02B0704700BF9FED010B704700BF70
:101B7000000000000000F87F10EE103A23F0004053
:101B8000B0F1FF4F2CBF0020012070479FED010AEC
:101B9000704700BF0000C07F2DE9F84F55EC104B97
:101BA000764BAB4300F0AF80002D29462A462346F2
:101BB00055DD2C1562D0C2F31302E007A4F2FF3109
:101BC00042F4801203D4520002EBD3725B00520045
:101BD00000264FEA610902EBD37216245B00B4467B
:101BE0004FF400110CEB010090424FEAD3754FEA1D
:101BF000430303DC00EB010C121A0E44013C05EB1D
:101C000042024FEA5101EDD1274620254FF0004016
:101C10000AE042D0510001EBD371013D0A464FEA80
:101C200043034FEA500044D0624500EB070EF0DD5D
:101C3000BEF1000F0EEB00070CDBE046A2EB0C013F
:101C40009E4588BF01F1FF314900C446A3EB0E0356
:101C50000444E0E7002FF0DB0CF10108EEE725F08B
:101C60000040204347D0002D74D1D90A153A5B05B6
:101C70000029FAD0CE0214467CD40A460021520034
:101C8000D502084601F10101F9D5C1F1200523FA79
:101C900005F52A438B40241A8DE79E4502D94FEA69
:101CA0004C01B8E7BEF1000F0EEB000725DB002169
:101CB000CCE7194313D0324FDFF8C880D7E90001D1
:101CC000D8E9002397ED007B5BEC17ABD6F79CF9C6
:101CD00002460B4650465946D6F7CAFD08BB650872
:101CE000711001F17F5101F5001101EB095345EA33
:101CF000C67243EC102BBDE8F88F002FD7DB0CF138
:101D0000010C0021A2E722462B4620462946D6F7A1
:101D100033FB22462B46D6F779F941EC100BBDE890
:101D2000F88FB4F1FF3FD7E90001D8E900231DD0B7
:101D3000D6F76CF9D7E9007802460B46384641469B
:101D4000D6F78CFDA0B1A31C04F1020508BF013633
:101D50006D08C5E722462B462046D6F755F90246C0
:101D60000B46D6F733FC41EC100BC4E70136B7E75E
:101D70000134B4E74FF0FF300A468CE70000F07FF3
:101D8000688F0308608F0308B1EEC00A704700BF78
:101D900010EE101AC1F3C7527F3A162A21F0004301
:101DA0001BDC002A1FDB1B481041014224D0DFED61
:101DB0001A7A70EE277AF5EEC07AF1EE10FA1BDD92
:101DC0004FF4000313410B4413EA210338BF0B46C1
:101DD00023EA000300EE103A7047B3F1FF4F0BD334
:101DE00030EE000A7047DFED0C7A70EE277AF5EEE0
:101DF000C07AF1EE10FA00DC7047002902DB9FED9B
:101E0000070A704713B99FED060A7047BFEE000A34
:101E1000F2E700BFFFFF7F00CAF249710000000037
:101E200000000080000000002DE9F04B5CEC11BBCD
:101E3000CBF10003DFF8B0E143EA0B032CF00045DF
:101E400051EC100B45EAD37373450746884644D8D6
:101E50007B4206463B43084621F0004141EAD373EA
:101E600073453AD80CF1404303F5801353EA0B0352
:101E7000644643D0A31703F0020343EAD8730E432A
:101E8000994634D05BEA05023CD075454BD071458C
:101E900038D04B1BB3F1747F4FEA235240DA002C49
:101EA0004DDA3C324BDA9FED400BB9F1010F64D0B3
:101EB000B9F1020F50D0B9F1000F16D051EC100B50
:101EC00043A3D3E90023D6F79FF83DA3D3E900232A
:101ED000D6F79AF841EC100B07E03A4643465846CD
:101EE0006146D6F793F841EC100BBDE8F08B022B5E
:101EF00010D0032B0BD048EC107BF6E7BDE8F04B7D
:101F000001F09EBA002808DB9FED290BEDE79FED5D
:101F10002A0BEAE79FED2A0BE7E79FED2B0BE4E79F
:101F20009FED230BC1E7A94203F1FF332ED0022B13
:101F300034D82B4A02EBC30393ED000BD5E75A4686
:101F4000634638464146D6F741FB41EC100B01F0A1
:101F50001BFC01F075FAA8E71DA3D3E9002351EC9F
:101F6000100BD6F751F802460B4615A1D1E9000136
:101F7000D6F74AF841EC100BB7E710EE901A53EC85
:101F8000102B01F1004343EC102BAEE7022B08D8D5
:101F9000144A02EBC30393ED000BA6E79FED020B7F
:101FA000A3E79FED0D0BA0E700000000000000007C
:101FB000182D4454FB21F93F182D4454FB2109C02E
:101FC000182D4454FB210940182D4454FB21F9BF1E
:101FD000075C143326A6A13C182D4454FB21E93F8D
:101FE000708F0308888F03080000F07F0000000056
:101FF0002DE9F04755EC104BD34925F000428A42B9
:1020000086B04FEAD5760CD9D0498A4270D9C5F34B
:102010001303234340F05481002E66D09FEDB20B92
:1020200063E0CB4B9A4200F21A81CA4B9A4240F2CB
:10203000308122462B4620462946D6F79DF9ACA38F
:10204000D3E9002306460F46D6F796F9AAA3D3E9AB
:102050000023D5F7D9FF32463B46D6F78DF9A8A322
:10206000D3E90023D5F7D2FF32463B46D6F784F9B1
:10207000A5A3D3E90023D5F7C7FF32463B46D6F7E1
:102080007BF9A3A3D3E90023D5F7C0FF32463B4633
:10209000D6F772F902460B4620462946D5F7B4FF1B
:1020A000CDE90201DDE90289204642464B46294638
:1020B000D6F762F9002206460F464FF080434046AD
:1020C0004946D5F7A1FF02460B4630463946D6F7BA
:1020D0007DFA22462B46D5F797FF02460B46002095
:1020E0009D49D5F791FF41EC100B06B0BDE8F08794
:1020F00089A3D3E9002320462946D6F7CDFB07461E
:10210000002840F0E88086A3D3E900232046294632
:10211000D6F7A4FB002840F03781904B204603EB14
:10212000C606294680A3D3E90023D6F725F9D6E9C8
:102130000023D5F76BFFD6F7CFFB0646D6F7B2F8EC
:102140007BA3D3E9002307468846D6F715F9024654
:102150000B4620462946D5F757FF02460B46384620
:10216000414691469A4674A3D3E90023D6F704F971
:10217000CDE90001DDE9002348465146D5F744FF8B
:1021800002460B4604460D46D6F7F6F858A3D3E9A7
:10219000002307468846D6F7EFF857A3D3E9002374
:1021A000D5F732FF3A464346D6F7E6F854A3D3E9CB
:1021B0000023D5F72BFF3A464346D6F7DDF852A366
:1021C000D3E90023D5F720FF3A464346D6F7D4F8A3
:1021D0004FA3D3E90023D5F719FF3A464346D6F774
:1021E000CBF802460B4620462946D5F70DFF074699
:1021F0008846204629463A464346CDE90278D6F736
:10220000BBF8CDE90401002E3FF44CAF3A464346FB
:1022100000204FF08041D5F7F7FE02460B46DDE97E
:102220000401D6F7D3F902460B46DDE90001D5F7E4
:10223000EBFE4A465346D5F7E7FE0B4602464649B3
:102240000020D5F7E1FE6FF47F739E42C0F28E80CE
:1022500001EB065141EC100B06B0BDE8F087404B96
:102260009A423FF65AAF3F4B03EBC603D3E9002334
:1022700020462946D5F7C8FE3B4B03EBC60393ED3A
:10228000007B86F001038DED007B81468A469E1B14
:1022900070E72BA3D3E9002320462946D5F7B6FEE5
:1022A0002D4B0022D6F7F8FA00283FF4C2AE2A4B95
:1022B000002220462946D5F7A9FE41EC100B14E771
:1022C00022462B4620462946D5F7A0FE41EC100BAE
:1022D00006B0BDE8F087002006B0BDE8F04702F088
:1022E000FBBD00BFAFF30080000000000000000055
:1022F000D0A4BE726937663EF16BD2C541BDBB3E0C
:102300002CDE25AF6A56113F93BDBE166CC1663FE9
:102310003E5555555555C53FEF39FAFE422E86407C
:1023200051302DD5104987C0FE822B654715F73FE8
:102330000000E0FE422EE63F763C7935EF39EA3D7B
:102340009C7500883CE4377E412E8640FFFFEF7F7E
:10235000422ED63FFFFFEF3D0000F03FC08F030845
:10236000B1A2F03FB08F0308A08F030806F57A737F
:1023700001EB035100224FF0B873D5F7FDFF41EC9C
:10238000100B06B0BDE8F087384606B0BDE8F04750
:1023900002F09ABD000000002DE9F04F51EC100B47
:1023A000B1F5801F87B00C4680F2838021F0004396
:1023B000034300F029810029C0F2BC81D84B0022E0
:1023C000D5F7DAFFD74B0C469C426FF0350C75DC25
:1023D0002215C4F3130404F51523A2F2FF3203F609
:1023E0006473624403F4801302EB135583F07F534C
:1023F00083F4401343EA04010022CB4B0195D5F747
:1024000003FEA31CC3F31303022B82468B464FF03B
:1024100000025CDC0023D6F717FA002840F0FF80AA
:10242000ABA3D3E9002350465946D5F7A5FF024692
:102430000B460020BD49D5F7E7FD524606460F463C
:102440005B4650465946D5F797FF0B46024639463C
:102450003046D5F791FF019B54465D46804689463C
:10246000E3B10198D5F71EFF9BA3D3E900230646ED
:102470000F46D5F781FF9AA3D3E9002304460D4602
:1024800030463946D5F778FF02460B464046494666
:10249000D5F7BAFD52465B46D5F7B6FD02460B4668
:1024A00020462946D5F7B0FD41EC100B07B0BDE83A
:1024B000F08F9C4B9C424FF0000C89DD02460B468E
:1024C000D5F7A4FD41EC100B07B0BDE8F08F4FF03D
:1024D0008043D5F79BFD02460B4650465946D6F73A
:1024E00075F8804601988946D5F7DCFE4246CDE96D
:1024F00004014B4640464946D5F73EFF06460F4687
:1025000002460B46CDE90267D5F736FF76A3D3E93D
:10251000002306460F46D5F72FFF75A3D3E9002306
:10252000D5F774FD32463B46D5F726FF72A3D3E9B3
:102530000023D5F76BFD32463B46D5F71DFF70A350
:10254000D3E90023D5F762FDDDE90223D5F714FFB7
:102550006DA3D3E90023CDE9020130463946D5F712
:102560000BFF6BA3D3E90023D5F750FD32463B4662
:10257000D5F702FF68A3D3E90023D5F747FD32461C
:102580003B46D5F7F9FEA4F5C22502460B46C4F535
:10259000D724DDE90201D5F739FDA5F27A4551349A
:1025A0002C43002C06460F4602460B4656DD5F4B79
:1025B000002250465946D5F7DFFE52465B46D5F716
:1025C000DBFE02460B4604460D4630463946CDE951
:1025D0000245D5F71BFD4B464246D5F7CDFE019B84
:1025E00080468946002B40F0B0800B4602462946C3
:1025F0002046D5F709FD02460B4650465946D5F709
:1026000003FD41EC100B5FE7002200234849002046
:10261000D5F7DCFF41EC100B07B0BDE8F08F002DC3
:1026200000F0AE802846D5F73DFE2BA3D3E900236A
:1026300006460F46D5F7A0FE29A3D3E9002304469A
:102640000D4630463946D5F797FE02460B462046E2
:102650002946D5F7DBFC41EC100B35E750465946CF
:10266000D5F7D2FC4B464246D5F786FE019B544631
:102670005D4680468946002B3FF410AFDDE90445F6
:1026800015A3D3E9002320462946D5F775FE14A3E8
:10269000D3E9002306460F4620462946D5F76CFEAF
:1026A00002460B4640464946D5F7AEFC52465B46CD
:1026B000D5F7AAFC02460B4630463946D5F7A4FCAE
:1026C00041EC100B07B0BDE8F08F00BFAFF3008006
:1026D000555555555555D53F0000E0FE422EE63F75
:1026E000763C7935EF39EA3D44523EDF12F1C23F84
:1026F000DE03CB966446C73F599322942449D23FC8
:10270000935555555555E53F9FC678D0099AC33F17
:10271000AF788E1DC571CC3F04FA97999999D93F2E
:1027200000005043FFFFEF7F0000F03F0000E03F5C
:10273000000050C302460B46D5F766FC002200237A
:10274000D5F744FF41EC100BBEE6DDE9044510A3CC
:10275000D3E9002320462946D5F70EFE0EA3D3E980
:10276000002306460F4620462946D5F705FE424679
:102770004B46D5F74BFC02460B46DDE9020193E7D9
:102780009FED010BA0E600BF00000000000000006C
:102790000000E0FE422EE63F763C7935EF39EA3D17
:1027A0002DE9F04F59EC118B29F0004358EA030052
:1027B00055EC104B93B012D123196B4985F40022CC
:1027C00052419842914122D242464B4620462946E8
:1027D000D5F71CFC41EC100B13B0BDE8F08F63493A
:1027E00025F0004088422F468346A24614D907F1BF
:1027F000404303F5801353EA0A03E5D14246921899
:10280000594889F40021494193428841DCD39FED26
:10281000540B13B0BDE8F08F4E46424612D08B42A7
:10282000E5D8014653D0002F14DB002A40F0848005
:102830004F48834240F05684002EC0F2158545EC87
:10284000104BC9E7002CBFD18342BDD800F05A8499
:102850000146E8E74748834200F2A48346488342A2
:1028600000F2A683002A40F0F183B6F1804F00F019
:102870000885009245EC104B0493029100F084FF10
:102880000299049BBAF1000F33D00098FA0F013A75
:10289000104361D000980138104300F07E839FED13
:1028A000307B8DED067BB3F1844F69D9334A934277
:1028B000314B40F23A849B4500F20B85002EC0F26A
:1028C0000B85002013B0BDE8F04F02F0FDBA002ADE
:1028D0008DD100F1404303F58013234397D0264B5D
:1028E0009B4540F29984002EC0F21F8549EC108B65
:1028F00072E71F4A27F04040904202D0BBF1000F20
:10290000C3D1002EC0F27E84002FBFF665AF009ABF
:102910000BF1404303F58013134340F0BC8453ECA8
:10292000102B10461946D5F76FFB02460B46D5F71C
:102930004DFE41EC100B4FE70022009245EC104B8E
:102940000493029100F020FF0299049BBAF1000F5A
:10295000CFD0FA0F013A9DE722462B46E1E700BFB0
:10296000000000000000F03F0000F0FF0000F07FDA
:102970000000F03FFFFF3F43FFFFEF3F0000F04349
:10298000CD4B3B40002253B951EC100BCB4BD5F74C
:10299000F3FC41EC100B10EE901A6FF034020B15A3
:1029A000A3F2FF339E18C64BC1F3130141F07F54CD
:1029B000994244F4401440F3AA83C24B994240F335
:1029C00078849FEDA77B8DED0E7B9FEDA77B8DED32
:1029D000047B9FEDA37B8DED107B0136A4F5801465
:1029E000002553EC102B92465046DDE90423214686
:1029F000D5F70AFBA346DDE90423CDE90A015046D9
:102A00002146CDE908ABD5F701FB02460B46002075
:102A1000AD49D5F7DBFD0A460146CDE90C12134658
:102A20000246DDE90A01D5F7A7FC0A460146CDE9D1
:102A30000012DDE900BC0021CDE902BC02919DED50
:102A4000027B63105CEC17BB43F0005303F50023DB
:102A5000DA460020591904460D4602460B465046F8
:102A60006146E346D5F788FC02460B46DDE90A01DC
:102A7000D5F7CAFADDE90423CDE90A012046294643
:102A8000D5F7C2FA02460B46DDE90801D5F7BCFAD4
:102A900052465B46D5F770FC02460B46DDE90A015B
:102AA000D5F7B2FADDE90C23D5F766FCDDE9004580
:102AB000CDE9040122462B4620462946D5F75CFC89
:102AC0006BA3D3E9002304460D46D5F755FC6AA352
:102AD000D3E90023D5F79AFA22462B46D5F74CFCCA
:102AE00067A3D3E90023D5F791FA22462B46D5F701
:102AF00043FC65A3D3E90023D5F788FA22462B4689
:102B0000D5F73AFC62A3D3E90023D5F77FFA224632
:102B10002B46D5F731FC60A3D3E90023D5F776FA2D
:102B20002246CDE908012B4620462946D5F724FC4C
:102B300002460B46DDE90801D5F71EFC5246044665
:102B40000D465B46DDE90001D5F760FADDE90423B7
:102B5000D5F712FC22462B46D5F758FA52460446C2
:102B60000D465B4650465946D5F706FC574B0022AA
:102B7000CDE90A01D5F74AFA22462B46CDE90845A8
:102B8000D5F744FA00240D4622462B4650465946B6
:102B9000D5F7F2FB4D4B82468B4600222046294654
:102BA000D5F732FADDE90A23D5F72EFA02460B46AD
:102BB000DDE90801D5F728FADDE90023D5F7DCFBCC
:102BC00022462B46CDE90001DDE90401D5F7D4FB0F
:102BD00002460B46DDE90001D5F718FACDE90401FC
:102BE00002460B4650465946CDE900ABD5F70EFAE2
:102BF000DDE902AB2AA3D3E9002350460D46D5F701
:102C0000BBFBDDE90023CDE9020129465046D5F79B
:102C1000FBF902460B46DDE90401D5F7F5F922A3DD
:102C2000D3E90023D5F7A8FB21A3D3E90023CDE9FD
:102C3000000129465046D5F79FFB02460B46DDE9C9
:102C40000001D5F7E3F9DDE91023D5F7DFF9CDE988
:102C500000013046D5F726FB3AE000BFAFF3008015
:102C60000000000000000000000000000000F03F35
:102C7000EF4E454A287ECA3F65DBC9934A86CD3F61
:102C800001411DA96074D13F4D268F515555D53F47
:102C9000FFAB6FDBB66DDB3F033333333333E33FDF
:102CA000000000E009C7EE3FFD033ADC09C7EE3F34
:102CB000F5015B14E02F3EBE0000F07F00004043B2
:102CC0008E98030079B60B000000F03F000008402A
:102CD000DDE9002304460D46DDE90201D5F796F94A
:102CE000DDE90E6732463B46D5F790F922462B4682
:102CF000D5F78CF922462B4650468B46D5F784F9FA
:102D000032463B46D5F780F9DDE90223D5F77CF959
:102D100002460B46DDE90001D5F776F9CDE902015F
:102D20000023CDE900890093DDE9004540462246B5
:102D30002B464946D5F768F952465B46D5F71CFB4A
:102D40005646424682464B465F468B46DDE90201C7
:102D5000D5F712FB02460B4650465946D5F756F9B1
:102D6000224682468B462B4630463946CDE902AB99
:102D7000D5F702FB804689464B46504659464246A7
:102D8000D5F744F9D24B994204460D460E4640F31E
:102D90003D8101F13F4303F5E003034340F0AA8284
:102DA000B7A3D3E90023DDE90201D5F72FF94246A5
:102DB00082468B464B4620462946D5F725F90246E2
:102DC0000B4650465946D5F767FD002840F09282E1
:102DD0004FF400733344C3F30A52BE4CA2F2FF32E5
:102DE000C3F31301144141F48011C2F1140241FAFA
:102DF00002F5002E04EA03010B464FF00000B8BFB5
:102E0000694204950246B8BF049140464946D5F749
:102E1000FBF8049B1B05009302460B46804689463F
:102E2000DDE90201D5F7F2F80D46002496A3D3E9B7
:102E3000002320462946D5F79FFA424606460F460C
:102E40004B4620462946D5F7DFF802460B46DDE91A
:102E50000201D5F7D9F88EA3D3E90023D5F78CFA70
:102E60008DA3D3E900238046894620462946D5F71D
:102E700083FA02460B4640464946D5F7C7F88046D6
:102E8000894602460B4630463946D5F7BFF83246EA
:102E90003B4604460D46D5F7B7F802460B4640467A
:102EA0004946D5F7B1F8224606460F462B4620463E
:102EB0002946D5F761FA7AA3D3E9002380468946EB
:102EC000D5F75AFA78A3D3E90023D5F79DF84246FF
:102ED0004B46D5F751FA76A3D3E90023D5F796F8F8
:102EE00042464B46D5F748FA73A3D3E90023D5F7FA
:102EF0008BF842464B46D5F73FFA71A3D3E900233E
:102F0000D5F784F842464B46D5F736FA02460B46CB
:102F100020462946D5F778F88046894602460B4672
:102F200020462946D5F728FA002282468B4640469D
:102F300049464FF08043D5F767F802460B465046A6
:102F40005946D5F743FB3246804689463B462046E4
:102F50002946D5F711FA32463B46D5F757F80246CF
:102F60000B4640464946D5F74FF822462B46D5F743
:102F70004BF802460B4600205749D5F745F8009A12
:102F80008B18B3F5801FC0F2AD811946DDE9062329
:102F9000D5F7F2F941EC100B1EE49FED4B7B8DED64
:102FA000067B80E4002A00F0BC8102220092C5E486
:102FB0001815A0F2FF30142840F33B81C0F1340013
:102FC00022FA00FC0CFA00F0904200F0B281002AD4
:102FD0003CD1B6F1804F00F0548145EC104B00918C
:102FE000029300F0D1FBBAF1000F7FF4B5AC3A4A7E
:102FF00027F04040904200F0DF815A460099029B42
:10300000002A00F0D381002200923EE4DFF8D0C015
:1030100021F00043634540F21E81304BCB1803433F
:103020000AD142464B46D4F7EFFFDDE90223D5F73C
:1030300029FC00283FF4CCAEDDE906010022002384
:10304000D5F70CFC003818BF01203BE445EC104BD1
:103050000293009100F098FBBAF1000F7FF47CAC72
:103060001D4A27F04040904200F078810099029B71
:10307000BBF1000F00F0C180CDF800A005E400BF57
:10308000FE822B654715973C00000000432EE63F6B
:10309000EF39FAFE422EE63F396CA80C615C20BE87
:1030A000D0A4BE726937663EF16BD2C541BDBB3E4E
:1030B0002CDE25AF6A56113F93BDBE166CC1663F2C
:1030C0003E5555555555C53F000000000000F0BF66
:1030D000FFFF8F400000F0FF0000F03F00346F3F23
:1030E000FFCB9040B6F1804F00F0CB80A0F5801070
:1030F00086427FF4BEAB45EC104B13B0BDE8F04FF9
:10310000FEF74ABD002A7FF45FABFFF7E8BB9FEDF7
:10311000B67B8DED0E7B9FEDB67B8DED047B9DED3B
:103120000E7B00258DED107B5BE49B45C0F0EC80B1
:10313000BF4B9B454FF0000200F2048151EC100B95
:10314000BB4BD4F761FFACA3D3E9002304460D4683
:10315000D5F712F9AAA3D3E9002306460F46204665
:103160002946D5F709F9B34BCDE9000100222046E5
:103170002946D5F701F902460B46A3A1D1E9000182
:10318000D4F742FF22462B46D5F7F6F802460B4607
:103190000020A949D4F738FF224682468B462B46A9
:1031A00020462946D5F7E8F802460B4650465946D0
:1031B000D5F7E2F896A3D3E90023D5F7DDF8024668
:1031C0000B46DDE90001D4F71FFF02460B4604461B
:1031D0000D4630463946D4F719FF002032463B46AB
:1031E00082468B46D4F710FF02460B4620462946FE
:1031F000D4F70AFFCDE9020192E55E45CDF800B0B3
:10320000BFF685AB53EC102B89490020D5F7DEF9CA
:1032100041EC100BFFF778BB002E9FED730BBFF650
:10322000DBAA09F1004300EE108A00EE903AFFF7A6
:10323000D3BA002A7FF40AAFC0F1140043FA00FCAD
:103240000CFA00F0984200F08F80794883423FF4F6
:10325000F3AAFFF70ABB784A934200F29380DDE9B4
:10326000001200910491E0E57149002022462B46AE
:10327000D5F7ACF941EC100BFFF7AEBAB6F1804FC1
:103280004FD122462B4620462946D5F775F841EC0A
:10329000100BFFF7A1BA009B012B7FF49DAA10EE43
:1032A000901A10EE102A01F1004343EC102BFFF7A7
:1032B00093BA9FED597B8DED0E7B9FED597B8DED84
:1032C000107B9FED597B4FF480258DED047BFFF73C
:1032D00088BB002E7FF7F5AA002013B0BDE8F04FA1
:1032E00001F0FABD41EC100B049801F031FD51ECF6
:1032F000100B4BE6DDE9060100220023D5F7AEFAFC
:10330000003818BF0120E8E7DDE9060100220023AC
:10331000D5F7A4FA003818BF0120002EBFF6D2AAB4
:10332000DBE702220092FFF7A5BA9FED2F0BFFF714
:1033300053BA002AA2D00CF0010CCCF10202009288
:10334000FFF7FCBADDE906010023D5F787FA00385C
:1033500018BF0120002EC0DCFFF7B4BA002E19DB25
:10336000CDF800A0FFF7D3BA314A93423FF464AAE4
:10337000B6F1804F85D00CF0010CCCF10202009226
:10338000FFF778BA1B15A3F2FE334FF4801242FA0E
:1033900003F31FE553EC102B25490020D5F716F950
:1033A000CDF800A041EC100BFFF7B1BA5E4509DB88
:1033B000CDF800B0FFF7ABBA002E06DB0023009378
:1033C000FFF7A5BA002300931CE753EC102B184914
:1033D0000020D5F7FBF8002341EC100B0093FFF71A
:1033E00096BA00BFAFF300800000000000000000AC
:1033F000000000000000F03F000000604715F73FAC
:1034000044DF5DF80BAE543E555555555555D53FE7
:10341000FE822B654715F73F0000004003B8E23FEE
:1034200006D0CF43EBFD4C3E000000000000F83F0B
:103430000000F03F0000D03F0000E03F000000002F
:103440002DE9F84F55EC104BC54B25F000469E4238
:10345000A8460DD9C34B9E4200F2B68000F0B18061
:10346000B8F1000F40F3F4809FEDA10BBDE8F88F99
:10347000BD4B9E4200F2C380A3F1DE739E4240F238
:10348000AD804FF0FF3B22462B4620462946D4F71D
:1034900073FF02460B4681468A46D4F76DFF96A31A
:1034A000D3E9002306460F46D4F766FF94A3D3E979
:1034B0000023D4F7ABFD32463B46D4F75DFF92A321
:1034C000D3E90023D4F7A2FD32463B46D4F754FF9C
:1034D0008FA3D3E90023D4F799FD32463B46D4F7B6
:1034E0004BFF8DA3D3E90023D4F790FD32463B4632
:1034F000D4F742FF8AA3D3E90023D4F787FD4A46D5
:103500005346D4F739FF88A3D3E9002381468A467E
:1035100030463946D4F730FF85A3D3E90023D4F7EA
:1035200073FD32463B46D4F727FF83A3D3E900233C
:10353000D4F76AFD32463B46D4F71EFF80A3D3E999
:103540000023D4F761FD32463B46D4F715FF7EA336
:10355000D3E90023D4F758FD32463B46D4F70CFF9D
:1035600002460B4648465146D4F750FD22462B46AC
:10357000D4F702FFBBF1FF3F02460B466CD07B4BFA
:103580007B4E03EBCB03D3E90023D4F73DFD22466A
:103590002B46D4F739FD06EBCB0602460B46D6E99F
:1035A0000001D4F731FDB8F1000F41EC100B13DA34
:1035B00010EE901A024601F1004343EC102BBDE8D7
:1035C000F88F002C3FF44CAF22462B46204629466C
:1035D000D4F71CFD41EC100BBDE8F88F5CA3D3E9D8
:1035E000002320462946D4F711FD624B0022D5F76F
:1035F00053F900283FF445AF45EC104BECE700F0E1
:10360000C3F85D4B9E4255EC104B2DD8A3F55023CB
:103610009E4254D822462B4620462946D4F7F6FC33
:10362000544B0022D4F7F0FC002206460F462046F9
:1036300029464FF08043D4F7E9FC02460B4630465A
:103640003946D4F7C3FF4FF0000B04460D461AE786
:103650009FED410BBDE8F88F20462946D4F7D4FCF6
:1036600041EC100BBDE8F88F444B9E421CD2444BFA
:10367000002220462946D4F7C7FC414B06460F4698
:10368000204629460022D4F777FE3A4B0022D4F791
:10369000BDFC02460B4630463946D4F797FF4FF043
:1036A000020B04460D46EEE622462B463549002025
:1036B000D4F78CFF4FF0030B04460D46E3E62D4B89
:1036C000002220462946D4F79FFC2A4B06460F4687
:1036D000204629460022D4F799FC02460B46304684
:1036E0003946D4F773FF4FF0010B04460D46CAE686
:1036F000182D4454FB21F93F11DA22E33AAD903FF3
:10370000EB0D76244B7BA93F513DD0A0660DB13F18
:103710006E204CC5CD45B73FFF8300922449C23F80
:103720000D5555555555D53F2F6C6A2C44B4A2BF45
:103730009AFDDE522DDEAD3F6D9A74AFF2B0B33F0D
:10374000711623FEC671BC3FC4EB98999999C93F85
:103750009C7500883CE4377E182D4454FB21F9BF4A
:10376000FFFF0F440000F07FFFFFDB3FD08F030817
:10377000F08F03080000F03FFFFFF23F008003409E
:103780000000F83F0000F0BF10EE901A53EC102B31
:1037900021F0004343EC102B704700BF10EE103AAD
:1037A00023F00043B3F1485F2CD2FDEEC07A17EE50
:1037B000903A002B60D060EE007A9FED317A9FED59
:1037C000315ADFED315A9FED316ADFED316AA7EEF4
:1037D000875A9FED307AE7EE855AA7EEA56AA7EEE5
:1037E000867AE7EE876A66EEA76A60EEC00AB6EEF2
:1037F000007AE7EEA60AB7EE000AD7EE870A30EEA7
:10380000600A704760EE007A9FED1D7A9FED1D5AA9
:10381000DFED1D5A9FED1D6ADFED1D6A1E4AA7EE02
:10382000875A93429FED1B7AE5EE275AA5EEA76AC9
:10383000A6EE277AE7EE276A66EEA76AD5D9174A79
:10384000934214D803F17F4307EE103AB7EE006AB3
:1038500036EE476A60EEC00AF6EE005A97EEA57A99
:10386000E7EEA60A37EE607A36EE470A7047B6EE04
:10387000076AB5EE027AEDE7B7EE000A704700BFBF
:103880004ED747ADF6740F317CF293B4010DD037AB
:10389000ABAA2A3D610BB6BA9999993E0000483F00
:1038A00010EE103A23F00043B3F1485F04D2FDEE6E
:1038B000C07A17EE903A5BB360EE007A9FED157A0E
:1038C000DFED155A9FED156ADFED156AE7EE875AB1
:1038D0009FED147AA5EEA76A20EE275AE6EE276A36
:1038E000A6EEA77A30B9DFED106AE7EE876AA6EE9A
:1038F000850A704727EE457AF6EE006AA0EEA67AB2
:10390000DFED0A6AD7EE270AE5EE260A30EE600AF6
:10391000704700BFD3C92E2F342FD7B21BEF3836D4
:10392000010D50B98988083CABAA2ABEABAA2A3E31
:1039300008B510EE103A23F00042B2F1465FF0EE07
:10394000407A0FD2BDEEC07A17EE101AF9B9431CB7
:10395000134300F09E80012803D0BFEE007A87EE6B
:10396000270A08BD4E498A4211D39FED4E7ADFEDFA
:103970004E6A002BBCBFF1EE600AF1EE407A77EEA2
:10398000677A36EEE07ADFED490A77EE277A67EE5E
:10399000A76ADFED474ADFED475A9FED475A9FED93
:1039A000476A3F4926EEA67A8A42E7EE245AA7EEF6
:1039B000056ADFED434A9FED435AE5EE874AA6EEDE
:1039C000075ADFED415A9FED416AE4EE875AA5EEB2
:1039D000076ADFED3F4A9FED3F5AE5EE874AA6EEC4
:1039E000075A9FED3D6ADFED3D5AA4EE876AE5EE8A
:1039F000075AB0EE467AA5EEA67A27EEA65AB0EEA2
:103A0000606AA7EE056ADFED364AE6EE260AE5EEC5
:103A1000240A37EEA00A1ED20128A2D0BFEE007AF7
:103A2000C7EE006A10EE103A6FF30B0306EE103A81
:103A300016EE903A76EE677A6FF30B0300EE103ACB
:103A400070EEE70AF7EE007AE6EE007AE0EE807AB2
:103A5000A7EEA60A08BD07EE100AF8EEC76A20EE28
:103A6000007A30EE260A9B1787EE006A03F0020305
:103A7000C3F10103F0EE005A36EE606A07EE103A29
:103A800077EEC67AB8EEC77AE7EEE56A26EE870AE1
:103A900008BDFDF7F3FFB7EE007A87EE000A08BD18
:103AA00040A12C3FDA0F493F68212233000000007B
:103AB0005FAE9BB745F4A3388453D9377AC09538A5
:103AC000C8261A3AB937813916696B3B48DEBE3AC7
:103AD000A427B33C1F37113C8988083ED10D5D3DBA
:103AE000ABAAAA3E10EE102A22F00043B3F17E5F8B
:103AF00000F0918000F28880B3F17C5F0FD2B3F1C7
:103B0000485F80F0A380DFED6C7A70EE277AB7EE25
:103B1000007AF4EEC77AF1EE10FA00F3948000B563
:103B200087B0CDE90423FDF7A9FFF7EE006A76EE32
:103B3000C07AB6EE007A67EE877ADFED605A9FEDC5
:103B4000607A9FED606A9FED605ADFED604ACDEDCF
:103B5000027AE7EE875A9FED5E7AA5EEA76AA7EE96
:103B6000857AE6EE274A9FED5B5ADFED5B5A9FEDC3
:103B70005B6AA7EE275AE4EEA75AA5EE276A9FEDE7
:103B8000587AA5EEA77AE6EE276A27EE277AB0EEF6
:103B9000670ACDED036A8DED017AFEF7F5F851491C
:103BA000059B9DED017ADDED036ADDED027A049A55
:103BB0008B42C7EE265A39D810EE103A6FF30B033A
:103BC00006EE103AE6EE467A30EE067ADFED466A09
:103BD000C7EE874AB0EE005AE4EEC56A9FED437A1D
:103BE00030EE000AF0EE477AE6EE457AD0EE256A2E
:103BF00076EEE76A37EE667A002A01DCB1EE477AA4
:103C0000B0EE470A07B000BD70EE407A87EEA77AA3
:103C1000B0EE470A70479FED347ADFED357A20EE3B
:103C2000077AA0EE277AB0EE470A7047A0EE250A81
:103C3000DFED307A9FED2E7AF0EE006AE0EE267A24
:103C400037EE677AD8E7B0EE407AE1E760EE007AC7
:103C50009FED1B7ADFED196A9FED1A6ADFED1A5AA4
:103C60009FED1A5AE7EE876A9FED197AA6EEA76ACA
:103C7000A7EEA57AA6EE275ADFED166ADFED165AF3
:103C80009FED166AE7EE276AE5EE275AA6EEA76AC9
:103C90009FED137AA5EEA77AF7EE006AE6EE276AA3
:103CA00067EE277AB0EE407A87EEA66AA0EE067A33
:103CB000B0EE470A704700BFCAF24971047F4F3A1D
:103CC00008EF1138461124BD2EC69D3DA80A4E3E70
:103CD000613330BF2D57014090B0A6BE39D119C015
:103CE000ABAA2A3E9999793F2EBD3BB3DB0F493FE2
:103CF000DB0FC93F2EBD3B3310EE903A23F000415D
:103D0000B1F1FF4FF0EE407A33D810EE10CA2CF02C
:103D10000040B0F1FF4F2CD8B3F17E5F3DD09A1731
:103D200002F0020242EADC7230B371B3B1F1FF4F2C
:103D30003ED0B0F1FF4F35D000B5401AB0F1F45F7E
:103D400083B04FEAE0512ADA002B3EDA3C313CDA0C
:103D50009FED310A012A41D0022A46D03AB19FEDA7
:103D60002F7ADFED2F7A30EE070A30EE670A03B0C4
:103D700000BD30EEA70A7047022A0BD09FED297ACA
:103D8000032A08BFB0EE470A70478C450DDB9FED54
:103D9000260A70479FED220A704700F0FDBE9FED96
:103DA000220AD7E7BCF1000FF1DA9FED200A704735
:103DB000B0F1FF4F02F1FF3220D0022A26D81C4B6F
:103DC00003EB820393ED000A704787EEA00A01928D
:103DD000FDF754FE00F0E0FE019ABBE710EE103A4A
:103DE00003F1004300EE103AC1E79FED0C7ADFEDDE
:103DF0000C7A30EE070A37EEC00AB8E7022A08D874
:103E00000C4B03EB820393ED000A70479FED020A0F
:103E100070479FED090A7047000000002EBDBB33BC
:103E2000DB0F4940DB0F49C0DB0FC93FDB0FC9BFC8
:103E3000109003081C900308DB0F493F10EE103A66
:103E400023F00042B2F1FF4F56D84FEAD37100F091
:103E500095806248834200F38780002BC0F2878000
:103E60005F4B9A424BD95F4B9A4200F29A805E4B6D
:103E70005E4A03EB8103D3ED004A02EB810281F03D
:103E8000010370EE644AD2ED007A5B1A34EEE70A61
:103E9000DFED576A9FED575ADFED575A9FED576A8E
:103EA00020EE007AA7EE265ADFED556AE5EE075AB6
:103EB000E5EE876AA6EE876AF0EE406AE6EE476AAC
:103EC00020EE266A002B42D0B0EE007A37EE667AFA
:103ED000B7EE000AC6EE076A13F17D0F77EEE67AB9
:103EE00077EEE47A30EE670A4FDB10EE102A02EB31
:103EF000C35300EE103A704730EE000A7047B2F13B
:103F0000505F0AD2DFED3F7A70EE277AB7EE007A83
:103F1000F4EEC77AF1EE10FA5DDC60EE007A9FED08
:103F2000347ADFED345A9FED346ADFED356AE7EE1F
:103F3000875A9FED327AA7EEA56AE7EE866AA7EE6A
:103F4000A67AF0EE406AE7EEC76A20EE266AF0EE47
:103F5000007A76EEE76AB7EE007AC6EE267A77EE5A
:103F6000C07A37EE670A7047002001F04DB8264B43
:103F70009A427FF675AF002001F040B8DFED237A5A
:103F8000002918BFB0EE670A704710EE102A64339C
:103F900002EBC353DFED1E7A00EE103A20EE270A43
:103FA00070471C4B9FED1C7ADFED1C6A03EB81030D
:103FB000D3ED007AE0EE077A9FED197AFDEEE77A0D
:103FC000F0EE404A17EE903AF8EEE77AE7EEE64A6E
:103FD00067EE877A5AE730EE070A70471772B142E8
:103FE0001872B13E9115853F309003082890030860
:103FF0004CBB31330EEADDB555B38A38ABAA2A3E45
:10400000610B36BBCAF24971B5F1CF420000000026
:104010000000800D389003083BAAB83F8071313F03
:10402000D1F7173710EE102A32F000432FD0002AB4
:10403000134633DBB2F1FF4F40DAB2F5000F34DB49
:104040004FF0000C6448C3F31601081800F4000296
:1040500082F07E520A43DB1500EE102A7F3B5F4A56
:10406000634401F10F0CF7EE007A0CEA020230EE25
:10407000670A03EBD05322BBB5EE400AF1EE10FA0B
:1040800062D1002B40F090809FED550A70479FED64
:10409000557ADFED537A87EE270A704770EE407A43
:1040A0009FED4F7A87EE870A7047DFED4F7A60EE1B
:1040B000277A6FF0180C17EE903AC3E730EE000A3B
:1040C0007047F0EE007A70EE277A07EE103A80EE35
:1040D000274A4648C1F55712081802F522720243D2
:1040E000002A9FED433ADFED434ADFED435ADFED0F
:1040F000433A9FED435ADFED437ADFED436A24EE06
:10410000046AF8EEC72A26EE067AE7EE034AA7EE1F
:10411000235AE4EE875AE5EE076AE5EE877A67EE02
:10412000867AE6EE877A2ADDB6EE007A20EE077A06
:1041300027EE007A77EE877A67EE847A3BBB37EE1C
:10414000677A30EE470A7047DFED307AB6EE007AD4
:10415000A0EE677A60EE007A27EE277A002BF0D087
:1041600007EE903A9FED2A6ADFED2A6AF8EEE77AC9
:10417000A7EEC67A37EE400A97EEA60A704770EEB1
:10418000677A67EE847AE3B930EE670A70479FED8D
:10419000206ADFED206AE2EE867A37EE677A37EE44
:1041A000400A92EEA60A704707EE903A9FED180A71
:1041B0009FED187AF8EEE77A27EE800AA7EE870AD5
:1041C0007047DFED136A9FED137AE2EEE67A37EE81
:1041D000C00A92EE870A704720FB4A00F0FF7F007A
:1041E00000000000000000CC0000004C305CCFFF5D
:1041F0009788173E25333A3E2549923E4FD01C3EC4
:10420000298E633EABAA2A3FCDCCCC3EABAAAA3EB8
:10421000D1F717378071313F10EE902A32F000410C
:1042200010EE103AF0EE407A08D183F480035B0080
:1042300013F5000F10D937EEA00A704723F00040A5
:10424000B0F1FF4F0BD9B3F17E5FF4D182F480025D
:10425000520012F5000FEED8B7EE000A7047B1F128
:10426000FF4FF0D830B52DED028B002B87B0F0EE6C
:10427000606A054616DBB1F1FF4F00F00081B1F135
:104280007E5F00F03481B2F1804F00F06D81B2F1B9
:104290007C5F40F04A8107B0BDEC028BBDE8304046
:1042A000FDF772BDB1F1974F80F0F580B1F17E5FFF
:1042B00080F02A81B2F1804F00F05681B2F17C5F2C
:1042C00000F05E82CDE9022100908DED010A8DEDB6
:1042D000040ACDED050AFDF7D1FB0098DDED017A6A
:1042E000049BDDED056AB0F1FF4FDDE902214FF0DF
:1042F000000400F0EA80002800F03C81B0F17E5F0D
:1043000000F038814FEAD37C0CF1FF3C54EA0C0EEC
:1043100000F03381B1F19A4F40F25481994B9842A9
:1043200040F27682984B984200F28582F7EE007A4E
:1043300070EE670A9FED956A9FED957ADFED955ACD
:10434000F5EE007AA0EEE76AF6EE007AE6EE607A25
:1043500020EEA05A9FED906A67EE857A27EE677A85
:10436000A0EE867AB0EE476AA0EEA56A16EE103A85
:104370006FF30B0306EE103AF0EE467AE0EEE57AC4
:1043800037EE677A6FF30B0207EE902A27EE267A54
:1043900076EEE75A66EE277AA5EE867A631E53EA32
:1043A0000C03FFEE005A77EE276AB7EE006A16EEAE
:1043B000902A18BFF0EE465A002A22F0004340F33C
:1043C000F481B3F1864F00F27D8200F06182B3F197
:1043D0007C5F00F24382002318466FF30E0206EE64
:1043E000102ADFED6E6A9FED6E3ADFED6E1A9FEDDB
:1043F0006E4A9FED6E5A76EE677AF0EE002A37EE3F
:10440000677A66EE267ADFED6A6AE7EE267AB7EE1D
:10441000000AB0EE677AA6EE037AB0EE472A67EE9E
:10442000076AA6EE432A9FED636AA6EEA16A77EEBD
:10443000C27AA6EE264A9FED606AA4EE266AE7EEEF
:10444000277AA6EE265AB0EE476AA5EE666A27EEF0
:10445000065A36EE626AC5EE066A76EEE77A77EEBF
:10446000C77A30EE670A10EE102A1344B3F5000F36
:10447000C0F2D88100EE903A20EEA50A07E0B0F134
:104480007E5F74D03BD9002A36DBB0EE660A07B0F7
:10449000BDEC028B30BDB1F1FF4FF0D0CDE9001083
:1044A000CDE902238DED050ACDED040AFDF7E6FA0C
:1044B00001980224B0F1FF4FDDE902230099DDED00
:1044C000046ADDED057A7FF416AF002A05DAF7EE0F
:1044D000007A87EE800A002BD9DAA0F17E502043C3
:1044E00000F03181012CD2D1B1EE400ACFE7002A91
:1044F00035DBB0EE670ACAE79FED300AC7E7002A4E
:10450000FADAB1EE660AC2E74FEAE15CCCF1960C4A
:1045100041FA0CFE0EFA0CFC8C4500F01981B1F149
:104520007E5FE4D0B2F1804F1ED0B0EE670ACDE9D5
:104530000323CDE90110CDED056ACDED007AFDF73D
:104540009DFA0298B0F1FF4FDDE903234FF000041C
:1045500010D0DDED007A0199DDED056ACBE6B7EE0E
:10456000007A87EE270A92E727EEA70A8FE7B7EED1
:10457000000A8CE7002AAADBADE777EEE77A87EE40
:10458000A70A84E7F3FF7F3F0700803FABAAAA3E5C
:104590003BAAB83F00AAB83F70A5EC368CBEBF3529
:1045A0000072313F4CBB313355B38A38ABAA2A3E37
:1045B0001872313F0EEADDB5610B36BB000000001A
:1045C0000000804B13F0FF4F40F020815FED047A34
:1045D00060EE277A6FF0170317EE905AE915DFF8AF
:1045E00044E37F391944C5F31603734543F07E5005
:1045F00040F30381DFF830E3734540F326819FEDFC
:10460000B94A0131B0EE448AA0F50000F7EE000A85
:104610004FF0000E04EE900A74EEA07AB7EE007A26
:1046200087EE270AB04B03EA600343F0005303F51B
:104630008003734434EEE06A07EE901A66EE001AC7
:10464000B8EEE77ADFEDA92A9FEDA93ADFEDA93AA6
:104650009FEDA95ADFEDA95A9FEDA91A61EEA17A43
:10466000B0EE082AA7EEA23AE3EE273AA3EEA75A45
:10467000E5EE275A27EEA75AA5EEA71A07EE903ABD
:1046800011EE903A6FF30B0303EE103AA3EE676A54
:10469000F0EE465A37EEE06A71EE837A74EEC63A6F
:1046A000B0EE656AA3EE636AF0EE424A26EE006A57
:1046B000E3EE034A67EE867ADFED920ADFED923A87
:1046C000E5EE017A9FED911A74EEA75A15EE903A35
:1046D0006FF30B0305EE903A35EEC25AA3EE435A40
:1046E00077EEC57A67EEA17AE6EE257AB0EE675AE4
:1046F000A3EE255A15EE103A6FF30B0305EE103AB0
:10470000B0EE456AA3EE656A77EEC67A67EEA07AE8
:10471000E5EE017A77EE887AB0EE676AA5EE236A55
:1047200036EE046A36EE076A16EE103A6FF30B03A4
:1047300006EE103A36EE477A37EE447AA5EE637A03
:1047400037EEC77A1EE670EE407A87EEA70A9EE63D
:10475000B1F17E5F3FF4CBAEB2F1804F3FF404AFD6
:104760000EF0010ECDE90010CDE902238DED050A12
:10477000CDED040ACEF10204FDF780F9019899E627
:1047800001908DED000AFDF779F90198B0F1FF4F26
:104790003FF47DAEDDED007A00283FF478AEB0F155
:1047A0007E5F7FF4EAAE002497E659498B4200F21F
:1047B00091807FF40CAE76EEE76AF4EEC76AF1EE14
:1047C00010FA80F2878002F50042524BC2F3C751C3
:1047D0007F39C2F316000B4140F40000C1F117010C
:1047E00013400841404206EE903A77EEE67AC30560
:1047F00077EE276A16EE902AEFE59FED3A4AF7EE3C
:10480000000AB0EE448A4FF0000E03E70023E5E60D
:10481000002A12DB002007B0BDEC028BBDE830405F
:1048200000F0ECBBCDED005A00F05EFBDDED005A70
:10483000F0EE400A20E6002AECDD002007B0BDECD7
:10484000028BBDE8304000F0DFBB9FED334A9FEDA7
:10485000338AF7EE080A4FF4001EDBE6DB157E3BD9
:104860004FF40001194111442A4BC1F3C75CACF16C
:104870007F0CC1F3160043FA0CF340F40000CCF1B6
:10488000170C002A40FA0CF003EA0103ABDAA9E79F
:104890009FED236A76EEE76A37EE066AB4EEE66AC3
:1048A000F1EE10FA0EDC02F500421A4BD1157F39F9
:1048B000C2F316000B4140F40000C1F11701134090
:1048C000084190E7F5EEC05AF1EE10FA4CBF012016
:1048D0000020B3E7F5EEC05AF1EE10FA4CBF01200C
:1048E000002098E70000000000F0FFDF42F1533E97
:1048F00055326C3E05A38B3EABAAAA3EB76DDB3E9C
:104900009A99193F4F38763F0040763FC623F6B854
:1049100000001643000080FF00C0153FDCCFD135FA
:104920003CAA383371C41C00D6B35D0010B510EE3C
:10493000104A8B4A24F00043934288B070D9894AC8
:10494000934222D824F00043002C9FED877A874AB7
:1049500023F00F0340F3EB80934270EE477A09BFD8
:104960009FED837ADFED836ADFED836A77EEC77AA6
:1049700037EEE67A77EEC77A80ED007A77EEE67A60
:10498000C0ED017A012008B010BD7C4A9342014677
:1049900054D9B3F1FF4F4AD2DA15863AA3EBC2538A
:1049A00007EE903ABDEEE77ADFED756AB8EEC77AAA
:1049B00077EEC77A8DED057A67EEA67ABDEEE77AD7
:1049C000B8EEC77A77EEC77A8DED067A67EEA67AEB
:1049D000F5EE407AF1EE10FACDED077A40F09280D4
:1049E000B5EE407AF1EE10FA40F08E800123654872
:1049F00001900220009005A8029100F00BFB002C12
:104A00000299C0DA91ED007AD1ED017AB1EE477AE0
:104A1000F1EE677A81ED007AC1ED017A4042B2E7AA
:104A2000002380ED000A4360002008B010BD70EE46
:104A3000407AC0ED017AC0ED007AF5E7CDE90230A9
:104A4000FDF71CF89FED507A9FED476AF6EE007A6D
:104A5000E0EE077ADDE90231FDEEE77A9FED457A77
:104A6000F8EEE76A17EE900AA6EEC60A1F2866EE71
:104A7000877A30EE677A20DCDFF818C100F1FF3E5C
:104A800024F000425CF82EC022F0FF02624514D0F0
:104A900081ED007A30EE470A002C30EE670A81ED96
:104AA000010ABFF670AFB1EE477AB1EE400A81ED70
:104AB000007A81ED010A404265E717EE102AC2F341
:104AC000C752C2EBD352082AE2DD9FED297ADFED0F
:104AD0002A5AB0EE406AA6EEC76A70EE467AE6EE53
:104AE000C77AD6EEA57A36EE677A17EE102AC2F3A9
:104AF000C752C2EBE353192B08DCB0EE460A81ED36
:104B0000007AC7E7032372E7022370E79FED1F7A5D
:104B1000DFED1F5AB0EE460AA6EEC70A76EE407ADF
:104B2000E6EEC77AD6EEA57A30EE677AB0E7934222
:104B300070EE077A09BF9FED0E7ADFED0E6ADFEDAA
:104B40000E6A77EE877A37EEA67A77EEC77A80ED2F
:104B5000007A77EEA67AC0ED017A4FF0FF3012E7C7
:104B6000D80F493FE3CB1640800FC93FD00FC93F54
:104B7000004435374344353708A3852E800F494319
:104B800000008043C090030884F9223F00A3852ED3
:104B900032318D244090030810EE102A22F0004399
:104BA000B3F1A14FF0EE407A07D3B3F1FF4F56D8DF
:104BB000002A7CDD9FED530A704700B552498B42B5
:104BC00083B05BD8B3F1445F4CD34FF0FF3327EE93
:104BD000A76A9FED4E5A9FED4E7ADFED4E5ADFEDFC
:104BE0004E4A66EE066A591CA6EE857AE6EEA54A9E
:104BF0009FED4A5ADFED4A5AA7EE265AE4EEA65A2E
:104C00009FED487ADFED484AA5EE267AE5EEA64A02
:104C10009FED465ADFED465AA7EE265A9FED457A9C
:104C2000A4EEA67AE5EE265A27EE267AA5EE867A37
:104C300027EE277A42D04048404900EB8300D0ED70
:104C4000006A37EE667A01EB8303D3ED006A37EE34
:104C5000677A002A36EEC70A2CDB03B000BD30EEBF
:104C6000000A70479FED367A30EE077AF7EE006A59
:104C7000B4EEE67AF1EE10FAA7DDEEE7CDE9003208
:104C8000FCF7FCFE2F49009B019A8B421AD8A1F534
:104C9000D0018B422BD8F0EE007ABFEE007AA0EE66
:104CA000277A002330EE270AC7EE007A8FE79FEDC0
:104CB000260A7047B1EE400A03B000BD37EEC70ABE
:104CC00003B000BD21498B420BD8F7EE087AB7EE4E
:104CD000007AA0EE277A022330EE670AC0EE077A48
:104CE00075E7BFEE007AC7EE007A03236FE7F7EEB1
:104CF000007A30EE677A30EE270A0123C7EE007A99
:104D000065E700BFDB0FC93FFFFFDF3ED769853C8A
:104D100059DA4B3D21A215BD6BF16EBD356B883D57
:104D200095879DBD6E2EBA3D388EE3BD2549123E56
:104D3000ABAAAA3ECDCC4CBED8930308E893030897
:104D4000CAF24971FFFF973FDB0FC9BFFFFF1B404E
:104D50002DE918485CEC10BBCCF30A5304466146BD
:104D600093BB2CF0004151EA0B012BD0404B58462D
:104D700061460022D3F700FB3E4B9C4283468C46A3
:104D80005BDBC1F30A53363B4CF25032944228DCD1
:104D900004EB030E40F2FE739E4522DCBEF1000FD1
:104DA00039DC1EF1350F3FDB0EF1360E6FF31E516D
:104DB00041EA0E53194658462F4B0022D3F7DCFA2E
:104DC00041EC100BBDE8188840F2FF729342DBD132
:104DD0005A4663465846D3F719F941EC100BBDE823
:104DE0001888BCF1000F1AA1D1E9000108DB18A353
:104DF000D3E90023D3F7C0FA41EC100BBDE81888C3
:104E000015A1D1E9000112A3D3E90023D3F7B4FA25
:104E100041EC100BF2E76FF31E515A4641EA0E5374
:104E200043EC102BBDE81888BCF1000F0CA1D1E9B0
:104E3000000102DA0CA1D1E9000109A3D3E90023A2
:104E4000D3F79AFA41EC100BBDE81888AFF3008055
:104E50009C7500883CE4377E9C7500883CE437FEF6
:104E600059F3F8C21F6EA50159F3F8C21F6EA58150
:104E700000005043B03CFFFF0000903C10B582B0F2
:104E80008DED000B044600F0E3FE9DED000B046089
:104E900002B010BD00B5034683B051EC100B83B1D6
:104EA000024601F10043CDE90023DDE90023D3F7F9
:104EB00063FA41EC100B222003B05DF804EBFFF71E
:104EC000DDBF02460B46EEE79FED010BFFF7E2BFA9
:104ED00000000000000000109FED010BFFF7DABF9B
:104EE000000000000000007010EE103A33F00041A6
:104EF0001A4625D0B1F1FF4F1FD213F0FF4F20D13A
:104F0000DFED297A294A60EE277A904217EE903A2F
:104F100031DB4CF2503CC3F3C75160451A46A1F156
:104F2000190114DD002BDFED227A9FED210AB8BFB5
:104F3000DFED207A27EE800A704730EE000A7047D6
:104F400070474CF2503C60454FEAD151EADC0844CE
:104F5000FE28E7DC002815DC10F1160F19DB1930EC
:104F600022F0FF4242EAC05207EE902A9FED120A59
:104F700027EE800A7047DFED117A07EE103A27EE30
:104F8000270A704722F0FF4242EAC05300EE103A6F
:104F90007047002BDFED097A9FED080AB8BFDFEDFF
:104FA000087A27EE800A70470000004CB03CFFFFF3
:104FB000CAF24971CAF249F1000000336042A20D01
:104FC0006042A28D10B582B08DED010A044600F05A
:104FD0003FFE9DED010A046002B010BD30B1F1EE5C
:104FE000407A27EE800A2220FFF7ECBFF0EE407AED
:104FF00027EE800A2220FFF7E5BF00BF9FED010AE0
:10500000FFF7ECBF000000109FED010AFFF7E6BFBD
:10501000000000702DE9F04F2DED048BDBB01C4635
:105020000393814613466898CB4A04F1FF381C1D50
:1050300052F82050C0F26682DA1E48BF1A1DD21004
:1050400004920132D2000692069A15EB0806A3EBF1
:1050500002021BD404989FEDC47A699F0136A0EB2D
:10506000080006441EAC9C460028A4BF57F8203018
:1050700007EE903A00F10100ACBFF8EEE77AF0EEEF
:10508000477AB042E4EC017AEED16346002DC0F2DB
:10509000EC800398B8F1000F0DF58C7C464605EBCB
:1050A000000EB8BF0024C0F2D38003981EAF07EBF8
:1050B0008007840009EB8000DFEDAB7ABB46CA466F
:1050C000FAEC016A3BED017A8245E6EE877AF7D188
:1050D00001367645ECEC017A07F10407ECD109A81A
:1050E000CDE9071300EB85000DF1280A9FED9B9A8F
:1050F000DFED9B8A05904C440AEB8507AB4646AE34
:10510000019510460DEB8B03BBF1000F93ED460AA2
:105110004FEA8B0515DD7319524660EE097AB0EE41
:10512000407AFDEEE77A73ED016AF8EEE77AB34272
:10513000A7EEE87A37EEA60ABDEEC77AA2EC017AAE
:10514000EBD10290FFF7D0FEB0EE408AB4EE000A39
:1051500028EE000AFCF71CFEF2EE007AA0EE678A49
:1051600002980028FDEEC89AF8EEE97A38EE678AD0
:105170007EDD0BF1FF31C0F108035AF821E04EFA51
:1051800003FC0CFA03F3AEEB030EC0F1070219EEB9
:10519000903A4EFA02F26344002A09EE903A4AF835
:1051A00021E000F3FA80B5EE408AF1EE10FA70D1FA
:1051B000019B9B450CDD0AEB05030021944653F847
:1051C000042DBB4241EA0201F9D1002940F0468199
:1051D000019B013B0BF1010E5AF82330002B40F0EC
:1051E0003B81059B012153F8042D0131002AFAD09F
:1051F0005944049B03EB0B02039B5B440293699BA2
:1052000003EB820B029B0DF1780C0CEB830C47AB8C
:105210001D44DBED017AF8EEE77AB8F1000F0BF1EF
:10522000040BECEC017ADFED507A09DB62464B4669
:10523000F3EC016A32ED017AA342E6EE877AF7D108
:105240000EF1010E8E45E5EC017AE2DD8B4659E761
:10525000701C7045CCF8004006F1020605D0B6453A
:10526000CCF804400CF1080CF2D10398840036E726
:1052700000F0D980F6EE007AB4EEE78AF1EE10FA8B
:1052800080F22E81B5EE408AF1EE10FA4FF0000266
:105290008ED0CDE90220089B069A0799019D0191C5
:1052A000D01AB0EE480AFFF71FFE9FED2D7A019944
:1052B000039AB4EEC70AF1EE10FAC0F29781DFED5F
:1052C000277A60EE277A0BF10104FDEEE77A0832C7
:1052D000F8EEE77AA7EEC70AFDEEE77ABDEEC00A60
:1052E00010EE103A4AF82B3017EE903A4AF8243074
:1052F0001046B7EE000A0191FFF7F6FD002C019968
:10530000B0EE407AC0F29D810AF1040347A8DFEDB8
:10531000136A03EB840300EB8400A2000DF58C7C80
:1053200073ED017AF8EEE77A534567EE877A27EE58
:10533000267A60ED017AF3D1002D0DF1C80EC0F28E
:10534000998194442746F04600269146054ADFEDB0
:10535000067A6046002311E0249403080000803B95
:1053600000008043F893030800000000F2EC016A9B
:10537000B0EC017A9D42E6EE877A03DB9E4203F1B0
:105380000103F3DA013F7B1CC8ED007A7ED008F1FF
:1053900004080136ACF1040CD8E70133BBF1000F6F
:1053A00009EE903A40F3438151464FF0000E51F818
:1053B000043B3BBB0EF1010EF345F8DC9E46002892
:1053C0000CDD012800F08380022807D10BF1FF31AA
:1053D0005AF8213003F03F0C4AF821C0022A7FF42A
:1053E000E2AEB7EE000A30EE488ABEF1000F3FF49D
:1053F000DAAE09920290FFF777FD0298099A38EE2B
:10540000408AD0E6C3F5807341F8043C04E00B68A1
:10541000C3F1FF0341F8043B0EF1010EF345F6DC46
:105420004FF0010ECBE70BF1FF335AF82320D211D6
:10543000002A7FF7B8AE19EE903ABBF1000F03F1E6
:10544000010309EE903AAFDC022A7FF4ACAEF7EE2E
:10545000007A37EEC88AA6E67146CAE60BF1FF3439
:10546000A0F108025AF824300799CDF808C0284660
:10547000019D002B7FF43CAF034609A8034453F879
:10548000040D013C083A0028F9D031E74A46689BF0
:10549000022B62DC002B3ADC10D10EF104035FED2D
:1054A0004E7A134433ED017A9E4577EE877AF9D12F
:1054B000029B002B40F0AB80C1ED007A19EE903AD0
:1054C00003F007005BB0BDEC048BBDE8F08F0BF17F
:1054D000FF315AF8213003F07F0C4AF821C07DE7F4
:1054E00019EE903ABBF1000F03F1010309EE903A77
:1054F000C8BF02223FF758AFF7EE007A37EEC88AEE
:10550000022250E608220692002204929CE50EF147
:105510000403DDED327A1FED6C7A1A4452ED016A14
:105520001346043A964537EE267AF7D1029A002AB6
:1055300064D177EEC77A81ED007A5CB10122B3ECD9
:10554000017A0132944277EE877AF8DA029B0BB146
:10555000F1EE677AC1ED017AB0E7689B032BADD11C
:10556000002C00F084800EEB020696ED007A3046A7
:10557000354655ED017AF0EE476A37EE277A2B462D
:1055800077EEC77A043D77EEA67AAE45C3ED007A92
:1055900003ED017AEDD1012C69D096ED007A70ED22
:1055A000017AF0EE476A37EE277A834277EEC77AC0
:1055B00080ED007A77EEA67AC0ED017AEFD15FED4B
:1055C000967A1A44043332ED017A934277EE877A61
:1055D000F9D1029BDDED326A9DED337AD3B9C1ED8D
:1055E000006A81ED017AC1ED027A67E7BDEEC00A7B
:1055F0005C4610EE103A4AF82B3079E6F1EE476A35
:1056000077EEC77AC1ED006A002C97D1A0E7F1EEE2
:10561000677A51E7F1EE666AB1EE477AF1EE677AA2
:10562000C1ED006A81ED017AC1ED027A46E70128F9
:1056300011D002287FF408AF0EF03F034AF8213062
:1056400002E7689B022B0EDC002B21DC7FF436AFD7
:105650005FEDBB7A2CE70EF07F03022A4AF8213077
:105660007FF4A1ADF3E6689B032B7FF427AFDFED5A
:105670000E7AAEE70025204673461D6000283FF4F1
:1056800006AF0238461C5D6003F10803F5D1FEE663
:10569000029BDDED327A1BB14FF000430B6057E700
:1056A00000230B6056E700BF000000002DE9F04723
:1056B00082B00646DDF828E00846B4460D46002BC9
:1056C0004ED18A4214466DD9B2FA82F242B1C2F189
:1056D0002003954026FA03F394401D4306FA02FC8A
:1056E000260CA7B2B5FBF6F14FEA1C4306FB115599
:1056F00043EA054301FB07F0984209D9E31801F199
:10570000FF3580F00381984240F200810239234442
:105710001B1A1FFA8CFCB3FBF6F006FB10334CEAA5
:10572000034C00FB07F363450AD914EB0C0C00F1A2
:10573000FF3580F0ED80634540F2EA80A4440238F2
:1057400040EA0140ACEB030C0021BEF1000F04D095
:105750002CFA02F30022CEE9003202B0BDE8F08755
:105760008B4209D9BEF1000F01D0CEE900610021C2
:10577000084602B0BDE8F087B3FA83F11746002966
:105780004DD1834202D3B24200F20F81B6EB070C37
:1057900060EB030301201D46BEF1000FDDD0CEE912
:1057A00000C5DAE7002A00F098801A46B4FA84F3BC
:1057B000002B40F0AF800B1B270CA6B20121B3FBDE
:1057C000F7F54FEA1C4007FB153340EA034306FB9D
:1057D00005F8984507D9E31805F1FF3002D298453E
:1057E00000F2E8800546A3EB08031FFA8CFCB3FB2C
:1057F000F7F007FB10334CEA034C06FB00F363455C
:1058000008D914EB0C0C00F1FF3602D2634500F20C
:10581000CE803046ACEB030C40EA054095E7C1F181
:1058200020058B4022FA05FC4CEA030C00FA01F437
:1058300026FA05F3E84002FA01F943EA04084FEAC0
:105840001C4206FA01FAB0FBF2F71FFA8CF602FBD3
:1058500017004FEA184444EA004407FB06F0A04250
:105860000AD91CEB040407F1FF3380F09C80A042AE
:1058700040F29980023F6444241A1FFA88F3B4FB73
:10588000F2F002FB104443EA044300FB06F69E429A
:1058900009D91CEB030300F1FF3480F082809E42A3
:1058A0007FD90238634440EA0740A0FB09749B1B80
:1058B000A3423E46A04664D361D0BEF1000F0AD099
:1058C000BAEB060263EB080303FA05F5CA40154379
:1058D000CB40CEE9005300213FE7730843EAC17390
:1058E0004A08190C41EA02414FEAC67C9BB2B2FB5E
:1058F000F4F02646A04627461F2243EA0143B1FBA7
:10590000F4F1A3EB080341EA004158E72946FFE61A
:10591000284615E71A46C3F120019C4026FA01F3F8
:1059200020FA01F190400343270C06FA02FCB1FB78
:10593000F7F0A6B207FB1015190C41EA054100FB70
:1059400006F58D423BD9611801D28D4220D8491B02
:105950000138B1FBF7F5019505FB06F8019D9BB2F7
:1059600007FB151143EA0143434526D2E31805F12D
:10597000FF31C6D24345C4D2A91E2344C1E7BA456C
:105980009BD2B7EB090664EB0C040138A04694E700
:10599000651B29440238B1FBF7F5019505FB06F8B4
:1059A000DCE720467FE71F4666E70846F4E6A444A6
:1059B00002382FE7023D234415E70199A1E7491B6F
:1059C000B1FBF7F5019505FB06F8C7E70023014693
:1059D0001A46184600F05AB90A22002100F0A2B86F
:1059E000242B2DE9F84F42D8012B884619463ED08A
:1059F00091464B4A82461E46C64670461EF8017BBB
:105A0000D35D13F00803F8D12D2F70D02B2F05BFD5
:105A10009EF800709B469B4600F1020E6FF000431B
:105A200061BB302F4DD00A2631460022B3FBF6F47D
:105A3000104606FB143505E03CD006FB00C00122F1
:105A40001EF8017BA7F1300CBCF1090F06D9A7F1B4
:105A5000410CBCF1190F17D8A7F1370C61451CDDBB
:105A6000571CEDD08442E7D24FF0FF32E8E700F058
:105A7000EFF8162303600020BDE8F88F1029D4D179
:105A8000302F27D00E46D0E7A7F1610CBCF1190FDB
:105A900003D8A7F1570C6145E2DC511C30D0BBF1B3
:105AA000000F0CD1B9F1000FE6D0AABBC9F80080F5
:105AB000BDE8F88F6545C0DA4FF0FF32C0E74042DD
:105AC000F0E79EF8002002F0DF02582A08D00826EE
:105AD0003146AAE79EF8002002F0DF02582AD1D111
:105AE00010269EF8017031460EF1020E9DE79EF8D9
:105AF00000704FF0004300F1020E4FF0010B8FE7F2
:105B00002222CAF80020B9F1000F07D00EF1FF38A9
:105B10001846C9F80080CBE70346F7E71846ABE71D
:105B20003194030800B5DFF818E084461346DEF828
:105B300000005DF804EB0A466146FFF751BF00BF65
:105B4000B0020020032A11D8002A3BD0013A431E9C
:105B50000139024401E09A4234D013F8010F11F8E0
:105B600001CF6045F7D0A0EB0C00704710B541EABB
:105B70000004A40784460B460FD0013A431E0139A6
:105B8000024401E09A421BD013F8010F11F801CF33
:105B90006045F7D0A0EB0C0010BDDCF80040D3F856
:105BA00000E074451946604603F104030CF1040C4F
:105BB000E3D1043A032AF0D860461946002ADCD122
:105BC000002010BD0020704730B58407864603468C
:105BD00006D0A2B303F8011B980702F1FF32F8D1F7
:105BE000032A26D95FFA81FC0CEB0C2C0F2A0CEB54
:105BF0000C402AD922F00F0C9C44C3E90000C3E9F1
:105C0000020010336345F8D112F00C0F02F00F04BC
:105C100017D04FEA940C0CF1FF351A4603EB8C0CAD
:105C200042F8040B6245FBD1043304F0030203EB9A
:105C3000850322B11A4403F8011B9A42FBD1704636
:105C400030BD2246002AF5D1F9E71446E1E700BF4E
:105C5000014B1868704700BFB002002038B5074DEF
:105C6000074C2C1BA41005D0013C55F8043D984767
:105C7000002CF9D1BDE8384003F062BC6095030800
:105C80005C950308704700BF704700BFF0B51D4C1E
:105C900083B005462068019116461F46FFF7F2FFC4
:105CA000194A0199136823B35A6820681F2A23DC14
:105CB0004DB9541C02325C6043F82210FFF7E4FF38
:105CC000002003B0F0BD03EB820E0124CEF8886003
:105CD000D3F88861944046EA040C022DC3F888C1C9
:105CE000CEF80871E5D1D3F88C512543C3F88C5117
:105CF000DFE7064B1360D7E7FFF7C6FF4FF0FF3033
:105D0000DFE700BFB80400202C4101209C3F0120A8
:105D1000024B13B10248FFF759BE70470000000064
:105D20005D5C03080000C03E0000003F000000BFB3
:105D3000000040BF0000003E0000803E00D57FAA6A
:105D4000FE2B815429FC5683D702A87D52872DF85B
:105D5000AC79D3067BAE04D18550FA2FA471DB0E4B
:105D60005A8F25F08D58F22773A60CD9F623895C3B
:105D700008DD77A2DF0AA07521F45E8B9D48E2372B
:105D800063B61CC9B461CB1E4A9F35E0CF1AB0651B
:105D900031E44E9BE633994C18CD67B239EC46930B
:105DA000C712B86D10C56FBAEE3B91446BBE14C1FB
:105DB0009540EA3F42973DE8BC69C316EF3A9045EB
:105DC00011C46EBBC613B96C38ED4792BD68C217DB
:105DD00043963CE99441EB3E6ABF15C04B9E34E1CB
:105DE000B560CA1F62B71DC89C49E33619CC66B3BB
:105DF000E732984D30E54F9ACE1BB16472A70DD8AB
:105E00008C59F3265B8E24F1A570DA0F20F55F8A9A
:105E1000DE0BA17409DC76A3F722885DD603A97C8A
:105E200028FD5782FF2A805501D47EAB8451FB2E7A
:105E30007AAF05D0AD78D20753862CF90000000068
:105E40000000000000006940000000000000694000
:105E500000004842000080400000000000C0724086
:105E60000000000000004940000082420000E040C5
:105E70000000000000000000000000000D424C483F
:105E8000656C69F47D000000000021104220633041
:105E90008440A550C660E770088129914AA16BB182
:105EA0008CC1ADD1CEE1EFF131121002733252222A
:105EB000B5529442F772D662399318837BB35AA3D2
:105EC000BDD39CC3FFF3DEE36224433420040114FA
:105ED000E664C774A44485546AA54BB52885099522
:105EE000EEE5CFF5ACC58DD55336722611163006CA
:105EF000D776F6669556B4465BB77AA71997388772
:105F0000DFF7FEE79DD7BCC7C448E5588668A77889
:105F10004008611802282338CCC9EDD98EE9AFF9C1
:105F2000488969990AA92BB9F55AD44AB77A966A69
:105F3000711A500A333A122AFDDBDCCBBFFB9EEB11
:105F4000799B588B3BBB1AABA66C877CE44CC55C39
:105F5000222C033C600C411CAEED8FFDECCDCDDD61
:105F60002AAD0BBD688D499D977EB66ED55EF44E09
:105F7000133E322E511E700E9FFFBEEFDDDFFCCFB1
:105F80001BBF3AAF599F788F8891A981CAB1EBA105
:105F90000CD12DC14EF16FE18010A100C230E32081
:105FA0000450254046706760B9839893FBA3DAB329
:105FB0003DC31CD37FE35EF3B1029012F322D232D1
:105FC0003542145277625672EAB5CBA5A8958985F9
:105FD0006EF54FE52CD50DC5E234C324A014810421
:105FE0006674476424540544DBA7FAB79987B897C9
:105FF0005FE77EF71DC73CD7D326F2369106B01671
:1060000057667676154634564CD96DC90EF92FE988
:10601000C899E9898AB9ABA94458654806782768C0
:10602000C018E1088238A3287DCB5CDB3FEB1EFB68
:10603000F98BD89BBBAB9ABB754A545A376A167A10
:10604000F10AD01AB32A923A2EFD0FED6CDD4DCD38
:10605000AABD8BADE89DC98D267C076C645C454C60
:10606000A23C832CE01CC10C1FEF3EFF5DCF7CDF08
:106070009BAFBABFD98FF89F176E367E554E745EB0
:10608000932EB23ED10EF01E010000000000000071
:106090000200000000D57FAAFE2B815429FC568304
:1060A000D702A87D52872DF8AC79D3067BAE04D1F8
:1060B0008550FA2FA471DB0E5A8F25F08D58F227E8
:1060C00073A60CD9F623895C08DD77A2DF0AA075D8
:1060D00021F45E8B9D48E23763B61CC9B461CB1EC8
:1060E0004A9F35E0CF1AB06531E44E9BE633994CB8
:1060F00018CD67B239EC4693C712B86D10C56FBAA8
:10610000EE3B91446BBE14C19540EA3F42973DE897
:10611000BC69C316EF3A904511C46EBBC613B96C87
:1061200038ED4792BD68C21743963CE99441EB3E77
:106130006ABF15C04B9E34E1B560CA1F62B71DC867
:106140009C49E33619CC66B3E732984D30E54F9A57
:10615000CE1BB16472A70DD88C59F3265B8E24F147
:10616000A570DA0F20F55F8ADE0BA17409DC76A337
:10617000F722885DD603A97C28FD5782FF2A805527
:1061800001D47EAB8451FB2E7AAF05D0AD78D20717
:1061900053862CF9A8650308CC650308F06503084D
:1061A00014660308386603085C660308BE37863544
:1061B00000000000000000000000000000000000DF
:1061C000FAED6B3A00000000000000000000000043
:1061D00000000000FAED6B3A000000000000000033
:1061E0000000000000000000FAED6B3A2E90A03B8A
:1061F000000000000000000000000000000000009F
:1062000000401C45000000000000000000000000ED
:1062100000000000000096430000000000000000A5
:10622000000000000000000000009643A195000857
:1062300060000000AE080000E8030000D007000086
:106240006196000808000000E8030000010000005B
:10625000E703000000000000010000000200000051
:106260000300000006000000070000000800000016
:1062700009000000040000000500000003060404FB
:1062800004080806060808010202020202020102CE
:1062900002020202020000000000000018000000DC
:1062A00028000000000000000800000008000000B6
:1062B00001000000080000000800000000000000CD
:1062C00008000000080000000000000008000000B6
:1062D00008000000000000000800000008000000A6
:1062E000000000000800000008000000000000009E
:1062F0000800000008000000000000000800000086
:106300000800000000000000080000000800000075
:10631000000000000800000008000000010000006C
:10632000080000000800000001000000000034C365
:10633000000034C3000034C300000000000034C279
:1063400000000000000034C2000000000000F0C1A6
:10635000000000000000B4C10000000000000000C8
:10636000000000000000000000000000000000002D
:10637000000000000000000000000000000000001D
:10638000000000000000000000000000000000000D
:106390000000000000000000486172642046617542
:1063A0006C743A0043465352202000004846535232
:1063B000202000004D4D46415220000042464152EF
:1063C00020200000466F726365643A005573616770
:1063D0006520000042757320202000004D656D206F
:1063E00020200000535020202000000052302020A8
:1063F00020000000523120202000000052322020D6
:1064000020000000523320202000000052313220B2
:10641000200000004C52202020000000504320208B
:106420002000000050535220200000006C6567617E
:1064300063790000656E756D000000007261642F65
:10644000730000006269746D61736B005600000098
:1064500025000000487A00006D00000064656700B8
:106460006D2F73006D4168006465672F7300000035
:10647000252F73006761696E000000004100000075
:10648000493243002063656E7375733A0000000063
:10649000206E6F6E6500000055415658204D4154E6
:1064A000454B4634313157494E4720696E69740D6A
:1064B0000A00000053544D333220566972747561DE
:1064C0006C20436F6D506F727420696E20465320AC
:1064D0004D6F64650000000053544D6963726F6531
:1064E0006C656374726F6E696373000030303030B6
:1064F00030303030303530430000000056435020FB
:10650000436F6E666967000056435020496E74659C
:1065100072666163650000006D34774643496E74AE
:1065200066000000434C464C0000000053504B599D
:1065300000000000536570203233203230323600C4
:1065400032313A34323A34370000000056332E00EC
:10655000300000004D4154454B4634313157494ECF
:10656000473A302056323032362D30392D32330012
:10657000575000005254480021455252000000007C
:106580004F4B0000414E474C000000004143524F2A
:106590000000000041480000484F4C44000000004B
:1065A000554156582000000024505542582C343193
:1065B0002C312C303030332C303030312C323330E1
:1065C0003430302C302A31430D0A0000245055421B
:1065D000582C34312C312C303030332C3030303199
:1065E0002C3131353230302C302A31450D0A000043
:1065F00024505542582C34312C312C303030332C2F
:10660000303030312C35373630302C302A32440D92
:106610000A00000024505542582C34312C312C30C3
:106620003030332C303030312C33383430302C3063
:106630002A32360D0A00000024505542582C3431BD
:106640002C312C303030332C303030312C31393249
:1066500030302C302A32330D0A00000024505542CD
:10666000582C34312C312C303030332C3030303108
:106670002C393630302C302A31360D0A000000001B
:1066800003030101000101020204040000050607E2
:1066900008090A0D0B0B0C0D0E0000000000000095
:1066A000CDCC4C3F7B142E3ECDCC0C3FCDCC6441A9
:1066B00000000000000000000000000000000000DA
:1066C000000000000EF8FC3A349D9D3B00000000E5
:1066D0000000000000000000368DA740368DA74066
:1066E000DB0F49400000704100000000CDCCCC3DE4
:1066F00000000000CDCC4C3F7B142E3ECDCC0C3F97
:10670000CDCC64410000000000000000000000004B
:1067100000000000000000000EF8FC3A349D9D3B94
:10672000000000000000000000000000368DA740BF
:10673000368DA740DB0F494000007041000000008B
:10674000CDCCCC3D000000009A99993FCDCC4C3E79
:10675000CDCC0C3F3333AB41000000000000000003
:106760000000000000000000000000006F12833BEA
:106770000AD7233C000000000000000000000000D9
:10678000368DA740368DA740DB0F49400000704191
:1067900000000000CDCCCC3D00000000CDCC8C3FF3
:1067A000EC51383ECDCC0C3FCDCC9C4100000000DC
:1067B00000000000000000000000000000000000D9
:1067C000A69B443BA69BC43B0000000000000000C9
:1067D00000000000368DA740368DA740DB0F4940F2
:1067E0000000704100000000CDCCCC3D0000000056
:1067F0000000C03FAE47613ECDCC0C3F6666D6413F
:106800000000000000000000000000000000000088
:1068100000000000143FC63BFE65773C000000000E
:106820000000000000000000368DA740368DA74014
:10683000DB0F49400000704100000000CDCCCC3D92
:10684000010000003333333F000000006666E63E7F
:1068500000002041000050410000D0400000E04115
:106860000000003F295C8F3D4260653B0AD7A33B97
:10687000CD4C024366668A430000C0400000604081
:106880009A99993F0000C03F00006041C3F5E83F7E
:106890000000000001000000CDCC4C3F00000000D3
:1068A0000000003F00004041000060410000004146
:1068B0000000F0416666E63E295C8F3DA69BC43B26
:1068C0006F12033C3333834166668D433333734227
:1068D000000040409A99993F0000C03F00004041AD
:1068E0001F850B4000000000010000009A99993FAD
:1068F0009A99193F3333B33E0000704100002041A4
:106900000000D0400000B0419A99193F8FC2753DF8
:10691000295C0F3DCDCC4C3D00009C41CDCC2C42A0
:10692000333331420000C03F0000803F0000803F11
:10693000000020410000803F000000000100000036
:106940009A99993F9A99193F3333B33E00007041A9
:10695000000020410000C0400000B0413333333F0D
:10696000AE47613D295C0F3DCDCC4C3D9A99034229
:1069700000002F43666688420000C03F0000803F51
:106980000000803F00002041713D4A3F00000000B0
:10699000010000006666663F6666E63ECDCCCC3EF2
:1069A00000005041000030410000F0400000C041B4
:1069B000CDCC0C3F8FC2753D8FC2753C0AD7A33C2E
:1069C00000007041000034420000C8410000204037
:1069D0009A99993F9A99993F000030419A99993F25
:1069E00000000000010000000000803F0000003FA8
:1069F0003333B33E00004041000020410000E0403E
:106A00000000A041CDCC0C3FB81E853D0AD7A33C69
:106A10008FC2F53C0000000066665042CDCCE441D8
:106A2000000000400000803F0000803F0000104157
:106A30003D0A973F00000000020000000000C03F38
:106A4000CDCCCC3E0000003F0000A0410000404102
:106A50000000A0400000C8410000003FCDCCCC3D6C
:106A60000AD7A33C8FC2F53C0000000000000000E4
:106A700000000000000020409A99993F0000C03FAC
:106A800000004041000000000AD7A33D03000000C1
:106A90000000A040000000000000003F00000000D7
:106AA00000000000000000000000A0400000000006
:106AB0000000003F000000000000003F0000000058
:106AC00000000000000000000000000000000000C6
:106AD0000000C03F0000000000000000CDCC4C3E94
:106AE0000300000000000040000000000000003F24
:106AF0000000000000000000000000000000204135
:106B0000000000009A99993E00000000CDCC4C3E58
:106B10000000000000000000000000000000000075
:106B20000000000000000040000000000000000025
:106B30009A99193E030000000000C03F00000000C9
:106B40000000003F00000000000000000000000006
:106B500000004041000000000000803E00000000F6
:106B6000CDCCCC3D00000000000000000000000083
:106B700000000000000000000000204000000000B5
:106B800000000000CDCCCC3D0000003F0000003FE5
:106B9000CDCC4C3E0000804000008040CDCC4C3F2E
:106BA000E001B8005C00290014000A000500CC01D7
:106BB000FA00B8006200290014000A000500100E57
:106BC00064BE0020030100000AD7A33B00000000C0
:106BD0000000F041A69BC43A2C640308DCB80020F6
:106BE00003060000282CF13900000000713D6A40C6
:106BF000EBF5F6342C64030840BE002003040000CB
:106C00000000803F00000000000048430000E03F1B
:106C10007C6603081AFD0020000000000000803F91
:106C2000000000000000803F000000003464030802
:106C30004CBE0020030A00008FC2753C000000001B
:106C40000000F0410AD7233C3C640308ACBB0020A1
:106C5000030100000AD7A33B000000000000F04140
:106C6000BC74133B2C640308D8B800200306000052
:106C7000E2E9953C00000000713D6A4009E1D13B2A
:106C80002C64030888BB0020030400000000803F40
:106C900000000000000048430000E03F7C6603085D
:106CA000A0260120000000000000803F000000003E
:106CB0000000A0400000A0403464030894BB002002
:106CC000030A00008FC2753C000000000000F04184
:106CD0000AD7233C3C6403081CC1002003010000C8
:106CE0000AD7A33B000000000000F0418FC2753BB3
:106CF0002C64030874BE00200302000017B7D138CB
:106D00000000000000000040BD3706362C64030878
:106D100080010120000000000000803F0000000012
:106D20000000A0400000000034640308FC200120A3
:106D3000000000000000803F0000000000008040D4
:106D400000000000346403088400002000000000FC
:106D50000000803F000000000000A04000008040D4
:106D600034640308A30E0120000000000000803FEF
:106D70000000000000007F430000B04144640308AD
:106D800068B00020000000000000803F000000000C
:106D900000007041000000003464030860AE002071
:106DA000030000000000803F000010410000A041EF
:106DB0009A9919414C640308F085002003080000EB
:106DC000CDCCCC3D000000000000A041CDCCCC3D9E
:106DD0002C64030800000000030000000000803F56
:106DE0000000000000007F430000000000000000E1
:106DF000ACB80020030E00000AD7233C00000000BE
:106E00000000803F0AD7A33C5064030888B80020E4
:106E1000030E00000AD7233C000000000000803F62
:106E20000000000050640308A4B80020030E000016
:106E30000AD7233C000000000000803FCDCC4C3D31
:106E40005064030844BE002003050000CDCC4C3D37
:106E50000000000000007A43CDCC4C3C2C640308B9
:106E60008CBB002003050000CDCC4C3D0000000091
:106E700000007A43CDCC4C3C2C640308F485002000
:106E800003080000CDCCCC3D000000000000A04174
:106E9000CDCCCC3D2C64030834000020031000004E
:106EA0000000803F0000000000007F430000C84158
:106EB00054640308BCBB00200302000017B7D1389C
:106EC0000000000000000040BD3706362C640308B7
:106ED00010A10020030700008FC2753D00000000D4
:106EE000000070418FC2F53C2C64030874BB002085
:106EF000030600000000803F00000000713D6A4072
:106F0000931ADA392C640308B0B80020030000009B
:106F10000AD7233CCDCC4C3E0000003F9A99993EC5
:106F200050640308C88F0020030000000AD7233CE8
:106F300000000000CDCC0C3F0AD7A33B2C64030813
:106F400078010120030000000000803F00000000E5
:106F50000000F0410000204158640308603D01201A
:106F6000030B000035FA8E3C00000000960A863FB5
:106F70007EC3643E5C640308000000000000000063
:106F80000000803F0000000000007F430000000080
:106F9000000000000C000020000000000000803F06
:106FA00000000000000000400000004034640308BE
:106FB00000000000000000000000803F0000000012
:106FC000000080410000E0400000000069B00020A7
:106FD000000000000000803F000000000000704141
:106FE0000000803F346403084800002003000000D4
:106FF0000000803F000000000000003FCDCC4C3E70
:10700000000000007C010120030E00000AD7233C91
:10701000000000000000803F0000000050640308F2
:107020005CA10020030700000000803F000000007A
:10703000000070410000A0402C6403086AB00020EA
:10704000000000000000803F0000000000007041D0
:1070500000000040346403086BB000200000000012
:107060000000803F00000000000070410000404030
:1070700034640308F5000020000000000000803F99
:10708000000000000000D04100008040346403088C
:10709000FD200120000000000000803F00000000F3
:1070A0000000E0400000004034640308BCB8002049
:1070B000030000000000803F000000000000484284
:1070C00000004040606403088101012000000000CE
:1070D0000000803F000000000000F041000070410F
:1070E00040640308C1000020000000000000803F51
:1070F000000000000000E04000000040346403088D
:1071000048A10020030700000AD7233C000000002C
:107110000000704117B7513A2C6403086EB000208C
:10712000000000000000803F0000000000007041EF
:107130000000C040346403086DB00020000000006F
:107140000000803F00000000000070410000A040EF
:107150003464030882010120000000000000803F29
:10716000000000000000FE4200000000446403082C
:1071700044000020030000000000803F00000000E9
:10718000000048420000C8410000000054AE00204A
:10719000031500000000803F0080BB4400401C46F7
:1071A0000080BB44646403086CB000200000000051
:1071B0000000803F0000000000007041000080409F
:1071C0003464030873B00020000000000000803F1A
:1071D00000000000000070410000304134640308EA
:1071E00008A1002003070000022B873C00000000DC
:1071F00000007041022B873B2C64030884010120AE
:10720000030000000000803F0000000000007F43FA
:107210000000204100000000A490002003000000B6
:107220000AD7233C000000BF0000003F0000000020
:107230005064030871B00020000000000000803F8F
:107240000000000000007041000010413464030899
:107250000CA10020030700006F12833B0000000018
:1072600000007041ACC5A7382C6403080000000082
:10727000000000000000803F0000000000007F438D
:10728000000000000000000014A10020030700001F
:107290000000803F00000000000070410000803FBF
:1072A0006064030830C10020030D000035FA8E3CF5
:1072B00000000000378D2741910A064068640308EA
:1072C0009CB80020030E00000000803F000000007A
:1072D0000000803F9A99193E0000000094B80020F9
:1072E000030E00000AD7233C000000000000803F8E
:1072F0000AD7233C5064030800000000030000008C
:10730000CDCC4C3D0000000000007F430000803FDA
:107310002C64030890B80020030B000035FA8E3C63
:1073200000000000960A863F960A863F5C640308C8
:1073300060A10020030B000035FA8E3C0000000025
:10734000960A863FE866DF3E5C64030884B8002046
:10735000030F00000AD7233C000000000000003F9C
:10736000000000007064030898B80020030E0000BD
:107370000AD7233C000000000000803F0000803E50
:1073800050640308D0AF0020000000000000803FE0
:1073900000000000000080400000804034640308CA
:1073A00000000000030000000000803F000000001B
:1073B00000007F430000000000000000A20E01203A
:1073C000000000000000803F0000000000007F433C
:1073D000000096424464030898BB0020030B0000A1
:1073E00035FA8E3C00000000960A863F960A063F5A
:1073F0005C64030800000000030000000000803F00
:107400000000000000007F43000080407464030817
:1074100050BE0020030B000035FA8E3C0000000037
:10742000960A863F960A063F5C64030838000020EF
:10743000030000000000803F0000C84100007F43BF
:10744000000048425464030864A10020030B0000BC
:1074500035FA8E3C00000000960A863FC7B8B23E5F
:107460005C64030874B80020030000000000803F43
:1074700000000000CDCC4C3EA69B443B706403084A
:10748000E8000020030E00000AD7233C00000000A3
:107490000000803FCDCC4C3F506403088CB80020E6
:1074A000030C000035FA8E3CC7B8B2BEC7B8B23E76
:1074B000000000005C64030878BE0020030D00009B
:1074C00035FA8E3C00000000378D2741910A864036
:1074D00068640308C0BB0020030D000035FA8E3C31
:1074E00000000000378D2741910A064068640308B8
:1074F0005CAE0020031200000000803F000000008E
:1075000000007F43000000007C640308600000204E
:10751000031100000000803F0000000000007F43D6
:10752000000094414C64030880B80020030E000062
:107530000AD7233C000000000000803FCDCC4C3E29
:10754000506403087CB80020030E00000AD7233CD7
:10755000000000000000803F0000000050640308AD
:1075600068A10020030D000035FA8E3C00000000E9
:10757000378D2741960A063F68640308C000002043
:10758000000000000000803F000000000000A0405C
:1075900000008040346403082CC100200300000078
:1075A00017B7D13700000000CDCC4C3DBD37863534
:1075B0002C64030800000000000000000000803F71
:1075C0000000000000007F430000000000000000F9
:1075D00000000000000000000000803F00000000EC
:1075E0000000C842000000003464030872B00020AC
:1075F000000000000000803F00000000000070411B
:1076000000002041346403086FB000200000000037
:107610000000803F00000000000070410000E040DA
:107620003464030870B00020000000000000803FB8
:1076300000000000000070410000004134640308B5
:10764000F8C00020030400000000803F000000009C
:10765000000048430000403F7C660308FCC0002057
:1076600003050000CDCC4C3D0000000000007A4333
:10767000CDCC4C3C2C64030804C10020030A00005C
:107680000ADA643A000000000000F0418FC2F53CC5
:107690003C640308E4B8002003060000CDCC4C3D58
:1076A00000000000713D6A408FC2753B2C640308E6
:1076B000A10E0120000000000000803F000000003B
:1076C000000080400000803F3464030800B90020BF
:1076D00003060000C98E8D3900000000713D6A402C
:1076E00084F490342C64030894000020030000000C
:1076F0000AD7233C000000000000803E0000803ECE
:107700005064030878B80020030000000000803FA8
:10771000000040C0000000000000C0BF606403081B
:1077200000000000000000000000803F000000009A
:1077300000007F43000000000000000098000020CF
:10774000030000000000803F000000000000F04146
:107750000000803F6064030850A100200300000087
:107760000000803F00000000000020410000804039
:107770005864030854A10020030000000000803F6B
:10778000000000000000F041000040405864030881
:1077900020C10020030300006F12833A00000000A4
:1077A00000000040000000002C64030828C10020F5
:1077B000030000000AD7233C000000000000004046
:1077C00052499D392C6403080000000003000000AA
:1077D0000000803F0000000000007F430000000028
:1077E0000000000000000000030000000000803FD7
:1077F0000000000000007F430000000000000000C7
:1078000010000020030000000AD7233C9A99193E7B
:107810000000803FCDCCCC3E506403080000000047
:10782000030000000000803F0000000000007F43D4
:107830000000000000000000E4AF0020030E000084
:107840000AD7233C000000000000803F0AD7A33C79
:107850005064030858A10020030000000000803F8E
:107860000000000000007A44000048435864030808
:1078700064000020030000000000803F00000000C2
:107880000000C8410000704158640308A00E0120A8
:10789000000000000000803F0000000000000040E9
:1078A0000000000034640308F40000200000000021
:1078B0000000803F00000000000070420000A04077
:1078C00040640308F0000020030000000AD7233CB6
:1078D000000000000000003F9A99193E5064030820
:1078E00074010120030600006F12833A00000000BB
:1078F000713D6A4017B751382C640308B8B80020AE
:10790000030000000000803F00000000000048422B
:107910000000404060640308700101200300000083
:107920000AD7233C000000000000A0410000000036
:1079300050640308B4B80020030000000000803F3A
:10794000000000000000704100004040586403083F
:1079500000000000000000000000803F0000000068
:1079600000007F430000000000000000EC00002049
:10797000000000000000803F000000000000A04068
:107980000000803F34640308000000000000000095
:107990000000803F0000000000007F430000000066
:1079A000000000009F0E0120000000000000803F4A
:1079B000000000000000E040000000003464030804
:1079C0000000000000000000000000000000F04186
:1079D0000000000000000040000000000000004027
:1079E00000000000000048430000000000007A434F
:1079F00000000000713D6A4000000000000070417E
:107A0000000000000000A041000000000000A041B4
:107A1000000000000000F04100000000960A863FD0
:107A2000C7B8B2BEC7B8B23E00000000378D2741CC
:107A3000000000000000803F000000000000003F48
:107A40000000000000007F430000000000007F43B2
:107A50000000000000007F430000000000007A44A6
:107A600000000000000048420080BB4400401C466B
:107A70000000000000007042000100010100000051
:107A8000787D8B3A0AE89C3A00000046000300002B
:107A9000010001010000000000000240100004008D
:107AA00001040001EC0000000000000000000000E4
:107AB00000020000000000000000000000000000C4
:107AC00000000000000000000000000000000000B6
:107AD00000000000000000000000000000000000A6
:107AE0000000000000000000000000000000000096
:107AF0000000000000000000000000000000000086
:107B00000000000000000000000000000000000075
:107B10000000000000000000000000000000000065
:107B20000000000000000000000000000000000055
:107B30000000000000000000000000000000000045
:107B40000000000000000000000000000000000035
:107B5000010000000030014000000240200005004C
:107B600000000240400006000000024080000700C4
:107B700001000000003800400004024000200D0019
:107B80000004024000400E000004024000800F008C
:107B900000000000003C0040000000000000000069
:107BA00000000000000000000000000000000000D5
:107BB00000000000000000000000000000000000C5
:107BC00000000000000000000000000001000000B4
:107BD000005400400004024000010800000402407C
:107BE00000020900040000000000000000580040EE
:107BF0000000000000000000000000000000000085
:107C00000000000000000000005C004000000000D8
:107C10000000000000000000000000000000000064
:107C20000100000000000000000000000000000053
:107C30000000000000000000000000000000000044
:107C40000000000000000000000000000000000034
:107C50000000000001000000001001400000024090
:107C6000000209000000024000040A0000C20100F6
:107C7000000000200007250000000008B864024052
:107C800046000000886402400100000000440040FB
:107C9000000002400400020000000240080003004F
:107CA00000C20100000000000007260000000008DC
:107CB000A060024011000000886002400000000047
:107CC00000000000000000000000000000000000B4
:107CD00000000000000000000000000000000000A4
:107CE0000000000000000000000000000000000094
:107CF0000000000000000000000000000000000084
:107D00000000000000000000000000000000000073
:107D10000000000000000000000000000000000063
:107D20000000000000000000000000000000000053
:107D30000000000000000000000000000000000043
:107D40000000000000000000000000000000000033
:107D50000000000000000000010000000000000022
:107D60000000000000000000000000000000000013
:107D70000000000000000000000000000000000003
:107D800000000000000000000000000001000000F2
:107D90000020014000040240010000000800000033
:107DA000010000000000000010640240010000001B
:107DB0000100000000200140000402400200010018
:107DC00009000000010000000000000010640240F3
:107DD00002000000000000000000000000000000A1
:107DE0000000000000000000000000000000000093
:107DF0000000000000000000000000000000000083
:107E00000000000000000000000000000000000072
:107E10000000000000000000000000000000000062
:107E20000000000000000000000000000000000052
:107E30000000000000000000000000000000000042
:107E40000000000000000000000000000000000032
:107E50000000000000000000000000000000000022
:107E600000000000010000000008024000200D009A
:107E70000100000000000000000000000000000001
:107E800000000000000000000000000000000000F2
:107E90000000000000000000010000000008024097
:107EA00000400E0001000000000000000000000083
:107EB00000000000000000000000000000000000C2
:107EC00000000000000000000000000000000000B2
:107ED00000000000000000000000000000000000A2
:107EE0000000000000000000000000000000000092
:107EF0000000000000000000000000000000000082
:107F00000000000000000000000000000000000071
:107F10000000000000000000000000000000000061
:107F20000000000000000000000000000000000051
:107F300000000000010000000004024004000200F4
:107F4000010001000000000000000000000000002F
:107F50000000000000000000000000000000000021
:107F60000000000000000000000000000000000011
:107F70000000000000000000000000000000000001
:107F800000000000000000000000000000000000F1
:107F900000000000000000000000000000000000E1
:107FA00000000000000000000000000000000000D1
:107FB00000000000000000000000000000000000C1
:107FC00000000000000000000000000000000000B1
:107FD00000000000000000000000000000000000A1
:107FE0000000000000000000000000000000000091
:107FF0000000000000000000000000000000000081
:108000000000000000000000000000000000000070
:108010000000000000000000000000000000000060
:108020000000000000000000000000000000000050
:108030000000000000000000000000000000000040
:108040000000000000000000000000000000000030
:108050000000000000000000000000000000000020
:108060000000000000000000000000000000000010
:108070000000000000000000000000000000000000
:1080800000000000000000000000000000000000F0
:1080900000000000000000000000000000000000E0
:1080A00000000000000000000000000000000000D0
:1080B00000000000000000000000000000000000C0
:1080C00000000000000000000000000000000000B0
:1080D0000000000001000000000402401000040045
:1080E0000200010001000000000400400000000048
:1080F0003404004002000000000000000000000006
:108100000000000000000000010000000004024028
:1081100020000500020001000100000000040040F2
:1081200004000000380400400200000000000000CD
:10813000000000000000000000000000010000003E
:10814000000402404000060002000100010000009F
:108150000008004000000000340800400200000059
:10816000000000000000000000000000000000000F
:10817000010000000004024080000700020001002E
:108180000100000000080040040000003808004022
:1081900002000000000000000000000000000000DD
:1081A000000000000100000000040240080003007D
:1081B0000200010001000000000000400400000077
:1081C0003800004001000000000000000000000036
:1081D0000000000000000000010000000004024058
:1081E00000040A000200010001000000000000403D
:1081F000080000003C0000400100000000000000FA
:10820000000000000000000000000000010000006D
:108210000000024000800F00020001000100000089
:108220000000004000000000340000400100000099
:10823000000000000000000000000000000000003E
:10824000000000000000000000000000000000002E
:10825000000000000000000000000000000000001E
:10826000000000000000000000000000000000000E
:1082700000000000000000000000000000000000FE
:1082800000000000000000000000000000000000EE
:1082900000000000000000000000000000000000DE
:1082A00000000000000000000000000000000000CE
:1082B00000000000000000000000000000000000BE
:1082C00000000000000000000000000000000000AE
:1082D000000000000000000000000000010000009D
:1082E0000000024001000000020001000100000047
:1082F000000C004000000000340C004002000000B0
:10830000000000000000000000000000000000006D
:10831000000000000000000000000000000000005D
:10832000000000000000000000000000000000004D
:10833000000000000000000000000000000000003D
:10834000000000002837154328370B432837014326
:108350004F6EEE424F6EDA424F6EC6424F6EB242E1
:108360004F6E9E424F6E8A429FDC6C429FDC4442BD
:108370009FDC1C423EB9E9413EB999417C721341F0
:1083800045D848BF848D2CC1C246A6C1C246F6C19D
:10839000612323C261234BC2612373C2B1918DC299
:1083A000B191A1C2B191B5C2B191C9C2B191DDC2C1
:1083B000B191F1C2D8C802C3D8C80CC3D8C816C37B
:1083C000D8C820C3D8C82AC32837334328372943FD
:1083D00028371F4328371543E27D0143D27CEA4208
:1083E0004B35D44281D8BF423907AD4244649B42E9
:1083F0007D9E8A4281E97442C56C5542378336427C
:10840000BA001842DA8FF341EC80B741DA3877418D
:10841000145CFE405F24C43E938CE9C0AE5872C128
:108420004F9EB9C122ECFBC1F01320C2712643C29A
:10843000082967C2EC0F86C2DF1099C222B0ACC215
:108440004F16C1C24B7CD6C2AF28EDC29BB302C34C
:10845000D9BA0FC370B11DC349722CC39A602C43A3
:10846000F24F1D43EAE40E43E27D0143C52BAB42CC
:1084700031589B42209E8E4240BA83421DB47342C3
:1084800038B86042E47A4D421D3839426480234254
:1084900082450C420FAEE7418B94B541C3988341AE
:1084A000418E2541378E8D401F2EB5BFD7C0EBC002
:1084B000BE875AC15EA2A3C1C168DEC1EB760EC2FF
:1084C00033ED2EC2BCD94FC205AB70C2129088C228
:1084D00024AB98C2E4E7A8C232C6B9C2032CCCC20E
:1084E00089CFE1C25749FEC265B814C3580431436D
:1084F000B86C0A439E44E0424574C042C52BAB426F
:10850000E18B3E420C653942F68B334274DE2D42DC
:108510008A882842EB052342DE281C42356C124231
:108520007B8604421FDDE341D240B641CF43834105
:10853000BBE11E41522C7B40D673A2BF5778B7C017
:108540002E4A1FC1CC8B69C12569A1C139B4D6C1DE
:108550000B3809C22D3228C2D52C46C263AB61C28A
:10856000BEDC79C23D2B87C2CB578FC24EFA94C274
:108570006BD496C2037591C22BA172C28340A6C16F
:108580009D8BD24141942A426C983D42C72E414274
:10859000E18B3E42CFC3F741A375F9414E5CF741F1
:1085A0001A1DF4412895F1412F97F041A7B3EF41EF
:1085B000309EEA41D589DB410FBFBD41DFEC8F41E1
:1085C00065532B4172BF3B40EBAD80C03F1114C1DE
:1085D00053964BC1CFAC72C19F7C8DC175F0AAC1BF
:1085E0002C71D6C13F8306C24A1523C2F3E83CC2B0
:1085F000D38151C245675FC2005A65C2548F61C2C0
:108600001ED050C28D9F2EC21AE3F1C1F74C5CC13F
:10861000E206EC3F2CF15D419722B041AC6DD841B0
:108620006F6AEE41CFC3F74128DBB2410F05B74176
:1086300062A1B741002EB641AA02B441F2F5B2419F
:1086400026DEB341481CB441CEC7AC41381B95412E
:108650006AC14E4107259840C19089C06C1542C13E
:108660000F968BC1D6E2A2C1FCAFADC134E8B1C157
:1086700065A5B7C1C067CCC1EE7CF4C10AF111C2D7
:10868000185226C2074E33C25D9E36C249EB2EC237
:1086900085651BC275EBF7C149CBA8C1EE0835C192
:1086A000314240C04E7F7E4021021F4144866D41D1
:1086B0005EA394411C5FA84128DBB24180AB864198
:1086C0003D898A411D3D8C4172338C4123338A415F
:1086D000A32F8741A52B8541FF2C84416D2D7D4122
:1086E000F0335341912CF04095D481BF57F824C109
:1086F000BFE58EC1112AB4C18A3CC6C11725CCC1C1
:108700003E6EC5C1905AB1C15E63A1C1AFBCABC1E1
:10871000E9E0CBC19912EDC19048FFC1445DFBC1B6
:10872000ABE1E1C17F01B7C13A407FC1862C0EC1E8
:1087300063B45AC04E9CDC3E06F57740772DEE4080
:1087400083A32D4123CA5B41AF147C4180AB86419A
:108750001BAA52413ED05641D2185941E1625A41BA
:108760003BFC5741D7B450419FB048415DC44241A2
:10877000E151354129F90941B77A3640F4FDAFC0DE
:1087800087FE60C139FFA3C1D1E8BFC156C8C7C1C8
:10879000E313C1C1A29DAAC14E7483C17A5F35C1E2
:1087A000132C11C1199C2BC1B1F966C174648AC123
:1087B000448B8DC186727CC1FAE143C11939F2C084
:1087C000894140C03E5CF2BD9B1BB33F9B38494092
:1087D0003A5DB440AD2F054144862B41FD414641F1
:1087E0001BAA52414D782E41261E2E4170FC2C4171
:1087F0007ED72D4136CD2C410F6226411DAC1E4146
:1088000046EB1741E696064161C3AB403D2CF4BEF2
:108810000A2E04C1DC917AC15316A6C1A251B6C179
:108820000332AFC1211F97C1A57768C1829018C1DB
:10883000A04F9DC08DEEF4BF47E6E1BF771088C022
:10884000B398E5C0D5E708C1457002C1B493CCC068
:10885000E3C762C005FA24BF5BB14F3FAB3E933F15
:108860005D16074034BA8540B2F4D2409ED20C4126
:10887000795D25414D782E41A1101B418D0B18418A
:10888000EDBB1341C8181441F8881441B3B50F412A
:108890007E1809417EC60041AE2AD240443444408D
:1088A000E04A30C03B191CC14DB27EC1A9079DC131
:1088B0002CDAA0C1CFF78CC1893556C100D70CC1C5
:1088C0003CA09AC0AB26D0BFC1C55A3F4E9CDC3FEE
:1088D00089EFB43E672C00C0E67465C04AEF7BC0E8
:1088E0000E4F53C001FBE4BF488A08BEEE08D73ED6
:1088F0004018183EC0CF383FD59527405CACA0400B
:108900000118EB404D101141A1101B410DE00F412A
:10891000685C1041B4F10C41D3070F415379124107
:10892000EAE70F41F5E707413E79F1400C3CAC40E6
:108930006132A53FA1A190C0E3A52BC1A8D279C106
:10894000C3078FC199A488C10D0E5EC150C218C162
:1089500069E3AAC09FC809C0E50AEF3D2D95014013
:108960007407434047E61340228EF53EEC6977BF1B
:10897000D34DC6BF87E1C3BFF8FC80BF0A9DD7BEF9
:10898000658D22BF1B0DB0BFA1B996BF6F47F83EE2
:10899000CE883C4078D1B340C520FC400DE00F416B
:1089A000EAB200416D280E41FBF41341A34C1C4177
:1089B00092DC2441B840254160BC1941E145FE40AC
:1089C00067279A40D9CEB7BD793BC3C03C773AC13F
:1089D000BB1B74C1094481C1615468C1DE9F33C1AE
:1089E00098DDE7C062845CC032031DBF4165A03FD3
:1089F000BB27314052D56E401C7C57409A5FFD3FEB
:108A000060EA3F3F54E3053E4F5842BE3350D9BE63
:108A1000DAAC5ABF2445F8BF687952C0F2D267C0B9
:108A2000DE8E16C03EEDB03D71AC4740F0BFC14098
:108A3000EAB20041255DCE40B47608419F1F204137
:108A400057213441F6234341CB2146413108374178
:108A500081EC1041C9E59B404D1089BF26C7F2C08B
:108A6000C6504CC1458D75C11F6873C17CFE50C195
:108A7000D3D91CC19F3CC3C09ED221C0FC6F853E90
:108A8000431C0740C3475E40EFFE8C4019C58D4034
:108A9000CD06674085EB2B405D3301408FDFAB3F58
:108AA000B471B43E5E6397BFA06C56C0AC39B0C021
:108AB000E691CEC0E960B3C0653650C0B1DC523C2F
:108AC000FCC65F40255DCE406F9E93405F46FD40F3
:108AD0001FCB2A4173CB4D412D89644129966941B1
:108AE00035245741ADEE26414547A640A5BDF9BF07
:108AF000072514C1090A67C17AAA83C16B8E7BC19D
:108B0000729653C1FE9A1DC1CE8DC4C051F721C0CB
:108B10009B38F93E5BCE2B40FF95894089D2B0400F
:108B20008447C640486DC640D174B74022719D400D
:108B300054746640740CC43F0B7BB2BF670F9CC07B
:108B40006440FEC041E516C1B29D0DC1247FD0C076
:108B5000D3D943C0C8D2573F6F9E934000004E40C8
:108B6000BA4EED40BD1833419285644187908241F1
:108B7000AF2B8741390B794117D93C41E59BA64082
:108B8000348063C042A63FC13C718BC12DCF99C1D7
:108B9000586291C1841276C1A1213BC1D9CEF4C0E3
:108BA000C78068C03D2C54BC75C83F40FAF2AE4047
:108BB0007AFCF140EB101441F0162541CCDD274141
:108BC000D2A918416952E840C72E6340DB33ABBFDE
:108BD0000534D0C0F5E728C1F63446C13FA93CC1F1
:108BE000641214C1C3F5AFC0EC6997BF00004E40DA
:108BF00009502140AA9AEA405BA53C41B36F7941F4
:108C0000D05592411D789A416AD88E41F2354F4134
:108C100053E87E401119F1C06D628CC15391B9C106
:108C200023D5C4C19897B8C19D349EC122F177C1A4
:108C3000AAC82BC1253BBBC081958FBF2C2B5140AF
:108C40003D9BE840DA382E41A7966041F5508341BC
:108C50002E398C41F62386411CB1584167D5F3402B
:108C6000ED2A64BEF5B9FCC0761A53C1DA7E73C131
:108C7000364D65C11EFE35C1EFE1E5C0FE261AC0C6
:108C800009502140BCE8014024D6EB40D6EE4541D6
:108C90003AAF85414E2E9F41D4EBA841C1CA9741BE
:108CA000E76F3641B1F92CC0AC8596C1B947EDC12B
:108CB000F88A07C2464E06C283B4F4C1975CD0C19D
:108CC00003C9A4C12C486AC10A1D07C19DD70CC0A5
:108CD00016187C40C5AC1D41AAC3764182A8A341A9
:108CE0006120C541B594DB41A655E0419178C94169
:108CF000E8538C414AEFAF40AD4CD7C09C5069C19E
:108D000079C68AC10A2E83C14A5252C14A6F09C12B
:108D100019E258C0BCE80140CAE0D83E9487B5408B
:108D2000F1572741BBFE6241D27B7D41171A574163
:108D30005AF553407A8D88C12A7A17C23DA441C2A0
:108D40008FFF4AC243A742C2B8D530C26C9E19C237
:108D5000064CFEC1264DC5C1EFC989C1FDA419C18C
:108D6000E57EF3BFBB44B9406F2F5641B953A641CE
:108D70002703DF414AD8094243052142D007334245
:108D800086233C42C3073542BCB91042B5328E41FE
:108D90005AF5CDBF27E641C1DB3F6EC1D20C56C1AB
:108DA000E18B1AC102F19AC0CAE0D83E21C332C396
:108DB00021C328C321C31EC321C314C321C30AC3B3
:108DC00021C300C34286EDC24286D9C24286C5C2D3
:108DD0004286B1C242869DC2428689C2830C6BC262
:108DE000830C43C2830C1BC20719E6C1071996C145
:108DF0000E320CC1936F9E3FF2CD3341F9E6A9418B
:108E0000F9E6F9417DF324427DF34C427DF374424F
:108E1000BE798E42BE79A242BE79B642BE79CA42BE
:108E2000BE79DE42BE79F242DF3C0343DF3C0D43B4
:108E3000DF3C1743DF3C2143DF3C2B4321C332C3DC
:108E40000100000002050A0A0A0105000001020AE9
:108E50000A0A0105050501020A0A0A0102020502C1
:108E6000020A0A0A0101020502010A0A0A000000B8
:108E7000000304000102060532000000CDCCCC3E08
:108E80000000A04046000000CDCC4C3E6666CE40BF
:108E900064000000CDCC4C3ECDCCF440010000007D
:108EA000CDCC4C3E0000C03F010000000000803FE0
:108EB0000000B040000000000000000000000000C2
:108EC0000B300B500B330B310B0010021002100251
:108ED0001010210E21082109210B210F210D0A0557
:108EE0000A090A0B0A020A060A070A210A2E0A08B8
:108EF0000160012201310104014001090134010135
:108F0000010201070135013201060103013001248C
:108F1000012301200121011101120230023102104E
:108F200002150211021302200D110D160D130D046E
:108F30000D030D120D010D060084030000C2010097
:108F400000E1000000960000004B000080250000BA
:108F500000000000010203040102030406070809DF
:108F600059F3F8C21F6EA501000000000000F03F99
:108F70000000000000000080182D4454FB2109402F
:108F8000182D4454FB2109C0182D4454FB21E9BF7E
:108F9000D221337F7CD90240D221337F7CD902C0D9
:108FA000763C7935EF39EA3D763C7935EF39EABDE3
:108FB0000000E0FE422EE63F0000E0FE422EE6BF4B
:108FC000000000000000E03F000000000000E0BFE3
:108FD000E2652F227F2B7A3C075C143326A6813C66
:108FE000BDCBF07A8807703C075C143326A6913C11
:108FF0004FBB610567ACDD3F182D4454FB21E93FB1
:109000009BF681D20B73EF3F182D4454FB21F93F9F
:1090100000000080DB0F4940DB0F49C0DB0F49BF78
:10902000E4CB1640E4CB16C0D1F71737D1F717B70A
:109030008071313F807131BF0000003F000000BFF0
:10904000000FC93F000F494000CB9640000FC940B8
:109050000053FB4000CB164100ED2F41000F49416A
:109060000031624100537B41003A8A4100CB964176
:10907000005CA34100EDAF41007EBC41000FC9413F
:1090800000A0D5410031E24100C2EE410053FB4156
:1090900000F20342003A0A420083104200CB16421B
:1090A00000141D42005C234200A5294200ED2F421E
:1090B00000363642007E3C4200C74242000F494221
:1090C000A2000000F9000000830000006E00000014
:1090D0004E000000440000001500000029000000C0
:1090E000FC0000002700000057000000D100000035
:1090F000F500000034000000DD000000C0000000AA
:10910000DB000000620000009500000099000000F4
:109110003C000000430000009000000041000000FF
:10912000FE0000005100000063000000AB000000E2
:10913000DE000000BB000000C50000006100000070
:10914000B7000000240000006E0000003A0000009C
:10915000420000004D000000D2000000E0000000CE
:1091600006000000490000002E000000EA00000098
:1091700009000000D1000000920000001C00000067
:10918000FE0000001D000000EB0000001C000000BD
:10919000B100000029000000A70000003E00000010
:1091A000E80000008200000035000000F50000002B
:1091B0002E000000BB0000004400000084000000FE
:1091C000E90000009C000000700000002600000084
:1091D000B40000005F0000007E00000041000000BD
:1091E0003900000091000000D600000039000000A6
:1091F000830000005300000039000000F40000006C
:109200009C000000840000005F0000008B00000054
:10921000BD000000F9000000280000003B00000035
:109220001F000000F800000097000000FF00000091
:10923000DE00000005000000980000000F000000A4
:10924000EF0000002F000000110000008B00000064
:109250005A0000000A0000006D0000001F0000001E
:109260006D000000360000007E000000CF0000000E
:1092700027000000CB00000009000000B70000003C
:109280004F000000460000003F00000066000000A4
:109290009E0000005F000000EA0000002D000000BA
:1092A0007500000027000000BA000000C7000000A1
:1092B000EB000000E5000000F10000007B00000072
:1092C0003D0000000700000039000000F70000002A
:1092D0008A0000005200000092000000EA00000036
:1092E0006B000000FB0000005F000000B100000008
:1092F0001F0000008D0000005D000000080000005D
:10930000560000000300000030000000460000008E
:10931000FC0000007B0000006B000000AB000000C0
:10932000F0000000CF000000BC00000020000000A2
:109330009A000000F4000000360000001D0000004C
:10934000A9000000E300000091000000610000009F
:109350005E000000E60000001B00000008000000A6
:109360006500000099000000850000005F0000001B
:1093700014000000A0000000680000004000000091
:109380008D000000FF000000D800000080000000F9
:109390004D000000730000002700000031000000B5
:1093A0000600000006000000150000005600000046
:1093B000CA00000073000000A8000000C9000000FF
:1093C00060000000E20000007B000000C000000020
:1093D0008C0000006B0000006937AC31682122333B
:1093E000B40F14336821A2333863ED3EDA0F493FDE
:1093F0005E987B3FDA0FC93F0000C93F0000F0399B
:109400000000DA370000A2330000842E0000502B49
:109410000000C2270000D0220000C41F0000C61BAD
:1094200000004417040000000700000009000000CD
:109430000020202020202020202028282828282024
:10944000202020202020202020202020202020201C
:109450002088101010101010101010101010101084
:109460001004040404040404040404101010101074
:10947000101041414141414101010101010101013E
:109480000101010101010101010101011010101090
:109490001010424242424242020202020202020210
:1094A0000202020202020202020202021010101064
:1094B000200000000000000000000000000000008C
:1094C000000000000000000000000000000000009C
:1094D000000000000000000000000000000000008C
:1094E000000000000000000000000000000000007C
:1094F000000000000000000000000000000000006C
:10950000000000000000000000000000000000005B
:10951000000000000000000000000000000000004B
:10952000000000000000000000000000000000003B
:1095300000000000F8B500BFF8BC08BC9E467047AC
:0C954000F8B500BFF8BC08BC9E467047A0
:08954C006CF7FC7F0100000038
:08955400115D0308018F0008FE
:04955C00D98E00089C
:1095600006000000040000000000803F0200000030
:10957000C3F5A83E00000000FF000000000000004E
:109580000000803F4EE640BB0000803F00004842A4
:10959000000020410000A041000096420000C842A7
:1095A0000000A0410000C841CDCCCC3E0000803F6F
:1095B000010101FF010000000000803F03000000E6
:1095C0000AD7934100007041CAF2497101000000BE
:1095D0000000803F010000000000803F0000803F4D
:1095E0000000803F05041400DC0300000000803F01
:1095F000030000000000803ECDCC4C3E0000803FC8
:109600000000803F0000803F0A0000000000803F13
:109610000000000000000000000000000000C84141
:109620000402000064000000640000006400000008
:10963000B004000000000000E8030000000000008B
:10964000D007000000000000CDCC4C3F010000001E
:1096500000007041051A0102E1E10108B9E10108C9
:10966000E9E0010800000000BDDF010831E2010867
:10967000B9E00108FDDF0108000000000000000063
:10968000F1DF0108FF00000009024300020100C0F1
:109690003209040000010202010005240010010546
:1096A00024010001042402020524060001070582AA
:1096B000030800FF09040100020A00000007050179
:1096C00002400000070581024000000070010020F8
:1096D00075E401089DE3010849E30108E9E2010896
:1096E00019E30108CDE20108B5E20108F9E2010839
:1096F00009E3010800000000000000000403090461
:1097000012010002000000408304405700020102E1
:109710000301000065E5010871E5010895E5010810
:109720007DE50108ADE50108C5E50108DDE50108B5
:10973000F5E50108ADE6010859E60108F9E501087B
:1097400039E6010800C20100000008015DEC0108D3
:1097500069EC010875EC010881EC01088DEC010849
:1097600099EC0108A5EC01080500000010F330F3A6
:1097700010F490F350F8B1E8B2E8000007930A93B0
:109780000F930B940000000000D8B8050000803F44
:10979000F87800007878000011A00100000048422D
:1097A00000007A430000B442000000000000000006
:1097B00000000000000000000000000000000000A9
:1097C0000000000000000000000000000000000099
:1097D0000000000000000000000000000000000089
:1097E0000000000000000000000000000000000079
:1097F0000000004100401C460000704200007A4317
:109800000000004105000000000000000000000012
:10981000B80200200000000000000000603E0120AF
:10982000C83E0120303F0120000000000000000081
:109830000000000000000000000000000000000028
:109840000000000000000000000000000000000018
:109850000000000000000000000000000000000008
:1098600000000000000000000000000000000000F8
:1098700000000000000000000000000000000000E8
:1098800000000000000000000000000000000000D8
:1098900000000000000000000000000000000000C8
:1098A00000000000000000000000000000000000B8
:1098B00001000000000000000E33CDAB34126DE655
:1098C000ECDE05000B0000000000000000000000BE
:1098D0000000000000000000000000000000000088
:1098E0000000000000000000000000000000000078
:1098F0000000000000000000000000000000000068
:109900000000000000000000000000000000000057
:109910000000000000000000000000000000000047
:109920000000000000000000000000000000000037
:109930000000000000000000000000000000000027
:109940000000000000000000000000000000000017
:109950000000000000000000000000000000000007
:1099600000000000000000000000000000000000F7
:1099700000000000000000000000000000000000E7
:1099800000000000000000000000000000000000D7
:1099900000000000000000000000000000000000C7
:1099A00000000000000000000000000000000000B7
:1099B00000000000000000000000000000000000A7
:1099C0000000000000000000000000000000000097
:1099D0000000000000000000000000000000000087
:1099E0000000000000000000000000000000000077
:1099F0000000000000000000000000000000000067
:109A00000000000000000000000000000000000056
:0C9A10000000000000000000983F012052
:040000050803148157
:00000001FF
