:020000040800F2
:1000000000000220090E0308256501087567010834
:100010008D670108916701089567010800000000DD
:1000200000000000000000000000000099670108C7
:100030009D67010800000000A1670108096501082B
:10004000750E0308750E0308750E0308750E030878
:10005000750E0308750E0308750E0308750E030868
:10006000750E0308750E0308750E0308750E030858
:10007000750E0308750E0308096901085169010826
:10008000750E0308C1680108750E0308750E030894
:10009000750E0308750E0308750E0308750E030828
:1000A000750E0308750E0308750E0308750E030818
:1000B000CD670108750E0308750E0308216A010853
:1000C000196A0108316A0108296A0108750E0308D6
:1000D000750E0308E1690108E9690108F169010881
:1000E000750E0308750E030829D20108A5670108DB
:1000F000750E0308750E0308750E0308996901084B
:10010000750E0308750E030855680108750E03087F
:10011000F9690108116A0108750E0308750E0308D4
:10012000750E0308750E0308750E0308750E030897
:10013000750E0308750E0308750E0308750E030887
:10014000750E0308750E0308750E030831D20108F9
:10015000750E0308750E030879680108750E03080B
:10016000416A0108396A0108750E0308750E030813
:10017000750E0308750E0308750E0308750E030847
:08018000750E0308750E03085B
:1080000081F0004102E000BF83F0004330B54FEA49
:1080100041044FEA430594EA050F08BF90EA020FB6
:108020001FBF54EA000C55EA020C7FEA645C7FEA49
:10803000655C00F0E2804FEA5454D4EB5555B8BF6C
:108040006D420CDD2C4480EA020281EA030382EADD
:10805000000083EA010180EA020281EA0303362D6F
:1080600088BF30BD11F0004F4FEA01314FF4801C42
:108070004CEA113102D0404261EB410113F0004F54
:108080004FEA03334CEA133302D0524263EB43030B
:1080900094EA050F00F0A780A4F10104D5F1200EA9
:1080A0000DDB02FA0EFC22FA05F2801841F1000104
:1080B00003FA0EF2801843FA05F359410EE0A5F1D8
:1080C00020050EF1200E012A03FA0EFC28BF4CF009
:1080D000020C43FA05F3C01851EBE37101F00045BF
:1080E00007D54FF0000EDCF1000C7EEB00006EEBCC
:1080F0000101B1F5801F1BD3B1F5001F0CD3490856
:108100005FEA30004FEA3C0C04F101044FEA4452AC
:1081100012F5800F80F09A80BCF1004F08BF5FEA33
:10812000500C50F1000041EB045141EA050130BD13
:108130005FEA4C0C404141EB0101013C28BFB1F525
:10814000801FE9D291F0000F04BF01460020B1FA70
:1081500081F308BF2033A3F10B03B3F120020CDA43
:108160000C3208DD02F1140CC2F10C0201FA0CF021
:1081700021FA02F10CE002F11402D8BFC2F1200C86
:1081800001FA02F120FA0CFCDCBF41EA0C0190403C
:10819000E41AA2BF01EB0451294330BD6FEA040485
:1081A0001F3C1CDA0C340EDC04F11404C4F1200270
:1081B00020FA04F001FA02F340EA030021FA04F382
:1081C00045EA030130BDC4F10C04C4F1200220FAD9
:1081D00002F001FA04F340EA0300294630BD21FA17
:1081E00004F0294630BD94F0000F83F4801306BFDD
:1081F00081F480110134013D4EE77FEA645C18BFD1
:108200007FEA655C29D094EA050F08BF90EA020F67
:1082100005D054EA000C04BF1946104630BD91EA5F
:10822000030F1EBF0021002030BD5FEA545C05D162
:108230004000494128BF41F0004130BD14F58004A1
:108240003CBF01F5801130BD01F0004545F0FE4115
:1082500041F470014FF0000030BD7FEA645C1ABF4A
:10826000194610467FEA655C1CBF0B46024650EA81
:10827000013406BF52EA033591EA030F41F40021AD
:1082800030BD00BF90F0000F04BF0021704730B533
:108290004FF4806404F132044FF000054FF0000108
:1082A00050E700BF90F0000F04BF0021704730B5C9
:1082B0004FF4806404F1320410F0004548BF40429E
:1082C0004FF000013EE700BF42004FEAE2014FEAF3
:1082D00031014FEA02701FBF12F07F4393F07F4FCE
:1082E00081F06051704732F07F4208BF704793F0D1
:1082F0007F4F04BF41F40021704730B54FF46074E4
:1083000001F0004521F000411CE700BF50EA0102E6
:1083100008BF704730B54FF000050AE050EA01028F
:1083200008BF704730B511F0004502D5404261EBFF
:1083300041014FF4806404F132045FEA915C3FF440
:10834000D8AE4FF003025FEADC0C18BF03325FEADD
:10835000DC0C18BF033202EBDC02C2F1200300FA8E
:1083600003FC20FA02F001FA03FE40EA0E0021FAB3
:1083700002F11444BDE600BF70B54FF0FF0C4CF4A1
:10838000E06C1CEA11541DBF1CEA135594EA0C0F53
:1083900095EA0C0F00F0DEF82C4481EA030621EA8E
:1083A0004C5123EA4C5350EA013518BF52EA0335C9
:1083B00041F4801143F4801338D0A0FB02CE4FF07B
:1083C0000005E1FB02E506F00042E0FB03E54FF0AB
:1083D0000006E1FB03569CF0000F18BF4EF0010EA3
:1083E000A4F1FF04B6F5007F64F5407404D25FEA9F
:1083F0004E0E6D4146EB060642EAC62141EA555152
:108400004FEAC52040EA5E504FEACE2EB4F1FD0C93
:1084100088BFBCF5E06F1ED8BEF1004F08BF5FEA11
:10842000500E50F1000041EB045170BD06F00046C3
:1084300046EA010140EA020081EA0301B4EB5C0470
:10844000C2BFD4EB0C0541EA045170BD41F4801168
:108450004FF0000E013C00F3AB8014F1360FDEBF8D
:10846000002001F0004170BDC4F10004203C35DA69
:108470000C341BDC04F11404C4F1200500FA05F3EC
:1084800020FA04F001FA05F240EA020001F000428D
:1084900021F0004110EBD37021FA04F642EB060103
:1084A0005EEA430E08BF20EAD37070BDC4F10C042D
:1084B000C4F1200500FA04F320FA05F001FA04F2F1
:1084C00040EA020001F0004110EBD37041F10001DD
:1084D0005EEA430E08BF20EAD37070BDC4F12005E8
:1084E00000FA05F24EEA020E20FA04F301FA05F250
:1084F00043EA020321FA04F001F0004121FA04F2F8
:1085000020EA020000EBD3705EEA430E08BF20EAC7
:10851000D37070BD94F0000F0FD101F00046400001
:1085200041EB010111F4801F08BF013CF7D041EA83
:10853000060195F0000F18BF704703F00046520087
:1085400043EB030313F4801F08BF013DF7D043EA58
:108550000603704794EA0C0F0CEA135518BF95EA0E
:108560000C0F0CD050EA410618BF52EA4306D1D195
:1085700081EA030101F000414FF0000070BD50EAB4
:10858000410606BF1046194652EA430619D094EA3E
:108590000C0F02D150EA013613D195EA0C0F05D128
:1085A00052EA03361CBF104619460AD181EA03017C
:1085B00001F0004141F0FE4141F470014FF0000034
:1085C00070BD41F0FE4141F4780170BD70B54FF0CF
:1085D000FF0C4CF4E06C1CEA11541DBF1CEA13554F
:1085E00094EA0C0F95EA0C0F00F0A7F8A4EB050431
:1085F00081EA030E52EA03354FEA013100F0888028
:108600004FEA03334FF0805545EA131343EA1263F0
:108610004FEA022245EA111545EA10654FEA0026A5
:108620000EF000419D4208BF964244F1FD0404F55E
:10863000407402D25B084FEA3202B61A65EB0305BA
:108640005B084FEA32024FF480104FF4002CB6EB77
:10865000020E75EB030E22BFB61A754640EA0C00F7
:108660005B084FEA3202B6EB020E75EB030E22BF37
:10867000B61A754640EA5C005B084FEA3202B6EB78
:10868000020E75EB030E22BFB61A754640EA9C0037
:108690005B084FEA3202B6EB020E75EB030E22BF07
:1086A000B61A754640EADC0055EA060E18D04FEAC5
:1086B000051545EA16754FEA06164FEAC30343EA65
:1086C00052734FEAC2025FEA1C1CC0D111F4801F32
:1086D0000BD141EA00014FF000004FF0004CB6E72B
:1086E00011F4801F04BF01430020B4F1FD0C88BFCA
:1086F000BCF5E06F3FF6AFAEB5EB030C04BFB6EBD5
:10870000020C5FEA500C50F1000041EB045170BDC7
:108710000EF0004E4EEA113114EB5C04C2BFD4EBF4
:108720000C0541EA045170BD41F480114FF0000E78
:10873000013C90E645EA060E8DE60CEA135594EAF4
:108740000C0F08BF95EA0C0F3FF43BAF94EA0C0FF7
:108750000AD150EA01347FF434AF95EA0C0F7FF46C
:1087600025AF104619462CE795EA0C0F06D152EAC0
:1087700003353FF4FDAE1046194622E750EA4106A4
:1087800018BF52EA43067FF4C5AE50EA41047FF4B5
:108790000DAF52EA43057FF4EBAE12E74FF0FF3C1A
:1087A00006E000BF4FF0010C02E000BF4FF0010CEB
:1087B0004DF804CD4FEA410C7FEA6C5C4FEA430C64
:1087C00018BF7FEA6C5C1BD001B050EA410C0CBFB3
:1087D00052EA430C91EA030F02BF90EA020F002015
:1087E000704710F1000F91EA030F58BF994208BF7C
:1087F00090422CBFD8176FEAE37040F00100704739
:108800004FEA410C7FEA6C5C02D150EA013C07D18F
:108810004FEA430C7FEA6C5CD6D152EA033CD3D0DA
:108820005DF8040B704700BF8446104662468C46D4
:108830001946634600E000BF01B5FFF7B7FF002807
:1088400048BF10F1000F01BD4DF808EDFFF7F4FF30
:108850000CBF012000205DF808FB00BF4DF808EDBB
:10886000FFF7EAFF34BF012000205DF808FB00BFDE
:108870004DF808EDFFF7E0FF94BF012000205DF800
:1088800008FB00BF4DF808EDFFF7CEFF94BF0120B5
:1088900000205DF808FB00BF4DF808EDFFF7C4FFAE
:1088A00034BF012000205DF808FB00BF4FEA410CF7
:1088B0007FEA6C5C02D150EA013C0AD14FEA430CDA
:1088C0007FEA6C5C02D152EA033C02D14FF0000017
:1088D00070474FF0010070474FEA410212F5001255
:1088E00015D211D56FF47873B3EB625212D94FEAF7
:1088F000C12343F0004343EA505311F0004F23FAE1
:1089000002F018BF404270474FF00000704750EA35
:10891000013005D111F0004008BF6FF000407047F2
:108920004FF00000704700BF4FEA4102B2F1E04350
:1089300024BFB3F5001CDCF1FE5C0DD901F0004C46
:108940004FEAC0024CEA5070B2F1004F40EB830096
:1089500008BF20F00100704711F0804F21D113F1C2
:108960003872BCBF01F00040704741F480114FEAFB
:108970005252C2F11802C2F1200C10FA0CF320FA84
:1089800002F018BF40F001004FEAC1234FEAD323A1
:1089900003FA0CFC40EA0C0023FA02F34FEA43030B
:1089A000CCE77FEA625307D150EA01331EBF4FF094
:1089B000FE4040F44000704701F0004040F0FE40AF
:1089C00040F40000704700BF80F0004002E000BFAC
:1089D00081F0004142001FBF5FEA410392EA030FAA
:1089E0007FEA226C7FEA236C6AD04FEA1262D2EBF4
:1089F0001363C1BFD218414048404140B8BF5B42F9
:108A0000192B88BF704710F0004F40F4000020F091
:108A10007F4018BF404211F0004F41F4000121F0A7
:108A20007F4118BF494292EA030F3FD0A2F10102F1
:108A300041FA03FC10EB0C00C3F1200301FA03F12F
:108A400000F0004302D5494260EB4000B0F5000F52
:108A500013D3B0F1807F06D340084FEA310102F111
:108A60000102FE2A51D2B1F1004F40EBC25008BFC3
:108A700020F0010040EA03007047490040EB00008D
:108A8000013A28BFB0F5000FEDD2B0FA80FCACF18E
:108A9000080CB2EB0C0200FA0CF0AABF00EBC250BB
:108AA00052421843BCBFD0401843704792F0000FA9
:108AB00081F4000106BF80F400000132013BB5E7FC
:108AC0004FEA41037FEA226C18BF7FEA236C21D072
:108AD00092EA030F04D092F0000F08BF08467047D7
:108AE00090EA010F1CBF0020704712F07F4F04D1A5
:108AF000400028BF40F00040704712F100723CBFB8
:108B000000F50000704700F0004343F0FE4040F4E1
:108B1000000070477FEA226216BF08467FEA23639F
:108B20000146420206BF5FEA412390EA010F40F48A
:108B3000800070474FF0000304E000BF10F00043D6
:108B400048BF40425FEA000C08BF704743F09643BD
:108B500001464FF000001CE050EA010208BF7047D8
:108B60004FF000030AE000BF50EA010208BF70475F
:108B700011F0004302D5404261EB41015FEA010C74
:108B800002BF84460146002043F0B64308BFA3F16C
:108B90008053A3F50003BCFA8CF2083AA3EBC2534E
:108BA00010DB01FA02FC634400FA02FCC2F120026D
:108BB000BCF1004F20FA02F243EB020008BF20F0A4
:108BC0000100704702F1200201FA02FCC2F120020A
:108BD00050EA4C0021FA02F243EB020008BF20EAFF
:108BE000DC70704753B94AB9002908BF00281CBF80
:108BF0004FF0FF314FF0FF3000F00CB8ADF1080C32
:108C00006DE904CE2CF012FADDF804E0DDE9022370
:108C100004B07047704700BF844641EA000313F078
:108C200003036DD1403A41D351F8043B40F8043B73
:108C300051F8043B40F8043B51F8043B40F8043B36
:108C400051F8043B40F8043B51F8043B40F8043B26
:108C500051F8043B40F8043B51F8043B40F8043B16
:108C600051F8043B40F8043B51F8043B40F8043B06
:108C700051F8043B40F8043B51F8043B40F8043BF6
:108C800051F8043B40F8043B51F8043B40F8043BE6
:108C900051F8043B40F8043B51F8043B40F8043BD6
:108CA00051F8043B40F8043B403ABDD2303211D376
:108CB00051F8043B40F8043B51F8043B40F8043BB6
:108CC00051F8043B40F8043B51F8043B40F8043BA6
:108CD000103AEDD20C3205D351F8043B40F8043B76
:108CE000043AF9D2043208D0D2071CBF11F8013B74
:108CF00000F8013B01D30B8803806046704700BF3A
:108D0000082A13D38B078DD010F003038AD0C3F148
:108D10000403D21ADB071CBF11F8013B00F8013B2A
:108D200080D331F8023B20F8023B7BE7043AD9D3E9
:108D3000013A11F8013B00F8013BF9D20B780370BE
:108D40004B7843708B78837060467047000000005A
:108D50000000000000000000000000000000000013
:108D60000000000000000000000000000000000003
:108D700000000000000000000000000000000000F3
:108D800030B490F800F020F007016FF0000C10F004
:108D9000070491F820F040F048804FF000046FF095
:108DA0000700D1E9002391F840F000F1080082FAB1
:108DB0004CF2A4FA8CF283FA4CF3A2FA8CF34BBB7C
:108DC000D1E9022382FA4CF200F10800A4FA8CF2F5
:108DD00083FA4CF3A2FA8CF3E3B9D1E9042382FAC3
:108DE0004CF200F10800A4FA8CF283FA4CF3A2FAD8
:108DF0008CF37BB9D1E9062301F1200182FA4CF210
:108E000000F10800A4FA8CF283FA4CF3A2FA8CF376
:108E1000002BC6D0002A04BF04301A4612BAB2FA98
:108E200082F200EBD20030BC7047D1E9002304F09D
:108E30000305C4F100004FEAC50514F0040F91F8D2
:108E400040F00CFA05F562EA05021CBF63EA05036F
:108E500062464FF00004AAE708B5064B1A783AB903
:108E6000054A1AB10548AFF30080024B01221A707F
:108E700008BD00BFC004002000000000EC8E030805
:108E800008B5034B1BB103490348AFF3008008BD8D
:108E900000000000C4040020EC8E03080F4BDFF834
:108EA0004CC010B553F820400D4BDCF800204FF4B7
:108EB0002E7E0EFB00300B4BD0F82CE0D0F8B40225
:108EC0009950134408495C60C3F808E0D8600B6807
:108ED00010320133CCF800200B6010BD4C7D002017
:108EE000B83B0020000000105C0500206405002055
:108EF00000B5244B24491B782448DFF8A4E0244A19
:108F00008B71A3F1020CBCF1020FDFF898C0C1F81D
:108F100000C0DFF894C00388DCF800C012681D4868
:108F2000CB81C1F818C0DEF800300068C8614FF08E
:108F3000020CA1F804C04FF4E02CC1F808C0C1E94C
:108F400004238CBF4FF0020C4FF0140C124B81F82D
:108F50000CC00A4615204FF0100E4FF0000C42F8DE
:108F6000200F81F807E003F1540081F80DC053F899
:108F7000041B42F8041F8342F9D1084B0022C3E9C5
:108F8000002200BDEC00002000000010440500207D
:108F90006005002050050020F0040020780000103B
:108FA0005C0500205452414354050020774B1A7849
:108FB000F2B170B5764C217882B0D1B1754B1E7884
:108FC0001D4608F007FCFFF7C7FD734A9FED737A53
:108FD000117807EE900A67EE877A0129FCEEE77AAE
:108FE00022D011F0FD0F60D02178297002B070BD41
:108FF000704708F0EFFB684A92F800C0BCF1010F1F
:1090000005D0634B634D1978297002B070BD019291
:10901000FFF7A2FD9FED617A5E4D5F4A07EE900A71
:1090200067EE877AFCEEE77A5D49097805292ED14B
:109030005749097859B35B48D0F800C040F6F7703B
:10904000844524D8584A17EE904A1068A042CCD8DC
:1090500017EE901A0120FFF721FF17EE901A00205B
:10906000FFF71CFF17EE901A0220FFF717FF474B80
:10907000474A1B7811784D484B4AC0ED007A023BB5
:10908000022B8CBF0223142323441360ADE7474B0C
:109090000192C3ED007AFFF72BFF3D4A1178019A48
:1090A00029700223137002B070BD1EB93C4B1B78AF
:1090B000052B02D0364B197897E73A4B3C491E6096
:1090C00080230B603B499FED3C6A0B603B493C4B66
:1090D00091ED007ADFED3B6AC3ED007A27EE067A68
:1090E000324B3149C3ED007AB4EEE67A0123F1EE5A
:1090F00010FAC1ED007A137044DCDFED337AF4EE40
:10910000C77AF1EE10FAD8BFF0EE477AFCEEE77AB4
:1091100017EE900A2D4B2E4A2E491080D3F8EC0200
:109120000860D3F8FC024860D3F800038860D3F8E5
:10913000C802C860D3F8CC020861D3F8D4024861F1
:10914000D3F8D802886103F2A4500068C86103F222
:10915000B4500068086203F5B7600068486203F520
:10916000B0600068886203F284500068C86203F24D
:109170008C5003F5B26300681B6808634B63FFF70C
:10918000B7FE97E74FF6FF70C4E700BFEC00002082
:10919000343000204D0500204F0500206F12833A27
:1091A000A87D00205C050020480500205005002017
:1091B000640500206005002000007A447000002053
:1091C0005405002000FF7F4700000000B83B00204E
:1091D00044050020F0040020154B1B7813B1154BFB
:1091E0001A6802B9704700B583B008F0F3FAFFF7C8
:1091F000B3FC9FED117A114A07EE900A67EE877A69
:10920000FCEEE77AC2ED007AFFF772FE094B0C48DC
:109210001B680C49009108331B0103600A4A502166
:10922000012011F0FFFE094B187003B000BD00BF14
:10923000EC0000205C0500206F12833A50050020EE
:10924000580500200000001000000C084C0500200C
:109250000B48027910B400230A4C802163F34102C9
:1092600021600271084C094A094821601370094CB9
:1092700009490A4A037023600B6010BC13607047F1
:10928000AC7D002060050020640500204F05002013
:10929000EC0400205C050020E0040020E404002031
:1092A000704700BF364A37483749D0F800C008B584
:1092B000137943F002031371344A0020012308603C
:1092C0001370BCF1000F1AD0314B324A03F1800009
:1092D00052F8041F43F8041B8342F9D12E4B2F4848
:1092E0002F49304A006808604FF0010E83F800E013
:1092F0004FEA0C1313602C4B80221A6008BD244ADD
:109300002A48802111F042FE214A294910688842EA
:109310004FF001030FD0802200211D482CF014F9DA
:10932000204A1D481E490023136003700B601E4B2A
:1093300080221A6008BD92F804C0BCF1020FEAD185
:10934000D1791029E7D1516940F6F77001F1FF3E5C
:109350008645E0D8107A40F002001072154A16488F
:1093600013700D4A0E4B82F800C018600D4A0801B8
:1093700001F10803114910601B010B60BBE700BF3E
:10938000AC7D00205C050020DC040020EC04002003
:1093900068050020FCFFFF0F4E050020600500203F
:1093A000E8040020E4040020E004002000000C0891
:1093B000545241434C05002080000C085805002001
:1093C000054B187838B1054B054A1B6812681343E2
:1093D00014BF012000207047EC040020E0040020AE
:1093E000E4040020474B1B78002B7FD02DE9F04F81
:1093F000454B464F1D683A68A7B08246002D5CD0A9
:109400000DF1180942484946002301E0802B76D02F
:10941000013304780C709D4200F1010001F101015B
:10942000F4D12C46ED1A384B1D60002A4CD0CDF8F3
:109430000490DFF8F080374D374EA1441FE0D3F899
:1094400004E0D3F808C056F800B0DB68C9F80C3067
:10945000C9F800B0C9F804E0C9F808C0012900F152
:10946000100004F11004A2F1100203D1B0F5803F06
:1094700028BF80203A60286009F1100912B37F2CC0
:1094800020D898F800102868022900EB0603D6D1EE
:1094900002AA102111F07AFDDDE90202DDE90431B2
:1094A000C9F80000C9F80C10C9F80420C9F8083040
:1094B00028683A6898F80010D0E7A2B12C460DF160
:1094C0001809B4E7DDF80490E2B2144C4B46216869
:1094D00050461DF0B1FE0C4B22681B683968013202
:1094E0000B43226003D027B0BDE8F08F70470C49D2
:1094F000044A13700A7963F341020A71F3E71C46C8
:1095000090E700BFEC040020E0040020E404002009
:1095100068050020E804002000000010DC040020A2
:10952000AC7D00204E050020144B154A53F8203026
:109530001268934220D2F7EE007A30EE270AF6EE58
:10954000007A20EE270ADFED0F7A0F4A20EE270A75
:109550003421BDEEC00A01FB032210EE103A1BB20B
:10956000B3F5FA6FA8BF4FF4FA63D269B3F57A7F07
:10957000B8BF4FF47A731360704700BF1C5C0308D8
:10958000000000200000FA44847A0308124B134ABA
:1095900053F82030126893421CD2F7EE007A30EE76
:1095A000270ADFED0F7A0F4A20EE270A3421BDEE9D
:1095B000C00A01FB032210EE103A40F698011BB2DC
:1095C0008B42A8BF0B46D269B3F5487FB8BF4FF4B2
:1095D00048731360704700BF1C5C03080000002044
:1095E00000007A44847A03080F4B104A53F8203065
:1095F0001268934216D2DFED0E7A0E4A20EE270A49
:109600003421BDEEC00A01FB032210EE103A40F2F5
:10961000E7311BB28B42A8BF0B46D269012BB8BF02
:1096200001231360704700BF1C5C0308000000208A
:1096300000007A44847A0308704700BF2DE9F84F90
:109640002DED028BC24EDFF86093F27899F800306E
:10965000900740F1AC80002B00F0A980BD4ABE4BC2
:10966000D2ED007A93EDAE7A27EE877AFEEE006AAD
:10967000B4EEE67AF1EE10FAB6EE006A07D4B4EE74
:10968000C67AF1EE10FA00F3D281B1EE476A93ED9B
:10969000007AB24B27EE877AFEEE006AB4EEE67AE5
:1096A000F1EE10FA83ED006A00F1BB81B6EE006ABC
:1096B000B4EEC67AF1EE10FA01DCF1EE476AA84A80
:1096C000A84B92ED006AC3ED006A67EE867ABEEEA3
:1096D000007AF4EEC77AF1EE10FA08D4B6EE007A0A
:1096E000F4EEC77AF1EE10FAD8BFB0EE677A9E4B6F
:1096F0009E4900221A6081ED007A03F015FF9C4B11
:109700001B78002B00F0B080DFF8A082994CD8F8CD
:10971000003000202060002B00F08C819FED968AA5
:10972000DFF88CA2954F964D9AED001A07EB800357
:1097300005EB800BD3ED000A9BED000A01F090F9D8
:1097400099F800308BED000A002B40F054818D4BCE
:1097500020681B78052B00F03381022B00F030814C
:1097600005EB800383ED008AB0EE480A8300F278AF
:10977000120700F1DD80844B1B6898472068834BFB
:10978000D8F8002003EB800305EB8001D3ED007ACD
:1097900091ED007A013077EE877A9042C3ED007A3E
:1097A0002060C1D37A4A13680133136060E0794ABC
:1097B00092ED007AFEEE007AB4EEE77AF1EE10FA5E
:1097C00039D4F6EE007AB4EEE77AF1EE10FAC8BFBB
:1097D000B0EE677A6049614AD1EDAD6A82ED007AF8
:1097E000FEEE007AF4EEE76AF1EE10FA08D4F6EE37
:1097F000007AF4EEE76AF1EE10FAD8BFF0EE667A7E
:10980000654A584992ED007AC1ED007A13F0FD0FD8
:10981000FEEE007AB4EEE77A10D0F1EE10FA00F125
:109820000381F6EE006AB4EEE67AF1EE10FA11DC8E
:10983000F1EE477A0EE0B0EE677ACBE7F1EE10FA80
:1098400008D4F6EE007AB4EEE77AF1EE10FAD8BF5B
:10985000F0EE477A454BC3ED007A03F065FE444BCA
:109860001B78002B7FF450AF424CDFF84081434F10
:1098700004F0A4F803F01EFED8F800302360092B92
:1098800046D83F4D9FED458ADFF82881DFF828A1B3
:10989000DFF8289198ED001A07EB830205EB830BA4
:1098A000D2ED000A9BED000A01F0DAF88BED000A18
:1098B000F378226813F0080F02F1010325D15AF85A
:1098C0002200374905EB820CD9F800204FF0340E06
:1098D00090420EFB0011B7EE007A40F6980014D2C9
:1098E000DCED007AC96977EE877A67EE887AFDEE5B
:1098F000E77A17EE902A12B28242A8BF0246B2F56A
:10990000487FB8BF4FF448720A60092B2360C1D961
:109910001A4E244D0A2323600FCE0FC50FCE0FC55C
:1099200096E8030085E80300BDEC028BBDE8F88FE4
:10993000164A1344D3ED007A77EE807A0130C3EDF6
:10994000007AD8F8003020609842FFF4EDAE29E7A5
:10995000AC7D002010000020B83B00200406002051
:109960002841002000060020F8050020FC0500200A
:10997000B8060020E8050020000000005C0600207A
:1099800034060020A87D0020EC0500208806002079
:109990008406002024410020DC43002000007A449B
:1099A000847A03080C060020758E00200400002035
:1099B000B4060020B00600201C5C03080000002054
:1099C0001D4B93ED000A05EB8003D3ED007AF4EE16
:1099D000C07AF1EE10FA4FEA800308D4B7EE000A1D
:1099E000F4EEC07AF1EE10FAD8BFB0EE670AEA18CA
:1099F00082ED000ABBE60FF0AFFB0346206843B1DF
:109A0000F378190709D405EB800393ED000A83006E
:109A1000EDE7B0EE480A8300E9E79FED080A83000E
:109A2000E5E7F6EE006A4AE6F6EE007A12E7B0EEF7
:109A3000666A2CE6024FB5E6E4380020000000001C
:109A40005C0600202DE9F047B249DFF81483CB789B
:109A5000B148B24F98F800203D68DFF8089323F032
:109A6000200382B0CB70AE4BAE491B78C35CAE48CE
:109A7000A2F10104B4FA84F4AB4200784FEA541422
:109A800028BF2B460B6089F80040002840F0BA80C0
:109A9000022A00F0698107EE903AB8EEE77AF7EE15
:109AA000006AC6EE877AA149A14E02EB8202033317
:109AB00056F8220033F003039A46C1ED007A9D491F
:109AC000086006EB82013ED0DFED9B7A9B4C9C4EFA
:109AD000C4ED007AC6ED007A002D40F07B81C4ED24
:109AE000017AC6ED017A3B680025022BA560B560BE
:109AF00000F21D830023E360F360BAF1040F20D06D
:109B00003B680025062B2561356100F241836561C4
:109B10007561BAF1060F14D93B680025082BA561C1
:109B2000B56100F2FE83E561F561BAF1080F08D96D
:109B30003B680025042B2562356200F2448465628F
:109B4000756299F80040002C40F0D4807D4C3A6852
:109B500054F82A309342C0F0CC830AF1010354F840
:109B6000232039688A42C0F0FE83BAF1080F0AF157
:109B7000020300F0BF8054F8232039688A42C0F005
:109B800009840AF1030354F8232039688A42C0F09B
:109B90003C840AF1040354F8232039688A42C0F057
:109BA0004D840AF1050354F8232039688A42C0F035
:109BB0005E84BAF1040F00F09D803B68082B00F230
:109BC00087843B68042B40F295805C4E5C4D5E4878
:109BD0004FF07C5440F2DC5345F2E472A821346229
:109BE0002C6212F085FE3B68052B40F283805748BB
:109BF000746240F2DC5345F2E472A8216C6212F008
:109C000077FE77E04B4A52494C4C1160002B00F034
:109C1000F8804FEA83084A4E0193424600212046CD
:109C20002BF092FC0021424630462BF08DFC019B2C
:109C30000A2B5CD004EB0801B0444FF07C52092B96
:109C40000A60C8F8002003F1010150D004EB810044
:109C500006EB8101082B0A60026003F1020146D085
:109C600004EB810006EB8101072B0A60026003F11F
:109C700003013CD004EB810006EB81014FF07C52E4
:109C8000062B0A60026003F1040130D004EB81006E
:109C900006EB8101052B0A60026003F1050126D065
:109CA00004EB810006EB8101042B0A60026003F1E2
:109CB00006011CD004EB810006EB8101032B0A6036
:109CC000026003F1070112D004EB810006EB810171
:109CD000022B0A60026003F1080108D004EB810046
:109CE00006EB810102600A600BB962627262002DAC
:109CF00040F09C802822002116482BF025FC164BB2
:109D000001241C6004F06EFB144B1C7002B0BDE813
:109D1000F08700BFAC7D0020445C030800000020F9
:109D2000F500002004000020758E002008060020A9
:109D3000F45B0308EC05002000000000340600205E
:109D40005C0600201C5C0308547B0308887B030826
:109D50008D9500088806002084060020B8060020A3
:109D60000C000020B90600202B4B2C4C2C4E2D4A09
:109D700008604FF07C581A60C4F80080C6F8008074
:109D8000002D40F03D82C4F80480C6F804804FF0F6
:109D90007C53A360B3604FF07C53E360F3604FF0FB
:109DA0007C53236133614FF07C53636173614FF0E7
:109DB0007C53A361B3614FF07C53E361F3613B6873
:109DC0004FF07C55042B2562356200F202826562F9
:109DD00075628FE7D1E9022313488988CDED017AB6
:109DE00012F086FD3B68DDED017A012BC4ED017AAE
:109DF000C6ED017A00F28D81C4ED027AC6ED027AD9
:109E000078E6074E4FF07C5222606260A2603260BA
:109E10007260B26003212DE7EC05002034060020BB
:109E20005C06002039960008847A0308D04E4FF46F
:109E30007A7345F2E472A821304612F059FD3D686C
:109E4000012D67D94FF47A7345F2E472A82106F127
:109E5000340012F04DFD3D68022D5BD94FF47A734A
:109E600045F2E472A82106F1680012F041FD3D6858
:109E7000032D4FD94FF47A7345F2E472A82106F10D
:109E80009C0012F035FD3D68062D2DD94FF47A73F4
:109E900045F2E472A82106F59C7012F029FD3D6898
:109EA000072D21D94FF47A7345F2E472A82106F503
:109EB000B67012F01DFD3D68082D15D94FF47A7368
:109EC00045F2E472A82106F5D07012F011FD3D684C
:109ED000092D09D94FF47A7345F2E472A82106F5E9
:109EE000EA7012F005FD3D68042D13D9A1484FF426
:109EF0007A7345F2E472A82112F0FAFC3D68052D50
:109F000008D99D484FF47A7345F2E472A82112F003
:109F1000EFFC3D68002D3FF4EDAE94ED007ADFEDEF
:109F2000976AF169D4ED017AB7EE006A37EE067AE6
:109F300040F6980227EE267ABDEEC77A17EE103A61
:109F40001BB29342A8BF1346B3F5487FB8BF4FF486
:109F50004873012D0B603FF4CDAE77EE867A316DFC
:109F600094ED027A67EEA67AFDEEE77A17EE903A64
:109F70001BB29342A8BF1346B3F5487FB8BF4FF456
:109F80004873022D0B603FF4B5AE37EE067AD6F873
:109F90008410D4ED037A27EE267ABDEEC77A17EE49
:109FA000103A1BB29342A8BF1346B3F5487FB8BF1F
:109FB0004FF44873032D0B603FF49CAE77EE867A26
:109FC000D6F8B81094ED047A67EEA67AFDEEE77A3B
:109FD00017EE903A1BB29342A8BF1346B3F5487FE1
:109FE000B8BF4FF44873062D0B6040F28F8237EEF6
:109FF000067AD6F85411D4ED057A27EE267ABDEE0E
:10A00000C77A17EE103A1BB29342A8BF1346B3F5B6
:10A01000487FB8BF4FF44873072D0B6043D077EEED
:10A02000867AD6F8881194ED067A67EEA67AFDEE68
:10A03000E77A17EE903A1BB29342A8BF1346B3F5E6
:10A04000487FB8BF4FF44873082D0B602BD037EE14
:10A05000067AD6F8BC11D4ED077A27EE267ABDEE43
:10A06000C77A17EE103A1BB29342A8BF1346B3F556
:10A07000487FB8BF4FF44873092D0B6013D077EEBB
:10A08000867A67EEA67AFDEEE77A17EE903A1BB273
:10A090009342A8BF1346B3F5487FD6F8F021B8BF66
:10A0A0004FF448731360D4ED087ADFED346AD6F8C4
:10A0B000EC1094ED097AB7EE006A77EE867A40F6F6
:10A0C000980267EEA67AFDEEE77A17EE903A1BB299
:10A0D0009342A8BF1346B3F5487FB8BF4FF4487307
:10A0E000052D0B603FF406AE77EE067AD6F8201108
:10A0F00067EEA67AFDEEE77A17EE903A1BB293422E
:10A10000A8BF1346B3F5487FB8BF4FF448730B6040
:10A11000F0E598F800101A4B1A4801EB810103EBA7
:10A120008101D1E90223898812F0E2FBDBE498F88F
:10A130000010134B144801EB810103EB8101D1E9BD
:10A140000223898812F0D4FB3B68E560032BF5609D
:10A150007FF6D3AC98F80010094B0C4801EB810155
:10A1600003EB8101D1E90223898812F0C1FBC4E429
:10A17000847A0308547B0308887B030800007A4430
:10A18000F45B0308B87A0308EC7A0308207B030821
:10A1900098F80010C14BC24801EB810103EB81012B
:10A1A000D1E90223898812F0A3FB3B686561072B84
:10A1B00075617FF6AEAC98F80010B84BB94801EB6A
:10A1C000810103EB8101D1E90223898812F090FB20
:10A1D0009FE440F2DC53B44845F2E472A82112F047
:10A1E00087FB3B686562052B75627FF683ADAF48E0
:10A1F00040F2DC5345F2E472A82112F079FB79E5D4
:10A2000040F2DC53AA4845F2E472A82112F070FB38
:10A210003B68C4F80480012BC6F804807FF6B7AD14
:10A2200040F2DC53A34845F2E472A82112F060FB2F
:10A230003B68C4F80880022BC6F808807FF6ABADF7
:10A2400040F2DC539C4845F2E472A82112F050FB26
:10A250003B68C4F80C80032BC6F80C807FF69FADDA
:10A2600040F2DC53954845F2E472A82112F040FB1D
:10A270003B68C4F81080062BC6F810807FF693ADBB
:10A2800040F2DC53864845F2E472A82112F030FB1C
:10A290003B68C4F81480072BC6F814807FF687AD9E
:10A2A00040F2DC537F4845F2E472A82112F020FB13
:10A2B0003B68C4F81880082BC6F818807FF67BAD81
:10A2C00040F2DC537E4845F2E472A82112F010FB04
:10A2D0003B68C4F81C80092BC6F81C807FF66FAD64
:10A2E000784840F2DC5345F2E472A82112F000FBFA
:10A2F00065E57549754A6E4801EB8A0102EB8A02F1
:10A30000342505FB03004FF07C530B601360A8213C
:10A3100040F2DC5345F2E47212F0EAFA0AF101036A
:10A320001DE498F800105D4B654801EB810103EBDB
:10A330008101D1E90223898812F0DAFA3B68E561EC
:10A34000092BF5617FF6F1AB98F80010534B5D488F
:10A3500001EB810103EB8101D1E90223898812F02D
:10A36000C7FAFFF7E2BB5949574D05EB830501EBEF
:10A3700083034F49342000FB02104FF07C522A60C7
:10A380001A60A82140F2DC5345F2E47212F0B0FAF0
:10A39000FFF7EBBB4D494C4D05EB830501EB830308
:10A3A0004349342000FB02104FF07C521A602A60AF
:10A3B00040F2DC5345F2E472A82112F099FA0AF156
:10A3C0000303FFF7E0BB98F80010344B364801EB6D
:10A3D000810103EB8101D1E90223898812F088FA17
:10A3E0003B686562052B75627FF6ABAB98F8001091
:10A3F0002A4B2E4801EB810103EB8101D1E90223B5
:10A40000898812F075FAFFF79CBB30492E4D05EB99
:10A41000830501EB83032649342000FB02104FF033
:10A420007C521A602A6040F2DC5345F2E472A821A3
:10A4300012F05EFA0AF10403FFF7ADBB2349224D87
:10A4400005EB830501EB83031949342000FB02105F
:10A450004FF07C521A602A6040F2DC5345F2E472FD
:10A46000A82112F045FA0AF10503FFF79CBB174932
:10A47000154C04EB830401EB83030D49342000FBEE
:10A4800002104FF07C5222601A60A82140F2DC5387
:10A4900045F2E47212F02CFAFFF78BBBF45B030871
:10A4A000BC7B0308F07B0308547B0308887B03080C
:10A4B000847A0308B87A0308EC7A0308207B03083F
:10A4C000247C0308587C0308340600205C06002026
:10A4D000104E114D11484FF07C5440F2DC5345F2C0
:10A4E000E472A821B461AC6112F002FA3B68092B56
:10A4F0007FF667AB0A48F46140F2DC5345F2E47240
:10A50000A821EC6112F0F4F9FFF75BBB042D3FF4D6
:10A51000F1ABC8E5340600205C060020247C03086B
:10A52000587C03082DE9F0411E4C054607F052F90E
:10A53000D4E9022390429941F8D30121284600F042
:10A54000B5FE01210746284600F0FCFE9F21384653
:10A5500000F0D8FF144E154B3446187006F105086C
:10A560000021384600F0CEFF04F8010B4445F7D136
:10A570002846002100F0E6FE33783279B17874780D
:10A58000F0781F2B08BF282C42EA01020CBF0123E0
:10A590000023012808BF002A0CBF0120002018401A
:10A5A000BDE8F081B02F002018000020BB0600207D
:10A5B00070B5194C054607F00DF9D4E90223904215
:10A5C0009941F8D30021284600F070FE012106468B
:10A5D000284600F0B7FE8021304600F093FF0F4C74
:10A5E00000212070304600F08DFF002120703046A1
:10A5F00000F088FF00212070304600F083FF00212A
:10A600002070284600F09EFEBDE870402322002303
:10A61000012007F01FBA00BFB02F0020BB060020AA
:10A62000F8B52A4C054607F0D5F8D4E90223904244
:10A630009941F8D30021284600F038FE0121074651
:10A64000284600F07FFE3D21384600F05BFF204E9B
:10A650002A213070384600F055FF8021307038468E
:10A6600000F050FFA6213070384600F04BFF00216B
:10A670003070284600F066FE48F6B802002301203C
:10A6800007F0E8F907F0A6F8D4E9022390429941CF
:10A69000F8D30121284600F009FE0121044628468E
:10A6A00000F050FED721204600F02CFF0021307032
:10A6B000204600F027FF074C00212070284600F0BC
:10A6C00041FE207800F00100F8BD00BFB02F00204F
:10A6D000BB060020BA06002010B50320FFF768FF74
:10A6E0000320FFF71FFF04460320FFF799FF2040D8
:10A6F000C0B210BD00000000534B1B68002B40F09F
:10A7000094802DE9F04F514B514E1F68514D85B04B
:10A710008DED030A0024504B06FB0737380CFDF77C
:10A72000C1FD47A3D3E90023FDF750FF02460B46C6
:10A73000FDF76CFC22462B46FDF766FC464B06FBFC
:10A7400007378246380C8B46FDF7ACFD3CA3D3E9B6
:10A750000023FDF73BFF02460B46FDF757FC224660
:10A760002B46FDF751FC5246CDE900015B465046B1
:10A770005946FDF701FE80468946DDE900010246A3
:10A780000B46FDF7F9FD02460B4640464946FDF7EC
:10A790003DFC22462B4680468946FEF773F800288A
:10A7A000B9D10022002340464946FEF74DF8002863
:10A7B000B1D1264B294C1F6049EC108B26F0B0FB21
:10A7C000002251EC100B4FF04043FDF7D5FD4246FF
:10A7D0004B46FDF7FBFE41EC100B26F069FC57ECF5
:10A7E000106BDDE9000132463B46FDF7C5FDFEF783
:10A7F0009BF8154D2060012432463B462C605046A4
:10A800005946FDF7B9FD044603980D46FDF75CFD7A
:10A8100002460B4620462946FDF7AEFDFEF784F8BA
:10A8200000EE100A05B0BDE8F08F0C4AD2ED007AB8
:10A83000054A002320EE270A13607047AFF300801B
:10A840000000E0FFFFFFEF41C806002024000020C9
:10A850000D6619000000F03F5FF36E3CC406002057
:10A8600010B5044607F07AF80023C4E90003C4E9F0
:10A87000023310BD10B5C160044607F06FF82060C8
:10A8800010BD00BF10B5044607F068F82368C01A71
:10A89000B0F57A7F8ABF0020B4F90C00E06010BDEB
:10A8A00003787BB343781C4A0133A2FB031202F402
:10A8B000FF7101EB52029B1A00EB8302437082EDA1
:10A8C000010A90ED017A90ED020AD0ED037AB4EE20
:10A8D000C07AF1EE10FA0EDDB4EEE77AF1EE10FA7E
:10A8E000D8BFF0EE477AB4EEE70AF1EE10FAD8BF1F
:10A8F000B0EE670A7047F0EE406AB0EE470AB0EE7D
:10A90000667AE9E7012380ED030A80ED020A80ED13
:10A91000010A0380704700BFABAAAAAAD0F80021A1
:10A92000012A34D090F80C31A3B93AB100F1800378
:10A9300003EB8201A3EC010A8B42FBD107EE902AC4
:10A94000F8EEE77A012367EE807A80F80C31C0EDEB
:10A95000447A7047D0F80831D0ED447A00EB830197
:10A96000D1ED206A81ED200A07EE102A77EEE67A13
:10A97000B8EE477A77EE807A013387EE870AB3FB29
:10A98000F2F102FB1133C0F80831C0ED447A704790
:10A990000B46202B10B51146044613D8013BB3FAE1
:10A9A00083F3C3F1200301209840042200F1FF3C0F
:10A9B0009A40C4E9400C2046FEF72EF9002384F8A3
:10A9C0000C3110BD80224FF01F0C2020F1E700BF9A
:10A9D00090F80C31D0F80011FBB100B5D0E941E29C
:10A9E000531C03EA0E0300EB820282ED200A9FED66
:10A9F000130AC0F8083179B1024600EB810CB2ECC1
:10AA0000017A00EB8301D1ED207A01339445A7EE62
:10AA1000270A0EEA0303F2D100BD39B100F1800329
:10AA200003EB8101A3EC010A9942FBD1002201232F
:10AA3000C0F8082180F80C31704700BF000000000A
:10AA4000DFED067A20EE277AF7EE006AC6EE877A07
:10AA500077EEA07A80EEA70A704700BFDB0FC940EF
:10AA600070EEC00AA0EE810A704700BFDFED0C7ADD
:10AA70009FED0C7A20EE270AF7EE006AC6EE807A88
:10AA80000023037027EE877AC6EEA75A86EE876A00
:10AA9000C0ED017AC0ED025A80ED036A704700BF35
:10AAA000DB0FC940F304353F0378F0EE407AD3B1B1
:10AAB000D0ED076A90ED027A30EE666A20EE877A72
:10AAC000F0EE667AE6EE077A90ED080A90ED037AEA
:10AAD000C0ED077A60EE870A37EEC07AA7EE200A4B
:10AAE00080ED080A704701230370C0ED077A80EDFE
:10AAF000080A7047B5EEC00AF1EE10FA02DC9FEDCD
:10AB0000050A7047F1EEC07AB7EE007A87EE270AA1
:10AB1000704700BF00000000254B00B5D3ED007A60
:10AB2000F4EE417AF1EE10FA87B0F0EE406A13D1FC
:10AB3000204A214B92ED000AD3ED007A20EEA77A4D
:10AB400060EE800AA6EE807AE6EEE70A80ED007AF3
:10AB5000C1ED000A07B000BD8DED040AB0EE410A58
:10AB6000CDE90201CDED050A8DED001A26F04EFC6F
:10AB70009DED001A104A8DED011AF0EE407AB0EE0C
:10AB8000410AC2ED007ACDED007A26F0FFFB094ABA
:10AB90009DED011A064BDDED050ADDED046ADDEDE4
:10ABA000007A83ED001ADDE9020182ED000AC5E7B3
:10ABB000C006002020000020BC060020012AB0F9B9
:10ABC00000C0B1F900300FD0032A08D0022A04D106
:10ABD000CCF1000CA0F800C05B420B8070475B42D8
:10ABE000038063460B8070470380CCF100030B8029
:10ABF000704700BFB5EEC00AF1EE10FA08D5DFEDE0
:10AC00000C7A30EE270AB5EEC00AF1EE10FAF8D44D
:10AC1000DFED077AB4EEE70AF1EE10FA06DB30EE6C
:10AC2000670AB4EEE70AF1EE10FAF8DA704700BFEF
:10AC3000DB0FC940DFED107AB4EEE70AF1EE10FA4F
:10AC400009D59FED0E7A30EE070AB4EEE70AF1EE71
:10AC500010FAF8D47047DFED0A7AB4EEE70AF1EEA5
:10AC600010FA08DB9FED057A30EE470AB4EEE70AEA
:10AC7000F1EE10FAF8DA7047DB0F49C0DB0FC9407C
:10AC8000DB0F4940B4EEE00AF1EE10FA02DD30EEDF
:10AC9000600A7047F1EE607AF4EEC07AF1EE10FAD5
:10ACA00002DD30EE200A70479FED010A704700BFB9
:10ACB0000000000021EE211A70EE417AF4EEE07AF5
:10ACC000F1EE10FA0ADC31EE001AF4EEC10AF1EEF0
:10ACD00010FAD4BFF0EE607AF0EE417AB0EE670A77
:10ACE000704700BF60EE810AF1EE607AF4EEC07A40
:10ACF000F1EE10FA02DD30EE800A7047F4EEC00A81
:10AD0000F1EE10FA02D530EE600A70479FED010AAD
:10AD1000704700BF0000000000B52DED108BDFED87
:10AD2000EB4A8DB09E460023CDE90933CDE90633C9
:10AD3000CDE903338DED010A0B9308930593B0EE33
:10AD4000649AB0EE644AF0EE642AB0EE641AF0EE53
:10AD5000643A002900F0AB8101EB410CB0EE643A9B
:10AD6000B0EE642AF0EE641AF0EE640AF0EE649A33
:10AD7000B0EE64AAF0EE64AAB0EE64BAF0EE64BA83
:10AD800000EB8C0CB0EE640AB0EE648AF0EE648ADC
:10AD9000D0ED006A90ED017AD0ED027A26EEA65A47
:10ADA00067EE075A27EEA76A0C308445E6EE85AABF
:10ADB000E7EE250AA7EE863AE6EE878AA6EEA78A90
:10ADC000A7EE270AE5EE073AA5EE271AE6EEA52A32
:10ADD000A5EEA74AA6EE869AE7EE064A7BEEA6BA4D
:10ADE0003BEE05BA3AEE07AA79EEA59A71EEA71ADC
:10ADF00032EE062ACCD1CDED051A8DED082ACDED27
:10AE000003BA8DED06BACDED09AA8DED04AACDEDFC
:10AE1000079ACDED0A0A8DED0B3AB0EE6B2AF0EEF3
:10AE20004A1AB0EE4BDAF0EE69DA07EE901AF8EE55
:10AE3000677AB7EE007AC7EE276A0020DDED0A7A5E
:10AE4000DDED08CA66EEA33A26EE844AE6EEA73A9E
:10AE5000A6EE814AE6EEA43A26EE822A66EEA11A12
:10AE60009DED051A26EE8DDA66EEADDA26EE811A34
:10AE7000B0EE63BA22EE023A61EEA13A66EEACCAD7
:10AE80003DEE8DCA61EE010A33EE236A3CEE2CCA18
:10AE900036EE206AB8EE00EAB0EE4C7AA6EE0E7AF4
:10AEA00066EEA2BA37EE067AF6EE00EA36EE477A9A
:10AEB0002CEE2EFAF0EE477AE6EE0E7A9DED096A58
:10AEC000E6EE86BA9DED0B6AE6EE89BAA6EE264A54
:10AED00077EE8C7A27EE2E7A66EEA88A26EE888A9E
:10AEE00026EE800AF2EE00FAFAEE006A6BEEA6BADF
:10AEF0002BEE26BA64EE26AA67EEAF7A3FEE075A2B
:10AF0000B0EE416AF0EE615AF0EE426AF3EE002ACA
:10AF100019E024EE044A37EE497AA4EEA44A77EE0B
:10AF2000277AA5EE054ADDED014A27EE2E7A77EE67
:10AF30008C7AB4EEE44AF1EE10FA67EEAF7A3FEEA7
:10AF4000075A40F39E8068EE064A20EE064A36EE27
:10AF5000A6AAE8EEA54A013080B2A6EEA84AB1EE54
:10AF6000439A39EE479AAAEE423AB0EE63AAF1EE5E
:10AF7000633A73EEC73AE9EE024A36EE069AA3EE5A
:10AF8000A14AF0EE603AE1EE493A33EE0D3A73EE43
:10AF9000AC3AF1EE600A70EEC70AB0EE677AA3EE43
:10AFA000227AB0EE673AE3EEA27A75EE2D3A75EEAC
:10AFB000A59AE6EEC23AA9EEE1AAE1EE463A3AEEE9
:10AFC0002DAAA3EEA54AAAEE223AF0EE4B3AB5EE30
:10AFD000407AE4EE223AF1EE10FAB5EE403A08BFBC
:10AFE000B7EE007AF1EE10FA08BFB7EE003A83EE42
:10AFF000834A75EE0D3A3CEE855AE1EE463AA6EEEE
:10B00000C25AE5EEE13AA5EEE15AE3EEA64AF0EEC9
:10B010006B3AE4EEA23AF5EE407AC3EE874A20EEB0
:10B02000257AF0EE6A3AA6EE887AF1EE10FAA1EEF1
:10B03000207A08BFF7EE007AA5EE067A904275EE08
:10B04000C45AE7EE223A76EEE46A83EEA75A65EE3A
:10B05000A17A36EE456AE6EE827A26EEA63AE1EE6F
:10B06000067A65EEA53A66EE060A67EE8E7A33EE4C
:10B07000237A3CEE279A37EE207A39EE079AFFF4CE
:10B0800048AFB5EEC09AF1EE10FACEED006ACEED03
:10B09000015A8EED026A01D5B1EE499AF1EEC97AF4
:10B0A0001E9BC3ED007A0DB0BDEC108B00BD9DED75
:10B0B000032ADDED041A9DED06DADDED07DAB0EEC8
:10B0C000640AB0EE648AF0EE648AAEE60000000026
:10B0D000002946D09FED246A92ED004AD2ED014A44
:10B0E00092ED025A01EB4103F0EE465A00EB830366
:10B0F00090ED007AD0ED016A37EE447AF0EE657A91
:10B10000E7EE077A76EEE46A90ED027AE6EEA67A4A
:10B1100037EE457AE7EE077AB1EEE77A77EE407AD6
:10B12000F5EEC07AF1EE10FA0BD40C30834236EE15
:10B13000276ADDD107EE901AF8EE677A86EE270AC5
:10B140007047B1EE477A37EE407A0C30984236EECF
:10B15000076ACDD107EE901AF8EE677A86EE270AD5
:10B1600070479FED010A70470000000008B51A4BB8
:10B170001A4993F800C00022134660F30F23BCF174
:10B18000050F0A710B6022D0154B1B795A0613D498
:10B19000C3F380130B7006F0E1FB124B0021186023
:10B1A000282006F04BFC2920002106F047FCBDE8D2
:10B1B000084002200AF03ABF0B4B1B78002BE9D065
:10B1C00023F0F6FB0549012213468A70E2E7BDE849
:10B1D0000840342118F04EBFA87D0020D006002082
:10B1E000AC7D0020CC060020718E002010B52D4CC7
:10B1F000237882B0002B35D0A378E27833BB32BB02
:10B20000019206F0ABFB284B1B6803F5922303F574
:10B210007873984231D901200AF008FF08200EF017
:10B2200037F823783BB123F00FFC019A22700220FB
:10B23000A2700AF00DFF60780022342118F01AFF86
:10B24000607802B0BDE8104019F0E0BEFAB10AF033
:10B250005BFF6421292006F0F1FB607819F0D6FE2F
:10B2600023780BB902B010BD002302202370A37015
:10B2700002B0BDE810400AF0EBBE292006F034FC15
:10B280000028EFD06421292006F0D8FBD8E723F06E
:10B2900001FC08B9E278B2E7607823F069FC024665
:10B2A000E070ACE7D0060020CC060020204B214AFD
:10B2B00030B500EB400503EB00101F4BC07803EBEB
:10B2C000401302EB85005C68D0E901C3002918BF78
:10B2D00063461A4908889BB2984283B002D120463F
:10B2E00003B030BD0B8020460021019325F0B8FC4F
:10B2F0002188104A019B12F82500114D21F03802D7
:10B30000134323802B88834208D02388288060B988
:10B3100023F003032380052006F09AFA204601213A
:10B3200025F09EFC204603B030BD43F00303F1E757
:10B3300040740308605C0308E0740308D80600202A
:10B34000D606002008B50001094B1A5C3AB1083056
:10B35000184429B1BDE80840002111F087B808BDA4
:10B36000012111F083F8BDE80840012006F070BA11
:10B370004074030810B5594C237813B1A378002BFF
:10B3800048D1237C13B1A37C002B4FD194F82030FB
:10B390001BB194F82230002B53D194F830301BB1FC
:10B3A00094F83230002B57D194F840301BB194F808
:10B3B0004230002B5BD194F850301BB194F85230DE
:10B3C000002B5FD194F860301BB194F86230002BF1
:10B3D00063D194F870301BB194F87230002B67D1B0
:10B3E00094F880301BB194F88230002B6BD194F824
:10B3F000903013B194F8923003B910BD3848012150
:10B4000011F034F8012006F023FABDE81040642062
:10B4100006F0AABA012104F1080011F027F8012072
:10B4200006F016FA642006F09FFAAAE701212D48DB
:10B4300011F01CF8012006F00BFA642006F094FAD3
:10B44000A4E70121284811F011F8012006F000FAC4
:10B45000642006F089FAA0E70121244811F006F8DB
:10B46000012006F0F5F9642006F07EFA9CE7012140
:10B470001F4810F0FBFF012006F0EAF9642006F0F7
:10B4800073FA98E701211B4810F0F0FF012006F045
:10B49000DFF9642006F068FA94E70121164810F0FD
:10B4A000E5FF012006F0D4F9642006F05DFA90E78C
:10B4B0000121124810F0DAFF012006F0C9F96420DA
:10B4C00006F052FA8CE701210D4810F0CFFF012061
:10B4D00006F0BEF9642006F047FA88E740740308D6
:10B4E000D874030858740308687403087874030850
:10B4F0008874030898740308A8740308B8740308D0
:10B50000C8740308F8B505460F464FF480544FF64B
:10B51000FF7603E0013CA4B2B44208D002212846E1
:10B5200025F0B8FB0028F5D00CB92046F8BD394607
:10B53000284625F0A3FB4FF480544FF6FF7603E036
:10B54000013CA4B2B44207D00121284625F0A2FB59
:10B550000028F5D0002CE8D0284625F08BFBC0B29F
:10B56000F8BD00BF2DE9F04F85B0074603936C4B43
:10B570000191D3F800A09346002800F08280694B27
:10B580001B78834200F0C680DFF8A0910121384685
:10B590004FEA0718FFF78AFE19F8083002930446AD
:10B5A0002BB108F108004844002110F05FFF4FF470
:10B5B00080564FF6FF7504E0013EB6B2AE4200F091
:10B5C0008F800221204625F065FB0028F4D0002E54
:10B5D00040F0868009EB08035B78042B56D0BBF162
:10B5E000000F18D0039E0197B3444FF6FF754FF438
:10B5F000805703E0013FBFB2AF422BD0022120466B
:10B6000025F048FB0028F5D027BB384606F8010B8B
:10B610005E45ECD1019F029B43B108F1080048440C
:10B62000012110F023FF012006F012F93C4B1868AD
:10B63000504507D03C4B07EB470703EB87039A685D
:10B6400001329A60A0EB0A00B0FA80F0400905B020
:10B65000BDE8F08F0021204625F010FB4FF4805705
:10B6600003E0013FBFB2AF4207D00121204625F0E1
:10B6700011FB0028F5D0002FC7D0204625F0FAFA9C
:10B68000C4E7019B43F0800301937DE74FF48056AC
:10B690004FF6FF7503E0013EB6B2AE4207D002217D
:10B6A000204625F0F7FA0028F5D0002E97D000218B
:10B6B000204625F0E3FA4FF480564FF6FF7503E07D
:10B6C000013EB6B2AE4207D00121204625F0E2FA93
:10B6D0000028F5D0002E82D0204625F0CBFA7EE758
:10B6E0000199204625F0CAFA4FF480564FF6FF75AF
:10B6F00003E0013EB6B2AE4208D00121204625F05B
:10B70000C9FA0028F5D0002E3FF464AF204625F09A
:10B71000B1FA5FE7012AB4D941F0C003019333E7DE
:10B72000DC060020F7000020A48E002040740308EF
:10B730002DE9F04FDFF840B1DFF840A185B0804639
:10B7400002938946DBF80030009300211746FFF78B
:10B75000ADFD4FEA081304461AF803200393019243
:10B760002AB103F108005044002110F07FFE4FF48D
:10B7700080564FF6FF7503E0013EB6B2AE4260D090
:10B780000221204625F086FA0028F5D0002E58D157
:10B79000EFB1029ECDF8088037444FF6FF7516F8DA
:10B7A000019B4FF4805805E008F1FF381FFA88F834
:10B7B000A8452CD00221204625F06CFA0028F3D0B1
:10B7C000B8F1000F23D1B742E9D1DDF80880019B21
:10B7D00043B1039808305044012110F047FE012086
:10B7E00006F036F8DBF80000009B984207D0214BAA
:10B7F00008EB480803EB88039A6801329A60009BC3
:10B80000C01AB0FA80F0400905B0BDE8F08F494693
:10B81000204625F033FA4FF4805905E009F1FF394D
:10B820001FFA89F9A94508D00121204625F032FAEE
:10B830000028F3D0B9F1000FC5D0204625F01AFA40
:10B84000C1E74946204625F019FA4FF480564FF6D5
:10B85000FF7503E0013EB6B2AE4207D0012120469B
:10B8600025F018FA0028F5D0002E91D0204625F0BA
:10B8700001FA8DE7A48E0020DC0600204074030846
:10B8800010B53D4A3D4B3E49D3ED007A91ED000A9B
:10B890003C4B3D4C3D483E4993ED007A90ED006AAB
:10B8A0003C4B3D482DED048B92ED008A3B4A94EDD4
:10B8B000009AD2ED005A3A4AD1ED008AD2ED006AE0
:10B8C000384C3949394A78EE670A38EE278A30EE23
:10B8D000250AD3ED007A364B70EEC70A38EE478A58
:10B8E00039EE069A78EEE68A70EEA70A38EE678A95
:10B8F00030EE000A78EEA88A39EE099A84ED008AC3
:10B9000080ED009AC1ED008A82ED000AC3ED000AC5
:10B9100025F02EFCDFED277A274CF4EEE78AF1EED6
:10B9200010FA84ED010A24D49FED240AF4EEC08AB3
:10B93000F1EE10FAD8BFB0EE680A25F0EDFB204B0F
:10B940001B78F1EE407A012BC4ED007A06D11D4B35
:10B95000D3ED007A77EEC07AC4ED007AF0EE480AB3
:10B96000B0EE490A25F004FCBDEC048B84ED020A1C
:10B9700010BDB0EE670AE0E7D00F0020C00F002036
:10B98000CC0F0020B40F0020BC0F0020C40F0020FB
:10B99000B80F0020AC0F0020A40F0020B00F002033
:10B9A000C80F0020A80F0020A00F00209C0F00202F
:10B9B000980F0020EFFF7FBF347D0020EFFF7F3F17
:10B9C000758E0020CC380020F8B5584C584F594E91
:10B9D000594D2DED068B94ED028AF6EE009A28EE75
:10B9E000298AB0EE480A25F0D1FCB0EE409AB0EEBC
:10B9F000480A25F00BFDD4ED018A68EEA98AB0EE65
:10BA0000408AB0EE680A25F0C1FCF0EE40AAB0EE24
:10BA1000680A25F0FBFC94ED00AA484C2AEE29AAFE
:10BA2000F0EE408AB0EE4A0A25F0B0FCF0EE409A03
:10BA3000B0EE4A0A25F0EAFC28EE2A5A28EE288AB7
:10BA400020EE456A69EE288A68EE005AA8EEA96AD7
:10BA500029EE2A9A66EE066AE9EE295A68EE297AF4
:10BA6000E5EEA56AE9EE007A20EE687AB0EE660AA5
:10BA7000A5EE297AA7EEA70AC7ED005AA7EE070A96
:10BA800084ED007A86ED006AC5ED007AFFF732F8A2
:10BA900094ED006AD7ED006A96ED007AD5ED007A54
:10BAA00027482849284A294B60EE266A20EE077A63
:10BAB00060EE277A20EE060ABDEC068B66EEA61A2B
:10BAC00066EEA72A26EE803A67EE073AC7ED006ACF
:10BAD00084ED000AC0ED001AC1ED002A82ED003AA3
:10BAE000C3ED003A26EE872A27EE274A67EE004A82
:10BAF00027EEA75A67EE805A20EE006A144F154CC5
:10BB000015481649164A174B86ED007AC5ED007A9E
:10BB100087ED002A84ED004AC0ED004A81ED005A0D
:10BB2000C2ED005A83ED006AF8BD00BF347D0020ED
:10BB3000E00F0020DC0F0020D80F0020D40F0020E1
:10BB4000D00F0020C80F0020C40F0020C00F00201D
:10BB5000CC0F0020BC0F0020B80F0020B40F002035
:10BB6000B00F0020AC0F0020394B3A4AD3ED004A09
:10BB7000DFF8FCC0384BD2ED005A93ED002A9CED63
:10BB8000006A91ED013A354A354BD1ED022A74EE47
:10BB9000866A75EEC27AB7EE005AB0EE004AF0EE51
:10BBA000453AE6EEC43A37EEA77AD2ED006AD1ED17
:10BBB000007A2C4A27EE037A93ED003A2A4BA3EE43
:10BBC000A77A76EE837AD3ED003A284B77EEA77A00
:10BBD00074EEA34AA7EEA27A76EE237AB0EE456A17
:10BBE000A7EEC46AD3ED002AD2ED007A80ED007A88
:10BBF000D1ED011A35EE827A26EE216A91ED002A06
:10BC000037EE077A77EEE25AA7EE026A75EEA55A8A
:10BC100091ED027AA5EE876A77EEA27A80ED016A4D
:10BC200036EEC37A91ED016AD1ED006A77EEA77A1C
:10BC300037EE077A67EE867AA4EEC45AE7EE267AE4
:10BC400091ED027AE5EE077AC0ED027A704700BF07
:10BC5000B40F0020BC0F0020C40F0020B80F00203C
:10BC6000C80F0020B00F0020C00F0020CC0F002014
:10BC7000AC0F00200A480B4990ED007A0A4A0B4BA2
:10BC8000D1ED007AD2ED006A67EEC77A93ED007AC3
:10BC9000E6EE877A77EEA77A27EE800A704700BF34
:10BCA000DC0F0020D40F0020E00F0020D80F002070
:10BCB000094A0A4BD2ED007A93ED007A084B77EEF1
:10BCC000C77A93ED007A074B77EEC77A93ED000AB7
:10BCD00037EE800A704700BFD00F0020C00F002051
:10BCE000B40F0020AC0F002008B50E4A0E4B52785E
:10BCF0009FED0E0A520783ED010A83ED000A05D578
:10BD000083ED020ABDE80840FFF75EBE22F05EFC4C
:10BD1000054B074A82ED000A83ED020ABDE80840A0
:10BD2000FFF752BEAC7D0020347D002000000000F3
:10BD3000F0BC00202DE9F04F854B864C93ED027A44
:10BD4000D4ED007ADFF858B2DFF85892824F834E74
:10BD5000DFF85482DFF854A2E7EE007A2DED028B73
:10BD6000B0EE670A83B0C4ED007AFEF743FF99EDA9
:10BD7000007ADBED007AD6ED000A84ED000A77EE5A
:10BD8000877A97ED007A764C77EEC77AB0EE408AE4
:10BD900077EEE00A98ED000ADAED007A30EE270A35
:10BDA00030EE000A25F0E4F96E4B83ED020A627A68
:10BDB000D209F0EE407A1CD16B4B6C4D93ED000A2A
:10BDC00037EEC00AFEF716FF694BD5ED007A83ED1A
:10BDD000000A30EE670AFEF70DFF637A654A23F02A
:10BDE000800382ED000A637203B0BDEC028BBDE8F4
:10BDF000F08F6278530740F19F805F4A5B4D92ED70
:10BE0000250A95ED007A30EE070A30EE670AFEF754
:10BE1000F1FE9FED5A7A20EE078AF6EE007A28EEC0
:10BE2000278AB0EE480A25F0B1FA8DED010AB0EE8E
:10BE3000480A25F0EBFA524A5249D2ED006A9DEDCC
:10BE4000015A91ED007A504B5048D3ED007A66EEDE
:10BE5000805A20EE676AE7EE055A20EE477AC1ED78
:10BE6000005AA6EE857A65EEA56AD0ED005A82EDFD
:10BE7000007AA5EE856A67EE857AE6EE066AE5EE5B
:10BE8000807AB0EE660AA7EE070A80ED006AA7EE98
:10BE9000A70AC3ED007AFEF72DFE324B3B48D3EDE7
:10BEA000027A374A384B90ED006A3649D3ED005A92
:10BEB00092ED007AD1ED006A20EE066A60EE266A05
:10BEC00020EE077A20EE250A66EE065A26EE265A5E
:10BED00080ED006ACBED005A66EE075A26EE006A46
:10BEE00083ED000A8AED006A26EEA66A82ED007AEA
:10BEF00066EE874A264B89ED006A27EE076A27EE31
:10BF0000007A244A83ED007AC1ED006A164BC8ED31
:10BF1000004A66EE806A20EE000AC2ED006A86EDF5
:10BF2000000A1D4A93ED000A1C4B87ED006A82ED62
:10BF3000005AC3ED005A43E738EE400AFEF75AFEB6
:10BF4000094A084B094DD3ED027A82ED000A37E722
:10BF50004C7D0020700F0020B40F0020AC0F00209B
:10BF6000AC7D0020347D0020E0060020FCBC0020D9
:10BF7000F4BC0020ECBC002048A800200AD7A33C59
:10BF8000D80F0020DC0F0020D40F0020E00F00208D
:10BF9000B00F0020B80F0020CC0F0020C80F0020E9
:10BFA000D00F0020C00F0020BC0F0020C40F0020C5
:10BFB00062EE026A2DE9F04FE1EEA16ACD4BDFF8A7
:10BFC000A8B3DFEDCD5A93ED006A9BED007ADFF860
:10BFD0009CA3CA4BDFF89883C94CCA4ECA4DCB4FBD
:10BFE000DFF89093E2EEA26A2DED108BF1EEE6EA17
:10BFF00085B0F7EE007AEEEEE57A9AED008AD8ED9C
:10C0000000CAD4ED00DACDED013A27EE07DAF0EE02
:10C01000408A27EE860A83ED00DA27EE08AABC4B99
:10C020008DED024A20EE000AFEEE007A83ED00AAB2
:10C0300027EE2CEA20EE270AB64BC9ED00EA68EE9F
:10C04000087A83ED00EAC6ED007AB34B68EE2C7AED
:10C0500028EE2D8AC5ED007A83ED008A6CEEAC7A6D
:10C06000AE4B6CEEADCAC3ED007AAD4B27EE2D7A28
:10C07000C3ED00CA6DEEADDAAA4B87ED007AB6EEDD
:10C0800000FAF0EE609A64EE8FAAB0EE42BAF0EEDB
:10C0900061BAB0EE62CAB0EE419AF0EE43FAC3ED77
:10C0A00000DA25F067F8F5EEC0EAF1EE10FAF0EEEE
:10C0B000400A40F3E4809C4B93ED027AC7EE2E7A5F
:10C0C0009FED9A7AF4EEC77AF1EE10FA40F1C8804B
:10C0D000974B9FED981A93ED000AFEF7C1FC944B25
:10C0E00099ED007A83ED000A934B1A78934B052A59
:10C0F000D3ED006A924BF2EE0E7A08BFF0EE407A72
:10C1000083ED000A67EEA67A8E4BB5EEC07AC3EDDA
:10C11000007A8D4B0021F1EE10FA197040F3AA80DD
:10C12000B7EE006AC6EE076A88493DEE2DDAF0EEFA
:10C13000005ABFEE006AADEE256A2BEE26BA38EE45
:10C140004E8A3AEE2CAA6BEEA6BA2CEE26CA38EE30
:10C15000088A3AEE0AAA6BEE466A2CEE487AEAEEB4
:10C160000C6A2BEECAAAA6EE2B7AA8EE0BAAE7EE73
:10C17000A68AE7EE879AA7EE8A9AC1ED006A81ED5A
:10C18000017A81ED02AA01211970714B197AC90750
:10C1900009D55978480706D4D978C1F340008907F2
:10C1A00001D4052A7FD098ED007A9BED006ADAED84
:10C1B000006A94ED004A29EE2A9A68EEAA8A69EE8E
:10C1C000AA9A67EE094A29EEC75AE6EE284AA6EE71
:10C1D000E85AE4EE694A69EE665AA4EE495AE6EE78
:10C1E000295A66EEA97A76EEA46AE6EE097AE4EEBA
:10C1F000285A36EE056A26EEA60AE7EE687AA6EE1B
:10C20000060A37EE257A77EE847AA7EE070A8BEDD9
:10C21000006AA7EEA70ACAED006A88ED007AC4EDAD
:10C22000007AFEF767FC9BED006ADAED006A98ED94
:10C23000007AD4ED007A26EE006A66EE806A27EE78
:10C24000007A67EE807A8BED006ACAED006A88EDAD
:10C25000007AC4ED007A05B0BDEC108BBDE8F08F1C
:10C260009FED3C7AF4EEC77AF1EE10FA07D560EE56
:10C270000F0A2DE738490B8833B1354B86E7DFEDE0
:10C28000377A60EEA70A23E7DFF8ECC0304BBCF842
:10C2900000000130ACF80000587940F0800058717F
:10C2A0000220088072E7DDED017A1A7A27EEA70AEC
:10C2B000DDED027AAFEEAF0A60F300021A72A7EE6C
:10C2C000A70AB4EE400AF1EE10FA0DD19FED248AD0
:10C2D000B4EEC80AF1EE10FA06DC9FED22BAB4EE15
:10C2E000CB0AF1EE10FA49DC5A7842F004025A7097
:10C2F00059E700BF440000207CD6D03DD00F00207D
:10C30000D40F0020C00F0020BC0F0020C40F00205D
:10C31000CC0F0020C80F0020B80F0020B40F002061
:10C32000B00F0020AC0F0020587D0020333333BF06
:10C3300028000020CDCCCC3DA87D00204800002066
:10C34000940F0020F80F0020600F0020640F0020E1
:10C35000AC7D00209A9999BE740F00200000000067
:10C36000CAF24971BD378635E00F0020DC0F00208E
:10C37000D80F0020F40F0020900F00200393FEF749
:10C38000B9FB5F4B9DED017AD3ED007A5D4BD6EDA5
:10C39000006A93ED006A97ED004AD5ED005A5A4BBA
:10C3A00067EE00BA9DED027A93ED005A574B27EEE7
:10C3B00000AAB6EE007A77EE666A37EE467A2FEE7E
:10C3C00080CA37EE677A36EEE70A75EEC47AD3EDA7
:10C3D000004A4F4B67EEAB7A75EE845AE7EE0C7A63
:10C3E00020EE2B0A93ED007A4A4BA5EE8C0AD3ED92
:10C3F000005A039B37EE654A75EE243AA4EE0A0A0A
:10C40000E3EE8A7A30EE000A77EEA77A20EE000A91
:10C41000A7EEA70AB4EE400AF1EE10FA7FF464AF7B
:10C42000B4EEC80AF1EE10FA3FF75EAFB4EECB0AF5
:10C43000F1EE10FA7FF758AF37EE258A35EE645AE1
:10C4400028EE2B8A76EEC66AA5EE0C8AA6EE8A8ABC
:10C45000FEF750FB2B4BD6ED007A93ED006A2A4B8A
:10C4600095ED005AD3ED005A284BD3ED004A244BEA
:10C4700093ED004A274BD3ED006A254B93ED007AEC
:10C48000254B76EE876AB6EE007A77EE677A38EE5D
:10C49000088A37EE467A77EEC67A35EEE46A37EEEA
:10C4A000447A26EE086A75EEA45AA7EE006A97ED64
:10C4B000007A67EE887A35EE477A66EE886AE5EEAE
:10C4C000807AE7EE006A36EE066A37EEA77A76EEF5
:10C4D000A66A27EE4C5A66EE6B5A66EECA7AAAEE48
:10C4E000065AB0EE656AEBEE877AACEE266A93EDFB
:10C4F000007AE7EE878AE7EE059AA7EE069A52E6FB
:10C50000AC0F0020B40F0020B80F0020C80F00208F
:10C51000B00F0020CC0F0020F00F00202DE9F047D5
:10C52000AF48B04FD0ED007ADFF8E4C2DFF8E48224
:10C53000BCF800302DED028BF4EE677A0022F1EEAC
:10C5400010FA98F800503A8007D19FEDA77AF4EEE0
:10C55000C77AF1EE10FA40F3FE80A44A1678002E56
:10C5600040F0F6800022A24C0260617941F0800127
:10C570000133012261714FF0000E9E49D1ED007A26
:10C58000F4EE677AF1EE10FA0ED19FED977AF4EEA1
:10C59000C77AF1EE10FA07DC9FED977AF4EEC77ACE
:10C5A000F1EE10FA40F11481002D40F0ED800022F0
:10C5B0008F4C0A60627942F08002627101334FF061
:10C5C000000901220424D0ED017AF4EE677AF1EE3D
:10C5D00010FA0ED19FED847AF4EEC77AF1EE10FADC
:10C5E00007DC9FED857AF4EEC77AF1EE10FA40F1A0
:10C5F000E880002E40F0C5800022DFF8F4A1426000
:10C600009AF8054044F080048AF80540013301227D
:10C610000324D1ED017AF4EE677AF1EE10FA0ED12F
:10C620009FED717AF4EEC77AF1EE10FA07DC9FED18
:10C63000727AF4EEC77AF1EE10FA40F1BB80002D69
:10C6400040F09C800022DFF8A8A14A609AF80540DB
:10C6500044F080048AF80540013301220424D0ED1F
:10C66000027AF4EE677AF1EE10FA0ED19FED5E7A5F
:10C67000F4EEC77AF1EE10FA07DC9FED5F7AF4EE84
:10C68000C77AF1EE10FA40F18E80002E74D05B4A2A
:10C690009268574C8260607940F08000607101338D
:10C6A00001220324D1ED027AF4EE677AF1EE10FA5A
:10C6B0000DD19FED4D7AF4EEC77AF1EE10FA06DC5B
:10C6C0009FED4D7AF4EEC77AF1EE10FA62D5002DA7
:10C6D00050D04B4A92688A6045494A7942F08002BC
:10C6E00001334A71B9F1000F51D10424ACF8003084
:10C6F0003C80BEF1000F01D03C4B1E70414B1B78BB
:10C70000012B21D03B4C404F354E404DB0EE408A7E
:10C7100004F10C08384694ED000AF0EE480AFEF7E2
:10C72000C3F9F0EE407A284696ED000AE4EC017A6F
:10C73000F0EE480AFEF7B8F9444507F59A77A6ECFB
:10C74000010A05F59A75E5D1BDEC028BBDE8F087CD
:10C750002A4A126807E79FED287AF4EEC77AF1EECD
:10C7600010FA3FF5FAAE25494FF0010EC1ED007AFF
:10C77000764602E70022AEE700228AE7204A5268A6
:10C7800061E71E4A526838E71D4A126810E788F8C8
:10C790000050AAE71A49C1ED027A012188F8001079
:10C7A000002AA6D0A2E715484FF0010EC0ED027A8C
:10C7B000764677E7124D4FF00109C5ED017A4D46F7
:10C7C0004DE70E4E4FF0010EC6ED017A764620E79A
:10C7D0000B4C0125C4ED007AA9460324F3E600BF03
:10C7E0004C7D0020740F0020CAF24971770F0020A1
:10C7F000AC7D0020587D0020CAF249F1840F002052
:10C80000780F00208C7D0020B40B00201808002039
:10C81000900F0020760F002000B5704B5A79D1069A
:10C8200083B02DD55A78520740F1BA801A7A9FED1D
:10C830006C4A22F00102F0EE443AB0EE443A1A7229
:10C84000684A694992ED021AD1ED022A91ED002A57
:10C85000D1ED011AD2ED000A8DED010AF0EE404A49
:10C8600092ED010AFFF7A4FBFFF70AF85E495F4863
:10C87000FFF77AF95E4A594B1278002A40F09D8002
:10C880005C4AD2ED007AF4EE677AF1EE10FA06D146
:10C890009FED597AF4EEC77AF1EE10FA0CDD5748A5
:10C8A0005A79018842F0800201315A7101800123D6
:10C8B000534A138003B000BDDFED526AF4EEE67A0E
:10C8C000F1EE10FAEBD4504AD2ED007AF4EE677A2A
:10C8D000F1EE10FAE3D1F4EEC77AF1EE10FADEDCF5
:10C8E000F4EEE67AF1EE10FAD9D4484AD2ED007AA5
:10C8F000F4EE677AF1EE10FAD1D1F4EEC77AF1EEE8
:10C9000010FACCDCF4EEE67AF1EE10FAC7D4404A25
:10C91000D2ED007AF4EE677AF1EE10FABFD1F4EEC0
:10C92000C77AF1EE10FABADCF4EEE67AF1EE10FA1C
:10C93000B5D4384AD2ED017AF4EE677AF1EE10FA06
:10C94000ADD1F4EEC77AF1EE10FAA8DCF4EEE67A97
:10C95000F1EE10FAA3D4D2ED007AF4EE677AF1EE9C
:10C9600010FA9CD1F4EEC77AF1EE10FA97DCF4EEEF
:10C97000E67AF1EE10FA92D4D2ED027AF4EE677A0A
:10C98000F1EE10FA8BD1F4EEC77AF1EE10FA86DCF4
:10C99000F4EEE67AF1EE10FA81D41F4B1B8887E79C
:10C9A0001E4A1278002A3FF441AF1D4A92ED003A28
:10C9B000D2ED013A92ED024A42E71A4A1A499DED38
:10C9C000012AD1ED001A92ED021AD2ED010A92ED80
:10C9D000000A0BF021FD014B52E700BFAC7D0020A7
:10C9E000000000004C7D0020587D0020E40F002056
:10C9F000600F0020E00F0020CAF24971900F002064
:10CA0000920F0020CAF249F1DC0F0020D80F00205D
:10CA1000D40F0020347D0020740F0020718E002080
:10CA2000E0BC0020640F0020F40F00202DE9F04747
:10CA3000414C424FD4ED000A97ED000ADFF83C91DB
:10CA400086B0FDF7FDFF3E4A3E4BD4ED000AF0EE06
:10CA5000407A92ED000AC3ED007AFDF7F1FF3A4A01
:10CA60003A49107809783A4B3A4A33F8103032F89C
:10CA70001120394907EE902A06EE903A0B78374A92
:10CA8000B0EE407AF8EE677AB8EE660A012B82EDD6
:10CA9000007A89ED000AC7ED007A1ED0304C314E85
:10CAA000314DDFF8DC8004F5677A2046FDF7DEFFC4
:10CAB00097ED000A3046FDF7D9FF04F59A7498ED1A
:10CAC000000A2846FDF7D2FF544514D099ED000A1C
:10CAD00006F59A7605F52E75E7E7234CDFF8A0807A
:10CAE00004F62805204698ED000A04F52E74FDF79B
:10CAF000BDFFAC42F6D11D4C04F628051C4E0FCEEE
:10CB0000EC46ACE80F0096E803006A468CE80300A8
:10CB10002046062104F52E74FDF73AFFA542EDD11B
:10CB2000144B15480022B6EE000A1A7006B0BDE894
:10CB3000F047FDF79BBF00BFA47D00203C00002014
:10CB400034000020B4060020C1000020C3000020F3
:10CB500050650308606503088C7D0020B006002046
:10CB6000B40B002018080020303D00201C3C0020A1
:10CB7000F0560308500F0020E4060020400000207B
:10CB80002C00002091ED016AD2ED017AD1ED006A0E
:10CB900092ED007AD1ED025A67EEC67A92ED026A02
:10CBA000E6EE877AD1ED036A92ED037AE5EEC67A76
:10CBB000E6EEC77AC0ED007A92ED006AD1ED017A17
:10CBC000D1ED006A92ED017AD1ED025A67EE867AD4
:10CBD00092ED036AE6EE877AD1ED036A92ED027A6E
:10CBE000E5EE867AE6EEC77AC0ED017A91ED016A4C
:10CBF000D2ED037AD1ED006A92ED027AD1ED025ABC
:10CC000067EEC67A92ED006AE6EE877AD1ED036AA6
:10CC100092ED017AE5EE867AE6EE877AC0ED027A49
:10CC2000D1ED017A92ED026AD1ED006A92ED037ABC
:10CC3000D1ED025A67EE867A92ED016AE6EE877AC6
:10CC4000D1ED036A92ED007AE5EEC67AE6EE877AD8
:10CC5000C0ED037A704700BF344B91ED017AD3EDFC
:10CC6000007A334BD1ED006AD3ED004A314B27EE09
:10CC7000877A93ED005A304BA4EEA67AD1ED026A82
:10CC8000D3ED005AA5EE267AD1ED036AA5EEA67A79
:10CC900080ED007A91ED006AD1ED016A91ED034AD1
:10CCA00027EEC66AB5EEC07AA4EEA66AD1ED026A96
:10CCB000A5EE446AF1EE10FAA5EEA66A80ED016ACF
:10CCC000D1ED036A91ED024AD1ED003A67EEA66A12
:10CCD000E4EE846A91ED014AE5EE636AE5EEC46A2A
:10CCE000C0ED026A91ED024AD1ED033A67EEC47AD3
:10CCF00091ED014AE4EEA37AD1ED004AE5EE047A23
:10CD0000E5EEE47AC0ED037A0FD5B1EE477AB1EEE5
:10CD1000466AF1EE666AF1EE677A80ED007A80EDA0
:10CD2000016AC0ED026AC0ED037A7047DC0F002093
:10CD3000E00F0020D80F0020D40F002010B52DEDFB
:10CD4000068BF6EE009A21EE298AF0EE408AB0EECC
:10CD5000480A0446B0EE60AA24F018FBB0EE409AF0
:10CD6000B0EE480A24F052FB68EEA98AB0EE408A81
:10CD7000B0EE680A24F00AFBF0EE40AAB0EE680AB2
:10CD800024F044FB2AEE29AAF0EE408AB0EE4A0ACB
:10CD900024F0FCFAF0EE409AB0EE4A0A24F036FB9A
:10CDA00028EE2A5A28EE288A20EE456A69EE288A5B
:10CDB00068EE005AA8EEA96A29EE2A9A66EE066A7B
:10CDC000E9EE295A68EE297AE5EEA56AE9EE007ADD
:10CDD00020EE687AB0EE660AA5EE297AA7EEA70AD9
:10CDE00084ED016AA7EE070AC4ED027A84ED037AA6
:10CDF000C4ED005AFDF77EFEBDEC068B94ED006A93
:10CE0000D4ED016A94ED027AD4ED037A26EE006A3D
:10CE100066EE806A27EE007A67EE807A84ED006A1B
:10CE2000C4ED016A84ED027AC4ED037A10BD00BF3F
:10CE3000204901EB8013D3ED087AF5EE407A002209
:10CE40004FF0000CF1EE10FA1A615A61C3F82CC0D1
:10CE500083F830C05A639A6383F83CC0C3ED007A0C
:10CE6000C3ED037A5A609A6008D4B1EEE77A01EB19
:10CE7000801183ED097A81ED0A7A704700B5B0EE32
:10CE8000670A85B0CDE90230CDED017A24F056FA7B
:10CE9000029BB0EE407A9DED010A83ED097A24F001
:10CEA0004DFA0398034901EB801181ED0A0A05B0A0
:10CEB00000BD00BF00100020F0B5384C384D394F90
:10CEC000394EA1B001202566A765E665FFF7B0FFE2
:10CED0000220C4F8A050C4F89870C4F89C60FFF712
:10CEE000A7FF324B324D3348C4F8C05000211970AF
:10CEF0006A4680210EF04AF82F4B009A9A424BD195
:10CF0000DDED0A6A9DED0B7ADDED055A9DED066AB1
:10CF1000089A039B04980999DDED0F7A226166EE69
:10CF2000A64A0D9A616127EE075A65EEA53A26EEEC
:10CF3000064A07992365C4F8902002230E9A60657B
:10CF40000C98C4F89420C4ED096A119A84ED0A7A09
:10CF5000C4ED195AE06284ED1A6AE166C4ED103A34
:10CF600084ED134A84F87030C4ED004A84ED035A0E
:10CF700084F83030C4ED297A9DED107AC4F8AC20E5
:10CF800067EEA77A67EE076A84ED2A7AC4ED207A05
:10CF9000C4ED236A84F8B03021B0F0BD0010002049
:10CFA000CDCCCC3D95BFD633CD024C35FC0F002007
:10CFB0006F12033B00000C084944454ED54AD64B3E
:10CFC000127883ED300A052A00D07047D34A1278D0
:10CFD000032AFAD010B5D248D24A93F87C100068E0
:10CFE000D2ED017A84B0002900F0A08093ED1D7A83
:10CFF000B5EEC07AF1EE10FA00F1BC81DFEDCA6A3D
:10D00000B4EEE67AF1EE10FACCBF0121002100293E
:10D0100000F08C80D3ED1E6A37EEE66AB5EEC06A8A
:10D02000F1EE10FA00F19C81DFEDC05AB4EEE56A32
:10D03000F1EE10FACCBF01210021002976D0D3ED0A
:10D04000135AD3ED111A93ED122A93ED101AD3ED62
:10D05000170A93ED154AD3ED143A25EE873A61EE9F
:10D06000872AA2EE263AE1EE262A23EE075A24EE7C
:10D07000076AA2EEA65AA3EEA66A35EE205A37EE4C
:10D08000C66A82EE850AC3EE052AB7EE003AB7EE0D
:10D09000005AA0EE663AA2EEC75A20EE077AE0EEFA
:10D0A000063A62EEA66A22EE470AA2EE864AA3EE8E
:10D0B000010A26EEE16AD3ED160AC3ED143AA5EE95
:10D0C000856A66EEC16A65EEC75A30EE200AE2EE66
:10D0D000056AE3EE215A36EE206AB5EE400AF1EE1B
:10D0E00010FAC3ED126A83ED154A58BFF1EEC06A1B
:10D0F00083ED100AC3ED115A83ED136A00F17B81B1
:10D10000B5EE406AF1EE10FAC3ED196A58BFF1EEC0
:10D11000C66A00F16181D96E854C01314FF0010C76
:10D12000D96684F800C0C3ED1A6A00E0D96E58676A
:10D130004FF0010CC829C3ED1E7A83F87CC000F2C1
:10D14000AD80002940F0BE807A4993F8BC000968A0
:10D1500092ED027A002800F0B980D3ED2D7AF5EE39
:10D16000C07AF1EE10FA00F10F81DFED6F6AF4EE94
:10D17000E67AF1EE10FACCBF01220022002A00F07C
:10D18000A580D3ED2E6A37EE666AB5EEC06AF1EE81
:10D1900010FA00F1DB80DFED655AB4EEE56AF1EEDE
:10D1A00010FACCBF01220022002A00F08F8093EDFC
:10D1B000231A93ED212AD3ED222AD3ED201AD3EDA1
:10D1C000270AD3ED254A93ED244A67EE813A27EEEC
:10D1D000823AE6EEA23AA6EEA13A67EEA35A27EE0D
:10D1E000A46AE6EE835AA6EE846A75EEA05A37EE7C
:10D1F000466A83EE250A83EEA53AF7EE003AF7EE8B
:10D20000005AE6EEC03AE7EEC35A67EE807AA6EE21
:10D21000004A66EE836A27EEE20AE6EE034AA1EED2
:10D22000A30A26EEC26AD3ED260A83ED244AA1EEB4
:10D23000256A67EEC17A66EEE16A30EE200AE2EE18
:10D24000237AE2EEA56A36EE206AB5EE400AF1EEE8
:10D2500010FAC3ED254A83ED200AC3ED217AC3ED10
:10D26000226A83ED236A00F1A780F1EEC07AB5EE61
:10D27000406AF1EE10FAC3ED297A00F18F80F1EEE9
:10D28000C67AD3F8AC202A4801324FF0010C80F85E
:10D2900000C0C3F8AC20C3ED2A7A19E0DFED267A8E
:10D2A00093ED197AB4EEE77AF1EE10FA0AD593ED20
:10D2B0001A7AB4EEE77AF1EE10FA03D5022183F878
:10D2C000701041E7012183F870103DE7D3F8AC20DE
:10D2D000C3F8B4100120C82A83ED2E7A83F8BC006D
:10D2E00014D9DFED157A93ED297AB4EEE77AF1EEF1
:10D2F00010FA06D593ED2A7AB4EEE77AF1EE10FA39
:10D3000020D4012283F8B02004B010BD002AFBD045
:10D31000F7E700BFA87D002000100020758E0020D8
:10D32000244100204C7D0020CDCCCC3DCDCC4C3DCB
:10D33000FC0F0020DC4300200AD7233CCDCC4CBDA1
:10D34000CDCCCCBD022283F8B020DDE75FED055ADD
:10D35000B4EEE56AF1EE10FA4CBF0122002223E799
:10D360005FED0A5AB4EEE56AF1EE10FA4CBF012106
:10D37000002162E65FED0E6AB4EEE67AF1EE10FA95
:10D380004CBF0121002142E65FED136AF4EEE67A1C
:10D39000F1EE10FA4CBF01220022EFE6B0EE460A91
:10D3A0008DED027A019123F0C9FF1B4B9DED027AAE
:10D3B0000199F0EE407A64E78DED036A8DED027A13
:10D3C000019123F0BBFF144B9DED036A9DED027AA2
:10D3D0000199F0EE407A4AE7B0EE460A0290CDEDB0
:10D3E000017A23F0ABFFDDED017A02980B4A0A4B7C
:10D3F000F0EE406A8FE68DED036A0290CDED017A82
:10D4000023F09CFFDDED017A02989DED036A034A4B
:10D41000014BF0EE406A73E6001000204C7D0020C6
:10D4200010B5204C2378A2B0002B39D01E4B1F49D9
:10D430001A6D0291012103910592596D5A6ED3F82C
:10D44000C0000490CDE90612D3E91A12CDE9081202
:10D45000D3E90412CDE90A12D3E90912CDE90C127D
:10D46000D96AD3F89020CDE90E12D3F89410D3F8EE
:10D47000A420CDE91012D3F8A82012920021D3F8ED
:10D48000AC301393382214A828F05EF802A9802348
:10D490000091074A502101200DF0C4FD00232370A4
:10D4A00022B010BDFC0F0020001000204944454E62
:10D4B00000000C08154A164B1648D2ED006A93ED91
:10D4C000017AD0ED007A144992ED016A134AE6EE32
:10D4D000877A93ED007AD1ED006A114BE6EE076A88
:10D4E00092ED007A93ED085AD3ED095A0D4B77EE81
:10D4F000877AB6EE007AB0EE476AA5EE266AA5EE08
:10D50000A77A83ED086A83ED097A7047347D00209D
:10D51000F00500200C390020FC800020383000206D
:10D52000D81000205C060020BE4B1B78002B40F07A
:10D530009780BD4ABD48BE49D2ED007A91ED007A90
:10D54000D0ED005ABB4BBC4993ED006A0978BB484B
:10D5500067EE876A67EEA57AE6EE256A0529E6EEAC
:10D56000477AC3ED006A90ED007AC2ED007A00F0D0
:10D57000F180B34B5B7A5B0720D5DFEDB25AB24B3B
:10D58000B7EE006A77EE655A36EE476A93ED005AB9
:10D59000AE4BF4EEC65AF1EE10FAD8BFB0EE656AA3
:10D5A00026EE056A93ED005AF1EE465AF4EEC55A9E
:10D5B000F1EE10FA40F3E380C3ED005AA44B1B7860
:10D5C000152B3BD8DFE813F08C01A9011600A80049
:10D5D000A800A800A800F200F200640164013A006B
:10D5E0003A003A003A003A003A003A003A003A006B
:10D5F000A800A800954B974A974992ED056A93EDCC
:10D60000004AD1ED005A954BB7EE005A26EE046A57
:10D6100075EE654A75EE855AB0EE465AA4EEA75AE5
:10D6200094EEA76AE5EEA76AF1EE455AF1EE467A66
:10D63000C3ED026AC3ED005AC3ED017A884B196845
:10D6400051B1864A0023D2ED007A013377EE877A12
:10D650009942E2EC017AF6D1824B83ED007A704771
:10D66000013B012B00D97047754AD3789807C3F363
:10D67000400140F19080714BD3ED007AD3789B0745
:10D680001ED4694B93ED007AB5EEC07AF1EE10FA34
:10D6900001D5B1EE477A744BD3ED006AE6EE877A96
:10D6A000F5EEC07AF1EE10FA00F172816F4B93ED56
:10D6B000007AF4EEC77AF1EE10FAC8BFF0EE477ABE
:10D6C000F5EEC07AF1EE10FA00F15681B7EE007A6D
:10D6D000F4EEC77AF1EE10FACCBF01210021B7EECB
:10D6E000007A002918BFF0EE477A614A574BD2ED15
:10D6F000006A93ED007A5B4A584BF0EE675AB0EE41
:10D70000676AE6EE875AA6EEC76AC3ED005AC2ED15
:10D71000007A83ED016A70474C4A564B92ED006ADD
:10D7200093ED005A4D4B26EE056AF1EE665A36EE41
:10D73000675A75EEC65A76EEC66A76EE277A82ED9D
:10D74000006AC3ED015AC3ED026A83ED005AC3EDCE
:10D75000037A73E7484B494AD3ED005A92ED006AC9
:10D76000474B37EE066A93ED007A354B5B7A26EE2F
:10D77000256A5B0726EE077A7FF520AFFDE6B4EE5B
:10D78000C65AF1EE10FAD4BFF0EE455AF0EE465A02
:10D79000C3ED005A12E73B4B1B78002B00F0EF80E3
:10D7A000D378DFED397A9A0799D46AE7274A314B63
:10D7B0009FED366AD2ED005A66EE866A93ED006AF6
:10D7C000264B25EE866AB6EE005AB0EE664AF0EEBB
:10D7D000664AF0EE665A97EEC54AD7EE855AE7EEEE
:10D7E000C54AE7EE856AB0EE463AF0EE463AA7EE55
:10D7F000C53AD7EE853A34EE464A34EEC65A75EE4F
:10D80000865A76EE867A82ED006A83ED003A83EDE1
:10D81000014A83ED025AC3ED035AC3ED047AC3ED06
:10D82000053A0BE7758E0020000600204C00002012
:10D83000D010002004060020A87D0020E838002039
:10D84000AC7D0020CDCC4C3DE8000020FC05002044
:10D85000F5000020D8100020C81000205C06002031
:10D8600004000020CC100020D4380020C83800204C
:10D87000F080002008000020A000002000390020D7
:10D88000A400002028BE0020000000003BCD133F74
:10D89000414A424B92ED006A93ED005A404B26EE0E
:10D8A000056AF1EE665A76EE674A75EEC65A76EE6E
:10D8B000C66A76EE277AB6EE005A65EE855A66EEAF
:10D8C000856A64EE854A67EE857A82ED006AC3ED6B
:10D8D000015AC3ED026AC3ED004AC3ED037AADE617
:10D8E000304B9FED315AD3ED004A2D4BB7EE006A15
:10D8F00074EE865A36EE646A65EEA75A67EEC67A0B
:10D90000F0EE654AE6EEC54AE6EE855AC3ED014AF9
:10D91000C3ED025AC3ED007A90E69FED236A1E4BD9
:10D92000B0EE675AF0EE675AA6EEC65AE6EE865A91
:10D9300093ED006ADFED1D6A194BF0EE673AB0EE29
:10D94000454AF0EE654AD6EE263AA6EE264AE6EEBF
:10D95000264AD6EE667AA6EE665AE6EE665AC3ED1B
:10D96000003A83ED014AC3ED024AC3ED037A83ED29
:10D97000045AC3ED055A61E6DFED0D7AB5E60D49AF
:10D980000D4BD1ED007A93ED007A77EE877A75E64C
:10D99000DFED077A0021A2E6FC0500200800002048
:10D9A0005C060020C810002036CD933FDAAC2A3F39
:10D9B00000000000E838002000390020B54B1B783B
:10D9C000152B17D8DFE813F0BB0016001600160061
:10D9D0001600160016001600160016001600C900E4
:10D9E000F60024018A01D90194023A021C03F202D2
:10D9F00057034300A84AA94BA948AA4990ED005AE9
:10DA000090ED016AA848D1ED015AD0ED007ADFF817
:10DA1000C8C291ED007ADCED006AA449E5EE257AF2
:10DA2000E6EE076A91ED007A92ED085AD2ED095AB6
:10DA300077EE877AB6EE007AB0EE476AA6EE856A90
:10DA4000A7EEA57A83ED086A83ED097A70479849B5
:10DA5000984ACB78D2ED007A9A0704D4964B93ED8E
:10DA6000007A77EE877AF5EEC07AF1EE10FA00F1DF
:10DA7000A283B7EE007AF4EEC77AF1EE10FAD8BFBF
:10DA8000B0EE677A8D488E4B834ADFF844C2D0ED02
:10DA9000002A1B788B4892ED043ADCED006AD0ED49
:10DAA000007A002B00F08D83CB789B0700F1748403
:10DAB000F5EEC02AF1EE10FA00F17F84B0EE625A62
:10DAC000814B93ED006AF0EE665AE6EE055A734B11
:10DAD00063EE266AB0EE675A92ED056A92ED022A6D
:10DAE000A5EE835AF0EE673AE5EEC33AB0EE664A29
:10DAF000A6EE674AD6EE676AF6EE007AD2ED035AD2
:10DB0000F0EE674AE2EE054AB0EE675AA5EEA35A78
:10DB1000F0EE675AE4EE035AE6EE267A77EE226AD2
:10DB200037EE627AC3ED024A83ED035AC3ED016A10
:10DB300083ED007AC3ED045AC3ED057A5CE7614BCF
:10DB4000554A93ED007AD2ED046A544BF6EE007A12
:10DB5000E6EE877AC3ED047A4EE7554B5949DB78F8
:10DB60004D4A564891ED007A92ED054AD0ED006A93
:10DB7000990704D4554BD3ED007AA7EEA67A544BFF
:10DB8000F6EE007AD2ED024A92ED045AD3ED005A35
:10DB9000424BB0EE676AA4EE076AB0EE677AA4EE75
:10DBA000A67AE5EE257A83ED056A83ED027AC3ED68
:10DBB000047A21E7464A434BD2ED007AD3ED006A5E
:10DBC000354A364BD2ED033A92ED024A3B4993ED8A
:10DBD000016A91ED005AF1EE675A37EEA67A75EEBA
:10DBE000E65AF6EE007AF0EE674AE3EE874AD3EDA6
:10DBF000006AC3ED034AE4EE257A36EE456A36EE56
:10DC0000857A83ED016A83ED007AC3ED027AF3E64B
:10DC1000274B214ADB7829482D4992ED046AD0ED43
:10DC2000007A91ED007A9B070CD4F5EEC07AF1EE04
:10DC300010FA00F1BC83F0EE675A234BD3ED006A73
:10DC4000A6EEA57A1F4BF0EE676AE6EE076AE6EEEF
:10DC5000477A93ED007A92ED025AD2ED035A1D4BAA
:10DC600076EE876A77EE877AB6EE007AB0EE476A8C
:10DC7000A5EE266AA5EEA77AD3ED006AD2ED067A64
:10DC8000064B67EEA67A83ED026A83ED037AC3ED55
:10DC9000067AB1E6F5000020D81000205C060020CE
:10DCA000347D0020F00500200C39002038300020A1
:10DCB000AC7D0020E8380020003900200406002058
:10DCC000C4100020FC050020DC380020C0380020F3
:10DCD00000060020F8050020FC800020BD49BE4859
:10DCE000CB78BE4ADFF810C3D0ED006A92ED056A2A
:10DCF000DCED007A980704D4B94B93ED007AE7EE97
:10DD0000276AC978B74BB848B6EE007AA6EE667AAD
:10DD1000890783ED057AD2ED046A90ED007A0CD480
:10DD2000F5EEC07AF1EE10FA00F14483F0EE675A96
:10DD3000AE4991ED006AA6EE257AAD49F0EE675A3C
:10DD4000E6EE875AE6EEC77A92ED025AD2ED036A02
:10DD5000B6EE007AB0EE476AA5EE256AA6EEA77A7F
:10DD6000D2ED067AD1ED006A83ED026A67EEA67AFB
:10DD700083ED037AC3ED067A3EE69649974ACB785F
:10DD8000DFF874C29448D2ED055ADCED007AD0ED8C
:10DD9000006A9B0704D4924B93ED007AE7EE276A62
:10DDA000C878904BB6EE007AB0EE476AA5EEA66A48
:10DDB0008007D2ED035A83ED056A92ED046A92ED75
:10DDC000025AF1EE674A00F1DF818A48F5EEC07A27
:10DDD00090ED004AF7EE006AF1EE10FA76EEC46AB2
:10DDE00040F3C28266EEA76AB6EE007AF0EE474ACA
:10DDF000E6EE854AC978A5EEA77A8807C3ED024A00
:10DE000083ED037A00F1C18278487749D0ED006A4A
:10DE100091ED007AA6EEA77A754992ED065AD1EDFA
:10DE2000005AF6EE007AF0EE676AE7EE066AE5EE73
:10DE3000257AC3ED046AC3ED067ADDE56E4B6549CC
:10DE4000D3ED007ACB78654A9807D2ED036A92ED5C
:10DE5000026AB1EE675A00F17D81664BF5EEC07A39
:10DE6000D3ED005AB7EE007AF1EE10FA37EE657A8C
:10DE700040F3078227EE877AF6EE005AB0EE655A35
:10DE8000A7EE065AC978574BE7EEA65A890783EDE5
:10DE9000025AC3ED035A00F109825448524990EDE9
:10DEA000007A91ED006AA7EE276A51484A4992ED3F
:10DEB000047AD2ED055A92ED065AF6EE007AF0EEAB
:10DEC000676AE7EE066AB0EE677AA5EEC67AD0ED2D
:10DED000005A91ED006AE5EE257A76EEC66A37EED5
:10DEE000467AC3ED046A83ED057AC3ED067A83E5CD
:10DEF00038493A4ACB78DFF800C1374892ED056AD5
:10DF00009CED007AD0ED006A9B0704D4344BD3ED2E
:10DF1000007AE7EE876AC878324BF6EE007AE6EED2
:10DF2000267A8007B1EE475AC3ED057A40F10081A9
:10DF3000F0EE456AF0EE475A2D48D2ED067AD0ED64
:10DF4000004A9FED2E6A92ED034AC978264867EE93
:10DF5000E47AD2ED024A67EE867A8907B0EE676A04
:10DF600094EE666AE4EEA57AF6EE005A76EE256A3D
:10DF700077EEA57AC3ED036AC3ED027A92ED046AE7
:10DF8000D0ED006A0BD4B5EEC07AF1EE10FA01D4F0
:10DF9000B0EE475A1549D1ED007AE7EE856AF6EE04
:10DFA000007AE6EE267AC3ED047A25E50D4B0B4A9E
:10DFB000114992ED026AD1ED006A93ED007AD3ED3A
:10DFC000017AA6EE267AE6EE667A83ED007AC3ED54
:10DFD000017A11E5AC7D0020FC050020D81000205E
:10DFE000C03800205C06002000060020DC3800203D
:10DFF000F8050020D8380020040600209A99993EA0
:10E00000CA4ACB49CB4BD1ED006AD2ED027A93EDEF
:10E01000007A92ED056AC849C84BC978C84892EDA4
:10E02000045AA7EEA67A8907F6EE007AE6EE077A9A
:10E03000C3ED057A90ED007A0BD4F5EEC06AF1EEEF
:10E0400010FA01D5F1EE666ABE49D1ED007AA7EE6D
:10E05000A67ABD49D2ED065A91ED006AF6EE007A35
:10E06000F0EE676AE5EE076AE5EE867AC3ED046ACC
:10E07000C3ED067AC0E4B049B44ACB78D2ED007A59
:10E08000980704D4B24B93ED007A77EE877AF5EED9
:10E09000C07AF1EE10FA00F19180F7EE006AF4EE2A
:10E0A000E67AF1EE10FAD8BFF0EE676ADFF884C2C4
:10E0B000A848A94B9D4A9CED007AD0ED007ADFF884
:10E0C00070C29F481B789CED006AD2ED044A92ED25
:10E0D000055AD0ED005A67EE277A002B00F0EA804F
:10E0E00064EEA56AB6EE007AB0EE663AA5EE673A3F
:10E0F000924BD5EE676AF0EE473AE3EE243AA6EE8D
:10E10000857AB1EE464A74EE676A36EE676A37EE94
:10E11000E55A77EEA57AC3ED043A83ED057AC3EDAF
:10E12000016A83ED026A83ED005AC3ED037A63E46A
:10E130008A48B5EEC07AD0ED007AF7EE006AF1EECB
:10E1400010FA76EEE76A40F32B8166EE875AF0EE1E
:10E15000456AF1E6B6EE007AF0EE475AE7EE865AE7
:10E16000C978764BA7EEA67A8807C3ED025A83EDED
:10E17000037A00F19B80F5EEC07AF1EE10FA7FF59C
:10E180008CAEF0EE457A88E6F0EE476AE5EE276A57
:10E19000C978A5EEA77A8907C3ED026A83ED037AF1
:10E1A00000F1F380F5EEC07AF1EE10FA7FF52CAEB7
:10E1B000F0EE647A28E69FED6A7A63E4DFED686A40
:10E1C00074E7CB78980700F1E480F5EEC02AF1EE11
:10E1D00010FA00F1FC80B0EE625A5A4BD3ED005AAF
:10E1E000B0EE666AA5EE856AC978544B92ED035A83
:10E1F000D2ED023AB0EE624AF0EE625AE6EE435ACF
:10E200008907A6EE034AB6EE006AF0EE464AE3EE50
:10E21000844AA5EE256AD2ED055AC3ED024A37EECF
:10E22000275A37EE677A83ED036A65EEE77A83ED66
:10E23000015A83ED007A0CD4F5EEC02AF1EE10FA03
:10E2400000F1C280B0EE626A3E4991ED007AE7EEDD
:10E25000066AB0EE676AA6EE836AE6EEC37AB6EEA9
:10E26000007A76EE226A77EEA27AB0EE476AA6EEE0
:10E27000836AA5EEA77A83ED046A83ED057AFFF73A
:10E28000BBBB40F1A780F6EE005A25EE077AF0EE10
:10E29000654AE7EE864AC978284BE6EEC75A8907F1
:10E2A000C3ED024AC3ED035A7FF56BAF244991EDEC
:10E2B000006AFAE52B4BC978D3ED003A1F4B36EED6
:10E2C000A74A76EEE76AF0EE447AE7EE237A89070A
:10E2D000E7EE636AC3ED017A25EE477AC3ED006A83
:10E2E0000BD4B5EEC06AF1EE10FA6AD4F0EE466ACD
:10E2F0001449D1ED007AE7EEA65AF0EE476AE5EE52
:10E30000A46AA5EEE47A76EE866A37EE067AF6EE31
:10E31000007AB0EE676AA6EEA46AE7EE057A83EDAE
:10E32000046AC3ED057AFFF767BB00BFD810002071
:10E3300004060020FC050020AC7D00205C060020C7
:10E3400000060020DC380020F8050020E838002016
:10E350000039002008000020C4100020D838002018
:10E3600000000000F080002037D564EEA66AB0EE11
:10E37000474AA5EE274AC978A5EEE67A880783EDD5
:10E38000024A83ED037A7FF513AF154991ED007AC8
:10E3900042E5B0EE666A27E7F0EE665AFFF797BBF4
:10E3A0007FF5C6AD65EE266AF0EE475AC4E5F1EE9C
:10E3B000675A42E4F1EE675ABAE4B1EE625AFFF7E7
:10E3C0007FBBF1EE466A93E7B1EE626A3CE7B1EEDD
:10E3D000625A02E7B0EE677A4EE5F0EE676A03E54F
:10E3E00000060020254B1A78254BF7EE007ABFEE89
:10E3F000007A12F0010F0CBFB0EE674AB0EE474A48
:10E4000012F0020F0CBFF0EE674AF0EE474A12F02E
:10E41000040F0CBFB0EE675AB0EE475A12F0080F67
:10E420000CBFF0EE675AF0EE475A12F0100F0CBF17
:10E43000B0EE676AB0EE476A12F0200F0CBFF0EE44
:10E44000676AF0EE476A12F0400F08BFB0EE677AD5
:10E45000C3ED007AC3ED017AC3ED077A83ED024A7A
:10E46000C3ED034A83ED045AC3ED055A83ED066AF2
:10E47000C3ED086A83ED097A704700BF028100206E
:10E48000D8100020000000002DE9F04F684B1C78E8
:10E49000052C87B018D09FED5A7B664B8DED027B23
:10E4A0009FED597B1A788DED007BCAB158A1D1E957
:10E4B0000001614A614CC2E90601002284ED000BB3
:10E4C0001A7007B0BDE8F08F9FED537B594B8DED6F
:10E4D000027B9FED537B1A788DED007B002AE5D1FE
:10E4E000564D554E95ED007B51EC100B53EC172B10
:10E4F0008DED047BF9F788FD96ED067BB0EE470ABB
:10E50000F0EE670A804689465BEC17AB22F0D0FD3F
:10E5100029F00047DDE9000153EC102BCDF8008015
:10E520000197F9F729FF02460B46DDE90001FAF7EA
:10E5300095F9E8B9052C4BD03BA3D3E9002350460D
:10E540005946FAF78BF978B93D4B002250465946A7
:10E55000FAF7A2F900284FD0394B00223649C1E919
:10E560000C2307B0BDE8F08F2FA3D3E90023F5E714
:10E57000DDE9022333490020F9F746FD42464B46C8
:10E58000CDE90001F9F7F8FEDDE90423F9F73EFDD6
:10E590004246C5E900014B4640464946F9F7ECFEC4
:10E5A000DDE90023F9F7E8FEDDE9022307468846A6
:10E5B00050465946F9F7E0FE02460B4638464146BA
:10E5C000F9F724FD052CC6E9060182468B46B3D136
:10E5D000194BD3E90003002223F00041194BFAF74D
:10E5E0005BF90028A8D052465B4650465946F9F7D9
:10E5F0000DFD82468B469FE752465B46AEE700BF65
:10E60000666666666666EE3F000000000000004039
:10E6100000000040E17AA43FAE47E17A14AEEF3F3C
:10E6200000000000000008409A9999999999B93F13
:10E63000A87D002052000020301100201811002079
:10E64000000014400000F03F2DE9F04F684B1B78AC
:10E6500089B0052B8DED020B00F0B2809FED5C7B45
:10E660008DED047B634D0024634B644F1A78002AC0
:10E6700040F08580624E96ED087BD7E90089B0EEC8
:10E68000470AF0EE670A8DED007B22F011FD42464D
:10E690004B46DDE902018DED060BF9F7B5FC9DED6A
:10E6A000060B8C4653EC102B8346294620462CF053
:10E6B0000045F9F761FE02460B4658462946FAF72F
:10E6C000CDF8002843D0DDE904AB4E4952465B4605
:10E6D0000020F9F799FC424604460D464B46504649
:10E6E0005946F9F749FEDDE902AB804689465246B4
:10E6F0005B4620462946F9F73FFE02460B46404658
:10E700004946F9F783FC02460B46C7E90023504609
:10E710005946F9F779FC02460B4680468946204661
:10E720002946F9F729FE42464B46F9F725FEDDE971
:10E73000002304460D46DDE90401F9F71DFE0246FB
:10E740000B4620462946F9F761FCCDE90001DDE9D9
:10E75000004521A3D3E9002320462946FAF77EF895
:10E76000F8B9294B002220462946FAF795F800BB54
:10E7700022462B46C6E9082309B0BDE8F08F9DED7F
:10E78000027B87ED007B9FED167B00228DED007BE9
:10E79000B0EE470AF0EE670ADDE90289184E1A70FA
:10E7A00073E70DA3D3E90023C6E9082309B0BDE848
:10E7B000F08F154B0022C6E9082309B0BDE8F08FA1
:10E7C0009FED097B104D8DED047B00244CE700BFCD
:10E7D000666666666666EE3F9A9999999999B93F19
:10E7E0000000000000000040AE47E17A14AEEF3FA9
:10E7F000A87D0020000008405100002010110020DA
:10E80000301100200000F03F0000144008B5244BF8
:10E810001B785B060BD5234BD3ED007AF4EE677AB9
:10E82000F1EE10FA04D0204A13680133136008BDDA
:10E830009FED1E7AF4EEC77AF1EE10FAF3DCDFED0D
:10E840001C6AF4EEE67AF1EE10FAECD4D3ED010A8C
:10E85000F4EE600AF1EE10FAE5D1F4EEC70AF1EE3B
:10E8600010FAE0DCF4EEE60AF1EE10FADBD4B0EEDA
:10E87000401AB0EE670A1FF013FB0E4A0E4B1069E8
:10E88000586192ED007B83ED007B92ED027B03F5F6
:10E89000A66181ED007B516903F24452116008BD0D
:10E8A000AC7D0020E40F002020110020CAF2497145
:10E8B000CAF249F1C8A90020B816002000000000E3
:10E8C0002DE9F0472DED048B042084B003F01AF9F4
:10E8D00020B904B0BDEC048BBDE8F0870A22002308
:10E8E0000420C14D03F0B6F8C04803F047F8D5E95D
:10E8F00010321343B0EE408A40F0A281BC4CBD4AB6
:10E90000A379D2ED027ADB07B0EEE77AF1EE678AFF
:10E9100040F185806378C3F3000613F001037ED1D4
:10E92000A27968688DED007A63F30002A271F9F7AD
:10E93000CBFC9DED007AF1EE007AB4EEE77AF1EED1
:10E9400010FA41EC100B40F31C81F3EE047AB4EEA4
:10E95000E77AF1EE10FA40F11481FFF795FD18EE19
:10E96000900AF9F7B1FC0746884648EC107BFFF7A0
:10E970006BFEA14B1A78002A40F06D819F4E3846FD
:10E98000D6E900234146F9F73FFB48EC177B86EDBB
:10E99000007B9B4E81468A4689A3D3E90023D6E9B2
:10E9A0000A01F9F7E9FC88A3D3E900230746884662
:10E9B00048465146F9F7E0FC4A465346F9F7DCFC75
:10E9C00083A3D3E90023F9F7D7FC02460B46384668
:10E9D0004146F9F71BFB80A3D3E90023074688468D
:10E9E000F9F73CFF002840F046817DA3D3E90023DE
:10E9F00038464146F9F750FF002800F0428178A3DD
:10EA0000D3E9002310461946CDE90023F9F78CFF1E
:10EA1000DDE900238046C6E90A230127BAE0A3798D
:10EA2000F1EE007AB4EEE77A23F00103F1EE10FA8A
:10EA3000A37100F39C800023714ED6E906011F46A6
:10EA4000F9F772FF6F4A1060D6E90801F9F76CFF19
:10EA50006D4B18606D4B0093D6E90A01F9F764FF1E
:10EA60006B4A6A4B92ED000A18600020DFED696A7C
:10EA70000393002F0CBFF0EE660AF0EE680AB0EECA
:10EA8000481ACDED026A009203F0E4F8009A92ED84
:10EA9000009A19EE100AF9F717FC5F4A92ED000A86
:10EAA000C6E9040110EE100A8DED000AF9F70CFC1E
:10EAB0005A4AD2ED009A78EEE97AC6E9000117EEDB
:10EAC000900AF9F701FCC6E9020119EE900AF9F77C
:10EAD000FBFB039BC6E90E011868F9F7F5FB504BE9
:10EAE00095ED017A93ED006A4E4B4F4A9DED000A79
:10EAF00037EE467A79EE467A83ED007A4B4BC2EDDB
:10EB0000007AC6E90A01F0EE480A494883ED000A96
:10EB1000FBF7CAFF374ADDED026A464B4648F0EE86
:10EB2000407A92ED020AC3ED007A30EE260AF0EE4A
:10EB3000480AB1EE400AFBF7B7FFDFED407AE37811
:10EB4000B4EEE70AF1EE10FACCBF0122002262F324
:10EB50008613E3706379B0EE480A43F008036371EB
:10EB600004B0BDEC048BBDE8F047FFF74FBEF3EEF9
:10EB7000047AB4EEE77AF1EE10FA4CBF01230023D9
:10EB80005AE71F4EFFF780FCD6E90A01F9F7CCFEE1
:10EB900000278046D6E90601F9F7C6FE194B186032
:10EBA000D6E90801F9F7C0FE174B95ED010A186088
:10EBB000164B174AC3F80080012057E7AFF30080D7
:10EBC000666666666666EE3FA09999999999A93F2F
:10EBD000FCA9F1D24D62503F8DEDB5A0F7C6B03E15
:10EBE0007B14AE47E17A843F48800020001100206A
:10EBF000AC7D0020E40F0020500000200811002010
:10EC000030110020083000200430002000300020A7
:10EC1000F82F00200AE81C41FC2F00200C300020B7
:10EC20003C80002024110020281100202880002092
:10EC3000F07E002024800020BC7D00200AE89C405B
:10EC40000BF038F9144C00287FF459AE637843F088
:10EC50000103637053E648EC177B1E700F4B104E98
:10EC6000DFF8408083ED007B07A3D3E90023012771
:10EC7000C6E90A238EE706A3D3E90023DFF828803C
:10EC8000C9E63A464346BDE6000000E0E2361A3FD8
:10EC90008DEDB5A0F7C6B03EAC7D00200811002078
:10ECA0003011002017B7D138BD3786352DE9F04730
:10ECB000DFF80C813E4ED8E90001D6E90823F9F7C8
:10ECC000A3F90D46A8F5A661D6E902230446D1E9C9
:10ECD0000001F9F799F9224606460F462B462046D1
:10ECE0002946F9F749FB324681468A463B4630467B
:10ECF0003946F9F741FB0B46024651464846F9F7BB
:10ED000085F941EC100B22F0D3F951EC100BF9F717
:10ED10000BFE07EE900AB2EE047A08F5AD63F4EE4E
:10ED2000C77AF1EE10FA18600CDC08F2745108F59D
:10ED3000AE6208F26C5800230B601360C8F8003014
:10ED4000BDE8F08747EC116B45EC104B22F094F8CE
:10ED500051EC100BF9F7E8FD00EE100AFBF74AFF43
:10ED6000144A08F26C54F0EE407A54ED010A92ED28
:10ED7000000AC4ED007A22F0FBF9FBF75BFFDFED40
:10ED80000E6AD4ED007A0D4BB0EE407A77EEE67A5B
:10ED900093ED000A08F5AE6337EEC00A83ED007A02
:10EDA000FBF748FF08F2745888ED000ABDE8F087C9
:10EDB000402D002028110020DB0F4940ECBC002032
:10EDC000E81B002010B5494A494B11781A78494C84
:10EDD0008A42D4ED007A82B04DD047481970037A48
:10EDE000224643F04003F0EE676A62ED017A037257
:10EDF000424B1B78052B0DD00B2B0BD03E494048C6
:10EE00000B7AC2ED007A002423F040030B720460F9
:10EE100002B010BD3B4B93ED067A93ED006AF1EE24
:10EE2000005A27EE257AB4EEC76AF1EE10FAE5DD56
:10EE300077EEE67A0192B0EE670ACDED007AFBF745
:10EE4000F9FEDDED007AB5EEC00AF1EE10FAB0EE93
:10EE5000670A14D4CDED007AFBF7ECFE9FED2A7A19
:10EE6000DDED007AB4EEC07AF1EE10FA12DCD4EDEA
:10EE7000007A019AC2E7224672ED016AB8E7FBF711
:10EE8000D9FE9FED227ADDED007AB4EEC70AF1EEED
:10EE900010FAECDDB0EE670A22F0B8FA184A9FEDDE
:10EEA0001C7A52ED047A52ED016A60EE277A94EDF5
:10EEB000000AC2ED007A67EEA67AF4EEC77AF1EEA8
:10EEC00010FA08D49FED137AF4EEC77AF1EE10FA37
:10EED000D8BFB0EE677A30EE070A84ED000AFBF780
:10EEE00089FE84ED000A02B010BD00BF6D2C002029
:10EEF0008811002074210020AC7D00207F38002084
:10EF00007C2100206C210020DB0F493FDB0F49BF33
:10EF1000920A06BF920A063F094BDFED0A7A93ED8B
:10EF2000007AD3ED086A27EE277A4FF47A70C7EE9D
:10EF3000267AFCEEE77A17EE903A00FB03F0704772
:10EF40006C2100209999993F0F4B104AD3ED007A1C
:10EF500092ED007A77EEC77AF5EEC07AF1EE10FA0C
:10EF600001D5F1EE677A9FED0A7AD3ED106A67EE6C
:10EF7000877A4FF47A7087EEA67ABCEEC77A17EEDE
:10EF8000103A00FB03F070471039002028110020D0
:10EF90009999993F264BDFF8A4C01A78254826494D
:10EFA00022F0040200B51A709A7822F008029A70D2
:10EFB0009A7822F004029A709A7822F002029A70EB
:10EFC0001A7A22F040021A72DA7922F08002DA719B
:10EFD000DA78C2F300028CF8002093F803C02CF01A
:10EFE000010C83F803C000F65C2C00F21C530022D5
:10EFF000CCF800201A6000F64C2C01F5AD6300F24D
:10F000002C5ECCF800201A6001F2645C01F502630A
:10F0100000F67C70C1F8B022C1F8AC2201F61C01E8
:10F02000CEF80020CCF8002002601A600A6000BD13
:10F03000AC7D0020A8110020B83B0020A0110020CA
:10F0400010B5304C2DED028BB0EE408A94ED000AE5
:10F0500082B038EE400AFBF7EDFD2B4B1B78012BFD
:10F0600003D002B0BDEC028B10BD284AD4ED007A6B
:10F0700012780C2A38EE670A2AD00193FBF7DAFDE2
:10F080009FED237AF0EE407AB0EEC00AB4EEC70AE4
:10F09000F1EE10FA0FDD1F4A019B1370F5EEC07AF6
:10F0A000F1EE10FA2AD44FF07E521B4B1A6002B0D8
:10F0B000BDEC028B10BD9FED197A164BB4EEC70A5A
:10F0C000F1EE10FA11D500221A70B0EE670AC8E707
:10F0D0001048114A03704FF07E51116002B0BDEC30
:10F0E000028BBDE81040FBF785BD1B78002BECD0F0
:10F0F000094BD3ED007A20EE270AB2E7084AB1EEB9
:10F10000400AD2E7ECBC0020758E00207F3800203A
:10F11000C2B832407C11002078110020E4CB1640A8
:10F12000000080BF414B03F5A662D2ED007A93ED5B
:10F13000007A67EEA77AB0EE006AE7EE077AB0EEE3
:10F14000407AF1EEE76AF4EEC66AF1EE10FA63DD9A
:10F15000374B93ED056AF6EE007AB4EEE76AF1EE0E
:10F1600010FA59DB334A92ED1F6AF1EE047AB4EEDD
:10F17000E76AF1EE10FA4FD800B52DED028B83B09F
:10F18000CDED016A8DED000A22F000F9B0EE408A63
:10F190009DED000A22F03AF9254BDDED016AD3ED31
:10F1A000007A93ED016A9DED007A67EEC07AFFEE7A
:10F1B000005AE6EE087A87EEA66AB4EEE56AF1EE4A
:10F1C00010FA2DD4B7EE000AB4EEC06AF1EE10FAD0
:10F1D000D8BFB0EE460A8DED007A21F09DFFDFED3D
:10F1E000167A9DED007AB4EEE70AF1EE10FA17D424
:10F1F000DFED127AB4EEE70AF1EE10FAD8BFF0EEC6
:10F20000407A37EE677AB0EE470A03B0BDEC028B66
:10F210005DF804EBFBF7EEBCB0EE470AFBF7EABC87
:10F22000DFED067A37EE277AEDE700BFCC16002037
:10F230007CA0002048A80020920A06BF920A063F40
:10F2400038B54E4B1A7855072DED028B27D54C4912
:10F250004C4A4D4C91ED001A1278D4ED007A14ED21
:10F260000B0AB1EE411A002A31D09FED487A77EEB1
:10F27000C77AF2EE000A27EE800AA4F27451A4F6CF
:10F28000A420FBF749FC94ED020AFFF74BFF04EDC5
:10F29000020ABDEC028B3E4B00221A6038BD9A7800
:10F2A00014071DD4DA78D0072DD4DA795106F0D5B9
:10F2B0009A78520759D59B789B07EAD5354B1B782E
:10F2C000002BE6D1344B53F8182C1A60E1E7B1EE6D
:10F2D0000C7A77EEC77AF7EE080A27EE800ACCE7B9
:10F2E000294C274A90ED147AD4ED007A92ED001A59
:10F2F00014ED0B0AD0ED160A77EEC77AB1EE411A7B
:10F3000027EE800AB9E7254D254CA869F8F7CAFF12
:10F31000D4E90023F8F778FEF9F706FB08EE100AA7
:10F320002868F8F7BFFFA4F5A663D3E90023F8F730
:10F330006BFEF9F7F9FA00EE900A20EEA07A04F2DB
:10F340009C54A8EE087AD4ED007AF1EEC76A77EE05
:10F35000A77AF4EEE67AF1EE10FA0AD4084B93EDB0
:10F36000000A0D4B83ED000A93E70B4B1A691A60F4
:10F370008FE7B0EE480A21F0FBFEF2E7AC7D0020FB
:10F38000ECBC0020758E00206C2100200000704233
:10F39000D44300206D2C002064210020702C00201C
:10F3A000E81B0020B04BD3ED1F7AB0EE007AF4EEEC
:10F3B000C77AF1EE10FA5AD977EEC77AF0EE086AFA
:10F3C00087EEA67AF7EE007A77EEC77AF5EE005A66
:10F3D000F4EEE75AF1EE10FAD8BFF0EE675AA34AFE
:10F3E000A349D2ED007AD1ED126AA24912ED137A47
:10F3F0008878F4EEE67AF1EE10FAD4BFB0EE676AE0
:10F40000B0EE666A000703D40B785B0740F19E807C
:10F41000994B002243F8042BD3ED007A974A887861
:10F420001346F3EC016A77EEE67A000767EE276A87
:10F43000C3ED007A66EEA57AC2ED027A02D40B78AB
:10F440005B0717D58E4B002243F8042BD3ED007ACF
:10F450008C4A1346F3EC016A77EEE67A27EE877A58
:10F46000C3ED007A27EE257A82ED027A7047F7EE37
:10F47000005AB4E7844902F22453D1ED016A93EDB6
:10F48000005A02F66C22D2ED007A66EE266A65EE2C
:10F49000277A66EEA56A67EEA57AF1EE663AF4EE93
:10F4A000E37AF1EE10FA00F1BD80F4EEE67AF1EEC7
:10F4B00010FAC8BFF0EE667A744B754993ED006A96
:10F4C00093ED024A25EE065AA3F5A96291ED006A72
:10F4D000D2ED004A25EE255AE5EE064AB1EE446A21
:10F4E000F4EEC64AF1EE10FA08D4F4EEC44AF1EE96
:10F4F00010FAD4BFB0EE646AB0EE446A77EE867A52
:10F50000644B82ED006AF5EEC07AF1EE10FAC3EDBD
:10F51000007A00F18A8037EEE65AB5EEC05AF1EE75
:10F5200010FA95DDF7EE004AB5EEC06AF1EE10FA7A
:10F5300001D5B1EE466A36EE456AF0EE667A26EE01
:10F54000246AC3ED006A82ED006A81E74E4852EDFD
:10F55000157AD0ED006AA2F6CC2393ED005A66EE40
:10F56000266A65EE277A66EEA56A67EEA57AF1EE61
:10F57000663AF4EEE37AF1EE10FA50D4F4EEE67A5D
:10F58000F1EE10FAC8BFF0EE667A404B4048D3ED7A
:10F59000004A90ED003A93ED024A25EE245AA3F674
:10F5A000782225EE255AD2ED004AE5EE034AB1EE67
:10F5B000445AB4EEE45AF1EE10FA08DCF4EEC44A10
:10F5C000F1EE10FAD4BFB0EE645AB0EE445A77EEC2
:10F5D000857A314B82ED005AF5EEC07AF1EE10FAE1
:10F5E000C3ED007A30D477EEE64AF5EEC04AF1EE8C
:10F5F00010FA7FF713AFB7EE004AB5EEC05AF1EE3E
:10F6000010FA01D5B1EE455A35EE645AF0EE667A3D
:10F6100025EE045AC3ED006A82ED005AFEE6F0EED4
:10F62000637AB2E7F0EE637A46E7B1EE675A35EEF9
:10F63000665AB5EEC05AF1EE10FA7FF709AFF0EE58
:10F64000636AFFEE004A6FE7F1EE674A74EEE64A3E
:10F65000F5EEC04AF1EE10FA7FF7E0AEF0EE636A25
:10F66000BFEE004AC9E700BF48A800208C21002057
:10F67000102E0020AC7D0020C4160020CC160020E7
:10F68000F41B0020FC1B0020801100203C210020E6
:10F69000A4210020F81B0020C81600202DE9F0430B
:10F6A0002DED048B064683B0CA48CB4C02F066F9B8
:10F6B000B7EE007AC7EE007AC84BD6E90878D6E9EB
:10F6C0000201254604F5A66949E9027883ED000A9E
:10F6D000C34B44E90201C3ED007AF5E80223F8F7D1
:10F6E00093FCF9F721F9D9E9002308EE100A286004
:10F6F00041463846F8F788FCF9F716F968EE087ABB
:10F7000000EE100AE0EE007A04F5A76304F6B425D3
:10F71000F0EE480AB1EEE77A1860DFF8EC8204F602
:10F72000BC2785ED007A21F023FDFBF763FA87ED16
:10F73000000AFFF747FB98ED1F8A95ED009A97EDB9
:10F74000007A04F6CC23D3ED008AA64B38EE088A63
:10F750001B78B4EEE88AF1EE10FAC8BF012504F672
:10F76000C824D8BF0025012BD4ED009A00F0AF804B
:10F77000B0EE470A8DED017A21F008FEB5EEC00A21
:10F78000F1EE10FA9DED017AF0EE407A00F19980E9
:10F79000954CB0EE470AC4ED007A21F037FEB5EE85
:10F7A000C00AF1EE10FA00F18980002D8F4B84ED34
:10F7B000010A08BFB0EE688AB4EEC89A9A78F1EEF2
:10F7C00010FA4CBF0121002161F382029A701A786D
:10F7D000D1074DD499789A78C1F3800161F3410241
:10F7E0009A70834C3046FFF72BFDFFF7DBFD814A13
:10F7F000814992ED001AD4ED000AA4F5A66393EDB9
:10F80000000AB1EE411AB1EE400AA1F52E70FBF7E5
:10F8100083F904F28C54794AD4ED006A92EDAC7A03
:10F82000F1EE667AB4EEE77AF1EE10FA4CD4B4EE6B
:10F83000E67AF1EE10FAC8BFB0EE667A6E4C82ED51
:10F84000AC7A94ED007AF4EEC77AF1EE10FA08DCA7
:10F85000B4EEE67AF1EE10FAD4BFF0EE477AF0EEAD
:10F86000667AC4ED007A03B0BDEC048BBDE8F0838A
:10F870009A78C2F3800152077BD5614A92ED017AF2
:10F88000B5EEC07AF1EE10FA01D5B1EE477AD8EDB7
:10F89000207A9A7877EEA77AF4EEE97AF1EE10FA08
:10F8A000D8BFF0EE697AF4EEC77AF1EE10FACCBF69
:10F8B0000121002161F341029A7092E7B1EE400A02
:10F8C00073E7F1EE407A63E7B0EE677AB6E7002DB2
:10F8D000464B08BFB0EE688AB4EEC89A9A78F1EE4B
:10F8E00010FA4CBF0121002161F382029A701A784C
:10F8F000D40743D499789A78C1F3800161F3410227
:10F900009A703E4C3F4E04F502620023B0EE470A67
:10F910001360C4F8B032FFF705FC364BF0EE407AC6
:10F9200093ED000AC6ED007A37EEC00AFBF782F9C4
:10F9300096ED0B7A96ED0C6A27EE000AF1EE477A07
:10F94000C0EE066AF4EEE67AF1EE10FA08DCF4EEA8
:10F95000C76AF1EE10FAD4BFF0EE667AF0EE477A9D
:10F9600004F5AD64C4ED007A03B0BDEC048BBDE8D2
:10F97000F0839A7861F341029A7032E79A785007DF
:10F98000C2F380011ED51E4AD2ED016AF5EEC06AAF
:10F99000F1EE10FA1BD4D8ED207A9A7877EEA77A98
:10F9A000F4EEE97AF1EE10FAD8BFF0EE697AF4EEEF
:10F9B000E67AF1EE10FACCBF0121002161F3410299
:10F9C0009A709EE79A7861F341029A7099E7F1EE96
:10F9D000666AE0E770110020B8160020A42100201C
:10F9E000A0210020758E002080110020AC7D002019
:10F9F000041C0020ECBC002020410020B83B00206B
:10FA0000103900206421002048A8002010B54E4C79
:10FA10004E4AE17821F0010182B0E170E17921F0F4
:10FA20000801E171E178104621F010010023E17036
:10FA300040F808392178036021F08001444842F8F9
:10FA4000103C42F8303C42F82C3C42F8283C42F84A
:10FA5000183C42F8243C21703E4B00210170FF22EB
:10FA60003D481A7000220023C0E900233B48C0E94A
:10FA700000233B4B3B481970682225F065FDA07AB6
:10FA8000394B3A4A0021C3E9001199604307C2E9A2
:10FA90000011916055D400F065FD9FED350A8DEDA4
:10FAA000010A0AF047FB21789DED010A314B324AE9
:10FAB00083EDAC0A21F004012170A17882ED000AE7
:10FAC00021F00801A170A17802ED040A21F00401DF
:10FAD000A170A17883EDAB0A21F00201A170217A17
:10FAE000264821F040012172E17921F08001E17185
:10FAF000E178C1F300010170E178214821F00101B2
:10FB0000E17002F5A66C02F5A46403F5AD6102F59F
:10FB1000256284ED000A81ED000A03F2645403F5C6
:10FB2000026182ED000A03F61C030A228CED000A32
:10FB300084ED000A81ED000A83ED000A027002B034
:10FB400010BD00F0FBF9A6E7AC7D00207C21002071
:10FB50006D2C0020881100209011002098110020A9
:10FB6000FC210020702C0020002200201022002008
:10FB700000000000B83B0020D4160020A011002097
:10FB80007F38002070B51C4B1C4C93F9EAC24FF033
:10FB9000000EA4F800E0BCF1000F26D0184D03F2CF
:10FBA000FB237046724604E00132624503F12903EB
:10FBB00017D093F828100729F6D1092816D81E68FF
:10FBC000D3F804E045F8306005EBC00101320130A4
:10FBD0006245C1F804E080B24FF0010E03F1290341
:10FBE000E7D1BEF1000F00D0208070BD01329445F6
:10FBF000F7D02933D8E700BF30810020A8210020AA
:10FC0000AC2100201B4BDFED1C7A93ED007A2DE92F
:10FC1000F04FB4EEE77AF1EE10FADFF868E083B067
:10FC20000CDD9EF80A305B0708D49EF8053043F0DF
:10FC300020038EF8053003B0BDE8F08F0F4BB3F80A
:10FC400000C0BCF1000F1FD10D4A9EF8053092EDA7
:10FC5000007AD2ED0E7AB4EEE77AF1EE10FACCBF6C
:10FC60000122624662F345138EF8053003B0BDE809
:10FC7000F08F00BF281100200000F042A8210020D2
:10FC800050210020AC7D0020AA4BAB4A0CF1FF3183
:10FC9000D3E91C0652F8313014689842ACBF0027F3
:10FCA0000127A042ACBF00250125AF42B046A346C4
:10FCB000A9460FD002EBC1011D1B4B6851685B1AAE
:10FCC000011B01FB03F3516893FBF5F30B449E42C8
:10FCD000C0F22D8101230021BCF1010F00F01E8133
:10FCE00094680194A042ACBF0025012581F0010376
:10FCF000A945DBB2AA4610D0D7685668ABEB04051D
:10FD0000F61B041B04FB06F494FBF5F43C44A045ED
:10FD1000B6BF0C461C4619462346BCF1020F00F044
:10FD2000FD801469A042ACBF0025012581F00103CC
:10FD3000AA45A346DBB2A94610D05769019DD668F3
:10FD40002D1BF61B041B04FB06F494FBF5F43C444A
:10FD5000A045B6BF0C461C4619462346BCF1030F0E
:10FD600000F0DC8094690194A042ACBF002501251D
:10FD700081F00103A945DBB2AA4610D0D7695669C4
:10FD8000ABEB0405F61B041B04FB06F494FBF5F433
:10FD90003C44A045B6BF0C461C4619462346BCF160
:10FDA000040F00F0BB80146AA042ACBF00250125FF
:10FDB00081F00103AA45A346DBB2A94610D0576AD9
:10FDC000019DD6692D1BF61B041B04FB06F494FB56
:10FDD000F5F43C44A045B6BF0C461C4619462346E4
:10FDE000BCF1050F00F09A80946A0194A042ACBF68
:10FDF0000025012581F00103A945DBB2AA4610D0F8
:10FE0000D76A566AABEB0405F61B041B04FB06F429
:10FE100094FBF5F43C44A045B6BF0C461C4619467D
:10FE20002346BCF1060F79D0146BA042ACBF00256D
:10FE3000012581F00103AA45A346DBB2A94610D0F3
:10FE4000576B019DD66A2D1BF61B041B04FB06F4A1
:10FE500094FBF5F43C44A045B6BF0C461C4619463D
:10FE60002346BCF1070F59D0946B0194A042ACBF5C
:10FE70000025012581F00103A945DBB2AA4610D077
:10FE8000D76B566BABEB0405F61B041B04FB06F4A7
:10FE900094FBF5F43C44A045B6BF0C461C461946FD
:10FEA0002346BCF1080F39D0146CA042ACBF00252A
:10FEB000012581F00103AA45A346DBB2A94610D073
:10FEC000576C019DD66B2D1BF61B041B04FB06F41F
:10FED00094FBF5F43C44A045B6BF0C461C461946BD
:10FEE0002346BCF1090F19D0D2F848C08445D4BFCD
:10FEF0000024012481F001034C45DBB20ED0A0EBBD
:10FF00000C04D06C526C121AABEB0C0C04FB02F21A
:10FF100092FBFCF202449045B8BF0B469EF80520C8
:10FF200063F345128EF8052003B0BDE8F08F00237F
:10FF30000121D1E648A80020AC21002008B540F6F8
:10FF4000512200212C4825F0FFFA2C4A2C49034667
:10FF50004FF0000E2120A2F800E004221A709872DF
:10FF60006FF0150298742648DFF8A8E0C3F8011076
:10FF70004FF0170C6FF008011A73C3F86B001A7575
:10FF80002048214A83F809C083F811C0D972DFF8EC
:10FF900088C0D974C3F842E01C49DFF880E0C3F898
:10FFA0006F00C3F81D00C3F867201948C3F89020FC
:10FFB0006FF01F02C3F83EE0C3F819C0DFF844E059
:10FFC000C3F83A10C3F86310C3F894006FF07701D8
:10FFD0005420DA73DA75DFF848C0C3F846E05822D7
:10FFE000C3F88CC058735875997399751A741A763A
:10FFF000C3F898E008BD00BF1A840020A8210020A3
:020000040801F1
:100000000000C84200002041D5C8E058BA55F7EAC0
:1000100000007A43000016430000A0415488E058D5
:100020001721F7EA38B5264B1A78530600D438BDA5
:10003000244D254C6A6BAA6301F090FC234A0021F1
:10004000D0626422204625F07FFA1D4BD5E93601A7
:100050005A78C4E9010122F04002D5E93C015A7006
:10006000DA78C4E907011A481A4922F01002DA7056
:10007000027807EE902A0A686264D5F8E820626187
:100080001A78D5F8D01044F8041C42F080021A7097
:100090001A7AF8EE677A062542F08002C4ED127AE9
:1000A0001A7284F8605003F0CFFD0221084609F06F
:1000B000CFF828460221BDE8384009F0C9B800BF92
:1000C000AC7D002048A80020442D0020EC2E00200C
:1000D000018100208C2100202DE9F04F244CE37891
:1000E000DB0683B002D503B0BDE8F08F214D95ED5E
:1000F000007B05F5A66359EC178B93ED007B424618
:100100004B46404649465BEC17ABF8F735F952468B
:1001100006460F465B4650465946F8F72DF902460B
:100120000B4630463946F7F771FF41EC100B20F0D3
:10013000BFFF05F6CC238DED000B1868F8F7C4F867
:100140009DED000B02460B4651EC100BF8F7A4FB9B
:100150000028C8D0084BC3E90289C3E908AB03F003
:1001600073FDE37843F01003E37003B0BDE8F08F54
:10017000AC7D0020B8160020D82C00200023B1EB65
:10018000030C18BF4FF0010CC0E90012437280F855
:1001900008C019462B2001F051BC00BF10B5044621
:1001A0002B2001F0A1FC78B1637A73B1012B07D148
:1001B000D4E9002191421CDC114900220A7022720C
:1001C000B3FA83F35B09637210BD0E4B1B7ADB0934
:1001D00001D0237A1BB90A4B1B78002BF0D0216881
:1001E0002B2001F02BFC637AB3FA83F35B09637273
:1001F000EAE7891A2B2001F021FC637AE0E700BFCF
:10020000FC210020AC7D0020074A0849137891F9B1
:10021000EA120133DBB28B421370C4BF00231370A8
:10022000034B05221A7070476D2C0020308100208E
:100230007F38002008B50B4B1B78012B05D00A49ED
:100240000A486822F8F7E8FC08BD094B5A7A5206BA
:10025000F5D5DB78DB06F2D5064904486822F8F7C5
:10026000DBFC08BD758E0020402D0020102E0020E4
:10027000AC7D0020D82C00202DE9F843474D484C98
:100280002DED048BD4E90023D5E90201F7F7BCFE7C
:1002900004F5A664D4E9002306460F46D5E9080113
:1002A000F7F7B2FE3246804689463B46304639462D
:1002B000F8F762F8424606460F464B464046494626
:1002C000F8F75AF80B46024639463046F7F79EFED5
:1002D00041EC100B20F0ECFE51EC100BF8F724FB76
:1002E000304B93ED247AF6EE007AB4EEE77AF1EE35
:1002F00010FA06EE900A3FDDC6EE877A2A4A2B4BAB
:10030000D5E90E459FED2A7AD2ED008AD3ED006A39
:10031000B4EEE77AF1EE10FAD4BFB0EE478AB0EE51
:10032000678AF0EE687AE8EE667A17EE900AB0EE29
:10033000679AF7F7C9FF02460B4620462946F8F7A9
:100340008DFA88B91B4BD3ED007AE8EE278A18EEB8
:10035000900AF7F7B9FF02460B4620462946B0EE51
:10036000689AF8F799FA50B1B0EE490ABDEC048BDF
:10037000BDE8F84309F0DEBE66EEA77ABEE7204688
:100380002946F8F7D1FA09EE100AB0EE490ABDEC99
:10039000048BBDE8F84309F0CDBE00BF102E00204D
:1003A000B816002048A8002028110020FC380020A2
:1003B0000000F042F8380020F0B55C4B5C4A197838
:1003C000147883B0002900F082805A495A4F0C708B
:1003D0000020187097F9EA329C427EDC002C7DD018
:1003E00004EB840604EBC6063E4406F53E73019317
:1003F000D6F8FB02514D1CF06BFB85ED020B019B07
:10040000D3F807001CF064FB4D4953EC102BD1E9E5
:100410001401F7F7B1FFC5E90801D6F80303F7F7B0
:1004200053FFC5E90E01D6F80733AB6496F82333C2
:10043000D6F80B23434E85F86430032B08BFF378BE
:10044000EA6404BF43F00103F37004EB840304EB9C
:10045000C3043B1904F546742744D3F80F03D7F8B7
:100460000310D7F807202865D3F813036865D3F87D
:100470001733AB65E9652A66B37A5B0725D42F4D40
:10048000D5E90E670022002330463946F8F7E6F931
:10049000002838D12C4B002230463946F8F7FCF9B9
:1004A00070BB95ED157AB5EEC07AF1EE10FAC5E99C
:1004B0000E672BD4DFED257AB4EEE77AF1EE10FA71
:1004C000D8BFF0EE477AC5ED157A03B0F0BD1949F3
:1004D0000878A0427FF47AAFF7E710701C4B194EF2
:1004E0001B78012B15D01B4914486822F8F794FBA0
:1004F000F378194A052123F001031170F370BBE76B
:10050000114F0026CDE700260027CAE7DFED137A5A
:10051000D9E7737A5906E6D5F378DA06E3D51049B8
:1005200006486822F8F778FBE2E700BF5400002095
:100530006D2C00205300002030810020102E002060
:1005400048A80020AC7D002000005E400000F04282
:10055000758E0020402D00207F3800200000000014
:10056000D82C0020F8B5FFF727FF284F284C294E3C
:10057000294D14E0072B3FD1284A2949137891F9D6
:10058000EA0228490133DBB283421370C8BF00205E
:100590004FF00503C8BF10700B70FFF70DFF97F801
:1005A0006430DA1E012AE5D8042B1F4A4FF00001FF
:1005B0004FF02B000CD0EB7897ED027BD7E90801C8
:1005C00043F0010382ED027BC2E90801EB70D3E73F
:1005D000D7E91732B3F1000C18BF4FF0010C4FF000
:1005E000000EC4E9003284F809E084F808C001F084
:1005F00025FA237A3370BFE7D7E90E01F8F794F9AB
:10060000BDE8F84000EE100A09F094BD102E00205D
:1006100010220020FC210020AC7D00206D2C002049
:10062000308100207F380020702C002070B52A49CE
:1006300091F90040002C40DD40F651222748284D1A
:10064000F8F7EAFA0022274BDFF8A8E02A801646DE
:10065000104604E00132A24203F1290317D293F8B5
:1006600028100729F6D1092822D81E68D3F804C01B
:100670004EF830600EEBC00101320130A242C1F8E9
:1006800004C080B24FF0010603F12903E7D306B19D
:10069000288040F6512200210F4824F055FF1249CE
:1006A000124A01230B701370BDE8704009F0B2BF0D
:1006B00001329442EBD92933CCE740F65122002194
:1006C000064824F041FF064A034600210848C3F8C3
:1006D00001001180DDE700BF1C2200201A840020E9
:1006E000A82100202B840020288100205400002015
:1006F0000000C842AC2100202DE9F041794B7A4836
:10070000DFF838822DED028B00221A7001F036F9E5
:10071000764B1B78B0EE408A5BB1D8ED007AF5EEEF
:10072000C07AF1EE10FA04DD714B1B78052B00F056
:10073000AD80704B704FF7EE007AC3ED007AB0EEEB
:10074000670A0023DFED6D7A002B08BFF0EE407AD8
:100750006B4B6C4CD3ED000A94ED007ADFED6A6AC6
:100760006A4D6B4B95ED000AC3ED007A28EE206AC6
:10077000B5EE001AA6EE267A664E84ED007AFAF7F8
:100780006FF9D7ED000AF0EE407AF0EE481A96EDD8
:10079000000AC5ED007AB7EE001AFAF78BFAD8ED29
:1007A000007A86ED000AB4EEE70AF1EE10FA19D8E5
:1007B000F5EEC07AF1EE10FA14DD574AD5ED006A75
:1007C000DFED567A1378F4EEE76A43F02003F1EE9A
:1007D00010FA13704FDCBDEC028B514A00231380DA
:1007E000BDE8F0814F4B94ED007AD3ED007AB4EE82
:1007F000E77AF1EE10FAE0DCF5EEC07AF1EE10FAED
:1008000069DD494B444A93ED006A1378F7EE006ABC
:1008100076EEC66A9FED416A66EEA76AB4EEE67AA6
:10082000D5ED006AF1EE10FAC8BF0121F4EEC66AF8
:10083000D8BF002161F34513F1EE10FA1370CADD41
:1008400077EEC77A9FED397A9FED396A344AB4EE74
:10085000E77AF1EE10FAD8BFB0EE677A27EE067AA3
:10086000BDEC028BC7EE267AFCEEE77A17EE903AE3
:100870001380BDE8F0812B4BD3ED007AF5EEC07A02
:10088000F1EE10FAA7DD94ED007AD9E7294B1A4F63
:10089000D3ED000AD7ED007A164C9FED271AC0EE73
:1008A000A70AF0EE401A94ED000AFAF703FAF7EE01
:1008B000007AB4EEE70AF1EE10FA84ED000A3FF593
:1008C00047AFDFED0E7AB4EEE70AF1EE10FACCBFD7
:1008D0000123002336E7104A137823F02003137016
:1008E00079E700BF802E0020782E0020748E002033
:1008F000A87D002058000020882E00209A99993F5A
:10090000842E0020A42E0020E4388E3EA82E002045
:10091000A4000020B02E0020AC7D0020CDCCCC3D2A
:100920008C2E0020902E0020F000002000000000FF
:1009300066666640AC2E0020CCCC4C3D9C2E002040
:1009400010B5834BDB781B0782B00FD5814B1B782A
:10095000052B0BD08048814C814A824912680023C4
:1009600003602360804B002008801A60132001F090
:10097000BBF830B97D4B1B78002B40F0888002B06B
:1009800010BD1421132001F059F8794979487A4BA8
:10099000D1ED007A90ED007A1B78784ADFED786A25
:1009A000D256784B37EE277A5421B4EEE67A01FB23
:1009B0000233F1EE10FAD3ED047A6DD4F7EE006A4B
:1009C000B4EEE67AF1EE10FAF5EEC07AD8BFF0EEAA
:1009D000476AF1EE10FA40F3898066EEA77A9FED40
:1009E0006A7A87EE870AB5EE400AF1EE10FA00F156
:1009F000A280B1EEC07A654B1B7827EE277ADFED37
:100A0000647A87EE276A002B52D007EE903A9FED6A
:100A1000617AF8EE677A27EE877AC6EE076A5E4A51
:100A20005E4B92ED006AC3ED006AB5EEC06AF1EE6E
:100A300010FA58D9DFED5A6A484B66EE266A93EDF4
:100A4000007AF4EEC76AF1EE10FA36DD9FED556AD2
:100A5000CDED017A27EE067AC7EE267A17EE900AD8
:100A6000F7F732FC02460B4637A1D1E90001F7F750
:100A7000CBFAF7F759FFDDED017A07EE100A4A4984
:100A80003A4B67EE877A0122C1ED007A1A7002B004
:100A9000BDE81040FFF730BEF4EEE67AF1EE10FA52
:100AA0003ADD67EEA67A9FED387A87EE870AA0E7EF
:100AB0009FED3E7AF0EE087AAFE7DFED3D5A66EE45
:100AC000255AB4EEE57AF1EE10FA1AD5DFED395A6F
:100AD00037EE667A26EE256AF1EE006AC7EE065A10
:100AE00036EEE57ACBE79FED347AC8E793ED017AED
:100AF000DFED327A66EE876A66EEA77A77EEA77A3E
:100B00006DE737EE657AB0EE086A27EE067AC7EE33
:100B1000265A36EE657AB2E7D3ED017A9FED276A61
:100B20009FED197A67EEA67A67EE867A77EEA77A56
:100B300087EE870A5DE7CDED017A20F0FFFBDDED62
:100B4000017AB0EE407A56E7CDCCCCCCCCCC10407C
:100B5000AC7D0020A87D0020A82E0020A42E00201F
:100B6000AC2E00208C2E0020B02E0020802E0020E5
:100B700000390020E8380020F5000020306003082C
:100B8000000000004C600308D03EFE3C5C000020EA
:100B90006666A63ECDCC6C40902E0020842E0020B0
:100BA000CDCC4C3DCDCC4C3E882E00209A99314185
:100BB0003333733F6666663F666686400AE81C41CB
:100BC00008B5132000F090FF18B9154B1B781BBB1C
:100BD00008BD1421132000F031FF012003F0E2FDD5
:100BE000104A114B92ED007AD3ED007A0F4A104B68
:100BF000107830EE470A20EE270A83ED000A03F052
:100C0000D1FD0C4B0C49D3ED007A054B67EE807A91
:100C10000122C1ED007A1A70BDE80840FFF76CBDF3
:100C2000802E0020942E0020982E00202874030887
:100C3000842E002060000020882E002005480649F0
:100C4000064A074B0B604FF0030C80F800C013609E
:100C5000704700BF5C000020B02E0020AC2E0020AA
:100C60009A9949412DE9F843414B4249D3ED007A25
:100C7000414ADFF84091096840482DED048BB6EEFB
:100C8000087AD278C9F8001067EE877A3C494FF0AD
:100C90007E540460C1ED007A3A483B4900230B6062
:100CA00003603A4B0021198013070BD53849394AA4
:100CB000394BC9F8003003200870BDEC048B136079
:100CC000BDE8F883354B364F93F80080314D354EF3
:100CD0009FED358A9FED359A404603F063FDD7EDD1
:100CE000007A67EE807A0120C5ED007A03F05AFDA4
:100CF000C82486ED000A052000F036FE4046D5EDFA
:100D0000008A03F04FFDD7ED000AB0EE001A60EE46
:100D1000200AF0EE481AB0EE680AF9F7CBFF01207E
:100D2000D6ED008A85ED000A03F03CFDF0EE481A8E
:100D3000F0EE400AB0EE491AB0EE680AF9F7BAFFD1
:100D4000013CA4B286ED000A002CD4D195ED007AC6
:100D5000DFED176A0E4A89ED007AC7EE267AFDEEBE
:100D6000E77A17EE903A1370BDEC048BBDE8F88378
:100D7000902E00209C2E0020AC7D0020A40000209E
:100D8000A02E0020A42E0020A82E00208C2E0020B3
:100D90005C000020AC2E00209A9949412874030879
:100DA00060000020942E00200AD7A33B0000484397
:100DB000CDCC6C40B02E002070B51A4B0546D879CA
:100DC000C30694B02AD50C461646012000F09AFEC0
:100DD0000028FAD06BBAADF80C304CB132460DF1A8
:100DE0000D03301912F9011B03F8011F9042F9D1CC
:100DF0000D49A31C03AA009291F83410DBB2FF2224
:100E000003200AF093FF00F0010441F2883200232E
:100E1000012000F01FFE204614B070BDC0F3001486
:100E2000F3E700BFAC7D002040740308F0B5194B18
:100E3000DC791346E20685B021D5174C1F460E46D5
:100E4000054600F0C7FCD4E9022390429941F8D34B
:100E5000124A92F8344003AB6ABA0093ADF80C2002
:100E60000223FF22214603200AF060FFFF22032015
:100E70000097F3B221460AF017FC05B0F0BD002937
:100E8000FBD00A461846FF2105B0BDE8F04024F02B
:100E90005BBB00BFAC7D0020B02F00204074030876
:100EA000024B1878003818BF01207047E82E002048
:100EB000C84ADFEDC90AD2ED007AF4EEE07AF1EE2D
:100EC00010FA40F2BC802DE9F0412DED028BC34BAE
:100ED0001B7888B0F0EE401A002B00F0A180022BA6
:100EE00000F04782032B00F06481012B40F03F8229
:100EF000BB4DAA7A910704D4BA4A1278002A40F06E
:100F0000A183B949B94EDFF80883B94FB94A92EDC8
:100F1000007AFAEE086AB4EEE67AF1EE10FA00F31F
:100F2000C382F0EE046A27EE667A77EE877AD1ED17
:100F3000006A96ED007AF4EEE67AF1EE10FA07DD3B
:100F4000D7ED007AF4EEC77AF1EE10FA00F32E81B5
:100F500071EE877AC6ED007AEA79920703D52A788E
:100F6000540640F16B83A44A92F83210022903D947
:100F7000A979C90600F1E482B0EE007AF4EEC77AEE
:100F8000F1EE10FA40F16682B6EE007A67EE877AEB
:100F90009FED9A7A67EE877AF0EE678AB1EE678AFC
:100FA0002A78520640F13582DFED8B0A9FED931AC5
:100FB000B0EE600ACDE90030F9F77CFE904ADDE939
:100FC000003092ED001AF0EE407AB0EE670AF0EED3
:100FD000480A009388ED001A0190FBF7AFFED7EDA9
:100FE000007A884B884A1A60B1EE047A77EE877AE5
:100FF00096ED007AF4EEC77AF1EE10FA1E46009BE9
:1010000017D8DFED827AF4EEE78AF1EE10FA10D805
:10101000744A019800211170704902220A70ABE1F4
:10102000714991ED007AF4EEC77AF1EE10FA09DD1C
:101030000023184608B0BDEC028BBDE8F081002308
:1010400018467047DFF8DCC1DCED156AF4EEE67A8D
:10105000F1EE10FAC8BFF0EE676A37EEA66AB4EE9A
:10106000C67AF1EE10FAE3D45D4C94F80AC01CF095
:10107000020F254600F01B82DFF8A4C19CF800E0B7
:10108000BEF1000F3FF435AFF4EEC70AF1EE10FAEF
:10109000D4BFF0EE477AF0EE607A77EEE67AB2EE01
:1010A000086AF4EEE70AF1EE10FAC8BFF0EE607AD3
:1010B00087EE867A8CF8003094F801C0009363F3D1
:1010C000861C84F801C0DFF838C1484BDCF800E02A
:1010D000DFF854C103901E460191DCED004ADFF8B1
:1010E0004CC1C3ED000AB3EE056AB4EEC76A9CEDCD
:1010F000005A474BDFF838C1C3F800E0F1EE10FAB0
:10110000D8BFB0EE467AF1EE005A37EE257A98460F
:10111000DCED005A364BDFF81CC183ED007A9CED04
:10112000006ADFF814C18DED020A1F46394BCCED81
:10113000004AC3ED000A8CED015ACCED025A8CED49
:10114000036A354BDFF8F4C0C3ED000ACCED006A4A
:10115000324BDFF8ECC0C3ED000ACCED007A04F0AE
:1011600033F9FDF717FFDFF8DCC0009B8CF8003087
:101170001C4B94F80AE0174A0199DDED021A039816
:101180004FF0010C83F800C0144B1EF0020F83F8DF
:1011900000C040F0A482634696ED007AD7ED007A55
:1011A000B4EEE77AF1EE10FA7FF5D2AE87ED007A71
:1011B000CEE60B4CA37A99072546C3F3400243D4ED
:1011C0006378064916480A7062F38613012202709A
:1011D00063702DE76400002000000000E82E00206E
:1011E000AC7D0020D42E002024110020D02E002021
:1011F00068000020FC2F002048A80020920A863FAB
:10120000ECBC0020E8380020CDCC0C3F35FA8E3CF9
:10121000B82E0020C42E0020C02E0020003900204F
:101220006C000020402D0020E00F0020DC0F00208B
:10123000D80F0020D40F0020D82E0020CC2E002064
:10124000C82E0020BC2E0020A34BDFEDA47A93ED26
:10125000000ACDED001AA1EEA70A0290CDED010A19
:10126000F9F7C8FC9C4BDDED010A0298B0EE401A7C
:101270009FED9B0A83ED001AFBF760FD99499A4A9E
:101280009A4BD1ED005A92ED007A9949D3ED0B7A41
:1012900091ED006ADDED001AC3ED095A35EEC77A0B
:1012A000F1EE466A67EE277A83ED0A7AF4EEE67A83
:1012B000F1EE10FAC3ED117A08D4F4EEC67AF1EE2D
:1012C00010FAD4BFF0EE676AF0EE466A894B8A499D
:1012D00093F83200C1ED006A022816D9A879C20637
:1012E00013D5DFED867A93ED237AB4EEE77AF1EE4B
:1012F00010FA0AD5DFED827AF4EEE67AF1EE10FA12
:10130000D8BFF0EE667AC1ED007A7E49CDED001AC5
:101310007D4BD1F8E012196002F0CCF9DDED001A36
:10132000002840F0A581794B6F4AD3ED007AF5EEA5
:10133000C07AF1EE10FA00F1D681B6EE007AF4EE42
:10134000C77AF1EE10FA0FD5D2ED007AF5EEC07A39
:10135000F1EE10FA00F18481B6EE007AF4EEC77A6D
:10136000F1EE10FA00F18481694B00221A6001232A
:101370005FE6684D644E0123674A4FF07E51D2F814
:1013800000C0C0F800C03160516841609168D26807
:101390008160C260EA79940703D52A78520640F149
:1013A0005681014604A80093FBF756FCDDED067A52
:1013B000DDED056A9DED077A9FED586A009B67EEAB
:1013C000A77AE6EEA67AE7EE077AF4EEC67AF1EEB1
:1013D00010FA7FF52EAE524A117841B1E9798F07A4
:1013E00005D529784C06C1F3801040F164816B78F3
:1013F0004C4A4D494D4C92ED000A43F04003002207
:101400006B7022700A7008F095FE494B1B683360C0
:101410000EE6DFED480A9FED481ACDED011AB0EE59
:10142000600ACDE90230F9F745FCDFED2C6A98ED52
:10143000007ADDED011A8DED000AA1EEA67AB0EE7C
:10144000470AF9F7D7FBDDE90230DDED007AB0EEAF
:10145000401ABAE5F1EE006AF4EEE67AF1EE10FA1F
:1014600029D497ED007AB4EEE77AF1EE10FA00F3A2
:10147000F280F1EE046A37EE266AB4EEE76AF1EE26
:1014800010FA40F3138177EEC77AB7EE007A87EE51
:10149000A66ADFED2A6A77EE467A67EEA67AF0EE64
:1014A000678AB1EE678A7BE5B3EE0E7A3DE51E4AA8
:1014B000012111701DE577EEC77AB6EE007A27EEAE
:1014C000677ADFED1C6ADFED1C7AE7EE267AF0EE34
:1014D000678AB1EE678A63E5B82E0020960A063F58
:1014E000C7B8B23EB8380020FC2F002010390020C9
:1014F0009400002048A8002000390020CDCCCC3D2D
:101500000000000030810020E83800202811002071
:10151000B42E0020AC7D0020D82E002017B7D13B80
:10152000BC2E0020CC2E00206C000020E82E0020D5
:101530003C300020920A863E920A863FDB0F493FEC
:1015400097ED007AF4EEC77AF1EE10FA7FF514AD5C
:101550006949D2ED230A91ED000ACDED001AB1EEF2
:10156000046A81EE861ACDE901308DED036AF9F740
:1015700077FA624ADDED001AD2ED236A604A9FEDE8
:10158000617A92ED005A97ED003A5B49A1EEA65AB6
:10159000DDE9013082ED005A5B4A81ED000AD2EDAF
:1015A000006AF7EE007A76EEC56AF4EEC07AF1EEE4
:1015B00010FAB4EEE67AD4BFF0EE405AF0EE675A75
:1015C000F1EE10FAD4BFB0EE665AB0EE475A85EE8F
:1015D000257AD6ED007A37EE277AB0EE084A37EE54
:1015E000047AF3EE0E4AF4EEC74AF1EE10FAD8BFD1
:1015F000B0EE647AB4EEC37AF1EE10FA65EE843A96
:1016000013D59DED036A37EE866AB4EEC76AF1EE34
:1016100010FAC8BFB0EE467AB4EEC76AF1EE10FA1F
:10162000D8BFB0EE476A87ED006AF4EEE36AF1EEE8
:1016300010FA3FF6A1ACC7ED007A9DE4334A0121D0
:10164000117090E4324EDFF8EC80324FA4E52F4A5F
:1016500001211170A5E69FED308ADFED308A9FE40D
:10166000BEEE007AF4EEC77AF1EE10FA7FF77CAEA8
:101670002B4B93ED007A71EE871AF7EE087AF4EEB1
:10168000E71AF1EE10FAC3ED001A7FF770AE6B782F
:10169000244A254C002060F3861310706B70207074
:1016A00002F0DEF8214B04221A70C1E49FED208A7B
:1016B000DFED148A74E4DFF884C01E49DCF800C052
:1016C000174BC1F800C01C49107000221A600A6054
:1016D00003F07AFE144B03221A70009BA9E4D2EDAA
:1016E000007A634612E4BEEE007AF4EEC77AF1EEB9
:1016F00010FA3FF729AE37E6C42E002048A8002094
:10170000C02E002000000000C82E0020BC2E0020AB
:10171000D02E002068000020DB0F49BFDB0F493FBF
:10172000B42E00206C000020E82E0020A87D0020B0
:1017300000000080B82E002000390020ECBC002002
:101740001248827A22F0020210B48272104A114CBE
:1017500011484FF0010C002382F800C000210F4A0D
:10176000217003600E4C0F4810600F4A21700F4C1F
:1017700013600F480F4A23600F4C036013600F483B
:101780000F4A217010BC036013607047AC7D0020CD
:101790006C000020E82E0020D02E002068000020E1
:1017A000D42E0020CAF24971C82E0020CC2E002071
:1017B000C42E0020C02E0020BC2E0020B82E0020F9
:1017C000B42E0020704700BF014B00221A707047F2
:1017D000E92E00202DE9D0481B4985B04FF0E024C8
:1017E00008680190A06900230246CDE9022300BFEA
:1017F000019E08688642F3D1144B019CD3E900672F
:1018000079017001801B41EAD66161EB0701890013
:1018100041EA907180008019DDE902BC41EB0701CB
:10182000C90041EA5071C000B0EB0B00D3E90023BE
:1018300061EB0C01F7F7D6F94FF47A73E4FB03017F
:1018400005B0BDE8D08800BFEC430020D82F0020B1
:101850002DE9F04F3F4E8BB007464FF0E02C31683A
:101860000491DCF8181000230A46CDE9062300BFD6
:10187000049831688842F2D1DFF8DC90DDF81080FE
:10188000D9E900014B014201121A43EAD06363EB2C
:1018900001039B0043EA927392001218DDE906AB44
:1018A00043EB0103DB0043EA5273D200B2EB0A00C0
:1018B00063EB0B01D9E90023F7F794F910EB070A62
:1018C0004FF47A7341F1000BE8FB03AB03934FF045
:1018D000E02733680593BB6900251C46CDE9084520
:1018E00000BF059A33689A42F3D1DDF81480D9E934
:1018F00000234FEA431C4FEA421EBEEB020EDDE915
:1019000008014CEAD26C6CEB030C4FEA8C0CCDE96D
:1019100000014CEA9E7C4FEA8E0E1EEB020E0099EF
:101920004CEB03034FEACE02501A4FEAC303019A6D
:1019300043EA5E7363EB0201D9E90023F7F752F93A
:10194000039BE8FB0301504571EB0B01C1D30BB0C6
:10195000BDE8F08FEC430020D82F0020014B186821
:10196000704700BFEC430020034A1368013318445A
:1019700013689842FCD87047EC430020F0B52B491F
:1019800085B004464FF0E02508680190A86900235F
:101990000246CDE9022300BF019E08688642F3D1CA
:1019A000234E019DD6E9002359015001801A41EAD6
:1019B000D26161EB0301890041EA907180008018D7
:1019C00041EB0301DDE90223C90041EA5071C00087
:1019D000801A61EB0301D6E90023F7F703F94FF40E
:1019E0007A730646E5FB0361D4E900030F46301A1B
:1019F00061EB030177EB030302D2013841F10001EF
:101A0000F7F7AAF8DFED0B7A00EE100A20EE270AAE
:101A1000F5EE007AB4EEE70AF1EE10FAC4E90067D9
:101A200001DD9FED050A05B0F0BD00BFEC430020CD
:101A3000D82F0020BD378635CDCC4C3E034B1A68DD
:101A4000034B114443F82010704700BFEC430020C3
:101A5000EC2E00202DE9F0412049164684B00746BF
:101A600098464FF0E0220B680193936900251C46CD
:101A7000CDE9024500BF019B08688342F3D1184DB0
:101A8000019CD5E9002359015001801A41EAD26135
:101A900061EB0301890041EA90718000801841EBFD
:101AA0000301DDE90223C90041EA5071C000801A38
:101AB00061EB0301D5E90023F7F794F84FF47A734B
:101AC0004246E4FB0362074B841903EBC70342EB76
:101AD0000105C3E9004504B0BDE8F081EC430020F6
:101AE000D82F0020B02F0020044A054B1B6852F865
:101AF000200098428CBF002001207047EC2E00206F
:101B0000EC430020D0B5204984B006464FF0E024D5
:101B100008680190A06900230246CDE9022300BFB6
:101B2000019F08688742F3D1184F019C1849D7E9F3
:101B3000002301EBC60C50015901801A41EAD26121
:101B400061EB0301890041EA90718000801841EB4C
:101B50000301DDE90223C90041EA5071C000801A87
:101B600061EB0301D7E90023DCE90067F7F73AF8F6
:101B70004FF47A73E4FB0301B042B9412CBF01205A
:101B8000002004B0D0BD00BFEC430020D82F0020BF
:101B9000B02F002010B584B068461FF081F8009C7B
:101BA0002349A1FB04C100208A0C2249DFF89CC014
:101BB0000346C1E900232049204AD1F8FC3043F014
:101BC0008073C1F8FC30136843F001031360DCF844
:101BD0000030DFF87CC0ACFB03C34FF0E0229B0970
:101BE000013B5361F02381F823304FF0070C144977
:101BF00090610346C2F810C0024641F82320013329
:101C0000312BFAD10F4B00210020C3E90001C3E9B9
:101C10000201C3E90401C3E90601C3E908010A4955
:101C20000A6802F2E9320B689A42FCD804B010BD8F
:101C300083DE1B43D82F002000ED00E0001000E001
:101C4000EC2E0020B02F0020EC43002028020020C2
:101C5000D34D62102DE9F04F2DED048BCA4B1A784D
:101C60008346002A40F05881DFF86093C74FDFF8C1
:101C7000608399ED003A97ED004AD8ED003AC44EE2
:101C8000C448C549DFF84CE3C44A96ED005AD0ED8C
:101C9000006AD1ED007ADEED005A92ED007AC04D77
:101CA000DFF834C3DFF834A3BE4CD5ED008A94EDE1
:101CB000008ADCED004ADAED002ABB4BE6EE817AC1
:101CC000E5EE416AA5EE817A61EE011AB6EE009A60
:101CD00021EE899AB0EE666AF0EE656AA8EEC97ADE
:101CE000E5EE497AE8EEC16AE4EE812AE8EE414A7F
:101CF00070EEC30AE8EE492AA0EE814AA8EE815AA6
:101D0000E1EE077AA1EE266AE1EE646AA8EE495A8E
:101D1000E4EE013AE8EE418AE9EE627AA9EE646AFD
:101D200021EE092A69EE090AF0EE665A93ED009A4F
:101D3000DFED9E6A87ED004AB4EEE69AF1EE10FA06
:101D4000A1EE627AC8ED003ACCED004ACAED002A55
:101D500086ED005AC5ED008A08D4F2EE046AB4EEAE
:101D6000E69AF1EE10FAD8BFF0EE496A904BA6EE73
:101D7000827AA6EE826AE6EEA07AE1EEA65A93EDAA
:101D8000002ADFED8C6AC1ED007AB4EEE62AF1EEAE
:101D900010FA82ED007A80ED006ACEED005A08D488
:101DA000DFED856AB4EEE62AF1EE10FAD8BFF0EE68
:101DB000426A66EE816A9FED812AA6EE828A84EDF0
:101DC000008ABBF1000F00F0A3807D4BDFED7A6A43
:101DD00093ED002AB4EEE62AF1EE10FA40F1CA8043
:101DE00030EE630AB9EE042AB4EEC20AF1EE10FA3C
:101DF00040F1B68077EEA61AB7EE001AC1EE216A5E
:101E0000BAEE041A66EE260A67EEA61AA2EE204A79
:101E1000E2EE213AB4EEC14AF1EE10FAC8ED003A12
:101E200065EE263A40F19280A2EE233AFAEE0E6A6F
:101E3000B4EEE63AF1EE10FA87ED001A7CD5A7EE83
:101E4000E35AE7EE638AA2EEE38AC9ED006ADFEDAA
:101E50005D6AA7EEE06AF4EEC56AE7EE605AF1EE5D
:101E600010FAE2EEE04AF4EEE86AC8BFB0EE665A55
:101E7000E7EEE17AF1EE10FAF4EEC86AC8BFF0EED0
:101E8000668AA7EE617AF1EE10FA86ED005AF4EE5A
:101E9000C66AB0EE625AC8BFB0EE668AA2EEE15AD8
:101EA000F1EE10FAF4EEE56AC8BFB0EE666AF1EE44
:101EB00010FAF4EEE46AC8BFF0EE665AF1EE10FADA
:101EC000F4EEE76AC8BFF0EE664AF1EE10FAF4EEFF
:101ED000C76AC8BFF0EE667AF1EE10FAF4EEC56A92
:101EE000C8BFB0EE667AF1EE10FAD8BFF0EE456AE0
:101EF000C5ED008A84ED008A80ED006ACEED005ABF
:101F0000CCED004AC1ED007A82ED007ACAED006A9C
:101F1000BDEC048BBDE8F08FDFED2B3ADFF8AC9021
:101F20001A4FDFF8AC80C9ED000A0022B0EE603A2B
:101F3000B0EE634A1A70A2E6F2EE0E6AB4EEE63A2A
:101F4000F1EE10FAD8BFF0EE436A78E7B2EE041A69
:101F5000B4EEC14AF1EE10FAD8BFB0EE441A63E70E
:101F6000B1EE042AB4EEC20AF1EE10FAD8BFB0EE18
:101F7000402A3FE7F1EE046AB4EEE62AF1EE10FAE9
:101F8000D8BFF0EE426A2BE774000020FC2F00203F
:101F9000E42F0020EC2F002080000020F42F0020F0
:101FA000E02F00207800002004300020CDCCCC3D74
:101FB0000030002077CC2B320AD7233C0000484267
:101FC00008300020BD378635000000000C300020AE
:101FD000F82F00207C000020E82F0020F02F0020A8
:101FE00059B170B5054E0446451814F8011B3078F8
:101FF00004F060FEAC42F8D170BD7047389000200C
:10200000044B1B7823B1044B044A1B680121D154B3
:10201000704700BF84000020389000202444002036
:1020200038B504460D46FFF7D5FBDFF8F8C0DCF8FD
:102030000830CCF80C50DA179C4275EB02023CBF1A
:10204000A3F57F43FF3BE31A1DB2CCF808402C4CAC
:10205000B5F52F6F22789BB21ADD2A4DDFF8C8C084
:10206000CCF800302B682860C01A6B68696061EB9F
:102070000301254BC3E90001244B01211970244BB6
:1020800024491A7000232370CCF804300B7038BD3B
:102090006FF46171591889B240F2AE40814225D97E
:1020A0001A4B002119701A4B01321B78D2B293429D
:1020B0002270ECD8154B184C1A782378EAB9043BF7
:1020C0005BB2002BD4BF00210121142BA8BF142325
:1020D0006FF013051148AB42B8BF2B46027923704D
:1020E0000F4B61F3C3021970027138BD02EB82011C
:1020F0000CEBC10CCCF81C30D5E70133E0E700BF96
:10210000BC300020D0300020C03000207D370020BF
:10211000850000207E37002086000020AC7D002056
:102120007F37002020340020C8300020884BDFEDAE
:10213000897A1A791968B3F802C09888C1F3CA215C
:1021400002F0010207EE101A920242EA9C12F8EE27
:10215000C70A07EE102A59681A7AB3F806C0C0F306
:102160004A00F8EEC75A07EE100AC1F30A3102F02E
:102170000302B8EEC71A520207EE101A42EADC1246
:10218000B3F808C09968187BF8EEC71A07EE102A52
:10219000CCF38A0CB8EEC76A07EE10CADA7A93F865
:1021A0000FC0C1F34A31B8EEC72A00F0070007EEAE
:1021B000101A42EA00229889D968F8EEC72A07EE79
:1021C000102AC0F3CA001A7CB8EEC73A07EE100A0C
:1021D000C1F38A3102F00F02F8EEC73AD20107EEDE
:1021E000101A188A196942EA5C02B8EEC74A07EE6B
:1021F000102AC0F30A10F8EEC76A07EE100AC1F3FE
:10220000CA311A7D93F813C0F8EEC74A07EE101AC8
:10221000998A1B88C3F30A03B8EEC75A07EE103A2F
:10222000B8EEC70A2DED048BB6EE047AF0EE679A8D
:10223000E0EE079A02F01F029201B0EE670AA1EEEB
:10224000870A42EA9C02C1F34A11F0EE671AE2EEF5
:10225000871A414BB0EE679AB0EE678AF0EE672AB4
:10226000A0EE879AA1EE078AE3EE872AF0EE670ACE
:10227000B0EE671AF0EE673AE6EE070AA2EE071A2A
:10228000E6EE873AB0EE672A06EE902A06EE101ABE
:10229000A3EE072AB0EE673AA4EE073AF0EE678A9B
:1022A000B0EE674AF8EEE66AB8EEC66AE5EE878AEF
:1022B000A4EE874AF0EE675AF0EE674AE5EE074A69
:1022C000E6EE875AE6EE077AFDEEE99ABDEEC99A88
:1022D000FDEEE88ABDEEC88ABDEEC00AFDEEE00A5A
:1022E000BDEEC11AFDEEE11ABDEEC22AFDEEE22AF4
:1022F000BDEEC33AFDEEE33ABDEEC44AFDEEE44A5C
:10230000FDEEE55AFDEEE77AC3ED079A83ED119AEB
:10231000C3ED1B8A83ED258A83ED2F0AC3ED390AAD
:1023200083ED431AC3ED4D1A83ED572AC3ED612A9D
:10233000BDEC048B83ED6B3AC3ED753A83ED7F4AB8
:10234000C3ED894AC3ED935AC3ED9D7A704700BF30
:102350009837002000005C442034002010B5444A27
:1023600092F84630162B68D0282B5FD0142B5CD106
:1023700007CA404B3F4C03C3A17823F8022B100C33
:1023800064293D4A18700B463C4828BF6423C2F8B4
:10239000C432F8F76FFA2379002B5DD1354B1978E9
:1023A00037484942F8F766FA324B364893F903103A
:1023B000F8F760FA3148F8F765FA334B4F289A7905
:1023C0002E48CCBF0021012161F345129A71F8F724
:1023D00059FA2D4B3128DA792948CCBF0021012147
:1023E00061F38202DA71F8F74DFA274B5A305A7AC4
:1023F0002248ACBF0021012161F3C3025A72F8F7F1
:1024000041FA224A18288CBF002301231B4813706D
:10241000F8F738FA1E4B312894BF012200221A70B7
:1024200003D81C4A13680133136010BD1A4B1B7884
:10243000042BFAD117F07EFD10BDFFF777FE164B87
:10244000164A1B780121117043B1042BEDD1FFF71F
:10245000C1F915F0F9FE10BD6178A1E718F0BCF9DB
:102460000028E2D00E4B187818F0ACF910BD00BF70
:102470009837002040370020203400206C3700209F
:102480005C3700204C370020AC7D002081370020D5
:102490008237002088370020840000207E3700200B
:1024A0003090002038B50546FFF794F9DFF8B8C240
:1024B000A74B9CF800C09A6CD3F84CE09864BCF130
:1024C000030FD96445D8821A61EB0E0EBCF1010FDF
:1024D00018D816D140F6A174A2427EF1000455D25C
:1024E00093F84120022A74D00BD8002A00F02981E9
:1024F00093F842104A1CD2B2172A5D5483F8422046
:102500007FD038BD41F64D5C62457EF1000C57D25C
:1025100093F842209D540132D2B20F2A83F8422010
:10252000EFD98C4BDFF844C21A681860821A8A48C7
:10253000CCF80020027942F008020271874A4FF07D
:10254000010010705A68596061EB0202CCF8042057
:1025500038BDBCF1040FD4D11A6DB0EB020E5A6D28
:1025600040F24D4461EB0202A64572F100021CD21A
:1025700093F84120042A48D0052A4DD0032AC0D11F
:10258000AA1E83F8452083F841C038BD74490A600B
:102590004FF00002C1F804E0A3F841200F2DB0D1A4
:1025A0004FF00102A3F8412038BD012283F84020FA
:1025B000032283F8445083F84120C3E9140138BD55
:1025C00067491D700A60012283F84220C1F804E0C7
:1025D00038BD624ADFF894E182F800C05D4AD2F863
:1025E00000C01060B0EB0C00CEF800004FF000000F
:1025F000A3F841005368516061EB0303CEF8043047
:1026000038BD022283F8412038BD4FF0050283F81F
:102610004650A3F8412038BD93F8422093F845C0B6
:10262000624504D2511C83F842109D5438BD494A7A
:10263000DFF838E114681060001BCEF80000506825
:10264000516061EB0001CEF8041093F84620454933
:102650008A5CBCF1000F60D018469C446FF02A01E0
:1026600030E04FEA4E0E4FFA8EF2002A50DB4FEA6E
:102670004E0E4FFA8EF2002A45DB4FEA4E0E4FFA0D
:102680008EF2002A3ADB4FEA4E0E4FFA8EF2002A03
:102690002FDB4FEA4E0E4FFA8EF2002A24DB4FEA70
:1026A0004E0E4FFA8EF2002A19DB4FEA4E0E4FFA09
:1026B0008EF2002AACBF4FEA4E0281EA4202844504
:1026C000D2B22AD010F801EB8EEA020E4FFA8EF247
:1026D000002AC6DA81EA420252B29646C5E781EA8A
:1026E000420252B29646E4E781EA420252B296466C
:1026F000D9E781EA420252B29646CEE781EA420227
:1027000052B29646C3E781EA420252B29646B8E711
:1027100081EA420252B29646ADE70F48DFF83CC06C
:102720000179AA1AB2FA82F2520962F3C301017165
:10273000002006218CF8002083F8400083F8411027
:1027400038BD93F84220002A3FF428AF38BD00BFBF
:1027500098370020D0300020AC7D00207F3700204B
:10276000C83000200857030884000020C030002033
:102770002DE9F047BF4AC04992F800E0BF4A91F8FE
:1027800000C092F80280D178BD48BE4EBE4B90ED9D
:10279000007A1C68307808EA0105FF2D00F04E81B0
:1027A00048FA0CF34FEAD81708EA0E0841EA082164
:1027B00009B2091B07EE901ADFEDB46AB449F8EECE
:1027C000E77A03F00F03E7EE876A03EB830883429F
:1027D00001EBC801FDEEE66A26BF581C0125002565
:1027E000C1ED076A4FF00108117992F8059009EAE6
:1027F000010ABAF1FF0F20D041FA0CF303F00F03E6
:10280000834280F015810EEA010149EA012109B2F3
:10281000091B07EE901ADFED9D6A9D49F8EEE77AF5
:1028200003EB8307E7EE876A01EBC7014FF001086E
:102830000027FDEEE66AC1ED076A917992F80790EC
:1028400001EA090ABAF1FF0F20D041FA0CF303F0B4
:102850000F03984240F2E9800EEA010149EA0121A2
:1028600009B2091B07EE901ADFED886A8849F8EE75
:10287000E77A03EB8307E7EE276A01EBC7014FF026
:1028800001080027FDEEE66AC1ED076A117A92F8A9
:10289000099001EA090ABAF1FF0F20D041FA0CF3BE
:1028A00003F00F03984240F2BD800EEA010149EAAD
:1028B000012109B2091B07EE901ADFED746A744911
:1028C000F8EEE77A03EB8307E7EE276A01EBC7012F
:1028D0004FF001080027FDEEE66AC1ED076A917A24
:1028E00092F80B9001EA090ABAF1FF0F20D041FAE1
:1028F0000CF303F00F03984240F291800EEA0101BD
:1029000049EA012109B2091B07EE901ADFED5F6A5F
:102910005F49F8EEE77A03EB8307E7EE276A01EBFE
:10292000C7014FF001080027FDEEE66AC1ED076A16
:10293000117B92F80D9001EA090ABAF1FF0F00F03D
:10294000828041FA0CF303F00F03984201D8581C1F
:1029500001250EEA010149EA012109B2091B07EE2E
:10296000901ADFED4A6A4A4992F80E9092F80FA049
:10297000F8EEE77A03EB8307E7EE276A01EBC70778
:10298000FDEEE66AC7ED076A09EA0A07FF2F52D093
:1029900049FA0CFC0CF00F03834226D20EEA090E12
:1029A0004AEA0E2A0FFA8AFAAAEB040A07EE90AA5C
:1029B000DFED366AF8EEE77A03EB8304E7EE276A89
:1029C00001EBC401FDEEE66AC1ED076A25BB2F46A7
:1029D0003048314903700F701388304A3048012164
:1029E0005BBA11700380BDE8F0870EEA09004AEA7D
:1029F000002000B2001B07EE900ADFED246AF8EE1B
:102A0000E77A03EB8300E7EE276A01EBC001581C6D
:102A1000FDEEE66AC1ED076A30700027D8E7581C62
:102A200001256BE7581C01253FE7581C012513E7DA
:102A3000581C0125E7E6002DEED1EEE700273B46C6
:102A40003D46B846D0E692F80E9092F80FA00AEAFA
:102A50000901FF2907D049FA0CFC0CF00F0383424F
:102A60000B499BD3C1E705B13070B8F1000FB3D06B
:102A7000AEE700BF9437002095370020983700203C
:102A80008C00002085000020880000200080BB44CE
:102A900020340020BC300020903700207E370020FA
:102AA0009237002030B52D4A2D482E4954688BB0FE
:102AB000CDE908019168126807910023CDE9003340
:102AC000CDE90233CDE9043206940DF113010DF185
:102AD000270011F8013F6B4488421A7802F1010285
:102AE0001A70F6D1204B597921F004016A460DF194
:102AF000140E5971597911F0040F597927D112F830
:102B0000010B013818BF012060F38201964559710D
:102B1000F0D193F805C01CF0040F16D1BEE80F00E9
:102B20000E4C124D0FC42346DEF8002043F8112945
:102B3000CCF3800C13F8011F0CF1010205F801C061
:102B40005FFA82FCBCF1140FF4D10BB030BD01323E
:102B500041F0040196455971CCD1DAE7A830002044
:102B60000C0D0E0F10111213AC7D002090300020C0
:102B70002DE9F84FA04DA14CAB79DFF80883012275
:102B800023F004032270AB71FEF724FE9C4BC3E9D3
:102B900000019C4B3C221A70FEF7E0FE58220021F7
:102BA0000646994822F0D0FC98F80030032B00F23A
:102BB0000D8153B9954B1B78002B40F01681944F33
:102BC0003B68944A0021D15436E0934A904F1278E2
:102BD0003A60013B032BF3D8DFE813F0F000DA0092
:102BE000C4000400AB798D4843F00403AB718C4BF7
:102BF0004FF00008C3E90088C3F80780F7F730FEFC
:102C00008848F7F72DFE8848F7F72AFE122323702D
:102C10006B7A864968F3C3036B72EB7968F38203BE
:102C2000EB71AB7968F34513AB71387809F000FFAD
:102C3000784A3B680121D154FFF734FF7C4B7D4F2C
:102C400001210022597400200021C3E90522C3E9B3
:102C50000201DA6107F548713B464FF47A72DA6196
:102C600028338B42FBD1744B002403F54872DC619E
:102C700028339A42FBD150220021704822F064FC94
:102C80006A786F4B6F4993F8019093F8028093F83C
:102C900000E093F804C0987993F80AA022F080022B
:102CA0006A70AA7822F00102AA70DA78DB7A09EB5E
:102CB000890903EB830308EB880802EB82020EEB21
:102CC0008E0E0CEB8C0C00EB80000AEB8A0A07EBF3
:102CD000C80807EBC20207EBCE0E07EBCC0C07EBE4
:102CE000C00007EBC90907EBCA0A07EBC3072B783B
:102CF0004FF0000B43F001032B70C1F800B040F21D
:102D0000DC534E49C9F81C30C8F81C30D3614FF071
:102D10007C524A608A60CA60CA6240F21A484FF424
:102D2000FA62CEF81C80CCF81C20C261CAF81C30B4
:102D3000FB61454B44F62061DE630E20FEF77EFE0C
:102D4000424B4349C3F800B02B79424A0C7023F040
:102D500008032B71404B1C70404B1C70EC2313700C
:102D6000BDE8F88FAB793E493A683E483E4C43F0A7
:102D70000403AB713D4B032718600F703C48254B93
:102D8000072121704FF4806101600121995453E7BC
:102D9000AB7933493A683748334C43F00403AB719D
:102DA000324B022718600F7031481A4B03212170F3
:102DB0004FF400710160012199543DE7AB792E4930
:102DC00043F00403AB71122323702EE7042B104F42
:102DD0007FF4F6AE294B2A481B783B6015F010FAB9
:102DE00015F016FA98F80030F3E609F06BFB084F7F
:102DF00098F80030EDE600BFAC7D00208500002093
:102E0000D03000201C30002098370020C07C030800
:102E100038900020244400202B7403086C370020D5
:102E2000403700205C3700204C370020A0680600A7
:102E3000D830002000310020203400204030002015
:102E4000A830002038300020EC2E00203C3000203C
:102E5000BC300020860000207C3800207E37002017
:102E6000953700209A99193F943700208C00002054
:102E7000880000209A99993FA08601002C740308CD
:102E8000E11F01088400002010B5FEF7A3FC4B4BA6
:102E90004B4A1B78DFF85CC1146852680CFB03F3E3
:102EA0001B1942F1000283428A4128D2454A137815
:102EB00023BBDFF844C14448DCF800100131CCF8F2
:102EC0000010017963F3C3014FF0010C01713F4918
:102ED00082F800C03E4A81F800C03E483E4982F870
:102EE00000C051F8232040F823200A33C82BF8D122
:102EF0003A493B4BEC20012208701A7010BD394B47
:102F00001A78002AFAD0384A2E4912784FF0000C6D
:102F100081F800C083F800C0042A45D8DFE802F039
:102F20003C0703034000BDE81040FFF721BCFFF75A
:102F3000FDF82E4B2E489B7D234913F0010F0CBF4B
:102F40004FF47A7C4FF4FA6C13F0020FC0F89CC275
:102F50000CBF4FF47A7C4FF4FA6CC0F8C4C21C4822
:102F60000A79C3F3800C80F800C01848C3F3C00C82
:102F700080F800C0DFF884C019488CF8003013F0E6
:102F80000C0F0CBF4FF0010E4FF0000E01236EF33B
:102F9000C30203700A7110BD114B01221A7010BDDB
:102FA000BDE81040FFF7DAB9074A0D491379002050
:102FB00023F008030870137110BD00BFF400002057
:102FC000D03000207C370020AC7D002082370020EC
:102FD000813700203C3400201C3100208600002076
:102FE0007E3700207F3700208400002098370020A3
:102FF0002034002040420F00883700208037002016
:10300000022806D807EE900A024BFBEEEF7AC3EDDA
:10301000067A7047403000202DE9F04182B0FFF77A
:1030200033FFB94B1A7812B902B0BDE8F081B74C42
:1030300094F800E000221A70BEF1000F00F0BC828C
:10304000B348B44DDFF83883B34F0146FB69DFED79
:10305000B37A0E78A3F57A7300EE903A98F80030C0
:10306000F8EEE00A60EEA70A002B00F08B81013237
:1030700005EB86069645C6ED000A1DD9A64B8618B7
:1030800002EB8202B0EE677A03EBC202013ED36923
:10309000A3F57A7307EE903AF8EEE77AB11C16F8CA
:1030A00001CF67EE877A091A05EB8C0C8E4502F189
:1030B0002802CCED007AEAD895ED017AD5ED027AB6
:1030C000D5ED036A964BB6EE006A37EE467A77EE98
:1030D000C67A37EE077A76EEC66AF1EE677A77EE51
:1030E000A77A76EEA66AB5EEC07A03F5AE62F1EE87
:1030F00010FA83EDAE7AC3ED007AC2ED006A00F1FA
:103100005B81F5EEC07AF1EE10FA00F12182F4EE67
:10311000C77AF1EE10FAC8BFB0EE677ADFED817AB8
:10312000814F82497A7881ED007AB4EEE77AF1EE48
:1031300010FA48BF0121D5ED007ADFED7D6A7D4EA2
:1031400058BF002161F304127A70F4EEE67AF1EED2
:1031500010FA7A79C6ED007AACBF0121002161F343
:10316000000219207A71FEF7BFFC002840F0B781F9
:10317000714E2278F179914280F0798195ED077A4C
:10318000DFED6E7AB4EEE77AF1EE10FACCBF0120F3
:103190000020F97860F34101F970B179914280F033
:1031A0005681D5ED067A9FED667AF4EEC77AF1EE98
:1031B00010FA80F2B7819FED637A634BF4EEC77A21
:1031C000F1EE10FAACBF01210021197080F2AD813F
:1031D000F17A96F804C08A4200F21F815B484FF0F2
:1031E000000E6245C0F800E000F2F8805849002067
:1031F0000870397841F001013970F6EE007A5549CE
:10320000C1ED097A707A904280F06581D5ED097A36
:10321000B6EE007AF4EEC77AF1EE10FAACBF0120F8
:1032200000204D4A0093C1ED077A107000F0B0FE07
:103230004A4A24781278009B0A2A00F02D81002146
:103240000120FA7860F38202FA70454A1160B27A7E
:10325000A24280F01B81D5ED0A7AB6EE007AF4EE38
:10326000C77AF1EE10FA04DB3E4A1278142A00F015
:103270009D8100223C49B0EE007AFFEE000AE7EEA5
:10328000870A0A70B1EE000A1DF0E0FF327A374972
:10329000A24281ED000A0DD2DFED287A95ED087A81
:1032A000B4EEE77AF1EE10FA04DD314A1278002A22
:1032B00000F06D8100202F4CBA7A98F80010247825
:1032C00060F341022143BA720FD02B49FA79097891
:1032D00042F02002FA71002940F0CB80244A127893
:1032E0001AB9FA78910740F15981244991F90020DF
:1032F000002A40F0A5807A7A42F020027A7202B069
:10330000BDE8F041FEF75EBA7E3700208500002060
:103310009030002040300020203400206F12833A8B
:10332000B83B0020CDCC4C3EAC7D002020300020AE
:103330000AD7233D3C300020A83000203333333FF0
:10334000ABAA2A3FABAAAA3E7C3800203830002026
:10335000768E00205C060020343000207F3800206C
:1033600008390020F5000020C41000207000002063
:10337000758E0020813700206D8E00201C300020CB
:103380008237002005EB860696ED000AB6EE081A95
:10339000CDE90021F7F764FB009A94F800E0019969
:1033A00086ED000A0132724501F1010107F128079B
:1033B000BFF482AE844849E6F5EEC07AF1EE10FA29
:1033C000F1EE476A00F1DB80F4EEE67AF1EE10FAF6
:1033D000D4BFB0EE667AB0EE677A9FE67B4800789D
:1033E000012800F0C08095ED047ADFED797A794804
:1033F000B4EEE77AF1EE10FACCBF4FF0010C4FF0CB
:10340000000C80F800C038788A4240F00100387023
:103410007FF6F3AED5ED0B7AF1E6D5ED0B7A6E487B
:10342000B6EE007A37EEC77A624580ED007AD5D8DD
:10343000684900200870397841F001013970DEE6F2
:10344000013A0A7002B0BDE8F041FEF7BBB9F87965
:10345000624B002161F3C300F8717878197061F351
:10346000C7107870B87861F30000B870B0E600203B
:103470008FE601295ED002297FF437AF7A7AD3072D
:103480003FF533AF032000F0EBF92EE7544A00215B
:10349000B7EE000A1170F9E61A78013A012A7FF6B0
:1034A000CEAE7279A242BFF4CAAED5ED057A9FEDD9
:1034B0004D7AF4EEC77AF1EE10FA80F281809FED3A
:1034C0004A7AF4EEC77AF1EE10FAACBF012100217E
:1034D00081F00100B5E6DFED457A0020A1E6FA2192
:1034E0001920FEF7ABFA424A96ED007AD2ED007A47
:1034F00077EE677AF5EEC07AF1EE10FA01D5F1EECB
:10350000677A82ED007A3B4A92ED007A7A78B4EEDF
:10351000E77AF1EE10FA4CBF0121002161F3451268
:103520007A7025E62D4B022119703348016801316C
:1035300001604DE67A7AD2073FF5D7AE7A7A2F4905
:1035400042F0010206207A72087000F0A5F8CCE67D
:10355000F1EE677AB4EEE77AF1EE10FA7FF5DEADC0
:10356000B0EE677ADAE5264890F8340000283FF498
:103570003AAF18484FF0000C80F800C043E7B4EEB3
:10358000E77AF1EE10FA0EDDF1EE677AE8E7F87807
:10359000C0F3400080F00100C0B28CE6BA7A42F07D
:1035A0000202BA72A1E6B0EE667AB7E5FA78C2F323
:1035B000400282F001025DE6124DDFF84C807BE5AF
:1035C000002002213DE600BF903000208E7D0020CB
:1035D000CDCCCC3D768E0020383000207C380020C9
:1035E000C4100020ABAA2A3FABAAAA3E00000000EC
:1035F00018300020243000208C3700207E38002036
:10360000E478030840300020823700201C4BD3EDC3
:10361000007AF5EEC07AF1EE10FA0DD9194B93ED60
:10362000036AD3ED056AE6EE667AB7EE087AF4EE41
:10363000C77AF1EE10FA01D500207047124B93EDD6
:10364000007AB5EEC07AF1EE10FA16D90F4A104B97
:1036500092ED006A1B88DFED0F6A86EE277A07EE8F
:10366000903A37EE267AF8EEE77AB4EEE77AF1EEA2
:1036700010FA4CBF0120002070470120704700BFA6
:10368000143000207CA00020902E0020502100202B
:103690008C2E002000007042044A0548D378002197
:1036A00061F386130170D370704700BFAC7D0020BA
:1036B0007D380020244B1B78013B032B42D8DFE8E8
:1036C00003F03C201B02214A214B92ED007AF6EEDA
:1036D000087A67EEC77A93ED007AF4EEC77AF1EED6
:1036E00010FA2FDD1B4BDFED1C7A93ED007AB4EE60
:1036F000E77AF1EE10FA25DD184BD878C0F3801088
:103700007047124A124B92ED007AF6EE087A67EE95
:10371000C77A93ED007AF4EEC77AF1EE10FA11DD74
:103720000C4BDFED0D7A93ED007AB4EEE77AF1EE13
:1037300010FACCBF012000207047084B1878C0F366
:10374000C0007047002070476E8E0020940000205B
:103750000039002024800020CDCC4C3EAC7D0020E0
:1037600008B59FED380A06F0E5FC374A1378032BBD
:1037700048D8DFE803F03D2C0402012008BD33489F
:10378000FEF7FCF8DFED327A20EE270AFFF792FF12
:10379000304BD3ED007AF8EE677AA8BBB0EE007A32
:1037A000E0EE077A9FED2C7AF4EEC77AF1EE10FA8C
:1037B0003FD5FCEEE77A17EE901A284A1960D378C5
:1037C00023F04003D3700720FEF738F91AE00720F2
:1037D000FEF78AF9B0B1FDF7FDFF1C4B1D4AC3E9A6
:1037E000000140F6B8301060174A0223137009E058
:1037F000184B4FF47A7107201960FEF71FF9124A2F
:1038000001231370002008BD77EEC07A0E4AF5EE52
:10381000C07AF1EE10FA0FDDFCEEE77A17EE901A9F
:10382000F8EE677A1960F5EEC07AF1EE10FACAD8B0
:1038300004E040F6B831C0E700211960032313709B
:10384000C1E700BF0000C8C27D380020F837002063
:1038500000007A440038002000803B45AC7D002009
:1038600010B50A4B82B0002401901C60FBF792FB5C
:10387000074A0849D3780C6023F02003D37002F084
:1038800009FC054B0198187002B010BD00390020EA
:10389000AC7D0020E83800207E380020324BDA79F9
:1038A0009006C2F340110CD53049314A91ED007AAF
:1038B000D2ED007AB4EEE77AF1EE10FACCBF012136
:1038C00000211A7861F382021A701A78520742D5E1
:1038D00026482849284AD0ED007A91ED007A1278DE
:1038E00077EEC77A72B122491A7891ED007AB4EE78
:1038F000E77AF1EE10FA4CBF0121002161F3820258
:103900001A7070471D4A92ED247AF6EE006AB4EE02
:10391000E67AF1EE10FA1FDCDFED196A19491A4A4E
:1039200091ED006A92ED007AE6EE667AF4EEC77ADF
:10393000F1EE10FA16DD154A92ED007AF2EE0C7AED
:10394000B4EEE77AF1EE10FA4CBF012100211A78AB
:1039500061F382021A7070470C4A92ED006AC6EE5B
:10396000076ADBE70021F2E7AC7D00202811002088
:10397000F880002010390020758E002048A8002013
:1039800000000000FC380020F43800206C210020EA
:1039900010B5514B1B7882B04BBBFBF7FBFAFFF71E
:1039A0007DFF4E4C9FED4E0A0623237006F0C2FBAE
:1039B0004C4A1378032B18D8DFE803F0655328022C
:1039C000494B002119600191FBF7E4FA474A484846
:1039D000D3780199016023F02003D37002F05AFBE1
:1039E000444B0621042221701A7002B010BDFBF76F
:1039F000D1FA414C414B94ED000AD3ED007A30EE00
:103A0000270AF7F7F7F804ED0C0ACAE73C48FDF778
:103A1000B5FFDFED3C7A20EE270AFFF74BFE3A4B6D
:103A2000D3ED007AF8EE677A002838D1B0EE007A4C
:103A3000E0EE077A9FED357AF4EEC77AF1EE10FAF0
:103A400042D5FCEEE77A17EE901A284A1960D3782F
:103A500023F04003D370072002B0BDE81040FDF70B
:103A6000EDBF0720FEF740F80028BED0FDF7B2FEFC
:103A7000234B254C1B4AC3E9000140F6B830022312
:103A800020601370B1E7204B4FF47A710720196062
:103A9000FDF7D4FF134A0123137002B010BD77EE77
:103AA000C07A104AF5EEC07AF1EE10FA0FDDFCEEA6
:103AB000E77A17EE901AF8EE677A1960F5EEC07A99
:103AC000F1EE10FAC7D804E040F6B831BDE70021A6
:103AD000196003231370BEE7758E00207E38002026
:103AE0000000C8C27D38002000390020AC7D0020D5
:103AF000E8380020A87D002094210020ECBC0020A4
:103B0000F837002000007A440038002000803B4550
:103B100030B5404C237813F0400F83B0637A16D150
:103B2000C3F3000113F001032CD03B4B3B4D1B783A
:103B3000002B3FD1FBF72EFAFFF7B0FE4FF0060245
:103B40002A70FFF70DFE00284CD103B030BDDB0713
:103B5000FBD5334B93ED007AF2EE0E7AB4EEE77AB2
:103B6000F1EE10FAF1DD2F48637A2C4A90ED000A4D
:103B700023F0010300216372117003B0BDE83040EF
:103B800006F0D8BA627ADFF8BCC0264842F00102DB
:103B90006272DCF800200260204806220270224A8D
:103BA0001170E27863F386121B4BE2701B780546B6
:103BB000002BBFD0FBF7EEF91C4A1D4BD2ED007A6B
:103BC0001C4A019392ED000A30EE270AF7F712F82B
:103BD000019B4FF0060283ED000A2A70FFF7C0FD3B
:103BE0000028B2D0144A002313600193FBF7D2F9E6
:103BF000124A019B1360E37823F02003E37002F084
:103C000049FA0F4B04224FF0060028701A7003B0D7
:103C100030BD00BFAC7D0020758E00207E380020B6
:103C200028110020783800207D380020ECBC0020CE
:103C3000642100209421002000390020E838002071
:103C4000A87D002010390020064A02F5A663D3E9BA
:103C5000000192ED007B044B83ED027BC3E9080178
:103C6000704700BFB8160020A82D002010B5104CDA
:103C70001049A378104A23F00403A370A37823F01B
:103C80000203A370E37923F00803E3712378002093
:103C900023F004030870FF2111702370FCF7CAFAA7
:103CA000A378064A052143F001031170A37010BDEB
:103CB000AC7D00206D2C0020881100207F38002072
:103CC00070B5334CDFED337A334D04F6CC732DED04
:103CD000028B93ED008ADFED318A38EE278A82B0BD
:103CE000B0EE480A1DF052FB60EE287A04F5A26699
:103CF00017EE900AF4F7E8FA02460B46D6E90001FF
:103D0000F4F784F9B0EE480AC5E902011DF07EFB24
:103D100060EE287A04F5246617EE900AF4F7D4FAD8
:103D200002460B46D6E90001F4F770F91C4B93EDFF
:103D3000000AC5E9080110EE100A8DED010A04F62B
:103D4000E474F4F7C1FA22689DED010AAA64002325
:103D5000C5E90E0185F8643006F0ECF9D4ED006A8F
:103D60009FED107AC8EEA67A072067EE877AFCEE00
:103D7000E77A17EE901A01F59C510831FDF75EFEC7
:103D8000094B12221A7002B0BDEC028B70BD00BF4D
:103D9000A8110020DB0FC93F103800200000484365
:103DA0002811002000007A447F38002038B51C4BD1
:103DB00000241C6001F008FB1A4A1B4BD2ED137A59
:103DC0001A4AC3F8B04202F22C50FCEEE77A0460C3
:103DD00002F65C2017EE905A046002F21C50C3F801
:103DE000AC42046002F64C204FF47A71046003F593
:103DF000AD6002F67C72046003F2645001FB05F1D1
:103E0000046003F5026003F61C03046007201460DD
:103E10001C60FDF713FE064B08221A7038BD00BF68
:103E200000390020102E0020B83B0020A8110020EF
:103E30007F3800204A4B1B78012B00D07047494A3D
:103E4000D279D209FAD04849484AD1ED007A92EDA8
:103E5000007AB4EEE77AF1EE10FA03D5444B102263
:103E60001A707047434A92ED007AB4EEE77AF1EEA9
:103E700010FA28DC30B5404A127883B03AB3012AF0
:103E80001CD11BF0C5FC00282ED0364A3A4C937941
:103E900047F2305123F0080324209371FDF7CEFD43
:103EA000364B374AD3E9000103F5A663C2E90201A4
:103EB000D3E90001C2E908010023237011222C4B31
:103EC0001A7003B030BD2A4B0F221A7070472C486D
:103ED0000193FBF7E3FB1BF067FC28BB264B1B7829
:103EE000012BEBD10C22EAE7264C244D1BF080FD80
:103EF000A068F4F7E9F9D5E90023F4F787F8F4F7B7
:103F000013FD0346E068204C2360F4F7DDF905F566
:103F1000A663D3E90023F4F779F8F4F705FDA06070
:103F20001A48FBF7BBFBD9E71BF0D8FC0D4B134835
:103F30009A7990ED007B42F008029A71104B00F5DF
:103F4000A66C83ED027B9CED007B41F2883123203F
:103F500083ED087BFDF772FD074A019B1370C1E7F3
:103F6000758E0020AC7D002028110020400200202A
:103F70007F3800203C020020F0BD0020B816002051
:103F8000A82D002038BD0020DCBD00204802002004
:103F900010B5824BDA78910782B0C2F3400C03D49B
:103FA0007F4A1278052A42D059797E48DFF828C224
:103FB000002262F345115971D979027062F3C71179
:103FC000D971597878489CED000A62F386115970CE
:103FD000997862F300019970597862F3C7115970AA
:103FE000597A4FF0030C80F800C0704862F300016A
:103FF0005972027006F09EF86D4A00211160FAF7BE
:10400000C9FF664B1B78DB0904D16A4B0A221A7080
:1040100002B010BD684A694B02F5A66192ED007BC3
:10402000D1E9000183ED027BC3E90801EDE75F4CB4
:104030005C4894F800E00078BEF1C70F1FD95A4CD5
:1040400094F800E08645E3D093F802E06CF3000EAC
:1040500083F802E093F801E06CF3C71E83F801E0F7
:1040600093F807E001286CF3C71E83F807E053D0EC
:10407000022828D058B14C4B187002B010BD4A4BE2
:104080000EF1010E84F800E0187002B010BD5A79EC
:1040900060F345125A715A7A60F300025A72FAF7C5
:1040A00079FF454A3F49454B087892ED007B02F580
:1040B000A66183ED027B91ED007B83ED087B3D4B98
:1040C0000A221A70D7E793F800E05FEADE1ED2D02A
:1040D00098783B4901926CF382009870987881F847
:1040E00000C06CF341009870D87936496CF3C30076
:1040F000D87118786CF382001870FF200870FCF7F4
:1041000099F8284B2B491878244B019A0A709A7811
:1041100042F001029A70AEE75A7A6CF300025A72CA
:104120001A78D209A7D05A7852062DD55A78DFF8D6
:1041300088E0224942F080025A70234A92F800C077
:10414000DA786CF30002DA70204A92F9EAC21A793E
:10415000BCF1000FD4BF4FF0000C4FF0010C6CF31A
:1041600004121A719EED007B194B1A680EF5A663B6
:1041700081ED027B93ED007B164B1A600D4B002204
:1041800081ED087B1A7076E7134A92ED000A05F07C
:10419000D1FF044B1878014BC8E700BFAC7D00206D
:1041A000A87D00207C38002090000020F0370020FF
:1041B000003900207F380020B8160020A82D0020EC
:1041C0006D2C002088110020A011002030810020DB
:1041D000ECBC0020043900202811002030B5994C97
:1041E0006378DB0983B019D1A37813F0010315D1EB
:1041F000227A63F3C7122272237ADB0928D1237A49
:10420000C3F3C011DB0914D0637A23F02003637277
:10421000E37923F00803E37103B030BD8A4B1B78C8
:104220000A2B13D0E378C3F3400383F00103DBB21E
:10423000DEE7DFF858C2627A84488CF800108449BF
:104240000068086063F300026272DDE70023CFE7D5
:10425000FCF726FE0028D2D1FFF75AFCE3791907B4
:10426000D2D5FBF7CFFC784B1B78132B20D8DFE897
:1042700013F082011F006101370114000F013400A7
:104280003400980168001F00C30025001F001F00B4
:10429000970085002500A90082006E4B93F86430DA
:1042A000022B00F0DD816C496C4A00230B70137205
:1042B0000022A37862F3C303A370A5E7FFF7BAFD5A
:1042C000614B1B78072BF3D1624B93F86420A2F16A
:1042D0000102B2FA82F25209EBE7FCF743F95D48BA
:1042E000FBF7DCF95B4890F86430002B00F0D681D6
:1042F000012B40F0CF815A4BD0ED157A93ED000A97
:10430000D0ED140A30EE670A1CF032FFDFED557A6B
:1043100037EEC07AB5EEC07AF1EE10FA00F1EB811B
:10432000B4EEE77AF1EE10FAD8BFF0EE477A4E4BD2
:10433000C3ED007A0720FDF7D7FBE0B9424B1B78AD
:10434000C0E7FCF70FF94348FBF7A8F9444BD3ED5E
:10435000007AB1EE047AF4EEC77AF1EE10FA0ADCD4
:1043600017EE900AF3F7B0FF3A4BD3E90E23F4F7B8
:1043700089FA0028E2D0FBF747FFDFE7384A3B4BDA
:1043800092ED007AD3ED007AB4EEE77AF1EE10FA0E
:104390008ED5374A002111602B4A1123137087E70D
:1043A0003448FBF77BF92E4A334B92ED007AD3ED7C
:1043B000007AB4EEE77AF1EE10FABFDD224A11235B
:1043C000137075E72D48FBF769F963795A0600F118
:1043D0004C8163792A4A00211170C3F380125B0675
:1043E00040F16A81274A13780133DBB2022B137044
:1043F000C1D9FFF73BFCA1E7FCF7B4F81548FBF780
:104400004DF963795D0619D4A3789807C3F3400288
:1044100000F1DF8007200192FDF766FB002800F025
:10442000D880174B019A1978002940F09081164ADC
:10443000127801218A42197000F0C680FFF740FC13
:104440007CE700BFAC7D00207F38002004390020CD
:1044500074210020102E0020FC21002010220020BA
:1044600028110020DB0FC93F0C390020400200203A
:10447000F8050020A82D002044020020103800205C
:10448000AB38002008380020758E00207E380020D0
:10449000FCF768F8FFF702FA23785D0740F1F78030
:1044A000AC48FBF7FBF8A378D80708D5AA4BD3EDA7
:1044B000007AF5EEC07AF1EE10FA00F30081A378ED
:1044C00059077FF53BAFA54B00221A70FAF73CFD68
:1044D00001460720FDF7B2FAA14A0B231370E7E665
:1044E000FCF740F89B48FBF7D9F89A4890F86430FD
:1044F000022B00F0B080FFF733F900283FF41EAF25
:104500009849974D002304222A700B600193FAF713
:1045100041FD9549019B0B60E37823F02003E37094
:1045200001F0B8FD91492B780020087090490422D1
:104530000A70C7E68748FBF7B1F82378DA077FF5FA
:10454000FDAEA378DB067FF5F9AE0720FDF7CCFAC8
:1045500000283FF4F3AE874B1B78012B3FF4EEAEFF
:10456000E3788549002262F38613E3707C4B0A707E
:1045700003221A709CE67F4B1B78012B66D0637870
:10458000DA0656D52379DB0640F1AF80FAF7C4FC92
:1045900001460720FDF752FAFBF736FE704B1B78F9
:1045A00090E60720FDF7A0FA00283FF4C7AE694B5C
:1045B000D3E90E01F4F7B8F900EE100A05F0BAFDE0
:1045C000674A0923137073E642F210710720FDF762
:1045D00035FAFFF763F9A37899077FF5AFAE5D4B26
:1045E000D3ED137AFCEEE77A4FF47A7217EE901A55
:1045F00002FB01F5614A5949127800200870002A2F
:1046000040F0A08093F86420022A00F09280062AED
:1046100000F08980002A71D007232946504D0720D9
:104620002B70FDF70BFA22782B7822F0040222700F
:1046300048E6534B534AD3E9000103F5A663C2E9A8
:104640000201D3E90001C2E9080131E6E379DB099F
:104650007FF4B4AE93E7FFF783F800283FF46EAE23
:10466000FFF7A4FB3E4B1B782CE60720FDF73CFA36
:1046700000283FF463AE444B93ED007AD3ED067A05
:10468000B4EEE77AF1EE10FA7FF558AEA1E6FBF74B
:10469000F3FD05E73D4B00221A604BE60720FDF7CE
:1046A00023FA00283FF446AE394B1B78002B7FF4E9
:1046B00041AE384A13723DE6374B1A705BE6FDF7A0
:1046C0004DF9364A13689842FFF4F9AEFDF746F902
:1046D000324A00F59C5008301060FEF797FF002822
:1046E0007FF4EDAEFFF754F9E9E62648FAF7D6FF76
:1046F0001B4B1B78E6E5DFED2A7A18E6D3ED137A3B
:10470000F5EEC07AF1EE10FA86DD22480268AA4280
:1047100082D21F4A1278002A7FF47EAFD3E91712A3
:10472000FBF72CFD78E74FF4FA7004F0CDFD02237F
:1047300073E7E3781049002262F38613E3700A708E
:1047400003236AE7C82004F0BFFD024B5AE71A7042
:1047500074E600BF102E002050210020AB3800204E
:104760007F38002000390020E83800207E38002003
:10477000A87D0020758E00207D380020728E0020DC
:10478000B8160020A82D00206C2100200C39002034
:10479000FC210020102200200838002004380020CE
:1047A00000000000084B00EBC00213F8223043B1B8
:1047B000064B33F810309BB200EE103ABBEECA0A3B
:1047C00070479FED030A70473C770308803800204C
:1047D000000000001448154B417810B521F040014D
:1047E000134C41700022134913482260DA639A6126
:1047F000C3F8F422C3F8D02203F2AC5C0F4C0A6079
:1048000003F5B16300211A60CCF8002001808170AB
:104810002170FAF7BFFB0A4B0A480B4A1B6803607A
:1048200040F8183C136010BDAC7D0020B83B002060
:10483000E838002000390020A8380020AB380020DC
:10484000ECBC002064210020043900202D4A92F89D
:104850003230022B2C4B02D99979C90630D4012071
:104860009A79C2F3C001120723D4284A12780C2A7D
:1048700011D00F2A0FD0DFF8B0C0254A9CED007A86
:10488000F6EE087A67EEC77A92ED007AF4EEC77A10
:10489000F1EE10FA28DA5A7961F386125A711A7A0F
:1048A000910708D55B795B0616D51A4B01221A7061
:1048B00070470021EFE7174BC2F340021A707047B0
:1048C00092ED237ADFED147AB4EEE77AF1EE10FA86
:1048D0004CBF01200020C3E7104B1A780D4B003A63
:1048E00018BF01221A7070470D4ADFED0E7A92ED63
:1048F000007AB4EEE77AF1EE10FA00F00101D8BFC9
:104900000021C8E748A80020AC7D00207F380020A7
:1049100000390020AC380020CDCC4CBEAB38002094
:1049200024800020CDCC4C3E9400002010B5FCF734
:10493000B7FA38B9274BDA78910704D5264A274BBE
:1049400012681A6010BD5A7AD20710D41A7AD209A6
:10495000F4D0234A1278002AF0D0082A11D0042A71
:104960000FD0204A1D4BD2F8E0221A6010BD5A78B1
:104970001C481A49D0F8E002086042F040025A7020
:1049800010BD5878184A154C20F04000002158708E
:10499000164B21601648D1639161C2F8F412C2F837
:1049A000D01202F2AC5C134C196002F5B162002324
:1049B00011602370CCF8001003808370FAF7EAFAD4
:1049C0000D4A0E4B12680E4943F818290A601A6006
:1049D00010BD00BFAC7D00203C300020E838002036
:1049E0007F38002030810020B83B002000390020B3
:1049F000A8380020AB380020ECBC00206421002047
:104A000004390020354B1B78052B00D07047344B00
:104A1000DB781B07FAD4334BD3ED007AF5EEC07A7E
:104A2000F1EE10FA4FD4B7EE007AF4EEC77AF1EE59
:104A300010FAEBD52C4B93ED007AB5EEC07AF1EE7F
:104A400010FA48D4B0EE476A284BDFED296AD3ED5F
:104A5000007A67EEA67AF4EEC67AF1EE10FAD5DDAA
:104A6000DFED247A244A20EE270AD2F8E032F1EE74
:104A7000407AB4EEE77AF1EE10FA08D4B4EEC07AD8
:104A8000F1EE10FAD4BFF0EE477AF0EE407A07EE7E
:104A9000103A37EE277ADFED197AB4EEE77AF1EEC5
:104AA00010FA08D4DFED167AB4EEE77AF1EE10FAD8
:104AB000D8BFF0EE477A17EE903A1249C2F8E032CA
:104AC00001200870A2E7BFEE007AF4EEC77AF1EE9B
:104AD00010FA9BDDAEE7B1EE476AB5E7A87D00208E
:104AE000AC7D0020248000200039002094000020AC
:104AF0006666663F0AD7A33C30810020CDCC4C3E91
:104B0000CDCC4C3F288100204D4B4E4A93ED097A85
:104B1000D2ED006AD3ED0C7A93ED0D6AD3ED0E5A07
:104B200037EE667A67EE276AD3ED0B7A83ED0A7A61
:104B3000A6EE806AF1EE656A67EE277AB4EEE66A61
:104B4000F1EE10FAC3ED117A08D4B4EEE56AF1EE95
:104B500010FAD4BFF0EE466AF0EE656A3A4AC3ED49
:104B60000D6A92ED006AC3ED126A77EEA67AB1EE95
:104B7000467AF4EEC77AF1EE10FA08D4F4EEC67A6B
:104B8000F1EE10FAD4BFB0EE677AB0EE467A2F4A53
:104B90002F4992F8323081ED007A022B2D4B02D949
:104BA0009979C90629D401209A79C2F3C001120764
:104BB0001CD4294A12780C2A0AD00F2A08D0F6EE03
:104BC000087A67EEC67AB4EEE77AF1EE10FA28D9E1
:104BD0005A7961F386125A711A7A910708D55B796E
:104BE0005B0616D51D4B01221A7070470021EFE7B6
:104BF0001A4BC2F340021A707047D2ED236ADFED00
:104C0000187AF4EEE76AF1EE10FA4CBF01200020AA
:104C1000CAE7144B1A78114B003A18BF01221A70D8
:104C20007047114ADFED117A92ED007AB4EEE77A1F
:104C3000F1EE10FA00F00101D8BF0021C8E700BF73
:104C400010390020288000209400002048A800206F
:104C500000390020AC7D00207F380020AC380020D7
:104C6000CDCC4CBEAB38002024800020CDCC4C3EB7
:104C7000644B654A93ED004AD2ED005AD3ED037AB6
:104C8000D3ED046A93ED055A34EE656A26EE277A71
:104C9000D3ED027A83ED016AE7EE006AB1EE457A60
:104CA00066EE277AF4EEC76AF1EE10FAC3ED077AE2
:104CB00008D4F4EEC56AF1EE10FAD4BFB0EE667A0D
:104CC000B0EE457A514A524812785249D0ED004A26
:104CD000D1ED006A83ED047A012A77EE877A83EDBD
:104CE000087AB1EE645A7BD093ED106AB1EE467A41
:104CF000B4EEE77AF1EE10FA65DD474A83ED097A02
:104D000075EEC45AD2ED007AF4EEE75AF1EE10FADD
:104D100010D8424AD2ED007AF4EEC77AF1EE10FADA
:104D20006CDCB4EEC67AF1EE10FAC8BFB0EE467A8B
:104D300083ED097A3A4AD2ED007A67EE277AF5EEEA
:104D4000C07AF1EE10FA48D4D3ED0D5A93ED0C6A07
:104D500093ED0E4AD3ED0B7A82ED007A77EE666A18
:104D600026EE866A66EEA77AE6EE005AB1EE446A4F
:104D7000F4EEC65AF1EE10FAC3ED0A6AC3ED117AE9
:104D800008D4F4EEC45AF1EE10FAD4BFB0EE656A5E
:104D9000B0EE446A77EE867A83ED0D6AF4EEC57A5A
:104DA000F1EE10FA83ED126A08D4F4EEE47AF1EE33
:104DB00010FAD4BFB0EE675AB0EE645A194B83EDC7
:104DC000005AFFF743BDF4EEC67AF1EE10FAD4BFF5
:104DD000B0EE677AB0EE467A8FE7DFED135AB5E7AB
:104DE00093EDA97AE7EE667AF4EEC57AF1EE10FA61
:104DF000DBD50C4B83ED005AFFF728BDB0EE677A88
:104E000096E700BF1039002028110020758E002081
:104E100094000020FC2F0020F4380020B838002037
:104E2000A4380020003900200000000008B52DED56
:104E3000028BB0EE408AFEF731FD344B1B785B07E6
:104E400021D4334B1B7853B1324B334A93ED007A64
:104E5000D2ED007AB4EEE77AF1EE10FA19D4B0EEA2
:104E6000480AFFF705FF2D4B2D4A93ED000AD2EDBE
:104E7000000AB0EE481AF5F735FF284B83ED000A1B
:104E8000BDEC028B08BD234B234A93ED007AD2ED93
:104E9000007AD3ED066A234B77EEC77AD3ED000A8A
:104EA00077EEE67A87EEA67A67EE207AF5EEC07A9C
:104EB000F1EE10FA27D4F4EEE07AF1EE10FAD8BF52
:104EC000F0EE670A154B9FED181A93ED000AF0EE0D
:104ED000481AF5F7EFFE114BB5EEC00AF1EE10FAE5
:104EE00083ED000ACCDD114B114A93ED000AD2ED9F
:104EF000000AB0EE481AF5F7F5FEBDEC028B0B4B3D
:104F000083ED000A08BDDFED0B0ADBE7AC7D002076
:104F1000AB3800201039002028110020F8050020AF
:104F2000C4380020BC380020CCCC4C3E00390020D6
:104F3000B43800200000000010B52DED028B7B4C32
:104F4000637ADB0782B0B0EE408A00F19680E379A5
:104F5000DB0966D0237ADB0963D0754B1B780F2BF6
:104F600000F0D780734A744BD2ED007A93ED007A4B
:104F700077EEC77AF5EEC07AF1EE10FA01D5F1EED0
:104F8000677A6E4A6E4BD2ED066AD3ED000A87EE61
:104F9000A67A67EE207AF5EEC07AF1EE10FA00F10B
:104FA000B580F4EEE07AF1EE10FAD8BFF0EE670AC1
:104FB000644B9FED651A93ED000AF0EE481AF5F781
:104FC00079FE604B614883ED000AF0EE407A604B59
:104FD000F5EEC07AF1EE10FA93ED000A0ADDD0ED9D
:104FE000000A0190B0EE481AF5F77CFE584B019884
:104FF00083ED000A6378574AD0ED000A002161F37F
:105000008613B0EE481A63701170F5F76BFE504BC3
:1050100083ED000A237ADB0938D002B0BDEC028BA5
:1050200010BD237ADB0963785DD1580602D5637819
:10503000990662D53F4B93ED000A05F07BF8464B8D
:105040001B78002B57D1454BD3ED007AF5EEC07A93
:10505000F1EE10FA01D5F1EE677AB7EE007AF4EED0
:10506000C77AF1EE10FACCBF0122002282F00102D1
:10507000637862F38613637005E0637843F040035E
:105080006370FFF7D3FE237ADB09C6D1637ADA07B0
:10509000C3D4A37A9B07C0D4314B9FED327AD3EDB2
:1050A000007AF4EEC77AF1EE10FA06D49FED2E7A6C
:1050B000F4EEC77AF1EE10FAAFDD244A6378D2ED50
:1050C000000A234AF2EE047A92ED000A23F040032C
:1050D00060EEA70AB0EE481A6370F5F703FE1C4AAB
:1050E00082ED000A99E743F04003B0EE480A63708E
:1050F000FFF79CFEC7E70122BAE7B0EE480AFFF7C8
:1051000081FCB0EE480AFFF791FEBCE7DFED170A1D
:105110004EE76378094A0B4943F04003002063706F
:10512000136C08605362FFF7EFFCACE7AC7D002026
:105130007F38002028110020400200201039002074
:10514000BC380020F8050020CCCC4C3EB438002000
:1051500000390020AC380020B9060020248000204F
:105160003C300020CDCC4C3ECDCC4C3F000000006C
:1051700010B52DED028B834B5A79C2F3C004120790
:1051800002D4BDEC028B10BD5A797F4822F0080290
:105190005A71FCF7F3FB7D4A7A4B11780129B0EE86
:1051A000408A00F0C7801A78D20744D5FBF778FE12
:1051B0000028E6D1734B5A7AD10776D41A7AD209ED
:1051C00073D15A78520603D55A78930640F1CD80B0
:1051D0006F4A92ED000A04F0ADFF6E4A694B1278F7
:1051E000A2B96D4AD2ED007AF5EEC07AF1EE10FA6E
:1051F00001D5F1EE677AB7EE007AF4EEC77AF1EEF8
:1052000010FACCBF0122002282F001045A786349CF
:1052100064F386125A705A78540607D50A782AB968
:105220005F480022026142635E4802605A78C2F31E
:1052300080120A704AE05C495C4A91ED007AD2ED36
:10524000007A53491A7891ED000AB4EEE77AF1EE4C
:1052500010FA4CBF0120002060F382021A7004F0A3
:1052600069FF53494F4AD1ED000A92ED000AB0EEB2
:10527000481AF5F737FD4F494F484A4AD0ED000A22
:10528000F0EE407AB0EE481A91ED000AC2ED007AD5
:10529000F5F728FD3B4B47495A7881ED000ABDECF4
:1052A000028B22F040025A7010BD3C495A780878AF
:1052B0004FF0010C42F0400281F800C05A70002803
:1052C0004CD0B0EE480AFFF7D3FC2E4B1A7AD20925
:1052D0007FF457AF5A7AD0073FF553AF9A7A9107C8
:1052E0003FF54FAF354A9FED367AD2ED007AF4EEB6
:1052F000C77AF1EE10FA07D49FED327AF4EEC77A4E
:10530000F1EE10FA7FF73DAF29495A78D1ED000A46
:105310002449F2EE047A91ED000A22F0400260EE98
:10532000A70AB0EE481A5A70F5F7DCFC1D4981ED6A
:10533000000A26E71AF0ECFB124B1978C8077FF534
:105340007AAF124A1278012A7FF430AFB0EE480AE1
:10535000BDEC028BBDE81040FFF7EEBD10491148CF
:1053600000220A614A630260ABE7B0EE480AFFF729
:1053700049FBB0EE480AFFF77BFC084A014B0121CC
:105380001170A3E7AC7D002098380020758E0020B6
:1053900028110020B906002024800020A038002019
:1053A000103900200039002028800020B838002063
:1053B000B4380020F8050020C43800203C3000201C
:1053C000CDCC4C3ECDCC4C3F094B0A49002203F2D8
:1053D000AC5CDA639A61C3F8F422C3F8D02203F517
:1053E000B1630020CCF800201A60088088707047F4
:1053F000B83B0020A838002070B5514C4FF42E73F4
:1054000003FB0043D3ED126A93ED0B7A2DED028B73
:10541000F1EE667AB4EEE77AF1EE10FA82B0064663
:10542000F0EE400A08D4B4EEE67AF1EE10FAD4BFFA
:10543000F0EE477AF0EE667A424A02EB860292ED8F
:10544000007A4FF42E7303FB064337EEC70AD3ED01
:105450000D7A83ED0C0A67EE807AF5EEC00AF1EE64
:1054600010FAC3ED137A65DDF7EE007A87EEA08AB5
:1054700035494FF42E7506FB05F5097805F5BC7224
:1054800005F1640322442344002940D01846CDEDA1
:10549000010A0092F5F79CFA20EE080A2544DDED9A
:1054A000010A009885ED170AF5F7FEFA4FF42E73FE
:1054B00003FB064393ED117AD3ED137A234A83ED70
:1054C000170A20EE077A92ED006A83ED157A77EEDF
:1054D000277AFFEE006A67EE867AF4EEE67AF1EE5E
:1054E00010FA2AD4B7EE007AF4EEC77AF1EE10FA89
:1054F000C8BFF0EE477AF1EE677A4FF42E7303FBE4
:105500000644C4EDAD7A02B0BDEC028B70BD10460E
:1055100025440093F5F7C8FAD5ED167A85ED160AFD
:1055200070EE677A009827EE880A85ED170AF5F77E
:10553000F5F9BBE79FED068A9AE7F7EE007ADCE71C
:10554000B83B00204C7D0020F05C03087000002078
:105550000000000030B5494B93ED077AD3ED007A97
:105560002DED028BF0EE400AB1EE470AF4EEC07A60
:10557000F1EE10FA83B008D4F4EEC77AF1EE10FA27
:10558000D4BFB0EE670AB0EE470A3D4A3D4BD2EDBC
:10559000027A30EE670A03F11C04A3EC010AD3ED92
:1055A000007AF5EEC00A67EE807AF1EE10FAC4EDEB
:1055B000007A5CDDF7EE007A87EEA08A324B1B782A
:1055C000002B3CD03148314DCDED010AF5F700FA02
:1055D00020EE080ADDED010A05ED020A05F58A70E4
:1055E000F5F762FAA5F10803294AD4ED007A92EDA5
:1055F000007A284983ED000A20EE077A91ED006ACF
:1056000082ED047A77EE277AFFEE006A67EE867AFB
:10561000F4EEE67AF1EE10FA2CD4B7EE007AF4EE5E
:10562000C77AF1EE10FAC8BFF0EE477AF1EE677A6A
:10563000194BC3ED007A03B0BDEC028B30BD1748A7
:10564000F5F732FA1648D0ED007A80ED000A70EED8
:10565000677A034667EE887A04330C30B0EE670A47
:10566000C3ED007A0193F5F759F9019BBCE79FED73
:105670000D8AA3E7F7EE007ADAE700BF5441002075
:105680004C7D002058410020F05C03088C41002034
:105690006C41002070000020DC430020A04200206C
:1056A000804100200000000030B5384C384B4FF4EA
:1056B0002E7505FB004583B0D3ED000A95ED000A79
:1056C0000190F5F7DFFA334B019895ED0D6A03EB86
:1056D0008003D3ED007AB5EEC00AF1EE677AF1EE01
:1056E00010FAC5ED0C7A67EE867A45D4B0EE405AD2
:1056F000294BD3ED005AC5EE256AB7EE007A77EE56
:10570000666AF5EEC06AF1EE10FA3BD4F4EEC76AB1
:10571000F1EE10FAD8BFB0EE667A4FF42E7303FBA9
:105720000043D3ED126A1D4A67EE877A20EE260AFF
:10573000B0EE677AA6EE007A92ED006AC3ED137AB6
:1057400067EE067AFFEE006AF4EEE67AF1EE10FA02
:1057500015D4B7EE007AF4EEC77AF1EE10FAC8BFAE
:10576000F0EE477AF1EE677A4FF42E7303FB0044B4
:10577000C4EDAD7A03B030BDB1EE405AB8E7F7EEF4
:10578000007AF1E79FED067AC7E700BFB83B00203B
:10579000EC3800204C7D0020F03800207000002004
:1057A000000000002DE9F04FC14E2DED028B336853
:1057B000022B93B0B0EE408A00F05581DFF83093B1
:1057C000BC4C09F5AE68CA464D46D4ED000A95EDCD
:1057D000000AF5F757FAD5ED086A95EDAB7AA0EE19
:1057E000267AF1EE667AB4EEE77AF1EE10FA40F13D
:1057F000FF80C5ED027A05F52E754545E5D1AE4D24
:105800002B78012B00F01582AC4FFB79D80700F103
:10581000CA80AB4B93ED000AAA4BD3ED028AF9F78D
:105820000FFC0DF1180B38EE801AA74BDAED020AC7
:105830009AEDB00A83ED001A5846F7F77FFA0DF19A
:10584000380A2B78012B08D0B0EE480A0AA8FBF7DB
:105850002FFB0090002840F0E78159465046F7F7AB
:10586000FBF900230093DDED118A0F9ACDED058A37
:10587000FB790492D907109A039240F1AA812B7800
:105880003268012B14BF4FF0020A4FF0010A012ABF
:1058900000F03081012B8D4A0DF10C0B4FF000060A
:1058A00017D0DBED007A77EEA77AF5EEC07AF1EE4D
:1058B00010FA00F1FA80012392F90010002900F09B
:1058C000B680994200F0B380DFED817A1370C9EDA4
:1058D000067A022E30D0DBED007A99ED046A99ED5C
:1058E000067AD9ED126A77EEA77AA7EE867AF1EEFC
:1058F000667AF4EEC77AF1EE10FA73DCB4EEE67A6B
:10590000F1EE10FAD8BFF0EE476A0192B0EE480A05
:10591000C9ED0B6A30460136FFF76EFDB2453DD347
:105920002B78019A012B09F52E7902F101020BF176
:10593000040BB6D1022ECED1FB79DB0703D5009B39
:10594000002B00F0E081634B634AD3ED007A93EDC6
:10595000027A624BD2ED006A78EEA88AA8EEA77AA6
:10596000D3ED007AF4EEE76AF1EE10FAD8BFF0EE6C
:10597000667AF1EE676AF4EEC76AF1EE10FA00F3A8
:105980004681B4EEE77AF1EE10FAD8BFF0EE477A2E
:1059900043ED077AB0EE480AFFF7DCFD13B0BDEC2B
:1059A000028BBDE8F08F4E4BDAED020A1B680A93BA
:1059B0004C4B9AEDB00A1B680B934B4B9FED441A6E
:1059C0001B680C93494B0DF1380A1B680D93504628
:1059D0000DF1180BF7F7B2F952460AA95846F7F736
:1059E000D1F82EE70192B0EE480AC9ED0B7A91E7A3
:1059F000D4ED000A95ED000AF5F744F9D5ED087AE3
:105A000095EDAB7AA0EE277AF4EEC77AF1EE10FAB4
:105A10003FF5EFAED4ED000A95ED000AF5F732F947
:105A2000D5EDAB7A95ED087AE0EE077AE1E6D9EDAF
:105A3000056A99ED067A67EEA67AD9ED076AA8EEAF
:105A4000277AF1EE667AB4EEE77AF1EE10FA3FF5D6
:105A50003DAFB4EEE67AF1EE10FAD4BFF0EE477A3D
:105A6000F0EE667A32E7144B1C78012C00F0F180DE
:105A70001F4D104C002695ED000AD4ED000AF5F7F5
:105A800001F9D5ED127AB0EE407A67EE877A022EF0
:105A9000C5ED0B7AB0EE480A304605F52E7500F0DC
:105AA000BC80FFF7A9FC0136E5E74FF0FF3303E7C1
:105AB00008390020EC380020758E0020AC7D0020D5
:105AC00004390020347D002030410020A838002017
:105AD0000000000038410020982100207041002083
:105AE000E00F0020DC0F0020D80F0020D40F002092
:105AF000B83B0020964B93ED006A964BD3ED006ABD
:105B0000C6EE267AB7EE007A77EE677AF5EEC07ABF
:105B1000F1EE10FA7ED4F4EEC77AF1EE10FAD8BFA7
:105B2000B0EE677A8C4E009B86ED007A002B00F079
:105B30009B804FF0000B0DF10C080025D8ED007A8A
:105B400099ED046A99ED127AC9F818B077EEA77A40
:105B5000F1EE478A67EE867A022DF4EEE78A08BFF7
:105B6000FB79D6ED006AF1EE10FA08DCF4EEC77AA4
:105B7000F1EE10FAD4BFF0EE678AF0EE478AD4ED6A
:105B8000000A99ED000ACDED006AF5F77BF8D6ED35
:105B9000007A99ED127AF7EE006A76EEE77A20EE57
:105BA000077ADDED006A67EE877A022DE6EEA87AC5
:105BB00008F10408B0EE480AC9ED0B7A3FF4EAAEEA
:105BC00028460135FFF718FCAA4509F52E79B5D20C
:105BD000E4E6F6F76DF8B5EEC00AF1EE10FA0CD473
:105BE0005E4B9FED5F7AD3ED007AF0EEE77AF4EE4C
:105BF000C77AF1EE10FA7FF742AEDFED5A7A5A4BD0
:105C0000CDED057AF0EE678AC3ED007A37E643ED15
:105C1000076ABFE69FED537A84E713B0BDEC028BB1
:105C2000BDE8F04FFFF796BC0AA95046F7F714F805
:105C300019E64A4BDAED020A9AEDB00A93ED021A20
:105C40004A4F0DF1180B5846F7F778F80DF1380A5E
:105C5000F7E50020FFF728FD204613B0BDEC028BCE
:105C6000BDE8F04FFFF720BD1D460DF10C0BDFED39
:105C70003D7A022DC9ED067A53D0DBED007A99ED1D
:105C8000046A99ED127AD6ED006A77EEA77AF1EE02
:105C9000478A67EE867AF4EEE87AF1EE10FA08D4D5
:105CA000F4EEC77AF1EE10FAD4BFF0EE678AF0EEA8
:105CB000478AD4ED000A99ED000ACDED006AF4F7A9
:105CC000E1FFD9ED127A96ED007AF7EE006A60EE08
:105CD000277A36EEC77ADDED006A67EE877A022D05
:105CE000E6EEA87A0BF1040BB0EE480AC9ED0B7A88
:105CF0003FF450AE28460135FFF77EFB554509F5C8
:105D00002E79B4D94AE6D4ED000A98ED000AF4F7EA
:105D1000B9FF174BD3ED077A67EE807AC3ED007AAF
:105D200038E6FB79DA07A8D5D4ED000A98ED000A29
:105D3000F4F7A8FF0E4BD3ED077AB0EE407A67EE8A
:105D4000877AB0EE480AC3ED007AFFF703FC25E638
:105D500020300020F03800209C000020347D0020FE
:105D6000508DA73F0000000040410020AC7D002086
:105D700054410020F0B52DED028B7D4C7D4D7E4FC2
:105D800083B0B0EE408AF3F711F9F5F791FF94ED87
:105D9000B67AD4ED087AB4EEE77AF1EE10FAF0EEC6
:105DA000408A9FED760AD8BFF0EE477A27EE800A48
:105DB0001BF0ECFAF4EEC08A2B78F1EE10FACCBFAF
:105DC0000122002262F304132B7004F5AE66D4EDB9
:105DD000AC0A94EDAB0A97ED001AF0EE481AF4F70E
:105DE00069FF04F52E74A64204ED030AEFD1644C5A
:105DF0002378012B37D013F0FD0F08D0B0EE480AFE
:105E000003B0BDEC028BBDE8F040F7F7D7B8002B2C
:105E100070D05C4BB7EE000AD6ED007A83ED000A35
:105E2000F5EEC07AF1EE10FA00F18E80564AEB7969
:105E300092ED007AB4EEE77AF1EE10FA4CBF01224F
:105E4000002262F30003EB71EB79DE0713D54F4BB1
:105E50004F4918684F4B086000221A70B0EE480A8C
:105E6000FFF7A0FCCAE70220FFF71EFCB0EE480ACD
:105E7000FFF798FCC2E7484B1B78002BEED0AB78BD
:105E8000180708D42B78590705D4EB78DA0702D421
:105E9000EB795B06E2D5414A2378D2ED007A002BFC
:105EA00055D13C4B1A78002A55D03D4C94ED000A50
:105EB00037EEC00AF4F7BEFE97ED007A28EE077AB7
:105EC000F1EE477AB4EEE70AF1EE10FA08D4B4EE38
:105ED000C70AF1EE10FAD4BFF0EE407AF0EE477A3E
:105EE00094ED007A2A4B77EE877AC4ED007AC3ED01
:105EF000007AB3E72B4B1B78052B8AD1FAF7D0FF3A
:105F0000002886D1F5F7D4FEF7EE007A87EE807A86
:105F1000B4EEE77AF1EE10FA26D4DFED237AB4EE90
:105F2000E77AF1EE10FAD4BFF0EE470AF0EE670A16
:105F3000144B9FED1D1A93ED000A0193F0EE481AE1
:105F4000F4F7B8FE019B67E7F1EE677A6EE7104B56
:105F5000C3ED007A82E70D4A114C92ED000A01224E
:105F600084ED000A1A70A3E7F0EE670AE0E700BFCD
:105F7000B83B0020AC7D0020982100209A99593F21
:105F8000758E0020A0000020EC380020ECBC002022
:105F900004390020903800207F3800206421002040
:105FA0008C380020A87D002057429C3F03480449BC
:105FB000044A002303600B6013607047F80500205B
:105FC0004080002000390020084808B503781BB93C
:105FD000074B01221A7008BD064B0430197806F0F1
:105FE00045FA034B01221A7008BD00BFE47803088C
:105FF000E243002029740308094808B503781BB957
:10600000084B00221A7008BD074B1978B1FA81F1CC
:106010000430490906F02AFA024B00221A7008BD22
:10602000E4780308E2430020297403083422064B75
:1060300002FB00F01A5C02B97047044A0430117880
:10604000184406F013BA00BF147803082A74030832
:106050003422074B02FB00F01A5C02B97047054A74
:1060600011780430B1FA81F11844490906F0FEB9FB
:10607000147803082A7403083422054B02FB00F04D
:106080001A5C02B970470430184406F0F7B900BF33
:106090001478030810B5174C23784BB994F83430B2
:1060A0007BB994F86830ABB994F89C30DBB910BD7B
:1060B000114B201D197806F0D9F994F83430002BD3
:1060C000EFD00D4B0D48197806F0D0F994F86830F0
:1060D000002BE9D0084B0A48197806F0C7F994F864
:1060E0009C30002BE3D0044B06481978BDE81040E3
:1060F00006F0BCB9147803082A7403084C78030826
:1061000080780308B478030810B51D4C23784BB988
:1061100094F8343093B994F86830DBB994F89C3033
:1061200023BB10BD174B1978B1FA81F1201D490925
:1061300006F09CF994F83430002BECD0114B124847
:106140001978B1FA81F1490906F090F994F86830AC
:10615000002BE3D00B4B0D481978B1FA81F14909B6
:1061600006F084F994F89C30002BDAD0054B0848EF
:106170001978B1FA81F1BDE81040490906F076B905
:10618000147803082A7403084C78030880780308FD
:10619000B478030810B5504C82B02278034600282A
:1061A00030D002BB012B94F834200DD1002A65D1E8
:1061B00094F868308BB1494B49481978B1FA81F1AC
:1061C000490906F053F908E0002A40F08280022BCA
:1061D0004FD194F86830002B75D194F89C30002B87
:1061E00031D102B010BD3D4A00901178B1FA81F171
:1061F000201D490906F03AF9009B94F83420012B40
:10620000D4D0E1E7002A47D194F8342032BB94F887
:106210006820002AE1D0314A117831480093B1FA60
:1062200081F1490906F022F9009B032BD5D194F89E
:106230009C30002BD5D0294B2A48197802B0BDE8F4
:10624000104006F013B9254B26481978B1FA81F1B0
:10625000490902B0BDE8104006F008B91F4A009095
:106260001178B1FA81F104F13800490906F0FEF81D
:10627000009B94F86820002AD7D0CCE7174A1A4828
:1062800011780193009206F0F1F894F86810DDE9B6
:1062900000230029A1D0BFE7104A01901178009295
:1062A000201D06F0E3F894F83410DDE900230029FE
:1062B000DFD011780C480093B1FA81F1490906F05A
:1062C000D5F8009B83E7054B0548197806F0CEF812
:1062D00083E7024AEDE700BF147803082A74030835
:1062E00080780308B47803084C78030808B52E209A
:1062F000FBF7FAFB00B908BD4FF47A712E20FBF7CB
:106300009DFB164B164A1B883421D8B201FB00F0C6
:10631000115CA9B901339BB2032B88BF0023184637
:10632000342101FB00F00D490B80135C002BE2D0FF
:106330000C4B043019781044BDE8084006F096B8BC
:10634000084B19780430B1FA81F11044490906F07C
:106350008DF8024B024A1B88DCE700BFE0430020B7
:10636000147803082A7403082DE9F0415D4C27785E
:1063700082B0002F6ED194F83450002D45D194F89E
:106380006880B8F1000F4DD194F89C4074B9002F8B
:106390007ED1002D40F0968053480378002B2BD1FE
:1063A000524B00221A7002B0BDE8F081504E337893
:1063B00050480193B3FA83F1490906F057F8019B5D
:1063C000002F72D1002D57D1B8F1000F09D025460A
:1063D00031784948B1FA81F1490906F047F8002DB2
:1063E000DAD031784348B1FA81F1490906F03EF834
:1063F0003D480378002BD3D0404B1978B1FA81F196
:106400000430490906F032F8CAE7394E3C48317881
:10641000B1FA81F1490906F029F894F86880B8F1D9
:10642000000FB1D0324E344833780193B3FA83F180
:10643000490906F01BF894F89C40002CB7D1019B49
:106440008FB9002D47D1B3FA83F12B48490906F0E3
:106450000DF8A1E7264E3178B1FA81F1201D4909E6
:1064600006F004F887E7B3FA83F12648490905F0F6
:10647000FDFFC5B90025ABE7254631782048B1FAC4
:1064800081F1490905F0F2FFB8F1000FA7D09FE7AD
:10649000174E1C483178B1FA81F1490905F0E6FF41
:1064A000002D3FF479AF0025E7E7B3FA83F11548F3
:1064B000490905F0DBFF002DDED12546B8F1000FBC
:1064C0008DD085E70A4B0E481978B1FA81F1490958
:1064D00005F0CCFF60E7B3FA83F10948490905F0FC
:1064E000C5FFC7E714780308E4780308E2430020F7
:1064F0002A740308B4780308807803082974030811
:106500004C780308187803084FF0E022034B916998
:10651000034A19601368013313607047E843002091
:10652000EC430020704700BF2DE9F04F074689B0CB
:106530003E687C4B7C4C9D6ADA6A586B9B6B7B494E
:106540000290B0467E6820780192B146BE680393FF
:10655000B246FE68B3463E6904967E690596BE69FA
:106560000696FE6907960DF03BF920780DF02AF9A2
:1065700026786F4930460DF033F9294630460DF044
:106580005BF930460DF01EF926786A4930460DF069
:1065900027F9019930460DF04FF930460DF012F908
:1065A0002678654930460DF01BF9029930460DF00A
:1065B00043F930460DF006F92678604930460DF073
:1065C0000FF9039930460DF037F930460DF0FAF81F
:1065D00020780DF0F7F8002D77D125785849284616
:1065E0000DF0FEF8394628460DF026F928460DF044
:1065F000E9F82578534928460DF0F2F84146284637
:106600000DF01AF928460DF0DDF825784E49284698
:106610000DF0E6F8494628460DF00EF928460DF033
:10662000D1F82578494928460DF0DAF85146284630
:106630000DF002F928460DF0C5F8257844492846A2
:106640000DF0CEF8594628460DF0F6F828460DF024
:10665000B9F825783F4928460DF0C2F80499284634
:106660000DF0EAF828460DF0ADF825783A492846AD
:106670000DF0B6F8059928460DF0DEF828460DF025
:10668000A1F82578354928460DF0AAF8069928463C
:106690000DF0D2F828460DF095F8257830492846B7
:1066A0000DF09EF8079928460DF0C6F828460DF023
:1066B00089F820780DF086F841F28830FBF754F91C
:1066C00009B0BDE8F04F02F0A7BE207825490DF0D3
:1066D00087F82678244930460DF082F8290C304698
:1066E0000DF0AAF830460DF06DF826781F493046B7
:1066F0000DF076F8C5F3072130460DF09DF83046D1
:106700000DF060F826781A4930460DF069F8E9B2C4
:1067100030460DF091F830460DF054F820780DF029
:1067200051F85AE700ED00E034900020605D030866
:106730006C5D0308745D03087C5D0308845D0308D9
:10674000AC5D0308B45D0308BC5D0308C45D0308C9
:10675000CC5D0308D45D0308DC5D0308E45D030839
:10676000EC5D03088C5D0308945D03089C5D0308E1
:10677000A45D03081EF0040F0CBFEFF30880EFF3D5
:106780000980DFF80410084729650108704700BF39
:10679000704700BF704700BF704700BF704700BF21
:1067A000704700BF08B50848042119F093FE01287E
:1067B00000D008BD0020FFF75FFCBDE8084002489C
:1067C000042119F093BE00BF000401401F4B1B7849
:1067D00003B170471E4B5A8B10B54FF080401146E5
:1067E000144619F077FE0128194B00D010BD1B8B01
:1067F0000C2B08D8DFE803F0240707071E0707075C
:1068000018070707120000200021FBF709FC2146AA
:106810004FF08040BDE8104019F068BE4FF0804056
:1068200019F03CFE80B2EFE74FF0804019F034FEE3
:1068300080B2E9E74FF0804019F02CFE80B2E3E728
:106840004FF0804019F024FE80B2DDE78400002084
:10685000C07C030808B50748012119F03BFE00B9C8
:1068600008BD062000F0B2F9BDE80840014801214A
:1068700019F03CBE000C004008B50C490C4819F05A
:10688000BBFF00210A4819F085FF0A4A0A4B5288CB
:106890000A495A805A884B8812B21BB29A4200D1D8
:1068A00008BDBDE80840012000F0CEB800800028F7
:1068B000B86402406460002074600020846000209E
:1068C00008B50C490C4819F097FF00210A4819F047
:1068D00061FF0A4A0A4B92880A499A809A888B88F3
:1068E00012B21BB29A4200D108BDBDE80840022096
:1068F00000F0AAB800802020A06002406460002060
:10690000746000208460002008B50C490C4819F020
:1069100073FF00210A4819F03DFF0A4A0A4BD2884A
:106920000A49DA80DA88CB8812B21BB29A4200D1C7
:1069300008BDBDE80840032000F086B800800018BC
:106940005860024064600020746000208460002071
:1069500008B50C490C4819F04FFF00210A4819F0FE
:1069600019FF0A4A0A4B12890A491A811A890B89A6
:1069700012B21BB29A4200D108BDBDE80840042003
:1069800000F062B820800020706002406460002047
:10699000746000208460002008B50C490C4819F090
:1069A0002BFF00210A4819F0F5FE0A4A0A4B5289CA
:1069B0000A495A815A894B8912B21BB29A4200D1B4
:1069C00008BDBDE80840052000F03EB80080002862
:1069D000B860024064600020746000208460002081
:1069E000012000F09BBA00BF022000F097BA00BF60
:1069F000032000F093BA00BF034B044A1B881380A6
:106A0000042000F08BBA00BF004C0040E44300209B
:106A1000052000F083BA00BF012004F065BB00BF71
:106A2000012004F0DBBB00BF022004F05DBB00BF0F
:106A3000022004F0D3BB00BF032004F055BB00BF0D
:106A4000032004F0CBBB00BF2049214A30B50446E7
:106A5000342000FB041132F81430886A1D49A50265
:106A600005FA83F30B441C4D83B0C36035F8141052
:106A700032F8143009B21BB2994214DD35F8141003
:106A800032F814300190C91A89B219F08DFE134BF7
:106A900035F81420019823F81420012103B0BDE833
:106AA000304019F077BE32F814100190C1F58061C2
:106AB00089B219F079FE094B01980022012123F8CF
:106AC000142003B0BDE8304019F064BED07503084F
:106AD00074600020946000208460002064600020C6
:106AE00000B583B0C8B10628034613D0144A342138
:106AF00001FB002292F82010B1B91249124A31F874
:106B0000130032F8133000B21BB2C01A18BF0120B4
:106B100003B000BD002003B000BD08F0EDFCB0FAEA
:106B200080F0400903B000BD0190106B19F03EFEEB
:106B3000044A019B0449C0F5806022F81300DEE797
:106B4000D07503083C4400202C44002000B583B0DD
:106B500000228DF8072040B30628034602D11046D4
:106B600003B000BD1549164831F81320DFF854C0B2
:106B700012B200EB8320805C31F813200132C2F3A3
:106B8000090221F813203CF8132031F81310DFF824
:106B900038C0521A3CF8131092B209B28A42C0B2FD
:106BA000DEDD2CF8132003B000BD0DF1070008F066
:106BB000ABFC9DF8070003B000BD00BF2C440020D3
:106BC0004C4400203C4400201444002008B5334BC2
:106BD0001A78002A4ED0324A1278092A4BD9314B02
:106BE000314933F8102031F8103012B21BB29A42FA
:106BF0004FD031F810302D4A1BB202EB80224FF0FB
:106C0000010CD35C31F810200132C2F3090221F8E3
:106C10001020274A6FEA530101F00101D843918007
:106C20006FEAD30100F0010001F0010150801181F1
:106C30006FEA93006FEA531100F0010001F00101C7
:106C4000D08091816FEA13106FEA9311DB0983F012
:106C5000010300F001001382114B508100201870D5
:106C600001F00101BDE80840A2F800C0D1815082C6
:106C700005F00CBF08BD0E49181D11F8121005F0E3
:106C8000F5FB074A137801331370BDE8084005F09F
:106C9000FDBEBDE8084005F0FFBE00BF8C7C0308C8
:106CA000A800002084600020746000209460002010
:106CB000F843002030B58E4C8E4D225C03460846CA
:106CC0002978424085B0E254002969D0002B6FD06A
:106CD000062B41D0884D894C35F8132034F8131019
:106CE0000132C2F3090209B2914200F0B380844933
:106CF000DFF81CE200934FF0340C0CFB031135F865
:106D000013C00EEB832E0FFA8CFC0EF80C0025F846
:106D1000132091F82020002A40F09080486801223A
:106D200040F2277119F038FE009B35F8132034F833
:106D30001310744C521A02F5806034F8131012B21A
:106D400000B232EA220228BF024609B2914201DAB9
:106D500024F8132005B030BD6B4B1B78002BF9D005
:106D6000654D664CAB89A2890133C3F3090312B2A6
:106D700093427CD0AA89DFF898C164490CFA82F268
:106D800002F5C0521070AB810B78092B75D85D4BA2
:106D9000AA89A2899A891204DCD500229A81D9E7AE
:106DA000CDE90003F2F77CFADDE90003002B8FD177
:106DB000534B1B78002BCDD04F4D504C2B88228845
:106DC0000133C3F3090312B29A424AD02A885049C8
:106DD00012B288542B802B8822881BB212B29A429E
:106DE00015D119E023884A4A1BB20DF10F00D35C7C
:106DF0008DF80F3008F0AEFB23880133C3F309038D
:106E000023802A88238812B21BB29A4204D007F04A
:106E100067F801210028E5D12B88228839489B1A80
:106E200003F5806102881BB209B233EA230328BF4D
:106E30000B4612B29A428DDA03808BE7886A19F00A
:106E4000B9FC009B00287FF470AF1846FFF7FCFDEB
:106E5000009B6AE72F49CA5C42F00102CA5405B0A0
:106E600030BD2C4A137843F00103137072E7294AAE
:106E7000937943F0010393716CE7A3890CFA83F3D0
:106E800003F5C0531B78A2890132C2F30902A28123
:106E9000D843214A00F0010050806FEA530000F00F
:106EA000010090806FEA930000F00100D0806FEA4B
:106EB000D30000F0010010816FEA131000F0010010
:106EC00050816FEA531000F0010090816FEA931037
:106ED000DB0983F001031382012300F0010013801A
:106EE0000023D08153820B7005F0D0FD4FE700BF27
:106EF000F0430020C2A000208460002074600020C5
:106F0000D0750308546000208C7C0308A800002082
:106F1000946000204C600020F843002038B5334BCB
:106F2000342202FB003304465D6840F225512846B6
:106F300019F04CFD012822D040F22771284619F0A3
:106F400045FD012800D038BD294A2A4B32F81410DB
:106F500033F8142009B212B291422CD133F8142024
:106F6000234B33F8143012B21BB29A42EBD12846AD
:106F70000022BDE8384040F2277119F00DBD2846C7
:106F800019F0FCFC1C4B1B5D002BD5D01B4B1B6868
:106F90009C42C0B222D01A4A1A4932F8143001EB8E
:106FA00084211BB2C85432F814300133C3F30903EF
:106FB00022F81430C0E733F81420134912B201EB61
:106FC00084212846895C19F0D5FC0A4B33F814203B
:106FD0000132C2F3090223F81420BFE70B4B9B795F
:106FE0005B07A9D5FBF75EFAA6E700BFD0750308DB
:106FF0008460002074600020244400203890002029
:107000003C4400204C44002094600020AC7D0020D3
:1070100010B5244CC8211D20FAF710FD94ED3C1B3F
:1070200094ED360BD4ED263A94ED1F3AD4ED3E2A7A
:1070300094ED382A17F058F8FAF7CCFB0B461A49AA
:10704000024609680D20C4E91023FAF7F7FC94ED15
:10705000247AF6EE007AB4EEE77AF1EE10FA1DDD4E
:10706000D4ED380A94ED3E0AC4ED277A1AF080F880
:1070700084ED250AF7F71AFE0C4BDA7942F002028A
:10708000DA71DA7942F00802DA719A7942F0100284
:107090009A711A7842F040021A7010BD044BC4F87D
:1070A0009C30E7E748A8002044A80020AC7D0020E1
:1070B0000000A0402DE9F047DFF830C12DED028B34
:1070C000BCE80F0094B008AC0FC4BCE80F000FC4BC
:1070D0009CE80F0084E80F00414B1B78052B08D07B
:1070E000DFED407AB0EE670A14B0BDEC028BBDE86C
:1070F000F0873D4B9FED3B8A93ED006B03F5A66255
:107100008DED046B92ED006B8DED066B08AC606944
:10711000F1F7DAF8D4E90023CDE90201DDE9040151
:10712000F0F772FF94ED047A27EE077A074677EEC0
:10713000077A884617EE900AF1F7C6F8D4E90223D9
:1071400005460E46DDE90601F0F75EFF3A46814648
:107150008A46434638464146F1F70EF92A463346F9
:10716000F1F734FA4A4607468846534648465146A0
:10717000F1F702F92A463346F1F728FA02460B46A0
:1071800038464146F0F742FF01F100430090019379
:107190009DED000B19F074FEDDE9020153EC102B9C
:1071A000F1F7EAF8054618EE100A0E46F1F78CF8EA
:1071B0000B46024631462846F0F728FFF1F7B4FBAC
:1071C000183407EE900A14ABA342B0EE678A9ED142
:1071D000B0EE670A14B0BDEC028BBDE8F08700BFCB
:1071E000A87D002000000000B81600200858030801
:1071F0002DE9F04F2DED0A8B1F4B204A1B78204DB7
:1072000012F90380542303FB085393ED01BA8BB0AA
:10721000F7EE007A1D20C7EE8B8AB0EE408AFAF7AF
:1072200063FC002840F07C86542303FB08F3EA1833
:1072300015F803A0BAF1010F00F0D883BAF1000FDE
:1072400030D0BAF1030F00F0F4860E4B9FED0EAA7A
:107250001B78DFF848B0DFF848908BED00AA052BCB
:1072600089ED00AA00F07086084F094C094E0A4DBE
:10727000F0EE4A9A44E100BFF500002030600308B8
:107280004C600308A87D002000000000AC7D0020B9
:1072900048A80020A47C0020C07C0020B47C0020F2
:1072A000BC7C0020EA4AEB4BD2ED007A93ED007AE9
:1072B000E94AEA4BD2ED006A67EE877A93ED007AED
:1072C000A7EEA67AB5EEC07AF1EE10FA00F1388694
:1072D000F7EE007AB4EEE77AF1EE10FAD8BFF0EEEE
:1072E000477A542303FB085393ED147ADC4ADFF802
:1072F000C893D2ED00AA93ED046AD9ED00BA38EE36
:10730000077A77EEEA7AC8EE076AF5EEC0BAE6EEDB
:10731000A7AA9FEDEC7AC2ED00AA2AEE869AF1EEBA
:1073200010FAB0EE49AAABEE47AAB0EE46CA00F199
:107330007C86F7EE007A6BEEAB6A9FEDCA7ACA4B99
:10734000DFF878B3C94ECA4C67EEE67A93ED001BBE
:10735000A7EE87AA03F5A66393ED000B2AEE28AAF1
:107360008BED00AAFFF7A6FE9FEDC27AD4F890201D
:1073700060EE079A5423EAEE089A03FB0853F2EEF4
:10738000085A79EEAB9AD3ED02BABB4BC9ED009A1D
:107390002BEEAB6AF7EE084A26EE0B6AB0EE045A03
:1073A00085EE86BAF5EE007ACBEE245ACBEE056A6E
:1073B00093EDAD7A96ED006AB04B6CEE277AB5EEA0
:1073C000C06A27EE877AF1EE10FA27EE2B7AF0EEFC
:1073D00066CA27EE257A1A6027EE2A7A00F12186FE
:1073E000B0EE005A66EE065AA54FA64DCDED007AD6
:1073F000A5EE857AA8EE476A86ED006A97ED000A49
:107400001AF004F8D5ED015ADDED007AF5EEC05A18
:10741000F1EE10FA29EE007A00F1E685B7EE006A87
:1074200065EEA54A9FED8F5A974B26EE646AA6EE4D
:10743000057A96ED016A27EE287AB5EEC06AE8EE85
:10744000075A93ED007AC5ED015A67EE877AF1EE9F
:1074500010FA67EEAB7A67EE8B7A67EEAA7A00F1E4
:10746000BF85F0EE005A26EE067A97ED010AE7EEA8
:10747000257AA8EE676A86ED016A19F0C7FFD5ED97
:10748000045AF5EEC05AF1EE10FA29EE007A00F136
:10749000A385F7EE007A25EEA56A9FED725A7B4B25
:1074A00067EEC67A9FED7A6AA7EE857A6CEE067A69
:1074B00027EE287A96ED026AE8EE075A93ED007AF5
:1074C000C5ED045A67EE877AB5EEC06A67EEAB7A0F
:1074D000F1EE10FA67EEAC7A67EEAA7A00F17885E1
:1074E000F0EE006A26EE067A6A4BE7EE267A1B7803
:1074F000052BA7EEC86A86ED026A00F02786664F64
:10750000DFF8BC81D8ED007AE8EE297ABEEE007A89
:10751000F4EEC77AF1EE10FAC8ED007A40F11D855D
:107520009FED5E7AF0EE479A89ED007AF0EE477AA9
:1075300088ED007ABAF1030F00F01585444BDFEDBA
:107540004D6A93ED007A454B93ED006A37EE067A6B
:10755000B4EEE67AF1EE10FA40F14A857B78DFED81
:107560004F7A4F4AC8ED007A23F080037B70BB78D6
:10757000C9ED007A23F00103BB703F4BCBED007ADD
:107580000A211170C3EDAD7A03F26C52BAF1010F0A
:1075900003F62403C6ED007AC6ED017AC6ED027A41
:1075A000C2ED007AC3ED007A00F0E7859FED3D0A59
:1075B000C5ED017AF0EE670AC5ED047A9FED377AE2
:1075C000F0EE477A84ED3E7A84ED387A364B3749CF
:1075D00093ED001A364B374DC3ED007AB1EE411AE8
:1075E000A1F11800F3F798FAF6EE007A68EE277A20
:1075F000D6ED024AD5ED023A96ED007A96ED015AA3
:1076000095ED003AD5ED012A95ED034A67EEA44ABF
:1076100027EE855A24EEA36A67EE877AA5EE036A01
:1076200063EEE75A62EEE46AE2EEC55AA7EEC46A78
:10763000E7EE836AE4EEC45A27EEA27A36EE226AB7
:10764000F0EE477AB0EE667A75EE835A3CE000BF02
:10765000E8380020A0000020A4000020003900200D
:10766000B07C0020C7FAD03DB8160020A47C0020D2
:1076700048A800200AD7233CB83B00201430002043
:10768000347D0020C07C002024410020DC43002009
:107690008FC2753CA87D0020AC7D0020000000005A
:1076A0007F38002000000080ECBC002040A90020B2
:1076B000947C0020AC000020BC7C0020B47C002026
:1076C000B87C00200AE81C41E4EE837AA5EE047A37
:1076D00026EE060A37EE237AA5EEA50AE5EE637AD2
:1076E000A7EE070A77EE847AC5ED005AA7EEA70A3F
:1076F00085ED016A85ED027AC5ED037AF3F7FAF9B3
:10770000D5ED037AD5ED005A95ED016A95ED027A33
:10771000DBED003A60EE255A20EE066A20EE077A8D
:1077200020EE270A25EE86AA25EE875A65EEA56A81
:1077300066EE06AA66EE009A67EE007A67EE070A22
:1077400039EEC54A7AEE274A25EE802AC5ED005A61
:1077500085ED027A66EE075A36EEEA7A68EE898A95
:1077600020EE001A34EE044A74EEA44A37EE603A72
:1077700085ED016A1FED2D6A94ED3E9A85ED030AB1
:10778000BAF1010F64EE282A64EEA81A73EE863A65
:1077900033EE013AD4ED388A05D196ED026AE6EE71
:1077A000492AE6EE281ADFF840A236EEAA6A77EEFA
:1077B000CA7A72EE256A37EE207A35EE295A36EE0D
:1077C000606A37EE417A77EEA77A75EEC25A76EEA6
:1077D000A66A36EE416A75EEA55A66EEA16A27EEF4
:1077E000217A35EE055A67EEA17AE6EE226AA5EE19
:1077F000A27AE5EE227AE4EE236AA4EEA37AE3EE1F
:10780000237AD8ED009A9FED706AF4EEC69AF1EEF5
:10781000666AB1EE477AF1EE677AF1EE10FACAEDD8
:10782000016A8AED007ACAED027A09DDF7EE007A84
:1078300078EE868A39EE679AC4ED388A84ED3E9AEE
:1078400068EE287A17EE900AF0F73EFDD4E9362369
:10785000F0F7DCFB68EE097AC4E93601CDE90001F6
:1078600017EE900AF0F730FD02460B46D4E93C01D2
:10787000F0F7CCFB28EEA87AD9ED007AC4ED218A86
:10788000A9EE097AC4E93C01F1EEC76AF1EE677A24
:107890009DED000BC4ED237AC4ED457AC4ED447A26
:1078A000C4ED246A84ED229AC4ED398A84ED3F9AAE
:1078B000C4ED129A15F01CF9D4E914232067C4F81A
:1078C000D000D4E93C01F0F781FE41EC100B15F03B
:1078D0000FF93E4B3E491B78D8ED004A606703EB39
:1078E000430201EB8202D2ED017AC4F8E800F4EE23
:1078F000E74AF1EE10FAC0F23E83D2ED027AF4EEDE
:10790000E74AF1EE10FA94BF01200020BA7860F344
:10791000C712BA70BA78D20905D103EB430301EB61
:107920008303D3ED024AD5ED015AD5ED007A95EDEA
:10793000025A95ED036A3A7A264B274C25EEA57A32
:1079400067EE856AA7EEA77A42F001023A7266EE08
:10795000677AA5EE457A214AE5EE857A0320E5EEC1
:10796000866AA6EE467A77EEA77A76EEA66A83ED69
:10797000007AC3ED017AC3ED026AC2ED004A3268B3
:10798000226072686260B268A260154BDAF800206B
:107990001A60DAF804205A60DAF808209A60FAF7D8
:1079A000B1F8002840F0E982F9F77AFA38B1D4ED5D
:1079B000007A9FED0C7A77EE877AC4ED007A0BB0EF
:1079C000BDEC0A8BBDE8F08F0000000040A600204F
:1079D00028880308E0BC00204C7D002044A600203D
:1079E000587D00200ADA643A987C0020E54FFB7845
:1079F0009807C3F3400240F19782E34B93ED009A5E
:107A0000FB789B071ED4E14BD3ED007AF5EEC07AEC
:107A1000F1EE10FA01D5F1EE677ADD4B93ED007AC5
:107A2000A7EE279AB5EEC09AF1EE10FA00F1A18305
:107A3000D84BD3ED007AB4EEE79AF1EE10FAC8BF56
:107A4000B0EE679AB5EEC09AF1EE10FA00F18283BB
:107A5000F7EE007AB4EEE79AF1EE10FACCBF01220D
:107A60000022F7EE007A002A18BFB0EE679ACA4BE0
:107A7000D3F8E03207EE903A79EE677ABFEE00AACB
:107A8000F4EECA7AF1EE10FA00F19682B7EE007ABF
:107A9000F4EEC77AF1EE10FAD4BFB0EE67AAB0EEFA
:107AA00047AA3AEE077A542303FB0853D3ED056A3D
:107AB000D3ED06BA93ED046A26EE877A29EE069A8C
:107AC000B4EEEB7AF1EE10FA0AD4D3ED077AB4EE05
:107AD000E77AF1EE10FAD4BFF0EE47BAF0EE67BAEB
:107AE000AE4BCDED036AC3ED00BAAD4BAD4CD3ED5B
:107AF000017ADFF8FC92CDED007AB0EE670A19F05A
:107B000045FCA94B99ED00BA93ED005AA74BDFF85D
:107B1000E4B2D3ED005A542606FB085696ED137ACC
:107B200096ED126A95EE257A94ED361BC7EE009A13
:107B300094ED3C0BE6EE0A9AC9ED009AFFF7BAFA0B
:107B4000DDED036A96ED0C7A994B9A4EDDED007AE5
:107B5000B7EE006AC6EE26AA79EE809A6AEEABAA64
:107B600039EECBBAD3EDAD6A96ED006AC9ED009A55
:107B70008BEE08AA6AEEAAAA27EE267AB5EEC06AAC
:107B8000F1EE10FA27EE2A7A8BED00AA00F11D82A1
:107B9000B0EE005A66EE065A874BD6ED016AA5EEA6
:107BA000857AF5EEC06AA8EE476AF1EE10FAB0EEFB
:107BB00046BA93ED006A4FF0540303FB085393ED6C
:107BC0000D7A27EE067A27EE2A7A00F1FB81F0EE95
:107BD000005A26EEA66AF5EEC0BAA6EE257AF1EEB8
:107BE00010FAE8EE476A40F3EA81744B93ED007AAD
:107BF000B1EE470AF4EEC07AF1EE10FA08D4F4EED2
:107C0000C77AF1EE10FAD4BFB0EE670AB0EE470AB9
:107C1000CDED006A19F034FC9FED696A694B96ED71
:107C2000027ADDED006A20EE060A93ED006AC0EEEE
:107C30002B5A542303FB085393ED0E5A77EE655AE3
:107C400026EE056AF5EEC05AF1EE10FA26EE2A6A23
:107C500000F18C82B0EE005A65EEE55AA5EE856A19
:107C6000A6EE087A542303FB0853D3ED0F5AB1EE66
:107C7000656AB4EEE66AF1EE10FA08DCF4EEE56A45
:107C8000F1EE10FAD4BFB0EE666AB0EE656A542326
:107C900003FB085386ED016A93ED106AF1EE466A24
:107CA000F4EECB6AF1EE10FA08DCB4EEC6BAF1EEEF
:107CB00010FAD4BFF0EE4B6AF0EE466A542303FB91
:107CC000085393ED116AC6ED006AF1EE466AF4EED0
:107CD000C76AF1EE10FA08DCB4EEC67AF1EE10FADB
:107CE000D4BFF0EE476AF0EE466A374B374D1B784B
:107CF000C6ED026AF1EE6B7A052BC5ED017A7FF4D1
:107D0000FFABDFF8F480324BDFED32AAD3ED00BADF
:107D1000DFED314A98ED004ACDED074A78EE2BBAF7
:107D2000B0EE6A0AABEEA40AC3ED00BA8DED084AC4
:107D300019F06CFB9FED296AF0EE407A9FED280A5E
:107D40008DED066AF6EE005AABEE860AB0EE6ABA20
:107D5000A7EEA5BACDED055A19F058FB9FED217A93
:107D6000DFED216A8DED047AF0EE407A9FED1F0A77
:107D7000CDED036AA7EEA6BAABEE870A19F046FB73
:107D80004AE000BFAC7D0020E8380020000600205B
:107D9000D4380020C8380020308100201430002062
:107DA000347D002048A80020F8050020B8380020C5
:107DB000B83B0020A47C002024410020902100201A
:107DC0000AE81C41DC430020A87D0020C07C002084
:107DD000E47C002000000000FF545640BB8CFF40B4
:107DE0009A99D93FC0308C41C3F5A83E666646409B
:107DF000BC7C0020B47C0020386503087B142E3E38
:107E00006666663F66662640CDCCCC3ECDCC0C4047
:107E1000CDCC4C3F3333F33F5FED087A9DED084AFC
:107E200096ED005ADDED074AD8ED013ACDED007A26
:107E3000A0EE27BA1FED0E0ACDED093A2BEE04BADB
:107E4000ABEEA40AA8EE0B5ACDED084A86ED005A17
:107E500019F0DCFADDED055A9DED066ACDED075A05
:107E6000B0EE6ABAA0EE25BA1FED1A0AABEE860A8A
:107E700019F0CCFADDED036A9DED047ACDED056ACB
:107E8000A0EE26BA1FED200AABEE870A19F0BEFA63
:107E9000DDED007ADDED093A96ED015ADDED084A97
:107EA00098ED024ACDED037AA0EE27BA1FED290A1C
:107EB0008DED004A2BEE23BAABEEA40AA8EE0B5AC6
:107EC00086ED015A19F0A2FA9DED066A1FED305AAF
:107ED000DDED075AABEE865AE0EE25AAB0EE450A74
:107EE00019F094FA9DED047A1FED366ADDED056A0E
:107EF000ABEE876AE0EE26AAB0EE460A19F086FAE3
:107F0000DDED037A9DED004AE0EE27AAD6ED027A78
:107F10006AEE84AAEAEE887AC6ED027AFFF7F0BA32
:107F2000FFF776F8FFF780B99D4B1B78002B00F028
:107F30001481FB789FED9B9A99073FF592AD62E51E
:107F4000DFED987AFFF7CDB9DFF88882964F974C2E
:107F5000974E984DF0EE4A9AD5E6F5EEC07AF1EEDE
:107F600010FA7FF6E7AA95ED010AD5ED040AB1EE05
:107F7000400AFFF72BBB0020C8E48F4D0320D5E952
:107F80001223F9F767FD9FED8D0AF2F7B5FB8C4BD5
:107F9000D3ED007A012030EE270A01F041FF05F110
:107FA000280085ED010AF9F7E9FCBB7985ED0C0A9B
:107FB00043F00103BB71F7E49FED7A7A73E59FED1F
:107FC000797A4FE6F8EE005A03E6B8EE005AE1E59A
:107FD000F8EE006AFFF786BAFFEE007AFFF75BBAA9
:107FE000F8EE005AFFF73FBABFEE006AFFF718BA83
:107FF000B5EEC0AAF1EE10FA4FF0000301D5CBF8B0
:10800000003095ED010AD5ED040AF5EEC09A002383
:10801000F1EE10FA48BFC9F80030B1EE400AFFF7A0
:10802000D5BAB8EE005AFFF7DDB9FFEE007AFFF7D8
:1080300082B9644BD2ED076AD3ED007A92ED096AFA
:10804000614B624A93ED007AD2ED005AB5EEC07AE8
:1080500077EEA57AF1EE10FA67EEA67A00F19D8030
:10806000F0EE475A26EE256A27EE467AE8EE077AC2
:10807000F5EEC07AF1EE10FA00F18A80F4EEE67ABD
:10808000F1EE10FAD8BFF0EE676AF7EE005AF6EE9E
:10809000007AE6EEA75A4E4A92ED007AC3ED006AE6
:1080A000FEEE007AB4EEE77AF1EE10FA08D4F6EEBE
:1080B000007AB4EEE77AF1EE10FAD8BFF0EE477A24
:1080C0003B4E542303FB085393ED116A96ED027A5D
:1080D00066EE277AB5EEC07AF1EE10FA67EEA57A71
:1080E00053D4F0EE004A27EE475AF1EE465AE5EE39
:1080F000247AA7EE887AB4EEE57AF1EE10FA08D485
:10810000B4EEC67AF1EE10FAD4BFF0EE475AF0EEB4
:10811000465ADFED247ADFF8C0B0DFF8C090254D75
:10812000214F224CC6ED025AB0EE67AAF0EE679AD4
:10813000B0EE679AC6ED007AC6ED017ACBED007A13
:10814000C9ED007AC5ED016AFFF7DAB9DFF8908072
:10815000154FD8E59FED139A89E41A4B93ED009AD9
:108160001A4BD3ED007A39EE279A49E4B8EE005A5B
:1081700072E59FED0C9A002273E495ED010AD5EDAE
:10818000040AB1EE400AFFF719BAF8EE004AAAE76E
:10819000DFED046AF7EE005A7DE7F1EE475A61E73A
:1081A00028BE002000000000AC7D002048A8002070
:1081B000A47C0020C07C002048800020CDCCCC3C9A
:1081C000947C0020E8380020143000200039002082
:1081D0002441002038650308B47C0020BC7C0020CA
:1081E00044650308000000002DE9F041724C2DEDBC
:1081F000028BF8F723FD4FF07C53C4F89C3040F21B
:108200000A33A4F831306D4BC4F8A4306C4BE367EB
:10821000C4F880304FF07E536A4AC4F898306A4BF5
:108220006A49C4F828310023136093605360536196
:108230001361D3601362D3619361654AC4F8E82087
:10824000626701F5A6620B60136001F526620026E5
:10825000136057A3D3E9002300275E48C4F8D00079
:108260000D4601F21C5801F64C21C1E90067C4E932
:10827000142365E905672067C8E9006714F028FC46
:10828000606F84ED360B85ED000B14F021FCD4E912
:10829000142351EC100BF0F76FF84F4BC8E90001B5
:1082A000C4E93C011D200021C4E94267C3E90E670F
:1082B000F9F7C4FB1D20F9F717FC002872D1474BD2
:1082C0009FED470A5A79474C474E9FED488A84ED07
:1082D000000A42F010025A715A78454C454922F082
:1082E00004025A705879444A81ED030A40F00200B2
:1082F0005871987882ED000A40F020009870D87983
:1083000082ED010A40F00200D8713C4B82ED020A76
:1083100083ED000A83ED010A83ED028A337884F845
:10832000E532374B81ED020A0122F7EE008AC1EDFA
:10833000008A83ED000A81ED010A324B324984F84C
:108340005F2284F84B22314A81ED000A82ED000A57
:1083500083ED000A01F0EEFE2D4833782D4AC35616
:10836000542101FB03F3D118D35C8BB9D1ED046A1E
:10837000D1ED017A88EEA67A67EE887ABDEC028BA1
:1083800067EE877A17EE903AC4F8E032BDE8F081E4
:10839000BDEC028BD1ED037A17EE903AC4F8E032CF
:1083A000BDE8F081FEF734FE89E700BFAFF300803F
:1083B000000000009A1EEA3F48A800206666663F5B
:1083C0000000A03FC07C0020CDCC4C3ECC1600204D
:1083D0005488E0581721F7EA402D0020AC7D00209A
:1083E00000000000BC7C0020F50000200AE81C41D1
:1083F00030810020AC000020A47C0020987C00206C
:10840000B47C0020E47C0020B87C0020947C002018
:10841000306003084C6003087B4B1B78052B00D0B1
:1084200070477A4B1B78002BFAD0794B5B79DB09CC
:10843000F6D1B4EE400AF1EE10FAF1D1DFED757A23
:10844000B4EEE70AF1EE10FAEADC9FED737AB4EECF
:10845000C70AF1EE10FAE3D4F4EE600AF1EE10FA76
:10846000DED1F4EEE70AF1EE10FAD9DCF4EEC70A39
:10847000F1EE10FAD4D4B4EE411AF1EE10FACFD1E5
:10848000B4EEE71AF1EE10FACADCB4EEC71AF1EE58
:1084900010FAC5D4F5EEC01AF1EE10FAC0DDDFED2A
:1084A0005F7A5F4B5F4AD3ED026A92ED007A61EE2C
:1084B000A71A77EE077AF4EEE16AF1EE10FA64DDBE
:1084C000B5EEC00AF1EE10FA58D4DFED576AB4EEFB
:1084D000E60AF1EE10FA58D5F5EEC00AF1EE10FA00
:1084E00000F18980DFED506AF4EEE60AF1EE10FA51
:1084F0004BD5DFED4E6AB5EEC01AF1EE10FA67EE1D
:10850000265A6ED49FED487AB4EEC71AF1EE10FAEF
:108510004CBF01220022464BB1EE677AD3ED006AD0
:10852000B0EE475AA2B320EE250AE2EE406AF4EE1E
:10853000C76AF1EE10FA51DBF4EEE76AF1EE10FAD9
:10854000D4BFB0EE666AB0EE676A60EEA50AD3EDFE
:10855000016A83ED006AE2EE606AF4EEC76AF1EE4A
:1085600010FA08DBF4EEE76AF1EE10FAD4BFB0EED1
:10857000665AB0EE675A83ED015A7047DFED2D6AF7
:10858000B4EEE60AF1EE10FAA6DC294BB1EE677AFA
:10859000D3ED006A9FED286A66EEC25AB0EE475AE4
:1085A000E5EE866AF4EEC76AF1EE10FA13DBF4EE3C
:1085B000E76AF1EE10FAC8BFF0EE676A93ED016A60
:1085C000DFED1D5AC3ED006A26EE422AF0EE466A40
:1085D000E2EE256AC1E7F0EE476AEFE7B0EE476AE0
:1085E000B3E79FED147AB4EEC71AF1EE10FACCBFE0
:1085F000012200228FE7DFED0F6AF4EEE60AF1EECA
:1086000010FA3FF776AFC0E7A87D0020307D00204C
:10861000AC7D0020CAF24971CAF249F19A99993E9B
:10862000587D0020887D0020CDCC4C3E258CC43E5A
:108630007C7D0020CDCC4CBEB9FC073C494B4A495F
:10864000D3F8602291ED005AD3F87002D3F8D8C263
:10865000464907EE902AD3F87C2291ED003AD1EDFD
:10866000013A91ED024AD3F8DC1235EE675A07EE73
:10867000902A3F4A92ED016AD2ED005AD2ED026A89
:108680003C4A02EE100AD2ED001AD3F88002D3F869
:10869000742204EE900A02EE902AD3F87802D3F8FE
:1086A0008422E5EE242A01EE102A04EE900AD3F883
:1086B000D4223148A5EE272AE5EE014A07EE90CAFA
:1086C00005EE102A73EEA73A33EE055A07EE901A1C
:1086D00075EEC55A34EE274A80ED005AC0ED013AD6
:1086E00080ED024ADFF8A0C024488CED002A36EE67
:1086F000636A65EEA15ACCED012ACCED024AC0EDC9
:10870000005A26EE216AD3F868C21D4980ED016A3D
:1087100076EEC46A91ED017AD1ED007A194A66EEDF
:10872000E16A06EE10CAD3F864C2C0ED026A77EEC1
:10873000C27A37EE627A06EE90CA27EE067A67EEC4
:10874000A67A82ED017AC2ED007AD3F86C32D1EDCF
:10875000027A07EE103A77EEE47A67EEC77AC2ED56
:10876000027A704730810020BC0000207C7D002010
:10877000147D002030740308707D00204C7D0020A3
:10878000207D0020587D0020647D00202DE9F84FD9
:10879000CF4AD04BDFF86883CF4ED04CD04FD14D6D
:1087A000DFF86093DFF860B3DFF860A32DED028B94
:1087B000002093ED008AD2ED008AFDF737FCCA4B0A
:1087C000B8F8000000221A605A609A60F9F740F881
:1087D000B0EE480A12F05CF9336823603B602B600E
:1087E000736863607B606B60B368A360BB60AB6001
:1087F000D9F80030CBF800300123CAF800302FE060
:10880000D7ED016AF4EEE67AF1EE10FA01D5C7ED84
:10881000017AD4ED027AD6ED026AD5ED025A76EEEF
:10882000A77AF4EEE56AF1EE10FAC4ED027A49DCBB
:10883000D7ED025AF4EEE56AF1EE10FA01D5C7ED74
:10884000026ADBED006ADAF80030D9ED005A013334
:1088500076EEA56AF92BCBED006ACAF8003037DC5A
:10886000B8F80000F8F7F4FFB0EE480A12F010F97B
:1088700094ED006AD6ED007A95ED007A37EE866ABF
:10888000F4EEC77AF1EE10FA84ED006A1DDC97ED84
:10889000007AF4EEC77AF1EE10FA01D5C7ED007A4E
:1088A00094ED017AD6ED017AD5ED016A37EE877A3B
:1088B000F4EEE67AF1EE10FA84ED017AA0DDC5ED72
:1088C000017AA6E7C5ED026ABBE7C5ED007AE7E7E6
:1088D0009FED865AD5ED005A7D4B26EE056A97ED41
:1088E000005A93ED004A84ED006A75EEC65A35EEE3
:1088F000465AF5EEC05AF1EE10FAC5ED005A87ED72
:10890000005A00F12781B5EEC05AF1EE10FA00F1DD
:10891000D480B4EEE55AF1EE10FAC8BFF0EE455A35
:10892000DFED724A95ED015A27EE247AD7ED014A20
:1089300084ED017A35EE475AB4EEE54AF1EE10FACD
:1089400074EEC74AB5EEC05ACCBF01230023F1EE46
:1089500010FA85ED015AC7ED014A00F1EA80F5EE03
:10896000C04AF1EE10FA00F11581F4EEC54AF1EEBD
:1089700010FAC8BFB0EE645ADFED5C4AD5ED025A7A
:1089800067EEA47AD7ED024AC4ED027A75EEE75A93
:10899000B4EEC54AF1EE10FA74EEE74AF5EEC05AAD
:1089A00003F00103D8BF0023F1EE10FAC5ED025A1F
:1089B000C7ED024A00F1AC80F5EEC04AF1EE10FAC4
:1089C00000F1F380F4EEE54AF1EE10FAC8BFF0EEE4
:1089D000645AB4EEE54A464AF1EE10FA03F0010398
:1089E000D8BF00231370002B00F0C9804149DFED90
:1089F000425AD1F8D4329FED3D4A04EE903A36EE19
:108A0000645A68EEA55AB5EEC05AF1EE10FA66EE59
:108A1000846A03D5B1EE465A35EE645AD1F8D8329D
:108A200004EE903A16EE103A37EE646AF4EEC55A48
:108A3000F1EE10FAB5EEC06A4CBF01220022F1EE51
:108A400010FAC1F8D43203D5B1EE476A36EE646A43
:108A5000D1F8DC3205EE103A17EE103A37EEC57A4F
:108A6000F4EEC65AF1EE10FAB5EEC07A54BF1046D5
:108A700042F00100F1EE10FAC1F8D83203D5B1EEA0
:108A8000677A37EE457A17EE903A16EE902AB4EEF2
:108A9000E57AF1EE10FAC1F8DC32C1F8C4226ADCE2
:108AA000002868D1154B18780CF0B0FABDEC028B99
:108AB0000120BDE8F84FFDF7B9BAB1EE455AF4EE22
:108AC000C55AF1EE10FA7FF52BAFF0EE455A27E7C5
:108AD000887D0020A47D0020147D0020087D0020DA
:108AE000FC7C0020F07C00207C7D00206F12833B0A
:108AF000307D002030810020CDCCCC3D3490002052
:108B0000E0000020BC000020EC7C0020E87C00207D
:108B1000F5EEC04AF1EE10FAB1EE655A50D4F4EE1B
:108B2000C54AF1EE10FAD4BFF0EE455AF0EE645AA1
:108B30004FE7F5EEC04AF1EE10FAF1EE455A4FD488
:108B4000F4EEE54AF1EE10FAD4BFB0EE655AB0EE9D
:108B5000645A11E7B5EEC05AF1EE10FAF1EE654A2B
:108B600036D4B4EEE45AF1EE10FAD4BFF0EE645A03
:108B7000F0EE455AD4E6234B01221A7092E7022008
:108B8000082100F065FBBDEC028B0120BDE8F84F29
:108B9000FDF74CBAF1EE644AB4EEE45AF1EE10FA85
:108BA0007FF5EAAEB0EE645AE6E6F1EE644AF4EE22
:108BB000E45AF1EE10FA7FF50CAFF0EE645A08E7D4
:108BC000F4EEE45AF1EE10FA12DDF1EE644AF4E745
:108BD000B4EEE55AF1EE10FA0DD5B1EE455A74E750
:108BE000B4EEE45AF1EE10FA08DDF1EE644AD9E78A
:108BF000F0EE455AEDE6F0EE645A91E6B0EE655AB5
:108C0000BAE600BF2881002038B5154BDFED156AA4
:108C100093ED007A144A15491548164C164DC6EEC8
:108C2000877A0023C2E900339360144A036013601B
:108C30002B602360C1ED007AF3F7F8FE104BA360C0
:108C400012F082F90F4A104992F85F224B79A2F193
:108C50000102B2FA82F2520962F304134B7138BD79
:108C60003074030835FA8E3C7C7D0020887D00201E
:108C7000207D0020587D00204C7D0020147D0020A8
:108C80000AE81CC130810020AC7D00202DE9F041B4
:108C9000CA4BCB4FD3ED007ACA4BCB4D2DED088B91
:108CA0009FEDCAAADFEDCAAADFEDCA9AD3ED008A0A
:108CB0009FEDC98A9FEDC99A86B08046022027EEB3
:108CC0008AAA67EEAAAAB0EE67BAFDF7AFF94FF429
:108CD000FA60CDED039ACDED009ACDED049ACDED7D
:108CE000019ACDED059ACDED029AF8F7B1FDB0EEFF
:108CF000680A11F0CDFE2AEE0AAA6AEEAAAA4FF47B
:108D0000166400264FF4FA60F8F7A2FDB0EE680A88
:108D100011F0BEFED7ED006AF4EE666AF1EE10FACD
:108D200016D1F4EEC86AF1EE10FA11DCF4EEC96A5D
:108D3000F1EE10FA0CD4D5ED007AF4EE677AF1EE8C
:108D400010FA05D1F4EEC87AF1EE10FA40F356812C
:108D5000002397ED017AB4EE477AF1EE10FA16D1BE
:108D6000B4EEC87AF1EE10FA11DCB4EEC97AF1EE85
:108D700010FA0CD4D5ED017AF4EE677AF1EE10FA20
:108D800005D1F4EEC87AF1EE10FA40F3FE8000232C
:108D9000D7ED027AF4EE677AF1EE10FA72D1F4EEC2
:108DA000C87AF1EE10FA6DDCF4EEC97AF1EE10FA41
:108DB00068D4D5ED025AF4EE655AF1EE10FA61D19D
:108DC000F4EEC85AF1EE10FA5CDCF4EEC95AF1EE9A
:108DD00010FA57D4F5EEC05AF1EE10FA00F12C81DA
:108DE000B0EE656A7E4A92ED005AB4EEC56AF1EEC5
:108DF00010FA47DC002B45D027EE076AA6EEA66ADC
:108E0000A7EEA76AB4EEC6AAF1EE10FA3AD5F4EED0
:108E1000C6AAF1EE10FA35DD9DED004A9DED015A2E
:108E2000DDED034A9DED046ADDED053A95ED003A6E
:108E30006C4B34EE264A35EE075AD5ED016A9DEDAE
:108E4000027A8DED004A37EE277A74EE834A36EEC9
:108E5000266A73EEA53AD3ED007ACDED034A013CC4
:108E60000136A4B279EEA79A8DED046A8DED015A10
:108E7000CDED053A8DED027A36B244B1B6F5167FE6
:108E800015D03FE7013CA4B2002C7FF43BAFB6F510
:108E9000E17FC0F2D480DDED034A9DED004A9DEDF7
:108EA000046A9DED015ADDED053A9DED027A4E48CA
:108EB0004E4B41791A684E4B4E4CC3F8642207EE74
:108EC000906AF8EEE76AF7EE005AC5EEA67A41F02E
:108ED00010014171C3F86822247883F8E5424648BE
:108EE000F0EE4B6AD7EE276A29EEA79A16EE901A93
:108EF000C3F8781219EE101A67EEA44AC3F8C41228
:108F0000C3F860121146002227EE855AC3F87C226E
:108F1000C3F88022C3F88422C3F8C822C3F8CC2245
:108F2000C3F8D02214EE902A27EE866AC3F8D42222
:108F300015EE102A27EE844AC3F8742267EEA37A4E
:108F400016EE102A14EE104AC3F8D82217EE902A13
:108F5000C3F870420124C3F86C12C3F8DC2283F812
:108F60005F42047001F056FB2146082000F070F9C2
:108F70000220FDF76DF822463421404606B0BDECD4
:108F8000088BBDE8F0410BF075B8F4EEC97AF1EE4C
:108F900010FA3FF5FCAEF5EEC07AF1EE10FA48D4C7
:108FA0000F4A92ED006AF4EEC67AF1EE10FACCBFE9
:108FB0000122002282F001021340E9E6387403081E
:108FC000207D0020A47D0020147D00206666663F81
:108FD000CDCC8C3F00000000CAF24971CAF249F1C1
:108FE000887D0020BC000020AC7D00203474030884
:108FF00030810020F500002028810020F4EEC97A9D
:10900000F1EE10FA3FF5A4AEF5EEC07AF1EE10FAEB
:109010000CD40F4B93ED007AF4EEC77AF1EE10FA10
:10902000CCBF0123002383F0010392E6F1EE677ABF
:10903000EFE7F1EE677AB3E7B1EE656AD2E60220B8
:10904000FDF706F8032000F023F9002294E700BFA3
:10905000887D0020274B284AD3F86012D3F870028D
:10906000D2ED007A254A07EE101AD3F87C12D2ED21
:10907000006A77EEC77A05EE100A07EE101AD3F8E9
:109080008002D3F87412A7EE875A07EE100AD3F8BD
:10909000780205EE901A06EE100AD3F88412D3F87F
:1090A000D402E7EE875A04EE900A07EE101AD3F8BE
:1090B000D812D3F8DC32A7EE876A76EEA46A92ED76
:1090C000017AD2ED027A0E4A04EE901A37EE247A33
:1090D00004EE903A0B4B82ED005A77EEA47AC2ED83
:1090E000015A82ED026AC3ED006A83ED017AC3ED95
:1090F000027A704730810020BC0000207C7D002077
:10910000647D0020707D002008B50F4803F0AAF9A7
:10911000DFF840C00D499CF80020B0FA80F040090B
:1091200082420FD0B1F90030002B09DD013B02F083
:109130000100074A0B80137860F3C303137008BD66
:109140008CF800006423F4E750790308CC00002079
:10915000AC7D00208D7D002008B5174B1B78012BBE
:1091600013D0164B164A1B7843B903F0FF0311794D
:1091700063F3C71111711079C00908BD5379C3F3A6
:10918000800383F00103DBB2F1E70E4890F834303E
:10919000002BE6D0383003F065F9094A28B1507940
:1091A000C0F3800080F00100C0B2137960F3C713F0
:1091B00013711079C00908BD8E7D0020768E0020C5
:1091C000AC7D0020E478030808B5104B5A79D1062D
:1091D00009D50F4A127852B10E4A1278012A06D0E8
:1091E0001A7952060ED42720F8F77EFC00B908BD84
:1091F00027204FF4FA71F8F721FCBDE80840002061
:10920000FCF73ABF5B799B07F1D4ECE7AC7D00201B
:10921000718E0020758E00200A4B93F85F020128A2
:109220000ED1094A127862B1084A1078012808D094
:1092300093F84B02A0F10100B0FA80F040097047AA
:109240000020704730810020718E0020758E002034
:1092500070B506460D46FCF7B7FE56B1642303FB16
:1092600006F600244FF47A700134F8F7F1FAB442AC
:10927000F8DBFCF7C1FE55B1642303FB05F50024C0
:109280004FF47A700134F8F7E3FAAC42F8DB70BDC2
:10929000C8B170B506460025FCF796FEC8244FF409
:1092A0007A70F8F7D5FA013CF9D1FCF7A5FE4FF436
:1092B00048744FF47A70F8F7CBFA013CF9D10135D4
:1092C000B542E9D170BD7047084B9B799B0700D52B
:1092D000704700B583B00190FCF776FE0199042039
:1092E00003B05DF804EBF8F7A9BB00BFAC7D00202C
:1092F00008B5404B5A7912F0200FC2F340113E4A94
:1093000041D0042111703D4A1278002A39D15A798E
:10931000C2F34011920625D59A7961F341029A7100
:109320009A79910741D55A79920631D540F6B833EA
:109330004FF0FA0C3249334A0B601520C2F800C0D6
:10934000F8F7D2FB002834D02F4B2E4A1B78002B85
:1093500030D02B4915200968F8F770FBBDE80840AC
:10936000FCF74ABE1A789006C2F34011D4D4274ABB
:109370001278042A05D0092A03D0254A1278032A34
:109380002CD10121C8E710780028BCD01170BAE7B1
:109390001B789B0616D41F4B1B78DBB91B4B1B7825
:1093A000042B21D07D239C46C4E70420F8F79CFBC6
:1093B00060B908BD11681520F8F740FBBDE808400A
:1093C000FCF702BE4FF416739C46B3E7BDE80840B5
:1093D000FCF712BE4FF47A739C46ABE70D4A117846
:1093E000003918BF012197E741F28E234FF0FA0CA4
:1093F000A0E700BFAC7D00207E3800208F7D0020DC
:10940000C8000020C4000020E2430020A87D002006
:109410007F380020AC38002000200AF0E7B800BFF9
:1094200008B5194B1B789BB9184BD3ED017AF5EEB3
:10943000C07AF1EE10FA0DD49FED157AF4EEC77AEA
:10944000F1EE10FA0DD54FF4FA612220F8F7F6FA92
:10945000002008BD9FED0F7AF4EEC77AF1EE10FA06
:10946000F1DC2220F8F740FB0028F1D00A4A0B4B30
:1094700092ED007AD3ED007AB4EEE77AF1EE10FACD
:10948000E6DD074BDB78E3E7758E0020347D0020B6
:10949000AA619C3FAA619CBFE8380020E438002004
:1094A000AC7D00204B4B1B78192B4B4B53D01A79BA
:1094B00012070AD401209A78D20702D45A78D20926
:1094C0004BD0464A0123137070475A795007C2F3B4
:1094D0008001EFD4424A92F90020002AEADC00B56C
:1094E000404A1278012A83B044D03F4A12782AB108
:1094F0005979C1F3800181F00101C9B21A7961F390
:10950000C7121A711A79D20902D0384A127892B960
:109510005A79D1070FD4364A127862B91A7992066D
:1095200009D55A79D00606D59A78910631D4314AB0
:10953000527C052A2DD001209A78D10715D45A786B
:10954000D20912D11B79254AC3F3C00383F001036A
:10955000137003B000BD0020ADE71B791F4AC3F3B1
:10956000C00383F00103137070471C4A012313707A
:1095700003B000BD204890F83420002AB5D0383020
:10958000CDE9001302F06EFFDDE900130028B5D02D
:10959000AEE71A4A12788AB11A79520602D55A7978
:1095A00090070BD41649134A097802EB011252783E
:1095B000022A03D0134A1278012ABCD11A789106E4
:1095C000B9D41A7A1207B6D49A78D007B3D4587897
:1095D000C009B1E7F5000020AC7D00208F7D0020A0
:1095E0001C3000208E7D0020768E0020907D002093
:1095F0007C38002040740308E4780308718E002052
:10960000F7000020758E00202DE9F843354C3649CF
:1096100000202070034660700246A070E070207148
:109620006071A071E07120726072A072E07241F806
:1096300023200133312BFAD12C4B2D48DFF8F49045
:10964000DFF8F4802B4F2C4E00240025C3E90045A1
:109650004FF49872C3E902450021C3E90445C3E908
:109660000645C3E908451BF06FFF40F6F87200217C
:1096700022481BF069FF22484FF42A7200211BF098
:1096800063FF204B254618464FF42E7200211BF035
:109690005BFF3D51355104340C2C49F8045B48F80C
:1096A000045B00F52E73EED11749184A1848194C7F
:1096B000002313600B60184B1849194A0D700026DF
:1096C0000027C3E900674FF07E530360154823600D
:1096D000072111700360144A144815490360116092
:1096E000BDE8F883AC7D0020EC2E0020B02F0020D8
:1096F00048A80020587D0020347D0020A8110020BB
:1097000010390020B83B00203C300020E838002011
:10971000303000202C300020D0000020307D002090
:10972000A87D002028300020E4380020E038002008
:10973000CCCCCC3D4C7D0020407D00202DE98848DC
:109740007D2017F03FFB002840F05A83BF4BC04FED
:1097500018781C460D210AF03BFCF8F71BFA20781C
:109760000E210AF035FCFFF74FFF20780F210AF099
:109770002FFC01F0E7FA207810210AF029FC03F011
:109780006BFB207811210AF023FC11F035F82078CA
:1097900012210AF01DFCF7F765FA132120780AF070
:1097A00017FCFCF7E1FD0020FCF740FC20781D21B0
:1097B0000AF00EFCF1F7DEFD207814210AF008FC17
:1097C000FFF722FA207815210AF002FC15F00AF8BA
:1097D000207816210AF0FCFBF2F786FA2078172190
:1097E0000AF0F6FB00F0DEFC207818210AF0F0FB0E
:1097F00002F062FB207819210AF0EAFB11F046F929
:1098000020781A210AF0E4FBFCF7D0FBF3F754FBB5
:1098100014F0A6FAFB781D0700F1F7828B4BDFED01
:109820008D8A18788C4E8D4CDFF87092DFF870A21C
:10983000DFF84CB29FED8A8A1B210AF0C9FBF6F7CC
:10984000E5F8FCF761FC02210820FFF701FDFB7839
:1098500023F02003FB70F8F7D3FB824B0020D3E901
:109860000023F8F7F7F8804B804A0120187007238F
:109870001370FCF78FFC4FF0340800250CE02068D3
:1098800008FB009393F82030002B74D1F9F7C4FB48
:109890000020F8F737F9A0B93378192BEFD1744BC2
:1098A0001D70744B1D70744B83ED008A734B1D70DB
:1098B0003B79002043F008033B71F8F723F90028B7
:1098C000EAD0684B0020D3E90023F8F7C3F86C48CE
:1098D000F8F754F88AED000AEFF7B0FEFB789AED3E
:1098E000000A180740F1CA81FDF782FC9AED000AD0
:1098F000F2F714FE9AED000AF2F78EFFF4F7E0FF9C
:109900009AED000AF2F716FA9AED000AFCF732FA1D
:1099100014F048F900F02EFDFB78190740F1AB81F7
:10992000F7F70EF8FFF7F0FBFFF7E2FCFFF74CFC50
:10993000F1F75CFC454B18780EF0D2FB06F0B2F95B
:1099400010F05CFF494B1B780C2B60D8DFE813F05C
:109950007C0111014B0119006101E7005F003E012C
:10996000D400C200B7005F00AA002078FDF7EEF82F
:10997000F8F798FD2068C0B2FDF7B2F80028F4D1DE
:1099800084E7FAF727FF00F0E7FBFB7823F02003DA
:10999000FB70FFF7E1FB002800F0988101F09CF8D4
:1099A000FB79980702D53B78590630D5324B93EDB9
:1099B000007A344BD3ED007AB4EEE77AF1EE10FA88
:1099C000C0F2E8814FF4FA612220F8F737F82E4907
:1099D0001620F8F733F82C490720F8F72FF844F64B
:1099E00020610E20F8F72AF8F6F7CCF8F7F7B6FF63
:1099F000264B1860FB7843F02003FB7005231B4ABD
:109A000023491370234BD3E90023C1E90023F7F75F
:109A1000E1FEDBF800301F4AC01ADBF804301060AA
:109A200061EB030115465160FFF796FB48B1D5E99C
:109A30000012174DD5E900038842934138BFC5E9AC
:109A40000012154A0123137015E700BF349000205F
:109A5000AC7D00200AD7233DF5000020389000207F
:109A600000000000E0000020907D0020A87D002084
:109A700081370020823700203C3000201C3000203D
:109A8000987D0020E4380020C0D40100EC2E002096
:109A9000D0000020D8000020F6000020D075030878
:109AA000A07D0020FFF758FB002800F0C9803B781C
:109AB000DB0900F07C81BF4A09231370A7E7FEF79A
:109AC00065FE4FF4FA611720F7F7B8FFB94A012392
:109AD00013709CE7FAF77EFE7B79C3F30005DB0782
:109AE00040F1EA800320FCF7B3FA0120FCF79EFA6C
:109AF000B14A092313708AE7FAF76CFE00F02CFBD9
:109B0000FFF72AFB10B93378192B80D1FFF784FBBC
:109B100000283FF47CAFA74A0023137077E7A74BD8
:109B20001B78012B00F01681FAF758FBA448F6F7D2
:109B300035FBA44BD3ED007AF4EEE87AF1EE10FA9F
:109B400009D59E4B1B78002B00F0CA80FFF704FB61
:109B5000002800F0C580FAF7E9FEFFF761FC002855
:109B600000F0A1800520F9F77BFE924A04231370D0
:109B70004DE7FAF72FFE1720F7F7B6FF00283FF45E
:109B800046AF0320FFF784FB02210820FFF760FBAC
:109B90004FF4FA612220F7F751FF8B491620F7F7AF
:109BA0004DFF89490720F7F749FF44F620610E2051
:109BB000F7F744FF3378192B00F01681FB799A07E9
:109BC0007FF579AF7B4A0C23137020E7FAF702FE8A
:109BD00000F0C2FAFFF766FC0546002800F09B8003
:109BE000FCF758FA13E7FFF7B7FA00284FD0754B88
:109BF000D3ED007A754BD3ED006A754B77EEA67AFC
:109C000093ED007AF4EEC77AF1EE10FA3FDD05230A
:109C1000F5E66C4B93ED007A6D4BD3ED007AB4EE24
:109C2000E77AF1EE10FA44D56A4A002313706A4AC3
:109C300001231370EFF7D0FAF3F7F2FBFCF764FAA5
:109C40005C4A07231370E2E6FAF7C4FD02210820FC
:109C5000FFF7FEFAEFF7FCFAFCF7A8F9F3F72CF997
:109C6000F5F7D4FEF7F76CFD5C4A00231370514AF8
:109C70000A231370CBE6F6F7A3FF53E610F008FFB4
:109C8000FEF7DCFC14F03EFD15F00CF82EE6FBF7B9
:109C90009BFB0520F7F728FF002862D14C4B504A68
:109CA0001B681360B3E6FBF763FA7B785B067FF50E
:109CB000AEAEFCF71BFBAAE60120FCF7C9F90320B6
:109CC000FCF7B4F93C4B1D70032398E600F0A2FCAE
:109CD000EFF782FAF3F7A4FB364A0723137096E6F0
:109CE0004FF4FA612220F7F7A9FE37491620F7F75B
:109CF000A5FE35490720F7F7A1FE44F620610E20A6
:109D0000F7F79CFE40F6C4110520F7F797FE294AA5
:109D1000022313707BE602210820FFF799FA2E4BED
:109D2000304A1D70244B1D70FB7865F30413FB70E3
:109D30003B7A65F3C7133B723B7865F3C7133B70FF
:109D4000204B03201B681360FCF724FA194A0823F0
:109D500013705CE67B7A5A067FF5E6AEF6F7BCF93F
:109D6000E2E61F4B4FF4FA61222083ED008AF7F7F9
:109D700065FE15491620F7F761FE13490720F7F72E
:109D80005DFE44F620610E20F7F758FE0320FCF735
:109D900001FA99E71620F7F7A7FE00283FF437AE3F
:109DA0000820F9F75DFD034A042313702FE6F6F748
:109DB00039F92CE6A87D00207E380020758E002021
:109DC000102200203C300020C0D4010000390020C7
:109DD000E4380020768E0020907D0020307D002029
:109DE000E8380020E0380020FCF754F9FB7823F035
:109DF0002003FB70FAF7EEFC074A0B23137006E60C
:109E000009F00EFC054B1870A0E420781C210AF024
:109E1000DFF8FEF7E9F901E5A87D0020C5A00020E4
:109E2000F0EE407A80B3B4EE400AF1EE10FA2BD196
:109E30009FED1A7AB4EEC70AF1EE10FA24DC9FED1A
:109E4000187AB4EEC70AF1EE10FA1DD4B5EEC00AC6
:109E5000F1EE10FA11D49FED137AB4EEC70AF1EEC9
:109E600010FA11DC104A11495378C1ED007A23F041
:109E70000103B0EE670A537070479FED0D7AB4EEA0
:109E8000C70AF1EE10FAEDD5074A0849537891ED6B
:109E9000000A43F001035370704700BFCAF24971D2
:109EA000CAF249F10060EA46AC7D0020B87D00208E
:109EB0000060EAC608B50B4BD3E910210A4301D173
:109EC000002008BDF7F786FC064BD3E90A2C801A60
:109ED000D3E9102361EB0C0182428B412CBF01209E
:109EE000002008BD4880002000B5B4EE400AF1EE25
:109EF00010FA83B006D1DFED4A7AB4EEE70AF1EE4C
:109F000010FA09DD474A4849537891ED000A43F0B9
:109F10000103537003B000BD9FED447AB4EEC70A4D
:109F2000F1EE10FAEED4F4EE600AF1EE10FAE9D197
:109F3000F4EEE70AF1EE10FAE4DCF4EEC70AF1EE13
:109F400010FADFD4DFED3A7AB4EEE70AF1EE10FA58
:109F5000D8DBDFED387AB4EEE70AF1EE10FAD1D8AB
:109F6000DFED357AF4EEE70AF1EE10FACADBDFED49
:109F7000337AF4EEE70AF1EE10FAC3D880B9DFEDD8
:109F8000307A9FED307A77EEC07A27EE870A254A3D
:109F90002549537881ED000A23F001035370B9E796
:109FA000DFED297ACDED010A20EE270A17F01EF920
:109FB000DFED267A20EE270A17F0DCF89FED247AF1
:109FC000DDED010AF7EE007A37EEC00A70EE870A7F
:109FD000DFED207A20EE200A20EE270AB4EE400AB8
:109FE000F1EE10FA8ED1DFED117AB4EEE70AF1EE60
:109FF00010FA87D4B5EEC00AF1EE10FA07D4DFEDFF
:10A00000167AB4EEE70AF1EE10FAC0DD7AE7DFED7A
:10A01000137AB4EEE70AF1EE10FA3FF573AFB6E744
:10A02000CAF24971AC7D0020B87D0020CAF249F126
:10A0300000409C460060EA470000A0C20000C84201
:10A0400080E6C547A627AC3D08942537B4C9423EF3
:10A05000339388439ED819430060EA460060EAC6FD
:10A06000F8B52A4C14F086FFA378980604D5E37857
:10A070001907C3F3C00511D5254A002319465360BB
:10A080002448254C254A01602160254825490023A4
:10A09000036013600B6053631361F8BDA37965F32C
:10A0A0000003A371F7F796FB1F4BC3181E4641F13F
:10A0B000000714F0F7FD10F00FFCA3791B4A4FF0D6
:10A0C00001011170DA0719D5A37923F00103A371F7
:10A0D000F7F780FB864205F1010577EB01012DB210
:10A0E00001D3C82DE5D1A3785B0604D5104B5A796E
:10A0F0000AB11968C4E7064B5968C1E7F7F76AFB6C
:10A10000864277EB0101D4D2EDE700BFAC7D0020A1
:10A1100048800020281100203C80002010390020B9
:10A1200040800020F805002080969800F60000206E
:10A1300044A60020054B0648064980ED000A00228F
:10A1400083ED000A0A605A631A61704710390020D3
:10A1500040800020F80500200B490C4A10B500246F
:10A160000C700B4950680B4C0B4A206000230B60AD
:10A170000A4913600B6053631361EEF7A5F8084CAE
:10A18000C4E90E0110BD00BF4480002048800020BB
:10A19000408000203C80002010390020F80500207D
:10A1A000402D002010B51248124CB7EE000AF0F70F
:10A1B0005DFC114B114893ED000AF5EE007A20EE9C
:10A1C000270AF0F753FC0E480E490F4A00234FF0C0
:10A1D000000C84F800C003600B60136010F0CCFB2F
:10A1E000FFF73EFFBDE810404FF4FA70F7F7BCBB35
:10A1F000BC7D00202C80002030000020F07E00205C
:10A20000248000202880002028110020F0B5514E25
:10A2100091B000236FF00D02CDE90C33CDE90E3380
:10A2200000920F4696F820400546F7F7D3FA4A4BBE
:10A23000DFED4A7AD3ED015A93ED006A93ED027A8D
:10A24000474B484A93ED025AD3ED016A12780190C8
:10A2500027EE277A25EE275ABDEEC77ABDEEC55AFE
:10A260008DED077A93ED007A3F4B8DED0A5A93ED11
:10A27000005A029265EEA75A26EE276A66EEA76A92
:10A2800027EE277A65EE277A384A96F82130127839
:10A290000497FDEEE77AFDEEE55ABDEEC66AFDEEE7
:10A2A000E66ABDEEC77ACDED0B7A0392CDED055A85
:10A2B0008DED066ACDED086A8DED097AF3B1621E67
:10A2C00002F00F02B018B15C027C012B42EA0122BD
:10A2D0000C9213D0A21E02F00F02B018B15C027CE7
:10A2E000022B42EA01220D9208D0033C04F00F0435
:10A2F000315D3444227C42EA01220E921C4996F8D8
:10A300002020C9781B0643EA0123134328460F93F4
:10A3100009F026FE4A21284609F088FB42212846FA
:10A3200009F084FBFF21284609F080FB0021284624
:10A3300009F07CFBADF104040FAE54F8041F28466D
:10A3400009F094FBA642F8D1284611B0BDE8F040D0
:10A3500009F016BEA8800020587D002000007A4435
:10A360004C7D0020A87D0020BC0000207F3800200C
:10A370004074030870B58448844C0278A568002AAC
:10A380004CD0834B1E78F7F725FA824BDFF828C2B2
:10A390001A68801A5A6861EB0201002284458A41DA
:10A3A000C0F0E0807C4B7D4A19787D4B107893F8A3
:10A3B00030208A4200F0D08093F8202083F83100CA
:10A3C00003EB020C9954013202F00F0283F82020B3
:10A3D00093F821208CF810000F2A9CBF013283F8DB
:10A3E000212083F830105A6AAA4234D0002229462C
:10A3F000304683F84020FFF709FF6A4A684B12781D
:10A400005D6202EB420204EB8202616992683046AF
:10A41000BDE87040C3E90A210BF07EBC6149604B86
:10A4200009785D6201EB410104EB8101646989688F
:10A4300099625949DC62594C0978247883F83010C4
:10A44000C3E90D22012183F831401A84DA6383F8CD
:10A450004020017070BD534A6069127802EB4202DD
:10A4600004EB82029C6A9268944202D1DC6A8442C4
:10A4700007D0C3E90A2030460BF04EFC464B197852
:10A48000474B032977D90739012976D8464A92EDF7
:10A49000016AB5EEC06AF1EE10FA01D5B1EE466A76
:10A4A000D3ED0E7ADFED416A9FED417A76EE675A81
:10A4B000B1EE085AE5EEA67ADFED3E5AD2ED026A19
:10A4C000C3ED0E7AF4EEC77AF1EE10FAD8BFB0EE13
:10A4D000677AE7EE055AF4EEC65AF1EE10FAF5EE99
:10A4E000C06A4CBF01210021F1EE10FA01D5F1EE56
:10A4F000666AD3ED0F7A9FED2D6A9FED2D7A93F862
:10A50000402076EEE75AE5EE867A9FED2A6AC3EDA3
:10A510000F7AF4EEC77AF1EE10FAD8BFB0EE677A90
:10A52000F1EE085AA7EE256AF4EEC66AF1EE10FACB
:10A5300027DC31BB8A4218BF013AD2B2022A83F823
:10A54000402087D929463046FFF760FE144B002291
:10A5500083F840205D6270BD93F8312082427FF421
:10A560002BAF40E7F7F736F90A4BC3E90001304655
:10A570000BF0D2FB16E7012988D8002283F840208F
:10A5800070BD0132D2B2D9E7EC800020A48E002049
:10A5900034900020A0800020A87D00207F3800207B
:10A5A000A8800020F70000204C7D0020CDCC4C3D41
:10A5B0009A99193ECDCCCC3D40420F0003061ED4E3
:10A5C000124BC0EBC00003EB80035A79C2B1104BB1
:10A5D00003EBC20393ED007AD3ED016AD1ED007A6B
:10A5E000F4EEC77AF1EE10FA02DA81ED007A7047E4
:10A5F000F4EEE67AF1EE10FA01DDC1ED006A704783
:10A6000093ED037AD3ED046AE8E700BF70650308B1
:10A610007073030810B5484C484A2378107882B00C
:10A620000BB1052804D1053818BF012002B010BDB8
:10A63000434BDFF810C1DFF81CE1002218E093ED76
:10A64000037AD3ED046AB4EEE77AF1EE10FA29D872
:10A65000F4EEE67AF1EE10FAD4BF17EE901A16EE89
:10A66000901A60440132802AC0F8071022D01C33AF
:10A670001968002953D01879032858D0097807EEB3
:10A68000901AF8EE677A900059790029D7D00EEB2E
:10A69000C10191ED007AD1ED016AB4EEE77AF1EEF5
:10A6A00010FAD5D917EE101A60440132802AC0F88A
:10A6B0000710DCD1234B002203F6385053F8041B5B
:10A6C000834282EA0102F9D19CF8393D9CF8381D99
:10A6D000CDF800C059409CF83A3D59405140C2F372
:10A6E00007235940C2F30743594081EA12618CF8AD
:10A6F0003B1D154A40F63C530821012000F092FC16
:10A70000002893D0114B0093114A202308210020E8
:10A7100000F088FC002889D00023237086E70CEB2A
:10A7200082019000D1F8071007EE901AACE7D1ED46
:10A73000007A9000A8E700BF28810020A87D0020B3
:10A740007065030830810020004000080881002067
:10A75000005000087073030838B55A4D044640F69F
:10A760005122002128461AF0EFFE40220021A5F1D7
:10A77000DF001AF0E9FE002C71D0A5F2EA2E524853
:10A78000524900238EF80630AEF8043000F1FF3C49
:10A7900000F6FF554FF0FF331CF8012F5A4012F01E
:10A7A000010318BF0B4683EA520313F0010218BFDE
:10A7B0000A4682EA530212F0010318BF0B4683EAED
:10A7C000520313F0010218BF0A4682EA530212F044
:10A7D000010318BF0B4683EA520313F0010218BFAE
:10A7E0000A4682EA530212F0010318BF0B4683EABD
:10A7F000520313F0010218BF0A46AC4582EA530324
:10A80000CAD1DB43324ACEF80732CEF8002000230B
:10A8100010E0D0ED057AFCEEE77A17EE901A117091
:10A820000EEB830201334169C2F80710802B00F15F
:10A830001C0008D00268002AF2D001790329E8D16F
:10A8400041691160ECE71CB9224B1B788EF8E532A8
:10A85000214B01221A70BDE83840FFF7DBBE6522AC
:10A860002146A5F18B0045F89F4C45F89B4C45F8D7
:10A87000974C45F8934C45F88F4C1AF065FE174BF2
:10A88000174A1B6845F81A4CA5F2EA2E45F8164CF3
:10A89000CEF86432CEF86832CEF86C32114B45F8FF
:10A8A000124C45F80E4C45F81E4C45F8224C45F824
:10A8B000264C1470CEF8E032AEF8E642AEF8E8422C
:10A8C0005DE700BF1A840020706503082083B8ED9F
:10A8D000E9BEEDFEF5000020288100203474030855
:10A8E00008810020CDCC0C3F00B52D4A2D4B1278AD
:10A8F0009978C2F3400060F304119970197AC2F399
:10A90000001060F341011972597A62F3041159720F
:10A91000D97941F02001D971D978C2F3C00C6CF318
:10A92000C301D970597ADFF894C0C2F3401060F3C4
:10A93000861159721C491D484FEAD21EC2F380028B
:10A940000A705A7A6EF382025A72D9789A7AC1F3EF
:10A95000C00161F382029A729CF80020144902F04F
:10A96000010C81F800C01349C2F3C00C81F800C08B
:10A970001149C2F3801C81F800C0D97912F0100F80
:10A98000FFEE007AB7EE007AC2F3401218BFF0EE85
:10A99000477A62F38611C0ED007AD97100BD00BF1D
:10A9A000708E0020AC7D0020718E002008000020F9
:10A9B000748E0020738E0020728E00206F8E002017
:10A9C000404ADFED417A92ED006ADFED405AD2ED68
:10A9D000016A92ED027AB4EEE76AF1EE10FAB4EE93
:10A9E000E56ACCBF01230023F1EE10FA10B5D2EDD9
:10A9F000037A4FEAC31301D543F040039FED326A57
:10AA0000F4EEC66AF1EE10FA4FEA930302DD63F04A
:10AA10007F03DBB29FED2D6AF4EEC66AF1EE10FA09
:10AA200001D543F04003DFED286AB4EEE67AF1EE9B
:10AA300010FA4FEA930302DD63F07F03DBB2DFED30
:10AA4000236AB4EEE67AF1EE10FA01D543F0400342
:10AA50009FED1D7AF4EEC77AF1EE10FA4FEA9304F7
:10AA600002DD64F07F03DCB29FED187AF4EEC77A62
:10AA7000F1EE10FA01D544F04004F6F76FFF144AE6
:10AA8000137843B1012B05D1124B1B78A34210D090
:10AA90000023137010BD0F4B1978A142FAD04FF468
:10AAA000FA6110201C70F6F7C9FF094A01231370E0
:10AAB00010BD1020F7F718F80028EBD0044A022345
:10AAC000137010BD403000209999993E3333333FC5
:10AAD000EE800020ED8000202E4B1B78032B02D04F
:10AAE0000020FBF7B5BA10B5FFF76AFF2A4B1A78BA
:10AAF000022A04D0BDE810400020FBF7A9BA274A7B
:10AB00001278DD2A37D02FD87D2A3ED0BD2A37D102
:10AB10009FED236AF9EE046A224A234992ED9D7A59
:10AB2000D2ED9C7A37EE067A77EEA67A82ED9D7AA0
:10AB3000C2ED9C7A4FF0010214460A70FEF78AFAC1
:10AB40000020FBF799FA00210120FEF781FBF6F7C0
:10AB500005FF64211020F6F771FF14491620F6F75F
:10AB60006DFF0D4B1C70C5E7ED2A09D1DFED0C6AB6
:10AB7000B1EE046AD0E7DFED0A6AB9EE046ACBE70A
:10AB800000201870FBF764FAB4E79FED056AF1EE58
:10AB9000046AC1E7A87D0020EE800020ED8000203F
:10ABA000000000003081002028810020C0D4010076
:10ABB0000020FFF7D1BD00BF10B52DED028BF7F7D8
:10ABC00071FF494B1B78DA1F012A12D90B2B10D0C9
:10ABD000464B1C78A4F10D03052B2FD9A4F11403C7
:10ABE000012B64D9A4F11603022B94BF0321002189
:10ABF00025E03F4B3F4AD3ED007A3F4B11683F4C75
:10AC00001C64F1EE677A4FF07C520020C3ED067AA7
:10AC10009A63D863D962F3F7E5FBF6F7D5FD384AB6
:10AC2000384B127807EE902AF8EE677AC3ED137A64
:10AC30002E4B1C78A4F10D03052BCFD80121324BEC
:10AC4000DFED327A324A03EB840393ED008A314B15
:10AC5000117028EE278AB0EE480A83ED008A16F0BC
:10AC6000D5FB2D4B83ED000AB0EE480A16F08EFBA3
:10AC70002A4B2B4993F85F2281ED000A012A18D054
:10AC8000284B00221A70FFF72FFE274B9B7853B1F9
:10AC90009FED117B254A2649264BBDEC028B81EDA9
:10ACA000007B1A6010BD9FED0E7B234AF3E7022163
:10ACB000C5E793F8E512A14209D02048FF2183F8A7
:10ACC0005F12417921F0100141711D490A7083F82A
:10ACD000E542D5E7AFF30080E80300000000000084
:10ACE000D007000000000000A87D0020F500002033
:10ACF000B8380020F4800020103900200000A04067
:10AD000001810020402D0020F45C030835FA8E3CC0
:10AD1000758E0020D4100020D0100020308100203B
:10AD20004C0000208C7D0020407403086F12833A91
:10AD3000E0000020A47D00206F12033BAC7D0020CA
:10AD40002881002038B58448844A202100F01EF96B
:10AD50008248034600F1200102E08B4200F0888027
:10AD60001A78FF2A03F10103F7D00023C3777C4C44
:10AD70007B4A7C4840F63C5100F008F9234604F633
:10AD80003C5102E0994200F089801A78FF2A03F1D1
:10AD90000103F7D0744B22689A426CD1DFF8E8E1E6
:10ADA000D4F8075271490EF1FF300EF6FF5C4FF0F8
:10ADB000FF3310F8012F5A4012F0010318BF0B4661
:10ADC00083EA520313F0010218BF0A4682EA5302D3
:10ADD00012F0010318BF0B4683EA520313F001027D
:10ADE00018BF0A4682EA530212F0010318BF0B464D
:10ADF00083EA520313F0010218BF0A4682EA5302A3
:10AE000012F0010318BF0B4683EA520313F001024C
:10AE100018BF0A46604582EA5303CAD1DB439D420C
:10AE200043D14F4B002203F6385053F8041B8342A2
:10AE300082EA0102F9D194F8391D94F8383D4B406B
:10AE400094F83A1D4B405340C2F307214B40C2F3E4
:10AE500007414B4083EA126394F83B2DDBB29A42E0
:10AE60002AD00423002084F8E432FFF775FC08E0C0
:10AE7000002303707BE70223002084F8E432FFF70D
:10AE80006BFC3B4A3B491278CB78C2F3C00262F3B9
:10AE9000C303CB70BDE83840FFF78EBE052300200A
:10AEA00084F8E432FFF758FCEBE70323012084F831
:10AEB000E432FFF751FCE4E72F4D002327E0DEEDFD
:10AEC000037ADEED046AB4EEE77AF1EE10FA22447A
:10AED00008DBB4EEE67AF1EE10FAD4BFF0EE477A72
:10AEE000F0EE667A9EF80400032817EE90CA18BFA9
:10AEF000FCEEE77AC2F807C016BF17EE902AC1ED44
:10AF0000007A0A700133802B0EF11C0E15D0DEF88A
:10AF1000001004EB83020029F4D0D2F807209EF839
:10AF2000050007EE102A9A000028C8D005EBC000E3
:10AF3000D0ED007AD0ED016AC5E7104B1B781A1FDF
:10AF4000012A05D923B10E480E4A03700121117060
:10AF5000012384F8E43294E70050000808810020BF
:10AF60003081002000400008E9BEEDFE2083B8EDEE
:10AF7000708E0020AC7D002070730308C5A00020F7
:10AF80006C8E0020288100207065030881B34B1E61
:10AF9000052B70B502F1FF33154620D91A1A022A83
:10AFA0001DD921F003048E0802190346A5EB000EFB
:10AFB000D3F800C04EF803C004339342F8D1A14245
:10AFC0000CD01B7805F82630631C994206D9023450
:10AFD000C25CEA54A14201D9035D2B5570BD01301A
:10AFE0001944401BC25C03F8012F8B42FAD170BD9B
:10AFF000704700BF10B582B0044615F01DF8F3206D
:10B0000015F032F80221204615F07EF8019015F077
:10B0100023F80198A0F10800B0FA80F0400902B0CE
:10B0200010BD00BF2DE9F04190461D4670B10C46A1
:10B0300015F002F8F32015F017F80221204615F05C
:10B0400063F8044615F008F8082C1AD114F0F4FF40
:10B05000F32015F009F8BDB1069B08F104061C1F8A
:10B06000F61AC3F1040701E09D420DD9301954F8D6
:10B07000041F15F079F8082807EB0403F4D014F046
:10B08000EBFF0020BDE8F08114F0E6FF154B1A68D5
:10B0900022F480621A601A6842F480521A601A68B8
:10B0A00022F480521A60BFF34F8FCDB1069B069AEF
:10B0B000013B08F101001D44801A01E0AB420FD0B2
:10B0C000C25C13F8011F52B28A42F7D00020054A31
:10B0D000136843F480631360BFF34F8FBDE8F081C2
:10B0E0000120F4E7003C02403A4AC0EBC00100B541
:10B0F00002EB810203465068828A85B092B20292C6
:10B10000029A029A12F4E06F12D1828A324903EB5A
:10B110004303DB0001EB030C22F470624FF0010EDD
:10B12000828201F803E000238CF8013005B000BDF5
:10B13000B0F818C0019300221FFA8CFC4FF4806114
:10B140000090CDF80CC014F06DFF029A12F4007F4D
:10B15000DDE90003D9D102889105D6D40288D20551
:10B1600017D547F2305201E0013A22D00188C905D3
:10B17000FAD447F2305201E0013A02D00188890541
:10B18000FAD401210193009014F028FFDDE90003B7
:10B19000BBE701210193009014F020FFDDE90003DB
:10B1A00047F2305201E0013AAFD001888905ACD5B1
:10B1B000F9E703EB43030849DB004FF0010C01F80A
:10B1C00003C00B444FF4E0615A7005B05DF804EB26
:10B1D00014F028BF607503081C8F0020B54AC0EB2F
:10B1E000C00302EB83032DE9F0435D68AB8A13F0E3
:10B1F000010187B0044673D113F0020C45D0BFF3B0
:10B200005F8FAD4F00EB400807EBC8084600B8F869
:10B210000E309BB2012B00F02B812B8B8DF8173059
:10B22000BFF35F8F06EB040807EBC808C4EBC40349
:10B2300002EB8302B8F80E3055689BB2022B00F087
:10B240003F8106EB040807EBC808B8F80E309BB244
:10B25000032B07D198F80B3023B198F80830002B56
:10B2600040F03C8101224FF48061284614F0DAFE60
:10B27000331907EBC303DB89904A9BB212570133A2
:10B280009A421CD007B0BDE8F08313F0040261D1EC
:10B29000DFF8288218F9001013F04000814640F0D2
:10B2A00045811A06844F00F1878104EB4403660050
:10B2B00007EBC303DB899BB201339942E2D1331917
:10B2C00007EBC30300221A725B7A002B40F0EC807C
:10B2D000264407EBC6060023737007B0BDE8F08371
:10B2E0002B88DFF8D881744F23F400632B80012171
:10B2F000284614F087FE002308F8043004EB4403CA
:10B3000007EBC3036600DA7A002A6BD01A7A002AA8
:10B3100065D0331907EBC30301221A72DB899BB294
:10B32000022B03D12B8843F400632B80331907EBE6
:10B33000C3030122197B0093284614F059FE009B99
:10B34000DB8918F904209BB201339A42B7D007B0C9
:10B35000BDE8F083584F00EB400307EBC303012225
:10B360005A724600D87A002850D0197A00294DD058
:10B37000D98989B2022900F25E815B7A114628469A
:10B38000002B00F0558114F029FEDFF830813319CD
:10B3900007EBC30318F904205969009202F1010C6C
:10B3A0002846CDE9011308F804C014F037FEDDE9A2
:10B3B0000021029B88545A6918F904300192591CE3
:10B3C0002846009308F8041014F028FEDDE9003246
:10B3D000D05418F80430013308F8043034E05B7BB3
:10B3E000FF2B96D0331907EBC3030022197B009380
:10B3F000284614F0FDFD009B5A7BFF2AA0D0DB8974
:10B40000FF2208F8042007B0BDE8F08306EB04082B
:10B4100007EBC80898F8083023B998F80A30002BD1
:10B4200000F0B880331907EBC30301215B7A28468B
:10B43000002B00F0AC8014F0D1FDDFF8808018F80C
:10B440000430013308F8043047F2305201E0013A89
:10B450004DD02B88D905FAD4331907EBC30318F95B
:10B460000420DB899BB201339A427FF40BAF26E7BD
:10B4700098F80B0000283FF4D0AE98F80800002898
:10B480003FF4CBAE2846009314F0BCFDBFF35F8FB2
:10B490002A8B00998DF81720284614F09FFD009BF9
:10B4A00088F809301A461AE028464FF4407114F023
:10B4B000B9FD0DE7607503081C8F0020788E002011
:10B4C00098F80B30002B3FF4BCAE98F80830002BF6
:10B4D0003FF4B7AE0021284614F094FD00224FF44B
:10B4E0008061284614F09EFDB8F80E30C4E631198C
:10B4F00007EBC10C18F90400BCF80E309BB2013305
:10B5000098424FEAC1013FF4DAAEDCF8043001336F
:10B51000CCF8043001237B5428464FF4E0618CF8CA
:10B52000012007B0BDE8F04314F07CBD5C4F0392EE
:10B5300004EB440307EBC303481C5A6908F80400F2
:10B540002846CDE90023029114F068FD009A029983
:10B55000019B505418F90410DB89039A9BB2C81C54
:10B5600083424FEA44061FD0331907EBC303DA893D
:10B57000DB8992B28A427FF49EAE4A1C9BB252B2E1
:10B5800001339A4208F804207FF47CAE97E614F069
:10B590001BFD52E70121284614F016FD012388F80F
:10B5A0000830DFF800814FE74FF48061284614F03F
:10B5B00039FD18F90410D7E74B1C1ED004EB4403E7
:10B5C00007EBC3034A1C08F804201A690093515C76
:10B5D000284614F021FD009B18F90410DA8992B274
:10B5E0008A424FEA44067FF465AE4A464FF48061D2
:10B5F000284614F017FD009BA2E604EB440307EB7A
:10B60000C30308F80400597B0093284614F004FD96
:10B61000009BDA7A660022B9DA8992B2002A7FF4B6
:10B620008FAE00224FF48061284614F0FBFC13E734
:10B6300014F0CAFCA9E6DFF86C8000936146284646
:10B6400014F0E0FC009B18F904105A69029101F112
:10B65000010C2846CDE9002308F804C014F0DEFCF4
:10B66000009A029950542846012114F0B7FC019B1E
:10B6700001225A72596918F90430019103EB020C46
:10B680002846009308F804C014F0C8FCDDE9003136
:10B690000122C8544FF48061284614F0C3FCD3E65D
:10B6A0001C8F0020788E002070B505463E483F4E26
:10B6B00000EB051082B0C4783D4804EB440EC4EBA7
:10B6C000C40C00EB8C0006EBCE0C4FEACE0E8CF8CF
:10B6D0000C108CF80D20012100228CF80A20406803
:10B6E0008CF80B108CF808208CF8092006F80E2036
:10B6F000069ACCF81420CCF81020ACF80E308CF858
:10B70000011083889B0514D40388D9050CD447F213
:10B71000305301E0013B3BD002889205FAD401216D
:10B72000019014F051FC019804EB4403DB00F35C3E
:10B7300043B304EB4401C80047F2305306EBC101A8
:10B7400001E0013B04D04A78002AFAD1335CB3B15E
:10B7500004EB440306EBC30300265E705A68013213
:10B760005A60144B05EB450503EB850320469A68A8
:10B7700001329A6000F040FF304602B070BD0120F7
:10B7800002B070BD01224FF4407114F04BFCD0E7C1
:10B7900004EB4403DB000122F25404EB4403DB001E
:10B7A000F35C002BC5D1EDE7848F00201C8F0020B7
:10B7B00060750308A48E00202DE9F041664CDFF887
:10B7C0009CC10E4604EB00111D46C978C1EBC10EA9
:10B7D00082B01CF82E3003B11AB9002002B0BDE8C7
:10B7E000F0810CEB8E0C0329A846DCF804301746D8
:10B7F00005460BD81A88D20708D547F2305202E026
:10B80000013A00F09B80188B8007F9D4184600227B
:10B810004FF4E061019314F005FC0198012114F04C
:10B82000F1FB019B9A8A22F480629A8218460121D8
:10B8300014F0CAFB019B47F2305C02E0BCF1010C42
:10B8400077D0B3F814E01EF0010FF7D004EB051227
:10B85000184611790193002214F0CAFB019B47F2AC
:10B86000305201E0013A5AD0998A8907FAD59A8A6A
:10B87000520554D41A8B1E8247F2305201E0013A2D
:10B8800057D0998A0806FAD547F2305201E0013ABA
:10B890004FD0998A4907FAD518460121019314F02F
:10B8A00093FB019B47F2305201E0013A41D0998A63
:10B8B000CE07FAD504EB051401222179019318462D
:10B8C00014F096FB019B47F2305201E0013A26D07A
:10B8D000998A8807FAD59A8A12F480621FD1144691
:10B8E0001A8B7A1ED6B208F1FF35224696422BD02B
:10B8F00047F2305201E0013A1BD0998A4906FAD545
:10B9000029461A8A01F8012F0134E2B297420D4606
:10B91000ECD81846012114F061FB01205EE79A8AF9
:10B9200022F480629A82184601211B8B14F056FB88
:10B9300053E70121184614F051FB4EE708460193E6
:10B9400000F0D6FD019B61E718460021019314F039
:10B9500059FB019BCCE700BF848F00206075030872
:10B960002DE9F0414C4CDFF834C10E4604EB0011D8
:10B970001D46C978C1EBC10E82B01CF82E3003B150
:10B980001AB9002002B0BDE8F0810CEB8E0C03293F
:10B99000A846DCF80430174605460AD81A88D207AC
:10B9A00007D547F2305201E0013A6ED0188B80077C
:10B9B000FAD4184600224FF4E061019314F032FBF0
:10B9C0000198012114F01EFB019B9A8A22F48062E7
:10B9D0009A821846012114F0F7FA019B47F2305C75
:10B9E00002E0BCF1010C4BD0B3F814E01EF0010FE3
:10B9F000F7D004EB0514184621790193002214F0C6
:10BA0000F7FA019B47F2305001E001382ED0B3F82D
:10BA100014C01CF0020FF8D09A8A520526D41A8B53
:10BA20001E8247F2305201E0013A29D0998A0C0671
:10BA3000FAD54246BC181178198247F2305101E01C
:10BA400001391DD0988A0006FAD50132A242F2D1FE
:10BA500047F2305201E0013A12D0998A4907FAD5EB
:10BA60001846012114F0BAFA01208BE79A8A22F4D1
:10BA700080629A82184601211B8B14F0AFFA80E78E
:10BA80000121184614F0AAFA7BE70846019300F05A
:10BA90002FFD019B8DE700BF848F00206075030898
:10BAA0002DE9F84F904ADFF88092904D904E002794
:10BAB00009F8007080460346E87402EB800A4FF0F4
:10BAC000080B0EE019F80830FF2B1CBF013309F8F2
:10BAD00008300BF1010B5FFA8BFBBBF1780F46D0FE
:10BAE000EB7CC3EBC3034FEA4B0216F823102A7515
:10BAF00006EB83030029E5D05C6800224FF4E06187
:10BB0000204614F08FFA0121204614F07BFA01211F
:10BB1000204614F059FA47F2305302E0013B00F09E
:10BB2000CC80A28AD107F9D5297DA38A002220469C
:10BB300014F05EFA47F2305302E0013B00F0C88097
:10BB4000A28A9207F9D5A38A5B0540F1A580238BD1
:10BB5000A38A0BF1010B23F480630121A382204609
:10BB60005FFA8BFB14F03AFABBF1780FB8D1614B56
:10BB7000B8F1010F03F8087018D15F4B5F481968DE
:10BB8000326A090C01805E4958680880D9685D48AE
:10BB90005B6A090C01805C4910880B805B495C4B37
:10BBA0000880918B19805B4B128C1A805A4C5B4930
:10BBB000207807F015FE0023207841461A4607F04A
:10BBC000C9FE5749207807F00BFE002F00F0828055
:10BBD0002078454D2021FBF76DF820783021FBF7C8
:10BBE00069F820787821FBF765F815F82810207897
:10BBF00007F004FE012F4AD020782021FBF75AF8E5
:10BC000005EB880620783021FBF754F8207878215E
:10BC1000FBF750F82078717807F0F0FD022F36D04E
:10BC200020782021FBF746F820783021FBF742F8F6
:10BC300020787821FBF73EF8B178207807F0DEFD18
:10BC4000032F24D020782021FBF734F820783021EE
:10BC5000FBF730F820787821FBF72CF8F178207882
:10BC600007F0CCFD042F12D020782021FBF722F81A
:10BC700008F1010820783021FBF71CF820787821A2
:10BC8000FBF718F8207815F8281007F0B7FD207892
:10BC9000BDE8F84F07F096BD238BA38A23F4806399
:10BCA0000121A382204614F099F9032F3FF611AF2A
:10BCB0007B1C0AF807B0DFB20BE7A38A238BA38AA9
:10BCC00023F480630121A382204614F087F9F9E66A
:10BCD000A38A3CE72078134907F082FD2078BDE86D
:10BCE000F84F07F06FBD00BF908E0020848F0020BA
:10BCF00060750308A08E002000040240888E00209A
:10BD0000868E0020848E0020828E0020808E00206F
:10BD10007E8E00207C8E002034900020485E030838
:10BD20004C5E0308585E03088C8E0020F0B5A1B06D
:10BD30001C06DDF898E07FD406465B485B4D00EBBF
:10BD40000610C47804EB440005EBC00CC0008CF86E
:10BD50000C108CF80D20012100228CF808208CF8A2
:10BD600009208CF80A108CF80B202A54CCF810D03B
:10BD70006A46CCF814D0ACF80E308CF801106BB3D6
:10BD8000591E05297AD90DF1FF31A1EB0E000228C9
:10BD9000714673D903F0FC0CF44451F8040B42F8DB
:10BDA000040B6145F9D19F0718D003F0FC02511C28
:10BDB0000DEB0200C9B21EF802C080F800C08B4231
:10BDC0000CD902320DEB0100D2B21EF80110017045
:10BDD000934203D91EF802306A441370344BC4EB0B
:10BDE000C40203EB820337465E68B388980526D504
:10BDF00004EB4401C80047F2305305EBC10101E0F8
:10BE0000013B05D04A78002AFAD12B5C002B32D0B6
:10BE1000284A04EB440305EBC30307EB470102EB9D
:10BE20008102002159705D68916801350131204619
:10BE30005D60916000F0E0FB002021B0F0BD338830
:10BE4000D9050BD447F2305301E0013B1FD03288B3
:10BE50009205FAD40121304614F0B6F804EB4403FD
:10BE6000DB00EB5C002BC3D1012230464FF4407164
:10BE700014F0D8F8BCE7012021B0F0BD714673443E
:10BE800011F8010B02F8010B9942F9D1A6E704EB76
:10BE90004403DB000122EA5404EB4403DB00EB5CC7
:10BEA000002BA5D1E0E700BF848F00201C8F00206D
:10BEB00060750308A48E0020574B93F830203AB9E0
:10BEC00056495748CB79026062F30413CB7170472F
:10BED00070B584B0F5F77EFC4F4B524A93F8313081
:10BEE000012BC2E9020168D0022B53D0002B74D180
:10BEF0004A4C4B48E2794C4901934FF4803CC0F8DE
:10BF000000C042F0100220200860E27118464FF095
:10BF1000FF350DF10F0201218DF80F50F4F786FF68
:10BF200055210DF10F028DF80E1001989DF90F604B
:10BF30008DF80F500121F4F779FF9DF90F209DF93D
:10BF40000E1091425DD1FF230DF10F02012100205F
:10BF50008DF80F30F4F76AFFFF230DF10F02012176
:10BF600000209DF90F408DF80E608DF80F30F4F72A
:10BF70005DFF9DF90F309DF90E209A4236D1274979
:10BF8000A4F15502CB79B2FA82F2520962F304139A
:10BF9000CB7110E0244B22494FF480724FF4003CE7
:10BFA00030201A60C1F800C0FFF724F81B4AD3798B
:10BFB00060F30413D37104B070BD1B4B18494FF4E8
:10BFC00080724FF400001A600860EEF785FB134A98
:10BFD000D37960F30413D371EDE7104A1048D37995
:10BFE000002161F304130160D371E4E70B4BDB79AB
:10BFF000DB06C4D50DF10E0201210020F4F7DCFEB2
:10C00000BDE7E279D2069ED501980DF10E0201211D
:10C01000F4F7D2FE97E700BF40740308AC7D002020
:10C02000808F0020B02F00207C8F002010B582B0C0
:10C030009DF8101009B902B010BD1446019300908C
:10C04000F5F7C8FB019B001B61EB0301ECF784FDD6
:10C05000009A144B02EB420103EB810191ED007A4F
:10C0600007EE900AB5EE407AF1EE10FA02EB4202CA
:10C0700018BF37EE877A03EB820308BFB0EE677A0A
:10C08000FCEEE77A596817EE902A1CBFF6EE006ABC
:10C0900027EE267A8A4283ED007A88BF5A6002B082
:10C0A00010BD00BFA48E0020F0B585B0CDE90232EE
:10C0B00004460D46F5F78EFB0F46264901EB0411A9
:10C0C00006468878DDE9023240B129462046EFF77E
:10C0D00049FA034663B9184605B0F0BD09790093E3
:10C0E000204613462A46FFF7DFFA0346002BF2D01C
:10C0F0000293F5F76FFB801B61EB0701ECF72CFD5A
:10C10000154A029B04EB440102EB810191ED007A98
:10C1100007EE900AB5EE407AF1EE10FA04EB440413
:10C1200014BF37EE877AB0EE677A02EB8402FCEE3A
:10C13000E77A506817EE901A1CBFF6EE006A27EEF9
:10C14000267A8142184682ED007A88BF516005B098
:10C15000F0BD00BF848F0020A48E0020F0B585B014
:10C1600004460D46F5F736FB264B03EB0413064653
:10C170009A780F465AB10DF10F0329460122204645
:10C18000EFF7F0F970B99DF80F0005B0F0BD19791F
:10C190000DF10F0300932A4601232046FFF784FA8E
:10C1A0000028F0D0F5F716FB801B61EB0701ECF7D8
:10C1B000D3FC154B04EB440203EB820292ED007AB0
:10C1C00007EE900AB5EE407AF1EE10FA04EB440463
:10C1D00014BF37EE877AB0EE677A03EB8403FCEE88
:10C1E000E77A596817EE902A1CBFF6EE006A27EE30
:10C1F000267A8A4283ED007A88BF5A609DF80F0044
:10C2000005B0F0BD848F0020A48E0020F0B585B06D
:10C2100004468DF80F200D46F5F7DCFA274B03EBAB
:10C22000041306469A780F465AB10DF10F032946BA
:10C2300001222046EFF77CFA034673B9184605B091
:10C24000F0BD19790DF10F0300932A460123204612
:10C25000FFF76CFD0346002BF0D00293F5F7BAFA16
:10C26000801B61EB0701ECF777FC154A029B04EB9E
:10C27000440102EB810191ED007A07EE900AB5EEE0
:10C28000407AF1EE10FA04EB440414BF37EE877ADB
:10C29000B0EE677A02EB8402FCEEE77A506817EEA4
:10C2A000901A1CBFF6EE006A27EE267A81421846E5
:10C2B00082ED007A88BF516005B0F0BD848F002008
:10C2C000A48E00202DE9F0412A4C04EB001484B028
:10C2D00094F802C0BCF1000F04D004B0BDE8F041F6
:10C2E000FFF7E2BE1E46CDE902120546F5F772FAE7
:10C2F000884621790096DDE90223074601F0FE0118
:10C300002846FFF7D1F9044618B9204604B0BDE825
:10C31000F081F5F75FFAC01B61EB0801ECF71CFC3C
:10C32000154B05EB450203EB820292ED007A07EE16
:10C33000900AB5EE407AF1EE10FA05EB450018BF11
:10C3400037EE877A03EB800308BFB0EE677AFCEE26
:10C35000E77A596817EE902A1CBFF6EE006A27EEBE
:10C36000267A20468A4283ED007A88BF5A6004B05C
:10C37000BDE8F081848F0020A48E00202DE9F04FCD
:10C3800089B0002A64D0984613440493A1EB0803B3
:10C390000393324B00EB4002054603EB82094FF05A
:10C3A000010B0DF11F07039B08EB030218F8013B7B
:10C3B0008DF81F305FFA82FAF5F70CFA284B0E461B
:10C3C00003EB0511044688783B4678B151460122BB
:10C3D0002846EFF7ADF9034693B903EA0B0B049B2C
:10C3E0004345E0D1584609B0BDE8F08F0979009780
:10C3F000012352462846FFF799FC0346002BECD058
:10C400000593F5F7E7F9001B61EB0601ECF7A4FBD8
:10C4100099ED007AD9F80410059B07EE900AB5EE65
:10C42000407AF1EE10FA18BF37EE877AF0EE676ABD
:10C43000FCEEE77AB6EE006A17EE902A18BF67EEB8
:10C44000066A8A42C9ED006A88BFC9F80420C4E7B9
:10C450004FF0010B584609B0BDE8F08FA48E0020C4
:10C46000848F00208188006814F0A2B80368828855
:10C4700009B11A8370475A83704700BF02688388E6
:10C4800051694B405361704730B5044683B06846EC
:10C490000D4614F087F823782289009283B1B5FA0B
:10C4A00085F35B094FF0000C4FF4807260688DF8E3
:10C4B000043069468DF805C0ADF8062014F020F868
:10C4C00003B030BD00B589B000236846CDE9003324
:10C4D000029313F0C1FE03A813F0B0FF034813F05A
:10C4E000D1FF684613F0B8FE09B000BD24900020CB
:10C4F0002DE9F0473C493D4F0B7AC0EBC00223F0D9
:10C50000080382B00B7217F8223007EB820413B9CC
:10C5100002B0BDE8F0878246684614F043F8A5688B
:10C52000A689334B019369462846009613F0E8FF2D
:10C530002369A48A009418466946984613F0E0FFE0
:10C540003146284614F03AF82146404614F036F8B1
:10C55000A14609243146284614F032F80520F5F7A3
:10C5600077F93146284614F029F80520F5F770F9D7
:10C57000631E13F0FF04EDD14946404614F020F845
:10C580000520F5F765F93146284614F019F805201D
:10C59000F5F75EF93146284614F010F80520F5F756
:10C5A00057F94946404614F009F8124B0193694681
:10C5B0002846009613F0A4FFCAEBCA0307EB8307D3
:10C5C00028463C7EF989224613F0FCFF6946404626
:10C5D000CDF8009013F094FFF98A2246404613F0FC
:10C5E000F1FF02B0BDE8F087AC7D00206075030864
:10C5F000010201010202010130B55F4BC0EBC00234
:10C6000003EB820413F8223089B00BB909B030BDB6
:10C61000227EE18901920546A06813F0D3FF019ABA
:10C62000E18A206913F0CEFF2846FFF761FF022D53
:10C630005AD0032D2DD0012D40F0818029464FF492
:10C64000001014F08FFB4D4813F004FC04A813F005
:10C65000A3FC002249484FF4407113F0E3FC484B1F
:10C660004648049304A913F02BFC2946434813F0D1
:10C67000A1FC4FF4A06014F0D3F8424B039303A83D
:10C6800014F0D8F81F2303A88DF80C3014F0D2F85A
:10C69000BCE701214FF4000014F064FB3A4813F0AA
:10C6A000D9FB04A813F078FC002237484FF44071FE
:10C6B00013F0B8FC324B3448049304A913F000FC87
:10C6C0000121314813F076FC4FF4A06014F0A8F873
:10C6D0002E4B039303A814F0ADF8482303A88DF85C
:10C6E0000C3014F0A7F891E701214FF4800014F00A
:10C6F00039FB274813F0AEFB04A813F04DFC0022D1
:10C7000023484FF4407113F08DFC1D4B20480493D7
:10C7100004A913F0D5FB01211D4813F04BFC4FF485
:10C72000A06014F07DF81B4B039303A814F082F86B
:10C73000212303A88DF80C3014F07CF866E76468B8
:10C74000204613F087FB04A813F026FC00222046A5
:10C750004FF4407113F066FC094B049304A9204682
:10C7600013F0AEFB2046012113F024FC4FF4A0602F
:10C7700014F056F84AE700BF607503080054004003
:10C78000801A060020000001005C00404900000102
:10C7900000580040220000012DE9F041524B4201B7
:10C7A00003EB40159B5C8AB013B90AB0BDE8F08179
:10C7B0006C680190204614F0EFF903A813F0F2FE24
:10C7C000AB6840F202221846ADF8102003A9AA89EE
:10C7D00003921F4613F094FE2A69164603A9AA8AFB
:10C7E0000392304613F08CFEAA691346184603A93B
:10C7F0009046AA8B039213F083FE019B022B5AD022
:10C80000032B3FD0012B16D119464FF4805014F062
:10C81000B5FA6420F5F71CF805221146384613F0E6
:10C82000D1FE05220621304613F0CCFE0522072159
:10C83000404613F0C7FE05A814F00AFA00252B4B5A
:10C84000CDF81E304FF4827205A92046ADF81620AF
:10C85000CDF81A5014F0D6F92946204614F010FAF3
:10C860000121204614F0FCF90221204614F012FAAE
:10C870000028F9D0204614F0FDF98DF80B000AB01D
:10C88000BDE8F08101214FF40040019314F06AFAF1
:10C890006420F4F7DDFF01993846062213F092FE7A
:10C8A00030460622042113F08DFE06220521404663
:10C8B00013F088FEBFE701214FF48040019314F08C
:10C8C00051FA6420F4F7C4FF384605220D2113F015
:10C8D00079FE01993046052213F074FE05220321EA
:10C8E000404613F06FFEA6E7E07403080002300034
:10C8F000F0B589B090F800C004460020CDE90300EF
:10C90000CDE905000790BCF1000F01D109B0F0BDE1
:10C9100068461F4616460D4613F044FE03238DF865
:10C92000053023890093237B8DF80430637B8DF8D9
:10C9300006306068A37B8DF80730694613F0E0FD90
:10C94000237C002BE2D094F820206189606813F0EA
:10C9500039FE03A813F072FD334A03920422ADF8A6
:10C960001020238B05970222ADF818204FF4807217
:10C97000ADF81C200C2B10D8DFE803F04D0F0F0F83
:10C98000440F0F0F070F0F0F3B00606903A913F04F
:10C99000EBFC6069082113F067FD684613F05CFC4E
:10C9A0006069224B984212D003F5806398420ED002
:10C9B00003F5705398420AD003F58063984206D07D
:10C9C00003F58063984202D06908013900E0691ECE
:10C9D000721EADF800100121019213F045FC606950
:10C9E000694613F0E1FB6069012113F059FD09B0BC
:10C9F000F0BD606903A913F0F3FC6069082113F02E
:10CA000039FDCAE7606903A913F072FC6069082167
:10CA100013F022FDC1E7606903A913F02FFC6069E0
:10CA2000082113F013FDB8E7700001000000014079
:10CA300040B1062806D03422134B02FB00F01A182E
:10CA40001B5C03B9704710B5536886B01846019156
:10CA500000211C46009213F083FF02A813F076FF1A
:10CA6000009A019BD08BADF80E00928B029302A925
:10CA70002046ADF8102013F00DFF0121204613F0E1
:10CA80006FFF06B010BD00BFD0750308014801213B
:10CA900013F0EABB000C00400148002113F0E4BB96
:10CAA000000C004000B5012185B0084614F042F9A1
:10CAB0000121082014F056F901A813F073FD042297
:10CAC000114B12480DEB0201CDE9012313F018FDC3
:10CAD0000020082340F2CB3201A9ADF80C000C482D
:10CAE0000193029213F060FB0948012113F0BCFB93
:10CAF00001221146064813F0E3FC064B00936846FA
:10CB000013F098FE05B000BD0102000100000240D4
:10CB1000000C0040320400012DE9F0433423924D13
:10CB200000FB03F399B0EB5C04465BB10F460628AB
:10CB30001FD8DFE810F012001A00DC00E200E80065
:10CB4000EE000C00894A135419B0BDE8F083FFF7DA
:10CB5000A9FF864B01229A71F6E7844B01221A70D5
:10CB600019B0BDE8F04302F0A1BC0121102014F07F
:10CB700005F903A813F016FD342303FB045340F218
:10CB800002229868ADF8102003A99A8901930392B4
:10CB9000009013F0B5FCDDE9000393F82120D9895A
:10CBA0000093164613F00EFD009B9A8A9046002AC9
:10CBB00040F0CC8005A813F0C9FE342303FB0453D6
:10CBC00005A99A6958680592DA8BADF81A209A8BF4
:10CBD000009306468146ADF81C2013F05BFE009BD7
:10CBE000634A644893F8201040F2012EADF809E042
:10CBF0004FF0000C4FF0010E8DF80BE022F814C03E
:10CC00005D4A20F814C022F814C0002900F0878083
:10CC100009A8009313F0ACFD009B1A6B4FF48063DE
:10CC20000F930D934FF4803313931046331D9046AA
:10CC30001E460A9313F0DAFC404613F0BBFD0028B1
:10CC4000FAD1342303FB04554C4B0C9003EB8423A3
:10CC50000B936B6A099309A94FF4807340461293B2
:10CC60000A9613F053FD0121404613F093FD012273
:10CC70004021484613F086FE404613F097FD404B96
:10CC8000C0F5806023F814003E4B23F8140095F89B
:10CC90002C308DF8083002A813F0CCFDAB6A184692
:10CCA0001E4613F0A3FC304613F084FD0546002811
:10CCB000F9D1402309A9129030460C9313F026FDB8
:10CCC0002946304613F070FD01223046102113F042
:10CCD00075FD01228021484613F054FE234B0121AB
:10CCE0001F55484613F03CFE19B0BDE8F083012102
:10CCF0004FF4003014F036F83BE701214FF4802068
:10CD000014F030F835E701214FF4002014F02AF830
:10CD10002FE701214FF4801014F024F829E7184A76
:10CD200093F8223022F81410164A02A822F81410A0
:10CD30008DF8083013F07EFDB8F1000FCED001223F
:10CD400040F22551304613F027FEC7E718690392D9
:10CD500003A9CDE9000313F0D3FB019B0098D98A06
:10CD6000324613F02FFC25E7D07503082444002039
:10CD70006460002074600020846000204C44002027
:10CD80002C4400203C44002030B52E489BB013F0CA
:10CD90002DFC2C4813F00EFD04460028F9D10BA8F9
:10CDA00013F0E6FC284B294A0C934FF480630D9254
:10CDB00011934FF400624FF40053CDE912234FF466
:10CDC000807C4FF4003306251E480B940BA9CDE957
:10CDD00014C3CDE90F5413F099FC012119481C4CE0
:10CDE00013F0D8FC01A813F05BFE01A813F042FE7B
:10CDF00005A813F035FE40F2011316488DF82850AF
:10CE000005A9ADF8183013F003FE04F1D80594F825
:10CE10002020217C60680223243413F051FEAC42B0
:10CE2000F5D10C48012113F0ADFE0A48012113F0A1
:10CE30009FFE0121074813F039FE064813F092FEC9
:10CE40001BB030BD106402404C20014080380020EF
:10CE50003C77030800200140F0B5A648A64E85B0F7
:10CE6000012113F067FF0121002013F06FFFA34899
:10CE7000012113F077FFA248012113F07FFF012168
:10CE80004FF4001013F056FF01214FF4800013F00F
:10CE900051FF01211F2013F04DFF13F0ADFF684635
:10CEA00013F080FB03274FF6FF7396480093694603
:10CEB0008DF8047013F024FB9348694613F020FBAF
:10CEC0009248694613F01CFB9148694613F018FB21
:10CED000009B904823F4F0436946009313F010FB45
:10CEE0004FF4A06013F09CFC8B4A8C498C4B0024BF
:10CEF00001250A20146008601D7002F0D7FA894BE2
:10CF00001D60B379214643F004032846B371FFF74F
:10CF100003FE854B04201860F379214643F0020399
:10CF2000F371FFF7F9FD21460220FFF7F5FD2146D9
:10CF30003846FFF7F1FD7D4B764E062228461A60F3
:10CF4000FFF75AFB02A813F02DFB4FF4804440F288
:10CF5000013502A96F48CDE9024513F0D1FA748377
:10CF600002A813F01FFB4FF40054304602A9CDE98C
:10CF7000024513F0C5FA74836D4E6E4CF9F7C4F890
:10CF800006F1A005A6469EE80F0086E80F001036C1
:10CF9000B5420EF1100EF6D1674D02A813F002FB58
:10CFA0004FF4004602A95848CDE9026513F0A8FAEB
:10CFB00002A813F0F7FA4FF4005302A95248029363
:10CFC000039513F09DFAF9F717F84E4A4FF480676E
:10CFD000578302A8A5F5807513F0E4FA802302A90F
:10CFE00048480293039513F08BFA464A80235383F3
:10CFF00002A813F0D7FA402302A9424802930395EE
:10D0000013F07EFA3F4A4023538302A813F0CAFA72
:10D01000012302A93B480293039513F071FA394AA0
:10D020000123538302A813F0BDFA022302A9354855
:10D030000293039513F064FA324A0223538302A841
:10D0400013F0B0FA02A92F48CDE9027513F058FA8F
:10D050002C4A02A8578313F0A5FA4FF4006702A9DF
:10D0600028480297039513F04BFA264A02A85783E3
:10D0700013F098FA4FF4807702A92348029703959A
:10D0800013F03EFA204B02A85F8313F08BFA4FF4A3
:10D09000007702A91C480297039513F031FA1A4B46
:10D0A00002A85F8313F07EFA4FF4804702A9154867
:10D0B0000395029713F024FA124A02A8578313F03B
:10D0C00071FA144802A9CDE9026513F019FA114A60
:10D0D0001A4B56831B78022B03D0194B1B781A2B43
:10D0E00062D1184B00221A70F5F742FD164D174F0A
:10D0F00040E000BF1F906700AC7D0020FFC9FE36F6
:10D10000335F07000004024000080240000C0240A8
:10D110000010024000000240349000200000002077
:10D1200024440020389000203C90002030900020C3
:10D13000848F002040740308010300010C000020CC
:10D14000F5000020B8060020E07403080102000189
:10D15000FFF722FB02A813F025FAA668A38902A90B
:10D160003046CDE9023713F0CBF9A389338310346D
:10D17000AC420BD02378002BF9D0A378E078002BB9
:10D18000E6D11034FFF738FAAC42F3D10A20F4F7B5
:10D19000EBFBFFF7F9FD0A20F4F7E6FB4FF4FA701A
:10D1A000F4F7E2FB05B0F0BDECF74CFC9CE700BFE8
:10D1B00000B5012183B0084613F0BCFD40F20233F4
:10D1C0004FF4C05269460D48CDE9002313F098F999
:10D1D0000A480A220B2113F0F5F90A2207480C210C
:10D1E00013F0F0F901214FF4804013F0C7FD012145
:10D1F000802013F0ABFD03B000BD00BF0000024073
:10D2000000B54FF4C06083B013F00AFB034B0193E9
:10D2100001A813F00FFB03B000BD00BF43010301E1
:10D22000704700BF704700BF4FF4802013F062B911
:10D23000014800F065BE00BFA898002010B5044664
:10D2400001F07CF962780120002384F8120184F84F
:10D250001431002A00F0CD814FF48071A4F81C1124
:10D2600082424FF04001C4E94913A4F8223184F806
:10D270001F31C4F8303100F0CE81A4F84A01022AEF
:10D2800040F20110C4E9531384F84731C4F858310F
:10D29000A4F8440100F0D2804FF48170A4F86C012E
:10D2A000032A4FF00200C4E95D13A4F8720184F868
:10D2B0006F31C4F8803100F0C18040F20310A4F84F
:10D2C0009401042A4FF00300C4E96713A4F89A01FB
:10D2D00084F89731C4F8A83100F0B0804FF4827020
:10D2E000A4F8BC01052A4FF00400C4E97113A4F8A6
:10D2F000C20184F8BF31C4F8D03100F09F8040F201
:10D300000510A4F8E401062A4FF00500C4E97B13D8
:10D31000A4F8EA0184F8E731C4F8F83100F08E800F
:10D320004FF48370A4F80C02072A4FF00600C4E9FA
:10D330008513A4F8120284F80F32C4F820327DD08D
:10D3400040F20710A4F83402082A4FF00700C4E99D
:10D350008F13A4F83A0284F83732C4F848326DD0FB
:10D360004FF48470A4F85C02092A4FF00800C4E965
:10D370009913A4F8620284F85F32C4F870325DD069
:10D38000092140F20910A4F88A120A2A4FF040013C
:10D39000C4E9A313A4F8840284F88732C4F898324D
:10D3A0004CD04FF48570A4F8AC020B2A4FF00A0061
:10D3B000C4E9AD13A4F8B20284F8AF32C4F8C032A5
:10D3C0003CD040F20B10A4F8D4020C2A4FF00B0012
:10D3D000C4E9B713A4F8DA0284F8D732C4F8E83203
:10D3E0002CD04FF48670A4F8FC020D2A4FF00C00EC
:10D3F000C4E9C113A4F8020384F8FF32C4F810335F
:10D400001CD040F20D10A4F824030E2A4FF00D009A
:10D41000C4E9CB13A4F82A0384F82733C4F83833BB
:10D420000CD04FF48770C4E9D513A4F84C030E2038
:10D43000A4F8520384F84F33C4F86033002340212A
:10D440000120022AC4E9DF13C4E9E913A4F8743304
:10D45000A4F87A3384F87733C4F88833A4F89C03AB
:10D46000A4F8A20384F89F33C4F8B03300F0C1805D
:10D470000220032AC4E9F313A4F8C403A4F8CA03DE
:10D4800084F8C733C4F8D83300F0B3800320042AEB
:10D49000C4E9FD13A4F8EC03A4F8F20384F8EF3315
:10D4A000C4F8003400F0A5800420052AA4F8140470
:10D4B000A4F81A0484F81734C4F81C14C4F82034EF
:10D4C000C4F8283400F095800520062AA4F83C040E
:10D4D000A4F8420484F83F34C4F84414C4F848342F
:10D4E000C4F8503400F085800620072AA4F86404AC
:10D4F000A4F86A0484F86734C4F86C14C4F870346F
:10D50000C4F8783475D00720082AA4F88C04A4F84D
:10D51000920484F88F34C4F89414C4F89834C4F88E
:10D52000A03466D00820092AA4F8B404A4F8BA04E8
:10D5300084F8B734C4F8BC14C4F8C034C4F8C83490
:10D5400057D009200A2AA4F8DC04A4F8E20484F8DD
:10D55000DF34C4F8E414C4F8E834C4F8F03448D034
:10D560000A200B2AA4F80405A4F80A0584F8073554
:10D57000C4F80C15C4F81035C4F8183539D00B2090
:10D580000C2AA4F82C05A4F8320584F82F35C4F829
:10D590003415C4F83835C4F840352AD00C200D2A8B
:10D5A000A4F85405A4F85A0584F85735C4F85C1556
:10D5B000C4F86035C4F868351BD00D200E2AA4F8D5
:10D5C0007C05A4F8820584F87F35C4F88415C4F876
:10D5D0008835C4F890350CD00E22A4F8A425A4F800
:10D5E000AA2584F8A735C4F8AC15C4F8B035C4F83A
:10D5F000B835204601F0F6F9204601F067F9002120
:10D60000204601F017FA204601F038FA2046BDE81E
:10D61000104001F0DFB9C4E9DF13A4F87433A4F8B3
:10D620007A3384F87733C4F88833E2E710B51446C8
:10D630000A0619D401EB810C4FEACC0C00EB0C0E5E
:10D6400000228EF874130CF55D71CEF87C43014412
:10D650008EF877338EF87523022B04BF00230B71ED
:10D6600001F0EEFC002010BD01F07F0E0EEB8E0CE1
:10D670004FEACC0C00EB0C020CF58E714FF0010C54
:10D68000C2F82441014482F81CE182F81F31A2F85B
:10D6900022E182F81DC1DFE708B50B0601F07F0229
:10D6A0000DD401EB810300EBC30303F55D73C909DE
:10D6B00059701A70194601F001FD002008BD02EBF7
:10D6C000820300EBC30303F58E73F0E708B501F0A6
:10D6D0007F0E0EEB8E0C4FEACC0C194600EB0C03C0
:10D6E0000CF55D7CC3F8881300EB0C014FF0000CC7
:10D6F000C3F8802383F874E3C3F88CC383F875C33D
:10D7000090F803C0BCF1010F08BFC3F88423BEF139
:10D71000000F03D101F0A0FD002008BD01F0EAFCDC
:10D72000002008BD01F07F0C0CEB8C01C90008B58E
:10D7300000EB010E01F58E71CEF830310023CEF8EA
:10D7400034310123CEE94A2201448EF81CC18EF8FF
:10D750001D31BCF1000F03D101F07EFD002008BD9A
:10D7600001F0C8FC002008BD08B50B0601F07F02DF
:10D7700011D401EB810300EBC30303F55D734FF09C
:10D78000010CC909597083F802C01A70194601F0DA
:10D79000E1FD002008BD02EB820300EBC30303F5AB
:10D7A0008E73ECE70B0610B501F07F020FD401EB8E
:10D7B000810300EBC30303F55D730024C9095970AD
:10D7C0009C701A70194601F0E9FD204610BD02EB6D
:10D7D000820300EBC30303F58E73EEE702690023B7
:10D7E000106861F30A13034313607047084B18680D
:10D7F000FF280BD010B50749074A8C681268074903
:10D80000A047034BFF221A60002010BD0020704784
:10D8100024010020D00100204490002058900020D6
:10D82000432301480B80704728010020284A38B55F
:10D830001368052B03D001331360002038BDDFF8D7
:10D84000A4C09CF80010002301291360F5D02149E1
:10D850000A68B2F5006F08BF0B601F4BD1F800E0FB
:10D860001A6896452FD0D1F800E01A6896451BD962
:10D870000B681A4AC3F5006313601368402B0B68EA
:10D880001FFA83FE16D90B6840330B601368403BC8
:10D890001360402301228CF80020114A8121724438
:10D8A000FFF740FF002038BD1B680A689B1A0B4A2F
:10D8B0001360E2E7136814680D682C440C600021C3
:10D8C0009BB21160E6E700238CF80030B5E700BF9B
:10D8D0004090002050900020549000204C90002058
:10D8E000609000204890002010B501EB810100EB12
:10D8F000C101074BB1F88C131B69044605489847D2
:10D90000044A402301212046FFF7E0FE002010BD1D
:10D91000D00100206098002030B591F800C01CF0C4
:10D92000600283B00B4605461AD0202A04D002F0CC
:10D930005FF8022003B030BDCA8891F801E012B34D
:10D940001CF0800F2FD0214901938C68204970462C
:10D95000A047019B1E49DA88284601F05BFD0FE0D5
:10D960004A780A2A1AD00B2A13D0062A08D14A88E4
:10D97000120A212A20D017493A22284601F04AFDEE
:10D98000002003B030BD114B11469B68704698478C
:10D99000F6E78B78B3B9104A1360F1E70E4901221C
:10D9A00001F038FDECE70D490D4BC1F800E00849E6
:10D9B0001A6001F045FDE3E7CA880A493A2A28BF00
:10D9C0003A22DAE702F014F8DAE700BFD0010020CB
:10D9D0005890002031010020A09800202401002050
:10D9E000449000203A01002010B581210446FFF741
:10D9F00053FE01212046FFF74FFE82212046FFF70C
:10DA00004BFE024B5B689847002010BDD001002000
:10DA100010B50223044640228121FFF707FE0223AE
:10DA2000402201212046FFF701FE03230822822124
:10DA30002046FFF7FBFD074A074B4FF0020191809C
:10DA40001B689847054A402301212046FFF73EFE08
:10DA5000002010BDA0010020D0010020609800200F
:10DA60001C4B1A78012A01D0002070471A490A6815
:10DA7000D2B10B68402B10B519D9184B1A68D3F8DE
:10DA800000C00CF1400CC3F800C0D1F800C0ACF1EC
:10DA9000400C92B24023C1F800C011490A448121D0
:10DAA000FFF740FE002010BD1A7000207047DFF81D
:10DAB0002CC0DCF800200B68D1F800E0DCF8004056
:10DAC000A644CCF800E04FF0000C92B29BB2C1F833
:10DAD00000C0E2E7489000204C90002050900020C9
:10DAE0006090002010B5D0F8E83504461B699847CF
:10DAF000032384F81231002010BD00BF08B50422B2
:10DB000090F81211D0F8E83580F8131180F812213E
:10DB1000DB689847002008BD08B5D0F8E435DB691C
:10DB200003B19847002008BD08B5D0F8E4351B6A5A
:10DB30009847002008BD00BF08B5D0F8E4355B6AFF
:10DB40009847002008BD00BF002310B519460446C1
:10DB50004022FFF76BFD8021002340222046FFF783
:10DB600065FDD4F8E835A078012284F812215B68BD
:10DB70009847002010BD00BF00B585B002A90190F4
:10DB800001F024FF9DF80810019801F01F03012BFC
:10DB90000ED0022B06D08BB902A901F001FD0020A6
:10DBA00005B000BD02A901F099FE002005B000BD3E
:10DBB00002A901F06FFE002005B000BD01F0800158
:10DBC000FFF7D2FD002005B000BD00BF10B5034631
:10DBD00082B051B990F81121022A1DD093F8162174
:10DBE000012A0FD0002002B010BDD0F8E425526900
:10DBF000002AF7D090F81231032BF3D19047002080
:10DC000002B010BD264A1969106848600022002041
:10DC100083F8162102B010BDD0F83821D0F824C105
:10DC2000624513D9C078D3F8281100930128A2EBDC
:10DC30000C0208BF6144C3F8382108BFC3F828119B
:10DC4000184692B201F0F4FB009BC7E7D0F83CE124
:10DC5000BEFBFCF20CFB12E272B9F4450CD8D0F812
:10DC60004041A64508D2CDE9002001F0E1FBDDE905
:10DC70000023C3F84021B1E7D3F8E425D2681AB1F4
:10DC800093F81211032905D01846009301F0FEFB0A
:10DC9000009BA3E7184600939047009BF4E700BF62
:10DCA000A498002000B5034683B031B990F8112143
:10DCB000032A0FD0002003B000BDD0F8E4259269FC
:10DCC000002AF7D090F81231032BF3D190470020AF
:10DCD00003B000BDD0F89013D0F87C23914214D942
:10DCE00090F803C0881AD3F88013C3F89003BCF1EE
:10DCF000010F04BF8918C3F88013824228BF02466F
:10DD000092B2184601F0AAFBD4E7D0F8E4251269D4
:10DD10001AB190F81211032903D0184601F0A6FB9E
:10DD2000C8E701909047019BF7E700BF30B585B089
:10DD30000446CDE90221089D0193FFF739FA019BC2
:10DD4000029A0399C4F8E4352046C4F8EC25C4F8D7
:10DD5000E855FFF773FAD4F8E8351B689847204672
:10DD600005B0BDE83040FFF74BBA00BFD0F8E4354E
:10DD700010B504461B689847D4F8E8359B68984767
:10DD8000002010BD08B5D0F8E4355B689847002046
:10DD900008BD00BF122301480B807047A00100207E
:10DDA000042301480B8070479C01002008B50A46F7
:10DDB0000248034901F02AFE014808BD605E0308DD
:10DDC000309F002008B50A460248034901F01EFEB4
:10DDD000014808BD845E0308309F002008B50A464C
:10DDE0000248034901F012FE014808BD985E03088D
:10DDF000309F002008B50A460248034901F006FE9C
:10DE0000014808BDA85E0308309F002008B50A46F7
:10DE10000248034901F0FAFD014808BDB45E030859
:10DE2000309F002000207047C1B110B501440C4B59
:10DE3000DFF830E00138013900241A6810F801CF0A
:10DE40000EF802C01A6801321A601A68B2F5006F43
:10DE500028BF1C608842F0D1002010BD0020704710
:10DE6000549000206090002059B138B54518441EE8
:10DE7000013D14F8010F01F073FBAC42F9D1002011
:10DE800038BD0020704700BF202815D0212801D0C0
:10DE900000207047104B1A680A701A68120A4A70FC
:10DEA0005A888A70DA78CA701A790A715A794A716E
:10DEB0009B798B7100207047074B0A79D1F800C01D
:10DEC00048791A71897958710122C3F800C0997193
:10DED000DA710020704700BFE40100200020704785
:10DEE000054A064B10681B68984234BF03F1FF33A4
:10DEF00003F2FF73181A70475490002050900020CE
:10DF00002DE9F04F85B0044600F0ACFD18B90020B3
:10DF100005B0BDE8F08F204600F0AAFD01460028BC
:10DF2000F5D0C0F3074313F00800994640F089800C
:10DF300019F0040F3FD18A0702D5E36802225A6123
:10DF40000029C0F2C7810B05C1F3072500F1DA8073
:10DF50000E070AD5844B00911B682046DB68984762
:10DF6000E368009908225A610120C90600F18C81FA
:10DF7000EA0600F1FD80AB0600F1AB8019F0100F4E
:10DF800009D0794B1B682046DB699847E3684FF45A
:10DF9000801201205A6119F0200FB9D0724B1B6812
:10DFA00020461B6A9847E3684FF4001201205A612B
:10DFB00005B0BDE8F08F2046009101F015FA0099F8
:10DFC000002800F0D081264604F11803A046002561
:10DFD00004460191E10740F1C881D8F81000D3F858
:10DFE00000C00169426B22FA05FEDCF8082041EA14
:10DFF000CE111140CA0740F18A8100935A4BD0F8E4
:10E0000034E0196801234A6803FA05F12EEA010198
:10E010004163CCF80830E9B24046904798F80310C5
:10E02000009B012900F0CA81640800F09A81013543
:10E0300028360433E107D0D4013564082836043388
:10E04000C8E72046009101F0C1F900990546002873
:10E0500000F08581224604F15406274688460024B4
:10E06000E80704D401346D08043628322AE0E1B20E
:10E0700038460192009101F0AFF910F0010FDDE98F
:10E08000001200F05681336801209860F87801286A
:10E0900007D11869D2F87C33C0F312001B1AC2F8FA
:10E0A0008C33314B00921B6838461B689847FB78CD
:10E0B000009A012B00F095816D0800F04E8101342B
:10E0C00004362832E807D2D401346D0804362832E9
:10E0D000C6E7204600F0A0FFE3682046DD6800F0B8
:10E0E0008DFF032800F04681012340220521A37003
:10E0F000E368A28061F38D254FF40052DD600120BA
:10E100005A613BE700238DF80F3094F812318DF8F7
:10E110000F30154B00911B6820465B6998472369B7
:10E1200000999868E3684FF400625A61A37AC3B11A
:10E13000C70716D594F81531012B12D19DF80F3071
:10E14000032B0ED1D4F80C3108481A6842F00102B2
:10E150001A601A6842F003021A60036943F006036A
:10E1600003610120F4E600BF6C01002000ED00E037
:10E1700022695368002623F001035360314620468C
:10E1800000F038FC62783746002A5CD0A169606DE7
:10E19000FF23012A8B60836055D0E1698B60A16DFC
:10E1A000022A8B604FD0216A8B60E16D032A8B605D
:10E1B00049D0616A8B60216E042A8B6043D0A16ACA
:10E1C0008B60616E052A8B603DD0E16A8B60A16E29
:10E1D000062A8B6037D0216B8B60E16E072A8B603B
:10E1E00031D0616B8B60216F082A8B602BD0A16BC3
:10E1F000606F8B60092A836025D0E16B8B60A16F13
:10E200000A2A8B601FD0216C8B60E16F0B2A8B6018
:10E2100019D0616C8B60D4F880100C2A8B6012D0FE
:10E22000A16C8B60D4F884100D2A8B600BD0E16C4C
:10E230008B60D4F888100E2A8B6004D0226D936016
:10E24000D4F88C20936023690B22394662F30701CE
:10E2500062F307064FF0FF329A614FF00112DA6164
:10E260005E6119611A6822F4FE621A60204601F0AC
:10E27000C1F8854BE2681B684FF480511B695161FE
:10E2800020469847012076E6E3689A6922F010025A
:10E290009A611E6AC6F34342022A06F00F076ED047
:10E2A000062A11D1082204F2CC51204600F02EF9A2
:10E2B00007EB870304EBC303C6F30A16D3F88C23DA
:10E2C0003244C3F88C23E3689A6942F010029A61E1
:10E2D00001204DE6A37A43B1D4F80C3123F00302B8
:10E2E00062F30703D4F80C2113602269009153688C
:10E2F00023F001035360644B1B6820469B699847D9
:10E30000E36800994FF0004201205A611BE60F07B5
:10E310000BD4C80605D44A065DD54021CCF80810B8
:10E3200082E61021CCF808107EE60822CCF80820FE
:10E330007AE6810703D5336802219960BCE60307BA
:10E340007FF5BAAE504B00921B6838469B689847E1
:10E350003368009A08219960AEE63C4641460120A8
:10E36000E6E5019944460120E5E5013564082836D3
:10E3700004335FE600234FF400720921B7E647F645
:10E38000F0723240002A9FD007EB870304EBC303EF
:10E39000C6F30A16D3F8801300933246204600F0E5
:10E3A000B5F8009BD3F88023D3F88C133244314462
:10E3B000C3F88023C3F88C13E36885E7002D7FF44E
:10E3C00033AE98F8111104297FF42EAE404601F0C7
:10E3D00011F8009B28E68F0710D50221CCF8081011
:10E3E00022E6002C7FF468AE97F81131052B7FF4FC
:10E3F00063AE384600F0FEFF009A5DE608067FF542
:10E4000013AED6E94C1EDCF81800D6F8242187B2EA
:10E41000A1EB0E00904228BF10460330B7EB900FDF
:10E420002ED9EFB2A246AB4660461D460C46734657
:10E430001EE0D6F82431D6F828119C4228BF1C468D
:10E44000A3B23A46404600F04BF8D6F83431D6F83D
:10E450002821286823442244C6F83431C6F82821EC
:10E460008269033492B2B2EB940F05D9D6F83041E9
:10E470009C42A4EB0304DCD82B46844654465D46FC
:10E480008021CCF80810CFE56C010020014B05225B
:10E490001A70704708020020014B05221A7070475D
:10E4A00008020020014B06221A7070470802002063
:10E4B000014B05221A70704708020020014B05220B
:10E4C0001A70704708020020014B05221A7070472D
:10E4D00008020020014B05221A7070470802002034
:10E4E00090F803C0BCF1000F0DD103339B100AD08C
:10E4F00000EB8200D0F8D00051F8042B02600CF140
:10E50000010C6345F8D10020704700BF10B502F13F
:10E51000030E5FEAAE0E0C460ED0D0F8D010A44623
:10E520000023184601330A684CF8042B9E45F8D1A5
:10E53000043404EB800010BD084610BD01234022C6
:10E54000994230B54380828000F07B81002940F001
:10E550005781DFF848C3C17240F20C624FF4A063E8
:10E56000C84CDFF83CE3C849C84D0280C38006228E
:10E570006346C0E903C403F5106CC0F818C003F586
:10E58000306CC0F854C003F5126CC0F81CC003F521
:10E59000326CC0F858C003F5146CC0F820C0032AD0
:10E5A00003F5346CC0F85CC074D003F5166CC0F889
:10E5B00024C0042A03F5366CC0F860C06AD003F5A5
:10E5C000186CC0F828C0052A03F5386CC0F864C080
:10E5D00060D003F51A6CC0F82CC0062A03F53A6C1B
:10E5E000C0F868C056D003F51C6CC0F830C0072ACC
:10E5F00003F53C6CC0F86CC04CD003F51E6CC0F841
:10E6000034C0082A03F53E6CC0F870C042D003F550
:10E61000206CC0F838C0092A03F5406CC0F874C0FB
:10E6200038D003F5226CC0F83CC00A2A03F5426CCE
:10E63000C0F878C02ED003F5246CC0F840C00B2A77
:10E6400003F5446CC0F87CC024D003F5266CC0F8F8
:10E6500044C00C2A03F5466CC0F880C01AD003F5FC
:10E66000286CC0F848C00D2A03F5486CC0F884C077
:10E6700010D003F52A6CC0F84CC00E2A03F54A6C82
:10E68000C0F888C006D003F52C62026503F54C6221
:10E69000C0F88C2002784561C0F8CC10002A00F048
:10E6A000AB8003F5A061012AC0F8901000F0DD8076
:10E6B00003F5A461022AC0F8941000F0DB8003F592
:10E6C000A861032AC0F8981000F0EE8003F5AC6151
:10E6D000042AC0F89C103FD003F5B061052AC0F8A9
:10E6E000A01039D003F5B461062AC0F8A41033D0C5
:10E6F00003F5B861072AC0F8A8102DD003F5BC6156
:10E70000082AC0F8AC1027D003F5C061092AC0F868
:10E71000B01021D003F5C4610A2AC0F8B4101BD090
:10E7200003F5C8610B2AC0F8B81015D003F5CC6109
:10E730000C2AC0F8BC100FD003F5D0610D2AC0F828
:10E74000C01009D003F5D4610E2AC0F8C4101CBF54
:10E7500003F5D861C0F8C81003F5405103F58054A3
:10E7600003F5005CC0F8D810042A03F58041C0E925
:10E77000344CC0F8DC103FD003F5A041052AC0F8A6
:10E78000E01039D003F5C041062AC0F8E41033D0B8
:10E7900003F5E041072AC0F8E8102DD003F5004149
:10E7A000082AC0F8EC1027D003F51041092AC0F858
:10E7B000F01021D003F520410A2AC0F8F4101BD034
:10E7C00003F530410B2AC0F8F81015D003F540418D
:10E7D0000C2AC0F8FC100FD003F550410D2AC0F8E8
:10E7E000001109D003F560410E2AC0F8041103D0CE
:10E7F00003F57043C0F80831C0F80CE1002030BDCB
:10E80000427800234FF40061C0E903318AB14FF42C
:10E81000106C4FF43061012AC0F818C0416508D06F
:10E820004FF4126C4FF43261022AC0F81CC08165AB
:10E8300045D14FF4606E4FF488614FF4806500233A
:10E8400028E74FF4816C4FF4A0710222A0F800C0B9
:10E850004FF0A04CC372C18002720D4CDFF844E04F
:10E860000C490D4D0422634683E603F58053C0F83E
:10E87000D030C1E703F5805203F50053C0E93423DB
:10E88000BAE700BF0008044040040440000404400C
:10E8900000080050400400500004005000000440F4
:10E8A000000E0440000E005003F5805103F50052A5
:10E8B00003F54053C0E93412C0F8D8309CE74FF458
:10E8C000606E4FF480654FF4886164E670B5027A3B
:10E8D000C368012A82B0054636D19E6B417A26F480
:10E8E000803600292DD062F314569E63DA68384CC6
:10E8F00022F49402002122F04002DA600091032009
:10E90000FEF78EFCEB68013C1A69009213D0009A66
:10E91000002AF4DA00992E4A41F001010091009991
:10E92000196119690091013A02D00099C807F8D419
:10E930000320FEF775FCEB78012B3BD0002002B0E2
:10E9400070BDC6F30052CEE7DA68214C002642F0D3
:10E950004002DA6001960320FEF762FCEB68013C9E
:10E960001A69019214D0019A002AF4DA0199184A1E
:10E9700041F0010101910199196119690191013A6F
:10E9800002D00199C907F8D40320FEF749FCEB68CF
:10E990006A7A003A18BF0122120142F02D0262F396
:10E9A00017469E631420FEF73DFCEB78012BC5D182
:10E9B000E96802E0E9682A238B608B6823F03E0255
:10E9C00042F02A0262F3070300208B6002B070BDA0
:10E9D000410D030003460020DA68936843F0010309
:10E9E0009360704703460020DA68936823F00103C0
:10E9F0009360704700B583B000230193019B43F0FF
:10EA000020030193019B61F38A130193C168019A6A
:10EA1000074B0A610A690192013B02D0019A9206F2
:10EA2000F8D40320FEF7FCFB002003B000BD00BFBC
:10EA3000410D0300C06808B5C368C3F3076222F044
:10EA40006002012962F31F6308D009B943F08043D3
:10EA5000C3603220FEF7E6FB002008BD43F0005300
:10EA6000F6E700BFC3685869C04300F00100704773
:10EA7000C36858699B691840704700BF10B50446C9
:10EA80000020D4F80C312269E16882B01860136864
:10EA900060F3CC231360E37A012B13D113681E4873
:10EAA00043F0030313604FF0800C1C4BC1F824C0EB
:10EAB0001B4A8862C1F804314FF4A073C1F80821E1
:10EAC000C1F80C3100230193019B43F02003019313
:10EAD000019A144B102060F38A120192019A0A6184
:10EAE0000A690192013B02D0019A9006F8D40320F2
:10EAF000FEF796FB00220092009AE168094B42F073
:10EB000010020092009A0A610A690092013B0BD040
:10EB1000009AD206F8D407E080002000A000800010
:10EB200020012000410D03000320FEF779FB21693D
:10EB300000224FF0FF330A614A618B61CA6163783A
:10EB4000002B00F01782D4F818C0DCF800E0BEF10A
:10EB5000000FB4BF4FF0904E4FF0000EFF20012B7E
:10EB6000CCF800E0CCF81020CCF8080000F034829B
:10EB7000D4F81CC0DCF800E0BEF1000FB4BF4FF0C9
:10EB8000904E4FF0000E022BCCF800E0CCF8102095
:10EB9000CCF8080000F0F080D4F820C0DCF800E0E9
:10EBA000BEF1000FB4BF4FF0904E4FF0000E032B9C
:10EBB000CCF800E0CCF81020CCF8080000F0DC80A5
:10EBC000D4F824C0DCF800E0BEF1000FB4BF4FF071
:10EBD000904E4FF0000E042BCCF800E0CCF8102043
:10EBE000CCF8080000F0C880D4F828C0DCF800E0B9
:10EBF000BEF1000FB4BF4FF0904E4FF0000E052B4A
:10EC0000CCF800E0CCF81020CCF8080000F0B4807C
:10EC1000D4F82CC0DCF800E0BEF1000FB4BF4FF018
:10EC2000904E4FF0000E062BCCF800E0CCF81020F0
:10EC3000CCF8080000F0A080D4F830C0DCF800E088
:10EC4000BEF1000FB4BF4FF0904E4FF0000E072BF7
:10EC5000CCF800E0CCF81020CCF8080000F08C8054
:10EC6000D4F834C0DCF800E0BEF1000FB4BF4FF0C0
:10EC7000904E4FF0000E082BCCF800E0CCF810209E
:10EC8000CCF8080078D0D4F838C0DCF800E0BEF149
:10EC9000000FB4BF4FF0904E4FF0000E092BCCF890
:10ECA00000E0CCF81020CCF8080065D0D4F83CC0C7
:10ECB000DCF80020002AB4BF4FF090420022CCF8CC
:10ECC00000200020FF220A2BCCF81000CCF80820EE
:10ECD00052D0D4F840C0DCF800E08645B4BF4FF015
:10ECE000904E86460B2BCCF800E0CCF81000CCF808
:10ECF000082041D0D4F844C0DCF800E08645B4BF19
:10ED00004FF0904E86460C2BCCF800E0CCF810006B
:10ED1000CCF8082030D0D4F848C0DCF800E08645B4
:10ED2000B4BF4FF0904E86460D2BCCF800E0CCF8E7
:10ED30001000CCF808201FD0D4F84CC0DCF800E05C
:10ED40008645B4BF4FF0904E86460E2BCCF800E0BF
:10ED5000CCF81000CCF808200ED0D4F850C0DCF865
:10ED600000E08645B4BF4FF0904E8646CCF800E0F8
:10ED7000CCF81000CCF80820D4F854E0D4F858C0EF
:10ED8000DEF80020002AB4BF4FF090420022CEF8F7
:10ED900000200020FF22CEF81000CEF80820DCF87A
:10EDA00000E08645B4BF4FF0904E8646022BCCF86B
:10EDB00000E0CCF81000CCF8082000F0DB80D4F89C
:10EDC0005CC0DCF800E08645B4BF4FF0904E86464C
:10EDD000032BCCF800E0CCF81000CCF8082000F0B1
:10EDE000C980D4F860C0DCF800E08645B4BF4FF0BD
:10EDF000904E8646042BCCF800E0CCF81000CCF8FE
:10EE0000082000F0B780D4F864C0DCF800E0864544
:10EE1000B4BF4FF0904E8646052BCCF800E0CCF8FE
:10EE20001000CCF8082000F0A580D4F868C0DCF809
:10EE300000E08645B4BF4FF0904E8646062BCCF8D6
:10EE400000E0CCF81000CCF8082000F09380D4F853
:10EE50006CC0DCF800E08645B4BF4FF0904E8646AB
:10EE6000072BCCF800E0CCF81000CCF8082000F01C
:10EE70008180D4F870C0DCF800E08645B4BF4FF064
:10EE8000904E8646082BCCF800E0CCF81000CCF869
:10EE900008206FD0D4F874C0DCF800E08645B4BF19
:10EEA0004FF0904E8646092BCCF800E0CCF81000CD
:10EEB000CCF808205ED0D4F878C0DCF800E08645B5
:10EEC000B4BF4FF0904E86460A2BCCF800E0CCF849
:10EED0001000CCF808204DD0D4F87CC0DCF800E05D
:10EEE0008645B4BF4FF0904E86460B2BCCF800E021
:10EEF000CCF81000CCF808203CD0D4F88020106862
:10EF00000028B4BF4FF09040002010604FF0000C7C
:10EF1000FF200C2BC2F810C090602BD0D4F88420B6
:10EF2000D2F800E0E645B4BF4FF0904EE6460D2B18
:10EF3000C2F800E0C2F810C090601BD0D4F888205E
:10EF4000D2F800E0E645B4BF4FF0904EE6460E2BF7
:10EF5000C2F800E0C2F810C090600BD0D4F88C303A
:10EF60001A686245B4BF4FF0904262461A60C3F817
:10EF700010C098600B69E26843F480730B61E0781D
:10EF8000012819D0002393616FF080414FF0FF34C6
:10EF9000984208BF10231748516154605161906135
:10EFA00043F47013916943F4605343F008030B4337
:10EFB0000020936102B010BDDFF83CC0C1F830C042
:10EFC0006FF080400B4C00234FF0FF319361506194
:10EFD000516050619461E3E7636DD3F800C0BCF108
:10EFE000000FB6BF4FF0904C1A60C3F800C01A6112
:10EFF0009860BFE7000800800301810003699868FA
:10F00000C0F3410002281DBF20F00200C0F1030040
:10F01000C0B20120704700BF036981699A6808681F
:10F02000C2F34102022A0CBF0322002262F30A004B
:10F0300008605A6842F4807200205A60704700BF2E
:10F0400010B591F800C091F801E0012303FA0CF328
:10F0500000EB8C0CBEF1010F0CBFDCF818C0DCF823
:10F0600054C0DCF800E04FF000029BB20CBF63F329
:10F070000F0263F31F421EF4004F16D18B68CC7849
:10F08000C988C3F30A0343F0805343F4004304F0F8
:10F09000030401F00F0143EA844343EA8153064924
:10F0A0000EEA01010B43CCF800300369D9690A4329
:10F0B0000020DA6110BD00BF007833EC0A7891F8C7
:10F0C00001C00123934000EB82029BB2BCF1010F0F
:10F0D0004FF000010BBF63F30F0163F31F4193690E
:10F0E000536D026900201860D36923EA0103D361DC
:10F0F000704700BF2DE9F04391F801E00A784B69B1
:10F10000CD78BEF1010F31D000EB82028E68D2F8CB
:10F1100054E0C6F31202DEF800C0DEF810401BB364
:10F120003344013BB3FBF6F3C3F3090606FB02F2DB
:10F130003346C2F3120242EAC34262F31C04CEF821
:10F140001040C378012B04BF0B69CEF81430012D99
:10F150003CD0CCF3076363F07B0363F31F6CCEF802
:10F1600000C00020BDE8F0830123E4E700EB820447
:10F17000A046A669D6F800C0346963B38F681F44FF
:10F1800004F06049013F8C68B7FBF4F7314C04EAA6
:10F19000C744C3F312073C43012D44EA090447D096
:10F1A0003461C378012B51D00EFA02FE0269536B11
:10F1B0004EEA03035363CCF3076363F07B0363F30B
:10F1C0001F6CC6F800C00020BDE8F0834B7963B324
:10F1D0004CF0005CBDE704F0604444F4002434616A
:10F1E000C478012C2DD0012DE5D10269926812F46A
:10F1F000807FCCF307620CBF62F05B0262F06B02AF
:10F2000062F31F6CC6F800C0002CAAD198B203307C
:10F210008010A6D0CA68D8F8D0502346013352F8DF
:10F22000041B29609842F9D19BE74CF0805C90E781
:10F2300065F35E743461C478012CD6D10A697261B9
:10F24000D3E70A697261012DB5D1CEE70B6973610D
:10F25000B1E700BF0000F81F10B54B78D1F814C01B
:10F26000012B82B02DD00B7800EB8303D3F854E050
:10F27000DEF80020DEF8103000938B68BCF1000F40
:10F280001DD1009C03F07F0324F4C01C43F4002331
:10F290002CF07F0C43EA0C03CEF81030C378012B1E
:10F2A00004BF0B69CEF81430C2F3076363F07B032D
:10F2B00063F31F62CEF80020002002B010BD4B6146
:10F2C000DFE7D0F818E0DEF80020DEF81030009319
:10F2D000BCF1000F23D1009B23F4C0134CF4002C8D
:10F2E00023F07F0343EA0C03CEF810300093C37879
:10F2F000012B1CD0C2F3076C6CF07B0C6CF31F620B
:10F30000CEF80020002BD7D14B69002BD4D0026956
:10F310000878516B012383400B435363CCE78B6820
:10F3200063453CBF9C464B610CF07F0CD3E70B78E8
:10F33000D1F810C000EB8301C2F30763896963F061
:10F340007B0363F31F620020C1F814C0CEF80020D5
:10F3500002B010BD4B78012B09D00B7800EB830075
:10F36000426D136843F400131360002070470A785D
:10F37000094900EB820080690268002AA8BFC2F335
:10F3800080739B0301EA124143F020030B4363F3B4
:10F390001F42026000207047DFBFFFFF0B784A78F2
:10F3A00000EB8300012A0CBF8069406DCA780368B6
:10F3B000023A012A23F400138CBFC3F30072012226
:10F3C00062F31C7303600020704700BF03699869F3
:10F3D000DB691840000C704700EB810103694A6D3E
:10F3E00090685B691840704703699869DB69184049
:10F3F00080B27047436D064A1A61C278012A06D16D
:10F4000000F2CC5058614FF0802219681A607047A2
:10F41000180008C008B513460A460221C0E94E3359
:10F4200080F811110021FEF77DF9002008BD00BF12
:10F4300008B513460A460021FEF774F9002008BDFE
:10F4400008B513460A460321C0E9E43380F81111D8
:10F450000021FEF73BF9002008BD00BF08B51346A8
:10F460000A460021FEF732F9002008BD10B500233E
:10F4700004220446194680F811211A46FEF752F973
:10F480002046FFF7B7FF002010BD00BF10B50023D6
:10F4900005220446194680F811211A46FEF716F98E
:10F4A0002046FFF7A7FF002010BD00BF10B582B0B7
:10F4B00009490091094B0A4A0A480B4C0121FEF701
:10F4C00035FC0A490A4B0B4A0020086001212060E4
:10F4D0001170186002B010BDEC010020F80000208F
:10F4E000B4010020A8980020A49E0020A89E00201F
:10F4F000A09E00209C9E0020024B1868B0FA80F06D
:10F5000040097047A09E00200F4B1A6812B9027084
:10F51000042070470D4A11687F2984BF00211160C3
:10F52000D2F800C00A4911F80CC080F800C0106879
:10F530004FF0000C01F800C01168013111601A6829
:10F54000013A03201A607047A09E0020A49E00206C
:10F55000AC9E002008B5FEF767FC002008BD00BF88
:10F560000C4B1A687F2A01D9022070470A4ADFF83B
:10F570002CC011687F2984BF0021116011680CF82C
:10F5800001001168013111601A68013200201A600F
:10F59000704700BFA09E0020A89E0020AC9E0020C7
:10F5A00010B54B7884B00A460446092B11D8DFE821
:10F5B00003F03D501065107A0510971E51880B0A14
:10F5C000022B00F03C81032B00F0F480012B00F0B3
:10F5D000A98080212046FEF7C7F800212046FEF7CB
:10F5E000C3F82046FFF706FF002004B010BD917855
:10F5F000A44B01291970ECD890F81221022A7FD06F
:10F60000032AE6D1002900F02D8190F8101101297C
:10F6100030D0FEF7B7FB9B4B197884F810112046C9
:10F62000FEF7A4FB2046FFF721FFDDE790F812313B
:10F63000023B012BCDD8944BD0F818210121196041
:10F640000AB103221A60904902222046FFF7E2FE27
:10F65000CAE790F81231023B012BBAD85388012B2C
:10F66000C2D1D0F8E43500219B68C0F818111146CA
:10F67000204698472046FFF7F9FEB5E75388012B4F
:10F6800000F09280022BAFD19388DAB2002AABD17E
:10F6900002691B0A013B5268042B6CD8DFE803F0B7
:10F6A0007C80787468009388002B92D1D388002BDB
:10F6B0008FD190F81231032B8BD0518801F07F014C
:10F6C00080F814110091FEF789F82046FFF7CEFE6E
:10F6D0000099002900F0C280022384F8123183E7E8
:10F6E000D288012A7FF475AF90F81231022B15D021
:10F6F000032B7FF46EAF00F58871FFF78BFE73E785
:10F700000029B7D00121032380F8101180F81231AD
:10F71000FEF72CFB2046FFF7A9FE65E75B49FFF7E4
:10F7200079FE61E7D0F8EC3580781B6800920DF126
:10F730000E019847009AD388402B00F09E8094F8E1
:10F740001211012900F09B80BDF80E1000293FF432
:10F750004BAFD388002B3FF447AF8B4228BF0B46FB
:10F760001A4601462046ADF80E30FFF753FE3BE740
:10F77000052363F30612464B012184F81611204637
:10F780001A60FFF773FE2FE7042363F30612F2E714
:10F79000032363F30612EEE7012363F30612EAE79D
:10F7A000022363F30612E6E7D0F8E415C0F8183137
:10F7B0008B685CE7C9B205293FF60BAFDFE801F0C3
:10F7C000352B21170D03D0F8EC35009280789B691A
:10F7D0000DF10E019847009AB6E7D0F8EC3500928B
:10F7E00080785B690DF10E019847009AACE7D0F87C
:10F7F000EC35009280781B690DF10E019847009A54
:10F80000A2E7D0F8EC3500928078DB680DF10E01AC
:10F810009847009A98E7D0F8EC35009280789B687A
:10F820000DF10E019847009A8EE7D0F8EC35009262
:10F8300080785B680DF10E019847009A84E7D0F854
:10F84000E405CDE900320DF10E01836AA0789847F6
:10F85000009B4370019AC4F8F00575E7012384F812
:10F860001231C1E6022380F8123180F81011FEF740
:10F8700089FA2046FFF7FAFDB6E608216DE7082170
:10F8800068E700BF2C9F002030A0002034A000209B
:10F89000A498002010B590F81231032B82B00446D2
:10F8A0000ED10B79012B0BD8D0F8E43501919B6870
:10F8B0009847019AD38873B92046FFF7D7FD0AE02D
:10F8C00080212046FDF750FF00212046FDF74CFF28
:10F8D0002046FFF78FFD002002B010BD10B50B468B
:10F8E000B1F804C05A78012A82B004465FFA8CF15C
:10F8F00031D0032A1BD0BAB990F81231022B2ED086
:10F90000032B3FD11CF0800F51D101EB810100EBA3
:10F91000C10191F87633003B18BF01232A49022226
:10F9200020460B60FFF776FD002002B010BD90F876
:10F930001221022A13D0032A24D15A8882B3D4F880
:10F94000E42519469368204698472046FFF78EFD28
:10F95000002002B010BD90F81221022A04D14B06FB
:10F96000E2D0FDF701FFDFE7032A0BD15A88002A16
:10F97000DAD14A06E9D00193FDF714FFD4F8E42563
:10F980000199DFE780212046FDF7EEFE00212046A9
:10F99000FDF7EAFE2046FFF72DFD002002B010BD66
:10F9A0004A06CCD00193FDF7DFFE019BC7E70CF0C0
:10F9B0007F0C0CEB8C0C00EBCC0C9CF81E31003B4C
:10F9C00018BF0123AAE700BF38A00020B0F8CC354B
:10F9D0000B80B0F8CE354B80B0F8D0358B80B0F8C6
:10F9E000D235CB800122C0F8403180F81121704718
:10F9F00010B580210446FDF7B7FE20460021FDF733
:10FA0000B3FE2046BDE81040FFF7F4BC037843B3D3
:10FA100000B585B003460130CDE902120193E9F744
:10FA2000AFF90130C0B20299039A019B0130400046
:10FA30004FF0030C1080087081F801C0187870B185
:10FA40009C464FF0000E02235A1CD2B2C85401F853
:10FA500002E01CF8010F0233DBB20028F4D105B03C
:10FA600000BD70470000000010B5874C86B0206FC5
:10FA7000E8F718FC82A3D3E90023E8F77DFCE8F758
:10FA800053FF9FED827A07EE900AF4EEC77AF1EE0B
:10FA900010FA00F1E6809FED7E6AF4EEC67AF1EE90
:10FAA00010FA00F3DE80606FCDED017A8DED036A10
:10FAB0008DED027AE8F7F6FB71A3D3E90023E8F7AE
:10FAC0005BFCE8F731FFDFED736A05EE900AF4EEB8
:10FAD000E65AF1EE10FA00F1C480DFED6F6AF4EE41
:10FAE000E65AF1EE10FA00F3BC80DDED017A9DEDEF
:10FAF000027AF4EEC77AF1EE10FA40F2B680B2EE76
:10FB0000045A87EE850A04908DED025A11F000FE2A
:10FB1000FDEEC06A9DED025A9DED036ADDED017AAE
:10FB2000DDED045A16EE903A1BB206EE903AF8EE6E
:10FB3000E66AF4EEC67A66EE856AF1EE10FAA8BFC0
:10FB400076EEC56AFDEEE66A16EE903A1BB206EE58
:10FB5000903AF8EEE66A36EE866A86EE057ABDEEF3
:10FB6000C77A17EE103A1CB2631C9FED4A7AF4EE86
:10FB7000C75AF1EE10FA7DD9F2EE044A85EEA40AD6
:10FB80000493CDED057ACDED036ACDED024ACDEDBE
:10FB9000015A11F0BDFDBDEEC07A9FED3F6ADDED6B
:10FBA000024ADDED015ADDED036ADDED057A17EE5F
:10FBB000103A1BB207EE103AB8EEC77AF4EEC65A06
:10FBC00027EE247AF1EE10FAA8BF37EE647A049B90
:10FBD000BDEEC77A17EE102A12B207EE102AB8EE61
:10FBE000C77A37EE065A85EE246ABDEEC66A16EE6F
:10FBF000102A12B202F1010C35EEC77AF2EE045A65
:10FC000087EE256A04EBC40004EB800403EBC30019
:10FC1000224903EB8003A0181A446444634401EBB7
:10FC2000800001EB830301EB820277EEE67A01EBC1
:10FC3000840187EEA55A90ED000AD2ED007AD3ED4B
:10FC4000006A91ED007A76EEE76A37EE407AE6EEEA
:10FC5000267AA6EE070A77EEC07AA5EE270A06B046
:10FC600010BD9FED0F0A06B010BDF0EE476A0123EC
:10FC700000247AE74FF0010C0022BDE7AFF30080CB
:10FC800048AFBC9AF2D77A3E48A800200000B4C220
:10FC90000000B442000034C300003443F47C030885
:10FCA000000000002DE9F04F2DED088B8FB0F1F72B
:10FCB00055FECF4B1B78052B024612D0CD4B0020B2
:10FCC000197A60F345111972197A890604D5CA4860
:10FCD00001686431914213D90FB0BDEC088BBDE8C7
:10FCE000F08FC64B93F832100229E7D993F83130E0
:10FCF000042BC04B40F29B809879C0F30010DFE7E3
:10FD0000BE490260D1ED227AD1ED216A27EEA77AB1
:10FD1000F7EE004AA6EEA67AB1EEC76AB4EEE46A40
:10FD2000F1EE10FA00F18580B5480078012800F066
:10FD3000D780B449B44A91ED007A92ED008AB34974
:10FD4000DFF8EC82B24DB34EB34F8DED007ACDE9C2
:10FD50000113F1F703FE32689FEDB06AD5ED007A2A
:10FD6000DFEDAF5A801A07EE100AF8EE476A9DEDF4
:10FD7000007A66EE666A37EE487AE6EEA57ADDE945
:10FD800001139FEDA86AB0EEC77AE7EE467AFFEE60
:10FD9000006AF4EEE67AF1EE10FA00F1848098ED54
:10FDA000000AD1ED000AA04A3968C2ED000A60EEEF
:10FDB000006AB7EE007AE0EEA06A91600092F4EE7D
:10FDC000C77AB1EEE66AF1EE10FAC8BFF0EE477AF4
:10FDD000C2ED057ACDED017A82ED010A82ED036A6A
:10FDE0008DED036A11F0C4F9DDED017A009A029BF2
:10FDF000B6EE007AF4EEC77AF1EE10FAC0F2F580B2
:10FE0000DFED8A7A9DED036AB4EEE76AF1EE10FA4F
:10FE1000CCBF01200020197A82ED040A0A4660F363
:10FE200045121A720FB0BDEC088BBDE8F08F0020B0
:10FE300046E77F48754990ED007A91ED006ADFED65
:10FE40007D5A734C77EEC77A76EEC66AA7EEA57A2E
:10FE500080462546D4ED007A80ED007AA6EEA56AAC
:10FE600077EEA57AFFEE006AF4EEE67AF1EE10FA8C
:10FE700081ED006A08D4F4EEE47AF1EE10FAD4BF12
:10FE8000F0EE676AF0EE646A5E48634F90ED007AC8
:10FE90005D48C5ED006A80ED007A5E48B0EE478AA5
:10FEA0000646026051E798ED000AD1ED000A5E4A6D
:10FEB0003968019360EE007AC2ED056AE0EEA07A3F
:10FEC00091600092C2ED000AB1EEE77A82ED010A7C
:10FED00082ED037A11F04CF9DDE9002300209AE766
:10FEE000DFF870C154489CED007ADFF86CC190EDEA
:10FEF000005ADCED005A514827EE256AD0ED003A51
:10FF00004F4825EEA54A25EE477AA5EE054A90F81A
:10FF100000C0A3EE856AA3EEA57AB0EE645AF0EEB7
:10FF2000005AA4EE655A76EE065A91ED234A37EE52
:10FF3000076ABCF1000F14D1DFF810914149424B20
:10FF400081ED005AC1ED015A81ED026A0121C3ED34
:10FF5000006AC3ED017A83ED024AC9F800200170FE
:10FF6000BAE63A498946096801F57A719142E5D9BC
:10FF700034499FED371AD1ED013A91ED002AD1EDC8
:10FF8000021A35EEE33A75EE422A23EE037AF0EEDA
:10FF900061AAA2EEA27A76EE611AA1EEA17AB4EE7F
:10FFA000C17AF1EE10FA59DC27481849DFF8808051
:10FFB000174DDFF850B0DFF850A0164E164F0090E6
:10FFC000C9F800201F4A9BED007A82ED005AC2ED6D
:10FFD000015A82ED026A009A9AED008AC2ED006A27
:10FFE000C2ED017A82ED024AAFE6002013E700BFBE
:10FFF000A87D0020AC7D00203CA0002048A8002067
:020000040802F0
:10000000758E00202811002048A0002078A0002034
:100010006CA000204CA0002070A000206F12833A3A
:10002000CDCC4C3D0AD7A33C7CA000209A99993EA8
:1000300074A00020CDCCCC3DD80F0020DC0F0020D8
:1000400044A0002060A0002054A0002050A0002068
:100050000AD7233DE00F0020D40F0020CDE90C3259
:10006000AB4BCDED047A93ED00BACDED0B4A9B4638
:10007000A84B009393ED019AD3ED008AD3ED029A39
:10008000A54BCDED0A3A37EEC90AB1EEC71A9A462A
:1000900036EEE87A60EE000A74EE691AE7EE070AB7
:1000A000D3ED00BACDED012AE1EEA10A8DED092ACA
:1000B000F0EE607AF0EE470AB1EEE77A8DED086A6D
:1000C00087EE018ACDED075A8DED065ACDED056A12
:1000D0008DED034A8DED023A11F04AF8DDED010A8B
:1000E000B0EE40AA9DED020A11F042F83AEE403A15
:1000F000B0EE430A8DED023A11F088F98DED010A58
:100100009DED020A11F042F9DDED075ADDED0A3AE4
:100110009DED065A9DED092ADDED010ADDED047A1B
:10012000DDED056A9DED086A9DED034A7B4B7C4938
:10013000DDED0B4A75EEA33A35EE022A23EE801A66
:1001400060EEE33AA2EE201A9846E2EE003A79EE2B
:10015000271A76EE2A2AE1EE481A38EEA63A39EE48
:10016000847AA3EEC83AA2EEC87AF6EE002A61EECF
:10017000A23A27EE227A23EE223A63EEA32A91EDE9
:10018000002AE3EE032AB1EE001AE7EE072AF1EEA9
:10019000E21AD3ED002A634B62EEA22A1F46E2EE7A
:1001A000022A93ED002AE2EE022ADDE90C32B1EEDA
:1001B000E22A72EE012AF4EEE12AF1EE10FA09DCED
:1001C00059485A4D90ED007A594E37EE247A80ED19
:1001D000007AF5E60B918DED097ACDED083A8DEDBB
:1001E000073A8DED064ACDED057ACDED046A8DED29
:1001F000036ACDED025A8DED015ACDED0A4AF1F7B1
:10020000ADFB4B4B494ADFED4B0A92ED002A9FEDC7
:100210004A0A9DED015ADDED025A9DED036ADDEDBE
:10022000046A9DED064A9DED073ADDED083A9DED25
:10023000097A1E461B68C01A07EE900AB8EE671AC4
:10024000DFED3E7A60EEC10AB0EE421AA0EEA71AC8
:100250001546DDE90B137BEE6B1AFFEE002AF0EE7C
:10026000E11AA1EEC01A0D9ADDED057AB4EEE21A9C
:10027000F1EE10FA46D4DDED0A4AB4EEE41AF1EEDE
:1002800010FAD8BFF0EE414AF7EE000A70EEE44AE9
:10029000DFED2B1ADFED282A91ED001AE4EEA12AFA
:1002A000D7ED004AD8ED001A37EE647A73EEE13AE2
:1002B000E7EE224A33EE413A9FED227AE3EEA21AAC
:1002C000A3EE221A32EE077AF0EE643AFFEE004A0D
:1002D000B4EEE47AF1EE10FA81ED001AC8ED001ADE
:1002E000C7ED003A11D4B4EEE07AF1EE10FAC8BFCF
:1002F000B0EE607ADBF8000085ED007A3260CAF873
:1003000000005DE6F0EE624ABEE7B0EE647AF1E727
:100310002811002054A0002048A0002074A0002034
:1003200078A0002070A0002040A000206CA0002039
:100330004CA000206F12833A0AD7A33CCDCC4C3D91
:100340000AD7A33DCDCCCC3D2DE9F041F1F742FADF
:100350001C4F00F5FA6405E0F1F73CFAA04271F198
:1003600000012BD2387802F007F805460028F3D1B7
:10037000F1F730FA2E4600F127044FF00108F1F7AB
:1003800029FAA04271F10001F9D3387801F0F4FFA5
:1003900008FA06F32B439BB20136002818BF1D460E
:1003A0000A2E04F13404EAD140F201232B40B3F5C4
:1003B000007F03D1C5F34F00BDE8F0814FF0FF305F
:1003C000BDE8F081C3A000202DE9F047664E471E2E
:1003D00000F10109307802F00BF84FF0000840F20C
:1003E000014A17F8015FF1F7F5F94AEA8505ADB260
:1003F000E90700F1340430780ED501F0D3FF6D0821
:100400000ED0F1F7E7F9A04271F10001F9D3E90745
:10041000307804F13404F0D46D0801F0D1FFF0E736
:100420003B7883EA080202F0010202EB820102EB50
:10043000413080EA580080B280EA530202F00102A3
:1004400002EB820102EB413181EA500189B281EA7B
:10045000930202F0010202EB820002EB403080EADC
:10046000510080B280EAD30202F0010202EB820165
:1004700002EB413181EA500189B281EA131202F0A4
:10048000010202EB820002EB403080EA510080B2B0
:1004900080EA531202F0010202EB820102EB4131C9
:1004A00081EA500189B281EA931202F0010202EB63
:1004B000820002EB403282EA510292B282EAD31306
:1004C00003F0010303EB830103EB413383EA52039F
:1004D0004F451FFA83F884D14FEA880505F47F75EC
:1004E000F1F778F945F4806545F00105EA0700F178
:1004F000340430780ED501F055FF6D080ED0F1F7B9
:1005000069F9A04271F10001F9D3EA07307804F1EA
:100510003404F0D46D0801F053FFF0E74FEA1828D7
:1005200040F20145F1F756F945EA8805ADB2EB070F
:1005300000F1340430780ED501F034FF6D080ED090
:10054000F1F748F9A04271F10001F9D3EB073078D7
:1005500004F13404F0D46D0801F032FFF0E7307894
:10056000BDE8F04701F03ABFC3A0002070B582B0EB
:100570000C888DF8040001A80D468DF80540FFF7A2
:1005800023FF002C6BD06D6800262C4403E005F897
:10059000011BAC4264D0FFF7D7FEC1B281EA06036B
:1005A00003F0010303EB830203EB423CC6F34E0668
:1005B0008CEA060C1FFA8CFC8CEA510303F0010351
:1005C00003EB830203EB423282EA5C0292B282EADC
:1005D000910303F0010303EB830603EB463C8CEA33
:1005E000520C1FFA8CFC8CEAD10303F0010303EBDD
:1005F000830203EB423282EA5C0292B282EA111376
:1006000003F0010303EB830603EB463C8CEA520C38
:100610001FFA8CFC8CEA511303F0010303EB8302F5
:1006200003EB423282EA5C0292B282EA911303F057
:10063000010303EB830603EB463383EA52039BB2C9
:1006400083EAD11202F0010202EB820602EB46328B
:10065000013082EA53069AD1002002B070BD2646CE
:100660000224FFF771FEC3B283EA060101F0010123
:1006700001EB810201EB4235C6F34E067540ADB287
:1006800085EA530202F0010202EB820102EB4131E2
:1006900081EA550189B281EA930202F0010202EB7C
:1006A000820502EB453585EA5105ADB285EAD302F4
:1006B00002F0010202EB820102EB413181EA5501B5
:1006C00089B281EA131202F0010202EB820502EB09
:1006D000453585EA5105ADB285EA531202F00102B3
:1006E00002EB820102EB413181EA550189B281EAD4
:1006F000931202F0010202EB820502EB453282EA1C
:10070000510292B282EAD31303F0010303EB830197
:1007100003EB413383EA520301309EB29CD0012C9B
:100720000DD1FFF711FE431C96D0002E94D1C0B21C
:10073000A0F13000B0FA80F0400902B070BD012491
:100740008FE700BF2DE9F04F03888A4F834685B0BD
:10075000BBF8001038780191FE225BBAADF80C208E
:10076000ADF80E3001F044FE4FF0000840F2014AAF
:100770000DF10C0919F8016BF1F72CF84AEA86051E
:10078000ADB205F0010300F134046D0838787BB197
:1007900001F008FE7DB1F1F71DF8A04271F10001F2
:1007A000F9D305F00103387834346D08002BEFD10C
:1007B00001F006FEEFE786EA080303F0010303EB0E
:1007C000830203EB423282EA580292B282EA560373
:1007D00003F0010303EB830103EB413181EA520192
:1007E00089B281EA960303F0010303EB830203EB72
:1007F000423282EA510292B282EAD60303F0010346
:1008000003EB830103EB413181EA520189B281EAB2
:10081000161303F0010303EB830203EB423282EA77
:10082000510292B282EA561303F0010303EB8301F3
:1008300003EB413181EA520189B281EA961303F058
:10084000010303EB830203EB423282EA510292B2CC
:1008500082EAD61303F0010303EB830103EB413378
:1008600083EA52031FFA83F804AB994582D14FEA19
:10087000880505F47F75F0F7ADFF45F4806545F018
:100880000105EE0700F1340438780ED501F08AFD39
:100890006D080ED0F0F79EFFA04271F10001F9D370
:1008A000EE07387804F13404F0D46D0801F088FDC7
:1008B000F0E74FEA182840F20146F0F78BFF46EACE
:1008C0008806B6B2F10700F1340438780ED501F08D
:1008D00069FD76080ED0F0F77DFFA04271F10001AE
:1008E000F9D3F107387804F13404F0D4760801F034
:1008F00067FDF0E7387801F071FD032401E0013C69
:100900000AD0FFF721FD421CF9D0C0B2FF2803D066
:10091000002005B0BDE8F08F3878DBF8044001F026
:1009200067FD019B002B00F0D780A04603EB040A73
:1009300040F2014918F8015BF0F74CFF49EA8505E0
:10094000ADB2EB0700F1340438780ED501F02AFD82
:100950006D0811D0F0F73EFFA04271F10001F9D30C
:10096000EB07387804F13404F0D46D0801F028FD69
:10097000F0E700BFC3A0002018F8013C83EA06029C
:1009800002F0010202EB820102EB413080EA5600E4
:1009900080B280EA530202F0010202EB820102EB14
:1009A000413181EA500189B281EA930202F00102E9
:1009B00002EB820002EB403080EA510080B280EA14
:1009C000D30202F0010202EB820102EB413181EA23
:1009D000500189B281EA131202F0010202EB820097
:1009E00002EB403080EA510080B280EA531202F0FC
:1009F000010202EB820102EB413181EA500189B22E
:100A000081EA931202F0010202EB820002EB403213
:100A100082EA510292B282EAD31303F0010303EB9C
:100A2000830103EB413383EA5203D0459EB281D167
:100A3000B30040F20142340A03F47F7642EA8404B0
:100A40001643A4B2B6B2F0F7C5FEF10700F13405C3
:100A500038780ED501F0A6FC76080ED0F0F7BAFE75
:100A6000A84271F10001F9D3F107387805F1340596
:100A7000F0D4760801F0A4FCF0E7F0F7ABFEE20753
:100A800000F1340538780ED501F08CFC64080ED0E6
:100A9000F0F7A0FEA84271F10001F9D3E20738781F
:100AA00005F13405F0D4640801F08AFCF0E73878E9
:100AB00001F094FC292402E0013C3FF429AFFFF748
:100AC00043FC431CF8D0C0B2A0F13000B0FA80F073
:100AD000400905B0BDE8F08F40F201463446B2E768
:100AE0002DE9F04F334D344E002389B08346036027
:100AF0000FCD02AC0FC495E8030044F8040B307826
:100B0000217001F075FC0DF107084746A24640F23E
:100B1000014917F8014FF0F75DFE49EA8404A4B2D9
:100B200004F0010300F13405640830787BB101F072
:100B300039FC7CB1F0F74EFEA84271F10001F9D307
:100B400004F00103307834356408002BEFD101F054
:100B500037FCEFE7BA45DCD1307801F03FFC0DF10E
:100B6000FF34FFF7F1FB421C10D004F8010FA04541
:100B7000F7D1FFF7E9FB431C08D0C0B2302805D1FC
:100B8000BDF8002043F234739A4203D0002009B02C
:100B9000BDE8F08F9DF80230312BF7D1BDF804305D
:100BA0009DF803208BF802205BBAABF800300120DF
:100BB000EDE700BF38580308C3A0002000B583B09C
:100BC000FD2301A8ADF80430FFF7FEFBFFF7BCFBE7
:100BD000421C07D1FFF7B8FB431C08BF002001D11E
:100BE00003B000BDC0B2A0F1C100B0FA80F040096E
:100BF00003B000BD00B583B0002301A8ADF80430F8
:100C0000FFF7E2FB03B000BD2DE9F04F43884FF63C
:100C1000FF72934283B0074600F0E280744E5BBAE5
:100C2000FF223078ADF80420ADF8063001F0E0FB8B
:100C30004FF0000940F2014B0DF1040A1AF8018B44
:100C4000F0F7C8FD4BEA8804A4B204F0010300F1F8
:100C50003405640830787BB101F0A4FB7CB1F0F777
:100C6000B9FDA84271F10001F9D304F00103307815
:100C700034356408002BEFD101F0A2FBEFE789EADD
:100C8000080303F0010303EB830203EB423282EA21
:100C9000590292B282EA580303F0010303EB830185
:100CA00003EB413181EA520189B281EA980303F0F2
:100CB000010303EB830203EB423282EA510292B258
:100CC00082EAD80303F0010303EB830103EB413114
:100CD00081EA520189B281EA181303F0010303EBA0
:100CE000830203EB423282EA510292B282EA581343
:100CF00003F0010303EB830103EB413181EA52016D
:100D000089B281EA981303F0010303EB830203EB3A
:100D1000423282EA510292B282EAD81303F001030E
:100D200003EB830103EB413383EA52031FFA83F998
:100D300002AB9A4582D14FEA890505F47F75F0F739
:100D400049FD45F4806545F00105E90700F13404EB
:100D500030780ED501F026FB6D080ED0F0F73AFD85
:100D6000A04271F10001F9D3E907307804F13404AD
:100D7000F0D46D0801F024FBF0E74FEA192940F2A6
:100D80000145F0F727FD45EA8905ADB2EA0700F114
:100D9000340430780ED501F005FB6D080ED0F0F765
:100DA00019FDA04271F10001F9D3EA07307804F18E
:100DB0003404F0D46D0801F003FBF0E7307801F063
:100DC0000DFB032401E0013C06D0FFF7BDFA431CF4
:100DD000F9D0C0B2302803D0002003B0BDE8F08FB6
:100DE0003946072003B0BDE8F04FFFF7BFBB00BF97
:100DF000C3A000202DE9F04F43884FF6FF729342C5
:100E000083B0074600F0E280744E5BBAFF22307870
:100E1000ADF80420ADF8063001F0EAFA4FF0000911
:100E200040F2014B0DF1040A1AF8018BF0F7D2FCE5
:100E30004BEA8804A4B204F0010300F1340564080D
:100E400030787BB101F0AEFA7CB1F0F7C3FCA84278
:100E500071F10001F9D304F00103307834356408EE
:100E6000002BEFD101F0ACFAEFE789EA080303F0B9
:100E7000010303EB830203EB423282EA590292B28E
:100E800082EA580303F0010303EB830103EB4131D2
:100E900081EA520189B281EA980303F0010303EB6E
:100EA000830203EB423282EA510292B282EAD80311
:100EB00003F0010303EB830103EB413181EA5201AB
:100EC00089B281EA181303F0010303EB830203EBF9
:100ED000423282EA510292B282EA581303F00103CD
:100EE00003EB830103EB413181EA520189B281EACC
:100EF000981303F0010303EB830203EB423282EA0F
:100F0000510292B282EAD81303F0010303EB83018A
:100F100003EB413383EA52031FFA83F902AB9A458C
:100F200082D14FEA890505F47F75F0F753FC45F44B
:100F3000806545F00105E90700F1340430780ED5ED
:100F400001F030FA6D080ED0F0F744FCA04271F1C8
:100F50000001F9D3E907307804F13404F0D46D08C6
:100F600001F02EFAF0E74FEA192940F20145F0F7B7
:100F700031FC45EA8905ADB2EA0700F13404307866
:100F80000ED501F00FFA6D080ED0F0F723FCA04249
:100F900071F10001F9D3EA07307804F13404F0D498
:100FA0006D0801F00DFAF0E7307801F017FA03242C
:100FB00001E0013C06D0FFF7C7F9431CF9D0C0B2ED
:100FC000302803D0002003B0BDE8F08F394603205D
:100FD00003B0BDE8F04FFFF7C9BA00BFC3A00020BF
:100FE0002DE9F04F43884FF6FF72934283B00746D6
:100FF00000F0E280744E5BBAFF223078ADF8042036
:10100000ADF8063001F0F4F94FF0000940F2014B61
:101010000DF1040A1AF8018BF0F7DCFB4BEA8804A7
:10102000A4B204F0010300F13405640830787BB108
:1010300001F0B8F97CB1F0F7CDFBA84271F10001E5
:10104000F9D304F00103307834356408002BEFD174
:1010500001F0B6F9EFE789EA080303F0010303EBB7
:10106000830203EB423282EA590292B282EA5803C7
:1010700003F0010303EB830103EB413181EA5201E9
:1010800089B281EA980303F0010303EB830203EBC7
:10109000423282EA510292B282EAD80303F001039B
:1010A00003EB830103EB413181EA520189B281EA0A
:1010B000181303F0010303EB830203EB423282EACD
:1010C000510292B282EA581303F0010303EB830149
:1010D00003EB413181EA520189B281EA981303F0AE
:1010E000010303EB830203EB423282EA510292B224
:1010F00082EAD81303F0010303EB830103EB4133CE
:1011000083EA52031FFA83F902AB9A4582D14FEA70
:10111000890505F47F75F0F75DFB45F4806545F0C2
:101120000105E90700F1340430780ED501F03AF9F1
:101130006D080ED0F0F74EFBA04271F10001F9D31B
:10114000E907307804F13404F0D46D0801F038F97F
:10115000F0E74FEA192940F20145F0F73BFB45EA79
:101160008905ADB2EA0700F1340430780ED501F0FC
:1011700019F96D080ED0F0F72DFBA04271F10001B6
:10118000F9D3EA07307804F13404F0D46D0801F0A3
:1011900017F9F0E7307801F021F9032401E0013C70
:1011A00006D0FFF7D1F8431CF9D0C0B2302803D0E5
:1011B000002003B0BDE8F08F3946042003B0BDE83D
:1011C000F04FFFF7D3B900BFC3A000202DE9F04FC7
:1011D00043884FF6FF72934283B000F0E380804F64
:1011E0005BBAFF223878ADF80420ADF8063001F084
:1011F000FFF80DF1040B4FF0000840F2014AD94608
:1012000019F8016BF0F7E6FA4AEA8605ADB205F087
:10121000010300F134046D0838787BB101F0C2F8A5
:101220007DB1F0F7D7FAA04271F10001F9D305F0D2
:101230000103387834346D08002BEFD101F0C0F889
:10124000EFE786EA080303F0010303EB830203EBF5
:10125000423282EA580292B282EA560303F0010354
:1012600003EB830103EB413181EA520189B281EA48
:10127000960303F0010303EB830203EB423282EA9D
:10128000510292B282EAD60303F0010303EB830119
:1012900003EB413181EA520189B281EA161303F06E
:1012A000010303EB830203EB423282EA510292B262
:1012B00082EA561303F0010303EB830103EB413190
:1012C00081EA520189B281EA961303F0010303EB2C
:1012D000830203EB423282EA510292B282EAD613CF
:1012E00003F0010303EB830103EB413383EA520371
:1012F0001FFA83F802AB994582D14FEA880505F4BD
:101300007F75F0F767FA45F4806545F00105EE0753
:1013100000F1340438780ED501F044F86D080ED091
:10132000F0F758FAA04271F10001F9D3EE073878CE
:1013300004F13404F0D46D0801F042F8F0E74FEA0C
:10134000182840F20145F0F745FA45EA8805ADB2A4
:10135000E90700F1340438780ED501F023F86D0860
:101360000ED0F0F737FAA04271F10001F9D3E90786
:10137000387804F13404F0D46D0801F021F8F0E776
:10138000387801F02BF8032401E0013C06D0FEF789
:10139000DBFF421CF9D0C0B2302805D0002003B0DA
:1013A000BDE8F08F0DF1040B4FF481735846ADF892
:1013B00004301524FFF708F801E0013C0CD0FEF7DB
:1013C000C3FF431CF9D0C0B2A0F13000B0FA80F0E6
:1013D000400903B0BDE8F08F204603B0BDE8F08FB0
:1013E000C3A000202DE9F04F43884FF6FF729342CF
:1013F00083B0074600F0E280814E5BBAFF2230786E
:10140000ADF80420ADF8063000F0F2FF4FF000090F
:1014100040F2014B0DF1040A1AF8018BF0F7DAF9EA
:101420004BEA8804A4B204F0010300F13405640817
:1014300030787BB100F0B6FF7CB1F0F7CBF9A84271
:1014400071F10001F9D304F00103307834356408F8
:10145000002BEFD100F0B4FFEFE789EA080303F0B7
:10146000010303EB830203EB423282EA590292B298
:1014700082EA580303F0010303EB830103EB4131DC
:1014800081EA520189B281EA980303F0010303EB78
:10149000830203EB423282EA510292B282EAD8031B
:1014A00003F0010303EB830103EB413181EA5201B5
:1014B00089B281EA181303F0010303EB830203EB03
:1014C000423282EA510292B282EA581303F00103D7
:1014D00003EB830103EB413181EA520189B281EAD6
:1014E000981303F0010303EB830203EB423282EA19
:1014F000510292B282EAD81303F0010303EB830195
:1015000003EB413383EA52031FFA83F902AB9A4596
:1015100082D14FEA890505F47F75F0F75BF945F450
:10152000806545F00105EB0700F1340430780ED5F5
:1015300000F038FF6D080ED0F0F74CF9A04271F1C1
:101540000001F9D3EB07307804F13404F0D46D08CE
:1015500000F036FFF0E74FEA192940F20145F0F7B5
:1015600039F945EA8905ADB2E90700F1340430786C
:101570000ED500F017FF6D080ED0F0F72BF9A04242
:1015800071F10001F9D3E907307804F13404F0D4A3
:101590006D0800F015FFF0E7307800F01FFF03241E
:1015A00001E0013C06D0FEF7CFFE421CF9D0C0B2EC
:1015B000302803D0002003B0BDE8F08F3846FFF795
:1015C000C1F80028F6D040F2051301A8ADF80430A8
:1015D00040F2DD54FEF7F8FE01E0013C0CD0FEF7CE
:1015E000B3FE431CF9D0C0B2A0F13000B0FA80F0D5
:1015F000400903B0BDE8F08F204603B0BDE8F08F8E
:10160000C3A000202DE9F04F43884FF6FF729342AC
:1016100083B0074600F0E280814E5BBAFF2230784B
:10162000ADF80420ADF8063000F0E2FE4FF00009FE
:1016300040F2014B0DF1040A1AF8018BF0F7CAF8D9
:101640004BEA8804A4B204F0010300F134056408F5
:1016500030787BB100F0A6FE7CB1F0F7BBF8A84271
:1016600071F10001F9D304F00103307834356408D6
:10167000002BEFD100F0A4FEEFE789EA080303F0A6
:10168000010303EB830203EB423282EA590292B276
:1016900082EA580303F0010303EB830103EB4131BA
:1016A00081EA520189B281EA980303F0010303EB56
:1016B000830203EB423282EA510292B282EAD803F9
:1016C00003F0010303EB830103EB413181EA520193
:1016D00089B281EA181303F0010303EB830203EBE1
:1016E000423282EA510292B282EA581303F00103B5
:1016F00003EB830103EB413181EA520189B281EAB4
:10170000981303F0010303EB830203EB423282EAF6
:10171000510292B282EAD81303F0010303EB830172
:1017200003EB413383EA52031FFA83F902AB9A4574
:1017300082D14FEA890505F47F75F0F74BF845F43F
:10174000806545F00105EB0700F1340430780ED5D3
:1017500000F028FE6D080ED0F0F73CF8A04271F1C1
:101760000001F9D3EB07307804F13404F0D46D08AC
:1017700000F026FEF0E74FEA192940F20145F0F7A4
:1017800029F845EA8905ADB2E90700F1340430785B
:101790000ED500F007FE6D080ED0F0F71BF8A04242
:1017A00071F10001F9D3E907307804F13404F0D481
:1017B0006D0800F005FEF0E7307800F00FFE03241E
:1017C00001E0013C06D0FEF7BFFD421CF9D0C0B2DB
:1017D000302803D0002003B0BDE8F08F3846FEF774
:1017E000B1FF0028F6D040F2011301A8ADF8043093
:1017F0001524FEF7E9FD01E0013C0CD0FEF7A4FD45
:10180000431CF9D0C0B2A0F13000B0FA80F040091A
:1018100003B0BDE8F08F204603B0BDE8F08F00BFF5
:10182000C3A000202DE9F041EFF7D4FF234D074678
:1018300000F1FA064FF0000805E0EFF7CBFF864213
:1018400078EB010134D3287800F096FD0446002897
:10185000F3D105E0EFF7BEFF864274EB010127D319
:10186000287800F091FD80460028F3D1EFF7B2FF11
:10187000134B144A1B68C01B984210601CD807F514
:10188000FA7705E0EFF7A6FF874278EB01010FD367
:10189000287800F071FD04460028F3D1287800F084
:1018A00073FD38B1EFF796FF874274EB0101F5D273
:1018B0004FF0FF30BDE8F0810120FBE7C3A000201E
:1018C00098A000209CA000202DE9F047864E874D6F
:1018D000602382B02B603378122B8046894621D05A
:1018E000152B1FD0012B0CBF02248C24FFF79AFF6D
:1018F00001301AD00A24FFF795FF01300ED0013CC9
:10190000F9D17B4B1A68930803EB52032B6001E07B
:10191000012811D1FFF786FF411CF9D1002002B048
:10192000BDE8F08744F6206401E0013CF6D0FFF703
:1019300079FF0130F9D0DDE76E4D00242C70274689
:10194000FFF770FF421C00FA07F044EA000407F1B9
:101950000107E4B2E2D0082FF2D12B781B2C83EAE6
:1019600004032B70DAD100273C46FFF75BFF431CD2
:1019700000FA04F040EA070004F10104C7B2CDD038
:10198000082CF2D15C4B1A782B78BA4283EA070311
:101990002B70C3D100242746FFF744FF411C00FAF7
:1019A00007F044EA000407F10107E4B200F0988070
:1019B000082FF1D12B7863402B704FEA042A0027BF
:1019C0003C46FFF72FFF421C00FA04F047EA0007ED
:1019D00004F10104FFB2A1D0082CF2D12B784AEA1D
:1019E00007025F40531EB3F5817F92462F7095D852
:1019F00000273C46FFF716FF431C00FA04F047EAB5
:101A0000000704F10104FFB288D0082CF2D12B7832
:101A10000E2F83EA07032B7080D100221746019214
:101A2000FFF700FF019A00FA07F31343441C07F184
:101A30000107DAB23FF472AF082FF0D12B7831787A
:101A4000534091422B707FF469AF00263746FFF771
:101A5000E9FE00FA07F33343411C07F10107DEB248
:101A60003FF45CAF082FF2D12B7873402B70002E1F
:101A70007FF454AFBAF1020F1DDDAAF1020A344619
:101A800000231F460193FFF7CDFE019B421C00FA85
:101A900007F043EA000307F101073FF43FAF082FC7
:101AA000F0D14C452978B8BF08F8043001345940CA
:101AB00054452970E4D10024FFF7B4FE431C00FA1A
:101AC00004F046EA000604F1010404D0082CF3D126
:101AD0002B785E402E702878B0FA80F040091EE71F
:101AE0006FF0FF0A6BE700BF96A0002098A00020CF
:101AF0009CA0002095A0002097A0002070B51B4A54
:101B00001B4E137843400446137008250EE000F086
:101B100049FC4020EFF79CFE307800F051FC40205B
:101B2000EFF796FE013D4FEA54041DD0E3073078ED
:101B3000EDD400F037FC2020EFF78AFE307800F07B
:101B40003FFC2020EFF784FE307800F02BFC2020B3
:101B5000EFF77EFE307800F033FC2020EFF778FEC0
:101B6000013D4FEA5404E1D170BD00BF94A00020B4
:101B7000C3A000202DE9F041324EB0F80080324F72
:101B80000546307800F034FCFF20FFF7B7FFFF2058
:101B9000FFF7B4FF7F200024FFF7B0FF1B203C704D
:101BA000FFF7ACFF294B18780130C0B208F10A08E2
:101BB0001870FFF7A3FFC8F30720FFF79FFF5FFA36
:101BC00088F0FFF79BFF0E20FFF798FF204B187857
:101BD000FFF794FF2888000AFFF790FF2878FFF7A7
:101BE0008DFF2046FFF78AFF2046FFF787FF20463C
:101BF000FFF784FF2046FFF781FF2046FFF77EFFB7
:101C00002046FFF77BFF2046FFF778FF2B883BB18C
:101C10006B68185DFFF772FF2B880134A342F7DC75
:101C20003878FFF76BFF307800F0BCFB2020EFF72F
:101C30000FFE307800F0D2FBBDE8F04105481021DE
:101C4000FFF742BEC3A0002094A0002097A0002070
:101C500096A00020A0A00020F8B51D4C1D4B2078B8
:101C60001D4E01251D7000F0C3FBFF20FFF746FF4E
:101C7000FF20FFF743FF7F20FFF740FF00271B20D7
:101C80003770FFF73BFF154B18782844C0B2187027
:101C9000FFF734FF3846FFF731FF2846FFF72EFFE6
:101CA0000E20FFF72BFF2846FFF728FF3078FFF7BD
:101CB00025FF207800F076FB2020EFF7C9FD207883
:101CC00000F08CFBBDE8F84005481021FFF7FCBD93
:101CD000C3A0002096A0002094A0002097A0002080
:101CE000A0A000202DE9F04F5A4D5B4FDFF8708126
:101CF000DFF8709185B00124019028783C7000F0E5
:101D000077FBFF20FFF7FAFEFF20FFF7F7FE7F20AB
:101D1000FFF7F4FE00261B2088F80060FFF7EEFEB8
:101D200099F800002044C0B289F80000FFF7E6FEF1
:101D30003046FFF7E3FE2046FFF7E0FE0E20FFF7F8
:101D4000DDFE2046FFF7DAFE98F80000FFF7D6FE2A
:101D5000287800F027FB2020EFF77AFD287800F0A4
:101D60003DFB3E481021FFF7AFFD002852D00DF19A
:101D70000C0B28784FF01D0A87F800A000F038FB04
:101D8000FF20FFF7BBFEFF20FFF7B8FE7F200024F7
:101D9000FFF7B4FE1B2088F80040FFF7AFFE99F86C
:101DA00000000130C0B289F80000FFF7A7FE20460E
:101DB000FFF7A4FE0820FFF7A1FE0E20FFF79EFE0E
:101DC0005046FFF79BFE0420FFF798FE0420FFF724
:101DD00095FE2046FFF792FE3020FFF78FFE20464B
:101DE000FFF78CFEF0B2FFF789FE2046FFF786FE74
:101DF00098F80000FFF782FE287800F0D3FA202040
:101E0000EFF726FD287800F0E9FA14481021FFF7D3
:101E10005BFD10B905B0BDE8F08F104B1A780136A4
:101E20004AB95A78302A00D02AB90C4B9A7812B99C
:101E3000DA788BF80020032E0BF1010B99D1BDF855
:101E40000D3001999DF80C208A705BBA0B8005B0AB
:101E5000BDE8F08FC3A0002096A00020A0A0002025
:101E600094A0002097A00020F8B5264C264F20789B
:101E7000264E12233B7000F0BBFAFF20FFF73EFE18
:101E8000FF20FFF73BFE7F20FFF738FE00251B20D9
:101E90003570FFF733FE1E4B18780130C0B2187052
:101EA000FFF72CFE2846FFF729FE0720FFF726FE46
:101EB0000E20FFF723FE3878FFF720FE1420FFF7EF
:101EC0001DFE2846FFF71AFEAC20FFF717FE8820FC
:101ED000FFF714FE1320FFF711FE7620FFF70EFE2A
:101EE0003078FFF70BFE207800F05CFA2020EFF747
:101EF000AFFC207800F072FABDE8F84005481021E8
:101F0000FFF7E2BCC3A0002096A0002094A0002010
:101F100097A00020A0A0002042882DE9F8434FF6AA
:101F2000FF739A42044600F093804C4DDFF83C81E9
:101F300028784B4E4B4F062388F8003000F058FAB3
:101F4000FF20FFF7DBFDFF20FFF7D8FD7F20FFF725
:101F5000D5FD4FF000091B2086F80090FFF7CEFD5D
:101F600038780130C0B23870FFF7C8FD4846FFF737
:101F7000C5FD0520FFF7C2FD0E20FFF7BFFD0620BF
:101F8000FFF7BCFD4846FFF7B9FD4846FFF7B6FD31
:101F90006088000AFFF7B2FDA078FFF7AFFD307848
:101FA000FFF7ACFD287800F0FDF92020EFF750FC9A
:101FB000287800F013FA2C481021FFF785FC002840
:101FC00044D01423287888F8003000F011FAFF205C
:101FD000FFF794FDFF20FFF791FD7F20FFF78EFDB7
:101FE0004FF000091B2086F80090FFF787FD387836
:101FF0000130C0B23870FFF781FD4846FFF77EFD23
:102000000420FFF77BFD0E20FFF778FD98F8000015
:10201000FFF774FD2088000AFFF770FD2078FFF7B6
:102020006DFDA020FFF76AFD3078FFF767FD287887
:1020300000F0B8F92020EFF70BFC287800F0CEF97B
:1020400021886068BDE8F843FFF73EBCBDE8F8832F
:10205000DFF81880014D024E024FB2E7C3A0002006
:1020600094A0002097A00020A0A0002096A000200F
:1020700042882DE9F8434FF6FF739A42044600F078
:1020800093804C4DDFF83C8128784B4E4B4F062314
:1020900088F8003000F0ACF9FF20FFF72FFDFF209B
:1020A000FFF72CFD7F20FFF729FD4FF000091B20D3
:1020B00086F80090FFF722FD38780130C0B2387002
:1020C000FFF71CFD4846FFF719FD0520FFF716FD39
:1020D0000E20FFF713FD0620FFF710FD4846FFF71F
:1020E0000DFD4846FFF70AFD6088000AFFF706FD70
:1020F000A078FFF703FD3078FFF700FD287800F0A7
:1021000051F92020EFF7A4FB287800F067F92C485C
:102110001021FFF7D9FB002844D01623287888F82F
:10212000003000F065F9FF20FFF7E8FCFF20FFF723
:10213000E5FC7F20FFF7E2FC4FF000091B2086F84A
:102140000090FFF7DBFC38780130C0B23870FFF741
:10215000D5FC4846FFF7D2FC0420FFF7CFFC0E2049
:10216000FFF7CCFC98F80000FFF7C8FC2088000AB5
:10217000FFF7C4FC2078FFF7C1FCA020FFF7BEFCEE
:102180003078FFF7BBFC287800F00CF92020EFF73F
:102190005FFB287800F022F921886068BDE8F843E9
:1021A000FFF792BBBDE8F883DFF81880014D024EBF
:1021B000024FB2E7C3A0002094A0002097A0002007
:1021C000A0A0002096A0002070B542884FF6FF73B3
:1021D0009A4282B0044656D02C4E2D4B3078019353
:1021E0000621197000F004F9FF20FFF787FCFF209B
:1021F000FFF784FC7F20FFF781FC264A00251B2087
:102200001570FFF77BFCDFF894C09CF800000130EC
:10221000C0B28CF80000FFF771FC2846FFF76EFC97
:102220000520FFF76BFC0E20FFF768FC0620FFF788
:1022300065FC2846FFF762FC2846FFF75FFC6088D4
:10224000000AFFF75BFCA078FFF758FC114A1078F2
:10225000FFF754FC307800F0A5F82020EFF7F8FAEB
:10226000307800F0BBF80C481021FFF72DFB019BE4
:1022700038B1132220461A7002B0BDE87040FFF753
:1022800079BC02B070BD024BF3E700BFC3A00020D1
:1022900096A0002094A00020A0A0002097A00020DD
:1022A00070B542884FF6FF739A4282B0044656D00A
:1022B0002C4E2D4B307801930621197000F098F8C0
:1022C000FF20FFF71BFCFF20FFF718FC7F20FFF724
:1022D00015FC264A00251B201570FFF70FFCDFF8C0
:1022E00094C09CF800000130C0B28CF80000FFF7E9
:1022F00005FC2846FFF702FC0520FFF7FFFB0E2038
:10230000FFF7FCFB0620FFF7F9FB2846FFF7F6FB7B
:102310002846FFF7F3FB6088000AFFF7EFFBA07881
:10232000FFF7ECFB114A1078FFF7E8FB307800F07C
:1023300039F82020EFF78CFA307800F04FF80C488D
:102340001021FFF7C1FA019B38B1152220461A70FF
:1023500002B0BDE87040FFF70DBC02B070BD024B8B
:10236000F3E700BFC3A0002096A0002094A00020A7
:10237000A0A0002097A00020024B342202FB0030D6
:10238000FAF770B8887A030808B5054B342202FBC7
:102390000030FAF767F8B0FA80F0400908BD00BFD6
:1023A000887A03083422054B02FB00F01A5C02B95C
:1023B0007047043001211844FAF758B8847A0308AA
:1023C0003422054B02FB00F01A5C02B9704704305E
:1023D00000211844FAF74AB8847A0308034B3422E0
:1023E000012102FB0030FAF74FB800BF847A0308DE
:1023F000034B3422002102FB0030FAF745B800BF3E
:10240000847A030870B51C4E054603242846FFF75E
:1024100069FC38B92846FEF763FBA0B9013CF5D149
:10242000204670BD3388002BF4D02988124A03E07F
:1024300032F8023F002BEDD09942F9D103230F4A25
:102440001370012070BD0E4A298813881BB906E05D
:1024500032F8023F1BB19942FAD10123EFE7064A55
:10246000138823B9DAE732F8023F002BD6D099421D
:10247000F9D10223E3E700BF1C020020B9A000202D
:102480000C02002010B54FF4FA612C20EFF7D6FAB9
:10249000144C02E0EFF728FB30B92078F4F720FB6A
:1024A00003462C20002BF5D02C20EFF71DFB10B19C
:1024B0000D4B01221A702078F4F712FB60B9034625
:1024C0000A490B4A0C886340C3F3072432F81420EE
:1024D00082EA03230B8010BD2078F4F737FB030258
:1024E000EEE700BFB8A00020C0A00020B6A00020EA
:1024F0005058030800B585B0A0F1300CADF80A10B3
:102500000392BCF10F0F3BD8DFE80CF084AD5B69A0
:1025100070743A3D359D1C083A1C08967D4AADF80A
:1025200008303B38127818BF012040EA42000238D8
:10253000052825D8DFE810F09D0024009D00B60096
:10254000C200BC001378734A002B08BF4FF480739D
:102550001278ADF808303A3818BF012040EA42003E
:10256000023805280CD8DFE810F0B9000B00AF00E6
:10257000CB00C500BF00674B1B78032B00F08A809F
:10258000022005B000BD644B644800211980117819
:102590000078884274D9DFF890C1019218468CF80F
:1025A0000010FFF72FFF5C4B019A002800F0B0806D
:1025B00058480078D8701B681360069B0421196086
:1025C0000AE0574B03CB1B781372069B10604FF049
:1025D000090C5160C3F800C0002005B000BD4FF4E5
:1025E00092611180069A02231360F5E74D4B012298
:1025F0001A70F1E7494B12781B78934240D9454B4A
:1026000049491B780A70013B012B48D9424B0022F3
:102610001A80E1E7404B1A88002ADDD03D4A127843
:10262000022A2FD9032A04D1FFF716FB3A4B0028C0
:10263000D2D100221A8021E013785A1E022A65D8CE
:10264000344A1370C8E7334B1B78012B98D1069995
:102650000B60137802A85B02ADF80A30FEF7B6FDF6
:102660000028B9D10AE06A211170069A012313608B
:10267000B2E702A8FEF7C6FF0028ADD10F2080E721
:1026800008207EE7002AD4D0FEF798FA224B0028D3
:10269000CFD0A1E7FFF7E8FB00289DD1EEE7FEF7DA
:1026A000A9FAB3E702A8FEF79DFE002894D1E5E75A
:1026B00002A8FFF7F5FD00288ED1DFE702A8FFF79B
:1026C00083FD002888D1D9E702A8FEF79DFA0028EB
:1026D000D4D0069ABDF8083013607DE702A8FEF753
:1026E00089FB0028F5D1C9E702A8FFF7C1FC002843
:1026F000EFD1C3E702A8FFF70FFC0028E9D1BDE73F
:1027000002A8FEF76DFC0028E3D1B7E7092038E7FF
:102710001880B3E7B9A00020BCA00020C4A000200E
:10272000C45E0308C1A00020C3A000202DE9F04F23
:10273000414B424ECBB083461870F3F7E5FCF3F7FC
:102740005BFC33689BB13E4D4FF0000834275FFAC5
:1027500088F407FB04F401212819F9F795FE2B5D95
:10276000002B54D1336808F101084345EFD8DFF856
:10277000E080344F00234FF47A612C2088F8003039
:102780003B70EFF75BF998F800300BBB2E4D0CE077
:102790004FF47A612C20EFF751F92C80FFF772FE8D
:1027A0002F2857D098F8003093B93C7884B9584610
:1027B000F4F796F90028EBD12C20EFF795F90028D3
:1027C000F0D04FF001033B7098F80030002BECD0B4
:1027D000336883B11A4D00274FF03408FCB208FB70
:1027E00004F400212819F9F74FFE2B5DD3B93368A3
:1027F00001379F42F2D341F28830EFF7B5F8134B1F
:1028000000221A70E7F71EF94BB0BDE8F08F201DCB
:1028100001212844F9F72AFE336808F101084345ED
:1028200095D8A4E7201D00212844F9F71FFE33683E
:1028300001379F42D2D3DEE7B8A000200400002079
:10284000847A0308C0A00020B6A00020C4A0002005
:10285000C1A000202046F3F7E9FBFFF713FE039029
:10286000FFF710FE0446FFF70DFE40EA04239BB27B
:102870000293FFF707FE031E08BF4FF480730AACF4
:1028800004EB030904949A46FFF7FCFD04F8010BDE
:10289000A145F9D1049CCDF814A0FFF7F3FDFFF793
:1028A000F1FD002209922A88059B002A00F0E581AB
:1028B0004FF440720323CDE9042300238DF8283020
:1028C0004FF480720123CDE906239A46B54BDFF819
:1028D000D892187800222E21A9F8002001F00EF8D5
:1028E000B9F8002082F4385210B20028C0F2FE82FB
:1028F000520011B20029C0F2F082520010B200283A
:10290000C0F2E482520011B20029C0F2D882520013
:1029100010B20028C0F2CC82520011B20029C0F2DD
:10292000C082520010B20028C0F2B482520011B22C
:1029300000299C4BBABF41F2210282EA41025200B7
:1029400018789DF90C10A9F8002000F0D7FFB9F80D
:102950000020039B82EA032210B20028C0F2938277
:10296000520011B20029C0F28782520010B2002832
:10297000C0F27B82520011B20029C0F26F82520075
:1029800010B20028C0F26382520011B20029C0F2D6
:102990005782520010B20028C0F24B82520011B28E
:1029A000804B00291878029BBABF41F2210282EACB
:1029B0004102520043F30721A9F8002000F09EFFD6
:1029C000029BB9F8001023F0FF024A4010B2002821
:1029D000C0F22882520011B20029C0F21C825200BB
:1029E00010B20028C0F21082520011B20029C0F2C9
:1029F0000482520010B20028C0F2F881520011B2D5
:102A00000029C0F2EC81520010B20028C0F2E0812F
:102A1000520011B20029634BBABF41F2210282EA8F
:102A20004102520018789DF90810A9F8002000F022
:102A300065FFB9F80020029B82EA032210B2002849
:102A4000C0F2BF81520011B20029C0F2B38152001E
:102A500010B20028C0F2A781520011B20029C0F2C2
:102A60009B81520010B20028C0F28F81520011B237
:102A70000029C0F28381520010B20028C0F2778191
:102A8000520011B20029474BBABF41F2210282EA3B
:102A90004102520018780799A9F8002000F02EFF93
:102AA000B9F80020069B5A4010B20028C0F25881A5
:102AB000520011B20029C0F24C81520010B200281D
:102AC000C0F24081520011B20029C0F2348152009C
:102AD00010B20028C0F22881520011B20029C0F2C1
:102AE0001C81520010B20028C0F21081520011B2B5
:102AF0000029B6BF41F22102520082EA4102BAF136
:102B0000000FA9F800203CDD0AAB5344029341F2C8
:102B1000210ACDF80CB014F801BB224B4FFA8BF10F
:102B2000187800F0EBFEB9F8002082EA0B2213B20D
:102B3000002BC0F29680520013B2002BC0F2988096
:102B4000520013B2002BC0F28780520013B2002B48
:102B50007DDB520013B2002B74DB520013B2002B4A
:102B60006BDB520013B2002B62DB520013B2002B5E
:102B700055DB029B5200A342A9F80020CBD1DDF81F
:102B80000CB0084B0599187800F0B8FEB9F8002091
:102B9000049B5A4011B20029C0F2B18051000AB220
:102BA00004E000BFB8A00020B4A00020002AC0F2BA
:102BB0009F80490008B20028C0F2938049000AB201
:102BC000002AC0F28780490008B200287BDB490058
:102BD0000AB2002A70DB490008B2002865DB490010
:102BE0000AB2002AC04BB6BF41F22101490081EA76
:102BF00042011C461878A9F8001041F3072100F0A3
:102C00007DFE99F90010207800F078FE4FF47A618B
:102C10002C20EEF713FF0020F3F71AFAC2E58AEA38
:102C20004303A9F80030029BA3427FF474AFA6E7E8
:102C30008AEA43031BB21A4699E78AEA43031BB2A6
:102C40001A4690E78AEA43031BB21A4687E78AEAE4
:102C500043031BB21A467EE78AEA43031BB21A46B5
:102C600075E78AEA43031BB2002B1A46BFF668AF2A
:102C70008AEA43031BB21A4664E709AA0092DDE917
:102C800002100AAAFFF736FCDDF824A043B2059330
:102C900003020493BAF1000F3FF40FAE4FFA8AF328
:102CA00007934FEA0A23069310E641F2210282EAD3
:102CB000400212B2114694E741F2210080EA42003C
:102CC00000B2014689E741F2210282EA400212B2D3
:102CD00011467EE741F2210080EA420000B201463F
:102CE00073E741F2210282EA400212B2114667E71D
:102CF00041F2210080EA420000B201465BE741F266
:102D0000210282EA410212B211464FE741F221014B
:102D100081EA400109B20A46EAE641F2210080EA6E
:102D2000410000B20246DEE641F2210181EA4001A3
:102D300009B20A46D2E641F2210080EA410000B21F
:102D40000246C6E641F2210181EA400109B20A4683
:102D5000BAE641F2210080EA410000B20246AEE646
:102D600041F2210181EA400109B20A46A2E641F29C
:102D7000210181EA400109B20A4683E641F22100BD
:102D800080EA410000B2024677E641F2210181EA81
:102D9000400109B20A466BE641F2210080EA410097
:102DA00000B202465FE641F2210181EA400109B228
:102DB0000A4653E641F2210080EA410000B2024691
:102DC00047E641F2210181EA400109B20A463BE6A9
:102DD00041F2210181EA400109B20A461AE641F2B4
:102DE000210080EA410000B202460EE641F22101D4
:102DF00081EA400109B20A4602E641F2210080EA76
:102E0000410000B20246F6E541F2210181EA4001AB
:102E100009B20A46EAE541F2210080EA410000B227
:102E20000246DEE541F2210181EA400109B20A468B
:102E3000D2E541F2210181EA400109B20A46AFE53B
:102E400041F2210080EA410000B20246A3E541F2CE
:102E5000210181EA400109B20A4697E541F22100C9
:102E600080EA410000B202468BE541F2210181EA8D
:102E7000400109B20A467FE541F2210080EA4100A3
:102E800000B2024673E541F2210181EA400109B234
:102E90000A4667E541F2210181EA400109B20A468A
:102EA00046E541F2210080EA410000B202463AE5DF
:102EB00041F2210181EA400109B20A462EE541F2C0
:102EC000210080EA410000B2024622E541F22101E0
:102ED00081EA400109B20A4616E541F2210080EA82
:102EE000410000B202460AE5B8A0002041F22101EB
:102EF00081EA400109B20A46FCE400BF10B504466D
:102F0000F3F7EEFD08B9002010BD2046F3F71EFED2
:102F10001C4ADFF878C0137883EA000111709CF82E
:102F200000100629EFD8DFE801F00C12181E232943
:102F30000400181A0022B0FA80F08CF80020400932
:102F400010BD2428DFD101238CF80030DBE74D28A9
:102F5000D9D102238CF80030D5E73C28D3D1032304
:102F60008CF80030CFE7042310708CF80030CAE7EB
:102F7000054A062310708CF80030C4E706238CF84D
:102F80000030C0E7B0A00020B2A00020B1A0002017
:102F90002DE9F8434FF4FA6104462C20EEF74EFD7C
:102FA000C24E2046FFF7AAFF38B92C20EEF79CFD51
:102FB0000028F6D00020BDE8F8834FF4FA612C20F9
:102FC000EEF73CFD0220F3F731F83378242B7ED85E
:102FD000002B78D0013B232B75D8DFE813F01D02BE
:102FE000FA01CF01A4016F01740074007400740031
:102FF0007400740074007400740074007400740031
:103000007400740074007400740074007400740020
:103010007400740074007400740074007400740010
:1030200074007400440124212046F3F743FEA04FAE
:103030004D2120460025F3F73DFE3E212046F3F7C3
:1030400039FE122120463D5500F058FC72212046E1
:1030500000F054FC40F2DC51204600F053FC4FF4E9
:103060007A71204600F04EFC4FF4FA61204600F0E1
:1030700049FC4FF47A71204600F044FC4FF47A7119
:10308000204600F03FFC2946204600F037FC294648
:10309000204600F033FC2946204600F02FFC29464C
:1030A000204600F02BFC2946204600F027FC29464C
:1030B000204600F023FC2946204600F023FC395727
:1030C000204600F01BFC0220F2F7C2FF6DE77C2BCC
:1030D00000F2C381642BF6D9653B172BF3D801A20C
:1030E00052F823F001320208C7300208C730020844
:1030F00085310208C7300208C7300208C73002080D
:10310000C7300208C7300208C7300208C7300208BB
:10311000C7300208C730020827300208C73002084B
:10312000C7300208C7300208C7300208C73002089B
:10313000C7300208C7300208C7300208C73002088B
:103140004531020820462421F3F7B4FD584F2046AC
:103150004D21F3F7AFFD002520463E21F3F7AAFDF0
:1031600020463D55062100F0C9FB20467C2100F099
:10317000C5FB2946204600F0C5FB2946204600F045
:10318000C1FB98E724212046F3F794FD4D2120460A
:10319000F3F790FD3E212046F3F78CFD444B454F5D
:1031A000DFF8148100251D5510212046994600F0B6
:1031B000A5FB6821204600F0A1FB0CE0D7ED007ACA
:1031C000FDEEE77A013517EE903A19B200F09AFB5E
:1031D000082D0CD00437D8F80030AB4220464FF011
:1031E0000001EBD8013500F08DFB082DF2D119F963
:1031F0000410204600F082FB0220F2F729FFD4E6FB
:1032000024212046F3F756FD294F4D212046002565
:10321000F3F750FD3E212046F3F74CFD0F212046E9
:103220003D5500F06BFB6521204600F067FB4FF435
:10323000FA71204600F066FB2946204600F062FB4A
:103240002946204600F05EFB2946204600F06AFB36
:103250002946204600F052FB2946204600F052FB4A
:103260004FF4FA7128E720462421F3F723FD104D8F
:1032700020464D21F3F71EFD002720463E21F3F79F
:1032800019FD20462F55042100F038FB204624214B
:1032900000F034FB3946204600F044FB2046295715
:1032A00000F02CFB0220F2F7D3FE7EE6B2A0002055
:1032B000F04300205C06002004000020242120466A
:1032C000F3F7F8FC4D212046F3F7F4FC3E212046AD
:1032D000F3F7F0FC784A002313551A212046914653
:1032E00000F00CFB0521204600F008FB7349204646
:1032F00000F076FA7249204600F072FA71492046D1
:1033000000F06EFA7049204600F06AFA0325202189
:10331000204600F0F3FA013DF9D119F904102046D6
:1033200000F0ECFA68E720462421F3F7C3FC624F73
:1033300020464D21F3F7BEFC002520463E21F3F741
:10334000B9FC20463D55062100F0D8FA204604215C
:1033500000F0D4FA20465D4900F042FA29462046A2
:1033600000F0CCFA2946204600F0C8FA204639572A
:1033700000F0C4FA0220F2F76BFE16E62421204684
:10338000F3F798FC4D212046F3F794FC4A4D3E217B
:103390002046F3F78FFC00232B550321204600F035
:1033A000ADFA0321204600F0A9FA0121204600F0E1
:1033B000A5FA0E21204600F0A1FA0121204600F0D6
:1033C0009DFA2046295700F099FA0220F2F740FEB4
:1033D000EBE520462421F3F76DFC20464D21F3F761
:1033E00069FC354D20463E21F3F764FC00232B5544
:1033F0002046042100F082FA2046022100F07EFAE5
:103400002046334900F0ECF92046295700F076FABF
:103410000220F2F71DFEC8E524212046F3F74AFCFE
:10342000254D4D212046F3F745FC00273E2120463F
:10343000F3F740FC032120462F5500F05FFA0121ED
:10344000204600F05BFA3946204600F057FA012189
:10345000204600F053FA1921B0E7F52B7FF433AE84
:1034600020462421F3F726FC20464D21F3F722FCC9
:10347000114D20463E21F3F71DFC00232B5520461D
:10348000012100F03BFA20466FF00A0100F036FA05
:10349000104B204693F9001000F030FA29572046CF
:1034A00000F02CFA0220F2F7D3FD2C20EEF71CFBE3
:1034B0000020BDE8F88300BFF0430020E05E030871
:1034C000EC5E0308F85E0308FC5E0308D85E0308A0
:1034D000D05E0308C4A000202DE9F04142F2107133
:1034E00004462C20EEF7AAFA0020F2F79FFDEEF733
:1034F00035FA054609E02046F3F7F2FA50B9EEF73F
:103500002DFA401BB0F57A7F60D22C20EEF7ECFA52
:103510000028F0D02046F3F7E3FA002844D02F4DDE
:103520002F4A29680123137059B100232D4E3427E7
:10353000184607FB03620133D269DBB28B4210608D
:10354000F7D33220EEF710FA274A2B681370204683
:10355000FFF71EFD2046FFF7E9F82B6893B1214ED7
:103560004FF0000834275FFA88F407FB04F40021C9
:103570003019F8F789FF335DEBB92B6808F10108C2
:103580004345F0D841F28830EEF7EEF9164B0024AF
:103590001C70E6F757FA124B02201C70F5F778FE04
:1035A000BDE8F041F2F7B0BD0320F5F771FEBDE8CC
:1035B000F041F2F7A9BD201D00213044F8F756FF75
:1035C0002B6808F101084345CDD8DBE70221084606
:1035D000F5F73EFEEEF7C2F9054696E70400002037
:1035E000C2A00020847A0308C4A0002018B1084BB0
:1035F000084AC3F8FC2F72B6BFF34F8F0649074B3A
:10360000CA6802F4E0621343CB60BFF34F8FFEE75A
:1036100000F00120EFBEADDE00ED00E00400FA0591
:1036200000B57F2083B00DF0CDFB30B101200190BB
:103630000DF0E2FB019803B000BD7E200DF0C2FB4F
:1036400008B10220F3E77D200DF0BCFB28B97C20F7
:103650000DF0B8FB18B10420E9E70320E7E77B2071
:103660000DF0B0FB50B97A200DF0ACFB40B97920D9
:103670000DF0A8FB002818BF0720D8E70520D6E7E3
:103680000620D4E74848494AD0F8883043F470030C
:1036900084B0C0F888301368002143F00103136040
:1036A00091601368A0F1BC2023F0847323F480336D
:1036B000F03813605060136823F480231360D160E6
:1036C00001910291136843F48033136003E0019B7E
:1036D000B3F5A06F09D0136803F400330293019B84
:1036E00001330193029B002BF1D0304B1B6813F484
:1036F000003318BF01230293029B012B1ED02B48DD
:103700002B4A036B2B4943F004030363136823F034
:1037100070531360136843F0A05300201360536983
:1037200083F4C04353610390039B8B42F7DC039BFC
:1037300001330393039B8B42F9DDF0E71B4B1E49DA
:103740001A6C1E4842F080521A640A6842F48042A1
:103750000A609A689A609A6842F400429A609A688D
:1037600042F4A0529A6058601A6842F080721A605F
:103770001A689201FCD5124A40F2056111609968FD
:1037800021F003019960996841F00201A2F580627D
:103790009960936803F00C03082BFAD1024B4FF0A9
:1037A00000629A6004B0704700ED00E0003802400B
:1037B000000802403F0D030000700040085440071D
:1037C000003C024000B583B00D210190F3F772FA7E
:1037D00001980A2103B05DF804EBF3F76BBA00BF60
:1037E00038B50C46097839B105462846F3F762FA30
:1037F00014F8011F0029F8D138BD00BF38B50C46B8
:103800009F2C4FEA11118CBF5731303104F00F0457
:103810000546F3F74FFA092C06D904F1570128465B
:10382000BDE83840F3F746BA04F130012846BDE858
:103830003840F3F73FBA00BFF8B50C46B4F1204F5B
:103840004FEA21464FEA11674FEA11712CBF5731F9
:10385000303107F00F070546F3F72CFA092F8CBF1C
:1038600007F1570107F130012846F3F723FAC6F3B1
:1038700003110929F6B28CBF5731303106F00F061B
:103880002846F3F717FA092E8CBF06F1570106F107
:1038900030012846F3F70EFAC4F303310929C4F3C3
:1038A00007268CBF5731303106F00F062846F3F754
:1038B00001FA092E8CBF06F1570106F130012846A6
:1038C000F3F7F8F9C4F303110929E4B28CBF5731B7
:1038D0003031284604F00F04F3F7ECF9092C06D92F
:1038E00004F157012846BDE8F840F3F7E3B904F1C5
:1038F00030012846BDE8F840F3F7DCB9C9B2F3F768
:10390000D9B900BF10B582B00C46C9B20190F3F727
:10391000D1F90198C4F3072102B0BDE81040F3F7D4
:10392000C9B900BF38B505460C46C9B2F3F7C2F9AC
:10393000C4F307212846F3F7BDF9C4F3074128462D
:103940002414F3F7B7F9C4F307212846BDE838403B
:10395000F3F7B0B92DE9F0431F460B1E87B00546BB
:10396000164659DBDFF8C0C00024ACFB0312184632
:10397000D308C3EB43110DEB040EC3EB810100F13F
:103980003002A046A14602EB4102013409288EF81C
:10399000082064B2E9DCB44201DC002E2CDCB31E4A
:1039A000A3EB09094FFA89F9B9F1000F0ADB09F114
:1039B000FF39302128464FFA89F9F3F77BF9B9F13D
:1039C000FF3FF4D10DF109039844013C18F8011DA3
:1039D000284664B2F3F76EF9A64205D0002CF4DC59
:1039E0009FB907B0BDE8F083002E4FF02E012846A6
:1039F000F6DDF3F75FF9E8E728463021F3F75AF9E7
:103A00002E212846F3F756F9C9E73946284607B06C
:103A1000BDE8F043F3F74EB92D210193F3F74AF9CE
:103A2000019B5B429EE700BFCDCCCCCC10B51B29DF
:103A300082B00B46044603D80B4ACA40D20706D4CC
:103A40001946204602B0BDE81040F3F733B90191A2
:103A50001B21F3F72FF9019B2046194602B0BDE860
:103A60001040F3F727B900BF1200000870B5CBB2C1
:103A70001B2B82B00C4605460EB203D8284ADA400A
:103A8000D20747D419462846F3F714F9C6F307239B
:103A90001B2B4FEA262603D8214AF240D10732D405
:103AA000C4F3074619462846F3F704F91B2E4FEADC
:103AB000244403D81A4BF340DA071FD43146284672
:103AC000C4F30726F3F7F6F81B2E4FEA242403D895
:103AD000134BE340DB0706D43146284602B0BDE86D
:103AE0007040F3F7E7B828461B21F3F7E3F83146B7
:103AF000284602B0BDE87040F3F7DCB81B21284629
:103B0000F3F7D8F8DAE71B2128460193F3F7D2F848
:103B1000019BC5E71B210193F3F7CCF8019BB1E7AB
:103B2000120000082DE9F04FFF21054683B0DFF8B1
:103B300098A1DFF89881614FF3F7BCF800240121C8
:103B40002846F3F7B7F8402128460AF80540F3F76E
:103B5000B1F815212846F3F7ADF821462846F3F7CA
:103B6000A9F8D8F80C102846FFF780FFD8F81010F5
:103B70002846FFF77BFF464608F10C0956F8044B30
:103B8000E3B21B2B0FFA84FB09D827FA03F2D20702
:103B900005D51B2128460193F3F78CF8019B1946A4
:103BA0002846F3F787F8CBF307231B2B4FEA2B2B81
:103BB0000AD827FA0BFB1BF0010F05D01B21284662
:103BC0000193F3F777F8019BC4F3074B1946284696
:103BD000F3F770F8BBF11B0F4FEA244407D827FA1C
:103BE0000BF3D80703D51B212846F3F763F8594692
:103BF0002846C4F3072BF3F75DF8BBF11B0F4FEA20
:103C0000242407D827FA04F4E10703D51B2128460A
:103C1000F3F750F859462846F3F74CF8B145ADD1C3
:103C200098ED057AFFEE007AB4EEE77AF1EE10FA3D
:103C300041D4F7EE007AB4EEE77ADFED216AF1EED7
:103C400010FAD8BFF0EE477A67EEA67AFCEEE77A74
:103C5000CDED017A9DF804401B2C03D8174BE340AF
:103C6000DA0723D421462846F3F724F81AF805404A
:103C70001B2C03D8114BE340DB0712D42146284606
:103C8000F3F718F828460421F3F714F828460D2115
:103C9000F3F710F80A21284603B0BDE8F04FF3F718
:103CA00009B81B212846F3F705F8E7E71B2128464A
:103CB000F3F700F8D6E7DFED037AC7E71200000854
:103CC00000007F4300007FC3F04300207CA0002061
:103CD00070B5FF2182B004463A4EF2F7EBFF0025A3
:103CE00001212046F2F7E6FF35553B212046F2F749
:103CF000E1FF0E212046F2F7DDFF29462046F2F7CC
:103D0000D9FF314BD3ED007AFDEEE77ACDED017AA4
:103D10009DF80430BDF904501B2B03D82B4ADA4020
:103D2000D10747D419462046F2F7C4FFC5F307234D
:103D30001B2B4FEA252503D8244AEA40D20732D468
:103D4000234D19462046F2F7B5FFD5F8AC1F2046A3
:103D5000FFF78CFED5F8B01F2046FFF787FED5F899
:103D6000B41F2046FFF782FE355D1B2D03D8174B8D
:103D7000EB40DB0712D429462046F2F79BFF204692
:103D80000421F2F797FF20460D21F2F793FF0A2155
:103D9000204602B0BDE87040F2F78CBF1B212046E0
:103DA000F2F788FFE7E71B2120460193F2F782FF35
:103DB000019BC5E71B2120460193F2F77BFF019B86
:103DC000B0E700BFF043002050210020120000089F
:103DD000A811002070B582B08DED010A019B5E4AEA
:103DE000C3F3C751FF29044602EA1342C3F3160E78
:103DF0004BD059B90192F2F75DFF019A130A1946A7
:103E0000204602B0BDE87040F2F754BFA1F1700C3B
:103E1000BCF11E0F58DCBCF1000F64DD4FEA5E3EC2
:103E2000DE044EF4806576D4C5F30903134343EAF8
:103E30008C2C5FFA8CF21B2A5FFA8CF60FFA8CF549
:103E400007D8464BD340D90703D51B212046F2F7AC
:103E500031FF31462046F2F72DFFC5F307231B2B18
:103E60004FEA252CCBD83D4A22FA0CF2D207C6D510
:103E700020461B210193F2F71DFF019B20461946A6
:103E800002B0BDE87040F2F715BF130A0193BEF10E
:103E9000000F0CD00021F2F70DFF019B43F07E03D1
:103EA0001946204602B0BDE87040F2F703BF7146E4
:103EB000F2F700FF019B43F07C031946204602B055
:103EC000BDE87040F2F7F6BE00210192F2F7F2FE73
:103ED000019A130A43F07C031946204602B0BDE85C
:103EE0007040F2F7E7BE1CF10A0F22DBCCF10E01A5
:103EF0004EF4000E4FF0FF33CCF10D008B402EFA44
:103F000001FC01212EEA030381408B421BD817D00C
:103F100042EA0C0C8DE70EF0010EC3F30B035EEAD0
:103F2000030E81D06B1CB3F5006F0FD0C3F30903F0
:103F30007CE700210192F2F7BDFE019A130A5EE7C9
:103F40001CF0010FE4D00CF1010CE1E78E29A1F186
:103F50006F0CB9D0002369E70080FFFF1200000852
:103F600010B5FF210446F2F7A5FE01212046F2F725
:103F7000A1FE024B00221A5510BD00BFF0430020E5
:103F800010B5114B1B5C1B2B82B0044603D80F4AA3
:103F9000DA40D20712D419462046F2F78BFE2046AB
:103FA0000421F2F787FE20460D21F2F783FE0A2155
:103FB000204602B0BDE81040F2F77CBE1B21019301
:103FC000F2F778FE019BE6E7F043002012000008BC
:103FD000F8B5254B254E04460D46FF211D700027E0
:103FE000F2F768FE01212046F2F764FE46212046E2
:103FF0003755F2F75FFE1B212046F2F75BFE0121E9
:104000002046F2F757FE39462046F2F753FE1B2DA5
:1040100003D8174BEB40DA0721D429462046F2F7A4
:1040200049FE355D1B2D03D8114BEB40DB0711D446
:1040300029462046F2F73EFE20460421F2F73AFEDA
:1040400020460D21F2F736FE20460A21BDE8F84051
:10405000F2F730BE1B212046F2F72CFEE8E71B21C9
:104060002046F2F727FED8E7A87D0020F043002085
:10407000120000082DE9F04104460D46264EFF21AE
:1040800090460027F2F716FE01212046F2F712FEB5
:10409000332120463755F2F70DFE02212046F2F774
:1040A00009FE39462046F2F705FE1B2D03D81B4BAF
:1040B000EB40DA072AD429462046F2F7FBFDB8F197
:1040C000000118BF01214942C9B22046F2F7F2FDB2
:1040D000355D1B2D03D8114AEA40D30711D4294678
:1040E0002046F2F7E7FD20460421F2F7E3FD2046E3
:1040F0000D21F2F7DFFD20460A21BDE8F041F2F77D
:10410000D9BD1B212046F2F7D5FDE8E71B2120464B
:10411000F2F7D0FDCFE700BFF04300201200000807
:104120002DE9F04F8A4A8B4B11681E682DED048BE8
:10413000044685B0002900F00881874A9FED878AF0
:104140000023F2EC017A01338B4238EE278AF8D152
:10415000DFF81482824B98F80050D3ED008A1B2DB3
:1041600004D8804BEB40D90700F1EA80294620466D
:10417000F2F7A0FDD8F80030002B00F0DC8007EE4D
:10418000906AF8EE677AB7EE007A87EE279ADFF842
:10419000DC91744F002628EE888A59F8045B5FFA98
:1041A00085FBBBF11B0F0FFA85FA07D827FA0BF333
:1041B000DA0703D51B212046F2F77CFD594620463D
:1041C000CAF3072BF2F776FDBBF11B0F4FEA2A2A41
:1041D00008D827FA0AFA1AF0010F03D01B2120464B
:1041E000F2F768FDC5F3074A59462046F2F762FD2B
:1041F000BAF11B0F4FEA254507D827FA0AF3DB0768
:1042000003D51B212046F2F755FD51462046C5F344
:10421000072AF2F74FFDBAF11B0F4FEA252507D801
:1042200027FA05F5ED0703D51B212046F2F742FDDD
:1042300051462046F2F73EFDD8F800300136B34231
:10424000ABD8002B77D0DFF810B1DFF8189100273A
:10425000FFEE008A4DE0B7EE007AF4EEC77AF1EE99
:1042600010FAD4BF17EE90AA17EE10AA5FFA8AF2DE
:10427000CAF30745CAF307231B2A02934FEA1A66BB
:10428000019509D829FA02F1C80705D51B21204656
:104290000392F2F70FFD039A11462046F2F70AFD4A
:1042A000CAF307231B2B3BD902992046F2F702FDE4
:1042B0001B2D07D829FA05F5EA0703D51B2120464F
:1042C000F2F7F8FC01992046F2F7F4FC1B2E07D810
:1042D00029FA06F3DB0703D51B212046F2F7EAFC97
:1042E00031462046F2F7E6FCD8F800300137BB42F1
:1042F00021D9FBEC017A77EEC87A67EE897AF4EE81
:10430000E87AF1EE10FAA6D500212046F2F7D2FCA9
:1043100000212046F2F7CEFC8023BF260193D1E78F
:10432000CAF3072329FA03F3D907BDD51B21204679
:10433000F2F7C0FCB8E705B0BDEC048BBDE8F08F28
:104340001B212046F2F7B6FC10E79FED048AFFE63A
:1043500004000020840600208806002000000000E1
:104360000806002012000008000000200C060020B3
:10437000F8B5394A394B11681D682DED048B064696
:10438000002965D0364A9FED378A0023F2EC017A86
:1043900001338B4238EE278AF8D1334F334B3C78C8
:1043A000D3ED008A1B2C03D8314BE340DB074AD402
:1043B00021463046F2F77EFC3B68002B40D007EEEA
:1043C000905AF8EE677AB7EE007AC7EE279A294D31
:1043D000002428EE888AB5EC010A3046FFF7FAFC83
:1043E0003B680134A342F6D853B31D4D0024BFEE01
:1043F000009AF7EE008A0FE0F4EEE87AF1EE10FA98
:10440000D4BFB0EE670AB0EE680AFFF7E3FC3B6882
:1044100001349C4214D20435D5ED007A77EEC87A87
:10442000304667EEA97ABFEE000AF4EEC97AF1EEE3
:1044300010FAE1D5FFF7CEFC3B680134A342EAD87D
:10444000BDEC048BF8BD1B213046F2F733FCAFE71F
:104450009FED048AA1E700BF04000020840600202D
:104460008806002000000000000000200806002050
:10447000120000080C0600202DE9F04F2DED028BF4
:10448000474B484F1968484EDFF834A1DFF83491A4
:104490009FED468ADFF8308183B00546FFF7E6FAE4
:1044A000434B28461968FFF7E1FA424B2846196842
:1044B000FFF7DCFA404B28461968FFF7D7FAB468D3
:1044C000E2B21B2A0FFA84FB09D828FA02F1CB07C3
:1044D00005D51B2128460192F2F7ECFB019A114603
:1044E0002846F2F7E7FBCBF307221B2A4FEA2B23E0
:1044F00009D828FA03F3D80705D51B2128460192CD
:10450000F2F7D8FB019A11462846F2F7D3FBC4F321
:1045100007431B2B4FEA244409D828FA03F2D1079A
:1045200005D51B2128460193F2F7C4FB019B1946D0
:104530002846F2F7BFFBC4F307231B2B4FEA2424C2
:1045400009D828FA04F4E20705D51B21284601936F
:10455000F2F7B0FB019B19462846F2F7ABFB57F880
:10456000041B2846FFF782FAFAEC017A67EE887A94
:10457000284617EE901AFFF779FAF16A2846FFF7F6
:1045800075FA59F8041B2846FFF770FA0B4BBB422B
:1045900006F52E7693D103B0BDEC028BBDE8F08F0B
:1045A000E00F0020347D0020B83B00207CD6D03DB9
:1045B000DC0F0020D80F0020D40F0020407D002009
:1045C000587D00204C7D0020120000082DE9F843A2
:1045D000224B234E93ED000A224DDFF8A080224F9C
:1045E0002DED028B0446FFF7F5FB204B9FED208A53
:1045F00093ED000A2046FFF7EDFB1E4B204693ED9E
:10460000000AFFF7E7FB1C4B204693ED000AFFF77B
:10461000E1FB06F10C0995ED020A2046FFF7DAFBF3
:10462000B6EC010A2046FFF7D5FBB8EC010A20469C
:1046300020EE080AFFF7CEFB95ED0B0A2046FFF7A8
:10464000C9FBB7EC010A2046FFF7C4FB4E4505F550
:104650002E75E0D1BDEC028BBDE8F883E00F0020A1
:10466000347D0020B83B00204C7D0020DC0F002072
:104670007CD6D03DD80F0020D40F0020587D0020DC
:104680002DE9F043FF21044683B0F2F713FBDFF876
:104690009C9301212046F2F70DFB002309F804301A
:1046A0000D212046F2F706FBC64B1D68AD0076359E
:1046B00005F0FE012046ADB2F2F7FCFA2A0AB5F584
:1046C000E05F164604D2C04BD340DD0700F1DE8127
:1046D00031462046F2F7EEFADFF85483BA4F002550
:1046E00018F80530DEB21B2B27FA06F207D812F0B5
:1046F000010F4FF01B01204601D0F2F7DBFA3146E3
:1047000020460135F2F7D6FA0C2DE9D1AF4B1D78D2
:104710001B2D04D8AC4BEB40D80700F1B2812946E1
:104720002046F2F7C7FAAA4B204693ED000AFFF79E
:1047300051FBA84B204693ED000AFFF74BFBA64B1D
:10474000D3ED007AF5EEC07AF1EE10FA00F1A9810E
:104750009FEDA27AF4EEC77AF1EE10FA00F39B8196
:10476000FDEEE77ACDED017A9DF80460BDF90450C5
:104770001B2E07D8944BF340D90703D51B212046A5
:10478000F2F798FA31462046C5F30726F2F792FA77
:104790001B2E4FEA252507D88B4BEB40DA0703D5B4
:1047A0001B212046F2F786FA31462046F2F782FABC
:1047B0008B4BB3F90060002EC0F27C811D781B2D5D
:1047C00007D8814BEB40DB0703D51B212046F2F7CE
:1047D00071FA29462046F2F76DFAB6F5E05F4FEA26
:1047E0002622C6F3072507DA774BD340DF0703D528
:1047F0001B212046F2F75EFA29462046F2F75AFAC4
:10480000784B204693ED000AFFF7E4FA2046FFF7C5
:10481000DDFE754B204693ED000AFFF7DBFA734B84
:10482000204693ED000AFFF7D5FA714BD3F8E0323A
:10483000204600EE103AFFF7CDFA6E4B204693ED7E
:10484000000AFFF7C7FA6C4B204693ED000AFFF70A
:10485000C1FA6A4B204693ED000AFFF7BBFA684B9A
:10486000204693ED000AFFF7B5FA664B204693ED1C
:10487000000AFFF7AFFA644B204693ED000AFFF7FA
:10488000A9FA624B204693ED000AFFF7A3FA604BAA
:10489000D3ED007AF5EEC07AF1EE10FA00F107815F
:1048A000B7EE000AF4EEC07AF1EE10FAD8BFB0EE1F
:1048B000670A584D2046FFF78DFA95ED040A204609
:1048C000FFF788FAE968544D2046FFF7CFF8D5E99D
:1048D0000401E4F729F801462046FFF7C7F8D5E9B7
:1048E0000601E4F721F801462046FFF7BFF8D5E9B5
:1048F0000801E4F719F801462046FFF7B7F8D5E9B3
:104900000A01E4F711F801462046FFF7AFF8434BE0
:1049100093ED000AE6F76EF92046FFF75BFA404B8D
:10492000204693ED000AFFF755FA00212046F2F7E2
:10493000C1F900212046F2F7BDF93A4B204693ED2C
:10494000000AFFF747FA384B1D781B2D07D81E4B7E
:10495000EB40DE0703D51B212046F2F7ABF92946D1
:104960002046F2F7A7F92046FFF702FDECF7F6FF25
:10497000C6B21B2E054607D8134BF340D80703D504
:104980001B212046F2F796F931462046C5F307264B
:10499000F2F790F91B2E07D80B4BF340D90703D53C
:1049A0001B212046F2F786F931462046C5F307451C
:1049B000F2F780F91B2D41D8034BEB40DA073DD5C8
:1049C00038E000BF0000002012000008A87D002091
:1049D000B02E0020A82E0020A42E00200000FA46B1
:1049E0008C2E0020E838002028800020281100208C
:1049F0003081002044A6002040800020ECBC002034
:104A000004390020A0000020A4000020003900206C
:104A1000940F00204880002030110020F4BC0020BA
:104A2000BC000020B03800207F380020F043002078
:104A3000AC7D00201B212046F2F73CF92946204698
:104A4000F2F738F919F804501B2D07D81C4BEB402E
:104A5000DB0703D51B212046F2F72CF92946204617
:104A6000F2F728F920460421F2F724F920460D2117
:104A7000F2F720F90A21204603B0BDE8F043F2F72F
:104A800019B91B212046F2F715F948E61B212046EB
:104A9000F2F710F91CE600212046F2F70BF97D260B
:104AA00082E600212046F2F705F900267CE69FED1C
:104AB000050AFEE6FF212046F2F7FCF87F259BE67B
:104AC000120000080000000070B5FF21044682B00B
:104AD000F2F7F0F84D4E01212046F2F7EBF80023F3
:104AE000335510212046F2F7E5F8494B1D68ED00DB
:104AF0005535E9B22046ADB2F2F7DCF8290AB5F532
:104B0000E05F0A4603D2434BCB40D90777D4114626
:104B10002046F2F7CFF8404B20461968FEF7A6FF73
:104B20002046FFF7A9FC3D4B1D781B2D03D8394BC0
:104B3000EB40DB075ED429462046F2F7BBF820465F
:104B4000FFF7EEFAECF70AFFC3B21B2B054603D8BA
:104B5000304ADA40D00746D419462046F2F7AAF880
:104B6000C5F307231B2B03D82A4ADA40D10733D4D5
:104B700019462046C5F30745F2F79CF81B2D03D8CC
:104B8000244BEB40DA0722D429462046F2F792F86C
:104B9000355D1B2D03D81F4BEB40DB0712D4294694
:104BA0002046F2F787F820460421F2F783F82046E2
:104BB0000D21F2F77FF80A21204602B0BDE87040CF
:104BC000F2F778B81B212046F2F774F8E7E71B21CB
:104BD0002046F2F76FF8D7E71B2120460193F2F742
:104BE00069F8019BC4E71B2120460193F2F762F8A4
:104BF000019BB1E71B212046F2F75CF89BE71B21E4
:104C000020460192F2F756F8019A80E7F04300201F
:104C10000000002012000008E8380020F500002005
:104C2000F0B5FF21044683B0CF4FF2F743F80025DB
:104C300001212046F2F73EF83D550E212046F2F7BD
:104C400039F856212046F2F735F829462046F2F782
:104C500031F8C64B1D781B2D04D8C54BEB40D90746
:104C600000F1BD8129462046F2F724F8C14B1D789A
:104C70001B2D04D8BE4BEB40DA0700F1AB8129466F
:104C8000BD4D2046F2F716F895F831601B2E04D87A
:104C9000B74BF340DB0700F1988131462046F2F72D
:104CA00009F895F832601B2E04D8B14BF340D807B1
:104CB00000F1868131462046F1F7FCFFAF4B1E78AC
:104CC0001B2E04D8AA4BF340D90700F1748131465A
:104CD0002046F1F7EFFFDFEDAA7A95ED1F7AB4EEEB
:104CE000E77AF1EE10FA00F12581DFEDA67AB4EE55
:104CF000E77AF1EE10FAD4BF17EE101A17EE901AF9
:104D00002046FEF7B3FEDFED9E7A95ED207AB4EEF5
:104D1000E77AF1EE10FA00F10A81DFED9A7AB4EE4B
:104D2000E77AF1EE10FAD4BF17EE101A17EE901AC8
:104D30002046FEF79BFEDFED927A95ED267AB4EEE3
:104D4000E77AF1EE10FA00F1EF80DFED8E7AB4EE43
:104D5000E77AF1EE10FAD4BF17EE101A17EE901A98
:104D60002046FEF783FEDFED867A95ED277AB4EED6
:104D7000E77AF1EE10FA00F1D480DFED827AB4EE3A
:104D8000E77AF1EE10FAD4BF17EE101A17EE901A68
:104D90007D4E2046FEF76AFED6F8CC1F2046FEF771
:104DA00065FED6F8D41F2046FEF760FED5F89010B9
:104DB0002046FEF75BFE95ED250AE5F71BFF204632
:104DC00010EE101AFEF752FEA96C2046FEF74EFEBA
:104DD000D5F8D0102046FEF749FED5F8E810204659
:104DE000FEF744FED6F818152046FEF73FFED6F82B
:104DF000481A2046FEF73AFE644BDE69ECF7AEFD3A
:104E0000361AF3B21B2B04D8594ADA40D20700F104
:104E1000CB8019462046F1F74DFFC6F307231B2B25
:104E200004D8534ADA40D00700F19680194620464C
:104E3000C6F30746F1F73EFF1B2E04D84C4BF34058
:104E4000D90700F1848031462046F1F733FFD5F8C9
:104E500028112046FEF70AFE296A2046FEF706FEC4
:104E600095F82C611B2E03D8414BF340DA0769D427
:104E700031462046464EF1F71DFF00212046F1F74E
:104E800019FFD6F8AC122046FEF7F0FDD6F86415EF
:104E90002046FEF7EBFDD6F87C152046FEF7E6FD32
:104EA00095F83230022B04D995F83130032B00F2FB
:104EB0009B80384B93ED000ADFED377AB4EEE70ABA
:104EC000F1EE10FA2BD4DFED357A9FED357AB4EEA2
:104ED000E70AF1EE10FAD8BFF0EE407A67EE877A73
:104EE00017EE901A2046FEF7C1FD3D5D1B2D03D83D
:104EF0001F4BEB40DB0720D429462046F1F7DAFEB2
:104F000020460421F1F7D6FE20460D21F1F7D2FE0E
:104F10000A21204603B0BDE8F040F1F7CBBE21499D
:104F2000E0E74FF0424133E74FF0424118E74FF0DE
:104F30004241FDE64FF04241E2E61B212046F1F7F7
:104F4000B9FED9E71B212046F1F7B4FE90E71B21FB
:104F50002046F1F7AFFE76E71B2120460193F1F7DB
:104F6000A9FE019B62E700BFF04300207F380020CC
:104F7000120000087E38002048A800206D2C002078
:104F8000000000C200000042A8110020EC2E00200A
:104F9000B83B0020F8BC0020000034C300003443BC
:104FA00035FA8E3CDB0F49C01B2120460193F1F7F7
:104FB00081FE019B2DE71B212046F1F77BFE86E653
:104FC0001B212046F1F776FE74E61B212046F1F7FF
:104FD00071FE62E61B212046F1F76CFE4FE61B21B5
:104FE0002046F1F767FE3DE6064D2B78002B7FF457
:104FF00060AFFAF739FD044A012382ED000A2B70F5
:105000005AE700BFC7A00020F8BC00202DE9F04FF0
:10501000FF21044683B0F1F74DFE01212046F1F750
:1050200049FEC34BDFF83083C24F00251D553E219A
:105030002046F1F73FFE9D212046F1F73BFE294631
:105040002046F1F737FE18F80530DEB21B2B27FAA1
:1050500006F207D812F0010F4FF01B01204601D0D5
:10506000F1F728FE314620460135F1F723FE0C2DDD
:10507000E9D1B14F2046D7F8C412FEF7F7FCAF4B89
:105080001D781B2D04D8AB4BEB40DE0700F1C3822B
:1050900029462046F1F70EFEA94B1B781D1E18BFAE
:1050A0000125002B40F0BE8229462046F1F702FE82
:1050B000DFF8A892DFF87C82002606F1B00307EB48
:1050C000830320469968FEF7D1FC06F1B40307EB91
:1050D000830320465968FEF7C9FC06F19C0307EBE1
:1050E00083032046D968FEF7C1FC06F1960307EB5F
:1050F00083032046D968FEF7B9FC06F19A0307EB53
:10510000830320469968FEF7B1FCF9EC017AFDEEC5
:10511000E77ACDED017A9DF804A0BDF90450BAF10B
:105120001B0F28FA0AF307D813F0010F4FF01B01E9
:10513000204601D0F1F7BEFD51462046C5F3072AAF
:10514000F1F7B8FD2D12BAF11B0F28FA05F507D8B3
:1051500015F0010F4FF01B01204601D0F1F7AAFD19
:1051600051462046F1F7A6FD06F1940307EB8303B1
:105170002046D3F803100136FEF778FC032E9CD1AD
:10518000704B93ED007AF7EE006AC6EE877AFDEE7B
:10519000E77ACDED017A9DF80460BDF904501B2E2D
:1051A00004D8644BF340D80700F1308231462046E2
:1051B000C5F30726F1F77EFD1B2E4FEA252504D8FF
:1051C0005C4BEB40D90700F11C8231462046F1F7D9
:1051D00071FD5D4BD3ED007AFDEEE77ACDED017AFE
:1051E0009DF80460BDF904501B2E04D8514BF340C8
:1051F000DA0700F1018231462046C5F30726F1F7B0
:1052000059FD1B2E4FEA252504D84A4BEB40DB07FE
:1052100000F1ED8131462046F1F74CFD4B4BD3EDCB
:10522000007AFDEEE77ACDED017A9DF80460BDF9D4
:1052300004501B2E04D83F4BF340DF0700F1D2810E
:1052400031462046C5F30726F1F734FD1B2E4FEA01
:10525000252504D8374BEB40DD0700F1BE813146F0
:105260002046F1F727FD3A4BD3ED007AFDEEE77AC1
:10527000CDED017A9DF80460BDF904501B2E04D8D1
:105280002C4BF340D80700F1A38131462046C5F3EB
:105290000726F1F70FFD1B2E4FEA252504D8254BD5
:1052A000EB40D90700F18F8131462046F1F702FD2E
:1052B000284BD3ED007AFDEEE77ACDED017A9DF82B
:1052C0000460BDF904501B2E04D81A4BF340DA07D2
:1052D00000F1748131462046C5F30726F1F7EAFC58
:1052E0001B2E4FEA252504D8124BEB40DB0700F1BB
:1052F000608131462046F1F7DDFCDFF864900D4F08
:10530000002301934E464FF00008002516F835B0F3
:1053100036F935A0BBF11B0F27FA0BF122D811F09B
:10532000010F20464FF01B011CD0F1F7C3FC19E020
:10533000F043002012000008308100203D74030873
:105340003C740308A47D0020400000203C000020A5
:105350003800002034000020AC7D0020E0BC00209C
:1053600008AA002059462046CAF3072BF1F7A2FCF1
:105370004FEA2A23BBF11B0F27FA03F307D813F0D8
:10538000010F4FF01B01204601D0F1F793FC594665
:105390002046F1F78FFC6B1C022B4FF00105B5D1B5
:1053A00008EB0503022B06F10406A846ADD1019BCC
:1053B00001950133022B09F10209A3D19C4B204630
:1053C0001988FEF753FB9B4B20461968FEF74EFBEE
:1053D000994B1D781B2D04D8984BEB40DF0700F14B
:1053E000E38029462046F1F765FC954B1D781B2D7F
:1053F00004D8924BEB40DE0700F1D18029462046CD
:10540000F1F758FC8F4B1D781B2D04D88B4BEB40CC
:10541000D80700F1BF8029462046F1F74BFC8A4BA4
:105420001D781B2D04D8854BEB40D90700F1AD80CA
:1054300029462046F1F73EFC844B1D781B2D04D8ED
:105440007E4BEB40DA0700F19B8029462046F1F7BE
:1054500031FC7F4B9A781D78003A18BF0122003D3D
:1054600018BF012545EA42051A79DB78002B78D070
:1054700045F00805002A00F0D38045F020012046C1
:10548000F1F718FC00212046F1F714FC002120461A
:10549000F1F710FC00212046F1F70CFC002120461A
:1054A000F1F708FC00212046F1F704FC002120461A
:1054B000F1F700FC00212046F1F7FCFB002120461B
:1054C000F1F7F8FB00212046F1F7F4FB002120461C
:1054D000F1F7F0FB00212046F1F7ECFB002120461C
:1054E000F1F7E8FB00212046F1F7E4FB002120461C
:1054F000F1F7E0FB00212046F1F7DCFB002120461C
:10550000F1F7D8FB00212046F1F7D4FB002120461B
:10551000F1F7D0FB00212046F1F7CCFB002120461B
:10552000F1F7C8FB00212046F1F7C4FB494B1D5D94
:105530001B2D03D8414BEB40DB071CD429462046EA
:10554000F1F7B8FB20460421F1F7B4FB20460D210A
:10555000F1F7B0FB0A21204603B0BDE8F04FF1F7A8
:10556000A9BB002A89D1012D5AD11B212046F1F770
:10557000A1FB294683E71B212046F1F79BFBDDE7D2
:105580001B212046F1F796FB5FE71B212046F1F730
:1055900091FB4DE71B212046F1F78CFB3BE71B21DC
:1055A0002046F1F787FB29E71B212046F1F782FB14
:1055B00017E71B212046F1F77DFB9AE61B212046C9
:1055C000F1F778FB86E61B212046F1F773FB6BE6CB
:1055D0001B212046F1F76EFB57E61B212046F1F711
:1055E00069FB3CE61B212046F1F764FB28E61B2102
:1055F0002046F1F75FFB0DE61B212046F1F75AFB31
:10560000F9E51B212046F1F755FBDEE51B2120467D
:10561000F1F750FBCAE51B212046F1F74BFB37E5BC
:10562000E9B22CE71B212046F1F744FB3CE500BF23
:1056300004AA002000AA00202F7D002012000008EC
:1056400003BD002002BD002001BD002000BD0020E0
:10565000D0060020F04300202DE9F04F2DED028B05
:10566000044683B0FF21F1F725FBDFF89CA2DFF8A9
:105670009C8201212046F1F71DFB00230AF804302B
:1056800016212046F1F716FB98F8005006356D00FC
:10569000EEB2042E00F0248131462046F1F70AFBD9
:1056A0002B0A012B1D4600F0168129462046F1F7F2
:1056B00001FB8E4BD3E90053B5F5004F73F10003A6
:1056C00028BF47F6FF752EB2EDB21B2D04D8884BCC
:1056D000EB40DF0700F1FA8029462046F1F7EAFAAD
:1056E000B6F5E05F4FEA2622C6F3072504DA804BC1
:1056F000D340D80700F1E58029462046F1F7DAFAD1
:1057000098F800501B2D04D8794BEB40D90700F1D5
:10571000D38029462046F1F7CDFA764B1D781B2D14
:1057200004D8734BEB40DA0700F1C18029462046CC
:10573000714D9FED728ADFED728ADFF8B4B1F1F737
:10574000B9FA05F11007F5EC017AB7EE007A77EEB9
:10575000877A67EE887AF5EEC07AF1EE10FA59D4BE
:10576000F4EEE87AF1EE10FA5ADDFF212046F1F767
:10577000A1FAFF2631462046F1F79CFAAF42E2D16A
:1057800098F80030002B70D05E4FDFF8649101264E
:1057900016E0B5F5803F1DDBFF212046F1F78AFAC0
:1057A0004FF0FF0B59462046F1F784FA98F8002095
:1057B000F3B29A4259D90136152E07F1280754D071
:1057C000FD69002DE5DA00212046F1F773FA4FF06C
:1057D000000BE7E75FFA85FBBBF11B0FADB207D803
:1057E00029FA0BF3D90703D51B212046F1F762FAFA
:1057F00059462046F1F75EFA2B0AB5F5E05F9B4665
:10580000D0D229FA03F3DA07CCD51B212046F1F7D1
:1058100051FAC7E700212046F1F74CFA0026A9E724
:10582000FCEEE77ACDED017A9DF80460BDF80490B6
:105830001B2E07D82BFA06F3DB0703D51B212046C6
:10584000F1F738FA31462046F1F734FA4FEA1923D6
:10585000B9F5E05F1E468DD22BFA03F3D80789D540
:105860001B212046F1F726FA84E71AF804501B2D75
:1058700003D81F4BEB40DB0714D429462046F1F731
:1058800019FA20460421F1F715FA20460D21F1F707
:1058900011FA0A21204603B0BDEC028BBDE8F04F9F
:1058A000F1F708BA1B212046F1F704FAE5E71B21BE
:1058B0002046F1F7FFF939E71B212046F1F7FAF905
:1058C00027E71B212046F1F7F5F915E71B212046B4
:1058D000F1F7F0F900E71B212046F1F7EBF9E4E6D8
:1058E0001B212046F1F7E6F9D6E600BFC0300020C4
:1058F00012000008803700204030002000007A4469
:1059000000FF7F4720340020F04300208500002066
:10591000F0B52DED028B044683B0FF21B94DF1F7B0
:10592000C9F9002601212046F1F7C4F92E5543217B
:105930002046F1F7BFF932212046F1F7BBF9314695
:105940002046F1F7B7F9B04B20461968FEF78EF8FC
:10595000AE4B20461968FEF789F8AD4B9E88F7B22A
:105960001B2F36B204D8AB4BFB40DB0700F198810C
:1059700039462046C6F30727F1F79CF91B2F4FEA5B
:10598000262604D8A34BF340D80700F1848139467A
:105990002046F1F78FF9A04B1B6847F6FF769E4231
:1059A00028BF1E46F7B21B2F36B204D8994BFB40D6
:1059B000D90700F16B8139462046F1F77BF9B6F53E
:1059C000E05F4FEA2622C6F3072704DA914BD34063
:1059D000DA0700F1568139462046F1F76BF90021CC
:1059E0002046F1F767F900212046F1F763F98B4B68
:1059F0001F78B3F900601B2F04D8864BFB40DB07F0
:105A000000F13A8139462046C6F30727F1F752F9EB
:105A10001B2F4FEA262604D87E4BF340D80700F10F
:105A2000268139462046F1F745F97D4BB3F90070E0
:105A3000002FC0F26B811E781B2E07D8754BF340E8
:105A4000D90703D51B212046F1F734F9314620460A
:105A5000F1F730F9B7F5E05F4FEA2722C7F30726E1
:105A600007DA6C4BD340DA0703D51B212046F1F748
:105A700021F931462046F1F71DF96A4B6A4E93ED44
:105A8000008A06F10C07F6EC017AF8EE677A2046F8
:105A900067EE887A17EE901AFDF7E8FFB742F2D169
:105AA000624B634E93ED008A06F10C07F6EC017A27
:105AB000F8EE677A204667EE887A17EE901AFDF7BF
:105AC000D5FFB742F2D15B4B1B6847F6FF769E428B
:105AD00028BF1E46F7B21B2F36B204D84D4BFB40F1
:105AE000DB0700F10E8139462046F1F7E3F8B6F501
:105AF000E05F4FEA2622C6F3072704DA454BD3407E
:105B0000DE0700F1F98039462046F1F7D3F84A4B19
:105B10001B6847F6FF769E4228BF1E46F7B21B2F32
:105B200036B204D83B4BFB40D80700F1E080394641
:105B30002046F1F7BFF8B6F5E05F4FEA2622C6F33C
:105B4000072704DA334BD340D90700F1CB8039461D
:105B50002046F1F7AFF8394BD3E900619A68384B2A
:105B60000E441644D3E900129B681144194447F6C9
:105B7000FF73994228BF1946CBB21B2B0FB204D832
:105B8000244ADA40D20700F1A68019462046F1F7F0
:105B900091F8B7F5E05F4FEA2721C7F3072204DA4F
:105BA0001C4BCB40D80700F18F8011462046F1F7FF
:105BB00081F847F6FF739E4228BF1E46F7B21B2F9F
:105BC00036B203D8134BFB40D90778D43946204668
:105BD000F1F770F8B6F5E05F4FEA2622C6F3072723
:105BE00003DA0C4BD340DA0764D439462046F1F788
:105BF00061F82D5D1B2D25D8064BEB40DB0754D4F7
:105C000020E000BFF0430020D8000020D00000209A
:105C1000308100201200000884A60020920F00208E
:105C2000900F00203074030878A600203474030815
:105C30006CA6002050A600204CA6002054A60020F0
:105C400060A6002029462046F1F734F820460421BA
:105C5000F1F730F820460D21F1F72CF80A21204603
:105C600003B0BDEC028BBDE8F040F1F723B81B2177
:105C70002046F1F71FF8D4E61B212046F1F71AF869
:105C8000C0E61B212046F1F715F8A4E61B212046AB
:105C9000F1F710F88FE61B212046F1F70BF876E6B6
:105CA0001B212046F1F706F862E61B212046F1F79A
:105CB00001F8C7E71B212046F0F7FCFF95E71B2101
:105CC0002046F0F7F7FF81E71B2120460192F0F70D
:105CD000F1FF019A69E71B2120460193F0F7EAFFE3
:105CE000019B52E71B212046F0F7E4FF2FE71B2121
:105CF0002046F0F7DFFF1AE71B212046F0F7DAFF16
:105D000001E71B212046F0F7D5FFECE6FF212046F6
:105D1000F0F7D0FF7F26ACE62DE9F04FFF210446D7
:105D200083B0F0F7C7FF01212046F0F7C3FFC44B53
:105D300000251D554C212046F0F7BCFF542120467C
:105D4000F0F7B8FF2946BF4D2046F0F7B3FFEE78D5
:105D50001B2E04D8BC4BF340DA0700F1E284BB4FA2
:105D600031462046F0F7A6FF3B7805EB0313DE78BB
:105D70001B2E04D8B44BF340DB0700F1CC84314632
:105D80002046F0F797FFED7C1B2D04D8AE4BEB407F
:105D9000D80700F1BA842946AD4D2046F0F78AFFB6
:105DA000AB6847F6FF769E4228BF1E465FFA86F82C
:105DB000B8F11B0F36B205D8A34B23FA08F3D90765
:105DC00000F19D8441462046F0F774FFB6F5E05F90
:105DD0004FEA2622C6F3072804DA9B4BD340DA07A2
:105DE00000F1878441462046F0F764FF3B7803EBDF
:105DF000430305EB830347F6FF769B689E4228BF6B
:105E00001E465FFA86F8B8F11B0F36B205D88E4BE6
:105E100023FA08F3DB0700F1668441462046F0F7D9
:105E200049FFB6F5E05F4FEA2622C6F3072804DAF9
:105E3000854BD340D80700F1508441462046F0F707
:105E400039FF6B6947F6FF769E4228BF1E465FFA10
:105E500086F8B8F11B0F36B205D87B4B23FA08F34E
:105E6000D90700F1348441462046F0F723FFB6F508
:105E7000E05F4FEA2622C6F3072804DA724BD340CC
:105E8000DA0700F11E8441462046F0F713FFD5EDF6
:105E9000007AF5EEC07AF1EE10FA00F14F849FED32
:105EA0006D7AF4EEC77AF1EE10FA00F34084FDEE5D
:105EB000E77ACDED017A9DF80460BDF904801B2ED0
:105EC00007D8614BF340DB0703D51B212046F0F7D1
:105ED000F1FE31462046C8F30726F0F7EBFE1B2EF5
:105EE0004FEA282808D8584B23FA08F3D80703D5D7
:105EF0001B212046F0F7DEFE31462046F0F7DAFEA1
:105F00006B6847F6FF769E4228BF1E465FFA86F80A
:105F1000B8F11B0F36B208D84B4B23FA08F3D90758
:105F200003D51B212046F0F7C5FE41462046F0F779
:105F3000C1FEB6F5E05F4FEA2622C6F3072807DA6E
:105F4000414BD340DA0703D51B212046F0F7B2FEC0
:105F500041462046F0F7AEFE3B7803EB430305EBEA
:105F60008303D3ED007AF5EEC07AF1EE10FA00F17A
:105F7000F2839FED387AF4EEC77AF1EE10FA40F32F
:105F80001684FF212046F0F795FE7F2631462046F5
:105F9000F0F790FE3B7803EB430305EB830347F6F2
:105FA000FF765B689E4228BF1E4637B2F6B21B2EB4
:105FB00007D8254BF340D90703D51B212046F0F71E
:105FC00079FE31462046F0F775FEB7F5E05F4FEAFF
:105FD0002722C7F3072607DA1B4BD340DA0703D57E
:105FE0001B212046F0F766FE31462046F0F762FEA0
:105FF000D5ED037AF5EEC07AF1EE10FA00F1A58343
:106000009FED147AF4EEC77AF1EE10FA40F3A9830B
:10601000FF212046F0F74EFE7F2631462046F0F75E
:1060200049FE2A6947F6FF739A4228BF1A46D6B23C
:106030001B2E15B215D8044BF340D8070CE000BF57
:10604000F04300204074030812000008F70000200D
:10605000A48E002000FEFF4603D51B212046F0F74A
:1060600029FE31462046F0F725FEB5F5E05F4FEA00
:106070002522C5F3072607DAB74BD340D90703D546
:106080001B212046F0F716FE31462046DFF8F88245
:10609000B24EDFF8F892B04FF0F70CFE08F1020BA9
:1060A00018F8015F1B2D07D827FA05F3DA0703D587
:1060B0001B212046F0F7FEFD29462046F0F7FAFDA9
:1060C00019F8015F1B2D07D827FA05F3DB0703D565
:1060D0001B212046F0F7EEFD29462046F0F7EAFDA9
:1060E000A6F1040A1AF8015B1B2D27FA05F207D85E
:1060F00012F0010F4FF01B01204601D0F0F7DAFD3E
:1061000029462046F0F7D6FD5645EBD1C34506F1AA
:106110000406C5D1924B1E78B3F900501B2E07D848
:106120008D4BF340DF0703D51B212046F0F7C2FD5E
:1061300031462046C5F30726F0F7BCFD1B2E4FEA7B
:10614000252507D8844BEB40DD0703D51B212046CE
:10615000F0F7B0FD31462046F0F7ACFD814B1E78DC
:10616000B3F900501B2E07D87B4BF340D80703D55B
:106170001B212046F0F79EFD31462046C5F3072639
:10618000F0F798FD1B2E4FEA252507D8724BEB4000
:10619000D90703D51B212046F0F78CFD3146204658
:1061A000F0F788FD704B1E78B3F900501B2E07D80E
:1061B000694BF340DA0703D51B212046F0F77AFD3F
:1061C00031462046C5F30726F0F774FD1B2E4FEA33
:1061D000252507D8604BEB40DB0703D51B21204664
:1061E000F0F768FD31462046F0F764FD5F4B1E78FE
:1061F000B3F900501B2E07D8574BF340DF0703D5E8
:106200001B212046F0F756FD31462046C5F30726F0
:10621000F0F750FD1B2E4FEA252507D84E4BEB40DB
:10622000DD0703D51B212046F0F744FD314620460B
:10623000F0F740FD4E4B1E78B3F900501B2E07D8E7
:10624000454BF340D80703D51B212046F0F732FD1C
:1062500031462046C5F30726F0F72CFD1B2E4FEAEA
:10626000252507D83C4BEB40D90703D51B212046F9
:10627000F0F720FD31462046F0F71CFD3D4B1E781F
:10628000B3F900501B2E07D8334BF340DA0703D580
:106290001B212046F0F70EFD31462046C5F30726A8
:1062A000F0F708FD1B2E4FEA252507D82A4BEB40B7
:1062B000DB0703D51B212046F0F7FCFC31462046C6
:1062C000F0F7F8FC2C4B1E78B3F900501B2E07D8C2
:1062D000214BF340DF0703D51B212046F0F7EAFCF2
:1062E00031462046C5F30726F0F7E4FC1B2E4FEAA3
:1062F000252507D8184BEB40DD0703D51B21204689
:10630000F0F7D8FC31462046F0F7D4FC1B4B1D7843
:106310001B2D07D8104BEB40D80703D51B21204677
:10632000F0F7C8FC29462046F0F7C4FC144B1D7852
:106330001B2D07D8084BEB40D90703D51B2120465E
:10634000F0F7B8FC29462046F0F7B4FC0D4B1D7859
:106350001B2D25D81CE000BF12000008988E0020DD
:10636000888E0020868E0020848E0020828E002061
:10637000808E00207E8E00207C8E00200ABD0020B2
:1063800009BD002008BD0020A08E00208C8E0020BA
:10639000B34BEB40DA0703D51B212046F0F78AFC0C
:1063A00029462046F0F786FCAE4B1D781B2D07D8FA
:1063B000AB4BEB40DB0703D51B212046F0F77AFC03
:1063C00029462046F0F776FCA74BB3F90050EEB211
:1063D0001B2E07D8A24BF340DF0703D51B21204615
:1063E000F0F768FC31462046C5F30726F0F762FC5B
:1063F0001B2E4FEA252507D8994BEB40DD0703D527
:106400001B212046F0F756FC31462046F0F752FC9F
:10641000964BB3F90050EEB21B2E07D8904BF340C9
:10642000D80703D51B212046F0F744FC314620460F
:10643000C5F30726F0F73EFC1B2E4FEA252507D8AB
:10644000874BEB40D90703D51B212046F0F732FCE0
:1064500031462046F0F72EFC854BB3F90050EEB2E2
:106460001B2E07D87E4BF340DA0703D51B212046AD
:10647000F0F720FC31462046C5F30726F0F71AFC5A
:106480001B2E4FEA252507D8754BEB40DB0703D5BC
:106490001B212046F0F70EFC31462046F0F70AFC9F
:1064A000744BB3F90050EEB21B2E07D86C4BF3407F
:1064B000DF0703D51B212046F0F7FCFB31462046C1
:1064C000C5F30726F0F7F6FB1B2E4FEA252507D864
:1064D000634BEB40DD0703D51B212046F0F7EAFBB9
:1064E00031462046F0F7E6FB634BB3F90050EEB2BD
:1064F0001B2E07D85A4BF340D80703D51B21204643
:10650000F0F7D8FB31462046C5F30726F0F7D2FB5B
:106510001B2E4FEA252507D8514BEB40D90703D551
:106520001B212046F0F7C6FB31462046F0F7C2FBA0
:10653000524BB3F90050EEB21B2E07D8484BF34034
:10654000DA0703D51B212046F0F7B4FB314620467D
:10655000C5F30726F0F7AEFB1B2E4FEA252507D81B
:106560003F4BEB40DB0703D51B212046F0F7A2FB96
:1065700031462046F0F79EFB414BB3F90050EEB296
:106580001B2E07D8364BF340DF0703D51B212046CF
:10659000F0F790FB31462046C5F30726F0F78AFB5B
:1065A0001B2E4FEA252507D82D4BEB40DD0703D5E1
:1065B0001B212046F0F77EFB31462046F0F77AFBA0
:1065C000304B314D19682046FDF750FA2F4B2046CD
:1065D0001968FDF74BFA2E4B20461968FDF746FA6D
:1065E0002C4B20461968FDF741FA2E781B2E07D850
:1065F0001B4BF340D80703D51B212046F0F75AFB6D
:1066000031462046F0F756FB6E781B2E07D8144B08
:10661000F340D90703D51B212046F0F74BFB314649
:106620002046F0F747FBAD781B2D07D80C4BEB400D
:10663000DA0703D51B212046F0F73CFB294620460C
:10664000F0F738FB144B1D5D1B2D27D8044BEB4096
:10665000DB0723D51B212046F0F72CFB1EE000BFF3
:106660001200000807BD00202EBD00202CBD002018
:1066700020BD00201EBD00201CBD00201ABD002032
:1066800018BD002028BD002004BD002024BD00202E
:1066900014BD002010BD0020F043002029462046F4
:1066A000F0F708FB20460421F0F704FB20460D21FB
:1066B000F0F700FB0A21204603B0BDE8F04FF0F7E9
:1066C000F9BA1B212046F0F7F5FAFFF7DCBB1B21D6
:1066D0002046F0F7EFFAFFF7C6BB1B212046F0F784
:1066E000E9FAFFF7AABB1B212046F0F7E3FAFFF710
:1066F00094BB1B212046F0F7DDFAFFF773BB1B218B
:106700002046F0F7D7FAFFF75DBB1B212046F0F7D4
:10671000D1FAFFF740BB1B212046F0F7CBFAFFF779
:106720002EBB1B212046F0F7C5FAFFF718BBFF214F
:106730002046F0F7BFFA7F26FFF7DEBB0021204698
:10674000F0F7B8FA0026FFF7D7BB00212046F0F794
:10675000B1FA002661E400212046F0F7ABFA0026EA
:1067600014E4FDEEE77ACDED017A9DF80470BDF9F1
:1067700004601B2F07D8224BFB40DB0703D51B21EE
:106780002046F0F797FA39462046F0F793FA32128E
:10679000C6F307261B2E3FF640AC194BD340DF074C
:1067A0007FF53BAC1B212046F0F784FA35E4FDEE83
:1067B000E77ACDED017A9DF80460BDF904801B2EC7
:1067C00007D80F4BF340DB0703D51B212046F0F71A
:1067D00071FA31462046C8F30726F0F76BFA1B2EF4
:1067E0004FEA28283FF6D2AB054B23FA08F3D80727
:1067F0007FF5CCAB1B212046F0F75CFAFFF7C6BB58
:10680000120000082DE9F84306464448DFF81C91C1
:10681000DFF81481E2F7B4FAFF2104463046F0F7BE
:1068200049FA002501213046F0F744FA09F80650EC
:106830003F213046F0F73EFA04F12201C9B230465A
:10684000F0F738FA29463046354DF0F733FA53243D
:1068500005F11F071B2C28FA04F307D813F0010FCA
:106860004FF01B01304601D0F0F724FA21463046A4
:10687000F0F720FA15F8014FBD42EBD10021304668
:10688000F0F718FA274B1C781B2C03D8264BE34053
:10689000DA073ED4214D21463046F0F70BFA2C782A
:1068A000A4B1214F1B2C27FA04F307D813F0010FD2
:1068B0004FF01B01304601D0F0F7FCF9214630467D
:1068C000F0F7F8F915F8014F002CEBD121463046CE
:1068D000F0F7F0F919F806401B2C03D8124BE340EF
:1068E000DB0711D421463046F0F7E4F930460421A5
:1068F000F0F7E0F930460D21F0F7DCF930460A21D7
:10690000BDE8F843F0F7D6B91B213046F0F7D2F9CD
:10691000E8E71B213046F0F7CDF9BBE708810020FE
:10692000005F0308F500002012000008F04300207B
:106930002DE9F0478F4BDFF86082044693E80700AB
:1069400086B003AB83E80700F2F706FC8A4B0038F9
:1069500018BF01201A7840F00203052A08BF184624
:10696000864A126840F00403002A08BF1846844B88
:106970001B7803F0010340EAC300FF21C5B22046A3
:10698000F0F798F9002601212046F0F793F9392114
:10699000204608F80460F0F78DF962212046F0F7F0
:1069A00089F931462046F0F785F96FF012032B4143
:1069B000D90740F1D98029462046F0F77BF9714B81
:1069C0009FED717AD3ED007A67EE877AF5EEC07AA3
:1069D000F1EE10FA00F1C680F4EEC77AF1EE10FA8B
:1069E00000F3BE80FCEEE77ACDED017A9DF804500D
:1069F0001B2D07D8654BEB40DA0703D51B2120463A
:106A0000F0F758F92946624D624EDFF890915F4FDA
:106A10002046F0F74FF9D5F8E4122046FDF726F8A6
:106A200071682046FDF722F8D5F86C152046FDF771
:106A30001DF8E96A2046FDF719F831682046FDF790
:106A400015F8D5F8B4122046FDF710F8D5F89C15C6
:106A50002046FDF70BF8B1682046FDF707F8D5F89A
:106A600024182046FDF702F803AE56F8045B09EB44
:106A7000851520462969FCF7F9FF69692046FCF76E
:106A8000F5FF696A2046FCF7F1FFA96A2046FCF78A
:106A9000EDFFED6A5FFA85FABAF11B0F07D827FA06
:106AA0000AF3DB0703D51B212046F0F703F9514613
:106AB0002046C5F3072AF0F7FDF8BAF11B0F07D8F7
:106AC00027FA0AF3D80703D51B212046F0F7F2F87E
:106AD00051462046C5F3074AF0F7ECF8BAF11B0F10
:106AE00007D827FA0AF3D90703D51B212046F0F768
:106AF000E1F851462046F0F7DDF82B0EB5F1E05FE6
:106B00009A4607D227FA03F3DA0703D51B2120465A
:106B1000F0F7D0F851462046F0F7CCF806ABB34278
:106B2000A3D118F804501B2D07D8184BEB40DB07F6
:106B300003D51B212046F0F7BDF829462046F0F783
:106B4000B9F820460421F0F7B5F820460D21F0F7FA
:106B5000B1F80A212046F0F7ADF806B0BDE8F0879D
:106B6000C8254FE700254DE71B212046F0F7A2F886
:106B700021E700BF505A0308A87D002008390020F3
:106B8000AC7D0020E83800200000484312000008D7
:106B9000B83B00204C7D0020F04300200010002076
:106BA00070B5FF2182B00446924EF0F783F80025BD
:106BB00001212046F0F77EF8355545212046F0F7B3
:106BC00079F80B212046F0F775F829462046F0F7B2
:106BD00071F88948E3F756FEC5B21B2D04D8874BE0
:106BE000EB40DA0700F1008129462046F0F762F811
:106BF0008348E3F747FEC5B21B2D04D87F4BEB401B
:106C0000DB0700F1EC8029462046F0F753F87D4879
:106C1000E3F738FEC3B21B2B054604D8774ADA40A7
:106C2000D00700F1D58019462046F0F743F8C5F3A8
:106C300007231B2B45F30F2504D8704AEA40D107E0
:106C400000F1BF8019462046F0F734F86E4B1B6800
:106C500047F6FF759D4228BF1D46EBB21B2B2DB298
:106C600004D8664ADA40D20700F1A48019462046CB
:106C7000F0F720F8B5F5E05F4FEA2521C5F30722CC
:106C800004DA5E4BCB40DD0700F18D8011462046D3
:106C9000F0F710F85D4B1B6847F6FF759D4228BF63
:106CA0001D46EBB21B2B2DB203D8544ADA40D00755
:106CB00072D419462046EFF7FDFFB5F5E05F4FEAC5
:106CC0002521C5F3072203DA4C4BCB40D9075CD40E
:106CD00011462046EFF7EEFF4D4B1D781B2D03D8D4
:106CE000464BEB40DB074BD429462046EFF7E2FF4B
:106CF000484B1D88EBB21B2BADB203D83F4ADA409C
:106D0000D00736D419462046EFF7D4FF290AB5F547
:106D1000E05F0A4603D2394BCB40D90722D4114653
:106D20002046EFF7C7FF355D1B2D03D8334BEB40F3
:106D3000DB0712D429462046EFF7BCFF204604218A
:106D4000EFF7B8FF20460D21EFF7B4FF0A212046E8
:106D500002B0BDE87040EFF7ADBF1B212046EFF752
:106D6000A9FFE7E71B2120460192EFF7A3FF019A55
:106D7000D5E71B2120460193EFF79CFF019BC1E75C
:106D80001B212046EFF796FFAEE71B21204601921C
:106D9000EFF790FF019A9BE71B2120460193EFF745
:106DA00089FF019B85E71B2120460192EFF782FFB7
:106DB000019A6BE71B2120460193EFF77BFF019BB4
:106DC00054E71B2120460193EFF774FF019B39E73D
:106DD0001B2120460193EFF76DFF019B23E71B2149
:106DE0002046EFF767FF0EE71B212046EFF762FF13
:106DF000FAE600BFF04300206C37002012000008C4
:106E00004C3700205C370020843700208837002072
:106E100084000020001001402DE9F04FFF210446BE
:106E200083B0DFF87883DFF87893DFF878B3DFF8A2
:106E300078A3EFF73FFF002501212046EFF73AFF47
:106E400008F8045042212046EFF734FF1421204671
:106E5000EFF730FF29462046EFF72CFF07212046A9
:106E6000EFF728FF29462046EFF724FF1B21204695
:106E7000EFF720FF04212046EFF71CFFD9F8003080
:106E80001BF803201AF8035045EA4205EDB21B2D0A
:106E900004D8BD4BEB40DA0700F16B812946204650
:106EA000EFF708FFB94ED9F8003036F81350EFB2BB
:106EB0001B2F2DB204D8B44BFB40DB0700F15481EB
:106EC00039462046C5F30727EFF7F4FE1B2F4FEA9C
:106ED000252504D8AC4BEB40DD0700F14081394655
:106EE0002046EFF7E7FEAA4FD9F8003037F81350E5
:106EF000EBB21B2B2DB204D8A34ADA40D00700F125
:106F0000278119462046EFF7D5FEC5F307231B2B33
:106F10004FEA252504D89C4AEA40D10700F11181A7
:106F200019462046EFF7C6FED9F80030002227F8B0
:106F3000132026F81320974BDB799A07C3F34005FB
:106F400040F1EA80DFF86492D9F800301BF80320A2
:106F50001AF8035045EA4205EDB21B2D04D88A4BBE
:106F6000EB40DB0700F1478129462046EFF7A2FE00
:106F7000D9F8003036F81350EBB21B2B2DB204D8E1
:106F8000814ADA40D00700F13B8119462046EFF7ED
:106F900091FEC5F307231B2B4FEA252504D87A4A17
:106FA000EA40D10700F1338119462046EFF782FE0F
:106FB000D9F8003037F81350EBB21B2B2DB204D8A0
:106FC000714ADA40D20700F1298119462046EFF7CD
:106FD00071FEC5F307231B2B4FEA252504D86A4A07
:106FE000EA40D50700F1218119462046EFF762FEFD
:106FF000D9F80030002227F8132026F813209BF838
:1070000006309AF8065045EA4305EDB21B2D04D828
:107010005D4BEB40D80700F1E98029462046EFF7A9
:1070200049FEB5895FFA85F9B9F11B0F2DB205D874
:10703000554B23FA09F3D90700F1D380494620467E
:10704000C5F30729EFF736FEB9F11B0F4FEA2525E7
:1070500004D84D4BEB40DA0700F1BE80494620468C
:10706000EFF728FEBD895FFA85F9B9F11B0F2DB244
:1070700005D8454B23FA09F3DB0700F1A880494600
:107080002046C5F30729EFF715FEB9F11B0F4FEAAC
:10709000252504D83C4BEB40D80700F193804946A6
:1070A0002046EFF707FE00233B4ABB81B3811588DA
:1070B000EEB21B2EADB203D8334BF340D9077CD4CC
:1070C00031462046EFF7F6FD2A0AB5F5E05F164691
:1070D00003D22D4BD340DA076AD431462046EFF76E
:1070E000E9FD18F804501B2D03D8274BEB40DB07B4
:1070F00044D429462046EFF7DDFD20460421EFF772
:10710000D9FD20460D21EFF7D5FD0A21204603B019
:10711000BDE8F04FEFF7CEBD29462046EFF7CAFD98
:1071200029462046EFF7C6FD29462046EFF7C2FD67
:1071300029462046EFF7BEFD29462046EFF7BAFD67
:107140005DE71B2120460193EFF7B4FD019BE7E6C5
:107150001B2120460193EFF7ADFD019BD1E61B21DA
:107160002046EFF7A7FDBAE61B212046EFF7A2FD68
:10717000A6E61B212046EFF79DFD8FE61B2120464A
:10718000EFF798FDB5E700BF12000008546000203B
:1071900014440020AC7D0020E4430020F043002094
:1071A000349000204C6000200C4400203C900020D3
:1071B0001B212046EFF77EFD8FE71B212046EFF7CE
:1071C00079FD7DE71B212046EFF774FD67E71B2162
:1071D0002046EFF76FFD52E71B212046EFF76AFDCF
:1071E0003CE71B212046EFF765FD27E71B212046E2
:1071F000EFF760FD11E71B212046EFF75BFDB3E6DB
:107200001B2120460193EFF755FD019BBDE61B2195
:1072100020460193EFF74EFD019BC5E61B2120465A
:107220000193EFF747FD019BCFE61B212046019319
:10723000EFF740FD019BD7E62DE9F043054683B00B
:10724000DFF800818946FF2117461C460026EFF72C
:1072500031FD01212846EFF72DFD08F805603621A4
:107260002846EFF727FD3B1DDAB21B2A5BD89EB2FA
:10727000334BD340D90748D411462846EFF71AFDBF
:10728000330A4FEA162247D111462846EFF712FD7E
:1072900049462846FCF7EAFBBFB1DFF8A490274433
:1072A00014F9011BCEB21B2E29FA01F107D811F0F7
:1072B000010F28464FF01B0101D0EFF7FBFC3146D0
:1072C0002846EFF7F7FCA742EAD118F805401B2C37
:1072D00003D81B4BE340DB0712D421462846EFF7C7
:1072E000E9FC28460421EFF7E5FC28460D21EFF7DD
:1072F000E1FC0A21284603B0BDE8F043EFF7DABC11
:107300001B212846EFF7D6FCE7E71B212846019210
:10731000EFF7D0FC019AAFE71B2128460192EFF767
:10732000C9FC019AB0E711462846EFF7C3FC314685
:107330002846EFF7BFFC49462846FCF797FBACE729
:1073400012000008F04300201B4AD3783F2B32D8AC
:1073500010B403EB8301194803EBC103D2E9014CDC
:1073600003F110010144C1F80140C1F805C0C11882
:10737000303303441069C1F81D009069C1F825003D
:10738000106AD2F80CC0C1F82D00D2E90940C1F84A
:1073900019C0D2F814C0C1F821C0D2F81CC0C1F87D
:1073A00029C0C3F80140C3F8050092F82C3081F8D9
:1073B000393010BC70477047D0A000201C2200203C
:1073C0000C4A0D4BD178D2F805C0D2F80900C3F8A9
:1073D00001C0402928BF40211970D2F81110D2F8FD
:1073E0000D20C3F80500C3F80920C3F80D10E9F714
:1073F0001DB900BFD0A000201C22002070B5FF21C5
:10740000044682B0304EEFF755FC0025012120469E
:10741000EFF750FC355513212046EFF74BFC1221B6
:107420002046EFF747FC2946284D2046EFF742FC5F
:1074300095F9EA22D3B21B2B04D8254921FA02F28E
:10744000D2073AD419462046EFF734FC32212046C1
:10745000EFF730FCD5F8EB122046FCF707FBD5F828
:10746000EF122046FCF702FBD5F8F3122046FCF79A
:10747000FDFAD5F8F7122046FCF7F8FA355D1B2D1A
:1074800003D8134BEB40DB0712D429462046EFF715
:1074900011FC20460421EFF70DFC20460D21EFF7EB
:1074A00009FC0A21204602B0BDE87040EFF702BC9B
:1074B0001B212046EFF7FEFBE7E71B212046019347
:1074C000EFF7F8FB019BBDE7F0430020308100207F
:1074D000120000083F29F8B5044600F283800D46EB
:1074E000FF21EFF7E7FB504F01212046EFF7E2FBCA
:1074F00000233B5514212046EFF7DCFB2A212046D0
:10750000EFF7D8FB00212046EFF7D4FB1B2D2E46CA
:1075100007D8464BEB40D90703D51B212046EFF790
:10752000C9FB29462046EFF7C5FB414D06EB860314
:1075300006EBC30635442046D5F8FB12FCF796FA55
:10754000D5F8FF122046FCF791FAD5F80313204630
:10755000FCF78CFAD5F807132046FCF787FAD5F824
:107560000B132046FCF782FAD5F80F132046FCF7E0
:107570007DFAD5F813132046FCF778FAD5F81713DF
:107580002046FCF773FAD5F81B132046FCF76EFA79
:10759000D5F81F132046FCF769FA95F823531B2DE5
:1075A00003D8224BEB40DA0739D429462046EFF7BF
:1075B00081FB3D5D1B2D03D81C4BEB40DB0729D421
:1075C00029462046EFF776FB20460421EFF772FBB1
:1075D00020460D21EFF76EFB20460A21BDE8F8405A
:1075E000EFF768BBFF21104FEFF764FB0025012187
:1075F0002046EFF75FFB142120463D55EFF75AFB7D
:107600002A212046EFF756FB29462046EFF752FB8A
:107610002E4686E71B212046EFF74CFBD0E71B21C7
:107620002046EFF747FBC0E7F043002012000008B8
:107630003081002010B55249DFF868C10B789CF802
:1076400000204340012A0B7024D0022A03D07ABBC9
:10765000012846D010BD4B490A78531CDBB20B7091
:107660004949012B885432D0022B49D04749032B7A
:107670000A8876D003329A4258DA4548454A464944
:107680000023037001201070444A097811708CF8AF
:10769000003010BD1B2820D0012837D004280BD182
:1076A0003F4A1388002101338CF80010138010BD6D
:1076B00000238CF8003010BD3249DFF8CCE00B78A5
:1076C0000EF803000133DBB2012B0B7032D1324ACA
:1076D000012310708CF8003010BD02238CF80030AC
:1076E00010BD2D4B0A701A70284BDFF898E08CF80B
:1076F000000002211980264B8EF800201A7010BD60
:10770000224A012310808CF8003010BD8CF8000054
:1077100023481C4C0288013202801F481B4A002368
:107720000B70237002210370118010BD01238CF8AF
:10773000003010BD022BE3D0DFF850E0032BBEF881
:10774000001015D003319942F0DA11481249002394
:1077500003708CF800300F48104B097802701970D4
:1077600010BD42EA002201230A808CF8003010BDCF
:1077700041EA0021AEF800108CF8002010BD00BFD7
:1077800041A80020D4A40020D0A00020D2A4002032
:10779000D0A40020D1A40020D6A40020D7A400208B
:1077A000CAA00020D5A400202DE9F84F05460C46BC
:1077B000FF21EFF77FFA01212846EFF77BFA694AAC
:1077C00000231B2C535504D8674BE340D80700F126
:1077D000C38021462846EFF76DFA1B212846EFF7B4
:1077E00069FA04212846EFF765FA02212846EFF7E7
:1077F00061FA5E4EDFF878A15B4F00212846EFF773
:1078000059FA80212846EFF755FA4FF0000806F59F
:10781000606952E03279032A57D01C7807EE904A0B
:10782000F8EE677A17EE904A5FFA84FBBBF11B0F04
:1078300007D827FA0BF2D10703D51B212846EFF70B
:1078400039FA59462846C4F3072BEFF733FABBF150
:107850001B0F07D827FA0BF2D20703D51B212846A6
:10786000EFF728FA59462846C4F3074BEFF722FAF8
:10787000BBF11B0F07D827FA0BF2D30703D51B2147
:107880002846EFF717FA59462846EFF713FAB4F1EE
:10789000E05F4FEA146B07D227FA0BF2D00703D54B
:1078A0001B212846EFF706FA594628461C36EFF703
:1078B00001FAB14508F1010809D03368002BA9D1BC
:1078C0000AEB8803D3F80740AEE71C68ACE7BAF8C8
:1078D0000440E6B21B2E24B203D8234BF340D90751
:1078E00035D431462846C4F30726EFF7E3F91B2EBB
:1078F0004FEA242403D81C4BE340DA0722D4314654
:107900002846EFF7D7F9174B5C5D1B2C03D8164BB5
:10791000E340DB0711D421462846EFF7CBF9284690
:107920000421EFF7C7F928460D21EFF7C3F92846E0
:107930000A21BDE8F84FEFF7BDB91B212846EFF744
:10794000B9F9E8E71B212846EFF7B4F9D7E71B217F
:107950002846EFF7AFF9C4E71B212846EFF7AAF94D
:1079600037E700BFF04300201200000870650308ED
:1079700030810020F0B5764D95F903306A68EE78D5
:1079800085B0002B0392C0F28A80724BB5F801706B
:107990001B78052B044640F084806F4B03EB860375
:1079A000D3F80760FF212046EFF784F90121204634
:1079B000EFF780F9694A0023135511212046EFF7AC
:1079C00079F9FBB21B2B04D8654ADA40D00700F1E5
:1079D000B48019462046EFF76DF9390AB7F5E05F34
:1079E0000A4604D25E4BCB40D90700F19F80114676
:1079F0002046EFF75FF9ED781B2D04D8584BEB408C
:107A0000DB0700F18E8029462046F5B2EFF752F9E8
:107A10001B2D03D8524BEB40DF077DD4294620466F
:107A2000C6F30725EFF746F91B2D03D84C4BEB4067
:107A3000D8076CD429462046C6F30745EFF73AF934
:107A40001B2D03D8464BEB40D9075BD42946204673
:107A5000EFF730F9B6F1E05F4FEA166503D2404B1D
:107A6000EB40DA0749D429462046EFF723F93B4B90
:107A70001D5D1B2D03D83A4BEB40DB0738D429465C
:107A80002046EFF717F904212046EFF713F90D21EF
:107A90002046EFF70FF90A212046EFF70BF905B062
:107AA000F0BD304603A9F2F789FDC6EBC6062D4BA3
:107AB00053F826206AB103EB8603DDED037A1B79C8
:107AC000032B17BFFCEEE77AC2ED007A17EE903A6F
:107AD0001370EA78204B2449039803EB8203332A7E
:107AE000C3F807004FF001030B702DD0039E59E738
:107AF0001B212046EFF7DEF8C1E71B212046EFF7F8
:107B0000D9F8B0E71B212046EFF7D4F89EE71B21F8
:107B10002046EFF7CFF88DE71B212046EFF7CAF894
:107B20007CE71B212046EFF7C5F86CE71B212046B8
:107B30000192EFF7BFF8019A59E71B212046019304
:107B4000EFF7B8F8019B44E7E6F74CFCCEE700BF3F
:107B5000D0A00020A87D002030810020F04300202C
:107B600012000008706503082881002030B5A44C7D
:107B7000A44A94F9003000218B4283B0054611706D
:107B8000227805DBA04931F81230013321F8123098
:107B90000220EEF74BFA2478322C70D00ED8132C3A
:107BA00064D0142C59D0112C02D12846FFF7E2FEE4
:107BB000022003B0BDE83040EEF74ABA482C32D07C
:107BC0004B2CF5D1914B1B78052B00F03C81904854
:107BD000DFF850E2B0F801C06346BCF1000F0FD0EF
:107BE00002307146012303E00133202B00F029818C
:107BF0009AB210F8014F0C70944501F10101F3D8CD
:107C0000844A00210EF8031001231370F2F702FDDD
:107C10004B2102462846FCF72DFA022003B0BDE8AE
:107C20003040EEF715BA794B1B78052B00F0008138
:107C3000F2F7C2FFF2F7EEFC214602460190284619
:107C4000FCF718FA019A002A44D04FF4FA70E9F7C9
:107C50008BFE0020FBF7CAFCAAE72846FFF774FB5F
:107C6000022003B0BDE83040EEF7F2B92846FFF736
:107C7000A7FB022003B0BDE83040EEF7E9B9644A43
:107C8000D3780D3B3A2B1FD8DFE803F06A661E62FB
:107C90005D1E6E581E1E1E1E1E1E1E1E1E1E1E1E3B
:107CA0001E1E1E1E1E1E1E1E1E1E1E1E1E1E1E1EF4
:107CB0001E1E1E351E1E1E1E311E1E1E1E1E2D1EAB
:107CC0001E1E1E1E1E1E2800002232212846FCF702
:107CD000D1F96DE70220F1F7DBFA69E74721284681
:107CE000FFF762FD64E72846FEF78CFD60E7284653
:107CF000FEF71EFE5CE713790D2B3FF659AF01A18D
:107D000051F823F0717D02087F7D02089D7D0208F5
:107D1000B17B02088D7D0208B17B0208717D0208EB
:107D2000B17B0208F17D0208B17B0208E17D020807
:107D3000297E0208BD7D0208A97D02081179284626
:107D4000FFF7C8FB34E711212846FFF72DFD2FE789
:107D50002846FCF7B9FE2BE72846FCF761FF27E72A
:107D60002846FCF78DFC23E72846FFF747FB1FE773
:107D70002846F0F78BFF2846FDF748F918E7284614
:107D8000E3F7F4F92846FDF741F911E7E1F78AFA3C
:107D9000012204212846FCF76DF909E7002202219F
:107DA0002846FCF767F903E71B4BDB789B0653D5A6
:107DB00000220D212846FCF75DF9F9E6174C184B17
:107DC000217801221144A3FB01039B0803EB430329
:107DD000A1EB4301217028460C21FCF74BF9E7E6A3
:107DE000F2F7E6FE01220A212846FCF743F9DFE616
:107DF000064B1B78052B38D00120FBF7F7FBD7E6A5
:107E0000D6A40020D1A40020D8A40020A87D002062
:107E1000D0A0002028810020AC7D0020C8A0002038
:107E2000ABAAAAAA088100205079EBF7E9F8BFE6CF
:107E3000284600222146FCF71DF90220F1F728FA16
:107E4000B6E61F23DCE6284600222146FCF712F99D
:107E50000820F1F71DFAABE6284601220D21FCF7B8
:107E600009F92846FBF738FBA2E62846002208213C
:107E7000FCF700F90820F1F70BFA99E6F0B5914B01
:107E8000914A1B781278134383B0054620D18F4A5C
:107E900013789F061CD413785E0719D48C4B1B787B
:107EA000052B40F003811379DC0600F1C080937844
:107EB000D80700F1BC805378DB0940F0B880937894
:107EC000190700F1B480D77807F00107023700E006
:107ED0000427804E804B317807EBC7071F440023EF
:107EE0003C4614F8010B78B1B1FBF0F200FB121222
:107EF000D2B24AB9013B072B6BD8DFE803F0798790
:107F00000B1D2E3E4D5A07230133DBB2092B54D0F3
:107F10002746E5E76E4B1B78052B00F0BA8014F876
:107F2000012B002A00F0A780B1FBF2F302FB131330
:107F3000DBB2002B40F0A2802846FDF78DFB14F841
:107F4000012B3178002A00F09080B1FBF2F302FBA4
:107F50001313DBB2002B40F093802846FEF720FE7F
:107F600014F8012B3178002A7CD0B1FBF2F302FB2C
:107F70001313DBB2002B40F088802846FDF7C8FCC5
:107F800014F8012B3178002A69D0B1FBF2F302FB1F
:107F90001313DBB2002BB6D12846FEF73DFF227843
:107FA000317852B1B1FBF2F302FB1313DBB2002BB9
:107FB00068D12846FDF72AF83178484B0131A3FBF8
:107FC0000123DB0803EB8303A1EB4301317003B012
:107FD000F0BD2846FCF754FB22783178BC1C002AFF
:107FE0006AD0B1FBF2F302FB1313DBB2002B66D1B4
:107FF000364BDB799B0727D414F8012B62B3B1FB16
:10800000F2F302FB1313DBB2002B40D1304B1A7892
:10801000052A0ED014F8010B50B3B1FBF0F200FBAF
:108020001212D2B2002A3FF476AF03236CE7032783
:108030004FE7264A1278D209ECD02846FBF748FED3
:108040002746317803234BE72846FCF7E9FD14F86F
:10805000012B3178002AD2D10323274640E7082399
:1080600027463DE7072327463AE70623274637E713
:108070000423274634E70523274631E7042343E753
:10808000052341E7013408233EE706233CE70223AA
:108090003AE728460193FBF745FD14F8012B3178A8
:1080A000019B002A7FF440AF274619E7F1F754F807
:1080B000071E18BF01270CE70223274610E70123FC
:1080C00022E700BF8237002081370020AC7D0020EE
:1080D000A87D0020C6A00020F0870308CDCCCCCC22
:1080E00010B50446EEF7FCFC60B9174B1B7893B94A
:1080F000E9F734FC154B1B6D984215D2E1F760F996
:10810000E8B910BD2046EEF721FDFFF793FA0E4BBC
:108110001B78002BECD02046FFF728FDE9F71EFC6A
:108120000A4B1B6D9842E9D364211420E9F786FCC1
:108130002046FFF7A3FEE1F743F90028E1D02046EF
:10814000BDE81040E1F74EB9D1A40020EC2E00208C
:1081500030B503684468A3424FEA116236D2DFF8B3
:108160009CE05C1C04601A709EF80030046845684E
:108170005A40214BAC429A5C4FEA114C2FD2651CFD
:10818000056084F800C08CEA020204684568D2B237
:10819000AC4213F802C04FEA112227D282EA0C0C3B
:1081A0005FFA8CFC651C0560227013F80C20D0E986
:1081B00000C4A44504D20CF1010404608CF8001042
:1081C0005140C9B25B5C8EF8003030BDDFF82CE066
:1081D000094B9EF8000042404FEA114C9A5C8CEA31
:1081E000020C5FFA8CFC0A0A13F80CC082EA0C023B
:1081F000D2B29A5CE4E700BF5C5A0308EBA500200A
:10820000014B1860704700BFD8A500200000000097
:108210009FED077B084B094809490A4A83ED007B1B
:108220004FF0010C002380F800C00B7013707047F2
:108230000000000000000000E0A50020EAA50020EA
:10824000E9A50020E8A500209F4B1B78D3B12DE9BC
:10825000F04F9E4B1B688BB0994683B19C4B884670
:108260001978074611BB9B48026843F2D4039B1858
:10827000426842F100029F4278EB020203D20BB047
:10828000BDE8F08F7047944C944A23780760D25C25
:10829000C0F80480062A00F20285DFE812F0CF0A57
:1082A0005302230A3707F50663062B058C498D4ACE
:1082B0008D4C00230B70C8238A46137002A801233B
:1082C0005521017014F8011F0130002900F0E780EA
:1082D00001331D2BF5D1854800248DF8244090F8FA
:1082E000B2304EF629215180C821117183F0C803A4
:1082F0009DF80810C35C002900F0E5840DF1090029
:10830000CDE90032E0F73CFDDDE9003B0546784869
:10831000A64602AE00F13B016FF02A043278844693
:10832000884283EA020338BF0CF8012B5AB2002AB4
:10833000C0F2B0805B001A465BB2002BC0F2A58091
:1083400053001A465BB2002BC0F29A8053001A46C3
:108350005BB2002BC0F28F8053001A465BB2002B39
:10836000C0F2848053001A465BB2002B79DB5300C5
:108370001A465BB2002B6FDB53001A465BB2002B30
:10838000ACBF530084EA4303754540F3B58088428F
:1083900006F101060EF1010E5CD302A886446FF0CF
:1083A0002A04284627E0520053B2002B2FDB52004C
:1083B00053B2002B31DB520053B2002B33DB52009F
:1083C00053B2002B35DB520053B2002B37DB520087
:1083D00053B2002B39DB520053B2002BA8BF53001D
:1083E00002AAAEEB020202F1FF32B8BF84EA4303F5
:1083F000824280F281801EF8012B5A4053B2002B3A
:10840000D1DA84EA43035BB2002B1A46CFDA84EA5E
:1084100043035BB2002B1A46CDDA84EA43035BB216
:10842000002B1A46CBDA84EA43035BB2002B1A46D0
:10843000C9DA84EA43035BB2002B1A46C7DA84EA3E
:1084400043035BB2002B1A46C5DA84EA43035BB2EE
:108450001A46C2E7604661E784EA43035BB21A4604
:108460008DE784EA43035BB21A4683E784EA430359
:108470005BB21A4679E784EA43035BB21A466EE7B9
:1084800084EA43035BB21A4663E784EA43035BB2C0
:108490001A4658E784EA42035BB21A464DE7D9B25E
:1084A0001C293FF418AFC1F11B0402A90B44114968
:1084B00001F1010C53205CFA84F403F8010B11F86C
:1084C000010F8C42F9D106E7EAA50020D8A50020CB
:1084D000E9A50020E0A50020E8A5002020880308E9
:1084E000EBA50020ECA50020505F03085C5A0308B0
:1084F000F1A50020005F03088C455A468AF8003039
:10850000C0F0E5838A48DBB21646C35C6FF02A04EC
:10851000002062468A42964638BF00254FFA83FC07
:1085200038BF0EF8015BBCF1000FC0F2CC804FEAFF
:10853000430C4FFA8CF3002BC0F2C0804FEA4C0C76
:108540004FFA8CF3002BC0F2B4804FEA4C0C4FFA78
:108550008CF3002BC0F2A8804FEA4C0C4FFA8CF33E
:10856000002BC0F29C804FEA4C0C4FFA8CF3002B8E
:10857000C0F290804FEA4C0C4FFA8CF3002BC0F203
:1085800084804FEA4C0C4FFA8CF30130002BC0B2C0
:10859000ACBF4FEA4C0384EA43030C2800F09880F8
:1085A0008A4270D332462CE05B005CB2002C35DB93
:1085B0005B004FFA83FCBCF1000F39DB5B005CB25F
:1085C000002C3DDB5B004FFA83FCBCF1000F41DB6C
:1085D0005B005CB2002C45DB5B004FFA83FCBCF116
:1085E000000F49DB5B005CB2002C00F10100B8BF5A
:1085F0006FF02A03C0B2ACBF5B0083EA44030C28CF
:1086000067D04FFA83FCBCF1000FCDDA6FF02A047B
:1086100084EA4C0464B2002C2346C9DA6FF02A0CB9
:108620008CEA440C4FFA8CFCBCF1000F6346C5DAAF
:108630006FF02A0484EA4C0464B2002C2346C1DAA9
:108640006FF02A0C8CEA440C4FFA8CFCBCF1000F42
:108650006346BDDA6FF02A0484EA4C0464B2002C4D
:108660002346B9DA6FF02A0C8CEA440C4FFA8CFCE2
:10867000BCF1000F6346B5DA6FF02A0484EA4C04BB
:1086800064B22346B0E7724644E784EA43035BB230
:108690009C467AE784EA43035BB29C466EE784EA31
:1086A00043035BB29C4662E784EA43035BB29C46A9
:1086B00056E784EA43035BB29C464AE784EA4303F5
:1086C0005BB29C463EE784EA4C035BB29C4632E7D1
:1086D00032468E45DBB2704680F0E982002400F815
:1086E000014B134D8842EB5C80F0E38283F0010381
:1086F0000120104C8EF801000EF1020015F803C0A5
:108700008AF800C0031B884253703CBF8EF802C039
:108710000EF10300811A89B20748C847074B084980
:108720000022C3E900780A700BB0BDE8F08F00BFEB
:108730005C5A0308EDA50020ECA50020E0A5002070
:10874000E9A50020BF4A40F6C82313800823937090
:10875000BD4BD3ED007AB2EE047A67EE877AB2EEC3
:10876000047AFCEEE77A17EE900A030AD37083F0DE
:1087700029034FFA83FCBCF1000FBABF6FF02A0344
:1087800083EA4C035B004FFA83FCBCF1000FBABFD5
:108790006FF02A0383EA4C035B004FFA83FCBCF1C1
:1087A000000FBABF6FF02A0383EA4C035B004FFA55
:1087B00083FCBCF1000FBABF6FF02A0383EA4C03BD
:1087C0005B004FFA83FCBCF1000FBABF6FF02A03C5
:1087D00083EA4C035B004FFA83FCBCF1000FBABF85
:1087E0006FF02A0383EA4C035B004FFA83FCBCF171
:1087F000000FBABF6FF02A0383EA4C035B004FFA05
:1088000083FCBCF1000FBABF6FF02A0383EA4C036C
:108810005B004340107158B20028BABF6FF02A03C2
:1088200083EA40035B0058B20028BABF6FF02A0306
:1088300083EA40035B0058B20028BABF6FF02A03F6
:1088400083EA40035B0058B20028BABF6FF02A03E6
:1088500083EA40035B0058B20028BABF6FF02A03D6
:1088600083EA40035B0058B20028BABF6FF02A03C6
:1088700083EA40035B0058B20028BABF6FF02A03B6
:1088800083EA40035B0058B20028BCBF6FF02A03A4
:1088900083EA40036D48D0ED007A67EE877AA8BF7F
:1088A0005B00FCEEE77A17EE900A4FEA102C8CEA98
:1088B000030382F805C04FFA83FCBCF1000FBABF76
:1088C0006FF02A0383EA4C035B004FFA83FCBCF190
:1088D000000FBABF6FF02A0383EA4C035B004FFA24
:1088E00083FCBCF1000FBABF6FF02A0383EA4C038C
:1088F0005B004FFA83FCBCF1000FBABF6FF02A0394
:1089000083EA4C035B004FFA83FCBCF1000FBABF53
:108910006FF02A0383EA4C035B004FFA83FCBCF13F
:10892000000FBABF6FF02A0383EA4C035B004FFAD3
:1089300083FCBCF1000FBABF6FF02A0383EA4C033B
:108940005B004FFA83FCBCF1000FBABF6FF02A0343
:1089500083EA4C035B004340907158B20028BABFD1
:108960006FF02A0383EA40035B0058B20028BABFC5
:108970006FF02A0383EA40035B0058B20028BABFB5
:108980006FF02A0383EA40035B0058B20028BABFA5
:108990006FF02A0383EA40035B0058B20028BABF95
:1089A0006FF02A0383EA40035B0058B20028BABF85
:1089B0006FF02A0383EA40035B0058B20028BABF75
:1089C0006FF02A0383EA40035B0058B20028BCBF63
:1089D0006FF02A0383EA40031D4890ED007AFCEE15
:1089E000C77AA8BF5B0017EE900A4FEA104C83EAE3
:1089F0000C0382F807C04FFA83FCBCF1000FBABF2A
:108A00006FF02A0383EA4C035B004FFA83FCBCF14E
:108A1000000FBABF6FF02A0383EA4C035B004FFAE2
:108A200083FCBCF1000FBABF6FF02A0383EA4C034A
:108A30005B004FFA83FCBCF1000FB8BF6FF02A0354
:108A400008E000BFECA50020B02E0020A82E0020DA
:108A5000A42E0020B4BF83EA4C035B004FFA83FCD2
:108A6000BCF1000FBABF6FF02A0383EA4C035B002E
:108A70004FFA83FCBCF1000FBABF6FF02A0383EA00
:108A80004C035B004FFA83FCBCF1000FBABF6FF0E0
:108A90002A0383EA4C035B004FFA83FCBCF1000F0E
:108AA000BABF6FF02A0383EA4C035B004FEA102C35
:108AB00083EA0C0382F808C04FFA83FCBCF1000F74
:108AC000BABF6FF02A0383EA4C035B004FFA83FCC2
:108AD000BCF1000FBABF6FF02A0383EA4C035B00BE
:108AE0004FFA83FCBCF1000FBABF6FF02A0383EA90
:108AF0004C035B004FFA83FCBCF1000FBABF6FF070
:108B00002A0383EA4C035B004FFA83FCBCF1000F9D
:108B1000BABF6FF02A0383EA4C035B004FFA83FC71
:108B2000BCF1000FBABF6FF02A0383EA4C035B006D
:108B30004FFA83FCBCF1000FBABF6FF02A0383EA3F
:108B40004C035B004FFA83FCBCF1000FBABF6FF01F
:108B50002A0383EA4C035B004340507258B200285A
:108B6000BABF6FF02A0383EA40035B0058B20028C3
:108B7000BABF6FF02A0383EA40035B0058B20028B3
:108B8000BABF6FF02A0383EA40035B0058B20028A3
:108B9000BABF6FF02A0383EA40035B0058B2002893
:108BA000BABF6FF02A0383EA40035B0058B2002883
:108BB000BABF6FF02A0383EA40035B0058B2002873
:108BC000BABF6FF02A0383EA40035B0058B2002863
:108BD000BCBF6FF02A0383EA40033F48D0ED007A20
:108BE000F5EEC07AA8BF5B00F1EE10FA0EDDC7EE1D
:108BF000276AF7EE007A9FED397A77EEE67A67EE2C
:108C0000877AFCEEE77A17EE901A4B40917259B2D0
:108C10000029BABF6FF02A0383EA41035B0059B20F
:108C20000029BABF6FF02A0383EA41035B0059B2FF
:108C30000029BABF6FF02A0383EA41035B0059B2EF
:108C40000029BABF6FF02A0383EA41035B0059B2DF
:108C50000029BABF6FF02A0383EA41035B0059B2CF
:108C60000029BABF6FF02A0383EA41035B0059B2BF
:108C70000029BABF6FF02A0383EA41035B0059B2AF
:108C80000029B8BF6FF02A031548B4BF83EA410337
:108C90005B000370D37213480C21C847237801335B
:108CA000DBB2072B88BF00232370FFF7E8BA0E4919
:108CB000CB5C0D4983F00103CB5C8AF800300B4B91
:108CC000C31A537026E5DFF828C00CF13B010020E1
:108CD0000CF8010B16E400BF902E00200000C842E3
:108CE000EBA50020ECA500205C5A0308EDA50020B0
:108CF000F1A50020964B974AD3ED007A964B13606E
:108D0000B2EE047A67EE877AB2EE047AFDEEE77A85
:108D100017EE901A0B0A137183F07F0358B20028E4
:108D2000BABF6FF02A0383EA40035B0058B2002801
:108D3000BABF6FF02A0383EA40035B0058B20028F1
:108D4000BABF6FF02A0383EA40035B0058B20028E1
:108D5000BABF6FF02A0383EA40035B0058B20028D1
:108D6000BABF6FF02A0383EA40035B0058B20028C1
:108D7000BABF6FF02A0383EA40035B0058B20028B1
:108D8000BABF6FF02A0383EA40035B0058B20028A1
:108D9000BABF6FF02A0383EA40035B004B40517176
:108DA00059B20029BABF6FF02A0383EA41035B007E
:108DB00059B20029BABF6FF02A0383EA41035B006E
:108DC00059B20029BABF6FF02A0383EA41035B005E
:108DD00059B20029BABF6FF02A0383EA41035B004E
:108DE00059B20029BABF6FF02A0383EA41035B003E
:108DF00059B20029BABF6FF02A0383EA41035B002E
:108E000059B20029BABF6FF02A0383EA41035B001D
:108E100059B20029BCBF6FF02A0383EA41034F49CE
:108E2000D1ED047A67EE877AA8BF5B00FDEEE77AA2
:108E300017EE901A080A4340907158B20028BABF42
:108E40006FF02A0383EA40035B0058B20028BABFE0
:108E50006FF02A0383EA40035B0058B20028BABFD0
:108E60006FF02A0383EA40035B0058B20028BABFC0
:108E70006FF02A0383EA40035B0058B20028BABFB0
:108E80006FF02A0383EA40035B0058B20028BABFA0
:108E90006FF02A0383EA40035B0058B20028BABF90
:108EA0006FF02A0383EA40035B0058B20028BABF80
:108EB0006FF02A0383EA40035B004B40D17159B243
:108EC0000029BABF6FF02A0383EA41035B0059B25D
:108ED0000029BABF6FF02A0383EA41035B0059B24D
:108EE0000029BABF6FF02A0383EA41035B0059B23D
:108EF0000029BABF6FF02A0383EA41035B0059B22D
:108F00000029BABF6FF02A0383EA41035B0059B21C
:108F10000029BABF6FF02A0383EA41035B0059B20C
:108F20000029BABF6FF02A0383EA41035B0059B2FC
:108F30000029B8BF6FF02A030948B4BF83EA410390
:108F40005B000370137203480921C8472378A6E623
:108F5000BC000020ECA50020C8070D0048800020C0
:108F6000EBA50020624A927892067FF598AE614A9E
:108F70006148C8231370614BD3ED007AB2EE047AD6
:108F800067EE877AFDEEE77A17EE903A834280F239
:108F9000798740F60413A2F801300023D3705A23D6
:108FA0005B0058B20028BABF6FF02A0383EA40037F
:108FB0005B0058B20028BABF6FF02A0383EA40036F
:108FC0005B0058B20028BABF6FF02A0383EA40035F
:108FD0005B0058B20028BABF6FF02A0383EA40034F
:108FE0005B0058B20028BABF6FF02A0383EA40033F
:108FF0005B004B40117159B20029BABF6FF02A03D0
:1090000083EA41035B0059B20029BABF6FF02A031B
:1090100083EA41035B0059B20029BABF6FF02A030B
:1090200083EA41035B0059B20029BABF6FF02A03FB
:1090300083EA41035B0059B20029BABF6FF02A03EB
:1090400083EA41035B0059B20029BABF6FF02A03DB
:1090500083EA41035B0059B20029BABF6FF02A03CB
:1090600083EA41035B0059B20029B8BF6FF02A03BD
:109070002348B4BF83EA41035B00037053711D486A
:109080000621C84723780AE6194A927891067FF5A7
:1090900006AE1C4B9FED1C7AD3ED007A154A67EEA5
:1090A000877A4FF49963FDEEE77A138017EE901AF2
:1090B0000B0A0720D37083F05403907058B2002835
:1090C000B6BF6FF02A035B0083EA400358B2002862
:1090D00080F2CD866FF02A0383EA400358B200285D
:1090E000BFF65EAF6FF02A0383EA400359E700BF83
:1090F000AC7D0020ECA50020F0D8FFFF2811002057
:10910000EBA50020288000200000C842D04A127839
:1091100050067FF5C4ADCF4ACF49D04D009241F201
:10912000C8131380022393707F230B70D31C8A46CD
:109130000293D5F8D0109FEDCA7ADFEDCA6A02F12A
:10914000400302A80393FFF703F8D5F8E81002A83C
:10915000FEF7FEFFD5ED247A029B03989AF800E013
:10916000009A67EE877A9842FCEEE77A9FEDBE7A26
:1091700017EE901A4FEA112C88BF03F801CB8CEA46
:109180000E0C4FFA8CFEBEF1000FBABF6FF02A0C26
:109190008CEA4E0C4FEA4C0C4FFA8CFEBEF1000FDD
:1091A000BABF6FF02A0C8CEA4E0C4FEA4C0C4FFA07
:1091B0008CFEBEF1000FBABF6FF02A0C8CEA4E0C89
:1091C0004FEA4C0C4FFA8CFEBEF1000FBABF6FF0A5
:1091D0002A0C8CEA4E0C4FEA4C0C4FFA8CFEBEF176
:1091E000000FBABF6FF02A0C8CEA4E0C4FEA4C0C01
:1091F0004FFA8CFEBEF1000FBABF6FF02A0C8CEA5A
:109200004E0C4FEA4C0C4FFA8CFEBEF1000FBABF69
:109210006FF02A0C8CEA4E0C4FEA4C0C4FFA8CFE85
:10922000BEF1000FBABF6FF02A0C8CEA4E0C4FEA69
:109230004C0C984288BF03F8011B81EA0C014FFADD
:1092400081FCBCF1000FBABF6FF02A0181EA4C012A
:1092500049004FFA81FCBCF1000FBABF6FF02A0140
:1092600081EA4C0149004FFA81FCBCF1000FBABF02
:109270006FF02A0181EA4C0149004FFA81FCBCF1F0
:10928000000FBABF6FF02A0181EA4C0149004FFA82
:1092900081FCBCF1000FBABF6FF02A0181EA4C01DA
:1092A00049004FFA81FCBCF1000FBABF6FF02A01F0
:1092B00081EA4C0149004FFA81FCBCF1000FBABFB2
:1092C0006FF02A0181EA4C0149004FFA81FCBCF1A0
:1092D000000FBABF6FF02A0181EA4C0C4FEA410C33
:1092E0005E49D1ED257A67EEA67A984267EE877AD5
:1092F0009FED5E7AFCEEE77A17EE901A4FEA112E98
:109300008EEA0C0C88BF03F801EB4FFA8CFEBEF11D
:10931000000FBABF6FF02A0C8CEA4E0C4FEA4C0CCF
:109320004FFA8CFEBEF1000FBABF6FF02A0C8CEA28
:109330004E0C4FEA4C0C4FFA8CFEBEF1000FBABF38
:109340006FF02A0C8CEA4E0C4FEA4C0C4FFA8CFE54
:10935000BEF1000FBABF6FF02A0C8CEA4E0C4FEA38
:109360004C0C4FFA8CFEBEF1000FBABF6FF02A0C06
:109370008CEA4E0C4FEA4C0C4FFA8CFEBEF1000FFB
:10938000BABF6FF02A0C8CEA4E0C4FEA4C0C4FFA25
:109390008CFEBEF1000FBABF6FF02A0C8CEA4E0CA7
:1093A0004FEA4C0C4FFA8CFEBEF1000FBABF6FF0C3
:1093B0002A0C8CEA4E0C4FEA4C0C984288BF03F8FA
:1093C000011B81EA0C014FFA81FCBCF1000FBABF0E
:1093D0006FF02A0181EA4C0149004FFA81FCBCF18F
:1093E000000FBABF6FF02A0181EA4C0149004FFA21
:1093F00081FCBCF1000FBABF6FF02A0181EA4C0179
:1094000049004FFA81FCBCF1000FBABF6FF02A018E
:1094100081EA4C0149004FFA81FCBCF1000FBABF50
:109420006FF02A0181EA4C0149004FFA81FCBCF13E
:10943000000FBABF6FF02A0181EA4C0149004FFAD0
:1094400081FCBCF1000FB8BF6FF02A0110E000BF33
:10945000AC7D0020ECA50020EBA5002048A8002052
:1094600000001042E12E65420000C84200007A442C
:10947000B4BF81EA4C0149004FFA81FCBCF1000FF6
:10948000BABF6FF02A0181EA4C0C4FEA410C9349B4
:10949000D1ED127A77EE877A9842FCEEE77A17EEF2
:1094A000901A4FEA112E8EEA0C0C88BF03F801EBDC
:1094B0004FFA8CFEBEF1000FBABF6FF02A0C8CEA97
:1094C0004E0C4FEA4C0C4FFA8CFEBEF1000FBABFA7
:1094D0006FF02A0C8CEA4E0C4FEA4C0C4FFA8CFEC3
:1094E000BEF1000FBABF6FF02A0C8CEA4E0C4FEAA7
:1094F0004C0C4FFA8CFEBEF1000FBABF6FF02A0C75
:109500008CEA4E0C4FEA4C0C4FFA8CFEBEF1000F69
:10951000BABF6FF02A0C8CEA4E0C4FEA4C0C4FFA93
:109520008CFEBEF1000FBABF6FF02A0C8CEA4E0C15
:109530004FEA4C0C4FFA8CFEBEF1000FBABF6FF031
:109540002A0C8CEA4E0C4FEA4C0C4FFA8CFEBEF102
:10955000000FBABF6FF02A0C8CEA4E0C4FEA4C0C8D
:10956000984288BF03F8011B81EA0C014FFA81FC85
:10957000BCF1000FBABF6FF02A0181EA4C0149002B
:109580004FFA81FCBCF1000FBABF6FF02A0181EAEB
:109590004C0149004FFA81FCBCF1000FBABF6FF0DB
:1095A0002A0181EA4C0149004FFA81FCBCF1000F0D
:1095B000BABF6FF02A0181EA4C0149004FFA81FCE1
:1095C000BCF1000FBABF6FF02A0181EA4C014900DB
:1095D0004FFA81FCBCF1000FBABF6FF02A0181EA9B
:1095E0004C0149004FFA81FCBCF1000FBABF6FF08B
:1095F0002A0181EA4C0149004FFA81FCBCF1000FBD
:10960000BABF6FF02A0181EA4C0C4FEA410C334992
:1096100091F83110984288BF03F8011B81EA0C01D0
:109620004FFA81FCBCF1000FBABF6FF02A0181EA4A
:109630004C0149004FFA81FCBCF1000FBABF6FF03A
:109640002A0181EA4C0149004FFA81FCBCF1000F6C
:10965000BABF6FF02A0181EA4C0149004FFA81FC40
:10966000BCF1000FBABF6FF02A0181EA4C0149003A
:109670004FFA81FCBCF1000FBABF6FF02A0181EAFA
:109680004C0149004FFA81FCBCF1000FBABF6FF0EA
:109690002A0181EA4C0149004FFA81FCBCF1000F1C
:1096A000BABF6FF02A0181EA4C0149004FFA81FCF0
:1096B000BCF1000FBABF6FF02A0181EA4C014900EA
:1096C000984288BF03F8011B9B1A8AF800100448CF
:1096D00099B2C8472378FFF7E2BA00BF48A8002034
:1096E000ECA50020514A524BC821117021219170E4
:1096F0001979C90900F0A7839978CD0700F1AD83E6
:109700005978C90900F0B6831979C80640F1B283C7
:10971000484E0092701CDFF733FB07464648DDF8E1
:109720000080751E71234FF0000E00F13D0115F809
:10973000012F8446884238BF0CF8012B5A4053B29F
:10974000002BC0F2B38253001A465BB2002BC0F26A
:10975000A68253001A465BB2002BC0F2C3825300AC
:109760001A465BB2002BC0F2B68253001A465BB2B7
:10977000002BC0F2A98253001A465BB2002BC0F244
:109780009C8253001A465BB2002BC0F2B282530097
:109790001A465BB2002BB6BF6FF02A02530082EA72
:1097A0004303BE4580F2F68288420EF1010EC0F0FE
:1097B0006A82B6446FF02A002CE0520053B2002BAC
:1097C000C0F2AD82520053B2002BC0F2A38252000D
:1097D00053B2002BC0F29982520053B2002BC0F258
:1097E0008F82520053B2002BC0F25482520053B207
:1097F000002BC0F24A82520053B2002BA8BF530084
:10980000AEEB060202F1FF32B8BF80EA4303974293
:1098100040F3C0821EF8012B5A4053B2002BCCDA21
:1098200080EA43035BB21A46C9E700BFECA50020FB
:10983000AC7D0020205F0308EFA50020C1499FED0B
:10984000C27AD1ED007AC14A40F6C803F4EEC77A75
:109850001380F1EE10FA4FF01E03937040F3648210
:10986000DFEDBB6A77EEE67AF4EEC77AF1EE10FA36
:10987000F8DC9FEDB87A67EE877A9FEDB37AFDEE5C
:10988000E77A17EE900A030AD37083F00503DB43EF
:109890004FFA83FCBCF1000FBABF6FF02A0383EAD2
:1098A0004C035B004FFA83FCBCF1000FBABF6FF0B2
:1098B0002A0383EA4C035B004FFA83FCBCF1000FE0
:1098C000BABF6FF02A0383EA4C035B004FFA83FCB4
:1098D000BCF1000FBABF6FF02A0383EA4C035B00B0
:1098E0004FFA83FCBCF1000FBABF6FF02A0383EA82
:1098F0004C035B004FFA83FCBCF1000FBABF6FF062
:109900002A0383EA4C035B004FFA83FCBCF1000F8F
:10991000BABF6FF02A0383EA4C035B004FFA83FC63
:10992000BCF1000FBABF6FF02A0383EA4C035B005F
:109930004340107158B20028BABF6FF02A0383EA7F
:1099400040035B0058B20028BABF6FF02A0383EAD5
:1099500040035B0058B20028BABF6FF02A0383EAC5
:1099600040035B0058B20028BABF6FF02A0383EAB5
:1099700040035B0058B20028BABF6FF02A0383EAA5
:1099800040035B0058B20028BABF6FF02A0383EA95
:1099900040035B0058B20028BABF6FF02A0383EA85
:1099A00040035B0058B2D1ED017A0028B8BF6FF0D8
:1099B0002A03F4EEC77AB4BF83EA40035B00F1EEFA
:1099C00010FA40F3D581DFED626A77EEE67AF4EEC5
:1099D000C77AF1EE10FAF8DC9FED5E7A67EE877ACF
:1099E0009FED597AFDEEE77A17EE900A4FEA102CB8
:1099F00083EA0C0382F805C04FFA83FCBCF1000F28
:109A0000BABF6FF02A0383EA4C035B004FFA83FC72
:109A1000BCF1000FBABF6FF02A0383EA4C035B006E
:109A20004FFA83FCBCF1000FBABF6FF02A0383EA40
:109A30004C035B004FFA83FCBCF1000FBABF6FF020
:109A40002A0383EA4C035B004FFA83FCBCF1000F4E
:109A5000BABF6FF02A0383EA4C035B004FFA83FC22
:109A6000BCF1000FBABF6FF02A0383EA4C035B001E
:109A70004FFA83FCBCF1000FBABF6FF02A0383EAF0
:109A80004C035B004FFA83FCBCF1000FBABF6FF0D0
:109A90002A0383EA4C035B004340907158B20028CC
:109AA000BABF6FF02A0383EA40035B0058B2002874
:109AB000BABF6FF02A0383EA40035B0058B2002864
:109AC000BABF6FF02A0383EA40035B0058B2002854
:109AD000BABF6FF02A0383EA40035B0058B2002844
:109AE000BABF6FF02A0383EA40035B0058B2002834
:109AF000BABF6FF02A0383EA40035B0058B2002824
:109B0000BABF6FF02A0383EA40035B0058B2D1ED7D
:109B1000027A0028B8BF6FF02A03F4EEC77AB4BF08
:109B200083EA40035B00F1EE10FA40F30F81DFEDB2
:109B3000086A77EEE67AF4EEC77AF1EE10FAF8DC0E
:109B40000AE000BF347D0020DB0F4940ECA5002077
:109B5000DB0FC94000401C461FED027A67EE877A92
:109B6000FDEEE77A17EE901A080A4340D07158B21A
:109B70000028BABF6FF02A0383EA40035B0058B2A3
:109B80000028BABF6FF02A0383EA40035B0058B293
:109B90000028BABF6FF02A0383EA40035B0058B283
:109BA0000028BABF6FF02A0383EA40035B0058B273
:109BB0000028BABF6FF02A0383EA40035B0058B263
:109BC0000028BABF6FF02A0383EA40035B0058B253
:109BD0000028BABF6FF02A0383EA40035B0058B243
:109BE0000028BABF6FF02A0383EA40035B004B40B2
:109BF000117259B20029BABF6FF02A0383EA4103F8
:109C00005B0059B20029BABF6FF02A0383EA41030F
:109C10005B0059B20029BABF6FF02A0383EA4103FF
:109C20005B0059B20029BABF6FF02A0383EA4103EF
:109C30005B0059B20029BABF6FF02A0383EA4103DF
:109C40005B0059B20029BABF6FF02A0383EA4103CF
:109C50005B0059B20029BABF6FF02A0383EA4103BF
:109C60005B0059B20029B8BF6FF02A03A348B4BF04
:109C700083EA41035B0003705372A1480A21C8477D
:109C80002378FFF70CB8604651E580EA43035BB2E6
:109C90001A46B2E580EA43035BB21A46A8E56FF0C4
:109CA0002A0282EA43035BB21A4655E56FF02A02A4
:109CB00082EA43035BB21A4648E56FF02A0282EA61
:109CC00043035BB21A465FE56FF02A0282EA430360
:109CD0005BB21A4652E56FF02A0282EA43035BB296
:109CE0001A4645E56FF02A0282EA43035BB21A4640
:109CF00038E56FF02A0282EA43035BB21A4649E56F
:109D000080EA43035BB21A466DE580EA43035BB227
:109D10001A4663E580EA43035BB21A4659E580EAD6
:109D200043035BB21A464FE59FED767AF4EEC77AAD
:109D3000F1EE10FA7FF59DADDFED736A77EEA67A4E
:109D4000F4EEC77AF1EE10FAF8D492E59FED6D7A51
:109D5000F4EEC77AF1EE10FA7FF5FEAEDFED6A6A37
:109D600077EEA67AF4EEC77AF1EE10FAF8D4F3E6BD
:109D70009FED647AF4EEC77AF1EE10FA7FF52CAE1F
:109D8000DFED616A77EEA67AF4EEC77AF1EE10FAAB
:109D9000F8D421E68C453CBF00200CF8010B58B2EA
:109DA0000028BABF6FF02A0383EA40035B0058B271
:109DB0000028BABF6FF02A0383EA40035B0058B261
:109DC0000028BABF6FF02A0383EA40035B0058B251
:109DD0000028BABF6FF02A0383EA40035B0058B241
:109DE0000028BABF6FF02A0383EA40035B0058B231
:109DF0000028BABF6FF02A0383EA40035B0058B221
:109E00000028BABF6FF02A0383EA40035B0058B210
:109E10000028BCBF6FF02A0383EA40033B48A8BF79
:109E20005B00ACEB00008C4588F8010038BF0CF8F3
:109E3000013B3248ACEB0801037089B23048C84797
:109E40002378FEF72CBF1979C90904D15B78DD07A7
:109E500001D52F4E5DE42F4E5BE42F4E59E440F6C2
:109E60000411FF23A2F80110D370FE2106235B002A
:109E7000FFF734B95978C9091AD01978C90717D525
:109E8000264E46E426498B42E9DC45F6EF018B423B
:109E90001ADC03F51C531033180A1946430083F0EB
:109EA0002D03D07040F60410A2F80100FFF70EB9A0
:109EB0001978CF0720D4DB781A4913F0040F1A4B16
:109EC00014BF0E461E4624E4053307EE903A9FED7C
:109ED000177AF8EEE77A67EE877AFDEEE77A17EE03
:109EE000903A6FEA43436FEA5343180A19466FF0FA
:109EF000070383EA4003D4E70D4E0AE4EBA50020F4
:109F0000ECA50020DB0F49C0DB0FC940EDA5002008
:109F1000285F0308305F0308245F0308485F0308D5
:109F2000E7FF0400345F03083C5F0308CDCCCC3D61
:109F3000445F0308014B01221A707047E9A5002015
:109F400070B50E465E2105461446ECF7B3FE5E2E54
:109F500046D05D2E3146284614D0ECF7ABFEE1B278
:109F60005E2918D05D29284633D0ECF7A3FEC4F350
:109F700007215E291BD05D29284622D0BDE870400C
:109F8000ECF798BEECF796FE3D212846ECF792FEE2
:109F9000E1B25E29E6D15D212846ECF78BFE3E2139
:109FA0002846ECF787FEC4F307215E29E3D1284653
:109FB0005D21ECF77FFE28463E21BDE87040ECF7BE
:109FC00079BEECF777FE28463D21BDE87040ECF7FE
:109FD00071BEECF76FFE3D212846ECF76BFEC6E73D
:109FE00028465D21ECF766FE3E212846ECF762FE2E
:109FF000B5E700BF2DE9F843354FDFF8DC90D7F81F
:10A00000D040344E002CB8BF6442A9FB04239B0D02
:10A0100006FB1344C4EB0414A40089FB04124FEAAA
:10A02000E47803EB830303EB8303C8EBA25808EB4C
:10A03000830212B213210546FFF782FF06FB184286
:10A04000DFF89880A8FB023242F38F1228461B21CA
:10A05000FFF776FFD7F8D030002BACBF4E2253224B
:10A0600028462321FFF76CFFD7F8E840002CB8BF43
:10A070006442A9FB04239B0D06FB1344C4EB0414A8
:10A08000A40089FB042903EB8303E21703EB83039A
:10A09000C2EBA95909EB83022846122112B2FFF73D
:10A0A0004FFF06FB1942A8FB028242F38F1228469B
:10A0B0001A21FFF745FFD7F8E830002B28464FF06C
:10A0C0002201BDE8F843ACBF45225722FFF738BF55
:10A0D00048A80020809698006BCA5F6BD34D621031
:10A0E0002DE9F04385B00446E7F738FC4A4BD3F836
:10A0F000C030834202D905B0BDE8F083474D7D21D1
:10A100003020E7F79BFC9FED467AD5ED007A454974
:10A110008DED017A67EE877A0B88FDEEE77A0133E1
:10A1200017EE902A0B8012B208212046FFF708FF95
:10A130009DED017AD5ED017A67EE877A2021FDEE5B
:10A14000E77A204617EE903A1AB2FFF7F9FE364B3F
:10A15000DFED367A93ED007AB4EEE77AF1EE10FA9D
:10A1600057D4DFED337ADFED336AB4EEE77AF1EE00
:10A1700010FAD8BFF0EE477A67EEA67AFDEEE77ADE
:10A1800017EE903A1AB230212046FFF7D9FE254B40
:10A190001B889A0700F07C8113F00702174640F0F5
:10A1A0006581254B1B78192B40F02D82234EDFF85B
:10A1B000A090234B1B78002B40F0FE81DFF89480A9
:10A1C000D8ED007AB2EE047A67EE877A3921FDEE97
:10A1D000E77A204617EE903A1AB28DED017AFFF732
:10A1E000AFFE184B9DED017AD3ED007A67EE877ACA
:10A1F000F5EEC07AF1EE10FA00F156829FED127A78
:10A20000F4EEC77AF1EE10FA40F395824FF4FA4279
:10A210004BE20E4AB7E700BFEC2E0020347D002051
:10A22000E12E65422CA6002028800020CDCCC7C29C
:10A23000CDCCC7420000C842F5000020AC7D002014
:10A240005C000020A82E00200000FA46FAD8FFFF8C
:10A25000902E0020B02E0020002204212046FFF77F
:10A260006FFEC94B9FEDC97AD3ED247A67EE877AEA
:10A270002046BDEEE77A112117EE103A1AB2CDED65
:10A28000017AFFF75DFEDDED017AC149B2EE047A95
:10A2900067EE877AFDEEE77A17EE902A002AB8BFBC
:10A2A0005242A1FB0201C90801EB8101A2EB41026C
:10A2B00012B219212046FFF743FE3278B24B12F05A
:10A2C000400F4ED03278D2094BD0B24AD2ED007A4C
:10A2D000F5EEC07AF1EE10FA00F14F829FEDAE7A02
:10A2E000F4EEC77AF1EE10FA00F34D82FDEEE77A54
:10A2F00017EE902A12B2A94D07212046FFF720FE43
:10A300009FEDA77AF5EC017A8DED017A67EE877AF9
:10A310002A21FDEEE77A204617EE903A1AB2FFF7AF
:10A320000FFE9DED017AD5ED007A67EE877A2B213D
:10A33000FDEEE77A204617EE903A1AB2FFF700FEDC
:10A34000964B9DED017AD3ED027A67EE877A2C2148
:10A35000FDEEE77A204617EE903A1AB2FFF7F0FDCD
:10A36000894B93ED127ADFED8F7AB4EEE77AF1EE56
:10A3700010FA00F1BA81DFED8C7AB4EEE77AF1EEF3
:10A3800010FAD8BFF0EE477ABDEEE77A17EE102A42
:10A3900012B220460121CDED017AFFF7D1FDDDEDAE
:10A3A000017A7B49B2EE047A67EE877A8DED017A05
:10A3B000FDEEE77A17EE902A002AB8BF5242A1FBC1
:10A3C0000201C90801EB8101A2EB410212B209218D
:10A3D0002046FFF7B5FD6C4B9DED017AD3ED1F5A7A
:10A3E00093F831003178B1EE046AC5EE866AF7EE73
:10A3F000007A77EEE67A67EE877AFDEEE77A17EE77
:10A40000903A1AB2092A1346A8BF092303EB830323
:10A4100003EB83039B009BB233EA220328BF3B4636
:10A42000632894BF1B1863339BB203F57A7211F053
:10A43000400F317892B218BF1346C9091AB21CBF37
:10A4400003F5FA631AB2CDE90123EEF785FE019A0E
:10A4500018B17178C90900F0748105212046FFF711
:10A460006FFD2046FFF7C6FD504B1B88272B08D9F0
:10A47000454B4E4893F8282000210180002A40F0E7
:10A4800038815E21204605B0BDE8F043ECF712BCF0
:10A49000474BDFED447A93ED007AB4EEE77AF1EEC4
:10A4A00010FA00F12481DFED407AB4EEE77AF1EEA4
:10A4B00010FAD8BFF0EE477ABDEEE77A17EE103A01
:10A4C0001AB210212046CDED017AFFF739FDDDEDFE
:10A4D000017A2F4BF2EE046A67EEA67A2121FDEE97
:10A4E000E77ACDED036A17EE902A002AB8BF5242F0
:10A4F000A3FB02C0C00800EB8000A2EB400212B236
:10A500002046FFF71DFD204A9FED257AD2ED257AE2
:10A510008DED027A67EE877A2046BDEEE76A142158
:10A5200016EE103A1AB2CDED017AFFF709FDDDED16
:10A53000036ADDED017A164B67EEA67A1C21FDEE6B
:10A54000E77A17EE902A002AB8BF5242A3FB020313
:10A55000DB0803EB8303A2EB430212B22046FFF7B2
:10A56000EFFC144B9DED027AD3ED007A67EE877A0B
:10A570002D21FDEEE77A204617EE903A1AB2FFF74A
:10A58000DFFC0A4B1B8807E648A80020E5CFF83F10
:10A59000CDCCCCCC50210020003C1C4654210020C6
:10A5A000E12E65429AF979C49AF979442CA60020E3
:10A5B00028110020ECBC002007EE903A734B9FED71
:10A5C000747AD3ED006AF8EEE77A66EE876A984609
:10A5D00086EEA77A0023FCEEC77A17EE902AC2F324
:10A5E000032141EA022545EA031212B20621204660
:10A5F0000193FFF7A5FC674A019B11780133DAB29A
:10A600009142F0D8DCE5644A64481178644A4378A2
:10A610001278132928BF13211D2A28BF1D22C3F336
:10A62000801342EA411242EA832201780378C3F39D
:10A630004013C1F380011B0343EAC1231A4392B2C2
:10A6400001920646EEF788FD019A42F48043002805
:10A6500018BF1A4602212046FFF772FCEEF77CFD78
:10A66000002878D04F4B93ED007A4F4BD3ED007A12
:10A6700037EE277AB5EEC07AF1EE10FA7FD4F7EE16
:10A68000007AB4EEE77AF1EE10FAD8BFF0EE477A2E
:10A69000B3EE047A67EE877ADFF82091FDEEE77A71
:10A6A00017EE903A1AB263E0002228212046FFF705
:10A6B00047FC3E4B99ED006AD3ED005A9FED3C7A82
:10A6C000C5EE866AF7EE007A77EEE67A67EE877A6D
:10A6D000F5EEC07AF1EE10FA3FF5BEADF4EEC77AB2
:10A6E000F1EE10FA21DD6422B7E5324A51E6314A33
:10A6F000E7E69A8D20461521D2BAFFF721FC2E4BB2
:10A700002046B3F92A201621FFF71AFC2A4B2046CF
:10A71000B3F92E201721FFF713FC274B182193F8CC
:10A7200030202046FFF70CFCABE6FDEEE77A17EE93
:10A73000903A1AB291E5FDEEE77A17EE903A1AB226
:10A74000B3E7029BB17803F57A631BB211F0010FF6
:10A7500008BF1A4681E6194B9FED197AD3ED007AAE
:10A7600067EE877A9946FDEEE77A17EE903A1AB2CD
:10A7700003212046FFF7E4FB1BE50022BBE5DFF8E1
:10A780003C903A46F4E742F20F72B4E5B02E002056
:10A790000000FA435C0000207F380020AC7D0020E0
:10A7A000A87D0020E838002000390020A42E0020D9
:10A7B0000000C84219FCFFFF48A80020902E00208E
:10A7C000CDCC4C3E034B1B68984200D07047FFF73E
:10A7D00087BC00BF30900020054B187830B9054B7E
:10A7E0001B6823B1981F18BF0120704701207047D4
:10A7F0008C7C030830900020704700BF704700BF7A
:10A8000000B52D4B1B7883B0042B50D8DFE803F044
:10A81000131F3B3F03000020E9F7C4FFDFED270AC9
:10A8200006F014FDDFED267A264B20EE270A83ED95
:10A83000000A03B000BD0020E9F7B4FFDFED227A83
:10A84000204B20EE270A83ED000A03B000BD022250
:10A8500001AB11460520F1F727FCBDF804309FED50
:10A860001B7A5BBA9BB207EE903AF8EEE77A154B8B
:10A8700067EE877A012251210520C3ED007AF1F7B6
:10A88000C5FC03B000BD01AB02220021E2E70020BD
:10A89000E9F788FFDFED0E0A06F0D8FCDFED0D7A50
:10A8A000084B20EE270A83ED000A03B000BD054BDC
:10A8B00000221A60BDE700BF40A60020BBB8F5BF6C
:10A8C0001799BE4244A600200AD723410AD7233C49
:10A8D000E17A94BF9CC47041224B9A78C2F38011F4
:10A8E000520604D49A7861F3C7129A70704710B573
:10A8F0001F20E7F7F9F800B910BD1B4C1B4A21785F
:10A9000001EB41011F2032F82110E7F797F8FFF71C
:10A9100077FF2178154A164B01EB410102EB8102CA
:10A9200093ED000AD2ED017A0E4BB4EEE70AF1EE98
:10A9300010FA15DBD2ED027AB4EEE70AF1EE10FA66
:10A9400094BF012100219A780A4861F3C7129A70D6
:10A95000DFF7A6FFE1F78EF9054B83ED000A10BD86
:10A960000021F0E7AC7D002040A6002028880308E5
:10A9700044A6002030A6002070B53E4CA37843F0DA
:10A980004003A370E3781A0713D5A37823F040039C
:10A99000A370A378384D3948002100222960C3F301
:10A9A00080115B0602701FD4A37861F3C713A370F4
:10A9B00070BD334D2B78042B09D8DFE803F04B032F
:10A9C000030C0C002F4A92F85010002947D1A278AE
:10A9D00022F04002A2702C4A03EB43031F2032F8FE
:10A9E0002310E7F72BF8D4E71F20E7F77DF80028BE
:10A9F000DED0234E244B317801EB41011F2033F888
:10AA00002110E7F71BF8FFF7FBFE31781E4B95EDA1
:10AA1000000A01EB410103EB8103D3ED017AB4EEAF
:10AA2000E70AF1EE10FA4FF0000207DBD3ED027AED
:10AA3000B4EEE70AF1EE10FA98BF0122A3780F48AE
:10AA400062F3C713A370DFF72BFFE1F713F985ED6E
:10AA5000000A70BDA27842F04002A270BBE792F8F3
:10AA60005220002AB3D1012251210520F1F7CEFB5B
:10AA70002B78B0E7AC7D002044A6002030A6002053
:10AA800040A600204074030828880308704700BFD0
:10AA900070B52DED028B88B004AB0E221D21002075
:10AAA000B0EE408AF1F70EFCBDF81610BDF812E0CA
:10AAB000BDF81400904A00239C4649BA61F30F0C7C
:10AAC000BDF8101014789EFA9EFE6EF30F0340BA84
:10AAD00049BA61F31F4C60F31F43BDF81810BDF86D
:10AAE0001A00CDE9003CBDF81C3049BA40BA5BBA47
:10AAF000ADF8081022460DF10201ADF80A006846D3
:10AB0000ADF80C30E0F75AF822460DF10A0102A820
:10AB1000E0F754F8794B1A78BDF900306AB1BDF806
:10AB20000810BDF80C205B421BB249425242ADF8FE
:10AB30000030ADF80810ADF80C20BDF90220DFF8A8
:10AB4000ECE107EE902A07EE103AF8EEE77AB8EE5D
:10AB5000C77A67EEA76ABDF90430E7EE076A06EE2A
:10AB6000103AF8EEC65AB0EE667AA5EEA57ADEF88F
:10AB700000309FED636AB4EEC67AF1EE10FA53DB53
:10AB8000BDF90820DFF8A8C19FED5E5A9CED006A70
:10AB900007EE102AB8EEC77A77EE466AF4EEC56A79
:10ABA000F1EE10FA4BDD5849BCEEE67A086817EE74
:10ABB000102A9042C0F0B18154499FED527A0A6840
:10ABC00036EE077A01320A6001330121BDF9002017
:10ABD0004F489FED505A80ED007A06EE902A4E4A7B
:10ABE0008CED007AF8EEE66A92ED006A36EEC67AEF
:10ABF000B4EEC57AF1EE10FA3EDC36EE667AB4EECB
:10AC0000C57AF1EE10FA4ADD444CBCEEC77A2568ED
:10AC100017EE101A8D4201D284ED007ADFED3D6A05
:10AC2000013376EE666A35E03D490A680133013248
:10AC3000CEF800300A6008B0BDEC028B70BD76EE35
:10AC4000476AF4EEC56AF1EE10FA40F369812E49C5
:10AC5000BCEEE67A086817EE102A904201D281ED28
:10AC6000007A2A499FED277A0A6801320A6036EE97
:10AC7000477A01330121A9E7284CBCEEC77A256841
:10AC800017EE101A8D42C0F02881DFED226A76EEB1
:10AC9000266A0133234C256801210D442560BDF946
:10ACA0000A409CED015ADFED174AC2ED006A07EE3B
:10ACB000104AB8EEC77A1C4C37EE456AC4ED006AFC
:10ACC000B4EEE46AF1EE10FA34DC75EE476AF4EEA5
:10ACD000E46AF1EE10FA40DD0B49BCEEE67A4D680D
:10ACE00017EE106AAE4201D981ED017A9FED057A27
:10ACF000013335EE477A2BE03D7403083C740308BA
:10AD00000AD7234700409C4578A6002060A6002073
:10AD1000147D00200000004688A600206CA60020BC
:10AD20004CA6002054A60020207D002084A60020F0
:10AD300094A600207B49BCEEC67A4D6817EE106AD7
:10AD4000B542C0F0CD809FED787A35EE077A0133B9
:10AD5000764D6E6801210E446E6092ED016A9FEDA2
:10AD6000745A80ED017A77EEC66A8CED017AF4EEC2
:10AD7000C56AF1EE10FA6FDC36EE677AB4EEC57A8A
:10AD8000F1EE10FA00F3B980BDF90C50DCED026A67
:10AD9000C4ED017AC2ED017A07EE905AF8EEE77A37
:10ADA0009FED616A37EEE67AB4EEC67AF1EE10FAFC
:10ADB0007CDDFCEEC77A5B4917EE906A8D68AE4287
:10ADC00088BFC1ED027ADFED587A76EEA77A0133BB
:10ADD000564DAE6801210E44AE60C0ED027ACCED56
:10ADE000027AD2ED027ADFED526A35EEE77AB4EEFE
:10ADF000E67AF1EE10FA42DDBCEEC77A4D4817EE66
:10AE0000101A85689FED4A7AA94288BF816077EE63
:10AE1000877A49490133C4ED027AC2ED027A8A6821
:10AE200001328A60CEF80030BDF906309FED437ADA
:10AE3000434807EE903AF8EEE77AB3EE090AA7EE38
:10AE4000870AF0EE480ADFF72FFE3E4B83ED000A3B
:10AE500008B0BDEC028B70BD3649FCEEE67A4D6859
:10AE600017EE906AAE4245D8DFED317A76EE277A5A
:10AE70000133314D6E6801210E446E6084E737EE78
:10AE8000E57AB4EEE67AF1EE10FA2CDDBCEEC77A84
:10AE9000284817EE101A85689FED257AA94288BFC9
:10AEA000816077EEC77A24490133B4E736EEE77A5A
:10AEB000B4EEC67AF1EE10FA8FDDFCEEC77A1949CE
:10AEC00017EE906A8D68AE4288BFC1ED027ADFED61
:10AED000167A013376EEE77A7AE784ED007AD4E6E3
:10AEE00081ED017A2FE7C4ED025AC2ED025A002922
:10AEF0009AD097E7C1ED017AB6E70E49FCEEC77A22
:10AF00004D6817EE906AAE4201D9C1ED017ADFEDCE
:10AF1000087A013376EE677AABE781ED007A4BE68B
:10AF2000002153E678A6002000409C4560A6002042
:10AF3000000000466CA6002054A60020CF57F73B27
:10AF4000E4060020BC000020002210B57621104647
:10AF5000F1F75CF900224E211046F1F757F99620DF
:10AF6000E6F702FD0F224E210020F1F74FF90F20E6
:10AF7000E6F7FAFC504B514C1B78E25C120142F0B0
:10AF800006024F2102F0F6020020F1F73FF90F20F0
:10AF9000E6F7EAFC4A4B1B78E25C120142F006023B
:10AFA000502102F0F6020020F1F730F90F20E6F709
:10AFB000DBFCFF2252210020F1F728F90F20E6F7F1
:10AFC000D3FC012276210020F1F720F906220C2182
:10AFD0000020F1F71BF924220D210020F1F716F9CA
:10AFE000A0220E210020F1F711F902227621002083
:10AFF000F1F70CF90C2203210020F1F707F92422C4
:10B0000004210020F1F702F9A02205210020F1F728
:10B01000FDF8002276211046F1F7F8F803221421FA
:10B020000020F1F7F3F80F20E6F79EFC00226321E1
:10B030001046F1F7EBF86420E6F796FC082265214C
:10B040000020F1F7E3F8602264210020F1F7DEF838
:10B050000F20E6F789FC4D210020F1F77FF800F082
:10B060003F0242F040024D210020F1F7CFF80F20BF
:10B07000E6F77AFC134B1449144A002423201C7071
:10B080000C701470E6F770FC224620467621F1F72A
:10B09000BDF820467521F1F761F80D4A0D49137985
:10B0A0000870472818BF42280CBF0124002464F30D
:10B0B0004513137110BD00BFC20000207088030843
:10B0C000C00000202C7D00202E7D00202D7D002042
:10B0D000AC7D00202F7D002038B5174C002105469F
:10B0E000EBF7E8FD94F89A2194F899310021134484
:10B0F000284684F89A31EBF7DDFD94F89A2194F80C
:10B10000993100211344284684F89A31EBF7D2FD97
:10B1100094F89A2194F8993100211344284684F830
:10B120009A31EBF7C7FD94F89A2194F899311344BA
:10B1300084F89A3138BD00BFA0A60020F8B5564C5F
:10B140000F46B52105461646EBF7B4FD94F8993144
:10B1500094F89A214B3B84F8993128461344622194
:10B1600084F89A31EBF7A6FD4FF00003284606213C
:10B17000A4F89931EBF79EFD94F8993194F89A214F
:10B18000063384F8993128461344012184F89A3112
:10B19000EBF790FD94F8993194F89A21013384F8F3
:10B1A000993128461344032184F89A31EBF782FD44
:10B1B00094F8993194F89A21033384F89931284608
:10B1C0001344002184F89A31EBF774FD94F89A2126
:10B1D00094F8993139461344284684F89A31EBF7AC
:10B1E00069FD94F899311F4494F89A3184F8997163
:10B1F00031461F44284684F89A71EBF75BFD94F8BA
:10B2000099311E4494F89A3184F8996128461E4475
:10B21000002184F89A61EBF74DFD94F8991194F8A8
:10B220009A311E4E0B44284684F89A31EBF742FDC2
:10B2300094F89A112846EBF73DFD2846F8F7C2FA34
:10B24000E6F78CFB002400F1320503E0E6F786FB0D
:10B2500085421FD901340120E4B2E6F785FB0A2CB0
:10B26000F4D13078FCF73CFFE6F778FB85424FF0ED
:10B2700001000FD9E6F778FBE6F770FB85424FF047
:10B28000010007D9E6F770FBE6F768FB85424FF04F
:10B290000204DFD8F8BD00BFA0A600203490002033
:10B2A00070B5234C82B00D46C9B206460191EBF74A
:10B2B00001FD94F899310199194494F89A3184F870
:10B2C00099110B443046C5F3072184F89A31019156
:10B2D000EBF7F0FC94F899310199194494F89A31FC
:10B2E00084F899110B443046C5F3074184F89A312C
:10B2F0000191EBF7DFFC94F899310199194494F826
:10B300009A3184F899110B443046290E84F89A3109
:10B31000EBF7D0FC94F8992194F89A3102EB15657B
:10B320002B4484F8995184F89A3102B070BD00BF63
:10B33000A0A6002070B5234C82B00D46C9B20646C7
:10B340000191EBF7B7FC94F899310199194494F8FD
:10B350009A3184F899110B443046C5F3072184F8DB
:10B360009A310191EBF7A6FC94F8993101991944AF
:10B3700094F89A3184F899110B443046C5F307418B
:10B3800084F89A310191EBF795FC94F89931019981
:10B39000194494F89A3184F899110B443046290ED7
:10B3A00084F89A31EBF786FC94F8992194F89A3155
:10B3B00002EB15652B4484F8995184F89A3102B058
:10B3C00070BD00BFA0A600202DE9F041584C884672
:10B3D000B52105461E461746EBF76CFC94F89931EB
:10B3E00094F89A214B3B84F8993128461344622102
:10B3F00084F89A31EBF75EFC4FF0000328460621F3
:10B40000A4F89931EBF756FC94F8993194F89A2105
:10B41000063384F8993128461344012184F89A317F
:10B42000EBF748FC94F8993194F89A21013384F8A9
:10B43000993128461344032184F89A31EBF73AFCFA
:10B4400094F8993194F89A21033384F89931284675
:10B450001344002184F89A31EBF72CFC94F89A21DC
:10B4600094F8993141461344284684F89A31EBF711
:10B4700021FC94F89931984494F89A3184F8998190
:10B4800039469844284684F89A81EBF713FC94F8DF
:10B4900099311F4494F89A3184F8997131461F44C8
:10B4A000284684F89A71EBF705FC94F8992194F8F2
:10B4B0009A31B118C9B20B44284684F89A3184F8FD
:10B4C0009911EBF7F7FB94F89A111A4E2846EBF70F
:10B4D000F1FB2846F8F776F9E6F740FA002400F188
:10B4E000320503E0E6F73AFA85421FD9013401201C
:10B4F000E4B2E6F739FA0A2CF4D13078FCF7F0FD23
:10B50000E6F72CFA85424FF001000FD9E6F72CFA46
:10B51000E6F724FA85424FF0010007D9E6F724FA4E
:10B52000E6F71CFA85424FF00204DFD8BDE8F0814F
:10B53000A0A600203490002070B56B4C82B00E465F
:10B54000B5210546EBF7B6FB94F8993194F89A21AA
:10B550004B3B1A442846622184F89A2184F8993199
:10B56000EBF7A8FB4FF0000328460621A4F8993119
:10B57000EBF7A0FB94F8993194F89A2106331A441A
:10B580002846082184F8993184F89A21EBF792FB38
:10B5900094F8993194F89A2108331A4428460621E0
:10B5A00084F8993184F89A21EBF784FB94F8993167
:10B5B00094F89A2106331A442846002184F89931D8
:10B5C00084F89A21EBF776FB94F89A2194F8993154
:10B5D000F1B21344284684F89A310191EBF76AFBE3
:10B5E00094F899310199194494F89A3184F8991191
:10B5F0000B442846310A84F89A31EBF75BFB94F848
:10B60000993103EB162694F89A3184F8996128460B
:10B610001E44012184F89A61EBF74CFB94F89931B0
:10B6200094F89A21314E01331A442846002184F8B7
:10B63000993184F89A21EBF73DFB94F89A2194F81C
:10B64000993128461344012184F89A31EBF732FBF3
:10B6500094F8993194F89A2101331A44284600212C
:10B6600084F89A2184F89931EBF724FB94F8991126
:10B6700094F89A3128460B4484F89A31EBF71AFB78
:10B6800094F89A112846EBF715FB2846F8F79AF834
:10B69000E6F764F9002400F1320503E0E6F75EF90D
:10B6A00085421FD901340120E4B2E6F75DF90A2C86
:10B6B000F4D13078FCF714FDE6F750F985424FF0ED
:10B6C00001000FD9E6F750F9E6F748F985424FF047
:10B6D000010007D9E6F748F9E6F740F985424FF04F
:10B6E0000204DFD802B070BDA0A600203490002074
:10B6F00070B54E4C4E4EB5210546EBF7DBFA94F88B
:10B70000993194F89A214B3B1A442846622184F8D7
:10B710009A2184F89931EBF7CDFA4FF000032846CF
:10B720000621A4F89931EBF7C5FA94F8993194F809
:10B730009A2106331A442846092184F8993184F85D
:10B740009A21EBF7B7FA94F8993194F89A210933D2
:10B750001A4428460D2184F8993184F89A21EBF790
:10B76000A9FA94F8993194F89A210D331A440021DA
:10B77000284684F8993184F89A21EBF79BFA94F8DB
:10B780009A2194F899312846134484F89A31FFF7A6
:10B79000A3FC40F21F412846FFF782FD2846FFF731
:10B7A0009BFC28460321EBF785FA94F8991194F84D
:10B7B0009A310331C9B20B44284684F89A3184F88F
:10B7C0009911EBF777FA94F89A112846EBF772FA89
:10B7D0002846F7F7F7FFE6F7C1F8002400F57A7579
:10B7E00003E0E6F7BBF885421FD901340120E4B23B
:10B7F000E6F7BAF80A2CF4D13078FCF771FCE6F7DA
:10B80000ADF885424FF001000FD9E6F7ADF8E6F745
:10B81000A5F885424FF0010007D9E6F7A5F8E6F74D
:10B820009DF885424FF00204DFD870BDA0A600202D
:10B830003490002070B55D4C5D4EB5210546EBF7A8
:10B8400039FA94F8993194F89A214B3B1A442846D6
:10B85000622184F89A2184F89931EBF72BFA4FF0A2
:10B86000000328460621A4F89931EBF723FA94F84F
:10B87000993194F89A2106331A442846162184F8FF
:10B88000993184F89A21EBF715FA94F8993194F8E4
:10B890009A2116331A442846082184F8993184F8ED
:10B8A0009A21EBF707FA94F8993194F89A21083322
:10B8B0001A442846002184F8993184F89A21EBF73C
:10B8C000F9F994F89A2194F8993128461344002103
:10B8D00084F89A31EBF7EEF994F89A2194F89931BB
:10B8E00028461344032184F89A31EBF7E3F994F8DE
:10B8F000993194F89A2103210B441A44284684F87C
:10B90000993184F89A21EBF7D5F994F8993194F8A4
:10B910009A2103331A440021284684F8993184F887
:10B920009A21EBF7C7F994F89A2194F899312846AF
:10B93000134484F89A31FFF7CFFB94F89911284605
:10B94000EBF7B8F994F89A112846EBF7B3F92846C3
:10B95000F7F738FFE6F702F8002400F1320503E0BC
:10B96000E5F7FCFF85421FD901340120E4B2E5F779
:10B97000FBFF0A2CF4D13078FCF7B2FBE5F7EEFFC1
:10B9800085424FF001000FD9E5F7EEFFE5F7E6FF3E
:10B9900085424FF0010007D9E5F7E6FFE5F7DEFF46
:10B9A00085424FF00204DFD870BD00BFA0A6002082
:10B9B0003490002070B58B4C8B4EB5210546EBF7CB
:10B9C00079F994F8993194F89A214B3B1A44284616
:10B9D000622184F89A2184F89931EBF76BF94FF0E2
:10B9E000000328460621A4F89931EBF763F994F88F
:10B9F000993194F89A2106331A442846002184F894
:10BA0000993184F89A21EBF755F994F89A2194F832
:10BA1000993128461344142184F89A31EBF74AF9F6
:10BA200094F8993194F89A2114331A442846002145
:10BA300084F8993184F89A21EBF73CF994F89A212B
:10BA400094F8993128461344012184F89A31EBF790
:10BA500031F994F8993194F89A2101331A4428461F
:10BA6000002184F8993184F89A21EBF723F994F8AE
:10BA70009A2194F8993128461344002184F89A3188
:10BA8000EBF718F994F89A2194F899312846134461
:10BA9000002184F89A31EBF70DF994F89A2194F883
:10BAA0009931284613444FF40D6184F89A31FFF719
:10BAB000F7FB28464FF4E131FFF7F2FB2846072158
:10BAC000EBF7F8F894F8993194F89A2107331A446F
:10BAD0002846002184F8993184F89A21EBF7EAF896
:10BAE00094F89A2194F8993128461344012184F856
:10BAF0009A31EBF7DFF894F8993194F89A210133F1
:10BB00001A442846002184F8993184F89A21EBF7E9
:10BB1000D1F894F89A2194F89931284613440021D9
:10BB200084F89A31EBF7C6F894F89A2194F8993191
:10BB300028461344002184F89A31EBF7BBF894F8B7
:10BB40009A2194F8993128461344002184F89A31B7
:10BB5000EBF7B0F894F89A2194F8993128461344F9
:10BB6000002184F89A31EBF7A5F894F8991194F82C
:10BB70009A3128460B4484F89A31EBF79BF894F8F5
:10BB80009A112846EBF796F82846F7F71BFEE5F7DB
:10BB9000E5FE002400F5C87503E0E5F7DFFE854209
:10BBA0001FD901340120E4B2E5F7DEFE0A2CF4D1FE
:10BBB0003078FCF795FAE5F7D1FE85424FF00100A9
:10BBC0000FD9E5F7D1FEE5F7C9FE85424FF0010038
:10BBD00007D9E5F7C9FEE5F7C1FE85424FF002043B
:10BBE000DFD870BDA0A600203490002070B5764C40
:10BBF000764EB5210546EBF75DF894F8993194F847
:10BC00009A214B3B1A442846622184F89A2184F8F1
:10BC10009931EBF74FF84FF0000328460621A4F8BE
:10BC20009931EBF747F894F8993194F89A21063353
:10BC30001A442846072184F8993184F89A21EBF7B1
:10BC400039F894F8993194F89A2107331A44284620
:10BC5000142184F8993184F89A21EBF72BF894F8A1
:10BC6000993194F89A2114331A442846002184F813
:10BC7000993184F89A21EBF71DF894F89A2194F8F9
:10BC8000993153491344284684F89A31FFF708FB49
:10BC900028465049FFF704FB28460021EBF70AF835
:10BCA00094F89A2194F8993128461344012184F894
:10BCB0009A31EAF7FFFF94F8993194F89A21013309
:10BCC0001A442846002184F8993184F89A21EAF729
:10BCD000F1FF94F89A2194F89931284613440021F1
:10BCE00084F89A31EAF7E6FF94F89A2194F89931AA
:10BCF00028461344002184F89A31EAF7DBFF94F8D0
:10BD00009A2194F8993128461344002184F89A31F5
:10BD1000EAF7D0FF94F89A2194F899312846134411
:10BD2000002184F89A31EAF7C5FF94F89A2194F833
:10BD3000993128461344002184F89A31EAF7BAFF72
:10BD400094F89A2194F8993128461344002184F8F4
:10BD50009A31FFF7EFFA94F899112846EAF7AAFF0B
:10BD600094F89A112846EAF7A5FF2846F7F72AFD26
:10BD7000E5F7F4FD002400F1320503E0E5F7EEFD00
:10BD800085421FD901340120E4B2E5F7EDFD0A2C0C
:10BD9000F4D13078FCF7A4F9E5F7E0FD85424FF0E7
:10BDA00001000FD9E5F7E0FDE5F7D8FD85424FF03A
:10BDB000010007D9E5F7D8FDE5F7D0FD85424FF042
:10BDC0000204DFD870BD00BFA0A600203490002080
:10BDD00040420F00A086010070B52A4CB5210546EF
:10BDE000EAF768FF94F8993194F89A214B3B1A448A
:10BDF0002846622184F8993184F89A210026EAF7CE
:10BE000059FF28460A21A4F89961EAF753FF94F8EC
:10BE1000993194F89A210A331A442846042184F867
:10BE2000993184F89A21EAF745FF94F8993194F80A
:10BE30009A2104331A443146284684F8993184F80B
:10BE40009A21EAF737FF94F89A2194F8993131460C
:10BE50001344284684F89A31EAF72CFF94F8991194
:10BE600094F89A3128460B4484F89A31EAF722FF75
:10BE7000284694F89A11EAF71DFF2846BDE870405D
:10BE8000F7F7A0BCA0A600202DE9F04782B08A46B3
:10BE90000546E5F763FDDFF8A081624E624C00279E
:10BEA000814688F80070E5F759FDA0EB0900504580
:10BEB00098F8003033D293BB2846EAF711FEF0B170
:10BEC0002846EAF743FE3378082BF5D8DFE803F07D
:10BED0009A94867A6B53382F050094F89821534929
:10BEE000121A0B7AB2FA82F20020520962F304139A
:10BEF000307028460B72EAF7F3FD0028E0D10137D5
:10BF0000FFB20A2F00F087800120E5F72DFDE5F74D
:10BF100025FDA0EB0900504598F80030CBD3A3F1E4
:10BF20000100B0FA80F0400902B0BDE8F08794F853
:10BF300097311B1AB3FA83F35B09DB003370BBE75D
:10BF4000B4F801303A4AD054B4F80130B4F80510CE
:10BF500001339AB29142A4F8013004BF0723337031
:10BF600094F8973194F8982103441A4484F897314F
:10BF700084F89821A0E7B4F8052094F8973194F854
:10BF80009811034402EB0022194490B2A4F8052052
:10BF900084F8973184F89811D0B300230622637097
:10BFA000A370327088E794F8973194F89821A4F838
:10BFB000050003441A44052184F8973184F8982138
:10BFC000317079E74FF0000360F3070360F30F234C
:10BFD0000222E070A4F8973132706DE794F897313F
:10BFE00094F89821207103441A44042184F897316D
:10BFF00084F8982131705FE7622814BF002303237F
:10C00000337059E7B5287FF457AF0123337053E7F6
:10C010000723337050E7074A01901078FCF760F867
:10C02000019F71E778A90020A0A60020AC7D002028
:10C03000A7A600203490002040A800202DE9F04F52
:10C04000DFF8C0E16C4C6D4F6D4E05468B46BEE887
:10C050000F0087B0EC46ACE80F009EE803004FF0FD
:10C06000000A8CE8030004F805A0E84607F1180967
:10C0700057F8041B2846F0F7DBFCE5F76FFC0024BB
:10C0800000F1320A03E0E5F769FC82451FD901346B
:10C090000120E4B2E5F768FC0A2CF4D13078FCF713
:10C0A0001FF8E5F75BFC82454FF001000FD9E5F77B
:10C0B0005BFCE5F753FC82454FF0010007D9E5F73B
:10C0C00053FCE5F74BFC82454FF00204DFD858F8EB
:10C0D000044B217831B12846EAF7ECFD14F8011F32
:10C0E0000029F8D1E5F73AFC002400F1640A03E0E6
:10C0F000E5F734FC82451FD901340120E4B2E5F7AD
:10C1000033FC0A2CF4D13078FBF7EAFFE5F726FC84
:10C1100082454FF001000FD9E5F726FCE5F71EFC3C
:10C1200082454FF0010007D9E5F71EFCE5F716FC44
:10C1300082454FF00204DFD84F4599D1E5F70EFC58
:10C140002F4F00F1C806002403E0E5F707FC864204
:10C150001FD901340120E4B2E5F706FC0A2CF4D122
:10C160003878FBF7BDFFE5F7F9FBB0424FF001006F
:10C170000FD2E5F7F9FBE5F7F1FB86424FF001003E
:10C1800007D9E5F7F1FBE5F7E9FB86424FF002043A
:10C19000DFD828465946F0F74BFCE5F7DFFB184E91
:10C1A00000F16405002403E0E5F7D8FB85421FD9C0
:10C1B00001340120E4B2E5F7D7FB0A2CF4D1307842
:10C1C000FBF78EFFE5F7CAFBA8424FF001000FD244
:10C1D000E5F7CAFBE5F7C2FB85424FF0010007D93E
:10C1E000E5F7C2FBE5F7BAFB85424FF00204DFD862
:10C1F00007B0BDE8F08F00BF24440020F08803089A
:10C20000349000205C5B030830B59B4DEB78013B1C
:10C2100083B00C2B0CD8DFE803F0540B0B0B470B4F
:10C220000B0B0B070B0B39002B79042B00F0B6809E
:10C23000924C94ED267AD4ED276A914BF7EE007A72
:10C24000B4EEE77A9A79F1EE10FA94BF0121002159
:10C2500061F304129A71F4EEE76A5A7AF1EE10FA79
:10C2600094BF0121002161F3C7125A72E5F7B2FAB7
:10C27000DCF772FC9FED837A07EE900A67EE877A0F
:10C28000FCEEE77AC4ED327A03B030BD2B797B4CFB
:10C29000012B08BFD5F8073094ED267AD4ED276A34
:10C2A00008BFC4F8BC30C8E7744C2B7994ED267AEB
:10C2B000D4ED276A002B6DD0012BBED1724A1370CA
:10C2C000BBE72B79023B302BB2D801A252F823F006
:10C2D0003DC8020855C7020871C7020831C20208EA
:10C2E00041C4020895C4020831C2020831C20208E2
:10C2F00031C2020831C2020831C2020831C202084A
:10C3000031C2020831C2020831C2020831C2020839
:10C3100025C6020831C2020831C2020831C2020831
:10C3200031C2020831C2020831C2020831C2020819
:10C3300031C2020831C2020831C2020831C2020809
:10C3400031C2020831C2020831C2020825C7020800
:10C3500031C2020831C2020831C2020831C20208E9
:10C3600031C2020831C2020831C2020831C20208D9
:10C3700031C2020831C2020831C2020831C20208C9
:10C3800031C2020831C2020831C2020831C20208B9
:10C390000DC802083C4B02221A704EE7DFF8F0E0AD
:10C3A000364CD5F80700DEF80410DEF80820DEF879
:10C3B0000C30A446ACE80F00DEF81000DEF81820C0
:10C3C000DEF81410BEF81C30ACE807000EF11E00B9
:10C3D000ACF8003008F0C0FF95F825202062002A54
:10C3E00000F0F182A2F13003DBB2092B00F2AB8244
:10C3F000302A00F0008395F82620D2B1303AD2B22C
:10C40000092A12D995F827209AB1303AD2B2092ACE
:10C410000BD995F8281061B1A1F13002D2B2092AE6
:10C4200000F24D82002B00F0468203EB830302EB07
:10C43000430394ED267AD4ED276A84F82C31FCE688
:10C440000E4C6B7C94F83220DFED107AD4ED276A25
:10C450009A4238BF84F83230D5F82F3007EE103AC0
:10C46000B8EE477A95F8363084F8313027EE277ADF
:10C4700084ED267AE1E600BFA0A6002048A80020AF
:10C48000AC7D0020BD37863540A800200AD7233C6C
:10C49000A7A60020D5F82F30D5F82B10EA7AE04C6B
:10C4A000DFEDE07A06EE103AD5F8333007EE101AD9
:10C4B000297B06EE903AD5F8373042EA0122A97C72
:10C4C00000EE903AD5F80730628500394FF47A7063
:10C4D00018BF012100FB03F384F82810D5F80D00E4
:10C4E00063632364E97E6B7CE062B8EE466AF8EE33
:10C4F000666AF8EEE00AB8EEC77A84F8321084F87B
:10C500003030D5F81F20D5F82330A97FC4F8E820B3
:10C5100060EEA70A27EE277A26EE276A66EEA76A5C
:10C520006267002284ED1F6A84F83110C4ED380A76
:10C53000C4F8D030236784ED127A84ED1E7AC4EDFE
:10C54000206A6264C4ED210AD5F83B20B64B94ED15
:10C55000390A93ED001A06EE902AD5F83F20CDED6A
:10C56000017A07EE102AF8EEE66AB8EEC77A66EEB0
:10C57000A76A27EE277AC4ED3E6AC4ED226A84EDED
:10C58000447A84ED237ADEF76BFAA74BD4ED3E0AAA
:10C5900093ED001AB0EE407A94ED3F0A84ED397ABB
:10C5A000DEF75EFAA04BD4ED440A93ED001AB0EE2C
:10C5B000407A94ED450A84ED3F7ADEF751FAD5F8DA
:10C5C00047309FED9A5ADDED017ADFED994A06EE8C
:10C5D000103AD5F8433005EE903AD5F84B3007EED7
:10C5E000103AD5F84F3084ED450AB8EEC66A06EE2B
:10C5F000903AF8EEE55A26EE056AB8EE477AF8EE7C
:10C60000666A65EEA75A26EE246A27EE277A66EE5A
:10C61000856AC4ED245A84ED256A84ED267AC4ED3A
:10C62000276A0AE6D5F80B30DFED825A7C4C00EE23
:10C63000903AD5F80F3094ED390A07EE103AD5F854
:10C640001330CDED015A07EE903AF8EEE00AB8EE5D
:10C65000C77AF8EEE77A744BD5F8072093ED001A05
:10C66000626360EEA50A27EE257A67EEA57A84ED6F
:10C670003E7A84ED227AC4ED380AC4ED210AC4ED75
:10C68000447AC4ED237ADEF7EBF9674BD4ED3E0A2A
:10C6900093ED001AF0EE407A94ED3F0AC4ED397A3A
:10C6A000DEF7DEF9604BD4ED440A93ED001AF0EEAC
:10C6B000407A94ED450AC4ED3F7ADEF7D1F9D5F81A
:10C6C0001F309FED5A5ADDED015ADFED594A07EE52
:10C6D000903AD5F81B3006EE103AD5F8233007EE25
:10C6E000103AD5F8273084ED450AF8EEE77A06EEE1
:10C6F000903AB8EE466A67EE857AB8EE477AF8EE79
:10C70000666A26EE256A67EEA47A27EE257A66EE3B
:10C71000856A84ED246AC4ED257A84ED267AC4ED19
:10C72000276A8AE5AB7E5B077FF582AD287DEB7CCF
:10C730003B4C414AB5F81510A18543EA002301217D
:10C74000107863852122FEF7F9FC94ED267AD4ED6A
:10C75000276A72E5324CEB7A94F8322094ED267A0F
:10C76000D4ED276A9A42BFF468AD84F8323064E5AC
:10C77000B5F80D30DFED2F7A294C03EE903AB5F87D
:10C780001330D4ED276A04EE103AB5F8113004EEF8
:10C79000903AB5F80F3005EE103AB5F8153005EEC1
:10C7A000903AB5F8173006EE103AB5F80B3007EEB0
:10C7B000103AF8EEE33AB8EEC77AB8EEC44AF8EEAB
:10C7C000E44AB8EEC55AF8EEE55AB8EEC66A63EE2A
:10C7D000A73A24EE274A64EEA74A25EE275A65EECB
:10C7E000A75A26EE276A67EE277AC4ED283A94ED19
:10C7F000267A84ED294AC4ED2A4A84ED2B5AC4EDE9
:10C800002C5A84ED2D6AC4ED2E7A16E5044CD5F829
:10C81000073094ED267AD4ED276AE3660DE500BF74
:10C8200048A800206F12833A3CA80020ACC52737E7
:10C8300035FA8E3C0AD7233C3C900020D5F81B30BB
:10C84000A04CD5F80F209FEDA05A94ED267AD4ED98
:10C85000276A05EE903AD5F81F3006EE103AD5F863
:10C8600007304FF47A7101FB03F363632364D5F857
:10C87000173007EE903AF8EE655AB8EE466AF8EED1
:10C88000E77A65EE855A67EE857A26EE056AD5F871
:10C890000B30C4F8E83000216164C4F8D02022676E
:10C8A0006367C4ED127AC4ED1E7AC4ED1F5A84ED9D
:10C8B000206AC2E41946302900F0C180134695F879
:10C8C000291000293FF4B5ADA1F13002D2B2092AF6
:10C8D00006D8002B7FF4A9AD302900F0C68013469E
:10C8E00095F82A1000293FF4A4ADA1F13002D2B28C
:10C8F000092A05D8002B7FF498AD302965D013465E
:10C9000095F82B1000293FF494ADA1F13002D2B27A
:10C91000092A05D8002B7FF488AD30295FD0134653
:10C9200095F82C1000293FF484ADA1F13002D2B269
:10C93000092A3FF67EAD002B7FF477AD302914BF76
:10C940001346002375E595F82620002A3BD0A2F176
:10C950003003DBB2092B12D8302A59D095F82720A2
:10C96000002A3FF466ADA2F13001C9B209293FF6B1
:10C9700050AD73B103EB830301EB430359E595F825
:10C98000272002B3A2F13003DBB2092B02D9002326
:10C990003FE50B46302A7FF43CAD95F82830002B5C
:10C9A0003FF447ADA3F13002D2B2092A82D995F8FB
:10C9B0002930002B3FF43DADA3F13002D2B2092A59
:10C9C00079D900238CE7134633E595F82B30002BFB
:10C9D0003FF42FADA3F13002D2B2092A5BD995F80A
:10C9E0002C30002B3FF425ADA3F13002D2B2092A3E
:10C9F00065D900231DE595F82630002B3FF419ADCD
:10CA0000A3F13001C9B2092947D81A460B46A3E75A
:10CA100095F82730002B3FF40CADA3F13001C9B2DB
:10CA2000092945D995F82830002B3FF402ADA3F130
:10CA30003002D2B2092A7FF63DAF00233FE795F8D6
:10CA40002930002B3FF4F5ACA3F13002D2B2092A11
:10CA500031D995F82A30002B3FF4EBACA3F130022A
:10CA6000D2B2092A29D900234AE795F82A30002BA7
:10CA70003FF4DFACA3F13002D2B2092A1DD995F8F8
:10CA80002B30002B3FF4D5ACA3F13002D2B2092AEF
:10CA900001D9002344E719463FE795F82730002BDA
:10CAA0003FF4C7ACA3F13001C9B209293FF66FAF1B
:10CAB0001A460B466EE719460EE719461DE719465A
:10CAC0003CE700BF48A800206F12833A0000000036
:10CAD00008B5DBF7E7FB04A3D3E90023DBF74CFC45
:10CAE00041EC100B08BD00BF0E4685C758CC863FF1
:10CAF00008B551EC100B04A3D3E90023DBF766FD66
:10CB0000DBF7EAFE08BD00BF0E4685C758CC863F5E
:10CB10004E4A1378082B17D8DFE803F0171C223190
:10CB200040506C8B05004A49DFF828C191F89811F4
:10CB30009CF80830091AB1FA81F14909002061F323
:10CB4000041310708CF808307047B528FCD101230D
:10CB500013707047622814BF0023032313707047BB
:10CB60003B4B93F8971193F898C1187101448C448A
:10CB700083F89711042183F898C1117070474FF022
:10CB80000003334960F3070360F30F234FF0020CF7
:10CB9000C870A1F8973182F800C070472C4B93F809
:10CBA000971193F898C1A3F8050001448C4483F8C9
:10CBB0009711052183F898C111707047244BB3F881
:10CBC000051001EB00211FFA81FCA3F8051093F872
:10CBD0009711014493F8980183F89711014483F861
:10CBE0009811BCF1000F2ED00021062059709970C9
:10CBF00010707047164BB3F8011003F1070C0CF8D6
:10CC00000100B3F8011001311FFA81FCA3F80110F3
:10CC1000B3F80510614504BF0721117093F89721FF
:10CC200093F898110244114483F8972183F89811DE
:10CC30007047074B93F897311B1AB3FA83F35B09DC
:10CC4000DB001370704707231370704778A900202A
:10CC5000A0A60020AC7D00202DE9F04F044687B04F
:10CC60000020E9F7E3F9E4F779FE804F00F5FA6672
:10CC7000002503E0E4F772FE86421FD9013501204A
:10CC8000EDB2E4F771FE0A2DF4D13878FBF728FAFB
:10CC9000E4F764FEB0424FF001000FD2E4F764FE07
:10CCA000E4F75CFEB0424FF0010007D2E4F75CFE0F
:10CCB000E4F754FE86424FF00205DFD86C4BD3F800
:10CCC000E632002B40F0B1854FF46133029302222B
:10CCD00001230DEB83034FF4E13199600DF1080856
:10CCE00008EB8203634F644EDFF880A10193D8F80C
:10CCF000009020464946EFF79BFE4FF001033B555D
:10CD000001E0E9F723FF2046E9F7EAFE83462046E3
:10CD1000BBF1000FF5D1326A002A40F0C780FFF75F
:10CD20005BF8E4F71BFE00F5FA7503E0E4F716FE86
:10CD3000A84224D20120E4F717FE0BF101035FFAA9
:10CD400083FBBBF10A0FF1D19AF80000FBF7C8F999
:10CD5000E4F704FEA8424FF0010010D2E4F704FE0D
:10CD6000E4F7FCFDA8424FF0010008D2E4F7FCFD17
:10CD70004FF0020BDAE7E9F7E9FEFFF7C9FE2046BC
:10CD8000E9F7AEFE05462046002DF4D1336A002BAC
:10CD900040F08C80019B08F104089845A7D14FF41E
:10CDA000E131FFF74BF901233B554FF41651204673
:10CDB000EFF73EFEE4F7D2FDDFF8B09000F1320865
:10CDC0002F4603E0E4F7CAFD804520D90137012052
:10CDD000FFB2E4F7C9FD0A2FF4D199F80000FBF780
:10CDE0007FF9E4F7BBFD40454FF001000FD2E4F7B7
:10CDF000BBFDE4F7B3FD80454FF0010007D9E4F730
:10CE0000B3FDE4F7ABFD80454FF00207DED82046C6
:10CE1000FEF7D0FDE4F7A2FDDFF8508000F5FA77C9
:10CE200004E0E4F79BFD874240F2108501350120C4
:10CE3000EDB2E4F799FD0A2DF3D198F80000FBF765
:10CE40004FF9E4F78BFD87424FF0010040F2FE847A
:10CE5000E4F78AFDE4F782FDB8424FF0010080F06C
:10CE6000F584E4F781FD0225DBE700BF3490002064
:10CE7000308100202444002048A800202046E9F703
:10CE800065FEFFF745FE2046E9F72AFE0028F5D1AA
:10CE9000336A013F1D1A18BF012517F0FF0740F044
:10CEA0001885002B00F0FC814FF4E139D14AD2F80B
:10CEB000E6324B4504D0D04BC2F8E69201221A70FC
:10CEC000CE4D05F178076A7815F8021B2046FEF76B
:10CED00035F9AF42F7D1CA4DB5212046E9F7EAFE50
:10CEE00095F8993195F89A214B3B1A4462212046D6
:10CEF00085F89A2185F89931E9F7DCFE4FF00003B7
:10CF000006212046A5F89931E9F7D4FE95F8993124
:10CF100095F89A2106331A442421204685F8993140
:10CF200085F89A21E9F7C6FE95F8993195F89A2186
:10CF300024331A442421204685F8993185F89A2112
:10CF4000E9F7B8FE95F8993195F89A2124331A44F7
:10CF50000021204685F8993185F89A21E9F7AAFE43
:10CF600095F89A2195F899312046134485F89A311D
:10CF7000FEF7B2F802212046E9F79CFE95F89931B8
:10CF800095F89A2102331A440321204685F89931F5
:10CF900085F89A21E9F78EFE95F8993195F89A214E
:10CFA00003331A44204685F8993185F89A21FEF713
:10CFB00093F82046FEF790F80A212046E9F77AFE1A
:10CFC00095F8993195F89A210A331A4400212046A0
:10CFD00085F8993185F89A21E9F76CFE95F89A2140
:10CFE00095F8993100211344204685F89A31E9F7E4
:10CFF00061FE95F89A2195F8993100211344204655
:10D0000085F89A31E9F756FE95F89A2195F8993105
:10D0100000211344204685F89A31E9F74BFE95F834
:10D020009A2195F8993100211344204685F89A31C8
:10D03000E9F740FE95F89A2195F8993100211344BB
:10D04000204685F89A31E9F735FE95F89A2195F84A
:10D05000993100211344204685F89A31E9F72AFED8
:10D0600095F89A2195F8993100211344204685F8C6
:10D070009A31E9F71FFE95F89A2195F89931002128
:10D080001344204685F89A31E9F714FE95F89A2161
:10D0900095F8993100211344204685F89A31E9F733
:10D0A00009FE95F89A2195F89931002113442046FC
:10D0B00085F89A31E9F7FEFD95F89A2195F89931AE
:10D0C00000211344204685F89A31E9F7F3FD95F8DD
:10D0D0009A2195F8993100211344204685F89A3118
:10D0E000E9F7E8FD95F89A2195F899310021134464
:10D0F000204685F89A31E9F7DDFD95F89A2195F8F3
:10D10000993100211344204685F89A31E9F7D2FD80
:10D1100095F89A2195F8993100211344204685F815
:10D120009A31E9F7C7FD95F89A2195F899310021D0
:10D130001344204685F89A31E9F7BCFD95F89A2109
:10D1400095F8993100211344204685F89A31E9F782
:10D15000B1FD95F89A2195F89931002113442046A4
:10D1600085F89A31E9F7A6FD95F89A2195F8993155
:10D1700000211344204685F89A31E9F79BFD95F884
:10D180009A2195F8993100211344204685F89A3167
:10D19000E9F790FD95F8991195F89A3120460B44DE
:10D1A00085F89A31E9F786FD95F89A112046E9F756
:10D1B00081FD2046F6F706FB4FF4FA712046FEF794
:10D1C00063FE2046FEF712FD4FF4FA712046FEF78B
:10D1D0005BFE2046FEF72EFB4FF4FA712046FEF769
:10D1E00053FE96F82C21082A0ED8336A05498B4243
:10D1F00068D909E030810020288100207888030860
:10D20000A0A600202FE60200022201212046FDF701
:10D2100095FFC8212046FEF737FE03220121204654
:10D22000FDF78CFFC8212046FEF72EFE12220121B9
:10D230002046FDF783FFC8212046FEF725FE212268
:10D2400001212046FDF77AFFC8212046FEF71CFE8B
:10D250000123194607222046FEF7B6F8C8212046CA
:10D26000FEF712FE352201212046FDF767FFC82197
:10D270002046FEF709FE432201212046FDF75EFF0E
:10D28000C8212046FEF700FE64212046FEF754F92F
:10D290004FF4FA712046FEF7F7FD2046FEF728FA14
:10D2A000064A0749137A716223F0100300201372B3
:10D2B00007B0BDE8F04FE8F7CBBE00BFAC7D002063
:10D2C0000060EA47082A07D0024A934240F23083BE
:10D2D00002E000BF7F380100022220460121FDF755
:10D2E0002DFFC8212046FEF7CFFD03222046012155
:10D2F000FDF724FFC8212046FEF7C6FD012319468D
:10D3000006222046FEF760F8C8212046FEF7BCFD45
:10D31000122220460121FDF711FFC8212046FEF709
:10D32000B3FD212220460121FDF708FFC821204638
:10D33000FEF7AAFD0123194607222046FEF744F80E
:10D34000C8212046FEF7A0FD302220460121FDF72E
:10D35000F5FEC8212046FEF797FD20466421FEF722
:10D36000EBF84FF4FA712046FEF78EFD2046B5210A
:10D37000E9F7A0FC95F8993195F89A214B3B1A44AE
:10D380002046622185F89A2185F89931E9F792FCC7
:10D390004FF0000320460621A5F89931E9F78AFCF1
:10D3A00095F8993195F89A2106331A4420463E2182
:10D3B00085F8993185F89A21E9F77CFC95F899313F
:10D3C00095F89A213E331A4420462C2185F899314C
:10D3D00085F89A21E9F76EFC95F8993195F89A212C
:10D3E0002C331A442046002185F8993185F89A217A
:10D3F000E9F760FC95F89A2195F899312046134495
:10D40000002185F89A31E9F755FC95F89A2195F8AD
:10D41000993120461344022185F89A31E9F74AFCF4
:10D4200095F8993195F89A2102331A442046022141
:10D4300085F8993185F89A21E9F73CFC95F89931FE
:10D4400095F89A2102331A442046002185F8993133
:10D4500085F89A21E9F72EFC95F89A2195F89931EB
:10D4600020461344002185F89A31E9F723FC95F80A
:10D470009A2195F8993120461344082185F89A316C
:10D48000E9F718FC95F8993195F89A2108331A4470
:10D490002046102185F8993185F89A21E9F70AFC90
:10D4A00095F8993195F89A2110331A4420460121B4
:10D4B00085F8993185F89A21E9F7FCFB95F89931BF
:10D4C00095F89A2101331A442046002185F89931B4
:10D4D00085F89A21E9F7EEFB95F89A2195F89931AC
:10D4E00020461344002185F89A31E9F7E3FB95F8CB
:10D4F0009A2195F8993120461344012185F89A31F3
:10D50000E9F7D8FB95F8993195F89A2101331A4437
:10D510002046032185F8993185F89A21E9F7CAFB5D
:10D5200095F8993195F89A2103331A442046082139
:10D5300085F8993185F89A21E9F7BCFB95F899317E
:10D5400095F89A2108331A442046012185F899312B
:10D5500085F89A21E9F7AEFB95F8993195F89A216B
:10D5600001331A442046002185F8993185F89A2123
:10D57000E9F7A0FB95F89A2195F8993120461344D4
:10D58000002185F89A31E9F795FB95F89A2195F8ED
:10D59000993120461344022185F89A31E9F78AFB34
:10D5A00095F8993195F89A2102331A4420460421BE
:10D5B00085F8993185F89A21E9F77CFB95F899313E
:10D5C00095F89A2104331A442046082185F89931A8
:10D5D00085F89A21E9F76EFB95F8993195F89A212B
:10D5E00008331A442046012185F8993185F89A219B
:10D5F000E9F760FB95F8993195F89A2101331A44BF
:10D600002046002185F8993185F89A21E9F752FBE7
:10D6100095F89A2195F8993120461344002185F810
:10D620009A31E9F747FB95F89A2195F89931204608
:10D630001344032185F89A31E9F73CFB95F89931B9
:10D6400095F89A2103331A442046042185F899312C
:10D6500085F89A21E9F72EFB95F8993195F89A21EA
:10D6600004331A442046082185F8993185F89A2117
:10D67000E9F720FB95F8993195F89A2108331A4477
:10D680002046012185F8993185F89A21E9F712FBA6
:10D6900095F8993195F89A2101331A4420460021D2
:10D6A00085F8993185F89A21E9F704FB95F89A21D4
:10D6B00095F8993120461344002185F89A31E9F70D
:10D6C000F9FA95F89A2195F89931204613440421E6
:10D6D00085F89A31E9F7EEFA95F8993195F89A219B
:10D6E00004331A442046012185F8993185F89A219E
:10D6F000E9F7E0FA95F8993195F89A2101331A443F
:10D700002046042185F8993185F89A21E9F7D2FA63
:10D7100095F8993195F89A2104331A44204601214D
:10D7200085F8993185F89A21E9F7C4FA95F8993185
:10D7300095F89A2101331A442046002185F8993141
:10D7400085F89A21E9F7B6FA95F89A2195F8993172
:10D7500020461344002185F89A31E9F7ABFA95F891
:10D760009A2195F8993120461344062185F89A317B
:10D77000E9F7A0FA95F8993195F89A2106331A44F9
:10D780002046082185F8993185F89A21E9F792FA1F
:10D7900095F8993195F89A2108331A4420461021BA
:10D7A00085F8993185F89A21E9F784FA95F8993145
:10D7B00095F89A2110331A442046012185F89931B1
:10D7C00085F89A21E9F776FA95F8993195F89A2132
:10D7D00001331A442046002185F8993185F89A21B1
:10D7E000E9F768FA95F89A2195F89931204613449B
:10D7F000002185F89A31E9F75DFA95F8991195F8C5
:10D800009A3120460B4485F89A31E9F753FA95F896
:10D810009A112046E9F74EFA2046F5F7D3FF4FF468
:10D82000FA712046FEF730FB37E5B3F5613F02930E
:10D830003FF44DAA4FF46132B3F5E13F039240F05B
:10D84000BD800222FFF74ABAE9F780F92046E9F7DE
:10D8500047F905462046002DF6D14FF4E131EFF7A8
:10D86000E7F8E4F77BF8DFF85C8100F1640703E098
:10D87000E4F774F887421FD901350120EDB2E4F7CF
:10D8800073F80A2DF4D198F80000FAF729FCE4F7B0
:10D8900065F887424FF001000ED9E4F765F8E4F728
:10D8A0005DF887424FF0010006D9E4F75DF80225E4
:10D8B000DEE72046E9F74AF92046E9F711F90028A2
:10D8C000F7D1356ADFF8FC802D1A4FF0030718BF37
:10D8D0000125002D7FF4E8AA2046FEF77DFAE4F743
:10D8E0003DF800F5FA7904E0E4F738F881457FF671
:10D8F000CAAA01350120EDB2E4F736F80A2DF3D1BA
:10D9000098F80000FAF7ECFBE4F728F848454FF0E8
:10D910000100BFF4B8AAE4F727F8E4F71FF881453F
:10D920004FF001007FF6AFAAE4F71EF80225DBE70F
:10D930000123194602222046FDF746FDC821204654
:10D94000FEF7A2FA0123194603222046FDF73CFD0B
:10D95000C8212046FEF798FA0123194606222046E0
:10D96000FDF732FDC8212046FEF78EFA0123194645
:10D9700012222046FDF728FDC8212046FEF784FA32
:10D980000A23212201212046FDF71EFDC821204641
:10D99000FEF77AFA072201212046FDF7CFFBC821C6
:10D9A0002046FEF771FA302201212046FDF7C6FB22
:10D9B000C8212046FEF768FAC82166E40322022344
:10D9C000FFF787B93490002070B52DED028B704CB5
:10D9D000022084B0E8F72AFB94F832106D4B94F8DB
:10D9E00031001A7894ED1F7AA1F10301B1FA81F1A7
:10D9F000490961F386121A701A781978C2F38012F5
:10DA0000052894BF002202F0010262F3861119700A
:10DA10001A781978F1EE047AB4EEE77AF1EE10FA9A
:10DA2000C2F3801202F0010288BF002262F3861165
:10DA3000197094ED207A1A781978B4EEE77AF1EE3D
:10DA400010FAC2F3801202F0010288BF002262F3D2
:10DA50008611197094ED267A1A781978F7EE007A03
:10DA6000B4EEE77AF1EE10FAC2F3801202F001028E
:10DA700088BF002262F38611197094ED287A1A7813
:10DA80001978F0EE007AB4EEE77AF1EE10FAC2F30C
:10DA9000801202F0010258BF002262F38611197051
:10DAA0001978DA79C1F3801161F3C302DA711B7856
:10DAB0005B0603D404B0BDEC028B70BD04F14000E2
:10DAC000E3F75CFF344B84ED4A0A19680D20E3F755
:10DAD000B5FF94ED348A9FED317A9FED310AF8EE6F
:10DAE000C87A67EE877A27EE800A03F04FFC10EEC3
:10DAF000100ADAF7E9FB02460B4643EC172B054602
:10DB000084ED147B18EE100A0E46DAF7CBFB1EA349
:10DB1000D3E90023DAF730FCC4E93601CDE902018C
:10DB2000D4F8E800DAF7BEFB17A3D3E90023DAF74D
:10DB300023FC2A463346DAF71FFCC4E93C01CDE951
:10DB40000001D4F80001DAF7ADFB0FA3D3E90023FD
:10DB5000DAF712FC9DED001B9DED020BD4ED263A89
:10DB600094ED1F3AD4ED3E2A94ED382AC4E94201DF
:10DB700000F0BAFA04B0BDEC028BBDE87040E1F7EA
:10DB800095B800BFAFF300800E4685C758CC863FDE
:10DB900048A80020AC7D002044A8002095BFD633C3
:10DBA00035FA8E3C70B5694CE37819071FD4E379D8
:10DBB0009A0716D5664D674E2878E8F791FF60B151
:10DBC0002878E8F7C3FF3378082BF5D8DFE803F0AF
:10DBD000908A7B6E5E44281E1000237ADB0600F1DB
:10DBE000AC800D20E3F780FF002840F0878070BDF7
:10DBF00000233370584B93F898311A1AB2FA82F214
:10DC0000237A520962F304132372D5E7524B93F837
:10DC100097311B1AB3FA83F35B09DB003370CBE750
:10DC20004D4BB3F80120D91D8854B3F80120B3F847
:10DC300005100132A3F8012092B2914204BF0722DD
:10DC4000327093F8972193F89811024483F8972142
:10DC50000A4483F89821AFE73F4BB3F8052093F8C7
:10DC6000971102EB0022014493F89801A3F80520D4
:10DC700083F8971192B2014483F89811002A59D081
:10DC800000225A709A700623337095E7324A92F850
:10DC9000973192F89811A2F80500034482F8973161
:10DCA0000B4482F898310523337085E74FF0000369
:10DCB000294A60F3070360F30F23A2F89731022388
:10DCC000D070337078E7244A92F8973192F898111F
:10DCD0001071034482F897310B4482F89831042381
:10DCE000337069E7622814BF00230323337063E7AE
:10DCF000B5287FF461AF012333705DE7174B0D202A
:10DD00001968E3F79BFEE1F745F9237A23F08003D6
:10DD10002372E37923F00803E371A37923F010035E
:10DD2000A371237823F0400323700220BDE87040E4
:10DD3000E8F78EB9072333703EE7237A60F30413C4
:10DD40002372FEF761FAFFF73FFE4AE7AC7D002041
:10DD50003C90002078A90020A0A6002044A8002024
:10DD600010B5254A254C1178E379254A61F3410322
:10DD70001078E3710C21F6F72BF9237A2149224A16
:10DD8000C1F8282123F010032372237823F04003E5
:10DD90002370E37823F01003E370237823F08003EB
:10DDA000237000F03FF84FF498720021154807F0F7
:10DDB000CBFBDFED160AB7EE000ADCF741FEE37895
:10DDC00013491448144A81ED000A4FF4FA64002103
:10DDD0001B070460117000D510BD104C4FF4E131E9
:10DDE0002078EEF725FE20680D4B01221A54C0B2B0
:10DDF000BDE81040FEF730BF738E0020AC7D0020E0
:10DE00003490002048A80020CDCC4C3E00000000FB
:10DE10003CA8002044A8002078A900203C900020C5
:10DE200024440020154A002310B4154C136053609D
:10DE3000144A00200021C4E90001C4E90201C2E93A
:10DE40000001C2E90201104C1048114913614FF062
:10DE5000000C82F818C053614FF07E5223600360BB
:10DE60000C4C43600A600C484A600C492260036015
:10DE700010BC0A6043604A60704700BFACA9002034
:10DE8000B8A90020C8A9002088A90020A4A90020C2
:10DE90009CA900202C02002094A900208CA900201D
:10DEA000F0B52DED048B834C237E87B01BB907B0F2
:10DEB000BDEC048BF0BD60EEA07A7F4B9FED7F5AE6
:10DEC000D3ED005A7E4ADFED7F4A92ED004AE0EE44
:10DED000007A61EE016AB1EEE76A61EE263AB6EECB
:10DEE000007A23EE877A36EE656AB0EE479A26EE20
:10DEF000067AE6EE055A27EE057ADFED737AC3ED72
:10DF0000005AA4EE247A66EEA62AB5EE003A22EE76
:10DF1000833AB4EEE77AF1EE10FAF0EE438A40F17C
:10DF200084806A4D6A4E6B4BC2ED007A95ED006AB3
:10DF3000694A96ED007A1B7892ED004A674A71EEC5
:10DF4000013A013BA6EE237ADBB2012B92ED005A97
:10DF5000634AA6EE857A1F46A1EE056A61EE044A81
:10DF6000D2ED005A6BD974EEA55A86ED007AC2ED57
:10DF7000005A85ED006A15EE900ACDED043A8DED5C
:10DF8000034ACDED026A8DED011ACDED057AB0EEB2
:10DF9000608ADAF799F90B4652490246D1E9000145
:10DFA000DAF734F895ED016A96ED017ADDED043A81
:10DFB0004A4B494AD3ED014A9DED034A9DED011AB2
:10DFC00092ED015ADDED026A84ED044AA3EE867AF1
:10DFD000C4E900014249012FA1EE246AA6EEA47A09
:10DFE000D1ED015A21EE054A47D975EE847A3C4BB2
:10DFF00086ED017AC3ED017A85ED016A17EE900A8C
:10E000008DED015ADAF760F90B4636490246D1E93F
:10E010000201D9F7FBFF9DED015AC4E9020184ED2D
:10E02000055A07B0BDEC048BF0BDF2EE047AB4EEF5
:10E03000E77AF1EE10FAD8BFF0EE477A71E7B6EE64
:10E04000003A20EE033AA0EE014A234BE6EE834A63
:10E0500083ED004AA8EEA77A214BA9EE276AA6EE27
:10E06000A75A74EEA55A86ED007AC3ED005A1B4BF1
:10E0700085ED006A83ED005A7DE7F6EE003A68EE22
:10E08000233ADDED057AA3EEA64AA8EEA77AA9EE1B
:10E09000276AE6EEA74AA8EE015A74EE257A82EDC9
:10E0A000015A86ED017A85ED016AC1ED017AC3ED71
:10E0B000014AA3E7C8A9002088A900200AD7233C69
:10E0C0002C020020A4707D3FCDCCCC3D94A9002033
:10E0D0009CA90020758E0020A4A900208CA90020F6
:10E0E000ACA90020B8A900202DE9F0472DED048B44
:10E0F000B0EE418AF0EE618A204C8CB08DED020BBF
:10E100008DED043ACDED013AF0EE429AB0EE629A0E
:10E11000E3F760FB237EDDED013A9DED043A9DEDD2
:10E12000020B002B3AD1164B18601648164D596059
:10E1300000224260026015481549C0ED009A4FF078
:10E140007E5380ED019A13484B600B6084ED000B09
:10E150001149426085ED000B85ED028B84ED028B49
:10E16000026001224B600B60C4ED049A84ED059AB5
:10E1700022760CB0BDEC048BBDE8F087C8A9002066
:10E1800080A90020ACA90020B8A90020A4A90020E3
:10E190009CA9002094A900208CA90020EC4BED4FF5
:10E1A0001A685D68821A61EB050500269742AE4148
:10E1B000BAD323EE033A9FEDE87AB4EEC73AF1EE14
:10E1C00010FAC3E9000140F1B88163EEA33A9FED74
:10E1D000E25AF4EEC53AF1EE10FA40F1A481DF4EB6
:10E1E000DF4FE04DD6ED006AD7ED003A95ED006ABD
:10E1F000DFEDDD7A66EEE64A77EE235A75EE062A03
:10E20000B0EE644AA5EEA24AB4EEE74AF1EE10FA87
:10E2100040F2C080D54B8DED027A93ED007BD44A5D
:10E220008DED045A5AEC179B92ED002A8DED054AAC
:10E2300051EC100B534690464A468DED012ACDED28
:10E24000065ACDED072ACDED084ACDED096A8DEDD0
:10E250000A6ACDED0B3AD9F7D7FEDAF765FB9DEDEB
:10E26000012A9DED045A9DED027A9DED054ADDEDF2
:10E27000065ADDED072ADDED084ADDED096A9DED60
:10E280000A6ADDED0B3A07EE900A77EEC27ABAEE33
:10E29000043AF4EEC37AF1EE10FA40F18381B54B03
:10E2A000D3ED001A79EEE19AF9EE047AF4EEE79AEA
:10E2B000F1EE10FA40F16281B0EE641AA5EE861A12
:10E2C00065EEA65AE3EEA24AE3EEE65A84EE840A2D
:10E2D000C1EE049AC5EE844A66EE665AB6EE001A9E
:10E2E000E6EEA25AF7EE002AC5EE840A72EEE95A6B
:10E2F00069EEA79A64EEA77AE0EE839AE0EE037ADD
:10E3000026EEE43A77EE827A72EEC02A17EE900A91
:10E3100066EE644AC8ED007A65EEA67A25EE866A56
:10E32000F0EE435AE2EEA35AE2EEA64AE0EEE37ABA
:10E33000A0EEE66A9FED8C4A8DED047AB4EEE54AD4
:10E3400077EEA47AF1EE10FAB4EEC64AC8BFF0EE4A
:10E35000445A79EEA19A67EE817AF1EE10FAD8BFAD
:10E36000B0EE464AC3ED009AC7ED005AC6ED007AFA
:10E3700085ED004A8DED015AD9F7A6FF4A4653466E
:10E38000D9F744FEC4E900019DED015A9DED047AE0
:10E39000C4ED049AD6ED016AD7ED014A95ED016A04
:10E3A000DFED717A26EEE64A34EE877A76EE059A4C
:10E3B000F0EE445AE7EE295AF4EEE75AF1EE10FA7D
:10E3C0007FF6D7AE6A4A694B92ED013ACDED045A19
:10E3D0008DED013A93ED023B5AEC139B51EC180B77
:10E3E000534690464A468DED027A8DED054ACDEDB5
:10E3F000066A8DED076ACDED084AD9F705FEDAF712
:10E4000093FA9DED013ADDED045A9DED027A9DED02
:10E41000054ADDED066A9DED076ADDED084A07EE67
:10E42000900A77EEC37ABAEE045AF4EEC57AF1EEAA
:10E4300010FA40F1C1804F4BD3ED013A39EE639AA7
:10E44000F9EE047AB4EEE79AF1EE10FA40F1A0800A
:10E45000F0EE441AE6EE071A27EE267AA4EEA94A51
:10E46000A4EEE67A26EEC62AC1EEA52AA6EEA92AD1
:10E47000C4EE250A87EE251AC2EE251AB7EE004A29
:10E4800027EEA28A74EE622A61EE665A34EE604A82
:10E4900021EE467A22EEA62AE4EE845A26EE226A7D
:10E4A000A4EE267AB0EE424AA1EEE44A67EE817A03
:10E4B000A1EEE66AE5EE207AA5EE218ADFED2A6A72
:10E4C00037EE047AF4EEE56AB6EE005AF1EE10FA91
:10E4D000F4EEC66AC8BFF0EE665A77EE837A38EE7D
:10E4E000238A27EE057AF1EE10FAD8BFF0EE466ADD
:10E4F00017EE900AC8ED017AC7ED015A83ED018A43
:10E5000086ED017AC5ED016AD9F7DEFE4A4653462B
:10E51000D9F77CFD84ED058AC4E902010CB0BDEC9D
:10E52000048BBDE8F0879FED145AF4EEC53AF1EE86
:10E5300010FAD8BFB0EE635A51E69FED0F7AB4EEF1
:10E54000C73AF1EE10FAD8BFB0EE437A3DE600BF0D
:10E5500080A9002080841E000AD7233C94A90020B3
:10E560009CA900208CA90020BD378635B8A90020C1
:10E57000ACA90020A4A900200000C842F1EE047A52
:10E58000F4EEE79AF1EE10FAD8BFF0EE697A93E66E
:10E59000F1EE047AB4EEE79AF1EE10FAD8BFF0EE9D
:10E5A000497A55E7B2EE043AF4EEC37AF1EE10FA86
:10E5B000D8BFB0EE673A72E6B2EE045AF4EEC57A0E
:10E5C000F1EE10FAD8BFB0EE675A34E710B51C4C24
:10E5D0002DED048BD4ED018AB0EE680A02F0D6FE70
:10E5E000B0EE408AB1EE680A02F010FF94ED009A96
:10E5F000F0EE408AB0EE490A02F0C8FEF0EE409A12
:10E60000B0EE490A02F002FF0E4BD3ED017A93ED12
:10E61000007A68EEE70AF0EE406A93ED020AE0EE57
:10E62000080A20EE280A60EEA60AA7EE880AE7EE9E
:10E63000290A02F09DFDBDEC048BB1EE400A10BD2D
:10E64000347D0020E0BC002030B583B000230F21D2
:10E6500020200093ADF80430E3F7F0F9244B0622B4
:10E66000187803216B46EDF72DFE00B3BDF80010BE
:10E67000BDF80230BDF804201E4D49BA08B25BBA9D
:10E6800052BA10F5805F6B80AA8029801BB212B24B
:10E690002BD012F5805F18BF13F5805F0CBF0123EC
:10E6A0000023154C627863F38202627005E0124C1D
:10E6B000104D637843F004036370637A0F49DA0600
:10E6C00056BF0F4B00221A78881EDCF777FA637A60
:10E6D000DB0608D50949AB8831F8022C5B4252426F
:10E6E00021F8022CAB8003B030BD0123D9E700BF75
:10E6F000F7000020D8BC0020AC7D0020DABC002050
:10E700003D74030808B52F4B1A79C2F380115206E5
:10E7100003D52D4A117829B908BD1A7A61F3000290
:10E720001A7208BD2020E3F7DFF9274A0028F3D04A
:10E7300000211170FFF788FF2449254AB1F9023002
:10E74000D2F857029FED236A07EE903AB1F90430F0
:10E7500007EE103AB1F90030D2F85B12D2F853222A
:10E7600006EE903A05EE900AF8EEE77A05EE102AEA
:10E7700077EEA57AF8EEE66A05EE901AB8EEC77A5B
:10E7800076EE856A37EE257ADFED135A134A144880
:10E7900067EE867A27EE257A66EE866A82ED017A42
:10E7A000C2ED006AC2ED027AE3F7E8F8054B5A7849
:10E7B000197AC2F3800282F0010262F30001197239
:10E7C00008BD00BFAC7D0020F6000020D8BC0020B2
:10E7D00030810020CD0C9E4466269344E0BC00208E
:10E7E000E8A9002030B5654C654D237995F82020C7
:10E7F00023F0400383B0237122B195F82110002942
:10E8000000F09B8023795A06C3F3801106D4237944
:10E8100095F8902061F386132371A2B92379C3F38D
:10E8200080125B0633D46378564843F00403637068
:10E83000237A027062F3000353482372534B027031
:10E840001A7003B030BD95F891100029E6D1504BF5
:10E8500003220920EDF792FD3220E3F785F84D21E0
:10E8600001220DF107038DF8071009200A21EDF7A9
:10E870001BFC9DF80730474A482B1370CED12379F3
:10E88000454A092143F0400311702371C6E7322045
:10E89000E3F76AF8404B187805EB0015A9780029D2
:10E8A00045D13E4B0422EDF769FD3B4D6420E3F773
:10E8B0005BF828780021EDF751FC344B024601212A
:10E8C00028781A70EDF74AFC2F4B0246022128786F
:10E8D0001A70EDF743FC2B4B1870FFF7B5FE0021C3
:10E8E0002020E3F7ABF86420E3F73EF82C4B01223D
:10E8F0001A70FFF707FFFFF769FE2A4A637992F85B
:10E900004B222949A2F10102B2FA82F2520962F3C2
:10E91000410363716379627881ED000AC3F34003B8
:10E9200083F0010363F38202627003B030BD1F4BBA
:10E9300004220021EDF722FDB7E7154B0322022048
:10E94000EDF71CFD3220E3F70FF84D2101220DF108
:10E9500007038DF8071002200A21EDF7A5FB9DF8AB
:10E9600007300C4A482B13707FF44CAF23790A4AC6
:10E97000022143F040031170237143E7AC7D002076
:10E980004074030800BD002001BD002002BD00202E
:10E990003802002003BD0020F700002034020020D0
:10E9A000F600002030810020F0BC00203002002062
:10E9B0001D4A1E4B51781E4810B5002464F3820195
:10E9C0005170517964F341015171D3F853C2C0F8C9
:10E9D00000C0D3F857C2C0F804C0D3F85BC2C0F877
:10E9E00008C0144893F84BC280F800C0FF202146AD
:10E9F00083F84B024FF496520F48C3F85342C3F8C2
:10EA00005742C3F85B4206F09FFD0C4B0C4A0F21A6
:10EA10002020C3E90044C3E902441480E3F70EF860
:10EA2000084BDC70012010BDAC7D0020308100203F
:10EA3000F4A90020F0A9002018AA002008AA0020AC
:10EA400004AA0020D00600200E4BDFF844C019783D
:10EA50000D4B9CF8052083F84B12A1F10101B1FA8E
:10EA600081F10A48490961F341028CF805204168A7
:10EA7000D0F800C08268C3F853C2C3F85712C3F875
:10EA80005B227047F0A9002030810020F4A900200B
:10EA9000AC7D002010B5202082B0E3F725F808B93E
:10EAA00002B010BDFFF7D0FD2C4B5B78C3F38000A4
:10EAB0005B0742D42A4A2B49B2F90030B2F902C0AE
:10EAC000B2F90420B1F800E0002B07EE903AD4BF71
:10EAD00000230123F8EEE76A5B0007EE90CABCF161
:10EAE000000FC8BF0133B8EEE77A5B0007EE902A4B
:10EAF000002AC8BF01331C4ADFF870C0F8EEE77A7D
:10EB00000EEB4E0402EB8402C2ED006A82ED017A44
:10EB1000C2ED027A3CF81320362A17D801320EF1E2
:10EB2000010EA1F800E001912CF81320E7F790FA0C
:10EB30000320E7F77BFA019900E00A490888B0F55D
:10EB4000C87F94BF0020012002B010BD0191E7F7FB
:10EB50006DFA0320E7F77CFA0199EFE7AC7D00201E
:10EB6000D8BC002004AA002018AA002008AA00206F
:10EB7000F0B587B0404C9FED410A02AB009321886D
:10EB800003ABC82206463E48DCF7C6F821889DED57
:10EB9000020A3C4C054603AA3948DCF799FADFED36
:10EBA0003A7A9DED027A394B67EE277AC72DF4EE5B
:10EBB000C07A8CBF00270127F1EE10FA83ED000A1E
:10EBC00094BF01230023C72D237123D9304A314B31
:10EBD000314C1278314883F84B22A2F101012268AE
:10EBE000C3F85322B1FA81F14279490961F3410234
:10EBF00042716268C3F857220820A268C3F85B22FA
:10EC0000EAF746FB304600223421F5F733FA38465E
:10EC100007B0F0BD1F4A17EE103AC2F84F32039BFF
:10EC2000C2F85332049BC2F857320121059BC2F847
:10EC30005B3282F84B12194A537823F00403537065
:10EC40005379082043F002035371EAF701FB23795B
:10EC50006BB9134B01251D70EBF7DCFC30463421FA
:10EC60002A46E570F5F706FA384607B0F0BD0320EE
:10EC7000EAF70EFBEDE700BF04AA00200AD7233C09
:10EC800018AA0020D00600203333B33E00AA00208B
:10EC9000F0A9002030810020F4A90020AC7D0020E4
:10ECA000288100202DE9F0479F4CA378980686B074
:10ECB00005D59E4B1A7842B906B0BDE8F0879C4B4B
:10ECC00000225A6006B0BDE8F0870320E2F71AFF81
:10ECD0000028F1D0974B1978944B00221A70002924
:10ECE00000F0DD80E2F776FD05AB06460F46032215
:10ECF000002101209946ECF75FFD32460546824629
:10ED000000903B460120EDF791F985B19DF8153053
:10ED10009DF814201B0243EA02439DF816201902B5
:10ED200042EA0302844B48BF42F07F421A6002234A
:10ED30008DF81430E2F74EFD012205460E464B4693
:10ED400008211046ECF70CFE2A46009033460120BD
:10ED5000EDF76CF94FF47A5200230320E2F77AFEC4
:10ED6000764B774A734893F8008082F800A0002120
:10ED70000170B8F1000F9FD071490A78002A9BD02A
:10ED80006D4A9FED707A10686F4ADFF8C4C1039333
:10ED900007EE900AB8EEE76AD2ED007ABCF90030CF
:10EDA000DFF8B0C1624AC6EE076A50620120F8EE91
:10EDB000E77AF6EE005A87EE875A07EE903ABCF9EA
:10EDC0000030DFF894C107EE103AF8EEE77AB8EEBB
:10EDD000C77A75EE654AA6EEA77ADCED007ADFF811
:10EDE0007CC1BCF90030DFF878C106EE103AF8EECD
:10EDF000E77ABCF90030DFF86CC1E6EE877A9CED6B
:10EE0000000ADFF864C107EE103AB8EEC66ABCF932
:10EE10000030DFF858C1B8EEC77AB8EEC00AA6EEE7
:10EE2000867AA6EEA70A07EE903AF8EEE77ABCF9E2
:10EE30000030DFF83CC1E6EE877A00EE903ABCF98C
:10EE40000030A4EEA70AF8EEE00A07EE903A60EE72
:10EE5000850AF8EEE77A82ED050AE7EEA50A82ED6B
:10EE6000030AC2ED040AEBF73FF83848DBF718FD58
:10EE70002F4A02F1280082ED010AE2F77FFDA07916
:10EE80002F492B4A039B82ED0C0A4FF0000C81F8AE
:10EE900000C040F00101A17183F800C00CE7E2F767
:10EEA00099FC032205AB06460F4601201146994600
:10EEB000ECF782FC32460546804600903B46012036
:10EEC000EDF7B4F87DB19DF815309DF814201B02C4
:10EED00043EA02439DF816201A431B021A4B48BF0F
:10EEE00042F07F421A604FF001078DF81470E2F78C
:10EEF00071FC012205460E464B4608211046ECF7F0
:10EF00002FFD2A46009033460120EDF78FF84FF48D
:10EF10007A5200230320E2F79DFD084B054A83F84F
:10EF20000080177025E700BFAC7D0020F6000020B0
:10EF3000488000200DBD002014BD00200CBD002025
:10EF40000BBD00200000F04A10BD00202C800020E6
:10EF500018BD00201CBD002024BD00201ABD0020CB
:10EF60001EBD002028BD002020BD00202CBD00209B
:10EF70002EBD00202DE9F04F8B4C8C4F8C4E48F26B
:10EF8000D042002393B0C4E90023E2F723FC894A6E
:10EF9000C2E90A01D4E900318748884C1818906307
:10EFA000A0784FF0000868F34510A070844887F8F7
:10EFB000008090F810C086F8008041F2883061F13E
:10EFC0000005C2E912311B18C2E90F537D4D7E4B7B
:10EFD00085F8008041F10001516483F80080BCF1A4
:10EFE000000F02D0E3781B0702D513B0BDE8F08F05
:10EFF0006420E2F7B9FC40F20123ADF818304EF678
:10F00000EC63ADF81C300DF11809434699F8008007
:10F010006E49C8EBC80211F822209AB909F101091A
:10F020000DF11A029145F1D1102B984647D0A378E3
:10F0300086F80080C3F3401300221A433A7013B0DD
:10F04000BDE8F08F624B404683F81380EDF7D4FAA9
:10F050004046ECF725FD0DAB4FF0000807AA0393DF
:10F06000CDF814905A4913780B754FF005090492A6
:10F070006420E2F779FCADF83480E2F7ABFB039B48
:10F0800082468B4602220D210120ECF795FB5B4660
:10F09000009052460120ECF7C9FF9DF83430102B48
:10F0A00009F1FF390DD019F0FF09E1D1049A0DF1F2
:10F0B0001E0101329142D5D1DDF81490AEE70DABBF
:10F0C0000393B6238DF83430E2F784FB01228046A7
:10F0D0008946039B0C211046ECF742FC42464B4606
:10F0E00000900120ECF7A2FF0A20E2F73DFC4FF070
:10F0F00032084FF0000906E008F1FF38E2F734FC6F
:10F1000018F0FF0845D0ADF83490E2F763FB039B9D
:10F1100082468B46022208210120ECF74DFB5B461C
:10F12000009052460120ECF781FF9DF834302B709F
:10F1300003F0C003C02B4FF00200DDD103254FF0D8
:10F14000000AE2F747FB08AB8046894612221021ED
:10F150000120ECF731FB4B46009004904246012021
:10F16000ECF764FF04996B1EA1BB13F0FF05E8D117
:10F17000154B1B78002B40F081810B22A37812499C
:10F18000C3F340130A701022327043F002030822C6
:10F1900053E70D49A3780A220A7010223270C3F394
:10F1A0004013082249E700BF30BD00200ABD0020FF
:10F1B00009BD00204880002078ECFFFFAC7D0020D6
:10F1C0004074030808BD002007BD002060750308D7
:10F1D000848F0020DDF80C9012220DF1200ECC4619
:10F1E00005F1FF38BAF1000F00F03A814946704648
:10F1F00006F068F90DF1200E8046BEE80F00CC46FF
:10F20000ACE80F00013DDEF80030ACF8003015F03E
:10F21000FF0500F03581B8F1000F92D19DF8212053
:10F220009DF820109DF824309DF82250BDF82A80CA
:10F230004FEA022E120942EA011011F0800F9DF8E8
:10F2400023109DF825204FEA031343EA0133BDF84C
:10F25000261049BA0EF4706E1FFA81FC6FEA005155
:10F2600045EA0E056FEA115118BF08466FEA0551CD
:10F270006FEA11511EF4006F09B218BF0D4613F466
:10F28000002F43EA12134FEA024202F470224CEAC2
:10F2900002016FEA033C6FEA1C3C18BF634612F49C
:10F2A000002F6FEA01326FEA123218BF1146BDF823
:10F2B0002820BDF82CE0BDF82EC052BAADF81020C1
:10F2C000BDF8302092FA92F9704A10807048BDF86B
:10F2D000102005806F4803606F4B19606F4B1A80D8
:10F2E0006F4B98FA98F8A3F800806E4B9EFA9EFE3A
:10F2F000A3F800E06C4B9CFA9CFCA3F800C06B4B9D
:10F30000A3F800904FF003098DF83490E2F762FA09
:10F31000DDF80C80012282468B46434606211046CA
:10F32000ECF71EFB52465B4600900120ECF77EFE98
:10F3300083238DF83430E2F74DFA012282468B4662
:10F34000434607211046ECF70BFB002552465B466F
:10F3500000900120ECF76AFE8DF83450E2F73AFA9B
:10F36000012282468B46434609211046ECF7F8FA03
:10F3700052465B4600900120ECF758FEADF8345041
:10F38000E2F728FA434682468B46022206210120F4
:10F39000CDF80C80ECF710FADFF82081009052468F
:10F3A0005B460120ECF742FE9DF8343088F80030CF
:10F3B000ADF83450E2F70EFA039B82468B460222E8
:10F3C00007210120ECF7F8F952465B460090012036
:10F3D000ECF72CFE9DF8343088F80130ADF834504D
:10F3E000E2F7F8F9039B82468B46022209210120AD
:10F3F000ECF7E2F952465B4600900120ECF716FE6E
:10F400002B4B1D702B4B1D702B4B1D709DF83430FA
:10F4100088F8023002238DF83430E2F7DBF901225C
:10F42000039B82468B4610460821ECF799FA524618
:10F4300000905B460120ECF7F9FD4FF47A5200236F
:10F440004846E2F707FBA378102143F02003317010
:10F45000A370A378C3F34013082243F00603ECE53E
:10F46000BEE80F00ACE80F0018F0FF05DEF8003032
:10F47000ACF800304FF0010A7FF463AE0C227DE659
:10F48000B8F1000F3FF4CAAEF8E700BF2EBD002070
:10F490002CBD002028BD002024BD002020BD002060
:10F4A0001EBD00201CBD00201ABD002018BD00207C
:10F4B0000DBD00200BBD00200CBD002004BD0020B0
:10F4C0002DE9F04F2DED028B694C85B00546A06803
:10F4D000D8F7FAFE0646E0680F46D8F7F5FE8246F2
:10F4E00060688B46D8F7F0FE3246804689463B4638
:10F4F00030463946D8F740FF524606460F465B462F
:10F5000050465946D8F738FF02460B463046394632
:10F51000D8F77CFD4246064601F100474B4640467F
:10F520004946D8F729FF02460B4630463946D9F7F7
:10F530004DF841EC100B01F0A3FC51EC100BD9F786
:10F54000F3F9064607EE106AD4ED007A2860A06849
:10F5500094ED008A67EE278AD8F7B6FE02460B467E
:10F56000E068CDE90223D8F7AFFE824660688B469B
:10F57000D8F7AAFE9FED3C1B41EC100B01F018FDE3
:10F5800030468DED000BD8F79FFEDDE902230646DD
:10F590000F4610461946D8F7EFFE52468046894678
:10F5A0005B4650465946D8F7E7FE02460B464046B2
:10F5B0004946D8F72BFD9DED000B53EC102BD9F7E6
:10F5C00005F878EE087A804617EE900A8946D8F753
:10F5D0007BFE02460B4640464946D8F7CDFE3246F2
:10F5E0003B46D8F7C9FED9F79FF968606068D8F73D
:10F5F0006BFED4ED027A68EE277A02460B4617EED0
:10F60000900ACDE90023D8F75FFEDDE900238046AC
:10F61000894610461946D8F7AFFE02460B464046CB
:10F620004946D8F7D3FF00224FF04043D8F7A4FE55
:10F6300032463B46D8F7A0FED9F776F9A86094ED9C
:10F64000037AD4ED026A07EE900A67EE877AB0EE8D
:10F65000680A87EEA67A85ED037A05B0BDEC028BC9
:10F66000BDE8F08FAFF3008000000000000008400C
:10F6700038BD00202DE9F0411746042206461D46FC
:10F6800008460C4B114600F069FA30460A4B01223D
:10F69000042100F063FA042211463846074B00F0BB
:10F6A0005DFA01222846064BBDE8F041114600F004
:10F6B00055BA00BF48BD002038BD002088BD0020DD
:10F6C000C8BD00202DE9F041364C2DED028B94EDA4
:10F6D000027AD4ED037A9EB037EE607A77EEC17A83
:10F6E00004F11006042300961A4684ED027AC4ED54
:10F6F000037A04F150013046B0EE408A00F008FB76
:10F7000002A8FFF7DDFE01250DF1180804230EAF56
:10F710001A4602A93046CDE90058F0EE408A00F0C2
:10F7200093FA02A82A46414600950197042300F067
:10F7300033FA94ED247ADDED0E7A77EE877AB7EE20
:10F74000000A80EE270A0AAB2A464046042100F050
:10F750002FFB3B462A460AA8042138EE680A00F02F
:10F7600027FB009421462B4604243846042200F04F
:10F77000CFFA2B4641460AA822460197009400F092
:10F7800063FA2346224639463046009600F0E8FAEE
:10F790002146304600F02EFB1EB0BDEC028BBDE8CA
:10F7A000F08100BF38BD002008B52420E2F79CF9A5
:10F7B000F0B1114BDFED117A93ED007AB4EEE77AF8
:10F7C000F1EE10FA15DD0E4A0E4BD2ED007A93EDF4
:10F7D000007AF4EEC77AF1EE10FA0ADB0A4B93EDE9
:10F7E000007AF4EEC77AF1EE10FA94BF01200020FF
:10F7F00008BD002008BD00BFD4BD00203333B33F97
:10F80000281100203C0200204002002000000000DF
:10F8100038B52320E2F768F9002847D0284A294B59
:10F82000D2ED007A93ED007AF4EEC77AF1EE10FA99
:10F830003DDB254B93ED007AF4EEC77AF1EE10FA3A
:10F8400035D8224B1868D8F73FFD214A1F4BD2ED1F
:10F85000006A93ED017AC6EE877A04460D4667EE9C
:10F86000E77A17EE900AD8F72FFD41EC100B01F064
:10F8700007FB204653EC102B2946D8F77DFD0EA33D
:10F88000D3E90023D8F7C0FBD9F74EF89FED117AE2
:10F89000114B07EE900AF4EEC77AF1EE10FACCBFE6
:10F8A00001200020C3ED007A80F0010038BD012066
:10F8B00038BD00BFAFF30080000000606666E63F21
:10F8C000281100203C0200204002002038BD00200A
:10F8D000CCBD00203333B33FD0BD002070B52DED3B
:10F8E000028BDFF808C1344B344EDFED357AA6B019
:10F8F0000CF140040193BCE80F0006AD0FC5BCE855
:10F900000F000FC5BCE80F000FC59CE80F0085E88D
:10F910000F000FCC0DF1580EAEE80F000FCCAEE883
:10F920000F000FCCAEE80F0094E80F00D6ED008A70
:10F93000CDED037AB0EE007AB0EE680A8EE80F00E3
:10F940008DED027A01F022FDB1EE048A60EE087AB4
:10F95000B0EE680ACDED047A01F058FD20EE080AF9
:10F9600001AB06AA16A902A88DED050AFFF782FED3
:10F97000144B154A1A601548154B1649164A174C70
:10F980001A600460D1E90001D8F7CEFF144C154B82
:10F990002060D3E90001D8F7C7FFA060E1F7DEFFE0
:10F9A000114B41F2883118602320E2F747F826B066
:10F9B000BDEC028B70BD00BF285C4F3EECBC00204C
:10F9C000000016434002002000007A434402002059
:10F9D0003C020020B8160020000048420000B4425B
:10F9E000DCBD0020E81B00202CBE0020745B030857
:10F9F0002DE9F0472DED028BDFF80C913C4EDFF83E
:10FA00000CA13C4C3C4D84B0E1F7A8FF99ED007B84
:10FA1000804630688DED007BD8F756FC02460B46D9
:10FA2000DDE90001D8F7F0FAD8F77EFF08EE100AFA
:10FA3000B068D8F749FC09F5A66702460B46D7E936
:10FA40000001D8F7E1FAD8F76FFFDAF80030636009
:10FA50002B68236101EE100A6B68A8686361EB688C
:10FA600084ED031AE361C4F8008084ED028AA0618A
:10FA70008DED031AD8F728FCDDE90023D8F7C6FA84
:10FA800041EC100BFDF734F82062E868D8F71CFC55
:10FA9000D7E90023D8F7BAFA184BD3E91423D8F7DB
:10FAA00095FD41EC100BFDF723F8154B9DED031A66
:10FAB0001B689AED000AA362F0EE480A0023E36295
:10FAC00023636062FFF7FEFDD9E90001D8F72CFF40
:10FAD00003463360D7E90001D8F726FF094BB06031
:10FAE000C3F8008004B0BDEC028BBDE8F08700BF16
:10FAF000DCBD0020F4BD002038BD002048A8002057
:10FB0000281100202CBE0020B8160020D8BD0020EF
:10FB100009480A4ADFF83CC009490A4BC0F800C04E
:10FB20001160094809490A4A1B68DFF82CC0C0F86F
:10FB300000C00B60136070474402002040020020A8
:10FB400000007A43288000203C020020D4BD002021
:10FB5000D8BD00200000B44200004842F0B5151E98
:10FB600019DD00290E4616DD1F46002134B204FBC4
:10FB700001FC04FB016E00EB8C0200EB8E0307EB33
:10FB80008C0C52F804EB4CF804EB9342F9D10131A0
:10FB900009B28D42EBDCF0BD2DE9F04FB2F1000867
:10FBA000BDF92440DDF828A04ADD002C48DD9FED9A
:10FBB000256A074689461E4601EB84004FF0000C7B
:10FBC00014FB0CF10AEB8101002EA1EC016A1EDD91
:10FBD00006FB0CF307EB830E334407EB8305CB46A0
:10FBE000DFED187A5A46734692ED007AF3EC016A1B
:10FBF000E6EE877A9D4202EB840241ED017AF3D171
:10FC00000BF1040B834515D0A1EC016AE8E74A46E5
:10FC1000131D98424FF0000502F108020AD08242FB
:10FC20000D6007D0131D98424D6002F1080201F1EA
:10FC30000801F4D10CF1010C0FFA8CFCE045BFDC9B
:10FC4000BDE8F08F000000002DE9F04F83B0B2F165
:10FC5000000BBDF93070DDF834A04BDD002F49DD1D
:10FC60009FED2A6A80460E461D464FF0000C0FFAA3
:10FC700087F95A4609FB0CF109FB0C7E0AEB81015E
:10FC8000002DA1EC016A0AEB8E0ED8BF00201FDD0B
:10FC900005FB0CFB0BEB050008EB800008EB8B0B66
:10FCA0000024CDF804C0DFED197A06EB840C5B4626
:10FCB000F3EC016ABCEC017AE6EE877A984241EDFA
:10FCC000017AF5D1714518D02C44A1EC016AEAE71C
:10FCD00071450B4608D043F8040B9E4504D048609C
:10FCE000083171450B46F6D10CF1010C0FFA8CFC72
:10FCF0006245BFDC03B0BDE8F08FDDF804C00CF155
:10FD0000010C0FFA8CFC6245B4DCF3E70000000044
:10FD10002DE9F041161E069D1FDD002B98461CDDC7
:10FD20000F461CB2002104FB01FC04FB018300EB25
:10FD30008C0207EB8C0E00EB830305EB8C0CF2ECD2
:10FD4000017ABEEC017A77EE877A9342ECEC017A85
:10FD5000F5D1013109B28E42E5DCBDE8F08100BF8A
:10FD60002DE9F041161E069D1FDD002B98461CDD77
:10FD70000F461CB2002104FB01FC04FB018300EBD5
:10FD80008C0207EB8C0E00EB830305EB8C0CF2EC82
:10FD9000017ABEEC017A77EEC77A9342ECEC017AF5
:10FDA000F5D1013109B28E42E5DCBDE8F08100BF3A
:10FDB0009C460B1E1DDD002A1BDD30B504460025C8
:10FDC00060468646A4460021DCED007A013167EEEC
:10FDD000807A8A42CEED007A0CEB820C0EEB830E19
:10FDE000F2D10135AB4204F1040400F10400E8D182
:10FDF00030BD704770B50C1E2ADD4FF0000EF6EED8
:10FE0000006ABEF1010F1DDD00230EF1FF3614FB69
:10FE10000EF51A46A91802FB04E200EB820C00EB77
:10FE20008101D1ED007A9CED007A77EE877A01337B
:10FE300067EEA67A1BB2B342C1ED007A1A46CCED4A
:10FE4000007AE7DB0EF1010E0FFA8EFE7445D8DC66
:10FE500070BD00BF08B5174B984206D0164B9842AC
:10FE60000FD0164B984218D008BD01214FF4001056
:10FE700000F090FFBDE8084000214FF4001000F0B2
:10FE800089BF01214FF4800000F084FFBDE80840E5
:10FE900000214FF4800000F07DBF01214FF40000ED
:10FEA00000F078FFBDE8084000214FF4000000F0AA
:10FEB00071BF00BF0054004000580040005C00408B
:10FEC00030B5044687B002A8A588019100F0E8FE8D
:10FED00004982E4B0199DFF8BCC0A3FB002325F04A
:10FEE0003F059B0C1D43A580228822F00102228041
:10FEF0000A6862451DD85200B0FBF2F292B201339B
:10FF0000042A38BF04222384A283238888884A894C
:10FF100043F0010323802388104323F481638A89FB
:10FF2000098923F002030A4303432380228107B097
:10FF300030BDB1F806C04BF6FF75AC4520D002EBE2
:10FF4000820202EB8202B0FBF2F040F4804082B207
:10FF500003EB83030E48C3EB03139B00A0FB0303D7
:10FF60009B090133238442F00103C2F30B059BB2CA
:10FF7000002D08BF1A466FEA42426FEA5242C3E7B9
:10FF800002EB4202B0FBF2F292B2E1E783DE1B43E6
:10FF9000D34D6210A0860100054941F2883C002241
:10FFA0004FF48043C0E900C182608381704700BF85
:10FFB0000000FFBF038819B143F0010303807047BD
:10FFC00023F0010303807047038819B143F4807361
:10FFD0000380704723F4807303807047038819B14E
:10FFE00043F400730380704723F400730380704769
:10FFF0001AB141F001010182704701F0FE01018256
:020000040803EF
:10000000704700BF038819B143F4806303807047D1
:1000100023F480630380704701827047008AC0B276
:10002000704700BF838812B119438180704723EA6B
:1000300001038380704700BF044B1A69002A03DA6A
:100040000349044A59605A60704700BF003C0240AF
:1000500023016745AB89EFCD024A136943F00043A2
:1000600013617047003C0240014BD860704700BFED
:10007000003C024082B00822224B8DF80720DA684B
:10008000D20316D4DA68D00638D4DA6812F0EF0F4B
:1000900036D1DB6813F0020F0CBF082307238DF85D
:1000A00007309DF80730012B0AD09DF8070002B0F9
:1000B000704701238DF807309DF80730012BF4D1EC
:1000C000104A0FE0D36813F0EF0F15D1D36813F087
:1000D000020F0CBF082307238DF807309DF8073067
:1000E000012BE2D1D168C9034FF00103F4D4D368E6
:1000F000DB06E7D50523EFE70623EDE70523D9E780
:100100000623D7E7003C024038B5022994BF0C0211
:100110004FF440740546FFF7ADFF082800D038BD06
:10012000104B1A6922F440721A611A6922431A614B
:100130001A6922F0F8021A611869284340F0020097
:1001400018611A6942F480321A61FFF793FF054B78
:100150001A6922F002021A611A6922F0F8021A6181
:1001600038BD00BF003C024038B504460D46FFF7DD
:1001700081FF082800D038BD0A4B1A6922F440726A
:100180001A611A6942F400721A611A6942F0010296
:100190001A612560FFF76EFF024B1A6922F0010217
:1001A0001A6138BD003C024000B5DFF894E00A88CF
:1001B000038870458C4649681BD0DFF888E070459D
:1001C00017D0B0F1804F29D0DFF87CE0704525D002
:1001D0000EF5806E704521D0DFF870E070451DD0BF
:1001E000DFF86CE0704525D0DFF868E0704521D07D
:1001F0001AE0BCF802E023F0700343EA0E03BCF8F7
:1002000008E023F4407343EA0E030380C1620285D1
:100210009CF80A3003860123838200BDBCF802E00B
:1002200023F0700343EA0E03BCF808C023F44073C4
:1002300043EA0C0303800123C1620285838200BD6F
:10024000000001400004014000040040000C004098
:10025000001000400014004000234FF0FF324260C5
:100260000381036083727047038819B143F001036F
:100270000380704723F0010303807047038C23F051
:10028000010310B50384038C4C88B1F80CE082881C
:10029000B0F818C04EEA040E23F00203134C43EAF0
:1002A0000E03B1F800E02CF0730CA0424CEA0E0CE7
:1002B0000AD004F58064A04206D089688280A0F844
:1002C00018C04163038410BDCC89B1F810E023F05D
:1002D000080323434C8A4EEA040E8C8822F44072B1
:1002E00023F0040342EA0E022343E6E70000014044
:1002F000038C23F0100310B50384038C4C88B1F8F1
:100300000CE08288B0F818C04EEA040E23F02003F7
:10031000144C43EA0E13B1F800E02CF4E64CA04272
:100320004CEA0E2C0AD004F58064A04206D08968FD
:100330008280A0F818C08163038410BDCC89B1F815
:1003400010E023F0800343EA04134C8A4EEA040EC3
:100350008C8822F4406223F0400342EA8E0243EA92
:100360000413E4E700000140038C23F4807310B50C
:100370000384038C4C88B1F80CE08288B0F81CC070
:100380004EEA040E23F40073144C43EA0E23B1F832
:1003900000E02CF0730CA0424CEA0E0C0AD004F5DD
:1003A0008064A04206D089688280A0F81CC0C16326
:1003B000038410BDCC89B1F810E023F4006343EA54
:1003C00004234C8A4EEA040E8C8822F4405223F413
:1003D000806342EA0E1243EA0423E4E7000001408E
:1003E000038C23F4805310B50384028C4C88B1F83D
:1003F0000CE08388B0F81CC04EEA040E22F40052D0
:100400000D4C42EA0E32B1F800E02CF4E64CA0426A
:100410004CEA0E2C0AD004F58064A04206D089680C
:100420008380A0F81CC00164028410BD0C8A23F4F0
:10043000804343EA8413F2E7000001400023C0E94F
:100440000233036083800361704700BF038B23F096
:1004500008030B4303837047038B23F4006343EAD1
:1004600001230383704700BF838B23F008030B43F2
:1004700083837047838B23F4006343EA01238383E0
:10048000704700BF00230122036042600381704770
:10049000406B7047806B7047C06B7047006C704753
:1004A000B0F8443031B16FEA43436FEA5343A0F8E8
:1004B00044307047C3F30E03A0F84430704700BFC8
:1004C000838912B119438181704723EA0103838133
:1004D000704700BF038A8289114214BF01200020A7
:1004E000194200F0010008BF00207047C943018293
:1004F000704700BF014B5861704700BF003C01408E
:1005000000222DE9F04713460E680C46012503270B
:1005100004E00133102B02F1020241D005FA03FC82
:100520003CEA0601F5D1016807FA02F921EA09015E
:10053000016094F804E0D0F800A00EFA02F10EF188
:10054000FF3E41EA0A01BEF1010FC846016016D81C
:10055000816821EA090181606179D0F808E0914061
:1005600041EA0E018160416821EA0C014160A179F4
:10057000D0F804C0994089B241EA0C014160C168D9
:1005800021EA0801C16094F807C0C1680CFA02FCB6
:1005900001334CEA0101102BC16002F10202BDD10E
:1005A000BDE8F0874FF6FF720023C0E900237047D3
:1005B0000369194214BF012000207047018370476E
:1005C00041837047CB0800EB830001F00701036A09
:1005D00089004FF00F0C0CFA01FC23EA0C030362B4
:1005E000036A8A401A430262704700BF02683349B7
:1005F000002322F001024FF0210C884202600360C8
:1006000043608360C3600361C0F814C032D02C4BD8
:1006100098422AD02B4B984234D02B4B984236D05C
:100620002A4B98422AD02A4B984235D0294B9842DF
:100630003AD0294B98423BD0284B984230D0284B97
:10064000984212D0274B98421CD0274B98421ED07C
:10065000264B984212D0264B98421DD0254B9842EB
:1006600022D0254B984223D070474FF4746243F850
:10067000202C7047214B3D229A607047204A43F856
:10068000642C70474FF4741243F8382C70474FF0C5
:10069000746243F8502C70471A4A43F87C2C704718
:1006A0003D2243F8082C7047174A43F8942C7047B2
:1006B0004FF03D5243F8AC2CD6E700BF106002402B
:1006C0002860024040600240586002407060024072
:1006D00088600240A0600240B8600240106402409E
:1006E0002864024040640240586402407064024042
:1006F00088640240A0640240B86402400060024086
:100700003D000020400F002000003D2010B50B6888
:10071000CC684A69D0F800E0DFF850C023431343A7
:10072000D1E9064223431343D1E9084223438C6AAB
:1007300013434A6B234313438A6B0EEA0C0C134397
:1007400043EA0C03CA6A03604369D1F810E023F05E
:10075000070C0B6B134343EA0C034361D1E90123FC
:10076000C0F804E08260C36010BD00BF3F801CF091
:100770000023C0E90033C0E90233C0E90433C0E913
:100780000633C0E90833C0E90A33C0E90C33836398
:10079000704700BF036819B143F00103036070475D
:1007A00023F001030360704741607047406880B2E6
:1007B000704700BF006800F0010070470B060CD5C1
:1007C00043699AB143F08003802943610DD00368E7
:1007D00001F01E01194301607047002AF7D1036838
:1007E00001F01E0123EA01030360704723F0800338
:1007F00080294361F3D17047064B984294BF064A63
:10080000064A21F0F02323F0821389004CBFD36005
:10081000936070470F640240006002400064024031
:10082000034B40F0BF6040F40030D860704700BF19
:1008300000ED00E010B50378C178012203F01F0C31
:100840004FEA531E02FA0CF2D1B110494478C9683C
:100850006FEA010CCCF3022C8178CCF10400C0B219
:1008600004FA00F00F2444FA0CFC01EA0C010143E5
:1008700007480344090183F8001340F82E2010BDF7
:10088000034B0EF1200E43F82E2010BD00ED00E0CA
:1008900000E100E010B5028ACB8822F440521343F5
:1008A00086B0038282898B880191044608890343BC
:1008B000488922F4B05222F00C0203431343A3816F
:1008C000A28A8B8922F440721343A38202A800F00B
:1008D000E7F91C4B01999C4205D003F580639C42CB
:1008E00001D0049B00E0059BA0890A680104164919
:1008F000A08903EB83034CBF5200920003EB8303F8
:10090000B3FBF2F3A1FB03E24FF0640C52090004C5
:100910000CFB12330AD41B013233A1FB0313C3F3C4
:10092000431343EA0212228106B010BDDB003233CA
:10093000A1FB0313C3F3421343EA0212228106B060
:1009400010BD00BF001001401F85EB5100234FF484
:1009500016514FF44022C0E9001382608381704732
:10096000838919B143F400538381704723F4005302
:1009700083817047C1F30801818070478088C0F38C
:1009800008007047838A12B119438182704723EAB5
:1009900001038382704700BF01F01F0CC1F34211B5
:1009A0000123012903FA0CF30DD002290CBF1030EA
:1009B00014301AB10268134303607047026822EAD8
:1009C0000303036070470C30F3E700BFC1F342122A
:1009D00001F01F0C0123012A03FA0CF313D0022AA1
:1009E0000CBF028A828A92B21A400388090A012047
:1009F00000FA01F19BB20B40002A18BF002B14BF74
:100A0000012000207047828992B21A40EDE700BFB2
:100A1000436891F804C00A6823F0407323F480739C
:100A200043EA0C2313434360D1E9032313438A6849
:100A3000D0F808C01343094A0CEA020291F805C035
:100A4000134343EA4C0383600A7DC36A013A23F4EB
:100A50007003D2B243EA0253C3627047FDF7FFC08E
:100A600000230122C0E90233036083800361027521
:100A7000704700BF4268036807491343D1F804C0B8
:100A8000064A0CEA0202D0E902C0134343EA0C030F
:100A900003434B60704700BF00230140E030FCFF80
:100AA0000023C0E90033C0E902337047836819B1FD
:100AB00043F001038360704723F0010383607047B4
:100AC000092910B531D9A1F10A0CC4680CEB4C0C02
:100AD0004FF0070E03FA0CF30EFA0CFC24EA0C0E8E
:100AE00043EA0E03C360062A0ED8013A436B02EBB9
:100AF00082024FF01F0C0CFA02FC23EA0C0301FAED
:100B000002F21A43426310BD0C2A1DD8073A036B48
:100B100002EB82024FF01F0C0CFA02FC23EA0C03DA
:100B200001FA02F21A43026310BD01EB410C0469A1
:100B30004FF0070E0EFA0CFE03FA0CF324EA0E0C2B
:100B400043EA0C030361CEE70D3AC36A02EB82026B
:100B50004FF01F0C0CFA02FC23EA0C0391401943DE
:100B6000C16210BD836843F080438360704700BF5B
:100B7000836819B143F480738360704723F48073F2
:100B800083607047836819B143F4007383607047D2
:100B900023F400738360704708B5174B984206D062
:100BA000164B98420FD0164B984218D008BD012121
:100BB0004FF4805000F0FAF8BDE8084000214FF4EF
:100BC000805000F0F3B801214FF4804000F0E2F8CB
:100BD000BDE8084000214FF4804000F0DBB801215F
:100BE0004FF4004000F0D6F8BDE8084000214FF473
:100BF000004000F0CFB800BF003001400038004096
:100C0000003C0040B1F802C00B888A8843EA0C031C
:100C1000B1F806C013430A8900B543EA0C03B1F8E2
:100C20000AE0B1F80CC0134343EA0E03028843EA1A
:100C30000C03B1F80EC002F4415243EA0C03134313
:100C40000380838B0A8A23F400638383028200BDBE
:100C500000230722036043608360C3600282704701
:100C6000038819B143F040030380704723F0400329
:100C700003807047808980B2704700BF81817047D0
:100C8000038819B143F400530380704723F40053E1
:100C9000038070470389194214BF01200020704768
:100CA000204A936803F00C03042B38D0082B1DD086
:100CB0001D4B1C4A0360D2F808C01C49CCF3031C2E
:100CC00011F80CC023FA0CF34360D2F808C0CCF33F
:100CD000822C11F80CC023FA0CFCC0F808C09268F2
:100CE000C2F342328A5CD340C36070475368516894
:100CF00013F4800F536814BF0D4A0B4AC3F38813D3
:100D000001F03F01B2FBF1F202FB03F3054A526826
:100D1000C2F3014201325200B3FBF2F3C9E7044BC4
:100D2000C7E700BF003802400024F4000889030828
:100D300000127A00044A136B11B103431363704726
:100D400023EA00031363704700380240044A536BE0
:100D500011B103435363704723EA000353637047A1
:100D600000380240044A136C11B103431364704706
:100D700023EA00031364704700380240044A536CAE
:100D800011B103435364704723EA0003536470476F
:100D900000380240044A136A11B1034313627047DA
:100DA00023EA00031362704700380240044A536A82
:100DB00011B103435362704723EA00035362704743
:100DC000003802404309012B0BD0022B094B0CBF0A
:100DD0001B6F5B6F00F01F0023FA00F000F00100B2
:100DE0007047044B1B6800F01F0023FA00F000F06E
:100DF0000100704700380240024A536F43F080738D
:100E00005367704700380240124813490268006077
:100E10008A4219D0002103E0104B5B584350043143
:100E20000F48104B42189A42F6D30F4A02E00023B3
:100E300042F8043B0D4B9A42F9D3F2F723FC04F03D
:100E4000CDFBE8F77BFCFEE70948D0F800D040680E
:100E500000470000FCFF0120EFBEADDE188F030845
:100E600000000020BC040020C004002000C10020BD
:100E70000000FF1FFEE7000000F096BC000000002D
:100E800008B52DED048BB0EE409AF0EE609A00F0BC
:100E90006FFDB0EE408AF0EE608AB0EE490AF0EEE7
:100EA000690A00F015FB78B119A3D3E9002351ECCE
:100EB000190BD7F7F1FC70B917A3D3E9002351EC54
:100EC000190BD7F7CBFC98B9B0EE480AF0EE680AD8
:100ED000BDEC048B08BD9FED0A8B04F079FBB0EEEE
:100EE000480AF0EE680ABDEC048B2223036008BDBB
:100EF00004F06EFB22239FED048B0360E4E700BF48
:100F0000000000000000F07F000000000000000072
:100F1000EF39FAFE422E864051302DD5104987C058
:100F200038B52DED028B55EC104B00F0F5FE224646
:100F30002B4620462946B0EE408AF0EE608AD7F76D
:100F4000B5FCB8B90022002320462946D7F7A4FCF7
:100F500080B90022002320462946D7F775FC80B1CE
:100F600004F036FB9FED0E7B22230360B0EE478A30
:100F7000F0EE678AB0EE480AF0EE680ABDEC028B2C
:100F800038BD04F025FBBDEC028B034621221A601C
:100F90000548BDE8384000F0A7BA00BFAFF30080B5
:100FA000000000000000F0FF2C60030800000000BB
:100FB00038B52DED048BB0EE409AF0EE609A55EC0A
:100FC000114B01F0ADF822462B4620462946B0EEE3
:100FD000408AF0EE608AD7F769FC78B951EC190BBA
:100FE00000220023D7F730FCF0B100220023204676
:100FF0002946D7F729FC40B19FED2B8BB0EE480A6C
:10100000F0EE680ABDEC048B38BD45EC104B00F0E7
:101010005FFA0028F2D00022002320462946D7F7A5
:101020001DFC0028EAD032E0B0EE480AF0EE680A73
:1010300000F04EFAB0B151EC180B00220023D7F7A4
:1010400003FC0028DAD0B0EE490AF0EE690A00F09D
:101050003FFA0028D2D045EC104B00F039FA0028B6
:10106000CCD014E0B0EE490AF0EE690A00F030FA94
:101070000028E0D045EC104B00F02AFA0028DAD026
:1010800053EC182B51EC180BD7F710FC20B904F0D7
:101090009FFA22230360B1E704F09AFA2123036048
:1010A000ACE700BFAFF30080000000000000F03F9D
:1010B00038B52DED028B55EC104B00F02DFA224681
:1010C0002B4620462946B0EE408AF0EE608AD7F7DC
:1010D000EDFB30B90022002320462946D7F7BEFB9E
:1010E00030B9B0EE480AF0EE680ABDEC028B38BDAC
:1010F00004F06EFA002200232121016010461946F7
:10110000D7F764FA41EC180BB0EE480AF0EE680A23
:10111000BDEC028B38BD00BF08B52DED028BB0EEE3
:10112000408A02F09FF9B4EE488AF1EE10FAF0EE30
:10113000408A0AD6B0EE480A00F060F9F7EE007A6D
:10114000B4EEE70AF1EE10FA04DCB0EE680ABDEC8A
:10115000028B08BD04F03CFABDEC028B0346212251
:101160001A600248BDE8084000F0D0B92C600308BE
:1011700002F082BA08B52DED028BF0EE408A02F043
:101180001DFBB0EE408AB0EE680A00F0B5F968B118
:10119000DFED127AF4EEE78AF1EE10FA0BDCDFED08
:1011A000107AF4EEE78AF1EE10FA0FD4B0EE480AA6
:1011B000BDEC028B08BD9FED0B8A04F009FAB0EE7E
:1011C000480ABDEC028B2223036008BD04F000FA3C
:1011D00022239FED058A0360E8E700BF1772B14242
:1011E000B5F1CFC20000807F0000000008B52DEDF2
:1011F000028BB0EE408A02F0D5FBB4EE488AF1EEE5
:1012000010FA0FD6B5EEC08AF1EE10FA0ADCB5EE90
:10121000408AF1EE10FA08D104F0DAF922239FEDAA
:10122000090A0360BDEC028B08BD04F0D1F9BDECE6
:10123000028B034621221A600348BDE8084000F0F3
:1012400065B900BF000080FF2C60030800B52DEDDC
:10125000028B83B0B0EE608AF0EE408A02F09CFC14
:10126000B4EE488AF1EE10FAF0EE407A0BD6F5EEC5
:10127000408AF1EE10FA1CD1B5EE408AF1EE10FA78
:1012800007D1F7EE007AB0EE670A03B0BDEC028B2F
:1012900000BD8DED010AB0EE480A00F02DF9DDED3C
:1012A000017A0028EFD0B5EEC08AF1EE10FAEAD547
:1012B00036E08DED010A00F01FF9DDED017AB8B1DD
:1012C000F5EE407AF1EE10FADDD1B0EE680ACDED20
:1012D000017A00F011F9DDED017A0028D3D0B0EEEB
:1012E000480A00F009F9DDED017A0028CBD017E0BB
:1012F000B0EE680A00F000F9DDED017A0028DFD0D9
:10130000B0EE480A00F0F8F8DDED017A0028D7D0F9
:10131000F4EE677AF1EE10FA78BFCDED017A06D6D9
:1013200004F056F92223DDED017A0360ABE704F007
:101330004FF92123DDED017A0360A4E700B52DED1F
:10134000028BB0EE408A83B000F0DEF9B4EE488A3A
:10135000F1EE10FA06D6DFED0C7AB4EEE78AF1EE84
:1013600010FA03D403B0BDEC028B00BDCDED017AC1
:1013700004F02EF9DDED017A87EEA70A2123036040
:1013800003B0BDEC028B00BD0000000010EE103A6F
:10139000184A23F00043934219D9B3F1FF4F02D307
:1013A00030EE400A704700B583B0684602F07EFF19
:1013B00000F0030001289DED000ADDED010A0FD0C9
:1013C000022808D088B901F0A9FE03B000BDDFED06
:1013D0000A0A01F0A3BE01F0A1FEB1EE400AF4E753
:1013E00001F01EFFB1EE400AEFE7012001F018FF07
:1013F000EBE700BFD80F493F0000000010EE103AA5
:1014000023F0004300EE103A704700BF10EE103A90
:10141000194A23F0004393421AD9B3F1FF4F02D384
:1014200030EE400A704700B583B0684602F03EFFD8
:1014300000F0030001289DED000ADDED010A12D045
:1014400002280AD090B9012001F0EAFE03B000BDE5
:10145000DFED0A0A002001F0E3BE012001F0E0FE0A
:10146000B1EE400AF2E701F059FEEFE701F056FE57
:10147000B1EE400AEAE700BFD80F493F0000000084
:1014800010EE103A104A23F00043934217D9B3F1FB
:10149000FF4F02D330EE400A704700B583B0684674
:1014A00002F004FF400000F00200DDED010A9DEDB6
:1014B000000AC0F1010001F0FBFE03B000BDDFED4A
:1014C000030A012001F0F4BEDA0F493F00000000DA
:1014D00082B08DED000B019840F0004000F58010C7
:1014E000C00F02B0704700BF9FED010B704700BFF7
:1014F000000000000000F87F10EE103A23F00040DA
:10150000B0F1FF4F2CBF0020012070479FED010A72
:10151000704700BF0000C07F2DE9F84F55EC104B1D
:10152000764BAB4300F0AF80002D29462A46234678
:1015300055DD2C1562D0C2F31302E007A4F2FF318F
:1015400042F4801203D4520002EBD3725B005200CB
:1015500000264FEA610902EBD37216245B00B44601
:101560004FF400110CEB010090424FEAD3754FEAA3
:10157000430303DC00EB010C121A0E44013C05EBA3
:1015800042024FEA5101EDD1274620254FF000409D
:101590000AE042D0510001EBD371013D0A464FEA07
:1015A00043034FEA500044D0624500EB070EF0DDE4
:1015B000BEF1000F0EEB00070CDBE046A2EB0C01C6
:1015C0009E4588BF01F1FF314900C446A3EB0E03DD
:1015D0000444E0E7002FF0DB0CF10108EEE725F012
:1015E0000040204347D0002D74D1D90A153A5B053D
:1015F0000029FAD0CE0214467CD40A4600215200BB
:10160000D502084601F10101F9D5C1F1200523FAFF
:1016100005F52A438B40241A8DE79E4502D94FEAEF
:101620004C01B8E7BEF1000F0EEB000725DB0021EF
:10163000CCE7194313D0324FDFF8C880D7E9000157
:10164000D8E9002397ED007B5BEC17ABD6F7DCFC09
:1016500002460B4650465946D7F70AF908BB6508BB
:10166000711001F17F5101F5001101EB095345EAB9
:10167000C67243EC102BBDE8F88F002FD7DB0CF1BE
:10168000010C0021A2E722462B4620462946D6F728
:1016900073FE22462B46D6F7B9FC41EC100BBDE891
:1016A000F88FB4F1FF3FD7E90001D8E900231DD03E
:1016B000D6F7ACFCD7E9007802460B4638464146DF
:1016C000D7F7CCF8A0B1A31C04F1020508BF01367E
:1016D0006D08C5E722462B462046D6F795FC024604
:1016E0000B46D6F773FF41EC100BC4E70136B7E7A2
:1016F0000134B4E74FF0FF300A468CE70000F07F7A
:101700002089030818890308B1EEC00A704700BF9A
:1017100010EE101AC1F3C7527F3A162A21F0004387
:101720001BDC002A1FDB1B481041014224D0DFEDE7
:101730001A7A70EE277AF5EEC07AF1EE10FA1BDD18
:101740004FF4000313410B4413EA210338BF0B4647
:1017500023EA000300EE103A7047B3F1FF4F0BD3BA
:1017600030EE000A7047DFED0C7A70EE277AF5EE66
:10177000C07AF1EE10FA00DC7047002902DB9FED21
:10178000070A704713B99FED060A7047BFEE000ABB
:10179000F2E700BFFFFF7F00CAF2497100000000BE
:1017A00000000080000000002DE9F04B5CEC11BB54
:1017B000CBF10003DFF8B0E143EA0B032CF0004566
:1017C00051EC100B45EAD37373450746884644D85D
:1017D0007B4206463B43084621F0004141EAD37371
:1017E00073453AD80CF1404303F5801353EA0B03D9
:1017F000644643D0A31703F0020343EAD8730E43B1
:10180000994634D05BEA05023CD075454BD0714512
:1018100038D04B1BB3F1747F4FEA235240DA002CCF
:101820004DDA3C324BDA9FED400BB9F1010F64D039
:10183000B9F1020F50D0B9F1000F16D051EC100BD6
:1018400043A3D3E90023D6F7DFFB3DA3D3E900236D
:10185000D6F7DAFB41EC100B07E03A464346584610
:101860006146D6F7D3FB41EC100BBDE8F08B022BA1
:1018700010D0032B0BD048EC107BF6E7BDE8F04B03
:1018800001F09EBA002808DB9FED290BEDE79FEDE4
:101890002A0BEAE79FED2A0BE7E79FED2B0BE4E726
:1018A0009FED230BC1E7A94203F1FF332ED0022B9A
:1018B00034D82B4A02EBC30393ED000BD5E75A460D
:1018C000634638464146D6F781FE41EC100B01F0E5
:1018D0001BFC01F075FAA8E71DA3D3E9002351EC26
:1018E000100BD6F791FB02460B4615A1D1E900017A
:1018F000D6F78AFB41EC100BB7E710EE901A53ECC9
:10190000102B01F1004343EC102BAEE7022B08D85B
:10191000144A02EBC30393ED000BA6E79FED020B05
:10192000A3E79FED0D0BA0E7000000000000000002
:10193000182D4454FB21F93F182D4454FB2109C0B4
:10194000182D4454FB210940182D4454FB21F9BFA4
:10195000075C143326A6A13C182D4454FB21E93F13
:1019600028890308408903080000F07F0000000078
:101970002DE9F04755EC104BD34925F000428A423F
:1019800086B04FEAD5760CD9D0498A4270D9C5F3D2
:101990001303234340F05481002E66D09FEDB20B19
:1019A00063E0CB4B9A4200F21A81CA4B9A4240F252
:1019B000308122462B4620462946D6F7DDFCACA3D3
:1019C000D3E9002306460F46D6F7D6FCAAA3D3E9EF
:1019D0000023D6F719FB32463B46D6F7CDFCA8A329
:1019E000D3E90023D6F712FB32463B46D6F7C4FCB8
:1019F000A5A3D3E90023D6F707FB32463B46D6F72B
:101A0000BBFCA3A3D3E90023D6F700FB32463B4639
:101A1000D6F7B2FC02460B4620462946D6F7F4FA22
:101A2000CDE90201DDE90289204642464B462946BE
:101A3000D6F7A2FC002206460F464FF080434046F0
:101A40004946D6F7E1FA02460B4630463946D6F704
:101A5000BDFD22462B46D6F7D7FA02460B4600209C
:101A60009D49D6F7D1FA41EC100B06B0BDE8F087DE
:101A700089A3D3E9002320462946D6F70DFF074660
:101A8000002840F0E88086A3D3E9002320462946B9
:101A9000D6F7E4FE002840F03781904B204603EB58
:101AA000C606294680A3D3E90023D6F765FCD6E90C
:101AB0000023D6F7ABFAD6F70FFF0646D6F7F2FBB0
:101AC0007BA3D3E9002307468846D6F755FC024698
:101AD0000B4620462946D6F797FA02460B4638466B
:101AE000414691469A4674A3D3E90023D6F744FCB5
:101AF000CDE90001DDE9002348465146D6F784FAD6
:101B000002460B4604460D46D6F736FC58A3D3E9E9
:101B1000002307468846D6F72FFC57A3D3E90023B6
:101B2000D6F772FA3A464346D6F726FC54A3D3E9D1
:101B30000023D6F76BFA3A464346D6F71DFC52A36C
:101B4000D3E90023D6F760FA3A464346D6F714FCA9
:101B50004FA3D3E90023D6F759FA3A464346D6F7BE
:101B60000BFC02460B4620462946D6F74DFA07469F
:101B70008846204629463A464346CDE90278D6F7BC
:101B8000FBFBCDE90401002E3FF44CAF3A4643463F
:101B900000204FF08041D6F737FA02460B46DDE9C8
:101BA0000401D6F713FD02460B46DDE90001D6F726
:101BB0002BFA4A465346D6F727FA0B4602464649C1
:101BC0000020D6F721FA6FF47F739E42C0F28E8018
:101BD00001EB065141EC100B06B0BDE8F087404B1D
:101BE0009A423FF65AAF3F4B03EBC603D3E90023BB
:101BF00020462946D6F708FA3B4B03EBC60393ED84
:101C0000007B86F001038DED007B81468A469E1B9A
:101C100070E72BA3D3E9002320462946D6F7F6F92F
:101C20002D4B0022D6F738FE00283FF4C2AE2A4BD7
:101C3000002220462946D6F7E9F941EC100B14E7BB
:101C400022462B4620462946D6F7E0F941EC100BF8
:101C500006B0BDE8F087002006B0BDE8F04702F00E
:101C6000FBBD00BFAFF300800000000000000000DB
:101C7000D0A4BE726937663EF16BD2C541BDBB3E92
:101C80002CDE25AF6A56113F93BDBE166CC1663F70
:101C90003E5555555555C53FEF39FAFE422E864003
:101CA00051302DD5104987C0FE822B654715F73F6F
:101CB0000000E0FE422EE63F763C7935EF39EA3D02
:101CC0009C7500883CE4377E412E8640FFFFEF7F05
:101CD000422ED63FFFFFEF3D0000F03F788903081A
:101CE000B1A2F03F688903085889030806F57A73A2
:101CF00001EB035100224FF0B873D6F73DFB41ECE6
:101D0000100B06B0BDE8F087384606B0BDE8F047D6
:101D100002F09ABD000000002DE9F04F51EC100BCD
:101D2000B1F5801F87B00C4680F2838021F000431C
:101D3000034300F029810029C0F2BC81D84B002266
:101D4000D6F71AFBD74B0C469C426FF0350C75DC6E
:101D50002215C4F3130404F51523A2F2FF3203F68F
:101D60006473624403F4801302EB135583F07F53D2
:101D700083F4401343EA04010022CB4B0195D6F7CC
:101D800043F9A31CC3F31303022B82468B464FF087
:101D900000025CDC0023D6F757FD002840F0FF80EE
:101DA000ABA3D3E9002350465946D6F7E5FA0246DD
:101DB0000B460020BD49D6F727F9524606460F4686
:101DC0005B4650465946D6F7D7FA0B460246394687
:101DD0003046D6F7D1FA019B54465D468046894687
:101DE000E3B10198D6F75EFA9BA3D3E90023064638
:101DF0000F46D6F7C1FA9AA3D3E9002304460D464D
:101E000030463946D6F7B8FA02460B4640464946B0
:101E1000D6F7FAF852465B46D6F7F6F802460B4676
:101E200020462946D6F7F0F841EC100B07B0BDE884
:101E3000F08F9C4B9C424FF0000C89DD02460B4614
:101E4000D6F7E4F841EC100B07B0BDE8F08F4FF087
:101E50008043D6F7DBF802460B4650465946D6F784
:101E6000B5FB804601988946D6F71CFA4246CDE973
:101E700004014B4640464946D6F77EFA06460F46D1
:101E800002460B46CDE90267D6F776FA76A3D3E988
:101E9000002306460F46D6F76FFA75A3D3E9002351
:101EA000D6F7B4F832463B46D6F766FA72A3D3E9C2
:101EB0000023D6F7ABF832463B46D6F75DFA70A35F
:101EC000D3E90023D6F7A2F8DDE90223D6F754FAC6
:101ED0006DA3D3E90023CDE9020130463946D6F798
:101EE0004BFA6BA3D3E90023D6F790F832463B4672
:101EF000D6F742FA68A3D3E90023D6F787F832462B
:101F00003B46D6F739FAA4F5C22502460B46C4F57E
:101F1000D724DDE90201D6F779F8A5F27A455134E4
:101F20002C43002C06460F4602460B4656DD5F4BFF
:101F3000002250465946D6F71FFA52465B46D6F75E
:101F40001BFA02460B4604460D4630463946CDE99B
:101F50000245D6F75BF84B464246D6F70DFA019B91
:101F600080468946002B40F0B0800B460246294649
:101F70002046D6F749F802460B4650465946D6F752
:101F800043F841EC100B5FE7002200234849002092
:101F9000D6F71CFB41EC100B07B0BDE8F08F002D0D
:101FA00000F0AE802846D6F77DF92BA3D3E90023B5
:101FB00006460F46D6F7E0F929A3D3E900230446E5
:101FC0000D4630463946D6F7D7F902460B4620462D
:101FD0002946D6F71BF841EC100B35E75046594619
:101FE000D6F712F84B464246D6F7C6F9019B54463F
:101FF0005D4680468946002B3FF410AFDDE904457D
:1020000015A3D3E9002320462946D6F7B5F914A332
:10201000D3E9002306460F4620462946D6F7ACF9F9
:1020200002460B4640464946D5F7EEFF52465B4610
:10203000D5F7EAFF02460B4630463946D5F7E4FFAE
:1020400041EC100B07B0BDE8F08F00BFAFF300808C
:10205000555555555555D53F0000E0FE422EE63FFB
:10206000763C7935EF39EA3D44523EDF12F1C23F0A
:10207000DE03CB966446C73F599322942449D23F4E
:10208000935555555555E53F9FC678D0099AC33F9E
:10209000AF788E1DC571CC3F04FA97999999D93FB5
:1020A00000005043FFFFEF7F0000F03F0000E03FE3
:1020B000000050C302460B46D5F7A6FF00220023BE
:1020C000D6F784FA41EC100BBEE6DDE9044510A317
:1020D000D3E9002320462946D6F74EF90EA3D3E9CB
:1020E000002306460F4620462946D6F745F94246C4
:1020F0004B46D5F78BFF02460B46DDE9020193E71D
:102100009FED010BA0E600BF0000000000000000F2
:102110000000E0FE422EE63F763C7935EF39EA3D9D
:102120002DE9F04F59EC118B29F0004358EA0300D8
:1021300055EC104B93B012D123196B4985F4002252
:1021400052419842914122D242464B46204629466E
:10215000D5F75CFF41EC100B13B0BDE8F08F63497D
:1021600025F0004088422F468346A24614D907F145
:10217000404303F5801353EA0A03E5D1424692181F
:10218000594889F40021494193428841DCD39FEDAD
:10219000540B13B0BDE8F08F4E46424612D08B422E
:1021A000E5D8014653D0002F14DB002A40F084808C
:1021B0004F48834240F05684002EC0F2158545EC0E
:1021C000104BC9E7002CBFD18342BDD800F05A8420
:1021D0000146E8E74748834200F2A4834648834229
:1021E00000F2A683002A40F0F183B6F1804F00F0A0
:1021F0000885009245EC104B0493029100F084FF97
:102200000299049BBAF1000F33D00098FA0F013AFB
:10221000104361D000980138104300F07E839FED99
:10222000307B8DED067BB3F1844F69D9334A9342FD
:10223000314B40F23A849B4500F20B85002EC0F2F0
:102240000B85002013B0BDE8F04F02F0FDBA002A64
:102250008DD100F1404303F58013234397D0264BE3
:102260009B4540F29984002EC0F21F8549EC108BEB
:1022700072E71F4A27F04040904202D0BBF1000FA6
:10228000C3D1002EC0F27E84002FBFF665AF009A46
:102290000BF1404303F58013134340F0BC8453EC2F
:1022A000102B10461946D5F7AFFE02460B46D6F75F
:1022B0008DF941EC100B4FE70022009245EC104BDA
:1022C0000493029100F020FF0299049BBAF1000FE1
:1022D000CFD0FA0F013A9DE722462B46E1E700BF37
:1022E000000000000000F03F0000F0FF0000F07F61
:1022F0000000F03FFFFF3F43FFFFEF3F0000F043D0
:10230000CD4B3B40002253B951EC100BCB4BD6F7D1
:1023100033F841EC100B10EE901A6FF034020B15ED
:10232000A3F2FF339E18C64BC1F3130141F07F5453
:10233000994244F4401440F3AA83C24B994240F3BB
:1023400078849FEDA77B8DED0E7B9FEDA77B8DEDB8
:10235000047B9FEDA37B8DED107B0136A4F58014EB
:10236000002553EC102B92465046DDE9042321460C
:10237000D5F74AFEA346DDE90423CDE90A0150461C
:102380002146CDE908ABD5F741FE02460B460020B9
:10239000AD49D6F71BF90A460146CDE90C121346A2
:1023A0000246DDE90A01D5F7E7FF0A460146CDE915
:1023B0000012DDE900BC0021CDE902BC02919DEDD7
:1023C000027B63105CEC17BB43F0005303F5002362
:1023D000DA460020591904460D4602460B4650467F
:1023E0006146E346D5F7C8FF02460B46DDE90A0120
:1023F000D5F70AFEDDE90423CDE90A012046294686
:10240000D5F702FE02460B46DDE90801D5F7FCFDD3
:1024100052465B46D5F7B0FF02460B46DDE90A019E
:10242000D5F7F2FDDDE90C23D5F7A6FFDDE9004580
:10243000CDE9040122462B4620462946D5F79CFFCC
:102440006BA3D3E9002304460D46D5F795FF6AA395
:10245000D3E90023D5F7DAFD22462B46D5F78CFFCA
:1024600067A3D3E90023D5F7D1FD22462B46D5F744
:1024700083FF65A3D3E90023D5F7C8FD22462B4689
:10248000D5F77AFF62A3D3E90023D5F7BFFD224633
:102490002B46D5F771FF60A3D3E90023D5F7B6FD2E
:1024A0002246CDE908012B4620462946D5F764FF90
:1024B00002460B46DDE90801D5F75EFF52460446A9
:1024C0000D465B46DDE90001D5F7A0FDDDE90423FB
:1024D000D5F752FF22462B46D5F798FD52460446C3
:1024E0000D465B4650465946D5F746FF574B0022EE
:1024F000CDE90A01D5F78AFD22462B46CDE90845EC
:10250000D5F784FD00240D4622462B4650465946F9
:10251000D5F732FF4D4B82468B4600222046294696
:10252000D5F772FDDDE90A23D5F76EFD02460B46AD
:10253000DDE90801D5F768FDDDE90023D5F71CFFCB
:1025400022462B46CDE90001DDE90401D5F714FF51
:1025500002460B46DDE90001D5F758FDCDE904013F
:1025600002460B4650465946CDE900ABD5F74EFD25
:10257000DDE902AB2AA3D3E9002350460D46D5F787
:10258000FBFEDDE90023CDE9020129465046D5F7DF
:102590003BFD02460B46DDE90401D5F735FD22A3DC
:1025A000D3E90023D5F7E8FE21A3D3E90023CDE941
:1025B000000129465046D5F7DFFE02460B46DDE90D
:1025C0000001D5F723FDDDE91023D5F71FFDCDE987
:1025D00000013046D5F766FE3AE000BFAFF3008059
:1025E0000000000000000000000000000000F03FBC
:1025F000EF4E454A287ECA3F65DBC9934A86CD3FE8
:1026000001411DA96074D13F4D268F515555D53FCD
:10261000FFAB6FDBB66DDB3F033333333333E33F65
:10262000000000E009C7EE3FFD033ADC09C7EE3FBA
:10263000F5015B14E02F3EBE0000F07F0000404338
:102640008E98030079B60B000000F03F00000840B0
:10265000DDE9002304460D46DDE90201D5F7D6FC8D
:10266000DDE90E6732463B46D5F7D0FC22462B46C5
:10267000D5F7CCFC22462B4650468B46D5F7C4FCFA
:1026800032463B46D5F7C0FCDDE90223D5F7BCFC5A
:1026900002460B46DDE90001D5F7B6FCCDE90201A3
:1026A0000023CDE900890093DDE90045404622463C
:1026B0002B464946D5F7A8FC52465B46D5F75CFE4B
:1026C0005646424682464B465F468B46DDE902014E
:1026D000D5F752FE02460B4650465946D5F796FCB2
:1026E000224682468B462B4630463946CDE902AB20
:1026F000D5F742FE804689464B46504659464246EB
:10270000D5F784FCD24B994204460D460E4640F361
:102710003D8101F13F4303F5E003034340F0AA820A
:10272000B7A3D3E90023DDE90201D5F76FFC4246E8
:1027300082468B464B4620462946D5F765FC024625
:102740000B4650465946D6F7A7F8002840F092822B
:102750004FF400733344C3F30A52BE4CA2F2FF326B
:10276000C3F31301144141F48011C2F1140241FA80
:1027700002F5002E04EA03010B464FF00000B8BF3B
:10278000694204950246B8BF049140464946D5F7D0
:102790003BFC049B1B05009302460B468046894682
:1027A000DDE90201D5F732FC0D46002496A3D3E9FA
:1027B000002320462946D5F7DFFD424606460F4650
:1027C0004B4620462946D5F71FFC02460B46DDE95D
:1027D0000201D5F719FC8EA3D3E90023D5F7CCFD70
:1027E0008DA3D3E900238046894620462946D5F7A4
:1027F000C3FD02460B4640464946D5F707FC8046D6
:10280000894602460B4630463946D5F7FFFB32462D
:102810003B4604460D46D5F7F7FB02460B464046BD
:102820004946D5F7F1FB224606460F462B46204681
:102830002946D5F7A1FD7AA3D3E90023804689462E
:10284000D5F79AFD78A3D3E90023D5F7DDFB4246FF
:102850004B46D5F791FD76A3D3E90023D5F7D6FBF8
:1028600042464B46D5F788FD73A3D3E90023D5F73D
:10287000CBFB42464B46D5F77FFD71A3D3E900233E
:10288000D5F7C4FB42464B46D5F776FD02460B46CC
:1028900020462946D5F7B8FB8046894602460B46B6
:1028A00020462946D5F768FD002282468B464046E1
:1028B00049464FF08043D5F7A7FB02460B465046EA
:1028C0005946D5F783FE3246804689463B46204628
:1028D0002946D5F751FD32463B46D5F797FB0246D0
:1028E0000B4640464946D5F78FFB22462B46D5F787
:1028F0008BFB02460B4600205749D5F785FB009A13
:102900008B18B3F5801FC0F2AD811946DDE90623AF
:10291000D5F732FD41EC100B1EE49FED4B7B8DEDA6
:10292000067B80E4002A00F0BC8102220092C5E40C
:102930001815A0F2FF30142840F33B81C0F1340099
:1029400022FA00FC0CFA00F0904200F0B281002A5A
:102950003CD1B6F1804F00F0548145EC104B009112
:10296000029300F0D1FBBAF1000F7FF4B5AC3A4A04
:1029700027F04040904200F0DF815A460099029BC8
:10298000002A00F0D381002200923EE4DFF8D0C09C
:1029900021F00043634540F21E81304BCB180343C6
:1029A0000AD142464B46D5F72FFBDDE90223D5F786
:1029B00069FF00283FF4CCAEDDE9060100220023C8
:1029C000D5F74CFF003818BF01203BE445EC104B15
:1029D0000293009100F098FBBAF1000F7FF47CACF9
:1029E0001D4A27F04040904200F078810099029BF8
:1029F000BBF1000F00F0C180CDF800A005E400BFDE
:102A0000FE822B654715973C00000000432EE63FF1
:102A1000EF39FAFE422EE63F396CA80C615C20BE0D
:102A2000D0A4BE726937663EF16BD2C541BDBB3ED4
:102A30002CDE25AF6A56113F93BDBE166CC1663FB2
:102A40003E5555555555C53F000000000000F0BFEC
:102A5000FFFF8F400000F0FF0000F03F00346F3FA9
:102A6000FFCB9040B6F1804F00F0CB80A0F58010F6
:102A700086427FF4BEAB45EC104B13B0BDE8F04F7F
:102A8000FEF74ABD002A7FF45FABFFF7E8BB9FED7E
:102A9000B67B8DED0E7B9FEDB67B8DED047B9DEDC2
:102AA0000E7B00258DED107B5BE49B45C0F0EC8038
:102AB000BF4B9B454FF0000200F2048151EC100B1C
:102AC000BB4BD5F7A1FAACA3D3E9002304460D46CE
:102AD000D5F752FCAAA3D3E9002306460F462046A9
:102AE0002946D5F749FCB34BCDE900010022204629
:102AF0002946D5F741FC02460B46A3A1D1E90001C6
:102B0000D5F782FA22462B46D5F736FC02460B460D
:102B10000020A949D5F778FA224682468B462B46F3
:102B200020462946D5F728FC02460B465046594612
:102B3000D5F722FC96A3D3E90023D5F71DFC024666
:102B40000B46DDE90001D5F75FFA02460B46044665
:102B50000D4630463946D5F759FA002032463B46F5
:102B600082468B46D5F750FA02460B462046294648
:102B7000D5F74AFACDE9020192E55E45CDF800B0FD
:102B8000BFF685AB53EC102B89490020D5F71EFD0D
:102B900041EC100BFFF778BB002E9FED730BBFF6D7
:102BA000DBAA09F1004300EE108A00EE903AFFF72D
:102BB000D3BA002A7FF40AAFC0F1140043FA00FC34
:102BC0000CFA00F0984200F08F80794883423FF47D
:102BD000F3AAFFF70ABB784A934200F29380DDE93B
:102BE000001200910491E0E57149002022462B4635
:102BF000D5F7ECFC41EC100BFFF7AEBAB6F1804F05
:102C00004FD122462B4620462946D5F7B5FB41EC4D
:102C1000100BFFF7A1BA009B012B7FF49DAA10EEC9
:102C2000901A10EE102A01F1004343EC102BFFF72D
:102C300093BA9FED597B8DED0E7B9FED597B8DED0A
:102C4000107B9FED597B4FF480258DED047BFFF7C2
:102C500088BB002E7FF7F5AA002013B0BDE8F04F27
:102C600001F0FABD41EC100B049801F031FD51EC7C
:102C7000100B4BE6DDE9060100220023D5F7EEFD3F
:102C8000003818BF0120E8E7DDE906010022002333
:102C9000D5F7E4FD003818BF0120002EBFF6D2AAF8
:102CA000DBE702220092FFF7A5BA9FED2F0BFFF79B
:102CB00053BA002AA2D00CF0010CCCF1020200920F
:102CC000FFF7FCBADDE906010023D5F7C7FD0038A0
:102CD00018BF0120002EC0DCFFF7B4BA002E19DBAC
:102CE000CDF800A0FFF7D3BA314A93423FF464AA6B
:102CF000B6F1804F85D00CF0010CCCF102020092AD
:102D0000FFF778BA1B15A3F2FE334FF4801242FA94
:102D100003F31FE553EC102B25490020D5F756FC93
:102D2000CDF800A041EC100BFFF7B1BA5E4509DB0E
:102D3000CDF800B0FFF7ABBA002E06DB00230093FE
:102D4000FFF7A5BA002300931CE753EC102B18499A
:102D50000020D5F73BFC002341EC100B0093FFF75C
:102D600096BA00BFAFF30080000000000000000032
:102D7000000000000000F03F000000604715F73F32
:102D800044DF5DF80BAE543E555555555555D53F6E
:102D9000FE822B654715F73F0000004003B8E23F75
:102DA00006D0CF43EBFD4C3E000000000000F83F92
:102DB0000000F03F0000D03F0000E03F00000000B6
:102DC0002DE9F84F55EC104BC54B25F000469E42BF
:102DD000A8460DD9C34B9E4200F2B68000F0B180E8
:102DE000B8F1000F40F3F4809FEDA10BBDE8F88F20
:102DF000BD4B9E4200F2C380A3F1DE739E4240F2BF
:102E0000AD804FF0FF3B22462B4620462946D5F7A2
:102E1000B3FA02460B4681468A46D5F7ADFA96A329
:102E2000D3E9002306460F46D5F7A6FA94A3D3E9C3
:102E30000023D5F7EBF832463B46D5F79DFA92A32F
:102E4000D3E90023D5F7E2F832463B46D5F794FAAA
:102E50008FA3D3E90023D5F7D9F832463B46D5F7FF
:102E60008BFA8DA3D3E90023D5F7D0F832463B4641
:102E7000D5F782FA8AA3D3E90023D5F7C7F84A46E3
:102E80005346D5F779FA88A3D3E9002381468A46C9
:102E900030463946D5F770FA85A3D3E90023D5F734
:102EA000B3F832463B46D5F767FA83A3D3E900234C
:102EB000D5F7AAF832463B46D5F75EFA80A3D3E9A8
:102EC0000023D5F7A1F832463B46D5F755FA7EA345
:102ED000D3E90023D5F798F832463B46D5F74CFAAC
:102EE00002460B4648465146D5F790F822462B46F7
:102EF000D5F742FABBF1FF3F02460B466CD07B4B45
:102F00007B4E03EBCB03D3E90023D5F77DF82246B4
:102F10002B46D5F779F806EBCB0602460B46D6E9E9
:102F20000001D5F771F8B8F1000F41EC100B13DA7E
:102F300010EE901A024601F1004343EC102BBDE85D
:102F4000F88F002C3FF44CAF22462B4620462946F2
:102F5000D5F75CF841EC100BBDE8F88F5CA3D3E922
:102F6000002320462946D5F751F8624B0022D5F7B9
:102F700093FC00283FF445AF45EC104BECE700F024
:102F8000C3F85D4B9E4255EC104B2DD8A3F5502352
:102F90009E4254D822462B4620462946D5F736F87D
:102FA000544B0022D5F730F8002206460F46204643
:102FB00029464FF08043D5F729F802460B463046A4
:102FC0003946D5F703FB4FF0000B04460D461AE7D0
:102FD0009FED410BBDE8F88F20462946D5F714F840
:102FE00041EC100BBDE8F88F444B9E421CD2444B81
:102FF000002220462946D5F707F8414B06460F46E2
:10300000204629460022D5F7B7F93A4B0022D4F7DB
:10301000FDFF02460B4630463946D5F7D7FA4FF04A
:10302000020B04460D46EEE622462B4635490020AB
:10303000D5F7CCFA4FF0030B04460D46E3E62D4BD3
:10304000002220462946D4F7DFFF2A4B06460F46CA
:10305000204629460022D4F7D9FF02460B463046C7
:103060003946D5F7B3FA4FF0010B04460D46CAE6D0
:10307000182D4454FB21F93F11DA22E33AAD903F79
:10308000EB0D76244B7BA93F513DD0A0660DB13F9F
:103090006E204CC5CD45B73FFF8300922449C23F07
:1030A0000D5555555555D53F2F6C6A2C44B4A2BFCC
:1030B0009AFDDE522DDEAD3F6D9A74AFF2B0B33F94
:1030C000711623FEC671BC3FC4EB98999999C93F0C
:1030D0009C7500883CE4377E182D4454FB21F9BFD1
:1030E000FFFF0F440000F07FFFFFDB3F88890308EC
:1030F000A88903080000F03FFFFFF23F0080034073
:103100000000F83F0000F0BF10EE901A53EC102BB7
:1031100021F0004343EC102B704700BF10EE103A33
:1031200023F00043B3F1485F2CD2FDEEC07A17EED6
:10313000903A002B60D060EE007A9FED317A9FEDDF
:10314000315ADFED315A9FED316ADFED316AA7EE7A
:10315000875A9FED307AE7EE855AA7EEA56AA7EE6B
:10316000867AE7EE876A66EEA76A60EEC00AB6EE78
:10317000007AE7EEA60AB7EE000AD7EE870A30EE2D
:10318000600A704760EE007A9FED1D7A9FED1D5A30
:10319000DFED1D5A9FED1D6ADFED1D6A1E4AA7EE89
:1031A000875A93429FED1B7AE5EE275AA5EEA76A50
:1031B000A6EE277AE7EE276A66EEA76AD5D9174A00
:1031C000934214D803F17F4307EE103AB7EE006A3A
:1031D00036EE476A60EEC00AF6EE005A97EEA57A20
:1031E000E7EEA60A37EE607A36EE470A7047B6EE8B
:1031F000076AB5EE027AEDE7B7EE000A704700BF46
:103200004ED747ADF6740F317CF293B4010DD03731
:10321000ABAA2A3D610BB6BA9999993E0000483F86
:1032200010EE103A23F00043B3F1485F04D2FDEEF4
:10323000C07A17EE903A5BB360EE007A9FED157A94
:10324000DFED155A9FED156ADFED156AE7EE875A37
:103250009FED147AA5EEA76A20EE275AE6EE276ABC
:10326000A6EEA77A30B9DFED106AE7EE876AA6EE20
:10327000850A704727EE457AF6EE006AA0EEA67A38
:10328000DFED0A6AD7EE270AE5EE260A30EE600A7D
:10329000704700BFD3C92E2F342FD7B21BEF38365B
:1032A000010D50B98988083CABAA2ABEABAA2A3EB8
:1032B00008B510EE103A23F00042B2F1465FF0EE8E
:1032C000407A0FD2BDEEC07A17EE101AF9B9431C3E
:1032D000134300F09E80012803D0BFEE007A87EEF2
:1032E000270A08BD4E498A4211D39FED4E7ADFED81
:1032F0004E6A002BBCBFF1EE600AF1EE407A77EE29
:10330000677A36EEE07ADFED490A77EE277A67EEE4
:10331000A76ADFED474ADFED475A9FED475A9FED19
:10332000476A3F4926EEA67A8A42E7EE245AA7EE7C
:10333000056ADFED434A9FED435AE5EE874AA6EE64
:10334000075ADFED415A9FED416AE4EE875AA5EE38
:10335000076ADFED3F4A9FED3F5AE5EE874AA6EE4A
:10336000075A9FED3D6ADFED3D5AA4EE876AE5EE10
:10337000075AB0EE467AA5EEA67A27EEA65AB0EE28
:10338000606AA7EE056ADFED364AE6EE260AE5EE4C
:10339000240A37EEA00A1ED20128A2D0BFEE007A7E
:1033A000C7EE006A10EE103A6FF30B0306EE103A08
:1033B00016EE903A76EE677A6FF30B0300EE103A52
:1033C00070EEE70AF7EE007AE6EE007AE0EE807A39
:1033D000A7EEA60A08BD07EE100AF8EEC76A20EEAF
:1033E000007A30EE260A9B1787EE006A03F002038C
:1033F000C3F10103F0EE005A36EE606A07EE103AB0
:1034000077EEC67AB8EEC77AE7EEE56A26EE870A67
:1034100008BDFDF7F3FFB7EE007A87EE000A08BD9E
:1034200040A12C3FDA0F493F682122330000000001
:103430005FAE9BB745F4A3388453D9377AC095382B
:10344000C8261A3AB937813916696B3B48DEBE3A4D
:10345000A427B33C1F37113C8988083ED10D5D3D40
:10346000ABAAAA3E10EE102A22F00043B3F17E5F11
:1034700000F0918000F28880B3F17C5F0FD2B3F14D
:10348000485F80F0A380DFED6C7A70EE277AB7EEAC
:10349000007AF4EEC77AF1EE10FA00F3948000B5EA
:1034A00087B0CDE90423FDF7A9FFF7EE006A76EEB9
:1034B000C07AB6EE007A67EE877ADFED605A9FED4C
:1034C000607A9FED606A9FED605ADFED604ACDED56
:1034D000027AE7EE875A9FED5E7AA5EEA76AA7EE1D
:1034E000857AE6EE274A9FED5B5ADFED5B5A9FED4A
:1034F0005B6AA7EE275AE4EEA75AA5EE276A9FED6E
:10350000587AA5EEA77AE6EE276A27EE277AB0EE7C
:10351000670ACDED036A8DED017AFEF7F5F85149A2
:10352000059B9DED017ADDED036ADDED027A049ADB
:103530008B42C7EE265A39D810EE103A6FF30B03C0
:1035400006EE103AE6EE467A30EE067ADFED466A8F
:10355000C7EE874AB0EE005AE4EEC56A9FED437AA3
:1035600030EE000AF0EE477AE6EE457AD0EE256AB4
:1035700076EEE76A37EE667A002A01DCB1EE477A2A
:10358000B0EE470A07B000BD70EE407A87EEA77A2A
:10359000B0EE470A70479FED347ADFED357A20EEC2
:1035A000077AA0EE277AB0EE470A7047A0EE250A08
:1035B000DFED307A9FED2E7AF0EE006AE0EE267AAB
:1035C00037EE677AD8E7B0EE407AE1E760EE007A4E
:1035D0009FED1B7ADFED196A9FED1A6ADFED1A5A2B
:1035E0009FED1A5AE7EE876A9FED197AA6EEA76A51
:1035F000A7EEA57AA6EE275ADFED166ADFED165A7A
:103600009FED166AE7EE276AE5EE275AA6EEA76A4F
:103610009FED137AA5EEA77AF7EE006AE6EE276A29
:1036200067EE277AB0EE407A87EEA66AA0EE067AB9
:10363000B0EE470A704700BFCAF24971047F4F3AA3
:1036400008EF1138461124BD2EC69D3DA80A4E3EF6
:10365000613330BF2D57014090B0A6BE39D119C09B
:10366000ABAA2A3E9999793F2EBD3BB3DB0F493F68
:10367000DB0FC93F2EBD3B3310EE903A23F00041E3
:10368000B1F1FF4FF0EE407A33D810EE10CA2CF0B3
:103690000040B0F1FF4F2CD8B3F17E5F3DD09A17B8
:1036A00002F0020242EADC7230B371B3B1F1FF4FB3
:1036B0003ED0B0F1FF4F35D000B5401AB0F1F45F05
:1036C00083B04FEAE0512ADA002B3EDA3C313CDA93
:1036D0009FED310A012A41D0022A46D03AB19FED2E
:1036E0002F7ADFED2F7A30EE070A30EE670A03B04B
:1036F00000BD30EEA70A7047022A0BD09FED297A51
:10370000032A08BFB0EE470A70478C450DDB9FEDDA
:10371000260A70479FED220A704700F0FDBE9FED1C
:10372000220AD7E7BCF1000FF1DA9FED200A7047BB
:10373000B0F1FF4F02F1FF3220D0022A26D81C4BF5
:1037400003EB820393ED000A704787EEA00A019213
:10375000FDF754FE00F0E0FE019ABBE710EE103AD0
:1037600003F1004300EE103AC1E79FED0C7ADFED64
:103770000C7A30EE070A37EEC00AB8E7022A08D8FA
:103780000C4B03EB820393ED000A70479FED020A96
:1037900070479FED090A7047000000002EBDBB3343
:1037A000DB0F4940DB0F49C0DB0FC93FDB0FC9BF4F
:1037B000C8890308D4890308DB0F493F10EE103A8B
:1037C00023F00042B2F1FF4F56D84FEAD37100F018
:1037D00095806248834200F38780002BC0F2878087
:1037E0005F4B9A424BD95F4B9A4200F29A805E4BF4
:1037F0005E4A03EB8103D3ED004A02EB810281F0C4
:10380000010370EE644AD2ED007A5B1A34EEE70AE7
:10381000DFED576A9FED575ADFED575A9FED576A14
:1038200020EE007AA7EE265ADFED556AE5EE075A3C
:10383000E5EE876AA6EE876AF0EE406AE6EE476A32
:1038400020EE266A002B42D0B0EE007A37EE667A80
:10385000B7EE000AC6EE076A13F17D0F77EEE67A3F
:1038600077EEE47A30EE670A4FDB10EE102A02EBB7
:10387000C35300EE103A704730EE000A7047B2F1C1
:10388000505F0AD2DFED3F7A70EE277AB7EE007A0A
:10389000F4EEC77AF1EE10FA5DDC60EE007A9FED8F
:1038A000347ADFED345A9FED346ADFED356AE7EEA6
:1038B000875A9FED327AA7EEA56AE7EE866AA7EEF1
:1038C000A67AF0EE406AE7EEC76A20EE266AF0EECE
:1038D000007A76EEE76AB7EE007AC6EE267A77EEE1
:1038E000C07A37EE670A7047002001F04DB8264BCA
:1038F0009A427FF675AF002001F040B8DFED237AE1
:10390000002918BFB0EE670A704710EE102A643322
:1039100002EBC353DFED1E7A00EE103A20EE270AC9
:1039200070471C4B9FED1C7ADFED1C6A03EB810393
:10393000D3ED007AE0EE077A9FED197AFDEEE77A93
:10394000F0EE404A17EE903AF8EEE77AE7EEE64AF4
:1039500067EE877A5AE730EE070A70471772B1426E
:103960001872B13E9115853FE8890308E089030884
:103970004CBB31330EEADDB555B38A38ABAA2A3ECB
:10398000610B36BBCAF24971B5F1CF4200000000AD
:103990000000800DF08903083BAAB83F8071313FD9
:1039A000D1F7173710EE102A32F000432FD0002A3B
:1039B000134633DBB2F1FF4F40DAB2F5000F34DBD0
:1039C0004FF0000C6448C3F31601081800F400021D
:1039D00082F07E520A43DB1500EE102A7F3B5F4ADD
:1039E000634401F10F0CF7EE007A0CEA020230EEAC
:1039F000670A03EBD05322BBB5EE400AF1EE10FA92
:103A000062D1002B40F090809FED550A70479FEDEA
:103A1000557ADFED537A87EE270A704770EE407AC9
:103A20009FED4F7A87EE870A7047DFED4F7A60EEA1
:103A3000277A6FF0180C17EE903AC3E730EE000AC1
:103A40007047F0EE007A70EE277A07EE103A80EEBB
:103A5000274A4648C1F55712081802F52272024358
:103A6000002A9FED433ADFED434ADFED435ADFED95
:103A7000433A9FED435ADFED437ADFED436A24EE8C
:103A8000046AF8EEC72A26EE067AE7EE034AA7EEA6
:103A9000235AE4EE875AE5EE076AE5EE877A67EE89
:103AA000867AE6EE877A2ADDB6EE007A20EE077A8D
:103AB00027EE007A77EE877A67EE847A3BBB37EEA3
:103AC000677A30EE470A7047DFED307AB6EE007A5B
:103AD000A0EE677A60EE007A27EE277A002BF0D00E
:103AE00007EE903A9FED2A6ADFED2A6AF8EEE77A50
:103AF000A7EEC67A37EE400A97EEA60A704770EE38
:103B0000677A67EE847AE3B930EE670A70479FED13
:103B1000206ADFED206AE2EE867A37EE677A37EECA
:103B2000400A92EEA60A704707EE903A9FED180AF7
:103B30009FED187AF8EEE77A27EE800AA7EE870A5B
:103B40007047DFED136A9FED137AE2EEE67A37EE07
:103B5000C00A92EE870A704720FB4A00F0FF7F0000
:103B600000000000000000CC0000004C305CCFFFE3
:103B70009788173E25333A3E2549923E4FD01C3E4A
:103B8000298E633EABAA2A3FCDCCCC3EABAAAA3E3F
:103B9000D1F717378071313F10EE902A32F0004193
:103BA00010EE103AF0EE407A08D183F480035B0007
:103BB00013F5000F10D937EEA00A704723F000402C
:103BC000B0F1FF4F0BD9B3F17E5FF4D182F48002E4
:103BD000520012F5000FEED8B7EE000A7047B1F1AF
:103BE000FF4FF0D830B52DED028B002B87B0F0EEF3
:103BF000606A054616DBB1F1FF4F00F00081B1F1BC
:103C00007E5F00F03481B2F1804F00F06D81B2F13F
:103C10007C5F40F04A8107B0BDEC028BBDE83040CC
:103C2000FDF772BDB1F1974F80F0F580B1F17E5F85
:103C300080F02A81B2F1804F00F05681B2F17C5FB2
:103C400000F05E82CDE9022100908DED010A8DED3C
:103C5000040ACDED050AFDF7D1FB0098DDED017AF0
:103C6000049BDDED056AB0F1FF4FDDE902214FF065
:103C7000000400F0EA80002800F03C81B0F17E5F93
:103C800000F038814FEAD37C0CF1FF3C54EA0C0E73
:103C900000F03381B1F19A4F40F25481994B984230
:103CA00040F27682984B984200F28582F7EE007AD5
:103CB00070EE670A9FED956A9FED957ADFED955A54
:103CC000F5EE007AA0EEE76AF6EE007AE6EE607AAC
:103CD00020EEA05A9FED906A67EE857A27EE677A0C
:103CE000A0EE867AB0EE476AA0EEA56A16EE103A0C
:103CF0006FF30B0306EE103AF0EE467AE0EEE57A4B
:103D000037EE677A6FF30B0207EE902A27EE267ADA
:103D100076EEE75A66EE277AA5EE867A631E53EAB8
:103D20000C03FFEE005A77EE276AB7EE006A16EE34
:103D3000902A18BFF0EE465A002A22F0004340F3C2
:103D4000F481B3F1864F00F27D8200F06182B3F11D
:103D50007C5F00F24382002318466FF30E0206EEEA
:103D6000102ADFED6E6A9FED6E3ADFED6E1A9FED61
:103D70006E4A9FED6E5A76EE677AF0EE002A37EEC5
:103D8000677A66EE267ADFED6A6AE7EE267AB7EEA4
:103D9000000AB0EE677AA6EE037AB0EE472A67EE25
:103DA000076AA6EE432A9FED636AA6EEA16A77EE44
:103DB000C27AA6EE264A9FED606AA4EE266AE7EE76
:103DC000277AA6EE265AB0EE476AA5EE666A27EE77
:103DD000065A36EE626AC5EE066A76EEE77A77EE46
:103DE000C77A30EE670A10EE102A1344B3F5000FBD
:103DF000C0F2D88100EE903A20EEA50A07E0B0F1BB
:103E00007E5F74D03BD9002A36DBB0EE660A07B07D
:103E1000BDEC028B30BDB1F1FF4FF0D0CDE9001009
:103E2000CDE902238DED050ACDED040AFDF7E6FA92
:103E300001980224B0F1FF4FDDE902230099DDED86
:103E4000046ADDED057A7FF416AF002A05DAF7EE95
:103E5000007A87EE800A002BD9DAA0F17E50204349
:103E600000F03181012CD2D1B1EE400ACFE7002A17
:103E700035DBB0EE670ACAE79FED300AC7E7002AD4
:103E8000FADAB1EE660AC2E74FEAE15CCCF1960CD1
:103E900041FA0CFE0EFA0CFC8C4500F01981B1F1D0
:103EA0007E5FE4D0B2F1804F1ED0B0EE670ACDE95C
:103EB0000323CDE90110CDED056ACDED007AFDF7C4
:103EC0009DFA0298B0F1FF4FDDE903234FF00004A3
:103ED00010D0DDED007A0199DDED056ACBE6B7EE95
:103EE000007A87EE270A92E727EEA70A8FE7B7EE58
:103EF000000A8CE7002AAADBADE777EEE77A87EEC7
:103F0000A70A84E7F3FF7F3F0700803FABAAAA3EE2
:103F10003BAAB83F00AAB83F70A5EC368CBEBF35AF
:103F20000072313F4CBB313355B38A38ABAA2A3EBD
:103F30001872313F0EEADDB5610B36BB00000000A0
:103F40000000804B13F0FF4F40F020815FED047ABA
:103F500060EE277A6FF0170317EE905AE915DFF835
:103F600044E37F391944C5F31603734543F07E508B
:103F700040F30381DFF830E3734540F326819FED82
:103F8000B94A0131B0EE448AA0F50000F7EE000A0C
:103F90004FF0000E04EE900A74EEA07AB7EE007AAD
:103FA00087EE270AB04B03EA600343F0005303F5A2
:103FB0008003734434EEE06A07EE901A66EE001A4E
:103FC000B8EEE77ADFEDA92A9FEDA93ADFEDA93A2D
:103FD0009FEDA95ADFEDA95A9FEDA91A61EEA17ACA
:103FE000B0EE082AA7EEA23AE3EE273AA3EEA75ACC
:103FF000E5EE275A27EEA75AA5EEA71A07EE903A44
:1040000011EE903A6FF30B0303EE103AA3EE676ADA
:10401000F0EE465A37EEE06A71EE837A74EEC63AF5
:10402000B0EE656AA3EE636AF0EE424A26EE006ADD
:10403000E3EE034A67EE867ADFED920ADFED923A0D
:10404000E5EE017A9FED911A74EEA75A15EE903ABB
:104050006FF30B0305EE903A35EEC25AA3EE435AC6
:1040600077EEC57A67EEA17AE6EE257AB0EE675A6A
:10407000A3EE255A15EE103A6FF30B0305EE103A36
:10408000B0EE456AA3EE656A77EEC67A67EEA07A6F
:10409000E5EE017A77EE887AB0EE676AA5EE236ADC
:1040A00036EE046A36EE076A16EE103A6FF30B032B
:1040B00006EE103A36EE477A37EE447AA5EE637A8A
:1040C00037EEC77A1EE670EE407A87EEA70A9EE6C4
:1040D000B1F17E5F3FF4CBAEB2F1804F3FF404AF5D
:1040E0000EF0010ECDE90010CDE902238DED050A99
:1040F000CDED040ACEF10204FDF780F9019899E6AE
:1041000001908DED000AFDF779F90198B0F1FF4FAC
:104110003FF47DAEDDED007A00283FF478AEB0F1DB
:104120007E5F7FF4EAAE002497E659498B4200F2A5
:1041300091807FF40CAE76EEE76AF4EEC76AF1EE9A
:1041400010FA80F2878002F50042524BC2F3C75149
:104150007F39C2F316000B4140F40000C1F1170192
:1041600013400841404206EE903A77EEE67AC305E6
:1041700077EE276A16EE902AEFE59FED3A4AF7EEC2
:10418000000AB0EE448A4FF0000E03E70023E5E694
:10419000002A12DB002007B0BDEC028BBDE83040E6
:1041A00000F0ECBBCDED005A00F05EFBDDED005AF7
:1041B000F0EE400A20E6002AECDD002007B0BDEC5E
:1041C000028BBDE8304000F0DFBB9FED334A9FED2E
:1041D000338AF7EE080A4FF4001EDBE6DB157E3B60
:1041E0004FF40001194111442A4BC1F3C75CACF1F3
:1041F0007F0CC1F3160043FA0CF340F40000CCF13D
:10420000170C002A40FA0CF003EA0103ABDAA9E725
:104210009FED236A76EEE76A37EE066AB4EEE66A49
:10422000F1EE10FA0EDC02F500421A4BD1157F397F
:10423000C2F316000B4140F40000C1F11701134016
:10424000084190E7F5EEC05AF1EE10FA4CBF01209C
:104250000020B3E7F5EEC05AF1EE10FA4CBF012092
:10426000002098E70000000000F0FFDF42F1533E1D
:1042700055326C3E05A38B3EABAAAA3EB76DDB3E22
:104280009A99193F4F38763F0040763FC623F6B8DB
:1042900000001643000080FF00C0153FDCCFD13581
:1042A0003CAA383371C41C00D6B35D0010B510EEC3
:1042B000104A8B4A24F00043934288B070D9894A4F
:1042C000934222D824F00043002C9FED877A874A3E
:1042D00023F00F0340F3EB80934270EE477A09BF5F
:1042E0009FED837ADFED836ADFED836A77EEC77A2D
:1042F00037EEE67A77EEC77A80ED007A77EEE67AE7
:10430000C0ED017A012008B010BD7C4A93420146FD
:1043100054D9B3F1FF4F4AD2DA15863AA3EBC25310
:1043200007EE903ABDEEE77ADFED756AB8EEC77A30
:1043300077EEC77A8DED057A67EEA67ABDEEE77A5D
:10434000B8EEC77A77EEC77A8DED067A67EEA67A71
:10435000F5EE407AF1EE10FACDED077A40F092805A
:10436000B5EE407AF1EE10FA40F08E8001236548F8
:1043700001900220009005A8029100F00BFB002C98
:104380000299C0DA91ED007AD1ED017AB1EE477A67
:10439000F1EE677A81ED007AC1ED017A4042B2E731
:1043A000002380ED000A4360002008B010BD70EECD
:1043B000407AC0ED017AC0ED007AF5E7CDE9023030
:1043C000FDF71CF89FED507A9FED476AF6EE007AF4
:1043D000E0EE077ADDE90231FDEEE77A9FED457AFE
:1043E000F8EEE76A17EE900AA6EEC60A1F2866EEF8
:1043F000877A30EE677A20DCDFF818C100F1FF3EE3
:1044000024F000425CF82EC022F0FF02624514D076
:1044100081ED007A30EE470A002C30EE670A81ED1C
:10442000010ABFF670AFB1EE477AB1EE400A81EDF6
:10443000007A81ED010A404265E717EE102AC2F3C7
:10444000C752C2EBD352082AE2DD9FED297ADFED95
:104450002A5AB0EE406AA6EEC76A70EE467AE6EED9
:10446000C77AD6EEA57A36EE677A17EE102AC2F32F
:10447000C752C2EBE353192B08DCB0EE460A81EDBC
:10448000007AC7E7032372E7022370E79FED1F7AE4
:10449000DFED1F5AB0EE460AA6EEC70A76EE407A66
:1044A000E6EEC77AD6EEA57A30EE677AB0E79342A9
:1044B00070EE077A09BF9FED0E7ADFED0E6ADFED31
:1044C0000E6A77EE877A37EEA67A77EEC77A80EDB6
:1044D000007A77EEA67AC0ED017A4FF0FF3012E74E
:1044E000D80F493FE3CB1640800FC93FD00FC93FDB
:1044F000004435374344353708A3852E800F4943A0
:1045000000008043788A030884F9223F00A3852EA7
:1045100032318D24F889030810EE102A22F000436E
:10452000B3F1A14FF0EE407A07D3B3F1FF4F56D865
:10453000002A7CDD9FED530A704700B552498B423B
:1045400083B05BD8B3F1445F4CD34FF0FF3327EE19
:10455000A76A9FED4E5A9FED4E7ADFED4E5ADFED82
:104560004E4A66EE066A591CA6EE857AE6EEA54A24
:104570009FED4A5ADFED4A5AA7EE265AE4EEA65AB4
:104580009FED487ADFED484AA5EE267AE5EEA64A89
:104590009FED465ADFED465AA7EE265A9FED457A23
:1045A000A4EEA67AE5EE265A27EE267AA5EE867ABE
:1045B00027EE277A42D04048404900EB8300D0EDF7
:1045C000006A37EE667A01EB8303D3ED006A37EEBB
:1045D000677A002A36EEC70A2CDB03B000BD30EE46
:1045E000000A70479FED367A30EE077AF7EE006AE0
:1045F000B4EEE67AF1EE10FAA7DDEEE7CDE900328F
:10460000FCF7FCFE2F49009B019A8B421AD8A1F5BA
:10461000D0018B422BD8F0EE007ABFEE007AA0EEEC
:10462000277A002330EE270AC7EE007A8FE79FED46
:10463000260A7047B1EE400A03B000BD37EEC70A44
:1046400003B000BD21498B420BD8F7EE087AB7EED4
:10465000007AA0EE277A022330EE670AC0EE077ACE
:1046600075E7BFEE007AC7EE007A03236FE7F7EE37
:10467000007A30EE677A30EE270A0123C7EE007A1F
:1046800065E700BFDB0FC93FFFFFDF3ED769853C11
:1046900059DA4B3D21A215BD6BF16EBD356B883DDE
:1046A00095879DBD6E2EBA3D388EE3BD2549123EDD
:1046B000ABAAAA3ECDCC4CBE908D0308A08D0308BA
:1046C000CAF24971FFFF973FDB0FC9BFFFFF1B40D5
:1046D0002DE918485CEC10BBCCF30A530446614644
:1046E00093BB2CF0004151EA0B012BD0404B5846B4
:1046F00061460022D3F740FE3E4B9C4283468C46E7
:104700005BDBC1F30A53363B4CF25032944228DC57
:1047100004EB030E40F2FE739E4522DCBEF1000F57
:1047200039DC1EF1350F3FDB0EF1360E6FF31E51F3
:1047300041EA0E53194658462F4B0022D3F71CFE70
:1047400041EC100BBDE8188840F2FF729342DBD1B8
:104750005A4663465846D3F759FC41EC100BBDE866
:104760001888BCF1000F1AA1D1E9000108DB18A3D9
:10477000D3E90023D3F700FE41EC100BBDE8188805
:1047800015A1D1E9000112A3D3E90023D3F7F4FD69
:1047900041EC100BF2E76FF31E515A4641EA0E53FB
:1047A00043EC102BBDE81888BCF1000F0CA1D1E937
:1047B000000102DA0CA1D1E9000109A3D3E9002329
:1047C000D3F7DAFD41EC100BBDE81888AFF3008099
:1047D0009C7500883CE4377E9C7500883CE437FE7D
:1047E00059F3F8C21F6EA50159F3F8C21F6EA581D7
:1047F00000005043B03CFFFF0000903C10B582B079
:104800008DED000B044600F0E3FE9DED000B04600F
:1048100002B010BD00B5034683B051EC100B83B15C
:10482000024601F10043CDE90023DDE90023D3F77F
:10483000A3FD41EC100B222003B05DF804EBFFF761
:10484000DDBF02460B46EEE79FED010BFFF7E2BF2F
:1048500000000000000000109FED010BFFF7DABF21
:10486000000000000000007010EE103A33F000412C
:104870001A4625D0B1F1FF4F1FD213F0FF4F20D1C0
:10488000DFED297A294A60EE277A904217EE903AB6
:1048900031DB4CF2503CC3F3C75160451A46A1F1DD
:1048A000190114DD002BDFED227A9FED210AB8BF3C
:1048B000DFED207A27EE800A704730EE000A70475D
:1048C00070474CF2503C60454FEAD151EADC084455
:1048D000FE28E7DC002815DC10F1160F19DB193073
:1048E00022F0FF4242EAC05207EE902A9FED120AE0
:1048F00027EE800A7047DFED117A07EE103A27EEB7
:10490000270A704722F0FF4242EAC05300EE103AF5
:104910007047002BDFED097A9FED080AB8BFDFED85
:10492000087A27EE800A70470000004CB03CFFFF79
:10493000CAF24971CAF249F1000000336042A20D87
:104940006042A28D10B582B08DED010A044600F0E0
:104950003FFE9DED010A046002B010BD30B1F1EEE2
:10496000407A27EE800A2220FFF7ECBFF0EE407A73
:1049700027EE800A2220FFF7E5BF00BF9FED010A66
:10498000FFF7ECBF000000109FED010AFFF7E6BF44
:10499000000000702DE9F04F2DED048BDBB01C46BC
:1049A0000393814613466898CB4A04F1FF381C1DD7
:1049B00052F82050C0F26682DA1E48BF1A1DD2108B
:1049C00004920132D2000692069A15EB0806A3EB78
:1049D00002021BD404989FEDC47A699F0136A0EBB4
:1049E000080006441EAC9C460028A4BF57F820309F
:1049F00007EE903A00F10100ACBFF8EEE77AF0EE76
:104A0000477AB042E4EC017AEED16346002DC0F261
:104A1000EC800398B8F1000F0DF58C7C464605EB51
:104A2000000EB8BF0024C0F2D38003981EAF07EB7E
:104A30008007840009EB8000DFEDAB7ABB46CA46F5
:104A4000FAEC016A3BED017A8245E6EE877AF7D10E
:104A500001367645ECEC017A07F10407ECD109A8A0
:104A6000CDE9071300EB85000DF1280A9FED9B9A15
:104A7000DFED9B8A05904C440AEB8507AB4646AEBA
:104A8000019510460DEB8B03BBF1000F93ED460A29
:104A90004FEA8B0515DD7319524660EE097AB0EEC8
:104AA000407AFDEEE77A73ED016AF8EEE77AB342F9
:104AB000A7EEE87A37EEA60ABDEEC77AA2EC017A35
:104AC000EBD10290FFF7D0FEB0EE408AB4EE000AC0
:104AD00028EE000AFCF71CFEF2EE007AA0EE678AD0
:104AE00002980028FDEEC89AF8EEE97A38EE678A57
:104AF0007EDD0BF1FF31C0F108035AF821E04EFAD8
:104B000003FC0CFA03F3AEEB030EC0F1070219EE3F
:104B1000903A4EFA02F26344002A09EE903A4AF8BB
:104B200021E000F3FA80B5EE408AF1EE10FA70D180
:104B3000019B9B450CDD0AEB05030021944653F8CD
:104B4000042DBB4241EA0201F9D1002940F046811F
:104B5000019B013B0BF1010E5AF82330002B40F072
:104B60003B81059B012153F8042D0131002AFAD025
:104B70005944049B03EB0B02039B5B440293699B28
:104B800003EB820B029B0DF1780C0CEB830C47AB13
:104B90001D44DBED017AF8EEE77AB8F1000F0BF176
:104BA000040BECEC017ADFED507A09DB62464B46F0
:104BB000F3EC016A32ED017AA342E6EE877AF7D18F
:104BC0000EF1010E8E45E5EC017AE2DD8B4659E7E8
:104BD000701C7045CCF8004006F1020605D0B645C1
:104BE000CCF804400CF1080CF2D10398840036E7AD
:104BF00000F0D980F6EE007AB4EEE78AF1EE10FA12
:104C000080F22E81B5EE408AF1EE10FA4FF00002EC
:104C10008ED0CDE90220089B069A0799019D01914B
:104C2000D01AB0EE480AFFF71FFE9FED2D7A0199CA
:104C3000039AB4EEC70AF1EE10FAC0F29781DFEDE5
:104C4000277A60EE277A0BF10104FDEEE77A08324D
:104C5000F8EEE77AA7EEC70AFDEEE77ABDEEC00AE6
:104C600010EE103A4AF82B3017EE903A4AF82430FA
:104C70001046B7EE000A0191FFF7F6FD002C0199EE
:104C8000B0EE407AC0F29D810AF1040347A8DFED3F
:104C9000136A03EB840300EB8400A2000DF58C7C07
:104CA00073ED017AF8EEE77A534567EE877A27EEDF
:104CB000267A60ED017AF3D1002D0DF1C80EC0F215
:104CC000998194442746F04600269146054ADFED37
:104CD000067A6046002311E0DC8D03080000803B6B
:104CE00000008043B08D030800000000F2EC016A70
:104CF000B0EC017A9D42E6EE877A03DB9E4203F137
:104D00000103F3DA013F7B1CC8ED007A7ED008F185
:104D100004080136ACF1040CD8E70133BBF1000FF5
:104D200009EE903A40F3438151464FF0000E51F89E
:104D3000043B3BBB0EF1010EF345F8DC9E46002818
:104D40000CDD012800F08380022807D10BF1FF3130
:104D50005AF8213003F03F0C4AF821C0022A7FF4B0
:104D6000E2AEB7EE000A30EE488ABEF1000F3FF423
:104D7000DAAE09920290FFF777FD0298099A38EEB1
:104D8000408AD0E6C3F5807341F8043C04E00B6828
:104D9000C3F1FF0341F8043B0EF1010EF345F6DCCD
:104DA0004FF0010ECBE70BF1FF335AF82320D2115D
:104DB000002A7FF7B8AE19EE903ABBF1000F03F16D
:104DC000010309EE903AAFDC022A7FF4ACAEF7EEB5
:104DD000007A37EEC88AA6E67146CAE60BF1FF34C0
:104DE000A0F108025AF824300799CDF808C02846E7
:104DF000019D002B7FF43CAF034609A8034453F800
:104E0000040D013C083A0028F9D031E74A46689B76
:104E1000022B62DC002B3ADC10D10EF104035FEDB3
:104E20004E7A134433ED017A9E4577EE877AF9D1B5
:104E3000029B002B40F0AB80C1ED007A19EE903A56
:104E400003F007005BB0BDEC048BBDE8F08F0BF105
:104E5000FF315AF8213003F07F0C4AF821C07DE77A
:104E600019EE903ABBF1000F03F1010309EE903AFD
:104E7000C8BF02223FF758AFF7EE007A37EEC88A74
:104E8000022250E608220692002204929CE50EF1CE
:104E90000403DDED327A1FED6C7A1A4452ED016A9B
:104EA0001346043A964537EE267AF7D1029A002A3D
:104EB00064D177EEC77A81ED007A5CB10122B3EC60
:104EC000017A0132944277EE877AF8DA029B0BB1CD
:104ED000F1EE677AC1ED017AB0E7689B032BADD1A3
:104EE000002C00F084800EEB020696ED007A30462E
:104EF000354655ED017AF0EE476A37EE277A2B46B4
:104F000077EEC77A043D77EEA67AAE45C3ED007A18
:104F100003ED017AEDD1012C69D096ED007A70EDA8
:104F2000017AF0EE476A37EE277A834277EEC77A46
:104F300080ED007A77EEA67AC0ED017AEFD15FEDD1
:104F4000967A1A44043332ED017A934277EE877AE7
:104F5000F9D1029BDDED326A9DED337AD3B9C1ED13
:104F6000006A81ED017AC1ED027A67E7BDEEC00A01
:104F70005C4610EE103A4AF82B3079E6F1EE476ABB
:104F800077EEC77AC1ED006A002C97D1A0E7F1EE69
:104F9000677A51E7F1EE666AB1EE477AF1EE677A29
:104FA000C1ED006A81ED017AC1ED027A46E7012880
:104FB00011D002287FF408AF0EF03F034AF82130E9
:104FC00002E7689B022B0EDC002B21DC7FF436AF5E
:104FD0005FEDBB7A2CE70EF07F03022A4AF82130FE
:104FE0007FF4A1ADF3E6689B032B7FF427AFDFEDE1
:104FF0000E7AAEE70025204673461D6000283FF478
:1050000006AF0238461C5D6003F10803F5D1FEE6E9
:10501000029BDDED327A1BB14FF000430B6057E786
:1050200000230B6056E700BF000000002DE9F047A9
:1050300082B00646DDF828E00846B4460D46002B4F
:105040004ED18A4214466DD9B2FA82F242B1C2F10F
:105050002003954026FA03F394401D4306FA02FC10
:10506000260CA7B2B5FBF6F14FEA1C4306FB11551F
:1050700043EA054301FB07F0984209D9E31801F11F
:10508000FF3580F00381984240F2008102392344C9
:105090001B1A1FFA8CFCB3FBF6F006FB10334CEA2C
:1050A000034C00FB07F363450AD914EB0C0C00F129
:1050B000FF3580F0ED80634540F2EA80A444023879
:1050C00040EA0140ACEB030C0021BEF1000F04D01C
:1050D0002CFA02F30022CEE9003202B0BDE8F087DC
:1050E0008B4209D9BEF1000F01D0CEE90061002149
:1050F000084602B0BDE8F087B3FA83F117460029ED
:105100004DD1834202D3B24200F20F81B6EB070CBD
:1051100060EB030301201D46BEF1000FDDD0CEE998
:1051200000C5DAE7002A00F098801A46B4FA84F342
:10513000002B40F0AF800B1B270CA6B20121B3FB64
:10514000F7F54FEA1C4007FB153340EA034306FB23
:1051500005F8984507D9E31805F1FF3002D29845C4
:1051600000F2E8800546A3EB08031FFA8CFCB3FBB2
:10517000F7F007FB10334CEA034C06FB00F36345E2
:1051800008D914EB0C0C00F1FF3602D2634500F293
:10519000CE803046ACEB030C40EA054095E7C1F108
:1051A00020058B4022FA05FC4CEA030C00FA01F4BE
:1051B00026FA05F3E84002FA01F943EA04084FEA47
:1051C0001C4206FA01FAB0FBF2F71FFA8CF602FB5A
:1051D00017004FEA184444EA004407FB06F0A042D7
:1051E0000AD91CEB040407F1FF3380F09C80A04235
:1051F00040F29980023F6444241A1FFA88F3B4FBFA
:10520000F2F002FB104443EA044300FB06F69E4220
:1052100009D91CEB030300F1FF3480F082809E4229
:105220007FD90238634440EA0740A0FB09749B1B06
:10523000A3423E46A04664D361D0BEF1000F0AD01F
:10524000BAEB060263EB080303FA05F5CA401543FF
:10525000CB40CEE9005300213FE7730843EAC17316
:105260004A08190C41EA02414FEAC67C9BB2B2FBE4
:10527000F4F02646A04627461F2243EA0143B1FB2D
:10528000F4F1A3EB080341EA004158E72946FFE6A1
:10529000284615E71A46C3F120019C4026FA01F37F
:1052A00020FA01F190400343270C06FA02FCB1FBFF
:1052B000F7F0A6B207FB1015190C41EA054100FBF7
:1052C00006F58D423BD9611801D28D4220D8491B89
:1052D0000138B1FBF7F5019505FB06F8019D9BB27E
:1052E00007FB151143EA0143434526D2E31805F1B4
:1052F000FF31C6D24345C4D2A91E2344C1E7BA45F3
:105300009BD2B7EB090664EB0C040138A04694E786
:10531000651B29440238B1FBF7F5019505FB06F83A
:10532000DCE720467FE71F4666E70846F4E6A4442C
:1053300002382FE7023D234415E70199A1E7491BF5
:10534000B1FBF7F5019505FB06F8C7E70023014619
:105350001A46184600F080B90A22002100F0A2B8CF
:10536000242B2DE9F84F42D8012B884619463ED010
:1053700091464B4A82461E46C64670461EF8017B41
:10538000D35D13F00803F8D12D2F70D02B2F05BF5C
:105390009EF800709B469B4600F1020E6FF00043A2
:1053A00061BB302F4DD00A2631460022B3FBF6F404
:1053B000104606FB143505E03CD006FB00C0012278
:1053C0001EF8017BA7F1300CBCF1090F06D9A7F13B
:1053D000410CBCF1190F17D8A7F1370C61451CDD42
:1053E000571CEDD08442E7D24FF0FF32E8E700F0DF
:1053F000EFF8162303600020BDE8F88F1029D4D100
:10540000302F27D00E46D0E7A7F1610CBCF1190F61
:1054100003D8A7F1570C6145E2DC511C30D0BBF139
:10542000000F0CD1B9F1000FE6D0AABBC9F800807B
:10543000BDE8F88F6545C0DA4FF0FF32C0E7404263
:10544000F0E79EF8002002F0DF02582A08D0082674
:105450003146AAE79EF8002002F0DF02582AD1D197
:1054600010269EF8017031460EF1020E9DE79EF85F
:1054700000704FF0004300F1020E4FF0010B8FE778
:105480002222CAF80020B9F1000F07D00EF1FF3830
:105490001846C9F80080CBE70346F7E71846ABE7A4
:1054A000E98D030800B5DFF818E084461346DEF8FE
:1054B00000005DF804EB0A466146FFF751BF00BFEC
:1054C000B0020020032A11D8002A3BD0013A431E23
:1054D0000139024401E09A4234D013F8010F11F867
:1054E00001CF6045F7D0A0EB0C00704710B541EA42
:1054F0000004A40784460B460FD0013A431E01392D
:10550000024401E09A421BD013F8010F11F801CFB9
:105510006045F7D0A0EB0C0010BDDCF80040D3F8DC
:1055200000E074451946604603F104030CF1040CD5
:10553000E3D1043A032AF0D860461946002ADCD1A8
:10554000002010BD0020704730B584078646034612
:1055500006D0A2B303F8011B980702F1FF32F8D17D
:10556000032A26D95FFA81FC0CEB0C2C0F2A0CEBDA
:105570000C402AD922F00F0C9C44C3E90000C3E977
:10558000020010336345F8D112F00C0F02F00F0443
:1055900017D04FEA940C0CF1FF351A4603EB8C0C34
:1055A00042F8040B6245FBD1043304F0030203EB21
:1055B000850322B11A4403F8011B9A42FBD17046BD
:1055C00030BD2246002AF5D1F9E71446E1E700BFD5
:1055D000014B1868704700BFB002002070B50E4E36
:1055E0000E4DAE4208D0761BB610002455F8043B91
:1055F00001349847A642F9D8094E0A4D03F076FCCB
:10560000AE4208D0761BB610002455F8043B013496
:105610009847A642F9D870BD0C8F03080C8F030879
:10562000148F03080C8F030838B5074D074C2C1B4B
:10563000A41005D0013C55F8043D9847002CF9D141
:10564000BDE8384003F058BC188F0308148F0308D6
:10565000704700BF704700BFF0B51D4C83B00546D2
:105660002068019116461F46FFF7F2FF194A01997B
:10567000136823B35A6820681F2A23DC4DB9541CD1
:1056800002325C6043F82210FFF7E4FF002003B011
:10569000F0BD03EB820E0124CEF88860D3F8886158
:1056A000944046EA040C022DC3F888C1CEF8087174
:1056B000E5D1D3F88C512543C3F88C51DFE7064B75
:1056C0001360D7E7FFF7C6FF4FF0FF30DFE700BFFB
:1056D000B8040020FCC000206CBF0020024B13B1B6
:1056E0000248FFF733BE7047000000002956030848
:1056F0000000C03E0000003F000000BF000040BFAF
:105700000000003E0000803E00D57FAAFE2B8154A1
:1057100029FC5683D702A87D52872DF8AC79D30691
:105720007BAE04D18550FA2FA471DB0E5A8F25F081
:105730008D58F22773A60CD9F623895C08DD77A271
:10574000DF0AA07521F45E8B9D48E23763B61CC961
:10575000B461CB1E4A9F35E0CF1AB06531E44E9B51
:10576000E633994C18CD67B239EC4693C712B86D41
:1057700010C56FBAEE3B91446BBE14C19540EA3F31
:1057800042973DE8BC69C316EF3A904511C46EBB21
:10579000C613B96C38ED4792BD68C21743963CE911
:1057A0009441EB3E6ABF15C04B9E34E1B560CA1F01
:1057B00062B71DC89C49E33619CC66B3E732984DF1
:1057C00030E54F9ACE1BB16472A70DD88C59F326E1
:1057D0005B8E24F1A570DA0F20F55F8ADE0BA174D1
:1057E00009DC76A3F722885DD603A97C28FD5782C1
:1057F000FF2A805501D47EAB8451FB2E7AAF05D0B1
:10580000AD78D20753862CF90000000000006940F3
:105810000000000000006940000048420000804095
:105820000000000000C0724000000000000049407D
:10583000000082420000E040000000000000000084
:10584000000000000D424C48656C69F47D000000CA
:1058500000002110422063308440A550C660E770EC
:10586000088129914AA16BB18CC1ADD1CEE1EFF194
:105870003112100273325222B5529442F772D6623C
:10588000399318837BB35AA3BDD39CC3FFF3DEE3E4
:105890006224433420040114E664C774A44485548C
:1058A0006AA54BB528850995EEE5CFF5ACC58DD534
:1058B0005336722611163006D776F6669556B446DC
:1058C0005BB77AA719973887DFF7FEE79DD7BCC784
:1058D000C448E5588668A77840086118022823382C
:1058E000CCC9EDD98EE9AFF9488969990AA92BB9D4
:1058F000F55AD44AB77A966A711A500A333A122A7C
:10590000FDDBDCCBBFFB9EEB799B588B3BBB1AAB23
:10591000A66C877CE44CC55C222C033C600C411CCB
:10592000AEED8FFDECCDCDDD2AAD0BBD688D499D73
:10593000977EB66ED55EF44E133E322E511E700E1B
:105940009FFFBEEFDDDFFCCF1BBF3AAF599F788FC3
:105950008891A981CAB1EBA10CD12DC14EF16FE1A3
:105960008010A100C230E3200450254046706760DB
:10597000B9839893FBA3DAB33DC31CD37FE35EF3F3
:10598000B1029012F322D23235421452776256722B
:10599000EAB5CBA5A89589856EF54FE52CD50DC543
:1059A000E234C324A014810466744764245405447B
:1059B000DBA7FAB79987B8975FE77EF71DC73CD793
:1059C000D326F2369106B0165766767615463456CB
:1059D0004CD96DC90EF92FE9C899E9898AB9ABA9E3
:1059E0004458654806782768C018E1088238A3281B
:1059F0007DCB5CDB3FEB1EFBF98BD89BBBAB9ABB33
:105A0000754A545A376A167AF10AD01AB32A923A6A
:105A10002EFD0FED6CDD4DCDAABD8BADE89DC98D82
:105A2000267C076C645C454CA23C832CE01CC10CBA
:105A30001FEF3EFF5DCF7CDF9BAFBABFD98FF89FD2
:105A4000176E367E554E745E932EB23ED10EF01E0A
:105A500001000000000000000200000000D57FAA45
:105A6000FE2B815429FC5683D702A87D52872DF83E
:105A7000AC79D3067BAE04D18550FA2FA471DB0E2E
:105A80005A8F25F08D58F22773A60CD9F623895C1E
:105A900008DD77A2DF0AA07521F45E8B9D48E2370E
:105AA00063B61CC9B461CB1E4A9F35E0CF1AB065FE
:105AB00031E44E9BE633994C18CD67B239EC4693EE
:105AC000C712B86D10C56FBAEE3B91446BBE14C1DE
:105AD0009540EA3F42973DE8BC69C316EF3A9045CE
:105AE00011C46EBBC613B96C38ED4792BD68C217BE
:105AF00043963CE99441EB3E6ABF15C04B9E34E1AE
:105B0000B560CA1F62B71DC89C49E33619CC66B39D
:105B1000E732984D30E54F9ACE1BB16472A70DD88D
:105B20008C59F3265B8E24F1A570DA0F20F55F8A7D
:105B3000DE0BA17409DC76A3F722885DD603A97C6D
:105B400028FD5782FF2A805501D47EAB8451FB2E5D
:105B50007AAF05D0AD78D20753862CF9585F030889
:105B60007C5F0308A05F0308C45F0308E85F0308C5
:105B70000C600308BE3786350000000000000000FE
:105B80000000000000000000FAED6B3A0000000089
:105B9000000000000000000000000000FAED6B3A79
:105BA00000000000000000000000000000000000F5
:105BB000FAED6B3A2E90A03B0000000000000000C0
:105BC000000000000000000000401C450000000034
:105BD00000000000000000000000000000009643EC
:105BE00000000000000000000000000000000000B5
:105BF0000000964329950008A8000000AE080000A8
:105C0000E8030000D0070000E99500080E0000003E
:105C1000E803000001000000E703000000000000AE
:105C20000100000002000000030000000600000068
:105C30000700000008000000090000000400000048
:105C4000050000000306040404080806060808010D
:105C5000020202020202010202020202020000002B
:105C600000000000180000002800000000000000F4
:105C7000080000000800000001000000080000000B
:105C800008000000000000000800000008000000FC
:105C900000000000080000000800000000000000F4
:105CA00008000000080000000000000008000000DC
:105CB00008000000000000000800000008000000CC
:105CC00000000000080000000800000000000000C4
:105CD00008000000080000000000000008000000AC
:105CE000080000000100000008000000080000009B
:105CF00001000000000034C3000034C3000034C3BE
:105D000000000000000034C200000000000034C2A7
:105D1000000000000000F0C1000000000000B4C15D
:105D20000000000000000000000000000000000073
:105D30000000000000000000000000000000000063
:105D40000000000000000000000000000000000053
:105D50000000000000000000000000000000000043
:105D600048617264204661756C743A004346535230
:105D70002020000048465352202000004D4D46414F
:105D8000522000004246415220200000466F7263BC
:105D900065643A00557361676520000042757320A1
:105DA000202000004D656D20202000005350202051
:105DB000200000005230202020000000523120201E
:105DC000200000005232202020000000523320200A
:105DD0002000000052313220200000004C522020D0
:105DE000200000005043202020000000505352208B
:105DF000200000006C65676163790000656E756D59
:105E0000000000007261642F730000006269746D0D
:105E100061736B005600000025000000487A000006
:105E20006D000000646567006D2F73006D416800B0
:105E30006465672F73000000252F73006761696E2A
:105E40000000000041000000493243002063656EFD
:105E50007375733A00000000206E6F6E65000000DD
:105E600053544D3332205669727475616C20436F00
:105E70006D506F727420696E204653204D6F6465BB
:105E80000000000053544D6963726F656C65637464
:105E9000726F6E69637300003030303030303030F4
:105EA000303530430000000056435020436F6E668B
:105EB0006967000056435020496E746572666163DD
:105EC000650000006D34774643496E74660000003B
:105ED000434C464C0000000053504B59000000005A
:105EE00053657020323820323032360030353A3344
:105EF000313A35320000000056332E0030000000E9
:105F00005350454544594245454634303557494E2E
:105F1000473A302056323032362D30392D32380063
:105F200057500000525448002145525200000000D2
:105F30004F4B0000414E474C000000004143524F80
:105F40000000000041480000484F4C4400000000A1
:105F5000554156582000000024505542582C3431E9
:105F60002C312C303030332C303030312C32333037
:105F70003430302C302A31430D0A00002450554271
:105F8000582C34312C312C303030332C30303031EF
:105F90002C3131353230302C302A31450D0A000099
:105FA00024505542582C34312C312C303030332C85
:105FB000303030312C35373630302C302A32440DE9
:105FC0000A00000024505542582C34312C312C301A
:105FD0003030332C303030312C33383430302C30BA
:105FE0002A32360D0A00000024505542582C343114
:105FF0002C312C303030332C303030312C313932A0
:1060000030302C302A32330D0A0000002450554223
:10601000582C34312C312C303030332C303030315E
:106020002C393630302C302A31360D0A0000000071
:106030000303010100010102020404000005060738
:1060400008090A0D0B0B0C0D0E00000000000000EB
:10605000CDCC4C3F7B142E3ECDCC0C3FCDCC6441FF
:106060000000000000000000000000000000000030
:10607000000000000EF8FC3A349D9D3B000000003B
:106080000000000000000000368DA740368DA740BC
:10609000DB0F49400000704100000000CDCCCC3D3A
:1060A00000000000CDCC4C3F7B142E3ECDCC0C3FED
:1060B000CDCC6441000000000000000000000000A2
:1060C00000000000000000000EF8FC3A349D9D3BEB
:1060D000000000000000000000000000368DA74016
:1060E000368DA740DB0F49400000704100000000E2
:1060F000CDCCCC3D000000009A99993FCDCC4C3ED0
:10610000CDCC0C3F3333AB41000000000000000059
:106110000000000000000000000000006F12833B40
:106120000AD7233C0000000000000000000000002F
:10613000368DA740368DA740DB0F494000007041E7
:1061400000000000CDCCCC3D00000000CDCC8C3F49
:10615000EC51383ECDCC0C3FCDCC9C410000000032
:10616000000000000000000000000000000000002F
:10617000A69B443BA69BC43B00000000000000001F
:1061800000000000368DA740368DA740DB0F494048
:106190000000704100000000CDCCCC3D00000000AC
:1061A0000000C03FAE47613ECDCC0C3F6666D64195
:1061B00000000000000000000000000000000000DF
:1061C00000000000143FC63BFE65773C0000000065
:1061D0000000000000000000368DA740368DA7406B
:1061E000DB0F49400000704100000000CDCCCC3DE9
:1061F000010000003333333F000000006666E63ED6
:1062000000002041000050410000D0400000E0416B
:106210000000003F295C8F3D4260653B0AD7A33BED
:10622000CD4C024366668A430000C04000006040D7
:106230009A99993F0000C03F00006041C3F5E83FD4
:106240000000000001000000CDCC4C3F0000000029
:106250000000003F0000404100006041000000419C
:106260000000F0416666E63E295C8F3DA69BC43B7C
:106270006F12033C3333834166668D43333373427D
:10628000000040409A99993F0000C03F0000404103
:106290001F850B4000000000010000009A99993F03
:1062A0009A99193F3333B33E0000704100002041FA
:1062B0000000D0400000B0419A99193F8FC2753D4F
:1062C000295C0F3DCDCC4C3D00009C41CDCC2C42F7
:1062D000333331420000C03F0000803F0000803F68
:1062E000000020410000803F00000000010000008D
:1062F0009A99993F9A99193F3333B33E0000704100
:10630000000020410000C0400000B0413333333F63
:10631000AE47613D295C0F3DCDCC4C3D9A9903427F
:1063200000002F43666688420000C03F0000803FA7
:106330000000803F00002041713D4A3F0000000006
:10634000010000006666663F6666E63ECDCCCC3E48
:1063500000005041000030410000F0400000C0410A
:10636000CDCC0C3F8FC2753D8FC2753C0AD7A33C84
:1063700000007041000034420000C841000020408D
:106380009A99993F9A99993F000030419A99993F7B
:1063900000000000010000000000803F0000003FFE
:1063A0003333B33E00004041000020410000E04094
:1063B0000000A041CDCC0C3FB81E853D0AD7A33CC0
:1063C0008FC2F53C0000000066665042CDCCE4412F
:1063D000000000400000803F0000803F00001041AE
:1063E0003D0A973F00000000020000000000C03F8F
:1063F000CDCCCC3E0000003F0000A0410000404159
:106400000000A0400000C8410000003FCDCCCC3DC2
:106410000AD7A33C8FC2F53C00000000000000003A
:1064200000000000000020409A99993F0000C03F02
:1064300000004041000000000AD7A33D0300000017
:106440000000A040000000000000003F000000002D
:1064500000000000000000000000A040000000005C
:106460000000003F000000000000003F00000000AE
:10647000000000000000000000000000000000001C
:106480000000C03F0000000000000000CDCC4C3EEA
:106490000300000000000040000000000000003F7A
:1064A000000000000000000000000000000020418B
:1064B000000000009A99993E00000000CDCC4C3EAF
:1064C00000000000000000000000000000000000CC
:1064D000000000000000004000000000000000007C
:1064E0009A99193E030000000000C03F0000000020
:1064F0000000003F0000000000000000000000005D
:1065000000004041000000000000803E000000004C
:10651000CDCCCC3D000000000000000000000000D9
:10652000000000000000000000002040000000000B
:1065300000000000CDCCCC3D0000003F0000003F3B
:10654000CDCC4C3E0000804000008040CDCC4C3F84
:10655000E001B8005C00290014000A000500CC012D
:10656000FA00B8006200290014000A000500100EAD
:10657000A43E0020030100000AD7A33B0000000056
:106580000000F041A69BC43AF45D03081C390020CA
:1065900003060000282CF13900000000713D6A401C
:1065A000EBF5F634F45D0308803E002003040000A0
:1065B0000000803F00000000000048430000E03F72
:1065C0002C6003088E7D0020000000000000803F4A
:1065D000000000000000803F00000000FC5D030898
:1065E0008C3E0020030A00008FC2753C00000000B2
:1065F0000000F0410AD7233C045E0308EC3B002076
:10660000030100000AD7A33B000000000000F04196
:10661000BC74133BF45D0308183900200306000026
:10662000E2E9953C00000000713D6A4009E1D13B80
:10663000F45D0308C83B0020030400000000803F15
:1066400000000000000048430000E03F2C60030809
:1066500040A60020000000000000803F0000000075
:106660000000A0400000A040FC5D0308D43B0020D7
:10667000030A00008FC2753C000000000000F041DA
:106680000AD7233C045E03085C410020030100009C
:106690000AD7A33B000000000000F0418FC2753B09
:1066A000F45D0308B43E00200302000017B7D138A0
:1066B0000000000000000040BD370636F45D03080E
:1066C00000810020000000000000803F000000006A
:1066D0000000A04000000000FC5D0308C8A00020EE
:1066E000000000000000803F00000000000080402B
:1066F00000000000FC5D0308840000200000000092
:106700000000803F000000000000A040000080402A
:10671000FC5D0308708E0020000000000000803F38
:106720000000000000007F430000B0410C5E030841
:10673000A8300020000000000000803F00000000A2
:106740000000704100000000FC5D03089C2E00204A
:10675000030000000000803F000010410000A04145
:106760009A991941145E0308F005002003080000FF
:10677000CDCCCC3D000000000000A041CDCCCC3DF4
:10678000F45D030800000000030000000000803FEB
:106790000000000000007F43000000000000000037
:1067A000EC380020030E00000AD7233C0000000054
:1067B0000000803F0AD7A33C185E0308C8380020B9
:1067C000030E00000AD7233C000000000000803FB9
:1067D00000000000185E0308E4380020030E0000EB
:1067E0000AD7233C000000000000803FCDCC4C3D88
:1067F000185E0308843E002003050000CDCC4C3D0C
:106800000000000000007A43CDCC4C3CF45D03084E
:10681000CC3B002003050000CDCC4C3D0000000027
:1068200000007A43CDCC4C3CF45D0308F405002015
:1068300003080000CDCCCC3D000000000000A041CA
:10684000CDCCCC3DF45D03083400002003100000E3
:106850000000803F0000803F00007F430000C841EF
:106860001C5E0308FC3B00200302000017B7D13870
:106870000000000000000040BD370636F45D03084C
:1068800040210020030700008FC2753D000000007A
:10689000000070418FC2F53CF45D0308B43B00205A
:1068A000030600000000803F00000000713D6A40C8
:1068B000931ADA39F45D0308F03800200300000071
:1068C0000AD7233CCDCC4C3E0000003F9A99993E1C
:1068D000185E0308F00F0020030000000AD7233CD5
:1068E00000000000CDCC0C3F0AD7A33BF45D0308A9
:1068F000F8800020030000000000803F000000003E
:106900000000F04100002041205E0308FCBC002094
:10691000030B000035FA8E3C00000000960A863F0B
:106920007EC3643E245E03080000000000000000F7
:106930000000803F0000000000007F4300000000D6
:10694000000000000C000020000000000000803F5C
:10695000000000000000004000000040FC5D030853
:1069600000000000000000000000803F0000000068
:10697000000080410000E04000000000A93000203D
:10698000000000000000803F000000000000704197
:106990000000803FFC5D0308480000200300000069
:1069A0000000803F000000000000003FCDCC4C3EC6
:1069B00000000000FC800020030E00000AD7233CEA
:1069C000000000000000803F00000000185E030887
:1069D0008C210020030000000000803FCDCCCC3D86
:1069E000000070410000A040F45D0308AA300020C0
:1069F000000000000000803F000000000000704127
:106A000000000040FC5D0308AB30002000000000E7
:106A10000000803F00000000000070410000404086
:106A2000FC5D0308F5000020000000000000803F2E
:106A3000000000000000D0410000D041FC5D0308D0
:106A4000C9A00020000000000000803F00000000FE
:106A50000000E04000000040FC5D0308FC3800201E
:106A6000030000000000803F0000000000004842DA
:106A700000004040285E0308018100200000000063
:106A80000000803F000000000000F0410000704165
:106A9000085E0308C3000020000000000000803FE3
:106AA000000000000000E04000000040FC5D030822
:106AB00078210020030700000AD7233C00000000D3
:106AC0000000704117B7513AF45D0308AE30002062
:106AD000000000000000803F000000000000704146
:106AE0000000C040FC5D0308AD3000200000000045
:106AF0000000803F00000000000070410000A04046
:106B0000FC5D030802810020000000000000803FBF
:106B1000000000000000FE42000000000C5E0308C0
:106B200044000020030000000000803F000000003F
:106B3000000048420000C84100000000902E0020E4
:106B4000031500000000803F0080BB4400401C464D
:106B50000080BB442C5E0308AC3000200000000025
:106B60000000803F000000000000704100008040F5
:106B7000FC5D0308B3300020000000000000803FEF
:106B8000000000000000704100003041FC5D03087F
:106B90003821002003070000022B873C0000000082
:106BA00000007041022B873BF45D03080481002044
:106BB000030000000000803F0000000000007F4351
:106BC0000000204100000000C81000200300000069
:106BD0000AD7233C000000BF0000003F0000000077
:106BE000185E0308B1300020000000000000803F64
:106BF000000000000000704100001041FC5D03082F
:106C00003C210020030700006F12833B00000000BE
:106C100000007041ACC5A738F45D03080000000017
:106C2000000000000000803F0000000000007F43E3
:106C300000000000000000004421002003070000C5
:106C40000000803F00000000000070410000803F15
:106C5000285E030870410020030D000035FA8E3CC9
:106C6000CDCCCC3D378D2741910A0640305E0308DC
:106C7000DC380020030E00000000803F0000000010
:106C80000000803F9A99193E00000000D43800208F
:106C9000030E00000AD7233C000000000000803FE4
:106CA0000AD7233C185E0308000000000300000020
:106CB000CDCC4C3D0000000000007F430000803F31
:106CC000F45D0308D0380020030B000035FA8E3C39
:106CD00000000000960A863F960A863F245E03085D
:106CE00090210020030B000035FA8E3C00000000CC
:106CF000960A863FE866DF3E245E0308C43800201B
:106D0000030F00000AD7233C000000000000003FF2
:106D100000000000385E0308D8380020030E000091
:106D20000AD7233C000000000000803F0000803EA6
:106D3000185E030810300020000000000000803FB3
:106D4000000000000000804000008040FC5D03085F
:106D500000000000030000000000803F0000000071
:106D600000007F4300000000000000006F8E002044
:106D7000000000000000803F0000000000007F4392
:106D8000000092420C5E0308D83B00200300000084
:106D900035FA8E3C0AD7233C960A863F960A063F70
:106DA000245E030800000000030000000000803F94
:106DB0000000000000007F43000080403C5E0308AC
:106DC000903E00200300000035FA8E3C0AD7233C99
:106DD000960A863F960A063F245E03083800002084
:106DE000030000000000803F0000C84100007F4316
:106DF000000048421C5E030894210020030B0000A1
:106E000035FA8E3C00000000960A863FC7B8B23EB5
:106E1000245E0308B4380020030000000000803F17
:106E200000000000CDCC4C3EA69B443B385E0308DE
:106E3000E8000020030E00000AD7233C00000000F9
:106E40000000803FCDCC4C3F185E0308CC380020BA
:106E5000030C000035FA8E3CC7B8B2BEC7B8B23ECC
:106E600000000000245E0308B83E0020030D00006F
:106E700035FA8E3CCDCCCC3D378D2741910A8640EA
:106E8000305E0308003C0020030D000035FA8E3C04
:106E9000CDCCCC3D378D2741910A0640305E0308AA
:106EA000982E0020031200000000803F0000000028
:106EB00000007F4300000000445E030860000020E3
:106EC000031100000000803F0000000000007F432D
:106ED00000009441145E0308C0380020030E000037
:106EE0000AD7233C000000000000803FCDCC4C3E80
:106EF000185E0308BC380020030E00000AD7233CAC
:106F0000000000000000803F00000000185E030841
:106F100098210020030D000035FA8E3CCDCCCC3DED
:106F2000378D2741960A063F305E0308C1000020D6
:106F3000000000000000803F000000000000A040B2
:106F400000008040FC5D03086C410020030000004D
:106F500017B7D13700000000CDCC4C3DBD3786358A
:106F6000F45D030800000000000000000000803F06
:106F70000000000000007F4300000000000000004F
:106F800000000000000000000000803F0000000042
:106F90000000C84200000000FC5D0308B230002081
:106FA000000000000000803F000000000000704171
:106FB00000002041FC5D0308AF300020000000000D
:106FC0000000803F00000000000070410000E04031
:106FD000FC5D0308B0300020000000000000803F8E
:106FE000000000000000704100000041FC5D03084B
:106FF00038410020030400000000803F0000000032
:10700000000048430000403F2C6003083C41002042
:1070100003050000CDCC4C3D0000000000007A4389
:10702000CDCC4C3CF45D030844410020030A000031
:107030000ADA643A000000000000F0418FC2F53C1B
:10704000045E03082439002003060000CDCC4C3D2B
:1070500000000000713D6A408FC2753BF45D03087B
:107060006E8E0020000000000000803F0000000045
:10707000000080400000803FFC5D03084039002094
:1070800003060000C98E8D3900000000713D6A4082
:1070900084F49034F45D03089400002003000000A1
:1070A0000AD7233C000000000000803E0000803E24
:1070B000185E0308B8380020030000000000803F7D
:1070C000000040C0CDCCCCBD0000C0BF285E03088E
:1070D00000000000000000000000803F00000000F1
:1070E00000007F4300000000000000009800002026
:1070F000030000000000803F000000000000F0419D
:107100000000803F285E030880210020030000006B
:107110000000803F0000000000002041000080408F
:10712000205E030884210020030000000000803F4F
:10713000000000000000F04100004040205E030815
:1071400060410020030300006F12833A000000003A
:107150000000004000000000F45D030868410020CA
:10716000030000000AD7233C00000000000000409C
:1071700052499D39F45D030800000000030000003F
:107180000000803F0000000000007F43000000007E
:107190000000000000000000030000000000803F2D
:1071A0000000000000007F4300000000000000001D
:1071B00010000020030000000AD7233C9A99193ED2
:1071C0000000803FCDCCCC3E185E030800000000DC
:1071D000030000000000803F0000000000007F432B
:1071E000000000000000000024300020030E00001A
:1071F0000AD7233C000000000000803F0AD7A33CD0
:10720000185E030888210020030000000000803F72
:107210000000000000007A4400004843205E03089C
:1072200064000020030000000000803F0000000018
:107230000000C84100007041205E03086D8E0020F0
:10724000000000000000803F00000000000000403F
:1072500000000000FC5D0308F400002000000000B6
:107260000000803F00000000000070420000A040CD
:10727000085E0308F0000020030000000AD7233C4A
:10728000000000000000003F9A99193E185E0308B4
:10729000F4800020030600006F12833A0000000013
:1072A000713D6A4017B75138F45D0308F838002083
:1072B000030000000000803F000000000000484282
:1072C00000004040285E0308F0800020030000001A
:1072D0000AD7233C000000000000A041000000008D
:1072E000185E0308F4380020030000000000803F0F
:1072F000000000000000704100004040205E0308D4
:1073000000000000000000000000803F00000000BE
:1073100000007F430000000000000000EC0000209F
:10732000000000000000803F000000000000A040BE
:107330000000803FFC5D030800000000000000002A
:107340000000803F0000000000007F4300000000BC
:10735000000000006C8E0020000000000000803F54
:10736000000000000000E04000000000FC5D030899
:107370000000000000000000000000000000F041DC
:10738000000000000000004000000000000000407D
:1073900000000000000048430000000000007A43A5
:1073A00000000000713D6A400000000000007041D4
:1073B000000000000000A041000000000000A0410B
:1073C000000000000000F04100000000960A863F27
:1073D000C7B8B2BEC7B8B23ECDCCCC3D378D274181
:1073E000000000000000803F000000000000003F9F
:1073F0000000803F00007F430000000000007F434A
:107400000000000000007F430000000000007A44FC
:1074100000000000000048420080BB4400401C46C1
:1074200000000000000070420001000501000000A3
:10743000787D8B3A0AE89C3B000000450002000082
:1074400001030101000000000000024010000400E0
:1074500001030001EC00000000000000000000003B
:10746000000200000000000000000000000000001A
:10747000000000000000000000000000000000000C
:1074800000000000000000000000000000000000FC
:1074900000000000000000000000000000000000EC
:1074A00000000000000000000000000000000000DC
:1074B00000000000000000000000000000000000CC
:1074C00000000000000000000000000000000000BC
:1074D000010000013C00000000000000000000006E
:1074E000000000000000000000000000000000009C
:1074F000000000000000000000000000000000008C
:1075000001000000003001400000024020000500A2
:10751000000002404000060000000240800007001A
:1075200001000000003800400004024000200D006F
:1075300000080240040002000008024008000300A6
:1075400001000000003C004000040240080003006D
:107550000004024010000400000402402000050066
:10756000000000000000000000000000000000001B
:10757000000000000000000000000000010000000A
:1075800000540040000402400001080000040240D2
:107590000002090004000000000000000058004044
:1075A00000000000000000000000000000000000DB
:1075B0000000000000000000005C0040000000002F
:1075C00000000000000000000000000000000000BB
:1075D00001000000000000000000000000000000AA
:1075E000000000000000000000000000000000009B
:1075F000000000000000000000000000000000008B
:1076000000000000010000000010014000000240E6
:10761000000209000000024000040A0000C201004C
:10762000000000200007250000000008B8640240A8
:107630004600000088640240010000000044004051
:1076400000000240040002000000024008000300A5
:1076500000C2010000000020000726000000000812
:10766000A06002401100000088600240000000009D
:10767000000000000000000000000000000000000A
:1076800000000000000000000000000000000000FA
:1076900000000000000000000000000000000000EA
:1076A00001000000004C00400008024000040A00F5
:1076B0000008024000080B0000C20100000000208A
:1076C0000008340000000008706002400F00000055
:1076D00040600240010000000050004000080240ED
:1076E00000100C00000C02400400020000C2010067
:1076F000000000000008350000000008B8600240EB
:107700002F00000010600240010000000000000097
:107710000000000000000000000000000000000069
:107720000000000000000000000000000000000059
:107730000000000000000000000000000100000048
:107740000020014000080240010000000A00000083
:107750000100000000000000106402400100000071
:10776000010000000020014000080240020001006A
:107770000B00000001000000000000001064024047
:10778000020000000100000000200140000802404B
:10779000200005000F0000000100000000000000B4
:1077A00010640240030000000100000000200140BE
:1077B00000080240100004000E000000010000005C
:1077C00000000000106402400400000000000000FF
:1077D00000000000000000000000000000000000A9
:1077E0000000000000000000000000000000000099
:1077F0000000000000000000000000000000000089
:107800000000000000000000000000000000000078
:1078100000000000010000000000024000400E00D7
:107820000100000000000000000000000000000057
:107830000000000000000000000000000000000048
:1078400000000000000000000100000000000240F5
:1078500000200D00010000000000000000000000FA
:107860000000000000000000000000000000000018
:107870000000000000000000000000000000000008
:1078800000000000000000000000000000000000F8
:1078900000000000000000000000000000000000E8
:1078A00000000000000000000000000000000000D8
:1078B00000000000000000000000000000000000C8
:1078C00000000000000000000000000000000000B8
:1078D00000000000000000000000000000000000A8
:1078E00000000000010000000008024000800F00BE
:1078F0000100010000000000000000000000000086
:107900000000000000000000000000000000000077
:107910000000000000000000000000000000000067
:107920000000000000000000000000000000000057
:107930000000000000000000000000000000000047
:107940000000000000000000000000000000000037
:107950000000000000000000000000000000000027
:107960000000000000000000000000000000000017
:107970000000000000000000000000000000000007
:1079800000000000000000000000000000000000F7
:1079900000000000000000000000000000000000E7
:1079A00000000000000000000000000000000000D7
:1079B00000000000000000000000000000000000C7
:1079C00000000000000000000000000000000000B7
:1079D00000000000000000000000000000000000A7
:1079E0000000000000000000000000000000000097
:1079F0000000000000000000000000000000000087
:107A00000000000000000000000000000000000076
:107A10000000000000000000000000000100000065
:107A20000008024000200D000100010000000000DD
:107A30000000000000000000000000000000000046
:107A40000000000000000000000000000000000036
:107A50000000000000000000000000000000000026
:107A60000000000000000000000000000000000016
:107A70000000000000000000000000000000000006
:107A80000000000001000000000402408000070028
:107A90000200010001000000000800400400000096
:107AA0003808004002000000000000000000000054
:107AB000000000000000000001000000000402407F
:107AC0004000060002000100010000000008004024
:107AD0000000000034080040020000000000000028
:107AE0000000000000000000000000000100000095
:107AF000000402400100000002000100010000003B
:107B000000040040080000003C04004002000000A7
:107B10000000000000000000000000000000000065
:107B20000100000000040240020001000200010008
:107B300001000000000400400C0000004004004070
:107B40000200000000000000000000000000000033
:107B500000000000010000000004024000040A00D0
:107B600002000100010000000000004008000000C9
:107B70003C00004001000000000000000000000088
:107B800000000000000000000100000000040240AE
:107B900000080B000200010001000000000000408E
:107BA0000C00000040000040010000000000000048
:107BB00000000000000000000000000001000000C4
:107BC000000802400001080002000100010000005E
:107BD00000040140080000003C04014003000000D4
:107BE0000000000000000000000000000000000095
:107BF000010000000008024000020900020001002C
:107C000001000000000401400C000000400401409D
:107C10000300000000000000000000000000000061
:107C200000000000010000000004024000400E00BF
:107C300002000100010000000018004000000000E8
:107C4000341800400900000000000000000000009F
:107C500000000000000000000100000000000240E1
:107C600000800F0002000100010000000000004041
:107C7000000000003400004001000000000000008F
:107C800000000000000000000000000001000000F3
:107C90000000024004000200020001000100000098
:107CA000000000400400040000000000010000008B
:107CB0000000000000000000000000001C000000A8
:107CC00000000000000000000000000000000000B4
:107CD00000000000000000000000000000000000A4
:107CE0000000000000000000000000000000000094
:107CF000000000002837154328370B43283701437D
:107D00004F6EEE424F6EDA424F6EC6424F6EB24237
:107D10004F6E9E424F6E8A429FDC6C429FDC444213
:107D20009FDC1C423EB9E9413EB999417C72134146
:107D300045D848BF848D2CC1C246A6C1C246F6C1F3
:107D4000612323C261234BC2612373C2B1918DC2EF
:107D5000B191A1C2B191B5C2B191C9C2B191DDC217
:107D6000B191F1C2D8C802C3D8C80CC3D8C816C3D1
:107D7000D8C820C3D8C82AC3283733432837294353
:107D800028371F4328371543E27D0143D27CEA425E
:107D90004B35D44281D8BF423907AD4244649B423F
:107DA0007D9E8A4281E97442C56C554237833642D2
:107DB000BA001842DA8FF341EC80B741DA387741E4
:107DC000145CFE405F24C43E938CE9C0AE5872C17F
:107DD0004F9EB9C122ECFBC1F01320C2712643C2F1
:107DE000082967C2EC0F86C2DF1099C222B0ACC26C
:107DF0004F16C1C24B7CD6C2AF28EDC29BB302C3A3
:107E0000D9BA0FC370B11DC349722CC39A602C43F9
:107E1000F24F1D43EAE40E43E27D0143C52BAB4222
:107E200031589B42209E8E4240BA83421DB4734219
:107E300038B86042E47A4D421D38394264802342AA
:107E400082450C420FAEE7418B94B541C398834104
:107E5000418E2541378E8D401F2EB5BFD7C0EBC058
:107E6000BE875AC15EA2A3C1C168DEC1EB760EC255
:107E700033ED2EC2BCD94FC205AB70C2129088C27E
:107E800024AB98C2E4E7A8C232C6B9C2032CCCC264
:107E900089CFE1C25749FEC265B814C358043143C3
:107EA000B86C0A439E44E0424574C042C52BAB42C5
:107EB000E18B3E420C653942F68B334274DE2D4233
:107EC0008A882842EB052342DE281C42356C124288
:107ED0007B8604421FDDE341D240B641CF4383415C
:107EE000BBE11E41522C7B40D673A2BF5778B7C06E
:107EF0002E4A1FC1CC8B69C12569A1C139B4D6C135
:107F00000B3809C22D3228C2D52C46C263AB61C2E0
:107F1000BEDC79C23D2B87C2CB578FC24EFA94C2CA
:107F20006BD496C2037591C22BA172C28340A6C1C5
:107F30009D8BD24141942A426C983D42C72E4142CA
:107F4000E18B3E42CFC3F741A375F9414E5CF74147
:107F50001A1DF4412895F1412F97F041A7B3EF4145
:107F6000309EEA41D589DB410FBFBD41DFEC8F4137
:107F700065532B4172BF3B40EBAD80C03F1114C134
:107F800053964BC1CFAC72C19F7C8DC175F0AAC115
:107F90002C71D6C13F8306C24A1523C2F3E83CC206
:107FA000D38151C245675FC2005A65C2548F61C216
:107FB0001ED050C28D9F2EC21AE3F1C1F74C5CC196
:107FC000E206EC3F2CF15D419722B041AC6DD84107
:107FD0006F6AEE41CFC3F74128DBB2410F05B741CD
:107FE00062A1B741002EB641AA02B441F2F5B241F6
:107FF00026DEB341481CB441CEC7AC41381B954185
:108000006AC14E4107259840C19089C06C1542C194
:108010000F968BC1D6E2A2C1FCAFADC134E8B1C1AD
:1080200065A5B7C1C067CCC1EE7CF4C10AF111C22D
:10803000185226C2074E33C25D9E36C249EB2EC28D
:1080400085651BC275EBF7C149CBA8C1EE0835C1E8
:10805000314240C04E7F7E4021021F4144866D4127
:108060005EA394411C5FA84128DBB24180AB8641EE
:108070003D898A411D3D8C4172338C4123338A41B5
:10808000A32F8741A52B8541FF2C84416D2D7D4178
:10809000F0335341912CF04095D481BF57F824C15F
:1080A000BFE58EC1112AB4C18A3CC6C11725CCC117
:1080B0003E6EC5C1905AB1C15E63A1C1AFBCABC138
:1080C000E9E0CBC19912EDC19048FFC1445DFBC10D
:1080D000ABE1E1C17F01B7C13A407FC1862C0EC13F
:1080E00063B45AC04E9CDC3E06F57740772DEE40D7
:1080F00083A32D4123CA5B41AF147C4180AB8641F1
:108100001BAA52413ED05641D2185941E1625A4110
:108110003BFC5741D7B450419FB048415DC44241F8
:10812000E151354129F90941B77A3640F4FDAFC034
:1081300087FE60C139FFA3C1D1E8BFC156C8C7C11E
:10814000E313C1C1A29DAAC14E7483C17A5F35C138
:10815000132C11C1199C2BC1B1F966C174648AC179
:10816000448B8DC186727CC1FAE143C11939F2C0DA
:10817000894140C03E5CF2BD9B1BB33F9B384940E8
:108180003A5DB440AD2F054144862B41FD41464147
:108190001BAA52414D782E41261E2E4170FC2C41C7
:1081A0007ED72D4136CD2C410F6226411DAC1E419C
:1081B00046EB1741E696064161C3AB403D2CF4BE49
:1081C0000A2E04C1DC917AC15316A6C1A251B6C1D0
:1081D0000332AFC1211F97C1A57768C1829018C132
:1081E000A04F9DC08DEEF4BF47E6E1BF771088C079
:1081F000B398E5C0D5E708C1457002C1B493CCC0BF
:10820000E3C762C005FA24BF5BB14F3FAB3E933F6B
:108210005D16074034BA8540B2F4D2409ED20C417C
:10822000795D25414D782E41A1101B418D0B1841E0
:10823000EDBB1341C8181441F8881441B3B50F4180
:108240007E1809417EC60041AE2AD24044344440E3
:10825000E04A30C03B191CC14DB27EC1A9079DC187
:108260002CDAA0C1CFF78CC1893556C100D70CC11B
:108270003CA09AC0AB26D0BFC1C55A3F4E9CDC3F44
:1082800089EFB43E672C00C0E67465C04AEF7BC03E
:108290000E4F53C001FBE4BF488A08BEEE08D73E2C
:1082A0004018183EC0CF383FD59527405CACA04061
:1082B0000118EB404D101141A1101B410DE00F4181
:1082C000685C1041B4F10C41D3070F41537912415E
:1082D000EAE70F41F5E707413E79F1400C3CAC403D
:1082E0006132A53FA1A190C0E3A52BC1A8D279C15D
:1082F000C3078FC199A488C10D0E5EC150C218C1B9
:1083000069E3AAC09FC809C0E50AEF3D2D95014069
:108310007407434047E61340228EF53EEC6977BF71
:10832000D34DC6BF87E1C3BFF8FC80BF0A9DD7BE4F
:10833000658D22BF1B0DB0BFA1B996BF6F47F83E38
:10834000CE883C4078D1B340C520FC400DE00F41C1
:10835000EAB200416D280E41FBF41341A34C1C41CD
:1083600092DC2441B840254160BC1941E145FE4002
:1083700067279A40D9CEB7BD793BC3C03C773AC195
:10838000BB1B74C1094481C1615468C1DE9F33C104
:1083900098DDE7C062845CC032031DBF4165A03F29
:1083A000BB27314052D56E401C7C57409A5FFD3F41
:1083B00060EA3F3F54E3053E4F5842BE3350D9BEBA
:1083C000DAAC5ABF2445F8BF687952C0F2D267C010
:1083D000DE8E16C03EEDB03D71AC4740F0BFC140EF
:1083E000EAB20041255DCE40B47608419F1F20418E
:1083F00057213441F6234341CB21464131083741CF
:1084000081EC1041C9E59B404D1089BF26C7F2C0E1
:10841000C6504CC1458D75C11F6873C17CFE50C1EB
:10842000D3D91CC19F3CC3C09ED221C0FC6F853EE6
:10843000431C0740C3475E40EFFE8C4019C58D408A
:10844000CD06674085EB2B405D3301408FDFAB3FAE
:10845000B471B43E5E6397BFA06C56C0AC39B0C077
:10846000E691CEC0E960B3C0653650C0B1DC523C85
:10847000FCC65F40255DCE406F9E93405F46FD4049
:108480001FCB2A4173CB4D412D8964412996694107
:1084900035245741ADEE26414547A640A5BDF9BF5D
:1084A000072514C1090A67C17AAA83C16B8E7BC1F3
:1084B000729653C1FE9A1DC1CE8DC4C051F721C022
:1084C0009B38F93E5BCE2B40FF95894089D2B04066
:1084D0008447C640486DC640D174B74022719D4064
:1084E00054746640740CC43F0B7BB2BF670F9CC0D2
:1084F0006440FEC041E516C1B29D0DC1247FD0C0CD
:10850000D3D943C0C8D2573F6F9E934000004E401E
:10851000BA4EED40BD183341928564418790824147
:10852000AF2B8741390B794117D93C41E59BA640D8
:10853000348063C042A63FC13C718BC12DCF99C12D
:10854000586291C1841276C1A1213BC1D9CEF4C039
:10855000C78068C03D2C54BC75C83F40FAF2AE409D
:108560007AFCF140EB101441F0162541CCDD274197
:10857000D2A918416952E840C72E6340DB33ABBF34
:108580000534D0C0F5E728C1F63446C13FA93CC147
:10859000641214C1C3F5AFC0EC6997BF00004E4030
:1085A00009502140AA9AEA405BA53C41B36F79414A
:1085B000D05592411D789A416AD88E41F2354F418B
:1085C00053E87E401119F1C06D628CC15391B9C15D
:1085D00023D5C4C19897B8C19D349EC122F177C1FB
:1085E000AAC82BC1253BBBC081958FBF2C2B514006
:1085F0003D9BE840DA382E41A7966041F550834113
:108600002E398C41F62386411CB1584167D5F34081
:10861000ED2A64BEF5B9FCC0761A53C1DA7E73C187
:10862000364D65C11EFE35C1EFE1E5C0FE261AC01C
:1086300009502140BCE8014024D6EB40D6EE45412C
:108640003AAF85414E2E9F41D4EBA841C1CA974114
:10865000E76F3641B1F92CC0AC8596C1B947EDC181
:10866000F88A07C2464E06C283B4F4C1975CD0C1F3
:1086700003C9A4C12C486AC10A1D07C19DD70CC0FB
:1086800016187C40C5AC1D41AAC3764182A8A341FF
:108690006120C541B594DB41A655E0419178C941BF
:1086A000E8538C414AEFAF40AD4CD7C09C5069C1F4
:1086B00079C68AC10A2E83C14A5252C14A6F09C182
:1086C00019E258C0BCE80140CAE0D83E9487B540E2
:1086D000F1572741BBFE6241D27B7D41171A5741BA
:1086E0005AF553407A8D88C12A7A17C23DA441C2F7
:1086F0008FFF4AC243A742C2B8D530C26C9E19C28E
:10870000064CFEC1264DC5C1EFC989C1FDA419C1E2
:10871000E57EF3BFBB44B9406F2F5641B953A64124
:108720002703DF414AD8094243052142D00733429B
:1087300086233C42C3073542BCB91042B5328E4154
:108740005AF5CDBF27E641C1DB3F6EC1D20C56C101
:10875000E18B1AC102F19AC0CAE0D83E21C332C3EC
:1087600021C328C321C31EC321C314C321C30AC309
:1087700021C300C34286EDC24286D9C24286C5C229
:108780004286B1C242869DC2428689C2830C6BC2B8
:10879000830C43C2830C1BC20719E6C1071996C19B
:1087A0000E320CC1936F9E3FF2CD3341F9E6A941E1
:1087B000F9E6F9417DF324427DF34C427DF37442A6
:1087C000BE798E42BE79A242BE79B642BE79CA4215
:1087D000BE79DE42BE79F242DF3C0343DF3C0D430B
:1087E000DF3C1743DF3C2143DF3C2B4321C332C333
:1087F0000100000002050A0A0A0105000001020A40
:108800000A0A0105050501020A0A0A010202050217
:10881000020A0A0A0101020502010A0A0A0000000E
:10882000000304000102060532000000CDCCCC3E5E
:108830000000A04046000000CDCC4C3E6666CE4015
:1088400064000000CDCC4C3ECDCCF44001000000D3
:10885000CDCC4C3E0000C03F010000000000803F36
:108860000000B04000000000000000000000000018
:1088700000000203040506000B300B500B330B31D4
:108880000B001002100210021010210E2108210905
:10889000210B210F210D0A050A090A0B0A020A06FB
:1088A0000A070A210A2E0A08016001220131010487
:1088B00001400109013401010102010701350132C2
:1088C00001060103013001240123012001210111CE
:1088D00001120230023102100215021102130220AD
:1088E0000D110D160D130D040D030D120D010D06C6
:1088F0000084030000C2010000E1000000960000B7
:10890000004B00008025000000000000010203046D
:10891000010203040607080959F3F8C21F6EA501F6
:10892000000000000000F03F000000000000008098
:10893000182D4454FB210940182D4454FB2109C033
:10894000182D4454FB21E9BFD221337F7CD902404A
:10895000D221337F7CD902C0763C7935EF39EA3DAC
:10896000763C7935EF39EABD0000E0FE422EE63F65
:108970000000E0FE422EE6BF000000000000E03FE5
:10898000000000000000E0BFE2652F227F2B7A3C50
:10899000075C143326A6813CBDCBF07A8807703C77
:1089A000075C143326A6913C4FBB610567ACDD3FE5
:1089B000182D4454FB21E93F9BF681D20B73EF3F06
:1089C000182D4454FB21F93F00000080DB0F494083
:1089D000DB0F49C0DB0F49BFE4CB1640E4CB16C028
:1089E000D1F71737D1F717B78071313F807131BF99
:1089F0000000003F000000BF000FC93F000F4940CA
:108A000000CB9640000FC9400053FB4000CB1641FD
:108A100000ED2F41000F49410031624100537B417D
:108A2000003A8A4100CB9641005CA34100EDAF4182
:108A3000007EBC41000FC94100A0D5410031E24198
:108A400000C2EE410053FB4100F20342003A0A42E9
:108A50000083104200CB164200141D42005C2342EA
:108A600000A5294200ED2F4200363642007E3C42EE
:108A700000C74242000F4942A2000000F900000076
:108A8000830000006E0000004E0000004400000063
:108A90001500000029000000FC0000002700000075
:108AA00057000000D1000000F50000003400000075
:108AB000DD000000C0000000DB00000062000000DC
:108AC00095000000990000003C00000043000000F9
:108AD0009000000041000000FE0000005100000076
:108AE00063000000AB000000DE000000BB000000DF
:108AF000C500000061000000B70000002400000075
:108B00006E0000003A000000420000004D0000002E
:108B1000D2000000E0000000060000004900000054
:108B20002E000000EA00000009000000D100000053
:108B3000920000001C000000FE0000001D0000006C
:108B4000EB0000001C000000B10000002900000044
:108B5000A70000003E000000E800000082000000C6
:108B600035000000F50000002E000000BB000000F2
:108B70004400000084000000E90000009C000000A8
:108B80007000000026000000B40000005F0000003C
:108B90007E0000004100000039000000910000004C
:108BA000D6000000390000008300000053000000E0
:108BB00039000000F40000009C0000008400000068
:108BC0005F0000008B000000BD000000F900000005
:108BD000280000003B0000001F000000F80000001B
:108BE00097000000FF000000DE000000050000000C
:108BF000980000000F000000EF0000002F000000B0
:108C0000110000008B0000005A0000000A00000064
:108C10006D0000001F0000006D0000003600000025
:108C20007E000000CF00000027000000CB00000005
:108C300009000000B70000004F00000046000000DF
:108C40003F000000660000009E0000005F00000082
:108C5000EA0000002D000000750000002700000061
:108C6000BA000000C7000000EB000000E5000000B3
:108C7000F10000007B0000003D0000000700000044
:108C800039000000F70000008A00000052000000D8
:108C900092000000EA0000006B000000FB000000F2
:108CA0005F000000B10000001F0000008D00000008
:108CB0005D000000080000005600000003000000F6
:108CC0003000000046000000FC0000007B000000B7
:108CD0006B000000AB000000F0000000CF000000BF
:108CE000BC000000200000009A000000F40000001A
:108CF000360000001D000000A9000000E300000095
:108D000091000000610000005E000000E60000002D
:108D10001B00000008000000650000009900000032
:108D2000850000005F00000014000000A0000000AB
:108D300068000000400000008D000000FF000000FF
:108D4000D8000000800000004D000000730000000B
:108D500027000000310000000600000006000000AF
:108D60001500000056000000CA000000730000005B
:108D7000A8000000C900000060000000E200000040
:108D80007B000000C00000008C0000006B000000B1
:108D90006937AC3168212233B40F14336821A23310
:108DA0003863ED3EDA0F493F5E987B3FDA0FC93FEB
:108DB0000000C93F0000F0390000DA370000A2339C
:108DC0000000842E0000502B0000C2270000D0229B
:108DD0000000C41F0000C61B000044170400000070
:108DE0000700000009000000002020202020202093
:108DF000202028282828282020202020202020204B
:108E0000202020202020202020881010101010105A
:108E100010101010101010101004040404040404A6
:108E20000404041010101010101041414141414140
:108E30000101010101010101010101010101010122
:108E40000101010110101010101042424242424232
:108E500002020202020202020202020202020202F2
:108E6000020202021010101020000000000000009A
:108E700000000000000000000000000000000000F2
:108E800000000000000000000000000000000000E2
:108E900000000000000000000000000000000000D2
:108EA00000000000000000000000000000000000C2
:108EB00000000000000000000000000000000000B2
:108EC00000000000000000000000000000000000A2
:108ED0000000000000000000000000000000000092
:108EE000000000000000000000000000F8B500BF16
:108EF000F8BC08BC9E467047F8B500BFF8BC08BC7B
:048F00009E467047D2
:088F040014FDFC7F01000000D8
:088F0C00DD560308818E000808
:048F1400598E00086A
:108F180006000000040000000000803F020000007E
:108F2800C3F5A83E00000000FF000000000000009C
:108F38000000803F4EE640BB0000803F00004842F2
:108F4800000020410000A041000096420000C842F5
:108F58000000A0410000C841CDCCCC3E0000803FBD
:108F6800010101FF010000000000803F0300000034
:108F78000AD7934100007041CAF24971010000000C
:108F88000000803F010000000000803F0000803F9B
:108F98000000803F05041400DC0300000000803F4F
:108FA800030000000000803ECDCC4C3E0000803F16
:108FB8000000803F0000803F0A0000000000803F62
:108FC8000000000000000000000000000000C84190
:108FD8000304010264000000640000006400000053
:108FE800B004000000000000E803000000000000DA
:108FF800D007000000000000CDCC4C3F010000006D
:1090080000007041051A010211DA0108E9D90108C6
:1090180019D9010800000000EDD7010861DA01083C
:10902800E9D801082DD80108000000000000000060
:1090380021D80108FF00000009024300020100C016
:109048003209040000010202010005240010010594
:1090580024010001042402020524060001070582F8
:10906800030800FF09040100020A000000070501C7
:109078000240000007058102400000007001002046
:10908800A5DC0108CDDB010879DB010819DB010843
:1090980049DB0108FDDA0108E5DA010829DB0108E6
:1090A80039DB010800000000000000000403090487
:1090B8001201000200000040830440570002010230
:1090C8000301000095DD0108A1DD0108C5DD0108E7
:1090D800ADDD0108DDDD0108F5DD01080DDE010863
:1090E80025DE0108DDDE010889DE010829DE010828
:1090F80069DE010800C20100000008018DE40108D2
:1091080099E40108A5E40108B1E40108BDE40108F7
:10911800C9E40108D5E401080500000010F330F3A4
:1091280010F490F350F8B1E8B2E8000007930A93FE
:109138000F930B9400000000007A030A0000803FA0
:10914800F87800007878000011A00100000048427B
:1091580000007A430000B442000000000000000054
:1091680000000000000000000000000000000000F7
:1091780000000000000000000000000000000000E7
:1091880000000000000000000000000000000000D7
:1091980000000000000000000000000000000000C7
:1091A8000000004100401C460000704200007A4365
:1091B8000000004105000000000000000000000061
:1091C800B8020020000000000000000030BE0020AF
:1091D80098BE002000BF0020000000000000000032
:1091E8000000000000000000000000000000000077
:1091F8000000000000000000000000000000000067
:109208000000000000000000000000000000000056
:109218000000000000000000000000000000000046
:109228000000000000000000000000000000000036
:109238000000000000000000000000000000000026
:109248000000000000000000000000000000000016
:109258000000000000000000000000000000000006
:1092680001000000000000000E33CDAB34126DE6A3
:10927800ECDE05000B00000000000000000000000C
:1092880000000000000000000000000000000000D6
:1092980000000000000000000000000000000000C6
:1092A80000000000000000000000000000000000B6
:1092B80000000000000000000000000000000000A6
:1092C8000000000000000000000000000000000096
:1092D8000000000000000000000000000000000086
:1092E8000000000000000000000000000000000076
:1092F8000000000000000000000000000000000066
:109308000000000000000000000000000000000055
:109318000000000000000000000000000000000045
:109328000000000000000000000000000000000035
:109338000000000000000000000000000000000025
:109348000000000000000000000000000000000015
:109358000000000000000000000000000000000005
:1093680000000000000000000000000000000000F5
:1093780000000000000000000000000000000000E5
:1093880000000000000000000000000000000000D5
:1093980000000000000000000000000000000000C5
:1093A80000000000000000000000000000000000B5
:1093B80000000000000000000000000000000000A5
:0C93C800000000000000000068BF002052
:0400000508030E09D5
:00000001FF
