:020000040800F2
:10000000000002209D15030831600108816201088B
:10001000996201089D620108A162010800000000C8
:10002000000000000000000000000000A5620108C0
:10003000A962010800000000AD6201081560010816
:100040000916030809160308091603080916030808
:1000500009160308091603080916030809160308F8
:1000600009160308091603080916030809160308E8
:100070000916030809160308156401085D640108E0
:1000800009160308CD6301080916030809160308B9
:1000900009160308091603080916030809160308B8
:1000A00009160308091603080916030809160308A8
:1000B000D962010809160308091603082D6501080D
:1000C000256501083D650108356501080916030825
:1000D00009160308ED640108F5640108FD640108D0
:1000E0000916030809160308B9D80108B162010806
:1000F000091603080916030809160308A564010870
:1001000009160308091603086163010809160308A4
:10011000056501081D65010809160308091603088D
:100120000916030809160308091603080916030827
:100130000916030809160308091603080916030817
:10014000091603080916030809160308C1D801088F
:100150000916030809160308856301080916030830
:100160004D650108456501080916030809160308CD
:1001700009160308091603080916030809160308D7
:08018000091603080916030823
:1080000081F0004102E000BF83F0004330B54FEA49
:1080100041044FEA430594EA050F08BF90EA020FB6
:108020001FBF54EA000C55EA020C7FEA645C7FEA49
:10803000655C00F0E2804FEA5454D4EB5555B8BF6C
:108040006D420CDD2C4480EA020281EA030382EADD
:10805000000083EA010180EA020281EA0303362D6F
:1080600088BF30BD11F0004F4FEA01314FF4801C42
:108070004CEA113102D0404261EB410113F0004F54
:108080004FEA03334CEA133302D0524263EB43030B
:1080900094EA050F00F0A780A4F10104D5F1200EA9
:1080A0000DDB02FA0EFC22FA05F2801841F1000104
:1080B00003FA0EF2801843FA05F359410EE0A5F1D8
:1080C00020050EF1200E012A03FA0EFC28BF4CF009
:1080D000020C43FA05F3C01851EBE37101F00045BF
:1080E00007D54FF0000EDCF1000C7EEB00006EEBCC
:1080F0000101B1F5801F1BD3B1F5001F0CD3490856
:108100005FEA30004FEA3C0C04F101044FEA4452AC
:1081100012F5800F80F09A80BCF1004F08BF5FEA33
:10812000500C50F1000041EB045141EA050130BD13
:108130005FEA4C0C404141EB0101013C28BFB1F525
:10814000801FE9D291F0000F04BF01460020B1FA70
:1081500081F308BF2033A3F10B03B3F120020CDA43
:108160000C3208DD02F1140CC2F10C0201FA0CF021
:1081700021FA02F10CE002F11402D8BFC2F1200C86
:1081800001FA02F120FA0CFCDCBF41EA0C0190403C
:10819000E41AA2BF01EB0451294330BD6FEA040485
:1081A0001F3C1CDA0C340EDC04F11404C4F1200270
:1081B00020FA04F001FA02F340EA030021FA04F382
:1081C00045EA030130BDC4F10C04C4F1200220FAD9
:1081D00002F001FA04F340EA0300294630BD21FA17
:1081E00004F0294630BD94F0000F83F4801306BFDD
:1081F00081F480110134013D4EE77FEA645C18BFD1
:108200007FEA655C29D094EA050F08BF90EA020F67
:1082100005D054EA000C04BF1946104630BD91EA5F
:10822000030F1EBF0021002030BD5FEA545C05D162
:108230004000494128BF41F0004130BD14F58004A1
:108240003CBF01F5801130BD01F0004545F0FE4115
:1082500041F470014FF0000030BD7FEA645C1ABF4A
:10826000194610467FEA655C1CBF0B46024650EA81
:10827000013406BF52EA033591EA030F41F40021AD
:1082800030BD00BF90F0000F04BF0021704730B533
:108290004FF4806404F132044FF000054FF0000108
:1082A00050E700BF90F0000F04BF0021704730B5C9
:1082B0004FF4806404F1320410F0004548BF40429E
:1082C0004FF000013EE700BF42004FEAE2014FEAF3
:1082D00031014FEA02701FBF12F07F4393F07F4FCE
:1082E00081F06051704732F07F4208BF704793F0D1
:1082F0007F4F04BF41F40021704730B54FF46074E4
:1083000001F0004521F000411CE700BF50EA0102E6
:1083100008BF704730B54FF000050AE050EA01028F
:1083200008BF704730B511F0004502D5404261EBFF
:1083300041014FF4806404F132045FEA915C3FF440
:10834000D8AE4FF003025FEADC0C18BF03325FEADD
:10835000DC0C18BF033202EBDC02C2F1200300FA8E
:1083600003FC20FA02F001FA03FE40EA0E0021FAB3
:1083700002F11444BDE600BF70B54FF0FF0C4CF4A1
:10838000E06C1CEA11541DBF1CEA135594EA0C0F53
:1083900095EA0C0F00F0DEF82C4481EA030621EA8E
:1083A0004C5123EA4C5350EA013518BF52EA0335C9
:1083B00041F4801143F4801338D0A0FB02CE4FF07B
:1083C0000005E1FB02E506F00042E0FB03E54FF0AB
:1083D0000006E1FB03569CF0000F18BF4EF0010EA3
:1083E000A4F1FF04B6F5007F64F5407404D25FEA9F
:1083F0004E0E6D4146EB060642EAC62141EA555152
:108400004FEAC52040EA5E504FEACE2EB4F1FD0C93
:1084100088BFBCF5E06F1ED8BEF1004F08BF5FEA11
:10842000500E50F1000041EB045170BD06F00046C3
:1084300046EA010140EA020081EA0301B4EB5C0470
:10844000C2BFD4EB0C0541EA045170BD41F4801168
:108450004FF0000E013C00F3AB8014F1360FDEBF8D
:10846000002001F0004170BDC4F10004203C35DA69
:108470000C341BDC04F11404C4F1200500FA05F3EC
:1084800020FA04F001FA05F240EA020001F000428D
:1084900021F0004110EBD37021FA04F642EB060103
:1084A0005EEA430E08BF20EAD37070BDC4F10C042D
:1084B000C4F1200500FA04F320FA05F001FA04F2F1
:1084C00040EA020001F0004110EBD37041F10001DD
:1084D0005EEA430E08BF20EAD37070BDC4F12005E8
:1084E00000FA05F24EEA020E20FA04F301FA05F250
:1084F00043EA020321FA04F001F0004121FA04F2F8
:1085000020EA020000EBD3705EEA430E08BF20EAC7
:10851000D37070BD94F0000F0FD101F00046400001
:1085200041EB010111F4801F08BF013CF7D041EA83
:10853000060195F0000F18BF704703F00046520087
:1085400043EB030313F4801F08BF013DF7D043EA58
:108550000603704794EA0C0F0CEA135518BF95EA0E
:108560000C0F0CD050EA410618BF52EA4306D1D195
:1085700081EA030101F000414FF0000070BD50EAB4
:10858000410606BF1046194652EA430619D094EA3E
:108590000C0F02D150EA013613D195EA0C0F05D128
:1085A00052EA03361CBF104619460AD181EA03017C
:1085B00001F0004141F0FE4141F470014FF0000034
:1085C00070BD41F0FE4141F4780170BD70B54FF0CF
:1085D000FF0C4CF4E06C1CEA11541DBF1CEA13554F
:1085E00094EA0C0F95EA0C0F00F0A7F8A4EB050431
:1085F00081EA030E52EA03354FEA013100F0888028
:108600004FEA03334FF0805545EA131343EA1263F0
:108610004FEA022245EA111545EA10654FEA0026A5
:108620000EF000419D4208BF964244F1FD0404F55E
:10863000407402D25B084FEA3202B61A65EB0305BA
:108640005B084FEA32024FF480104FF4002CB6EB77
:10865000020E75EB030E22BFB61A754640EA0C00F7
:108660005B084FEA3202B6EB020E75EB030E22BF37
:10867000B61A754640EA5C005B084FEA3202B6EB78
:10868000020E75EB030E22BFB61A754640EA9C0037
:108690005B084FEA3202B6EB020E75EB030E22BF07
:1086A000B61A754640EADC0055EA060E18D04FEAC5
:1086B000051545EA16754FEA06164FEAC30343EA65
:1086C00052734FEAC2025FEA1C1CC0D111F4801F32
:1086D0000BD141EA00014FF000004FF0004CB6E72B
:1086E00011F4801F04BF01430020B4F1FD0C88BFCA
:1086F000BCF5E06F3FF6AFAEB5EB030C04BFB6EBD5
:10870000020C5FEA500C50F1000041EB045170BDC7
:108710000EF0004E4EEA113114EB5C04C2BFD4EBF4
:108720000C0541EA045170BD41F480114FF0000E78
:10873000013C90E645EA060E8DE60CEA135594EAF4
:108740000C0F08BF95EA0C0F3FF43BAF94EA0C0FF7
:108750000AD150EA01347FF434AF95EA0C0F7FF46C
:1087600025AF104619462CE795EA0C0F06D152EAC0
:1087700003353FF4FDAE1046194622E750EA4106A4
:1087800018BF52EA43067FF4C5AE50EA41047FF4B5
:108790000DAF52EA43057FF4EBAE12E74FF0FF3C1A
:1087A00006E000BF4FF0010C02E000BF4FF0010CEB
:1087B0004DF804CD4FEA410C7FEA6C5C4FEA430C64
:1087C00018BF7FEA6C5C1BD001B050EA410C0CBFB3
:1087D00052EA430C91EA030F02BF90EA020F002015
:1087E000704710F1000F91EA030F58BF994208BF7C
:1087F00090422CBFD8176FEAE37040F00100704739
:108800004FEA410C7FEA6C5C02D150EA013C07D18F
:108810004FEA430C7FEA6C5CD6D152EA033CD3D0DA
:108820005DF8040B704700BF8446104662468C46D4
:108830001946634600E000BF01B5FFF7B7FF002807
:1088400048BF10F1000F01BD4DF808EDFFF7F4FF30
:108850000CBF012000205DF808FB00BF4DF808EDBB
:10886000FFF7EAFF34BF012000205DF808FB00BFDE
:108870004DF808EDFFF7E0FF94BF012000205DF800
:1088800008FB00BF4DF808EDFFF7CEFF94BF0120B5
:1088900000205DF808FB00BF4DF808EDFFF7C4FFAE
:1088A00034BF012000205DF808FB00BF4FEA410CF7
:1088B0007FEA6C5C02D150EA013C0AD14FEA430CDA
:1088C0007FEA6C5C02D152EA033C02D14FF0000017
:1088D00070474FF0010070474FEA410212F5001255
:1088E00015D211D56FF47873B3EB625212D94FEAF7
:1088F000C12343F0004343EA505311F0004F23FAE1
:1089000002F018BF404270474FF00000704750EA35
:10891000013005D111F0004008BF6FF000407047F2
:108920004FF00000704700BF4FEA4102B2F1E04350
:1089300024BFB3F5001CDCF1FE5C0DD901F0004C46
:108940004FEAC0024CEA5070B2F1004F40EB830096
:1089500008BF20F00100704711F0804F21D113F1C2
:108960003872BCBF01F00040704741F480114FEAFB
:108970005252C2F11802C2F1200C10FA0CF320FA84
:1089800002F018BF40F001004FEAC1234FEAD323A1
:1089900003FA0CFC40EA0C0023FA02F34FEA43030B
:1089A000CCE77FEA625307D150EA01331EBF4FF094
:1089B000FE4040F44000704701F0004040F0FE40AF
:1089C00040F40000704700BF80F0004002E000BFAC
:1089D00081F0004142001FBF5FEA410392EA030FAA
:1089E0007FEA226C7FEA236C6AD04FEA1262D2EBF4
:1089F0001363C1BFD218414048404140B8BF5B42F9
:108A0000192B88BF704710F0004F40F4000020F091
:108A10007F4018BF404211F0004F41F4000121F0A7
:108A20007F4118BF494292EA030F3FD0A2F10102F1
:108A300041FA03FC10EB0C00C3F1200301FA03F12F
:108A400000F0004302D5494260EB4000B0F5000F52
:108A500013D3B0F1807F06D340084FEA310102F111
:108A60000102FE2A51D2B1F1004F40EBC25008BFC3
:108A700020F0010040EA03007047490040EB00008D
:108A8000013A28BFB0F5000FEDD2B0FA80FCACF18E
:108A9000080CB2EB0C0200FA0CF0AABF00EBC250BB
:108AA00052421843BCBFD0401843704792F0000FA9
:108AB00081F4000106BF80F400000132013BB5E7FC
:108AC0004FEA41037FEA226C18BF7FEA236C21D072
:108AD00092EA030F04D092F0000F08BF08467047D7
:108AE00090EA010F1CBF0020704712F07F4F04D1A5
:108AF000400028BF40F00040704712F100723CBFB8
:108B000000F50000704700F0004343F0FE4040F4E1
:108B1000000070477FEA226216BF08467FEA23639F
:108B20000146420206BF5FEA412390EA010F40F48A
:108B3000800070474FF0000304E000BF10F00043D6
:108B400048BF40425FEA000C08BF704743F09643BD
:108B500001464FF000001CE050EA010208BF7047D8
:108B60004FF000030AE000BF50EA010208BF70475F
:108B700011F0004302D5404261EB41015FEA010C74
:108B800002BF84460146002043F0B64308BFA3F16C
:108B90008053A3F50003BCFA8CF2083AA3EBC2534E
:108BA00010DB01FA02FC634400FA02FCC2F120026D
:108BB000BCF1004F20FA02F243EB020008BF20F0A4
:108BC0000100704702F1200201FA02FCC2F120020A
:108BD00050EA4C0021FA02F243EB020008BF20EAFF
:108BE000DC70704753B94AB9002908BF00281CBF80
:108BF0004FF0FF314FF0FF3000F00CB8ADF1080C32
:108C00006DE904CE2CF0DAFDDDF804E0DDE90223A5
:108C100004B07047704700BF844641EA000313F078
:108C200003036DD1403A41D351F8043B40F8043B73
:108C300051F8043B40F8043B51F8043B40F8043B36
:108C400051F8043B40F8043B51F8043B40F8043B26
:108C500051F8043B40F8043B51F8043B40F8043B16
:108C600051F8043B40F8043B51F8043B40F8043B06
:108C700051F8043B40F8043B51F8043B40F8043BF6
:108C800051F8043B40F8043B51F8043B40F8043BE6
:108C900051F8043B40F8043B51F8043B40F8043BD6
:108CA00051F8043B40F8043B403ABDD2303211D376
:108CB00051F8043B40F8043B51F8043B40F8043BB6
:108CC00051F8043B40F8043B51F8043B40F8043BA6
:108CD000103AEDD20C3205D351F8043B40F8043B76
:108CE000043AF9D2043208D0D2071CBF11F8013B74
:108CF00000F8013B01D30B8803806046704700BF3A
:108D0000082A13D38B078DD010F003038AD0C3F148
:108D10000403D21ADB071CBF11F8013B00F8013B2A
:108D200080D331F8023B20F8023B7BE7043AD9D3E9
:108D3000013A11F8013B00F8013BF9D20B780370BE
:108D40004B7843708B78837060467047000000005A
:108D50000000000000000000000000000000000013
:108D60000000000000000000000000000000000003
:108D700000000000000000000000000000000000F3
:108D800030B490F800F020F007016FF0000C10F004
:108D9000070491F820F040F048804FF000046FF095
:108DA0000700D1E9002391F840F000F1080082FAB1
:108DB0004CF2A4FA8CF283FA4CF3A2FA8CF34BBB7C
:108DC000D1E9022382FA4CF200F10800A4FA8CF2F5
:108DD00083FA4CF3A2FA8CF3E3B9D1E9042382FAC3
:108DE0004CF200F10800A4FA8CF283FA4CF3A2FAD8
:108DF0008CF37BB9D1E9062301F1200182FA4CF210
:108E000000F10800A4FA8CF283FA4CF3A2FA8CF376
:108E1000002BC6D0002A04BF04301A4612BAB2FA98
:108E200082F200EBD20030BC7047D1E9002304F09D
:108E30000305C4F100004FEAC50514F0040F91F8D2
:108E400040F00CFA05F562EA05021CBF63EA05036F
:108E500062464FF00004AAE708B5064B1A783AB903
:108E6000054A1AB10548AFF30080024B01221A707F
:108E700008BD00BFC0040020000000007C9603086D
:108E800008B5034B1BB103490348AFF3008008BD8D
:108E900000000000C40400207C9603080F4BDFF89C
:108EA0004CC010B553F820400D4BDCF800204FF4B7
:108EB0002E7E0EFB00300B4BD0F82CE0D0F8B40225
:108EC0009950134408495C60C3F808E0D8600B6807
:108ED00010320133CCF800200B6010BDF07C002074
:108EE000783B0020000000105C0500206405002095
:108EF00000B5244B24491B782448DFF8A4E0244A19
:108F00008B71A3F1020CBCF1020FDFF898C0C1F81D
:108F100000C0DFF894C00388DCF800C012681D4868
:108F2000CB81C1F818C0DEF800300068C8614FF08E
:108F3000020CA1F804C04FF4E02CC1F808C0C1E94C
:108F400004238CBF4FF0020C4FF0140C124B81F82D
:108F50000CC00A4615204FF0100E4FF0000C42F8DE
:108F6000200F81F807E003F1540081F80DC053F899
:108F7000041B42F8041F8342F9D1084B0022C3E9C5
:108F8000002200BDEC00002000000010440500207D
:108F90006005002050050020F0040020780000103B
:108FA0005C0500205452414354050020774B1A7849
:108FB000F2B170B5764C217882B0D1B1754B1E7884
:108FC0001D4608F0ABF9FFF7C7FD734A9FED737AB2
:108FD000117807EE900A67EE877A0129FCEEE77AAE
:108FE00022D011F0FD0F60D02178297002B070BD41
:108FF000704708F093F9684A92F800C0BCF1010F7D
:1090000005D0634B634D1978297002B070BD019291
:10901000FFF7A2FD9FED617A5E4D5F4A07EE900A71
:1090200067EE877AFCEEE77A5D49097805292ED14B
:109030005749097859B35B48D0F800C040F6F7703B
:10904000844524D8584A17EE904A1068A042CCD8DC
:1090500017EE901A0120FFF721FF17EE901A00205B
:10906000FFF71CFF17EE901A0220FFF717FF474B80
:10907000474A1B7811784D484B4AC0ED007A023BB5
:10908000022B8CBF0223142323441360ADE7474B0C
:109090000192C3ED007AFFF72BFF3D4A1178019A48
:1090A00029700223137002B070BD1EB93C4B1B78AF
:1090B000052B02D0364B197897E73A4B3C491E6096
:1090C00080230B603B499FED3C6A0B603B493C4B66
:1090D00091ED007ADFED3B6AC3ED007A27EE067A68
:1090E000324B3149C3ED007AB4EEE67A0123F1EE5A
:1090F00010FAC1ED007A137044DCDFED337AF4EE40
:10910000C77AF1EE10FAD8BFF0EE477AFCEEE77AB4
:1091100017EE900A2D4B2E4A2E491080D3F8EC0200
:109120000860D3F8FC024860D3F800038860D3F8E5
:10913000C802C860D3F8CC020861D3F8D4024861F1
:10914000D3F8D802886103F2A4500068C86103F222
:10915000B4500068086203F5B7600068486203F520
:10916000B0600068886203F284500068C86203F24D
:109170008C5003F5B26300681B6808634B63FFF70C
:10918000B7FE97E74FF6FF70C4E700BFEC00002082
:10919000F42F00204D0500204F0500206F12833A68
:1091A000307D00205C05002048050020500500208F
:1091B000640500206005002000007A447000002053
:1091C0005405002000FF7F4700000000783B00208E
:1091D00044050020F0040020154B1B7813B1154BFB
:1091E0001A6802B9704700B583B008F097F8FFF726
:1091F000B3FC9FED117A114A07EE900A67EE877A69
:10920000FCEEE77AC2ED007AFFF772FE094B0C48DC
:109210001B680C49009108331B0103600A4A502166
:10922000012012F02FFA094B187003B000BD00BFE7
:10923000EC0000205C0500206F12833A50050020EE
:10924000580500200000001000000C084C0500200C
:109250000B48027910B400230A4C802163F34102C9
:1092600021600271084C094A094821601370094CB9
:1092700009490A4A037023600B6010BC13607047F1
:10928000347D002060050020640500204F0500208B
:10929000EC0400205C050020E0040020E404002031
:1092A000704700BF364A37483749D0F800C008B584
:1092B000137943F002031371344A0020012308603C
:1092C0001370BCF1000F1AD0314B324A03F1800009
:1092D00052F8041F43F8041B8342F9D12E4B2F4848
:1092E0002F49304A006808604FF0010E83F800E013
:1092F0004FEA0C1313602C4B80221A6008BD244ADD
:109300002A48802112F072F9214A294910688842BE
:109310004FF001030FD0802200211D482CF0DCFC0F
:10932000204A1D481E490023136003700B601E4B2A
:1093300080221A6008BD92F804C0BCF1020FEAD185
:10934000D1791029E7D1516940F6F77001F1FF3E5C
:109350008645E0D8107A40F002001072154A16488F
:1093600013700D4A0E4B82F800C018600D4A0801B8
:1093700001F10803114910601B010B60BBE700BF3E
:10938000347D00205C050020DC040020EC0400207B
:1093900068050020FCFFFF0F4E050020600500203F
:1093A000E8040020E4040020E004002000000C0891
:1093B000545241434C05002080000C085805002001
:1093C000054B187838B1054B054A1B6812681343E2
:1093D00014BF012000207047EC040020E0040020AE
:1093E000E4040020474B1B78002B7FD02DE9F04F81
:1093F000454B464F1D683A68A7B08246002D5CD0A9
:109400000DF1180942484946002301E0802B76D02F
:10941000013304780C709D4200F1010001F101015B
:10942000F4D12C46ED1A384B1D60002A4CD0CDF8F3
:109430000490DFF8F080374D374EA1441FE0D3F899
:1094400004E0D3F808C056F800B0DB68C9F80C3067
:10945000C9F800B0C9F804E0C9F808C0012900F152
:10946000100004F11004A2F1100203D1B0F5803F06
:1094700028BF80203A60286009F1100912B37F2CC0
:1094800020D898F800102868022900EB0603D6D1EE
:1094900002AA102112F0AAF8DDE90202DDE9043186
:1094A000C9F80000C9F80C10C9F80420C9F8083040
:1094B00028683A6898F80010D0E7A2B12C460DF160
:1094C0001809B4E7DDF80490E2B2144C4B46216869
:1094D00050461EF0A7F90C4B22681B683968013210
:1094E0000B43226003D027B0BDE8F08F70470C49D2
:1094F000044A13700A7963F341020A71F3E71C46C8
:1095000090E700BFEC040020E0040020E404002009
:1095100068050020E804002000000010DC040020A2
:10952000347D00204E050020144B154A53F820309E
:109530001268934220D2F7EE007A30EE270AF6EE58
:10954000007A20EE270ADFED0F7A0F4A20EE270A75
:109550003421BDEEC00A01FB032210EE103A1BB20B
:10956000B3F5FA6FA8BF4FF4FA63D269B3F57A7F07
:10957000B8BF4FF47A731360704700BFAC63030841
:10958000000000200000FA4410820308124B134A26
:1095900053F82030126893421CD2F7EE007A30EE76
:1095A000270ADFED0F7A0F4A20EE270A3421BDEE9D
:1095B000C00A01FB032210EE103A40F698011BB2DC
:1095C0008B42A8BF0B46D269B3F5487FB8BF4FF4B2
:1095D00048731360704700BFAC63030800000020AD
:1095E00000007A44108203080F4B104A53F82030D1
:1095F0001268934216D2DFED0E7A0E4A20EE270A49
:109600003421BDEEC00A01FB032210EE103A40F2F5
:10961000E7311BB28B42A8BF0B46D269012BB8BF02
:1096200001231360704700BFAC63030800000020F3
:1096300000007A4410820308704700BF2DE9F84FFC
:109640002DED028BC24EDFF86093F27899F800306E
:10965000900740F1AC80002B00F0A980BD4ABE4BC2
:10966000D2ED007A93EDAE7A27EE877AFEEE006AAD
:10967000B4EEE67AF1EE10FAB6EE006A07D4B4EE74
:10968000C67AF1EE10FA00F3D281B1EE476A93ED9B
:10969000007AB24B27EE877AFEEE006AB4EEE67AE5
:1096A000F1EE10FA83ED006A00F1BB81B6EE006ABC
:1096B000B4EEC67AF1EE10FA01DCF1EE476AA84A80
:1096C000A84B92ED006AC3ED006A67EE867ABEEEA3
:1096D000007AF4EEC77AF1EE10FA08D4B6EE007A0A
:1096E000F4EEC77AF1EE10FAD8BFB0EE677A9E4B6F
:1096F0009E4900221A6081ED007A03F02BFD9C4BFD
:109700001B78002B00F0B080DFF8A082994CD8F8CD
:10971000003000202060002B00F08C819FED968AA5
:10972000DFF88CA2954F964D9AED001A07EB800357
:1097300005EB800BD3ED000A9BED000A01F090F9D8
:1097400099F800308BED000A002B40F054818D4BCE
:1097500020681B78052B00F03381022B00F030814C
:1097600005EB800383ED008AB0EE480A8300F278AF
:10977000120700F1DD80844B1B6898472068834BFB
:10978000D8F8002003EB800305EB8001D3ED007ACD
:1097900091ED007A013077EE877A9042C3ED007A3E
:1097A0002060C1D37A4A13680133136060E0794ABC
:1097B00092ED007AFEEE007AB4EEE77AF1EE10FA5E
:1097C00039D4F6EE007AB4EEE77AF1EE10FAC8BFBB
:1097D000B0EE677A6049614AD1EDAD6A82ED007AF8
:1097E000FEEE007AF4EEE76AF1EE10FA08D4F6EE37
:1097F000007AF4EEE76AF1EE10FAD8BFF0EE667A7E
:10980000654A584992ED007AC1ED007A13F0FD0FD8
:10981000FEEE007AB4EEE77A10D0F1EE10FA00F125
:109820000381F6EE006AB4EEE67AF1EE10FA11DC8E
:10983000F1EE477A0EE0B0EE677ACBE7F1EE10FA80
:1098400008D4F6EE007AB4EEE77AF1EE10FAD8BF5B
:10985000F0EE477A454BC3ED007A03F07BFC444BB6
:109860001B78002B7FF450AF424CDFF84081434F10
:1098700003F0BAFE03F034FCD8F800302360092B63
:1098800046D83F4D9FED458ADFF82881DFF828A1B3
:10989000DFF8289198ED001A07EB830205EB830BA4
:1098A000D2ED000A9BED000A01F0DAF88BED000A18
:1098B000F378226813F0080F02F1010325D15AF85A
:1098C0002200374905EB820CD9F800204FF0340E06
:1098D00090420EFB0011B7EE007A40F6980014D2C9
:1098E000DCED007AC96977EE877A67EE887AFDEE5B
:1098F000E77A17EE902A12B28242A8BF0246B2F56A
:10990000487FB8BF4FF448720A60092B2360C1D961
:109910001A4E244D0A2323600FCE0FC50FCE0FC55C
:1099200096E8030085E80300BDEC028BBDE8F88FE4
:10993000164A1344D3ED007A77EE807A0130C3EDF6
:10994000007AD8F8003020609842FFF4EDAE29E7A5
:10995000347D002010000020783B00200406002009
:10996000E840002000060020F8050020FC0500204B
:10997000B8060020E8050020000000005C0600207A
:1099800034060020307D0020EC05002088060020F1
:1099900084060020E44000209C43002000007A441C
:1099A000108203080C060020A98E0020040000206D
:1099B000B4060020B0060020AC63030800000020BD
:1099C0001D4B93ED000A05EB8003D3ED007AF4EE16
:1099D000C07AF1EE10FA4FEA800308D4B7EE000A1D
:1099E000F4EEC07AF1EE10FAD8BFB0EE670AEA18CA
:1099F00082ED000ABBE60FF00DF80346206843B184
:109A0000F378190709D405EB800393ED000A83006E
:109A1000EDE7B0EE480A8300E9E79FED080A83000E
:109A2000E5E7F6EE006A4AE6F6EE007A12E7B0EEF7
:109A3000666A2CE6024FB5E6A4380020000000005C
:109A40005C0600202DE9F047B249DFF81483CB789B
:109A5000B148B24F98F800203D68DFF8089323F032
:109A6000200382B0CB70AE4BAE491B78C35CAE48CE
:109A7000A2F10104B4FA84F4AB4200784FEA541422
:109A800028BF2B460B6089F80040002840F0BA80C0
:109A9000022A00F0698107EE903AB8EEE77AF7EE15
:109AA000006AC6EE877AA149A14E02EB8202033317
:109AB00056F8220033F003039A46C1ED007A9D491F
:109AC000086006EB82013ED0DFED9B7A9B4C9C4EFA
:109AD000C4ED007AC6ED007A002D40F07B81C4ED24
:109AE000017AC6ED017A3B680025022BA560B560BE
:109AF00000F21D830023E360F360BAF1040F20D06D
:109B00003B680025062B2561356100F241836561C4
:109B10007561BAF1060F14D93B680025082BA561C1
:109B2000B56100F2FE83E561F561BAF1080F08D96D
:109B30003B680025042B2562356200F2448465628F
:109B4000756299F80040002C40F0D4807D4C3A6852
:109B500054F82A309342C0F0CC830AF1010354F840
:109B6000232039688A42C0F0FE83BAF1080F0AF157
:109B7000020300F0BF8054F8232039688A42C0F005
:109B800009840AF1030354F8232039688A42C0F09B
:109B90003C840AF1040354F8232039688A42C0F057
:109BA0004D840AF1050354F8232039688A42C0F035
:109BB0005E84BAF1040F00F09D803B68082B00F230
:109BC00087843B68042B40F295805C4E5C4D5E4878
:109BD0004FF07C5440F2DC5345F2E472A821346229
:109BE0002C6213F00BFA3B68052B40F28380574838
:109BF000746240F2DC5345F2E472A8216C6213F007
:109C0000FDF977E04B4A52494C4C1160002B00F0B3
:109C1000F8804FEA83084A4E0193424600212046CD
:109C20002CF05AF80021424630462CF055F8019BA2
:109C30000A2B5CD004EB0801B0444FF07C52092B96
:109C40000A60C8F8002003F1010150D004EB810044
:109C500006EB8101082B0A60026003F1020146D085
:109C600004EB810006EB8101072B0A60026003F11F
:109C700003013CD004EB810006EB81014FF07C52E4
:109C8000062B0A60026003F1040130D004EB81006E
:109C900006EB8101052B0A60026003F1050126D065
:109CA00004EB810006EB8101042B0A60026003F1E2
:109CB00006011CD004EB810006EB8101032B0A6036
:109CC000026003F1070112D004EB810006EB810171
:109CD000022B0A60026003F1080108D004EB810046
:109CE00006EB810102600A600BB962627262002DAC
:109CF00040F09C802822002116482BF0EDFF164BE7
:109D000001241C6004F084F9144B1C7002B0BDE8FF
:109D1000F08700BF347D0020D463030800000020DA
:109D2000F500002004000020A98E00200806002075
:109D300084630308EC0500200000000034060020C6
:109D40005C060020AC630308E08203081483030868
:109D50008D9500088806002084060020B8060020A3
:109D60000C000020B90600202B4B2C4C2C4E2D4A09
:109D700008604FF07C581A60C4F80080C6F8008074
:109D8000002D40F03D82C4F80480C6F804804FF0F6
:109D90007C53A360B3604FF07C53E360F3604FF0FB
:109DA0007C53236133614FF07C53636173614FF0E7
:109DB0007C53A361B3614FF07C53E361F3613B6873
:109DC0004FF07C55042B2562356200F202826562F9
:109DD00075628FE7D1E9022313488988CDED017AB6
:109DE00013F00CF93B68DDED017A012BC4ED017A2B
:109DF000C6ED017A00F28D81C4ED027AC6ED027AD9
:109E000078E6074E4FF07C5222606260A2603260BA
:109E10007260B26003212DE7EC05002034060020BB
:109E20005C0600203996000810820308D04E4FF4DB
:109E30007A7345F2E472A821304613F0DFF83D68EA
:109E4000012D67D94FF47A7345F2E472A82106F127
:109E5000340013F0D3F83D68022D5BD94FF47A73C8
:109E600045F2E472A82106F1680013F0C7F83D68D6
:109E7000032D4FD94FF47A7345F2E472A82106F10D
:109E80009C0013F0BBF83D68062D2DD94FF47A7372
:109E900045F2E472A82106F59C7013F0AFF83D6816
:109EA000072D21D94FF47A7345F2E472A82106F503
:109EB000B67013F0A3F83D68082D15D94FF47A73E6
:109EC00045F2E472A82106F5D07013F097F83D68CA
:109ED000092D09D94FF47A7345F2E472A82106F5E9
:109EE000EA7013F08BF83D68042D13D9A1484FF4A4
:109EF0007A7345F2E472A82113F080F83D68052DCD
:109F000008D99D484FF47A7345F2E472A82113F002
:109F100075F83D68002D3FF4EDAE94ED007ADFED6D
:109F2000976AF169D4ED017AB7EE006A37EE067AE6
:109F300040F6980227EE267ABDEEC77A17EE103A61
:109F40001BB29342A8BF1346B3F5487FB8BF4FF486
:109F50004873012D0B603FF4CDAE77EE867A316DFC
:109F600094ED027A67EEA67AFDEEE77A17EE903A64
:109F70001BB29342A8BF1346B3F5487FB8BF4FF456
:109F80004873022D0B603FF4B5AE37EE067AD6F873
:109F90008410D4ED037A27EE267ABDEEC77A17EE49
:109FA000103A1BB29342A8BF1346B3F5487FB8BF1F
:109FB0004FF44873032D0B603FF49CAE77EE867A26
:109FC000D6F8B81094ED047A67EEA67AFDEEE77A3B
:109FD00017EE903A1BB29342A8BF1346B3F5487FE1
:109FE000B8BF4FF44873062D0B6040F28F8237EEF6
:109FF000067AD6F85411D4ED057A27EE267ABDEE0E
:10A00000C77A17EE103A1BB29342A8BF1346B3F5B6
:10A01000487FB8BF4FF44873072D0B6043D077EEED
:10A02000867AD6F8881194ED067A67EEA67AFDEE68
:10A03000E77A17EE903A1BB29342A8BF1346B3F5E6
:10A04000487FB8BF4FF44873082D0B602BD037EE14
:10A05000067AD6F8BC11D4ED077A27EE267ABDEE43
:10A06000C77A17EE103A1BB29342A8BF1346B3F556
:10A07000487FB8BF4FF44873092D0B6013D077EEBB
:10A08000867A67EEA67AFDEEE77A17EE903A1BB273
:10A090009342A8BF1346B3F5487FD6F8F021B8BF66
:10A0A0004FF448731360D4ED087ADFED346AD6F8C4
:10A0B000EC1094ED097AB7EE006A77EE867A40F6F6
:10A0C000980267EEA67AFDEEE77A17EE903A1BB299
:10A0D0009342A8BF1346B3F5487FB8BF4FF4487307
:10A0E000052D0B603FF406AE77EE067AD6F8201108
:10A0F00067EEA67AFDEEE77A17EE903A1BB293422E
:10A10000A8BF1346B3F5487FB8BF4FF448730B6040
:10A11000F0E598F800101A4B1A4801EB810103EBA7
:10A120008101D1E90223898812F068FFDBE498F805
:10A130000010134B144801EB810103EB8101D1E9BD
:10A140000223898812F05AFF3B68E560032BF56013
:10A150007FF6D3AC98F80010094B0C4801EB810155
:10A1600003EB8101D1E90223898812F047FFC4E49F
:10A1700010820308E08203081483030800007A4475
:10A18000846303084482030878820308AC820308CE
:10A1900098F80010C14BC24801EB810103EB81012B
:10A1A000D1E90223898812F029FF3B686561072BFA
:10A1B00075617FF6AEAC98F80010B84BB94801EB6A
:10A1C000810103EB8101D1E90223898812F016FF96
:10A1D0009FE440F2DC53B44845F2E472A82112F047
:10A1E0000DFF3B686562052B75627FF683ADAF4856
:10A1F00040F2DC5345F2E472A82112F0FFFE79E54B
:10A2000040F2DC53AA4845F2E472A82112F0F6FEAF
:10A210003B68C4F80480012BC6F804807FF6B7AD14
:10A2200040F2DC53A34845F2E472A82112F0E6FEA6
:10A230003B68C4F80880022BC6F808807FF6ABADF7
:10A2400040F2DC539C4845F2E472A82112F0D6FE9D
:10A250003B68C4F80C80032BC6F80C807FF69FADDA
:10A2600040F2DC53954845F2E472A82112F0C6FE94
:10A270003B68C4F81080062BC6F810807FF693ADBB
:10A2800040F2DC53864845F2E472A82112F0B6FE93
:10A290003B68C4F81480072BC6F814807FF687AD9E
:10A2A00040F2DC537F4845F2E472A82112F0A6FE8A
:10A2B0003B68C4F81880082BC6F818807FF67BAD81
:10A2C00040F2DC537E4845F2E472A82112F096FE7B
:10A2D0003B68C4F81C80092BC6F81C807FF66FAD64
:10A2E000784840F2DC5345F2E472A82112F086FE71
:10A2F00065E57549754A6E4801EB8A0102EB8A02F1
:10A30000342505FB03004FF07C530B601360A8213C
:10A3100040F2DC5345F2E47212F070FE0AF10103E0
:10A320001DE498F800105D4B654801EB810103EBDB
:10A330008101D1E90223898812F060FE3B68E56162
:10A34000092BF5617FF6F1AB98F80010534B5D488F
:10A3500001EB810103EB8101D1E90223898812F02D
:10A360004DFEFFF7E2BB5949574D05EB830501EB65
:10A3700083034F49342000FB02104FF07C522A60C7
:10A380001A60A82140F2DC5345F2E47212F036FE66
:10A39000FFF7EBBB4D494C4D05EB830501EB830308
:10A3A0004349342000FB02104FF07C521A602A60AF
:10A3B00040F2DC5345F2E472A82112F01FFE0AF1CC
:10A3C0000303FFF7E0BB98F80010344B364801EB6D
:10A3D000810103EB8101D1E90223898812F00EFE8D
:10A3E0003B686562052B75627FF6ABAB98F8001091
:10A3F0002A4B2E4801EB810103EB8101D1E90223B5
:10A40000898812F0FBFDFFF79CBB30492E4D05EB10
:10A41000830501EB83032649342000FB02104FF033
:10A420007C521A602A6040F2DC5345F2E472A821A3
:10A4300012F0E4FD0AF10403FFF7ADBB2349224DFE
:10A4400005EB830501EB83031949342000FB02105F
:10A450004FF07C521A602A6040F2DC5345F2E472FD
:10A46000A82112F0CBFD0AF10503FFF79CBB1749A9
:10A47000154C04EB830401EB83030D49342000FBEE
:10A4800002104FF07C5222601A60A82140F2DC5387
:10A4900045F2E47212F0B2FDFFF78BBB8463030850
:10A4A000488303087C830308E082030814830308BD
:10A4B000108203084482030878820308AC820308F0
:10A4C000B0830308E4830308340600205C06002000
:10A4D000104E114D11484FF07C5440F2DC5345F2C0
:10A4E000E472A821B461AC6112F088FD3B68092BCD
:10A4F0007FF667AB0A48F46140F2DC5345F2E47240
:10A50000A821EC6112F07AFDFFF75BBB042D3FF44C
:10A51000F1ABC8E5340600205C060020B0830308D8
:10A52000E48303082DE9F0411E4C054606F0F6FED3
:10A53000D4E9022390429941F8D30121284600F042
:10A54000C7FD01210746284600F00EFE9F21384630
:10A5500000F0F2FE144E154B3446187006F1050853
:10A560000021384600F0E8FE04F8010B4445F7D11D
:10A570002846002100F0F8FD33783279B1787478FC
:10A58000F0781F2B08BF282C42EA01020CBF0123E0
:10A590000023012808BF002A0CBF0120002018401A
:10A5A000BDE8F081702F002018000020BB060020BD
:10A5B00070B5194C054606F0B1FED4E9022390426D
:10A5C0009941F8D30021284600F082FD012106467A
:10A5D000284600F0C9FD8021304600F0ADFE0F4C4A
:10A5E00000212070304600F0A7FE00212070304688
:10A5F00000F0A2FE00212070304600F09DFE0021F8
:10A600002070284600F0B0FDBDE8704023220023F2
:10A61000012006F0C3BF00BF702F0020BB06002042
:10A62000F8B52A4C054606F079FED4E9022390429B
:10A630009941F8D30021284600F04AFD0121074640
:10A64000284600F091FD3D21384600F075FE204E71
:10A650002A213070384600F06FFE80213070384675
:10A6600000F06AFEA6213070384600F065FE002139
:10A670003070284600F078FD48F6B802002301202B
:10A6800006F08CFF06F04AFED4E90223904299417D
:10A69000F8D30121284600F01BFD0121044628467D
:10A6A00000F062FDD721204600F046FE0021307008
:10A6B000204600F041FE074C00212070284600F0A3
:10A6C00053FD207800F00100F8BD00BF702F00207E
:10A6D000BB060020BA06002010B50320FFF768FF74
:10A6E0000320FFF71FFF04460320FFF799FF2040D8
:10A6F000C0B210BD00000000534B1B68002B40F09F
:10A7000094802DE9F04F514B514E1F68514D85B04B
:10A710008DED030A0024504B06FB0737380CFDF77C
:10A72000C1FD47A3D3E90023FDF750FF02460B46C6
:10A73000FDF76CFC22462B46FDF766FC464B06FBFC
:10A7400007378246380C8B46FDF7ACFD3CA3D3E9B6
:10A750000023FDF73BFF02460B46FDF757FC224660
:10A760002B46FDF751FC5246CDE900015B465046B1
:10A770005946FDF701FE80468946DDE900010246A3
:10A780000B46FDF7F9FD02460B4640464946FDF7EC
:10A790003DFC22462B4680468946FEF773F800288A
:10A7A000B9D10022002340464946FEF74DF8002863
:10A7B000B1D1264B294C1F6049EC108B26F078FF55
:10A7C000002251EC100B4FF04043FDF7D5FD4246FF
:10A7D0004B46FDF7FBFE41EC100B27F031F857EC30
:10A7E000106BDDE9000132463B46FDF7C5FDFEF783
:10A7F0009BF8154D2060012432463B462C605046A4
:10A800005946FDF7B9FD044603980D46FDF75CFD7A
:10A8100002460B4620462946FDF7AEFDFEF784F8BA
:10A8200000EE100A05B0BDE8F08F0C4AD2ED007AB8
:10A83000054A002320EE270A13607047AFF300801B
:10A840000000E0FFFFFFEF41C806002024000020C9
:10A850000D6619000000F03F5FF36E3CC406002057
:10A8600010B5044606F01EFE0023C4E90003C4E947
:10A87000023310BD10B5C160044606F013FE20601F
:10A8800010BD00BF10B5044606F00CFE2368C01AC8
:10A89000B0F57A7F8ABF0020B4F90C00E06010BDEB
:10A8A00003787BB343781C4A0133A2FB031202F402
:10A8B000FF7101EB52029B1A00EB8302437082EDA1
:10A8C000010A90ED017A90ED020AD0ED037AB4EE20
:10A8D000C07AF1EE10FA0EDDB4EEE77AF1EE10FA7E
:10A8E000D8BFF0EE477AB4EEE70AF1EE10FAD8BF1F
:10A8F000B0EE670A7047F0EE406AB0EE470AB0EE7D
:10A90000667AE9E7012380ED030A80ED020A80ED13
:10A91000010A0380704700BFABAAAAAAD0F80021A1
:10A92000012A34D090F80C31A3B93AB100F1800378
:10A9300003EB8201A3EC010A8B42FBD107EE902AC4
:10A94000F8EEE77A012367EE807A80F80C31C0EDEB
:10A95000447A7047D0F80831D0ED447A00EB830197
:10A96000D1ED206A81ED200A07EE102A77EEE67A13
:10A97000B8EE477A77EE807A013387EE870AB3FB29
:10A98000F2F102FB1133C0F80831C0ED447A704790
:10A990000B46202B10B51146044613D8013BB3FAE1
:10A9A00083F3C3F1200301209840042200F1FF3C0F
:10A9B0009A40C4E9400C2046FEF72EF9002384F8A3
:10A9C0000C3110BD80224FF01F0C2020F1E700BF9A
:10A9D00090F80C31D0F80011FBB100B5D0E941E29C
:10A9E000531C03EA0E0300EB820282ED200A9FED66
:10A9F000130AC0F8083179B1024600EB810CB2ECC1
:10AA0000017A00EB8301D1ED207A01339445A7EE62
:10AA1000270A0EEA0303F2D100BD39B100F1800329
:10AA200003EB8101A3EC010A9942FBD1002201232F
:10AA3000C0F8082180F80C31704700BF000000000A
:10AA4000DFED067A20EE277AF7EE006AC6EE877A07
:10AA500077EEA07A80EEA70A704700BFDB0FC940EF
:10AA600070EEC00AA0EE810A704700BFDFED0C7ADD
:10AA70009FED0C7A20EE270AF7EE006AC6EE807A88
:10AA80000023037027EE877AC6EEA75A86EE876A00
:10AA9000C0ED017AC0ED025A80ED036A704700BF35
:10AAA000DB0FC940F304353F0378F0EE407AD3B1B1
:10AAB000D0ED076A90ED027A30EE666A20EE877A72
:10AAC000F0EE667AE6EE077A90ED080A90ED037AEA
:10AAD000C0ED077A60EE870A37EEC07AA7EE200A4B
:10AAE00080ED080A704701230370C0ED077A80EDFE
:10AAF000080A7047B5EEC00AF1EE10FA02DC9FEDCD
:10AB0000050A7047F1EEC07AB7EE007A87EE270AA1
:10AB1000704700BF00000000254B00B5D3ED007A60
:10AB2000F4EE417AF1EE10FA87B0F0EE406A13D1FC
:10AB3000204A214B92ED000AD3ED007A20EEA77A4D
:10AB400060EE800AA6EE807AE6EEE70A80ED007AF3
:10AB5000C1ED000A07B000BD8DED040AB0EE410A58
:10AB6000CDE90201CDED050A8DED001A27F016F8AA
:10AB70009DED001A104A8DED011AF0EE407AB0EE0C
:10AB8000410AC2ED007ACDED007A26F0C7FF094AEE
:10AB90009DED011A064BDDED050ADDED046ADDEDE4
:10ABA000007A83ED001ADDE9020182ED000AC5E7B3
:10ABB000C006002020000020BC060020012AB0F9B9
:10ABC00000C0B1F900300FD0032A08D0022A04D106
:10ABD000CCF1000CA0F800C05B420B8070475B42D8
:10ABE000038063460B8070470380CCF100030B8029
:10ABF000704700BFB5EEC00AF1EE10FA08D5DFEDE0
:10AC00000C7A30EE270AB5EEC00AF1EE10FAF8D44D
:10AC1000DFED077AB4EEE70AF1EE10FA06DB30EE6C
:10AC2000670AB4EEE70AF1EE10FAF8DA704700BFEF
:10AC3000DB0FC940DFED107AB4EEE70AF1EE10FA4F
:10AC400009D59FED0E7A30EE070AB4EEE70AF1EE71
:10AC500010FAF8D47047DFED0A7AB4EEE70AF1EEA5
:10AC600010FA08DB9FED057A30EE470AB4EEE70AEA
:10AC7000F1EE10FAF8DA7047DB0F49C0DB0FC9407C
:10AC8000DB0F4940B4EEE00AF1EE10FA02DD30EEDF
:10AC9000600A7047F1EE607AF4EEC07AF1EE10FAD5
:10ACA00002DD30EE200A70479FED010A704700BFB9
:10ACB0000000000021EE211A70EE417AF4EEE07AF5
:10ACC000F1EE10FA0ADC31EE001AF4EEC10AF1EEF0
:10ACD00010FAD4BFF0EE607AF0EE417AB0EE670A77
:10ACE000704700BF60EE810AF1EE607AF4EEC07A40
:10ACF000F1EE10FA02DD30EE800A7047F4EEC00A81
:10AD0000F1EE10FA02D530EE600A70479FED010AAD
:10AD1000704700BF000000002DED108B8CB04FF08D
:10AD2000000CCDE909CCCDE906CCCDE903CCDFEDB3
:10AD3000E74A8DED010ACDF82CC0CDF820C0CDF842
:10AD400014C0002900F0A98101EB410CF0EE641A57
:10AD5000B0EE644AB0EE643AF0EE642AF0EE643A83
:10AD6000B0EE642AB0EE641AF0EE640AB0EE640A43
:10AD7000B0EE648AF0EE648AF0EE64AAB0EE64BAD3
:10AD8000F0EE64BA00EB8C0CB0EE649AF0EE649ACC
:10AD9000B0EE64AAD0ED006A90ED017AD0ED027AAF
:10ADA00026EEA65A67EE075A27EEA76A0C308445AE
:10ADB000E6EE85AAA7EE250AA7EE862AA6EE87AAC2
:10ADC000E6EEA79AA7EE279AE5EE073AE5EE272AE0
:10ADD000A6EEA53AA5EEA74AE6EE861AE7EE064AE3
:10ADE0007BEEA6BA3BEE05BA78EE878A38EE258A66
:10ADF00070EEA70A31EE061ACCD18DED078A8DEDE3
:10AE00000A0ACDED03BA8DED06BACDED09AACDED56
:10AE1000048ACDED050A8DED081A8DED0B2AB0EEF2
:10AE20006B0AB0EE688AB0EE4BDAF0EE41CA07EE7C
:10AE3000901AF8EE677AF7EE006A86EEA77A00209D
:10AE4000DDED07DADDED058ADDED0A7A27EE000A91
:10AE500027EE088A27EE044A27EE0DDA67EE2DDA90
:10AE6000A7EE224A67EE288A20EE002A68EE082A1A
:10AE700067EE2CCA3DEE8DCA67EE03BA72EE226A07
:10AE800028EEA83A3CEE2CCA67EE233A76EE836AA7
:10AE9000E7EE273AB8EE00EAF0EE4C7AE6EE8E7A6C
:10AEA000E7EE243A77EEA67AF6EE00EA76EEE77A57
:10AEB0002CEE2EFAF0EE675AE6EE8E5ADDED096AB8
:10AEC000E7EE26BADDED0B6AE7EE21BAA6EE874A79
:10AED00067EEAE7A27EE0AAA67EE299A27EE099A5C
:10AEE000BAEE007A23EE87BA75EE8C5A6BEE87BA0B
:10AEF0003FEE275A24EE077AF2EE00FA8DED007A43
:10AF000065EEAF5AB0EE687AF0EE486AB0EE406A8D
:10AF1000F3EE001AF0EE453A31E066EE884A26EE8E
:10AF2000062AE6EE004A66EEA62AE8EE874AF0EE2A
:10AF30004C5AE4EE8E5A27EE073A72EE227A25EE4C
:10AF4000055A77EE837AA4EE045A75EEA75AA3EE5B
:10AF5000A35A77EEE57AF0EE675AE4EE8E5ADDED0D
:10AF6000014A67EEAE7A75EE8C5AB4EEE45AF1EE11
:10AF700010FA7FEE273A65EEAF5A40F3848029EE4F
:10AF8000874A73EE8D0AAAEE264A013080B2E8EEB7
:10AF9000C70AF1EE42AA7AEEE7AAE6EEC80AAAEEDE
:10AFA000804A69EE074A33EEAD1AEAEE064AA6EE8B
:10AFB000401AA0EE864AF1EE620A70EEE70AA8EEA9
:10AFC000C71AE0EE884A29EE265A7CEEA33AA9EE8B
:10AFD000865AE6EE403AE1EE264AB1EE431A71EEA9
:10AFE000677AE6EEC83AA8EEA75AF0EE6B0AE4EEEE
:10AFF000210AB0EE4B1A36EE064AA4EEA11A76EEFE
:10B00000A64A77EE077AA4EE402AA3EE875AE4EE2A
:10B01000C82AA8EEE73ADDED007A32EE0D2AE5EE19
:10B02000217A72EEAD2AB0EE655AA2EE215AF0EE08
:10B03000654A33EE2C3AE2EEA14AE3EE215AB5EE30
:10B04000405AF1EE10FAF5EE404A08BFB7EE005A4A
:10B05000F1EE10FAF5EE405A08BFF7EE004AF1EEB5
:10B0600010FA08BFF7EE005A80EE854A904281EE52
:10B07000245AC7EEA53A36EE446A76EEC56A37EE34
:10B08000637AFFF44AAF83ED006AC3ED016A83ED92
:10B09000027A0CB0BDEC108B70479DED030A9DED5C
:10B0A000048A9DED06DADDED08CAF0EE641AB0EE12
:10B0B000644AB0EE643AF0EE642AF0EE643AB0EE20
:10B0C000649AF0EE649AB0EE64AAB0E60000000064
:10B0D000204B214A30B500EB400503EB00101F4B1D
:10B0E000C07803EB401302EB85005C68D0E901C334
:10B0F000002918BF63461A4908889BB2984283B05A
:10B1000002D1204603B030BD0B80204600210193C0
:10B1100026F070F92188104A019B12F82500114D84
:10B1200021F03802134323802B88834208D02388E0
:10B13000288060B923F003032380052006F02CF952
:10B140002046012126F056F9204603B030BD43F0D9
:10B150000303F1E7CC7B0308F06303086C7C03086E
:10B16000CE060020CC06002008B50001094B1A5C71
:10B170003AB10830184429B1BDE80840002111F067
:10B18000FBBC08BD012111F0F7FCBDE8084001201F
:10B1900006F002B9CC7B03085C4B10B55C4C187808
:10B1A0001D2119F075FA237813B1A378002B48D12B
:10B1B000237C13B1A37C002B4FD194F820301BB11A
:10B1C00094F82230002B53D194F830301BB194F80E
:10B1D0003230002B57D194F840301BB194F84230F4
:10B1E000002B5BD194F850301BB194F85230002BF7
:10B1F0005FD194F860301BB194F86230002B63D1BA
:10B2000094F870301BB194F87230002B67D194F829
:10B2100080301BB194F88230002B6BD194F89030C1
:10B2200013B194F8923003B910BD3A48012111F0DE
:10B23000A3FC012006F0B0F8BDE81040642006F041
:10B2400037B9012104F1080011F096FC012006F045
:10B25000A3F8642006F02CF9AAE701212E4811F08A
:10B260008BFC012006F098F8642006F021F9A4E791
:10B2700001212A4811F080FC012006F08DF864209D
:10B2800006F016F9A0E70121254811F075FC012010
:10B2900006F082F8642006F00BF99CE701212148B2
:10B2A00011F06AFC012006F077F8642006F000F93E
:10B2B00098E701211C4811F05FFC012006F06CF8B2
:10B2C000642006F0F5F894E70121184811F054FCC9
:10B2D000012006F061F8642006F0EAF890E7012109
:10B2E000134811F049FC012006F056F8642006F0DE
:10B2F000DFF88CE701210F4811F03EFC012006F039
:10B300004BF8642006F0D4F888E700BF689000206E
:10B31000CC7B0308647C0308E47B0308F47B03080C
:10B32000047C0308147C0308247C0308347C030891
:10B33000447C0308547C0308F8B505460F464FF4D7
:10B3400080544FF6FF7603E0013CA4B2B44208D02B
:10B350000221284626F068F80028F5D00CB92046CE
:10B36000F8BD3946284626F053F84FF480544FF67E
:10B37000FF7603E0013CA4B2B44207D00121284685
:10B3800026F052F80028F5D0002CE8D0284626F008
:10B390003BF8C0B2F8BD00BF2DE9F04F85B00746BD
:10B3A00003936C4B0191D3F800A09346002800F062
:10B3B0008280694B1B78834200F0C680DFF8A09141
:10B3C000012138464FEA0718FFF782FE19F80830C6
:10B3D000029304462BB108F108004844002111F003
:10B3E000CBFB4FF480564FF6FF7504E0013EB6B23A
:10B3F000AE4200F08F800221204626F015F800288A
:10B40000F4D0002E40F0868009EB08035B78042B13
:10B4100056D0BBF1000F18D0039E0197B3444FF6EE
:10B42000FF754FF4805703E0013FBFB2AF422BD00E
:10B430000221204625F0F8FF0028F5D027BB38462A
:10B4400006F8010B5E45ECD1019F029B43B108F168
:10B4500008004844012111F08FFB012005F09CFFFA
:10B460003C4B1868504507D03C4B07EB470703EBB4
:10B4700087039A6801329A60A0EB0A00B0FA80F064
:10B48000400905B0BDE8F08F0021204625F0C0FF3F
:10B490004FF4805703E0013FBFB2AF4207D0012114
:10B4A000204625F0C1FF0028F5D0002FC7D0204648
:10B4B00025F0AAFFC4E7019B43F0800301937DE7D9
:10B4C0004FF480564FF6FF7503E0013EB6B2AE4230
:10B4D00007D00221204625F0A7FF0028F5D0002E36
:10B4E00097D00021204625F093FF4FF480564FF669
:10B4F000FF7503E0013EB6B2AE4207D001212046FF
:10B5000025F092FF0028F5D0002E82D0204625F0AD
:10B510007BFF7EE70199204625F07AFF4FF48056A5
:10B520004FF6FF7503E0013EB6B2AE4208D00121EE
:10B53000204625F079FF0028F5D0002E3FF464AFB7
:10B54000204625F061FF5FE7012AB4D941F0C0032E
:10B55000019333E7D0060020F7000020D88E0020AA
:10B56000CC7B03082DE9F04FDFF840B1DFF840A1B4
:10B5700085B0804602938946DBF8003000930021B5
:10B580001746FFF7A5FD4FEA081304461AF80320F3
:10B59000039301922AB103F108005044002111F0F5
:10B5A000EBFA4FF480564FF6FF7503E0013EB6B25A
:10B5B000AE4260D00221204625F036FF0028F5D0AB
:10B5C000002E58D1EFB1029ECDF8088037444FF6D7
:10B5D000FF7516F8019B4FF4805805E008F1FF381D
:10B5E0001FFA88F8A8452CD00221204625F01CFF20
:10B5F0000028F3D0B8F1000F23D1B742E9D1DDF82C
:10B600000880019B43B1039808305044012111F098
:10B61000B3FA012005F0C0FEDBF80000009B984261
:10B6200007D0214B08EB480803EB88039A680132E6
:10B630009A60009BC01AB0FA80F0400905B0BDE8DE
:10B64000F08F4946204625F0E3FE4FF4805905E08F
:10B6500009F1FF391FFA89F9A94508D001212046CF
:10B6600025F0E2FE0028F3D0B9F1000FC5D0204646
:10B6700025F0CAFEC1E74946204625F0C9FE4FF431
:10B6800080564FF6FF7503E0013EB6B2AE4207D0DA
:10B690000121204625F0C8FE0028F5D0002E91D0CB
:10B6A000204625F0B1FE8DE7D88E0020D006002080
:10B6B000CC7B030810B53D4A3D4B3E49D3ED007AA3
:10B6C00091ED000A3C4B3D4C3D483E4993ED007ADC
:10B6D00090ED006A3C4B3D482DED048B92ED008AC5
:10B6E0003B4A94ED009AD2ED005A3A4AD1ED008AD5
:10B6F000D2ED006A384C3949394A78EE670A38EE9B
:10B70000278A30EE250AD3ED007A364B70EEC70A51
:10B7100038EE478A39EE069A78EEE68A70EEA70A86
:10B7200038EE678A30EE000A78EEA88A39EE099A78
:10B7300084ED008A80ED009AC1ED008A82ED000A56
:10B74000C3ED000A26F0DCF8DFED277A274CF4EE93
:10B75000E78AF1EE10FA84ED010A24D49FED240A61
:10B76000F4EEC08AF1EE10FAD8BFB0EE680A26F007
:10B770009BF8204B1B78F1EE407A012BC4ED007A48
:10B7800006D11D4BD3ED007A77EEC07AC4ED007A76
:10B79000F0EE480AB0EE490A26F0B2F8BDEC048B90
:10B7A00084ED020A10BDB0EE670AE0E7A80F0020A2
:10B7B000980F0020A40F00208C0F0020940F002071
:10B7C0009C0F0020900F0020840F00207C0F002091
:10B7D000880F0020A00F0020800F0020780F00208D
:10B7E000740F0020700F0020EFFF7FBFD87C002077
:10B7F000EFFF7F3FA98E00208C380020F8B53F4C2A
:10B800003F4F404E404D2DED068B94ED028AF6EEF3
:10B81000009A28EE298AB0EE480A26F07FF9B0EEA9
:10B82000409AB0EE480A26F0B9F9D4ED018A68EEE4
:10B83000A98AB0EE408AB0EE680A26F06FF9F0EE01
:10B8400040AAB0EE680A26F0A9F994ED00AA2F4CA0
:10B850002AEE29AAF0EE408AB0EE4A0A26F05EF9F6
:10B86000F0EE409AB0EE4A0A26F098F928EE2A5AED
:10B8700028EE288A20EE456A69EE288A68EE005A8A
:10B88000A8EEA96A29EE2A9A66EE066AE9EE295A16
:10B8900068EE297AE5EEA56AE9EE007A20EE687A8C
:10B8A000B0EE660AA5EE297AA7EEA70A86ED006A31
:10B8B000A7EE070AC5ED007A84ED007AC7ED005ABD
:10B8C000FFF718F9BDEC068B97ED006AD6ED006A1C
:10B8D00095ED007AD4ED007A26EE006A66EE806A75
:10B8E00027EE007A67EE807A87ED006AC6ED006A7F
:10B8F00085ED007AC4ED007AF8BD00BFD87C002049
:10B90000B80F0020B40F0020B00F0020AC0F0020B3
:10B91000394B3A4AD3ED004ADFF8FCC0384BD2ED40
:10B92000005A93ED002A9CED006A91ED013A354AE8
:10B93000354BD1ED022A74EE866A75EEC27AB7EE07
:10B94000005AB0EE004AF0EE453AE6EEC43A37EE61
:10B95000A77AD2ED006AD1ED007A2C4A27EE037A5D
:10B9600093ED003A2A4BA3EEA77A76EE837AD3EDD5
:10B97000003A284B77EEA77A74EEA34AA7EEA27A94
:10B9800076EE237AB0EE456AA7EEC46AD3ED002ABC
:10B99000D2ED007A80ED007AD1ED011A35EE827A8F
:10B9A00026EE216A91ED002A37EE077A77EEE25A09
:10B9B000A7EE026A75EEA55A91ED027AA5EE876AA6
:10B9C00077EEA27A80ED016A36EEC37A91ED016AD4
:10B9D000D1ED006A77EEA77A37EE077A67EE867ABE
:10B9E000A4EEC45AE7EE267A91ED027AE5EE077AE4
:10B9F000C0ED027A704700BF8C0F0020940F00202A
:10BA00009C0F0020900F0020A00F0020880F002026
:10BA1000980F0020A40F0020840F00200A480B4933
:10BA200090ED007A0A4A0B4BD1ED007AD2ED006A14
:10BA300067EEC77A93ED007AE6EE877A77EEA77A1B
:10BA400027EE800A704700BFB40F0020AC0F002023
:10BA5000B80F0020B00F0020094A0A4BD2ED007A3F
:10BA600093ED007A084B77EEC77A93ED007A074B97
:10BA700077EEC77A93ED000A37EE800A704700BF71
:10BA8000A80F0020980F00208C0F0020840F0020AA
:10BA900008B5114B1621187818F0FAFD0F4A104B13
:10BAA00052789FED100A520783ED010A83ED000AD8
:10BAB00005D583ED020ABDE80840FFF79FBE23F0DD
:10BAC00005F9074B084A82ED000A83ED020ABDE83A
:10BAD0000840FFF793BE00BF68900020347D00202F
:10BAE000D87C0020000000001CBD002070B56C4B0D
:10BAF0006C4C93ED027AD4ED007AE7EE007A2DEDEE
:10BB0000028BB0EE670A82B0C4ED007AFFF772F8DC
:10BB1000654A664BD2ED007A93ED007A644A654B34
:10BB20006549D3ED006A654B77EE877AB0EE408ABF
:10BB300092ED007A91ED000AD3ED000A84ED008ABF
:10BB400077EEE67A30EE070A5D4C77EEE00A30EEEB
:10BB5000000A25F0D5FE637A5A4ADB09F0EE407AF6
:10BB600082ED020A1BD1584B584D93ED000A37EE77
:10BB7000C00AFFF73FF8564BD5ED007A83ED000A77
:10BB800030EE670AFFF736F8637A524A23F08003F3
:10BB900082ED000A637202B0BDEC028B70BD637867
:10BBA0005B0771D54C4B494D93ED250A95ED007A15
:10BBB0004A4E30EE070A30EE670AFFF71BF89FED9A
:10BBC000487A20EE078AF6EE007A28EE278AB0EE51
:10BBD000480A25F0A3FF8DED010AB0EE480A25F0D2
:10BBE000DDFF404B9DED017AD3ED007A96ED005AD2
:10BBF0003D483E49D0ED005A20EE676A67EE877AED
:10BC0000A5EE076AE5EE007A91ED005AC3ED007AE1
:10BC100060EE656A25EE000AE5EE076AA5EE870A82
:10BC2000C1ED006A20EE007A80ED000AA6EE067AE9
:10BC300086ED006AB0EE470AA6EEA60AA7EEA70AAE
:10BC4000FEF758FF28482949264B1E4AD6ED005AD0
:10BC500090ED006AD1ED006A93ED007AD2ED027AA0
:10BC6000194A65EE805A26EE006A66EE806A27EE73
:10BC7000007AC6ED005A92ED000A80ED006AC1ED2F
:10BC8000006A83ED007A72E738EE400AFEF7B2FFF1
:10BC90000D4B0C4A0D4DD2ED027A83ED000A66E79A
:10BCA000F07C0020540F0020A80F0020980F0020E7
:10BCB0009C0F00208C0F0020940F0020840F002088
:10BCC000347D0020D87C0020D406002028BD002030
:10BCD00020BD002018BD002078A80020B80F00204B
:10BCE0000AD7A33CAC0F0020B40F0020B00F0020F7
:10BCF00062EE026A2DE9F047E1EEA16ADFF808A3DF
:10BD0000A84B9AED007ADFEDA85ADFF8009393ED87
:10BD1000006ADFF8FC82A54BA54CA64EA64FA74DA6
:10BD2000E2EEA26A2DED108BF1EEE6EA82B0F7EEBC
:10BD3000007A99ED008A98ED00AAD4ED00AACDED25
:10BD4000003AEEEEE57A67EE07DA27EE08BAC3EDC1
:10BD500000DA9B4B8DED014A83ED00BA27EE0AEA2B
:10BD6000984BC5ED00EAF0EE408A27EE860A83ED97
:10BD700000EA27EE2A7A944B20EE000AFEEE007AC3
:10BD800083ED007A20EE270A904B68EE087AB6EE33
:10BD900000FAC3ED007A68EE0A7A8D4BC6ED007AA0
:10BDA00028EE2A8A6AEE0A7A83ED008A2AEE2AAA07
:10BDB000884BC7ED007A83ED00AA6AEEAAAA864BEB
:10BDC000F0EE609A64EE8FBAB0EE42CAF0EE61CA4D
:10BDD000B0EE62DAB0EE419AF0EE43FAC3ED00AA9B
:10BDE00025F090FDF5EEC0EAF1EE10FAF0EE400A13
:10BDF00040F3D380794B93ED027AC7EE2E7A9FED14
:10BE0000787AF4EEC77AF1EE10FA40F1BC80754B07
:10BE10009FED751A93ED000AFEF722FE714B95ED2A
:10BE2000007A83ED000A714B1A78714B052AD3ED25
:10BE3000006A704BF2EE0E7A08BFF0EE407A83EDA6
:10BE4000000A67EEA67A6C4BB5EEC07AF1EE10FAF6
:10BE5000C3ED007A2BDDF7EE005AC5EE876A7DEE62
:10BE6000AADAB0EE006ABFEE007AADEE867A2CEE6A
:10BE700026CA38EE4E8A3BEE0ABA6CEEA6CA38EEF7
:10BE8000088A3BEE0BBA2DEE26DA2CEE476A6DEEF1
:10BE9000486AABEE0D6A2CEECBBAE7EE2C6AA8EE40
:10BEA0000CBAE7EE868AE7EEA69AA7EE8B9A534B7A
:10BEB000197ACD070AD55978480707D4D978C1F33C
:10BEC0004000890702D4052A00F0A48098ED007A8A
:10BED0009AED006AD9ED006A94ED004A29EE2B9A9A
:10BEE00068EEAB8A69EEAB9A67EE094A29EEC75A4B
:10BEF000E6EE284AA6EEE85AE4EE694A69EE665A8A
:10BF0000A4EE495AE6EE295A66EEA97A76EEA46ABC
:10BF1000E6EE097AE4EE285A36EE056A26EEA60A1F
:10BF2000E7EE687AA6EE060A37EE257A77EE847A8F
:10BF3000A7EE070A8AED006AA7EEA70AC9ED006A14
:10BF400088ED007AC4ED007AFEF7D4FD9AED006A20
:10BF5000D9ED006A98ED007AD4ED007A26EE006AF9
:10BF600066EE806A27EE007A67EE807A8AED006AD4
:10BF7000C9ED006A88ED007AC4ED007A02B0BDEC2C
:10BF8000108BBDE8F0879FED1E7AF4EEC77AF1EED4
:10BF900010FA02D560EE0F0A39E7DFED1A7A60EE8B
:10BFA000A70A34E7440000207CD6D03DA80F00202B
:10BFB000AC0F0020940F00208C0F0020CC0F00202D
:10BFC000A40F0020A00F00209C0F0020980F00203D
:10BFD000900F0020880F0020840F0020FC7C0020A0
:10BFE000333333BF28000020CDCCCC3D307D002042
:10BFF000480000206C0F0020D00F0020347D00206E
:10C000009A9999BE00000000B80F0020B40F0020DC
:10C01000B00F00209DED008A1A7ADDED01CA5A4D5D
:10C0200028EE080A60F30002AFEEAF0A1A72B6EE0D
:10C0300000CAACEEAC0AFEF75DFDD5ED006AD7EDA7
:10C04000007A524B524A93ED004AD2ED004A96EDE7
:10C05000007A504B504A5149514891ED006A90ED99
:10C06000005A7CEE666A68EE00AA76EEE75A7CEE2D
:10C07000677A2FEE80BA2CEE80AA36EEC40A77EEED
:10C08000C46A77EE647A20EE2A0A67EEAA7A37EE5F
:10C09000247AE6EE8B7AA7EE0B0AD2ED006AB0EEB8
:10C0A000677AD3ED007A37EEA68A77EEE64A28EE75
:10C0B0002A8A76EE457AA4EE8A0A36EE056AA7EE5B
:10C0C0008B8AF0EE477AE6EE0A7A30EE000A77EED7
:10C0D000A77A20EE000AA5EE8A8AA7EEA70AFEF745
:10C0E00009FDD5ED007AD7ED006A2C492C4891ED79
:10C0F000006A90ED005A254B254AD3ED004A92ED97
:10C10000004A244B244AD6ED005A92ED007A7CEE88
:10C11000677A38EE088A77EEE67A3CEE66CA67EE12
:10C12000887A76EE456A36EE056A75EEC45AE6EE12
:10C13000007A93ED006A1B4B37EE067A3CEE64CA38
:10C1400066EE886A27EE087AECEE006AA5EE807A41
:10C1500077EEA77A76EEA66A37EE077A67EECB5AC5
:10C1600026EEEA6AEAEE265A27EE4AAAABEE076AFC
:10C17000AAEEA7AAD3ED006AE6EEA59AA6EE869AE5
:10C18000EAEE268AA2E600BF980F0020840F002066
:10C190009C0F0020880F0020A40F0020900F00208B
:10C1A000A00F0020C80F0020174B1B78012B29D0AF
:10C1B0002DE9F041154C164F164E174D2DED028B03
:10C1C00004F10C08B0EE408A384694ED000AF0EE17
:10C1D000480AFEF769FCF0EE407A284696ED000A20
:10C1E000E4EC017AF0EE480AFEF75EFC444507F500
:10C1F0009A77A6EC010A05F59A75E5D1BDEC028B9C
:10C20000BDE8F081704700BF187D0020FC7C002055
:10C21000A80B0020F07C00200C08002070B52DED4C
:10C22000028BAF4CA37A5B0782B003D502B0BDECA2
:10C23000028B70BDE3781E07B0EE408A40F1D980D2
:10C240000AF08AFD6379DD0630D56378580704D497
:10C25000A44B1B78002B40F02081237A9FEDA24A4B
:10C2600023F00103F0EE443AB0EE443A23729F4BC0
:10C270009F4993ED021AD1ED022A91ED002AD1EDEA
:10C28000011AD3ED000A93ED010AF0EE484AFFF7D8
:10C290002FFDFFF70FFA96499648FFF739FB2378F1
:10C2A000590603D5E3781A0740F1FF80E3781B07AE
:10C2B00040F1E180B0EE480AFFF718FC8E4BD3ED59
:10C2C000007AF4EE677AF1EE10FA40F0C2809FED4A
:10C2D0008B7AF4EEC77AF1EE10FA00F3BA80DFED54
:10C2E000886AF4EEE67AF1EE10FA00F1B280854B3E
:10C2F000D3ED007AF4EE677AF1EE10FA40F0A980FF
:10C30000F4EEC77AF1EE10FA00F3A380F4EEE67AC9
:10C31000F1EE10FA00F19D807B4BD3ED007AF4EE44
:10C32000677AF1EE10FA40F09480F4EEC77AF1EEFD
:10C3300010FA00F38E80F4EEE67AF1EE10FA00F1D6
:10C340008880724BD3ED007AF4EE677AF1EE10FA42
:10C350007FD1F4EEC77AF1EE10FAB0EE476A78DCDE
:10C36000F4EEE67AF1EE10FAF0EE665A71D4684B0C
:10C37000D3ED016AF4EE666AF1EE10FA69D1F4EEDB
:10C38000C76AF1EE10FA64DCF4EEE56AF1EE10FA39
:10C390005FD493ED007AB4EE477AF1EE10FA58D1FB
:10C3A000B4EEC67AF1EE10FA53DCB4EEE57AF1EEB3
:10C3B00010FA4ED4D3ED027AF4EE677AF1EE10FA69
:10C3C00047D1F4EEC67AF1EE10FA42DCF4EEE57AEB
:10C3D000F1EE10FA3DD44F4B4F48504AC3ED016A7D
:10C3E0000124002183ED007AC3ED027A04701180EC
:10C3F0001CE71EF047FE0BF08DFD494B1B78012B0F
:10C4000024D03B4B474A394D474E93ED000A0192E9
:10C410001046F0EE480A0093FEF746FB009BF0EE54
:10C42000407AE3EC017A95ED000A00933046F0EE95
:10C43000480AFEF739FB3D49009B019AA5EC010A29
:10C440008B4202F59A7206F59A76DED122F0DAFC7A
:10C45000F8E6314B1B789BB9354963790A882F4838
:10C4600043F080030132637101230A80038002B02C
:10C47000BDEC028B70BDB0EE480A01F0DDFF19E79C
:10C48000244A234B5068116892689A60586019607A
:10C49000FFF7B4F9FFF70EF9DEE7264B93ED003A0C
:10C4A000D3ED013A93ED024AE1E6D0ED010A90EDB9
:10C4B000000AB0EE481A22F045F81F4A1F4BD2E995
:10C4C000000192ED027BC3E9000103F5A66110694A
:10C4D000586181ED007B516903F244521160E5E639
:10C4E000347D0020A48E002000000000F07C00209D
:10C4F000FC7C0020BC0F0020B80F0020CAF249715C
:10C50000CAF249F1B40F0020B00F0020AC0F002098
:10C51000D87C00205C0F0020580F00206A0F0020FC
:10C52000187D0020A80B00200C080020087D0020AA
:10C53000680F00200CBD0020F8A9002088160020FC
:10C540002DE9F047414C424FD4ED000A97ED000A27
:10C55000DFF83C9186B0FEF773FA3E4A3E4BD4EDCD
:10C56000000AF0EE407A92ED000AC3ED007AFEF781
:10C5700067FA3A4A3A49107809783A4B3A4A33F816
:10C58000103032F81120394907EE902A06EE903A21
:10C590000B78374AB0EE407AF8EE677AB8EE660A62
:10C5A000012B82ED007A89ED000AC7ED007A1ED0DA
:10C5B000304C314E314DDFF8DC8004F5677A20468F
:10C5C000FEF754FA97ED000A3046FEF74FFA04F5ED
:10C5D0009A7498ED000A2846FEF748FA544514D09C
:10C5E00099ED000A06F59A7605F52E75E7E7234CD6
:10C5F000DFF8A08004F62805204698ED000A04F52F
:10C600002E74FEF733FAAC42F6D11D4C04F6280521
:10C610001C4E0FCEEC46ACE80F0096E803006A46CD
:10C620008CE803002046062104F52E74FEF7B0F9CD
:10C63000A542EDD1144B15480022B6EE000A1A703F
:10C6400006B0BDE8F047FEF711BA00BF2C7D002010
:10C650003C00002034000020B4060020C10000206F
:10C66000C3000020DC6C0308EC6C0308187D00207C
:10C67000B0060020A80B00200C080020F03C002091
:10C68000DC3B0020805E0308440F0020D806002019
:10C69000400000202C00002091ED016AD2ED017ACB
:10C6A000D1ED006A92ED007AD1ED025A67EEC67ABA
:10C6B00092ED026AE6EE877AD1ED036A92ED037A93
:10C6C000E5EEC67AE6EEC77AC0ED007A92ED006A32
:10C6D000D1ED017AD1ED006A92ED017AD1ED025AE5
:10C6E00067EE867A92ED036AE6EE877AD1ED036A09
:10C6F00092ED027AE5EE867AE6EEC77AC0ED017A2F
:10C7000091ED016AD2ED037AD1ED006A92ED027AE1
:10C71000D1ED025A67EEC67A92ED006AE6EE877AAC
:10C72000D1ED036A92ED017AE5EE867AE6EE877A3C
:10C73000C0ED027AD1ED017A92ED026AD1ED006A84
:10C7400092ED037AD1ED025A67EE867A92ED016A94
:10C75000E6EE877AD1ED036A92ED007AE5EEC67ACD
:10C76000E6EE877AC0ED037A704700BF344B91ED57
:10C77000017AD3ED007A334BD1ED006AD3ED004A54
:10C78000314B27EE877A93ED005A304BA4EEA67A10
:10C79000D1ED026AD3ED005AA5EE267AD1ED036AF7
:10C7A000A5EEA67A80ED007A91ED006AD1ED016ADE
:10C7B00091ED034A27EEC66AB5EEC07AA4EEA66AEA
:10C7C000D1ED026AA5EE446AF1EE10FAA5EEA66A72
:10C7D00080ED016AD1ED036A91ED024AD1ED003A94
:10C7E00067EEA66AE4EE846A91ED014AE5EE636ABB
:10C7F000E5EEC46AC0ED026A91ED024AD1ED033A5A
:10C8000067EEC47A91ED014AE4EEA37AD1ED004AD5
:10C81000E5EE047AE5EEE47AC0ED037A0FD5B1EEE9
:10C82000477AB1EE466AF1EE666AF1EE677A80ED1C
:10C83000007A80ED016AC0ED026AC0ED037A7047AC
:10C84000B40F0020B80F0020B00F0020AC0F002064
:10C8500010B52DED068BF6EE009A21EE298AF0EE4A
:10C86000408AB0EE480A0446B0EE60AA25F056F9B8
:10C87000B0EE409AB0EE480A25F090F968EEA98A29
:10C88000B0EE408AB0EE680A25F048F9F0EE40AA12
:10C89000B0EE680A25F082F92AEE29AAF0EE408A65
:10C8A000B0EE4A0A25F03AF9F0EE409AB0EE4A0AA4
:10C8B00025F074F928EE2A5A28EE288A20EE456AD7
:10C8C00069EE288A68EE005AA8EEA96A29EE2A9A2B
:10C8D00066EE066AE9EE295A68EE297AE5EEA56A5F
:10C8E000E9EE007A20EE687AB0EE660AA5EE297AC3
:10C8F000A7EEA70A84ED016AA7EE070AC4ED027A43
:10C9000084ED037AC4ED005AFEF7F4F8BDEC068B13
:10C9100094ED006AD4ED016A94ED027AD4ED037AC5
:10C9200026EE006A66EE806A27EE007A67EE807A6D
:10C9300084ED006AC4ED016A84ED027AC4ED037AE5
:10C9400010BD00BF114B1B78EBB1114A1378834225
:10C950001AD010B582B0002840F6FF710CBF0C460B
:10C960001924019045F2555024F036FB204624F05E
:10C970003FFB24F043FB019B054A137002B0BDE866
:10C98000104024F03BBB704724F038BBD60F00208A
:10C99000D40F002010B545F2555082B024F01CFB96
:10C9A000042024F01FFB45F2555024F015FB40F6FF
:10C9B000FF7024F01DFB24F021FB24F027FB174B14
:10C9C000002401201C7024F0E7FB154B15491A7850
:10C9D000154B032A4FF001000CBF02462246087097
:10C9E0001A7004D0114A0023138002B010BD2046F3
:10C9F00024F08EF94AF278510C4A0192B1EB104FB3
:10CA000018BF002010802146204624F071F9064B03
:10CA1000019A1B78002BE6D002B010BDD40F002085
:10CA2000F9A00020D60F0020D50F0020D80F00203D
:10CA3000024B1B7803B9704724F0E0BAD60F0020F0
:10CA4000054B1B7803B9704740F0254141F4F001D4
:10CA5000002024F04DB900BFD60F0020204901EB83
:10CA60008013D3ED087AF5EE407A00224FF0000CE7
:10CA7000F1EE10FA1A615A61C3F82CC083F830C085
:10CA80005A639A6383F83CC0C3ED007AC3ED037A1E
:10CA90005A609A6008D4B1EEE77A01EB801183ED19
:10CAA000097A81ED0A7A704700B5B0EE670A85B061
:10CAB000CDE90230CDED017A25F008F8029BB0EE09
:10CAC000407A9DED010A83ED097A24F0FFFF039877
:10CAD000034901EB801181ED0A0A05B000BD00BFDA
:10CAE000DC0F0020F0B5384C384D394F394EA1B02D
:10CAF00001202566A765E665FFF7B0FF0220C4F8B0
:10CB0000A050C4F89870C4F89C60FFF7A7FF324BA0
:10CB1000324D3348C4F8C050002119706A46802154
:10CB20000EF064FD2F4B009A9A424BD1DDED0A6A5C
:10CB30009DED0B7ADDED055A9DED066A089A039B83
:10CB400004980999DDED0F7A226166EEA64A0D9AE6
:10CB5000616127EE075A65EEA53A26EE064A079967
:10CB60002365C4F8902002230E9A60650C98C4F8DF
:10CB70009420C4ED096A119A84ED0A7AC4ED195A19
:10CB8000E06284ED1A6AE166C4ED103A84ED134A5E
:10CB900084F87030C4ED004A84ED035A84F83030D4
:10CBA000C4ED297A9DED107AC4F8AC2067EEA77A1F
:10CBB00067EE076A84ED2A7AC4ED207AC4ED236A11
:10CBC00084F8B03021B0F0BDDC0F0020CDCCCC3DDE
:10CBD00095BFD633CD024C35DA0F00206F12033BE0
:10CBE00000000C084944454ED54AD64B127883EDD7
:10CBF000300A052A00D07047D34A1278032AFAD0A7
:10CC000010B5D248D24A93F87C100068D2ED017A70
:10CC100084B0002900F0A08093ED1D7AB5EEC07AB3
:10CC2000F1EE10FA00F1BC81DFEDCA6AB4EEE67AEB
:10CC3000F1EE10FACCBF01210021002900F08C8018
:10CC4000D3ED1E6A37EEE66AB5EEC06AF1EE10FA71
:10CC500000F19C81DFEDC05AB4EEE56AF1EE10FA06
:10CC6000CCBF01210021002976D0D3ED135AD3ED9A
:10CC7000111A93ED122A93ED101AD3ED170A93EDC2
:10CC8000154AD3ED143A25EE873A61EE872AA2EED3
:10CC9000263AE1EE262A23EE075A24EE076AA2EE90
:10CCA000A65AA3EEA66A35EE205A37EEC66A82EE81
:10CCB000850AC3EE052AB7EE003AB7EE005AA0EE99
:10CCC000663AA2EEC75A20EE077AE0EE063A62EE26
:10CCD000A66A22EE470AA2EE864AA3EE010A26EED3
:10CCE000E16AD3ED160AC3ED143AA5EE856A66EE45
:10CCF000C16A65EEC75A30EE200AE2EE056AE3EE3D
:10CD0000215A36EE206AB5EE400AF1EE10FAC3ED74
:10CD1000126A83ED154A58BFF1EEC06A83ED100A1E
:10CD2000C3ED115A83ED136A00F17B81B5EE406AC1
:10CD3000F1EE10FAC3ED196A58BFF1EEC66A00F1C0
:10CD40006181D96E854C01314FF0010CD96684F8B0
:10CD500000C0C3ED1A6A00E0D96E58674FF0010CAD
:10CD6000C829C3ED1E7A83F87CC000F2AD8000298B
:10CD700040F0BE807A4993F8BC00096892ED027ACF
:10CD8000002800F0B980D3ED2D7AF5EEC07AF1EEEF
:10CD900010FA00F10F81DFED6F6AF4EEE67AF1EE42
:10CDA00010FACCBF01220022002A00F0A580D3EDAA
:10CDB0002E6A37EE666AB5EEC06AF1EE10FA00F13F
:10CDC000DB80DFED655AB4EEE56AF1EE10FACCBF18
:10CDD00001220022002A00F08F8093ED231A93EDA8
:10CDE000212AD3ED222AD3ED201AD3ED270AD3ED41
:10CDF000254A93ED244A67EE813A27EE823AE6EE21
:10CE0000A23AA6EEA13A67EEA35A27EEA46AE6EE8E
:10CE1000835AA6EE846A75EEA05A37EE466A83EE10
:10CE2000250A83EEA53AF7EE003AF7EE005AE6EE51
:10CE3000C03AE7EEC35A67EE807AA6EE004A66EE85
:10CE4000836A27EEE20AE6EE034AA1EEA30A26EE83
:10CE5000C26AD3ED260A83ED244AA1EE256A67EE65
:10CE6000C17A66EEE16A30EE200AE2EE237AE2EE63
:10CE7000A56A36EE206AB5EE400AF1EE10FAC3ED6F
:10CE8000254A83ED200AC3ED217AC3ED226A83EDA2
:10CE9000236A00F1A780F1EEC07AB5EE406AF1EEA8
:10CEA00010FAC3ED297A00F18F80F1EEC67AD3F83B
:10CEB000AC202A4801324FF0010C80F800C0C3F8C2
:10CEC000AC20C3ED2A7A19E0DFED267A93ED197ACA
:10CED000B4EEE77AF1EE10FA0AD593ED1A7AB4EED1
:10CEE000E77AF1EE10FA03D5022183F8701041E7DA
:10CEF000012183F870103DE7D3F8AC20C3F8B410DB
:10CF00000120C82A83ED2E7A83F8BC0014D9DFED06
:10CF1000157A93ED297AB4EEE77AF1EE10FA06D598
:10CF200093ED2A7AB4EEE77AF1EE10FA20D40122DA
:10CF300083F8B02004B010BD002AFBD0F7E700BF93
:10CF4000307D0020DC0F0020A98E0020E44000206E
:10CF5000F07C0020CDCCCC3DCDCC4C3DDA0F002078
:10CF60009C4300200AD7233CCDCC4CBDCDCCCCBDBE
:10CF7000022283F8B020DDE75FED055AB4EEE56AE2
:10CF8000F1EE10FA4CBF0122002223E75FED0A5AAE
:10CF9000B4EEE56AF1EE10FA4CBF0121002162E621
:10CFA0005FED0E6AB4EEE67AF1EE10FA4CBF0121A5
:10CFB000002142E65FED136AF4EEE67AF1EE10FA34
:10CFC0004CBF01220022EFE6B0EE460A8DED027A58
:10CFD000019124F07BFD1B4B9DED027A0199F0EE4F
:10CFE000407A64E78DED036A8DED027A019124F0B9
:10CFF0006DFD144B9DED036A9DED027A0199F0EEF3
:10D00000407A4AE7B0EE460A0290CDED017A24F06C
:10D010005DFDDDED017A02980B4A0A4BF0EE406AA5
:10D020008FE68DED036A0290CDED017A24F04EFD7E
:10D03000DDED017A02989DED036A034A014BF0EEA3
:10D04000406A73E6DC0F0020F07C002010B5204C15
:10D050002378A2B0002B39D01E4B1F491A6D0291C4
:10D06000012103910592596D5A6ED3F8C0000490C6
:10D07000CDE90612D3E91A12CDE90812D3E9041258
:10D08000CDE90A12D3E90912CDE90C12D96AD3F815
:10D090009020CDE90E12D3F89410D3F8A420CDE956
:10D0A0001012D3F8A82012920021D3F8AC301393B9
:10D0B000382214A828F010FE02A980230091074A04
:10D0C000502101200EF0DEFA0023237022B010BDA3
:10D0D000DA0F0020DC0F00204944454E00000C0808
:10D0E000154A164B1648D2ED006A93ED017AD0ED41
:10D0F000007A144992ED016A134AE6EE877A93EDBD
:10D10000007AD1ED006A114BE6EE076A92ED007AE3
:10D1100093ED085AD3ED095A0D4B77EE877AB6EEA8
:10D12000007AB0EE476AA5EE266AA5EEA77A83EDEF
:10D13000086A83ED097A7047D87C0020F00500204A
:10D14000CC3800207C810020F82F0020B410002073
:10D150005C060020BE4B1B78002B40F09780BD4A38
:10D16000BD48BE49D2ED007A91ED007AD0ED005A6B
:10D17000BB4BBC4993ED006A0978BB4867EE876AF0
:10D1800067EEA57AE6EE256A0529E6EE477AC3ED55
:10D19000006A90ED007AC2ED007A00F0F180B34BA6
:10D1A0005B7A5B0720D5DFEDB25AB24BB7EE006A6F
:10D1B00077EE655A36EE476A93ED005AAE4BF4EEC1
:10D1C000C65AF1EE10FAD8BFB0EE656A26EE056ACF
:10D1D00093ED005AF1EE465AF4EEC55AF1EE10FA0C
:10D1E00040F3E380C3ED005AA44B1B78152B3BD8CA
:10D1F000DFE813F08C01A9011600A800A800A80020
:10D20000A800F200F200640164013A003A003A001A
:10D210003A003A003A003A003A003A00A800A80062
:10D22000954B974A974992ED056A93ED004AD1EDE7
:10D23000005A954BB7EE005A26EE046A75EE654A21
:10D2400075EE855AB0EE465AA4EEA75A94EEA76A38
:10D25000E5EEA76AF1EE455AF1EE467AC3ED026AB1
:10D26000C3ED005AC3ED017A884B196851B1864A63
:10D270000023D2ED007A013377EE877A9942E2EC0F
:10D28000017AF6D1824B83ED007A7047013B012B86
:10D2900000D97047754AD3789807C3F3400140F12D
:10D2A0009080714BD3ED007AD3789B071ED4694BE5
:10D2B00093ED007AB5EEC07AF1EE10FA01D5B1EE39
:10D2C000477A744BD3ED006AE6EE877AF5EEC07AC2
:10D2D000F1EE10FA00F172816F4B93ED007AF4EEEB
:10D2E000C77AF1EE10FAC8BFF0EE477AF5EEC07AD1
:10D2F000F1EE10FA00F15681B7EE007AF4EEC77A3B
:10D30000F1EE10FACCBF01210021B7EE007A00291E
:10D3100018BFF0EE477A614A574BD2ED006A93EDA1
:10D32000007A5B4A584BF0EE675AB0EE676AE6EE59
:10D33000875AA6EEC76AC3ED005AC2ED007A83EDA4
:10D34000016A70474C4A564B92ED006A93ED005AC1
:10D350004D4B26EE056AF1EE665A36EE675A75EECB
:10D36000C65A76EEC66A76EE277A82ED006AC3ED7B
:10D37000015AC3ED026A83ED005AC3ED037A73E7E5
:10D38000484B494AD3ED005A92ED006A474B37EEBD
:10D39000066A93ED007A354B5B7A26EE256A5B07C9
:10D3A00026EE077A7FF520AFFDE6B4EEC65AF1EE21
:10D3B00010FAD4BFF0EE455AF0EE465AC3ED005ACB
:10D3C00012E73B4B1B78002B00F0EF80D378DFEDAA
:10D3D000397A9A0799D46AE7274A314B9FED366A22
:10D3E000D2ED005A66EE866A93ED006A264B25EE72
:10D3F000866AB6EE005AB0EE664AF0EE664AF0EE85
:10D40000665A97EEC54AD7EE855AE7EEC54AE7EE6B
:10D41000856AB0EE463AF0EE463AA7EEC53AD7EE48
:10D42000853A34EE464A34EEC65A75EE865A76EEA2
:10D43000867A82ED006A83ED003A83ED014A83ED3E
:10D44000025AC3ED035AC3ED047AC3ED053A0BE764
:10D45000A98E0020000600204C000020AC10002007
:10D4600004060020307D0020A8380020347D0020F4
:10D47000CDCC4C3DE8000020FC050020F50000204C
:10D48000B4100020A41000205C060020040000203E
:10D49000A8100020943800208838002070810020D7
:10D4A00008000020A0000020C0380020A4000020B8
:10D4B00058BE0020000000003BCD133F414A424BC4
:10D4C00092ED006A93ED005A404B26EE056AF1EEAC
:10D4D000665A76EE674A75EEC65A76EEC66A76EEFC
:10D4E000277AB6EE005A65EE855A66EE856A64EED6
:10D4F000854A67EE857A82ED006AC3ED015AC3ED75
:10D50000026AC3ED004AC3ED037AADE6304B9FEDEE
:10D51000315AD3ED004A2D4BB7EE006A74EE865AAD
:10D5200036EE646A65EEA75A67EEC67AF0EE654A93
:10D53000E6EEC54AE6EE855AC3ED014AC3ED025A4E
:10D54000C3ED007A90E69FED236A1E4BB0EE675A5A
:10D55000F0EE675AA6EEC65AE6EE865A93ED006ADA
:10D56000DFED1D6A194BF0EE673AB0EE454AF0EE7A
:10D57000654AD6EE263AA6EE264AE6EE264AD6EECC
:10D58000667AA6EE665AE6EE665AC3ED003A83ED79
:10D59000014AC3ED024AC3ED037A83ED045AC3ED99
:10D5A000055A61E6DFED0D7AB5E60D490D4BD1ED7B
:10D5B000007A93ED007A77EE877A75E6DFED077AE9
:10D5C0000021A2E6FC050020080000205C060020E7
:10D5D000A410002036CD933FDAAC2A3F00000000B3
:10D5E000A8380020C0380020B54B1B78152B17D861
:10D5F000DFE813F0BB001600160016001600160038
:10D6000016001600160016001600C900F6002401C8
:10D610008A01D90194023A021C03F2025703430023
:10D62000A84AA94BA948AA4990ED005A90ED016A71
:10D63000A848D1ED015AD0ED007ADFF8C8C291EDCB
:10D64000007ADCED006AA449E5EE257AE6EE076A89
:10D6500091ED007A92ED085AD2ED095A77EE877A69
:10D66000B6EE007AB0EE476AA6EE856AA7EEA57A16
:10D6700083ED086A83ED097A70479849984ACB7818
:10D68000D2ED007A9A0704D4964B93ED007A77EEA8
:10D69000877AF5EEC07AF1EE10FA00F1A283B7EEC8
:10D6A000007AF4EEC77AF1EE10FAD8BFB0EE677ADE
:10D6B0008D488E4B834ADFF844C2D0ED002A1B7898
:10D6C0008B4892ED043ADCED006AD0ED007A002B35
:10D6D00000F08D83CB789B0700F17484F5EEC02AAF
:10D6E000F1EE10FA00F17F84B0EE625A814B93EDB7
:10D6F000006AF0EE665AE6EE055A734B63EE266A50
:10D70000B0EE675A92ED056A92ED022AA5EE835AB1
:10D71000F0EE673AE5EEC33AB0EE664AA6EE674A27
:10D72000D6EE676AF6EE007AD2ED035AF0EE674A5B
:10D73000E2EE054AB0EE675AA5EEA35AF0EE675A3C
:10D74000E4EE035AE6EE267A77EE226A37EE627A44
:10D75000C3ED024A83ED035AC3ED016A83ED007AFB
:10D76000C3ED045AC3ED057A5CE7614B554A93ED6E
:10D77000007AD2ED046A544BF6EE007AE6EE877A30
:10D78000C3ED047A4EE7554B5949DB784D4A56486C
:10D7900091ED007A92ED054AD0ED006A990704D424
:10D7A000554BD3ED007AA7EEA67A544BF6EE007AED
:10D7B000D2ED024A92ED045AD3ED005A424BB0EE3C
:10D7C000676AA4EE076AB0EE677AA4EEA67AE5EE81
:10D7D000257A83ED056A83ED027AC3ED047A21E7A9
:10D7E000464A434BD2ED007AD3ED006A354A364BB8
:10D7F000D2ED033A92ED024A3B4993ED016A91ED75
:10D80000005AF1EE675A37EEA67A75EEE65AF6EE52
:10D81000007AF0EE674AE3EE874AD3ED006AC3ED83
:10D82000034AE4EE257A36EE456A36EE857A83EDD4
:10D83000016A83ED007AC3ED027AF3E6274B214AB1
:10D84000DB7829482D4992ED046AD0ED007A91EDFC
:10D85000007A9B070CD4F5EEC07AF1EE10FA00F1D5
:10D86000BC83F0EE675A234BD3ED006AA6EEA57A8F
:10D870001F4BF0EE676AE6EE076AE6EE477A93ED35
:10D88000007A92ED025AD2ED035A1D4B76EE876A6A
:10D8900077EE877AB6EE007AB0EE476AA5EE266A92
:10D8A000A5EEA77AD3ED006AD2ED067A064B67EEB5
:10D8B000A67A83ED026A83ED037AC3ED067AB1E6B8
:10D8C000F5000020B41000205C060020D87C002069
:10D8D000F0050020CC380020F82F0020347D0020F7
:10D8E000A8380020C038002004060020A010002026
:10D8F000FC0500209C380020803800200006002015
:10D90000F80500207C810020BD49BE48CB78BE4A86
:10D91000DFF810C3D0ED006A92ED056ADCED007A05
:10D92000980704D4B94B93ED007AE7EE276AC978DB
:10D93000B74BB848B6EE007AA6EE667A890783ED53
:10D94000057AD2ED046A90ED007A0CD4F5EEC07A37
:10D95000F1EE10FA00F14483F0EE675AAE4991ED12
:10D96000006AA6EE257AAD49F0EE675AE6EE875AD0
:10D97000E6EEC77A92ED025AD2ED036AB6EE007A6D
:10D98000B0EE476AA5EE256AA6EEA77AD2ED067A32
:10D99000D1ED006A83ED026A67EEA67A83ED037A21
:10D9A000C3ED067A3EE69649974ACB78DFF874C213
:10D9B0009448D2ED055ADCED007AD0ED006A9B0761
:10D9C00004D4924B93ED007AE7EE276AC878904B27
:10D9D000B6EE007AB0EE476AA5EEA66A8007D2EDF1
:10D9E000035A83ED056A92ED046A92ED025AF1EE54
:10D9F000674A00F1DF818A48F5EEC07A90ED004A6F
:10DA0000F7EE006AF1EE10FA76EEC46A40F3C282D5
:10DA100066EEA76AB6EE007AF0EE474AE6EE854A71
:10DA2000C978A5EEA77A8807C3ED024A83ED037A89
:10DA300000F1C18278487749D0ED006A91ED007A13
:10DA4000A6EEA77A754992ED065AD1ED005AF6EE88
:10DA5000007AF0EE676AE7EE066AE5EE257AC3ED36
:10DA6000046AC3ED067ADDE56E4B6549D3ED007AB5
:10DA7000CB78654A9807D2ED036A92ED026AB1EE5F
:10DA8000675A00F17D81664BF5EEC07AD3ED005AFE
:10DA9000B7EE007AF1EE10FA37EE657A40F30782BE
:10DAA00027EE877AF6EE005AB0EE655AA7EE065AD0
:10DAB000C978574BE7EEA65A890783ED025AC3EDA2
:10DAC000035A00F109825448524990ED007A91EDD1
:10DAD000006AA7EE276A51484A4992ED047AD2EDCE
:10DAE000055A92ED065AF6EE007AF0EE676AE7EE16
:10DAF000066AB0EE677AA5EEC67AD0ED005A91EDCF
:10DB0000006AE5EE257A76EEC66A37EE467AC3ED10
:10DB1000046A83ED057AC3ED067A83E538493A4A0B
:10DB2000CB78DFF800C1374892ED056A9CED007AAA
:10DB3000D0ED006A9B0704D4344BD3ED007AE7EEB6
:10DB4000876AC878324BF6EE007AE6EE267A8007CE
:10DB5000B1EE475AC3ED057A40F10081F0EE456A17
:10DB6000F0EE475A2D48D2ED067AD0ED004A9FEDEF
:10DB70002E6A92ED034AC978264867EEE47AD2ED20
:10DB8000024A67EE867A8907B0EE676A94EE666AA3
:10DB9000E4EEA57AF6EE005A76EE256A77EEA57ADF
:10DBA000C3ED036AC3ED027A92ED046AD0ED006A18
:10DBB0000BD4B5EEC07AF1EE10FA01D4B0EE475AAC
:10DBC0001549D1ED007AE7EE856AF6EE007AE6EEC9
:10DBD000267AC3ED047A25E50D4B0B4A114992EDE7
:10DBE000026AD1ED006A93ED007AD3ED017AA6EED8
:10DBF000267AE6EE667A83ED007AC3ED017A11E5C6
:10DC0000347D0020FC050020B41000208038002066
:10DC10005C060020000600209C380020F80500204B
:10DC200098380020040600209A99993ECA4ACB49A8
:10DC3000CB4BD1ED006AD2ED027A93ED007A92EDF2
:10DC4000056AC849C84BC978C84892ED045AA7EE7E
:10DC5000A67A8907F6EE007AE6EE077AC3ED057A32
:10DC600090ED007A0BD4F5EEC06AF1EE10FA01D512
:10DC7000F1EE666ABE49D1ED007AA7EEA67ABD49FB
:10DC8000D2ED065A91ED006AF6EE007AF0EE676A80
:10DC9000E5EE076AE5EE867AC3ED046AC3ED067A1F
:10DCA000C0E4B049B44ACB78D2ED007A980704D4E6
:10DCB000B24B93ED007A77EE877AF5EEC07AF1EE0B
:10DCC00010FA00F19180F7EE006AF4EEE67AF1EED8
:10DCD00010FAD8BFF0EE676ADFF884C2A848A94BF3
:10DCE0009D4A9CED007AD0ED007ADFF870C29F4823
:10DCF0001B789CED006AD2ED044A92ED055AD0EDF6
:10DD0000005A67EE277A002B00F0EA8064EEA56ADD
:10DD1000B6EE007AB0EE663AA5EE673A924BD5EED3
:10DD2000676AF0EE473AE3EE243AA6EE857AB1EE62
:10DD3000464A74EE676A36EE676A37EEE55A77EE62
:10DD4000A57AC3ED043A83ED057AC3ED016A83ED4C
:10DD5000026A83ED005AC3ED037A63E48A48B5EEA4
:10DD6000C07AD0ED007AF7EE006AF1EE10FA76EEA6
:10DD7000E76A40F32B8166EE875AF0EE456AF1E6DA
:10DD8000B6EE007AF0EE475AE7EE865AC978764B3F
:10DD9000A7EEA67A8807C3ED025A83ED037A00F155
:10DDA0009B80F5EEC07AF1EE10FA7FF58CAEF0EEC6
:10DDB000457A88E6F0EE476AE5EE276AC978A5EE6F
:10DDC000A77A8907C3ED026A83ED037A00F1F38035
:10DDD000F5EEC07AF1EE10FA7FF52CAEF0EE647A33
:10DDE00028E69FED6A7A63E4DFED686A74E7CB7832
:10DDF000980700F1E480F5EEC02AF1EE10FA00F188
:10DE0000FC80B0EE625A5A4BD3ED005AB0EE666A0F
:10DE1000A5EE856AC978544B92ED035AD2ED023AC9
:10DE2000B0EE624AF0EE625AE6EE435A8907A6EE79
:10DE3000034AB6EE006AF0EE464AE3EE844AA5EEE7
:10DE4000256AD2ED055AC3ED024A37EE275A37EE5E
:10DE5000677A83ED036A65EEE77A83ED015A83ED15
:10DE6000007A0CD4F5EEC02AF1EE10FA00F1C2806F
:10DE7000B0EE626A3E4991ED007AE7EE066AB0EED6
:10DE8000676AA6EE836AE6EEC37AB6EE007A76EEAD
:10DE9000226A77EEA27AB0EE476AA6EE836AA5EE12
:10DEA000A77A83ED046A83ED057AFFF7BBBB40F1E7
:10DEB000A780F6EE005A25EE077AF0EE654AE7EE07
:10DEC000864AC978284BE6EEC75A8907C3ED024A4D
:10DED000C3ED035A7FF56BAF244991ED006AFAE573
:10DEE0002B4BC978D3ED003A1F4B36EEA74A76EE9E
:10DEF000E76AF0EE447AE7EE237A8907E7EE636A91
:10DF0000C3ED017A25EE477AC3ED006A0BD4B5EE76
:10DF1000C06AF1EE10FA6AD4F0EE466A1449D1ED07
:10DF2000007AE7EEA65AF0EE476AE5EEA46AA5EE9F
:10DF3000E47A76EE866A37EE067AF6EE007AB0EE8E
:10DF4000676AA6EEA46AE7EE057A83ED046AC3ED7C
:10DF5000057AFFF767BB00BFB4100020040600205D
:10DF6000FC050020347D00205C0600200006002017
:10DF70009C380020F8050020A8380020C038002078
:10DF800008000020A01000209838002000000000A9
:10DF90007081002037D564EEA66AB0EE474AA5EE40
:10DFA000274AC978A5EEE67A880783ED024A83ED11
:10DFB000037A7FF513AF154991ED007A42E5B0EE93
:10DFC000666A27E7F0EE665AFFF797BB7FF5C6ADA6
:10DFD00065EE266AF0EE475AC4E5F1EE675A42E470
:10DFE000F1EE675ABAE4B1EE625AFFF77FBBF1EE89
:10DFF000466A93E7B1EE626A3CE7B1EE625A02E725
:10E00000B0EE677A4EE5F0EE676A03E500060020A1
:10E01000254B1A78254BF7EE007ABFEE007A12F006
:10E02000010F0CBFB0EE674AB0EE474A12F0020F84
:10E030000CBFF0EE674AF0EE474A12F0040F0CBF37
:10E04000B0EE675AB0EE475A12F0080F0CBFF0EE70
:10E05000675AF0EE475A12F0100F0CBFB0EE676A25
:10E06000B0EE476A12F0200F0CBFF0EE676AF0EED8
:10E07000476A12F0400F08BFB0EE677AC3ED007A2E
:10E08000C3ED017AC3ED077A83ED024AC3ED034A7B
:10E0900083ED045AC3ED055A83ED066AC3ED086AA1
:10E0A00083ED097A704700BF82810020B410002000
:10E0B0002DE9F04F684B1C78052C87B018D09FEDE8
:10E0C0005A7B664B8DED027B9FED597B1A788DED67
:10E0D000007BCAB158A1D1E90001614A614CC2E993
:10E0E0000601002284ED000B1A7007B0BDE8F08F26
:10E0F0009FED537B594B8DED027B9FED537B1A783F
:10E100008DED007B002AE5D1564D554E95ED007BF7
:10E1100051EC100B53EC172B8DED047BF9F774FFCA
:10E1200096ED067BB0EE470AF0EE670A8046894618
:10E130005BEC17AB23F084FB29F00047DDE900011D
:10E1400053EC102BCDF800800197FAF715F9024631
:10E150000B46DDE90001FAF781FBE8B9052C4BD04D
:10E160003BA3D3E9002350465946FAF777FB78B929
:10E170003D4B002250465946FAF78EFB00284FD0FF
:10E18000394B00223649C1E90C2307B0BDE8F08FB6
:10E190002FA3D3E90023F5E7DDE90223334900206B
:10E1A000F9F732FF42464B46CDE90001FAF7E4F8B1
:10E1B000DDE90423F9F72AFF4246C5E900014B4691
:10E1C00040464946FAF7D8F8DDE90023FAF7D4F8D3
:10E1D000DDE902230746884650465946FAF7CCF84F
:10E1E00002460B4638464146F9F710FF052CC6E9B2
:10E1F000060182468B46B3D1194BD3E900030022B6
:10E2000023F00041194BFAF747FB0028A8D05246EB
:10E210005B4650465946F9F7F9FE82468B469FE722
:10E2200052465B46AEE700BF666666666666EE3FD0
:10E23000000000000000004000000040E17AA43F20
:10E24000AE47E17A14AEEF3F000000000000084046
:10E250009A9999999999B93F307D002052000020F0
:10E2600000110020F0100020000014400000F03FDA
:10E270002DE9F04F684B1B7889B0052B8DED020B13
:10E2800000F0B2809FED5C7B8DED047B634D00243C
:10E29000634B644F1A78002A40F08580624E96EDF9
:10E2A000087BD7E90089B0EE470AF0EE670A8DEDEA
:10E2B000007B23F0C5FA42464B46DDE902018DEDB5
:10E2C000060BF9F7A1FE9DED060B8C4653EC102BC7
:10E2D0008346294620462CF00045FAF74DF80246C1
:10E2E0000B4658462946FAF7B9FA002843D0DDE92B
:10E2F00004AB4E4952465B460020F9F785FE424684
:10E3000004460D464B4650465946FAF735F8DDE9C6
:10E3100002AB8046894652465B4620462946FAF7BC
:10E320002BF802460B4640464946F9F76FFE024677
:10E330000B46C7E9002350465946F9F765FE0246E9
:10E340000B468046894620462946FAF715F842468C
:10E350004B46FAF711F8DDE9002304460D46DDE9E6
:10E360000401FAF709F802460B4620462946F9F758
:10E370004DFECDE90001DDE9004521A3D3E90023ED
:10E3800020462946FAF76AFAF8B9294B00222046B6
:10E390002946FAF781FA00BB22462B46C6E9082334
:10E3A00009B0BDE8F08F9DED027B87ED007B9FED0E
:10E3B000167B00228DED007BB0EE470AF0EE670A77
:10E3C000DDE90289184E1A7073E70DA3D3E9002323
:10E3D000C6E9082309B0BDE8F08F154B0022C6E955
:10E3E000082309B0BDE8F08F9FED097B104D8DED3E
:10E3F000047B00244CE700BF666666666666EE3FF7
:10E400009A9999999999B93F00000000000000403D
:10E41000AE47E17A14AEEF3F307D002000000840A7
:10E4200051000020E8100020001100200000F03F03
:10E4300000001440000000002DE9F04F2DED048B8A
:10E44000BF4C85B020F084FFA379D90740F1B0809C
:10E45000BC4EA379D6ED027AF1EE006AB0EEE77A0F
:10E46000B4EEE67A23F00103F1EE10FAA371B1EEF7
:10E47000678A00F3A280637813F0010300F0B48090
:10E48000B14FB24DD7E90A01FAF74EFA4FF0000842
:10E490008146D7E90601FAF747FAAD4A1060D7E995
:10E4A0000801FAF741FAAB4BAB4AC3F80090106091
:10E4B0006278DFEDAA6A95ED0C1ACDED036AD307F9
:10E4C0004BBFA74A95ED010A92ED000AA44A0092BB
:10E4D000B8F1000F0CBFF0EE660AF0EE480A03F048
:10E4E00055F9009AD2ED008A18EE900AF9F7ECFE81
:10E4F0009C4A92ED000AC7E9040110EE100A8DED66
:10E50000000AF9F7E1FE984A92ED009A78EE497A0E
:10E51000C7E9000117EE900AF9F7D6FEC7E9020134
:10E5200019EE100AF9F7D0FE8A4BC7E90E011868F8
:10E53000F9F7CAFE8D4B95ED017A93ED006A8C4B8D
:10E540009DED000AD5ED0C0A78EEC67A37EE467AD4
:10E55000C3ED007A874B83ED007A874BC7E90A0148
:10E56000864883ED000AFCF79FFADDED036A844BD1
:10E57000D5ED0C0A8348F0EE407A96ED020AC3ED21
:10E58000007A30EE260AB1EE400AFCF78DFADFED94
:10E590007E7AE378B4EEE70AF1EE10FACCBF0122FE
:10E5A000002262F38613E370637943F0080363711A
:10E5B00005B0BDEC048BBDE8F08FF3EE047AB4EE49
:10E5C000E77AF1EE10FA7FF556AF6378DA07C3F316
:10E5D00000071BD55C4F5D4DD7E90A01FAF7A4F996
:10E5E0004FF00108814654E7584D00936868564F34
:10E5F000F9F76AFE41EC100BFFF75AFDD7E90A0163
:10E60000FAF792F9DDF80080814642E74F4D6868DD
:10E61000F9F75AFE41EC100BFFF74AFD18EE100A0D
:10E62000F9F752FE41EC100B80468946FFF720FEB9
:10E63000564B1A78002A4FD1554FC246D7E90023CE
:10E64000CB4640464946F9F7DFFC4BEC17AB87ED6C
:10E65000007B3D4F804689462DA3D3E90023D7E9AF
:10E660000A01F9F789FE2CA3D3E9002382468B46E1
:10E6700040464946F9F780FE42464B46F9F77CFE94
:10E6800027A3D3E90023F9F777FE02460B4650464D
:10E690005946F9F7BBFC24A3D3E9002380468946F9
:10E6A000FAF7DCF848BB22A3D3E9002340464946E9
:10E6B000FAF7F2F838B31EA3D3E90023104619463F
:10E6C000CDE90023FAF730F9DDE900238146C7E9F7
:10E6D0000A234FF00108DCE649EC178B1F702C4B26
:10E6E000194FDFF8B09083ED007B13A3D3E900232B
:10E6F0004FF00108C7E90A23CBE60BA3D3E90023B7
:10E70000DFF89490E3E742464B46D7E7AFF300804B
:10E71000666666666666EE3FA09999999999A93FE3
:10E72000FCA9F1D24D62503F8DEDB5A0F7C6B03EC9
:10E730007B14AE47E17A843F000000E0E2361A3FE6
:10E74000347D0020BC0F002000110020D07F00206D
:10E75000C82F0020C02F0020C42F00200AE81C4131
:10E76000B82F0020BC2F0020CC2F0020C07F00201D
:10E77000FC100020F8100020AC7F0020747E0020E8
:10E78000A87F0020407D00200AE89C405000002027
:10E79000E010002017B7D138BD3786352DE9F04796
:10E7A000DFF80C813E4ED8E90001D6E90823F9F7DD
:10E7B0002BFC0D46A8F5A661D6E902230446D1E953
:10E7C0000001F9F721FC224606460F462B4620465B
:10E7D0002946F9F7D1FD324681468A463B46304606
:10E7E0003946F9F7C9FD0B46024651464846F9F746
:10E7F0000DFC41EC100B23F023F851EC100BFAF751
:10E8000093F807EE900AB2EE047A08F5AD63F4EEE1
:10E81000C77AF1EE10FA18600CDC08F2745108F5B2
:10E82000AE6208F26C5800230B601360C8F8003029
:10E83000BDE8F08747EC116B45EC104B22F0E6FE8B
:10E8400051EC100BFAF770F800EE100AFCF7D2F951
:10E85000144A08F26C54F0EE407A54ED010A92ED3D
:10E86000000AC4ED007A23F04BF8FCF7E3F9DFED82
:10E870000E6AD4ED007A0D4BB0EE407A77EEE67A70
:10E8800093ED000A08F5AE6337EEC00A83ED007A17
:10E89000FCF7D0F908F2745888ED000ABDE8F0875B
:10E8A000102D0020FC100020DB0F494018BD002077
:10E8B000B81B002010B5494A494B11781A78494CC9
:10E8C0008A42D4ED007A82B04DD047481970037A5D
:10E8D000224643F04003F0EE676A62ED017A03726C
:10E8E000424B1B78052B0DD00B2B0BD03E494048DB
:10E8F0000B7AC2ED007A002423F040030B7204600F
:10E9000002B010BD3B4B93ED067A93ED006AF1EE39
:10E91000005A27EE257AB4EEC76AF1EE10FAE5DD6B
:10E9200077EEE67A0192B0EE670ACDED007AFCF759
:10E9300081F9DDED007AB5EEC00AF1EE10FAB0EE25
:10E94000670A14D4CDED007AFCF774F99FED2A7AAA
:10E95000DDED007AB4EEC07AF1EE10FA12DCD4EDFF
:10E96000007A019AC2E7224672ED016AB8E7FCF725
:10E9700061F99FED227ADDED007AB4EEC70AF1EE7F
:10E9800010FAECDDB0EE670A23F008F9184A9FEDA3
:10E990001C7A52ED047A52ED016A60EE277A94ED0A
:10E9A000000AC2ED007A67EEA67AF4EEC77AF1EEBD
:10E9B00010FA08D49FED137AF4EEC77AF1EE10FA4C
:10E9C000D8BFB0EE677A30EE070A84ED000AFCF794
:10E9D00011F984ED000A02B010BD00BF3D2C0020EB
:10E9E0005811002044210020347D00203F380020B1
:10E9F0004C2100203C210020DB0F493FDB0F49BFA9
:10EA0000920A06BF920A063F094BDFED0A7A93EDA0
:10EA1000007AD3ED086A27EE277A4FF47A70C7EEB2
:10EA2000267AFCEEE77A17EE903A00FB03F0704787
:10EA30003C2100209999993F0F4B104AD3ED007A61
:10EA400092ED007A77EEC77AF5EEC07AF1EE10FA21
:10EA500001D5F1EE677A9FED0A7AD3ED106A67EE81
:10EA6000877A4FF47A7087EEA67ABCEEC77A17EEF3
:10EA7000103A00FB03F07047D0380020FC10002053
:10EA80009999993F264BDFF8A4C01A782548264962
:10EA900022F0040200B51A709A7822F008029A70E7
:10EAA0009A7822F004029A709A7822F002029A7000
:10EAB0001A7A22F040021A72DA7922F08002DA71B0
:10EAC000DA78C2F300028CF8002093F803C02CF02F
:10EAD000010C83F803C000F65C2C00F21C530022EA
:10EAE000CCF800201A6000F64C2C01F5AD6300F262
:10EAF0002C5ECCF800201A6001F2645C01F5026320
:10EB000000F67C70C1F8B022C1F8AC2201F61C01FD
:10EB1000CEF80020CCF8002002601A600A6000BD28
:10EB2000347D002078110020783B002070110020F7
:10EB300010B5304C2DED028BB0EE408A94ED000AFA
:10EB400082B038EE400AFCF775F82B4B1B78012B8E
:10EB500003D002B0BDEC028B10BD284AD4ED007A80
:10EB600012780C2A38EE670A2AD00193FCF762F873
:10EB70009FED237AF0EE407AB0EEC00AB4EEC70AF9
:10EB8000F1EE10FA0FDD1F4A019B1370F5EEC07A0B
:10EB9000F1EE10FA2AD44FF07E521B4B1A6002B0ED
:10EBA000BDEC028B10BD9FED197A164BB4EEC70A6F
:10EBB000F1EE10FA11D500221A70B0EE670AC8E71C
:10EBC0001048114A03704FF07E51116002B0BDEC45
:10EBD000028BBDE81040FCF70DB81B78002BECD081
:10EBE000094BD3ED007A20EE270AB2E7084AB1EECE
:10EBF000400AD2E718BD0020A98E00203F3800202F
:10EC0000C2B832404C11002048110020E4CB16401D
:10EC1000000080BF414B03F5A662D2ED007A93ED70
:10EC2000007A67EEA77AB0EE006AE7EE077AB0EEF8
:10EC3000407AF1EEE76AF4EEC66AF1EE10FA63DDAF
:10EC4000374B93ED056AF6EE007AB4EEE76AF1EE23
:10EC500010FA59DB334A92ED1F6AF1EE047AB4EEF2
:10EC6000E76AF1EE10FA4FD800B52DED028B83B0B4
:10EC7000CDED016A8DED000A22F050FFB0EE408A22
:10EC80009DED000A22F08AFF254BDDED016AD3EDF0
:10EC9000007A93ED016A9DED007A67EEC07AFFEE8F
:10ECA000005AE6EE087A87EEA66AB4EEE56AF1EE5F
:10ECB00010FA2DD4B7EE000AB4EEC06AF1EE10FAE5
:10ECC000D8BFB0EE460A8DED007A22F0EDFDDFED03
:10ECD000167A9DED007AB4EEE70AF1EE10FA17D439
:10ECE000DFED127AB4EEE70AF1EE10FAD8BFF0EEDB
:10ECF000407A37EE677AB0EE470A03B0BDEC028B7C
:10ED00005DF804EBFBF776BFB0EE470AFBF772BF86
:10ED1000DFED067A37EE277AEDE700BF9C1600207C
:10ED2000B0A0002078A80020920A06BF920A063FF1
:10ED300038B54E4B1A7855072DED028B27D54C4927
:10ED40004C4A4D4C91ED001A1278D4ED007A14ED36
:10ED50000B0AB1EE411A002A31D09FED487A77EEC6
:10ED6000C77AF2EE000A27EE800AA4F27451A4F6E4
:10ED7000A420FBF7D1FE94ED020AFFF74BFF04ED50
:10ED8000020ABDEC028B3E4B00221A6038BD9A7815
:10ED900014071DD4DA78D0072DD4DA795106F0D5CE
:10EDA0009A78520759D59B789B07EAD5354B1B7843
:10EDB000002BE6D1344B53F8182C1A60E1E7B1EE82
:10EDC0000C7A77EEC77AF7EE080A27EE800ACCE7CE
:10EDD000294C274A90ED147AD4ED007A92ED001A6E
:10EDE00014ED0B0AD0ED160A77EEC77AB1EE411A90
:10EDF00027EE800AB9E7254D254CA869F9F752FAA4
:10EE0000D4E90023F9F700F9F9F78EFD08EE100AAE
:10EE10002868F9F747FAA4F5A663D3E90023F9F7C0
:10EE2000F3F8F9F781FD00EE900A20EEA07A04F2E3
:10EE30009C54A8EE087AD4ED007AF1EEC76A77EE1A
:10EE4000A77AF4EEE67AF1EE10FA0AD4084B93EDC5
:10EE5000000A0D4B83ED000A93E70B4B1A691A6009
:10EE60008FE7B0EE480A22F04BFDF2E7347D002038
:10EE700018BD0020A98E00203C2100200000704217
:10EE8000944300203D2C002034210020402C002001
:10EE9000B81B0020B04BD3ED1F7AB0EE007AF4EE31
:10EEA000C77AF1EE10FA5AD977EEC77AF0EE086A0F
:10EEB00087EEA67AF7EE007A77EEC77AF5EE005A7B
:10EEC000F4EEE75AF1EE10FAD8BFF0EE675AA34A13
:10EED000A349D2ED007AD1ED126AA24912ED137A5C
:10EEE0008878F4EEE67AF1EE10FAD4BFB0EE676AF5
:10EEF000B0EE666A000703D40B785B0740F19E8092
:10EF0000994B002243F8042BD3ED007A974A887876
:10EF10001346F3EC016A77EEE67A000767EE276A9C
:10EF2000C3ED007A66EEA57AC2ED027A02D40B78C0
:10EF30005B0717D58E4B002243F8042BD3ED007AE4
:10EF40008C4A1346F3EC016A77EEE67A27EE877A6D
:10EF5000C3ED007A27EE257A82ED027A7047F7EE4C
:10EF6000005AB4E7844902F22453D1ED016A93EDCB
:10EF7000005A02F66C22D2ED007A66EE266A65EE41
:10EF8000277A66EEA56A67EEA57AF1EE663AF4EEA8
:10EF9000E37AF1EE10FA00F1BD80F4EEE67AF1EEDC
:10EFA00010FAC8BFF0EE667A744B754993ED006AAB
:10EFB00093ED024A25EE065AA3F5A96291ED006A87
:10EFC000D2ED004A25EE255AE5EE064AB1EE446A36
:10EFD000F4EEC64AF1EE10FA08D4F4EEC44AF1EEAB
:10EFE00010FAD4BFB0EE646AB0EE446A77EE867A67
:10EFF000644B82ED006AF5EEC07AF1EE10FAC3EDD3
:10F00000007A00F18A8037EEE65AB5EEC05AF1EE8A
:10F0100010FA95DDF7EE004AB5EEC06AF1EE10FA8F
:10F0200001D5B1EE466A36EE456AF0EE667A26EE16
:10F03000246AC3ED006A82ED006A81E74E4852ED12
:10F04000157AD0ED006AA2F6CC2393ED005A66EE55
:10F05000266A65EE277A66EEA56A67EEA57AF1EE76
:10F06000663AF4EEE37AF1EE10FA50D4F4EEE67A72
:10F07000F1EE10FAC8BFF0EE667A404B4048D3ED8F
:10F08000004A90ED003A93ED024A25EE245AA3F689
:10F09000782225EE255AD2ED004AE5EE034AB1EE7C
:10F0A000445AB4EEE45AF1EE10FA08DCF4EEC44A25
:10F0B000F1EE10FAD4BFB0EE645AB0EE445A77EED7
:10F0C000857A314B82ED005AF5EEC07AF1EE10FAF6
:10F0D000C3ED007A30D477EEE64AF5EEC04AF1EEA1
:10F0E00010FA7FF713AFB7EE004AB5EEC05AF1EE53
:10F0F00010FA01D5B1EE455A35EE645AF0EE667A53
:10F1000025EE045AC3ED006A82ED005AFEE6F0EEE9
:10F11000637AB2E7F0EE637A46E7B1EE675A35EE0E
:10F12000665AB5EEC05AF1EE10FA7FF709AFF0EE6D
:10F13000636AFFEE004A6FE7F1EE674A74EEE64A53
:10F14000F5EEC04AF1EE10FA7FF7E0AEF0EE636A3A
:10F15000BFEE004AC9E700BF78A800205C2100206C
:10F16000E02D0020347D0020941600209C16002005
:10F17000C41B0020CC1B0020501100200C210020BB
:10F1800074210020C81B0020981600202DE9F043B0
:10F190002DED048B064683B0CA48CB4C02F092F9A1
:10F1A000B7EE007AC7EE007AC84BD6E90878D6E900
:10F1B0000201254604F5A66949E9027883ED000AB3
:10F1C000C34B44E90201C3ED007AF5E80223F8F7E6
:10F1D0001BFFF9F7A9FBD9E9002308EE100A286004
:10F1E00041463846F8F710FFF9F79EFB68EE087ABB
:10F1F00000EE100AE0EE007A04F5A76304F6B425E9
:10F20000F0EE480AB1EEE77A1860DFF8EC8204F617
:10F21000BC2785ED007A22F073FBFBF7EBFC87ED52
:10F22000000AFFF747FB98ED1F8A95ED009A97EDCE
:10F23000007A04F6CC23D3ED008AA64B38EE088A78
:10F240001B78B4EEE88AF1EE10FAC8BF012504F687
:10F25000C824D8BF0025012BD4ED009A00F0AF8060
:10F26000B0EE470A8DED017A22F058FCB5EEC00AE7
:10F27000F1EE10FA9DED017AF0EE407A00F19980FE
:10F28000954CB0EE470AC4ED007A22F087FCB5EE4B
:10F29000C00AF1EE10FA00F18980002D8F4B84ED49
:10F2A000010A08BFB0EE688AB4EEC89A9A78F1EE07
:10F2B00010FA4CBF0121002161F382029A701A7882
:10F2C000D1074DD499789A78C1F3800161F3410256
:10F2D0009A70834C3046FFF72BFDFFF7DBFD814A28
:10F2E000814992ED001AD4ED000AA4F5A66393EDCE
:10F2F000000AB1EE411AB1EE400AA1F52E70FBF7FB
:10F300000BFC04F28C54794AD4ED006A92EDAC7A8D
:10F31000F1EE667AB4EEE77AF1EE10FA4CD4B4EE80
:10F32000E67AF1EE10FAC8BFB0EE667A6E4C82ED66
:10F33000AC7A94ED007AF4EEC77AF1EE10FA08DCBC
:10F34000B4EEE67AF1EE10FAD4BFF0EE477AF0EEC2
:10F35000667AC4ED007A03B0BDEC048BBDE8F0839F
:10F360009A78C2F3800152077BD5614A92ED017A07
:10F37000B5EEC07AF1EE10FA01D5B1EE477AD8EDCC
:10F38000207A9A7877EEA77AF4EEE97AF1EE10FA1D
:10F39000D8BFF0EE697AF4EEC77AF1EE10FACCBF7E
:10F3A0000121002161F341029A7092E7B1EE400A17
:10F3B00073E7F1EE407A63E7B0EE677AB6E7002DC7
:10F3C000464B08BFB0EE688AB4EEC89A9A78F1EE60
:10F3D00010FA4CBF0121002161F382029A701A7861
:10F3E000D40743D499789A78C1F3800161F341023C
:10F3F0009A703E4C3F4E04F502620023B0EE470A7D
:10F400001360C4F8B032FFF705FC364BF0EE407ADB
:10F4100093ED000AC6ED007A37EEC00AFBF70AFC4E
:10F4200096ED0B7A96ED0C6A27EE000AF1EE477A1C
:10F43000C0EE066AF4EEE67AF1EE10FA08DCF4EEBD
:10F44000C76AF1EE10FAD4BFF0EE667AF0EE477AB2
:10F4500004F5AD64C4ED007A03B0BDEC048BBDE8E7
:10F46000F0839A7861F341029A7032E79A785007F4
:10F47000C2F380011ED51E4AD2ED016AF5EEC06AC4
:10F48000F1EE10FA1BD4D8ED207A9A7877EEA77AAD
:10F49000F4EEE97AF1EE10FAD8BFF0EE697AF4EE04
:10F4A000E67AF1EE10FACCBF0121002161F34102AE
:10F4B0009A709EE79A7861F341029A7099E7F1EEAB
:10F4C000666AE0E7401100208816002074210020C1
:10F4D00070210020A98E002050110020347D0020D2
:10F4E000D41B002018BD0020E0400020783B002005
:10F4F000D03800203421002078A8002010B5514BCE
:10F50000514C187882B01B2115F0C2F8E1784F4AAF
:10F5100021F00101E170E17921F00801E171E17868
:10F52000104621F010010023E17040F808392178DD
:10F53000036021F08001464842F8103C42F8303C1C
:10F5400042F82C3C42F8283C42F8183C42F8243C53
:10F550002170404B00210170FF223F481A700022A9
:10F560000023C0E900233D48C0E900233C4B3D484F
:10F570001970682226F0B0FBA07A3B4B3B4A002171
:10F58000C3E9001199600307C2E90011916055D4E5
:10F5900000F068FD9FED360A8DED010A0AF02EF9A4
:10F5A00021789DED010A334B334A83EDAC0A21F0FB
:10F5B00004012170A17882ED000A21F00801A170F8
:10F5C000A17802ED040A21F00401A170A17883ED75
:10F5D000AB0A21F00201A170217A284821F04001F4
:10F5E0002172E17921F08001E171E178C1F300013C
:10F5F0000170E178224821F00101E17002F5A66C6A
:10F6000002F5A46403F5AD6102F5256284ED000AFC
:10F6100081ED000A03F2645403F5026182ED000AF1
:10F6200003F61C030A228CED000A84ED000A81ED2A
:10F63000000A83ED000A027002B010BD00F0FEF96E
:10F64000A6E700BF68900020347D00204C210020F8
:10F650003D2C00205811002060110020681100206E
:10F66000CC210020402C0020D0210020E0210020CF
:10F6700000000000783B0020A4160020701100203C
:10F680003F38002070B51C4B1C4C93F99DC24FF0C5
:10F69000000EA4F800E0BCF1000F26D0184D03F2D4
:10F6A000AE237046724604E00132624503F129033D
:10F6B00017D093F828100729F6D1092816D81E6804
:10F6C000D3F804E045F8306005EBC00101320130A9
:10F6D0006245C1F804E080B24FF0010E03F1290346
:10F6E000E7D1BEF1000F00D0208070BD01329445FB
:10F6F000F7D02933D8E700BFB0810020782100205F
:10F700007C2100201B4BDFED1C7A93ED007A2DE964
:10F71000F04FB4EEE77AF1EE10FADFF868E083B06C
:10F720000CDD9EF80A301B0708D49EF8053043F024
:10F7300020038EF8053003B0BDE8F08F0F4BB3F80F
:10F7400000C0BCF1000F1FD10D4A9EF8053092EDAC
:10F75000007AD2ED0E7AB4EEE77AF1EE10FACCBF71
:10F760000122624662F345138EF8053003B0BDE80E
:10F77000F08F00BFFC1000200000F0427821002034
:10F7800020210020347D0020AA4BAB4A0CF1FF3130
:10F79000D3E91C0652F8313014689842ACBF0027F8
:10F7A0000127A042ACBF00250125AF42B046A346C9
:10F7B000A9460FD002EBC1011D1B4B6851685B1AB3
:10F7C000011B01FB03F3516893FBF5F30B449E42CD
:10F7D000C0F22D8101230021BCF1010F00F01E8138
:10F7E00094680194A042ACBF0025012581F001037B
:10F7F000A945DBB2AA4610D0D7685668ABEB040522
:10F80000F61B041B04FB06F494FBF5F43C44A045F2
:10F81000B6BF0C461C4619462346BCF1020F00F049
:10F82000FD801469A042ACBF0025012581F00103D1
:10F83000AA45A346DBB2A94610D05769019DD668F8
:10F840002D1BF61B041B04FB06F494FBF5F43C444F
:10F85000A045B6BF0C461C4619462346BCF1030F13
:10F8600000F0DC8094690194A042ACBF0025012522
:10F8700081F00103A945DBB2AA4610D0D7695669C9
:10F88000ABEB0405F61B041B04FB06F494FBF5F438
:10F890003C44A045B6BF0C461C4619462346BCF165
:10F8A000040F00F0BB80146AA042ACBF0025012504
:10F8B00081F00103AA45A346DBB2A94610D0576ADE
:10F8C000019DD6692D1BF61B041B04FB06F494FB5B
:10F8D000F5F43C44A045B6BF0C461C4619462346E9
:10F8E000BCF1050F00F09A80946A0194A042ACBF6D
:10F8F0000025012581F00103A945DBB2AA4610D0FD
:10F90000D76A566AABEB0405F61B041B04FB06F42E
:10F9100094FBF5F43C44A045B6BF0C461C46194682
:10F920002346BCF1060F79D0146BA042ACBF002572
:10F93000012581F00103AA45A346DBB2A94610D0F8
:10F94000576B019DD66A2D1BF61B041B04FB06F4A6
:10F9500094FBF5F43C44A045B6BF0C461C46194642
:10F960002346BCF1070F59D0946B0194A042ACBF61
:10F970000025012581F00103A945DBB2AA4610D07C
:10F98000D76B566BABEB0405F61B041B04FB06F4AC
:10F9900094FBF5F43C44A045B6BF0C461C46194602
:10F9A0002346BCF1080F39D0146CA042ACBF00252F
:10F9B000012581F00103AA45A346DBB2A94610D078
:10F9C000576C019DD66B2D1BF61B041B04FB06F424
:10F9D00094FBF5F43C44A045B6BF0C461C461946C2
:10F9E0002346BCF1090F19D0D2F848C08445D4BFD2
:10F9F0000024012481F001034C45DBB20ED0A0EBC2
:10FA00000C04D06C526C121AABEB0C0C04FB02F21F
:10FA100092FBFCF202449045B8BF0B469EF80520CD
:10FA200063F345128EF8052003B0BDE8F08F002384
:10FA30000121D1E678A800207C21002008B540F6FD
:10FA4000512200212C4826F047F92C4A2C49034624
:10FA50004FF0000E2120A2F800E004221A709872E4
:10FA60006FF0150298742648DFF8A8E0C3F801107B
:10FA70004FF0170C6FF008011A73C3F86B001A757A
:10FA80002048214A83F809C083F811C0D972DFF8F1
:10FA900088C0D974C3F842E01C49DFF880E0C3F89D
:10FAA0006F00C3F81D00C3F867201948C3F8902001
:10FAB0006FF01F02C3F83EE0C3F819C0DFF844E05E
:10FAC000C3F83A10C3F86310C3F894006FF07701DD
:10FAD0005420DA73DA75DFF848C0C3F846E05822DC
:10FAE000C3F88CC058735875997399751A741A763F
:10FAF000C3F898E008BD00BF4D84002078210020A5
:10FB00000000C84200002041D5C8E058BA55F7EAC5
:10FB100000007A43000016430000A0415488E058DA
:10FB20001721F7EA38B5264B1A78530600D438BDAA
:10FB3000244D254C6A6BAA6301F0B4FC234A0021D2
:10FB4000D0626422204626F0C7F81D4BD5E9360165
:10FB50005A78C4E9010122F04002D5E93C015A700B
:10FB6000DA78C4E907011A481A4922F01002DA705B
:10FB7000027807EE902A0A686264D5F8E82062618C
:10FB80001A78D5F8D01044F8041C42F080021A709C
:10FB90001A7AF8EE677A062542F08002C4ED127AEE
:10FBA0001A7284F8605003F0C5FD0221084608F07F
:10FBB00091FF28460221BDE8384008F08BBF00BF06
:10FBC000347D002078A80020142D0020B02E0020C5
:10FBD000818100205C2100202DE9F04F244CE37846
:10FBE000DB0683B002D503B0BDE8F08F214D95ED63
:10FBF000007B05F5A66359EC178B93ED007B42461D
:10FC00004B46404649465BEC17ABF8F7B5FB52460E
:10FC100006460F465B4650465946F8F7ADFB02468E
:10FC20000B4630463946F8F7F1F941EC100B21F05C
:10FC300007FE05F6CC238DED000B1868F8F744FBA2
:10FC40009DED000B02460B4651EC100BF8F724FE1D
:10FC50000028C8D0084BC3E90289C3E908AB03F008
:10FC600069FDE37843F01003E37003B0BDE8F08F63
:10FC7000347D002088160020A82C00200023B1EB42
:10FC8000030C18BF4FF0010CC0E90012437280F85A
:10FC900008C01946292001F075BC00BF10B5044604
:10FCA000292001F0C5FC78B1637A73B1012B07D12B
:10FCB000D4E9002191421CDC114900220A70227211
:10FCC000B3FA83F35B09637210BD0E4B1B7ADB0939
:10FCD00001D0237A1BB90A4B1B78002BF0D0216886
:10FCE000292001F04FFC637AB3FA83F35B09637256
:10FCF000EAE7891A292001F045FC637AE0E700BFB2
:10FD0000CC210020347D0020074A0849137891F95E
:10FD10009D120133DBB28B421370C4BF00231370FA
:10FD2000034B05221A7070473D2C0020B081002043
:10FD30003F38002008B50B4B1B78012B05D00A4932
:10FD40000A486822F8F768FF08BD094B5A7A52063C
:10FD5000F5D5DB78DB06F2D5064904486822F8F7CA
:10FD60005BFF08BDA98E0020102D0020E02D002093
:10FD7000347D0020A82C00202DE9F843474D484C45
:10FD80002DED048BD4E90023D5E90201F8F73CF905
:10FD900004F5A664D4E9002306460F46D5E9080118
:10FDA000F8F732F93246804689463B4630463946B6
:10FDB000F8F7E2FA424606460F464B4640464946A9
:10FDC000F8F7DAFA0B46024639463046F8F71EF9DC
:10FDD00041EC100B21F034FD51EC100BF8F7A4FDB1
:10FDE000304B93ED247AF6EE007AB4EEE77AF1EE3A
:10FDF00010FA06EE900A3FDDC6EE877A2A4A2B4BB0
:10FE0000D5E90E459FED2A7AD2ED008AD3ED006A3E
:10FE1000B4EEE77AF1EE10FAD4BFB0EE478AB0EE56
:10FE2000678AF0EE687AE8EE667A17EE900AB0EE2E
:10FE3000679AF8F749FA02460B4620462946F8F732
:10FE40000DFD88B91B4BD3ED007AE8EE278A18EE3A
:10FE5000900AF8F739FA02460B4620462946B0EEDA
:10FE6000689AF8F719FD50B1B0EE490ABDEC048B61
:10FE7000BDE8F84309F0C2BC66EEA77ABEE72046AB
:10FE80002946F8F751FD09EE100AB0EE490ABDEC1B
:10FE9000048BBDE8F84309F0B1BC00BFE02D0020A1
:10FEA0008816002078A80020FC100020BC38002014
:10FEB0000000F042B8380020F0B55C4B5C4A19787D
:10FEC000147883B0002900F082805A495A4F0C7090
:10FED0000020187097F99D329C427EDC002C7DD06A
:10FEE00004EB840604EBC6063E4406F52A73019330
:10FEF000D6F8AE02514D1DF047F985ED020B019B7E
:10FF0000D3F80A001DF040F94D4953EC102BD1E90C
:10FF10001401F8F731FAC5E90801D6F8B602F8F786
:10FF2000D3F9C5E90E01D6F8BA32AB6496F8D632E9
:10FF3000D6F8BE22434E85F86430032B08BFF37811
:10FF4000EA6404BF43F00103F37004EB840304EBA1
:10FF5000C3043B1904F532742744D3F8C202D7F81E
:10FF60000610D7F80A202865D3F8C6026865D3F8CA
:10FF7000CA32AB65E9652A66B37A1B0725D42F4DD3
:10FF8000D5E90E670022002330463946F8F766FCB3
:10FF9000002838D12C4B002230463946F8F77CFC3B
:10FFA00070BB95ED157AB5EEC07AF1EE10FAC5E9A1
:10FFB0000E672BD4DFED257AB4EEE77AF1EE10FA76
:10FFC000D8BFF0EE477AC5ED157A03B0F0BD1949F8
:10FFD0000878A0427FF47AAFF7E710701C4B194EF7
:10FFE0001B78012B15D01B4914486822F8F714FE22
:10FFF000F378194A052123F001031170F370BBE770
:020000040801F1
:10000000114F0026CDE700260027CAE7DFED137A5F
:10001000D9E7737A5906E6D5F378DA06E3D51049BD
:1000200006486822F8F7F8FDE2E700BF5400002018
:100030003D2C002053000020B0810020E02D002046
:1000400078A80020347D002000005E400000F042CF
:10005000A98E0020102D00203F3800200000000055
:10006000A82C0020F8B5FFF727FF284F284C294E71
:10007000294D14E0072B3FD1284A2949137891F9DB
:100080009D0228490133DBB283421370C8BF0020B0
:100090004FF00503C8BF10700B70FFF70DFF97F806
:1000A0006430DA1E012AE5D8042B1F4A4FF0000104
:1000B0004FF029000CD0EB7897ED027BD7E90801CF
:1000C00043F0010382ED027BC2E90801EB70D3E744
:1000D000D7E91732B3F1000C18BF4FF0010C4FF005
:1000E000000EC4E9003284F809E084F808C001F089
:1000F00049FA237A3370BFE7D7E90E01F8F714FC09
:10010000BDE8F84000EE100A09F078BBE02D0020B1
:10011000E0210020CC210020347D00203D2C002057
:10012000B08100203F380020402C002070B52A49C3
:1001300091F90040002C40DD40F651222748284D1F
:10014000F8F76AFD0022274BDFF8A8E02A80164660
:10015000104604E00132A24203F1290317D293F8BA
:1001600028100729F6D1092822D81E68D3F804C020
:100170004EF830600EEBC00101320130A242C1F8EE
:1001800004C080B24FF0010603F12903E7D306B1A2
:10019000288040F6512200210F4825F09DFD12498C
:1001A000124A01230B701370BDE870400AF0D2BEF2
:1001B00001329442EBD92933CCE740F65122002199
:1001C000064825F089FD064A034600210848C3F881
:1001D00001001180DDE700BFEC2100204D840020EC
:1001E000782100205E840020A88100205400002097
:1001F0000000C8427C210020094BDB781B070ED58C
:1002000010B40848084C094A0949126800232360C1
:100210000360084B002010BC08801A6070477047CC
:10022000347D00206C2E0020682E0020702E0020CF
:10023000502E0020742E002030B52DED028B83B09F
:1002400001F06CF8132001F0F3F918B903B0BDEC1C
:10025000028B30BD1421132001F094F9C24801F043
:1002600031F9C24BDB781B07B0EE408A40F1DF81E9
:10027000BF4AC04BD2ED007AD3ED006A9FEDBE7A43
:1002800077EEA67AF4EEC77AF1EE10FA00F1FD806F
:10029000BA4BB7EE007AD3ED006AF4EEC77AF1EE0E
:1002A00010FAF5EEC06AD4BFB0EE676AB0EE476AE6
:1002B000F1EE10FAB0EE467A40F3D7819FEDB07AB6
:1002C000DFEDB05AC6EE877A9FEDAF7A67EEA57A7A
:1002D00067EE867A77EEA77A87EE870AB5EE400A50
:1002E000F1EE10FA00F10282B1EEC07AA74B1B7852
:1002F0009FEDA76A27EE277AC7EE065A002B00F07B
:10030000EA8007EE903A9FEDA36AF8EE677A27EE4F
:10031000866AF5EEC06AF1EE10FA85EE867A40F252
:10032000D6819D4B1D46DFED9D5A93ED006A66EE2A
:10033000A55AF4EEC65AF1EE10FA40F3B281DFEDA1
:10034000986ACDED017A26EE266A8DED007AC6EE2A
:10035000257A17EE900AF7F7B7FF02460B4680A101
:10036000D1E90001F7F750FEF8F7DEFA9DED007ACB
:10037000DDED017A06EE900A66EEA77AF0EE678A66
:10038000884B894A1B785BB1D2ED007AF5EEC07AD2
:10039000F1EE10FA04DD854B1B78052B00F01E8171
:1003A000834BF7EE007AC3ED007AB0EE670A0023C4
:1003B000DFED807A002B08BFF0EE407AD5ED006AC1
:1003C0009FED7D6A7D4C7E4B94ED000A009267EEB6
:1003D000085AF0EE470AE5EE866AB5EE001AC3ED5C
:1003E000007AC5ED006AFAF73BFB764BF0EE407AF7
:1003F000F0EE481A93ED000AC4ED007AF0EE680AB8
:10040000B7EE001AFAF756FC009A6E4BD2ED007A5E
:1004100083ED000AB4EEE70AF1EE10FA6ED8F5EEBD
:10042000C07AF1EE10FA69DD6449504AD1ED006AF4
:10043000DFED657A1378F4EEE76A43F02003F1EE1E
:1004400010FA137053DD4D4BD3ED007AF5EEC07A00
:10045000F1EE10FA4BDD95ED007A9FED5C6A5C4B96
:1004600077EEC77A9FED447AB4EEE77AF1EE10FAB0
:10047000D8BFB0EE677A27EE067AC7EE267AFCEE92
:10048000E77A17EE902A1A80E0E63C4BD3ED006A3B
:10049000F5EEC06AF1EE10FA40F3E7809FED386A9E
:1004A000DFED385A9FED385A384BC6EE867A1B7806
:1004B0009FED376A67EEA57A67EE877A77EEA77ABF
:1004C000C7EE855AB1EEE57A67EE277AC7EE865A0F
:1004D000002B7FF416AF9FED3F6AF0EE087A85EEB1
:1004E000867A1EE7214A137823F020031370384BD5
:1004F00000221A8003B0BDEC028B30BD1F4B95ED7E
:10050000007AD3ED007AB4EEE77AF1EE10FA8BDCE4
:10051000F5EEC07AF1EE10FAE4DD2F4B274AD3ED69
:10052000006A1249B7EE006A36EE666AD2ED006ADA
:100530000B7826EE276AB4EEC67A9FED236AF1EEB9
:1005400010FAC8BF0122F4EEC66AD8BF002262F3D7
:100550004513F1EE10FA0B703FF77FAFC7E700BF0E
:10056000CDCCCCCCCCCC1040482E0020347D00200B
:10057000A8380020C038002000000000542E0020C1
:100580000000FA440AE81C41D03EFE3C5C0000201A
:100590006666A63ECDCC6C40682E0020CDCC4C3D8E
:1005A000CDCC4C3EA88E0020602E0020307D002057
:1005B000580000209A99993FE4388E3E6C2E002016
:1005C000A4000020742E0020CDCCCC3D6666664091
:1005D000502E00209A993141F00000205349544B8D
:1005E000D1ED000A93ED000A9FED521A0192C0EE80
:1005F000A80AF0EE481A8DED007AFAF75BFBF7EEE9
:10060000007A4B4B9DED007A019A83ED000AB4EE1F
:10061000E70AF1EE10FA3FF5D1AEDFED477AB4EE1E
:10062000E70AF1EE10FACCBF01230023C0E6012057
:1006300003F02EFE414B424AD3ED007A414B424D2E
:10064000187830EE677AD2ED007A27EE277A8DEDB2
:10065000007A03F01DFE3D4B9DED007AD3ED007A4C
:1006600060EE277AF0EE678A8AE69FED396ADFED61
:10067000397A394B27EE067A1B789FED386A37EEC8
:10068000077AC7EE275AF1EEE57A67EE877AC7EE6A
:10069000865A002B7FF435AE9FED316AF0EE087A72
:1006A00037E69FED305A26EE855AB4EEC56AF1EE74
:1006B00010FA10D59FED2C5A36EE656A66EE855A13
:1006C000F1EE006A86EE255A76EEC56A54E6DFED55
:1006D000276A1D4D50E636EE456AF0EE086A26EEB2
:1006E000266A86EE255A76EEC56A45E6CDED016AA4
:1006F000CDED007A21F0EAF9174BDDED007A9FEDA0
:10070000177A1B78DDED016A60EE277AC7EE875A0B
:10071000002B3FF4E0AE07EE903A9FED156AF8EE3D
:10072000677A27EE866A85EE867AFAE5702E0020D3
:1007300058000020CCCC4C3D9A99993F582E00206F
:100740005C2E0020B47B0308682E0020600000208F
:100750000AE81C41D03EFE3C5C0000206666A63ED6
:100760009A9931413333733F6666663F66668640C9
:10077000CDCC6C4005480649064A074B0B604FF04C
:10078000030C80F800C01360704700BF5C000020BD
:10079000742E0020702E00209A9949412DE9F843CB
:1007A000444BDFF85891187812212DED048B13F08B
:1007B0006FFF414B4149D3ED007A414A0968D27835
:1007C0004048C9F80010B6EE087A3F4967EE877ACC
:1007D0004FF07E540460C1ED007A3C483C49002350
:1007E0000B6003603B4B0021198013070BD53A497E
:1007F0003A4A3B4BC9F8003003200870BDEC048B2B
:100800001360BDE8F883374B374F93F80080334DC2
:10081000364E9FED378A9FED379A404603F038FDFC
:10082000D7ED007A67EE807A0120C5ED007A03F0FB
:100830002FFDC82486ED000A052000F039FE404651
:10084000D5ED008A03F024FDD7ED000AB0EE001AC2
:1008500060EE200AF0EE481AB0EE680AFAF72AFABB
:100860000120D6ED008A85ED000A03F011FDF0EEBF
:10087000481AF0EE400AB0EE491AB0EE680AFAF7EC
:1008800019FA013CA4B286ED000A002CD4D195EDF2
:10089000007ADFED196A104A89ED007AC7EE267AF0
:1008A000FDEEE77A17EE903A1370BDEC048BBDE8CD
:1008B000F88300BF68900020542E0020602E002096
:1008C000347D0020A4000020642E0020682E00202B
:1008D0006C2E0020502E00205C000020702E002086
:1008E0009A994941B47B030860000020582E0020EB
:1008F0000AD7A33B00004843CDCC6C40742E0020A7
:1009000070B51A4B0546D879C30694B02AD50C4663
:100910001646012000F09AFE0028FAD06BBAADF816
:100920000C304CB132460DF10D03301912F9011B98
:1009300003F8011F9042F9D10D49A31C03AA0092AC
:1009400091F83410DBB2FF2203200BF01DFD00F004
:10095000010441F288320023012000F01FFE2046EE
:1009600014B070BDC0F30014F3E700BF347D002065
:10097000CC7B0308F0B5194BDC791346E20685B051
:1009800021D5174C1F460E46054600F0C7FCD4E99A
:10099000022390429941F8D3124A92F8344003ABB3
:1009A0006ABA0093ADF80C200223FF2221460320EF
:1009B0000BF0EAFCFF2203200097F3B221460BF074
:1009C000A7F905B0F0BD0029FBD00A461846FF2163
:1009D00005B0BDE8F04025F07FB900BF347D0020B0
:1009E000702F0020CC7B0308024B1878003818BF0A
:1009F00001207047AC2E0020C84ADFEDC90AD2EDB5
:100A0000007AF4EEE07AF1EE10FA40F2BC802DE9C3
:100A1000F0412DED028BC34B1B7888B0F0EE401AED
:100A2000002B00F0A180022B00F04782032B00F086
:100A30006481012B40F03F82BB4DAA7A910704D418
:100A4000BA4A1278002A40F0A183B949B94EDFF8BA
:100A50000883B94FB94A92ED007AFAEE086AB4EE0B
:100A6000E67AF1EE10FA00F3C382F0EE046A27EEA4
:100A7000667A77EE877AD1ED006A96ED007AF4EE29
:100A8000E67AF1EE10FA07DDD7ED007AF4EEC77AD8
:100A9000F1EE10FA00F32E8171EE877AC6ED007A3E
:100AA000EA79920703D52A78540640F16B83A44A69
:100AB00092F83210022903D9A979C90600F1E4821B
:100AC000B0EE007AF4EEC77AF1EE10FA40F16682E9
:100AD000B6EE007A67EE877A9FED9A7A67EE877AAC
:100AE000F0EE678AB1EE678A2A78520640F13582C5
:100AF000DFED8B0A9FED931AB0EE600ACDE900306E
:100B0000FAF7D8F8904ADDE9003092ED001AF0EEDD
:100B1000407AB0EE670AF0EE480A009388ED001ABA
:100B20000190FBF795FED7ED007A884B884A1A6052
:100B3000B1EE047A77EE877A96ED007AF4EEC77A12
:100B4000F1EE10FA1E46009B17D8DFED827AF4EE24
:100B5000E78AF1EE10FA10D8744A0198002111705A
:100B6000704902220A70ABE1714991ED007AF4EE0E
:100B7000C77AF1EE10FA09DD0023184608B0BDEC83
:100B8000028BBDE8F081002318467047DFF8DCC116
:100B9000DCED156AF4EEE67AF1EE10FAC8BFF0EE7D
:100BA000676A37EEA66AB4EEC67AF1EE10FAE3D4BD
:100BB0005D4C94F80AC01CF0020F254600F01B8221
:100BC000DFF8A4C19CF800E0BEF1000F3FF435AFA0
:100BD000F4EEC70AF1EE10FAD4BFF0EE477AF0EE69
:100BE000607A77EEE67AB2EE086AF4EEE70AF1EEA2
:100BF00010FAC8BFF0EE607A87EE867A8CF8003083
:100C000094F801C0009363F3861C84F801C0DFF8F8
:100C100038C1484BDCF800E0DFF854C103901E46B1
:100C20000191DCED004ADFF84CC1C3ED000AB3EEE0
:100C3000056AB4EEC76A9CED005A474BDFF838C12D
:100C4000C3F800E0F1EE10FAD8BFB0EE467AF1EE4C
:100C5000005A37EE257A9846DCED005A364BDFF81D
:100C60001CC183ED007A9CED006ADFF814C18DEDA4
:100C7000020A1F46394BCCED004AC3ED000A8CED49
:100C8000015ACCED025A8CED036A354BDFF8F4C003
:100C9000C3ED000ACCED006A324BDFF8ECC0C3EDC7
:100CA000000ACCED007A04F005F9FDF7EBFEDFF861
:100CB000DCC0009B8CF800301C4B94F80AE0174A0B
:100CC0000199DDED021A03984FF0010C83F800C082
:100CD000144B1EF0020F83F800C040F0A48263465C
:100CE00096ED007AD7ED007AB4EEE77AF1EE10FADD
:100CF0007FF5D2AE87ED007ACEE60B4CA37A99074A
:100D00002546C3F3400243D46378064916480A7067
:100D100062F386130122027063702DE764000020E5
:100D200000000000AC2E0020347D0020982E002012
:100D3000F8100020942E002068000020BC2F002016
:100D400078A80020920A863F18BD0020A83800200D
:100D5000CDCC0C3F35FA8E3C7C2E0020882E002016
:100D6000842E0020C03800206C000020102D0020B0
:100D7000B80F0020B40F0020B00F0020AC0F0020EF
:100D80009C2E0020902E00208C2E0020802E0020F3
:100D9000A34BDFEDA47A93ED000ACDED001AA1EE8E
:100DA000A70A0290CDED010AF9F724FF9C4BDDED77
:100DB000010A0298B0EE401A9FED9B0A83ED001ADB
:100DC000FBF746FD99499A4A9A4BD1ED005A92EDAC
:100DD000007A9949D3ED0B7A91ED006ADDED001AA6
:100DE000C3ED095A35EEC77AF1EE466A67EE277A07
:100DF00083ED0A7AF4EEE67AF1EE10FAC3ED117A99
:100E000008D4F4EEC67AF1EE10FAD4BFF0EE676AB9
:100E1000F0EE466A894B8A4993F83200C1ED006AC8
:100E2000022816D9A879C20613D5DFED867A93ED8C
:100E3000237AB4EEE77AF1EE10FA0AD5DFED827A82
:100E4000F4EEE67AF1EE10FAD8BFF0EE667AC1ED74
:100E5000007A7E49CDED001A7D4BD1F898121960C9
:100E600002F09EF9DDED001A002840F0A581794BD3
:100E70006F4AD3ED007AF5EEC07AF1EE10FA00F188
:100E8000D681B6EE007AF4EEC77AF1EE10FA0FD5FD
:100E9000D2ED007AF5EEC07AF1EE10FA00F184811D
:100EA000B6EE007AF4EEC77AF1EE10FA00F1848122
:100EB000694B00221A6001235FE6684D644E0123EE
:100EC000674A4FF07E51D2F800C0C0F800C03160D0
:100ED000516841609168D2688160C260EA79940784
:100EE00003D52A78520640F15681014604A80093A2
:100EF000FBF73CFCDDED067ADDED056A9DED077A3A
:100F00009FED586A009B67EEA77AE6EEA67AE7EEB9
:100F1000077AF4EEC67AF1EE10FA7FF52EAE524A59
:100F2000117841B1E9798F0705D529784C06C1F3CD
:100F3000801040F164816B784C4A4D494D4C92EDE4
:100F4000000A43F0400300226B7022700A7008F020
:100F500055FC494B1B6833600EE6DFED480A9FEDF8
:100F6000481ACDED011AB0EE600ACDE90230F9F76A
:100F7000A1FEDFED2C6A98ED007ADDED011A8DED12
:100F8000000AA1EEA67AB0EE470AF9F733FEDDE9D2
:100F90000230DDED007AB0EE401ABAE5F1EE006AFB
:100FA000F4EEE67AF1EE10FA29D497ED007AB4EE79
:100FB000E77AF1EE10FA00F3F280F1EE046A37EE10
:100FC000266AB4EEE76AF1EE10FA40F3138177EE89
:100FD000C77AB7EE007A87EEA66ADFED2A6A77EE67
:100FE000467A67EEA67AF0EE678AB1EE678A7BE50D
:100FF000B3EE0E7A3DE51E4A012111701DE577EE34
:10100000C77AB6EE007A27EE677ADFED1C6ADFED6D
:101010001C7AE7EE267AF0EE678AB1EE678A63E51E
:101020007C2E0020960A063FC7B8B23E78380020D2
:10103000BC2F0020D03800209400002078A8002089
:10104000C0380020CDCCCC3D00000000B081002095
:10105000A8380020FC100020782E0020347D0020CD
:101060009C2E002017B7D13B802E0020902E002010
:101070006C000020AC2E0020FC2F0020920A863E3F
:10108000920A863FDB0F493F97ED007AF4EEC77A6C
:10109000F1EE10FA7FF514AD6949D2ED230A91ED16
:1010A000000ACDED001AB1EE046A81EE861ACDE990
:1010B00001308DED036AF9F7D3FC624ADDED001AC9
:1010C000D2ED236A604A9FED617A92ED005A97ED66
:1010D000003A5B49A1EEA65ADDE9013082ED005AE3
:1010E0005B4A81ED000AD2ED006AF7EE007A76EEF7
:1010F000C56AF4EEC07AF1EE10FAB4EEE67AD4BF27
:10110000F0EE405AF0EE675AF1EE10FAD4BFB0EEAE
:10111000665AB0EE475A85EE257AD6ED007A37EE5C
:10112000277AB0EE084A37EE047AF3EE0E4AF4EE70
:10113000C74AF1EE10FAD8BFB0EE647AB4EEC37AC3
:10114000F1EE10FA65EE843A13D59DED036A37EEA1
:10115000866AB4EEC76AF1EE10FAC8BFB0EE467AFE
:10116000B4EEC76AF1EE10FAD8BFB0EE476A87ED69
:10117000006AF4EEE36AF1EE10FA3FF6A1ACC7EDB7
:10118000007A9DE4334A0121117090E4324EDFF879
:10119000EC80324FA4E52F4A01211170A5E69FEDA6
:1011A000308ADFED308A9FE4BEEE007AF4EEC77A33
:1011B000F1EE10FA7FF77CAE2B4B93ED007A71EED7
:1011C000871AF7EE087AF4EEE71AF1EE10FAC3ED9B
:1011D000001A7FF770AE6B78244A254C002060F32C
:1011E000861310706B70207002F0B0F8214B04224F
:1011F0001A70C1E49FED208ADFED148A74E4DFF8F1
:1012000084C01E49DCF800C0174BC1F800C01C495F
:10121000107000221A600A6003F04CFE144B032287
:101220001A70009BA9E4D2ED007A634612E4BEEE88
:10123000007AF4EEC77AF1EE10FA3FF729AE37E6FE
:10124000882E002078A80020842E002000000000B6
:101250008C2E0020802E0020942E0020680000207C
:10126000DB0F49BFDB0F493F782E00206C000020C8
:10127000AC2E0020307D0020000000807C2E00205D
:10128000C038002018BD00201248827A22F00202E5
:1012900010B48272104A114C11484FF0010C002317
:1012A00082F800C000210F4A217003600E4C0F48E5
:1012B00010600F4A21700F4C13600F480F4A2360D3
:1012C0000F4C036013600F480F4A217010BC03607D
:1012D00013607047347D00206C000020AC2E00208D
:1012E000942E002068000020982E0020CAF2497138
:1012F0008C2E0020902E0020882E0020842E00208E
:10130000802E00207C2E0020782E0020704700BF09
:10131000014B00221A707047AD2E00202DE9D048F5
:101320001B4985B04FF0E02408680190A0690023B4
:101330000246CDE9022300BF019E08688642F3D130
:10134000144B019CD3E9006779017001801B41EACD
:10135000D66161EB0701890041EA90718000801934
:10136000DDE902BC41EB0701C90041EA5071C00050
:10137000B0EB0B00D3E9002361EB0C01F7F732FC73
:101380004FF47A73E4FB030105B0BDE8D08800BFD9
:10139000AC430020982F00202DE9F04F3F4E8BB03A
:1013A00007464FF0E02C31680491DCF81810002358
:1013B0000A46CDE9062300BF049831688842F2D17D
:1013C000DFF8DC90DDF81080D9E900014B01420123
:1013D000121A43EAD06363EB01039B0043EA927362
:1013E00092001218DDE906AB43EB0103DB0043EA90
:1013F0005273D200B2EB0A0063EB0B01D9E9002370
:10140000F7F7F0FB10EB070A4FF47A7341F1000B8A
:10141000E8FB03AB03934FF0E02733680593BB6908
:1014200000251C46CDE9084500BF059A33689A425D
:10143000F3D1DDF81480D9E900234FEA431C4FEAC9
:10144000421EBEEB020EDDE908014CEAD26C6CEBE9
:10145000030C4FEA8C0CCDE900014CEA9E7C4FEA6C
:101460008E0E1EEB020E00994CEB03034FEACE02E8
:10147000501A4FEAC303019A43EA5E7363EB020119
:10148000D9E90023F7F7AEFB039BE8FB03015045C6
:1014900071EB0B01C1D30BB0BDE8F08FAC43002062
:1014A000982F0020014B1868704700BFAC43002004
:1014B000034A13680133184413689842FCD87047F4
:1014C000AC430020F0B52B4985B004464FF0E02531
:1014D00008680190A86900230246CDE9022300BFF5
:1014E000019E08688642F3D1234E019DD6E9002370
:1014F00059015001801A41EAD26161EB0301890070
:1015000041EA90718000801841EB0301DDE902237C
:10151000C90041EA5071C000801A61EB0301D6E9AD
:101520000023F7F75FFB4FF47A730646E5FB036190
:10153000D4E900030F46301A61EB030177EB030394
:1015400002D2013841F10001F7F706FBDFED0B7A1B
:1015500000EE100A20EE270AF5EE007AB4EEE70A54
:10156000F1EE10FAC4E9006701DD9FED050A05B050
:10157000F0BD00BFAC430020982F0020BD3786355A
:10158000CDCC4C3E034B1A68034B114443F820105A
:10159000704700BFAC430020B02E00202DE9F04181
:1015A0002049164684B0074698464FF0E0220B6863
:1015B0000193936900251C46CDE9024500BF019BBC
:1015C00008688342F3D1184D019CD5E900235901E5
:1015D0005001801A41EAD26161EB0301890041EABE
:1015E00090718000801841EB0301DDE90223C900FE
:1015F00041EA5071C000801A61EB0301D5E9002374
:10160000F7F7F0FA4FF47A734246E4FB0362074BB4
:10161000841903EBC70342EB0105C3E9004504B09D
:10162000BDE8F081AC430020982F0020702F0020EF
:10163000044A054B1B6852F8200098428CBF0020DA
:1016400001207047B02E0020AC430020D0B52049C7
:1016500084B006464FF0E02408680190A06900239A
:101660000246CDE9022300BF019F08688742F3D1FB
:10167000184F019C1849D7E9002301EBC60C500113
:101680005901801A41EAD26161EB0301890041EA04
:1016900090718000801841EB0301DDE90223C9004D
:1016A00041EA5071C000801A61EB0301D7E90023C1
:1016B000DCE90067F7F796FA4FF47A73E4FB03016D
:1016C000B042B9412CBF0120002004B0D0BD00BF02
:1016D000AC430020982F0020702F002010B584B05C
:1016E00068461FF0A7FE009C2049A1FB04C1002012
:1016F0008A0C1F49DFF88CC00346C1E900231D494D
:101700001D4AD1F8FC3043F08073C1F8FC301368F7
:1017100043F001031360DCF80030DFF86CC0ACFB71
:1017200003C34FF0E0229B09013B5361F02381F892
:1017300023304FF0070C114990610346C2F810C0E6
:10174000024641F8232001332F2BFAD10C4B002005
:101750000021C3E90001C3E90201C3E90401C3E9AF
:101760000601C3E9080104B010BD00BF83DE1B43BE
:10177000982F002000ED00E0001000E0B02E0020C7
:10178000702F002028020020D34D62102DE9F04771
:101790002DED048BB84B1A78002A40F05F81B74FCB
:1017A000DFF81483DFF8149397ED003AD8ED003A90
:1017B000D9ED002ADFF808E3B14EB24996ED008A70
:1017C000DEED006AD1ED007ADFF8F8C2AE4A9CED9A
:1017D000005AAE4DAE48DFF8F0A2AE4C95ED002AAF
:1017E00094ED009AD0ED005A9AED006AAA4BE6EE0D
:1017F000817AE8EE416A21EE014AF0EE664AD2EDC6
:10180000006AE5EE016AB6EE007A24EE077AA2EEEF
:10181000415AE2EE476AE8EE477AA5EE816AE9EEC0
:10182000415AA9EE476AA2EE018AE1EE267AE1EE7C
:10183000054AA1EE655A70EEC30AA9EE478AE0EEAA
:10184000813AE7EE654AE7EE467A61EE071A67EEFF
:10185000070AF0EE458A93ED007A9FED905AB4EEB8
:10186000C57AF1EE10FAE3EE812AA9EE412AE1EE03
:10187000466A08D4B1EE045AB4EEC57AF1EE10FA15
:10188000D8BFB0EE475A864B9FED867A93ED001A8B
:10189000B4EEC71AF1EE10FA08D4B2EE047AB4EE40
:1018A000C71AF1EE10FAD8BFB0EE417A7E4BE4EEE3
:1018B000078AE7EE207AE7EE216AE7EE214A93ED08
:1018C000004A9FED7A7AB4EEC74AF1EE10FA08D4D6
:1018D0009FED727AB4EEC74AF1EE10FAD8BFB0EEBF
:1018E000447A30EE624AB9EE040AB4EEC04AF1EE30
:1018F00010FA39EE071A08D4B1EE040AB4EEC04A61
:10190000F1EE10FAD8BFB0EE440A37EE857AB7EEA2
:10191000004A84EE075AB0EE634A64EE850A67EE29
:10192000851AA0EE204AE0EE212ABAEE047AB4EE3F
:10193000C74AF1EE10FA28EE055AC9ED002A08D47C
:10194000B2EE047AB4EEC74AF1EE10FAD8BFB0EEA8
:10195000447AA0EE053A88ED007ABAEE0E7AB4EE3B
:10196000C73AF1EE10FA08D4B2EE0E7AB4EEC73AE6
:10197000F1EE10FAD8BFB0EE437AB0EE484AA7EEC7
:10198000C54AA6EEC52AF0EE413AE6EE453A87EDA5
:10199000007A9FED477AE7EEE04AB0EE685AB4EE7F
:1019A000C47AA6EEE05ABDEC048BE6EE605AF1EE86
:1019B00010FAB4EEC27AC8BFB0EE474AE7EEE17A59
:1019C000F1EE10FAB4EEE37AC8BFB0EE472AE6EEC5
:1019D000E16AF1EE10FAB4EEE47AC8BFF0EE473AED
:1019E000A6EE616AF1EE10FAB4EEC57AC8BFF0EE69
:1019F000474AF1EE10FAB4EEE57AC8BFB0EE475AA6
:101A0000F1EE10FAB4EEE77AC8BFF0EE475AF1EE05
:101A100010FAB4EEE67AC8BFF0EE477AF1EE10FAAB
:101A2000B4EEC67AC8BFF0EE476AF1EE10FAD8BF3E
:101A3000B0EE467A86ED004A85ED002AC4ED003A04
:101A4000CEED004A8CED005AC0ED005AC1ED007A8F
:101A5000C2ED006A8AED007ABDE8F0870022DFED72
:101A6000153A064FDFF85080DFF850901A70F0EE0C
:101A7000402AB0EE603A9DE674000020CC2F002092
:101A8000A42F002080000020B42F0020A02F0020D1
:101A9000A82F002078000020C82F00200AD7233C60
:101AA000C42F0020CDCCCC3DC02F002077CC2B32D2
:101AB000BD37863500000000BC2F0020B82F002065
:101AC000AC2F00207C000020B02F002059B170B551
:101AD000054E0446451814F8011B307804F0A8FEA2
:101AE000AC42F8D170BD70476C900020044B1B785D
:101AF00023B1044B044A1B680121D154704700BF35
:101B0000840000206C900020E443002038B5044697
:101B10000D46FFF703FCDFF8F8C0DCF80830CCF81E
:101B20000C50DA179C4275EB02023CBFA3F57F43D1
:101B3000FF3BE31A1DB2CCF808402C4CB5F52F6FD3
:101B400022789BB21ADD2A4DDFF8C8C0CCF80030ED
:101B50002B682860C01A6B68696061EB0301254B34
:101B6000C3E90001244B01211970244B24491A7048
:101B700000232370CCF804300B7038BD6FF4617112
:101B8000591889B240F2AE40814225D91A4B002142
:101B900019701A4B01321B78D2B293422270ECD8E2
:101BA000154B184C1A782378EAB9043B5BB2002B2A
:101BB000D4BF00210121142BA8BF14236FF01305FB
:101BC0001148AB42B8BF2B46027923700F4B61F32B
:101BD000C3021970027138BD02EB82010CEBC10C1B
:101BE000CCF81C30D5E70133E0E700BF7C300020A3
:101BF00090300020803000203D37002085000020FC
:101C00003E37002086000020347D00203F37002032
:101C1000E033002088300020884BDFED897A1A7984
:101C20001968B3F802C09888C1F3CA2102F0010212
:101C300007EE101A920242EA9C12F8EEC70A07EE6B
:101C4000102A59681A7AB3F806C0C0F34A00F8EEB1
:101C5000C75A07EE100AC1F30A3102F00302B8EEC8
:101C6000C71A520207EE101A42EADC12B3F808C093
:101C70009968187BF8EEC71A07EE102ACCF38A0C85
:101C8000B8EEC76A07EE10CADA7A93F80FC0C1F34C
:101C90004A31B8EEC72A00F0070007EE101A42EAF0
:101CA00000229889D968F8EEC72A07EE102AC0F3F7
:101CB000CA001A7CB8EEC73A07EE100AC1F38A319F
:101CC00002F00F02F8EEC73AD20107EE101A188A96
:101CD000196942EA5C02B8EEC74A07EE102AC0F35F
:101CE0000A10F8EEC76A07EE100AC1F3CA311A7D6E
:101CF00093F813C0F8EEC74A07EE101A998A1B88AA
:101D0000C3F30A03B8EEC75A07EE103AB8EEC70A93
:101D10002DED048BB6EE047AF0EE679AE0EE079AAA
:101D200002F01F029201B0EE670AA1EE870A42EAB2
:101D30009C02C1F34A11F0EE671AE2EE871A414B9A
:101D4000B0EE679AB0EE678AF0EE672AA0EE879A47
:101D5000A1EE078AE3EE872AF0EE670AB0EE671A73
:101D6000F0EE673AE6EE070AA2EE071AE6EE873AC9
:101D7000B0EE672A06EE902A06EE101AA3EE072AA6
:101D8000B0EE673AA4EE073AF0EE678AB0EE674A23
:101D9000F8EEE66AB8EEC66AE5EE878AA4EE874AF0
:101DA000F0EE675AF0EE674AE5EE074AE6EE875A2C
:101DB000E6EE077AFDEEE99ABDEEC99AFDEEE88AF5
:101DC000BDEEC88ABDEEC00AFDEEE00ABDEEC11A46
:101DD000FDEEE11ABDEEC22AFDEEE22ABDEEC33AE7
:101DE000FDEEE33ABDEEC44AFDEEE44AFDEEE55AEF
:101DF000FDEEE77AC3ED079A83ED119AC3ED1B8AD6
:101E000083ED258A83ED2F0AC3ED390A83ED431A4A
:101E1000C3ED4D1A83ED572AC3ED612ABDEC048B47
:101E200083ED6B3AC3ED753A83ED7F4AC3ED894A82
:101E3000C3ED935AC3ED9D7A704700BF5837002019
:101E400000005C44E033002010B5444A92F846306C
:101E5000162B68D0282B5FD0142B5CD107CA404BBF
:101E60003F4C03C3A17823F8022B100C64293D4A90
:101E700018700B463C4828BF6423C2F8C432F8F7F8
:101E8000F9FC2379002B5DD1354B1978374849424D
:101E9000F8F7F0FC324B364893F90310F8F7EAFCF8
:101EA0003148F8F7EFFC334B4F289A792E48CCBFD6
:101EB0000021012161F345129A71F8F7E3FC2D4BE3
:101EC0003128DA792948CCBF0021012161F382024F
:101ED000DA71F8F7D7FC274B5A305A7A2248ACBF50
:101EE0000021012161F3C3025A72F8F7CBFC224AA8
:101EF00018288CBF002301231B481370F8F7C2FC7D
:101F00001E4B312894BF012200221A7003D81C4AAC
:101F100013680133136010BD1A4B1B78042BFAD1E0
:101F200018F0F6FA10BDFFF777FE164B164A1B782D
:101F30000121117043B1042BEDD1FFF7EFF916F039
:101F40006FFC10BD6178A1E718F034FF0028E2D0E3
:101F50000E4B187818F024FF10BD00BF5837002032
:101F600000370020E03300202C3700201C370020F1
:101F70000C370020347D00204137002042370020FC
:101F800048370020840000203E3700206490002065
:101F900038B50546FFF7C2F9DFF8B8C2A74B9CF881
:101FA00000C09A6CD3F84CE09864BCF1030FD9647C
:101FB00045D8821A61EB0E0EBCF1010F18D816D16C
:101FC00040F6A174A2427EF1000455D293F841205C
:101FD000022A74D00BD8002A00F0298193F842100D
:101FE0004A1CD2B2172A5D5483F842207FD038BDF4
:101FF00041F64D5C62457EF1000C57D293F84220C9
:102000009D540132D2B20F2A83F84220EFD98C4B73
:10201000DFF844C21A681860821A8A48CCF8002097
:10202000027942F008020271874A4FF001001070F5
:102030005A68596061EB0202CCF8042038BDBCF14B
:10204000040FD4D11A6DB0EB020E5A6D40F24D441C
:1020500061EB0202A64572F100021CD293F8412006
:10206000042A48D0052A4DD0032AC0D1AA1E83F8DD
:10207000452083F841C038BD74490A604FF0000222
:10208000C1F804E0A3F841200F2DB0D14FF00102B8
:10209000A3F8412038BD012283F84020032283F8B1
:1020A000445083F84120C3E9140138BD67491D70CD
:1020B0000A60012283F84220C1F804E038BD624A78
:1020C000DFF894E182F800C05D4AD2F800C01060E9
:1020D000B0EB0C00CEF800004FF00000A3F8410078
:1020E0005368516061EB0303CEF8043038BD02221F
:1020F00083F8412038BD4FF0050283F84650A3F81D
:10210000412038BD93F8422093F845C0624504D27F
:10211000511C83F842109D5438BD494ADFF838E11C
:1021200014681060001BCEF800005068516061EB2D
:102130000001CEF8041093F8462045498A5CBCF1B2
:10214000000F60D018469C446FF02A0130E04FEA3F
:102150004E0E4FFA8EF2002A50DB4FEA4E0E4FFA27
:102160008EF2002A45DB4FEA4E0E4FFA8EF2002A1D
:102170003ADB4FEA4E0E4FFA8EF2002A2FDB4FEA7F
:102180004E0E4FFA8EF2002A24DB4FEA4E0E4FFA23
:102190008EF2002A19DB4FEA4E0E4FFA8EF2002A19
:1021A000ACBF4FEA4E0281EA42028445D2B22AD045
:1021B00010F801EB8EEA020E4FFA8EF2002AC6DA10
:1021C00081EA420252B29646C5E781EA420252B221
:1021D0009646E4E781EA420252B29646D9E781EA9E
:1021E000420252B29646CEE781EA420252B2964687
:1021F000C3E781EA420252B29646B8E781EA420258
:1022000052B29646ADE70F48DFF83CC00179AA1AF2
:10221000B2FA82F2520962F3C30101710020062171
:102220008CF8002083F8400083F8411038BD93F803
:102230004220002A3FF428AF38BD00BF58370020A5
:1022400090300020347D00203F370020883000206F
:10225000985E030884000020803000202DE9F047BC
:10226000BF4AC04992F800E0BF4A91F800C092F816
:102270000280D178BD48BE4EBE4B90ED007A1C68FE
:10228000307808EA0105FF2D00F04E8148FA0CF382
:102290004FEAD81708EA0E0841EA082109B2091BDB
:1022A00007EE901ADFEDB46AB449F8EEE77A03F06E
:1022B0000F03E7EE876A03EB8308834201EBC80153
:1022C000FDEEE66A26BF581C01250025C1ED076A10
:1022D0004FF00108117992F8059009EA010ABAF164
:1022E000FF0F20D041FA0CF303F00F03834280F07C
:1022F00015810EEA010149EA012109B2091B07EE25
:10230000901ADFED9D6A9D49F8EEE77A03EB8307AB
:10231000E7EE876A01EBC7014FF001080027FDEEE9
:10232000E66AC1ED076A917992F8079001EA090A15
:10233000BAF1FF0F20D041FA0CF303F00F039842DB
:1023400040F2E9800EEA010149EA012109B2091BC4
:1023500007EE901ADFED886A8849F8EEE77A03EB1A
:102360008307E7EE276A01EBC7014FF0010800275A
:10237000FDEEE66AC1ED076A117A92F8099001EA6A
:10238000090ABAF1FF0F20D041FA0CF303F00F0352
:10239000984240F2BD800EEA010149EA012109B2EA
:1023A000091B07EE901ADFED746A7449F8EEE77ABC
:1023B00003EB8307E7EE276A01EBC7014FF0010843
:1023C0000027FDEEE66AC1ED076A917A92F80B905C
:1023D00001EA090ABAF1FF0F20D041FA0CF303F029
:1023E0000F03984240F291800EEA010149EA01216F
:1023F00009B2091B07EE901ADFED5F6A5F49F8EE3C
:10240000E77A03EB8307E7EE276A01EBC7014FF09A
:1024100001080027FDEEE66AC1ED076A117B92F81C
:102420000D9001EA090ABAF1FF0F00F0828041FA2B
:102430000CF303F00F03984201D8581C01250EEA53
:10244000010149EA012109B2091B07EE901ADFEDEB
:102450004A6A4A4992F80E9092F80FA0F8EEE77A8D
:1024600003EB8307E7EE276A01EBC707FDEEE66A99
:10247000C7ED076A09EA0A07FF2F52D049FA0CFC98
:102480000CF00F03834226D20EEA090E4AEA0E2A06
:102490000FFA8AFAAAEB040A07EE90AADFED366A71
:1024A000F8EEE77A03EB8304E7EE276A01EBC40159
:1024B000FDEEE66AC1ED076A25BB2F46304831497B
:1024C00003700F701388304A304801215BBA1170D5
:1024D0000380BDE8F0870EEA09004AEA002000B256
:1024E000001B07EE900ADFED246AF8EEE77A03EBB3
:1024F0008300E7EE276A01EBC001581CFDEEE66A97
:10250000C1ED076A30700027D8E7581C01256BE73A
:10251000581C01253FE7581C012513E7581C0125CD
:10252000E7E6002DEED1EEE700273B463D46B846F4
:10253000D0E692F80E9092F80FA00AEA0901FF295E
:1025400007D049FA0CFC0CF00F0383420B499BD3D4
:10255000C1E705B13070B8F1000FB3D0AEE700BFEE
:102560005437002055370020583700208C000020B9
:1025700085000020880000200080BB44E03300205C
:102580007C300020503700203E370020523700209A
:1025900030B52D4A2D482E4954688BB0CDE908013D
:1025A0009168126807910023CDE90033CDE9023329
:1025B000CDE9043206940DF113010DF1270011F855
:1025C000013F6B4488421A7802F101021A70F6D179
:1025D000204B597921F004016A460DF1140E59710E
:1025E000597911F0040F597927D112F8010B0138EC
:1025F00018BF012060F3820196455971F0D193F81C
:1026000005C01CF0040F16D1BEE80F000E4C124D91
:102610000FC42346DEF8002043F81129CCF3800CC8
:1026200013F8011F0CF1010205F801C05FFA82FCEA
:10263000BCF1140FF4D10BB030BD013241F00401F4
:1026400096455971CCD1DAE7683000200C0D0E0F99
:1026500010111213347D0020503000202DE9F84F66
:10266000A04DA14CAB79DFF80883012223F00403CD
:102670002270AB71FEF752FE9C4BC3E900019C4BEC
:102680003C221A70FEF70EFF582200210646994898
:1026900023F022FB98F80030032B00F20D8153B990
:1026A000954B1B78002B40F01681944F3B68944A61
:1026B0000021D15436E0934A904F12783A60013BA2
:1026C000032BF3D8DFE813F0F000DA00C4000400B5
:1026D000AB798D4843F00403AB718C4B4FF000088D
:1026E000C3E90088C3F80780F8F7BAF88848F8F714
:1026F000B7F88848F8F7B4F8122323706B7A864944
:1027000068F3C3036B72EB7968F38203EB71AB7907
:1027100068F34513AB7138780AF010FD784A3B68CE
:102720000121D154FFF734FF7C4B7D4F0121002262
:10273000597400200021C3E90522C3E90201DA61CE
:1027400007F548713B464FF47A72DA6128338B42C1
:10275000FBD1744B002403F54872DC6128339A42A4
:10276000FBD150220021704823F0B6FA6A786F4BF3
:102770006F4993F8019093F8028093F800E093F882
:1027800004C0987993F80AA022F080026A70AA78AF
:1027900022F00102AA70DA78DB7A09EB890903EBEF
:1027A000830308EB880802EB82020EEB8E0E0CEB23
:1027B0008C0C00EB80000AEB8A0A07EBC80807EBD9
:1027C000C20207EBCE0E07EBCC0C07EBC00007EB09
:1027D000C90907EBCA0A07EBC3072B784FF0000BB8
:1027E00043F001032B70C1F800B040F2DC534E49B6
:1027F000C9F81C30C8F81C30D3614FF07C524A60D5
:102800008A60CA60CA6240F21A484FF4FA62CEF88F
:102810001C80CCF81C20C261CAF81C30FB61454BFF
:1028200044F62061DE630E20FEF7ACFE424B4349C6
:10283000C3F800B02B79424A0C7023F008032B71C7
:10284000404B1C70404B1C70EC231370BDE8F88F9C
:10285000AB793E493A683E483E4C43F00403AB71C5
:102860003D4B032718600F703C48254B0721217012
:102870004FF4806101600121995453E7AB793349EA
:102880003A683748334C43F00403AB71324B0227AC
:1028900018600F7031481A4B032121704FF40071FA
:1028A0000160012199543DE7AB792E4943F00403BF
:1028B000AB71122323702EE7042B104F7FF4F6AE7A
:1028C000294B2A481B783B6015F088FF15F08CFFD8
:1028D00098F80030F3E60AF07BF9084F98F80030DA
:1028E000EDE600BF347D0020850000209030002000
:1028F000DC2F0020583700204C8403086C90002007
:10290000E4430020B77B03082C3700200037002069
:102910001C3700200C370020A068060098300020EB
:10292000C0300020E033002000300020683000205C
:10293000F82F0020B02E0020FC2F00207C3000203B
:10294000860000203C3800203E370020553700200C
:102950009A99193F543700208C00002088000020ED
:102960009A99993FA0860100B87B0308CD1A010807
:102970008400002010B5FEF7D1FC4B4B4B4A1B786E
:10298000DFF85CC1146852680CFB03F31B1942F1B9
:10299000000283428A4128D2454A137823BBDFF8DC
:1029A00044C14448DCF800100131CCF80010017932
:1029B00063F3C3014FF0010C01713F4982F800C07D
:1029C0003E4A81F800C03E483E4982F800C051F8B6
:1029D000232040F823200A33C82BF8D13A493B4B37
:1029E000EC20012208701A7010BD394B1A78002AA9
:1029F000FAD0384A2E4912784FF0000C81F800C006
:102A000083F800C0042A45D8DFE802F03C0703033E
:102A10004000BDE81040FFF721BCFFF7FDF82E4B4A
:102A20002E489B7D234913F0010F0CBF4FF47A7C95
:102A30004FF4FA6C13F0020FC0F89CC20CBF4FF4B5
:102A40007A7C4FF4FA6CC0F8C4C21C480A79C3F30C
:102A5000800C80F800C01848C3F3C00C80F800C098
:102A6000DFF884C019488CF8003013F00C0F0CBF4D
:102A70004FF0010E4FF0000E01236EF3C3020370FE
:102A80000A7110BD114B01221A7010BDBDE8104033
:102A9000FFF7DAB9074A0D491379002023F008033C
:102AA0000870137110BD00BFF400002090300020AA
:102AB0003C370020347D0020423700204137002081
:102AC000FC330020DC300020860000203E37002050
:102AD0003F3700208400002058370020E0330020DA
:102AE00040420F004837002040370020022806D817
:102AF00007EE900A024BFBEEEF7AC3ED067A7047C1
:102B0000003000202DE9F04182B0FFF733FFB94BD0
:102B10001A7812B902B0BDE8F081B74C94F800E021
:102B200000221A70BEF1000F00F0BC82B348B44D11
:102B3000DFF83883B34F0146FB69DFEDB37A0E78D7
:102B4000A3F57A7300EE903A98F80030F8EEE00AB8
:102B500060EEA70A002B00F08B81013205EB8606A0
:102B60009645C6ED000A1DD9A64B861802EB8202D7
:102B7000B0EE677A03EBC202013ED369A3F57A7324
:102B800007EE903AF8EEE77AB11C16F801CF67EE3F
:102B9000877A091A05EB8C0C8E4502F12802CCEDE0
:102BA000007AEAD895ED017AD5ED027AD5ED036A7F
:102BB000964BB6EE006A37EE467A77EEC67A37EE77
:102BC000077A76EEC66AF1EE677A77EEA77A76EE46
:102BD000A66AB5EEC07A03F5AE62F1EE10FA83EDA7
:102BE000AE7AC3ED007AC2ED006A00F15B81F5EECA
:102BF000C07AF1EE10FA00F12182F4EEC77AF1EE1C
:102C000010FAC8BFB0EE677ADFED817A814F824952
:102C10007A7881ED007AB4EEE77AF1EE10FA48BFE7
:102C20000121D5ED007ADFED7D6A7D4E58BF002190
:102C300061F304127A70F4EEE67AF1EE10FA7A7922
:102C4000C6ED007AACBF0121002161F3000219201A
:102C50007A71FEF7EDFC002840F0B781714E2278C2
:102C6000F179914280F0798195ED077ADFED6E7A06
:102C7000B4EEE77AF1EE10FACCBF01200020F9782B
:102C800060F34101F970B179914280F05681D5ED40
:102C9000067A9FED667AF4EEC77AF1EE10FA80F2CA
:102CA000B7819FED637A634BF4EEC77AF1EE10FAC9
:102CB000ACBF01210021197080F2AD81F17A96F844
:102CC00004C08A4200F21F815B484FF0000E62454B
:102CD000C0F800E000F2F880584900200870397808
:102CE00041F001013970F6EE007A5549C1ED097ADB
:102CF000707A904280F06581D5ED097AB6EE007A5F
:102D0000F4EEC77AF1EE10FAACBF012000204D4A74
:102D10000093C1ED077A107000F0B0FE4A4A2478A3
:102D20001278009B0A2A00F02D8100210120FA78F8
:102D300060F38202FA70454A1160B27AA24280F0D2
:102D40001B81D5ED0A7AB6EE007AF4EEC77AF1EE81
:102D500010FA04DB3E4A1278142A00F09D8100220A
:102D60003C49B0EE007AFFEE000AE7EE870A0A70EF
:102D7000B1EE000A1EF032FE327A3749A24281EDEE
:102D8000000A0DD2DFED287A95ED087AB4EEE77AE5
:102D9000F1EE10FA04DD314A1278002A00F06D815C
:102DA00000202F4CBA7A98F80010247860F3410282
:102DB0002143BA720FD02B49FA79097842F02002E8
:102DC000FA71002940F0CB80244A12781AB9FA78B7
:102DD000910740F15981244991F90020002A40F0DF
:102DE000A5807A7A42F020027A7202B0BDE8F04102
:102DF000FEF78CBA3E3700208500002050300020BE
:102E000000300020E03300206F12833A783B00202E
:102E1000CDCC4C3E347D0020E02F00200AD7233D4E
:102E2000FC2F0020683000203333333FABAA2A3F09
:102E3000ABAAAA3E3C380020F82F0020AA8E002022
:102E40005C060020F42F00203F380020C838002006
:102E5000F5000020A010002070000020A98E0020A6
:102E600041370020A08E0020DC2F002042370020B8
:102E700005EB860696ED000AB6EE081ACDE90021AC
:102E8000F7F7EEFD009A94F800E0019986ED000A4C
:102E90000132724501F1010107F12807BFF482AE4A
:102EA000844849E6F5EEC07AF1EE10FAF1EE476A91
:102EB00000F1DB80F4EEE67AF1EE10FAD4BFB0EE6A
:102EC000667AB0EE677A9FE67B480078012800F0CA
:102ED000C08095ED047ADFED797A7948B4EEE77A2F
:102EE000F1EE10FACCBF4FF0010C4FF0000C80F85F
:102EF00000C038788A4240F0010038707FF6F3AEA7
:102F0000D5ED0B7AF1E6D5ED0B7A6E48B6EE007A88
:102F100037EEC77A624580ED007AD5D8684900203F
:102F20000870397841F001013970DEE6013A0A7023
:102F300002B0BDE8F041FEF7E9B9F879624B002133
:102F400061F3C300F8717878197061F3C710787075
:102F5000B87861F30000B870B0E600208FE6012970
:102F60005ED002297FF437AF7A7AD3073FF533AFCB
:102F7000032000F0EBF92EE7544A0021B7EE000AD7
:102F80001170F9E61A78013A012A7FF6CEAE72790D
:102F9000A242BFF4CAAED5ED057A9FED4D7AF4EEAC
:102FA000C77AF1EE10FA80F281809FED4A7AF4EE52
:102FB000C77AF1EE10FAACBF0121002181F00100C7
:102FC000B5E6DFED457A0020A1E6FA211920FEF7EB
:102FD000D9FA424A96ED007AD2ED007A77EE677A16
:102FE000F5EEC07AF1EE10FA01D5F1EE677A82EDD6
:102FF000007A3B4A92ED007A7A78B4EEE77AF1EE05
:1030000010FA4CBF0121002161F345127A7025E6C8
:103010002D4B0221197033480168013101604DE6E2
:103020007A7AD2073FF5D7AE7A7A2F4942F0010279
:1030300006207A72087000F0A5F8CCE6F1EE677A07
:10304000B4EEE77AF1EE10FA7FF5DEADB0EE677A16
:10305000DAE5264890F8340000283FF43AAF1848E3
:103060004FF0000C80F800C043E7B4EEE77AF1EED1
:1030700010FA0EDDF1EE677AE8E7F878C0F3400069
:1030800080F00100C0B28CE6BA7A42F00202BA7255
:10309000A1E6B0EE667AB7E5FA78C2F3400282F0B4
:1030A00001025DE6124DDFF84C807BE50020022135
:1030B0003DE600BF503000201A7D0020CDCCCC3D35
:1030C000AA8E0020F82F00203C380020A0100020FD
:1030D000ABAA2A3FABAAAA3E00000000D82F0020CE
:1030E000E42F00204C3700203E3800207080030879
:1030F00000300020423700201C4BD3ED007AF5EE63
:10310000C07AF1EE10FA0DD9194B93ED036AD3EDA5
:10311000056AE6EE667AB7EE087AF4EEC77AF1EE63
:1031200010FA01D500207047124B93ED007AB5EEEE
:10313000C07AF1EE10FA16D90F4A104B92ED006AE0
:103140001B88DFED0F6A86EE277A07EE903A37EE9E
:10315000267AF8EEE77AB4EEE77AF1EE10FA4CBF91
:103160000120002070470120704700BFD42F0020AD
:10317000B0A00020542E002020210020502E00203E
:1031800000007042044A0548D378002161F3861399
:103190000170D370704700BF347D00203D3800209F
:1031A000244B1B78013B032B42D8DFE803F03C2083
:1031B0001B02214A214B92ED007AF6EE087A67EE67
:1031C000C77A93ED007AF4EEC77AF1EE10FA2FDDAC
:1031D0001B4BDFED1C7A93ED007AB4EEE77AF1EE4B
:1031E00010FA25DD184BD878C0F380107047124ACA
:1031F000124B92ED007AF6EE087A67EEC77A93EDFD
:10320000007AF4EEC77AF1EE10FA11DD0C4BDFED27
:103210000D7A93ED007AB4EEE77AF1EE10FACCBFB6
:10322000012000207047084B1878C0F3C000704799
:1032300000207047A18E002094000020C03800209C
:10324000A87F0020CDCC4C3E347D002008B59FEDFA
:10325000380A06F0D3FA374A1378032B48D8DFE848
:1032600003F03D2C0402012008BD3348FEF72AF983
:10327000DFED327A20EE270AFFF792FF304BD3EDD5
:10328000007AF8EE677AA8BBB0EE007AE0EE077A33
:103290009FED2C7AF4EEC77AF1EE10FA3FD5FCEEF2
:1032A000E77A17EE901A284A1960D37823F0400382
:1032B000D3700720FEF766F91AE00720FEF7B8F989
:1032C000B0B1FEF72BF81C4B1D4AC3E9000140F6D4
:1032D000B8301060174A0223137009E0184B4FF4FE
:1032E0007A7107201960FEF74DF9124A0123137015
:1032F000002008BD77EEC07A0E4AF5EEC07AF1EEF6
:1033000010FA0FDDFCEEE77A17EE901AF8EE677A06
:103310001960F5EEC07AF1EE10FACAD804E040F672
:10332000B831C0E70021196003231370C1E700BF63
:103330000000C8C23D380020B837002000007A44A1
:10334000C037002000803B45347D002010B50A4B7B
:1033500082B0002401901C60FBF794FB074A0849E7
:10336000D3780C6023F02003D37002F011FC054BDE
:103370000198187002B010BDC0380020347D0020C4
:10338000A83800203E380020324BDA799006C2F38C
:1033900040110CD53049314A91ED007AD2ED007AD6
:1033A000B4EEE77AF1EE10FACCBF012100211A78D1
:1033B00061F382021A701A78520742D526482849CA
:1033C000284AD0ED007A91ED007A127877EEC77A2C
:1033D00072B122491A7891ED007AB4EEE77AF1EEF3
:1033E00010FA4CBF0121002161F382021A7070476C
:1033F0001D4A92ED247AF6EE006AB4EEE67AF1EE1A
:1034000010FA1FDCDFED196A19491A4A91ED006ABA
:1034100092ED007AE6EE667AF4EEC77AF1EE10FAF3
:1034200016DD154A92ED007AF2EE0C7AB4EEE77AE8
:10343000F1EE10FA4CBF012100211A7861F38202EB
:103440001A7070470C4A92ED006AC6EE076ADBE715
:103450000021F2E7347D0020FC100020788100205C
:10346000D0380020A98E002078A80020000000009D
:10347000BC380020B43800203C21002010B5514B4E
:103480001B7882B04BBBFBF7FDFAFFF77DFF4E4C7C
:103490009FED4E0A0623237006F0B0F94C4A1378CC
:1034A000032B18D8DFE803F065532802494B0021AD
:1034B00019600191FBF7E6FA474A4848D378019929
:1034C000016023F02003D37002F062FB444B06211D
:1034D000042221701A7002B010BDFBF7D3FA414CE0
:1034E000414B94ED000AD3ED007A30EE270AF7F74E
:1034F00081FB04ED0C0ACAE73C48FDF7E3FFDFED72
:103500003C7A20EE270AFFF74BFE3A4BD3ED007AC8
:10351000F8EE677A002838D1B0EE007AE0EE077A4C
:103520009FED357AF4EEC77AF1EE10FA42D5FCEE53
:10353000E77A17EE901A284A1960D37823F04003EF
:10354000D370072002B0BDE81040FEF71BB807207B
:10355000FEF76EF80028BED0FDF7E0FE234B254CA9
:103560001B4AC3E9000140F6B83002232060137003
:10357000B1E7204B4FF47A7107201960FEF702F88B
:10358000134A0123137002B010BD77EEC07A104ABF
:10359000F5EEC07AF1EE10FA0FDDFCEEE77A17EEE9
:1035A000901AF8EE677A1960F5EEC07AF1EE10FA2B
:1035B000C7D804E040F6B831BDE700211960032305
:1035C0001370BEE7A98E00203E3800200000C8C25C
:1035D0003D380020C0380020347D0020A83800206D
:1035E000307D00206421002018BD0020B837002065
:1035F00000007A44C037002000803B4530B5404C85
:10360000237813F0400F83B0637A16D1C3F300011F
:1036100013F001032CD03B4B3B4D1B78002B3FD1CB
:10362000FBF730FAFFF7B0FE4FF006022A70FFF703
:103630000DFE00284CD103B030BDDB07FBD5334B6A
:1036400093ED007AF2EE0E7AB4EEE77AF1EE10FA2C
:10365000F1DD2F48637A2C4A90ED000A23F0010334
:1036600000216372117003B0BDE8304006F0C6B8A7
:10367000627ADFF8BCC0264842F001026272DCF8D0
:1036800000200260204806220270224A1170E2786F
:1036900063F386121B4BE2701B780546002BBFD0EC
:1036A000FBF7F0F91C4A1D4BD2ED007A1C4A01933E
:1036B00092ED000A30EE270AF7F79CFA019B4FF0D3
:1036C000060283ED000A2A70FFF7C0FD0028B2D081
:1036D000144A002313600193FBF7D4F9124A019BAB
:1036E0001360E37823F02003E37002F051FA0F4BEC
:1036F00004224FF0060028701A7003B030BD00BFDE
:10370000347D0020A98E00203E380020FC100020CF
:10371000383800203D38002018BD0020342100201A
:1037200064210020C0380020A8380020307D00200F
:10373000D0380020064A02F5A663D3E9000192EDD5
:10374000007B044B83ED027BC3E90801704700BF97
:1037500088160020782D002010B5104C1049A37851
:10376000104A23F00403A370A37823F00203A3708C
:10377000E37923F00803E3712378002023F00403A6
:103780000870FF2111702370FCF7D4FAA378064A61
:10379000052143F001031170A37010BD347D00209A
:1037A0003D2C0020581100203F38002070B5334CCC
:1037B000DFED337A334D04F6CC732DED028B93EDB0
:1037C000008ADFED318A38EE278A82B0B0EE480AEF
:1037D0001EF0A4F960EE287A04F5A26617EE900AAE
:1037E000F4F772FD02460B46D6E90001F4F70EFC31
:1037F000B0EE480AC5E902011EF0D0F960EE287A61
:1038000004F5246617EE900AF4F75EFD02460B46B7
:10381000D6E90001F4F7FAFB1C4B93ED000AC5E969
:10382000080110EE100A8DED010A04F6E474F4F7B5
:103830004BFD22689DED010AAA640023C5E90E0133
:1038400085F8643005F0DAFFD4ED006A9FED107A58
:10385000C8EEA67A072067EE877AFCEEE77A17EEC5
:10386000901A01F59C510831FDF78CFE094B12228C
:103870001A7002B0BDEC028B70BD00BF7811002041
:10388000DB0FC93FD037002000004843FC10002068
:1038900000007A443F38002038B51C4B00241C60DF
:1038A00001F008FB1A4A1B4BD2ED137A1A4AC3F8EF
:1038B000B04202F22C50FCEEE77A046002F65C2083
:1038C00017EE905A046002F21C50C3F8AC42046038
:1038D00002F64C204FF47A71046003F5AD6002F6F5
:1038E0007C72046003F2645001FB05F1046003F58F
:1038F000026003F61C030460072014601C60FDF7DF
:1039000041FE064B08221A7038BD00BFC0380020A7
:10391000E02D0020783B0020781100203F38002067
:103920004A4B1B78012B00D07047494AD279D20903
:10393000FAD04849484AD1ED007A92ED007AB4EEC7
:10394000E77AF1EE10FA03D5444B10221A70704753
:10395000434A92ED007AB4EEE77AF1EE10FA28DCF1
:1039600030B5404A127883B03AB3012A1CD11CF01A
:10397000DBFA00282ED0364A3A4C937947F2305180
:1039800023F0080324209371FDF7FCFD364B374AE2
:10399000D3E9000103F5A663C2E90201D3E90001FE
:1039A000C2E908010023237011222C4B1A7003B0C6
:1039B00030BD2A4B0F221A7070472C480193FBF739
:1039C000E5FB1CF07DFA28BB264B1B78012BEBD1C5
:1039D0000C22EAE7264C244D1CF096FBA068F4F775
:1039E00073FCD5E90023F4F711FBF4F79DFF0346C0
:1039F000E068204C2360F4F767FC05F5A663D3E983
:103A00000023F4F703FBF4F78FFFA0601A48FBF7DD
:103A1000BDFBD9E71CF0EEFA0D4B13489A7990EDF7
:103A2000007B42F008029A71104B00F5A66C83ED02
:103A3000027B9CED007B41F28831232083ED087BE3
:103A4000FDF7A0FD074A019B1370C1E7A98E002076
:103A5000347D0020FC100020400200203F38002070
:103A60003C02002020BE002088160020782D002077
:103A700068BD00200CBE00204802002010B5824B1B
:103A8000DA78910782B0C2F3400C03D47F4A1278EF
:103A9000052A42D059797E48DFF828C2002262F315
:103AA00045115971D979027062F3C711D9715978EA
:103AB00078489CED000A62F386115970997862F398
:103AC00000019970597862F3C7115970597A4FF013
:103AD000030C80F800C0704862F300015972027054
:103AE00005F08CFE6D4A00211160FAF7CBFF664BA2
:103AF0001B78DB0904D16A4B0A221A7002B010BD90
:103B0000684A694B02F5A66192ED007BD1E900019C
:103B100083ED027BC3E90801EDE75F4C5C4894F854
:103B200000E00078BEF1C70F1FD95A4C94F800E0AE
:103B30008645E3D093F802E06CF3000E83F802E0D0
:103B400093F801E06CF3C71E83F801E093F807E0F7
:103B500001286CF3C71E83F807E053D0022828D051
:103B600058B14C4B187002B010BD4A4B0EF1010E0B
:103B700084F800E0187002B010BD5A7960F3451265
:103B80005A715A7A60F300025A72FAF77BFF454A7B
:103B90003F49454B087892ED007B02F5A66183ED25
:103BA000027B91ED007B83ED087B3D4B0A221A706E
:103BB000D7E793F800E05FEADE1ED2D098783B4961
:103BC00001926CF382009870987881F800C06CF3D1
:103BD00041009870D87936496CF3C300D8711878D1
:103BE0006CF382001870FF200870FCF7A3F8284BD4
:103BF0002B491878244B019A0A709A7842F00102F6
:103C00009A70AEE75A7A6CF300025A721A78D209A7
:103C1000A7D05A7852062DD55A78DFF888E0224985
:103C200042F080025A70234A92F800C0DA786CF3AE
:103C30000002DA70204A92F99DC21A79BCF1000F95
:103C4000D4BF4FF0000C4FF0010C6CF304121A714A
:103C50009EED007B194B1A680EF5A66381ED027B81
:103C600093ED007B164B1A600D4B002281ED087B13
:103C70001A7076E7134A92ED000A05F0BFFD044B77
:103C80001878014BC8E700BF347D0020307D00204C
:103C90003C38002090000020B0370020C0380020C1
:103CA0003F38002088160020782D00203D2C002071
:103CB0005811002070110020B081002018BD002094
:103CC000C4380020FC10002030B5994C6378DB0923
:103CD00083B019D1A37813F0010315D1227A63F3CD
:103CE000C7122272237ADB0928D1237AC3F3C011C9
:103CF000DB0914D0637A23F020036372E37923F0A5
:103D00000803E37103B030BD8A4B1B780A2B13D034
:103D1000E378C3F3400383F00103DBB2DEE7DFF8AF
:103D200058C2627A84488CF80010844900680860A0
:103D300063F300026272DDE70023CFE7FCF754FE75
:103D40000028D2D1FFF75AFCE3791907D2D5FBF747
:103D5000D9FC784B1B78132B20D8DFE813F08201B5
:103D60001F006101370114000F0134003400980175
:103D700068001F00C30025001F001F00970085007A
:103D80002500A90082006E4B93F86430022B00F0EE
:103D9000DD816C496C4A00230B7013720022A378FA
:103DA00062F3C303A370A5E7FFF7BAFD614B1B786D
:103DB000072BF3D1624B93F86420A2F10102B2FA0F
:103DC00082F25209EBE7FCF74DF95D48FBF7DEF9AB
:103DD0005B4890F86430002B00F0D681012B40F056
:103DE000CF815A4BD0ED157A93ED000AD0ED140A2D
:103DF00030EE670A1DF084FDDFED557A37EEC07AAC
:103E0000B5EEC07AF1EE10FA00F1EB81B4EEE77A8C
:103E1000F1EE10FAD8BFF0EE477A4E4BC3ED007AC0
:103E20000720FDF705FCE0B9424B1B78C0E7FCF723
:103E300019F94348FBF7AAF9444BD3ED007AB1EEE8
:103E4000047AF4EEC77AF1EE10FA0ADC17EE900A63
:103E5000F4F73AFA3A4BD3E90E23F4F713FD0028AE
:103E6000E2D0FBF751FFDFE7384A3B4B92ED007A97
:103E7000D3ED007AB4EEE77AF1EE10FA8ED5374A38
:103E8000002111602B4A1123137087E73448FBF798
:103E90007DF92E4A334B92ED007AD3ED007AB4EEE1
:103EA000E77AF1EE10FABFDD224A1123137075E7AD
:103EB0002D48FBF76BF963795A0600F14C81637961
:103EC0002A4A00211170C3F380125B0640F16A8117
:103ED000274A13780133DBB2022B1370C1D9FFF7E5
:103EE0003BFCA1E7FCF7BEF81548FBF74FF96379F7
:103EF0005D0619D4A3789807C3F3400200F1DF8070
:103F000007200192FDF794FB002800F0D880174BA2
:103F1000019A1978002940F09081164A12780121FF
:103F20008A42197000F0C680FFF740FC7CE700BFB2
:103F3000347D00203F380020C43800204421002078
:103F4000E02D0020CC210020E0210020FC100020EA
:103F5000DB0FC93FCC38002040020020F8050020CC
:103F6000782D002044020020D03700206B3800203C
:103F7000C8370020A98E00203E380020FCF772F8D8
:103F8000FFF702FA23785D0740F1F780AC48FBF7B2
:103F9000FDF8A378D80708D5AA4BD3ED007AF5EE43
:103FA000C07AF1EE10FA00F30081A37859077FF58B
:103FB0003BAFA54B00221A70FAF73EFD01460720E1
:103FC000FDF7E0FAA14A0B231370E7E6FCF74AF885
:103FD0009B48FBF7DBF89A4890F86430022B00F01E
:103FE000B080FFF733F900283FF41EAF9849974D92
:103FF000002304222A700B600193FAF743FD9549D0
:10400000019B0B60E37823F02003E37001F0C0FD17
:1040100091492B7800200870904904220A70C7E665
:104020008748FBF7B3F82378DA077FF5FDAEA3786E
:10403000DB067FF5F9AE0720FDF7FAFA00283FF41A
:10404000F3AE874B1B78012B3FF4EEAEE378854946
:10405000002262F38613E3707C4B0A7003221A700D
:104060009CE67F4B1B78012B66D06378DA0656D529
:104070002379DB0640F1AF80FAF7C6FC0146072042
:10408000FDF780FAFBF740FE704B1B7890E60720A7
:10409000FDF7CEFA00283FF4C7AE694BD3E90E0115
:1040A000F4F742FC00EE100A05F0A8FB674A09236A
:1040B000137073E642F210710720FDF763FAFFF701
:1040C00063F9A37899077FF5AFAE5D4BD3ED137A13
:1040D000FCEEE77A4FF47A7217EE901A02FB01F5C4
:1040E000614A5949127800200870002A40F0A080E7
:1040F00093F86420022A00F09280062A00F089805A
:10410000002A71D007232946504D07202B70FDF758
:1041100039FA22782B7822F00402227048E6534BB9
:10412000534AD3E9000103F5A663C2E90201D3E9CA
:104130000001C2E9080131E6E379DB097FF4B4AE9E
:1041400093E7FFF783F800283FF46EAEFFF7A4FB78
:104150003E4B1B782CE60720FDF76AFA00283FF457
:1041600063AE444B93ED007AD3ED067AB4EEE77A72
:10417000F1EE10FA7FF558AEA1E6FBF7FDFD05E77D
:104180003D4B00221A604BE60720FDF751FA00284C
:104190003FF446AE394B1B78002B7FF441AE384AD2
:1041A00013723DE6374B1A705BE6FDF77BF9364A32
:1041B00013689842FFF4F9AEFDF774F9324A00F53E
:1041C0009C5008301060FEF797FF00287FF4EDAE9A
:1041D000FFF754F9E9E62648FAF7D8FF1B4B1B789E
:1041E000E6E5DFED2A7A18E6D3ED137AF5EEC07A2C
:1041F000F1EE10FA86DD22480268AA4282D21F4AF6
:104200001278002A7FF47EAFD3E91712FBF736FD50
:1042100078E74FF4FA7004F099FC022373E7E3782F
:104220001049002262F38613E3700A7003236AE7E1
:10423000C82004F08BFC024B5AE71A7074E600BFEA
:10424000E02D0020202100206B3800203F38002086
:10425000C0380020A83800203E380020307D0020E3
:10426000A98E00203D380020A58E00208816002051
:10427000782D00203C210020CC380020CC210020CB
:10428000E0210020C8370020C437002000000000D3
:10429000084B00EBC00213F8223043B1064B33F851
:1042A00010309BB200EE103ABBEECA0A70479FED89
:1042B000030A7047C87E0308403800200000000051
:1042C0001448154B417810B521F04001134C417052
:1042D0000022134913482260DA639A61C3F8F4227A
:1042E000C3F8D02203F2AC5C0F4C0A6003F5B16353
:1042F00000211A60CCF80020018081702170FAF74B
:10430000C1FB0A4B0A480B4A1B68036040F8183C83
:10431000136010BD347D0020783B0020A8380020B9
:10432000C0380020683800206B38002018BD0020FD
:1043300034210020C43800202D4A92F83230022B5C
:104340002C4B02D99979C90630D401209A79C2F34D
:10435000C001120723D4284A12780C2A11D00F2A40
:104360000FD0DFF8B0C0254A9CED007AF6EE087A4F
:1043700067EEC77A92ED007AF4EEC77AF1EE10FAA2
:1043800028DA5A7961F386125A711A7A910708D598
:104390005B795B0616D51A4B01221A707047002113
:1043A000EFE7174BC2F340021A70704792ED237A81
:1043B000DFED147AB4EEE77AF1EE10FA4CBF01208B
:1043C0000020C3E7104B1A780D4B003A18BF0122AA
:1043D0001A7070470D4ADFED0E7A92ED007AB4EE56
:1043E000E77AF1EE10FA00F00101D8BF0021C8E72A
:1043F00078A80020347D00203F380020C0380020FD
:104400006C380020CDCC4CBE6B380020A87F00203B
:10441000CDCC4C3E9400002010B5FCF7E5FA38B93D
:10442000274BDA78910704D5264A274B12681A6081
:1044300010BD5A7AD20710D41A7AD209F4D0234A7E
:104440001278002AF0D0082A11D0042A0FD0204A6E
:104450001D4BD2F898221A6010BD5A781C481A4990
:10446000D0F89802086042F040025A7010BD5878A7
:10447000184A154C20F0400000215870164B21605E
:104480001648D1639161C2F8F412C2F8D01202F258
:10449000AC5C134C196002F5B1620023116023700B
:1044A000CCF8001003808370FAF7ECFA0D4A0E4B3B
:1044B00012680E4943F818290A601A6010BD00BF3F
:1044C000347D0020FC2F0020A83800203F38002039
:1044D000B0810020783B0020C038002068380020E0
:1044E0006B38002018BD002034210020C438002083
:1044F000354B1B78052B00D07047344BDB781B07FE
:10450000FAD4334BD3ED007AF5EEC07AF1EE10FA1F
:104510004FD4B7EE007AF4EEC77AF1EE10FAEBD58D
:104520002C4B93ED007AB5EEC07AF1EE10FA48D438
:10453000B0EE476A284BDFED296AD3ED007A67EECB
:10454000A67AF4EEC67AF1EE10FAD5DDDFED247A24
:10455000244A20EE270AD2F89832F1EE407AB4EEDF
:10456000E77AF1EE10FA08D4B4EEC07AF1EE10FA60
:10457000D4BFF0EE477AF0EE407A07EE103A37EE0D
:10458000277ADFED197AB4EEE77AF1EE10FA08D463
:10459000DFED167AB4EEE77AF1EE10FAD8BFF0EE5E
:1045A000477A17EE903A1249C2F898320120087003
:1045B000A2E7BFEE007AF4EEC77AF1EE10FA9BDDC7
:1045C000AEE7B1EE476AB5E7307D0020347D0020CC
:1045D000A87F0020C0380020940000206666663F57
:1045E0000AD7A33CB0810020CDCC4C3ECDCC4C3F73
:1045F000A88100204D4B4E4A93ED097AD2ED006A16
:10460000D3ED0C7A93ED0D6AD3ED0E5A37EE667A40
:1046100067EE276AD3ED0B7A83ED0A7AA6EE806AFD
:10462000F1EE656A67EE277AB4EEE66AF1EE10FA0B
:10463000C3ED117A08D4B4EEE56AF1EE10FAD4BFF6
:10464000F0EE466AF0EE656A3A4AC3ED0D6A92ED05
:10465000006AC3ED126A77EEA67AB1EE467AF4EEFE
:10466000C77AF1EE10FA08D4F4EEC67AF1EE10FA39
:10467000D4BFB0EE677AB0EE467A2F4A2F4992F84F
:10468000323081ED007A022B2D4B02D99979C9067F
:1046900029D401209A79C2F3C00112071CD4294AF7
:1046A00012780C2A0AD00F2A08D0F6EE087A67EEA4
:1046B000C67AB4EEE77AF1EE10FA28D95A7961F3A6
:1046C00086125A711A7A910708D55B795B0616D55E
:1046D0001D4B01221A7070470021EFE71A4BC2F3FD
:1046E00040021A707047D2ED236ADFED187AF4EEBB
:1046F000E76AF1EE10FA4CBF01200020CAE7144B24
:104700001A78114B003A18BF01221A707047114AEB
:10471000DFED117A92ED007AB4EEE77AF1EE10FA5D
:1047200000F00101D8BF0021C8E700BFD038002049
:10473000AC7F00209400002078A80020C038002022
:10474000347D00203F3800206C380020CDCC4CBE9A
:104750006B380020A87F0020CDCC4C3E644B654ACE
:1047600093ED004AD2ED005AD3ED037AD3ED046AFB
:1047700093ED055A34EE656A26EE277AD3ED027A78
:1047800083ED016AE7EE006AB1EE457A66EE277ABC
:10479000F4EEC76AF1EE10FAC3ED077A08D4F4EE2E
:1047A000C56AF1EE10FAD4BFB0EE667AB0EE457A83
:1047B000514A524812785249D0ED004AD1ED006A70
:1047C00083ED047A012A77EE877A83ED087AB1EED9
:1047D000645A7BD093ED106AB1EE467AB4EEE77A74
:1047E000F1EE10FA65DD474A83ED097A75EEC45A99
:1047F000D2ED007AF4EEE75AF1EE10FA10D8424A00
:10480000D2ED007AF4EEC77AF1EE10FA6CDCB4EE79
:10481000C67AF1EE10FAC8BFB0EE467A83ED097A97
:104820003A4AD2ED007A67EE277AF5EEC07AF1EED9
:1048300010FA48D4D3ED0D5A93ED0C6A93ED0E4A5D
:10484000D3ED0B7A82ED007A77EE666A26EE866A01
:1048500066EEA77AE6EE005AB1EE446AF4EEC65A66
:10486000F1EE10FAC3ED0A6AC3ED117A08D4F4EE42
:10487000C45AF1EE10FAD4BFB0EE656AB0EE446AE5
:1048800077EE867A83ED0D6AF4EEC57AF1EE10FAD2
:1048900083ED126A08D4F4EEE47AF1EE10FAD4BF94
:1048A000B0EE675AB0EE645A194B83ED005AFFF729
:1048B00043BDF4EEC67AF1EE10FAD4BFB0EE677ADB
:1048C000B0EE467A8FE7DFED135AB5E793EDA97A9C
:1048D000E7EE667AF4EEC57AF1EE10FADBD50C4B12
:1048E00083ED005AFFF728BDB0EE677A96E700BF68
:1048F000D0380020FC100020A98E00209400002059
:10490000BC2F0020B4380020783800206438002004
:10491000C03800200000000008B52DED028BB0EE7D
:10492000408AFEF731FD344B1B785B0721D4334BB3
:104930001B7853B1324B334A93ED007AD2ED007AB3
:10494000B4EEE77AF1EE10FA19D4B0EE480AFFF7A8
:1049500005FF2D4B2D4A93ED000AD2ED000AB0EE73
:10496000481AF6F7BFF9284B83ED000ABDEC028B1D
:1049700008BD234B234A93ED007AD2ED007AD3EDA4
:10498000066A234B77EEC77AD3ED000A77EEE67A14
:1049900087EEA67A67EE207AF5EEC07AF1EE10FA8D
:1049A00027D4F4EEE07AF1EE10FAD8BFF0EE670A01
:1049B000154B9FED181A93ED000AF0EE481AF6F722
:1049C00079F9114BB5EEC00AF1EE10FA83ED000A49
:1049D000CCDD114B114A93ED000AD2ED000AB0EE86
:1049E000481AF6F77FF9BDEC028B0B4B83ED000AFA
:1049F00008BDDFED0B0ADBE7347D00206B380020BB
:104A0000D0380020FC100020F80500208438002059
:104A10007C380020CCCC4C3EC038002074380020BC
:104A20000000000010B52DED028B7B4C637ADB0794
:104A300082B0B0EE408A00F19680E379DB0966D05F
:104A4000237ADB0963D0754B1B780F2B00F0D780DE
:104A5000734A744BD2ED007A93ED007A77EEC77A01
:104A6000F5EEC07AF1EE10FA01D5F1EE677A6E4AF2
:104A70006E4BD2ED066AD3ED000A87EEA67A67EE9A
:104A8000207AF5EEC07AF1EE10FA00F1B580F4EE7E
:104A9000E07AF1EE10FAD8BFF0EE670A644B9FEDB2
:104AA000651A93ED000AF0EE481AF6F703F9604B29
:104AB000614883ED000AF0EE407A604BF5EEC07A73
:104AC000F1EE10FA93ED000A0ADDD0ED000A019034
:104AD000B0EE481AF6F706F9584B019883ED000A34
:104AE0006378574AD0ED000A002161F38613B0EED7
:104AF000481A63701170F6F7F5F8504B83ED000A11
:104B0000237ADB0938D002B0BDEC028B10BD237ACA
:104B1000DB0963785DD1580602D56378990662D5C2
:104B20003F4B93ED000A04F069FE464B1B78002BC7
:104B300057D1454BD3ED007AF5EEC07AF1EE10FA7D
:104B400001D5F1EE677AB7EE007AF4EEC77AF1EEAE
:104B500010FACCBF0122002282F00102637862F3D6
:104B60008613637005E0637843F040036370FFF7DA
:104B7000D3FE237ADB09C6D1637ADA07C3D4A37ADA
:104B80009B07C0D4314B9FED327AD3ED007AF4EE1F
:104B9000C77AF1EE10FA06D49FED2E7AF4EEC77ABA
:104BA000F1EE10FAAFDD244A6378D2ED000A234A11
:104BB000F2EE047A92ED000A23F0400360EEA70AB9
:104BC000B0EE481A6370F6F78DF81C4A82ED000AC1
:104BD00099E743F04003B0EE480A6370FFF79CFE8C
:104BE000C7E70122BAE7B0EE480AFFF781FCB0EE52
:104BF000480AFFF791FEBCE7DFED170A4EE763783E
:104C0000094A0B4943F0400300206370136C0860AD
:104C10005362FFF7EFFCACE7347D00203F38002003
:104C2000FC10002040020020D03800207C380020FA
:104C3000F8050020CCCC4C3E74380020C038002051
:104C40006C380020B9060020A87F0020FC2F00202F
:104C5000CDCC4C3ECDCC4C3F0000000010B52DED2E
:104C6000028B834B5A79C2F3C004120702D4BDEC05
:104C7000028B10BD5A797F4822F008025A71FCF766
:104C800021FC7D4A7A4B11780129B0EE408A00F070
:104C9000C7801A78D20744D5FBF7A6FE0028E6D1D4
:104CA000734B5A7AD10776D41A7AD20973D15A78CB
:104CB000520603D55A78930640F1CD806F4A92EDA3
:104CC000000A04F09BFD6E4A694B1278A2B96D4A46
:104CD000D2ED007AF5EEC07AF1EE10FA01D5F1EEE0
:104CE000677AB7EE007AF4EEC77AF1EE10FACCBF2D
:104CF0000122002282F001045A78634964F386128B
:104D00005A705A78540607D50A782AB95F480022A3
:104D1000026142635E4802605A78C2F380120A70F0
:104D20004AE05C495C4A91ED007AD2ED007A534941
:104D30001A7891ED000AB4EEE77AF1EE10FA4CBF62
:104D40000120002060F382021A7004F057FD5349DD
:104D50004F4AD1ED000A92ED000AB0EE481AF5F77D
:104D6000C1FF4F494F484A4AD0ED000AF0EE407A61
:104D7000B0EE481A91ED000AC2ED007AF5F7B2FFE5
:104D80003B4B47495A7881ED000ABDEC028B22F07B
:104D900040025A7010BD3C495A7808784FF0010C17
:104DA00042F0400281F800C05A7000284CD0B0EEAA
:104DB000480AFFF7D3FC2E4B1A7AD2097FF457AF7B
:104DC0005A7AD0073FF553AF9A7A91073FF54FAF24
:104DD000354A9FED367AD2ED007AF4EEC77AF1EEDD
:104DE00010FA07D49FED327AF4EEC77AF1EE10FA9A
:104DF0007FF73DAF29495A78D1ED000A2449F2EEF8
:104E0000047A91ED000A22F0400260EEA70AB0EEAB
:104E1000481A5A70F5F766FF1D4981ED000A26E72A
:104E20001BF002FA124B1978C8077FF57AAF124AC5
:104E30001278012A7FF430AFB0EE480ABDEC028B45
:104E4000BDE81040FFF7EEBD1049114800220A618D
:104E50004A630260ABE7B0EE480AFFF749FBB0EEE9
:104E6000480AFFF77BFC084A014B01211170A3E7B8
:104E7000347D002058380020A98E0020FC1000202E
:104E8000B9060020A87F002060380020D03800201C
:104E9000C0380020AC7F0020783800207438002013
:104EA000F805002084380020FC2F0020CDCC4C3E9B
:104EB000CDCC4C3F094B0A49002203F2AC5CDA63CB
:104EC0009A61C3F8F422C3F8D02203F5B16300203D
:104ED000CCF800201A60088088707047783B00206A
:104EE0006838002070B5514C4FF42E7303FB00431B
:104EF000D3ED126A93ED0B7A2DED028BF1EE667A0B
:104F0000B4EEE77AF1EE10FA82B00646F0EE400A0F
:104F100008D4B4EEE67AF1EE10FAD4BFF0EE477A98
:104F2000F0EE667A424A02EB860292ED007A4FF486
:104F30002E7303FB064337EEC70AD3ED0D7A83EDDC
:104F40000C0A67EE807AF5EEC00AF1EE10FAC3EDB6
:104F5000137A65DDF7EE007A87EEA08A35494FF4C3
:104F60002E7506FB05F5097805F5BC7205F164039D
:104F700022442344002940D01846CDED010A009276
:104F8000F5F726FD20EE080A2544DDED010A00981C
:104F900085ED170AF5F788FD4FF42E7303FB0643E2
:104FA00093ED117AD3ED137A234A83ED170A20EE9D
:104FB000077A92ED006A83ED157A77EE277AFFEE95
:104FC000006A67EE867AF4EEE67AF1EE10FA2AD4F9
:104FD000B7EE007AF4EEC77AF1EE10FAC8BFF0EE41
:104FE000477AF1EE677A4FF42E7303FB0644C4ED63
:104FF000AD7A02B0BDEC028B70BD10462544009323
:10500000F5F752FDD5ED167A85ED160A70EE677A42
:10501000009827EE880A85ED170AF5F77FFCBBE7B5
:105020009FED068A9AE7F7EE007ADCE7783B0020EE
:10503000F07C002080640308700000200000000065
:1050400030B5494B93ED077AD3ED007A2DED028B05
:10505000F0EE400AB1EE470AF4EEC07AF1EE10FA33
:1050600083B008D4F4EEC77AF1EE10FAD4BFB0EEF4
:10507000670AB0EE470A3D4A3D4BD2ED027A30EE68
:10508000670A03F11C04A3EC010AD3ED007AF5EEE4
:10509000C00A67EE807AF1EE10FAC4ED007A5CDDAA
:1050A000F7EE007A87EEA08A324B1B78002B3CD0BB
:1050B0003148314DCDED010AF5F78AFC20EE080AA2
:1050C000DDED010A05ED020A05F58A70F5F7ECFC45
:1050D000A5F10803294AD4ED007A92ED007A284917
:1050E00083ED000A20EE077A91ED006A82ED047AE2
:1050F00077EE277AFFEE006A67EE867AF4EEE67ABC
:10510000F1EE10FA2CD4B7EE007AF4EEC77AF1EE95
:1051100010FAC8BFF0EE477AF1EE677A194BC3ED8B
:10512000007A03B0BDEC028B30BD1748F5F7BCFC2C
:105130001648D0ED007A80ED000A70EE677A0346DB
:1051400067EE887A04330C30B0EE670AC3ED007A5C
:105150000193F5F7E3FB019BBCE79FED0D8AA3E705
:10516000F7EE007ADAE700BF14410020F07C00205F
:1051700018410020806403084C4100202C4100208D
:10518000700000209C43002060420020404100202D
:105190000000000030B5384C384B4FF42E7505FB3D
:1051A000004583B0D3ED000A95ED000A0190F5F7B4
:1051B00069FD334B019895ED0D6A03EB8003D3ED48
:1051C000007AB5EEC00AF1EE677AF1EE10FAC5ED9D
:1051D0000C7A67EE867A45D4B0EE405A294BD3ED6F
:1051E000005AC5EE256AB7EE007A77EE666AF5EEEC
:1051F000C06AF1EE10FA3BD4F4EEC76AF1EE10FA91
:10520000D8BFB0EE667A4FF42E7303FB0043D3EDA4
:10521000126A1D4A67EE877A20EE260AB0EE677A98
:10522000A6EE007A92ED006AC3ED137A67EE067A75
:10523000FFEE006AF4EEE67AF1EE10FA15D4B7EE5E
:10524000007AF4EEC77AF1EE10FAC8BFF0EE477AB2
:10525000F1EE677A4FF42E7303FB0044C4EDAD7A90
:1052600003B030BDB1EE405AB8E7F7EE007AF1E78F
:105270009FED067AC7E700BF783B0020AC380020DE
:10528000F07C0020B03800207000002000000000FA
:105290002DE9F04FC14E2DED028B3368022B93B0F8
:1052A000B0EE408A00F05581DFF83093BC4C09F530
:1052B000AE68CA464D46D4ED000A95ED000AF5F7F2
:1052C000E1FCD5ED086A95EDAB7AA0EE267AF1EE19
:1052D000667AB4EEE77AF1EE10FA40F1FF80C5EDA0
:1052E000027A05F52E754545E5D1AE4D2B78012B9B
:1052F00000F01582AC4FFB79D80700F1CA80AB4BA8
:1053000093ED000AAA4BD3ED028AF9F711FC0DF1D7
:10531000180B38EE801AA74BDAED020A9AEDB00AA4
:1053200083ED001A5846F7F793FA0DF1380A2B78F7
:10533000012B08D0B0EE480A0AA8FBF75DFB0090ED
:10534000002840F0E78159465046F7F70FFA00234E
:105350000093DDED118A0F9ACDED058AFB79049259
:10536000D907109A039240F1AA812B783268012B59
:1053700014BF4FF0020A4FF0010A012A00F03081F9
:10538000012B8D4A0DF10C0B4FF0000617D0DBED11
:10539000007A77EEA77AF5EEC07AF1EE10FA00F116
:1053A000FA80012392F90010002900F0B68099429A
:1053B00000F0B380DFED817A1370C9ED067A022E1A
:1053C00030D0DBED007A99ED046A99ED067AD9EDDB
:1053D000126A77EEA77AA7EE867AF1EE667AF4EE95
:1053E000C77AF1EE10FA73DCB4EEE67AF1EE10FA59
:1053F000D8BFF0EE476A0192B0EE480AC9ED0B6AD9
:1054000030460136FFF76EFDB2453DD32B78019A49
:10541000012B09F52E7902F101020BF1040BB6D133
:10542000022ECED1FB79DB0703D5009B002B00F0C9
:10543000E081634B634AD3ED007A93ED027A624BCD
:10544000D2ED006A78EEA88AA8EEA77AD3ED007AAA
:10545000F4EEE76AF1EE10FAD8BFF0EE667AF1EEFC
:10546000676AF4EEC76AF1EE10FA00F34681B4EE13
:10547000E77AF1EE10FAD8BFF0EE477A43ED077AFB
:10548000B0EE480AFFF7DCFD13B0BDEC028BBDE8BF
:10549000F08F4E4BDAED020A1B680A934C4B9AEDE3
:1054A000B00A1B680B934B4B9FED441A1B680C937F
:1054B000494B0DF1380A1B680D9350460DF1180B3E
:1054C000F7F7C6F952460AA95846F7F7E5F82EE766
:1054D0000192B0EE480AC9ED0B7A91E7D4ED000ACB
:1054E00095ED000AF5F7CEFBD5ED087A95EDAB7A90
:1054F000A0EE277AF4EEC77AF1EE10FA3FF5EFAEA0
:10550000D4ED000A95ED000AF5F7BCFBD5EDAB7ABA
:1055100095ED087AE0EE077AE1E6D9ED056A99EDB6
:10552000067A67EEA67AD9ED076AA8EE277AF1EE39
:10553000667AB4EEE77AF1EE10FA3FF53DAFB4EEDD
:10554000E67AF1EE10FAD4BFF0EE477AF0EE667A22
:1055500032E7144B1C78012C00F0F1801F4D104CE9
:10556000002695ED000AD4ED000AF5F78BFBD5ED8A
:10557000127AB0EE407A67EE877A022EC5ED0B7A8A
:10558000B0EE480A304605F52E7500F0BC80FFF7F6
:10559000A9FC0136E5E74FF0FF3303E7C8380020E8
:1055A000AC380020A98E0020347D0020C4380020B3
:1055B000D87C0020F0400020683800200000000067
:1055C000F84000206821002030410020B80F002062
:1055D000B40F0020B00F0020AC0F0020783B00205B
:1055E000964B93ED006A964BD3ED006AC6EE267A91
:1055F000B7EE007A77EE677AF5EEC07AF1EE10FA40
:105600007ED4F4EEC77AF1EE10FAD8BFB0EE677A26
:105610008C4E009B86ED007A002B00F09B804FF0B3
:10562000000B0DF10C080025D8ED007A99ED046A05
:1056300099ED127AC9F818B077EEA77AF1EE478A99
:1056400067EE867A022DF4EEE78A08BFFB79D6ED85
:10565000006AF1EE10FA08DCF4EEC77AF1EE10FA07
:10566000D4BFF0EE678AF0EE478AD4ED000A99EDD8
:10567000000ACDED006AF5F705FBD6ED007A99ED4D
:10568000127AF7EE006A76EEE77A20EE077ADDED21
:10569000006A67EE877A022DE6EEA87A08F1040820
:1056A000B0EE480AC9ED0B7A3FF4EAAE2846013560
:1056B000FFF718FCAA4509F52E79B5D2E4E6F6F70E
:1056C000CBF9B5EEC00AF1EE10FA0CD45E4B9FEDAB
:1056D0005F7AD3ED007AF0EEE77AF4EEC77AF1EE76
:1056E00010FA7FF742AEDFED5A7A5A4BCDED057ACC
:1056F000F0EE678AC3ED007A37E643ED076ABFE64E
:105700009FED537A84E713B0BDEC028BBDE8F04FF8
:10571000FFF796BC0AA95046F7F728F819E64A4B56
:10572000DAED020A9AEDB00A93ED021A4A4F0DF132
:10573000180B5846F7F78CF80DF1380AF7E50020FA
:10574000FFF728FD204613B0BDEC028BBDE8F04FFB
:10575000FFF720BD1D460DF10C0BDFED3D7A022D4C
:10576000C9ED067A53D0DBED007A99ED046A99ED24
:10577000127AD6ED006A77EEA77AF1EE478A67EEE5
:10578000867AF4EEE87AF1EE10FA08D4F4EEC77AED
:10579000F1EE10FAD4BFF0EE678AF0EE478AD4ED4E
:1057A000000A99ED000ACDED006AF5F76BFAD9ED24
:1057B000127A96ED007AF7EE006A60EE277A36EEFE
:1057C000C77ADDED006A67EE877A022DE6EEA87AE9
:1057D0000BF1040BB0EE480AC9ED0B7A3FF450AE62
:1057E00028460135FFF77EFB554509F52E79B4D9DA
:1057F0004AE6D4ED000A98ED000AF5F743FA174B94
:10580000D3ED077A67EE807AC3ED007A38E6FB794C
:10581000DA07A8D5D4ED000A98ED000AF5F732FAB8
:105820000E4BD3ED077AB0EE407A67EE877AB0EE92
:10583000480AC3ED007AFFF703FC25E6E02F0020BD
:10584000B03800209C000020D87C0020508DA73F5D
:105850000000000000410020347D002014410020A1
:10586000F0B52DED028B7D4C7D4D7E4F83B0B0EEBB
:10587000408AF3F79BFBF6F7EFF894EDB67AD4ED98
:10588000087AB4EEE77AF1EE10FAF0EE408A9FED76
:10589000760AD8BFF0EE477A27EE800A1CF03EF970
:1058A000F4EEC08A2B78F1EE10FACCBF0122002270
:1058B00062F304132B7004F5AE66D4EDAC0A94EDDC
:1058C000AB0A97ED001AF0EE481AF5F7F3F904F574
:1058D0002E74A64204ED030AEFD1644C2378012B09
:1058E00037D013F0FD0F08D0B0EE480A03B0BDEC7E
:1058F000028BBDE8F040F7F777B9002B70D05C4B16
:10590000B7EE000AD6ED007A83ED000AF5EEC07A14
:10591000F1EE10FA00F18E80564AEB7992ED007AA2
:10592000B4EEE77AF1EE10FA4CBF0122002262F3E6
:105930000003EB71EB79DE0713D54F4B4F49186825
:105940004F4B086000221A70B0EE480AFFF7A0FC27
:10595000CAE70220FFF71EFCB0EE480AFFF798FCEA
:10596000C2E7484B1B78002BEED0AB78180708D461
:105970002B78590705D4EB78DA0702D4EB795B066C
:10598000E2D5414A2378D2ED007A002B55D13C4B29
:105990001A78002A55D03D4C94ED000A37EEC00A23
:1059A000F5F748F997ED007A28EE077AF1EE477A95
:1059B000B4EEE70AF1EE10FA08D4B4EEC70AF1EE3D
:1059C00010FAD4BFF0EE407AF0EE477A94ED007A08
:1059D0002A4B77EE877AC4ED007AC3ED007AB3E7FD
:1059E0002B4B1B78052B8AD1FAF7FEFF002886D1B6
:1059F000F6F732F8F7EE007A87EE807AB4EEE77ABF
:105A0000F1EE10FA26D4DFED237AB4EEE77AF1EE68
:105A100010FAD4BFF0EE470AF0EE670A144B9FED80
:105A20001D1A93ED000A0193F0EE481AF5F742F9BA
:105A3000019B67E7F1EE677A6EE7104BC3ED007AE2
:105A400082E70D4A114C92ED000A012284ED000A12
:105A50001A70A3E7F0EE670AE0E700BF783B00208A
:105A6000347D0020682100209A99593FA98E00209A
:105A7000A0000020AC38002018BD0020C438002051
:105A8000503800203F380020342100204C380020BE
:105A9000307D002057429C3F08B5064B1A211878EC
:105AA0000EF0F6FD04480549054A002303600B602B
:105AB000136008BD68900020F8050020C47F002016
:105AC000C0380020084808B503781BB9074B0122ED
:105AD0001A7008BD064B0430197807F04DF8034BD7
:105AE00001221A7008BD00BF70800308A243002085
:105AF000B57B0308094808B503781BB9084B002299
:105B00001A7008BD074B1978B1FA81F104304909C0
:105B100007F032F8024B00221A7008BD70800308AB
:105B2000A2430020B57B03083422064B02FB00F0A1
:105B30001A5C02B97047044A04301178184407F01F
:105B40001BB800BFA07F0308B67B03083422074BB5
:105B500002FB00F01A5C02B97047054A1178043064
:105B6000B1FA81F11844490907F006B8A07F03088B
:105B7000B67B03083422054B02FB00F01A5C02B925
:105B800070470430184406F0FFBF00BFA07F030831
:105B900010B5174C23784BB994F834307BB994F88E
:105BA0006830ABB994F89C30DBB910BD114B201DA7
:105BB000197806F0E1FF94F83430002BEFD00D4B4C
:105BC0000D48197806F0D8FF94F86830002BE9D01A
:105BD000084B0A48197806F0CFFF94F89C30002B48
:105BE000E3D0044B06481978BDE8104006F0C4BF66
:105BF000A07F0308B67B0308D87F03080C80030846
:105C00004080030810B51D4C23784BB994F834300C
:105C100093B994F86830DBB994F89C3023BB10BD7D
:105C2000174B1978B1FA81F1201D490906F0A4FF3C
:105C300094F83430002BECD0114B12481978B1FA9B
:105C400081F1490906F098FF94F86830002BE3D001
:105C50000B4B0D481978B1FA81F1490906F08CFF18
:105C600094F89C30002BDAD0054B08481978B1FA2B
:105C700081F1BDE81040490906F07EBFA07F03080E
:105C8000B67B0308D87F03080C8003084080030814
:105C900010B5504C82B022780346002830D002BBA9
:105CA000012B94F834200DD1002A65D194F8683086
:105CB0008BB1494B49481978B1FA81F1490906F08D
:105CC0005BFF08E0002A40F08280022B4FD194F85D
:105CD0006830002B75D194F89C30002B31D102B084
:105CE00010BD3D4A00901178B1FA81F1201D49099B
:105CF00006F042FF009B94F83420012BD4D0E1E75A
:105D0000002A47D194F8342032BB94F86820002A46
:105D1000E1D0314A117831480093B1FA81F1490953
:105D200006F02AFF009B032BD5D194F89C30002B62
:105D3000D5D0294B2A48197802B0BDE8104006F0AA
:105D40001BBF254B26481978B1FA81F1490902B0E9
:105D5000BDE8104006F010BF1F4A00901178B1FA5C
:105D600081F104F13800490906F006FF009B94F820
:105D70006820002AD7D0CCE7174A1A481178019337
:105D8000009206F0F9FE94F86810DDE9002300297E
:105D9000A1D0BFE7104A019011780092201D06F0B3
:105DA000EBFE94F83410DDE900230029DFD01178F0
:105DB0000C480093B1FA81F1490906F0DDFE009B21
:105DC00083E7054B0548197806F0D6FE83E7024ABB
:105DD000EDE700BFA07F0308B67B03080C80030833
:105DE00040800308D87F030808B52C20FBF720FC6F
:105DF00000B908BD4FF47A712C20FBF7C3FB164B9A
:105E0000164A1B883421D8B201FB00F0115CA9B9F5
:105E100001339BB2032B88BF00231846342101FBBA
:105E200000F00D490B80135C002BE2D00C4B0430CA
:105E300019781044BDE8084006F09EBE084B19785A
:105E40000430B1FA81F11044490906F095FE024B85
:105E5000024A1B88DCE700BFA0430020A07F0308A4
:105E6000B67B03082DE9F041604B614C187882B095
:105E700013210EF00DFC2778002F6ED194F83450CA
:105E8000002D45D194F86880B8F1000F4DD194F8F9
:105E90009C4074B9002F7ED1002D40F0968055486B
:105EA0000378002B2BD1544B00221A7002B0BDE8AE
:105EB000F081524E337852480193B3FA83F1490985
:105EC00006F05AFE019B002F72D1002D57D1B8F178
:105ED000000F09D0254631784A48B1FA81F14909C5
:105EE00006F04AFE002DDAD031784548B1FA81F14A
:105EF000490906F041FE3F480378002BD3D0424BBE
:105F00001978B1FA81F10430490906F035FECAE783
:105F10003A4E3E483178B1FA81F1490906F02CFE3B
:105F200094F86880B8F1000FB1D0344E354833781A
:105F30000193B3FA83F1490906F01EFE94F89C40E0
:105F4000002CB7D1019B8FB9002D47D1B3FA83F153
:105F50002C48490906F010FEA1E7284E3178B1FA25
:105F600081F1201D490906F007FE87E7B3FA83F1A6
:105F70002748490906F000FEC5B90025ABE72546CC
:105F800031782248B1FA81F1490906F0F5FDB8F1FE
:105F9000000FA7D09FE7194E1D483178B1FA81F163
:105FA000490906F0E9FD002D3FF479AF0025E7E748
:105FB000B3FA83F11648490906F0DEFD002DDED163
:105FC0002546B8F1000F8DD085E70C4B0F481978A6
:105FD000B1FA81F1490906F0CFFD60E7B3FA83F128
:105FE0000A48490906F0C8FDC7E700BF68900020CD
:105FF000A07F030870800308A2430020B67B03083B
:10600000408003080C800308B57B0308D87F030891
:10601000A47F03084FF0E022034B9169034A196003
:106020001368013313607047A8430020AC4300207D
:10603000704700BF2DE9F04F074689B03E687C4BA2
:106040007C4C9D6ADA6A586B9B6B7B490290B04628
:106050007E6820780192B146BE680393B246FE681E
:10606000B3463E6904967E690596BE690696FE694A
:1060700007960DF015FF20780DF004FF26786F4984
:1060800030460DF00DFF294630460DF035FF304605
:106090000DF0F8FE26786A4930460DF001FF0199AF
:1060A00030460DF029FF30460DF0ECFE26786549AC
:1060B00030460DF0F5FE029930460DF01DFF3046DA
:1060C0000DF0E0FE2678604930460DF0E9FE0399B8
:1060D00030460DF011FF30460DF0D4FE20780DF063
:1060E000D1FE002D77D12578584928460DF0D8FEED
:1060F000394628460DF000FF28460DF0C3FE2578EE
:10610000534928460DF0CCFE414628460DF0F4FEDA
:1061100028460DF0B7FE25784E4928460DF0C0FE02
:10612000494628460DF0E8FE28460DF0ABFE2578DE
:10613000494928460DF0B4FE514628460DF0DCFED4
:1061400028460DF09FFE2578444928460DF0A8FE0C
:10615000594628460DF0D0FE28460DF093FE2578CE
:106160003F4928460DF09CFE049928460DF0C4FED8
:1061700028460DF087FE25783A4928460DF090FE16
:10618000059928460DF0B8FE28460DF07BFE2578CF
:10619000354928460DF084FE069928460DF0ACFEE0
:1061A00028460DF06FFE2578304928460DF078FE20
:1061B000079928460DF0A0FE28460DF063FE2078D2
:1061C0000DF060FE41F28830FBF772F909B0BDE8CE
:1061D000F04F02F063BD207825490DF061FE26786E
:1061E000244930460DF05CFE290C30460DF084FE4B
:1061F00030460DF047FE26781F4930460DF050FE20
:10620000C5F3072130460DF077FE30460DF03AFE1B
:1062100026781A4930460DF043FEE9B230460DF0BB
:106220006BFE30460DF02EFE20780DF02BFE5AE767
:1062300000ED00E068900020F0640308FC640308AF
:10624000046503080C650308146503083C6503082E
:10625000446503084C650308546503085C6503083E
:10626000646503086C650308746503087C650308AE
:106270001C650308246503082C65030834650308BE
:106280001EF0040F0CBFEFF30880EFF30980DFF876
:106290000410084735600108704700BF704700BF11
:1062A000704700BF704700BF704700BF704700BF16
:1062B00008B5084804211AF08FFC012800D008BD59
:1062C0000020FFF757FCBDE80840024804211AF0FF
:1062D0008FBC00BF000401401F4B1B7803B1704707
:1062E0001E4B5A8B10B54FF08040114614461AF0E1
:1062F00073FC0128194B00D010BD1B8B0C2B08D848
:10630000DFE803F0240707071E070707180707073A
:10631000120000200021FBF7F9FB21464FF08040DE
:10632000BDE810401AF064BC4FF080401AF042FC07
:1063300080B2EFE74FF080401AF03AFC80B2E9E714
:106340004FF080401AF032FC80B2E3E74FF080401B
:106350001AF02AFC80B2DDE7840000204C84030898
:1063600008B5074801211AF037FC00B908BD06201E
:1063700000F0EAF9BDE80840014801211AF038BCF4
:10638000000C004008B50C490C481AF0D7FD00215C
:106390000A481AF0A1FD0A4A0A4B52880A495A8053
:1063A0005A884B8812B21BB29A4200D108BDBDE890
:1063B0000840012000F0CEB800800028B8640240F8
:1063C00024600020346000204460002008B50C499F
:1063D0000C481AF0B3FD00210A481AF07DFD0A4A64
:1063E0000A4B92880A499A809A888B8812B21BB20B
:1063F0009A4200D108BDBDE80840022000F0AAB8CA
:1064000000802020A0600240246000203460002032
:106410004460002008B50C490C481AF08FFD00219B
:106420000A481AF059FD0A4A0A4BD2880A49DA800A
:10643000DA88CB8812B21BB29A4200D108BDBDE8FF
:106440000840032000F086B8008000185860024021
:1064500024600020346000204460002008B50C490E
:106460000C481AF06BFD00210A481AF035FD0A4A63
:106470000A4B12890A491A811A890B8912B21BB276
:106480009A4200D108BDBDE80840042000F062B87F
:1064900020800020706002402460002034600020D2
:1064A0004460002008B50C490C481AF047FD002153
:1064B0000A481AF011FD0A4A0A4B52890A495A81C0
:1064C0005A894B8912B21BB29A4200D108BDBDE86D
:1064D0000840052000F03EB800800028B860024067
:1064E000246000203460002044600020012000F07F
:1064F000B5BA00BF022000F0B1BA00BF032000F01F
:10650000ADBA00BF034B044A1B881380042000F07F
:10651000A5BA00BF004C0040A4430020052000F0B5
:106520009DBA00BF012005F00FB900BF012005F0A2
:1065300085B900BF022005F007B900BF022005F0B1
:106540007DB900BF032005F0FFB800BF032005F0B0
:1065500075B900BF2049214A30B50446342000FBFC
:10656000041132F81430886A1D49A50205FA83F334
:106570000B441C4D83B0C36035F8141032F814304E
:1065800009B21BB2994214DD35F8141032F81430F8
:106590000190C91A89B21AF0A9FC134B35F81420DE
:1065A000019823F81420012103B0BDE830401AF00F
:1065B00093BC32F814100190C1F5806189B21AF0D1
:1065C00095FC094B01980022012123F8142003B007
:1065D000BDE830401AF080BC5C7D030834600020C8
:1065E000546000204460002024600020F0B5184F63
:1065F000184D37F8102035F8103012B21BB29A42FD
:1066000083B023D0144E044606EB802616E035F8FE
:1066100014301BB2F35C8DF8073009F0E3FA35F85B
:1066200014300133C3F3090325F8143037F814206C
:1066300035F8143012B21BB29A4207D007F098FF17
:10664000034601210DF10700002BE0D103B0F0BD9E
:1066500044600020346000205460002000B583B006
:10666000C8B10628034613D0144A342101FB002286
:1066700092F82010B1B91249124A31F8130032F8D9
:10668000133000B21BB2C01A18BF012003B000BD06
:10669000002003B000BD09F077FAB0FA80F040099D
:1066A00003B000BD0190106B1AF022FC044A019B5C
:1066B0000449C0F5806022F81300DEE75C7D030822
:1066C000FC430020EC43002000B583B000228DF88D
:1066D000072040B30628034602D1104603B000BD90
:1066E0001549164831F81320DFF854C012B200EBF8
:1066F0008320805C31F813200132C2F3090221F8B3
:1067000013203CF8132031F81310DFF838C0521A68
:106710003CF8131092B209B28A42C0B2DEDD2CF806
:10672000132003B000BD0DF1070009F035FA9DF804
:10673000070003B000BD00BFEC4300200C44002064
:10674000FC430020D443002008B5334B1A78002ABC
:106750004ED0324A1278092A4BD9314B314933F89D
:10676000102031F8103012B21BB29A424FD031F8DB
:1067700010302D4A1BB202EB80224FF0010CD35C8B
:1067800031F810200132C2F3090221F81020274A03
:106790006FEA530101F00101D84391806FEAD30100
:1067A00000F0010001F00101508011816FEA9300B7
:1067B0006FEA531100F0010001F00101D0809181D6
:1067C0006FEA13106FEA9311DB0983F0010300F005
:1067D00001001382114B50810020187001F001015B
:1067E000BDE80840A2F800C0D181508206F00ABE80
:1067F00008BD0E49181D11F8121006F0BDF9074A20
:10680000137801331370BDE8084006F0FBBDBDE806
:10681000084006F0F9BD00BF18840308A800002056
:10682000446000203460002054600020B843002001
:1068300030B57F4CDFF81CE2225C034608469EF828
:106840000010424083B0E25400296BD0002B71D07D
:10685000062B41D0774C784934F813200D4631F897
:1068600013100132C2F3090209B2914200F0918083
:106870007249DFF8E4E100934FF0340C0CFB031194
:1068800034F813C00EEB832E0FFA8CFC0EF80C00BC
:1068900024F8132091F82020002A6FD148680122A3
:1068A00040F227711AF03CFC009B34F8132035F8B5
:1068B0001310634C521A02F5806034F8131012B2B0
:1068C00000B232EA220228BF024609B2914201DA3E
:1068D00024F8132003B030BD5A4B1B78002BF9D09D
:1068E000544C554AA389154692890133C3F30903D1
:1068F00012B293425BD0A289DFF85CC152490CFA14
:1069000082F202F5C0521070A3810B78092B54D883
:10691000A2894B4B2A4692899A891204DAD5002221
:106920009A81D7E7CDE90003F2F7BAFCDDE900036D
:10693000002B8DD13F49404C0B8822880133C3F393
:10694000090312B29A422BD00A88DFF80CC112B2A6
:106950000CF802000B800B88228839489B1A03F53B
:10696000806102881BB209B233EA230328BF0B46B9
:1069700012B29A42AEDA038003B030BD886A1AF0D0
:10698000BBFA009B002890D11846FFF7E3FD009B5F
:106990008BE72E49CA5C42F00102CA5403B030BDF5
:1069A0002A4A137843F00103137003B030BD274A1D
:1069B000937943F0010393718CE7AB890CFA83F36D
:1069C00003F5C0531B78AA890132C2F30902AA81D8
:1069D000D8431F4A00F0010050806FEA530000F0D6
:1069E000010090806FEA930000F00100D0806FEA10
:1069F000D30000F0010010816FEA131000F00100D5
:106A000050816FEA531000F0010090816FEA9310FB
:106A1000DB0983F001031382012300F001001380DE
:106A20000023D08153820B7006F0ECFC70E700BFAE
:106A3000B043002044600020346000205C7D0308E7
:106A40001460002018840308A80000200C600020B7
:106A5000B8430020F6A000205460002038B5334B26
:106A6000342202FB003304465D6840F2255128467B
:106A70001AF070FB012822D040F2277128461AF044
:106A800069FB012800D038BD294A2A4B32F814107E
:106A900033F8142009B212B291422CD133F81420E9
:106AA000234B33F8143012B21BB29A42EBD1284672
:106AB0000022BDE8384040F227711AF031BB284669
:106AC0001AF020FB1C4B1B5D002BD5D01B4B1B6809
:106AD0009C42C0B222D01A4A1A4932F8143001EB53
:106AE00084211BB2C85432F814300133C3F30903B4
:106AF00022F81430C0E733F81420134912B201EB26
:106B000084212846895C1AF0F9FA0A4B33F81420DC
:106B10000132C2F3090223F81420BFE70B4B9B7923
:106B20005B07A9D5FBF734FAA6E700BF5C7D030835
:106B30004460002034600020E44300206C9000207A
:106B4000FC4300200C44002054600020347D0020D1
:106B500010B52D4CC8211D20FAF714FD2B4BD4F88D
:106B6000FCC0D4E936011A46E2E8050194ED3C7B0D
:106B7000D4F8E400106003F5A66181ED007B03F218
:106B80004452D4E94201C2F800C003F5266203F67C
:106B90007423C2E90001D4F814211A60FAF7BEFB8D
:106BA0000B461B49024609680D20C4E91023FAF779
:106BB000E9FC94ED247AF6EE007AB4EEE77AF1EE91
:106BC00010FA1DDDD4ED380A94ED3E0AC4ED277AA3
:106BD0001AF096FE84ED250AF7F7E0FD0D4BDA7901
:106BE00042F00202DA71DA7942F00802DA719A7937
:106BF00042F010029A711A7842F040021A7010BDE9
:106C0000054BC4F89C30E7E778A8002088160020E0
:106C100074A80020347D00200000A0402DE9F0473A
:106C2000DFF830C12DED028BBCE80F0094B008AC4A
:106C30000FC4BCE80F000FC49CE80F0084E80F00ED
:106C4000414B1B78052B08D0DFED407AB0EE670A88
:106C500014B0BDEC028BBDE8F0873D4B9FED3B8A45
:106C600093ED006B03F5A6628DED046B92ED006B66
:106C70008DED066B08AC6069F1F726FBD4E90023C3
:106C8000CDE90201DDE90401F1F7BEF994ED047AE2
:106C900027EE077A074677EE077A884617EE900ABE
:106CA000F1F712FBD4E9022305460E46DDE90601A1
:106CB000F1F7AAF93A4681468A46434638464146A4
:106CC000F1F75AFB2A463346F1F780FC4A4607465D
:106CD0008846534648465146F1F74EFB2A4633460E
:106CE000F1F774FC02460B4638464146F1F78EF93F
:106CF00001F10043009001939DED000B1AF088FC18
:106D0000DDE9020153EC102BF1F736FB054618EED6
:106D1000100A0E46F1F7D8FA0B46024631462846CD
:106D2000F1F774F9F1F700FE183407EE900A14AB8E
:106D3000A342B0EE678A9ED1B0EE670A14B0BDECF4
:106D4000028BBDE8F08700BF307D0020000000000E
:106D500088160020985F03082DE9F04F2DED088B71
:106D6000204B214A1B78214D12F903B0542303FB19
:106D70000B5393ED01AA8BB0F7EE007A1D20C7EEFE
:106D80008A8AB0EE408AFAF753FC002840F08886E1
:106D9000542303FB0BF3EA1815F80390B9F1010F24
:106DA00000F0D883B9F1000F30D0B9F1030F00F033
:106DB000DF86DFF850A0DFF850800D4E0023CAF8C0
:106DC0000030C8F80030F3781B0740F17D86094B8E
:106DD000094C1B78094F0A4D052B40F04C8100F0FF
:106DE0004CBD00BFF5000020BC670308D86703084E
:106DF000347D0020307D002078A80020F07C002029
:106E0000647C0020587C0020607C0020E64AE74B30
:106E1000D2ED007A93ED007AE54AE64BD2ED006AB6
:106E200067EE877A93ED007AA7EEA67AB5EEC07A80
:106E3000F1EE10FA00F14486F7EE007AB4EEE77A4C
:106E4000F1EE10FAD8BFF0EE477A542303FB0B5350
:106E500093ED147AD84ADFF8B883D2ED009AD3EDD7
:106E6000045AD8ED006A38EE077A77EEE97A88EEB0
:106E7000076AF5EEC06AE6EE279A9FEDE87AC2ED62
:106E8000009A29EEA59AF1EE10FAF0EE49AAEAEE80
:106E900047AAB0EE65BA00F13886F7EE007A26EE22
:106EA000A66A9FEDC67AC64BDFF868A3CDED006AEF
:106EB00067EEC67A93ED001BE7EE87AA03F5A6639B
:106EC000C04FC14C6AEEA8AA93ED000BCAED00AA10
:106ED000FFF7A4FE9FEDBD7ADDED006AD4F89020A7
:106EE00020EE077A5423AAEE887A03FB0B53D3EDE6
:106EF00002AAB74B37EE267A6AEEAA6AB2EE086AA1
:106F000066EE8A6AB7EE085A86EE26AAF0EE045AB2
:106F10008AEE056ACAEE255AF5EE007A88ED007A07
:106F20006BEE277A93EDAD7AD7ED006AA94B27EE89
:106F3000877AF5EEC06A27EE2A7AF1EE10FA27EE8C
:106F4000067AF0EE65BA27EE297A1A6000F10C860F
:106F5000F0EE005A26EEA66A9F4ECDED007AA6EE20
:106F6000257A9E4DE8EE476AC7ED006A96ED000A65
:106F70001AF014FE95ED016ADDED007AB5EEC06AF7
:106F8000F1EE10FA29EE007A00F1EA85F7EE005AE8
:106F900066EE066A9FED895A914B65EEE65AD7ED8B
:106FA000016AA5EE857AF5EEC06A27EE287AF1EE41
:106FB00010FAA8EE076A93ED007A85ED016A67EE94
:106FC000877A67EEAA7A67EE8A7A67EEA97A00F185
:106FD000C385B0EE006A26EEA67A96ED010AE7EECA
:106FE000067AE8EE676AC7ED016A1AF0D7FD95EDFB
:106FF000046AB5EEC06AF1EE10FA29EE007A00F1EB
:10700000A785F7EE007A66EE066ADFED6C5A754BDF
:1070100067EEE67ADFED746AA7EEA57A6BEE267A64
:1070200027EE287AD7ED026AA8EE076A93ED007A78
:1070300085ED046A67EE877AF5EEC06A67EEAA7A94
:10704000F1EE10FA67EEAB7A67EEA97A00F17C8573
:10705000B0EE006A26EEA67A644EE7EE067AE7EE18
:10706000C86AC7ED026AF3781A0704D5604B1B782B
:10707000052B00F01A86F9F7B7FC38B1D7ED007A86
:107080009FED5C7A77EE877AC7ED007ADFF888B1FA
:1070900098ED007ADBED007AE7EE087AFEEE006A02
:1070A000F4EEE67AF1EE10FACBED007A40F11185BC
:1070B000DFED517AB0EE677AC8ED007ACBED007A59
:1070C000B9F1030F00F00B85374BDFED406AD3EDCC
:1070D000007A384B93ED006A77EE867AF4EEE67A22
:1070E000F1EE10FA40F115857378DFED437A434AEB
:1070F000CBED007A23F08003C8ED007ACAED007A68
:10710000C7ED007AC7ED017AC7ED027A7370B378E4
:1071100023F00103B3702E4B0A211170C3EDAD7A39
:1071200003F26C52B9F1010F03F62403C2ED007AA9
:10713000C3ED007A00F0BC859FED310AC5ED017A00
:10714000F0EE670AC5ED047A0023C4F8F830C4F8FD
:10715000E0302C4B2C4993ED001A2C4DB1EE411A26
:10716000A1F11800F3F7D8FCF6EE007AD7ED024A49
:1071700097ED007AD5ED023A97ED015A95ED003A78
:10718000D5ED012A95ED034A68EE277A67EEA44A09
:1071900027EE855A24EEA36A67EE877AA5EE036A86
:1071A00063EEE75A3CE000BFA8380020A0000020B2
:1071B000A4000020C0380020547C0020C7FAD03D35
:1071C00088160020F07C002078A800200AD7233CF5
:1071D000783B0020D42F0020D87C0020647C002045
:1071E000E44000209C4300208FC2753C347D002089
:1071F000307D00200ADA643A000000003F380020A9
:107200000000008018BD002070A90020AC00002004
:10721000607C0020587C00205C7C00200AE81C4137
:1072200062EEE46AE2EEC55AA7EEC46AE7EE836A4C
:10723000E4EEC45A27EEA27A36EE226AF0EE477ADE
:10724000B0EE667A75EE835AE4EE837AA5EE047AA0
:1072500026EE060A37EE237AA5EEA50AE5EE637A56
:10726000A7EE070A77EE847AC5ED005AA7EEA70AC3
:1072700085ED016A85ED027AC5ED037AF3F73AFCF4
:10728000D5ED037AD5ED005A95ED016A95ED027AB8
:10729000DAED003A60EE255A20EE066A20EE077A13
:1072A00020EE270A25EE86AA25EE875A65EEA56A06
:1072B00066EE06AA66EE009A67EE007A67EE070AA7
:1072C00039EEC54A7AEE274A25EE802AC5ED005AE6
:1072D00085ED027A66EE075A36EEEA7A68EE898A1A
:1072E00020EE001A34EE044A74EEA44A37EE603AF7
:1072F00085ED016A1FED376A94ED3E9A85ED030A2C
:10730000B9F1010F64EE282A64EEA81A73EE863AEA
:1073100033EE013AD4ED388A05D197ED026AE6EEF4
:10732000492AE6EE281A814B36EEAA6A77EECA7A27
:1073300072EE256A37EE207A35EE295A36EE606A0B
:1073400037EE417A77EEA77A75EEC25A76EEA66AE4
:1073500036EE416A75EEA55A66EEA16A27EE217AED
:1073600035EE055A67EEA17AE6EE226AA5EEA27A1C
:10737000E5EE227AE4EE236AA4EEA37AE3EE237A22
:10738000DBED009A9FED6A6AF4EEC69AF1EE666A4A
:10739000B1EE477AF1EE677AF1EE10FAC3ED016AC9
:1073A00083ED007AC3ED027A09DDF7EE007A78EE1C
:1073B000868A39EE679AC4ED388A84ED3E9A68EE83
:1073C000287A17EE900AF0F77FFFD4E93623F0F71A
:1073D0001DFE68EE097AC4E93601CDE9000117EE19
:1073E000900AF0F771FF02460B46D4E93C01F0F732
:1073F0000DFE28EEA87AD8ED007AC4ED218AA9EE18
:10740000097AC4E93C01F1EEC76AF1EE677A9DEDB5
:10741000000BC4ED237AC4ED457AC4ED447AC4ED83
:10742000246A84ED229AC4ED398A84ED3F9AC4ED32
:10743000129A15F0B9FED4E914232067C4F8D000DD
:10744000D4E93C01F1F7C2F841EC100B15F0ACFEA9
:10745000384B9BED006A1A78374B384983ED006A48
:1074600002EB420301EB8303D3ED017A6067C4F8BA
:10747000E800B4EEE76A3248F1EE10FA80ED016AF6
:10748000C0F23583D3ED027AB4EEE76AF1EE10FA7A
:1074900094BF01200020B37860F3C713B370B378B2
:1074A000DB0905D102EB420201EB820393ED026A94
:1074B00095ED015AD5ED007AF378D5ED024AD5ED78
:1074C000035A2048D8F8001080ED006A25EE057AAE
:1074D00023F04003A7EEA77AF370337A1A48A4EE9C
:1074E000E47A43F00103337265EEE76A67EEA47A4B
:1074F000E5EE246A7279154BE5EE257A42F0080232
:10750000A5EEE57A76EEA66A83ED007A77EEA77AA5
:1075100072710F4A0160C3ED016A1160C3ED027A16
:107520000BB0BDEC088BBDE8F08F00BFFC7C0020E9
:107530000000000070A60020FC100020B48F03089B
:10754000D07F002074A60020AC7F00200CBD00205E
:10755000A87F0020E34EF3789F07C3F3400240F179
:10756000A382E14B93ED009AF37898071ED4DF4B8A
:10757000D3ED007AF5EEC07AF1EE10FA01D5F1EE16
:10758000677ADB4B93ED007AA7EE279AB5EEC09AA7
:10759000F1EE10FA00F18583D64BD3ED007AB4EE0C
:1075A000E79AF1EE10FAC8BFB0EE679AB5EEC09A4E
:1075B000F1EE10FA00F16683F7EE007AB4EEE79A86
:1075C000F1EE10FACCBF01220022F7EE007A002A79
:1075D00018BFB0EE679AC84BD3F8983207EE903ACE
:1075E00079EE677ABFEE00AAF4EECA7AF1EE10FAED
:1075F00000F18882B7EE007AF4EEC77AF1EE10FA65
:10760000D4BFB0EE67AAB0EE47AA3AEE077A542389
:1076100003FB0B5393ED056AD3ED067AD3ED046AB1
:1076200026EE077A29EE269AB4EEE77AF1EE10FA02
:1076300008D4D3ED077AB4EEE77AF1EE10FAD8BFAA
:10764000F0EE477AAD4B8DED046AC3ED007AAC4B9A
:10765000CDED037AD3ED015AAA4CCDED005AB0EE30
:10766000650A1AF05BFAA84BDFF8E082D3ED004A16
:10767000A64BD8ED00AA93ED005ADFF8D4A2542708
:1076800007FB0B5797ED137AD7ED126A94EE857AC4
:1076900094ED361BC7EE009A94ED3C0BE6EE8A9A09
:1076A000C8ED009AFFF7BAFA9DED046A97ED0C7ADF
:1076B000DDED037A964B974FDDED005AB7EE005A99
:1076C000C5EE066A79EE809A79EEEAAAC8ED009ACC
:1076D0008AEE885A66EEA79A97ED006AD3EDAD6AF6
:1076E0008AED005A69EEA99A27EE267AB5EEC06AAD
:1076F000F1EE10FA27EE297A00F10182F0EE004A4D
:1077000026EE065A844BD7ED016AA5EE247AF5EEF3
:10771000C06AA8EE476AF1EE10FAF0EE46AA93EDC1
:10772000006A4FF0540303FB0B5393ED0D7A27EEE1
:10773000067A27EE297A00F1DF81B0EE005A26EEB4
:10774000A66AF5EEC07AA6EE057AF1EE10FAE8EE3A
:10775000476AB0EE66AA40F3CC81704B93ED007A95
:10776000B1EE470AF4EEC05AF1EE10FA08D4F4EE86
:10777000C75AF1EE10FAD4BFB0EE650AB0EE470A70
:10778000CDED007A1AF044FADFED656ADDED007A9E
:10779000644B97ED027A20EE260AD3ED006A80EE64
:1077A000276A542303FB0B53D3ED0E5A37EE466A78
:1077B00066EEA56AB5EEC06AF1EE10FA66EEA96A49
:1077C00000F16C82F0EE005A26EE466AE5EE866A1B
:1077D000A6EE887A542303FB0B5393ED0F6AF1EE68
:1077E000466AF4EECA6AF1EE10FA08DCB4EEC6AAF4
:1077F000F1EE10FAD4BFF0EE4A6AF0EE466A542376
:1078000003FB0B5393ED106AC7ED016AF1EE466A74
:10781000F4EEEA6AF1EE10FA08DCF4EEC6AAF1EE34
:1078200010FAD4BFF0EE6A6AF0EE466A542303FB06
:107830000B5393ED116AC7ED006AF1EE466AF4EE60
:10784000C76AF1EE10FA08DCB4EEC67AF1EE10FA6F
:10785000D4BFF0EE476AF0EE466A334DC7ED026AD8
:10786000F1EE677AC5ED017AF37819077FF503AC7D
:107870002E4B1B78052B7FF4FEABDFF8D8B02C4BDA
:10788000DFED2C9A93ED00AADFED2B4ADBED003AF9
:10789000CDED064A38EE0AAAB0EE690AAAEE240A2D
:1078A00083ED00AACDED073A1AF078F9DFED235AFF
:1078B000F0EE407A9FED220ACDED055AB6EE005A61
:1078C000AAEE250AF0EE69AAE7EE85AA8DED045A24
:1078D0001AF064F99FED1B6ADFED1B6A8DED036AF8
:1078E0004AE000BF347D0020A838002000060020B8
:1078F0009438002088380020B0810020D42F002048
:10790000D87C002078A80020F805002078380020D6
:10791000783B0020F07C0020E44000206021002023
:107920000AE81C419C430020647C0020307D00203C
:10793000887C002000000000FF545640BB8CFF40B4
:107940009A99D93FC3F5A83EC0308C41607C002095
:10795000587C0020C46C0308666646407B142E3EAB
:107960006666663F66662640CDCCCC3ECDCC0C40EC
:10797000CDCC4C3F3333F33FF0EE407A1FED0A0A93
:10798000CDED096AE7EE86AAAAEE260A1AF006F9F4
:107990001FED0E7ADDED073A97ED004ADDED064A60
:1079A0008DED007AF0EE6A7AE0EE077ACDED084AC6
:1079B00067EEA37A1FED160AA8EE274AAAEE240A5C
:1079C00087ED004A9BED014A8DED074A1AF0E6F873
:1079D000DDED055A5FED1D7A9DED045AEAEE257A3C
:1079E000F0EE69AAE0EE05AAB0EE670A8DED065A40
:1079F0001AF0D4F8DDED096A5FED257A9DED036A92
:107A0000CDED036AEAEE267AE0EE06AAB0EE670A4A
:107A10008DED046A1AF0C2F89DED007A9DED074ADB
:107A2000DDED084AD7ED017A5FED303AE0EE07AAC6
:107A3000EAEE243A6AEE84AAB0EE630AE8EE2A7A05
:107A4000C7ED017A1AF0AAF8DDED055A5FED387A34
:107A50009DED065ADBED02AAEAEE257AE0EE059AE4
:107A6000B0EE670A1AF09AF8DDED036A5FED3F7A2F
:107A70009DED046AEAEE267AE0EE069AB0EE670A19
:107A80001AF08CF89DED007AD7ED027AE0EE079AB5
:107A900069EEAA9AE9EE887AC7ED027AFFF7EBBAA7
:107AA000FFF756F8FFF774B98B4B1B78002B00F0EB
:107AB000EC80F3789FED899A9C073FF586AD56E5FB
:107AC000DFED867AFFF7C1B9854C864F864DFFF70B
:107AD000D2BAF5EEC07AF1EE10FA7FF6F1AA95ED82
:107AE000010AD5ED040AB1EE400AFFF732BB0020CF
:107AF000D1E49FED7A7A6DE6B8EE005A1FE6F8EE13
:107B0000004AFDE59FED757A81E5FFEE007AFFF70B
:107B1000C6B9DAED007AF5EEC07AF1EE10FA4FF060
:107B2000000301D5CAF8003095ED010AD5ED040A2D
:107B3000B5EEC07A0023F1EE10FA48BFC8F8003065
:107B4000B1EE400AFFF705BBB8EE006AFFF782BA54
:107B5000FFEE007AFFF757BAB8EE006AFFF73BBABC
:107B6000FFEE005AFFF714BAF8EE005AFFF7F2B929
:107B70005E4BD2ED076AD3ED007A92ED096A5C4B59
:107B80005C4A93ED007AD2ED005AB5EEC07A77EEFA
:107B9000A57AF1EE10FA67EEA67A00F19980F0EE80
:107BA000475A26EE256A27EE467AE8EE077AF5EE82
:107BB000C07AF1EE10FA00F18680F4EEE67AF1EE8A
:107BC00010FAD8BFF0EE676AF7EE005AF6EE007AC8
:107BD000E6EEA75A484A92ED007AC3ED006AFEEE3F
:107BE000007AB4EEE77AF1EE10FA08D4F6EE007AF5
:107BF000B4EEE77AF1EE10FAD8BFF0EE477A394FDB
:107C0000542303FB0B5595ED116A97ED027A66EE4E
:107C1000277AB5EEC07AF1EE10FA67EEA57A4FD466
:107C2000B0EE005A67EE474AF1EE465AE4EE857A26
:107C3000A7EE887AB4EEE57AF1EE10FA08D4B4EE45
:107C4000C67AF1EE10FAD4BFF0EE475AF0EE465A7B
:107C5000DFED227ADFF8A8A0DFF8A880224D274EBA
:107C6000C7ED025AC7ED007AC7ED017ACAED007A76
:107C7000C8ED007AC5ED016AF378194CB0EE679A49
:107C8000FFF7F9B99FED159AA5E4184B93ED009A0B
:107C9000184BD3ED007A39EE279A65E4F8EE005AD6
:107CA00092E59FED0E9A00228FE4DFF85CB0E6E5E6
:107CB00095ED010AD5ED040AB1EE400AFFF744BA8A
:107CC000B8EE005AAEE7DFED056AF7EE005A81E73D
:107CD000F1EE475A65E700BF58BE002000000000E3
:107CE00078A80020F07C0020647C0020A8380020C8
:107CF000D42F0020C0380020E4400020347D002034
:107D0000587C0020607C0020D06C0308000000003C
:107D100070B56B4B6B4D187884B01C210CF0B8FC1F
:107D2000EB781B0701D404B070BDF8F723FD66495A
:107D3000664A674C6748C4F8A40000230B608B6058
:107D40004B604B610B61CB600B62CB618B6102F5C9
:107D500026619FED577B0B605F49C4F828115F498E
:107D6000C4F8E81061675E49E16702F5A66EC4F8E1
:107D7000801040F20A31A4F831104FF07E5102F623
:107D80004C2C02ED057BCEF8003002F21C5613603D
:107D9000C4F89810A2F1140147A3D3E900234FF0CF
:107DA0007C50C4F89C004F48C4F8D0008CED007B98
:107DB00086ED007B8DED007BC4E9142320670391E1
:107DC00015F0E2F90399606F81ED000B84ED360B3D
:107DD00015F0DAF9D4E9142351EC100BF0F7CCFAD2
:107DE0009DED007B404BC6E90001C4E93C011D202C
:107DF000002184ED427B83ED0E7BF9F7C3FB1D2050
:107E0000F9F716FC002850D16B799FED380A3849F4
:107E1000384A81ED000A43F010036B716B783649E4
:107E2000364881ED000A23F004036B706B7982ED14
:107E3000030A43F002036B71AB7882ED020A43F050
:107E40002003AB70EB7982ED010AB7EE007A43F0C4
:107E5000020382ED007AEB7180ED000A8DED007A6D
:107E600001F0CCFC264B274A1B78D356264A5421D6
:107E700001FB03F3D118D35C43B1D1ED037A234A5C
:107E800017EE903AC2F8983204B070BD9DED007ABA
:107E900091ED046AD1ED017AC7EE066A9FED1C7A76
:107EA00067EE877A67EEA67AE9E7FEF751FEABE761
:107EB0000000000000000000000000009A1EEA3FE1
:107EC00068900020347D0020647C00209C160020F7
:107ED00078A800206666663FCDCC4C3E5488E058BA
:107EE0000000A03F1721F7EA102D0020000000003D
:107EF000607C0020AC000020887C00205C7C00209E
:107F0000F5000020BC670308D8670308B081002093
:107F10000AE81C413F4B4049D3F87C22D1ED007A5E
:107F2000D3F88012D3F89002DFF804C107EE102ACC
:107F3000D3F88C229CED003AD3F868C277EEC77A6A
:107F400003EE902A07EE101AD3F88422D3F8941285
:107F5000E7EE873A04EE100A07EE102AD3F88822DB
:107F6000D3F87402A7EE874A04EE901A07EE102A9F
:107F70002A492B4A91ED005AD1ED015A91ED026A3E
:107F8000D2ED016AD3F87012E7EE874A02EE900A4A
:107F900092ED007AD3F86402D2ED027AD3F8782217
:107FA00076EEE26A35EE635A02EE901A75EEC45A26
:107FB00036EE646A37EE627A25EE035A02EE902AB4
:107FC00065EE835AD3F86C221649174BC1ED003A7F
:107FD00026EE436A03EE100A77EEE27A27EE037A82
:107FE00002EE90CA03EE102A66EEA26A0F4A81EDF5
:107FF000014A67EEC37AC1ED024A82ED005AC2ED32
:10800000015A82ED026AC3ED016A83ED007AC3ED85
:10801000027A7047B0810020BC000020B87C0020AC
:10802000C47C0020087D0020FC7C0020F07C002027
:10803000BC7B03082DE9F84FD64BDFF88493D64E6E
:10804000D64CD74FD74DDFF87CB3DFF87CA3DFF8F1
:108050007C832DED028B002093ED008AFDF764FDFB
:10806000B9F80000F9F798F9B0EE480A13F00AF8E9
:10807000336823603B602B60736863607B606B6078
:10808000B368A360BB60AB60DBF80030CAF80030B7
:108090000123C8F800302FE097ED017AF4EEC77A9B
:1080A000F1EE10FA01D5C7ED017A94ED027AD6ED22
:1080B000027AD5ED025A37EE877AF4EEE57AF1EEE0
:1080C00010FA84ED027A49DCD7ED025AF4EEE57A33
:1080D000F1EE10FA01D5C7ED027ADAED007AD8F8A0
:1080E0000030DBED005A013377EEA57AF92BCAEDAB
:1080F000007AC8F8003037DCB9F80000F9F74CF91D
:10810000B0EE480A12F0BEFF94ED006AD6ED007A98
:1081100095ED007A37EE866AF4EEC77AF1EE10FA42
:1081200084ED006A1DDC97ED007AF4EEC77AF1EE7B
:1081300010FA01D5C7ED007AD4ED016AD6ED017AC7
:1081400095ED017A77EEA66AF4EEC77AF1EE10FAB1
:10815000C4ED016AA0DDC5ED017AA6E7C5ED027A9E
:10816000BBE7C5ED007AE7E79FED8F5AD5ED005AE2
:108170008E4B86EE054A97ED006AD3ED003A84ED0A
:10818000004A75EEC45A36EE446AF5EEC05AF1EE76
:1081900010FAC5ED005A87ED006A00F19F80B5EE38
:1081A000C06AF1EE10FA00F18E80B4EEE56AF1EEED
:1081B00010FAC8BFF0EE465A9FED7B5A95ED016A62
:1081C000C6EE854AD7ED016AC4ED014A36EE646A0F
:1081D000F4EEE53AF1EE10FA76EEE46AB5EEC06A36
:1081E000CCBF01230023F1EE10FA85ED016AC7ED43
:1081F000016A00F19580F5EEC06AF1EE10FA00F127
:10820000AB80F4EEC66AF1EE10FAC8BFB0EE666A53
:10821000DFED655AD5ED026A87EE255A03F00103BA
:10822000D7ED025A84ED025A36EEC57AF4EEC63A1C
:10823000F1EE10FA75EEC56AB5EEC07AD8BF00232C
:10824000F1EE10FA85ED027AC7ED026A57D4F5EE29
:10825000C06AF1EE10FA00F18A80F4EEC76AF1EE1E
:1082600010FAC8BFB0EE667AF4EEC73A504AF1EEA3
:1082700010FA03F00103D8BF00231370002B60D065
:108280009FED497A4B494C48C7EE877A007814EE47
:10829000103A14EE902A17EE904AC1F88C32C1F8C9
:1082A000902215EE103A454AC1F87C420124C1F8EB
:1082B000943214700DF00AFABDEC028B2046BDE832
:1082C000F84FFDF731BCB1EE466AB4EEE56AF1EE67
:1082D00010FA7FF771AFF0EE465A6DE7B5EEC06A5F
:1082E000F1EE10FAB1EE655A4CD4B4EEC56AF1EE77
:1082F00010FAD4BFF0EE455AF0EE465A5CE7F5EEC0
:10830000C06AF1EE10FAB1EE476A69D4F4EEC66ABB
:10831000F1EE10FAD4BFB0EE467AB0EE667AA3E77B
:10832000F5EEC06AF1EE10FAF1EE465A50D4F4EED2
:10833000E56AF1EE10FAD4BFB0EE656AB0EE666A97
:1083400066E70220082100F0C5FBBDEC028B01208E
:10835000BDE8F84FFDF7E8BBF1EE666AB4EEE66AF9
:10836000F1EE10FA7FF554AFB0EE666A50E7F1EE29
:10837000666AB4EEE67AF1EE10FA7FF575AFB0EE0C
:10838000667A71E7B4EEE56AF1EE10FA30D5B1EE37
:10839000466AA0E72C7D0020B87C0020AC7C002041
:1083A000A07C0020947C002000007A43147D0020F3
:1083B000D47C0020B081002068900020A88100209B
:1083C000E0000020BC000020907C00208C7C00207D
:1083D000F4EEC66AF1EE10FA0DD5F1EE666AC3E767
:1083E000B4EEE67AF1EE10FA08DDF1EE666AC6E761
:1083F000F0EE455AE0E6B0EE656A09E7B0EE467A7F
:1084000032E700BF38B5164B164C1878164D1421BC
:108410000CF03EF9154BDFED166A93ED007A154A24
:1084200015491648C6EE877A00230B6003602B605F
:108430002360C2ED007AF4F783F8114BA36013F0C8
:10844000BBF8104A104992F85F224B79A2F1010261
:10845000B2FA82F2520962F304134B7138BD00BFC5
:1084600068900020FC7C0020F07C0020BC7B03088E
:1084700035FA8E3C147D0020B87C0020C47C00209E
:108480000AE81CC1B0810020347D00202DE9F843AA
:108490005B4B5C4FDFF890815B4E5C4D2DED088BA4
:1084A00081460220D3ED00BA9FED598AFDF73CFBCF
:1084B000584B4FF4FA601A68C7F864220023C7F8D3
:1084C0007032C7F86822C7F86C22C7F87432C7F850
:1084D0007832C7F88032C7F88432C7F88832C7F8D4
:1084E0008C32C7F89032C7F89432F8F755FFB0EEE7
:1084F0006B0A12F0C7FDB0EE489AB0EE48AAF0EE53
:10850000489AB0EE48BAF0EE48AAF0EE488A4FF426
:108510009674F4F78DFA4FF4FA60F8F73DFFB0EE79
:108520006B0A12F0AFFD013CD8ED004A96ED005AFF
:10853000D5ED005A96ED016AD5ED016A96ED027A05
:10854000D5ED027AA4B278EEA48A7AEE85AA3BEE43
:1085500025BA79EE869A3AEE26AA39EE079A38EECF
:10856000278A002CD5D12C49DFED2C7A4A792C4B67
:108570002BEE27BA42F0100268EEA78A6AEEA7AA8D
:1085800093ED007A4A711BEE102A98EE277AC7F80D
:10859000702201242AEE27AA18EE903A1AEE902AA9
:1085A00069EEA79A29EE279AC7F87C32C7F860329D
:1085B000C7F88C221B4B87F85F421AEE102A17EE81
:1085C000100AC7F874221C7019EE902A19EE103A9E
:1085D000C7F89022C7F89432C7F8780202F0BAFCC4
:1085E0002146082000F076FA0220FDF7AFFABDEC34
:1085F000088B224648463421BDE8F8430CF09AB86F
:108600002C7D0020B0810020B87C0020C47C00209C
:1086100000000000C07B0308347D00200E745A3B2C
:10862000C47B0308A8810020BC0000202DE9F04F86
:108630002DED028B91B0AE4B0190022093ED008A9C
:10864000AC4FDFEDAD8AAD4EDFF8C8A2DFF8C892BF
:10865000FDF76AFAAA4B4FF000081B68C7F86432AE
:10866000C7F86832C7F86C32C7F87082C7F87482EE
:10867000C7F87882C7F88082C7F88482C7F88882F2
:10868000C7F88C82C7F89082C7F89482F4F7D0F9C3
:108690004FF4FA60F8F780FEB0EE480A12F0F2FCF0
:1086A000D6ED007AF4EEE87AF1EE10FA06DC6420FA
:1086B000F8F7FEFE0220FDF75DFAE7E710AB08EBE6
:1086C0004804142503EB880B03EB84044FF4FA6091
:1086D000F8F762FEB0EE480A12F0D4FC5BED0E4AE9
:1086E00014ED065A54ED0C5A14ED056A54ED0B6A5C
:1086F00014ED047A54ED0A7A96ED004A9AED001AC8
:10870000D9ED001A9AED012AD9ED012A9AED023A23
:10871000D9ED023A74EE844A35EE015A75EEA15A4B
:1087200036EE026A76EEA26A37EE037A77EEA37A25
:10873000013DADB24BED0E4A04ED065A44ED0C5A24
:1087400004ED056A44ED0B6A04ED047A44ED0A7AFF
:10875000002DBBD1B8F1000F00F0AA80DFED697ADF
:10876000DDED0A5A9DED025ADDED0B3A9DED0D4A05
:10877000DDED036A9DED0E7A9DED0C6ADDED0F4A8D
:10878000DDED042A604B65EEA75A25EE275A63EE0D
:10879000A73AB0EE653A94EE273AB0EE454A96EE27
:1087A000A74AF0EE636AD7EE276A26EE276AC6EE7E
:1087B000846AB0EE467A94EEA77A83EE043A87EEA6
:1087C000047A16EE904ADDED076ADDED094AC7F836
:1087D000844266EEA76A13EE105A17EE100A9DED5A
:1087E000063A9DED087AC7F8805264EEA74AE2EE99
:1087F000A76AC7F88802E3EE274A27EE277A9DED9D
:10880000053AA3EE277AB6EE003AD3ED007A66EE8B
:10881000836A15EE103AD4EE837AC7F87C3216EEEE
:10882000903A15EE901A27EE037AC7F8703216EEDA
:10883000103A13EE902AC7F88C12C7F8943217EE4C
:10884000101A17EE903AB5EEC04AF1EE10FAC7F8DA
:108850007412C7F89022C7F878323ED4F3EE047A47
:10886000B4EEE74AF1EE10FA4CBF01210021274A8D
:10887000537961F3041353715379DB0623D5012433
:108880002146082087F85F4200F024F90220FDF716
:108890005DF90198224634210BF04CFF1C4B01225C
:1088A0001A7011B0BDEC028BBDE8F04F02F052BB64
:1088B0000121F2EE047A084674EE278A4FF001088F
:1088C00000F008F9E2E600F0E9F9FF22019887F8E4
:1088D0005F2234210BF02EFFE0E7FBEE047AB4EECA
:1088E000E74AF1EE10FACCBF01210021BFE700BF3B
:1088F0002C7D0020B08100200000C8C2BC000020F8
:10890000C07B0308CDCC4C3DC47B0308347D0020E4
:10891000A8810020B87C0020C47C0020174B184997
:10892000D3F87C22D1ED007AD3F88012D3F89002EC
:1089300007EE102AD3F88C2277EEC77A06EE102ABB
:1089400007EE101AD3F88422A7EE876A06EE900A83
:1089500007EE102AD3F88822D3F89432E7EE876A1C
:1089600005EE902A07EE103AA7EEA57A054B83EDA7
:10897000006AC3ED016A83ED027A7047B08100207E
:10898000BC000020087D002008B51C4BDA781207D7
:1089900014D51B4ADFED1B7A92ED007A1A78B4EEFB
:1089A000E77AF1EE10FA4CBF0121002161F3C30216
:1089B0001A70DA7861F38612DA7008BD124804F092
:1089C000D7F81249DFF848C091F800E00B4BB0FA35
:1089D00080F0400986450ED0BCF90020002A09DD50
:1089E000511E0EF001001A78ACF8001060F3C302BB
:1089F0001A7008BD08706421F5E700BF347D0020BF
:108A0000FC100020CDCCCC3DDC800308197D00207B
:108A1000CC00002008B5174B1B78012B13D0164B48
:108A2000164A1B7843B903F0FF03117963F3C711AA
:108A300011711079C00908BD5379C3F3800383F025
:108A40000103DBB2F1E70E4890F83430002BE6D09A
:108A5000383004F08DF8094A28B15079C0F380000D
:108A600080F00100C0B2137960F3C713137110795D
:108A7000C00908BD1A7D0020AA8E0020347D002088
:108A80007080030808B5104B5A79D10609D50F4AF2
:108A9000127852B11A79520608D40D4B1B78012B6B
:108AA00003D02720F8F7C4FD20B908BD5B799B07E8
:108AB000FBD4F2E727204FF4FA71F8F763FDBDE825
:108AC00008400020FDF756B8347D0020A48E002019
:108AD000A98E002070B506460D46FCF7F3FF56B18F
:108AE000642303FB06F600244FF47A700134F8F790
:108AF00053FCB442F8DBFCF7FDFF55B1642303FBE4
:108B000005F500244FF47A700134F8F745FCAC42C7
:108B1000F8DB70BDC8B170B506460025FCF7D2FF82
:108B2000C8244FF47A70F8F737FC013CF9D1FCF710
:108B3000E1FF4FF448744FF47A70F8F72DFC013CD4
:108B4000F9D10135B542E9D170BD7047084B9B7929
:108B50009B0700D5704700B583B00190FCF7B2FFCA
:108B60000199042003B05DF804EBF8F70BBD00BFDA
:108B7000347D002008B5404B5A7912F0200FC2F323
:108B800040113E4A41D0042111703D4A1278002A1A
:108B900039D15A79C2F34011920625D59A7961F3F9
:108BA00041029A719A79910741D55A79920631D545
:108BB00040F6B8334FF0FA0C3249334A0B601520B7
:108BC000C2F800C0F8F734FD002834D02F4B2E4AED
:108BD0001B78002B30D02B4915200968F8F7D2FC00
:108BE000BDE80840FCF786BF1A789006C2F3401132
:108BF000D4D4274A1278042A05D0092A03D0254A5A
:108C00001278032A2CD10121C8E710780028BCD0A3
:108C10001170BAE71B789B0616D41F4B1B78DBB983
:108C20001B4B1B78042B21D07D239C46C4E70420DA
:108C3000F8F7FEFC60B908BD11681520F8F7A2FC32
:108C4000BDE80840FCF73EBF4FF416739C46B3E7FF
:108C5000BDE80840FCF74EBF4FF47A739C46ABE783
:108C60000D4A1178003918BF012197E741F28E2390
:108C70004FF0FA0CA0E700BF347D00203E38002002
:108C80001B7D0020C8000020C4000020A24300205B
:108C9000307D00203F3800206C38002000200BF091
:108CA00005B800BF08B5194B1B789BB9184BD3ED1D
:108CB000017AF5EEC07AF1EE10FA0DD49FED157A37
:108CC000F4EEC77AF1EE10FA0DD54FF4FA612220D6
:108CD000F8F758FC002008BD9FED0F7AF4EEC77A34
:108CE000F1EE10FAF1DC2220F8F7A2FC0028F1D016
:108CF0000A4A0B4B92ED007AD3ED007AB4EEE77A94
:108D0000F1EE10FAE6DD074BDB78E3E7A98E0020F1
:108D1000D87C0020AA619C3FAA619CBFA838002093
:108D2000A4380020347D00204B4B1B78192B4B4B73
:108D300053D01A7912070AD401209A78D20702D4A4
:108D40005A78D2094BD0464A0123137070475A799A
:108D50005007C2F38001EFD4424A92F90020002A62
:108D6000EADC00B5404A1278012A83B044D03F4A79
:108D700012782AB15979C1F3800181F00101C9B299
:108D80001A7961F3C7121A711A79D20902D0384AD6
:108D9000127892B95A79D1070FD4364A127862B94B
:108DA0001A79920609D55A79D00606D59A7891068D
:108DB00031D4314A527C052A2DD001209A78D1072E
:108DC00015D45A78D20912D11B79254AC3F3C003AE
:108DD00083F00103137003B000BD0020ADE71B79E1
:108DE0001F4AC3F3C00383F00103137070471C4A8A
:108DF0000123137003B000BD204890F83420002AEE
:108E0000B5D03830CDE9001303F0B2FEDDE9001330
:108E10000028B5D0AEE71A4A12788AB11A795206FC
:108E200002D55A7990070BD41649134A097802EBF8
:108E300001125278022A03D0134A1278012ABCD1B7
:108E40001A789106B9D41A7A1207B6D49A78D0074C
:108E5000B3D45878C009B1E7F5000020347D002074
:108E60001B7D0020DC2F00201A7D0020AA8E002010
:108E70001C7D00203C380020CC7B03087080030858
:108E8000A48E0020F7000020A98E00202DE9F843D1
:108E9000354C364900202070034660700246A070B1
:108EA000E07020716071A071E07120726072A07238
:108EB000E07241F8232001332F2BFAD12C4B2D489F
:108EC000DFF8F490DFF8F4802B4F2C4E00240025BF
:108ED000C3E900454FF49872C3E902450021C3E994
:108EE0000445C3E90645C3E908451CF0F5FE40F614
:108EF000F872002122481CF0EFFE22484FF42A723B
:108F000000211CF0E9FE204B254618464FF42E7236
:108F100000211CF0E1FE3D51355104340C2C49F880
:108F2000045B48F8045B00F52E73EED11749184A2C
:108F30001848194C002313600B60184B1849194A44
:108F40000D7000260027C3E900674FF07E530360D1
:108F500015482360072111700360144A144815490D
:108F600003601160BDE8F883347D0020B02E00203E
:108F7000702F002078A80020FC7C0020D87C0020E6
:108F800078110020D0380020783B0020FC2F0020F2
:108F9000A8380020F02F0020EC2F0020D000002067
:108FA000D47C0020307D0020E82F0020A438002051
:108FB000A0380020CCCCCC3DF07C0020E47C00200C
:108FC00080B170B5084E0546002430780FF07AFB6A
:108FD0000020FDF70BFB01343220F8F769FAA542B7
:108FE000F3D170BD704700BF689000202DE988481C
:108FF0007D2018F0B1FA002840F03A83C04DDFF828
:1090000050830D232B70F8F769FB4FF47A70F8F753
:109010004FFA1024FFF73AFF0F232B7002F0C4F928
:109020002C7004F05BFAB74B214618780BF030FB3C
:109030000A20FFF7C5FF11F0CDFEF7F7AFFBFCF7F5
:1090400011FF0020FCF770FDF2F7A6F8FFF7DAF940
:1090500015F048FFF2F71CFD00F008FC0A20FFF7AE
:10906000AFFF03F051FA12F005F8FCF715FDF3F726
:1090700039FD0A20FFF7A4FF15F0C6F998F8033070
:109080001C0700F1FA82F6F739FAFCF7BBFD022162
:109090000820FFF71FFD98F80330DFED9B8A9B4FF8
:1090A000DFF8B0A29A4CDFF8B092DFF880B29FED03
:1090B000998A23F0200388F80330F8F717FD964BC0
:1090C0000020D3E90023F8F769FA944B01201870C7
:1090D00007232B70FCF7DCFDF3F75CFC00260DE0AA
:1090E0002068342303FB009393F82030002B7ED1BB
:1090F000F9F708FD0020F8F7A9FA18BB0A20F3F7E2
:109100009FFCF3F795FC2878052818BF02280CBFB0
:1091100001200020F3F716FC3B78192BE0D1804B9F
:109120008AED008A1E707F4B1E707F4B1E7098F870
:109130000430002043F0080388F80430F8F786FA7A
:109140000028DBD0744B0020D3E90023F8F726FA7F
:109150007648F8F7B7F9764B0D2083ED000AF3F760
:109160006FFCF0F76BFA98F80A30580740F1D48199
:1091700098F80A30590740F1BE810D20F3F760FCE2
:10918000604B187800F07CFD0E20F3F759FC15F0C9
:109190005DF8F7F751F8FFF7F7FBFFF7EBFCFFF788
:1091A00071FC584B18780FF08DFA00200FF08AFAF6
:1091B0000020FDF71BFA07F0BDF811F013FE2B7825
:1091C0000C2B64D8DFE813F07D0115014F01190065
:1091D0006401EB0063004201DD00CA008E00630001
:1091E00081002078FDF770FAF8F7D2FE2068C0B24F
:1091F000FDF734FA0028F4D17AE7FBF761F800F0C4
:109200000FFB98F8033023F0200388F80330FFF7B2
:1092100001FC002800F0C28101F0AAFF98F8073095
:10922000980703D598F80030590630D5414B9AED90
:10923000007AD3ED007AB4EEE77AF1EE10FAC0F2DC
:10924000FB814FF4FA612220F8F79CF93A49162085
:10925000F8F798F938490720F8F794F944F62061AF
:109260000E20F8F78FF9F6F70DFAF8F71BF9334BE4
:10927000186098F8033043F0200388F80330052382
:109280002B702F4B2F49D3E90023C1E90023F8F7B6
:1092900045F8DBF800302A4AC01ADBF804301060C9
:1092A00061EB030116465160FFF7B4FB48B1D6E904
:1092B0000012244ED6E900038842934138BFC6E924
:1092C0000012214A0123137008E7FFF7A3FB0028CF
:1092D00000F0F48098F80030DB0900F0B981092330
:1092E0002B70D4E7FEF7A6FE184B1B78002BCED0D0
:1092F0004FF4FA611720F8F745F901232B70C6E700
:10930000307D0020689000200AD7233DF500002022
:109310006C90002000000000E00000201C7D002078
:109320004137002042370020DC2F0020207D002024
:10933000287D0020A4380020C0D40100B02E0020D9
:10934000D8000020D0000020F6000020D47C0020AF
:10935000347D0020FC2F00205C7D0308FAF7B0FF6D
:1093600098F80530C3F30006DB0740F10D810320B8
:10937000FCF7ECFB0120FCF7D7FBC14A0923137073
:1093800085E7FAF79DFF00F04BFAFFF743FB18B9AA
:109390003B78192B7FF47BAF00232B7077E7B94B19
:1093A0001B78012B00F02781FAF78EFCB648F6F700
:1093B00075FCDAED007AF4EEE87AF1EE10FA09D5F0
:1093C000B04B1B78002B00F0C380FFF723FB002875
:1093D00000F0BE80FBF720F8FFF764FC002800F0E7
:1093E000AD800520F9F7B2FFF6F706FF04232B70D6
:1093F0004DE7FAF765FF1720F8F71AF900283FF450
:1094000046AF0320FFF786FB02210820FFF762FB2F
:109410004FF4FA612220F8F7B5F89C491620F8F7C6
:10942000B1F89A490720F8F7ADF844F620610E200C
:10943000F8F7A8F83B78192B00F00D8198F8073061
:109440009A077FF54CAF0C232B7020E7FAF738FF13
:1094500000F0E6F9FFF768FC0646002800F0A78058
:10946000FCF796FB13E7FFF7D5FA00285AD0884B94
:10947000DAED007AD3ED006A864B77EEA67A93EDAB
:10948000007AF4EEC77AF1EE10FA4BDD0523F7E629
:10949000804B9AED007AD3ED007AB4EEE77AF1EEE4
:1094A00010FA52D57C4A002313707C4A01231370B2
:1094B000EFF792FEF3F7CAFDFCF7A4FB07232B702E
:1094C000E5E6FAF7FDFE02210820FFF703FBEFF7C0
:1094D000BFFEFCF7E1FAF3F705FBF6F70FF8F7F735
:1094E000D3FE6F4B6F4A1B78127813437FF400AFA3
:1094F0000A232B70CBE60C20F3F7A2FA6A4B93ED0C
:10950000000A1E46F2F78AFE0D20F3F799FA96ED4F
:10951000000AFCF7A5F937E60B20F3F791FA01F002
:109520006DFA25E6FBF7C6FC0520F8F781F8002860
:1095300069D1584B5D4A1B681360A8E6FBF78EFBA8
:1095400098F801305B067FF5A2AEFCF74DFC9EE675
:109550004FF4FA612220F8F715F84C491620F8F775
:1095600011F84A490720F8F70DF844F620610E205B
:10957000F8F708F840F6C4110520F8F703F8F6F7F5
:109580003BFE02232B7082E60120FCF7DFFA03206A
:10959000FCF7CAFA3A4B1E70032371E601F0DAFCBD
:1095A000EFF71AFEF3F752FD07232B706FE6022147
:1095B0000820FFF78FFA394B3D4A1E70304B1E7062
:1095C00098F8033066F3041388F8033098F80830ED
:1095D00066F3C71388F8083098F8003066F3C713AD
:1095E00088F800300320DAF800301360FCF750FBF5
:1095F00008232B704BE698F809305A067FF5D4AE55
:10960000F6F7EAFAD0E6294B4FF4FA61222083ED0F
:10961000008AF7F7B7FF1D491620F7F7B3FF1B497C
:109620000720F7F7AFFF44F620610E20F7F7AAFFF7
:109630000320FCF72DFBAFE71620F7F7F9FF002812
:109640003FF425AE0820F9F781FE04232B701EE6B7
:10965000F6F768FA1BE6FCF79BFA98F8033023F05C
:10966000200388F80330FAF72BFE0B232B700EE64D
:109670000AF036FB0F4B1870C0E4FEF749FB02E519
:109680003E380020A98E0020E0210020C0D4010037
:10969000C0380020A4380020AA8E00201C7D0020A5
:1096A000A68E0020D47C0020287D0020A838002031
:1096B000A0380020F9A0002040B9DFED157A9FED19
:1096C000157A37EEC00A20EE070A704700B5DFEDC5
:1096D000127A83B020EE270ACDED010A18F04EF978
:1096E000DFED0E7A20EE270A18F00CF99FED0C7AC8
:1096F000DDED010AF7EE007A37EEC00A70EE870A58
:10970000DFED087A20EE200A20EE270A03B000BD24
:1097100080E6C547A627AC3D08942537B4C9423E2C
:10972000339388439ED81943F8B52A4C15F0ACFF03
:10973000A378980604D5E3781907C3F3C00511D5BB
:10974000254A0023194653602448254C254A0160C8
:109750002160254825490023036013600B60536393
:109760001361F8BDA37965F30003A371F7F7D6FD84
:109770001F4BC3181E4641F1000715F0E9FD11F01B
:109780009FFBA3791B4A4FF001011170DA0719D52D
:10979000A37923F00103A371F7F7C0FD864205F119
:1097A000010577EB01012DB201D3C82DE5D1A378D6
:1097B0005B0604D5104B5A790AB11968C4E7064B09
:1097C0005968C1E7F7F7AAFD864277EB0101D4D2C9
:1097D000EDE700BF347D0020D07F0020FC1000208A
:1097E000C07F0020D0380020C47F0020F805002072
:1097F00080969800F600002074A60020054B0648CD
:10980000064980ED000A002283ED000A0A605A63CF
:109810001A617047D0380020C47F0020F80500206E
:109820000B490C4A10B500240C700B4950680B4CC6
:109830000B4A206000230B600A4913600B605363DE
:109840001361EEF741FD084CC4E90E0110BD00BFE5
:10985000C87F0020D07F0020C47F0020C07F002070
:10986000D0380020F8050020102D0020134B10B533
:109870001878134C17210AF00BFF1248B7EE000AB4
:10988000F1F7F4F8104B114893ED000AF5EE007A69
:1098900020EE270AF1F7EAF80D480E490E4A002398
:1098A0004FF0000C84F800C003600B60136011F0EF
:1098B00057FBBDE81040FFF737BF00BF689000209E
:1098C000B07F0020407D002030000020747E00200A
:1098D000A87F0020AC7F0020FC100020F8B5294FA5
:1098E0007B7FB970012B0C46F962054634D0022B00
:1098F00028D028463E780AF093FE4A2128460AF0EE
:10990000F5FB422128460AF0F1FB314628460AF0D1
:10991000EDFB214628461C4C0AF0E8FB04F140060A
:1099200054F8041F28460AF001FCA642F8D1284644
:109930000AF086FE15483C2200211CF0CDF90023D8
:109940007B77F8BDB7F92030B7F91E20C7E913239C
:10995000B7F922307B65CCE7B7F91E20B7F9203084
:10996000C7E91323B7F92220B7F92430C7E9152333
:10997000B7F92830B7F92620C7E91723B7F92A30F5
:109980007B66B6E70081002028810020308100201E
:10999000F0B5514E91B000236FF00D02CDE90C33BC
:1099A000CDE90E3300920F4696F820400546F7F7B2
:1099B000B5FC4A4BDFED4A7AD3ED015A93ED006ACC
:1099C00093ED027A474B484A93ED025AD3ED016A70
:1099D0001278019027EE277A25EE275ABDEEC77A36
:1099E000BDEEC55A8DED077A93ED007A3F4B8DEDB4
:1099F0000A5A93ED005A029265EEA75A26EE276A9C
:109A000066EEA76A27EE277A65EE277A384A96F837
:109A1000213012780497FDEEE77AFDEEE55ABDEEAF
:109A2000C66AFDEEE66ABDEEC77ACDED0B7A03920B
:109A3000CDED055A8DED066ACDED086A8DED097AFA
:109A4000F3B1621E02F00F02B018B15C027C012B70
:109A500042EA01220C9213D0A21E02F00F02B018AB
:109A6000B15C027C022B42EA01220D9208D0033C39
:109A700004F00F04315D3444227C42EA01220E924C
:109A80001C4996F82020C9781B0643EA012313439A
:109A900028460F930AF0C4FD4A2128460AF026FB07
:109AA000422128460AF022FBFF2128460AF01EFB2D
:109AB000002128460AF01AFBADF104040FAE54F859
:109AC000041F28460AF032FBA642F8D1284611B0FE
:109AD000BDE8F0400AF0B4BD38800020FC7C0020D6
:109AE00000007A44F07C0020307D0020BC00002083
:109AF0003F380020CC7B030810B40648064C837A1C
:109B0000002123F004032170837210BC03486C22EF
:109B10001CF0E2B8347D0020F88000200081002095
:109B2000F8B5402205460F464C484D4E00211CF02A
:109B3000D3F8FEF76FFF10B1F3781B074BD5494CF4
:109B40006C22002120461CF0C7F8012F27706AD034
:109B5000022F6DD07521002002F0E2FEE071003886
:109B600018BF012040F601032279207763803E4B25
:109B700003EB02133D4ADB78637103EB430302EB13
:109B8000C30328465B686361B37A002243F0040391
:109B9000A261B3720AF044FD4A2128460AF0A6FAEF
:109BA000422128460AF0A2FA394628460AF09EFACF
:109BB000002128462E4C0AF099FA04F1400654F888
:109BC000041F28460AF0B2FAB442F8D12846BDE88C
:109BD000F8400AF035BD234E03224FF0FF332846EC
:109BE0007270F3620AF01CFD4A2128460AF07EFAE0
:109BF000422128460AF07AFA394628460AF076FACF
:109C0000FF2128460AF072FA06F12804683654F853
:109C1000041F28460AF08AFAB442F8D12846BDE863
:109C2000F8400AF00DBD134BA7701A7822719EE719
:109C3000F1F72EFF482200210F481CF04DF8242296
:109C40000E4800211CF048F80C4A0023C2E90933F1
:109C50001363D36201232279A37088E72C8100204B
:109C6000347D002000810020CC7B0308508F002031
:109C700028810020F7000020B08000207C80002098
:109C80002DE9F041AD4FBB7A5B078CB042D5AC4CAF
:109C90002578012D064635D0022D46D0002D3CD02A
:109CA000032363706FF00103E3620AF0B9FC4A21F9
:109CB00030460AF01BFA422130460AF017FA2946CC
:109CC00030460AF013FAFF2130460AF00FFA04F189
:109CD0002805683455F8041F30460AF027FAA542D3
:109CE000F8D130460AF0ACFCBB7A964C944800217F
:109CF00023F00403BB726C2221700CB0BDE8F0416C
:109D00001BF0EABFA378012B00F08980042B1CD044
:109D10000423A3700CB0BDE8F081A378013B032BB2
:109D2000F6D8DFE803F050692F5FA178022900F030
:109D3000158104297DD00129EAD1834B1A6BB2F534
:109D40007A7FC0F01A83A570E4E763797F4A61697E
:109D50007C4D03EB430302EBC303A2685B685B1A11
:109D6000C4E90C23D4E90332FF21C4E90E23FFF731
:109D7000B5FDBB7A002123F004032046BB726C22A0
:109D80002970BAE7402504E06B1E13F0FF0500F0D0
:109D90005D8108AB0E2220793B2102F019FEA368F9
:109DA0000133DAB2A360002AEED12079752102F0E6
:109DB000B7FD237F002BE7D0E3798342E4D023690A
:109DC00001332361E0E7E378772B40F2A58200239B
:109DD000C4E903330221A170A3600CB0BDE8F041D7
:109DE000FFF77CBDA369A268FF21C4E90C232369A6
:109DF000A363FFF773FD77E7A3687F2B40F2A6828A
:109E00006379524903EB4303002201EBC3030321AF
:109E1000A170A26022615B68C4E90532DDE7A36836
:109E2000B3F57A6FC0F0688102220421A270236327
:109E3000D3E7454B9FED467A596A9A6A93ED0D6ACE
:109E4000D3ED0E7AD3ED0F4AA1630A449A62DA6A1F
:109E5000226326EE075A1A6B626367EE875A64EE36
:109E6000876A1A68BDEEC55AFDEEE55AFDEEE66A50
:109E7000012A84ED0F5AC4ED105AC4ED116A00F2A4
:109E800033820022A2645A68012A00F2138200225F
:109E9000E2649A68012A00F2DB81002267EEA77A69
:109EA0009FED2C5AD3ED156AD3ED135A2265E6EED9
:109EB000067A9A6993ED146AE4EEA47A012ADFED3A
:109EC000244AB1EEE77A66EE857A65EE855AFDEEB4
:109ED000E77A26EE056AC4ED177A67EE247AFDEE7E
:109EE000E55ABDEEC66AFDEEE77AC4ED155A84ED7B
:109EF000166AC4ED187A00F29381002204213046DC
:109F000003936266FFF7EAFC039BDA6A01320E2ACA
:109F1000DA6200F2B884482200210F4803931BF054
:109F2000DBFE2422002108481BF0D6FE039B002202
:109F300001215A621A63A170ECE600BF347D002053
:109F400000810020F88000207C800020508F0020BD
:109F500000007A440000C842B0800020C94BDFED09
:109F6000CA7AD3ED005A93ED017A93ED026AC74B9A
:109F70009FEDC74AD3ED012A93ED003AD3ED023AA3
:109F8000C44BDFEDC51AD3ED024A65EEA56A27EE94
:109F9000275AE7EE076A93ED007AE6EE066A27EEA7
:109FA000047AB1EEE62AD3ED016ABC4B66EE846A10
:109FB00064EE844A93ED004AB94B65EEA75A26EE4B
:109FC000276A62EEA72A23EE273A63EEA73A66EEE7
:109FD000A16A27EE217A64EEA14A22EE272A64EED6
:109FE000277A1A6B2263FDEEE44ABDEEC22ABDEE6B
:109FF000C55AFDEEE55ABDEEC66AFDEEE22ABDEE9B
:10A00000C33AFDEEE33AFDEEE66ABDEEC77AFDEE39
:10A01000E77A5A6ADB6AC4ED164A84ED172A84EDA2
:10A020000E5AC4ED0F5A84ED106AC4ED112A84ED66
:10A03000123AC4ED133AC4ED146A84ED157AC4EDF6
:10A04000187A63636266FFF749FC61E6637F93BB3E
:10A050009DF820109DF821309DF8222003EB01236C
:10A06000E3839DF823309DF8241003EB022323841F
:10A070009DF825309DF8262003EB012363849DF88D
:10A0800027309DF8281003EB0223A3849DF8293084
:10A090009DF82A2003EB0123E3849DF82B309DF8E3
:10A0A0002C1003EB022323859DF82D30012203EBB6
:10A0B00001236385627763797A4A216903EB43035D
:10A0C00002EBC30362695B689B1AA361A268002963
:10A0D00040F09D8044F61F60824200F29880C2F3F7
:10A0E0000905002D7FF416AE30460321C4E90D3575
:10A0F0002263FFF7F3FB0DE6207908AB062203216C
:10A1000002F066FC002800F03481BDF824100898A5
:10A11000BDF82030627FBDF822E049BA40BADBBA10
:10A120000DB222B90222C4F81E006184627713F5D1
:10A13000805F00F0D2839EFABEFE1EF5805F00F0C5
:10A14000CC8315F5805F00F0C883DFF860C19CF810
:10A150000020002A00F0CB83534FB7F900209A4229
:10A16000904600F0CB83B3EB080244BF5A42A2EB07
:10A170000802B7F902303860B2F5967FD8BF4FF0C9
:10A1800000081A46C8BF4FF00108BEEB030344BFE6
:10A19000CEF100039B1AB7F904E0B980B3F5967FBE
:10A1A000D4BF00230123B5EB0E0244BF6A42A2EBE9
:10A1B0000E02B2F5967F4FF0010143EA0803D4BFC7
:10A1C000002201228CF80010002B40F08C83002A22
:10A1D00040F08983E3680133E360A3680133C3F38C
:10A1E0000902A360002A7FF495AD62792D492569A3
:10A1F00002EB420201EBC20261695268A563521A86
:10A2000030460221C4E90C32FFF768FB82E5C4E95D
:10A210000D31304604212263A170FFF75FFB79E521
:10A22000013A07EE902A93ED1C7AF8EE677A87EEF2
:10A23000270AB5EE400AF1EE10FA00F1A183F1EE23
:10A24000C07A67EE857AFDEEE77A17EE902A55E63A
:10A25000013A07EE102AD3ED186AB8EE477A86EE77
:10A26000870AB5EE400AF1EE10FA00F15583B1EE1F
:10A27000C07ADFED056A27EE267ABDEEC77A17EEC3
:10A28000102A0BE6FC7C002000007A44F07C0020C1
:10A29000E12E6542D87C00200000C842BC000020AE
:10A2A0007C800020508F00203080002036800020ED
:10A2B00000007A44013A07EE102AD3ED176AB8EE8F
:10A2C000477A86EE870AB5EE400AF1EE10FA00F101
:10A2D0003D83B1EEC07A5FED0A6A27EE267ABDEEC5
:10A2E000C77A17EE102AD3E5013A06EE902AD3ED8D
:10A2F000165AF8EE666A85EEA60AB5EE400AF1EE49
:10A3000010FA00F14D83F1EEC06A66EE876ABDEE89
:10A31000E67A17EE102AB5E5590008AB20790093CC
:10A320000022012301F0FE0101F0F2FCE37850B1BC
:10A33000A2790132D2B20D2AA271226303D804EBB2
:10A340008202590051630233E370E3E420797521FE
:10A3500002F0E6FA237F002B00F0A782E379834224
:10A3600000F0A382236901332361A3680133A36052
:10A37000D0E42369013323612CE7E64EE64D96EDE8
:10A38000000AE64CCDE9031310F07CFEFDF7C2FD98
:10A3900096ED000AF1F708FF9FEDE14AD6ED004A7D
:10A3A000D5ED022A95ED002AD5ED011A94ED021A99
:10A3B000D4ED000A94ED010AF0EE443AB0EE443ACE
:10A3C000F1F796FCF1F776F9049B95ED001A1A68FF
:10A3D000D3ED0D1AD4ED000AD3ED102A93ED165AE1
:10A3E000D048D3ED195AD3ED133A9FEDCF4A93EDF0
:10A3F0001C6A0399013207EE902A31EE612AF8EEC9
:10A40000677A1A60DA6882EE277A0132DA6007EE3C
:10A41000902A30EEE23AF8EE676A37EE217AC3EE20
:10A42000267A9A69013271EE471AD0ED006A83EDFF
:10A430000D7AB0EE457AA1EE827A9A6177EEA27A31
:10A4400083ED167A30EEE77AC3ED107AF0EE657A96
:10A45000E7EE037AF0EE634AD6EE844AC3ED197A4A
:10A4600007EE902AB8EE677AB4EE411AC4EE877A06
:10A47000F1EE10FA77EEA37AB0EE677A96EE847A70
:10A48000C3ED137AF0EE467AE7EE247AC3ED1C7A38
:10A4900040F01182DFEDA57AB4EEE71AF1EE10FA82
:10A4A00000F30982DFEDA27AB4EEE71AF1EE10FABA
:10A4B0004CBF01260026F4EE600AF1EE10FA40F0DF
:10A4C000F881DFED9A7AF4EEE70AF1EE10FA00F384
:10A4D000F081DFED977AF4EEE70AF1EE10FA4CBF67
:10A4E00001270027D3ED141ADA6990ED016A9FED78
:10A4F0008E2A93ED1D5A95ED010AD4ED010A93EDD4
:10A500000E3AD3ED175A93ED114A93ED1A7A0132B0
:10A51000F0EE612A07EE902AD6EE022ADA615A6836
:10A52000B8EE671A0132C2EE817A5A6070EE433A91
:10A5300077EEA17A70EEC44AF0EE671AD6EE021AF0
:10A54000C3ED147AF0EE457AE1EEA27AB4EE400A59
:10A55000C3ED1D7A07EE902AB8EE675A1A69C3EE6A
:10A56000857A01321A61F1EE10FA77EE837A30EED5
:10A57000675AC3ED0E7AF0EE657AE5EE237AC3ED05
:10A58000177A07EE902AF8EE675AC4EEA57A77EEAE
:10A59000847A70EEE75AC3ED117AF0EE477AE5EE71
:10A5A000A47AC3ED1A7A40F08E81DFED607AB4EEC2
:10A5B000E70AF1EE10FA00F38681DFED5D7AB4EE82
:10A5C000E70AF1EE10FA48BF46F001063743F4EE11
:10A5D000600AF1EE10FA40F07481DFED547AF4EE87
:10A5E000E70AF1EE10FA00F36C81DFED517AF4EE38
:10A5F000E70AF1EE10FA4CBF012600265A69D4EDA5
:10A60000025A93ED120A95ED025AD0ED024A93EDEB
:10A61000151ADFED451AD3ED0F2A93ED184A0132D2
:10A6200007EE902A5A611A6A75EEC00AF8EE677A48
:10A630000132B0EE412A80EEA77A1A6207EE902A24
:10A6400094EEA12A9A68F8EE673A37EE007AC2EEE5
:10A65000237A01329A6035EEC70A77EE817A83ED6C
:10A66000127AB0EE671A94EEA11A93ED1E7AC3ED3A
:10A67000157AF0EE477AE2EE017A35EE623AC3EDF2
:10A680001E7A07EE902AB8EE677AD3ED1B3AC3EE36
:10A69000077AE0EE803A77EEA27AB4EE455A35EECC
:10A6A000677AC3ED0F7AF0EE447AE3EE077AF1EEC3
:10A6B00010FAC3ED1B3AC3ED187A40F00081DFEDCC
:10A6C0001B7AB4EEE75AF1EE10FA00F3F880DFEDF2
:10A6D000187AB4EEE75AF1EE10FA48BF47F00107D6
:10A6E00046EA0700F4EE655AF1EE10FA40F0E58014
:10A6F000DFED0E7AF4EEE75AF1EE10FA00F3DD80AA
:10A70000DFED0B7AF4EEE75AF1EE10FA4CBF0122BE
:10A7100000220FE0287D0020FC7C0020F07C00203F
:10A7200000000000D87C0020E12E6542CAF2497189
:10A73000CAF249F1A84CD4ED007AF4EE677AF1EE52
:10A7400010FA40F0C8809FEDA57AF4EEC77AF1EEDA
:10A7500010FA00F3C0809FEDA27AF4EEC77AF1EE12
:10A7600010FA48BF40F0010002439E48D0ED007A45
:10A77000F4EE677AF1EE10FA40F0AB809FED977A35
:10A78000F4EEC77AF1EE10FA00F3A3809FED947A0D
:10A79000F4EEC77AF1EE10FA48BF42F00102924897
:10A7A000D0ED007AF4EE677AF1EE10FA40F08F8087
:10A7B0009FED8A7AF4EEC77AF1EE10FA00F3878003
:10A7C0009FED877AF4EEC77AF1EE10FA48BF42F0B7
:10A7D00001028648D0ED007AF4EE677AF1EE10FAC5
:10A7E00073D19FED7E7AF4EEC77AF1EE10FA6CDC4D
:10A7F0009FED7B7AF4EEC77AF1EE10FA48BF42F093
:10A800000102B4EE466AF1EE10FA10D1DFED737A70
:10A81000B4EEE76AF1EE10FA09DCDFED717AB4EE1E
:10A82000E76AF1EE10FA54BF114642F00101F4EE6E
:10A83000666AF1EE10FA34D1DFED687AF4EEE76A79
:10A84000F1EE10FA2DDCF4EE644AF1EE10FA28D1A4
:10A85000F4EEE74AF1EE10FA23DCDFED617AF4EE74
:10A86000E74AF1EE10FA1CD4F4EEE76AF1EE10FAC2
:10A8700054BF0A4641F00102D2B292B91A6B0132BA
:10A880001A63FFF747BA9B6AA3634FF47A73226394
:10A89000FF2103FB02F230466263FFF71FF8FFF768
:10A8A00023BA5A6A01325A62E8E7E3680133E36087
:10A8B0005BE5012716E60E46FDE501223AE7012099
:10A8C00010E701269AE6012781E6012299E7012295
:10A8D0007FE7012263E7012247E7454B454A1860BD
:10A8E00099800123137023690133236175E4404B80
:10A8F0001860998001238CF800306BE4B7F90220CE
:10A9000072457FF430ACB7F90420AA427FF42BAC37
:10A9100001238CF80030E6E70693CDED054ACDED36
:10A92000047A8DED036A17F0D1F89FED337A9DED2F
:10A93000036ADDED054A069B20EE077AFDEEC77A35
:10A9400017EE902ADDED047AFFF7A8BA0693CDED55
:10A95000054ACDED047A8DED036A17F0B7F89FED47
:10A96000267A9DED036ADDED054A069B20EE077A07
:10A97000FDEEC77A17EE902ADDED047AFFF788BA6C
:10A9800004938DED035A17F0A1F89DED035A049B33
:10A9900060EE057AFDEEE77A17EE902AFFF7AEBA81
:10A9A00007938DED067ACDED054ACDED047A8DED58
:10A9B000036A17F08BF89DED067A9DED036ADDEDD5
:10A9C000054A079B20EE077AFDEEC77A17EE902A1C
:10A9D000DDED047AFFF756BAB80F0020CAF24971CC
:10A9E000CAF249F1B40F0020B00F0020AC0F0020D4
:10A9F000308000203680002000007A4470B5844802
:10AA0000844C0278A568002A4CD0834B1E78F6F758
:10AA100085FC824BDFF828C21A68801A5A6861EBFD
:10AA20000201002284458A41C0F0E0807C4B7D4ACF
:10AA300019787D4B107893F830208A4200F0D0804E
:10AA400093F8202083F8310003EB020C9954013273
:10AA500002F00F0283F8202093F821208CF81000D8
:10AA60000F2A9CBF013283F8212083F830105A6AE4
:10AA7000AA4234D000222946304683F84020FEF70F
:10AA800087FF6A4A684B12785D6202EB420204EB70
:10AA90008202616992683046BDE87040C3E90A21CC
:10AAA0000BF030BC6149604B09785D6201EB4101FC
:10AAB00004EB81016469896899625949DC62594CE7
:10AAC0000978247883F83010C3E90D22012183F836
:10AAD00031401A84DA6383F84020017070BD534A14
:10AAE0006069127802EB420204EB82029C6A92686F
:10AAF000944202D1DC6A844207D0C3E90A2030467E
:10AB00000BF000FC464B1978474B032977D90739DE
:10AB1000012976D8464A92ED016AB5EEC06AF1EE97
:10AB200010FA01D5B1EE466AD3ED0E7ADFED416A37
:10AB30009FED417A76EE675AB1EE085AE5EEA67AB5
:10AB4000DFED3E5AD2ED026AC3ED0E7AF4EEC77A1B
:10AB5000F1EE10FAD8BFB0EE677AE7EE055AF4EEE0
:10AB6000C65AF1EE10FAF5EEC06A4CBF0121002181
:10AB7000F1EE10FA01D5F1EE666AD3ED0F7A9FED92
:10AB80002D6A9FED2D7A93F8402076EEE75AE5EE98
:10AB9000867A9FED2A6AC3ED0F7AF4EEC77AF1EE5A
:10ABA00010FAD8BFB0EE677AF1EE085AA7EE256A20
:10ABB000F4EEC66AF1EE10FA27DC31BB8A4218BF08
:10ABC000013AD2B2022A83F8402087D9294630467A
:10ABD000FEF7DEFE144B002283F840205D6270BD5C
:10ABE00093F8312082427FF42BAF40E7F6F796FBD3
:10ABF0000A4BC3E9000130460BF084FB16E701293C
:10AC000088D8002283F8402070BD0132D2B2D9E743
:10AC1000F8800020D88E0020689000202880002036
:10AC2000307D00203F38002038800020F7000020D1
:10AC3000F07C0020CDCC4C3D9A99193ECDCCCC3D3A
:10AC400040420F0000B5424BDFF808C1DFF818E1C1
:10AC500083B0002218E093ED037AD3ED046AB4EEDA
:10AC6000E77AF1EE10FA29DCF4EEE67AF1EE10FA6A
:10AC7000D4BF17EE901A16EE901A60440132802A63
:10AC8000C0F8071022D01C331968002944D0187965
:10AC9000032849D0097807EE901AF8EE677A9000F9
:10ACA00059790029D7D00EEBC10191ED007AD1ED91
:10ACB000016AB4EEE77AF1EE10FAD5DD17EE101A5C
:10ACC00060440132802AC0F80710DCD1214B0022F9
:10ACD00003F6EC4053F8041B834282EA0102F9D1E7
:10ACE0009CF8ED1C9CF8EC0CCDF800C04840C2F379
:10ACF000072350405840C2F30743584080EA12608F
:10AD00008CF8EE0C144A40F6EF430821012000F0C5
:10AD1000B9FC68B903B000BD0CEB82019000D1F81A
:10AD2000071007EE901ABBE7D1ED007A9000B7E765
:10AD30000A4B00930A4A20230821002000F0A2FCBD
:10AD40000028E7D0074B00221A7003B000BD00BFF7
:10AD5000FC6C0308B08100200040000888810020BE
:10AD600000500008A8810020FC7A030838B55A4C2E
:10AD7000054640F65122002120461AF0ADFF402240
:10AD80000021A4F192001AF0A7FF002D73D06FF4F8
:10AD9000277504EB050E5148514900238EF8063003
:10ADA000AEF8043000F1FF3C00F6FF544FF0FF33E3
:10ADB0001CF8012F5A4012F0010318BF0B4683EA1A
:10ADC000520313F0010218BF0A4682EA530212F03E
:10ADD000010318BF0B4683EA520313F0010218BFA8
:10ADE0000A4682EA530212F0010318BF0B4683EAB7
:10ADF000520313F0010218BF0A4682EA530212F00E
:10AE0000010318BF0B4683EA520313F0010218BF77
:10AE10000A46A44582EA5303CAD1DB43314ACEF83D
:10AE20000732CEF80020002310E0D0ED057AFCEECA
:10AE3000E77A17EE901A11700EEB83020133416925
:10AE4000C2F80710802B00F11C0008D00268002A0D
:10AE5000F2D001790329E8D141691160ECE7224B76
:10AE6000224A1B780121052B117000D138BDBDE8A5
:10AE70003840FFF7E7BE1D222946A4F13E0044F802
:10AE8000525C44F84E5C44F84A5C44F8465C44F832
:10AE9000425C1AF021FF164B16491B68164A44F80B
:10AEA0001D5C6FF4277004EB000E44F8195C44F845
:10AEB000155C44F8115C44F80D5C44F8095C0D70B5
:10AEC00044F8215CCEF86432CEF86832CEF86C32A9
:10AED000CEF898225FE700BF4D840020FC6C030889
:10AEE0002083B8EDE6BEEDFE307D0020A881002075
:10AEF000C07B030888810020CDCC0C3F03061ED404
:10AF0000124BC0EBC00003EB80035A79C2B1104B67
:10AF100003EBC20393ED007AD3ED016AD1ED007A21
:10AF2000F4EEC77AF1EE10FA02D581ED007A70479F
:10AF3000F4EEE67AF1EE10FA01DDC1ED006A704739
:10AF400093ED037AD3ED046AE8E700BFFC6C0308D5
:10AF5000FC7A0308054B1B781BB1054B1B78052BAE
:10AF600001D101207047FFF76DBE00BFA88100200E
:10AF7000307D002000B52F4A2F4B12789978C2F30C
:10AF8000400060F304119970197AC2F3001060F365
:10AF900041011972597A62F304115972D97941F059
:10AFA0002001D971D978C2F3C00C6CF3C301D970F8
:10AFB000597ADFF8A0C0C2F3401060F386115972CD
:10AFC0001E491F484FEAD21EC2F380020A705A7A05
:10AFD0006EF382025A72D9789A7AC1F3C00161F392
:10AFE000C3029A729CF80020164902F0010C81F805
:10AFF00000C01549C2F3400C81F800C01349C2F3E8
:10B00000C00C81F800C01249C2F3801C81F800C056
:10B01000D97912F0100FFFEE007AB7EE007AC2F382
:10B02000401218BFF0EE477A62F38611C0ED007A45
:10B03000D97100BDA38E0020347D0020A48E002095
:10B0400008000020A88E0020A68E0020A78E0020D9
:10B05000A58E0020A28E0020404ADFED417A92EDBD
:10B06000006ADFED405AD2ED016A92ED027AB4EE49
:10B07000E76AF1EE10FAB4EEE56ACCBF01230023D3
:10B08000F1EE10FA10B5D2ED037A4FEAC31301D5F1
:10B0900043F040039FED326AF4EEC66AF1EE10FA17
:10B0A0004FEA930302DD63F07F03DBB29FED2D6A6D
:10B0B000F4EEC66AF1EE10FA01D543F04003DFED7D
:10B0C000286AB4EEE67AF1EE10FA4FEA930302DD55
:10B0D00063F07F03DBB2DFED236AB4EEE67AF1EED4
:10B0E00010FA01D543F040039FED1D7AF4EEC77AC4
:10B0F000F1EE10FA4FEA930402DD64F07F03DCB254
:10B100009FED187AF4EEC77AF1EE10FA01D544F00B
:10B110004004F6F7C7F9144A137843B1012B05D15F
:10B12000124B1B78A34210D00023137010BD0F4B9D
:10B130001978A142FAD04FF4FA6110201C70F6F78A
:10B1400021FA094A0123137010BD1020F6F770FA96
:10B150000028EBD0044A0223137010BD00300020F9
:10B160009999993E3333333F6D8100206C810020E3
:10B170002E4B1B78032B02D00020FAF7E7BC10B54A
:10B18000FFF76AFF2A4B1A78022A04D0BDE8104064
:10B190000020FAF7DBBC274A1278DD2A37D02FD8F7
:10B1A0007D2A3ED0BD2A37D19FED236AF9EE046A8D
:10B1B000224A234992ED9D7AD2ED9C7A37EE067AA7
:10B1C00077EEA67A82ED9D7AC2ED9C7A4FF001026D
:10B1D00014460A70FDF7A2FB0020FAF7CBFC002111
:10B1E0000120FDF777FCF6F75DF964211020F6F7F2
:10B1F000C9F914491620F6F7C5F90D4B1C70C5E7BF
:10B20000ED2A09D1DFED0C6AB1EE046AD0E7DFED7B
:10B210000A6AB9EE046ACBE700201870FAF796FCC8
:10B22000B4E79FED056AF1EE046AC1E7307D0020C6
:10B230006D8100206C81002000000000B0810020A2
:10B24000A8810020C0D401000020FFF78FBD00BFFF
:10B2500008B52DED028BF7F79BF93F4B1B78DA1FF2
:10B26000012A12D90B2B10D03C4B1A78A2F10D03F6
:10B27000052B31D9A2F11403012B61D9A2F11603D8
:10B28000022B94BF0321002127E0354B354AD3ED33
:10B29000007A354B1168DFF80CC1C3F840C0F1EEFD
:10B2A000677A4FF07C520020C3ED067A9A63D86328
:10B2B000D962F2F7ADFEF6F72BF82C4A2C4B127838
:10B2C00007EE902AF8EE677AC3ED137A234B1A78CB
:10B2D000A2F10D03052BCDD80121264BDFED267AF7
:10B2E00003EB820393ED008A244A254B117028EE6C
:10B2F000278AB0EE480A83ED008A16F04FFC214BF6
:10B3000083ED000AB0EE480A16F008FC1E4B1F49F8
:10B3100000221A7081ED000AFFF72CFE1C4B9B786F
:10B3200053B19FED097B1B4A1B491C4BBDEC028BA3
:10B3300081ED007B1A6008BD9FED057B184AF3E79D
:10B340000221CAE7AFF30080E8030000000000001C
:10B35000D007000000000000307D0020F500002034
:10B360007838002074810020D038002081810020AE
:10B37000102D00208464030835FA8E3CA98E00202D
:10B38000B0100020AC100020187D00204C000020E0
:10B39000CC7B03086F12833AE00000202C7D002054
:10B3A0006F12033B0000A04038B58348834A202138
:10B3B00000F01CF98148034600F1200102E08B42B5
:10B3C00000F085801A78FF2A03F10103F7D00023EB
:10B3D000C3777B4C7A4A7B4840F6EF4100F006F990
:10B3E000234604F6EF4102E0994200F086801A7885
:10B3F000FF2A03F10103F7D0734B22689A4269D107
:10B40000DFF8E4E1D4F8075270490EF1FF300EF690
:10B41000FF5C4FF0FF3310F8012F5A4012F0010388
:10B4200018BF0B4683EA520313F0010218BF0A4605
:10B4300082EA530212F0010318BF0B4683EA52035B
:10B4400013F0010218BF0A4682EA530212F0010308
:10B4500018BF0B4683EA520313F0010218BF0A46D5
:10B4600082EA530212F0010318BF0B4683EA52032B
:10B4700013F0010218BF0A46604582EA5303CAD19D
:10B48000DB439D4240D14E4B002203F6EC4053F883
:10B49000041B834282EA0102F9D194F8ED1C94F86E
:10B4A000EC3C4B405340C2F307214B40C2F30741F1
:10B4B0004B4083EA126394F8EE2CDBB29A422AD016
:10B4C0000423002084F89C32FFF750FC08E000239E
:10B4D00003707EE70223002084F89C32FFF746FCCD
:10B4E0003B4A3C491278CB78C2F3C00262F3C303F3
:10B4F000CB70BDE83840FFF7ABBE0523002084F8D1
:10B500009C32FFF733FCEBE70323012084F89C32E5
:10B51000FFF72CFCE4E7304D002327E0DEED037A53
:10B52000DEED046AB4EEE77AF1EE10FA224408D4B4
:10B53000B4EEE67AF1EE10FAD4BFF0EE477AF0EE10
:10B54000667A9EF80400032817EE90CA18BFFCEE36
:10B55000E77AC2F807C016BF17EE902AC1ED007A4D
:10B560000A700133802B0EF11C0E15D0DEF800108E
:10B5700004EB83020029F4D0D2F807209EF80500DE
:10B5800007EE102A9A000028C8D005EBC000D0EDC5
:10B59000007AD0ED016AC5E7104B1B781A1F012A0B
:10B5A00005D923B10E480F4A037001211170012300
:10B5B00084F89C3294E700BF005000088881002086
:10B5C000B081002000400008E6BEEDFE2083B8ED0B
:10B5D000A38E0020347D0020FC7A0308F9A000200F
:10B5E0009F8E0020A8810020FC6C030881B34B1EB5
:10B5F000052B70B502F1FF33154620D91A1A022A1D
:10B600001DD921F003048E0802190346A5EB000E94
:10B61000D3F800C04EF803C004339342F8D1A142DE
:10B620000CD01B7805F82630631C994206D90234E9
:10B63000C25CEA54A14201D9035D2B5570BD0130B3
:10B640001944401BC25C03F8012F8B42FAD170BD34
:10B65000704700BF10B582B0044615F079F8F320AA
:10B6600015F08EF80221204615F0DAF8019015F059
:10B670007FF80198A0F10800B0FA80F0400902B00C
:10B6800010BD00BF2DE9F04190461D4670B10C463B
:10B6900015F05EF8F32015F073F80221204615F03E
:10B6A000BFF8044615F064F8082C1AD115F050F8CC
:10B6B000F32015F065F8BDB1069B08F104061C1FC8
:10B6C000F61AC3F1040701E09D420DD9301954F870
:10B6D000041F15F0D5F8082807EB0403F4D015F083
:10B6E00047F80020BDE8F08115F042F8154B1A68C4
:10B6F00022F480621A601A6842F480521A601A6852
:10B7000022F480521A60BFF34F8FCDB1069B069A88
:10B71000013B08F101001D44801A01E0AB420FD04B
:10B72000C25C13F8011F52B28A42F7D00020054ACA
:10B73000136843F480631360BFF34F8FBDE8F0815B
:10B740000120F4E7003C02403A4AC0EBC00110B5CA
:10B7500002EB810284B05468A28A92B20292029AE9
:10B76000029A12F4E06F034610D1A28A324903EB29
:10B770004303DB00C81822F470624FF0010CA28270
:10B7800001F803C00023437004B010BD0190208B6A
:10B7900080B2002203904FF48061204614F0CEFF67
:10B7A000029A019B12F4007FDFD122889205DCD43B
:10B7B0002288D0051AD51E20F1F742F9019B47F2E5
:10B7C000305201E0013A23D02188C905FAD447F26A
:10B7D000305201E0013A02D021888805FAD40121D3
:10B7E0002046019314F086FF019BBEE7012120460D
:10B7F000019314F07FFF1F20F1F722F9019B47F21C
:10B80000305201E0013AB0D021888905ADD5F9E781
:10B8100003EB43030849DB004FF0010C01F803C0C0
:10B820000B4420464FF4E0615A7004B0BDE810406C
:10B8300014F084BFEC7C0308508F0020B74AC0EBA3
:10B84000C00302EB83032DE9F0435D68AB8A13F07C
:10B85000010187B0044673D113F0020C45D0BFF349
:10B860005F8FAF4F00EB400807EBC8084600B8F801
:10B870000E309BB2012B00F02E812B8B8DF81730F0
:10B88000BFF35F8F06EB040807EBC808C4EBC403E3
:10B8900002EB8302B8F80E3055689BB2022B00F021
:10B8A000438106EB040807EBC808B8F80E309BB2DA
:10B8B000032B07D198F80B3023B198F80830002BF0
:10B8C00040F0408101224FF48061284614F036FF99
:10B8D000331907EBC303DB89924A9BB2125701333A
:10B8E0009A421CD007B0BDE8F08313F0040261D186
:10B8F000DFF8308218F9001013F04000814640F064
:10B9000049811A06864F00F18B8104EB44036600DF
:10B9100007EBC303DB899BB201339942E2D13319B0
:10B9200007EBC30300221A725B7A002B40F0EF8012
:10B93000264407EBC6060023737007B0BDE8F0830A
:10B940002B88DFF8E081764F23F400632B80012100
:10B95000284614F0E3FE002308F8043004EB440307
:10B9600007EBC3036600DA7A002A6BD01A7A002A42
:10B9700065D0331907EBC30301221A72DB899BB22E
:10B98000022B03D12B8843F400632B80331907EB80
:10B99000C3030122197B0093284614F0B5FE009BD7
:10B9A000DB8918F904209BB201339A42B7D007B063
:10B9B000BDE8F0835A4F00EB400307EBC3030122BD
:10B9C0005A724600D87A002850D0197A00294DD0F2
:10B9D000D98989B2022900F262815B7A1146284630
:10B9E000002B00F0598114F085FEDFF838813319FF
:10B9F00007EBC30318F904205969009202F1010C06
:10BA00002846CDE9011308F804C014F093FEDDE9DF
:10BA10000021029B88545A6918F904300192591C7C
:10BA20002846009308F8041014F084FEDDE9003283
:10BA3000D05418F80430013308F8043034E05B7B4C
:10BA4000FF2B96D0331907EBC3030022197B009319
:10BA5000284614F059FE009B5A7BFF2AA0D0DB89B0
:10BA6000FF2208F8042007B0BDE8F08306EB0408C5
:10BA700007EBC80898F8083023B998F80A30002B6B
:10BA800000F0BC80331907EBC30301215B7A284621
:10BA9000002B00F0B08014F02DFEDFF8888018F83D
:10BAA0000430013308F804302020F0F7C9FF47F2D2
:10BAB000305201E0013A4ED02B88D905FAD433191F
:10BAC00007EBC30318F90420DB899BB201339A42C8
:10BAD0007FF408AF23E798F80B0000283FF4CDAEC1
:10BAE00098F8080000283FF4C8AE2846009314F0E8
:10BAF00015FEBFF35F8F2A8B00998DF8172028461B
:10BB000014F0F8FD009B88F809301A461BE028461F
:10BB10004FF4407114F012FE0AE700BFEC7C0308FA
:10BB2000508F0020AC8E002098F80B30002B3FF493
:10BB3000B8AE98F80830002B3FF4B3AE0021284689
:10BB400014F0ECFD00224FF48061284614F0F6FD5D
:10BB5000B8F80E30C0E6311907EBC10C18F9040033
:10BB6000BCF80E309BB2013398424FEAC1013FF45A
:10BB7000D6AEDCF804300133CCF8043001237B541A
:10BB800028464FF4E0618CF8012007B0BDE8F0438F
:10BB900014F0D4BD5C4F039204EB440307EBC303E2
:10BBA000481C5A6908F804002846CDE90023029190
:10BBB00014F0C0FD009A0299019B505418F904102A
:10BBC000DB89039A9BB2C81C83424FEA44061FD00C
:10BBD000331907EBC303DA89DB8992B28A427FF417
:10BBE0009AAE4A1C9BB252B201339A4208F8042022
:10BBF0007FF478AE93E614F073FD4EE701212846FA
:10BC000014F06EFD012388F80830DFF800814BE75F
:10BC10004FF48061284614F091FD18F90410D7E71D
:10BC20004B1C1ED004EB440307EBC3034A1C08F86B
:10BC300004201A690093515C284614F079FD009B9A
:10BC400018F90410DA8992B28A424FEA44067FF466
:10BC500061AE4A464FF48061284614F06FFD009BA8
:10BC60009EE604EB440307EBC30308F80400597B8A
:10BC70000093284614F05CFD009BDA7A660022B936
:10BC8000DA8992B2002A7FF48BAE00224FF48061F1
:10BC9000284614F053FD12E714F022FDA5E6DFF864
:10BCA0006C8000936146284614F038FD009B18F91B
:10BCB00004105A69029101F1010C2846CDE90023D4
:10BCC00008F804C014F036FD009A02995054284632
:10BCD000012114F00FFD019B01225A72596918F9D4
:10BCE0000430019103EB020C2846009308F804C0CD
:10BCF00014F020FDDDE900310122C8544FF48061C9
:10BD0000284614F01BFDCFE6508F0020AC8E00209B
:10BD1000F8B505463B483C4EDDF818E000EB051051
:10BD2000C4783A48C4EBC40700EB870004EB440C2A
:10BD3000476806EBCC004FEACC0C0173427301213B
:10BD400000228272C1720272427206F80C20C0F8A0
:10BD500014E0C0F810E0C3814170BB88980507D497
:10BD60003B88D90532D504EB4403DB00F35C33B3E5
:10BD700004EB4401C80047F2305306EBC10101E077
:10BD8000013B04D04A78002AFAD1335CABB104EB12
:10BD9000440306EBC30300265E705A6801325A6002
:10BDA0001B4B05EB450503EB850320469A680132E2
:10BDB0009A6000F0A7FF3046F8BD0120F8BD0122CF
:10BDC00038464FF4407114F0B9FCD1E72120F0F768
:10BDD00037FE47F2305301E0013B07D03A88920525
:10BDE000FAD40121384614F07BFCBCE704EB440391
:10BDF000DB000122F25404EB4403DB00F35C002B74
:10BE0000B6D1DCE7B88F0020508F0020EC7C03080F
:10BE1000D88E00202DE9F041664CDFF89CC10E461B
:10BE200004EB00111D46C978C1EBC10E82B01CF8AD
:10BE30002E3003B11AB9002002B0BDE8F0810CEB3E
:10BE40008E0C0329A846DCF80430174605460BD8AB
:10BE50001A88D20708D547F2305202E0013A00F0C2
:10BE60009B80188B8007F9D4184600224FF4E061BC
:10BE7000019314F063FC0198012114F04FFC019B25
:10BE80009A8A22F480629A821846012114F028FCD2
:10BE9000019B47F2305C02E0BCF1010C77D0B3F8B3
:10BEA00014E01EF0010FF7D004EB051218461179CB
:10BEB0000193002214F028FC019B47F2305201E06C
:10BEC000013A5AD0998A8907FAD59A8A520554D4E8
:10BED0001A8B1E8247F2305201E0013A57D0998AFC
:10BEE0000806FAD547F2305201E0013A4FD0998A5C
:10BEF0004907FAD518460121019314F0F1FB019B83
:10BF000047F2305201E0013A41D0998ACE07FAD582
:10BF100004EB0514012221790193184614F0F4FB77
:10BF2000019B47F2305201E0013A26D0998A8807F6
:10BF3000FAD59A8A12F480621FD114461A8B7A1E9F
:10BF4000D6B208F1FF35224696422BD047F2305246
:10BF500001E0013A1BD0998A4906FAD529461A8A86
:10BF600001F8012F0134E2B297420D46ECD8184691
:10BF7000012114F0BFFB01205EE79A8A22F480625F
:10BF80009A82184601211B8B14F0B4FB53E7012160
:10BF9000184614F0AFFB4EE70846019300F02EFE62
:10BFA000019B61E718460021019314F0B7FB019B48
:10BFB000CCE700BFB88F0020EC7C03082DE9F041EE
:10BFC0004C4CDFF834C10E4604EB00111D46C97815
:10BFD000C1EBC10E82B01CF82E3003B11AB900209B
:10BFE00002B0BDE8F0810CEB8E0C0329A846DCF80A
:10BFF0000430174605460AD81A88D20707D547F2F3
:10C00000305201E0013A6ED0188B8007FAD41846FE
:10C0100000224FF4E061019314F090FB019801219C
:10C0200014F07CFB019B9A8A22F480629A82184663
:10C03000012114F055FB019B47F2305C02E0BCF19A
:10C04000010C4BD0B3F814E01EF0010FF7D004EB55
:10C050000514184621790193002214F055FB019B29
:10C0600047F2305001E001382ED0B3F814C01CF074
:10C07000020FF8D09A8A520526D41A8B1E8247F2F4
:10C08000305201E0013A29D0998A0C06FAD542468D
:10C09000BC181178198247F2305101E001391DD0E6
:10C0A000988A0006FAD50132A242F2D147F2305204
:10C0B00001E0013A12D0998A4907FAD518460121C0
:10C0C00014F018FB01208BE79A8A22F480629A828E
:10C0D000184601211B8B14F00DFB80E70121184647
:10C0E00014F008FB7BE70846019300F087FD019BF5
:10C0F0008DE700BFB88F0020EC7C03082DE9F84FD6
:10C10000904ADFF88092904D904E002709F8007019
:10C1100080460346E87402EB800A4FF0080B0EE0FD
:10C1200019F80830FF2B1CBF013309F808300BF158
:10C13000010B5FFA8BFBBBF1780F46D0EB7CC3EBB6
:10C14000C3034FEA4B0216F823102A7506EB83034C
:10C150000029E5D05C6800224FF4E061204614F02D
:10C16000EDFA0121204614F0D9FA0121204614F0FD
:10C17000B7FA47F2305302E0013B00F0CC80A28ACC
:10C18000D107F9D5297DA38A0022204614F0BCFAF4
:10C1900047F2305302E0013B00F0C880A28A9207C8
:10C1A000F9D5A38A5B0540F1A580238BA38A0BF107
:10C1B000010B23F480630121A38220465FFA8BFBED
:10C1C00014F098FABBF1780FB8D1614BB8F1010FB8
:10C1D00003F8087018D15F4B5F481968326A090C80
:10C1E00001805E4958680880D9685D485B6A090C1F
:10C1F00001805C4910880B805B495C4B0880918B07
:10C2000019805B4B128C1A805A4C5B49207807F0DE
:10C2100047FE0023207841461A4607F0FBFE5749A7
:10C22000207807F03DFE002F00F082802078454DF9
:10C230002021FAF7FDFA20783021FAF7F9FA207870
:10C240007821FAF7F5FA15F82810207807F036FE6D
:10C25000012F4AD020782021FAF7EAFA05EB880668
:10C2600020783021FAF7E4FA20787821FAF7E0FA1A
:10C270002078717807F022FE022F36D02078202116
:10C28000FAF7D6FA20783021FAF7D2FA2078782116
:10C29000FAF7CEFAB178207807F010FE032F24D0F9
:10C2A00020782021FAF7C4FA20783021FAF7C0FA72
:10C2B00020787821FAF7BCFAF178207807F0FEFDB3
:10C2C000042F12D020782021FAF7B2FA08F10108E1
:10C2D00020783021FAF7ACFA20787821FAF7A8FA1A
:10C2E000207815F8281007F0E9FD2078BDE8F84F10
:10C2F00007F0C8BD238BA38A23F480630121A382A6
:10C30000204614F0F7F9032F3FF611AF7B1C0AF813
:10C3100007B0DFB20BE7A38A238BA38A23F48063E1
:10C320000121A382204614F0E5F9F9E6A38A3CE74F
:10C330002078134907F0B4FD2078BDE8F84F07F0E6
:10C34000A1BD00BFC48E0020B88F0020EC7C030884
:10C35000D48E002000040240BC8E0020BA8E002043
:10C36000B88E0020B68E0020B48E0020B28E002041
:10C37000B08E002068900020D8650308DC650308B3
:10C38000E8650308C08E0020F0B5A1B01C06DDF8FA
:10C3900098E07CD406465848584D00EB0610C47807
:10C3A00004EB440005EBC00CC0008CF80C108CF8BA
:10C3B0000D20012100228CF808208CF809208CF82F
:10C3C0000A108CF80B202A54CCF810D06A46CCF80E
:10C3D00014D0ACF80E308CF8011063B3591E052947
:10C3E0006BD90DF1FF31A1EB0E000228714664D923
:10C3F00003F0FC0CF44451F8040B42F8040B6145C3
:10C40000F9D19F0717D003F0FC02511C0DEB02007D
:10C41000C9B21EF8027007708B420CD902320DEBC4
:10C420000100D2B21EF801100170934203D91EF828
:10C4300002306A441370324BC4EBC40203EB820334
:10C440005F68BB88980525D504EB4401C80047F216
:10C45000305305EBC10101E0013B04D04A78002ACA
:10C46000FAD12B5C33B3274A04EB440305EBC30337
:10C4700006EB460602EB8602002159705D68916862
:10C480000135013120465D60916000F03BFC0020E9
:10C4900021B0F0BD3B88D90518D504EB4403DB007F
:10C4A000EB5C002BD0D1012238464FF4407114F0E0
:10C4B00045F9C9E7012021B0F0BD7146734411F878
:10C4C000010B02F8010B9942F9D1B4E72220F0F7F1
:10C4D000B7FA47F2305301E0013B07D03A889205A2
:10C4E000FAD40121384614F0FBF8D6E704EB4403F4
:10C4F000DB000122EA54D0E7B88F0020508F0020E3
:10C50000EC7C0308D88E002070B5594B84B01878A5
:10C51000182108F0BDF8574B93F8302042B956491E
:10C520005648CB79026062F30413CB7104B070BD3E
:10C53000F4F7F4FE4F4B524A93F83130012BC2E925
:10C54000020167D0022B53D0002B73D14A4C4B48C9
:10C55000E2794C4901934FF4803CC0F800C042F0AE
:10C56000100220200860E27118464FF0FF350DF1EF
:10C570000F0201218DF80F50F4F7FCF955210DF150
:10C580000F028DF80E1001989DF90F608DF80F5075
:10C590000121F4F7EFF99DF90F209DF90E1091425A
:10C5A0005CD1FF230DF10F02012100208DF80F3027
:10C5B000F4F7E0F9FF230DF10F02012100209DF9AE
:10C5C0000F408DF80E608DF80F30F4F7D3F99DF918
:10C5D0000F309DF90E209A4235D12749A4F155021A
:10C5E000CB79B2FA82F2520962F30413CB719DE760
:10C5F000244B22494FF480724FF4003C30201A60E3
:10C60000C1F800C0FFF726F81B4AD37960F3041382
:10C61000D3718BE71B4B19494FF480724FF4000024
:10C620001A600860EEF758F8134AD37960F30413E0
:10C63000D3717BE7104A1148D379002161F30413C9
:10C640000160D37172E70C4BDB79DB06C5D50DF1C8
:10C650000E0201210020F4F753F9BEE7E279D20679
:10C660009FD501980DF10E020121F4F749F998E7E1
:10C6700068900020CC7B0308347D0020B48F00201C
:10C68000702F0020B08F002010B582B09DF81010E0
:10C6900009B902B010BD144601930090F4F73EFEB4
:10C6A000019B001B61EB0301ECF756FA009A144B57
:10C6B00002EB420103EB810191ED007A07EE900A53
:10C6C000B5EE407AF1EE10FA02EB420218BF37EEF7
:10C6D000877A03EB820308BFB0EE677AFCEEE77A55
:10C6E000596817EE902A1CBFF6EE006A27EE267AEC
:10C6F0008A4283ED007A88BF5A6002B010BD00BF45
:10C70000D88E0020F0B585B0CDE9023204460D4642
:10C71000F4F704FE0F46264901EB0411064688781B
:10C72000DDE9023240B129462046EEF735FE0346E8
:10C7300063B9184605B0F0BD097900932046134649
:10C740002A46FFF7E5FA0346002BF2D00293F4F7EE
:10C75000E5FD801B61EB0701ECF7FEF9154A029B32
:10C7600004EB440102EB810191ED007A07EE900A9F
:10C77000B5EE407AF1EE10FA04EB440414BF37EE44
:10C78000877AB0EE677A02EB8402FCEEE77A5068B3
:10C7900017EE901A1CBFF6EE006A27EE267A814249
:10C7A000184682ED007A88BF516005B0F0BD00BF29
:10C7B000B88F0020D88E0020F0B585B004460D4615
:10C7C000F4F7ACFD264B03EB041306469A780F46AC
:10C7D0005AB10DF10F03294601222046EEF7DCFD88
:10C7E00070B99DF80F0005B0F0BD19790DF10F0378
:10C7F00000932A4601232046FFF78AFA0028F0D04A
:10C80000F4F78CFD801B61EB0701ECF7A5F9154BE4
:10C8100004EB440203EB820292ED007A07EE900AE9
:10C82000B5EE407AF1EE10FA04EB440414BF37EE93
:10C83000877AB0EE677A03EB8403FCEEE77A5968F7
:10C8400017EE902A1CBFF6EE006A27EE267A8A427F
:10C8500083ED007A88BF5A609DF80F0005B0F0BDE7
:10C86000B88F0020D88E0020F0B585B004468DF832
:10C870000F200D46F4F752FD274B03EB0413064639
:10C880009A780F465AB10DF10F032946012220462E
:10C89000EEF768FE034673B9184605B0F0BD197986
:10C8A0000DF10F0300932A4601232046FFF76CFD8C
:10C8B0000346002BF0D00293F4F730FD801B61EBB0
:10C8C0000701ECF749F9154A029B04EB440102EB1E
:10C8D000810191ED007A07EE900AB5EE407AF1EE13
:10C8E00010FA04EB440414BF37EE877AB0EE677A8F
:10C8F00002EB8402FCEEE77A506817EE901A1CBF38
:10C90000F6EE006A27EE267A8142184682ED007A1A
:10C9100088BF516005B0F0BDB88F0020D88E0020D0
:10C92000F0B585B004460D46F4F7F8FC264B03EB52
:10C93000041306469A780F465AB10DF10F032946A3
:10C9400001222046EEF728FD70B99DF80F0005B0D2
:10C95000F0BD19790DF10F0300932A4601232046FB
:10C96000FFF7D6F90028F0D0F4F7D8FC801B61EB74
:10C970000701ECF7F1F8154B04EB440203EB8202DC
:10C9800092ED007A07EE900AB5EE407AF1EE10FAD9
:10C9900004EB440414BF37EE877AB0EE677A03EBFA
:10C9A0008403FCEEE77A596817EE902A1CBFF6EE76
:10C9B000006A27EE267A8A4283ED007A88BF5A60A1
:10C9C0009DF80F0005B0F0BDB88F0020D88E002074
:10C9D0002DE9F0412A4C04EB001484B094F802C015
:10C9E000BCF1000F04D004B0BDE8F041FFF78ABEEF
:10C9F0001E46CDE902120546F4F790FC88462179DF
:10CA00000096DDE90223074601F0FE012846FFF704
:10CA10007FF9044618B9204604B0BDE8F081F4F768
:10CA20007DFCC01B61EB0801ECF796F8154B05EB9C
:10CA3000450203EB820292ED007A07EE900AB5EE12
:10CA4000407AF1EE10FA05EB450018BF37EE877A11
:10CA500003EB800308BFB0EE677AFCEEE77A596813
:10CA600017EE902A1CBFF6EE006A27EE267A2046C3
:10CA70008A4283ED007A88BF5A6004B0BDE8F08135
:10CA8000B88F0020D88E00202DE9F04F89B0002A01
:10CA900064D0984613440493A1EB08030393324BEC
:10CAA00000EB4002054603EB82094FF0010B0DF14C
:10CAB0001F07039B08EB030218F8013B8DF81F309A
:10CAC0005FFA82FAF4F72AFC284B0E4603EB0511B5
:10CAD000044688783B4678B1514601222846EEF755
:10CAE00041FD034693B903EA0B0B049B4345E0D198
:10CAF000584609B0BDE8F08F0979009701235246E6
:10CB00002846FFF741FC0346002BECD00593F4F7D1
:10CB100005FC001B61EB0601ECF71EF899ED007AAD
:10CB2000D9F80410059B07EE900AB5EE407AF1EEB5
:10CB300010FA18BF37EE877AF0EE676AFCEEE77AF4
:10CB4000B6EE006A17EE902A18BF67EE066A8A42B0
:10CB5000C9ED006A88BFC9F80420C4E74FF0010B93
:10CB6000584609B0BDE8F08FD88E0020B88F00205D
:10CB70008188006814F09EB80368828809B11A831E
:10CB800070475A83704700BF0268838851694B40E1
:10CB90005361704730B5044683B068460D4614F0C3
:10CBA00083F823782289009283B1B5FA85F35B0973
:10CBB0004FF0000C4FF4807260688DF804306946C5
:10CBC0008DF805C0ADF8062014F01CF803B030BD98
:10CBD00000B589B000236846CDE90033029313F015
:10CBE000C7FE03A813F0B6FF034813F0D7FF68464B
:10CBF00013F0BEFE09B000BD589000202DE9F047AB
:10CC00003C493D4F0B7AC0EBC00223F0080382B0D1
:10CC10000B7217F8223007EB820413B902B0BDE89B
:10CC2000F0878246684614F03FF8A568A689334B22
:10CC3000019369462846009613F0E4FF2369A48A0D
:10CC4000009418466946984613F0DCFF31462846A2
:10CC500014F036F82146404614F032F8A146092473
:10CC60003146284614F02EF80520F4F795FB31469E
:10CC7000284614F025F80520F4F78EFB631E13F008
:10CC8000FF04EDD14946404614F01CF80520F4F7A6
:10CC900083FB3146284614F015F80520F4F77CFB99
:10CCA0003146284614F00CF80520F4F775FB494688
:10CCB000404614F005F8124B019369462846009649
:10CCC00013F0A0FFCAEBCA0307EB830728463C7E9C
:10CCD000F989224613F0F8FF69464046CDF80090E6
:10CCE00013F090FFF98A2246404613F0EDFF02B0A0
:10CCF000BDE8F087347D0020EC7C030801020101CF
:10CD00000202010130B55F4BC0EBC00203EB8204AD
:10CD100013F8223089B00BB909B030BD227EE18909
:10CD200001920546A06813F0CFFF019AE18A2069BD
:10CD300013F0CAFF2846FFF761FF022D5AD0032DDA
:10CD40002DD0012D40F0818029464FF4001014F0C1
:10CD5000D3FB4D4813F00AFC04A813F0A9FC0022F1
:10CD600049484FF4407113F0E9FC484B464804939E
:10CD700004A913F031FC2946434813F0A7FC4FF4F3
:10CD8000A06014F0EFF8424B039303A814F0F4F8FA
:10CD90001F2303A88DF80C3014F0EEF8BCE7012136
:10CDA0004FF4000014F0A8FB3A4813F0DFFB04A88E
:10CDB00013F07EFC002237484FF4407113F0BEFCA4
:10CDC000324B3448049304A913F006FC0121314886
:10CDD00013F07CFC4FF4A06014F0C4F82E4B0393C6
:10CDE00003A814F0C9F8482303A88DF80C3014F0F8
:10CDF000C3F891E701214FF4800014F07DFB274830
:10CE000013F0B4FB04A813F053FC002223484FF4A2
:10CE1000407113F093FC1D4B2048049304A913F0B8
:10CE2000DBFB01211D4813F051FC4FF4A06014F00E
:10CE300099F81B4B039303A814F09EF8212303A831
:10CE40008DF80C3014F098F866E76468204613F00B
:10CE50008DFB04A813F02CFC002220464FF44071F7
:10CE600013F06CFC094B049304A9204613F0B4FBA7
:10CE70002046012113F02AFC4FF4A06014F072F850
:10CE80004AE700BFEC7C030800540040801A06000B
:10CE900020000001005C00404900000100580040F3
:10CEA000220000012DE9F041524B420103EB4015F5
:10CEB0009B5C8AB013B90AB0BDE8F0816C68019040
:10CEC000204614F033FA03A813F0EEFEAB6840F2EC
:10CED00002221846ADF8102003A9AA8903921F4622
:10CEE00013F090FE2A69164603A9AA8A03923046D7
:10CEF00013F088FEAA691346184603A99046AA8B28
:10CF0000039213F07FFE019B022B59D0032B3FD0DD
:10CF1000012B16D119464FF4805014F0F9FA642011
:10CF2000F4F73AFA05221146384613F0CDFE0522F1
:10CF30000421304613F0C8FE05220721404613F0B5
:10CF4000C3FE05A814F04EFA00252B4BCDF81E3079
:10CF50004FF4827205A92046ADF81620CDF81A507C
:10CF600014F01AFA2946204614F054FA01212046FA
:10CF700014F040FA0221204614F056FA0028F9D0A5
:10CF8000204614F041FA8DF80B000AB0BDE8F0819C
:10CF900001214FF4004014F0AFFA6420F4F7FCF9DB
:10CFA00038460622002113F08FFE3046062200216B
:10CFB00013F08AFE06220021404613F085FEC0E7EA
:10CFC00001214FF48040019314F096FA6420F4F7A5
:10CFD000E3F9384605220D2113F076FE019930461B
:10CFE000052213F071FE05220321404613F06CFE6A
:10CFF000A7E700BF6C7C030800023000F0B589B0E1
:10D0000090F800C004460020CDE90300CDE90500FA
:10D010000790BCF1000F01D109B0F0BD68461F4672
:10D0200016460D4613F040FE03238DF80530238984
:10D030000093237B8DF80430637B8DF806306068A5
:10D04000A37B8DF80730694613F0DCFD237C002BB1
:10D05000E2D094F820206189606813F035FE03A8BF
:10D0600013F078FD334A03920422ADF81020238B8D
:10D0700005970222ADF818204FF48072ADF81C20FD
:10D080000C2B10D8DFE803F04D0F0F0F440F0F0FDC
:10D09000070F0F0F3B00606903A913F0F1FC6069F3
:10D0A000082113F06DFD684613F062FC6069224BA5
:10D0B000984212D003F5806398420ED003F5705366
:10D0C00098420AD003F58063984206D003F5806346
:10D0D000984202D06908013900E0691E721EADF85D
:10D0E00000100121019213F04BFC6069694613F0B6
:10D0F000E7FB6069012113F05FFD09B0F0BD6069D5
:10D1000003A913F0F9FC6069082113F03FFDCAE799
:10D11000606903A913F078FC6069082113F028FD09
:10D12000C1E7606903A913F035FC6069082113F0B9
:10D1300019FDB8E7700001000000014040B1062869
:10D1400006D03422134B02FB00F01A181B5C03B903
:10D15000704710B5536886B01846019100211C46EF
:10D16000009213F0C1FF02A813F0B4FF009A019BD4
:10D17000D08BADF80E00928B029302A92046ADF839
:10D18000102013F04BFF0121204613F0ADFF06B035
:10D1900010BD00BF5C7D03082DE9F0433423914DA1
:10D1A00000FB03F399B0EB5C04465BB10F46062825
:10D1B0001DD8DFE810F010001800DA00E000E600EB
:10D1C000EC000C00884A135419B0BDE8F083864B7C
:10D1D00001229A71F8E7844B01221A7019B0BDE858
:10D1E000F04302F0ABBC0121102014F091F903A828
:10D1F00013F05AFD342303FB045340F202229868D3
:10D20000ADF8102003A99A8901930392009013F0BE
:10D21000F9FCDDE9000393F82120D9890093164633
:10D2200013F052FD009B9A8A9046002A40F0CC8071
:10D2300005A813F04FFF342303FB045305A99A6993
:10D2400058680592DA8BADF81A209A8B009306463F
:10D250008146ADF81C2013F0E1FE009B634A644850
:10D2600093F8201040F2012EADF809E04FF0000CC9
:10D270004FF0010E8DF80BE022F814C05D4A20F843
:10D2800014C022F814C0002900F0878009A8009378
:10D2900013F010FE009B1A6B4FF480630F930D93F5
:10D2A0004FF4803313931046331D90461E460A9365
:10D2B00013F03EFD404613F01FFE0028FAD1342340
:10D2C00003FB04554C4B0C9003EB84230B936B6ACC
:10D2D000099309A94FF48073404612930A9613F0FC
:10D2E000B7FD0121404613F0F7FD012240214846D9
:10D2F00013F00CFF404613F0FBFD404BC0F580607F
:10D3000023F814003E4B23F8140095F82C308DF8C8
:10D31000083002A813F030FEAB6A18461E4613F020
:10D3200007FD304613F0E8FD05460028F9D14023FB
:10D3300009A9129030460C9313F08AFD2946304615
:10D3400013F0D4FD01223046102113F0D9FD012243
:10D350008021484613F0DAFE234B01211F55484631
:10D3600013F0C2FE19B0BDE8F08301214FF4003084
:10D3700014F0C2F83BE701214FF4802014F0BCF810
:10D3800035E701214FF4002014F0B6F82FE7012112
:10D390004FF4801014F0B0F829E7184A93F82230BF
:10D3A00022F81410164A02A822F814108DF808303A
:10D3B00013F0E2FDB8F1000FCED0012240F225516A
:10D3C000304613F0ADFEC7E71869039203A9CDE913
:10D3D000000313F017FC019B0098D98A324613F022
:10D3E00073FC25E75C7D0308E443002024600020F3
:10D3F00034600020446000200C440020EC430020F6
:10D40000FC430020704700BF704700BF30B52E4876
:10D410009BB013F08DFC2C4813F06EFD04460028E1
:10D42000F9D10BA813F046FD284B294A0C934FF471
:10D4300080630D9211934FF400624FF40053CDE9D5
:10D4400012234FF4807C4FF4003306251E480B94C2
:10D450000BA9CDE914C3CDE90F5413F0F9FC012158
:10D4600019481C4C13F038FD01A813F0E3FE01A885
:10D4700013F0CAFE05A813F0BDFE40F201131648D2
:10D480008DF8285005A9ADF8183013F08BFE04F183
:10D49000D80594F82020217C60680223243413F0FE
:10D4A000D9FEAC42F5D10C48012113F035FF0A48F2
:10D4B000012113F027FF0121074813F0C1FE0648A0
:10D4C00013F01AFF1BB030BD106402404C20014025
:10D4D00040380020C87E0308002001402DE9F041BB
:10D4E000AA48AB4D84B0012113F0EEFF01210020CA
:10D4F00013F0F6FFA748012113F0FEFFA648012113
:10D5000014F006F801214FF4001013F0DDFF0121A3
:10D510004FF4800013F0D8FF01211F2013F0D4FF37
:10D5200014F034F8684613F0BFFB03274FF6FF737F
:10D530009A48009369468DF8047013F063FB98488D
:10D54000694613F05FFB9748694613F05BFB96480A
:10D55000694613F057FB009B944823F4F043694657
:10D56000009313F04FFB4FF4A06013F0FBFC904AC4
:10D570009049914B002401260A20146008601E7017
:10D5800002F0DCFAAB7943F00403AB718B4B022061
:10D5900021461860FFF700FE894B1F60EB7921469A
:10D5A00043F002033846EB71FFF7F6FD854B04208C
:10D5B00021461860FFF7F0FD21463046FFF7ECFDED
:10D5C00021460520FFF7E8FD3046FFF79BFB774E2D
:10D5D00002A813F069FB4FF4804440F2013502A920
:10D5E0007248CDE9024513F00DFB748302A813F0D5
:10D5F0005BFB4FF40054304602A9CDE9024513F01D
:10D6000001FB7483704E714CF8F7FCFA06F1A0052B
:10D61000A6469EE80F0086E80F001036B5420EF1D0
:10D62000100EF6D16A4D02A813F03EFB4FF40076BF
:10D6300002A95A48CDE9026513F0E4FA02A813F0F2
:10D6400033FB102302A959480293039513F0DAFA29
:10D6500002A813F029FB202302A950480293039546
:10D6600013F0D0FAF8F746FA4C4B4FF40068A3F8E1
:10D670001A8002A8A5F5807513F016FB02A9484888
:10D680000296039513F0BEFA454A02A8568313F09A
:10D690000BFB4FF4807702A941480297039513F0E2
:10D6A000B1FA3F4A02A8578313F0FEFA4FF400463E
:10D6B00002A93A480296039513F0A4FA374B02A840
:10D6C0005E8313F0F1FA02A93848CDE9027513F030
:10D6D00099FA364A02A8578313F0E6FA02A92F48AE
:10D6E000CDE9028513F08EFA2C4B02A8A3F81A801C
:10D6F00013F0DAFA4FF4806702A9284802970395DD
:10D7000013F080FA254B02A85F83082713F0CCFAA8
:10D710000DEB070121480297039513F073FA1F4B95
:10D720000DEB07005F8313F0BFFA0DEB07011F4FEE
:10D730001E48CDE9026513F065FA7E8302A813F056
:10D74000B3FA4FF4804602A914480296039513F0E9
:10D7500059FA124B02A85E8313F0A6FA402602A9DA
:10D760003846CDE9026513F04DFA1A4B7E831B78DB
:10D77000022B03D0184B1B781A2B5ED1174B0022BB
:10D780001A70F4F76BFF164D164F3FE01F906700BD
:10D79000347D0020FFC9FE36335F070000040240DD
:10D7A00000080240000C024000100240000002404D
:10D7B0006890002000000020E44300206C900020CE
:10D7C0007090002064900020B88F0020CC7B03086C
:10D7D000010300010C000020F5000020B806002025
:10D7E0006C7C030801020001FFF75CFB02A813F048
:10D7F0005BFAA668A38902A93046CDE9023713F087
:10D8000001FAA38933831034AC420BD02378002B68
:10D81000F9D0A378E078002BE6D11034FFF772FA44
:10D82000AC42F3D10A20F3F743FEFFF7EFFD0A20E5
:10D83000F3F73EFE04B0BDE8F081ECF703F9A0E792
:10D8400000B5012183B0084613F03EFE40F20233DA
:10D850004FF4C05269460D48CDE9002313F0D2F9C8
:10D860000A480A220B2113F02FFA0A2207480C213A
:10D8700013F02AFA01214FF4804013F049FE0121F0
:10D88000802013F02DFE03B000BD00BF0000024059
:10D8900000B54FF4C06083B013F064FB034B0193F9
:10D8A00001A813F069FB03B000BD00BF43010301F1
:10D8B000704700BF704700BF4FF4802013F09CB941
:10D8C000014800F065BE00BFDC98002010B504469A
:10D8D00001F07CF962780120002384F8120184F8B9
:10D8E0001431002A00F0CD814FF48071A4F81C118E
:10D8F00082424FF04001C4E94913A4F8223184F870
:10D900001F31C4F8303100F0CE81A4F84A01022A58
:10D9100040F20110C4E9531384F84731C4F8583178
:10D92000A4F8440100F0D2804FF48170A4F86C0197
:10D93000032A4FF00200C4E95D13A4F8720184F8D1
:10D940006F31C4F8803100F0C18040F20310A4F8B8
:10D950009401042A4FF00300C4E96713A4F89A0164
:10D9600084F89731C4F8A83100F0B0804FF4827089
:10D97000A4F8BC01052A4FF00400C4E97113A4F80F
:10D98000C20184F8BF31C4F8D03100F09F8040F26A
:10D990000510A4F8E401062A4FF00500C4E97B1342
:10D9A000A4F8EA0184F8E731C4F8F83100F08E8079
:10D9B0004FF48370A4F80C02072A4FF00600C4E964
:10D9C0008513A4F8120284F80F32C4F820327DD0F7
:10D9D00040F20710A4F83402082A4FF00700C4E907
:10D9E0008F13A4F83A0284F83732C4F848326DD065
:10D9F0004FF48470A4F85C02092A4FF00800C4E9CF
:10DA00009913A4F8620284F85F32C4F870325DD0D2
:10DA1000092140F20910A4F88A120A2A4FF04001A5
:10DA2000C4E9A313A4F8840284F88732C4F89832B6
:10DA30004CD04FF48570A4F8AC020B2A4FF00A00CA
:10DA4000C4E9AD13A4F8B20284F8AF32C4F8C0320E
:10DA50003CD040F20B10A4F8D4020C2A4FF00B007B
:10DA6000C4E9B713A4F8DA0284F8D732C4F8E8326C
:10DA70002CD04FF48670A4F8FC020D2A4FF00C0055
:10DA8000C4E9C113A4F8020384F8FF32C4F81033C8
:10DA90001CD040F20D10A4F824030E2A4FF00D0004
:10DAA000C4E9CB13A4F82A0384F82733C4F8383325
:10DAB0000CD04FF48770C4E9D513A4F84C030E20A2
:10DAC000A4F8520384F84F33C4F860330023402194
:10DAD0000120022AC4E9DF13C4E9E913A4F874336E
:10DAE000A4F87A3384F87733C4F88833A4F89C0315
:10DAF000A4F8A20384F89F33C4F8B03300F0C180C7
:10DB00000220032AC4E9F313A4F8C403A4F8CA0347
:10DB100084F8C733C4F8D83300F0B3800320042A54
:10DB2000C4E9FD13A4F8EC03A4F8F20384F8EF337E
:10DB3000C4F8003400F0A5800420052AA4F81404D9
:10DB4000A4F81A0484F81734C4F81C14C4F8203458
:10DB5000C4F8283400F095800520062AA4F83C0477
:10DB6000A4F8420484F83F34C4F84414C4F8483498
:10DB7000C4F8503400F085800620072AA4F8640415
:10DB8000A4F86A0484F86734C4F86C14C4F87034D8
:10DB9000C4F8783475D00720082AA4F88C04A4F8B7
:10DBA000920484F88F34C4F89414C4F89834C4F8F8
:10DBB000A03466D00820092AA4F8B404A4F8BA0452
:10DBC00084F8B734C4F8BC14C4F8C034C4F8C834FA
:10DBD00057D009200A2AA4F8DC04A4F8E20484F847
:10DBE000DF34C4F8E414C4F8E834C4F8F03448D09E
:10DBF0000A200B2AA4F80405A4F80A0584F80735BE
:10DC0000C4F80C15C4F81035C4F8183539D00B20F9
:10DC10000C2AA4F82C05A4F8320584F82F35C4F892
:10DC20003415C4F83835C4F840352AD00C200D2AF4
:10DC3000A4F85405A4F85A0584F85735C4F85C15BF
:10DC4000C4F86035C4F868351BD00D200E2AA4F83E
:10DC50007C05A4F8820584F87F35C4F88415C4F8DF
:10DC60008835C4F890350CD00E22A4F8A425A4F869
:10DC7000AA2584F8A735C4F8AC15C4F8B035C4F8A3
:10DC8000B835204601F0F6F9204601F067F9002189
:10DC9000204601F017FA204601F038FA2046BDE888
:10DCA000104001F0DFB9C4E9DF13A4F87433A4F81D
:10DCB0007A3384F87733C4F88833E2E710B5144632
:10DCC0000A0619D401EB810C4FEACC0C00EB0C0EC8
:10DCD00000228EF874130CF55D71CEF87C4301447C
:10DCE0008EF877338EF87523022B04BF00230B7157
:10DCF00001F0EEFC002010BD01F07F0E0EEB8E0C4B
:10DD00004FEACC0C00EB0C020CF58E714FF0010CBD
:10DD1000C2F82441014482F81CE182F81F31A2F8C4
:10DD200022E182F81DC1DFE708B50B0601F07F0292
:10DD30000DD401EB810300EBC30303F55D73C90947
:10DD400059701A70194601F001FD002008BD02EB60
:10DD5000820300EBC30303F58E73F0E708B501F00F
:10DD60007F0E0EEB8E0C4FEACC0C194600EB0C0329
:10DD70000CF55D7CC3F8881300EB0C014FF0000C30
:10DD8000C3F8802383F874E3C3F88CC383F875C3A6
:10DD900090F803C0BCF1010F08BFC3F88423BEF1A3
:10DDA000000F03D101F0A0FD002008BD01F0EAFC46
:10DDB000002008BD01F07F0C0CEB8C01C90008B5F8
:10DDC00000EB010E01F58E71CEF830310023CEF854
:10DDD00034310123CEE94A2201448EF81CC18EF869
:10DDE0001D31BCF1000F03D101F07EFD002008BD04
:10DDF00001F0C8FC002008BD08B50B0601F07F0249
:10DE000011D401EB810300EBC30303F55D734FF005
:10DE1000010CC909597083F802C01A70194601F043
:10DE2000E1FD002008BD02EB820300EBC30303F514
:10DE30008E73ECE70B0610B501F07F020FD401EBF7
:10DE4000810300EBC30303F55D730024C909597016
:10DE50009C701A70194601F0E9FD204610BD02EBD6
:10DE6000820300EBC30303F58E73EEE70269002320
:10DE7000106861F30A13034313607047084B186876
:10DE8000FF280BD010B50749074A8C68126807496C
:10DE9000A047034BFF221A60002010BD00207047EE
:10DEA00024010020D0010020789000208C900020D8
:10DEB000432301480B80704728010020284A38B5C9
:10DEC0001368052B03D001331360002038BDDFF841
:10DED000A4C09CF80010002301291360F5D021494B
:10DEE0000A68B2F5006F08BF0B601F4BD1F800E065
:10DEF0001A6896452FD0D1F800E01A6896451BD9CC
:10DF00000B681A4AC3F5006313601368402B0B6853
:10DF10001FFA83FE16D90B6840330B601368403B31
:10DF20001360402301228CF80020114A81217244A1
:10DF3000FFF740FF002038BD1B680A689B1A0B4A98
:10DF40001360E2E7136814680D682C440C6000212C
:10DF50009BB21160E6E700238CF80030B5E700BF04
:10DF600074900020849000208890002080900020F1
:10DF7000949000207C90002010B501EB810100EB13
:10DF8000C101074BB1F88C131B690446054898473B
:10DF9000044A402301212046FFF7E0FE002010BD87
:10DFA000D00100209498002030B591F800C01CF0FA
:10DFB000600283B00B4605461AD0202A04D002F036
:10DFC0005FF8022003B030BDCA8891F801E012B3B7
:10DFD0001CF0800F2FD0214901938C682049704696
:10DFE000A047019B1E49DA88284601F05BFD0FE03F
:10DFF0004A780A2A1AD00B2A13D0062A08D14A884E
:10E00000120A212A20D017493A22284601F04AFD57
:10E01000002003B030BD114B11469B6870469847F5
:10E02000F6E78B78B3B9104A1360F1E70E49012285
:10E0300001F038FDECE70D490D4BC1F800E008494F
:10E040001A6001F045FDE3E7CA880A493A2A28BF69
:10E050003A22DAE702F014F8DAE700BFD001002034
:10E060008C90002031010020D49800202401002051
:10E07000789000203A01002010B581210446FFF776
:10E0800053FE01212046FFF74FFE82212046FFF775
:10E090004BFE024B5B689847002010BDD00100206A
:10E0A00010B50223044640228121FFF707FE022318
:10E0B000402201212046FFF701FE0323082282218E
:10E0C0002046FFF7FBFD074A074B4FF00201918006
:10E0D0001B689847054A402301212046FFF73EFE72
:10E0E000002010BDA0010020D00100209498002045
:10E0F0001C4B1A78012A01D0002070471A490A687F
:10E10000D2B10B68402B10B519D9184B1A68D3F847
:10E1100000C00CF1400CC3F800C0D1F800C0ACF155
:10E12000400C92B24023C1F800C011490A44812139
:10E13000FFF740FE002010BD1A7000207047DFF886
:10E140002CC0DCF800200B68D1F800E0DCF80040BF
:10E15000A644CCF800E04FF0000C92B29BB2C1F89C
:10E1600000C0E2E77C900020809000208490002096
:10E170009490002010B5D0F8E83504461B69984704
:10E18000032384F81231002010BD00BF08B504221B
:10E1900090F81211D0F8E83580F8131180F81221A8
:10E1A000DB689847002008BD08B5D0F8E435DB6986
:10E1B00003B19847002008BD08B5D0F8E4351B6AC4
:10E1C0009847002008BD00BF08B5D0F8E4355B6A69
:10E1D0009847002008BD00BF002310B5194604462B
:10E1E0004022FFF76BFD8021002340222046FFF7ED
:10E1F00065FDD4F8E835A078012284F812215B6827
:10E200009847002010BD00BF00B585B002A901905D
:10E2100001F024FF9DF80810019801F01F03012B65
:10E220000ED0022B06D08BB902A901F001FD00200F
:10E2300005B000BD02A901F099FE002005B000BDA7
:10E2400002A901F06FFE002005B000BD01F08001C1
:10E25000FFF7D2FD002005B000BD00BF10B503469A
:10E2600082B051B990F81121022A1DD093F81621DD
:10E27000012A0FD0002002B010BDD0F8E425526969
:10E28000002AF7D090F81231032BF3D190470020E9
:10E2900002B010BD264A19691068486000220020AB
:10E2A00083F8162102B010BDD0F83821D0F824C16F
:10E2B000624513D9C078D3F8281100930128A2EB46
:10E2C0000C0208BF6144C3F8382108BFC3F8281105
:10E2D000184692B201F0F4FB009BC7E7D0F83CE18E
:10E2E000BEFBFCF20CFB12E272B9F4450CD8D0F87C
:10E2F0004041A64508D2CDE9002001F0E1FBDDE96F
:10E300000023C3F84021B1E7D3F8E425D2681AB15D
:10E3100093F81211032905D01846009301F0FEFB73
:10E32000009BA3E7184600939047009BF4E700BFCB
:10E33000D898002000B5034683B031B990F8112178
:10E34000032A0FD0002003B000BDD0F8E425926965
:10E35000002AF7D090F81231032BF3D19047002018
:10E3600003B000BDD0F89013D0F87C23914214D9AB
:10E3700090F803C0881AD3F88013C3F89003BCF157
:10E38000010F04BF8918C3F88013824228BF0246D8
:10E3900092B2184601F0AAFBD4E7D0F8E42512693E
:10E3A0001AB190F81211032903D0184601F0A6FB08
:10E3B000C8E701909047019BF7E700BF30B585B0F3
:10E3C0000446CDE90221089D0193FFF739FA019B2C
:10E3D000029A0399C4F8E4352046C4F8EC25C4F841
:10E3E000E855FFF773FAD4F8E8351B6898472046DC
:10E3F00005B0BDE83040FFF74BBA00BFD0F8E435B8
:10E4000010B504461B689847D4F8E8359B689847D0
:10E41000002010BD08B5D0F8E4355B6898470020AF
:10E4200008BD00BF122301480B807047A0010020E7
:10E43000042301480B8070479C01002008B50A4660
:10E440000248034901F02AFE014808BDF0650308AF
:10E45000649F002008B50A460248034901F01EFEE9
:10E46000014808BD14660308649F002008B50A46E9
:10E470000248034901F012FE014808BD286603085E
:10E48000649F002008B50A460248034901F006FED1
:10E49000014808BD38660308649F002008B50A4695
:10E4A0000248034901F0FAFD014808BD446603082B
:10E4B000649F002000207047C1B110B501440C4B8F
:10E4C000DFF830E00138013900241A6810F801CF74
:10E4D0000EF802C01A6801321A601A68B2F5006FAD
:10E4E00028BF1C608842F0D1002010BD002070477A
:10E4F000889000209490002059B138B54518441EEA
:10E50000013D14F8010F01F073FBAC42F9D100207A
:10E5100038BD0020704700BF202815D0212801D029
:10E5200000207047104B1A680A701A68120A4A7065
:10E530005A888A70DA78CA701A790A715A794A71D7
:10E540009B798B7100207047074B0A79D1F800C086
:10E5500048791A71897958710122C3F800C09971FC
:10E56000DA710020704700BFE401002000207047EE
:10E57000054A064B10681B68984234BF03F1FF330D
:10E5800003F2FF73181A70478890002084900020CF
:10E590002DE9F04F85B0044600F0ACFD18B900201D
:10E5A00005B0BDE8F08F204600F0AAFD0146002826
:10E5B000F5D0C0F3074313F00800994640F0898076
:10E5C00019F0040F3FD18A0702D5E36802225A618D
:10E5D0000029C0F2C7810B05C1F3072500F1DA80DD
:10E5E0000E070AD5844B00911B682046DB689847CC
:10E5F000E368009908225A610120C90600F18C8164
:10E60000EA0600F1FD80AB0600F1AB8019F0100FB7
:10E6100009D0794B1B682046DB699847E3684FF4C3
:10E62000801201205A6119F0200FB9D0724B1B687B
:10E6300020461B6A9847E3684FF4001201205A6194
:10E6400005B0BDE8F08F2046009101F015FA009961
:10E65000002800F0D081264604F11803A0460025CA
:10E6600004460191E10740F1C881D8F81000D3F8C1
:10E6700000C00169426B22FA05FEDCF8082041EA7D
:10E68000CE111140CA0740F18A8100935A4BD0F84D
:10E6900034E0196801234A6803FA05F12EEA010102
:10E6A0004163CCF80830E9B24046904798F803102F
:10E6B000009B012900F0CA81640800F09A810135AD
:10E6C00028360433E107D0D40135640828360433F2
:10E6D000C8E72046009101F0C1F9009905460028DD
:10E6E00000F08581224604F154062746884600241E
:10E6F000E80704D401346D08043628322AE0E1B278
:10E7000038460192009101F0AFF910F0010FDDE9F8
:10E71000001200F05681336801209860F8780128D3
:10E7200007D11869D2F87C33C0F312001B1AC2F863
:10E730008C33314B00921B6838461B689847FB7836
:10E74000009A012B00F095816D0800F04E81013494
:10E7500004362832E807D2D401346D080436283252
:10E76000C6E7204600F0A0FFE3682046DD6800F021
:10E770008DFF032800F04681012340220521A3706C
:10E78000E368A28061F38D254FF40052DD60012023
:10E790005A613BE700238DF80F3094F812318DF861
:10E7A0000F30154B00911B6820465B699847236921
:10E7B00000999868E3684FF400625A61A37AC3B184
:10E7C000C70716D594F81531012B12D19DF80F30DB
:10E7D000032B0ED1D4F80C3108481A6842F001021C
:10E7E0001A601A6842F003021A60036943F00603D4
:10E7F00003610120F4E600BF6C01002000ED00E0A1
:10E8000022695368002623F00103536031462046F5
:10E8100000F038FC62783746002A5CD0A169606D50
:10E82000FF23012A8B60836055D0E1698B60A16D65
:10E83000022A8B604FD0216A8B60E16D032A8B60C6
:10E8400049D0616A8B60216E042A8B6043D0A16A33
:10E850008B60616E052A8B603DD0E16A8B60A16E92
:10E86000062A8B6037D0216B8B60E16E072A8B60A4
:10E8700031D0616B8B60216F082A8B602BD0A16B2C
:10E88000606F8B60092A836025D0E16B8B60A16F7C
:10E890000A2A8B601FD0216C8B60E16F0B2A8B6082
:10E8A00019D0616C8B60D4F880100C2A8B6012D068
:10E8B000A16C8B60D4F884100D2A8B600BD0E16CB6
:10E8C0008B60D4F888100E2A8B6004D0226D936080
:10E8D000D4F88C20936023690B22394662F3070138
:10E8E00062F307064FF0FF329A614FF00112DA61CE
:10E8F0005E6119611A6822F4FE621A60204601F016
:10E90000C1F8854BE2681B684FF480511B69516167
:10E9100020469847012076E6E3689A6922F01002C3
:10E920009A611E6AC6F34342022A06F00F076ED0B0
:10E93000062A11D1082204F2CC51204600F02EF90B
:10E9400007EB870304EBC303C6F30A16D3F88C2343
:10E950003244C3F88C23E3689A6942F010029A614A
:10E9600001204DE6A37A43B1D4F80C3123F0030221
:10E9700062F30703D4F80C211360226900915368F5
:10E9800023F001035360644B1B6820469B69984742
:10E99000E36800994FF0004201205A611BE60F071F
:10E9A0000BD4C80605D44A065DD54021CCF8081022
:10E9B00082E61021CCF808107EE60822CCF8082068
:10E9C0007AE6810703D5336802219960BCE6030724
:10E9D0007FF5BAAE504B00921B6838469B6898474B
:10E9E0003368009A08219960AEE63C464146012012
:10E9F000E6E5019944460120E5E50135640828363D
:10EA000004335FE600234FF400720921B7E647F6AE
:10EA1000F0723240002A9FD007EB870304EBC30358
:10EA2000C6F30A16D3F8801300933246204600F04E
:10EA3000B5F8009BD3F88023D3F88C1332443144CB
:10EA4000C3F88023C3F88C13E36885E7002D7FF4B7
:10EA500033AE98F8111104297FF42EAE404601F030
:10EA600011F8009B28E68F0710D50221CCF808107A
:10EA700022E6002C7FF468AE97F81131052B7FF465
:10EA800063AE384600F0FEFF009A5DE608067FF5AB
:10EA900013AED6E94C1EDCF81800D6F8242187B254
:10EAA000A1EB0E00904228BF10460330B7EB900F49
:10EAB0002ED9EFB2A246AB4660461D460C467346C1
:10EAC0001EE0D6F82431D6F828119C4228BF1C46F7
:10EAD000A3B23A46404600F04BF8D6F83431D6F8A7
:10EAE0002821286823442244C6F83431C6F8282156
:10EAF0008269033492B2B2EB940F05D9D6F8304153
:10EB00009C42A4EB0304DCD82B46844654465D4665
:10EB10008021CCF80810CFE56C010020014B0522C4
:10EB20001A70704708020020014B05221A707047C6
:10EB300008020020014B06221A70704708020020CC
:10EB4000014B05221A70704708020020014B052274
:10EB50001A70704708020020014B05221A70704796
:10EB600008020020014B05221A707047080200209D
:10EB700090F803C0BCF1000F0DD103339B100AD0F5
:10EB800000EB8200D0F8D00051F8042B02600CF1A9
:10EB9000010C6345F8D10020704700BF10B502F1A9
:10EBA000030E5FEAAE0E0C460ED0D0F8D010A4468D
:10EBB0000023184601330A684CF8042B9E45F8D10F
:10EBC000043404EB800010BD084610BD0123402230
:10EBD000994230B54380828000F07B81002940F06B
:10EBE0005781DFF848C3C17240F20C624FF4A06352
:10EBF000C84CDFF83CE3C849C84D0280C3800622F8
:10EC00006346C0E903C403F5106CC0F818C003F5EF
:10EC1000306CC0F854C003F5126CC0F81CC003F58A
:10EC2000326CC0F858C003F5146CC0F820C0032A39
:10EC300003F5346CC0F85CC074D003F5166CC0F8F2
:10EC400024C0042A03F5366CC0F860C06AD003F50E
:10EC5000186CC0F828C0052A03F5386CC0F864C0E9
:10EC600060D003F51A6CC0F82CC0062A03F53A6C84
:10EC7000C0F868C056D003F51C6CC0F830C0072A35
:10EC800003F53C6CC0F86CC04CD003F51E6CC0F8AA
:10EC900034C0082A03F53E6CC0F870C042D003F5BA
:10ECA000206CC0F838C0092A03F5406CC0F874C065
:10ECB00038D003F5226CC0F83CC00A2A03F5426C38
:10ECC000C0F878C02ED003F5246CC0F840C00B2AE1
:10ECD00003F5446CC0F87CC024D003F5266CC0F862
:10ECE00044C00C2A03F5466CC0F880C01AD003F566
:10ECF000286CC0F848C00D2A03F5486CC0F884C0E1
:10ED000010D003F52A6CC0F84CC00E2A03F54A6CEB
:10ED1000C0F888C006D003F52C62026503F54C628A
:10ED2000C0F88C2002784561C0F8CC10002A00F0B1
:10ED3000AB8003F5A061012AC0F8901000F0DD80DF
:10ED400003F5A461022AC0F8941000F0DB8003F5FB
:10ED5000A861032AC0F8981000F0EE8003F5AC61BA
:10ED6000042AC0F89C103FD003F5B061052AC0F812
:10ED7000A01039D003F5B461062AC0F8A41033D02E
:10ED800003F5B861072AC0F8A8102DD003F5BC61BF
:10ED9000082AC0F8AC1027D003F5C061092AC0F8D2
:10EDA000B01021D003F5C4610A2AC0F8B4101BD0FA
:10EDB00003F5C8610B2AC0F8B81015D003F5CC6173
:10EDC0000C2AC0F8BC100FD003F5D0610D2AC0F892
:10EDD000C01009D003F5D4610E2AC0F8C4101CBFBE
:10EDE00003F5D861C0F8C81003F5405103F580540D
:10EDF00003F5005CC0F8D810042A03F58041C0E98F
:10EE0000344CC0F8DC103FD003F5A041052AC0F80F
:10EE1000E01039D003F5C041062AC0F8E41033D021
:10EE200003F5E041072AC0F8E8102DD003F50041B2
:10EE3000082AC0F8EC1027D003F51041092AC0F8C1
:10EE4000F01021D003F520410A2AC0F8F4101BD09D
:10EE500003F530410B2AC0F8F81015D003F54041F6
:10EE60000C2AC0F8FC100FD003F550410D2AC0F851
:10EE7000001109D003F560410E2AC0F8041103D037
:10EE800003F57043C0F80831C0F80CE1002030BD34
:10EE9000427800234FF40061C0E903318AB14FF496
:10EEA000106C4FF43061012AC0F818C0416508D0D9
:10EEB0004FF4126C4FF43261022AC0F81CC0816515
:10EEC00045D14FF4606E4FF488614FF480650023A4
:10EED00028E74FF4816C4FF4A0710222A0F800C023
:10EEE0004FF0A04CC372C18002720D4CDFF844E0B9
:10EEF0000C490D4D0422634683E603F58053C0F8A8
:10EF0000D030C1E703F5805203F50053C0E9342344
:10EF1000BAE700BF00080440400404400004044075
:10EF2000000800504004005000040050000004405D
:10EF3000000E0440000E005003F5805103F500520E
:10EF400003F54053C0E93412C0F8D8309CE74FF4C1
:10EF5000606E4FF480654FF4886164E670B5027AA4
:10EF6000C368012A82B0054636D19E6B417A26F4E9
:10EF7000803600292DD062F314569E63DA68384C2F
:10EF800022F49402002122F04002DA600091032072
:10EF9000FEF78EFCEB68013C1A69009213D0009AD0
:10EFA000002AF4DA00992E4A41F0010100910099FB
:10EFB000196119690091013A02D00099C807F8D483
:10EFC0000320FEF775FCEB78012B3BD0002002B04C
:10EFD00070BDC6F30052CEE7DA68214C002642F03D
:10EFE0004002DA6001960320FEF762FCEB68013C08
:10EFF0001A69019214D0019A002AF4DA0199184A88
:10F0000041F0010101910199196119690191013AD8
:10F0100002D00199C907F8D40320FEF749FCEB6838
:10F020006A7A003A18BF0122120142F02D0262F3FF
:10F0300017469E631420FEF73DFCEB78012BC5D1EB
:10F04000E96802E0E9682A238B608B6823F03E02BE
:10F0500042F02A0262F3070300208B6002B070BD09
:10F06000410D030003460020DA68936843F0010372
:10F070009360704703460020DA68936823F0010329
:10F080009360704700B583B000230193019B43F068
:10F0900020030193019B61F38A130193C168019AD4
:10F0A000074B0A610A690192013B02D0019A92065C
:10F0B000F8D40320FEF7FCFB002003B000BD00BF26
:10F0C000410D0300C06808B5C368C3F3076222F0AE
:10F0D0006002012962F31F6308D009B943F080433D
:10F0E000C3603220FEF7E6FB002008BD43F000536A
:10F0F000F6E700BFC3685869C04300F001007047DD
:10F10000C36858699B691840704700BF10B5044632
:10F110000020D4F80C312269E16882B018601368CD
:10F1200060F3CC231360E37A012B13D113681E48DC
:10F1300043F0030313604FF0800C1C4BC1F824C054
:10F140001B4A8862C1F804314FF4A073C1F808214A
:10F15000C1F80C3100230193019B43F0200301937C
:10F16000019A144B102060F38A120192019A0A61ED
:10F170000A690192013B02D0019A9006F8D403205B
:10F18000FEF796FB00220092009AE168094B42F0DC
:10F1900010020092009A0A610A690092013B0BD0AA
:10F1A000009AD206F8D407E080002000A00080007A
:10F1B00020012000410D03000320FEF779FB2169A7
:10F1C00000224FF0FF330A614A618B61CA616378A4
:10F1D000002B00F01782D4F818C0DCF800E0BEF174
:10F1E000000FB4BF4FF0904E4FF0000EFF20012BE8
:10F1F000CCF800E0CCF81020CCF8080000F0348205
:10F20000D4F81CC0DCF800E0BEF1000FB4BF4FF032
:10F21000904E4FF0000E022BCCF800E0CCF81020FE
:10F22000CCF8080000F0F080D4F820C0DCF800E052
:10F23000BEF1000FB4BF4FF0904E4FF0000E032B05
:10F24000CCF800E0CCF81020CCF8080000F0DC800E
:10F25000D4F824C0DCF800E0BEF1000FB4BF4FF0DA
:10F26000904E4FF0000E042BCCF800E0CCF81020AC
:10F27000CCF8080000F0C880D4F828C0DCF800E022
:10F28000BEF1000FB4BF4FF0904E4FF0000E052BB3
:10F29000CCF800E0CCF81020CCF8080000F0B480E6
:10F2A000D4F82CC0DCF800E0BEF1000FB4BF4FF082
:10F2B000904E4FF0000E062BCCF800E0CCF810205A
:10F2C000CCF8080000F0A080D4F830C0DCF800E0F2
:10F2D000BEF1000FB4BF4FF0904E4FF0000E072B61
:10F2E000CCF800E0CCF81020CCF8080000F08C80BE
:10F2F000D4F834C0DCF800E0BEF1000FB4BF4FF02A
:10F30000904E4FF0000E082BCCF800E0CCF8102007
:10F31000CCF8080078D0D4F838C0DCF800E0BEF1B2
:10F32000000FB4BF4FF0904E4FF0000E092BCCF8F9
:10F3300000E0CCF81020CCF8080065D0D4F83CC030
:10F34000DCF80020002AB4BF4FF090420022CCF835
:10F3500000200020FF220A2BCCF81000CCF8082057
:10F3600052D0D4F840C0DCF800E08645B4BF4FF07E
:10F37000904E86460B2BCCF800E0CCF81000CCF871
:10F38000082041D0D4F844C0DCF800E08645B4BF82
:10F390004FF0904E86460C2BCCF800E0CCF81000D5
:10F3A000CCF8082030D0D4F848C0DCF800E086451E
:10F3B000B4BF4FF0904E86460D2BCCF800E0CCF851
:10F3C0001000CCF808201FD0D4F84CC0DCF800E0C6
:10F3D0008645B4BF4FF0904E86460E2BCCF800E029
:10F3E000CCF81000CCF808200ED0D4F850C0DCF8CF
:10F3F00000E08645B4BF4FF0904E8646CCF800E062
:10F40000CCF81000CCF80820D4F854E0D4F858C058
:10F41000DEF80020002AB4BF4FF090420022CEF860
:10F4200000200020FF22CEF81000CEF80820DCF8E3
:10F4300000E08645B4BF4FF0904E8646022BCCF8D4
:10F4400000E0CCF81000CCF8082000F0DB80D4F805
:10F450005CC0DCF800E08645B4BF4FF0904E8646B5
:10F46000032BCCF800E0CCF81000CCF8082000F01A
:10F47000C980D4F860C0DCF800E08645B4BF4FF026
:10F48000904E8646042BCCF800E0CCF81000CCF867
:10F49000082000F0B780D4F864C0DCF800E08645AE
:10F4A000B4BF4FF0904E8646052BCCF800E0CCF868
:10F4B0001000CCF8082000F0A580D4F868C0DCF873
:10F4C00000E08645B4BF4FF0904E8646062BCCF840
:10F4D00000E0CCF81000CCF8082000F09380D4F8BD
:10F4E0006CC0DCF800E08645B4BF4FF0904E864615
:10F4F000072BCCF800E0CCF81000CCF8082000F086
:10F500008180D4F870C0DCF800E08645B4BF4FF0CD
:10F51000904E8646082BCCF800E0CCF81000CCF8D2
:10F5200008206FD0D4F874C0DCF800E08645B4BF82
:10F530004FF0904E8646092BCCF800E0CCF8100036
:10F54000CCF808205ED0D4F878C0DCF800E086451E
:10F55000B4BF4FF0904E86460A2BCCF800E0CCF8B2
:10F560001000CCF808204DD0D4F87CC0DCF800E0C6
:10F570008645B4BF4FF0904E86460B2BCCF800E08A
:10F58000CCF81000CCF808203CD0D4F880201068CB
:10F590000028B4BF4FF09040002010604FF0000CE6
:10F5A000FF200C2BC2F810C090602BD0D4F8842020
:10F5B000D2F800E0E645B4BF4FF0904EE6460D2B82
:10F5C000C2F800E0C2F810C090601BD0D4F88820C8
:10F5D000D2F800E0E645B4BF4FF0904EE6460E2B61
:10F5E000C2F800E0C2F810C090600BD0D4F88C30A4
:10F5F0001A686245B4BF4FF0904262461A60C3F881
:10F6000010C098600B69E26843F480730B61E07886
:10F61000012819D0002393616FF080414FF0FF342F
:10F62000984208BF1023174851615460516190619E
:10F6300043F47013916943F4605343F008030B43A0
:10F640000020936102B010BDDFF83CC0C1F830C0AB
:10F650006FF080400B4C00234FF0FF3193615061FD
:10F66000516050619461E3E7636DD3F800C0BCF171
:10F67000000FB6BF4FF0904C1A60C3F800C01A617B
:10F680009860BFE700080080030181000369986863
:10F69000C0F3410002281DBF20F00200C0F10300AA
:10F6A000C0B20120704700BF036981699A68086889
:10F6B000C2F34102022A0CBF0322002262F30A00B5
:10F6C00008605A6842F4807200205A60704700BF98
:10F6D00010B591F800C091F801E0012303FA0CF392
:10F6E00000EB8C0CBEF1010F0CBFDCF818C0DCF88D
:10F6F00054C0DCF800E04FF000029BB20CBF63F393
:10F700000F0263F31F421EF4004F16D18B68CC78B2
:10F71000C988C3F30A0343F0805343F4004304F061
:10F72000030401F00F0143EA844343EA815306498D
:10F730000EEA01010B43CCF800300369D9690A4392
:10F740000020DA6110BD00BF007833EC0A7891F830
:10F7500001C00123934000EB82029BB2BCF1010F78
:10F760004FF000010BBF63F30F0163F31F41936977
:10F77000536D026900201860D36923EA0103D36145
:10F78000704700BF2DE9F04391F801E00A784B691A
:10F79000CD78BEF1010F31D000EB82028E68D2F835
:10F7A00054E0C6F31202DEF800C0DEF810401BB3CE
:10F7B0003344013BB3FBF6F3C3F3090606FB02F245
:10F7C0003346C2F3120242EAC34262F31C04CEF88B
:10F7D0001040C378012B04BF0B69CEF81430012D03
:10F7E0003CD0CCF3076363F07B0363F31F6CCEF86C
:10F7F00000C00020BDE8F0830123E4E700EB8204B1
:10F80000A046A669D6F800C0346963B38F681F4468
:10F8100004F06049013F8C68B7FBF4F7314C04EA0F
:10F82000C744C3F312073C43012D44EA090447D0FF
:10F830003461C378012B51D00EFA02FE0269536B7A
:10F840004EEA03035363CCF3076363F07B0363F374
:10F850001F6CC6F800C00020BDE8F0834B7963B38D
:10F860004CF0005CBDE704F0604444F400243461D3
:10F87000C478012C2DD0012DE5D10269926812F4D3
:10F88000807FCCF307620CBF62F05B0262F06B0218
:10F8900062F31F6CC6F800C0002CAAD198B20330E6
:10F8A0008010A6D0CA68D8F8D0502346013352F849
:10F8B000041B29609842F9D19BE74CF0805C90E7EB
:10F8C00065F35E743461C478012CD6D10A69726123
:10F8D000D3E70A697261012DB5D1CEE70B69736177
:10F8E000B1E700BF0000F81F10B54B78D1F814C085
:10F8F000012B82B02DD00B7800EB8303D3F854E0BA
:10F90000DEF80020DEF8103000938B68BCF1000FA9
:10F910001DD1009C03F07F0324F4C01C43F400239A
:10F920002CF07F0C43EA0C03CEF81030C378012B87
:10F9300004BF0B69CEF81430C2F3076363F07B0396
:10F9400063F31F62CEF80020002002B010BD4B61AF
:10F95000DFE7D0F818E0DEF80020DEF81030009382
:10F96000BCF1000F23D1009B23F4C0134CF4002CF6
:10F9700023F07F0343EA0C03CEF810300093C378E2
:10F98000012B1CD0C2F3076C6CF07B0C6CF31F6274
:10F99000CEF80020002BD7D14B69002BD4D00269C0
:10F9A0000878516B012383400B435363CCE78B688A
:10F9B00063453CBF9C464B610CF07F0CD3E70B7852
:10F9C000D1F810C000EB8301C2F30763896963F0CB
:10F9D0007B0363F31F620020C1F814C0CEF800203F
:10F9E00002B010BD4B78012B09D00B7800EB8300DF
:10F9F000426D136843F400131360002070470A78C7
:10FA0000094900EB820080690268002AA8BFC2F39E
:10FA100080739B0301EA124143F020030B4363F31D
:10FA20001F42026000207047DFBFFFFF0B784A785B
:10FA300000EB8300012A0CBF8069406DCA7803681F
:10FA4000023A012A23F400138CBFC3F3007201228F
:10FA500062F31C7303600020704700BF036998695C
:10FA6000DB691840000C704700EB810103694A6DA7
:10FA700090685B691840704703699869DB691840B2
:10FA800080B27047436D064A1A61C278012A06D1D6
:10FA900000F2CC5058614FF0802219681A6070470C
:10FAA000180008C008B513460A460221C0E94E33C3
:10FAB00080F811110021FEF77DF9002008BD00BF7C
:10FAC00008B513460A460021FEF774F9002008BD68
:10FAD00008B513460A460321C0E9E43380F8111142
:10FAE0000021FEF73BF9002008BD00BF08B5134612
:10FAF0000A460021FEF732F9002008BD10B50023A8
:10FB000004220446194680F811211A46FEF752F9DC
:10FB10002046FFF7B7FF002010BD00BF10B500233F
:10FB200005220446194680F811211A46FEF716F9F7
:10FB30002046FFF7A7FF002010BD00BF10B582B020
:10FB400009490091094B0A4A0A480B4C0121FEF76A
:10FB500035FC0A490A4B0B4A00200860012120604D
:10FB60001170186002B010BDEC010020F8000020F8
:10FB7000B4010020DC980020D89E0020DC9E0020EC
:10FB8000D49E0020D09E0020024B1868B0FA80F06E
:10FB900040097047D49E00200F4B1A6812B90270BA
:10FBA000042070470D4A11687F2984BF002111602D
:10FBB000D2F800C00A4911F80CC080F800C01068E3
:10FBC0004FF0000C01F800C01168013111601A6893
:10FBD000013A03201A607047D49E0020D89E00206E
:10FBE000E09E002008B5FEF767FC002008BD00BFBE
:10FBF0000C4B1A687F2A01D9022070470A4ADFF8A5
:10FC00002CC011687F2984BF0021116011680CF895
:10FC100001001168013111601A68013200201A6078
:10FC2000704700BFD49E0020DC9E0020E09E002094
:10FC300010B54B7884B00A460446092B11D8DFE88A
:10FC400003F03D501065107A0510971E51880B0A7D
:10FC5000022B00F03C81032B00F0F480012B00F01C
:10FC6000A98080212046FEF7C7F800212046FEF734
:10FC7000C3F82046FFF706FF002004B010BD9178BE
:10FC8000A44B01291970ECD890F81221022A7FD0D8
:10FC9000032AE6D1002900F02D8190F810110129E6
:10FCA00030D0FEF7B7FB9B4B197884F81011204633
:10FCB000FEF7A4FB2046FFF721FFDDE790F81231A5
:10FCC000023B012BCDD8944BD0F8182101211960AB
:10FCD0000AB103221A60904902222046FFF7E2FE91
:10FCE000CAE790F81231023B012BBAD85388012B96
:10FCF000C2D1D0F8E43500219B68C0F81811114634
:10FD0000204698472046FFF7F9FEB5E75388012BB8
:10FD100000F09280022BAFD19388DAB2002AABD1E7
:10FD200002691B0A013B5268042B6CD8DFE803F020
:10FD30007C80787468009388002B92D1D388002B44
:10FD40008FD190F81231032B8BD0518801F07F01B5
:10FD500080F814110091FEF789F82046FFF7CEFED7
:10FD60000099002900F0C280022384F8123183E751
:10FD7000D288012A7FF475AF90F81231022B15D08A
:10FD8000032B7FF46EAF00F58871FFF78BFE73E7EE
:10FD90000029B7D00121032380F8101180F8123117
:10FDA000FEF72CFB2046FFF7A9FE65E75B49FFF74E
:10FDB00079FE61E7D0F8EC3580781B6800920DF190
:10FDC0000E019847009AD388402B00F09E8094F84B
:10FDD0001211012900F09B80BDF80E1000293FF49C
:10FDE0004BAFD388002B3FF447AF8B4228BF0B4665
:10FDF0001A4601462046ADF80E30FFF753FE3BE7AA
:10FE0000052363F30612464B012184F816112046A0
:10FE10001A60FFF773FE2FE7042363F30612F2E77D
:10FE2000032363F30612EEE7012363F30612EAE706
:10FE3000022363F30612E6E7D0F8E415C0F81831A0
:10FE40008B685CE7C9B205293FF60BAFDFE801F02C
:10FE5000352B21170D03D0F8EC35009280789B6983
:10FE60000DF10E019847009AB6E7D0F8EC350092F4
:10FE700080785B690DF10E019847009AACE7D0F8E5
:10FE8000EC35009280781B690DF10E019847009ABD
:10FE9000A2E7D0F8EC3500928078DB680DF10E0116
:10FEA0009847009A98E7D0F8EC35009280789B68E4
:10FEB0000DF10E019847009A8EE7D0F8EC350092CC
:10FEC00080785B680DF10E019847009A84E7D0F8BE
:10FED000E405CDE900320DF10E01836AA078984760
:10FEE000009B4370019AC4F8F00575E7012384F87C
:10FEF0001231C1E6022380F8123180F81011FEF7AA
:10FF000089FA2046FFF7FAFDB6E608216DE70821D9
:10FF100068E700BF609F002064A0002068A0002068
:10FF2000D898002010B590F81231032B82B0044607
:10FF30000ED10B79012B0BD8D0F8E43501919B68D9
:10FF40009847019AD38873B92046FFF7D7FD0AE096
:10FF500080212046FDF750FF00212046FDF74CFF91
:10FF60002046FFF78FFD002002B010BD10B50B46F4
:10FF7000B1F804C05A78012A82B004465FFA8CF1C5
:10FF800031D0032A1BD0BAB990F81231022B2ED0EF
:10FF9000032B3FD11CF0800F51D101EB810100EB0D
:10FFA000C10191F87633003B18BF01232A49022290
:10FFB00020460B60FFF776FD002002B010BD90F8E0
:10FFC0001221022A13D0032A24D15A8882B3D4F8EA
:10FFD000E42519469368204698472046FFF78EFD92
:10FFE000002002B010BD90F81221022A04D14B0665
:10FFF000E2D0FDF701FFDFE7032A0BD15A88002A80
:020000040802F0
:10000000DAD14A06E9D00193FDF714FFD4F8E425CC
:100010000199DFE780212046FDF7EEFE0021204612
:10002000FDF7EAFE2046FFF72DFD002002B010BDCF
:100030004A06CCD00193FDF7DFFE019BC7E70CF029
:100040007F0C0CEB8C0C00EBCC0C9CF81E31003BB5
:1000500018BF0123AAE700BF6CA00020B0F8CC3580
:100060000B80B0F8CE354B80B0F8D0358B80B0F82F
:10007000D235CB800122C0F8403180F81121704781
:1000800010B580210446FDF7B7FE20460021FDF79C
:10009000B3FE2046BDE81040FFF7F4BC037843B33D
:1000A00000B585B003460130CDE902120193E8F7AF
:1000B00067FE0130C0B20299039A019B01304000F3
:1000C0004FF0030C1080087081F801C0187870B1EF
:1000D0009C464FF0000E02235A1CD2B2C85401F8BD
:1000E00002E01CF8010F0233DBB20028F4D105B0A6
:1000F00000BD70470000000010B5874C86B0206F2F
:10010000E8F7D0F882A3D3E90023E8F735F9E8F758
:100110000BFC9FED827A07EE900AF4EEC77AF1EEBF
:1001200010FA00F1E6809FED7E6AF4EEC67AF1EEF9
:1001300010FA00F3DE80606FCDED017A8DED036A79
:100140008DED027AE8F7AEF871A3D3E90023E8F762
:1001500013F9E8F7E9FBDFED736A05EE900AF4EEB8
:10016000E65AF1EE10FA00F1C480DFED6F6AF4EEAA
:10017000E65AF1EE10FA00F3BC80DDED017A9DED58
:10018000027AF4EEC77AF1EE10FA40F2B680B2EEDF
:10019000045A87EE850A04908DED025A11F080FE14
:1001A000FDEEC06A9DED025A9DED036ADDED017A18
:1001B000DDED045A16EE903A1BB206EE903AF8EED8
:1001C000E66AF4EEC67A66EE856AF1EE10FAA8BF2A
:1001D00076EEC56AFDEEE66A16EE903A1BB206EEC2
:1001E000903AF8EEE66A36EE866A86EE057ABDEE5D
:1001F000C77A17EE103A1CB2631C9FED4A7AF4EEF0
:10020000C75AF1EE10FA7DD9F2EE044A85EEA40A3F
:100210000493CDED057ACDED036ACDED024ACDED27
:10022000015A11F03DFEBDEEC07A9FED3F6ADDED53
:10023000024ADDED015ADDED036ADDED057A17EEC8
:10024000103A1BB207EE103AB8EEC77AF4EEC65A6F
:1002500027EE247AF1EE10FAA8BF37EE647A049BF9
:10026000BDEEC77A17EE102A12B207EE102AB8EECA
:10027000C77A37EE065A85EE246ABDEEC66A16EED8
:10028000102A12B202F1010C35EEC77AF2EE045ACE
:1002900087EE256A04EBC40004EB800403EBC30083
:1002A000224903EB8003A0181A446444634401EB21
:1002B000800001EB830301EB820277EEE67A01EB2B
:1002C000840187EEA55A90ED000AD2ED007AD3EDB5
:1002D000006A91ED007A76EEE76A37EE407AE6EE54
:1002E000267AA6EE070A77EEC07AA5EE270A06B0B0
:1002F00010BD9FED0F0A06B010BDF0EE476A012356
:1003000000247AE74FF0010C0022BDE7AFF3008034
:1003100048AFBC9AF2D77A3E78A800200000B4C259
:100320000000B442000034C300003443808403085A
:10033000000000002DE9F04F2DED088B91B0F1F792
:10034000B1F8AF4B0146D878C0F3C002000712D411
:10035000AC480078052813D09446187A6CF3451001
:100360001872187A830606D5DFF8E8C2DCF80000B8
:100370006430884213D911B0BDEC088BBDE8F08F12
:10038000A14890F832C0BCF1020FE5D990F83100D5
:100390000428E1D993F806C0CCF3001CDDE79A48A5
:1003A000CCF80010D0ED227AD0ED216A27EEA77AA2
:1003B000F7EE004AA6EEA67AB1EEC76AB4EEE46A9A
:1003C000F1EE10FA00F1C480DFF88CC29CF800C096
:1003D000BCF1010F79D08D488D4990ED007A91EDF7
:1003E000008ADFF86092DFF864828A4E8A4F8B4D74
:1003F0008DED017A0092F1F755F839689FED886A22
:10040000D6ED007ADFED875A009A401A07EE100AFF
:10041000F8EE476A9DED017A66EE666A37EE487A35
:10042000E6EEA57A9FED806AB0EEC77AE7EE467AEF
:10043000FFEE006AF4EEE67AF1EE10FA00F1C38006
:1004400098ED000AD9ED000A78492868029260EE1A
:10045000006AB7EE007AE0EEA06A88600091F4EEE0
:10046000C77AB1EEE66AF1EE10FAC8BFF0EE477A4D
:10047000C1ED057ACDED017AC1ED000A81ED010AE9
:1004800081ED036A8DED036A11F03AFADDED017A30
:100490000099029A5A4BB6EE007AF4EEC77AF1EE62
:1004A00010FA0ADBDFED627A9DED036AB4EEE76ACB
:1004B000F1EE10FACCBF01220022187A81ED040A75
:1004C000014662F34511197255E7DFF890C190EDCE
:1004D000233A9CED007ADFF888C15648DCED003AFB
:1004E000DFF880C190ED006A9CED005A524865EE3D
:1004F000475A26EE064A27EE067AA5EE054A90F8F8
:1005000000C0A3EE857AE3EE865AF0EE002AB0EE44
:10051000645AA4EE625A37EE076A75EEA55ABCF12A
:10052000000F40F0A180DFF828A1444A444B82ED3F
:10053000005A82ED016AC2ED025A0122C3ED006A3F
:10054000C3ED017A83ED023ACAF80010027012E797
:100550003C48DFED3D5A90ED006A3C4C76EEC66AB1
:1005600094ED007AA6EEA56A8146A04677EEC77A9A
:1005700080ED006A2748A7EEA57A0646D0ED007AFE
:1005800084ED007A77EEA57AFFEE006AF4EEE67A63
:10059000F1EE10FA08D4F4EEE47AF1EE10FAD4BFDA
:1005A000F0EE676AF0EE646A18481C4D90ED007A30
:1005B0001748C6ED006A80ED007A1748B0EE478A0A
:1005C0000746016014E798ED000AD9ED000A1749C3
:1005D0002868019260EE007AC1ED056AE0EEA07A2B
:1005E00088600091C1ED000AB1EEE77A81ED010A61
:1005F00081ED037A11F084F9DDE90012004B5CE72C
:10060000347D0020307D002078A80020FC100020E0
:100610007CA00020A0A0002080A00020A4A000209A
:100620006F12833ACDCC4C3D0AD7A33CB0A000203A
:100630009A99993EAC0F002078A0002094A0002049
:1006400088A00020ACA00020CDCCCC3DA8A00020EC
:1006500084A0002070A00020A98E0020B80F0020E8
:10066000B40F0020B00F0020D24CA246246804F53D
:100670007A7C8C457FF659AFCF48DFEDD00A90EDFC
:10068000014AD0ED001A90ED021A76EE443A75EE6A
:10069000612A23EEA37A35EEC12AA2EEA27AA2EE57
:1006A000027AB4EEE07AF1EE10FA22DCC44800904F
:1006B000DFF82893C348DFF82083C34EDFF814B374
:1006C000C24FC34D0190CAF8001000999BED007A0B
:1006D00091ED008AB84981ED005A81ED016AC1EDC2
:1006E000025A0199C1ED006AC1ED017A81ED023A29
:1006F0007EE6B44BCDED057AD3ED018A93ED009AF9
:10070000D3ED029A079237EEE80AB1EEC72AAC4A57
:100710000193B04B0F919B46009260EE000A36EEBB
:10072000C97AF0EE607AE7EE077AF0EE470A33EE28
:10073000697AD3ED00AA92ED00BACDED0E4AE7EE4C
:10074000077A8DED0D1AB1EEE77A8DED0C4A87EE42
:10075000028ACDED022ACDED0B1ACDED0A5A8DEDB0
:10076000096A8DED085ACDED066A8DED043ACDED9E
:10077000033A11F0C5F8DDED020AB0EE40AA9DED96
:10078000030A11F0BDF87AEE403AB0EE630ACDEDFF
:10079000033A11F003FA8DED020A9DED030A11F000
:1007A000BDF9DDED0A5A9DED0D1A9DED043A9DED62
:1007B000096A9DED0C4A9DED085ADDED0B1ADDED41
:1007C000020ADDED057ADDED066A834B079ADDED61
:1007D0000E4A0F9935EE811A39EE837A36EE044AC5
:1007E000A1EE487A984675EE211A24EE001A20EE02
:1007F000C44AA1EEA01AF0EE472AB0EE447AA1EE68
:10080000807A38EEA72A79EE263AA1EE482AE7EE5A
:10081000483AF6EE001A22EE214A22EEA17A63EE61
:10082000A13A64EE042AB1EE001AE3EEA32AE7EE41
:10083000072AF1EEE21AD3ED002A684B62EEA22AF3
:1008400093ED002A9946E2EE022A614B93ED002ACD
:10085000E2EE022A1D46B1EEE22A72EE012AF4EE21
:10086000E12AF1EE10FA09DC5D48574E90ED007A6E
:10087000564F37EE247A80ED007A24E70D918DED06
:100880000B7A8DED0A4ACDED093A8DED083ACDEDA2
:10089000077ACDED055A8DED046A8DED035A02926B
:1008A000CDED0C4AF0F7FEFD484B474ADFED4D0A0F
:1008B00092ED002A9FED4C0A9DED035A9DED046ACE
:1008C000DDED055ADDED066A9DED083ADDED093AEC
:1008D0009DED0A4A9DED0B7A0D991F461B68C01AC3
:1008E00007EE900AF8EE671ADFED407A60EEE10A53
:1008F000F0EE421AE0EEA71A1646029ADDED077AEC
:100900003AEECB1AFFEE002AB0EEC11AE1EE401A21
:10091000F4EEE21AF1EE10FA46D4DDED0C4AF4EEF4
:10092000E41AF1EE10FAD8BFF0EE614AF7EE000AD1
:1009300070EEE44ADFED2E1ADFED2B2A99ED001A56
:10094000E4EEA12AD5ED004AD8ED001A37EE647A1C
:1009500034EE614AE7EE224A73EEC13A9FED257A02
:10096000E4EE221AA3EEA21A32EE077AB0EE644A3F
:10097000FFEE004AB4EEE47AF1EE10FA89ED001AC7
:10098000C8ED001A85ED004A11D4B4EEE07AF1EE1C
:1009900010FAC8BFB0EE607A009CDBF8000086ED6C
:1009A000007A396020608EE6F0EE624ABEE7B0EE73
:1009B000647AF1E784A0002094A000200AD7233DA8
:1009C0007CA0002088A00020A0A0002080A0002003
:1009D000A4A00020FC100020A8A00020ACA00020B3
:1009E00074A000206F12833A0AD7A33CCDCC4C3DB3
:1009F0000AD7A33DCDCCCC3D2DE9F041F0F78EFCDC
:100A00001C4F00F5FA6405E0F0F788FCA04271F194
:100A100000012BD2387802F007F805460028F3D100
:100A2000F0F77CFC2E4600F127044FF00108F0F7A8
:100A300075FCA04271F10001F9D3387801F0F4FFA0
:100A400008FA06F32B439BB20136002818BF1D4657
:100A50000A2E04F13404EAD140F201232B40B3F50D
:100A6000007F03D1C5F34F00BDE8F0814FF0FF30A8
:100A7000BDE8F081F7A000202DE9F047664E471E43
:100A800000F10109307802F00BF84FF0000840F255
:100A9000014A17F8015FF0F741FC4AEA8505ADB25B
:100AA000E90700F1340430780ED501F0D3FF6D086A
:100AB0000ED0F0F733FCA04271F10001F9D3E90741
:100AC000307804F13404F0D46D0801F0D1FFF0E780
:100AD0003B7883EA080202F0010202EB820102EB9A
:100AE000413080EA580080B280EA530202F00102ED
:100AF00002EB820102EB413181EA500189B281EAC5
:100B0000930202F0010202EB820002EB403080EA25
:100B1000510080B280EAD30202F0010202EB8201AE
:100B200002EB413181EA500189B281EA131202F0ED
:100B3000010202EB820002EB403080EA510080B2F9
:100B400080EA531202F0010202EB820102EB413112
:100B500081EA500189B281EA931202F0010202EBAC
:100B6000820002EB403282EA510292B282EAD3134F
:100B700003F0010303EB830103EB413383EA5203E8
:100B80004F451FFA83F884D14FEA880505F47F7535
:100B9000F0F7C4FB45F4806545F00105EA0700F174
:100BA000340430780ED501F055FF6D080ED0F0F703
:100BB000B5FBA04271F10001F9D3EA07307804F1E6
:100BC0003404F0D46D0801F053FFF0E74FEA182821
:100BD00040F20145F0F7A2FB45EA8805ADB2EB070C
:100BE00000F1340430780ED501F034FF6D080ED0DA
:100BF000F0F794FBA04271F10001F9D3EB073078D4
:100C000004F13404F0D46D0801F032FFF0E73078DD
:100C1000BDE8F04701F03ABFF7A0002070B582B000
:100C20000C888DF8040001A80D468DF80540FFF7EB
:100C300023FF002C6BD06D6800262C4403E005F8E0
:100C4000011BAC4264D0FFF7D7FEC1B281EA0603B4
:100C500003F0010303EB830203EB423CC6F34E06B1
:100C60008CEA060C1FFA8CFC8CEA510303F001039A
:100C700003EB830203EB423282EA5C0292B282EA25
:100C8000910303F0010303EB830603EB463C8CEA7C
:100C9000520C1FFA8CFC8CEAD10303F0010303EB26
:100CA000830203EB423282EA5C0292B282EA1113BF
:100CB00003F0010303EB830603EB463C8CEA520C82
:100CC0001FFA8CFC8CEA511303F0010303EB83023F
:100CD00003EB423282EA5C0292B282EA911303F0A1
:100CE000010303EB830603EB463383EA52039BB213
:100CF00083EAD11202F0010202EB820602EB4632D5
:100D0000013082EA53069AD1002002B070BD264617
:100D10000224FFF771FEC3B283EA060101F001016C
:100D200001EB810201EB4235C6F34E067540ADB2D0
:100D300085EA530202F0010202EB820102EB41312B
:100D400081EA550189B281EA930202F0010202EBC5
:100D5000820502EB453585EA5105ADB285EAD3023D
:100D600002F0010202EB820102EB413181EA5501FE
:100D700089B281EA131202F0010202EB820502EB52
:100D8000453585EA5105ADB285EA531202F00102FC
:100D900002EB820102EB413181EA550189B281EA1D
:100DA000931202F0010202EB820502EB453282EA65
:100DB000510292B282EAD31303F0010303EB8301E1
:100DC00003EB413383EA520301309EB29CD0012CE5
:100DD0000DD1FFF711FE431C96D0002E94D1C0B266
:100DE000A0F13000B0FA80F0400902B070BD0124DB
:100DF0008FE700BF2DE9F04F03888A4F834685B007
:100E0000BBF8001038780191FE225BBAADF80C20D7
:100E1000ADF80E3001F044FE4FF0000840F2014AF8
:100E20000DF10C0919F8016BF0F778FA4AEA86051A
:100E3000ADB205F0010300F134046D0838787BB1E0
:100E400001F008FE7DB1F0F769FAA04271F10001EE
:100E5000F9D305F00103387834346D08002BEFD155
:100E600001F006FEEFE786EA080303F0010303EB57
:100E7000830203EB423282EA580292B282EA5603BC
:100E800003F0010303EB830103EB413181EA5201DB
:100E900089B281EA960303F0010303EB830203EBBB
:100EA000423282EA510292B282EAD60303F001038F
:100EB00003EB830103EB413181EA520189B281EAFC
:100EC000161303F0010303EB830203EB423282EAC1
:100ED000510292B282EA561303F0010303EB83013D
:100EE00003EB413181EA520189B281EA961303F0A2
:100EF000010303EB830203EB423282EA510292B216
:100F000082EAD61303F0010303EB830103EB4133C1
:100F100083EA52031FFA83F804AB994582D14FEA62
:100F2000880505F47F75F0F7F9F945F4806545F01B
:100F30000105EE0700F1340438780ED501F08AFD82
:100F40006D080ED0F0F7EAF9A04271F10001F9D373
:100F5000EE07387804F13404F0D46D0801F088FD10
:100F6000F0E74FEA182840F20146F0F7D7F946EAD1
:100F70008806B6B2F10700F1340438780ED501F0D6
:100F800069FD76080ED0F0F7C9F9A04271F10001B1
:100F9000F9D3F107387804F13404F0D4760801F07D
:100FA00067FDF0E7387801F071FD032401E0013CB2
:100FB0000AD0FFF721FD421CF9D0C0B2FF2803D0B0
:100FC000002005B0BDE8F08F3878DBF8044001F070
:100FD00067FD019B002B00F0D780A04603EB040ABD
:100FE00040F2014918F8015BF0F798F949EA8505E4
:100FF000ADB2EB0700F1340438780ED501F02AFDCC
:101000006D0811D0F0F78AF9A04271F10001F9D30F
:10101000EB07387804F13404F0D46D0801F028FDB2
:10102000F0E700BFF7A0002018F8013C83EA0602B1
:1010300002F0010202EB820102EB413080EA56002D
:1010400080B280EA530202F0010202EB820102EB5D
:10105000413181EA500189B281EA930202F0010232
:1010600002EB820002EB403080EA510080B280EA5D
:10107000D30202F0010202EB820102EB413181EA6C
:10108000500189B281EA131202F0010202EB8200E0
:1010900002EB403080EA510080B280EA531202F045
:1010A000010202EB820102EB413181EA500189B277
:1010B00081EA931202F0010202EB820002EB40325D
:1010C00082EA510292B282EAD31303F0010303EBE6
:1010D000830103EB413383EA5203D0459EB281D1B1
:1010E000B30040F20142340A03F47F7642EA8404FA
:1010F0001643A4B2B6B2F0F711F9F10700F13405C6
:1011000038780ED501F0A6FC76080ED0F0F706F977
:10111000A84271F10001F9D3F107387805F13405DF
:10112000F0D4760801F0A4FCF0E7F0F7F7F8E20756
:1011300000F1340538780ED501F08CFC64080ED02F
:10114000F0F7ECF8A84271F10001F9D3E207387822
:1011500005F13405F0D4640801F08AFCF0E7387832
:1011600001F094FC292402E0013C3FF429AFFFF791
:1011700043FC431CF8D0C0B2A0F13000B0FA80F0BC
:10118000400905B0BDE8F08F40F201463446B2E7B1
:101190002DE9F04F334D344E002389B08346036070
:1011A0000FCD02AC0FC495E8030044F8040B30786F
:1011B000217001F075FC0DF107084746A24640F288
:1011C000014917F8014FF0F7A9F849EA8404A4B2DD
:1011D00004F0010300F13405640830787BB101F0BC
:1011E00039FC7CB1F0F79AF8A84271F10001F9D30B
:1011F00004F00103307834356408002BEFD101F09E
:1012000037FCEFE7BA45DCD1307801F03FFC0DF157
:10121000FF34FFF7F1FB421C10D004F8010FA0458A
:10122000F7D1FFF7E9FB431C08D0C0B2302805D145
:10123000BDF8002043F234739A4203D0002009B075
:10124000BDE8F08F9DF80230312BF7D1BDF80430A6
:101250009DF803208BF802205BBAABF80030012028
:10126000EDE700BFC85F0308F7A0002000B583B01A
:10127000FD2301A8ADF80430FFF7FEFBFFF7BCFB30
:10128000421C07D1FFF7B8FB431C08BF002001D167
:1012900003B000BDC0B2A0F1C100B0FA80F04009B7
:1012A00003B000BD00B583B0002301A8ADF8043041
:1012B000FFF7E2FB03B000BD2DE9F04F43884FF686
:1012C000FF72934283B0074600F0E280744E5BBA2F
:1012D000FF223078ADF80420ADF8063001F0E0FBD5
:1012E0004FF0000940F2014B0DF1040A1AF8018B8E
:1012F000F0F714F84BEA8804A4B204F0010300F1FB
:101300003405640830787BB101F0A4FB7CB1F0F7C0
:1013100005F8A84271F10001F9D304F00103307817
:1013200034356408002BEFD101F0A2FBEFE789EA26
:10133000080303F0010303EB830203EB423282EA6A
:10134000590292B282EA580303F0010303EB8301CE
:1013500003EB413181EA520189B281EA980303F03B
:10136000010303EB830203EB423282EA510292B2A1
:1013700082EAD80303F0010303EB830103EB41315D
:1013800081EA520189B281EA181303F0010303EBE9
:10139000830203EB423282EA510292B282EA58138C
:1013A00003F0010303EB830103EB413181EA5201B6
:1013B00089B281EA981303F0010303EB830203EB84
:1013C000423282EA510292B282EAD81303F0010358
:1013D00003EB830103EB413383EA52031FFA83F9E2
:1013E00002AB9A4582D14FEA890505F47F75EFF784
:1013F00095FF45F4806545F00105E90700F13404E7
:1014000030780ED501F026FB6D080ED0EFF786FF81
:10141000A04271F10001F9D3E907307804F13404F6
:10142000F0D46D0801F024FBF0E74FEA192940F2EF
:101430000145EFF773FF45EA8905ADB2EA0700F110
:10144000340430780ED501F005FB6D080ED0EFF7AF
:1014500065FFA04271F10001F9D3EA07307804F189
:101460003404F0D46D0801F003FBF0E7307801F0AC
:101470000DFB032401E0013C06D0FFF7BDFA431C3D
:10148000F9D0C0B2302803D0002003B0BDE8F08FFF
:101490003946072003B0BDE8F04FFFF7BFBB00BFE0
:1014A000F7A000202DE9F04F43884FF6FF729342DA
:1014B00083B0074600F0E280744E5BBAFF223078BA
:1014C000ADF80420ADF8063001F0EAFA4FF000095B
:1014D00040F2014B0DF1040A1AF8018BEFF71EFFE1
:1014E0004BEA8804A4B204F0010300F13405640857
:1014F00030787BB101F0AEFA7CB1EFF70FFFA84274
:1015000071F10001F9D304F0010330783435640837
:10151000002BEFD101F0ACFAEFE789EA080303F002
:10152000010303EB830203EB423282EA590292B2D7
:1015300082EA580303F0010303EB830103EB41311B
:1015400081EA520189B281EA980303F0010303EBB7
:10155000830203EB423282EA510292B282EAD8035A
:1015600003F0010303EB830103EB413181EA5201F4
:1015700089B281EA181303F0010303EB830203EB42
:10158000423282EA510292B282EA581303F0010316
:1015900003EB830103EB413181EA520189B281EA15
:1015A000981303F0010303EB830203EB423282EA58
:1015B000510292B282EAD81303F0010303EB8301D4
:1015C00003EB413383EA52031FFA83F902AB9A45D6
:1015D00082D14FEA890505F47F75EFF79FFE45F448
:1015E000806545F00105E90700F1340430780ED537
:1015F00001F030FA6D080ED0EFF790FEA04271F1C5
:101600000001F9D3E907307804F13404F0D46D080F
:1016100001F02EFAF0E74FEA192940F20145EFF701
:101620007DFE45EA8905ADB2EA0700F13404307861
:101630000ED501F00FFA6D080ED0EFF76FFEA04245
:1016400071F10001F9D3EA07307804F13404F0D4E1
:101650006D0801F00DFAF0E7307801F017FA032475
:1016600001E0013C06D0FFF7C7F9431CF9D0C0B236
:10167000302803D0002003B0BDE8F08F39460320A6
:1016800003B0BDE8F04FFFF7C9BA00BFF7A00020D4
:101690002DE9F04F43884FF6FF72934283B007461F
:1016A00000F0E280744E5BBAFF223078ADF804207F
:1016B000ADF8063001F0F4F94FF0000940F2014BAB
:1016C0000DF1040A1AF8018BEFF728FE4BEA8804A3
:1016D000A4B204F0010300F13405640830787BB152
:1016E00001F0B8F97CB1EFF719FEA84271F10001E1
:1016F000F9D304F00103307834356408002BEFD1BE
:1017000001F0B6F9EFE789EA080303F0010303EB00
:10171000830203EB423282EA590292B282EA580310
:1017200003F0010303EB830103EB413181EA520132
:1017300089B281EA980303F0010303EB830203EB10
:10174000423282EA510292B282EAD80303F00103E4
:1017500003EB830103EB413181EA520189B281EA53
:10176000181303F0010303EB830203EB423282EA16
:10177000510292B282EA581303F0010303EB830192
:1017800003EB413181EA520189B281EA981303F0F7
:10179000010303EB830203EB423282EA510292B26D
:1017A00082EAD81303F0010303EB830103EB413317
:1017B00083EA52031FFA83F902AB9A4582D14FEABA
:1017C000890505F47F75EFF7A9FD45F4806545F0BF
:1017D0000105E90700F1340430780ED501F03AF93B
:1017E0006D080ED0EFF79AFDA04271F10001F9D318
:1017F000E907307804F13404F0D46D0801F038F9C9
:10180000F0E74FEA192940F20145EFF787FD45EA75
:101810008905ADB2EA0700F1340430780ED501F045
:1018200019F96D080ED0EFF779FDA04271F10001B2
:10183000F9D3EA07307804F13404F0D46D0801F0EC
:1018400017F9F0E7307801F021F9032401E0013CB9
:1018500006D0FFF7D1F8431CF9D0C0B2302803D02E
:10186000002003B0BDE8F08F3946042003B0BDE886
:10187000F04FFFF7D3B900BFF7A000202DE9F04FDC
:1018800043884FF6FF72934283B000F0E380804FAD
:101890005BBAFF223878ADF80420ADF8063001F0CD
:1018A000FFF80DF1040B4FF0000840F2014AD94651
:1018B00019F8016BEFF732FD4AEA8605ADB205F083
:1018C000010300F134046D0838787BB101F0C2F8EF
:1018D0007DB1EFF723FDA04271F10001F9D305F0CE
:1018E0000103387834346D08002BEFD101F0C0F8D3
:1018F000EFE786EA080303F0010303EB830203EB3F
:10190000423282EA580292B282EA560303F001039D
:1019100003EB830103EB413181EA520189B281EA91
:10192000960303F0010303EB830203EB423282EAE6
:10193000510292B282EAD60303F0010303EB830162
:1019400003EB413181EA520189B281EA161303F0B7
:10195000010303EB830203EB423282EA510292B2AB
:1019600082EA561303F0010303EB830103EB4131D9
:1019700081EA520189B281EA961303F0010303EB75
:10198000830203EB423282EA510292B282EAD61318
:1019900003F0010303EB830103EB413383EA5203BA
:1019A0001FFA83F802AB994582D14FEA880505F406
:1019B0007F75EFF7B3FC45F4806545F00105EE0750
:1019C00000F1340438780ED501F044F86D080ED0DB
:1019D000EFF7A4FCA04271F10001F9D3EE073878CB
:1019E00004F13404F0D46D0801F042F8F0E74FEA56
:1019F000182840F20145EFF791FC45EA8805ADB2A1
:101A0000E90700F1340438780ED501F023F86D08A9
:101A10000ED0EFF783FCA04271F10001F9D3E90782
:101A2000387804F13404F0D46D0801F021F8F0E7BF
:101A3000387801F02BF8032401E0013C06D0FEF7D2
:101A4000DBFF421CF9D0C0B2302805D0002003B023
:101A5000BDE8F08F0DF1040B4FF481735846ADF8DB
:101A600004301524FFF708F801E0013C0CD0FEF724
:101A7000C3FF431CF9D0C0B2A0F13000B0FA80F02F
:101A8000400903B0BDE8F08F204603B0BDE8F08FF9
:101A9000F7A000202DE9F04F43884FF6FF729342E4
:101AA00083B0074600F0E280814E5BBAFF223078B7
:101AB000ADF80420ADF8063000F0F2FF4FF0000959
:101AC00040F2014B0DF1040A1AF8018BEFF726FCE6
:101AD0004BEA8804A4B204F0010300F13405640861
:101AE00030787BB100F0B6FF7CB1EFF717FCA8426D
:101AF00071F10001F9D304F0010330783435640842
:101B0000002BEFD100F0B4FFEFE789EA080303F000
:101B1000010303EB830203EB423282EA590292B2E1
:101B200082EA580303F0010303EB830103EB413125
:101B300081EA520189B281EA980303F0010303EBC1
:101B4000830203EB423282EA510292B282EAD80364
:101B500003F0010303EB830103EB413181EA5201FE
:101B600089B281EA181303F0010303EB830203EB4C
:101B7000423282EA510292B282EA581303F0010320
:101B800003EB830103EB413181EA520189B281EA1F
:101B9000981303F0010303EB830203EB423282EA62
:101BA000510292B282EAD81303F0010303EB8301DE
:101BB00003EB413383EA52031FFA83F902AB9A45E0
:101BC00082D14FEA890505F47F75EFF7A7FB45F44D
:101BD000806545F00105EB0700F1340430780ED53F
:101BE00000F038FF6D080ED0EFF798FBA04271F1BE
:101BF0000001F9D3EB07307804F13404F0D46D0818
:101C000000F036FFF0E74FEA192940F20145EFF7FF
:101C100085FB45EA8905ADB2E90700F13404307867
:101C20000ED500F017FF6D080ED0EFF777FBA0423E
:101C300071F10001F9D3E907307804F13404F0D4EC
:101C40006D0800F015FFF0E7307800F01FFF032467
:101C500001E0013C06D0FEF7CFFE421CF9D0C0B235
:101C6000302803D0002003B0BDE8F08F3846FFF7DE
:101C7000C1F80028F6D040F2051301A8ADF80430F1
:101C800040F2DD54FEF7F8FE01E0013C0CD0FEF717
:101C9000B3FE431CF9D0C0B2A0F13000B0FA80F01E
:101CA000400903B0BDE8F08F204603B0BDE8F08FD7
:101CB000F7A000202DE9F04F43884FF6FF729342C2
:101CC00083B0074600F0E280814E5BBAFF22307895
:101CD000ADF80420ADF8063000F0E2FE4FF0000948
:101CE00040F2014B0DF1040A1AF8018BEFF716FBD5
:101CF0004BEA8804A4B204F0010300F1340564083F
:101D000030787BB100F0A6FE7CB1EFF707FBA8426C
:101D100071F10001F9D304F001033078343564081F
:101D2000002BEFD100F0A4FEEFE789EA080303F0EF
:101D3000010303EB830203EB423282EA590292B2BF
:101D400082EA580303F0010303EB830103EB413103
:101D500081EA520189B281EA980303F0010303EB9F
:101D6000830203EB423282EA510292B282EAD80342
:101D700003F0010303EB830103EB413181EA5201DC
:101D800089B281EA181303F0010303EB830203EB2A
:101D9000423282EA510292B282EA581303F00103FE
:101DA00003EB830103EB413181EA520189B281EAFD
:101DB000981303F0010303EB830203EB423282EA40
:101DC000510292B282EAD81303F0010303EB8301BC
:101DD00003EB413383EA52031FFA83F902AB9A45BE
:101DE00082D14FEA890505F47F75EFF797FA45F43C
:101DF000806545F00105EB0700F1340430780ED51D
:101E000000F028FE6D080ED0EFF788FAA04271F1BD
:101E10000001F9D3EB07307804F13404F0D46D08F5
:101E200000F026FEF0E74FEA192940F20145EFF7EE
:101E300075FA45EA8905ADB2E90700F13404307856
:101E40000ED500F007FE6D080ED0EFF767FAA0423E
:101E500071F10001F9D3E907307804F13404F0D4CA
:101E60006D0800F005FEF0E7307800F00FFE032467
:101E700001E0013C06D0FEF7BFFD421CF9D0C0B224
:101E8000302803D0002003B0BDE8F08F3846FEF7BD
:101E9000B1FF0028F6D040F2011301A8ADF80430DC
:101EA0001524FEF7E9FD01E0013C0CD0FEF7A4FD8E
:101EB000431CF9D0C0B2A0F13000B0FA80F0400964
:101EC00003B0BDE8F08F204603B0BDE8F08F00BF3F
:101ED000F7A000202DE9F041EFF720FA234D074647
:101EE00000F1FA064FF0000805E0EFF717FA864216
:101EF00078EB010134D3287800F096FD04460028E1
:101F0000F3D105E0EFF70AFA864274EB010127D31B
:101F1000287800F091FD80460028F3D1EFF7FEF914
:101F2000134B144A1B68C01B984210601CD807F55D
:101F3000FA7705E0EFF7F2F9874278EB01010FD36A
:101F4000287800F071FD04460028F3D1287800F0CD
:101F500073FD38B1EFF7E2F9874274EB0101F5D276
:101F60004FF0FF30BDE8F0810120FBE7F7A0002033
:101F7000CCA00020D0A000202DE9F047864E874D50
:101F8000602382B02B603378122B8046894621D0A3
:101F9000152B1FD0012B0CBF02248C24FFF79AFFB6
:101FA00001301AD00A24FFF795FF01300ED0013C12
:101FB000F9D17B4B1A68930803EB52032B6001E0C5
:101FC000012811D1FFF786FF411CF9D1002002B092
:101FD000BDE8F08744F6206401E0013CF6D0FFF74D
:101FE00079FF0130F9D0DDE76E4D00242C702746D3
:101FF000FFF770FF421C00FA07F044EA000407F103
:102000000107E4B2E2D0082FF2D12B781B2C83EA2F
:1020100004032B70DAD100273C46FFF75BFF431C1B
:1020200000FA04F040EA070004F10104C7B2CDD081
:10203000082CF2D15C4B1A782B78BA4283EA07035A
:102040002B70C3D100242746FFF744FF411C00FA40
:1020500007F044EA000407F10107E4B200F09880B9
:10206000082FF1D12B7863402B704FEA042A002708
:102070003C46FFF72FFF421C00FA04F047EA000736
:1020800004F10104FFB2A1D0082CF2D12B784AEA66
:1020900007025F40531EB3F5817F92462F7095D89B
:1020A00000273C46FFF716FF431C00FA04F047EAFE
:1020B000000704F10104FFB288D0082CF2D12B787C
:1020C0000E2F83EA07032B7080D10022174601925E
:1020D000FFF700FF019A00FA07F31343441C07F1CE
:1020E0000107DAB23FF472AF082FF0D12B783178C4
:1020F000534091422B707FF469AF00263746FFF7BB
:10210000E9FE00FA07F33343411C07F10107DEB291
:102110003FF45CAF082FF2D12B7873402B70002E68
:102120007FF454AFBAF1020F1DDDAAF1020A344662
:1021300000231F460193FFF7CDFE019B421C00FACE
:1021400007F043EA000307F101073FF43FAF082F10
:10215000F0D14C452978B8BF08F804300134594013
:1021600054452970E4D10024FFF7B4FE431C00FA63
:1021700004F046EA000604F1010404D0082CF3D16F
:102180002B785E402E702878B0FA80F040091EE768
:102190006FF0FF0A6BE700BFCAA00020CCA00020B0
:1021A000D0A00020C9A00020CBA0002070B51B4A01
:1021B0001B4E137843400446137008250EE000F0D0
:1021C00049FC4020EFF7E8F8307800F051FC40205F
:1021D000EFF7E2F8013D4FEA54041DD0E3073078F1
:1021E000EDD400F037FC2020EFF7D6F8307800F07F
:1021F0003FFC2020EFF7D0F8307800F02BFC2020B7
:10220000EFF7CAF8307800F033FC2020EFF7C4F87D
:10221000013D4FEA5404E1D170BD00BFC8A00020C9
:10222000F7A000202DE9F041324EB0F80080324F87
:102230000546307800F034FCFF20FFF7B7FFFF20A1
:10224000FFF7B4FF7F200024FFF7B0FF1B203C7096
:10225000FFF7ACFF294B18780130C0B208F10A082B
:102260001870FFF7A3FFC8F30720FFF79FFF5FFA7F
:1022700088F0FFF79BFF0E20FFF798FF204B1878A0
:10228000FFF794FF2888000AFFF790FF2878FFF7F0
:102290008DFF2046FFF78AFF2046FFF787FF204685
:1022A000FFF784FF2046FFF781FF2046FFF77EFF00
:1022B0002046FFF77BFF2046FFF778FF2B883BB1D6
:1022C0006B68185DFFF772FF2B880134A342F7DCBF
:1022D0003878FFF76BFF307800F0BCFB2020EFF779
:1022E0005BF8307800F0D2FBBDE8F04105481021E2
:1022F000FFF742BEF7A00020C8A00020CBA000201E
:10230000CAA00020D4A00020F8B51D4C1D4B207899
:102310001D4E01251D7000F0C3FBFF20FFF746FF97
:10232000FF20FFF743FF7F20FFF740FF00271B2020
:102330003770FFF73BFF154B18782844C0B2187070
:10234000FFF734FF3846FFF731FF2846FFF72EFF2F
:102350000E20FFF72BFF2846FFF728FF3078FFF706
:1023600025FF207800F076FB2020EFF715F8207885
:1023700000F08CFBBDE8F84005481021FFF7FCBDDC
:10238000F7A00020CAA00020C8A00020CBA00020F9
:10239000D4A000202DE9F04F5A4D5B4FDFF870813B
:1023A000DFF8709185B00124019028783C7000F02E
:1023B00077FBFF20FFF7FAFEFF20FFF7F7FE7F20F5
:1023C000FFF7F4FE00261B2088F80060FFF7EEFE02
:1023D00099F800002044C0B289F80000FFF7E6FE3B
:1023E0003046FFF7E3FE2046FFF7E0FE0E20FFF742
:1023F000DDFE2046FFF7DAFE98F80000FFF7D6FE74
:10240000287800F027FB2020EEF7C6FF287800F0A0
:102410003DFB3E481021FFF7AFFD002852D00DF1E3
:102420000C0B28784FF01D0A87F800A000F038FB4D
:10243000FF20FFF7BBFEFF20FFF7B8FE7F20002440
:10244000FFF7B4FE1B2088F80040FFF7AFFE99F8B5
:1024500000000130C0B289F80000FFF7A7FE204657
:10246000FFF7A4FE0820FFF7A1FE0E20FFF79EFE57
:102470005046FFF79BFE0420FFF798FE0420FFF76D
:1024800095FE2046FFF792FE3020FFF78FFE204694
:10249000FFF78CFEF0B2FFF789FE2046FFF786FEBD
:1024A00098F80000FFF782FE287800F0D3FA202089
:1024B000EEF772FF287800F0E9FA14481021FFF7D0
:1024C0005BFD10B905B0BDE8F08F104B1A780136EE
:1024D0004AB95A78302A00D02AB90C4B9A7812B9E6
:1024E000DA788BF80020032E0BF1010B99D1BDF89F
:1024F0000D3001999DF80C208A705BBA0B8005B0F5
:10250000BDE8F08FF7A00020CAA00020D4A00020D2
:10251000C8A00020CBA00020F8B5264C264F20787C
:10252000264E12233B7000F0BBFAFF20FFF73EFE61
:10253000FF20FFF73BFE7F20FFF738FE00251B2022
:102540003570FFF733FE1E4B18780130C0B218709B
:10255000FFF72CFE2846FFF729FE0720FFF726FE8F
:102560000E20FFF723FE3878FFF720FE1420FFF738
:102570001DFE2846FFF71AFEAC20FFF717FE882045
:10258000FFF714FE1320FFF711FE7620FFF70EFE73
:102590003078FFF70BFE207800F05CFA2020EEF791
:1025A000FBFE207800F072FABDE8F84005481021E3
:1025B000FFF7E2BCF7A00020CAA00020C8A00020BE
:1025C000CBA00020D4A0002042882DE9F8434FF68C
:1025D000FF739A42044600F093804C4DDFF83C8133
:1025E00028784B4E4B4F062388F8003000F058FAFD
:1025F000FF20FFF7DBFDFF20FFF7D8FD7F20FFF76F
:10260000D5FD4FF000091B2086F80090FFF7CEFDA6
:1026100038780130C0B23870FFF7C8FD4846FFF780
:10262000C5FD0520FFF7C2FD0E20FFF7BFFD062008
:10263000FFF7BCFD4846FFF7B9FD4846FFF7B6FD7A
:102640006088000AFFF7B2FDA078FFF7AFFD307891
:10265000FFF7ACFD287800F0FDF92020EEF79CFE96
:10266000287800F013FA2C481021FFF785FC002889
:1026700044D01423287888F8003000F011FAFF20A5
:10268000FFF794FDFF20FFF791FD7F20FFF78EFD00
:102690004FF000091B2086F80090FFF787FD38787F
:1026A0000130C0B23870FFF781FD4846FFF77EFD6C
:1026B0000420FFF77BFD0E20FFF778FD98F800005F
:1026C000FFF774FD2088000AFFF770FD2078FFF700
:1026D0006DFDA020FFF76AFD3078FFF767FD2878D1
:1026E00000F0B8F92020EEF757FE287800F0CEF978
:1026F00021886068BDE8F843FFF73EBCBDE8F88379
:10270000DFF81880014D024E024FB2E7F7A000201B
:10271000C8A00020CBA00020D4A00020CAA0002088
:1027200042882DE9F8434FF6FF739A42044600F0C1
:1027300093804C4DDFF83C8128784B4E4B4F06235D
:1027400088F8003000F0ACF9FF20FFF72FFDFF20E4
:10275000FFF72CFD7F20FFF729FD4FF000091B201C
:1027600086F80090FFF722FD38780130C0B238704B
:10277000FFF71CFD4846FFF719FD0520FFF716FD82
:102780000E20FFF713FD0620FFF710FD4846FFF768
:102790000DFD4846FFF70AFD6088000AFFF706FDB9
:1027A000A078FFF703FD3078FFF700FD287800F0F0
:1027B00051F92020EEF7F0FD287800F067F92C4859
:1027C0001021FFF7D9FB002844D01623287888F879
:1027D000003000F065F9FF20FFF7E8FCFF20FFF76D
:1027E000E5FC7F20FFF7E2FC4FF000091B2086F894
:1027F0000090FFF7DBFC38780130C0B23870FFF78B
:10280000D5FC4846FFF7D2FC0420FFF7CFFC0E2092
:10281000FFF7CCFC98F80000FFF7C8FC2088000AFE
:10282000FFF7C4FC2078FFF7C1FCA020FFF7BEFC37
:102830003078FFF7BBFC287800F00CF92020EEF789
:10284000ABFD287800F022F921886068BDE8F843E4
:10285000FFF792BBBDE8F883DFF81880014D024E08
:10286000024FB2E7F7A00020C8A00020CBA00020B4
:10287000D4A00020CAA0002070B542884FF6FF7394
:102880009A4282B0044656D02C4E2D4B307801939C
:102890000621197000F004F9FF20FFF787FCFF20E4
:1028A000FFF784FC7F20FFF781FC264A00251B20D0
:1028B0001570FFF77BFCDFF894C09CF80000013036
:1028C000C0B28CF80000FFF771FC2846FFF76EFCE1
:1028D0000520FFF76BFC0E20FFF768FC0620FFF7D2
:1028E00065FC2846FFF762FC2846FFF75FFC60881E
:1028F000000AFFF75BFCA078FFF758FC114A10783C
:10290000FFF754FC307800F0A5F82020EEF744FDE6
:10291000307800F0BBF80C481021FFF72DFB019B2D
:1029200038B1132220461A7002B0BDE87040FFF79C
:1029300079BC02B070BD024BF3E700BFF7A00020E6
:10294000CAA00020C8A00020D4A00020CBA0002056
:1029500070B542884FF6FF739A4282B0044656D053
:102960002C4E2D4B307801930621197000F098F809
:10297000FF20FFF71BFCFF20FFF718FC7F20FFF76D
:1029800015FC264A00251B201570FFF70FFCDFF809
:1029900094C09CF800000130C0B28CF80000FFF732
:1029A00005FC2846FFF702FC0520FFF7FFFB0E2081
:1029B000FFF7FCFB0620FFF7F9FB2846FFF7F6FBC5
:1029C0002846FFF7F3FB6088000AFFF7EFFBA078CB
:1029D000FFF7ECFB114A1078FFF7E8FB307800F0C6
:1029E00039F82020EEF7D8FC307800F04FF80C488A
:1029F0001021FFF7C1FA019B38B1152220461A7049
:102A000002B0BDE87040FFF70DBC02B070BD024BD4
:102A1000F3E700BFF7A00020CAA00020C8A0002054
:102A2000D4A00020CBA00020024B342202FB0030B7
:102A3000FAF79EB81482030808B5054B342202FB4E
:102A40000030FAF795F8B0FA80F0400908BD00BFF1
:102A5000148203083422054B02FB00F01A5C02B911
:102A60007047043001211844FAF786B81082030831
:102A70003422054B02FB00F01A5C02B970470430A7
:102A800000211844FAF778B810820308034B342267
:102A9000012102FB0030FAF77DB800BF1082030865
:102AA000034B3422002102FB0030FAF773B800BF59
:102AB0001082030870B51C4E054603242846FFF714
:102AC00069FC38B92846FEF763FBA0B9013CF5D193
:102AD000204670BD3388002BF4D02988124A03E0C9
:102AE00032F8023F002BEDD09942F9D103230F4A6F
:102AF0001370012070BD0E4A298813881BB906E0A7
:102B000032F8023F1BB19942FAD10123EFE7064A9E
:102B1000138823B9DAE732F8023F002BD6D0994266
:102B2000F9D10223E3E700BF1C020020EDA0002042
:102B30000C02002010B54FF4FA612A20EEF722FDB6
:102B4000154C04E0EEF774FD40B9E9F771FF207809
:102B5000F3F784FD03462A20002BF3D02A20EEF75A
:102B600067FD10B10D4B01221A702078F3F776FD46
:102B700060B903460A490B4A0C886340C3F3072433
:102B800032F8142082EA03230B8010BD2078F3F77B
:102B90009BFD0302EEE700BFECA00020F4A00020A4
:102BA000EAA00020E05F030800B585B0A0F1300C7A
:102BB000ADF80A100392BCF10F0F3BD8DFE80CF020
:102BC00084AD5B6970743A3D359D1C083A1C0896CB
:102BD0007D4AADF808303B38127818BF012040EA32
:102BE00042000238052825D8DFE810F09D002400B7
:102BF0009D00B600C200BC001378734A002B08BFCA
:102C00004FF480731278ADF808303A3818BF0120BD
:102C100040EA4200023805280CD8DFE810F0B9007D
:102C20000B00AF00CB00C500BF00674B1B78032B28
:102C300000F08A80022005B000BD644B644800218A
:102C4000198011780078884274D9DFF890C1019218
:102C500018468CF80010FFF72DFF5C4B019A0028F6
:102C600000F0B08058480078D8701B681360069B4D
:102C7000042119600AE0574B03CB1B781372069BA3
:102C800010604FF0090C5160C3F800C0002005B07F
:102C900000BD4FF492611180069A02231360F5E79C
:102CA0004D4B01221A70F1E7494B12781B78934281
:102CB00040D9454B49491B780A70013B012B48D943
:102CC000424B00221A80E1E7404B1A88002ADDD0EF
:102CD0003D4A1278022A2FD9032A04D1FFF714FBA8
:102CE0003A4B0028D2D100221A8021E013785A1ED4
:102CF000022A65D8344A1370C8E7334B1B78012B7E
:102D000098D106990B60137802A85B02ADF80A30DF
:102D1000FEF7B4FD0028B9D10AE06A211170069AC5
:102D200001231360B2E702A8FEF7C4FF0028ADD16B
:102D30000F2080E708207EE7002AD4D0FEF796FA1D
:102D4000224B0028CFD0A1E7FFF7E6FB00289DD15A
:102D5000EEE7FEF7A7FAB3E702A8FEF79BFE00280E
:102D600094D1E5E702A8FFF7F3FD00288ED1DFE755
:102D700002A8FFF781FD002888D1D9E702A8FEF755
:102D80009BFA0028D4D0069ABDF8083013607DE77E
:102D900002A8FEF787FB0028F5D1C9E702A8FFF7D4
:102DA000BFFC0028EFD1C3E702A8FFF70DFC002805
:102DB000E9D1BDE702A8FEF76BFC0028E3D1B7E735
:102DC000092038E71880B3E7EDA00020F0A000202C
:102DD000F8A0002054660308F5A00020F7A000200A
:102DE0002DE9F04F424B434ECBB083461870F2F7BB
:102DF00009FFF2F77FFE33689BB13F4D4FF00008AB
:102E000034275FFA88F407FB04F401212819F9F745
:102E1000C1FE2B5D002B56D1336808F101084345F4
:102E2000EFD8DFF8E480354F00234FF47A612A2091
:102E300088F800303B70EEF7A5FB98F800301BBB1C
:102E40002F4D0CE04FF47A612A20EEF79BFB2C808B
:102E5000FFF770FE2F2859D098F80030A3B93C78BE
:102E600094B9E9F7E5FD5846F3F7F8FB0028E9D1F6
:102E70002A20EEF7DDFB0028EED04FF001033B7077
:102E800098F80030002BEAD0336883B11A4D002740
:102E90004FF03408FCB208FB04F400212819F9F7BC
:102EA00079FE2B5DD3B9336801379F42F2D341F2EB
:102EB0008830EEF7FDFA134B00221A70E6F7C2FDD8
:102EC0004BB0BDE8F08F201D01212844F9F754FED6
:102ED000336808F10108434593D8A2E7201D00217B
:102EE0002844F9F749FE336801379F42D2D3DEE721
:102EF000ECA000200400002010820308F4A00020B1
:102F0000EAA00020F8A00020F5A000202046F2F75B
:102F10000BFEFFF70FFE0390FFF70CFE0446FFF7D2
:102F200009FE40EA04239BB20293FFF703FE031E4F
:102F300008BF4FF480730AAC04EB030904949A466B
:102F4000FFF7F8FD04F8010BA145F9D1049CCDF879
:102F500014A0FFF7EFFDFFF7EDFD002209922A888C
:102F6000059B002A00F0E5814FF440720323CDE970
:102F7000042300238DF828304FF480720123CDE91B
:102F800006239A46B54BDFF8D892187800222E21F6
:102F9000A9F8002001F012F8B9F8002082F43852A4
:102FA00010B20028C0F2FE82520011B20029C0F215
:102FB000F082520010B20028C0F2E482520011B236
:102FC0000029C0F2D882520010B20028C0F2CC8290
:102FD000520011B20029C0F2C082520010B2002883
:102FE000C0F2B482520011B200299C4BBABF41F228
:102FF000210282EA4102520018789DF90C10A9F8CA
:10300000002000F0DBFFB9F80020039B82EA0322D6
:1030100010B20028C0F29382520011B20029C0F20F
:103020008782520010B20028C0F27B82520011B297
:103030000029C0F26F82520010B20028C0F26382F1
:10304000520011B20029C0F25782520010B200287B
:10305000C0F24B82520011B2804B00291878029BBB
:10306000BABF41F2210282EA4102520043F3072132
:10307000A9F8002000F0A2FF029BB9F8001023F08D
:10308000FF024A4010B20028C0F22882520011B25A
:103090000029C0F21C82520010B20028C0F2108237
:1030A000520011B20029C0F20482520010B200286E
:1030B000C0F2F881520011B20029C0F2EC81520036
:1030C00010B20028C0F2E081520011B20029634B17
:1030D000BABF41F2210282EA4102520018789DF9FA
:1030E0000810A9F8002000F069FFB9F80020029B41
:1030F00082EA032210B20028C0F2BF81520011B24E
:103100000029C0F2B381520010B20028C0F2A7819A
:10311000520011B20029C0F29B81520010B2002867
:10312000C0F28F81520011B20029C0F28381520097
:1031300010B20028C0F27781520011B20029474B2B
:10314000BABF41F2210282EA41025200187807997F
:10315000A9F8002000F032FFB9F80020069B5A4081
:1031600010B20028C0F25881520011B20029C0F2FA
:103170004C81520010B20028C0F24081520011B2BE
:103180000029C0F23481520010B20028C0F2288118
:10319000520011B20029C0F21C81520010B2002866
:1031A000C0F21081520011B20029B6BF41F22102D3
:1031B000520082EA4102BAF1000FA9F800203CDD7A
:1031C0000AAB5344029341F2210ACDF80CB014F833
:1031D00001BB224B4FFA8BF1187800F0EFFEB9F8E3
:1031E000002082EA0B2213B2002BC0F2968052001C
:1031F00013B2002BC0F29880520013B2002BC0F221
:103200008780520013B2002B7DDB520013B2002BDB
:1032100074DB520013B2002B6BDB520013B2002B95
:1032200062DB520013B2002B55DB029B5200A3421B
:10323000A9F80020CBD1DDF80CB0084B059918781F
:1032400000F0BCFEB9F80020049B5A4011B20029DE
:10325000C0F2B18051000AB204E000BFECA000202F
:10326000E8A00020002AC0F29F80490008B2002890
:10327000C0F2938049000AB2002AC0F28780490058
:1032800008B200287BDB49000AB2002A70DB490043
:1032900008B2002865DB49000AB2002AC04BB6BF5D
:1032A00041F22101490081EA42011C461878A9F83F
:1032B000001041F3072100F081FE99F900102078F9
:1032C00000F07CFE4FF47A612A20EEF75BF90020D3
:1032D000F2F73CFCC0E58AEA4303A9F80030029B00
:1032E000A3427FF474AFA6E78AEA43031BB21A46EF
:1032F00099E78AEA43031BB21A4690E78AEA430336
:103300001BB21A4687E78AEA43031BB21A467EE7D6
:103310008AEA43031BB21A4675E78AEA43031BB2E3
:10332000002B1A46BFF668AF8AEA43031BB21A465F
:1033300064E709AA0092DDE902100AAAFFF734FC4B
:10334000DDF824A043B2059303020493BAF1000F01
:103350003FF40FAE4FFA8AF307934FEA0A2306931E
:1033600010E641F2210282EA400212B2114694E7CD
:1033700041F2210080EA420000B2014689E741F2B1
:10338000210282EA400212B211467EE741F2210098
:1033900080EA420000B2014673E741F2210282EA6C
:1033A000400212B2114667E741F2210080EA420072
:1033B00000B201465BE741F2210282EA410212B209
:1033C00011464FE741F2210181EA400109B20A4664
:1033D000EAE641F2210080EA410000B20246DEE660
:1033E00041F2210181EA400109B20A46D2E641F2E6
:1033F000210080EA410000B20246C6E641F2210106
:1034000081EA400109B20A46BAE641F2210080EAA7
:10341000410000B20246AEE641F2210181EA4001DC
:1034200009B20A46A2E641F2210181EA400109B24D
:103430000A4683E641F2210080EA410000B20246DA
:1034400077E641F2210181EA400109B20A466BE6C2
:1034500041F2210080EA410000B202465FE641F2FB
:10346000210181EA400109B20A4653E641F22100F6
:1034700080EA410000B2024647E641F2210181EABA
:10348000400109B20A463BE641F2210181EA4001CE
:1034900009B20A461AE641F2210080EA410000B270
:1034A00002460EE641F2210181EA400109B20A46D4
:1034B00002E641F2210080EA410000B20246F6E550
:1034C00041F2210181EA400109B20A46EAE541F2EE
:1034D000210080EA410000B20246DEE541F221010E
:1034E00081EA400109B20A46D2E541F2210181EAAE
:1034F000400109B20A46AFE541F2210080EA4100ED
:1035000000B20246A3E541F2210181EA400109B27D
:103510000A4697E541F2210080EA410000B20246E6
:103520008BE541F2210181EA400109B20A467FE5BB
:1035300041F2210080EA410000B2024673E541F207
:10354000210181EA400109B20A4667E541F2210101
:1035500081EA400109B20A4646E541F2210080EACB
:10356000410000B202463AE541F2210181EA400100
:1035700009B20A462EE541F2210080EA410000B27C
:10358000024622E541F2210181EA400109B20A46E0
:1035900016E541F2210080EA410000B202460AE548
:1035A000ECA0002041F2210181EA400109B20A4663
:1035B000FCE400BF10B50446F3F750F808B900204A
:1035C00010BD2046F3F780F81C4ADFF878C0137866
:1035D00083EA000111709CF800100629EFD8DFE89B
:1035E00001F00C12181E23290400181A0022B0FA48
:1035F00080F08CF80020400910BD2428DFD1012381
:103600008CF80030DBE74D28D9D102238CF800304C
:10361000D5E73C28D3D103238CF80030CFE704232F
:1036200010708CF80030CAE7054A062310708CF839
:103630000030C4E706238CF80030C0E7E4A0002087
:10364000E6A00020E5A000202DE9F8434FF4FA6140
:1036500004462A20EDF796FFC34EE9F7E9F9204624
:10366000FFF7A8FF38B92A20EDF7E2FF0028F4D0D1
:103670000020BDE8F8834FF4FA612A20EDF782FFBD
:103680000220F2F751FA3378242B7ED8002B78D021
:10369000013B232B75D8DFE813F01D02FA01CF019F
:1036A000A4016F017400740074007400740074004D
:1036B000740074007400740074007400740074006A
:1036C000740074007400740074007400740074005A
:1036D000740074007400740074007400740074004A
:1036E000440124212046F3F7A3F8A04F4D212046A2
:1036F0000025F3F79DF83E212046F3F799F81221B3
:1037000020463D5500F05AFC7221204600F056FC40
:1037100040F2DC51204600F055FC4FF47A7120460F
:1037200000F050FC4FF4FA61204600F04BFC4FF4DF
:103730007A71204600F046FC4FF47A71204600F082
:1037400041FC2946204600F039FC2946204600F07D
:1037500035FC2946204600F031FC2946204600F081
:103760002DFC2946204600F029FC2946204600F081
:1037700025FC2946204600F025FC3957204600F05C
:103780001DFC0220F2F7E2F96DE77C2B00F2C38109
:10379000642BF6D9653B172BF3D801A252F823F01E
:1037A000BD3802088337020883370208413802080F
:1037B00083370208833702088337020883370208F9
:1037C00083370208833702088337020883370208E9
:1037D00083370208E336020883370208833702087A
:1037E00083370208833702088337020883370208C9
:1037F000833702088337020883370208013802083A
:1038000020462421F3F714F8584F20464D21F3F7B2
:103810000FF8002520463E21F3F70AF820463D55D3
:10382000062100F0CBFB20467C2100F0C7FB294697
:10383000204600F0C7FB2946204600F0C3FB98E76E
:1038400024212046F2F7F4FF4D212046F2F7F0FF45
:103850003E212046F2F7ECFF444B454FDFF8148140
:1038600000251D5510212046994600F0A7FB682130
:10387000204600F0A3FB0CE0D7ED007AFDEEE77ADE
:10388000013517EE903A19B200F09CFB082D0CD0D0
:103890000437D8F80030AB4220464FF00001EBD897
:1038A000013500F08FFB082DF2D119F904102046E4
:1038B00000F084FB0220F2F749F9D4E624212046E7
:1038C000F2F7B6FF294F4D2120460025F2F7B0FF51
:1038D0003E212046F2F7ACFF0F2120463D5500F077
:1038E0006DFB6521204600F069FB4FF4FA7120461C
:1038F00000F068FB2946204600F064FB294620467C
:1039000000F060FB2946204600F06CFB294620466B
:1039100000F054FB2946204600F054FB4FF4FA71A6
:1039200028E720462421F2F783FF104D20464D2141
:10393000F2F77EFF002720463E21F2F779FF20466E
:103940002F55042100F03AFB2046242100F036FBDD
:103950003946204600F046FB2046295700F02EFB52
:103960000220F2F7F3F87EE6E6A00020B043002044
:103970005C0600200400002024212046F2F758FFB6
:103980004D212046F2F754FF3E212046F2F750FF2A
:10399000784A002313551A212046914600F00EFB69
:1039A0000521204600F00AFB7349204600F078FA12
:1039B0007249204600F074FA7149204600F070FA0E
:1039C0007049204600F06CFA03252021204600F0C3
:1039D000F5FA013DF9D119F90410204600F0EEFA8C
:1039E00068E720462421F2F723FF624F20464D214D
:1039F000F2F71EFF002520463E21F2F719FF204670
:103A00003D55062100F0DAFA2046042100F0D6FAEE
:103A100020465D4900F044FA2946204600F0CEFADF
:103A20002946204600F0CAFA2046395700F0C6FA67
:103A30000220F2F78BF816E624212046F2F7F8FE72
:103A40004D212046F2F7F4FE4A4D3E212046F2F782
:103A5000EFFE00232B550321204600F0AFFA03218F
:103A6000204600F0ABFA0121204600F0A7FA0E2113
:103A7000204600F0A3FA0121204600F09FFA2046DC
:103A8000295700F09BFA0220F2F760F8EBE5204698
:103A90002421F2F7CDFE20464D21F2F7C9FE354D27
:103AA00020463E21F2F7C4FE00232B552046042178
:103AB00000F084FA2046022100F080FA20463349C3
:103AC00000F0EEF92046295700F078FA0220F2F7CC
:103AD0003DF8C8E524212046F2F7AAFE254D4D21E8
:103AE0002046F2F7A5FE00273E212046F2F7A0FE71
:103AF000032120462F5500F061FA0121204600F0F5
:103B00005DFA3946204600F059FA0121204600F0BE
:103B100055FA1921B0E7F52B7FF433AE2046242166
:103B2000F2F786FE20464D21F2F782FE114D204627
:103B30003E21F2F77DFE00232B552046012100F0A7
:103B40003DFA20466FF00A0100F038FA104B20468B
:103B500093F9001000F032FA2957204600F02EFAAF
:103B60000220F1F7F3FF2A20EDF762FD0020BDE807
:103B7000F88300BFB0430020706603087C6603082A
:103B8000886603088C660308686603086066030895
:103B9000F8A000202DE9F04142F2107104462A20DD
:103BA000EDF7F0FC0020F1F7BFFFEDF77BFC0546D9
:103BB0000BE02046F2F752FD60B9E8F739FFEDF768
:103BC00071FC401BB0F57A7F60D22A20EDF730FD02
:103BD0000028EED02046F2F741FD002844D02F4DBA
:103BE0002F4A29680123137059B100232D4E342721
:103BF000184607FB03620133D269DBB28B421060C7
:103C0000F7D33220EDF754FC274A2B681370204677
:103C1000FFF71AFD2046FFF7E3F82B6893B1214E1A
:103C20004FF0000834275FFA88F407FB04F4002102
:103C30003019F8F7AFFF335DEBB92B6808F10108D5
:103C40004345F0D841F28830EDF732FC164B0024A2
:103C50001C70E5F7F7FE124B02201C70F4F75AFFB8
:103C6000BDE8F041F1F7CEBF0320F4F753FFBDE804
:103C7000F041F1F7C7BF201D00213044F8F77CFF69
:103C80002B6808F101084345CDD8DBE7022108463F
:103C9000F4F720FFEDF706FC054696E70400002048
:103CA000F6A0002010820308F8A0002018B1084BED
:103CB000084AC3F8FC2F72B6BFF34F8F0649074B73
:103CC000CA6802F4E0621343CB60BFF34F8FFEE794
:103CD00000F00120EFBEADDE00ED00E00400FA05CB
:103CE00000B57F2083B00DF037FC30B1012001908A
:103CF0000DF04CFC019803B000BD7E200DF02CFCB3
:103D000008B10220F3E77D200DF026FC28B97C20C5
:103D10000DF022FC18B10420E9E70320E7E77B203F
:103D20000DF01AFC50B97A200DF016FC40B979203C
:103D30000DF012FC002818BF0720D8E70520D6E7B1
:103D40000620D4E74848494AD0F8883043F4700345
:103D500084B0C0F888301368002143F00103136079
:103D600091601368A0F1BC2023F0847323F48033A6
:103D7000F03813605060136823F480231360D1601F
:103D800001910291136843F48033136003E0019BB7
:103D9000B3F5A06F09D0136803F400330293019BBD
:103DA00001330193029B002BF1D0304B1B6813F4BD
:103DB000003318BF01230293029B012B1ED02B4816
:103DC0002B4A036B2B4943F004030363136823F06E
:103DD00070531360136843F0A053002013605369BD
:103DE00083F4C04353610390039B8B42F7DC039B36
:103DF00001330393039B8B42F9DDF0E71B4B1E4914
:103E00001A6C1E4842F080521A640A6842F48042DA
:103E10000A609A689A609A6842F400429A609A68C6
:103E200042F4A0529A6058601A6842F080721A6098
:103E30001A689201FCD5124A40F205611160996836
:103E400021F003019960996841F00201A2F58062B6
:103E50009960936803F00C03082BFAD1024B4FF0E2
:103E600000629A6004B0704700ED00E00038024044
:103E7000000802403F0D0300007000400854400756
:103E8000003C024000B583B00D210190F2F7D0FC58
:103E900001980A2103B05DF804EBF2F7C9BC00BF3A
:103EA00038B50C46097839B105462846F2F7C0FC0A
:103EB00014F8011F0029F8D138BD00BF38B50C46F1
:103EC0009F2C4FEA11118CBF5731303104F00F0491
:103ED0000546F2F7ADFC092C06D904F15701284636
:103EE000BDE83840F2F7A4BC04F130012846BDE833
:103EF0003840F2F79DBC00BFF8B50C46B4F1204F36
:103F00004FEA21464FEA11674FEA11712CBF573132
:103F1000303107F00F070546F2F78AFC092F8CBFF6
:103F200007F1570107F130012846F2F781FCC6F38B
:103F300003110929F6B28CBF5731303106F00F0654
:103F40002846F2F775FC092E8CBF06F1570106F1E1
:103F500030012846F2F76CFCC4F303310929C4F39D
:103F600007268CBF5731303106F00F062846F2F78E
:103F70005FFC092E8CBF06F1570106F1300128467F
:103F8000F2F756FCC4F303110929E4B28CBF573190
:103F90003031284604F00F04F2F74AFC092C06D908
:103FA00004F157012846BDE8F840F2F741BC04F19E
:103FB00030012846BDE8F840F2F73ABCC9B2F2F742
:103FC00037BC00BF10B582B00C46C9B20190F2F701
:103FD0002FFC0198C4F3072102B0BDE81040F2F7AE
:103FE00027BC00BF38B505460C46C9B2F2F720FC25
:103FF000C4F307212846F2F71BFCC4F30741284607
:104000002414F2F715FCC4F307212846BDE8384014
:10401000F2F70EBC2DE9F0431F460B1E87B0054694
:10402000164659DBDFF8C0C00024ACFB031218466B
:10403000D308C3EB43110DEB040EC3EB810100F178
:104040003002A046A14602EB4102013409288EF855
:10405000082064B2E9DCB44201DC002E2CDCB31E83
:10406000A3EB09094FFA89F9B9F1000F0ADB09F14D
:10407000FF39302128464FFA89F9F2F7D9FBB9F117
:10408000FF3FF4D10DF109039844013C18F8011DDC
:10409000284664B2F2F7CCFBA64205D0002CF4DC33
:1040A0009FB907B0BDE8F083002E4FF02E012846DF
:1040B000F6DDF2F7BDFBE8E728463021F2F7B8FB62
:1040C0002E212846F2F7B4FBC9E73946284607B047
:1040D000BDE8F043F2F7ACBB2D210193F2F7A8FB4A
:1040E000019B5B429EE700BFCDCCCCCC10B51B2919
:1040F00082B00B46044603D80B4ACA40D20706D406
:104100001946204602B0BDE81040F2F791BB01917C
:104110001B21F2F78DFB019B2046194602B0BDE83A
:104120001040F2F785BB00BF1200000870B5CBB29B
:104130001B2B82B00C4605460EB203D8284ADA4043
:10414000D20747D419462846F2F772FBC6F3072375
:104150001B2B4FEA262603D8214AF240D10732D43E
:10416000C4F3074619462846F2F762FB1B2E4FEAB6
:10417000244403D81A4BF340DA071FD431462846AB
:10418000C4F30726F2F754FB1B2E4FEA242403D86E
:10419000134BE340DB0706D43146284602B0BDE8A6
:1041A0007040F2F745BB28461B21F2F741FB314630
:1041B000284602B0BDE87040F2F73ABB1B21284602
:1041C000F2F736FBDAE71B2128460193F2F730FBC2
:1041D000019BC5E71B210193F2F72AFB019BB1E785
:1041E000120000082DE9F04FFF21054683B0DFF8EB
:1041F00098A1DFF89881614FF2F71AFB00240121A2
:104200002846F2F715FB402128460AF80540F2F748
:104210000FFB15212846F2F70BFB21462846F2F743
:1042200007FBD8F80C102846FFF780FFD8F81010CD
:104230002846FFF77BFF464608F10C0956F8044B69
:10424000E3B21B2B0FFA84FB09D827FA03F2D2073B
:1042500005D51B2128460193F2F7EAFA019B19467E
:104260002846F2F7E5FACBF307231B2B4FEA2B2B5B
:104270000AD827FA0BFB1BF0010F05D01B2128469B
:104280000193F2F7D5FA019BC4F3074B1946284670
:10429000F2F7CEFABBF11B0F4FEA244407D827FAF6
:1042A0000BF3D80703D51B212846F2F7C1FA59466C
:1042B0002846C4F3072BF2F7BBFABBF11B0F4FEAFA
:1042C000242407D827FA04F4E10703D51B21284644
:1042D000F2F7AEFA59462846F2F7AAFAB145ADD13F
:1042E00098ED057AFFEE007AB4EEE77AF1EE10FA77
:1042F00041D4F7EE007AB4EEE77ADFED216AF1EE11
:1043000010FAD8BFF0EE477A67EEA67AFCEEE77AAD
:10431000CDED017A9DF804401B2C03D8174BE340E8
:10432000DA0723D421462846F2F782FA1AF8054024
:104330001B2C03D8114BE340DB0712D4214628463F
:10434000F2F776FA28460421F2F772FA28460D2190
:10435000F2F76EFA0A21284603B0BDE8F04FF2F7F3
:1043600067BA1B212846F2F763FAE7E71B212846C4
:10437000F2F75EFAD6E7DFED037AC7E7120000082E
:1043800000007F4300007FC3B0430020B0A00020A6
:1043900070B5FF2182B004463A4EF2F749FA002583
:1043A00001212046F2F744FA35553B212046F2F729
:1043B0003FFA0E212046F2F73BFA29462046F2F753
:1043C00037FA314BD3ED007AFDEEE77ACDED017A85
:1043D0009DF80430BDF904501B2B03D82B4ADA405A
:1043E000D10747D419462046F2F722FAC5F307232E
:1043F0001B2B4FEA252503D8244AEA40D20732D4A2
:10440000234D19462046F2F713FAD5F8AC1F204683
:10441000FFF78CFED5F8B01F2046FFF787FED5F8D2
:10442000B41F2046FFF782FE355D1B2D03D8174BC6
:10443000EB40DB0712D429462046F2F7F9F9204673
:104440000421F2F7F5F920460D21F2F7F1F90A21DE
:10445000204602B0BDE87040F2F7EAB91B212046C1
:10446000F2F7E6F9E7E71B2120460193F2F7E0F9BE
:10447000019BC5E71B2120460193F2F7D9F9019B67
:10448000B0E700BFB0430020202100201200000848
:104490007811002070B582B08DED010A019B5E4A53
:1044A000C3F3C751FF29044602EA1342C3F3160EB1
:1044B0004BD059B90192F2F7BBF9019A130A194688
:1044C000204602B0BDE87040F2F7B2B9A1F1700C1D
:1044D000BCF11E0F58DCBCF1000F64DD4FEA5E3EFC
:1044E000DE044EF4806576D4C5F30903134343EA32
:1044F0008C2C5FFA8CF21B2A5FFA8CF60FFA8CF583
:1045000007D8464BD340D90703D51B212046F2F7E5
:104510008FF931462046F2F78BF9C5F307231B2BA1
:104520004FEA252CCBD83D4A22FA0CF2D207C6D549
:1045300020461B210193F2F77BF9019B2046194687
:1045400002B0BDE87040F2F773B9130A0193BEF1EF
:10455000000F0CD00021F2F76BF9019B43F07E03B2
:104560001946204602B0BDE87040F2F761B97146C5
:10457000F2F75EF9019B43F07C031946204602B036
:10458000BDE87040F2F754B900210192F2F750F9FA
:10459000019A130A43F07C031946204602B0BDE895
:1045A0007040F2F745B91CF10A0F22DBCCF10E0185
:1045B0004EF4000E4FF0FF33CCF10D008B402EFA7D
:1045C00001FC01212EEA030381408B421BD817D046
:1045D00042EA0C0C8DE70EF0010EC3F30B035EEA0A
:1045E000030E81D06B1CB3F5006F0FD0C3F309032A
:1045F0007CE700210192F2F71BF9019A130A5EE7AA
:104600001CF0010FE4D00CF1010CE1E78E29A1F1BF
:104610006F0CB9D0002369E70080FFFF120000088B
:1046200010B5FF210446F2F703F901212046F2F705
:10463000FFF8024B00221A5510BD00BFB043002006
:1046400010B5114B1B5C1B2B82B0044603D80F4ADC
:10465000DA40D20712D419462046F2F7E9F820468C
:104660000421F2F7E5F820460D21F2F7E1F80A21DE
:10467000204602B0BDE81040F2F7DAB81B210193E2
:10468000F2F7D6F8019BE6E7B043002012000008DD
:10469000F8B5254B254E04460D46FF211D70002719
:1046A000F2F7C6F801212046F2F7C2F8462120466B
:1046B0003755F2F7BDF81B212046F2F7B9F8012172
:1046C0002046F2F7B5F839462046F2F7B1F81B2D2F
:1046D00003D8174BEB40DA0721D429462046F2F7DE
:1046E000A7F8355D1B2D03D8114BEB40DB0711D428
:1046F00029462046F2F79CF820460421F2F798F864
:1047000020460D21F2F794F820460A21BDE8F84032
:10471000F2F78EB81B212046F2F78AF8E8E71B2152
:104720002046F2F785F8D8E7307D0020B04300201E
:10473000120000082DE9F04104460D46264EFF21E7
:1047400090460027F2F774F801212046F2F770F83E
:10475000332120463755F2F76BF802212046F2F755
:1047600067F839462046F2F763F81B2D03D81B4B38
:10477000EB40DA072AD429462046F2F759F8B8F177
:10478000000118BF01214942C9B22046F2F750F892
:10479000355D1B2D03D8114AEA40D30711D42946B1
:1047A0002046F2F745F820460421F2F741F820466A
:1047B0000D21F2F73DF820460A21BDE8F041F2F75D
:1047C00037B81B212046F2F733F8E8E71B212046D3
:1047D000F2F72EF8CFE700BFB04300201200000828
:1047E0002DE9F04F8A4A8B4B11681E682DED048B22
:1047F000044685B0002900F00881874A9FED878A2A
:104800000023F2EC017A01338B4238EE278AF8D18B
:10481000DFF81482824B98F80050D3ED008A1B2DEC
:1048200004D8804BEB40D90700F1EA8029462046A6
:10483000F1F7FEFFD8F80030002B00F0DC8007EE27
:10484000906AF8EE677AB7EE007A87EE279ADFF87B
:10485000DC91744F002628EE888A59F8045B5FFAD1
:1048600085FBBBF11B0F0FFA85FA07D827FA0BF36C
:10487000DA0703D51B212046F1F7DAFF5946204617
:10488000CAF3072BF1F7D4FFBBF11B0F4FEA2A2A1B
:1048900008D827FA0AFA1AF0010F03D01B21204684
:1048A000F1F7C6FFC5F3074A59462046F1F7C0FFA6
:1048B000BAF11B0F4FEA254507D827FA0AF3DB07A1
:1048C00003D51B212046F1F7B3FF51462046C5F31F
:1048D000072AF1F7ADFFBAF11B0F4FEA252507D8DC
:1048E00027FA05F5ED0703D51B212046F1F7A0FFB8
:1048F00051462046F1F79CFFD8F800300136B3420C
:10490000ABD8002B77D0DFF810B1DFF81891002773
:10491000FFEE008A4DE0B7EE007AF4EEC77AF1EED2
:1049200010FAD4BF17EE90AA17EE10AA5FFA8AF217
:10493000CAF30745CAF307231B2A02934FEA1A66F4
:10494000019509D829FA02F1C80705D51B2120468F
:104950000392F1F76DFF039A11462046F1F768FFC5
:10496000CAF307231B2B3BD902992046F1F760FFBE
:104970001B2D07D829FA05F5EA0703D51B21204688
:10498000F1F756FF01992046F1F752FF1B2E07D889
:1049900029FA06F3DB0703D51B212046F1F748FF70
:1049A00031462046F1F744FFD8F800300137BB42CA
:1049B00021D9FBEC017A77EEC87A67EE897AF4EEBA
:1049C000E87AF1EE10FAA6D500212046F1F730FF83
:1049D00000212046F1F72CFF8023BF260193D1E769
:1049E000CAF3072329FA03F3D907BDD51B212046B3
:1049F000F1F71EFFB8E705B0BDEC048BBDE8F08F02
:104A00001B212046F1F714FF10E79FED048AFFE613
:104A1000040000208406002088060020000000001A
:104A20000806002012000008000000200C060020EC
:104A3000F8B5394A394B11681D682DED048B0646CF
:104A4000002965D0364A9FED378A0023F2EC017ABF
:104A500001338B4238EE278AF8D1334F334B3C7801
:104A6000D3ED008A1B2C03D8314BE340DB074AD43B
:104A700021463046F1F7DCFE3B68002B40D007EEC4
:104A8000905AF8EE677AB7EE007AC7EE279A294D6A
:104A9000002428EE888AB5EC010A3046FFF7FAFCBC
:104AA0003B680134A342F6D853B31D4D0024BFEE3A
:104AB000009AF7EE008A0FE0F4EEE87AF1EE10FAD1
:104AC000D4BFB0EE670AB0EE680AFFF7E3FC3B68BC
:104AD00001349C4214D20435D5ED007A77EEC87AC1
:104AE000304667EEA97ABFEE000AF4EEC97AF1EE1D
:104AF00010FAE1D5FFF7CEFC3B680134A342EAD8B7
:104B0000BDEC048BF8BD1B213046F1F791FEAFE7F9
:104B10009FED048AA1E700BF040000208406002066
:104B20008806002000000000000000200806002089
:104B3000120000080C0600202DE9F04F2DED028B2D
:104B4000474B484F1968484EDFF834A1DFF83491DD
:104B50009FED468ADFF8308183B00546FFF7E6FA1D
:104B6000434B28461968FFF7E1FA424B284619687B
:104B7000FFF7DCFA404B28461968FFF7D7FAB4680C
:104B8000E2B21B2A0FFA84FB09D828FA02F1CB07FC
:104B900005D51B2128460192F1F74AFE019A1146DC
:104BA0002846F1F745FECBF307221B2A4FEA2B23B9
:104BB00009D828FA03F3D80705D51B212846019206
:104BC000F1F736FE019A11462846F1F731FEC4F39B
:104BD00007431B2B4FEA244409D828FA03F2D107D4
:104BE00005D51B2128460193F1F722FE019B1946AA
:104BF0002846F1F71DFEC4F307231B2B4FEA24249C
:104C000009D828FA04F4E20705D51B2128460193A8
:104C1000F1F70EFE019B19462846F1F709FE57F8F9
:104C2000041B2846FFF782FAFAEC017A67EE887ACD
:104C3000284617EE901AFFF779FAF16A2846FFF72F
:104C400075FA59F8041B2846FFF770FA0B4BBB4264
:104C500006F52E7693D103B0BDEC028BBDE8F08F44
:104C6000B80F0020D87C0020783B00207CD6D03DB7
:104C7000B40F0020B00F0020AC0F0020E47C002017
:104C8000FC7C0020F07C0020120000082DE9F84395
:104C9000224B234E93ED000A224DDFF8A080224FD5
:104CA0002DED028B0446FFF7F5FB204B9FED208A8C
:104CB00093ED000A2046FFF7EDFB1E4B204693EDD7
:104CC000000AFFF7E7FB1C4B204693ED000AFFF7B5
:104CD000E1FB06F10C0995ED020A2046FFF7DAFB2D
:104CE000B6EC010A2046FFF7D5FBB8EC010A2046D6
:104CF00020EE080AFFF7CEFB95ED0B0A2046FFF7E2
:104D0000C9FBB7EC010A2046FFF7C4FB4E4505F589
:104D10002E75E0D1BDEC028BBDE8F883B80F002002
:104D2000D87C0020783B0020F07C0020B40F0020CD
:104D30007CD6D03DB00F0020AC0F0020FC7C0020C2
:104D40002DE9F043FF21044683B0F1F771FDDFF850
:104D50009C9301212046F1F76BFD002309F80430F4
:104D60000D212046F1F764FDC64B1D68AD00763578
:104D700005F0FE012046ADB2F1F75AFD2A0AB5F55D
:104D8000E05F164604D2C04BD340DD0700F1DE8160
:104D900031462046F1F74CFDDFF85483BA4F002529
:104DA00018F80530DEB21B2B27FA06F207D812F0EE
:104DB000010F4FF01B01204601D0F1F739FD3146BC
:104DC00020460135F1F734FD0C2DE9D1AF4B1D78AC
:104DD0001B2D04D8AC4BEB40D80700F1B28129461B
:104DE0002046F1F725FDAA4B204693ED000AFFF778
:104DF00051FBA84B204693ED000AFFF74BFBA64B57
:104E0000D3ED007AF5EEC07AF1EE10FA00F1A98147
:104E10009FEDA27AF4EEC77AF1EE10FA00F39B81CF
:104E2000FDEEE77ACDED017A9DF80460BDF90450FE
:104E30001B2E07D8944BF340D90703D51B212046DE
:104E4000F1F7F6FC31462046C5F30726F1F7F0FCF2
:104E50001B2E4FEA252507D88B4BEB40DA0703D5ED
:104E60001B212046F1F7E4FC31462046F1F7E0FC37
:104E70008B4BB3F90060002EC0F27C811D781B2D96
:104E800007D8814BEB40DB0703D51B212046F1F708
:104E9000CFFC29462046F1F7CBFCB6F5E05F4FEAA0
:104EA0002622C6F3072507DA774BD340DF0703D561
:104EB0001B212046F1F7BCFC29462046F1F7B8FC3F
:104EC000784B204693ED000AFFF7E4FA2046FFF7FF
:104ED000DDFE754B204693ED000AFFF7DBFA734BBE
:104EE000204693ED000AFFF7D5FA714BD3F89832BC
:104EF000204600EE103AFFF7CDFA6E4B204693EDB8
:104F0000000AFFF7C7FA6C4B204693ED000AFFF743
:104F1000C1FA6A4B204693ED000AFFF7BBFA684BD3
:104F2000204693ED000AFFF7B5FA664B204693ED55
:104F3000000AFFF7AFFA644B204693ED000AFFF733
:104F4000A9FA624B204693ED000AFFF7A3FA604BE3
:104F5000D3ED007AF5EEC07AF1EE10FA00F1078198
:104F6000B7EE000AF4EEC07AF1EE10FAD8BFB0EE58
:104F7000670A584D2046FFF78DFA95ED040A204642
:104F8000FFF788FAE968544D2046FFF7CFF8D5E9D6
:104F90000401E3F7C9FC01462046FFF7C7F8D5E94D
:104FA0000601E3F7C1FC01462046FFF7BFF8D5E94B
:104FB0000801E3F7B9FC01462046FFF7B7F8D5E949
:104FC0000A01E3F7B1FC01462046FFF7AFF8434B77
:104FD00093ED000AE5F70EFE2046FFF75BFA404B23
:104FE000204693ED000AFFF755FA00212046F1F71D
:104FF0001FFC00212046F1F71BFC3A4B204693EDA5
:10500000000AFFF747FA384B1D781B2D07D81E4BB7
:10501000EB40DE0703D51B212046F1F709FC2946AA
:105020002046F1F705FC2046FFF702FDECF73AFABF
:10503000C6B21B2E054607D8134BF340D80703D53D
:105040001B212046F1F7F4FB31462046C5F3072625
:10505000F1F7EEFB1B2E07D80B4BF340D90703D516
:105060001B212046F1F7E4FB31462046C5F30745F6
:10507000F1F7DEFB1B2D41D8034BEB40DA073DD5A2
:1050800038E000BF0000002012000008307D002042
:10509000742E00206C2E0020682E00200000FA469E
:1050A000502E0020A8380020AC7F0020FC100020EB
:1050B000B081002074A60020C47F002018BD00200D
:1050C000C4380020A0000020A4000020C038002028
:1050D0006C0F0020D07F00200011002020BD002098
:1050E000BC000020703800203F380020B043002072
:1050F000347D00201B212046F1F79AFB29462046EB
:10510000F1F796FB19F804501B2D07D81C4BEB4008
:10511000DB0703D51B212046F1F78AFB29462046F1
:10512000F1F786FB20460421F1F782FB20460D2192
:10513000F1F77EFB0A21204603B0BDE8F043F1F70A
:1051400077BB1B212046F1F773FB48E61B21204665
:10515000F1F76EFB1CE600212046F1F769FB7D2686
:1051600082E600212046F1F763FB00267CE69FEDF6
:10517000050AFEE6FF212046F1F75AFB7F259BE654
:10518000120000080000000070B5FF21044682B044
:10519000F1F74EFB4D4E01212046F1F749FB00236C
:1051A000335510212046F1F743FB494B1D68ED00B4
:1051B0005535E9B22046ADB2F1F73AFB290AB5F50B
:1051C000E05F0A4603D2434BCB40D90777D4114660
:1051D0002046F1F72DFB404B20461968FEF7A6FF4D
:1051E0002046FFF7A9FC3D4B1D781B2D03D8394BFA
:1051F000EB40DB075ED429462046F1F719FB204639
:10520000FFF7EEFAECF74EF9C3B21B2B054603D8B5
:10521000304ADA40D00746D419462046F1F708FB59
:10522000C5F307231B2B03D82A4ADA40D10733D40E
:1052300019462046C5F30745F1F7FAFA1B2D03D8A6
:10524000244BEB40DA0722D429462046F1F7F0FA46
:10525000355D1B2D03D81F4BEB40DB0712D42946CD
:105260002046F1F7E5FA20460421F1F7E1FA20465D
:105270000D21F1F7DDFA0A21204602B0BDE87040A9
:10528000F1F7D6BA1B212046F1F7D2FAE7E71B2146
:105290002046F1F7CDFAD7E71B2120460193F1F71D
:1052A000C7FA019BC4E71B2120460193F1F7C0FA1E
:1052B000019BB1E71B212046F1F7BAFA9BE71B21BE
:1052C00020460192F1F7B4FA019A80E7B04300203A
:1052D0000000002012000008A8380020F50000207F
:1052E000F0B5FF21044683B0CF4FF1F7A1FA0025B6
:1052F00001212046F1F79CFA3D550E212046F1F799
:1053000097FA56212046F1F793FA29462046F1F7FD
:105310008FFAC64B1D781B2D04D8C54BEB40D9071F
:1053200000F1BD8129462046F1F782FAC14B1D7874
:105330001B2D04D8BE4BEB40DA0700F1AB812946A8
:10534000BD4D2046F1F774FA95F831601B2E04D854
:10535000B74BF340DB0700F1988131462046F1F767
:1053600067FA95F832601B2E04D8B14BF340D8078A
:1053700000F1868131462046F1F75AFAAF4B1E788C
:105380001B2E04D8AA4BF340D90700F17481314693
:105390002046F1F74DFADFEDAA7A95ED1F7AB4EECB
:1053A000E77AF1EE10FA00F12581DFEDA67AB4EE8E
:1053B000E77AF1EE10FAD4BF17EE101A17EE901A32
:1053C0002046FEF7B3FEDFED9E7A95ED207AB4EE2F
:1053D000E77AF1EE10FA00F10A81DFED9A7AB4EE85
:1053E000E77AF1EE10FAD4BF17EE101A17EE901A02
:1053F0002046FEF79BFEDFED927A95ED267AB4EE1D
:10540000E77AF1EE10FA00F1EF80DFED8E7AB4EE7C
:10541000E77AF1EE10FAD4BF17EE101A17EE901AD1
:105420002046FEF783FEDFED867A95ED277AB4EE0F
:10543000E77AF1EE10FA00F1D480DFED827AB4EE73
:10544000E77AF1EE10FAD4BF17EE101A17EE901AA1
:105450007D4E2046FEF76AFED6F8CC1F2046FEF7AA
:1054600065FED6F8D41F2046FEF760FED5F89010F2
:105470002046FEF75BFE95ED250AE5F7BBFB2046CF
:1054800010EE101AFEF752FEA96C2046FEF74EFEF3
:10549000D5F8D0102046FEF749FED5F8E810204692
:1054A000FEF744FED6F818152046FEF73FFED6F864
:1054B000481A2046FEF73AFE644BDE69EBF7F2FF2E
:1054C000361AF3B21B2B04D8594ADA40D20700F13E
:1054D000CB8019462046F1F7ABF9C6F307231B2B07
:1054E00004D8534ADA40D00700F196801946204686
:1054F000C6F30746F1F79CF91B2E04D84C4BF3403A
:10550000D90700F1848031462046F1F791F9D5F8AA
:1055100028112046FEF70AFE296A2046FEF706FEFD
:1055200095F82C611B2E03D8414BF340DA0769D460
:1055300031462046464EF1F77BF900212046F1F72F
:1055400077F9D6F8AC122046FEF7F0FDD6F86415D0
:105550002046FEF7EBFDD6F87C152046FEF7E6FD6B
:1055600095F83230022B04D995F83130032B00F234
:105570009B80384B93ED000ADFED377AB4EEE70AF3
:10558000F1EE10FA2BD4DFED357A9FED357AB4EEDB
:10559000E70AF1EE10FAD8BFF0EE407A67EE877AAC
:1055A00017EE901A2046FEF7C1FD3D5D1B2D03D876
:1055B0001F4BEB40DB0720D429462046F1F738F992
:1055C00020460421F1F734F920460D21F1F730F996
:1055D0000A21204603B0BDE8F040F1F729B921497E
:1055E000E0E74FF0424133E74FF0424118E74FF018
:1055F0004241FDE64FF04241E2E61B212046F1F731
:1056000017F9D9E71B212046F1F712F990E71B2182
:105610002046F1F70DF976E71B2120460193F1F7BB
:1056200007F9019B62E700BFB04300203F3800202C
:10563000120000083E38002078A800203D2C0020F1
:10564000000000C20000004278110020B02E0020AF
:10565000783B002024BD0020000034C30000344308
:1056600035FA8E3CDB0F49C01B2120460193F1F730
:10567000DFF8019B2DE71B212046F1F7D9F886E6DC
:105680001B212046F1F7D4F874E61B212046F1F7E0
:10569000CFF862E61B212046F1F7CAF84FE61B213E
:1056A0002046F1F7C5F83DE6064D2B78002B7FF438
:1056B00060AFFAF721FD044A012382ED000A2B7046
:1056C0005AE700BFFBA0002024BD00202DE9F04FC9
:1056D000FF21044683B0F1F7ABF801212046F1F732
:1056E000A7F8CA4BDFF84C83C94F00251D553E2152
:1056F0002046F1F79DF877212046F1F799F82946E1
:105700002046F1F795F818F80530DEB21B2B27FA82
:1057100006F207D812F0010F4FF01B01204601D00E
:10572000F1F786F8314620460135F1F781F80C2D66
:10573000E9D1B84F2046D7F87C12FEF7F7FCB64BFC
:105740001D781B2D04D8B24BEB40DE0700F13B82E5
:1057500029462046F1F76CF8B04B1B781D1E18BF88
:105760000125002B40F0348229462046F1F760F8ED
:10577000DFF8C492DFF89882002606F19E0307EB5B
:10578000830320469968FEF7D1FC06F1A20307EBDC
:10579000830320465968FEF7C9FC06F1960307EB20
:1057A00083032046D968FEF7C1FC06F19A0307EB94
:1057B000830320469968FEF7B9FCF9EC017AFDEE07
:1057C000E77ACDED017A9DF804A0BDF90450BAF155
:1057D0001B0F28FA0AF307D813F0010F4FF01B0133
:1057E000204601D0F1F724F851462046C5F3072A98
:1057F000F1F71EF82D12BAF11B0F28FA05F507D89C
:1058000015F0010F4FF01B01204601D0F1F710F801
:1058100051462046F1F70CF806F1940307EB830399
:105820002046D3F803100136FEF780FC032EA4D1E6
:105830007B4B93ED007AF7EE006AC6EE877AFDEEB9
:10584000E77ACDED017A9DF80460BDF904501B2E76
:1058500004D86F4BF340D80700F1B08131462046A1
:10586000C5F30726F0F7E4FF1B2E4FEA252504D8E1
:10587000674BEB40D90700F19C8131462046F0F799
:10588000D7FF684BD3ED007AFDEEE77ACDED017AD4
:105890009DF80460BDF904501B2E04D85C4BF34006
:1058A000DA0700F1818131462046C5F30726F0F77B
:1058B000BFFF1B2E4FEA252504D8554BEB40DB07D5
:1058C00000F16D8131462046F0F7B2FF564BD3ED23
:1058D000007AFDEEE77ACDED017A9DF80460BDF91E
:1058E00004501B2E04D84A4BF340DF0700F15281CD
:1058F00031462046C5F30726F0F79AFF1B2E4FEAE4
:10590000252504D8424BEB40DD0700F13E813146AE
:105910002046F0F78DFF454BD3ED007AFDEEE77A98
:10592000CDED017A9DF80460BDF904501B2E04D81A
:10593000374BF340D80700F1238131462046C5F3A9
:105940000726F0F775FF1B2E4FEA252504D8304BAC
:10595000EB40D90700F10F8131462046F0F768FF90
:10596000334BD3ED007AFDEEE77ACDED017A9DF869
:105970000460BDF904501B2E04D8254BF340DA0710
:1059800000F1F48031462046C5F30726F0F750FFBA
:105990001B2E4FEA252504D81D4BEB40DB0700F1F9
:1059A000E08031462046F0F743FFDFF89090184F33
:1059B000002301934E464FF00008002516F835B03D
:1059C00036F935A0BBF11B0F27FA0BF107D811F000
:1059D000010F20464FF01B0101D0F0F729FF594677
:1059E0002046CAF3072BF0F723FF4FEA2A23BBF127
:1059F0001B0F27FA03F323D813F0010F4FF01B01FD
:105A000020461DD0F0F714FF1AE000BFB04300207D
:105A100012000008B0810020C97B0308C87B03087E
:105A20002C7D0020400000203C0000203800002099
:105A300034000020347D00200CBD002034AA00205A
:105A400059462046F0F7F4FE6B1C022B4FF001057F
:105A5000B4D108EB0503022B06F10406A846ACD12D
:105A6000019B01950133022B09F10209A2D15B4B85
:105A700020461988FEF75AFB594B1D781B2D03D879
:105A8000584BEB40DF0767D429462046F0F7D0FE9D
:105A9000554B1D781B2D03D8524BEB40DE0756D4D7
:105AA00029462046F0F7C4FE504B1D781B2D03D825
:105AB0004C4BEB40D80745D429462046F0F7B8FEBA
:105AC0004B4B1D781B2D03D8464BEB40D90734D4E4
:105AD00029462046F0F7ACFE464B1D781B2D03D817
:105AE000404BEB40DA0723D429462046F0F7A0FECE
:105AF000414B1D5D1B2D03D83A4BEB40DB0712D405
:105B000029462046F0F794FE20460421F0F790FE47
:105B100020460D21F0F78CFE0A21204603B0BDE897
:105B2000F04FF0F785BE1B212046F0F781FEE7E736
:105B30001B212046F0F77CFED6E71B212046F0F71C
:105B400077FEC5E71B212046F0F772FEB4E71B2164
:105B50002046F0F76DFEA3E71B212046F0F768FE14
:105B600092E71B212046F0F763FE1AE71B2120462F
:105B7000F0F75EFE06E71B212046F0F759FEEBE644
:105B80001B212046F0F754FED7E61B212046F0F7F4
:105B90004FFEBCE61B212046F0F74AFEA8E61B217B
:105BA0002046F0F745FE8DE61B212046F0F740FE2B
:105BB00079E61B212046F0F73BFE5EE61B212046DE
:105BC000F0F736FE4AE61B212046F0F731FEBFE52E
:105BD0001B212046F0F72CFEC6E500BF32AA0020AC
:105BE000D37C0020120000082FBD00202EBD002015
:105BF0002DBD00202CBD0020B04300202DE9F04F2A
:105C00002DED028B044683B0FF21F0F711FEDFF883
:105C10009CA2DFF89C8201212046F0F709FE0023B8
:105C20000AF8043016212046F0F702FE98F80050DA
:105C300006356D00EEB2042E00F024813146204678
:105C4000F0F7F6FD2B0A012B1D4600F016812946C0
:105C50002046F0F7EDFD8E4BD3E90053B5F5004F2C
:105C600073F1000328BF47F6FF752EB2EDB21B2D6E
:105C700004D8884BEB40DF0700F1FA802946204624
:105C8000F0F7D6FDB6F5E05F4FEA2622C6F307250A
:105C900004DA804BD340D80700F1E580294620463E
:105CA000F0F7C6FD98F800501B2D04D8794BEB4057
:105CB000D90700F1D38029462046F0F7B9FD764B8D
:105CC0001D781B2D04D8734BEB40DA0700F1C1801F
:105CD00029462046714D9FED728ADFED728ADFF80A
:105CE000B4B1F0F7A5FD05F11007F5EC017AB7EEB8
:105CF000007A77EE877A67EE887AF5EEC07AF1EE71
:105D000010FA59D4F4EEE87AF1EE10FA5ADDFF21D8
:105D10002046F0F78DFDFF2631462046F0F788FD3E
:105D2000AF42E2D198F80030002B70D05E4FDFF820
:105D30006491012616E0B5F5803F1DDBFF2120466A
:105D4000F0F776FD4FF0FF0B59462046F0F770FD57
:105D500098F80020F3B29A4259D90136152E07F16E
:105D6000280754D0FD69002DE5DA00212046F0F720
:105D70005FFD4FF0000BE7E75FFA85FBBBF11B0F00
:105D8000ADB207D829FA0BF3D90703D51B2120465A
:105D9000F0F74EFD59462046F0F74AFD2B0AB5F5BF
:105DA000E05F9B46D0D229FA03F3DA07CCD51B215A
:105DB0002046F0F73DFDC7E700212046F0F738FD0B
:105DC0000026A9E7FCEEE77ACDED017A9DF80460A4
:105DD000BDF804901B2E07D82BFA06F3DB0703D57A
:105DE0001B212046F0F724FD31462046F0F720FD28
:105DF0004FEA1923B9F5E05F1E468DD22BFA03F363
:105E0000D80789D51B212046F0F712FD84E71AF840
:105E100004501B2D03D81F4BEB40DB0714D429463D
:105E20002046F0F705FD20460421F0F701FD20464D
:105E30000D21F0F7FDFC0A21204603B0BDEC028BDA
:105E4000BDE8F04FF0F7F4BC1B212046F0F7F0FC62
:105E5000E5E71B212046F0F7EBFC39E71B21204644
:105E6000F0F7E6FC27E71B212046F0F7E1FC15E7F9
:105E70001B212046F0F7DCFC00E71B212046F0F751
:105E8000D7FCE4E61B212046F0F7D2FCD6E600BFA3
:105E90008030002012000008403700200030002031
:105EA00000007A4400FF7F47E0330020B043002029
:105EB00085000020F0B52DED028B044683B0FF2154
:105EC000B74DF0F7B5FC002601212046F0F7B0FCF5
:105ED0002E5543212046F0F7ABFC32212046F0F747
:105EE000A7FC31462046F0F7A3FCAE4B20461968CC
:105EF000FEF71CF9AC4B20461968FEF717F9AB4BBF
:105F00009E88F7B21B2F36B204D8A94BFB40D907A5
:105F100000F1BA8139462046C6F30727F0F788FC1E
:105F20001B2F4FEA262604D8A14BF340DA0700F1D5
:105F3000A68139462046F0F77BFC9E4B1B6847F64E
:105F4000FF769E4228BF1E46F7B21B2F36B204D8FA
:105F5000974BFB40DB0700F18D8139462046F0F777
:105F600067FCB6F5E05F4FEA2622C6F3072704DA9E
:105F70008F4BD340D80700F1788139462046F0F79F
:105F800057FC8D4B1F78B3F900601B2F04D8884B4A
:105F9000FB40D90700F1648139462046C6F3072744
:105FA000F0F746FC1B2F4FEA262604D8804BF3401F
:105FB000DA0700F1508139462046F0F739FC7F4B73
:105FC0001F78B3F900601B2F04D8794BFB40DB0727
:105FD00000F13C8139462046C6F30727F0F728FC3C
:105FE0001B2F4FEA262604D8714BF340D80700F147
:105FF000288139462046F0F71BFC714BB3F900703D
:10600000002FC0F277811E781B2E07D8684BF34013
:10601000D90703D51B212046F0F70AFC314620465C
:10602000F0F706FCB7F5E05F4FEA2722C7F3072633
:1060300007DA5F4BD340DA0703D51B212046F0F780
:10604000F7FB31462046F0F7F3FB5E4B5E4E93EDD7
:10605000008A06F10C07F6EC017AF8EE677A204622
:1060600067EE887A17EE901AFEF760F8B742F2D121
:10607000564B574E93ED008A06F10C07F6EC017A69
:10608000F8EE677A204667EE887A17EE901AFEF7E8
:106090004DF8B742F2D14F4B1B6847F6FF769E4250
:1060A00028BF1E46F7B21B2F36B204D8404BFB4028
:1060B000DB0700F11A8139462046F0F7B9FBB6F547
:1060C000E05F4FEA2622C6F3072704DA384BD340B5
:1060D000DE0700F1058139462046F0F7A9FB3E4B6B
:1060E0001B6847F6FF769E4228BF1E46F7B21B2F5D
:1060F00036B204D82E4BFB40D80700F1EC8039466D
:106100002046F0F795FBB6F5E05F4FEA2622C6F38E
:10611000072704DA264BD340D90700F1D780394648
:106120002046F0F785FB2D4BD3E900619A682C4B94
:106130000E441644D3E900129B681144194447F6F3
:10614000FF73994228BF1946CBB21B2B0FB204D85C
:10615000174ADA40D20700F1B28019462046F0F71C
:1061600067FBB7F5E05F4FEA2721C7F3072204DAA0
:106170000F4BCB40D80700F19B8011462046F0F72B
:1061800057FB47F6FF739E4228BF1E46F7B21B2FF0
:1061900036B227D8064BFB40D90700F1848021E0B6
:1061A000B0430020D8000020D0000020B0810020A3
:1061B00012000008B4A60020D80F00206A0F0020AB
:1061C000680F0020BC7B0308A8A60020C07B030842
:1061D0009CA6002080A600207CA6002084A600208B
:1061E00090A6002039462046F0F722FBB6F5E05F86
:1061F0004FEA2622C6F3072703DA414BD340DA07DA
:106200004CD439462046F0F713FB2D5D1B2D03D8E7
:106210003B4BEB40DB073CD429462046F0F708FB1C
:1062200020460421F0F704FB20460D21F0F700FB87
:106230000A21204603B0BDEC028BBDE8F040F0F728
:10624000F7BA1B212046F0F7F3FAD2E61B212046CD
:10625000F0F7EEFABEE61B212046F0F7E9FAAAE6CF
:106260001B212046F0F7E4FA96E61B212046F0F7C2
:10627000DFFA82E61B212046F0F7DAFA6DE61B21F1
:106280002046F0F7D5FA54E61B212046F0F7D0FA65
:1062900040E61B212046F0F7CBFABDE71B21204644
:1062A000F0F7C6FAADE71B212046F0F7C1FA99E7EF
:1062B0001B2120460192F0F7BBFA019A5DE71B21F2
:1062C00020460193F0F7B4FA019B46E71B212046D4
:1062D000F0F7AEFA23E71B212046F0F7A9FA0EE704
:1062E0001B212046F0F7A4FAF5E61B212046F0F723
:1062F0009FFAE0E6FF212046F0F79AFA7F26A0E613
:10630000120000082DE9F04FFF21044683B0F0F79A
:106310008FFA01212046F0F78BFAC44B00251D555A
:106320004C212046F0F784FA54212046F0F780FAF9
:106330002946BF4D2046F0F77BFAEE781B2E04D895
:10634000BC4BF340DA0700F1E284BB4F31462046F4
:10635000F0F76EFA3B7805EB0313DE781B2E04D8BA
:10636000B44BF340DB0700F1CC8431462046F0F714
:106370005FFAED7C1B2D04D8AE4BEB40D80700F143
:10638000BA842946AD4D2046F0F752FAAB6847F67D
:10639000FF769E4228BF1E465FFA86F8B8F11B0FB3
:1063A00036B205D8A34B23FA08F3D90700F19D8430
:1063B00041462046F0F73CFAB6F5E05F4FEA262268
:1063C000C6F3072804DA9B4BD340DA0700F1878431
:1063D00041462046F0F72CFA3B7803EB430305EBEC
:1063E000830347F6FF769B689E4228BF1E465FFAEE
:1063F00086F8B8F11B0F36B205D88E4B23FA08F396
:10640000DB0700F1668441462046F0F711FAB6F545
:10641000E05F4FEA2622C6F3072804DA854BD34013
:10642000D80700F1508441462046F0F701FA6B6925
:1064300047F6FF769E4228BF1E465FFA86F8B8F1FF
:106440001B0F36B205D87B4B23FA08F3D90700F1AE
:10645000348441462046F0F7EBF9B6F5E05F4FEAA9
:106460002622C6F3072804DA724BD340DA0700F17C
:106470001E8441462046F0F7DBF9D5ED007AF5EEB3
:10648000C07AF1EE10FA00F14F849FED6D7AF4EED0
:10649000C77AF1EE10FA00F34084FDEEE77ACDED15
:1064A000017A9DF80460BDF904801B2E07D8614B6A
:1064B000F340DB0703D51B212046F0F7B9F931463D
:1064C0002046C8F30726F0F7B3F91B2E4FEA282819
:1064D00008D8584B23FA08F3D80703D51B212046C8
:1064E000F0F7A6F931462046F0F7A2F96B6847F6B7
:1064F000FF769E4228BF1E465FFA86F8B8F11B0F52
:1065000036B208D84B4B23FA08F3D90703D51B2121
:106510002046F0F78DF941462046F0F789F9B6F5A7
:10652000E05F4FEA2622C6F3072807DA414BD34043
:10653000DA0703D51B212046F0F77AF941462046B9
:10654000F0F776F93B7803EB430305EB8303D3EDD8
:10655000007AF5EEC07AF1EE10FA00F1F2839FEDC9
:10656000387AF4EEC77AF1EE10FA40F31684FF2180
:106570002046F0F75DF97F2631462046F0F758F9BE
:106580003B7803EB430305EB830347F6FF765B6839
:106590009E4228BF1E4637B2F6B21B2E07D8254BA7
:1065A000F340D90703D51B212046F0F741F93146C6
:1065B0002046F0F73DF9B7F5E05F4FEA2722C7F331
:1065C000072607DA1B4BD340DA0703D51B212046E9
:1065D000F0F72EF931462046F0F72AF9D5ED037A87
:1065E000F5EEC07AF1EE10FA00F1A5839FED147A72
:1065F000F4EEC77AF1EE10FA40F3A983FF212046AA
:10660000F0F716F97F2631462046F0F711F92A698E
:1066100047F6FF739A4228BF1A46D6B21B2E15B210
:1066200015D8044BF340D8070CE000BFB04300205E
:10663000CC7B030812000008F7000020D88E002051
:1066400000FEFF4603D51B212046F0F7F1F8314646
:106650002046F0F7EDF8B5F5E05F4FEA2522C5F3E7
:10666000072607DAB74BD340D90703D51B212046AD
:10667000F0F7DEF831462046DFF8F882B24EDFF858
:10668000F892B04FF0F7D4F808F1020B18F8015F58
:106690001B2D07D827FA05F3DA0703D51B2120465F
:1066A000F0F7C6F829462046F0F7C2F819F8015F5E
:1066B0001B2D07D827FA05F3DB0703D51B2120463E
:1066C000F0F7B6F829462046F0F7B2F8A6F1040A2A
:1066D0001AF8015B1B2D27FA05F207D812F0010FFB
:1066E0004FF01B01204601D0F0F7A2F829462046C2
:1066F000F0F79EF85645EBD1C34506F10406C5D127
:10670000924B1E78B3F900501B2E07D88D4BF340E7
:10671000DF0703D51B212046F0F78AF831462046D3
:10672000C5F30726F0F784F81B2E4FEA252507D876
:10673000844BEB40DD0703D51B212046F0F778F8AA
:1067400031462046F0F774F8814B1E78B3F90050BB
:106750001B2E07D87B4BF340D80703D51B212046BF
:10676000F0F766F831462046C5F30726F0F760F8E3
:106770001B2E4FEA252507D8724BEB40D90703D5CE
:106780001B212046F0F754F831462046F0F750F828
:10679000704B1E78B3F900501B2E07D8694BF3409D
:1067A000DA0703D51B212046F0F742F83146204690
:1067B000C5F30726F0F73CF81B2E4FEA252507D82E
:1067C000604BEB40DB0703D51B212046F0F730F888
:1067D00031462046F0F72CF85F4B1E78B3F9005095
:1067E0001B2E07D8574BF340DF0703D51B2120464C
:1067F000F0F71EF831462046C5F30726F0F718F8E3
:106800001B2E4FEA252507D84E4BEB40DD0703D55D
:106810001B212046F0F70CF831462046F0F708F827
:106820004E4B1E78B3F900501B2E07D8454BF34052
:10683000D80703D51B212046EFF7FAFF3146204643
:10684000C5F30726EFF7F4FF1B2E4FEA252507D8DF
:106850003C4BEB40D90703D51B212046EFF7E8FF5F
:1068600031462046EFF7E4FF3D4B1E78B3F9005068
:106870001B2E07D8334BF340DA0703D51B212046E4
:10688000EFF7D6FF31462046C5F30726EFF7D0FFD6
:106890001B2E4FEA252507D82A4BEB40DB0703D5F3
:1068A0001B212046EFF7C4FF31462046EFF7C0FF1B
:1068B0002C4B1E78B3F900501B2E07D8214BF34008
:1068C000DF0703D51B212046EFF7B2FF31462046F4
:1068D000C5F30726EFF7ACFF1B2E4FEA252507D897
:1068E000184BEB40DD0703D51B212046EFF7A0FF37
:1068F00031462046EFF79CFF1B4B1D781B2D07D818
:10690000104BEB40D80703D51B212046EFF790FF33
:1069100029462046EFF78CFF144B1D781B2D07D816
:10692000084BEB40D90703D51B212046EFF780FF2A
:1069300029462046EFF77CFF0D4B1D781B2D25D8EF
:106940001CE000BF12000008CC8E0020BC8E00208E
:10695000BA8E0020B88E0020B68E0020B48E0020A3
:10696000B28E0020B08E002036BD002035BD002044
:1069700034BD0020D48E0020C08E0020B34BEB40ED
:10698000DA0703D51B212046EFF752FF29462046A0
:10699000EFF74EFFAE4B1D781B2D07D8AB4BEB40EE
:1069A000DB0703D51B212046EFF742FF294620468F
:1069B000EFF73EFFA74BB3F90050EEB21B2E07D8FE
:1069C000A24BF340DF0703D51B212046EFF730FF32
:1069D00031462046C5F30726EFF72AFF1B2E4FEA64
:1069E000252507D8994BEB40DD0703D51B21204611
:1069F000EFF71EFF31462046EFF71AFF964BB3F92B
:106A00000050EEB21B2E07D8904BF340D80703D5A9
:106A10001B212046EFF70CFF31462046C5F3072621
:106A2000EFF706FF1B2E4FEA252507D8874BEB40D3
:106A3000D90703D51B212046EFF7FAFE3146204641
:106A4000EFF7F6FE854BB3F90050EEB21B2E07D8D8
:106A50007E4BF340DA0703D51B212046EFF7E8FE13
:106A600031462046C5F30726EFF7E2FE1B2E4FEA1C
:106A7000252507D8754BEB40DB0703D51B212046A6
:106A8000EFF7D6FE31462046EFF7D2FE744BB3F94E
:106A90000050EEB21B2E07D86C4BF340DF0703D536
:106AA0001B212046EFF7C4FE31462046C5F30726DA
:106AB000EFF7BEFE1B2E4FEA252507D8634BEB40B0
:106AC000DD0703D51B212046EFF7B2FE31462046F5
:106AD000EFF7AEFE634BB3F90050EEB21B2E07D8B2
:106AE0005A4BF340D80703D51B212046EFF7A0FEF1
:106AF00031462046C5F30726EFF79AFE1B2E4FEAD4
:106B0000252507D8514BEB40D90703D51B2120463B
:106B1000EFF78EFE31462046EFF78AFE524BB3F96F
:106B20000050EEB21B2E07D8484BF340DA0703D5CE
:106B30001B212046EFF77CFE31462046C5F3072691
:106B4000EFF776FE1B2E4FEA252507D83F4BEB408B
:106B5000DB0703D51B212046EFF76AFE31462046AE
:106B6000EFF766FE414BB3F90050EEB21B2E07D88B
:106B7000364BF340DF0703D51B212046EFF758FEC5
:106B800031462046C5F30726EFF752FE1B2E4FEA8B
:106B9000252507D82D4BEB40DD0703D51B212046CB
:106BA000EFF746FE31462046EFF742FE304B314DBF
:106BB00019682046FDF7BAFA2F4B20461968FDF7F1
:106BC000B5FA2E4B20461968FDF7B0FA2C4B20463B
:106BD0001968FDF7ABFA2E781B2E07D81B4BF34034
:106BE000D80703D51B212046EFF722FE3146204669
:106BF000EFF71EFE6E781B2E07D8144BF340D90713
:106C000003D51B212046EFF713FE31462046EFF750
:106C10000FFEAD781B2D07D80C4BEB40DA0703D5E0
:106C20001B212046EFF704FE29462046EFF700FE21
:106C3000144B1D5D1B2D27D8044BEB40DB0723D5E0
:106C40001B212046EFF7F4FD1EE000BF12000008F4
:106C500033BD00205ABD002058BD00204CBD00208F
:106C60004ABD002048BD002046BD002044BD002094
:106C700054BD002030BD002050BD002040BD00208C
:106C80003CBD0020B043002029462046EFF7D0FD50
:106C900020460421EFF7CCFD20460D21EFF7C8FD7B
:106CA0000A21204603B0BDE8F04FEFF7C1BD1B211C
:106CB0002046EFF7BDFDFFF7DCBB1B212046EFF7B9
:106CC000B7FDFFF7C6BB1B212046EFF7B1FDFFF76D
:106CD000AABB1B212046EFF7ABFDFFF794BB1B219E
:106CE0002046EFF7A5FDFFF773BB1B212046EFF70A
:106CF0009FFDFFF75DBB1B212046EFF799FDFFF7D6
:106D000040BB1B212046EFF793FDFFF72EBB1B2155
:106D10002046EFF78DFDFFF718BBFF212046EFF768
:106D200087FD7F26FFF7DEBB00212046EFF780FDC1
:106D30000026FFF7D7BB00212046EFF779FD00269C
:106D400061E400212046EFF773FD002614E4FDEE18
:106D5000E77ACDED017A9DF80470BDF904601B2F30
:106D600007D8224BFB40DB0703D51B212046EFF75A
:106D70005FFD39462046EFF75BFD3212C6F307266A
:106D80001B2E3FF640AC194BD340DF077FF53BACE1
:106D90001B212046EFF74CFD35E4FDEEE77ACDED03
:106DA000017A9DF80460BDF904801B2E07D80F4BB3
:106DB000F340DB0703D51B212046EFF739FD3146B1
:106DC0002046C8F30726EFF733FD1B2E4FEA28288D
:106DD0003FF6D2AB054B23FA08F3D8077FF5CCABCF
:106DE0001B212046EFF724FDFFF7C6BB1200000869
:106DF0002DE9F84306464448DFF81C91DFF814817A
:106E0000E1F7BEFFFF2104463046EFF711FD0025F4
:106E100001213046EFF70CFD09F806503F213046BE
:106E2000EFF706FD04F11E01C9B23046EFF700FD91
:106E300029463046354DEFF7FBFC422405F11B0790
:106E40001B2C28FA04F307D813F0010F4FF01B0195
:106E5000304601D0EFF7ECFC21463046EFF7E8FC76
:106E600015F8014FBD42EBD100213046EFF7E0FCB1
:106E7000274B1C781B2C03D8264BE340DA073ED463
:106E8000214D21463046EFF7D3FC2C78A4B1214F99
:106E90001B2C27FA04F307D813F0010F4FF01B0146
:106EA000304601D0EFF7C4FC21463046EFF7C0FC76
:106EB00015F8014F002CEBD121463046EFF7B8FC16
:106EC00019F806401B2C03D8124BE340DB0711D402
:106ED00021463046EFF7ACFC30460421EFF7A8FC22
:106EE00030460D21EFF7A4FC30460A21BDE8F843F7
:106EF000EFF79EBC1B213046EFF79AFCE8E71B2119
:106F00003046EFF795FCBBE78881002090660308C8
:106F1000F500002012000008B04300202DE9F047E2
:106F20008F4BDFF86082044693E8070086B003AB1E
:106F300083E80700F1F76EFD8A4B003818BF012087
:106F40001A7840F00203052A08BF1846864A1268DC
:106F500040F00403002A08BF1846844B1B7803F056
:106F6000010340EAC300FF21C5B22046EFF760FCF1
:106F7000002601212046EFF75BFC3921204608F866
:106F80000460EFF755FC62212046EFF751FC3146D3
:106F90002046EFF74DFC6FF012032B41D90740F16B
:106FA000D98029462046EFF743FC714B9FED717A5B
:106FB000D3ED007A67EE877AF5EEC07AF1EE10FA3B
:106FC00000F1C680F4EEC77AF1EE10FA00F3BE804D
:106FD000FCEEE77ACDED017A9DF804501B2D07D821
:106FE000654BEB40DA0703D51B212046EFF720FC69
:106FF0002946624D624EDFF890915F4F2046EFF7D1
:1070000017FCD5F8E4122046FDF790F87168204689
:10701000FDF78CF8D5F86C152046FDF787F8E96A7E
:107020002046FDF783F831682046FDF77FF8D5F854
:10703000B4122046FDF77AF8D5F89C152046FDF7E6
:1070400075F8B1682046FDF771F8D5F82418204688
:10705000FDF76CF803AE56F8045B09EB8515204686
:107060002969FDF763F869692046FDF75FF8696AE9
:107070002046FDF75BF8A96A2046FDF757F8ED6A50
:107080005FFA85FABAF11B0F07D827FA0AF3DB0774
:1070900003D51B212046EFF7CBFB51462046C5F315
:1070A000072AEFF7C5FBBAF11B0F07D827FA0AF337
:1070B000D80703D51B212046EFF7BAFB51462046DF
:1070C000C5F3074AEFF7B4FBBAF11B0F07D827FA4D
:1070D0000AF3D90703D51B212046EFF7A9FB514638
:1070E0002046EFF7A5FB2B0EB5F1E05F9A4607D2DD
:1070F00027FA03F3DA0703D51B212046EFF798FBA5
:1071000051462046EFF794FB06ABB342A3D118F8E3
:1071100004501B2D07D8184BEB40DB0703D51B2170
:107120002046EFF785FB29462046EFF781FB2046F6
:107130000421EFF77DFB20460D21EFF779FB0A21B3
:107140002046EFF775FB06B0BDE8F087C8254FE78E
:1071500000254DE71B212046EFF76AFB21E700BF22
:10716000E0610308307D0020C8380020347D002015
:10717000A83800200000484312000008783B002097
:10718000F07C0020B0430020DC0F002070B5FF2110
:1071900082B00446924EEFF74BFB002501212046BA
:1071A000EFF746FB355545212046EFF741FB0B2114
:1071B0002046EFF73DFB29462046EFF739FB89488B
:1071C000E3F760FBC5B21B2D04D8874BEB40DA0711
:1071D00000F1008129462046EFF72AFB8348E3F7B8
:1071E00051FBC5B21B2D04D87F4BEB40DB0700F1F0
:1071F000EC8029462046EFF71BFB7D48E3F742FB76
:10720000C3B21B2B054604D8774ADA40D00700F1F9
:10721000D58019462046EFF70BFBC5F307231B2B40
:1072200045F30F2504D8704AEA40D10700F1BF802A
:1072300019462046EFF7FCFA6E4B1B6847F6FF75C0
:107240009D4228BF1D46EBB21B2B2DB204D8664AC7
:10725000DA40D20700F1A48019462046EFF7E8FA99
:10726000B5F5E05F4FEA2521C5F3072204DA5E4B4E
:10727000CB40DD0700F18D8011462046EFF7D8FAAC
:107280005D4B1B6847F6FF759D4228BF1D46EBB25C
:107290001B2B2DB203D8544ADA40D00772D41946BA
:1072A0002046EFF7C5FAB5F5E05F4FEA2521C5F3B3
:1072B000072203DA4C4BCB40D9075CD41146204659
:1072C000EFF7B6FA4D4B1D781B2D03D8464BEB401C
:1072D000DB074BD429462046EFF7AAFA484B1D8816
:1072E000EBB21B2BADB203D83F4ADA40D00736D4FD
:1072F00019462046EFF79CFA290AB5F5E05F0A46E1
:1073000003D2394BCB40D90722D411462046EFF7A0
:107310008FFA355D1B2D03D8334BEB40DB0712D4BE
:1073200029462046EFF784FA20460421EFF780FA39
:1073300020460D21EFF77CFA0A21204602B0BDE875
:107340007040EFF775BA1B212046EFF771FAE7E7B7
:107350001B2120460192EFF76BFA019AD5E71B211A
:1073600020460193EFF764FA019BC1E71B212046F9
:10737000EFF75EFAAEE71B2120460192EFF758FACD
:10738000019A9BE71B2120460193EFF751FA019BDD
:1073900085E71B2120460192EFF74AFA019A6BE735
:1073A0001B2120460193EFF743FA019B54E71B2171
:1073B00020460193EFF73CFA019B39E71B21204659
:1073C0000193EFF735FA019B23E71B212046EFF7E6
:1073D0002FFA0EE71B212046EFF72AFAFAE600BF44
:1073E000B04300202C370020120000080C3700208A
:1073F0001C3700204437002048370020840000203C
:10740000001001402DE9F04FFF21044683B0DFF862
:107410007883DFF87893DFF878B3DFF878A3EFF7B5
:1074200007FA002501212046EFF702FA08F8045078
:1074300042212046EFF7FCF914212046EFF7F8F936
:1074400029462046EFF7F4F907212046EFF7F0F937
:1074500029462046EFF7ECF91B212046EFF7E8F923
:1074600004212046EFF7E4F9D9F800301BF8032097
:107470001AF8035045EA4205EDB21B2D04D8BD4B66
:10748000EB40DA0700F16B8129462046EFF7D0F98F
:10749000B94ED9F8003036F81350EFB21B2F2DB289
:1074A00004D8B44BFB40DB0700F154813946204639
:1074B000C5F30727EFF7BCF91B2F4FEA252504D8A2
:1074C000AC4BEB40DD0700F1408139462046EFF739
:1074D000AFF9AA4FD9F8003037F81350EBB21B2B95
:1074E0002DB204D8A34ADA40D00700F1278119460B
:1074F0002046EFF79DF9C5F307231B2B4FEA2525FF
:1075000004D89C4AEA40D10700F11181194620466F
:10751000EFF78EF9D9F80030002227F8132026F86B
:107520001320974BDB799A07C3F3400540F1EA80BB
:10753000DFF86492D9F800301BF803201AF80350E2
:1075400045EA4205EDB21B2D04D88A4BEB40DB0720
:1075500000F1478129462046EFF76AF9D9F8003053
:1075600036F81350EBB21B2B2DB204D8814ADA4007
:10757000D00700F13B8119462046EFF759F9C5F3D2
:1075800007231B2B4FEA252504D87A4AEA40D10766
:1075900000F1338119462046EFF74AF9D9F8003057
:1075A00037F81350EBB21B2B2DB204D8714ADA40D6
:1075B000D20700F1298119462046EFF739F9C5F3C2
:1075C00007231B2B4FEA252504D86A4AEA40D50732
:1075D00000F1218119462046EFF72AF9D9F8003049
:1075E000002227F8132026F813209BF806309AF87B
:1075F000065045EA4305EDB21B2D04D85D4BEB4028
:10760000D80700F1E98029462046EFF711F9B5893E
:107610005FFA85F9B9F11B0F2DB205D8554B23FA46
:1076200009F3D90700F1D38049462046C5F307295D
:10763000EFF7FEF8B9F11B0F4FEA252504D84D4BA3
:10764000EB40DA0700F1BE8049462046EFF7F0F83C
:10765000BD895FFA85F9B9F11B0F2DB205D8454BED
:1076600023FA09F3DB0700F1A88049462046C5F359
:107670000729EFF7DDF8B9F11B0F4FEA252504D8EC
:107680003C4BEB40D80700F1938049462046EFF78A
:10769000CFF800233B4ABB81B3811588EEB21B2E85
:1076A000ADB203D8334BF340D9077CD431462046E2
:1076B000EFF7BEF82A0AB5F5E05F164603D22D4B68
:1076C000D340DA076AD431462046EFF7B1F818F80C
:1076D00004501B2D03D8274BEB40DB0744D429462D
:1076E0002046EFF7A5F820460421EFF7A1F8204641
:1076F0000D21EFF79DF80A21204603B0BDE8F04FB9
:10770000EFF796B829462046EFF792F8294620462B
:10771000EFF78EF829462046EFF78AF829462046EB
:10772000EFF786F829462046EFF782F85DE71B2140
:1077300020460193EFF77CF8019BE7E61B212046EA
:107740000193EFF775F8019BD1E61B212046EFF777
:107750006FF8BAE61B212046EFF76AF8A6E61B2170
:107760002046EFF765F88FE61B212046EFF760F81B
:10777000B5E700BF1200000814600020D4430020C9
:10778000347D0020A4430020B043002068900020F6
:107790000C600020CC430020709000201B2120466C
:1077A000EFF746F88FE71B212046EFF741F87DE71A
:1077B0001B212046EFF73CF867E71B212046EFF737
:1077C00037F852E71B212046EFF732F83CE71B2140
:1077D0002046EFF72DF827E71B212046EFF728F882
:1077E00011E71B212046EFF723F8B3E61B212046C3
:1077F0000193EFF71DF8019BBDE61B212046019385
:10780000EFF716F8019BC5E61B2120460193EFF721
:107810000FF8019BCFE61B2120460193EFF708F8F4
:10782000019BD7E62DE9F043054683B0DFF80081E0
:107830008946FF2117461C460026EEF7F9FF012175
:107840002846EEF7F5FF08F8056036212846EEF7E2
:10785000EFFF3B1DDAB21B2A5BD89EB2334BD340FD
:10786000D90748D411462846EEF7E2FF330A4FEA1B
:10787000162247D111462846EEF7DAFF4946284638
:10788000FCF754FCBFB1DFF8A490274414F9011BA6
:10789000CEB21B2E29FA01F107D811F0010F2846AC
:1078A0004FF01B0101D0EEF7C3FF31462846EEF73B
:1078B000BFFFA742EAD118F805401B2C03D81B4B89
:1078C000E340DB0712D421462846EEF7B1FF2846F5
:1078D0000421EEF7ADFF28460D21EEF7A9FF0A219E
:1078E000284603B0BDE8F043EEF7A2BF1B212846AF
:1078F000EEF79EFFE7E71B2128460192EEF798FF7F
:10790000019AAFE71B2128460192EEF791FF019AF9
:10791000B0E711462846EEF78BFF31462846EEF7D2
:1079200087FF49462846FCF701FCACE71200000837
:10793000B04300201B4AD3783F2B32D810B403EB5E
:107940008301194803EBC103D2E9014C03F1100193
:107950000144C1F80140C1F805C0C11830330344E7
:107960001069C1F81D009069C1F82500106AD2F8AD
:107970000CC0C1F82D00D2E90940C1F819C0D2F8F5
:1079800014C0C1F821C0D2F81CC0C1F829C0C3F886
:107990000140C3F8050092F82C3081F8393010BC52
:1079A0007047704700A10020EC2100200C4A0D4BCD
:1079B000D178D2F805C0D2F80900C3F801C0402937
:1079C00028BF40211970D2F81110D2F80D20C3F849
:1079D0000500C3F80920C3F80D10E8F7A7BB00BFE6
:1079E00000A10020EC21002070B5FF21044682B0E8
:1079F000304EEEF71DFF002501212046EEF718FF5F
:107A0000355513212046EEF713FF12212046EEF7DD
:107A10000FFF2946284D2046EEF70AFF95F99D22D3
:107A2000D3B21B2B04D8254921FA02F2D2073AD44B
:107A300019462046EEF7FCFE32212046EEF7F8FE0E
:107A4000D5F89E122046FCF771FBD5F8A21220460D
:107A5000FCF76CFBD5F8A6122046FCF767FBD5F8BF
:107A6000AA122046FCF762FB355D1B2D03D8134B91
:107A7000EB40DB0712D429462046EEF7D9FE20461C
:107A80000421EEF7D5FE20460D21EEF7D1FE0A21A6
:107A9000204602B0BDE87040EEF7CABE1B2120466A
:107AA000EEF7C6FEE7E71B2120460193EEF7C0FE86
:107AB000019BBDE7B0430020B08100201200000808
:107AC0003F29F8B5044600F283800D46FF21EEF70A
:107AD000AFFE504F01212046EEF7AAFE00233B5592
:107AE00014212046EEF7A4FE2A212046EEF7A0FE40
:107AF00000212046EEF79CFE1B2D2E4607D8464B54
:107B0000EB40D90703D51B212046EEF791FE29460D
:107B10002046EEF78DFE414D06EB860306EBC306CD
:107B200035442046D5F8AE12FCF700FBD5F8B2126A
:107B30002046FCF7FBFAD5F8B6122046FCF7F6FA19
:107B4000D5F8BA122046FCF7F1FAD5F8BE12204655
:107B5000FCF7ECFAD5F8C2122046FCF7E7FAD5F8A4
:107B6000C6122046FCF7E2FAD5F8CA122046FCF706
:107B7000DDFAD5F8CE122046FCF7D8FAD5F8D212A5
:107B80002046FCF7D3FA95F8D6521B2D03D8224B8A
:107B9000EB40DA0739D429462046EEF749FE3D5D31
:107BA0001B2D03D81C4BEB40DB0729D4294620466C
:107BB000EEF73EFE20460421EEF73AFE20460D2168
:107BC000EEF736FE20460A21BDE8F840EEF730BE5B
:107BD000FF21104FEEF72CFE002501212046EEF785
:107BE00027FE142120463D55EEF722FE2A2120468D
:107BF000EEF71EFE29462046EEF71AFE2E4686E7D1
:107C00001B212046EEF714FED0E71B212046EEF79D
:107C10000FFEC0E7B043002012000008B081002032
:107C200010B55249DFF868C10B789CF8002043403A
:107C3000012A0B7024D0022A03D07ABB012846D037
:107C400010BD4B490A78531CDBB20B704949012B1C
:107C5000885432D0022B49D04749032B0A8876D06A
:107C600003329A4258DA4548454A46490023037090
:107C700001201070444A097811708CF8003010BD52
:107C80001B2820D0012837D004280BD13F4A138865
:107C9000002101338CF80010138010BD00238CF8F4
:107CA000003010BD3249DFF8CCE00B780EF803004D
:107CB0000133DBB2012B0B7032D1324A0123107039
:107CC0008CF8003010BD02238CF8003010BD2D4B15
:107CD0000A701A70284BDFF898E08CF80000022137
:107CE0001980264B8EF800201A7010BD224A0123FD
:107CF00010808CF8003010BD8CF8000023481C4C1C
:107D00000288013202801F481B4A00230B70237037
:107D100002210370118010BD01238CF8003010BDCA
:107D2000022BE3D0DFF850E0032BBEF8001015D093
:107D300003319942F0DA11481249002303708CF89C
:107D400000300F48104B09780270197010BD42EADC
:107D5000002201230A808CF8003010BD41EA002186
:107D6000AEF800108CF8002010BD00BF71A80020F4
:107D700004A5002000A1002002A5002000A50020ED
:107D800001A5002006A5002007A50020FEA00020D8
:107D900005A500202DE9F84F05460C46FF21EEF71A
:107DA00047FD01212846EEF743FD694A00231B2CBD
:107DB000535504D8674BE340D80700F1C3802146F0
:107DC0002846EEF735FD1B212846EEF731FD04214C
:107DD0002846EEF72DFD02212846EEF729FD5E4EDE
:107DE000DFF878A15B4F00212846EEF721FD8021C6
:107DF0002846EEF71DFD4FF0000806F5606952E0D9
:107E00003279032A57D01C7807EE904AF8EE677A49
:107E100017EE904A5FFA84FBBBF11B0F07D827FAD5
:107E20000BF2D10703D51B212846EEF701FD594679
:107E30002846C4F3072BEEF7FBFCBBF11B0F07D85A
:107E400027FA0BF2D20703D51B212846EEF7F0FCE8
:107E500059462846C4F3074BEEF7EAFCBBF11B0F6B
:107E600007D827FA0BF2D30703D51B212846EEF7D4
:107E7000DFFC59462846EEF7DBFCB4F1E05F4FEA41
:107E8000146B07D227FA0BF2D00703D51B21284623
:107E9000EEF7CEFC594628461C36EEF7C9FCB14534
:107EA00008F1010809D03368002BA9D10AEB880337
:107EB000D3F80740AEE71C68ACE7BAF80440E6B276
:107EC0001B2E24B203D8234BF340D90735D43146B7
:107ED0002846C4F30726EEF7ABFC1B2E4FEA2424FA
:107EE00003D81C4BE340DA0722D431462846EEF78C
:107EF0009FFC174B5C5D1B2C03D8164BE340DB0744
:107F000011D421462846EEF793FC28460421EEF7CB
:107F10008FFC28460D21EEF78BFC28460A21BDE890
:107F2000F84FEEF785BC1B212846EEF781FCE8E709
:107F30001B212846EEF77CFCD7E71B212846EEF7ED
:107F400077FCC4E71B212846EEF772FC37E700BF39
:107F5000B043002012000008FC6C0308B081002030
:107F600070B5714D95F903206B6884B0002A0393B6
:107F7000EB7801DA04B070BD03A9044618460193FA
:107F8000B5F80160F2F7BAFF019B684AC3EBC3037F
:107F900052F8231069B102EB8302DDED037A137905
:107FA000032B17BFFCEEE77AC1ED007A17EE903A8B
:107FB0000B70EA785E4B5F49039803EB8203332A28
:107FC000C3F807004FF001030B7000F0A980FF21F8
:107FD0002046EEF72DFC01212046EEF729FC564AFB
:107FE0000023135511212046EEF722FCF3B21B2B80
:107FF00004D8524ADA40D00700F18B801946204657
:10800000EEF716FC310AB6F5E05F0A4603D24B4B99
:10801000CB40D90776D411462046EEF709FCED781F
:108020001B2D03D8454BEB40DB0766D42946204681
:10803000EEF7FEFB9DF80C501B2D03D83F4BEB4099
:10804000DE0755D429462046EEF7F2FB9DF80D5089
:108050001B2D03D8394BEB40D80744D42946204682
:10806000EEF7E6FB9DF80E501B2D03D8334BEB408B
:10807000D90733D429462046EEF7DAFB9DF80F5096
:108080001B2D03D82D4BEB40DA0722D4294620467E
:10809000EEF7CEFB284B1D5D1B2D03D8274BEB4085
:1080A000DB0711D429462046EEF7C2FB2046042107
:1080B000EEF7BEFB20460D21EEF7BAFB0A21204663
:1080C000EEF7B6FB04B070BD1B212046EEF7B0FB07
:1080D000E8E71B212046EEF7ABFBD7E71B21204644
:1080E000EEF7A6FBC6E71B212046EEF7A1FBB5E79E
:1080F0001B212046EEF79CFBA4E71B212046EEF750
:1081000097FB93E71B2120460192EEF791FB019A22
:1081100081E71B2120460193EEF78AFB019B6DE767
:10812000E5F776FF53E700BF00A10020FC6C0308D1
:10813000B0810020A8810020B04300201200000878
:1081400038B5994C994A94F9003000218B4211704E
:108150000546227805DB964931F81230013321F8C3
:1081600012300220EDF7E0FC23784B2B39D8312B6D
:108170003CD9323B192B34D8DFE803F04E3333338C
:1081800033333333333333333333333333333333BF
:1081900033337E73330D8748DFF820E2B0F801C037
:1081A000BCF1000F00F0468102307146012303E06C
:1081B0000133202B00F03C819AB210F8014F0C7073
:1081C000944501F10101F3D87B4A00210EF8031018
:1081D00001231370F2F7BEFE4B2102462846FCF73E
:1081E000A9FABDE838400220EDF7B0BC132B56D0F9
:1081F000142B09D0112BF4D12846FFF7B1FEBDE8AE
:1082000038400220EDF7A2BC2846FFF793FBBDE8FB
:1082100038400220EDF79ABC664AD3780D3B3A2BE2
:1082200051D8DFE803F0A5A1509D9850948F50508D
:10823000505050505050505050505050505050503E
:10824000505050505050505050505050506B505013
:1082500050506750505050506350505050505050F4
:108260005E00544BD9781B79022920D8012B30D0DD
:108270002846F1F755FCB4E7F2F7EAFFF2F76AFE99
:108280004821044602462846FCF754FABCB14FF494
:10829000FA70E9F70DF90020FBF708FDA1E7284681
:1082A000FFF784FBBDE838400220EDF74FBC012BFF
:1082B0000FD0002249212846FCF73CFA91E7022022
:1082C000F0F728FC8DE7002232212846FCF732FA2D
:1082D00087E7F1F711FC012249212846FCF72AFA29
:1082E0007FE747212846FFF755FD7AE72846FEF746
:1082F0007FFD76E72846FEF711FE72E713790D2B16
:108300003FF66FAF01A151F823F000BF23840208AC
:108310001584020809840208E3810208F98302082F
:10832000E3810208798302087983020887830208BF
:10833000E3810208978302088F830208D58302082D
:10834000C183020811792846FFF7BAFB49E728469E
:10835000FFF74AFB45E711212846FFF71BFD40E7E1
:108360002846FCF711FF3CE72846FCF7B9FF38E741
:108370002846FCF7E5FC34E72846F0F787F828465E
:10838000FDF7A4F92DE70120FBF790FC29E75079D0
:10839000EAF7ACFB25E7F2F757FF01220A2128464E
:1083A000FCF7C8F91DE700BF06A5002001A50020C5
:1083B00008A5002000A10020A881002088810020BD
:1083C000224BDB789B0637D500220D212846FCF78F
:1083D000B1F906E71E4C1F4B217801221144A3FB83
:1083E00001039B0803EB4303A1EB430121702846E3
:1083F0000C21FCF79FF9F4E6E0F754FF0122042179
:108400002846FCF797F9ECE6002202212846FCF703
:1084100091F9E6E6284606F053FE2846FDF756F9A0
:10842000DFE62846F0F702F92846FDF74FF9D8E6CF
:108430001F23C9E66346C7E6284601220D21FCF743
:1084400079F92846FBF7A6FBCBE600BF347D002078
:10845000FCA00020ABAAAAAAF0B5924B924A1B78C6
:108460001278134383B0054623D1904A13789F06B0
:108470001FD413785E071CD48D4B1B88CBB98D4B52
:108480001B78052B40F001811379DC0600F1038194
:108490009378D80700F1FF805378DB0940F0FB8028
:1084A0009378190700F1F780D77807F001070237B2
:1084B00000E00427804E814B317807EBC7071F444B
:1084C00000233C4614F8010B78B1B1FBF0F200FB3D
:1084D0001212D2B24AB9013B072B6BD8DFE803F086
:1084E00079870B1D2E3E4D5A07230133DBB2092B32
:1084F00054D02746E5E76F4B1B78052B00F0B8807A
:1085000014F8012B002A00F0A580B1FBF2F302FB66
:108510001313DBB2002B40F0A0802846FDF76EFB62
:1085200014F8012B3178002A00F08E80B1FBF2F3B1
:1085300002FB1313DBB2002B40F091802846FEF7BC
:1085400025FE14F8012B3178002A7AD0B1FBF2F322
:1085500002FB1313DBB2002B40F086802846FDF7A8
:10856000A9FC14F8012B3178002A67D0B1FBF2F393
:1085700002FB1313DBB2002BB6D12846FEF742FFF5
:108580002278317852B1B1FBF2F302FB1313DBB264
:10859000002B66D12846FDF799F83178484B013118
:1085A000A3FB0123DB0803EB8303A1EB4301317041
:1085B00003B0F0BD2846FCF7C3FB22783178BC1C21
:1085C000002A6AD0B1FBF2F302FB1313DBB2002BDB
:1085D00066D1364BDB799B0725D414F8012B52B3B7
:1085E000B1FBF2F302FB1313DBB2002B3ED1314B94
:1085F0001A78052A0CD014F8010B40B3B1FBF0F245
:1086000000FB1212D2B2002A3FF476AF03236CE7CC
:10861000264A1278D209EED02846FBF7B9FE274643
:10862000317803234DE72846FCF75AFE14F8012B56
:108630003178002AD4D10323274642E7082327466E
:108640003FE7072327463CE70623274639E704236D
:10865000274636E70523274633E7042345E7052366
:1086600043E70134082340E706233EE702233CE7C3
:1086700028460193FBF7B6FD14F8012B3178019BD6
:10868000002A7FF442AF27461BE7F0F7C3F9071E25
:1086900018BF01270EE703270CE70223274610E740
:1086A000012322E74237002041370020347D00209B
:1086B000D80F0020307D0020FAA000207C8F030816
:1086C000CDCCCCCC10B50446EDF7C8FFD0B9144BD7
:1086D0001B789BB9134B9B7A5B0700D510BDE8F75D
:1086E000E1FE114B1B6D984212D2E0F769FE0028A3
:1086F000F4D02046BDE81040E0F774BE2046FFF7F6
:108700001FFDE7E72046EDF7DFFFFFF789FADEE719
:1087100064211420E8F736FF2046FFF79DFEE4E7CA
:1087200001A50020347D0020B02E002030B5036864
:108730004468A3424FEA116236D2DFF89CE05C1C29
:1087400004601A709EF80030046845685A40214B56
:10875000AC429A5C4FEA114C2FD2651C056084F83C
:1087600000C08CEA020204684568D2B2AC4213F839
:1087700002C04FEA112227D282EA0C0C5FFA8CFC6D
:10878000651C0560227013F80C20D0E900C4A445D4
:1087900004D20CF1010404608CF800105140C9B2FD
:1087A0005B5C8EF8003030BDDFF82CE0094B9EF8A2
:1087B000000042404FEA114C9A5C8CEA020C5FFACE
:1087C0008CFC0A0A13F80CC082EA0C02D2B29A5C42
:1087D000E4E700BFEC6103081BA60020014B186012
:1087E000704700BF08A600209FED077B084B094893
:1087F00009490A4A83ED007B4FF0010C002380F801
:1088000000C00B70137070470000000000000000F3
:1088100010A600201AA6002019A6002018A60020E5
:108820009F4B1B78D3B12DE9F04F9E4B1B688BB04B
:10883000994683B19C4B88461978074611BB9B48E3
:10884000026843F2D4039B18426842F100029F423F
:1088500078EB020203D20BB0BDE8F08F7047944C66
:10886000944A23780760D25CC0F80480062A00F29C
:108870000285DFE812F0D10A5302250A3907F7060C
:1088800065062D058C498D4A8D4C00230B70C8233D
:108890008A46137002A801235521017014F8011FA4
:1088A0000130002900F0038501331D2BF5D11C2375
:1088B000194602A801F11B0E824C03445FFA8EFE9A
:1088C000422001F1010C1C295FFA8CF105D07145A1
:1088D00003F8010B14F8010FF3D17B4800248DF845
:1088E000244090F8B2304EF629215180C8211171F0
:1088F00083F0C8039DF80810C35C002900F0C3840E
:108900000DF10900CDE90032E0F73AFADDE9003B6C
:1089100005466E48A64602AE00F13B016FF02A0400
:1089200032788446884283EA020338BF0CF8012B70
:108930005AB2002AC0F2AF805B001A465BB2002B2D
:10894000C0F2A48053001A465BB2002BC0F299809B
:1089500053001A465BB2002BC0F28E8053001A46B9
:108960005BB2002BC0F2838053001A465BB2002B2F
:1089700078DB53001A465BB2002B6EDB53001A46BD
:108980005BB2002BACBF530084EA4303754540F350
:108990009F80884206F101060EF1010E5BD302A80A
:1089A00086446FF02A04284626E0520053B2002B7A
:1089B0002EDB520053B2002B30DB520053B2002B9F
:1089C00032DB520053B2002B34DB520053B2002B87
:1089D00036DB520053B2002B38DB520053B2002B6F
:1089E000A8BF530002AAAEEB020202F1FF32B8BFE9
:1089F00084EA430382426BDA1EF8012B5A4053B2D9
:108A0000002BD2DA84EA43035BB2002B1A46D0DA99
:108A100084EA43035BB2002B1A46CEDA84EA4303AE
:108A20005BB2002B1A46CCDA84EA43035BB2002B1C
:108A30001A46CADA84EA43035BB2002B1A46C8DA44
:108A400084EA43035BB2002B1A46C6DA84EA430386
:108A50005BB21A46C3E7604662E784EA43035BB24F
:108A60001A468EE784EA43035BB21A4684E784EA37
:108A700043035BB21A467AE784EA43035BB21A46C1
:108A80006FE784EA43035BB21A4664E784EA430370
:108A90005BB21A4659E784EA42035BB21A464EE7D4
:108AA0001AA6002008A6002019A6002010A6002063
:108AB00018A60020AC8F03081BA600201CA60020CF
:108AC000DC66030890660308EC61030821A6002019
:108AD0008C455A468AF80030C0F0D9838A48DBB208
:108AE0001646C35C6FF02A04002062468A4296460E
:108AF00038BF00254FFA83FC38BF0EF8015BBCF18C
:108B0000000FC0F2CC804FEA430C4FFA8CF3002BDD
:108B1000C0F2C0804FEA4C0C4FFA8CF3002BC0F22D
:108B2000B4804FEA4C0C4FFA8CF3002BC0F2A880B3
:108B30004FEA4C0C4FFA8CF3002BC0F29C804FEAAA
:108B40004C0C4FFA8CF3002BC0F290804FEA4C0C87
:108B50004FFA8CF3002BC0F284804FEA4C0C4FFA92
:108B60008CF30130002BC0B2ACBF4FEA4C0384EA57
:108B700043030C2800F098808A4270D332462CE0E0
:108B80005B005CB2002C35DB5B004FFA83FCBCF170
:108B9000000F39DB5B005CB2002C3DDB5B004FFA61
:108BA00083FCBCF1000F41DB5B005CB2002C45DBB9
:108BB0005B004FFA83FCBCF1000F49DB5B005CB249
:108BC000002C00F10100B8BF6FF02A03C0B2ACBFA7
:108BD0005B0083EA44030C2867D04FFA83FCBCF1A6
:108BE000000FCDDA6FF02A0484EA4C0464B2002C42
:108BF0002346C9DA6FF02A0C8CEA440C4FFA8CFC3D
:108C0000BCF1000F6346C5DA6FF02A0484EA4C0415
:108C100064B2002C2346C1DA6FF02A0C8CEA440CB3
:108C20004FFA8CFCBCF1000F6346BDDA6FF02A04EA
:108C300084EA4C0464B2002C2346B9DA6FF02A0CA3
:108C40008CEA440C4FFA8CFCBCF1000F6346B5DA99
:108C50006FF02A0484EA4C0464B22346B0E77246FB
:108C600044E784EA43035BB29C467AE784EA430321
:108C70005BB29C466EE784EA43035BB29C4662E7C4
:108C800084EA43035BB29C4656E784EA43035BB243
:108C90009C464AE784EA43035BB29C463EE784EA8B
:108CA0004C035BB29C4632E732468E45DBB27046DF
:108CB00080F0F182002400F8014B134D8842EB5CF8
:108CC00080F0EB8283F001030120104C8EF801004C
:108CD0000EF1020015F803C08AF800C0031B884299
:108CE00053703CBF8EF802C00EF10300811A89B2A6
:108CF0000748C847074B08490022C3E900780A70B3
:108D00000BB0BDE8F08F00BFEC6103081DA600208A
:108D10001CA6002010A6002019A60020BF4A40F67D
:108D2000C823138008239370BD4BD3ED007AB2EEB5
:108D3000047A67EE877AB2EE047AFCEEE77A17EEF1
:108D4000900A030AD37083F029034FFA83FCBCF125
:108D5000000FBABF6FF02A0383EA4C035B004FFA9F
:108D600083FCBCF1000FBABF6FF02A0383EA4C0307
:108D70005B004FFA83FCBCF1000FBABF6FF02A030F
:108D800083EA4C035B004FFA83FCBCF1000FBABFCF
:108D90006FF02A0383EA4C035B004FFA83FCBCF1BB
:108DA000000FBABF6FF02A0383EA4C035B004FFA4F
:108DB00083FCBCF1000FBABF6FF02A0383EA4C03B7
:108DC0005B004FFA83FCBCF1000FBABF6FF02A03BF
:108DD00083EA4C035B004FFA83FCBCF1000FBABF7F
:108DE0006FF02A0383EA4C035B004340107158B2D2
:108DF0000028BABF6FF02A0383EA40035B0058B231
:108E00000028BABF6FF02A0383EA40035B0058B220
:108E10000028BABF6FF02A0383EA40035B0058B210
:108E20000028BABF6FF02A0383EA40035B0058B200
:108E30000028BABF6FF02A0383EA40035B0058B2F0
:108E40000028BABF6FF02A0383EA40035B0058B2E0
:108E50000028BABF6FF02A0383EA40035B0058B2D0
:108E60000028BCBF6FF02A0383EA40036D48D0EDB1
:108E7000007A67EE877AA8BF5B00FCEEE77A17EE10
:108E8000900A4FEA102C8CEA030382F805C04FFACF
:108E900083FCBCF1000FBABF6FF02A0383EA4C03D6
:108EA0005B004FFA83FCBCF1000FBABF6FF02A03DE
:108EB00083EA4C035B004FFA83FCBCF1000FBABF9E
:108EC0006FF02A0383EA4C035B004FFA83FCBCF18A
:108ED000000FBABF6FF02A0383EA4C035B004FFA1E
:108EE00083FCBCF1000FBABF6FF02A0383EA4C0386
:108EF0005B004FFA83FCBCF1000FBABF6FF02A038E
:108F000083EA4C035B004FFA83FCBCF1000FBABF4D
:108F10006FF02A0383EA4C035B004FFA83FCBCF139
:108F2000000FBABF6FF02A0383EA4C035B00434093
:108F3000907158B20028BABF6FF02A0383EA400349
:108F40005B0058B20028BABF6FF02A0383EA4003DF
:108F50005B0058B20028BABF6FF02A0383EA4003CF
:108F60005B0058B20028BABF6FF02A0383EA4003BF
:108F70005B0058B20028BABF6FF02A0383EA4003AF
:108F80005B0058B20028BABF6FF02A0383EA40039F
:108F90005B0058B20028BABF6FF02A0383EA40038F
:108FA0005B0058B20028BCBF6FF02A0383EA40037D
:108FB0001D4890ED007AFCEEC77AA8BF5B0017EE63
:108FC000900A4FEA104C83EA0C0382F807C04FFA6C
:108FD00083FCBCF1000FBABF6FF02A0383EA4C0395
:108FE0005B004FFA83FCBCF1000FBABF6FF02A039D
:108FF00083EA4C035B004FFA83FCBCF1000FBABF5D
:109000006FF02A0383EA4C035B004FFA83FCBCF148
:10901000000FB8BF6FF02A0308E000BF1CA60020B5
:10902000742E00206C2E0020682E0020B4BF83EA2E
:109030004C035B004FFA83FCBCF1000FBABF6FF02A
:109040002A0383EA4C035B004FFA83FCBCF1000F58
:10905000BABF6FF02A0383EA4C035B004FFA83FC2C
:10906000BCF1000FBABF6FF02A0383EA4C035B0028
:109070004FFA83FCBCF1000FBABF6FF02A0383EAFA
:109080004C035B004FEA102C83EA0C0382F808C003
:109090004FFA83FCBCF1000FBABF6FF02A0383EADA
:1090A0004C035B004FFA83FCBCF1000FBABF6FF0BA
:1090B0002A0383EA4C035B004FFA83FCBCF1000FE8
:1090C000BABF6FF02A0383EA4C035B004FFA83FCBC
:1090D000BCF1000FBABF6FF02A0383EA4C035B00B8
:1090E0004FFA83FCBCF1000FBABF6FF02A0383EA8A
:1090F0004C035B004FFA83FCBCF1000FBABF6FF06A
:109100002A0383EA4C035B004FFA83FCBCF1000F97
:10911000BABF6FF02A0383EA4C035B004FFA83FC6B
:10912000BCF1000FBABF6FF02A0383EA4C035B0067
:109130004340507258B20028BABF6FF02A0383EA46
:1091400040035B0058B20028BABF6FF02A0383EADD
:1091500040035B0058B20028BABF6FF02A0383EACD
:1091600040035B0058B20028BABF6FF02A0383EABD
:1091700040035B0058B20028BABF6FF02A0383EAAD
:1091800040035B0058B20028BABF6FF02A0383EA9D
:1091900040035B0058B20028BABF6FF02A0383EA8D
:1091A00040035B0058B20028BCBF6FF02A0383EA7B
:1091B00040034048D0ED007AF5EEC07AA8BF5B00CE
:1091C000F1EE10FA0EDDC7EE276AF7EE007A9FED9A
:1091D0003A7A77EEE67A67EE877AFCEEE77A17EE70
:1091E000901A4B40917259B20029BABF6FF02A030E
:1091F00083EA41035B0059B20029BABF6FF02A032A
:1092000083EA41035B0059B20029BABF6FF02A0319
:1092100083EA41035B0059B20029BABF6FF02A0309
:1092200083EA41035B0059B20029BABF6FF02A03F9
:1092300083EA41035B0059B20029BABF6FF02A03E9
:1092400083EA41035B0059B20029BABF6FF02A03D9
:1092500083EA41035B0059B20029B8BF6FF02A03CB
:109260001648B4BF83EA41035B000370D37214480D
:109270000C21C84723780133DBB2072B88BF0023BA
:109280002370FFF7E8BADFF844C00CF13B0100207F
:109290000CF8010B22E40B49CB5C0A4983F0010373
:1092A000CB5C8AF80030084BC31A53701EE5D9B264
:1092B000FFF7FFBA542E00200000C8421BA6002072
:1092C0001CA60020EC6103081DA6002021A600209A
:1092D000964B974AD3ED007A964B1360B2EE047A20
:1092E00067EE877AB2EE047AFDEEE77A17EE901A0F
:1092F0000B0A137183F07F0358B20028BABF6FF0D6
:109300002A0383EA40035B0058B20028BABF6FF01B
:109310002A0383EA40035B0058B20028BABF6FF00B
:109320002A0383EA40035B0058B20028BABF6FF0FB
:109330002A0383EA40035B0058B20028BABF6FF0EB
:109340002A0383EA40035B0058B20028BABF6FF0DB
:109350002A0383EA40035B0058B20028BABF6FF0CB
:109360002A0383EA40035B0058B20028BABF6FF0BB
:109370002A0383EA40035B004B40517159B2002934
:10938000BABF6FF02A0383EA41035B0059B2002998
:10939000BABF6FF02A0383EA41035B0059B2002988
:1093A000BABF6FF02A0383EA41035B0059B2002978
:1093B000BABF6FF02A0383EA41035B0059B2002968
:1093C000BABF6FF02A0383EA41035B0059B2002958
:1093D000BABF6FF02A0383EA41035B0059B2002948
:1093E000BABF6FF02A0383EA41035B0059B2002938
:1093F000BCBF6FF02A0383EA41034F49D1ED047AE1
:1094000067EE877AA8BF5B00FDEEE77A17EE901A49
:10941000080A4340907158B20028BABF6FF02A037F
:1094200083EA40035B0058B20028BABF6FF02A03FA
:1094300083EA40035B0058B20028BABF6FF02A03EA
:1094400083EA40035B0058B20028BABF6FF02A03DA
:1094500083EA40035B0058B20028BABF6FF02A03CA
:1094600083EA40035B0058B20028BABF6FF02A03BA
:1094700083EA40035B0058B20028BABF6FF02A03AA
:1094800083EA40035B0058B20028BABF6FF02A039A
:1094900083EA40035B004B40D17159B20029BABF47
:1094A0006FF02A0383EA41035B0059B20029BABF77
:1094B0006FF02A0383EA41035B0059B20029BABF67
:1094C0006FF02A0383EA41035B0059B20029BABF57
:1094D0006FF02A0383EA41035B0059B20029BABF47
:1094E0006FF02A0383EA41035B0059B20029BABF37
:1094F0006FF02A0383EA41035B0059B20029BABF27
:109500006FF02A0383EA41035B0059B20029B8BF18
:109510006FF02A030948B4BF83EA41035B0003707C
:10952000137203480921C8472378A4E6BC00002031
:109530001CA60020C8070D00D07F00201BA600201D
:10954000624A927892067FF596AE614A6148C823D6
:109550001370614BD3ED007AB2EE047A67EE877A2E
:10956000FDEEE77A17EE903A834280F2798740F673
:109570000413A2F801300023D3705A235B0058B2C1
:109580000028BABF6FF02A0383EA40035B0058B299
:109590000028BABF6FF02A0383EA40035B0058B289
:1095A0000028BABF6FF02A0383EA40035B0058B279
:1095B0000028BABF6FF02A0383EA40035B0058B269
:1095C0000028BABF6FF02A0383EA40035B004B40D8
:1095D000117159B20029BABF6FF02A0383EA41031F
:1095E0005B0059B20029BABF6FF02A0383EA410336
:1095F0005B0059B20029BABF6FF02A0383EA410326
:109600005B0059B20029BABF6FF02A0383EA410315
:109610005B0059B20029BABF6FF02A0383EA410305
:109620005B0059B20029BABF6FF02A0383EA4103F5
:109630005B0059B20029BABF6FF02A0383EA4103E5
:109640005B0059B20029B8BF6FF02A032348B4BFAA
:1096500083EA41035B00037053711D480621C8472C
:10966000237808E6194A927891067FF504AE1C4BE0
:109670009FED1C7AD3ED007A154A67EE877A4FF496
:109680009963FDEEE77A138017EE901A0B0A072014
:10969000D37083F05403907058B20028B6BF6FF0B7
:1096A0002A035B0083EA400358B2002880F2CD868B
:1096B0006FF02A0383EA400358B20028BFF65EAF7A
:1096C0006FF02A0383EA400359E700BF347D00208E
:1096D0001CA60020F0D8FFFFFC1000201BA60020D5
:1096E000AC7F00200000C842D04A127850067FF5B7
:1096F000C2ADCF4ACF49D04D009241F2C81313807A
:10970000022393707F230B70D31C8A460293D5F8F3
:10971000D0109FEDCA7ADFEDCA6A02F1400302A8B9
:109720000393FFF703F8D5F8E81002A8FEF7FEFF51
:10973000D5ED247A029B03989AF800E0009A67EE30
:10974000877A9842FCEEE77A9FEDBE7A17EE901A80
:109750004FEA112C88BF03F801CB8CEA0E0C4FFAAC
:109760008CFEBEF1000FBABF6FF02A0C8CEA4E0CD3
:109770004FEA4C0C4FFA8CFEBEF1000FBABF6FF0EF
:109780002A0C8CEA4E0C4FEA4C0C4FFA8CFEBEF1C0
:10979000000FBABF6FF02A0C8CEA4E0C4FEA4C0C4B
:1097A0004FFA8CFEBEF1000FBABF6FF02A0C8CEAA4
:1097B0004E0C4FEA4C0C4FFA8CFEBEF1000FBABFB4
:1097C0006FF02A0C8CEA4E0C4FEA4C0C4FFA8CFED0
:1097D000BEF1000FBABF6FF02A0C8CEA4E0C4FEAB4
:1097E0004C0C4FFA8CFEBEF1000FBABF6FF02A0C82
:1097F0008CEA4E0C4FEA4C0C4FFA8CFEBEF1000F77
:10980000BABF6FF02A0C8CEA4E0C4FEA4C0C98420F
:1098100088BF03F8011B81EA0C014FFA81FCBCF1FF
:10982000000FBABF6FF02A0181EA4C0149004FFADC
:1098300081FCBCF1000FBABF6FF02A0181EA4C0134
:1098400049004FFA81FCBCF1000FBABF6FF02A014A
:1098500081EA4C0149004FFA81FCBCF1000FBABF0C
:109860006FF02A0181EA4C0149004FFA81FCBCF1FA
:10987000000FBABF6FF02A0181EA4C0149004FFA8C
:1098800081FCBCF1000FBABF6FF02A0181EA4C01E4
:1098900049004FFA81FCBCF1000FBABF6FF02A01FA
:1098A00081EA4C0149004FFA81FCBCF1000FBABFBC
:1098B0006FF02A0181EA4C0C4FEA410C5E49D1ED70
:1098C000257A67EEA67A984267EE877A9FED5E7AF0
:1098D000FCEEE77A17EE901A4FEA112E8EEA0C0C86
:1098E00088BF03F801EB4FFA8CFEBEF1000FBABF40
:1098F0006FF02A0C8CEA4E0C4FEA4C0C4FFA8CFE9F
:10990000BEF1000FBABF6FF02A0C8CEA4E0C4FEA82
:109910004C0C4FFA8CFEBEF1000FBABF6FF02A0C50
:109920008CEA4E0C4FEA4C0C4FFA8CFEBEF1000F45
:10993000BABF6FF02A0C8CEA4E0C4FEA4C0C4FFA6F
:109940008CFEBEF1000FBABF6FF02A0C8CEA4E0CF1
:109950004FEA4C0C4FFA8CFEBEF1000FBABF6FF00D
:109960002A0C8CEA4E0C4FEA4C0C4FFA8CFEBEF1DE
:10997000000FBABF6FF02A0C8CEA4E0C4FEA4C0C69
:109980004FFA8CFEBEF1000FBABF6FF02A0C8CEAC2
:109990004E0C4FEA4C0C984288BF03F8011B81EA39
:1099A0000C014FFA81FCBCF1000FBABF6FF02A0125
:1099B00081EA4C0149004FFA81FCBCF1000FBABFAB
:1099C0006FF02A0181EA4C0149004FFA81FCBCF199
:1099D000000FBABF6FF02A0181EA4C0149004FFA2B
:1099E00081FCBCF1000FBABF6FF02A0181EA4C0183
:1099F00049004FFA81FCBCF1000FBABF6FF02A0199
:109A000081EA4C0149004FFA81FCBCF1000FBABF5A
:109A10006FF02A0181EA4C0149004FFA81FCBCF148
:109A2000000FB8BF6FF02A0110E000BF347D0020A6
:109A30001CA600201BA6002078A8002000001042D1
:109A4000E12E65420000C84200007A44B4BF81EABA
:109A50004C0149004FFA81FCBCF1000FBABF6FF016
:109A60002A0181EA4C0C4FEA410C9349D1ED127A5C
:109A700077EE877A9842FCEEE77A17EE901A4FEA73
:109A8000112E8EEA0C0C88BF03F801EB4FFA8CFE06
:109A9000BEF1000FBABF6FF02A0C8CEA4E0C4FEAF1
:109AA0004C0C4FFA8CFEBEF1000FBABF6FF02A0CBF
:109AB0008CEA4E0C4FEA4C0C4FFA8CFEBEF1000FB4
:109AC000BABF6FF02A0C8CEA4E0C4FEA4C0C4FFADE
:109AD0008CFEBEF1000FBABF6FF02A0C8CEA4E0C60
:109AE0004FEA4C0C4FFA8CFEBEF1000FBABF6FF07C
:109AF0002A0C8CEA4E0C4FEA4C0C4FFA8CFEBEF14D
:109B0000000FBABF6FF02A0C8CEA4E0C4FEA4C0CD7
:109B10004FFA8CFEBEF1000FBABF6FF02A0C8CEA30
:109B20004E0C4FEA4C0C4FFA8CFEBEF1000FBABF40
:109B30006FF02A0C8CEA4E0C4FEA4C0C984288BF0E
:109B400003F8011B81EA0C014FFA81FCBCF1000F04
:109B5000BABF6FF02A0181EA4C0149004FFA81FC3B
:109B6000BCF1000FBABF6FF02A0181EA4C01490035
:109B70004FFA81FCBCF1000FBABF6FF02A0181EAF5
:109B80004C0149004FFA81FCBCF1000FBABF6FF0E5
:109B90002A0181EA4C0149004FFA81FCBCF1000F17
:109BA000BABF6FF02A0181EA4C0149004FFA81FCEB
:109BB000BCF1000FBABF6FF02A0181EA4C014900E5
:109BC0004FFA81FCBCF1000FBABF6FF02A0181EAA5
:109BD0004C0149004FFA81FCBCF1000FBABF6FF095
:109BE0002A0181EA4C0C4FEA410C334991F83110BB
:109BF000984288BF03F8011B81EA0C014FFA81FCEF
:109C0000BCF1000FBABF6FF02A0181EA4C01490094
:109C10004FFA81FCBCF1000FBABF6FF02A0181EA54
:109C20004C0149004FFA81FCBCF1000FBABF6FF044
:109C30002A0181EA4C0149004FFA81FCBCF1000F76
:109C4000BABF6FF02A0181EA4C0149004FFA81FC4A
:109C5000BCF1000FBABF6FF02A0181EA4C01490044
:109C60004FFA81FCBCF1000FBABF6FF02A0181EA04
:109C70004C0149004FFA81FCBCF1000FBABF6FF0F4
:109C80002A0181EA4C0149004FFA81FCBCF1000F26
:109C9000BABF6FF02A0181EA4C014900984288BF9F
:109CA00003F8011B9B1A8AF80010044899B2C847B0
:109CB0002378FFF7E0BA00BF78A800201CA6002098
:109CC000514A524BC8211170212191701979C9094B
:109CD00000F0A7839978CD0700F1AD835978C909C1
:109CE00000F0B6831979C80640F1B283484E00925D
:109CF000701CDFF745F807464648DDF80080751E02
:109D000071234FF0000E00F13D0115F8012F84463C
:109D1000884238BF0CF8012B5A4053B2002BC0F2D6
:109D2000B38253001A465BB2002BC0F2A6825300E6
:109D30001A465BB2002BC0F2C38253001A465BB2D4
:109D4000002BC0F2B68253001A465BB2002BC0F261
:109D5000A98253001A465BB2002BC0F29C825300CA
:109D60001A465BB2002BC0F2B28253001A465BB2B5
:109D7000002BB6BF6FF02A02530082EA4303BE45B0
:109D800080F2F68288420EF1010EC0F06A82B6447B
:109D90006FF02A002CE0520053B2002BC0F2AD82CB
:109DA000520053B2002BC0F2A382520053B2002BD8
:109DB000C0F29982520053B2002BC0F28F8252003F
:109DC00053B2002BC0F25482520053B2002BC0F2A7
:109DD0004A82520053B2002BA8BF5300AEEB0602DA
:109DE00002F1FF32B8BF80EA4303974240F3C082DA
:109DF0001EF8012B5A4053B2002BCCDA80EA430301
:109E00005BB21A46C9E700BF1CA60020347D0020C3
:109E1000AC6603081FA60020C1499FEDC27AD1EDB0
:109E2000007AC14A40F6C803F4EEC77A1380F1EE17
:109E300010FA4FF01E03937040F36482DFEDBB6AAB
:109E400077EEE67AF4EEC77AF1EE10FAF8DC9FEDE1
:109E5000B87A67EE877A9FEDB37AFDEEE77A17EE70
:109E6000900A030AD37083F00503DB434FFA83FCA7
:109E7000BCF1000FBABF6FF02A0383EA4C035B000A
:109E80004FFA83FCBCF1000FBABF6FF02A0383EADC
:109E90004C035B004FFA83FCBCF1000FBABF6FF0BC
:109EA0002A0383EA4C035B004FFA83FCBCF1000FEA
:109EB000BABF6FF02A0383EA4C035B004FFA83FCBE
:109EC000BCF1000FBABF6FF02A0383EA4C035B00BA
:109ED0004FFA83FCBCF1000FBABF6FF02A0383EA8C
:109EE0004C035B004FFA83FCBCF1000FBABF6FF06C
:109EF0002A0383EA4C035B004FFA83FCBCF1000F9A
:109F0000BABF6FF02A0383EA4C035B004340107131
:109F100058B20028BABF6FF02A0383EA40035B00FF
:109F200058B20028BABF6FF02A0383EA40035B00EF
:109F300058B20028BABF6FF02A0383EA40035B00DF
:109F400058B20028BABF6FF02A0383EA40035B00CF
:109F500058B20028BABF6FF02A0383EA40035B00BF
:109F600058B20028BABF6FF02A0383EA40035B00AF
:109F700058B20028BABF6FF02A0383EA40035B009F
:109F800058B2D1ED017A0028B8BF6FF02A03F4EE81
:109F9000C77AB4BF83EA40035B00F1EE10FA40F3E6
:109FA000D581DFED626A77EEE67AF4EEC77AF1EEFC
:109FB00010FAF8DC9FED5E7A67EE877A9FED597AAA
:109FC000FDEEE77A17EE900A4FEA102C83EA0C03B5
:109FD00082F805C04FFA83FCBCF1000FBABF6FF0E6
:109FE0002A0383EA4C035B004FFA83FCBCF1000FA9
:109FF000BABF6FF02A0383EA4C035B004FFA83FC7D
:10A00000BCF1000FBABF6FF02A0383EA4C035B0078
:10A010004FFA83FCBCF1000FBABF6FF02A0383EA4A
:10A020004C035B004FFA83FCBCF1000FBABF6FF02A
:10A030002A0383EA4C035B004FFA83FCBCF1000F58
:10A04000BABF6FF02A0383EA4C035B004FFA83FC2C
:10A05000BCF1000FBABF6FF02A0383EA4C035B0028
:10A060004FFA83FCBCF1000FBABF6FF02A0383EAFA
:10A070004C035B004340907158B20028BABF6FF0A8
:10A080002A0383EA40035B0058B20028BABF6FF08E
:10A090002A0383EA40035B0058B20028BABF6FF07E
:10A0A0002A0383EA40035B0058B20028BABF6FF06E
:10A0B0002A0383EA40035B0058B20028BABF6FF05E
:10A0C0002A0383EA40035B0058B20028BABF6FF04E
:10A0D0002A0383EA40035B0058B20028BABF6FF03E
:10A0E0002A0383EA40035B0058B2D1ED027A0028CC
:10A0F000B8BF6FF02A03F4EEC77AB4BF83EA400317
:10A100005B00F1EE10FA40F30F81DFED086A77EEA5
:10A11000E67AF4EEC77AF1EE10FAF8DC0AE000BF56
:10A12000D87C0020DB0F49401CA60020DB0FC94073
:10A1300000401C461FED027A67EE877AFDEEE77A53
:10A1400017EE901A080A4340D07158B20028BABFDF
:10A150006FF02A0383EA40035B0058B20028BABFBD
:10A160006FF02A0383EA40035B0058B20028BABFAD
:10A170006FF02A0383EA40035B0058B20028BABF9D
:10A180006FF02A0383EA40035B0058B20028BABF8D
:10A190006FF02A0383EA40035B0058B20028BABF7D
:10A1A0006FF02A0383EA40035B0058B20028BABF6D
:10A1B0006FF02A0383EA40035B0058B20028BABF5D
:10A1C0006FF02A0383EA40035B004B40117259B2DF
:10A1D0000029BABF6FF02A0383EA41035B0059B23A
:10A1E0000029BABF6FF02A0383EA41035B0059B22A
:10A1F0000029BABF6FF02A0383EA41035B0059B21A
:10A200000029BABF6FF02A0383EA41035B0059B209
:10A210000029BABF6FF02A0383EA41035B0059B2F9
:10A220000029BABF6FF02A0383EA41035B0059B2E9
:10A230000029BABF6FF02A0383EA41035B0059B2D9
:10A240000029B8BF6FF02A03A348B4BF83EA4103D3
:10A250005B0003705372A1480A21C8472378FFF7B7
:10A260000AB8604651E580EA43035BB21A46B2E59C
:10A2700080EA43035BB21A46A8E56FF02A0282EA3D
:10A2800043035BB21A4655E56FF02A0282EA4303A4
:10A290005BB21A4648E56FF02A0282EA43035BB2DA
:10A2A0001A465FE56FF02A0282EA43035BB21A4660
:10A2B00052E56FF02A0282EA43035BB21A4645E593
:10A2C0006FF02A0282EA43035BB21A4638E56FF068
:10A2D0002A0282EA43035BB21A4649E580EA430355
:10A2E0005BB21A466DE580EA43035BB21A4663E54A
:10A2F00080EA43035BB21A4659E580EA43035BB246
:10A300001A464FE59FED767AF4EEC77AF1EE10FA31
:10A310007FF59DADDFED736A77EEA67AF4EEC77A2E
:10A32000F1EE10FAF8D492E59FED6D7AF4EEC77A6B
:10A33000F1EE10FA7FF5FEAEDFED6A6A77EEA67AEF
:10A34000F4EEC77AF1EE10FAF8D4F3E69FED647AF2
:10A35000F4EEC77AF1EE10FA7FF52CAEDFED616A0C
:10A3600077EEA67AF4EEC77AF1EE10FAF8D421E689
:10A370008C453CBF00200CF8010B58B20028BABF36
:10A380006FF02A0383EA40035B0058B20028BABF8B
:10A390006FF02A0383EA40035B0058B20028BABF7B
:10A3A0006FF02A0383EA40035B0058B20028BABF6B
:10A3B0006FF02A0383EA40035B0058B20028BABF5B
:10A3C0006FF02A0383EA40035B0058B20028BABF4B
:10A3D0006FF02A0383EA40035B0058B20028BABF3B
:10A3E0006FF02A0383EA40035B0058B20028BCBF29
:10A3F0006FF02A0383EA40033B48A8BF5B00ACEB45
:10A4000000008C4588F8010038BF0CF8013B324849
:10A41000ACEB0801037089B23048C8472378FEF7D7
:10A420002ABF1979C90904D15B78DD0701D52F4E00
:10A430005DE42F4E5BE42F4E59E440F60411FF23F8
:10A44000A2F80110D370FE2106235B00FFF734B998
:10A450005978C9091AD01978C90717D5264E46E484
:10A4600026498B42E9DC45F6EF018B421ADC03F505
:10A470001C531033180A1946430083F02D03D07083
:10A4800040F60410A2F80100FFF70EB91978CF07C3
:10A4900020D4DB781A4913F0040F1A4B14BF0E4670
:10A4A0001E4624E4053307EE903A9FED177AF8EE46
:10A4B000E77A67EE877AFDEEE77A17EE903A6FEA71
:10A4C00043436FEA5343180A19466FF0070383EAC0
:10A4D0004003D4E70D4E0AE41BA600201CA6002072
:10A4E000DB0F49C0DB0FC9401DA60020B46603087E
:10A4F000BC660308B0660308D4660308E7FF0400DF
:10A50000C0660308C8660308CDCCCC3DD0660308FE
:10A51000014B01221A70704719A6002070B50E4633
:10A520005E2105461446ECF783F95E2E46D05D2E7B
:10A530003146284614D0ECF77BF9E1B25E2918D0F9
:10A540005D29284633D0ECF773F9C4F307215E295F
:10A550001BD05D29284622D0BDE87040ECF768B9D1
:10A56000ECF766F93D212846ECF762F9E1B25E2985
:10A57000E6D15D212846ECF75BF93E212846ECF751
:10A5800057F9C4F307215E29E3D128465D21ECF792
:10A590004FF928463E21BDE87040ECF749B9ECF789
:10A5A00047F928463D21BDE87040ECF741B9ECF78A
:10A5B0003FF93D212846ECF73BF9C6E728465D21E7
:10A5C000ECF736F93E212846ECF732F9B5E700BF43
:10A5D0002DE9F843354FDFF8DC90D7F8D040344E02
:10A5E000002CB8BF6442A9FB04239B0D06FB134457
:10A5F000C4EB0414A40089FB04124FEAE47803EBD3
:10A60000830303EB8303C8EBA25808EB830212B267
:10A6100013210546FFF782FF06FB1842DFF89880FA
:10A62000A8FB023242F38F1228461B21FFF776FF68
:10A63000D7F8D030002BACBF4E225322284623211E
:10A64000FFF76CFFD7F8E840002CB8BF6442A9FBC5
:10A6500004239B0D06FB1344C4EB0414A40089FBE4
:10A66000042903EB8303E21703EB8303C2EBA9592D
:10A6700009EB83022846122112B2FFF74FFF06FBB7
:10A680001942A8FB028242F38F1228461A21FFF7D3
:10A6900045FFD7F8E830002B28464FF02201BDE8EF
:10A6A000F843ACBF45225722FFF738BF78A80020F7
:10A6B000809698006BCA5F6BD34D62102DE9F04312
:10A6C00085B00446E6F7EEFE4A4BD3F8B830834235
:10A6D00002D905B0BDE8F083474D7D212E20E6F775
:10A6E00051FF9FED467AD5ED007A45498DED017A0F
:10A6F00067EE877A0B88FDEEE77A013317EE902A32
:10A700000B8012B208212046FFF708FF9DED017A69
:10A71000D5ED017A67EE877A2021FDEEE77A2046B3
:10A7200017EE903A1AB2FFF7F9FE364BDFED367AA4
:10A7300093ED007AB4EEE77AF1EE10FA57D4DFED3C
:10A74000337ADFED336AB4EEE77AF1EE10FAD8BF70
:10A75000F0EE477A67EEA67AFDEEE77A17EE903ACA
:10A760001AB230212046FFF7D9FE254B1B889A07E5
:10A7700000F07C8113F00702174640F06581254BFD
:10A780001B78192B40F02D82234EDFF8A090234B2D
:10A790001B78002B40F0FE81DFF89480D8ED007A22
:10A7A000B2EE047A67EE877A3921FDEEE77A204629
:10A7B00017EE903A1AB28DED017AFFF7AFFE184B03
:10A7C0009DED017AD3ED007A67EE877AF5EEC07AD7
:10A7D000F1EE10FA00F156829FED127AF4EEC77A8C
:10A7E000F1EE10FA40F395824FF4FA424BE20E4A32
:10A7F000B7E700BFB02E0020D87C0020E12E6542D4
:10A800005CA60020AC7F0020CDCCC7C2CDCCC74217
:10A810000000C842F5000020347D00205C000020CC
:10A820006C2E00200000FA46FAD8FFFF542E0020BC
:10A83000742E0020002204212046FFF76FFEC94B32
:10A840009FEDC97AD3ED247A67EE877A2046BDEE74
:10A85000E77A112117EE103A1AB2CDED017AFFF71F
:10A860005DFEDDED017AC149B2EE047A67EE877ACA
:10A87000FDEEE77A17EE902A002AB8BF5242A1FBFC
:10A880000201C90801EB8101A2EB410212B21921B8
:10A890002046FFF743FE3278B24B12F0400F4ED005
:10A8A0003278D2094BD0B24AD2ED007AF5EEC07AB6
:10A8B000F1EE10FA00F14F829FEDAE7AF4EEC77A16
:10A8C000F1EE10FA00F34D82FDEEE77A17EE902AD2
:10A8D00012B2A94D07212046FFF720FE9FEDA77A6F
:10A8E000F5EC017A8DED017A67EE877A2A21FDEE8B
:10A8F000E77A204617EE903A1AB2FFF70FFE9DED69
:10A90000017AD5ED007A67EE877A2B21FDEEE77AA2
:10A91000204617EE903A1AB2FFF700FE964B9DEDD7
:10A92000017AD3ED027A67EE877A2C21FDEEE77A81
:10A93000204617EE903A1AB2FFF7F0FD894B93EDDF
:10A94000127ADFED8F7AB4EEE77AF1EE10FA00F1C9
:10A95000BA81DFED8C7AB4EEE77AF1EE10FAD8BF67
:10A96000F0EE477ABDEEE77A17EE102A12B22046D3
:10A970000121CDED017AFFF7D1FDDDED017A7B49B3
:10A98000B2EE047A67EE877A8DED017AFDEEE77A12
:10A9900017EE902A002AB8BF5242A1FB0201C90853
:10A9A00001EB8101A2EB410212B209212046FFF71F
:10A9B000B5FD6C4B9DED017AD3ED1F5A93F8310034
:10A9C0003178B1EE046AC5EE866AF7EE007A77EE6A
:10A9D000E67A67EE877AFDEEE77A17EE903A1AB2DA
:10A9E000092A1346A8BF092303EB830303EB830360
:10A9F0009B009BB233EA220328BF3B46632894BFE7
:10AA00001B1863339BB203F57A7211F0400F317853
:10AA100092B218BF1346C9091AB21CBF03F5FA63F4
:10AA20001AB2CDE90123EDF7F5FF019A18B171785B
:10AA3000C90900F0748105212046FFF76FFD20460B
:10AA4000FFF7C6FD504B1B88272B08D9454B4E48B6
:10AA500093F8282000210180002A40F038815E21EF
:10AA6000204605B0BDE8F043EBF7E2BE474BDFED13
:10AA7000447A93ED007AB4EEE77AF1EE10FA00F141
:10AA80002481DFED407AB4EEE77AF1EE10FAD8BF18
:10AA9000F0EE477ABDEEE77A17EE103A1AB21021BF
:10AAA0002046CDED017AFFF739FDDDED017A2F4B20
:10AAB000F2EE046A67EEA67A2121FDEEE77ACDED8B
:10AAC000036A17EE902A002AB8BF5242A3FB02C0C5
:10AAD000C00800EB8000A2EB400212B22046FFF754
:10AAE0001DFD204A9FED257AD2ED257A8DED027A63
:10AAF00067EE877A2046BDEEE76A142116EE103A1B
:10AB00001AB2CDED017AFFF709FDDDED036ADDED47
:10AB1000017A164B67EEA67A1C21FDEEE77A17EE56
:10AB2000902A002AB8BF5242A3FB0203DB0803EBC2
:10AB30008303A2EB430212B22046FFF7EFFC144B53
:10AB40009DED027AD3ED007A67EE877A2D21FDEE36
:10AB5000E77A204617EE903A1AB2FFF7DFFC0A4B6D
:10AB60001B8807E678A80020E5CFF83FCDCCCCCCF9
:10AB700020210020003C1C4624210020E12E6542BB
:10AB80009AF979C49AF979445CA60020FC10002057
:10AB900018BD002007EE903A734B9FED747AD3ED09
:10ABA000006AF8EEE77A66EE876A984686EEA77A3C
:10ABB0000023FCEEC77A17EE902AC2F3032141EA84
:10ABC000022545EA031212B2062120460193FFF73F
:10ABD000A5FC674A019B11780133DAB29142F0D8A3
:10ABE000DCE5644A64481178644A43781278132992
:10ABF00028BF13211D2A28BF1D22C3F3801342EA58
:10AC0000411242EA832201780378C3F34013C1F36F
:10AC100080011B0343EAC1231A4392B20192064604
:10AC2000EDF7F8FE019A42F48043002818BF1A4657
:10AC300002212046FFF772FCEDF7ECFE002878D0E9
:10AC40004F4B93ED007A4F4BD3ED007A37EE277AD6
:10AC5000B5EEC07AF1EE10FA7FD4F7EE007AB4EEDA
:10AC6000E77AF1EE10FAD8BFF0EE477AB3EE047A45
:10AC700067EE877ADFF82091FDEEE77A17EE903ADB
:10AC80001AB263E0002228212046FFF747FC3E4B22
:10AC900099ED006AD3ED005A9FED3C7AC5EE866AC5
:10ACA000F7EE007A77EEE67A67EE877AF5EEC07A0D
:10ACB000F1EE10FA3FF5BEADF4EEC77AF1EE10FA00
:10ACC00021DD6422B7E5324A51E6314AE7E69A8D42
:10ACD00020461521D2BAFFF721FC2E4B2046B3F9AE
:10ACE0002A201621FFF71AFC2A4B2046B3F92E2002
:10ACF0001721FFF713FC274B182193F8302020462B
:10AD0000FFF70CFCABE6FDEEE77A17EE903A1AB2CD
:10AD100091E5FDEEE77A17EE903A1AB2B3E7029B9F
:10AD2000B17803F57A631BB211F0010F08BF1A4620
:10AD300081E6194B9FED197AD3ED007A67EE877A99
:10AD40009946FDEEE77A17EE903A1AB203212046B3
:10AD5000FFF7E4FB1BE50022BBE5DFF83C903A4639
:10AD6000F4E742F20F72B4E5742E00200000FA43BB
:10AD70005C0000203F380020347D0020307D002022
:10AD8000A8380020C0380020682E00200000C842EB
:10AD900019FCFFFF78A80020542E0020CDCC4C3E9B
:10ADA000034B1B68984200D07047FFF787BC00BF79
:10ADB00064900020054B187830B9054B1B6823B10F
:10ADC000981F18BF0120704701207047188403089E
:10ADD00064900020024B11211878F9F759BC00BF8C
:10ADE00068900020704700BF00B52D4B1B7883B0E2
:10ADF000042B50D8DFE803F0131F3B3F0300002073
:10AE0000E9F746FADFED270A06F0E8FDDFED267ADE
:10AE1000264B20EE270A83ED000A03B000BD002078
:10AE2000E9F736FADFED227A204B20EE270A83ED90
:10AE3000000A03B000BD022201AB11460520F1F764
:10AE400061FCBDF804309FED1B7A5BBA9BB207EE44
:10AE5000903AF8EEE77A154B67EE877A0122512196
:10AE60000520C3ED007AF1F7FFFC03B000BD01AB94
:10AE700002220021E2E70020E9F70AFADFED0E0ADC
:10AE800006F0ACFDDFED0D7A084B20EE270A83EDCE
:10AE9000000A03B000BD054B00221A60BDE700BFE9
:10AEA00070A60020BBB8F5BF1799BE4274A600205B
:10AEB0000AD723410AD7233CE17A94BF9CC470414E
:10AEC000224B9A78C2F38011520604D49A7861F327
:10AED000C7129A70704710B51F20E6F7A9FB00B99A
:10AEE00010BD1B4C1B4A217801EB41011F2032F899
:10AEF0002110E6F747FBFFF777FF2178154A164B3D
:10AF000001EB410102EB810293ED000AD2ED017ADF
:10AF10000E4BB4EEE70AF1EE10FA15DBD2ED027A31
:10AF2000B4EEE70AF1EE10FA94BF012100219A78FD
:10AF30000A4861F3C7129A70DFF7B2FCE0F76EFDC2
:10AF4000054B83ED000A10BD0021F0E7347D0020A1
:10AF500070A60020B48F030874A6002060A600200D
:10AF600070B53E4CA37843F04003A370E3781A0712
:10AF700013D5A37823F04003A370A378384D394844
:10AF8000002100222960C3F380115B0602701FD4E8
:10AF9000A37861F3C713A37070BD334D2B78042BD6
:10AFA00009D8DFE803F04B03030C0C002F4A92F89A
:10AFB0005010002947D1A27822F04002A2702C4AFA
:10AFC00003EB43031F2032F82310E6F7DBFAD4E744
:10AFD0001F20E6F72DFB0028DED0234E244B3178CE
:10AFE00001EB41011F2033F82110E6F7CBFAFFF700
:10AFF000FBFE31781E4B95ED000A01EB410103EB9E
:10B000008103D3ED017AB4EEE70AF1EE10FA4FF0C6
:10B01000000207DBD3ED027AB4EEE70AF1EE10FA94
:10B0200098BF0122A3780F4862F3C713A370DFF71C
:10B0300037FCE0F7F3FC85ED000A70BDA27842F022
:10B040004002A270BBE792F85220002AB3D101223D
:10B0500051210520F1F708FC2B78B0E7347D002062
:10B0600074A6002060A6002070A60020CC7B0308F8
:10B07000B48F0308024B19211878F9F709BB00BFF8
:10B080006890002070B52DED028B88B0B0EE408A3C
:10B09000E6F744F941F28833C41841F1000504E0B1
:10B0A000E6F73CF9A042A9410BD22D210020F1F78F
:10B0B00083FB020705D5F3E7E6F730F9A042A94183
:10B0C00005D22D210020F1F777FB0307F4D5E6F731
:10B0D00025F9A042A94103D308B0BDEC028B70BD95
:10B0E00004AB0E221D210020F1F772FCBDF81610F2
:10B0F000BDF81200BDF81420944D00231C4649BA37
:10B1000061F30F04BDF810102D7840BA60F30F03FF
:10B1100052BA49BA62F31F43BDF81A0061F31F44E3
:10B12000BDF81810CDE90034BDF81C3049BA40BA5A
:10B130005BBAADF808102A460DF10201ADF80A001D
:10B140006846ADF80C30DFF739FD2A460DF10A01EB
:10B1500002A8DFF733FD7E4B1A78BDF900306AB1E3
:10B16000BDF80810BDF80C205B421BB249425242A8
:10B17000ADF80030ADF80810ADF80C20BDF9022094
:10B18000744807EE902A07EE103AF8EEE77AB8EE28
:10B19000C77A67EEA76ABDF90430E7EE076A06EEE4
:10B1A000103AF8EEC65AB0EE667AA5EEA57A0368B4
:10B1B0009FED696AB4EEC67AF1EE10FA2EDBBDF9A6
:10B1C000082066499FED665A91ED006A07EE102A45
:10B1D000B8EEC77A77EE466AF4EEC56AF1EE10FA79
:10B1E00026DC76EE476AF4EEC56AF1EE10FA40F31B
:10B1F000CF815C4CBCEEE67A256817EE102A9542AA
:10B2000001D284ED007A584C9FED557A22680132C4
:10B21000226036EE477A013301241CE053490A6864
:10B220000133013203600A6008B0BDEC028B70BDCF
:10B230004C4CBCEEE67A256817EE102A9542C0F019
:10B24000A481494C9FED467A226836EE077A013296
:10B25000226001330124BDF90020454D9FED455A80
:10B2600085ED007A06EE902A434A81ED007AF8EEE9
:10B27000E66A92ED006A36EEC67AB4EEC57AF1EE71
:10B2800010FA18DC36EE667AB4EEC57AF1EE10FAF2
:10B290002BDDDFF8E8C0BCEEC77ADCF8006017EE03
:10B2A000104AA64201D28CED007ADFED326A0133FA
:10B2B00076EE666A10E0DFF8C4C0BCEEC77ADCF850
:10B2C000006017EE104AA64201D28CED007ADFED45
:10B2D000296A76EE266A0133DFF8A4E0DEF8006022
:10B2E000012406EB040CCEF800C0BDF90A6091ED14
:10B2F000015ADFED1B4ADFF88CC0C2ED006A07EE91
:10B30000106AB8EEC77ACCED006A37EE456AB4EE43
:10B31000E46AF1EE10FA37DC75EE476AF4EEE46A9F
:10B32000F1EE10FA49DDDFF83CE0BCEEE67ADEF83B
:10B33000046017EE104AA64201D28EED017A9FED0D
:10B34000087A013335EE477A2FE000BFC97B030846
:10B35000C87B0308B4A600200AD72347C4A6002050
:10B3600000409C45A8A6002090A600207CA60020B6
:10B37000B87C002000000046B8A600209CA6002053
:10B3800084A60020C47C0020DFF824E2BCEEC67A4C
:10B39000DEF8046017EE104AA64201D28EED017A63
:10B3A0009FED7C7A35EE077A0133DFF808E2DEF8AC
:10B3B000046001242644CEF8046092ED016A9FEDFA
:10B3C000765A85ED017A77EEC66A81ED017AF4EE60
:10B3D000C56AF1EE10FA74DC36EE677AB4EEC57A1F
:10B3E000F1EE10FA00F3BF80BDF90C60D1ED026AF6
:10B3F000CCED017AC2ED017A07EE906AF8EEE77AB9
:10B400009FED646A37EEE67AB4EEC67AF1EE10FA92
:10B4100040F38680DFF898E1FCEEC77ADEF808603A
:10B4200017EE904ADFED5B7AB44276EEA77A88BFDA
:10B43000CEF808400133DFF87CE1DEF80860012433
:10B440002644CEF80860C5ED027AC1ED027AD2ED4D
:10B45000027ADFED516A35EEE77AB4EEE67AF1EE84
:10B4600010FA46DDBCEEC77A4C4C17EE101AA568F0
:10B470009FED497AA94288BFA16077EE877A484953
:10B480000133CCED027AC2ED027A8A6801328A6019
:10B490000360BDF906309FED437A434807EE903ACA
:10B4A000F8EEE77AB3EE090AA7EE870AF0EE480A4B
:10B4B000DFF7FAFA3D4B83ED000A08B0BDEC028BD2
:10B4C00070BDDFF8D8E0FCEEE67ADEF8046017EE37
:10B4D000904AB44244D8DFED307A76EE277A0133D1
:10B4E000DFF8BCE0DEF8046001242644CEF80460F6
:10B4F0007AE737EEE57AB4EEE67AF1EE10FA28DD77
:10B50000BCEEC77A254C17EE101AA5689FED227A7B
:10B51000A94288BFA16077EEC77A21490133B0E71D
:10B5200036EEE77AB4EEC67AF1EE10FA8BDDDFF88C
:10B5300080E0FCEEC77ADEF8086017EE904ADFED97
:10B54000157AB44276EEE77A88BFCEF80840013328
:10B5500071E7CCED025AC2ED025A002C99D097E760
:10B56000CEED017AB7E7DFF834E0FCEEC77ADEF81B
:10B57000046017EE904AB44201D9CEED017ADFEDB6
:10B58000067A013376EE677AAAE784ED007A58E608
:10B59000002460E600409C45000000469CA6002078
:10B5A00084A60020CF57F73BD8060020BC0000201F
:10B5B000A8A6002090A60020002210B576211046F3
:10B5C000F1F752F900224E211046F1F74DF996207D
:10B5D000E5F76EFF0F224E210020F1F745F90F200D
:10B5E000E5F766FF504B514C1B78E25C120142F0CC
:10B5F00006024F2102F0F6020020F1F735F90F2084
:10B60000E5F756FF4A4B1B78E25C120142F0060256
:10B61000502102F0F6020020F1F726F90F20E5F79D
:10B6200047FFFF2252210020F1F71EF90F20E5F716
:10B630003FFF012276210020F1F716F906220C21A6
:10B640000020F1F711F924220D210020F1F70CF967
:10B65000A0220E210020F1F707F902227621002016
:10B66000F1F702F90C2203210020F1F7FDF8242262
:10B6700004210020F1F7F8F8A02205210020F1F7BD
:10B68000F3F8002276211046F1F7EEF80322142198
:10B690000020F1F7E9F80F20E5F70AFF0022632107
:10B6A0001046F1F7E1F86420E5F702FF0822652172
:10B6B0000020F1F7D9F8602264210020F1F7D4F8D6
:10B6C0000F20E5F7F5FE4D210020F1F775F800F0A9
:10B6D0003F0242F040024D210020F1F7C5F80F2053
:10B6E000E5F7E6FE134B1449144A002423201C708E
:10B6F0000C701470E5F7DCFE224620467621F1F747
:10B70000B3F820467521F1F757F80D4A0D49137922
:10B710000870472818BF42280CBF0124002464F396
:10B720004513137110BD00BFC2000020FC8F030839
:10B73000C0000020D07C0020D27C0020D17C0020E2
:10B74000347D0020D37C002038B5174C00210546FD
:10B75000EBF76EF894F89A2194F89931002113448C
:10B76000284684F89A31EBF763F894F89A2194F814
:10B77000993100211344284684F89A31EBF758F8A0
:10B7800094F89A2194F8993100211344284684F8BA
:10B790009A31EBF74DF894F89A2194F899311344C3
:10B7A00084F89A3138BD00BFD0A60020F8B5574CB8
:10B7B0000F46B52105461646EBF73AF894F899314D
:10B7C00094F89A214B3B84F899312846134462211E
:10B7D00084F89A31EBF72CF84FF000032846062145
:10B7E000A4F89931EBF724F894F8993194F89A2158
:10B7F000063384F8993128461344012184F89A319C
:10B80000EBF716F894F8993194F89A21013384F8FB
:10B81000993128461344032184F89A31EBF708F84C
:10B8200094F8993194F89A21033384F89931284691
:10B830001344002184F89A31EAF7FAFF94F89A2128
:10B8400094F8993139461344284684F89A31EAF736
:10B85000EFFF94F899311F4494F89A3184F8997164
:10B8600031461F44284684F89A71EAF7E1FF94F8BC
:10B8700099311E4494F89A3184F8996128461E44FF
:10B88000002184F89A61EAF7D3FF94F8991194F8AB
:10B890009A311F4E0B44284684F89A31EAF7C8FFC4
:10B8A00094F89A112846EAF7C3FF2846F8F7EAFA0F
:10B8B000E5F7F8FD002400F1320503E0E5F7F2FDBD
:10B8C000854222D901340120E4B2E5F7F1FD0A2CCA
:10B8D000F4D13078FCF7F6FE0020EAF787FEE5F7B2
:10B8E000E1FD85424FF001000FD9E5F7E1FDE5F7F5
:10B8F000D9FD85424FF0010007D9E5F7D9FDE5F7FD
:10B90000D1FD85424FF00204DCD8F8BDD0A600205E
:10B910006890002070B5234C82B00D46C9B206462F
:10B920000191EAF785FF94F899310199194494F847
:10B930009A3184F899110B443046C5F3072184F8F5
:10B940009A310191EAF774FF94F8993101991944F9
:10B9500094F89A3184F899110B443046C5F30741A5
:10B9600084F89A310191EAF763FF94F899310199CB
:10B97000194494F89A3184F899110B443046290EF1
:10B9800084F89A31EAF754FF94F8992194F89A319F
:10B9900002EB15652B4484F8995184F89A3102B072
:10B9A00070BD00BFD0A6002070B5234C82B00D46FC
:10B9B000C9B206460191EAF73BFF94F89931019923
:10B9C000194494F89A3184F899110B443046C5F320
:10B9D000072184F89A310191EAF72AFF94F8993106
:10B9E0000199194494F89A3184F899110B4430461E
:10B9F000C5F3074184F89A310191EAF719FF94F8E9
:10BA000099310199194494F89A3184F899110B44A9
:10BA10003046290E84F89A31EAF70AFF94F8992102
:10BA200094F89A3102EB15652B4484F8995184F807
:10BA30009A3102B070BD00BFD0A600202DE9F041C0
:10BA40005A4C8846B52105461E461746EAF7F0FED1
:10BA500094F8993194F89A214B3B84F8993128460F
:10BA60001344622184F89A31EAF7E2FE4FF00003B2
:10BA700028460621A4F89931EAF7DAFE94F89931BC
:10BA800094F89A21063384F8993128461344012109
:10BA900084F89A31EAF7CCFE94F8993194F89A2117
:10BAA000013384F8993128461344032184F89A31EC
:10BAB000EAF7BEFE94F8993194F89A21033384F89A
:10BAC000993128461344002184F89A31EAF7B0FEF0
:10BAD00094F89A2194F8993141461344284684F801
:10BAE0009A31EAF7A5FE94F89931984494F89A317E
:10BAF00084F8998139469844284684F89A81EAF76F
:10BB000097FE94F899311F4494F89A3184F899710A
:10BB100031461F44284684F89A71EAF789FE94F862
:10BB2000992194F89A31B118C9B20B44284684F887
:10BB30009A3184F89911EAF77BFE94F89A111C4E19
:10BB40002846EAF775FE2846F8F79CF9E5F7AAFCBF
:10BB5000002400F1320503E0E5F7A4FC854222D978
:10BB600001340120E4B2E5F7A3FC0A2CF4D13078CB
:10BB7000FCF7A8FD0020EAF739FDE5F793FC8542C4
:10BB80004FF001000FD9E5F793FCE5F78BFC8542F8
:10BB90004FF0010007D9E5F78BFCE5F783FC854200
:10BBA0004FF00204DCD8BDE8F08100BFD0A6002031
:10BBB0006890002070B56D4C82B00E46B5210546E8
:10BBC000EAF736FE94F8993194F89A214B3B1A44DF
:10BBD0002846622184F89A2184F89931EAF728FEF0
:10BBE0004FF0000328460621A4F89931EAF720FE19
:10BBF00094F8993194F89A2106331A44284608217A
:10BC000084F8993184F89A21EAF712FE94F8993170
:10BC100094F89A2108331A442846062184F8993169
:10BC200084F89A21EAF704FE94F8993194F89A215D
:10BC300006331A442846002184F8993184F89A2161
:10BC4000EAF7F6FD94F89A2194F89931F1B2134489
:10BC5000284684F89A310191EAF7EAFD94F899317F
:10BC60000199194494F89A3184F899110B442846A3
:10BC7000310A84F89A31EAF7DBFD94F8993103EB45
:10BC8000162694F89A3184F8996128461E440121B9
:10BC900084F89A61EAF7CCFD94F8993194F89A21E6
:10BCA000334E01331A442846002184F8993184F830
:10BCB0009A21EAF7BDFD94F89A2194F89931284623
:10BCC0001344012184F89A31EAF7B2FD94F89931CE
:10BCD00094F89A2101331A442846002184F89A21C5
:10BCE00084F89931EAF7A4FD94F8991194F89A31FF
:10BCF00028460B4484F89A31EAF79AFD94F89A1191
:10BD00002846EAF795FD2846F8F7BCF8E5F7CAFBA0
:10BD1000002400F1320503E0E5F7C4FB854222D997
:10BD200001340120E4B2E5F7C3FB0A2CF4D13078EA
:10BD3000FCF7C8FC0020EAF759FCE5F7B3FB8542A5
:10BD40004FF001000FD9E5F7B3FBE5F7ABFB8542F8
:10BD50004FF0010007D9E5F7ABFBE5F7A3FB854200
:10BD60004FF00204DCD802B070BD00BFD0A60020A6
:10BD70006890002070B5504C504EB5210546EAF74A
:10BD800057FD94F8993194F89A214B3B1A44284670
:10BD9000622184F89A2184F89931EAF749FD4FF03D
:10BDA000000328460621A4F89931EAF741FD94F8EA
:10BDB000993194F89A2106331A442846092184F8C7
:10BDC000993184F89A21EAF733FD94F8993194F87F
:10BDD0009A2109331A4428460D2184F8993184F8B0
:10BDE0009A21EAF725FD94F8993194F89A210D33B8
:10BDF0001A440021284684F8993184F89A21EAF7F8
:10BE000017FD94F89A2194F899312846134484F840
:10BE10009A31FFF799FC40F21F412846FFF77AFD5F
:10BE20002846FFF791FC28460321EAF701FD94F824
:10BE3000991194F89A310331C9B20B44284684F819
:10BE40009A3184F89911EAF7F3FC94F89A1128468C
:10BE5000EAF7EEFC2846F8F715F8E5F723FB00248F
:10BE600000F57A7503E0E5F71DFB854222D9013420
:10BE70000120E4B2E5F71CFB0A2CF4D13078FCF782
:10BE800021FC0020EAF7B2FBE5F70CFB85424FF0FE
:10BE900001000FD9E5F70CFBE5F704FB85424FF0F5
:10BEA000010007D9E5F704FBE5F7FCFA85424FF0FE
:10BEB0000204DCD870BD00BFD0A60020689000202E
:10BEC00070B55E4C5E4EB5210546EAF7B1FC94F8BC
:10BED000993194F89A214B3B1A442846622184F800
:10BEE0009A2184F89931EAF7A3FC4FF00003284621
:10BEF0000621A4F89931EAF79BFC94F8993194F85B
:10BF00009A2106331A442846162184F8993184F878
:10BF10009A21EAF78DFC94F8993194F89A21163316
:10BF20001A442846082184F8993184F89A21EAF7BE
:10BF30007FFC94F8993194F89A2108331A442846E2
:10BF4000002184F8993184F89A21EAF771FC94F879
:10BF50009A2194F8993128461344002184F89A31A3
:10BF6000EAF766FC94F89A2194F89931284613442C
:10BF7000032184F89A31EAF75BFC94F8993194F83C
:10BF80009A2103210B441A44284684F8993184F8F5
:10BF90009A21EAF74DFC94F8993194F89A210333E9
:10BFA0001A440021284684F8993184F89A21EAF746
:10BFB0003FFC94F89A2194F899312846134484F868
:10BFC0009A31FFF7C1FB94F899112846EAF730FC43
:10BFD00094F89A112846EAF72BFC2846F7F752FF07
:10BFE000E5F760FA002400F1320503E0E5F75AFABC
:10BFF000854222D901340120E4B2E5F759FA0A2C2E
:10C00000F4D13078FCF75EFB0020EAF7EFFAE5F7B1
:10C0100049FA85424FF001000FD9E5F749FAE5F7F3
:10C0200041FA85424FF0010007D9E5F741FAE5F7FB
:10C0300039FA85424FF00204DCD870BDD0A600204A
:10C040006890002070B58D4C8D4EB5210546EAF7FD
:10C05000EFFB94F8993194F89A214B3B1A44284607
:10C06000622184F89A2184F89931EAF7E1FB4FF0D4
:10C07000000328460621A4F89931EAF7D9FB94F881
:10C08000993194F89A2106331A442846002184F8FD
:10C09000993184F89A21EAF7CBFB94F89A2194F825
:10C0A000993128461344142184F89A31EAF7C0FBE9
:10C0B00094F8993194F89A2114331A4428460021AF
:10C0C00084F8993184F89A21EAF7B2FB94F89A211E
:10C0D00094F8993128461344012184F89A31EAF7FB
:10C0E000A7FB94F8993194F89A2101331A44284611
:10C0F000002184F8993184F89A21EAF799FB94F8A1
:10C100009A2194F8993128461344002184F89A31F1
:10C11000EAF78EFB94F89A2194F899312846134453
:10C12000002184F89A31EAF783FB94F89A2194F875
:10C130009931284613444FF40D6184F89A31FFF782
:10C14000E9FB28464FF4E131FFF7E4FB28460721DD
:10C15000EAF76EFB94F8993194F89A2107331A4460
:10C160002846002184F8993184F89A21EAF760FB87
:10C1700094F89A2194F8993128461344012184F8BF
:10C180009A31EAF755FB94F8993194F89A210133E2
:10C190001A442846002184F8993184F89A21EAF754
:10C1A00047FB94F89A2194F89931284613440021CA
:10C1B00084F89A31EAF73CFB94F89A2194F8993183
:10C1C00028461344002184F89A31EAF731FB94F8A9
:10C1D0009A2194F8993128461344002184F89A3121
:10C1E000EAF726FB94F89A2194F8993128461344EB
:10C1F000002184F89A31EAF71BFB94F8991194F81E
:10C200009A3128460B4484F89A31EAF711FB94F8E6
:10C210009A112846EAF70CFB2846F7F733FEE5F7B4
:10C2200041F9002400F5C87503E0E5F73BF98542C4
:10C2300022D901340120E4B2E5F73AF90A2CF4D10D
:10C240003078FCF73FFA0020EAF7D0F9E5F72AF951
:10C2500085424FF001000FD9E5F72AF9E5F722F9F9
:10C2600085424FF0010007D9E5F722F9E5F71AF901
:10C2700085424FF00204DCD870BD00BFD0A600207C
:10C280006890002070B5774C774EB5210546EAF7E7
:10C29000CFFA94F8993194F89A214B3B1A442846E6
:10C2A000622184F89A2184F89931EAF7C1FA4FF0B3
:10C2B000000328460621A4F89931EAF7B9FA94F860
:10C2C000993194F89A2106331A442846072184F8B4
:10C2D000993184F89A21EAF7ABFA94F8993194F8F5
:10C2E0009A2107331A442846142184F8993184F896
:10C2F0009A21EAF79DFA94F8993194F89A21143327
:10C300001A442846002184F8993184F89A21EAF7E2
:10C310008FFA94F89A2194F8993154491344284695
:10C3200084F89A31FFF7F6FA28465149FFF7F2FAF6
:10C3300028460021EAF77CFA94F89A2194F899317A
:10C3400028461344012184F89A31EAF771FA94F8E7
:10C35000993194F89A2101331A442846002184F82F
:10C36000993184F89A21EAF763FA94F89A2194F8BB
:10C37000993128461344002184F89A31EAF758FA93
:10C3800094F89A2194F8993128461344002184F8AE
:10C390009A31EAF74DFA94F89A2194F8993128469F
:10C3A0001344002184F89A31EAF742FA94F89A216A
:10C3B00094F8993128461344002184F89A31EAF719
:10C3C00037FA94F89A2194F89931284613440021B9
:10C3D00084F89A31EAF72CFA94F89A2194F8993172
:10C3E00028461344002184F89A31FFF7DDFA94F8C7
:10C3F00099112846EAF71CFA94F89A112846EAF7A8
:10C4000017FA2846F7F73EFDE5F74CF8002400F14F
:10C41000320503E0E5F746F8854222D901340120D0
:10C42000E4B2E5F745F80A2CF4D13078FCF74AF984
:10C430000020EAF7DBF8E5F735F885424FF0010018
:10C440000FD9E5F735F8E5F72DF885424FF00100F3
:10C4500007D9E5F72DF8E5F725F885424FF00204F6
:10C46000DCD870BDD0A600206890002040420F00AC
:10C47000A086010070B52A4CB5210546EAF7D8F927
:10C4800094F8993194F89A214B3B1A44284662213A
:10C4900084F8993184F89A210026EAF7C9F92846E8
:10C4A0000A21A4F89961EAF7C3F994F8993194F84C
:10C4B0009A210A331A442846042184F8993184F8D1
:10C4C0009A21EAF7B5F994F8993194F89A2104334E
:10C4D0001A443146284684F8993184F89A21EAF7BB
:10C4E000A7F994F89A2194F89931314613442846D3
:10C4F00084F89A31EAF79CF994F8991194F89A31F2
:10C5000028460B4484F89A31EAF792F9284694F8C1
:10C510009A11EAF78DF92846BDE87040F7F7B2BCEA
:10C52000D0A600202DE9F04782B08A460546E4F700
:10C53000B9FFDFF8A881644E644C0027814688F873
:10C540000070E4F7AFFFA0EB0900504598F8003009
:10C5500033D293BB2846EAF781F8F0B12846EAF7D0
:10C56000B3F83378082BF5D8DFE803F09A94867A8D
:10C570006B53382F050094F898215549121A0B7AFD
:10C58000B2FA82F20020520962F304133070284696
:10C590000B72EAF763F80028E0D10137FFB20A2FE7
:10C5A00000F087800120E4F783FFE4F77BFFA0EB36
:10C5B0000900504598F80030CBD3A3F10100B0FA40
:10C5C00080F0400902B0BDE8F08794F897311B1A5B
:10C5D000B3FA83F35B09DB003370BBE7B4F80130D7
:10C5E0003C4AD054B4F80130B4F8051001339AB283
:10C5F0009142A4F8013004BF0723337094F89731B7
:10C6000094F8982103441A4484F8973184F89821C7
:10C61000A0E7B4F8052094F8973194F898110344F2
:10C6200002EB0022194490B2A4F8052084F8973157
:10C6300084F89811D0B3002306226370A37032707F
:10C6400088E794F8973194F89821A4F805000344FA
:10C650001A44052184F8973184F89821317079E7DC
:10C660004FF0000360F3070360F30F230222E07032
:10C67000A4F8973132706DE794F8973194F89821C7
:10C68000207103441A44042184F8973184F89821D6
:10C6900031705FE7622814BF00230323337059E72A
:10C6A000B5287FF457AF0123337053E70723337066
:10C6B00050E7094A01901078FCF704F80198E9F76F
:10C6C00095FF019F6EE700BFA8A90020D0A600201B
:10C6D000347D0020D7A600206890002070A800209C
:10C6E0002DE9F04FDFF8D8E1724C734F734E0546D9
:10C6F0008B46BEE80F0087B0EC46ACE80F009EE822
:10C7000003004FF0000A8CE8030004F805A0E84697
:10C7100007F1180957F8041B2846F0F70FFDE4F756
:10C72000C1FE002400F1320A03E0E4F7BBFE8245BB
:10C7300022D901340120E4B2E4F7BAFE0A2CF4D184
:10C740003078FBF7BFFF0020E9F750FFE4F7AAFEBF
:10C7500082454FF001000FD9E4F7AAFEE4F7A2FEEC
:10C7600082454FF0010007D9E4F7A2FEE4F79AFEF4
:10C7700082454FF00204DCD858F8044B217831B1DF
:10C780002846EAF755F814F8011F0029F8D1E4F714
:10C7900089FE002400F1640A03E0E4F783FE824589
:10C7A00022D901340120E4B2E4F782FE0A2CF4D14C
:10C7B0003078FBF787FF0020E9F718FFE4F772FEF7
:10C7C00082454FF001000FD9E4F772FEE4F76AFEEC
:10C7D00082454FF0010007D9E4F76AFEE4F762FEF4
:10C7E00082454FF00204DCD84F4593D1E4F75AFE5E
:10C7F000324F00F1C806002403E0E4F753FE8642FE
:10C8000022D901340120E4B2E4F752FE0A2CF4D11B
:10C810003878FBF757FF0020E9F7E8FEE4F742FE1F
:10C82000B0424FF001000FD2E4F742FEE4F73AFEC7
:10C8300086424FF0010007D9E4F73AFEE4F732FEF2
:10C8400086424FF00204DCD828465946F0F776FCC1
:10C85000E4F728FE194E00F16405002403E0E4F734
:10C8600021FE854222D901340120E4B2E4F720FE02
:10C870000A2CF4D13078FBF725FF0020E9F7B6FE4B
:10C88000E4F710FEA8424FF001000FD2E4F710FECB
:10C89000E4F708FE85424FF0010007D9E4F708FEEF
:10C8A000E4F700FE85424FF00204DCD807B0BDE893
:10C8B000F08F00BFE44300207C90030868900020C4
:10C8C000EC62030830B59B4DEB78013B83B00C2B39
:10C8D0000CD8DFE803F0540B0B0B470B0B0B0B07CB
:10C8E0000B0B39002B79042B00F0B680924C94EDA1
:10C8F000267AD4ED276A914BF7EE007AB4EEE77A08
:10C900009A79F1EE10FA94BF0121002161F304122B
:10C910009A71F4EEE76A5A7AF1EE10FA94BF0121A7
:10C92000002161F3C7125A72E4F7F8FCDCF714F93E
:10C930009FED837A07EE900A67EE877AFCEEE77A3E
:10C94000C4ED327A03B030BD2B797B4C012B08BF8C
:10C95000D5F8073094ED267AD4ED276A08BFC4F8DD
:10C96000BC30C8E7744C2B7994ED267AD4ED276A55
:10C97000002B6DD0012BBED1724A1370BBE72B790F
:10C98000023B302BB2D801A252F823F0F9CE0208B4
:10C9900011CE02082DCE0208EDC80208FDCA020819
:10C9A00051CB0208EDC80208EDC80208EDC8020824
:10C9B000EDC80208EDC80208EDC80208EDC802087B
:10C9C000EDC80208EDC80208EDC80208E1CC020873
:10C9D000EDC80208EDC80208EDC80208EDC802085B
:10C9E000EDC80208EDC80208EDC80208EDC802084B
:10C9F000EDC80208EDC80208EDC80208EDC802083B
:10CA0000EDC80208EDC80208E1CD0208EDC8020831
:10CA1000EDC80208EDC80208EDC80208EDC802081A
:10CA2000EDC80208EDC80208EDC80208EDC802080A
:10CA3000EDC80208EDC80208EDC80208EDC80208FA
:10CA4000EDC80208EDC80208EDC80208C9CE020808
:10CA50003C4B02221A704EE7DFF8F0E0364CD5F876
:10CA60000700DEF80410DEF80820DEF80C30A446DB
:10CA7000ACE80F00DEF81000DEF81820DEF8141025
:10CA8000BEF81C30ACE807000EF11E00ACF8003018
:10CA900009F02AF895F825202062002A00F0F1829A
:10CAA000A2F13003DBB2092B00F2AB82302A00F096
:10CAB000008395F82620D2B1303AD2B2092A12D991
:10CAC00095F827209AB1303AD2B2092A0BD995F8B5
:10CAD000281061B1A1F13002D2B2092A00F24D82D0
:10CAE000002B00F0468203EB830302EB430394ED3B
:10CAF000267AD4ED276A84F82C31FCE60E4C6B7C48
:10CB000094F83220DFED107AD4ED276A9A4238BFCC
:10CB100084F83230D5F82F3007EE103AB8EE477A65
:10CB200095F8363084F8313027EE277A84ED267A6E
:10CB3000E1E600BFD0A6002078A80020347D0020C8
:10CB4000BD37863570A800200AD7233CD7A6002021
:10CB5000D5F82F30D5F82B10EA7AE04CDFEDE07AEB
:10CB600006EE103AD5F8333007EE101A297B06EEA0
:10CB7000903AD5F8373042EA0122A97C00EE903A8B
:10CB8000D5F80730628500394FF47A7018BF01215B
:10CB900000FB03F384F82810D5F80D0063632364C9
:10CBA000E97E6B7CE062B8EE466AF8EE666AF8EE03
:10CBB000E00AB8EEC77A84F8321084F83030D5F83D
:10CBC0001F20D5F82330A97FC4F8E82060EEA70A1B
:10CBD00027EE277A26EE276A66EEA76A62670022AA
:10CBE00084ED1F6A84F83110C4ED380AC4F8D030DF
:10CBF000236784ED127A84ED1E7AC4ED206A6264A4
:10CC0000C4ED210AD5F83B20B64B94ED390A93EDDB
:10CC1000001A06EE902AD5F83F20CDED017A07EEF6
:10CC2000102AF8EEE66AB8EEC77A66EEA76A27EE33
:10CC3000277AC4ED3E6AC4ED226A84ED447A84ED1D
:10CC4000237ADDF70DFFA74BD4ED3E0A93ED001AD2
:10CC5000B0EE407A94ED3F0A84ED397ADDF700FFBB
:10CC6000A04BD4ED440A93ED001AB0EE407A94ED57
:10CC7000450A84ED3F7ADDF7F3FED5F847309FEDA6
:10CC80009A5ADDED017ADFED994A06EE103AD5F8B1
:10CC9000433005EE903AD5F84B3007EE103AD5F810
:10CCA0004F3084ED450AB8EEC66A06EE903AF8EECB
:10CCB000E55A26EE056AB8EE477AF8EE666A65EE42
:10CCC000A75A26EE246A27EE277A66EE856AC4ED17
:10CCD000245A84ED256A84ED267AC4ED276A0AE693
:10CCE000D5F80B30DFED825A7C4C00EE903AD5F847
:10CCF0000F3094ED390A07EE103AD5F81330CDED28
:10CD0000015A07EE903AF8EEE00AB8EEC77AF8EE6C
:10CD1000E77A744BD5F8072093ED001A626360EE52
:10CD2000A50A27EE257A67EEA57A84ED3E7A84ED92
:10CD3000227AC4ED380AC4ED210AC4ED447AC4ED68
:10CD4000237ADDF78DFE674BD4ED3E0A93ED001A92
:10CD5000F0EE407A94ED3F0AC4ED397ADDF780FEBB
:10CD6000604BD4ED440A93ED001AF0EE407A94ED56
:10CD7000450AC4ED3F7ADDF773FED5F81F309FED0D
:10CD80005A5ADDED015ADFED594A07EE903AD5F8CF
:10CD90001B3006EE103AD5F8233007EE103AD5F8DE
:10CDA000273084ED450AF8EEE77A06EE903AB8EEC1
:10CDB000466A67EE857AB8EE477AF8EE666A26EE3E
:10CDC000256A67EEA47A27EE257A66EE856A84EDF9
:10CDD000246AC4ED257A84ED267AC4ED276A8AE5B3
:10CDE000AB7E5B077FF582AD287DEB7C3B4C414AF7
:10CDF000B5F81510A18543EA002301211078638559
:10CE00002122FEF7D3FC94ED267AD4ED276A72E551
:10CE1000324CEB7A94F8322094ED267AD4ED276ADE
:10CE20009A42BFF468AD84F8323064E5B5F80D304D
:10CE3000DFED2F7A294C03EE903AB5F81330D4ED9C
:10CE4000276A04EE103AB5F8113004EE903AB5F8BE
:10CE50000F3005EE103AB5F8153005EE903AB5F8FA
:10CE6000173006EE103AB5F80B3007EE103AF8EE30
:10CE7000E33AB8EEC77AB8EEC44AF8EEE44AB8EE40
:10CE8000C55AF8EEE55AB8EEC66A63EEA73A24EE44
:10CE9000274A64EEA74A25EE275A65EEA75A26EEE2
:10CEA000276A67EE277AC4ED283A94ED267A84ED56
:10CEB000294AC4ED2A4A84ED2B5AC4ED2C5A84ED3C
:10CEC0002D6AC4ED2E7A16E5044CD5F8073094EDA2
:10CED000267AD4ED276AE3660DE500BF78A8002026
:10CEE0006F12833A6CA80020ACC5273735FA8E3C08
:10CEF0000AD7233C70900020D5F81B30A04CD5F801
:10CF00000F209FEDA05A94ED267AD4ED276A05EE06
:10CF1000903AD5F81F3006EE103AD5F807304FF4A6
:10CF20007A7101FB03F363632364D5F8173007EECE
:10CF3000903AF8EE655AB8EE466AF8EEE77A65EE92
:10CF4000855A67EE857A26EE056AD5F80B30C4F867
:10CF5000E83000216164C4F8D02022676367C4ED23
:10CF6000127AC4ED1E7AC4ED1F5A84ED206AC2E421
:10CF70001946302900F0C180134695F82910002980
:10CF80003FF4B5ADA1F13002D2B2092A06D8002B88
:10CF90007FF4A9AD302900F0C680134695F82A1019
:10CFA00000293FF4A4ADA1F13002D2B2092A05D87C
:10CFB000002B7FF498AD302965D0134695F82B10DF
:10CFC00000293FF494ADA1F13002D2B2092A05D86C
:10CFD000002B7FF488AD30295FD0134695F82C10D4
:10CFE00000293FF484ADA1F13002D2B2092A3FF604
:10CFF0007EAD002B7FF477AD302914BF134600239C
:10D0000075E595F82620002A3BD0A2F13003DBB26B
:10D01000092B12D8302A59D095F82720002A3FF43E
:10D0200066ADA2F13001C9B209293FF650AD73B126
:10D0300003EB830301EB430359E595F8272002B383
:10D04000A2F13003DBB2092B02D900233FE50B46E6
:10D05000302A7FF43CAD95F82830002B3FF447ADE3
:10D06000A3F13002D2B2092A82D995F82930002BD7
:10D070003FF43DADA3F13002D2B2092A79D90023A1
:10D080008CE7134633E595F82B30002B3FF42FAD9A
:10D09000A3F13002D2B2092A5BD995F82C30002BCB
:10D0A0003FF425ADA3F13002D2B2092A65D900239D
:10D0B0001DE595F82630002B3FF419ADA3F13001A2
:10D0C000C9B2092947D81A460B46A3E795F8273075
:10D0D000002B3FF40CADA3F13001C9B2092945D9A9
:10D0E00095F82830002B3FF402ADA3F13002D2B204
:10D0F000092A7FF63DAF00233FE795F82930002B42
:10D100003FF4F5ACA3F13002D2B2092A31D995F837
:10D110002A30002B3FF4EBACA3F13002D2B2092A43
:10D1200029D900234AE795F82A30002B3FF4DFACD9
:10D13000A3F13002D2B2092A1DD995F82B30002B69
:10D140003FF4D5ACA3F13002D2B2092A01D90023B1
:10D1500044E719463FE795F82730002B3FF4C7AC6A
:10D16000A3F13001C9B209293FF66FAF1A460B4649
:10D170006EE719460EE719461DE719463CE700BF62
:10D1800078A800206F12833A08B5DBF78BF804A368
:10D19000D3E90023DBF7F0F841EC100B08BD00BF2A
:10D1A0000E4685C758CC863F08B551EC100B04A33A
:10D1B000D3E90023DBF70AFADBF78EFB08BD00BFDB
:10D1C0000E4685C758CC863F4E4A1378082B17D891
:10D1D000DFE803F0171C223140506C8B05004A49F0
:10D1E000DFF828C191F898119CF80830091AB1FAB3
:10D1F00081F14909002061F3041310708CF80830A4
:10D200007047B528FCD1012313707047622814BF02
:10D2100000230323137070473B4B93F8971193F847
:10D2200098C1187101448C4483F89711042183F844
:10D2300098C1117070474FF00003334960F3070342
:10D2400060F30F234FF0020CC870A1F8973182F8F9
:10D2500000C070472C4B93F8971193F898C1A3F82E
:10D26000050001448C4483F89711052183F898C187
:10D2700011707047244BB3F8051001EB00211FFA21
:10D2800081FCA3F8051093F89711014493F89801D5
:10D2900083F89711014483F89811BCF1000F2ED048
:10D2A000002106205970997010707047164BB3F822
:10D2B000011003F1070C0CF80100B3F80110013163
:10D2C0001FFA81FCA3F80110B3F80510614504BFF3
:10D2D0000721117093F8972193F898110244114493
:10D2E00083F8972183F898117047074B93F897318B
:10D2F0001B1AB3FA83F35B09DB0013707047072333
:10D3000013707047A8A90020D0A60020347D00200B
:10D310002DE9F04F85B0044600200191E8F704FCA8
:10D32000E4F7C0F83F4F00F5FA66002503E0E4F7A4
:10D33000B9F8864222D901350120EDB2E4F7B8F8F8
:10D340000A2DF4D13878FBF7BDF90020E9F74EF942
:10D35000E4F7A8F886424FF001000FD9E4F7A8F8E7
:10D36000E4F7A0F886424FF0010007D9E4F7A0F8EF
:10D37000E4F798F886424FF00205DCD84FF46132AA
:10D380004FF4E133CDE90223274F284EDFF8949084
:10D390000DF108084FF0010AD8F800102046EFF709
:10D3A000CDFE07F804A001E0E9F78EF92046E9F781
:10D3B00055F983462046BBF1000FF5D1336A002BA7
:10D3C00049D1FFF757F8E4F76DF808F1040800F5C4
:10D3D000FA7503E0E4F766F8A8422DD20BF1010BD1
:10D3E00001205FFA8BFBE4F763F8BBF10A0FF1D180
:10D3F00099F80000FBF766F90020E9F7F7F8E4F781
:10D4000051F8A8424FF0010016D2E4F751F8E4F7C2
:10D4100049F8A8424FF001000ED2E4F749F84FF066
:10D42000020BD7E768900020E443002078A8002092
:10D43000E9F74AF9FFF7C8FE2046E9F70FF9054674
:10D440002046002DF4D104AA9045336A40F00682AC
:10D45000002B00F010854FF00108F64D05F178071C
:10D460006A7815F8021B2046FEF7A0F9AF42F7D103
:10D47000F14DB5212046E9F7DBF995F8993195F89A
:10D480009A214B3B622185F899312046134485F857
:10D490009A31E9F7CDF94FF0000306212046A5F8AF
:10D4A0009931E9F7C5F995F8993195F89A2106333C
:10D4B000242185F899312046134485F89A31E9F7FB
:10D4C000B7F995F8993195F89A2124210B4485F8FC
:10D4D00099312046134485F89A31E9F7A9F995F86E
:10D4E000993195F89A212433002185F89931204605
:10D4F000134485F89A31E9F79BF995F89A2195F844
:10D5000099312046134485F89A31FEF71DF902211E
:10D510002046E9F78DF995F8993195F89A2102336B
:10D52000032185F899312046134485F89A31E9F7AB
:10D530007FF995F8993195F89A21033385F8993157
:10D540002046134485F89A31FEF7FEF82046FEF790
:10D55000FBF80A212046E9F76BF995F8993195F81F
:10D560009A210A33002185F899312046134485F821
:10D570009A31E9F75DF995F89A2195F899310021EA
:10D580001344204685F89A31E9F752F995F89A2123
:10D5900095F8993100211344204685F89A31E9F72E
:10D5A00047F995F89A2195F89931002113442046BE
:10D5B00085F89A31E9F73CF995F89A2195F899316F
:10D5C00000211344204685F89A31E9F731F995F89E
:10D5D0009A2195F8993100211344204685F89A3113
:10D5E000E9F726F995F89A2195F899310021134425
:10D5F000204685F89A31E9F71BF995F89A2195F8B4
:10D60000993100211344204685F89A31E9F710F941
:10D6100095F89A2195F8993100211344204685F810
:10D620009A31E9F705F995F89A2195F89931002191
:10D630001344204685F89A31E9F7FAF895F89A21CB
:10D6400095F8993100211344204685F89A31E9F77D
:10D65000EFF895F89A2195F8993100211344204666
:10D6600085F89A31E9F7E4F895F89A2195F8993117
:10D6700000211344204685F89A31E9F7D9F895F846
:10D680009A2195F8993100211344204685F89A3162
:10D69000E9F7CEF895F89A2195F8993100211344CD
:10D6A000204685F89A31E9F7C3F895F89A2195F85C
:10D6B000993100211344204685F89A31E9F7B8F8EA
:10D6C00095F89A2195F8993100211344204685F860
:10D6D0009A31E9F7ADF895F89A2195F8993100213A
:10D6E0001344204685F89A31E9F7A2F895F89A2173
:10D6F00095F8993100211344204685F89A31E9F7CD
:10D7000097F895F89A2195F899310021134420460D
:10D7100085F89A31E9F78CF895F89A2195F89931BE
:10D7200000211344204685F89A31E9F781F895F8ED
:10D73000991195F89A3120460B4485F89A31E9F70A
:10D7400077F895F89A112046E9F772F82046F6F72F
:10D7500099FB4FF4FA712046FEF7E4FE2046FEF7EF
:10D7600091FD4FF4FA712046FEF7DCFE2046FEF7ED
:10D77000A7FB4FF4FA712046FEF7D4FEB8F1000F74
:10D7800000F0238396F82C21082A03D8336A2B490A
:10D790008B4267D9022201212046FEF707F8C821F3
:10D7A0002046FEF7BFFE032201212046FDF7FEFFC3
:10D7B000C8212046FEF7B6FE122201212046FDF7C1
:10D7C000F5FFC8212046FEF7ADFE212201212046AB
:10D7D000FDF7ECFFC8212046FEF7A4FE0123194601
:10D7E00007222046FEF72AF9C8212046FEF79AFEB6
:10D7F000352201212046FDF7D9FFC8212046FEF73A
:10D8000091FE432201212046FDF7D0FFC82120468A
:10D81000FEF788FE64212046FEF7CCF94FF4FA713A
:10D820002046FEF77FFE2046FEF7A4FA044A05498B
:10D83000137A09E004900308D0A600202FE6020026
:10D84000347D00200060EA47716223F0100300205D
:10D85000137205B0BDE8F04FE8F778B9002B3FF43C
:10D860009BADF8E5082A07D0024A934240F2B08304
:10D8700002E000BF7F380100022220460121FDF7AF
:10D8800095FFC8212046FEF74DFE032220460121C8
:10D89000FDF78CFFC8212046FEF744FE0123194600
:10D8A00006222046FEF7CAF8C8212046FEF73AFEB7
:10D8B000122220460121FDF779FFC8212046FEF7FC
:10D8C00031FE212220460121FDF770FFC8212046AC
:10D8D000FEF728FE0123194607222046FEF7AEF880
:10D8E000C8212046FEF71EFE302220460121FDF70A
:10D8F0005DFFC8212046FEF715FE20466421FEF795
:10D9000059F94FF4FA712046FEF70CFE2046B52176
:10D91000E8F78EFF95F8993195F89A214B3B1A4418
:10D920002046622185F89A2185F89931E8F780FF31
:10D930004FF0000320460621A5F89931E8F778FF5B
:10D9400095F8993195F89A2106331A4420463E21DC
:10D9500085F8993185F89A21E8F76AFF95F89931A9
:10D9600095F89A213E331A4420462C2185F89931A6
:10D9700085F89A21E8F75CFF95F8993195F89A2196
:10D980002C331A442046002185F8993185F89A21D4
:10D99000E8F74EFF95F89A2195F8993120461344FF
:10D9A000002185F89A31E8F743FF95F89A2195F818
:10D9B000993120461344022185F89A31E8F738FF5F
:10D9C00095F8993195F89A2102331A44204602219C
:10D9D00085F8993185F89A21E8F72AFF95F8993169
:10D9E00095F89A2102331A442046002185F899318E
:10D9F00085F89A21E8F71CFF95F89A2195F8993156
:10DA000020461344002185F89A31E8F711FF95F874
:10DA10009A2195F8993120461344082185F89A31C6
:10DA2000E8F706FF95F8993195F89A2108331A44DA
:10DA30002046102185F8993185F89A21E8F7F8FEFB
:10DA400095F8993195F89A2110331A44204601210E
:10DA500085F8993185F89A21E8F7EAFE95F8993129
:10DA600095F89A2101331A442046002185F899310E
:10DA700085F89A21E8F7DCFE95F89A2195F8993116
:10DA800020461344002185F89A31E8F7D1FE95F835
:10DA90009A2195F8993120461344012185F89A314D
:10DAA000E8F7C6FE95F8993195F89A2101331A44A2
:10DAB0002046032185F8993185F89A21E8F7B8FEC8
:10DAC00095F8993195F89A2103331A442046082194
:10DAD00085F8993185F89A21E8F7AAFE95F89931E9
:10DAE00095F89A2108331A442046012185F8993186
:10DAF00085F89A21E8F79CFE95F8993195F89A21D6
:10DB000001331A442046002185F8993185F89A217D
:10DB1000E8F78EFE95F89A2195F89931204613443E
:10DB2000002185F89A31E8F783FE95F89A2195F857
:10DB3000993120461344022185F89A31E8F778FE9E
:10DB400095F8993195F89A2102331A442046042118
:10DB500085F8993185F89A21E8F76AFE95F89931A8
:10DB600095F89A2104331A442046082185F8993102
:10DB700085F89A21E8F75CFE95F8993195F89A2195
:10DB800008331A442046012185F8993185F89A21F5
:10DB9000E8F74EFE95F8993195F89A2101331A4429
:10DBA0002046002185F8993185F89A21E8F740FE52
:10DBB00095F89A2195F8993120461344002185F86B
:10DBC0009A31E8F735FE95F89A2195F89931204673
:10DBD0001344032185F89A31E8F72AFE95F8993124
:10DBE00095F89A2103331A442046042185F8993187
:10DBF00085F89A21E8F71CFE95F8993195F89A2155
:10DC000004331A442046082185F8993185F89A2171
:10DC1000E8F70EFE95F8993195F89A2108331A44E1
:10DC20002046012185F8993185F89A21E8F700FE10
:10DC300095F8993195F89A2101331A44204600212C
:10DC400085F8993185F89A21E8F7F2FD95F89A213F
:10DC500095F8993120461344002185F89A31E8F768
:10DC6000E7FD95F89A2195F899312046134404214F
:10DC700085F89A31E8F7DCFD95F8993195F89A2105
:10DC800004331A442046012185F8993185F89A21F8
:10DC9000E8F7CEFD95F8993195F89A2101331A44A9
:10DCA0002046042185F8993185F89A21E8F7C0FDCE
:10DCB00095F8993195F89A2104331A4420460121A8
:10DCC00085F8993185F89A21E8F7B2FD95F89931F0
:10DCD00095F89A2101331A442046002185F899319C
:10DCE00085F89A21E8F7A4FD95F89A2195F89931DD
:10DCF00020461344002185F89A31E8F799FD95F8FC
:10DD00009A2195F8993120461344062185F89A31D5
:10DD1000E8F78EFD95F8993195F89A2106331A4463
:10DD20002046082185F8993185F89A21E8F780FD89
:10DD300095F8993195F89A2108331A442046102114
:10DD400085F8993185F89A21E8F772FD95F89931AF
:10DD500095F89A2110331A442046012185F899310B
:10DD600085F89A21E8F764FD95F8993195F89A219C
:10DD700001331A442046002185F8993185F89A210B
:10DD8000E8F756FD95F89A2195F899312046134405
:10DD9000002185F89A31E8F74BFD95F8991195F82F
:10DDA0009A3120460B4485F89A31E8F741FD95F801
:10DDB0009A112046E8F73CFD2046F6F763F84FF449
:10DDC000FA712046FEF7AEFB2DE5376ADFF8989230
:10DDD000B7EB080718BF01274FF00308002F7FF4A7
:10DDE000D1AC2046FEF746FBE3F75CFB00F5FA7A80
:10DDF00003E0E3F757FB824524D901370120FFB246
:10DE0000E3F756FB0A2FF4D199F80000FAF75AFC11
:10DE10000020E8F7EBFBE3F745FB82454FF00100FC
:10DE200010D9E3F745FBE3F73DFB82454FF00100D6
:10DE300008D9E3F73DFB0227DBE72046E8F744FC7F
:10DE4000FFF7C2F92046E8F709FC0028F5D1336A4C
:10DE500008F1FF381F1A18BF012718F0FF08BDD1BD
:10DE6000002B7FF48FAC019A072A00F3F880072279
:10DE700086F82C21F8E44FF4E131FEF731FC012360
:10DE80003B554FF416512046EFF758F9E3F70AFBDC
:10DE9000DFF8D49100F132082F4603E0E3F702FBEC
:10DEA000804523D901370120FFB2E3F701FB0A2F98
:10DEB000F4D199F80000FAF705FC0020E8F796FB8A
:10DEC000E3F7F0FA40454FF001000FD2E3F7F0FA24
:10DED000E3F7E8FA80454FF0010007D9E3F7E8FAE5
:10DEE000E3F7E0FA80454FF00207DBD82046FEF763
:10DEF000A9F8E3F7D7FADFF8708100F5FA7703E0C5
:10DF0000E3F7D0FA874221D90120E3F7D1FA681C60
:10DF1000C5B20A2DF4D198F80000FAF7D3FB00201F
:10DF2000E8F764FBE3F7BEFA87424FF001000DD932
:10DF3000E3F7BEFAE3F7B6FAB8424FF0010005D2B4
:10DF4000E3F7B6FA0225DBE7E8F7BEFB2046E8F781
:10DF500085FB05462046002DF6D14FF4E131EFF761
:10DF6000EDF8E3F79FFADFF8008100F1640703E0C2
:10DF7000E3F798FA874221D901350120EDB2E3F7A2
:10DF800097FA0A2DF4D198F80000FAF79BFB0020CD
:10DF9000E8F72CFBE3F786FA87424FF001000DD932
:10DFA000E3F786FAE3F77EFA87424FF0010005D9DE
:10DFB000E3F77EFA0225DBE7E8F786FB2046E8F781
:10DFC0004DFB80462046B8F1000FF5D1FFF745BA6A
:10DFD0000123194602222046FDF730FDC8212046C4
:10DFE000FEF7A0FA0123194603222046FDF726FD7D
:10DFF000C8212046FEF796FA01231946062220463C
:10E00000FDF71CFDC8212046FEF78CFA01231946B6
:10E0100012222046FDF712FDC8212046FEF782FAA3
:10E020000A23212201212046FDF708FDC8212046B0
:10E03000FEF778FA072201212046FDF7B7FBC82139
:10E040002046FEF76FFA302201212046FDF7AEFB95
:10E05000C8212046FEF766FAC821FFF7DCBB08237B
:10E0600086F82C3108E400BF689000200000000012
:10E0700070B52DED028B704C022084B0E7F754FD93
:10E0800094F832106D4B94F831001A7894ED1F7AA1
:10E09000A1F10301B1FA81F1490961F386121A7005
:10E0A0001A781978C2F38012052894BF002202F072
:10E0B000010262F3861119701A781978F1EE047A68
:10E0C000B4EEE77AF1EE10FAC2F3801202F0010228
:10E0D00088BF002262F38611197094ED207A1A78B5
:10E0E0001978B4EEE77AF1EE10FAC2F3801202F07A
:10E0F000010288BF002262F38611197094ED267A1E
:10E100001A781978F7EE007AB4EEE77AF1EE10FAA1
:10E11000C2F3801202F0010288BF002262F386116E
:10E12000197094ED287A1A781978F0EE007AB4EE26
:10E13000E77AF1EE10FAC2F3801202F0010258BF42
:10E14000002262F3861119701978DA79C1F380110F
:10E1500061F3C302DA711B785B0603D404B0BDEC33
:10E16000028B70BD04F14000E3F7ACF9344B84ED51
:10E170004A0A19680D20E3F705FA94ED348A9FEDF9
:10E18000317A9FED310AF8EEC87A67EE877A27EE8A
:10E19000800A03F0C3FC10EE100ADAF795F8024685
:10E1A0000B4643EC172B054684ED147B18EE100A42
:10E1B0000E46DAF777F81EA3D3E90023DAF7DCF886
:10E1C000C4E93601CDE90201D4F8E800DAF76AF8CB
:10E1D00017A3D3E90023DAF7CFF82A463346DAF754
:10E1E000CBF8C4E93C01CDE90001D4F80001DAF72D
:10E1F00059F80FA3D3E90023DAF7BEF89DED001B11
:10E200009DED020BD4ED263A94ED1F3AD4ED3E2A53
:10E2100094ED382AC4E9420100F0C2FA04B0BDEC22
:10E22000028BBDE87040E0F7B9BA00BFAFF30080E1
:10E230000E4685C758CC863F78A80020347D002044
:10E2400074A8002095BFD63335FA8E3C70B5694C62
:10E25000E37819071FD4E3799A0716D5664D674E00
:10E260002878E8F7FBF960B12878E8F72DFA3378D9
:10E27000082BF5D8DFE803F0908A7B6E5E44281EF9
:10E280001000237ADB0600F1AC800D20E3F7D0F913
:10E29000002840F0878070BD00233370584B93F8FE
:10E2A00098311A1AB2FA82F2237A520962F30413ED
:10E2B0002372D5E7524B93F897311B1AB3FA83F3C5
:10E2C0005B09DB003370CBE74D4BB3F80120D91D60
:10E2D0008854B3F80120B3F805100132A3F80120E7
:10E2E00092B2914204BF0722327093F8972193F8BB
:10E2F0009811024483F897210A4483F89821AFE7E4
:10E300003F4BB3F8052093F8971102EB002201442C
:10E3100093F89801A3F8052083F8971192B201446D
:10E3200083F89811002A59D000225A709A70062357
:10E33000337095E7324A92F8973192F89811A2F823
:10E340000500034482F897310B4482F89831052385
:10E35000337085E74FF00003294A60F3070360F349
:10E360000F23A2F897310223D070337078E7244A44
:10E3700092F8973192F898111071034482F897310E
:10E380000B4482F898310423337069E7622814BF84
:10E3900000230323337063E7B5287FF461AF0123C3
:10E3A00033705DE7174B0D201968E3F7EBF8E0F7E2
:10E3B00069FB237A23F080032372E37923F00803B7
:10E3C000E371A37923F01003A371237823F04003B2
:10E3D00023700220BDE87040E7F7B8BB0723337015
:10E3E0003EE7237A60F304132372FEF76BFAFFF71C
:10E3F0003FFE4AE7347D002070900020A8A900204D
:10E40000D0A6002074A8002010B5244A244C11780E
:10E41000E379244A61F341031078E3710C21F6F7A4
:10E4200037F9237A2049214AC1F8282123F0100323
:10E430002372237823F040032370E37823F0100342
:10E44000E370237823F08003237000F03DF84FF44D
:10E45000987200211448164C07F03EFCDFED150AB7
:10E46000B7EE000ADCF7ECFA134A1449144B82EDBC
:10E47000000A4FF4FA600022086020781A704FF406
:10E48000E131EEF75BFE20680E4B01221A540821A1
:10E49000BDE81040C0B2FEF73BBF00BFA78E002012
:10E4A000347D00206890002078A80020CDCC4C3E20
:10E4B00070900020000000006CA8002074A80020CC
:10E4C000A8A90020E4430020154A002310B4154CED
:10E4D00013605360144A00200021C4E90001C4E91C
:10E4E0000201C2E90001C2E90201104C10481149C1
:10E4F00013614FF0000C82F818C053614FF07E5248
:10E50000236003600C4C43600A600C484A600C496D
:10E510002260036010BC0A6043604A60704700BF1D
:10E52000DCA90020E8A90020F8A90020B8A9002053
:10E53000D4A90020CCA900202C020020C4A90020CE
:10E54000BCA9002070B52DED048B874C237E86B0CE
:10E550001BB1864BDB781B0703D506B0BDEC048BE3
:10E5600070BD60EEA07A824B9FED825AD3ED005AC7
:10E57000814ADFED824A92ED004AE0EE007A21EE18
:10E58000017AB1EEE76A61EE073AF6EE006A63EEF1
:10E59000A66A36EE656AB0EE669A66EE066AE6EE42
:10E5A000055A66EE856ADFED767AC3ED005AE4EE31
:10E5B000246A67EE072AB5EE003A22EE833AF4EEBB
:10E5C000E76AF1EE10FAF0EE438A08D4F2EE047A2C
:10E5D000F4EEE76AF1EE10FAD8BFF0EE667A694918
:10E5E00069486A4BC2ED007A91ED006A684AD0ED45
:10E5F000006A1B7892ED004A664A71EE013A013BCF
:10E60000E6EE236ADBB2012B92ED005A624AE7EE96
:10E61000056A1E46A1EE056A61EE044AD2ED005A73
:10E6200065D974EEA55AC0ED006AC2ED005A81EDBD
:10E63000006A15EE900ACDED043A8DED034A8DED9A
:10E64000027A8DED011ACDED057AB0EE608AD9F728
:10E650003BFE0B465149504D0246D1E90001D9F726
:10E66000D5FC484B484A93ED016AD2ED016ADDEDD5
:10E67000043A9DED034A9DED011A9DED027A84ED69
:10E68000044AE3EE866AC4E9000142494048D1EDFC
:10E69000014A90ED015AD5ED015A012EA1EE246AEE
:10E6A000E7EE246A21EE054A41D9374B75EE847AAC
:10E6B000C3ED016A384BC3ED017A324B83ED016A39
:10E6C00017EE900A8DED015AD9F7FEFD0B4633493E
:10E6D0000246D1E90201D9F799FC9DED015AC4E93E
:10E6E000020184ED055A06B0BDEC048B70BDB6EE98
:10E6F000003A20EE033AA0EE014A254BE7EE034A2A
:10E7000083ED004AE8EEA76A234B74EEA55AA9EE02
:10E71000276AC3ED005A1C4BA7EE275AC3ED006AC7
:10E72000184B83ED006A1B4B83ED005A81E7F6EE30
:10E73000003A68EE233ADDED057AA3EE874AE8EE6B
:10E74000A76AA9EE276AE7EE274AA8EE015A74EEF7
:10E75000257A80ED015AC2ED016A83ED016AC5EDAB
:10E76000017AC1ED014AABE7F8A90020347D002011
:10E77000B8A900200AD7233C2C020020A4707D3FBA
:10E78000CDCCCC3DC4A90020CCA90020A98E00206E
:10E79000D4A90020BCA90020DCA90020E8A9002001
:10E7A000034BDB78C3F3C0021B0703D5704700BFE0
:10E7B000347D00202DE9F04F2DED028BE94C8BB01C
:10E7C000CDED023A03928DED013A8DED002A59EC20
:10E7D000118B57EC106BB0EE628AE2F79FFD237E3F
:10E7E0009DED002A9DED013ADDED023A039ADFF836
:10E7F0009CE3002B00F02982DEF80030DEF80450A4
:10E80000C31A61EB050CD84D9D4272EB0C0CC0F0A5
:10E810001C8223EE033A9FEDD57AB4EEC73AF1EEAF
:10E8200010FACEE9000100F141829FEDD17AB4EEF9
:10E83000C73AF1EE10FAD4BFF0EE437AF0EE477A21
:10E84000F0EE678A63EEA33A9FEDC85AF4EEC53A3C
:10E85000F1EE10FA08D49FEDC65AF4EEC53AF1EE87
:10E8600010FAD8BFB0EE635AC24BDFEDC97AD3EDD0
:10E87000003AC14BD3ED006AC04B93ED006A66EEDF
:10E88000E64A78EEA35A75EE062AB0EE643AA5EE93
:10E89000A23AB4EEE73AF1EE10FA40F2D380B8496A
:10E8A000B84B8DED015A91ED007B5BEC17ABD3EDCE
:10E8B000001A8DED023A52461D4630465B463946F7
:10E8C000CDED001ACDED035ACDED042ACDED054A6C
:10E8D000CDED066A8DED076ACDED083A8DED092A7A
:10E8E000D9F792FBDAF720F8DDED001A9DED015A19
:10E8F0009DED023ADDED035ADDED042ADDED054A1A
:10E90000DDED066A9DED076ADDED083A9DED092A09
:10E9100007EE900A77EEE17ABAEE044AF4EEC47A92
:10E92000F1EE10FA08D4B2EE044AF4EEC47AF1EE35
:10E9300010FAD8BFB0EE674A934B93ED001A72EE0F
:10E94000410AB9EE042AF4EEC20AF1EE10FA0AD432
:10E95000F1EE047AF4EEE70AF1EE10FAD4BFB0EE6D
:10E96000602AB0EE672A65EEA67AF0EE640AE3EE5E
:10E97000E67AE3EEA24AE5EE860A84EE837AC7EEF3
:10E98000834A66EE667AC0EE835AE6EEA27AF7EE26
:10E99000002A87EE830A72EEE57A65EE825A24EE4B
:10E9A000822AE0EE045AA7EE042A72EEC72A26EE67
:10E9B000E44A66EE644A27EE866A67EEA67AA2EE1D
:10E9C000A34AE2EEA64AE0EE637A9FED713A8DED3E
:10E9D000015A75EE815AA0EE666AB4EEC43AC3EDF0
:10E9E000005A77EEA47AF1EE10FA624BCDED005AA0
:10E9F000C8BFB0EE434AF6EE000A83ED004A67EE68
:10EA0000A07A5D4BB4EEC63A32EE212AC3ED007A0D
:10EA1000F1EE10FA594B85ED002AD8BFB0EE463A18
:10EA200083ED003A12EE100AD9F74EFC52465B46CF
:10EA3000D9F7ECFADDED005A9DED015AC4ED045A08
:10EA4000C4E900014B4BDFED527AD3ED013A4A4B5A
:10EA5000D3ED016A494B93ED016A26EEE63A33EEB7
:10EA6000A87A36EE055AF0EE434AE7EE054AF4EE90
:10EA7000E74AF1EE10FA40F21481424A404B92ED1F
:10EA8000012ACDED014A8DED002A93ED022B57ECC2
:10EA9000126B15463B463246404649468DED027A9A
:10EAA0008DED035A8DED043ACDED056A8DED066AC4
:10EAB000CDED073AD9F7A8FAD9F736FF9DED002A30
:10EAC000DDED014A9DED027A9DED035A9DED043A7C
:10EAD000DDED056A9DED066ADDED073A07EE900A69
:10EAE00077EEC27ABAEE044AF4EEC47AF1EE10FA86
:10EAF00008D4B2EE044AF4EEC47AF1EE10FAD8BFAC
:10EB0000B0EE674A204BD3ED012A78EE625AF9EE57
:10EB1000047AF4EEE75AF1EE10FA08D4F1EE047A32
:10EB2000F4EEE75AF1EE10FAD8BFF0EE657AB0EEE7
:10EB3000431AA6EE071A0F4A27EE267AA3EE853A65
:10EB4000A3EEE67A66EEC65AC1EE241AE6EE855AC0
:10EB500083EE240AC7EE240A85EEA41AB7EE005A03
:10EB600018E000BFF8A9002080841E000AD7233CCB
:10EB70000000C842CCA90020C4A90020BCA90020E4
:10EB8000E8A90020DCA90020D4A90020B0A9002019
:10EB9000BD37863535EE613A20EEC67A35EE405AFD
:10EBA00067EEA15A26EE036A63EE261AA1EE666AA4
:10EBB00060EEE64AB0EE613AA5EE267AF0EE656ABE
:10EBC000A1EE633AE4EE016AE3EE854A67EEA07ACD
:10EBD00076EEA26AE4EE007A1FED135AC3ED016AE5
:10EBE00037EE037AF6EE005A27EE257AB4EEE45AB1
:10EBF000304BCDED006AF1EE10FAB4EEC65AC8BF44
:10EC0000F0EE454A77EE827A83ED017AF1EE10FA62
:10EC1000294BC2ED014AD8BFB0EE465A83ED015AE6
:10EC200017EE900AC5ED017AD9F74EFB32463B4606
:10EC3000D9F7ECF9DDED006AC4E90201C4ED056A1B
:10EC40000BB0BDEC028BBDE8F08F1C4BCEF804106E
:10EC5000C3E900671A491B4A81ED002AC3E902890A
:10EC6000194B81ED018A4FF0000C1249C3F804C022
:10EC7000C3F800C04FF07E5353601360C4E90067CF
:10EC80000D4AC1F804C0C4E90289C1F800C00121DD
:10EC9000CEF800005360136084ED042A84ED058AE9
:10ECA00021760BB0BDEC028BBDE8F08FF0EE478A09
:10ECB000C8E500BFC4A90020BCA90020E8A9002025
:10ECC000D4A90020CCA90020DCA9002010B51C4C40
:10ECD0002DED048BD4ED018AB0EE680A02F01EFF20
:10ECE000B0EE408AB1EE680A02F058FF94ED009A47
:10ECF000F0EE408AB0EE490A02F010FFF0EE409AC2
:10ED0000B0EE490A02F04AFF0E4BD3ED017A93EDC3
:10ED1000007A68EEE70AF0EE406A93ED020AE0EE50
:10ED2000080A20EE280A60EEA60AA7EE880AE7EE97
:10ED3000290A02F0E5FDBDEC048BB1EE400A10BDDE
:10ED4000D87C00200CBD002030B583B000230F21FB
:10ED500020200093ADF80430E2F714FC244B062287
:10ED6000187803216B46EDF733FE00B3BDF80010B1
:10ED7000BDF80230BDF804201E4D49BA08B25BBA96
:10ED800052BA10F5805F6B80AA8029801BB212B244
:10ED90002BD012F5805F18BF13F5805F0CBF0123E5
:10EDA0000023154C627863F38202627005E0124C16
:10EDB000104D637843F004036370637A0F49DA06F9
:10EDC00056BF0F4B00221A78881EDBF7F7FE637AD6
:10EDD000DB0608D50949AB8831F8022C5B42524268
:10EDE00021F8022CAB8003B030BD0123D9E700BF6E
:10EDF000F700002004BD0020347D002006BD002067
:10EE0000C97B030808B52F4B1A79C2F3801152064B
:10EE100003D52D4A117829B908BD1A7A61F3000289
:10EE20001A7208BD2020E2F703FC274A0028F3D01D
:10EE300000211170FFF788FF2449254AB1F90230FB
:10EE4000D2F857029FED236A07EE903AB1F90430E9
:10EE500007EE103AB1F90030D2F85B12D2F8532223
:10EE600006EE903A05EE900AF8EEE77A05EE102AE3
:10EE700077EEA57AF8EEE66A05EE901AB8EEC77A54
:10EE800076EE856A37EE257ADFED135A134A144879
:10EE900067EE867A27EE257A66EE866A82ED017A3B
:10EEA000C2ED006AC2ED027AE2F70CFB054B5A781C
:10EEB000197AC2F3800282F0010262F30001197232
:10EEC00008BD00BF347D0020F600002004BD0020F6
:10EED000B0810020CD0C9E44662693440CBD0020DA
:10EEE00018AA002030B5684B684C1878684D83B07C
:10EEF0001521F5F7CDFB237995F8202023F0400369
:10EF0000237122B195F82110002900F09B8023790C
:10EF10005A06C3F3801106D4237995F8902061F343
:10EF200086132371A2B92379C3F380125B0633D40D
:10EF30006378584843F004036370237A027062F3E5
:10EF4000000355482372554B02701A7003B030BD50
:10EF500095F891100029E6D1514B03220920EDF7D5
:10EF600093FD3220E2F7A4FA4D2101220DF10703AF
:10EF70008DF8071009200A21EDF7C4FB9DF8073032
:10EF8000484A482B1370CED12379474A092143F0D0
:10EF9000400311702371C6E73220E2F789FA424B31
:10EFA000187805EB0015A978002945D13F4B0422BC
:10EFB000EDF76AFD3C4D6420E2F77AFA28780021EB
:10EFC000EDF7FAFB354B0246012128781A70EDF770
:10EFD000F3FB314B0246022128781A70EDF7ECFB67
:10EFE0002C4B1870FFF7B0FE00212020E2F7CAFA80
:10EFF0006420E2F75DFA2E4B01221A70FFF702FF40
:10F00000FFF764FE2B4A637992F84B222A49A2F15A
:10F010000102B2FA82F2520962F341036371637929
:10F02000627881ED000AC3F3400383F0010363F3C8
:10F030008202627003B030BD204B04220021EDF744
:10F0400023FDB7E7164B03220220EDF71DFD32200A
:10F05000E2F72EFA4D2101220DF107038DF807107A
:10F0600002200A21EDF74EFB9DF807300D4A482B90
:10F0700013707FF44CAF23790B4A022143F0400315
:10F080001170237143E700BF68900020347D002099
:10F09000CC7B03082CBD00202DBD00202EBD002000
:10F0A000380200202FBD0020F7000020340200208D
:10F0B000F6000020B08100201CBD0020300200209E
:10F0C0002DE9F04F954C89B083460220E6F72CFDE0
:10F0D00023795A0640F1E580914B1B78002B00F014
:10F0E000E080904FDFF86092D7F85332C9F80030D3
:10F0F000D7F85732C9F80430D7F85B32C9F808306E
:10F100006378894ADFF84482884E8948002565F390
:10F11000820363706379C7F8535265F341036371E7
:10F1200097F84B3213702946FF234FF49652C7F8D5
:10F130005752C7F85B5287F84B3206F0CDFDC8E94D
:10F140000055C8E902553580E2F7ACF90F2100F50A
:10F150006A4520206035E2F715FA08E0E2F7A2F9E7
:10F160003388B3F5C87F5DD8A84200F2A580DDF7EB
:10F170005FFC2020E2F75CFA0028EFD0FFF7E4FD07
:10F180006378C3F3800A5B07E8D46A49B6F800E005
:10F19000B1F90030002B07EE903A0A46D4BF0023A5
:10F1A0000123B1F902105B000029C8BF0133F8EE5A
:10F1B000E76A07EE901AB2F904105D4A5B00002975
:10F1C000C8BF0133B8EEE77A07EE901A38F813108B
:10F1D0000EEB4E0CF8EEE77A02EB8C0C3629CCEDF8
:10F1E000006A8CED017ACCED027A50460EF1010EE8
:10F1F00001F1010C00F28C8028F813C04E4BA6F8E8
:10F2000000E01878CDF80CA0F6F760FA0398E6F75E
:10F210009DFC0320E6F788FCE2F744F93388B3F558
:10F22000C87FA1D9A84247D8E6F7ECFC0020E6F752
:10F230007BFC0220E9F76EFCDDF7FAFB04AB0093E0
:10F240009FED3E0A31883A4805ABC822DBF764FDE2
:10F250003B4B049A18806378C7F84F2223F00403CD
:10F260006370637943F002036371059BC7F85332FF
:10F270000125069BC7F857322946079BC7F85B3222
:10F28000082087F84B52E9F725FC2E4B1D70DDF75F
:10F29000CFFBEBF75FFE2A4634215846F5F74AFAD2
:10F2A00004E0002234215846F5F744FA022009B060
:10F2B000BDE8F04FE6F74ABCE6F7A4FC1A4B1B7812
:10F2C00087F84B32A3F10102B2FA82F26379520954
:10F2D00062F341036371D9F80030D9F80420C7F80C
:10F2E00053320120D9F80830C7F85722C7F85B32EB
:10F2F000E6F71AFC0820E9F70DFC584600223421F5
:10F30000F5F718FA022009B0BDE8F04FE6F71EBC89
:10F31000E6F70AFC0320E6F719FC1FE7347D00201E
:10F32000A48E0020B081002020AA002032AA002054
:10F3300044AA002004BD0020689000200AD7233C86
:10F3400030AA0020A881002024AA002034AA00208E
:10F350002DE9F047B64CA3789D0686B040F1FA80BF
:10F36000E378C3F3C00118070D4600F1F980B14BF3
:10F370001A78002A00F0F18003200391E2F766F981
:10F38000002800F0EA80AB4B03991970AA4B1B7858
:10F39000002B00F00881E1F7C1FF05AB06460F46E0
:10F3A0000322294601209946ECF734FD32460546F2
:10F3B000824600903B460120EDF766F985B19DF845
:10F3C00015309DF814201B0243EA02439DF81620D5
:10F3D000190242EA0302994B48BF42F07F421A6089
:10F3E00002238DF81430E1F799FF012205460E46FD
:10F3F0004B4608211046ECF7E1FD2A4600903346C3
:10F400000120EDF741F94FF47A5200230320E2F78F
:10F41000C5F88B4B8B4A884893F8008082F800A08F
:10F4200000210170B8F1000F00F0978085490A783B
:10F43000002A00F09280814A9FED837A1068834A07
:10F44000DFF820C2039307EE900AB8EEE76AD2ED28
:10F45000007ABCF90030DFF810C27D4AC6EE076AB8
:10F4600050620120F8EEE77AF6EE005A87EE875AEE
:10F4700007EE903ABCF90030DFF8F0C107EE103A21
:10F48000F8EEE77AB8EEC77A75EE654AA6EEA77A87
:10F49000DCED007ADFF8D8C1BCF90030DFF8D4C168
:10F4A00006EE103AF8EEE77ABCF90030DFF8C8C192
:10F4B000E6EE877A9CED000ADFF8C0C107EE103A4D
:10F4C000B8EEC66ABCF90030DFF8B4C1B8EEC77A4E
:10F4D000B8EEC00AA6EE867AA6EEA70A07EE903A24
:10F4E000F8EEE77ABCF90030DFF898C1E6EE877AEB
:10F4F00000EE903ABCF90030A4EEA70AF8EEE00A5C
:10F5000007EE903A60EE850AF8EEE77A82ED050A9A
:10F51000E7EEA50A82ED030AC2ED040AEAF7CCF889
:10F520004C48DBF7BDF94A4A02F1280082ED010A96
:10F53000E1F7C8FFA0794349454A039B82ED0C0AD5
:10F540004FF0000C81F800C040F00101A17183F878
:10F5500000C002E03E4B00225A6006B0BDE8F087D2
:10F560000320E2F773F80028F7D03B4B0320D3E9E0
:10F570000023E2F713F89FED390ADBF7BDF8384BAB
:10F58000334AD3ED007A77EE807A02F12800C2ED9B
:10F59000017AE1F797FFA3792D4A43F0010382ED49
:10F5A0000C0AA371D9E7E1F7B9FE032205AB0646C1
:10F5B0000F46012011469946ECF72CFC32460546D1
:10F5C000804600903B460120EDF75EF87DB19DF846
:10F5D00015309DF814201B0243EA02439DF81620C3
:10F5E0001A431B02194B48BF42F07F421A604FF08A
:10F5F00001078DF81470E1F791FE012205460E46D1
:10F600004B4608211046ECF7D9FC2A4600903346B9
:10F610000120EDF739F84FF47A5200230320E1F787
:10F62000BDFF074B044A83F800801770FAE600BF5D
:10F63000347D0020F600002039BD002040BD0020B0
:10F6400038BD002037BD00200000F04A3CBD00203E
:10F65000D07F0020B07F002060BD0020CDCCCC3C0E
:10F660005C7C002044BD002048BD002050BD00202F
:10F6700046BD00204ABD002054BD00204CBD0020E6
:10F6800058BD00205ABD00202DE9F04F8B4C8C4F07
:10F690008C4E48F2D042002393B0C4E90023E1F736
:10F6A0003DFE894AC2E90A01D4E900318748884C05
:10F6B00018189063A0784FF0000868F34510A07008
:10F6C000844887F8008090F810C086F8008041F2E6
:10F6D000883061F10005C2E912311B18C2E90F53ED
:10F6E0007D4D7E4B85F8008041F10001516483F827
:10F6F0000080BCF1000F02D0E3781B0702D513B0E5
:10F70000BDE8F08F6420E1F7D3FE40F20123ADF8AD
:10F7100018304EF6EC63ADF81C300DF11809434675
:10F7200099F800806E49C8EBC80211F822209AB9F6
:10F7300009F101090DF11A029145F1D1102B9846FA
:10F7400047D0A37886F80080C3F3401300221A4301
:10F750003A7013B0BDE8F08F624B404683F81380D7
:10F76000EDF7D0FA4046ECF7C9FC0DAB4FF00008BE
:10F7700007AA0393CDF814905A4913780B754FF0EC
:10F78000050904926420E1F793FEADF83480E1F7B7
:10F79000C5FD039B82468B4602220D210120ECF71A
:10F7A00039FB5B46009052460120ECF76DFF9DF857
:10F7B0003430102B09F1FF390DD019F0FF09E1D1D8
:10F7C000049A0DF11E0101329142D5D1DDF8149059
:10F7D000AEE70DAB0393B6238DF83430E1F79EFD11
:10F7E000012280468946039B0C211046ECF7E6FB7C
:10F7F00042464B4600900120ECF746FF0A20E1F715
:10F8000057FE4FF032084FF0000906E008F1FF38CC
:10F81000E1F74EFE18F0FF0845D0ADF83490E1F75F
:10F820007DFD039B82468B46022208210120ECF7D6
:10F83000F1FA5B46009052460120ECF725FF9DF857
:10F8400034302B7003F0C003C02B4FF00200DDD129
:10F8500003254FF0000AE1F761FD08AB80468946B9
:10F86000122210210120ECF7D5FA4B4600900490AB
:10F8700042460120ECF708FF04996B1EA1BB13F070
:10F88000FF05E8D1154B1B78002B40F081810B223E
:10F89000A3781249C3F340130A701022327043F068
:10F8A0000203082253E70D49A3780A220A701022A6
:10F8B0003270C3F34013082249E700BF60BD002047
:10F8C00036BD002035BD0020D07F002078ECFFFF42
:10F8D000347D0020CC7B030834BD002033BD0020E4
:10F8E000EC7C0308B88F0020DDF80C9012220DF19B
:10F8F000200ECC4605F1FF38BAF1000F00F03A8136
:10F900004946704606F0A6F90DF1200E8046BEE885
:10F910000F00CC46ACE80F00013DDEF80030ACF83B
:10F92000003015F0FF0500F03581B8F1000F92D1DD
:10F930009DF821209DF820109DF824309DF822503C
:10F94000BDF82A804FEA022E120942EA011011F096
:10F95000800F9DF823109DF825204FEA031343EAFA
:10F960000133BDF8261049BA0EF4706E1FFA81FCFF
:10F970006FEA005145EA0E056FEA115118BF0846BB
:10F980006FEA05516FEA11511EF4006F09B218BFFA
:10F990000D4613F4002F43EA12134FEA024202F419
:10F9A00070224CEA02016FEA033C6FEA1C3C18BF6C
:10F9B000634612F4002F6FEA01326FEA123218BF69
:10F9C0001146BDF82820BDF82CE0BDF82EC052BA73
:10F9D000ADF81020BDF8302092FA92F9704A1080EC
:10F9E0007048BDF8102005806F4803606F4B1960A8
:10F9F0006F4B1A806F4B98FA98F8A3F800806E4B03
:10FA00009EFA9EFEA3F800E06C4B9CFA9CFCA3F8C7
:10FA100000C06B4BA3F800904FF003098DF83490B1
:10FA2000E1F77CFCDDF80C80012282468B464346E0
:10FA300006211046ECF7C2FA52465B4600900120C0
:10FA4000ECF722FE83238DF83430E1F767FC0122C6
:10FA500082468B46434607211046ECF7AFFA002555
:10FA600052465B4600900120ECF70EFE8DF83450B4
:10FA7000E1F754FC012282468B4643460921104699
:10FA8000ECF79CFA52465B4600900120ECF7FCFD37
:10FA9000ADF83450E1F742FC434682468B460222E1
:10FAA00006210120CDF80C80ECF7B4F9DFF82081B5
:10FAB000009052465B460120ECF7E6FD9DF834309D
:10FAC00088F80030ADF83450E1F728FC039B8246FB
:10FAD0008B46022207210120ECF79CF952465B4637
:10FAE00000900120ECF7D0FD9DF8343088F801300B
:10FAF000ADF83450E1F712FC039B82468B4602229C
:10FB000009210120ECF786F952465B46009001205E
:10FB1000ECF7BAFD2B4B1D702B4B1D702B4B1D7042
:10FB20009DF8343088F8023002238DF83430E1F744
:10FB3000F5FB0122039B82468B4610460821ECF719
:10FB40003DFA524600905B460120ECF79DFD4FF4D4
:10FB50007A5200234846E1F721FDA378102143F0B3
:10FB600020033170A370A378C3F34013082243F03D
:10FB70000603ECE5BEE80F00ACE80F0018F0FF0547
:10FB8000DEF80030ACF800304FF0010A7FF463AECD
:10FB90000C227DE6B8F1000F3FF4CAAEF8E700BFD3
:10FBA0005ABD002058BD002054BD002050BD00208B
:10FBB0004CBD00204ABD002048BD002046BD0020AD
:10FBC00044BD002039BD002037BD002038BD0020D5
:10FBD00030BD0020000000002DE9F04F2DED028B1C
:10FBE000694C85B00546A068D8F76EFB0646E0680C
:10FBF0000F46D8F769FB824660688B46D8F764FBEE
:10FC00003246804689463B4630463946D8F7B4FBF3
:10FC1000524606460F465B4650465946D8F7ACFB5F
:10FC200002460B4630463946D8F7F0F942460646BA
:10FC300001F100474B4640464946D8F79DFB024636
:10FC40000B4630463946D8F7C1FC41EC100B01F0A9
:10FC5000DFFC51EC100BD8F767FE064607EE106A82
:10FC6000D4ED007A2860A06894ED008A67EE278AB8
:10FC7000D8F72AFB02460B46E068CDE90223D8F705
:10FC800023FB824660688B46D8F71EFB9FED3C1B2A
:10FC900041EC100B01F054FD30468DED000BD8F710
:10FCA00013FBDDE9022306460F4610461946D8F736
:10FCB00063FB5246804689465B4650465946D8F714
:10FCC0005BFB02460B4640464946D8F79FF99DED3F
:10FCD000000B53EC102BD8F779FC78EE087A8046AD
:10FCE00017EE900A8946D8F7EFFA02460B464046CF
:10FCF0004946D8F741FB32463B46D8F73DFBD8F79B
:10FD000013FE68606068D8F7DFFAD4ED027A68EE17
:10FD1000277A02460B4617EE900ACDE90023D8F762
:10FD2000D3FADDE900238046894610461946D8F704
:10FD300023FB02460B4640464946D8F747FC0022C3
:10FD40004FF04043D8F718FB32463B46D8F714FB38
:10FD5000D8F7EAFDA86094ED037AD4ED026A07EEC5
:10FD6000900A67EE877AB0EE680A87EEA67A85ED8C
:10FD7000037A05B0BDEC028BBDE8F08FAFF30080D5
:10FD8000000000000000084068BD00202DE9F0419F
:10FD90001746042206461D4608460C4B114600F045
:10FDA00069FA30460A4B0122042100F063FA04226A
:10FDB00011463846074B00F05DFA01222846064BF3
:10FDC000BDE8F041114600F055BA00BF78BD0020F3
:10FDD00068BD0020B8BD0020F8BD00202DE9F0412D
:10FDE000364C2DED028B94ED027AD4ED037A9EB061
:10FDF00037EE607A77EEC17A04F11006042300969C
:10FE00001A4684ED027AC4ED037A04F150013046BB
:10FE1000B0EE408A00F008FB02A8FFF7DDFE0125E6
:10FE20000DF1180804230EAF1A4602A93046CDE999
:10FE30000058F0EE408A00F093FA02A82A464146A4
:10FE400000950197042300F033FA94ED247ADDED58
:10FE50000E7A77EE877AB7EE000A80EE270A0AABB1
:10FE60002A464046042100F02FFB3B462A460AA8BA
:10FE7000042138EE680A00F027FB009421462B4647
:10FE800004243846042200F0CFFA2B4641460AA843
:10FE900022460197009400F063FA23462246394631
:10FEA0003046009600F0E8FA2146304600F02EFB7E
:10FEB0001EB0BDEC028BBDE8F08100BF68BD002024
:10FEC00008B52420E1F7B4FBF0B1114BDFED117A56
:10FED00093ED007AB4EEE77AF1EE10FA15DD0E4AF2
:10FEE0000E4BD2ED007A93ED007AF4EEC77AF1EE84
:10FEF00010FA0ADB0A4B93ED007AF4EEC77AF1EEC2
:10FF000010FA94BF0120002008BD002008BD00BFEA
:10FF100004BE00203333B33FFC1000203C0200201D
:10FF2000400200200000000038B52320E1F780FBEC
:10FF3000002847D0284A294BD2ED007A93ED007A69
:10FF4000F4EEC77AF1EE10FA3DDB254B93ED007A23
:10FF5000F4EEC77AF1EE10FA35D8224B1868D8F7CC
:10FF6000B3F9214A1F4BD2ED006A93ED017AC6EE38
:10FF7000877A04460D4667EEE77A17EE900AD8F7BF
:10FF8000A3F941EC100B01F043FB204653EC102B7E
:10FF90002946D8F7F1F90EA3D3E90023D8F734F8AE
:10FFA000D8F7C2FC9FED117A114B07EE900AF4EEE0
:10FFB000C77AF1EE10FACCBF01200020C3ED007A21
:10FFC00080F0010038BD012038BD00BFAFF30080D4
:10FFD000000000606666E63FFC1000203C02002046
:10FFE0004002002068BD0020FCBD00203333B33F39
:10FFF00000BE002070B52DED028BDFF808C1344B38
:020000040803EF
:10000000344EDFED357AA6B00CF140040193BCE824
:100010000F0006AD0FC5BCE80F000FC5BCE80F0010
:100020000FC59CE80F0085E80F000FCC0DF1580EAE
:10003000AEE80F000FCCAEE80F000FCCAEE80F001B
:1000400094E80F00D6ED008ACDED037AB0EE007A89
:10005000B0EE680A8EE80F008DED027A01F05EFDC9
:10006000B1EE048A60EE087AB0EE680ACDED047A4B
:1000700001F094FD20EE080A01AB06AA16A902A819
:100080008DED050AFFF782FE144B154A1A601548DC
:10009000154B1649164A174C1A600460D1E9000145
:1000A000D8F742FC144C154B2060D3E90001D8F777
:1000B0003BFCA060E1F7F6F9114B41F28831186082
:1000C0002320E1F75FFA26B0BDEC028B70BD00BFC4
:1000D000285C4F3E18BD002000001643400200205F
:1000E00000007A43440200203C02002088160020D1
:1000F000000048420000B4420CBE0020B81B0020A3
:100100005CBE0020046303082DE9F0472DED028B4F
:10011000DFF80C913C4EDFF80CA13C4C3C4D84B018
:10012000E1F7C0F999ED007B804630688DED007BEA
:10013000D8F7CAF802460B46DDE90001D7F764FF9D
:10014000D8F7F2FB08EE100AB068D8F7BDF809F549
:10015000A66702460B46D7E90001D7F755FFD8F747
:10016000E3FBDAF8003063602B68236101EE100ACC
:100170006B68A8686361EB6884ED031AE361C4F8F7
:10018000008084ED028AA0618DED031AD8F79CF8F7
:10019000DDE90023D7F73AFF41EC100BFDF704F837
:1001A0002062E868D8F790F8D7E90023D7F72EFF48
:1001B000184BD3E91423D8F709FA41EC100BFCF7DC
:1001C000F3FF154B9DED031A1B689AED000AA3621D
:1001D000F0EE480A0023E36223636062FFF7FEFD4E
:1001E000D9E90001D8F7A0FB03463360D7E9000145
:1001F000D8F79AFB094BB060C3F8008004B0BDEC9F
:10020000028BBDE8F08700BF0CBE002024BE00209A
:1002100068BD002078A80020FC1000205CBE0020F3
:100220008816002008BE002009480A4ADFF83CC0B2
:1002300009490A4BC0F800C01160094809490A4A37
:100240001B68DFF82CC0C0F800C00B60136070475B
:10025000440200204002002000007A43AC7F0020CE
:100260003C02002004BE002008BE00200000B44272
:1002700000004842F0B5151E19DD00290E4616DDB6
:100280001F46002134B204FB01FC04FB016E00EBAD
:100290008C0200EB8E0307EB8C0C52F804EB4CF84D
:1002A00004EB9342F9D1013109B28D42EBDCF0BD90
:1002B0002DE9F04FB2F10008BDF92440DDF828A087
:1002C0004ADD002C48DD9FED256A074689461E461B
:1002D00001EB84004FF0000C14FB0CF10AEB8101E0
:1002E000002EA1EC016A1EDD06FB0CF307EB830E6A
:1002F000334407EB8305CB46DFED187A5A46734645
:1003000092ED007AF3EC016AE6EE877A9D4202EB09
:10031000840241ED017AF3D10BF1040B834515D032
:10032000A1EC016AE8E74A46131D98424FF0000528
:1003300002F108020AD082420D6007D0131D9842D4
:100340004D6002F1080201F10801F4D10CF1010C39
:100350000FFA8CFCE045BFDCBDE8F08F0000000028
:100360002DE9F04F83B0B2F1000BBDF93070DDF82C
:1003700034A04BDD002F49DD9FED2A6A80460E46F2
:100380001D464FF0000C0FFA87F95A4609FB0CF195
:1003900009FB0C7E0AEB8101002DA1EC016A0AEB3E
:1003A0008E0ED8BF00201FDD05FB0CFB0BEB0500FC
:1003B00008EB800008EB8B0B0024CDF804C0DFEDC8
:1003C000197A06EB840C5B46F3EC016ABCEC017A0B
:1003D000E6EE877A984241ED017AF5D1714518D061
:1003E0002C44A1EC016AEAE771450B4608D043F8BA
:1003F000040B9E4504D04860083171450B46F6D188
:100400000CF1010C0FFA8CFC6245BFDC03B0BDE8B7
:10041000F08FDDF804C00CF1010C0FFA8CFC624582
:10042000B4DCF3E7000000002DE9F041161E069D44
:100430001FDD002B98461CDD0F461CB2002104FB7B
:1004400001FC04FB018300EB8C0207EB8C0E00EB3C
:10045000830305EB8C0CF2EC017ABEEC017A77EEAB
:10046000877A9342ECEC017AF5D1013109B28E42E0
:10047000E5DCBDE8F08100BF2DE9F041161E069DC8
:100480001FDD002B98461CDD0F461CB2002104FB2B
:1004900001FC04FB018300EB8C0207EB8C0E00EBEC
:1004A000830305EB8C0CF2EC017ABEEC017A77EE5B
:1004B000C77A9342ECEC017AF5D1013109B28E4250
:1004C000E5DCBDE8F08100BF9C460B1E1DDD002A67
:1004D0001BDD30B50446002560468646A446002153
:1004E000DCED007A013167EE807A8A42CEED007A47
:1004F0000CEB820C0EEB830EF2D10135AB4204F112
:10050000040400F10400E8D130BD704770B50C1E42
:100510002ADD4FF0000EF6EE006ABEF1010F1DDD80
:1005200000230EF1FF3614FB0EF51A46A91802FB44
:1005300004E200EB820C00EB8101D1ED007A9CED2E
:10054000007A77EE877A013367EEA67A1BB2B34260
:10055000C1ED007A1A46CCED007AE7DB0EF1010E10
:100560000FFA8EFE7445D8DC70BD00BF08B5174B7E
:10057000984206D0164B98420FD0164B984218D08E
:1005800008BD01214FF4001000F0CEFFBDE8084087
:1005900000214FF4001000F0C7BF01214FF480008C
:1005A00000F0C2FFBDE8084000214FF4800000F0D9
:1005B000BBBF01214FF4000000F0B6FFBDE80840CA
:1005C00000214FF4000000F0AFBF00BF0054004016
:1005D00000580040005C004030B5044687B002A8D7
:1005E000A588019100F026FF04982E4B0199DFF8B1
:1005F000BCC0A3FB002325F03F059B0C1D43A58039
:10060000228822F0010222800A6862451DD8520029
:10061000B0FBF2F292B20133042A38BF04222384E1
:10062000A283238888884A8943F001032380238892
:10063000104323F481638A89098923F002030A4362
:1006400003432380228107B030BDB1F806C04BF6CA
:10065000FF75AC4520D002EB820202EB8202B0FBB8
:10066000F2F040F4804082B203EB83030E48C3EB08
:1006700003139B00A0FB03039B090133238442F077
:100680000103C2F30B059BB2002D08BF1A466FEAA7
:1006900042426FEA5242C3E702EB4202B0FBF2F27F
:1006A00092B2E1E783DE1B43D34D6210A0860100C6
:1006B000054941F2883C00224FF48043C0E900C163
:1006C00082608381704700BF0000FFBF038819B1BB
:1006D00043F001030380704723F001030380704758
:1006E000038819B143F480730380704723F4807347
:1006F00003807047038819B143F400730380704787
:1007000023F40073038070471AB141F001010182A4
:10071000704701F0FE010182704700BF038819B1E4
:1007200043F480630380704723F480630380704741
:1007300001827047008AC0B2704700BF838812B13F
:1007400019438180704723EA01038380704700BF0B
:10075000044B1A69002A03DA0349044A59605A60B3
:10076000704700BF003C024023016745AB89EFCDD5
:10077000024A136943F0004313617047003C024092
:10078000014BD860704700BF003C024082B0082295
:10079000224B8DF80720DA68D20316D4DA68D00627
:1007A00038D4DA6812F0EF0F36D1DB6813F0020F9D
:1007B0000CBF082307238DF807309DF80730012B65
:1007C0000AD09DF8070002B0704701238DF807306A
:1007D0009DF80730012BF4D1104A0FE0D36813F0D5
:1007E000EF0F15D1D36813F0020F0CBF08230723B6
:1007F0008DF807309DF80730012BE2D1D168C9038D
:100800004FF00103F4D4D368DB06E7D50523EFE707
:100810000623EDE70523D9E70623D7E7003C02408E
:1008200038B5022994BF0C024FF440740546FFF717
:10083000ADFF082800D038BD104B1A6922F4407271
:100840001A611A6922431A611A6922F0F8021A61C0
:100850001869284340F0020018611A6942F4803296
:100860001A61FFF793FF054B1A6922F002021A6121
:100870001A6922F0F8021A6138BD00BF003C02403C
:1008800038B504460D46FFF781FF082800D038BD73
:100890000A4B1A6922F440721A611A6942F4007212
:1008A0001A611A6942F001021A612560FFF76EFFB2
:1008B000024B1A6922F001021A6138BD003C024065
:1008C00000B5DFF894E00A88038870458C464968D3
:1008D0001BD0DFF888E0704517D0B0F1804F29D0E9
:1008E000DFF87CE0704525D00EF5806E704521D094
:1008F000DFF870E070451DD0DFF86CE0704525D062
:10090000DFF868E0704521D01AE0BCF802E023F07F
:10091000700343EA0E03BCF808E023F4407343EA93
:100920000E030380C16202859CF80A30038601230E
:10093000838200BDBCF802E023F0700343EA0E039B
:10094000BCF808C023F4407343EA0C03038001237E
:10095000C1620285838200BD0000014000040140A5
:1009600000040040000C0040001000400014004053
:1009700000234FF0FF3242600381036083727047AF
:10098000038819B143F001030380704723F001038A
:1009900003807047038C23F0010310B50384038C9C
:1009A0004C88B1F80CE08288B0F818C04EEA040E0A
:1009B00023F00203134C43EA0E03B1F800E02CF0DD
:1009C000730CA0424CEA0E0C0AD004F58064A042DD
:1009D00006D089688280A0F818C04163038410BDE6
:1009E000CC89B1F810E023F0080323434C8A4EEA87
:1009F000040E8C8822F4407223F0040342EA0E02B3
:100A00002343E6E700000140038C23F0100310B5F8
:100A10000384038C4C88B1F80CE08288B0F818C0CD
:100A20004EEA040E23F02003144C43EA0E13B1F8EF
:100A300000E02CF4E64CA0424CEA0E2C0AD004F55F
:100A40008064A04206D089688280A0F818C08163C3
:100A5000038410BDCC89B1F810E023F0800343EA91
:100A600004134C8A4EEA040E8C8822F4406223F070
:100A7000400342EA8E0243EA0413E4E70000014027
:100A8000038C23F4807310B50384038C4C88B1F875
:100A90000CE08288B0F81CC04EEA040E23F4007308
:100AA000144C43EA0E23B1F800E02CF0730CA04282
:100AB0004CEA0E0C0AD004F58064A04206D0896886
:100AC0008280A0F81CC0C163038410BDCC89B1F83A
:100AD00010E023F4006343EA04234C8A4EEA040E38
:100AE0008C8822F4405223F4806342EA0E1243EAD7
:100AF0000423E4E700000140038C23F4805310B585
:100B00000384028C4C88B1F80CE08388B0F81CC0D8
:100B10004EEA040E22F400520D4C42EA0E32B1F8B5
:100B200000E02CF4E64CA0424CEA0E2C0AD004F56E
:100B30008064A04206D089688380A0F81CC001644C
:100B4000028410BD0C8A23F4804343EA8413F2E745
:100B5000000001400023C0E9023303608380036189
:100B6000704700BF038B23F008030B4303837047D8
:100B7000038B23F4006343EA01230383704700BF20
:100B8000838B23F008030B4383837047838B23F409
:100B9000006343EA01238383704700BF00230122DF
:100BA0000360426003817047406B7047806B704701
:100BB000C06B7047006C7047B0F8443031B16FEAD9
:100BC00043436FEA5343A0F844307047C3F30E0326
:100BD000A0F84430704700BF038A8289114214BFD5
:100BE00001200020194200F0010008BF00207047DA
:100BF000C9430182704700BF014B5861704700BF75
:100C0000003C014000222DE9F04713460E680C46D7
:100C10000125032704E00133102B02F1020241D029
:100C200005FA03FC3CEA0601F5D1016807FA02F96E
:100C300021EA0901016094F804E0D0F800A00EFA5E
:100C400002F10EF1FF3E41EA0A01BEF1010FC84672
:100C5000016016D8816821EA090181606179D0F8C4
:100C600008E0914041EA0E018160416821EA0C01EF
:100C70004160A179D0F804C0994089B241EA0C01E1
:100C80004160C16821EA0801C16094F807C0C168E9
:100C90000CFA02FC01334CEA0101102BC16002F195
:100CA0000202BDD1BDE8F0874FF6FF720023C0E914
:100CB000002370470369194214BF012000207047C8
:100CC0000183704741837047CB0800EB830001F03C
:100CD0000701036A89004FF00F0C0CFA01FC23EAAC
:100CE0000C030362036A8A401A430262704700BF22
:100CF00082B0064B002201920193019B03EB80031B
:100D00000193019B196002B0704700BF502800405A
:100D100082B0064B002201920193019B03EB8003FA
:100D20000193019B186802B0704700BF5028004033
:100D300002683349002322F001024FF0210C88425F
:100D40000260036043608360C3600361C0F814C045
:100D500032D02C4B98422AD02B4B984234D02B4B7C
:100D6000984236D02A4B98422AD02A4B984235D006
:100D7000294B98423AD0294B98423BD0284B984275
:100D800030D0284B984212D0274B98421CD0274B8A
:100D900098421ED0264B984212D0264B98421DD026
:100DA000254B984222D0254B984223D070474FF4D0
:100DB000746243F8202C7047214B3D229A607047A3
:100DC000204A43F8642C70474FF4741243F8382CCF
:100DD00070474FF0746243F8502C70471A4A43F83A
:100DE0007C2C70473D2243F8082C7047174A43F883
:100DF000942C70474FF03D5243F8AC2CD6E700BF1F
:100E0000106002402860024040600240586002408A
:100E10007060024088600240A0600240B8600240FA
:100E2000106402402864024040640240586402405A
:100E30007064024088640240A0640240B8640240CA
:100E4000006002403D000020400F002000003D20D7
:100E500010B50B68CC684A69D0F800E0DFF850C0E4
:100E600023431343D1E9064223431343D1E9084204
:100E700023438C6A13434A6B234313438A6B0EEA62
:100E80000C0C134343EA0C03CA6A03604369D1F8AC
:100E900010E023F0070C0B6B134343EA0C03436190
:100EA000D1E90123C0F804E08260C36010BD00BF37
:100EB0003F801CF00023C0E90033C0E90233C0E9E1
:100EC0000433C0E90633C0E90833C0E90A33C0E996
:100ED0000C338363704700BF036819B143F001030B
:100EE0000360704723F0010303607047416070475F
:100EF000406880B2704700BF006800F00100704792
:100F00000B060CD543699AB143F0800380294361F5
:100F10000DD0036801F01E01194301607047002ADB
:100F2000F7D1036801F01E0123EA01030360704753
:100F300023F0800380294361F3D17047064B984228
:100F400094BF064A064A21F0F02323F08213890059
:100F50004CBFD360936070470F6402400060024052
:100F600000640240034B40F0BF6040F40030D860A2
:100F7000704700BF00ED00E010B50378C178012292
:100F800003F01F0C4FEA531E02FA0CF2D1B11049C4
:100F90004478C9686FEA010CCCF3022C8178CCF15B
:100FA0000400C0B204FA00F00F2444FA0CFC01EA79
:100FB0000C01014307480344090183F8001340F87A
:100FC0002E2010BD034B0EF1200E43F82E2010BD35
:100FD00000ED00E000E100E0014B1860704700BF49
:100FE00000300040014B5860704700BF00300040A7
:100FF000014B9860704700BF00300040024B4AF63A
:10100000AA221A60704700BF00300040024B4CF625
:10101000CC421A60704700BF0030004010B5028A11
:10102000CB8822F44052134386B0038282898B8896
:101030000191044608890343488922F4B05222F002
:101040000C0203431343A381A28A8B8922F44072CA
:101050001343A38202A800F0EDF91C4B01999C42B6
:1010600005D003F580639C4201D0049B00E0059B02
:10107000A0890A6801041649A08903EB83034CBFC9
:101080005200920003EB8303B3FBF2F3A1FB03E2F4
:101090004FF0640C520900040CFB12330AD41B01FC
:1010A0003233A1FB0313C3F3431343EA0212228139
:1010B00006B010BDDB003233A1FB0313C3F34213B0
:1010C00043EA0212228106B010BD00BF00100140A9
:1010D0001F85EB5100234FF416514FF44022C0E915
:1010E0000013826083817047838919B143F40053F0
:1010F0008381704723F4005383817047C1F3080153
:10110000818070478088C0F308007047838A12B1DD
:1011100019438182704723EA01038382704700BF2D
:1011200001F01F0CC1F342110123012903FA0CF352
:101130000DD002290CBF103014301AB102681343CD
:1011400003607047026822EA0303036070470C30B3
:10115000F3E700BFC1F3421201F01F0C0123012A83
:1011600003FA0CF313D0022A0CBF028A828A92B2CD
:101170001A400388090A012000FA01F19BB20B40D2
:10118000002A18BF002B14BF01200020704782895D
:1011900092B21A40EDE700BF014B1862704700BFE2
:1011A00000000E42436891F804C00A6823F04073BF
:1011B00023F4807343EA0C2313434360D1E90323F0
:1011C00013438A68D0F808C01343094A0CEA0202A4
:1011D00091F805C0134343EA4C0383600A7DC36A58
:1011E000013A23F47003D2B243EA0253C362704758
:1011F000FDF7FFC000230122C0E9023303608380B2
:1012000003610275704700BF4268036807491343D2
:10121000D1F804C0064A0CEA0202D0E902C0134326
:1012200043EA0C0303434B60704700BF00230140B7
:10123000E030FCFF0023C0E90033C0E9023370470F
:10124000836819B143F001038360704723F0010301
:1012500083607047092910B531D9A1F10A0CC4681F
:101260000CEB4C0C4FF0070E03FA0CF30EFA0CFCCF
:1012700024EA0C0E43EA0E03C360062A0ED8013A94
:10128000436B02EB82024FF01F0C0CFA02FC23EAC4
:101290000C0301FA02F21A43426310BD0C2A1DD856
:1012A000073A036B02EB82024FF01F0C0CFA02FCB0
:1012B00023EA0C0301FA02F21A43026310BD01EBA8
:1012C000410C04694FF0070E0EFA0CFE03FA0CF302
:1012D00024EA0E0C43EA0C030361CEE70D3AC36A1D
:1012E00002EB82024FF01F0C0CFA02FC23EA0C0303
:1012F00091401943C16210BD836843F0804383600D
:10130000704700BF836819B143F4807383607047EE
:1013100023F4807383607047836819B143F40073CA
:101320008360704723F400738360704708B5174BE0
:10133000984206D0164B98420FD0164B984218D0C0
:1013400008BD01214FF4805000F0FAF8BDE80840D4
:1013500000214FF4805000F0F3B801214FF4804099
:1013600000F0E2F8BDE8084000214FF4804000F0B2
:10137000DBB801214FF4004000F0D6F8BDE808408A
:1013800000214FF4004000F0CFB800BF0030014012
:1013900000380040003C0040B1F802C00B888A8849
:1013A00043EA0C03B1F806C013430A8900B543EAC7
:1013B0000C03B1F80AE0B1F80CC0134343EA0E0382
:1013C000028843EA0C03B1F80EC002F4415243EA2A
:1013D0000C0313430380838B0A8A23F40063838303
:1013E000028200BD00230722036043608360C36064
:1013F00002827047038819B143F0400303807047AD
:1014000023F0400303807047808980B2704700BF9B
:1014100081817047038819B143F4005303807047FA
:1014200023F40053038070470389194214BF01203D
:1014300000207047204A936803F00C03042B38D037
:10144000082B1DD01D4B1C4A0360D2F808C01C4954
:10145000CCF3031C11F80CC023FA0CF34360D2F850
:1014600008C0CCF3822C11F80CC023FA0CFCC0F895
:1014700008C09268C2F342328A5CD340C3607047AE
:101480005368516813F4800F536814BF0D4A0B4A18
:10149000C3F3881301F03F01B2FBF1F202FB03F347
:1014A000054A5268C2F3014201325200B3FBF2F323
:1014B000C9E7044BC7E700BF003802400024F4002E
:1014C0009490030800127A00044A136B11B103438D
:1014D0001363704723EA0003136370470038024028
:1014E000044A536B11B103435363704723EA00036B
:1014F0005363704700380240044A136C11B1034330
:101500001364704723EA00031364704700380240F5
:10151000044A536C11B103435364704723EA000338
:101520005364704700380240044A136A11B1034300
:101530001362704723EA00031362704700380240C9
:10154000044A536A11B103435362704723EA00030C
:1015500053627047003802404309012B0BD0022B25
:10156000094B0CBF1B6F5B6F00F01F0023FA00F0EC
:1015700000F001007047044B1B6800F01F0023FAC5
:1015800000F000F00100704700380240024A536F3B
:1015900043F0807353677047003802401248134984
:1015A000026800608A4219D0002103E0104B5B58AA
:1015B000435004310F48104B42189A42F6D30F4A59
:1015C00002E0002342F8043B0D4B9A42F9D3F2F7B4
:1015D000B9FB04F0CBFBE7F709FDFEE70948D0F8BB
:1015E00000D0406800470000FCFF0120EFBEADDEE8
:1015F000A896030800000020BC040020C0040020BE
:1016000030C100200000FF1FFEE7000000F094BC86
:1016100008B52DED048BB0EE409AF0EE609A00F024
:101620006FFDB0EE408AF0EE608AB0EE490AF0EE4F
:10163000690A00F015FB78B119A3D3E9002351EC36
:10164000190BD7F729F970B917A3D3E9002351EC87
:10165000190BD7F703F998B9B0EE480AF0EE680A0B
:10166000BDEC048B08BD9FED0A8B04F079FBB0EE56
:10167000480AF0EE680ABDEC048B2223036008BD23
:1016800004F06EFB22239FED048B0360E4E700BFB0
:10169000000000000000F07F0000000000000000DB
:1016A000EF39FAFE422E864051302DD5104987C0C1
:1016B00038B52DED028B55EC104B00F0F5FE2246AF
:1016C0002B4620462946B0EE408AF0EE608AD7F7D6
:1016D000EDF8B8B90022002320462946D7F7DCF8F8
:1016E00080B90022002320462946D7F7ADF880B103
:1016F00004F036FB9FED0E7B22230360B0EE478A99
:10170000F0EE678AB0EE480AF0EE680ABDEC028B94
:1017100038BD04F025FBBDEC028B034621221A6084
:101720000548BDE8384000F0A7BA00BFAFF300801D
:10173000000000000000F0FFB86703080000000090
:1017400038B52DED048BB0EE409AF0EE609A55EC72
:10175000114B01F0ADF822462B4620462946B0EE4B
:10176000408AF0EE608AD7F7A1F878B951EC190BEE
:1017700000220023D7F768F8F0B1002200232046AA
:101780002946D7F761F840B19FED2B8BB0EE480AA0
:10179000F0EE680ABDEC048B38BD45EC104B00F050
:1017A0005FFA0028F2D00022002320462946D7F70E
:1017B00055F80028EAD032E0B0EE480AF0EE680AA8
:1017C00000F04EFAB0B151EC180B00220023D7F70D
:1017D0003BF80028DAD0B0EE490AF0EE690A00F0D2
:1017E0003FFA0028D2D045EC104B00F039FA00281F
:1017F000CCD014E0B0EE490AF0EE690A00F030FAFD
:101800000028E0D045EC104B00F02AFA0028DAD08E
:1018100053EC182B51EC180BD7F748F820B904F00B
:101820009FFA22230360B1E704F09AFA21230360B0
:10183000ACE700BFAFF30080000000000000F03F05
:1018400038B52DED028B55EC104B00F02DFA2246E9
:101850002B4620462946B0EE408AF0EE608AD7F744
:1018600025F830B90022002320462946D6F7F6FF96
:1018700030B9B0EE480AF0EE680ABDEC028B38BD14
:1018800004F06EFA0022002321210160104619465F
:10189000D6F79CFE41EC180BB0EE480AF0EE680A51
:1018A000BDEC028B38BD00BF08B52DED028BB0EE4C
:1018B000408A02F09FF9B4EE488AF1EE10FAF0EE99
:1018C000408A0AD6B0EE480A00F060F9F7EE007AD6
:1018D000B4EEE70AF1EE10FA04DCB0EE680ABDECF3
:1018E000028B08BD04F03CFABDEC028B03462122BA
:1018F0001A600248BDE8084000F0D0B9B867030894
:1019000002F082BA08B52DED028BF0EE408A02F0AB
:101910001DFBB0EE408AB0EE680A00F0B5F968B180
:10192000DFED127AF4EEE78AF1EE10FA0BDCDFED70
:10193000107AF4EEE78AF1EE10FA0FD4B0EE480A0E
:10194000BDEC028B08BD9FED0B8A04F009FAB0EEE6
:10195000480ABDEC028B2223036008BD04F000FAA4
:1019600022239FED058A0360E8E700BF1772B142AA
:10197000B5F1CFC20000807F0000000008B52DED5A
:10198000028BB0EE408A02F0D5FBB4EE488AF1EE4D
:1019900010FA0FD6B5EEC08AF1EE10FA0ADCB5EEF9
:1019A000408AF1EE10FA08D104F0DAF922239FED13
:1019B000090A0360BDEC028B08BD04F0D1F9BDEC4F
:1019C000028B034621221A600348BDE8084000F05C
:1019D00065B900BF000080FFB867030800B52DEDB2
:1019E000028B83B0B0EE608AF0EE408A02F09CFC7D
:1019F000B4EE488AF1EE10FAF0EE407A0BD6F5EE2E
:101A0000408AF1EE10FA1CD1B5EE408AF1EE10FAE0
:101A100007D1F7EE007AB0EE670A03B0BDEC028B97
:101A200000BD8DED010AB0EE480A00F02DF9DDEDA4
:101A3000017A0028EFD0B5EEC08AF1EE10FAEAD5AF
:101A400036E08DED010A00F01FF9DDED017AB8B145
:101A5000F5EE407AF1EE10FADDD1B0EE680ACDED88
:101A6000017A00F011F9DDED017A0028D3D0B0EE53
:101A7000480A00F009F9DDED017A0028CBD017E023
:101A8000B0EE680A00F000F9DDED017A0028DFD041
:101A9000B0EE480A00F0F8F8DDED017A0028D7D062
:101AA000F4EE677AF1EE10FA78BFCDED017A06D642
:101AB00004F056F92223DDED017A0360ABE704F070
:101AC0004FF92123DDED017A0360A4E700B52DED88
:101AD000028BB0EE408A83B000F0DEF9B4EE488AA3
:101AE000F1EE10FA06D6DFED0C7AB4EEE78AF1EEED
:101AF00010FA03D403B0BDEC028B00BDCDED017A2A
:101B000004F02EF9DDED017A87EEA70A21230360A8
:101B100003B0BDEC028B00BD0000000010EE103AD7
:101B2000184A23F00043934219D9B3F1FF4F02D36F
:101B300030EE400A704700B583B0684602F07EFF81
:101B400000F0030001289DED000ADDED010A0FD031
:101B5000022808D088B901F0A9FE03B000BDDFED6E
:101B60000A0A01F0A3BE01F0A1FEB1EE400AF4E7BB
:101B700001F01EFFB1EE400AEFE7012001F018FF6F
:101B8000EBE700BFD80F493F0000000010EE103A0D
:101B900023F0004300EE103A704700BF10EE103AF9
:101BA000194A23F0004393421AD9B3F1FF4F02D3ED
:101BB00030EE400A704700B583B0684602F03EFF41
:101BC00000F0030001289DED000ADDED010A12D0AE
:101BD00002280AD090B9012001F0EAFE03B000BD4E
:101BE000DFED0A0A002001F0E3BE012001F0E0FE73
:101BF000B1EE400AF2E701F059FEEFE701F056FEC0
:101C0000B1EE400AEAE700BFD80F493F00000000EC
:101C100010EE103A104A23F00043934217D9B3F163
:101C2000FF4F02D330EE400A704700B583B06846DC
:101C300002F004FF400000F00200DDED010A9DED1E
:101C4000000AC0F1010001F0FBFE03B000BDDFEDB2
:101C5000030A012001F0F4BEDA0F493F0000000042
:101C600082B08DED000B019840F0004000F580102F
:101C7000C00F02B0704700BF9FED010B704700BF5F
:101C8000000000000000F87F10EE103A23F0004042
:101C9000B0F1FF4F2CBF0020012070479FED010ADB
:101CA000704700BF0000C07F2DE9F84F55EC104B86
:101CB000764BAB4300F0AF80002D29462A462346E1
:101CC00055DD2C1562D0C2F31302E007A4F2FF31F8
:101CD00042F4801203D4520002EBD3725B00520034
:101CE00000264FEA610902EBD37216245B00B4466A
:101CF0004FF400110CEB010090424FEAD3754FEA0C
:101D0000430303DC00EB010C121A0E44013C05EB0B
:101D100042024FEA5101EDD1274620254FF0004005
:101D20000AE042D0510001EBD371013D0A464FEA6F
:101D300043034FEA500044D0624500EB070EF0DD4C
:101D4000BEF1000F0EEB00070CDBE046A2EB0C012E
:101D50009E4588BF01F1FF314900C446A3EB0E0345
:101D60000444E0E7002FF0DB0CF10108EEE725F07A
:101D70000040204347D0002D74D1D90A153A5B05A5
:101D80000029FAD0CE0214467CD40A460021520023
:101D9000D502084601F10101F9D5C1F1200523FA68
:101DA00005F52A438B40241A8DE79E4502D94FEA58
:101DB0004C01B8E7BEF1000F0EEB000725DB002158
:101DC000CCE7194313D0324FDFF8C880D7E90001C0
:101DD000D8E9002397ED007B5BEC17ABD6F714F93D
:101DE00002460B4650465946D6F742FD08BB6508E9
:101DF000711001F17F5101F5001101EB095345EA22
:101E0000C67243EC102BBDE8F88F002FD7DB0CF126
:101E1000010C0021A2E722462B4620462946D6F790
:101E2000ABFA22462B46D6F7F1F841EC100BBDE891
:101E3000F88FB4F1FF3FD7E90001D8E900231DD0A6
:101E4000D6F7E4F8D7E9007802460B463846414613
:101E5000D6F704FDA0B1A31C04F1020508BF0136AA
:101E60006D08C5E722462B462046D6F7CDF8024638
:101E70000B46D6F7ABFB41EC100BC4E70136B7E7D6
:101E80000134B4E74FF0FF300A468CE70000F07FE2
:101E9000B0900308A8900308B1EEC00A704700BFD5
:101EA00010EE101AC1F3C7527F3A162A21F00043F0
:101EB0001BDC002A1FDB1B481041014224D0DFED50
:101EC0001A7A70EE277AF5EEC07AF1EE10FA1BDD81
:101ED0004FF4000313410B4413EA210338BF0B46B0
:101EE00023EA000300EE103A7047B3F1FF4F0BD323
:101EF00030EE000A7047DFED0C7A70EE277AF5EECF
:101F0000C07AF1EE10FA00DC7047002902DB9FED89
:101F1000070A704713B99FED060A7047BFEE000A23
:101F2000F2E700BFFFFF7F00CAF249710000000026
:101F300000000080000000002DE9F04B5CEC11BBBC
:101F4000CBF10003DFF8B0E143EA0B032CF00045CE
:101F500051EC100B45EAD37373450746884644D8C5
:101F60007B4206463B43084621F0004141EAD373D9
:101F700073453AD80CF1404303F5801353EA0B0341
:101F8000644643D0A31703F0020343EAD8730E4319
:101F9000994634D05BEA05023CD075454BD071457B
:101FA00038D04B1BB3F1747F4FEA235240DA002C38
:101FB0004DDA3C324BDA9FED400BB9F1010F64D0A2
:101FC000B9F1020F50D0B9F1000F16D051EC100B3F
:101FD00043A3D3E90023D6F717F83DA3D3E90023A1
:101FE000D6F712F841EC100B07E03A464346584644
:101FF0006146D6F70BF841EC100BBDE8F08B022BD5
:1020000010D0032B0BD048EC107BF6E7BDE8F04B6B
:1020100001F09EBA002808DB9FED290BEDE79FED4C
:102020002A0BEAE79FED2A0BE7E79FED2B0BE4E78E
:102030009FED230BC1E7A94203F1FF332ED0022B02
:1020400034D82B4A02EBC30393ED000BD5E75A4675
:10205000634638464146D6F7B9FA41EC100B01F019
:102060001BFC01F075FAA8E71DA3D3E9002351EC8E
:10207000100BD5F7C9FF02460B4615A1D1E90001A7
:10208000D5F7C2FF41EC100BB7E710EE901A53ECF6
:10209000102B01F1004343EC102BAEE7022B08D8C4
:1020A000144A02EBC30393ED000BA6E79FED020B6E
:1020B000A3E79FED0D0BA0E700000000000000006B
:1020C000182D4454FB21F93F182D4454FB2109C01D
:1020D000182D4454FB210940182D4454FB21F9BF0D
:1020E000075C143326A6A13C182D4454FB21E93F7C
:1020F000B8900308D09003080000F07F00000000B3
:102100002DE9F04755EC104BD34925F000428A42A7
:1021100086B04FEAD5760CD9D0498A4270D9C5F33A
:102120001303234340F05481002E66D09FEDB20B81
:1021300063E0CB4B9A4200F21A81CA4B9A4240F2BA
:10214000308122462B4620462946D6F715F9ACA306
:10215000D3E9002306460F46D6F70EF9AAA3D3E922
:102160000023D5F751FF32463B46D6F705F9A8A321
:10217000D3E90023D5F74AFF32463B46D6F7FCF8B1
:10218000A5A3D3E90023D5F73FFF32463B46D6F758
:10219000F3F8A3A3D3E90023D5F738FF32463B4633
:1021A000D6F7EAF802460B4620462946D5F72CFF1B
:1021B000CDE90201DDE90289204642464B46294627
:1021C000D6F7DAF8002206460F464FF08043404625
:1021D0004946D5F719FF02460B4630463946D6F731
:1021E000F5F922462B46D5F70FFF02460B46002095
:1021F0009D49D5F709FF41EC100B06B0BDE8F0870B
:1022000089A3D3E9002320462946D6F745FB074694
:10221000002840F0E88086A3D3E900232046294621
:10222000D6F71CFB002840F03781904B204603EB8B
:10223000C606294680A3D3E90023D6F79DF8D6E940
:102240000023D5F7E3FED6F747FB0646D6F72AF874
:102250007BA3D3E9002307468846D6F78DF80246CC
:102260000B4620462946D5F7CFFE02460B46384698
:10227000414691469A4674A3D3E90023D6F77CF8E9
:10228000CDE90001DDE9002348465146D5F7BCFE03
:1022900002460B4604460D46D6F76EF858A3D3E91E
:1022A000002307468846D6F767F857A3D3E90023EB
:1022B000D5F7AAFE3A464346D6F75EF854A3D3E9CB
:1022C0000023D5F7A3FE3A464346D6F755F852A366
:1022D000D3E90023D5F798FE3A464346D6F74CF8A3
:1022E0004FA3D3E90023D5F791FE3A464346D6F7EC
:1022F00043F802460B4620462946D5F785FE074699
:102300008846204629463A464346CDE90278D6F724
:1023100033F8CDE90401002E3FF44CAF3A46434672
:1023200000204FF08041D5F76FFE02460B46DDE9F5
:102330000401D6F74BF902460B46DDE90001D5F75B
:1023400063FE4A465346D5F75FFE0B4602464649B2
:102350000020D5F759FE6FF47F739E42C0F28E8045
:1023600001EB065141EC100B06B0BDE8F087404B85
:102370009A423FF65AAF3F4B03EBC603D3E9002323
:1023800020462946D5F740FE3B4B03EBC60393EDB1
:10239000007B86F001038DED007B81468A469E1B03
:1023A00070E72BA3D3E9002320462946D5F72EFE5C
:1023B0002D4B0022D6F770FA00283FF4C2AE2A4B0C
:1023C000002220462946D5F721FE41EC100B14E7E8
:1023D00022462B4620462946D5F718FE41EC100B25
:1023E00006B0BDE8F087002006B0BDE8F04702F077
:1023F000FBBD00BFAFF30080000000000000000044
:10240000D0A4BE726937663EF16BD2C541BDBB3EFA
:102410002CDE25AF6A56113F93BDBE166CC1663FD8
:102420003E5555555555C53FEF39FAFE422E86406B
:1024300051302DD5104987C0FE822B654715F73FD7
:102440000000E0FE422EE63F763C7935EF39EA3D6A
:102450009C7500883CE4377E412E8640FFFFEF7F6D
:10246000422ED63FFFFFEF3D0000F03F08910308EA
:10247000B1A2F03FF8900308E890030806F57A73DC
:1024800001EB035100224FF0B873D5F775FF41EC13
:10249000100B06B0BDE8F087384606B0BDE8F0473F
:1024A00002F09ABD000000002DE9F04F51EC100B36
:1024B000B1F5801F87B00C4680F2838021F0004385
:1024C000034300F029810029C0F2BC81D84B0022CF
:1024D000D5F752FFD74B0C469C426FF0350C75DC9C
:1024E0002215C4F3130404F51523A2F2FF3203F6F8
:1024F0006473624403F4801302EB135583F07F533B
:1025000083F4401343EA04010022CB4B0195D5F735
:102510007BFDA31CC3F31303022B82468B464FF0B3
:1025200000025CDC0023D6F78FF9002840F0FF8022
:10253000ABA3D3E9002350465946D5F71DFF024609
:102540000B460020BD49D5F75FFD524606460F46B3
:102550005B4650465946D5F70FFF0B4602463946B3
:102560003046D5F709FF019B54465D4680468946B3
:10257000E3B10198D5F796FE9BA3D3E90023064665
:102580000F46D5F7F9FE9AA3D3E9002304460D467A
:1025900030463946D5F7F0FE02460B4640464946DE
:1025A000D5F732FD52465B46D5F72EFD02460B4667
:1025B00020462946D5F728FD41EC100B07B0BDE8B1
:1025C000F08F9C4B9C424FF0000C89DD02460B467D
:1025D000D5F71CFD41EC100B07B0BDE8F08F4FF0B4
:1025E0008043D5F713FD02460B4650465946D5F7B2
:1025F000EDFF804601988946D5F754FE4246CDE965
:1026000004014B4640464946D5F7B6FE06460F46FE
:1026100002460B46CDE90267D5F7AEFE76A3D3E9B5
:10262000002306460F46D5F7A7FE75A3D3E900237E
:10263000D5F7ECFC32463B46D5F79EFE72A3D3E9B4
:102640000023D5F7E3FC32463B46D5F795FE70A351
:10265000D3E90023D5F7DAFCDDE90223D5F78CFEB8
:102660006DA3D3E90023CDE9020130463946D5F701
:1026700083FE6BA3D3E90023D5F7C8FC32463B4663
:10268000D5F77AFE68A3D3E90023D5F7BFFC32461D
:102690003B46D5F771FEA4F5C22502460B46C4F5AC
:1026A000D724DDE90201D5F7B1FCA5F27A45513412
:1026B0002C43002C06460F4602460B4656DD5F4B68
:1026C000002250465946D5F757FE52465B46D5F78D
:1026D00053FE02460B4604460D4630463946CDE9C8
:1026E0000245D5F793FC4B464246D5F745FE019B84
:1026F00080468946002B40F0B0800B4602462946B2
:102700002046D5F781FC02460B4650465946D5F780
:102710007BFC41EC100B5FE70022002348490020BE
:10272000D5F754FF41EC100B07B0BDE8F08F002D3A
:1027300000F0AE802846D5F7B5FD2BA3D3E90023E2
:1027400006460F46D5F718FE29A3D3E90023044611
:102750000D4630463946D5F70FFE02460B46204659
:102760002946D5F753FC41EC100B35E75046594646
:10277000D5F74AFC4B464246D5F7FEFD019B544631
:102780005D4680468946002B3FF410AFDDE90445E5
:1027900015A3D3E9002320462946D5F7EDFD14A360
:1027A000D3E9002306460F4620462946D5F7E4FD27
:1027B00002460B4640464946D5F726FC52465B4644
:1027C000D5F722FC02460B4630463946D5F71CFCAD
:1027D00041EC100B07B0BDE8F08F00BFAFF30080F5
:1027E000555555555555D53F0000E0FE422EE63F64
:1027F000763C7935EF39EA3D44523EDF12F1C23F73
:10280000DE03CB966446C73F599322942449D23FB6
:10281000935555555555E53F9FC678D0099AC33F06
:10282000AF788E1DC571CC3F04FA97999999D93F1D
:1028300000005043FFFFEF7F0000F03F0000E03F4B
:10284000000050C302460B46D5F7DEFB00220023F2
:10285000D5F7BCFE41EC100BBEE6DDE9044510A344
:10286000D3E9002320462946D5F786FD0EA3D3E9F8
:10287000002306460F4620462946D5F77DFD4246F1
:102880004B46D5F7C3FB02460B46DDE9020193E751
:102890009FED010BA0E600BF00000000000000005B
:1028A0000000E0FE422EE63F763C7935EF39EA3D06
:1028B0002DE9F04F59EC118B29F0004358EA030041
:1028C00055EC104B93B012D123196B4985F40022BB
:1028D00052419842914122D242464B4620462946D7
:1028E000D5F794FB41EC100B13B0BDE8F08F6349B2
:1028F00025F0004088422F468346A24614D907F1AE
:10290000404303F5801353EA0A03E5D14246921887
:10291000594889F40021494193428841DCD39FED15
:10292000540B13B0BDE8F08F4E46424612D08B4296
:10293000E5D8014653D0002F14DB002A40F08480F4
:102940004F48834240F05684002EC0F2158545EC76
:10295000104BC9E7002CBFD18342BDD800F05A8488
:102960000146E8E74748834200F2A4834648834291
:1029700000F2A683002A40F0F183B6F1804F00F008
:102980000885009245EC104B0493029100F084FFFF
:102990000299049BBAF1000F33D00098FA0F013A64
:1029A000104361D000980138104300F07E839FED02
:1029B000307B8DED067BB3F1844F69D9334A934266
:1029C000314B40F23A849B4500F20B85002EC0F259
:1029D0000B85002013B0BDE8F04F02F0FDBA002ACD
:1029E0008DD100F1404303F58013234397D0264B4C
:1029F0009B4540F29984002EC0F21F8549EC108B54
:102A000072E71F4A27F04040904202D0BBF1000F0E
:102A1000C3D1002EC0F27E84002FBFF665AF009AAE
:102A20000BF1404303F58013134340F0BC8453EC97
:102A3000102B10461946D5F7E7FA02460B46D5F794
:102A4000C5FD41EC100B4FE70022009245EC104B06
:102A50000493029100F020FF0299049BBAF1000F49
:102A6000CFD0FA0F013A9DE722462B46E1E700BF9F
:102A7000000000000000F03F0000F0FF0000F07FC9
:102A80000000F03FFFFF3F43FFFFEF3F0000F04338
:102A9000CD4B3B40002253B951EC100BCB4BD5F73B
:102AA0006BFC41EC100B10EE901A6FF034020B151A
:102AB000A3F2FF339E18C64BC1F3130141F07F54BC
:102AC000994244F4401440F3AA83C24B994240F324
:102AD00078849FEDA77B8DED0E7B9FEDA77B8DED21
:102AE000047B9FEDA37B8DED107B0136A4F5801454
:102AF000002553EC102B92465046DDE90423214675
:102B0000D5F782FAA346DDE90423CDE90A01504650
:102B10002146CDE908ABD5F779FA02460B460020ED
:102B2000AD49D5F753FD0A460146CDE90C121346CF
:102B30000246DDE90A01D5F71FFC0A460146CDE948
:102B40000012DDE900BC0021CDE902BC02919DED3F
:102B5000027B63105CEC17BB43F0005303F50023CA
:102B6000DA460020591904460D4602460B465046E7
:102B70006146E346D5F700FC02460B46DDE90A0153
:102B8000D5F742FADDE90423CDE90A0120462946BA
:102B9000D5F73AFA02460B46DDE90801D5F734FAD3
:102BA00052465B46D5F7E8FB02460B46DDE90A01D3
:102BB000D5F72AFADDE90C23D5F7DEFBDDE9004580
:102BC000CDE9040122462B4620462946D5F7D4FB01
:102BD0006BA3D3E9002304460D46D5F7CDFB6AA3CA
:102BE000D3E90023D5F712FA22462B46D5F7C4FBCA
:102BF00067A3D3E90023D5F709FA22462B46D5F778
:102C0000BBFB65A3D3E90023D5F700FA22462B4688
:102C1000D5F7B2FB62A3D3E90023D5F7F7F9224633
:102C20002B46D5F7A9FB60A3D3E90023D5F7EEF92E
:102C30002246CDE908012B4620462946D5F79CFBC4
:102C400002460B46DDE90801D5F796FB52460446DD
:102C50000D465B46DDE90001D5F7D8F9DDE904232F
:102C6000D5F78AFB22462B46D5F7D0F952460446C3
:102C70000D465B4650465946D5F77EFB574B002222
:102C8000CDE90A01D5F7C2F922462B46CDE9084520
:102C9000D5F7BCF900240D4622462B46504659462E
:102CA000D5F76AFB4D4B82468B46002220462946CB
:102CB000D5F7AAF9DDE90A23D5F7A6F902460B46AE
:102CC000DDE90801D5F7A0F9DDE90023D5F754FBCC
:102CD00022462B46CDE90001DDE90401D5F74CFB86
:102CE00002460B46DDE90001D5F790F9CDE9040174
:102CF00002460B4650465946CDE900ABD5F786F95A
:102D0000DDE902AB2AA3D3E9002350460D46D5F7EF
:102D100033FBDDE90023CDE9020129465046D5F712
:102D200073F902460B46DDE90401D5F76DF922A3DC
:102D3000D3E90023D5F720FB21A3D3E90023CDE974
:102D4000000129465046D5F717FB02460B46DDE940
:102D50000001D5F75BF9DDE91023D5F757F9CDE987
:102D600000013046D5F79EFA3AE000BFAFF300808D
:102D70000000000000000000000000000000F03F24
:102D8000EF4E454A287ECA3F65DBC9934A86CD3F50
:102D900001411DA96074D13F4D268F515555D53F36
:102DA000FFAB6FDBB66DDB3F033333333333E33FCE
:102DB000000000E009C7EE3FFD033ADC09C7EE3F23
:102DC000F5015B14E02F3EBE0000F07F00004043A1
:102DD0008E98030079B60B000000F03F0000084019
:102DE000DDE9002304460D46DDE90201D5F70EF9C1
:102DF000DDE90E6732463B46D5F708F922462B46F9
:102E0000D5F704F922462B4650468B46D5F7FCF8F9
:102E100032463B46D5F7F8F8DDE90223D5F7F4F85A
:102E200002460B46DDE90001D5F7EEF8CDE90201D7
:102E30000023CDE900890093DDE9004540462246A4
:102E40002B464946D5F7E0F852465B46D5F794FA4B
:102E50005646424682464B465F468B46DDE90201B6
:102E6000D5F78AFA02460B4650465946D5F7CEF8B2
:102E7000224682468B462B4630463946CDE902AB88
:102E8000D5F77AFA804689464B465046594642461F
:102E9000D5F7BCF8D24B994204460D460E4640F396
:102EA0003D8101F13F4303F5E003034340F0AA8273
:102EB000B7A3D3E90023DDE90201D5F7A7F842461D
:102EC00082468B464B4620462946D5F79DF802465A
:102ED0000B4650465946D5F7DFFC002840F0928259
:102EE0004FF400733344C3F30A52BE4CA2F2FF32D4
:102EF000C3F31301144141F48011C2F1140241FAE9
:102F000002F5002E04EA03010B464FF00000B8BFA3
:102F1000694204950246B8BF049140464946D5F738
:102F200073F8049B1B05009302460B4680468946B6
:102F3000DDE90201D5F76AF80D46002496A3D3E92E
:102F4000002320462946D5F717FA424606460F4683
:102F50004B4620462946D5F757F802460B46DDE991
:102F60000201D5F751F88EA3D3E90023D5F704FA6F
:102F70008DA3D3E900238046894620462946D5F70C
:102F8000FBF902460B4640464946D5F73FF88046D6
:102F9000894602460B4630463946D5F737F8324661
:102FA0003B4604460D46D5F72FF802460B464046F1
:102FB0004946D5F729F8224606460F462B462046B5
:102FC0002946D5F7D9F97AA3D3E900238046894663
:102FD000D5F7D2F978A3D3E90023D5F715F84246FF
:102FE0004B46D5F7C9F976A3D3E90023D5F70EF8F8
:102FF00042464B46D5F7C0F973A3D3E90023D5F772
:1030000003F842464B46D5F7B7F971A3D3E900233D
:10301000D4F7FCFF42464B46D5F7AEF902460B46C5
:1030200020462946D4F7F0FF8046894602460B46E3
:1030300020462946D5F7A0F9002282468B46404615
:1030400049464FF08043D4F7DFFF02460B46504617
:103050005946D5F7BBFA3246804689463B4620465C
:103060002946D5F789F932463B46D4F7CFFF0246C9
:103070000B4640464946D4F7C7FF22462B46D4F7B5
:10308000C3FF02460B4600205749D4F7BDFF009A04
:103090008B18B3F5801FC0F2AD811946DDE9062318
:1030A000D5F76AF941EC100B1EE49FED4B7B8DEDDB
:1030B000067B80E4002A00F0BC8102220092C5E475
:1030C0001815A0F2FF30142840F33B81C0F1340002
:1030D00022FA00FC0CFA00F0904200F0B281002AC3
:1030E0003CD1B6F1804F00F0548145EC104B00917B
:1030F000029300F0D1FBBAF1000F7FF4B5AC3A4A6D
:1031000027F04040904200F0DF815A460099029B30
:10311000002A00F0D381002200923EE4DFF8D0C004
:1031200021F00043634540F21E81304BCB1803432E
:103130000AD142464B46D4F767FFDDE90223D5F7B3
:10314000A1FB00283FF4CCAEDDE9060100220023FC
:10315000D5F784FB003818BF01203BE445EC104B49
:103160000293009100F098FBBAF1000F7FF47CAC61
:103170001D4A27F04040904200F078810099029B60
:10318000BBF1000F00F0C180CDF800A005E400BF46
:10319000FE822B654715973C00000000432EE63F5A
:1031A000EF39FAFE422EE63F396CA80C615C20BE76
:1031B000D0A4BE726937663EF16BD2C541BDBB3E3D
:1031C0002CDE25AF6A56113F93BDBE166CC1663F1B
:1031D0003E5555555555C53F000000000000F0BF55
:1031E000FFFF8F400000F0FF0000F03F00346F3F12
:1031F000FFCB9040B6F1804F00F0CB80A0F580105F
:1032000086427FF4BEAB45EC104B13B0BDE8F04FE7
:10321000FEF74ABD002A7FF45FABFFF7E8BB9FEDE6
:10322000B67B8DED0E7B9FEDB67B8DED047B9DED2A
:103230000E7B00258DED107B5BE49B45C0F0EC80A0
:10324000BF4B9B454FF0000200F2048151EC100B84
:10325000BB4BD4F7D9FEACA3D3E9002304460D46FB
:10326000D5F78AF8AAA3D3E9002306460F462046DD
:103270002946D5F781F8B34BCDE90001002220465D
:103280002946D5F779F802460B46A3A1D1E90001FA
:10329000D4F7BAFE22462B46D5F76EF802460B4607
:1032A0000020A949D4F7B0FE224682468B462B4621
:1032B00020462946D5F760F802460B465046594647
:1032C000D5F75AF896A3D3E90023D5F755F8024667
:1032D0000B46DDE90001D4F797FE02460B46044693
:1032E0000D4630463946D4F791FE002032463B4623
:1032F00082468B46D4F788FE02460B462046294676
:10330000D4F782FECDE9020192E55E45CDF800B02A
:10331000BFF685AB53EC102B89490020D5F756F941
:1033200041EC100BFFF778BB002E9FED730BBFF63F
:10333000DBAA09F1004300EE108A00EE903AFFF795
:10334000D3BA002A7FF40AAFC0F1140043FA00FC9C
:103350000CFA00F0984200F08F80794883423FF4E5
:10336000F3AAFFF70ABB784A934200F29380DDE9A3
:10337000001200910491E0E57149002022462B469D
:10338000D5F724F941EC100BFFF7AEBAB6F1804F38
:103390004FD122462B4620462946D4F7EDFF41EC7B
:1033A000100BFFF7A1BA009B012B7FF49DAA10EE32
:1033B000901A10EE102A01F1004343EC102BFFF796
:1033C00093BA9FED597B8DED0E7B9FED597B8DED73
:1033D000107B9FED597B4FF480258DED047BFFF72B
:1033E00088BB002E7FF7F5AA002013B0BDE8F04F90
:1033F00001F0FABD41EC100B049801F031FD51ECE5
:10340000100B4BE6DDE9060100220023D5F726FA72
:10341000003818BF0120E8E7DDE90601002200239B
:10342000D5F71CFA003818BF0120002EBFF6D2AA2B
:10343000DBE702220092FFF7A5BA9FED2F0BFFF703
:1034400053BA002AA2D00CF0010CCCF10202009277
:10345000FFF7FCBADDE906010023D5F7FFF90038D4
:1034600018BF0120002EC0DCFFF7B4BA002E19DB14
:10347000CDF800A0FFF7D3BA314A93423FF464AAD3
:10348000B6F1804F85D00CF0010CCCF10202009215
:10349000FFF778BA1B15A3F2FE334FF4801242FAFD
:1034A00003F31FE553EC102B25490020D5F78EF8C8
:1034B000CDF800A041EC100BFFF7B1BA5E4509DB77
:1034C000CDF800B0FFF7ABBA002E06DB0023009367
:1034D000FFF7A5BA002300931CE753EC102B184903
:1034E0000020D5F773F8002341EC100B0093FFF791
:1034F00096BA00BFAFF3008000000000000000009B
:10350000000000000000F03F000000604715F73F9A
:1035100044DF5DF80BAE543E555555555555D53FD6
:10352000FE822B654715F73F0000004003B8E23FDD
:1035300006D0CF43EBFD4C3E000000000000F83FFA
:103540000000F03F0000D03F0000E03F000000001E
:103550002DE9F84F55EC104BC54B25F000469E4227
:10356000A8460DD9C34B9E4200F2B68000F0B18050
:10357000B8F1000F40F3F4809FEDA10BBDE8F88F88
:10358000BD4B9E4200F2C380A3F1DE739E4240F227
:10359000AD804FF0FF3B22462B4620462946D4F70C
:1035A000EBFE02460B4681468A46D4F7E5FE96A31B
:1035B000D3E9002306460F46D4F7DEFE94A3D3E9F1
:1035C0000023D4F723FD32463B46D4F7D5FE92A321
:1035D000D3E90023D4F71AFD32463B46D4F7CCFE9C
:1035E0008FA3D3E90023D4F711FD32463B46D4F72D
:1035F000C3FE8DA3D3E90023D4F708FD32463B4632
:10360000D4F7BAFE8AA3D3E90023D4F7FFFC4A46D5
:103610005346D4F7B1FE88A3D3E9002381468A46F6
:1036200030463946D4F7A8FE85A3D3E90023D4F762
:10363000EBFC32463B46D4F79FFE83A3D3E900233D
:10364000D4F7E2FC32463B46D4F796FE80A3D3E99A
:103650000023D4F7D9FC32463B46D4F78DFE7EA337
:10366000D3E90023D4F7D0FC32463B46D4F784FE9E
:1036700002460B4648465146D4F7C8FC22462B4624
:10368000D4F77AFEBBF1FF3F02460B466CD07B4B72
:103690007B4E03EBCB03D3E90023D4F7B5FC2246E2
:1036A0002B46D4F7B1FC06EBCB0602460B46D6E917
:1036B0000001D4F7A9FCB8F1000F41EC100B13DAAC
:1036C00010EE901A024601F1004343EC102BBDE8C6
:1036D000F88F002C3FF44CAF22462B46204629465B
:1036E000D4F794FC41EC100BBDE8F88F5CA3D3E950
:1036F000002320462946D4F789FC624B0022D5F7E7
:10370000CBF800283FF445AF45EC104BECE700F058
:10371000C3F85D4B9E4255EC104B2DD8A3F55023BA
:103720009E4254D822462B4620462946D4F76EFCAA
:10373000544B0022D4F768FC002206460F46204670
:1037400029464FF08043D4F761FC02460B463046D1
:103750003946D4F73BFF4FF0000B04460D461AE7FD
:103760009FED410BBDE8F88F20462946D4F74CFC6D
:1037700041EC100BBDE8F88F444B9E421CD2444BE9
:10378000002220462946D4F73FFC414B06460F460F
:10379000204629460022D4F7EFFD3A4B0022D4F709
:1037A00035FC02460B4630463946D4F70FFF4FF042
:1037B000020B04460D46EEE622462B463549002014
:1037C000D4F704FF4FF0030B04460D46E3E62D4B00
:1037D000002220462946D4F717FC2A4B06460F46FE
:1037E000204629460022D4F711FC02460B463046FB
:1037F0003946D4F7EBFE4FF0010B04460D46CAE6FE
:10380000182D4454FB21F93F11DA22E33AAD903FE1
:10381000EB0D76244B7BA93F513DD0A0660DB13F07
:103820006E204CC5CD45B73FFF8300922449C23F6F
:103830000D5555555555D53F2F6C6A2C44B4A2BF34
:103840009AFDDE522DDEAD3F6D9A74AFF2B0B33FFC
:10385000711623FEC671BC3FC4EB98999999C93F74
:103860009C7500883CE4377E182D4454FB21F9BF39
:10387000FFFF0F440000F07FFFFFDB3F18910308BC
:10388000389103080000F03FFFFFF23F0080034043
:103890000000F83F0000F0BF10EE901A53EC102B20
:1038A00021F0004343EC102B704700BF10EE103A9C
:1038B00023F00043B3F1485F2CD2FDEEC07A17EE3F
:1038C000903A002B60D060EE007A9FED317A9FED48
:1038D000315ADFED315A9FED316ADFED316AA7EEE3
:1038E000875A9FED307AE7EE855AA7EEA56AA7EED4
:1038F000867AE7EE876A66EEA76A60EEC00AB6EEE1
:10390000007AE7EEA60AB7EE000AD7EE870A30EE95
:10391000600A704760EE007A9FED1D7A9FED1D5A98
:10392000DFED1D5A9FED1D6ADFED1D6A1E4AA7EEF1
:10393000875A93429FED1B7AE5EE275AA5EEA76AB8
:10394000A6EE277AE7EE276A66EEA76AD5D9174A68
:10395000934214D803F17F4307EE103AB7EE006AA2
:1039600036EE476A60EEC00AF6EE005A97EEA57A88
:10397000E7EEA60A37EE607A36EE470A7047B6EEF3
:10398000076AB5EE027AEDE7B7EE000A704700BFAE
:103990004ED747ADF6740F317CF293B4010DD0379A
:1039A000ABAA2A3D610BB6BA9999993E0000483FEF
:1039B00010EE103A23F00043B3F1485F04D2FDEE5D
:1039C000C07A17EE903A5BB360EE007A9FED157AFD
:1039D000DFED155A9FED156ADFED156AE7EE875AA0
:1039E0009FED147AA5EEA76A20EE275AE6EE276A25
:1039F000A6EEA77A30B9DFED106AE7EE876AA6EE89
:103A0000850A704727EE457AF6EE006AA0EEA67AA0
:103A1000DFED0A6AD7EE270AE5EE260A30EE600AE5
:103A2000704700BFD3C92E2F342FD7B21BEF3836C3
:103A3000010D50B98988083CABAA2ABEABAA2A3E20
:103A400008B510EE103A23F00042B2F1465FF0EEF6
:103A5000407A0FD2BDEEC07A17EE101AF9B9431CA6
:103A6000134300F09E80012803D0BFEE007A87EE5A
:103A7000270A08BD4E498A4211D39FED4E7ADFEDE9
:103A80004E6A002BBCBFF1EE600AF1EE407A77EE91
:103A9000677A36EEE07ADFED490A77EE277A67EE4D
:103AA000A76ADFED474ADFED475A9FED475A9FED82
:103AB000476A3F4926EEA67A8A42E7EE245AA7EEE5
:103AC000056ADFED434A9FED435AE5EE874AA6EECD
:103AD000075ADFED415A9FED416AE4EE875AA5EEA1
:103AE000076ADFED3F4A9FED3F5AE5EE874AA6EEB3
:103AF000075A9FED3D6ADFED3D5AA4EE876AE5EE79
:103B0000075AB0EE467AA5EEA67A27EEA65AB0EE90
:103B1000606AA7EE056ADFED364AE6EE260AE5EEB4
:103B2000240A37EEA00A1ED20128A2D0BFEE007AE6
:103B3000C7EE006A10EE103A6FF30B0306EE103A70
:103B400016EE903A76EE677A6FF30B0300EE103ABA
:103B500070EEE70AF7EE007AE6EE007AE0EE807AA1
:103B6000A7EEA60A08BD07EE100AF8EEC76A20EE17
:103B7000007A30EE260A9B1787EE006A03F00203F4
:103B8000C3F10103F0EE005A36EE606A07EE103A18
:103B900077EEC67AB8EEC77AE7EEE56A26EE870AD0
:103BA00008BDFDF7F3FFB7EE007A87EE000A08BD07
:103BB00040A12C3FDA0F493F68212233000000006A
:103BC0005FAE9BB745F4A3388453D9377AC0953894
:103BD000C8261A3AB937813916696B3B48DEBE3AB6
:103BE000A427B33C1F37113C8988083ED10D5D3DA9
:103BF000ABAAAA3E10EE102A22F00043B3F17E5F7A
:103C000000F0918000F28880B3F17C5F0FD2B3F1B5
:103C1000485F80F0A380DFED6C7A70EE277AB7EE14
:103C2000007AF4EEC77AF1EE10FA00F3948000B552
:103C300087B0CDE90423FDF7A9FFF7EE006A76EE21
:103C4000C07AB6EE007A67EE877ADFED605A9FEDB4
:103C5000607A9FED606A9FED605ADFED604ACDEDBE
:103C6000027AE7EE875A9FED5E7AA5EEA76AA7EE85
:103C7000857AE6EE274A9FED5B5ADFED5B5A9FEDB2
:103C80005B6AA7EE275AE4EEA75AA5EE276A9FEDD6
:103C9000587AA5EEA77AE6EE276A27EE277AB0EEE5
:103CA000670ACDED036A8DED017AFEF7F5F851490B
:103CB000059B9DED017ADDED036ADDED027A049A44
:103CC0008B42C7EE265A39D810EE103A6FF30B0329
:103CD00006EE103AE6EE467A30EE067ADFED466AF8
:103CE000C7EE874AB0EE005AE4EEC56A9FED437A0C
:103CF00030EE000AF0EE477AE6EE457AD0EE256A1D
:103D000076EEE76A37EE667A002A01DCB1EE477A92
:103D1000B0EE470A07B000BD70EE407A87EEA77A92
:103D2000B0EE470A70479FED347ADFED357A20EE2A
:103D3000077AA0EE277AB0EE470A7047A0EE250A70
:103D4000DFED307A9FED2E7AF0EE006AE0EE267A13
:103D500037EE677AD8E7B0EE407AE1E760EE007AB6
:103D60009FED1B7ADFED196A9FED1A6ADFED1A5A93
:103D70009FED1A5AE7EE876A9FED197AA6EEA76AB9
:103D8000A7EEA57AA6EE275ADFED166ADFED165AE2
:103D90009FED166AE7EE276AE5EE275AA6EEA76AB8
:103DA0009FED137AA5EEA77AF7EE006AE6EE276A92
:103DB00067EE277AB0EE407A87EEA66AA0EE067A22
:103DC000B0EE470A704700BFCAF24971047F4F3A0C
:103DD00008EF1138461124BD2EC69D3DA80A4E3E5F
:103DE000613330BF2D57014090B0A6BE39D119C004
:103DF000ABAA2A3E9999793F2EBD3BB3DB0F493FD1
:103E0000DB0FC93F2EBD3B3310EE903A23F000414B
:103E1000B1F1FF4FF0EE407A33D810EE10CA2CF01B
:103E20000040B0F1FF4F2CD8B3F17E5F3DD09A1720
:103E300002F0020242EADC7230B371B3B1F1FF4F1B
:103E40003ED0B0F1FF4F35D000B5401AB0F1F45F6D
:103E500083B04FEAE0512ADA002B3EDA3C313CDAFB
:103E60009FED310A012A41D0022A46D03AB19FED96
:103E70002F7ADFED2F7A30EE070A30EE670A03B0B3
:103E800000BD30EEA70A7047022A0BD09FED297AB9
:103E9000032A08BFB0EE470A70478C450DDB9FED43
:103EA000260A70479FED220A704700F0FDBE9FED85
:103EB000220AD7E7BCF1000FF1DA9FED200A704724
:103EC000B0F1FF4F02F1FF3220D0022A26D81C4B5E
:103ED00003EB820393ED000A704787EEA00A01927C
:103EE000FDF754FE00F0E0FE019ABBE710EE103A39
:103EF00003F1004300EE103AC1E79FED0C7ADFEDCD
:103F00000C7A30EE070A37EEC00AB8E7022A08D862
:103F10000C4B03EB820393ED000A70479FED020AFE
:103F200070479FED090A7047000000002EBDBB33AB
:103F3000DB0F4940DB0F49C0DB0FC93FDB0FC9BFB7
:103F40005891030864910308DB0F493F10EE103AC3
:103F500023F00042B2F1FF4F56D84FEAD37100F080
:103F600095806248834200F38780002BC0F28780EF
:103F70005F4B9A424BD95F4B9A4200F29A805E4B5C
:103F80005E4A03EB8103D3ED004A02EB810281F02C
:103F9000010370EE644AD2ED007A5B1A34EEE70A50
:103FA000DFED576A9FED575ADFED575A9FED576A7D
:103FB00020EE007AA7EE265ADFED556AE5EE075AA5
:103FC000E5EE876AA6EE876AF0EE406AE6EE476A9B
:103FD00020EE266A002B42D0B0EE007A37EE667AE9
:103FE000B7EE000AC6EE076A13F17D0F77EEE67AA8
:103FF00077EEE47A30EE670A4FDB10EE102A02EB20
:10400000C35300EE103A704730EE000A7047B2F129
:10401000505F0AD2DFED3F7A70EE277AB7EE007A72
:10402000F4EEC77AF1EE10FA5DDC60EE007A9FEDF7
:10403000347ADFED345A9FED346ADFED356AE7EE0E
:10404000875A9FED327AA7EEA56AE7EE866AA7EE59
:10405000A67AF0EE406AE7EEC76A20EE266AF0EE36
:10406000007A76EEE76AB7EE007AC6EE267A77EE49
:10407000C07A37EE670A7047002001F04DB8264B32
:104080009A427FF675AF002001F040B8DFED237A49
:10409000002918BFB0EE670A704710EE102A64338B
:1040A00002EBC353DFED1E7A00EE103A20EE270A32
:1040B00070471C4B9FED1C7ADFED1C6A03EB8103FC
:1040C000D3ED007AE0EE077A9FED197AFDEEE77AFC
:1040D000F0EE404A17EE903AF8EEE77AE7EEE64A5D
:1040E00067EE877A5AE730EE070A70471772B142D7
:1040F0001872B13E9115853F7891030870910308BD
:104100004CBB31330EEADDB555B38A38ABAA2A3E33
:10411000610B36BBCAF24971B5F1CF420000000015
:104120000000800D809103083BAAB83F8071313FA9
:10413000D1F7173710EE102A32F000432FD0002AA3
:10414000134633DBB2F1FF4F40DAB2F5000F34DB38
:104150004FF0000C6448C3F31601081800F4000285
:1041600082F07E520A43DB1500EE102A7F3B5F4A45
:10417000634401F10F0CF7EE007A0CEA020230EE14
:10418000670A03EBD05322BBB5EE400AF1EE10FAFA
:1041900062D1002B40F090809FED550A70479FED53
:1041A000557ADFED537A87EE270A704770EE407A32
:1041B0009FED4F7A87EE870A7047DFED4F7A60EE0A
:1041C000277A6FF0180C17EE903AC3E730EE000A2A
:1041D0007047F0EE007A70EE277A07EE103A80EE24
:1041E000274A4648C1F55712081802F522720243C1
:1041F000002A9FED433ADFED434ADFED435ADFEDFE
:10420000433A9FED435ADFED437ADFED436A24EEF4
:10421000046AF8EEC72A26EE067AE7EE034AA7EE0E
:10422000235AE4EE875AE5EE076AE5EE877A67EEF1
:10423000867AE6EE877A2ADDB6EE007A20EE077AF5
:1042400027EE007A77EE877A67EE847A3BBB37EE0B
:10425000677A30EE470A7047DFED307AB6EE007AC3
:10426000A0EE677A60EE007A27EE277A002BF0D076
:1042700007EE903A9FED2A6ADFED2A6AF8EEE77AB8
:10428000A7EEC67A37EE400A97EEA60A704770EEA0
:10429000677A67EE847AE3B930EE670A70479FED7C
:1042A000206ADFED206AE2EE867A37EE677A37EE33
:1042B000400A92EEA60A704707EE903A9FED180A60
:1042C0009FED187AF8EEE77A27EE800AA7EE870AC4
:1042D0007047DFED136A9FED137AE2EEE67A37EE70
:1042E000C00A92EE870A704720FB4A00F0FF7F0069
:1042F00000000000000000CC0000004C305CCFFF4C
:104300009788173E25333A3E2549923E4FD01C3EB2
:10431000298E633EABAA2A3FCDCCCC3EABAAAA3EA7
:10432000D1F717378071313F10EE902A32F00041FB
:1043300010EE103AF0EE407A08D183F480035B006F
:1043400013F5000F10D937EEA00A704723F0004094
:10435000B0F1FF4F0BD9B3F17E5FF4D182F480024C
:10436000520012F5000FEED8B7EE000A7047B1F117
:10437000FF4FF0D830B52DED028B002B87B0F0EE5B
:10438000606A054616DBB1F1FF4F00F00081B1F124
:104390007E5F00F03481B2F1804F00F06D81B2F1A8
:1043A0007C5F40F04A8107B0BDEC028BBDE8304035
:1043B000FDF772BDB1F1974F80F0F580B1F17E5FEE
:1043C00080F02A81B2F1804F00F05681B2F17C5F1B
:1043D00000F05E82CDE9022100908DED010A8DEDA5
:1043E000040ACDED050AFDF7D1FB0098DDED017A59
:1043F000049BDDED056AB0F1FF4FDDE902214FF0CE
:10440000000400F0EA80002800F03C81B0F17E5FFB
:1044100000F038814FEAD37C0CF1FF3C54EA0C0EDB
:1044200000F03381B1F19A4F40F25481994B984298
:1044300040F27682984B984200F28582F7EE007A3D
:1044400070EE670A9FED956A9FED957ADFED955ABC
:10445000F5EE007AA0EEE76AF6EE007AE6EE607A14
:1044600020EEA05A9FED906A67EE857A27EE677A74
:10447000A0EE867AB0EE476AA0EEA56A16EE103A74
:104480006FF30B0306EE103AF0EE467AE0EEE57AB3
:1044900037EE677A6FF30B0207EE902A27EE267A43
:1044A00076EEE75A66EE277AA5EE867A631E53EA21
:1044B0000C03FFEE005A77EE276AB7EE006A16EE9D
:1044C000902A18BFF0EE465A002A22F0004340F32B
:1044D000F481B3F1864F00F27D8200F06182B3F186
:1044E0007C5F00F24382002318466FF30E0206EE53
:1044F000102ADFED6E6A9FED6E3ADFED6E1A9FEDCA
:104500006E4A9FED6E5A76EE677AF0EE002A37EE2D
:10451000677A66EE267ADFED6A6AE7EE267AB7EE0C
:10452000000AB0EE677AA6EE037AB0EE472A67EE8D
:10453000076AA6EE432A9FED636AA6EEA16A77EEAC
:10454000C27AA6EE264A9FED606AA4EE266AE7EEDE
:10455000277AA6EE265AB0EE476AA5EE666A27EEDF
:10456000065A36EE626AC5EE066A76EEE77A77EEAE
:10457000C77A30EE670A10EE102A1344B3F5000F25
:10458000C0F2D88100EE903A20EEA50A07E0B0F123
:104590007E5F74D03BD9002A36DBB0EE660A07B0E6
:1045A000BDEC028B30BDB1F1FF4FF0D0CDE9001072
:1045B000CDE902238DED050ACDED040AFDF7E6FAFB
:1045C00001980224B0F1FF4FDDE902230099DDEDEF
:1045D000046ADDED057A7FF416AF002A05DAF7EEFE
:1045E000007A87EE800A002BD9DAA0F17E502043B2
:1045F00000F03181012CD2D1B1EE400ACFE7002A80
:1046000035DBB0EE670ACAE79FED300AC7E7002A3C
:10461000FADAB1EE660AC2E74FEAE15CCCF1960C39
:1046200041FA0CFE0EFA0CFC8C4500F01981B1F138
:104630007E5FE4D0B2F1804F1ED0B0EE670ACDE9C4
:104640000323CDE90110CDED056ACDED007AFDF72C
:104650009DFA0298B0F1FF4FDDE903234FF000040B
:1046600010D0DDED007A0199DDED056ACBE6B7EEFD
:10467000007A87EE270A92E727EEA70A8FE7B7EEC0
:10468000000A8CE7002AAADBADE777EEE77A87EE2F
:10469000A70A84E7F3FF7F3F0700803FABAAAA3E4B
:1046A0003BAAB83F00AAB83F70A5EC368CBEBF3518
:1046B0000072313F4CBB313355B38A38ABAA2A3E26
:1046C0001872313F0EEADDB5610B36BB0000000009
:1046D0000000804B13F0FF4F40F020815FED047A23
:1046E00060EE277A6FF0170317EE905AE915DFF89E
:1046F00044E37F391944C5F31603734543F07E50F4
:1047000040F30381DFF830E3734540F326819FEDEA
:10471000B94A0131B0EE448AA0F50000F7EE000A74
:104720004FF0000E04EE900A74EEA07AB7EE007A15
:1047300087EE270AB04B03EA600343F0005303F50A
:104740008003734434EEE06A07EE901A66EE001AB6
:10475000B8EEE77ADFEDA92A9FEDA93ADFEDA93A95
:104760009FEDA95ADFEDA95A9FEDA91A61EEA17A32
:10477000B0EE082AA7EEA23AE3EE273AA3EEA75A34
:10478000E5EE275A27EEA75AA5EEA71A07EE903AAC
:1047900011EE903A6FF30B0303EE103AA3EE676A43
:1047A000F0EE465A37EEE06A71EE837A74EEC63A5E
:1047B000B0EE656AA3EE636AF0EE424A26EE006A46
:1047C000E3EE034A67EE867ADFED920ADFED923A76
:1047D000E5EE017A9FED911A74EEA75A15EE903A24
:1047E0006FF30B0305EE903A35EEC25AA3EE435A2F
:1047F00077EEC57A67EEA17AE6EE257AB0EE675AD3
:10480000A3EE255A15EE103A6FF30B0305EE103A9E
:10481000B0EE456AA3EE656A77EEC67A67EEA07AD7
:10482000E5EE017A77EE887AB0EE676AA5EE236A44
:1048300036EE046A36EE076A16EE103A6FF30B0393
:1048400006EE103A36EE477A37EE447AA5EE637AF2
:1048500037EEC77A1EE670EE407A87EEA70A9EE62C
:10486000B1F17E5F3FF4CBAEB2F1804F3FF404AFC5
:104870000EF0010ECDE90010CDE902238DED050A01
:10488000CDED040ACEF10204FDF780F9019899E616
:1048900001908DED000AFDF779F90198B0F1FF4F15
:1048A0003FF47DAEDDED007A00283FF478AEB0F144
:1048B0007E5F7FF4EAAE002497E659498B4200F20E
:1048C00091807FF40CAE76EEE76AF4EEC76AF1EE03
:1048D00010FA80F2878002F50042524BC2F3C751B2
:1048E0007F39C2F316000B4140F40000C1F11701FB
:1048F00013400841404206EE903A77EEE67AC3054F
:1049000077EE276A16EE902AEFE59FED3A4AF7EE2A
:10491000000AB0EE448A4FF0000E03E70023E5E6FC
:10492000002A12DB002007B0BDEC028BBDE830404E
:1049300000F0ECBBCDED005A00F05EFBDDED005A5F
:10494000F0EE400A20E6002AECDD002007B0BDECC6
:10495000028BBDE8304000F0DFBB9FED334A9FED96
:10496000338AF7EE080A4FF4001EDBE6DB157E3BC8
:104970004FF40001194111442A4BC1F3C75CACF15B
:104980007F0CC1F3160043FA0CF340F40000CCF1A5
:10499000170C002A40FA0CF003EA0103ABDAA9E78E
:1049A0009FED236A76EEE76A37EE066AB4EEE66AB2
:1049B000F1EE10FA0EDC02F500421A4BD1157F39E8
:1049C000C2F316000B4140F40000C1F1170113407F
:1049D000084190E7F5EEC05AF1EE10FA4CBF012005
:1049E0000020B3E7F5EEC05AF1EE10FA4CBF0120FB
:1049F000002098E70000000000F0FFDF42F1533E86
:104A000055326C3E05A38B3EABAAAA3EB76DDB3E8A
:104A10009A99193F4F38763F0040763FC623F6B843
:104A200000001643000080FF00C0153FDCCFD135E9
:104A30003CAA383371C41C00D6B35D0010B510EE2B
:104A4000104A8B4A24F00043934288B070D9894AB7
:104A5000934222D824F00043002C9FED877A874AA6
:104A600023F00F0340F3EB80934270EE477A09BFC7
:104A70009FED837ADFED836ADFED836A77EEC77A95
:104A800037EEE67A77EEC77A80ED007A77EEE67A4F
:104A9000C0ED017A012008B010BD7C4A9342014666
:104AA00054D9B3F1FF4F4AD2DA15863AA3EBC25379
:104AB00007EE903ABDEEE77ADFED756AB8EEC77A99
:104AC00077EEC77A8DED057A67EEA67ABDEEE77AC6
:104AD000B8EEC77A77EEC77A8DED067A67EEA67ADA
:104AE000F5EE407AF1EE10FACDED077A40F09280C3
:104AF000B5EE407AF1EE10FA40F08E800123654861
:104B000001900220009005A8029100F00BFB002C00
:104B10000299C0DA91ED007AD1ED017AB1EE477ACF
:104B2000F1EE677A81ED007AC1ED017A4042B2E799
:104B3000002380ED000A4360002008B010BD70EE35
:104B4000407AC0ED017AC0ED007AF5E7CDE9023098
:104B5000FDF71CF89FED507A9FED476AF6EE007A5C
:104B6000E0EE077ADDE90231FDEEE77A9FED457A66
:104B7000F8EEE76A17EE900AA6EEC60A1F2866EE60
:104B8000877A30EE677A20DCDFF818C100F1FF3E4B
:104B900024F000425CF82EC022F0FF02624514D0DF
:104BA00081ED007A30EE470A002C30EE670A81ED85
:104BB000010ABFF670AFB1EE477AB1EE400A81ED5F
:104BC000007A81ED010A404265E717EE102AC2F330
:104BD000C752C2EBD352082AE2DD9FED297ADFEDFE
:104BE0002A5AB0EE406AA6EEC76A70EE467AE6EE42
:104BF000C77AD6EEA57A36EE677A17EE102AC2F398
:104C0000C752C2EBE353192B08DCB0EE460A81ED24
:104C1000007AC7E7032372E7022370E79FED1F7A4C
:104C2000DFED1F5AB0EE460AA6EEC70A76EE407ACE
:104C3000E6EEC77AD6EEA57A30EE677AB0E7934211
:104C400070EE077A09BF9FED0E7ADFED0E6ADFED99
:104C50000E6A77EE877A37EEA67A77EEC77A80ED1E
:104C6000007A77EEA67AC0ED017A4FF0FF3012E7B6
:104C7000D80F493FE3CB1640800FC93FD00FC93F43
:104C8000004435374344353708A3852E800F494308
:104C9000000080430892030884F9223F00A3852E78
:104CA00032318D248891030810EE102A22F000433F
:104CB000B3F1A14FF0EE407A07D3B3F1FF4F56D8CE
:104CC000002A7CDD9FED530A704700B552498B42A4
:104CD00083B05BD8B3F1445F4CD34FF0FF3327EE82
:104CE000A76A9FED4E5A9FED4E7ADFED4E5ADFEDEB
:104CF0004E4A66EE066A591CA6EE857AE6EEA54A8D
:104D00009FED4A5ADFED4A5AA7EE265AE4EEA65A1C
:104D10009FED487ADFED484AA5EE267AE5EEA64AF1
:104D20009FED465ADFED465AA7EE265A9FED457A8B
:104D3000A4EEA67AE5EE265A27EE267AA5EE867A26
:104D400027EE277A42D04048404900EB8300D0ED5F
:104D5000006A37EE667A01EB8303D3ED006A37EE23
:104D6000677A002A36EEC70A2CDB03B000BD30EEAE
:104D7000000A70479FED367A30EE077AF7EE006A48
:104D8000B4EEE67AF1EE10FAA7DDEEE7CDE90032F7
:104D9000FCF7FCFE2F49009B019A8B421AD8A1F523
:104DA000D0018B422BD8F0EE007ABFEE007AA0EE55
:104DB000277A002330EE270AC7EE007A8FE79FEDAF
:104DC000260A7047B1EE400A03B000BD37EEC70AAD
:104DD00003B000BD21498B420BD8F7EE087AB7EE3D
:104DE000007AA0EE277A022330EE670AC0EE077A37
:104DF00075E7BFEE007AC7EE007A03236FE7F7EEA0
:104E0000007A30EE677A30EE270A0123C7EE007A87
:104E100065E700BFDB0FC93FFFFFDF3ED769853C79
:104E200059DA4B3D21A215BD6BF16EBD356B883D46
:104E300095879DBD6E2EBA3D388EE3BD2549123E45
:104E4000ABAAAA3ECDCC4CBE2095030830950308F2
:104E5000CAF24971FFFF973FDB0FC9BFFFFF1B403D
:104E60002DE918485CEC10BBCCF30A5304466146AC
:104E700093BB2CF0004151EA0B012BD0404B58461C
:104E800061460022D3F778FA3E4B9C4283468C461B
:104E90005BDBC1F30A53363B4CF25032944228DCC0
:104EA00004EB030E40F2FE739E4522DCBEF1000FC0
:104EB00039DC1EF1350F3FDB0EF1360E6FF31E515C
:104EC00041EA0E53194658462F4B0022D3F754FAA5
:104ED00041EC100BBDE8188840F2FF729342DBD121
:104EE0005A4663465846D3F791F841EC100BBDE89B
:104EF0001888BCF1000F1AA1D1E9000108DB18A342
:104F0000D3E90023D3F738FA41EC100BBDE8188839
:104F100015A1D1E9000112A3D3E90023D3F72CFA9C
:104F200041EC100BF2E76FF31E515A4641EA0E5363
:104F300043EC102BBDE81888BCF1000F0CA1D1E99F
:104F4000000102DA0CA1D1E9000109A3D3E9002391
:104F5000D3F712FA41EC100BBDE81888AFF30080CC
:104F60009C7500883CE4377E9C7500883CE437FEE5
:104F700059F3F8C21F6EA50159F3F8C21F6EA5813F
:104F800000005043B03CFFFF0000903C10B582B0E1
:104F90008DED000B044600F0E3FE9DED000B046078
:104FA00002B010BD00B5034683B051EC100B83B1C5
:104FB000024601F10043CDE90023DDE90023D3F7E8
:104FC000DBF941EC100B222003B05DF804EBFFF796
:104FD000DDBF02460B46EEE79FED010BFFF7E2BF98
:104FE00000000000000000109FED010BFFF7DABF8A
:104FF000000000000000007010EE103A33F0004195
:105000001A4625D0B1F1FF4F1FD213F0FF4F20D128
:10501000DFED297A294A60EE277A904217EE903A1E
:1050200031DB4CF2503CC3F3C75160451A46A1F145
:10503000190114DD002BDFED227A9FED210AB8BFA4
:10504000DFED207A27EE800A704730EE000A7047C5
:1050500070474CF2503C60454FEAD151EADC0844BD
:10506000FE28E7DC002815DC10F1160F19DB1930DB
:1050700022F0FF4242EAC05207EE902A9FED120A48
:1050800027EE800A7047DFED117A07EE103A27EE1F
:10509000270A704722F0FF4242EAC05300EE103A5E
:1050A0007047002BDFED097A9FED080AB8BFDFEDEE
:1050B000087A27EE800A70470000004CB03CFFFFE2
:1050C000CAF24971CAF249F1000000336042A20DF0
:1050D0006042A28D10B582B08DED010A044600F049
:1050E0003FFE9DED010A046002B010BD30B1F1EE4B
:1050F000407A27EE800A2220FFF7ECBFF0EE407ADC
:1051000027EE800A2220FFF7E5BF00BF9FED010ACE
:10511000FFF7ECBF000000109FED010AFFF7E6BFAC
:10512000000000702DE9F04F2DED048BDBB01C4624
:105130000393814613466898CB4A04F1FF381C1D3F
:1051400052F82050C0F26682DA1E48BF1A1DD210F3
:1051500004920132D2000692069A15EB0806A3EBE0
:1051600002021BD404989FEDC47A699F0136A0EB1C
:10517000080006441EAC9C460028A4BF57F8203007
:1051800007EE903A00F10100ACBFF8EEE77AF0EEDE
:10519000477AB042E4EC017AEED16346002DC0F2CA
:1051A000EC800398B8F1000F0DF58C7C464605EBBA
:1051B000000EB8BF0024C0F2D38003981EAF07EBE7
:1051C0008007840009EB8000DFEDAB7ABB46CA465E
:1051D000FAEC016A3BED017A8245E6EE877AF7D177
:1051E00001367645ECEC017A07F10407ECD109A809
:1051F000CDE9071300EB85000DF1280A9FED9B9A7E
:10520000DFED9B8A05904C440AEB8507AB4646AE22
:10521000019510460DEB8B03BBF1000F93ED460A91
:105220004FEA8B0515DD7319524660EE097AB0EE30
:10523000407AFDEEE77A73ED016AF8EEE77AB34261
:10524000A7EEE87A37EEA60ABDEEC77AA2EC017A9D
:10525000EBD10290FFF7D0FEB0EE408AB4EE000A28
:1052600028EE000AFCF71CFEF2EE007AA0EE678A38
:1052700002980028FDEEC89AF8EEE97A38EE678ABF
:105280007EDD0BF1FF31C0F108035AF821E04EFA40
:1052900003FC0CFA03F3AEEB030EC0F1070219EEA8
:1052A000903A4EFA02F26344002A09EE903A4AF824
:1052B00021E000F3FA80B5EE408AF1EE10FA70D1E9
:1052C000019B9B450CDD0AEB05030021944653F836
:1052D000042DBB4241EA0201F9D1002940F0468188
:1052E000019B013B0BF1010E5AF82330002B40F0DB
:1052F0003B81059B012153F8042D0131002AFAD08E
:105300005944049B03EB0B02039B5B440293699B90
:1053100003EB820B029B0DF1780C0CEB830C47AB7B
:105320001D44DBED017AF8EEE77AB8F1000F0BF1DE
:10533000040BECEC017ADFED507A09DB62464B4658
:10534000F3EC016A32ED017AA342E6EE877AF7D1F7
:105350000EF1010E8E45E5EC017AE2DD8B4659E750
:10536000701C7045CCF8004006F1020605D0B64529
:10537000CCF804400CF1080CF2D10398840036E715
:1053800000F0D980F6EE007AB4EEE78AF1EE10FA7A
:1053900080F22E81B5EE408AF1EE10FA4FF0000255
:1053A0008ED0CDE90220089B069A0799019D0191B4
:1053B000D01AB0EE480AFFF71FFE9FED2D7A019933
:1053C000039AB4EEC70AF1EE10FAC0F29781DFED4E
:1053D000277A60EE277A0BF10104FDEEE77A0832B6
:1053E000F8EEE77AA7EEC70AFDEEE77ABDEEC00A4F
:1053F00010EE103A4AF82B3017EE903A4AF8243063
:105400001046B7EE000A0191FFF7F6FD002C019956
:10541000B0EE407AC0F29D810AF1040347A8DFEDA7
:10542000136A03EB840300EB8400A2000DF58C7C6F
:1054300073ED017AF8EEE77A534567EE877A27EE47
:10544000267A60ED017AF3D1002D0DF1C80EC0F27D
:10545000998194442746F04600269146054ADFED9F
:10546000067A6046002311E06C9503080000803B3B
:10547000000080434095030800000000F2EC016A40
:10548000B0EC017A9D42E6EE877A03DB9E4203F19F
:105490000103F3DA013F7B1CC8ED007A7ED008F1EE
:1054A00004080136ACF1040CD8E70133BBF1000F5E
:1054B00009EE903A40F3438151464FF0000E51F807
:1054C000043B3BBB0EF1010EF345F8DC9E46002881
:1054D0000CDD012800F08380022807D10BF1FF3199
:1054E0005AF8213003F03F0C4AF821C0022A7FF419
:1054F000E2AEB7EE000A30EE488ABEF1000F3FF48C
:10550000DAAE09920290FFF777FD0298099A38EE19
:10551000408AD0E6C3F5807341F8043C04E00B6890
:10552000C3F1FF0341F8043B0EF1010EF345F6DC35
:105530004FF0010ECBE70BF1FF335AF82320D211C5
:10554000002A7FF7B8AE19EE903ABBF1000F03F1D5
:10555000010309EE903AAFDC022A7FF4ACAEF7EE1D
:10556000007A37EEC88AA6E67146CAE60BF1FF3428
:10557000A0F108025AF824300799CDF808C028464F
:10558000019D002B7FF43CAF034609A8034453F868
:10559000040D013C083A0028F9D031E74A46689BDF
:1055A000022B62DC002B3ADC10D10EF104035FED1C
:1055B0004E7A134433ED017A9E4577EE877AF9D11E
:1055C000029B002B40F0AB80C1ED007A19EE903ABF
:1055D00003F007005BB0BDEC048BBDE8F08F0BF16E
:1055E000FF315AF8213003F07F0C4AF821C07DE7E3
:1055F00019EE903ABBF1000F03F1010309EE903A66
:10560000C8BF02223FF758AFF7EE007A37EEC88ADC
:10561000022250E608220692002204929CE50EF136
:105620000403DDED327A1FED6C7A1A4452ED016A03
:105630001346043A964537EE267AF7D1029A002AA5
:1056400064D177EEC77A81ED007A5CB10122B3ECC8
:10565000017A0132944277EE877AF8DA029B0BB135
:10566000F1EE677AC1ED017AB0E7689B032BADD10B
:10567000002C00F084800EEB020696ED007A304696
:10568000354655ED017AF0EE476A37EE277A2B461C
:1056900077EEC77A043D77EEA67AAE45C3ED007A81
:1056A00003ED017AEDD1012C69D096ED007A70ED11
:1056B000017AF0EE476A37EE277A834277EEC77AAF
:1056C00080ED007A77EEA67AC0ED017AEFD15FED3A
:1056D000967A1A44043332ED017A934277EE877A50
:1056E000F9D1029BDDED326A9DED337AD3B9C1ED7C
:1056F000006A81ED017AC1ED027A67E7BDEEC00A6A
:105700005C4610EE103A4AF82B3079E6F1EE476A23
:1057100077EEC77AC1ED006A002C97D1A0E7F1EED1
:10572000677A51E7F1EE666AB1EE477AF1EE677A91
:10573000C1ED006A81ED017AC1ED027A46E70128E8
:1057400011D002287FF408AF0EF03F034AF8213051
:1057500002E7689B022B0EDC002B21DC7FF436AFC6
:105760005FEDBB7A2CE70EF07F03022A4AF8213066
:105770007FF4A1ADF3E6689B032B7FF427AFDFED49
:105780000E7AAEE70025204673461D6000283FF4E0
:1057900006AF0238461C5D6003F10803F5D1FEE652
:1057A000029BDDED327A1BB14FF000430B6057E7EF
:1057B00000230B6056E700BF000000002DE9F04712
:1057C00082B00646DDF828E00846B4460D46002BB8
:1057D0004ED18A4214466DD9B2FA82F242B1C2F178
:1057E0002003954026FA03F394401D4306FA02FC79
:1057F000260CA7B2B5FBF6F14FEA1C4306FB115588
:1058000043EA054301FB07F0984209D9E31801F187
:10581000FF3580F00381984240F200810239234431
:105820001B1A1FFA8CFCB3FBF6F006FB10334CEA94
:10583000034C00FB07F363450AD914EB0C0C00F191
:10584000FF3580F0ED80634540F2EA80A4440238E1
:1058500040EA0140ACEB030C0021BEF1000F04D084
:105860002CFA02F30022CEE9003202B0BDE8F08744
:105870008B4209D9BEF1000F01D0CEE900610021B1
:10588000084602B0BDE8F087B3FA83F11746002955
:105890004DD1834202D3B24200F20F81B6EB070C26
:1058A00060EB030301201D46BEF1000FDDD0CEE901
:1058B00000C5DAE7002A00F098801A46B4FA84F3AB
:1058C000002B40F0AF800B1B270CA6B20121B3FBCD
:1058D000F7F54FEA1C4007FB153340EA034306FB8C
:1058E00005F8984507D9E31805F1FF3002D298452D
:1058F00000F2E8800546A3EB08031FFA8CFCB3FB1B
:10590000F7F007FB10334CEA034C06FB00F363454A
:1059100008D914EB0C0C00F1FF3602D2634500F2FB
:10592000CE803046ACEB030C40EA054095E7C1F170
:1059300020058B4022FA05FC4CEA030C00FA01F426
:1059400026FA05F3E84002FA01F943EA04084FEAAF
:105950001C4206FA01FAB0FBF2F71FFA8CF602FBC2
:1059600017004FEA184444EA004407FB06F0A0423F
:105970000AD91CEB040407F1FF3380F09C80A0429D
:1059800040F29980023F6444241A1FFA88F3B4FB62
:10599000F2F002FB104443EA044300FB06F69E4289
:1059A00009D91CEB030300F1FF3480F082809E4292
:1059B0007FD90238634440EA0740A0FB09749B1B6F
:1059C000A3423E46A04664D361D0BEF1000F0AD088
:1059D000BAEB060263EB080303FA05F5CA40154368
:1059E000CB40CEE9005300213FE7730843EAC1737F
:1059F0004A08190C41EA02414FEAC67C9BB2B2FB4D
:105A0000F4F02646A04627461F2243EA0143B1FB95
:105A1000F4F1A3EB080341EA004158E72946FFE609
:105A2000284615E71A46C3F120019C4026FA01F3E7
:105A300020FA01F190400343270C06FA02FCB1FB67
:105A4000F7F0A6B207FB1015190C41EA054100FB5F
:105A500006F58D423BD9611801D28D4220D8491BF1
:105A60000138B1FBF7F5019505FB06F8019D9BB2E6
:105A700007FB151143EA0143434526D2E31805F11C
:105A8000FF31C6D24345C4D2A91E2344C1E7BA455B
:105A90009BD2B7EB090664EB0C040138A04694E7EF
:105AA000651B29440238B1FBF7F5019505FB06F8A3
:105AB000DCE720467FE71F4666E70846F4E6A44495
:105AC00002382FE7023D234415E70199A1E7491B5E
:105AD000B1FBF7F5019505FB06F8C7E70023014682
:105AE0001A46184600F080B90A22002100F0A2B838
:105AF000242B2DE9F84F42D8012B884619463ED079
:105B000091464B4A82461E46C64670461EF8017BA9
:105B1000D35D13F00803F8D12D2F70D02B2F05BFC4
:105B20009EF800709B469B4600F1020E6FF000430A
:105B300061BB302F4DD00A2631460022B3FBF6F46C
:105B4000104606FB143505E03CD006FB00C00122E0
:105B50001EF8017BA7F1300CBCF1090F06D9A7F1A3
:105B6000410CBCF1190F17D8A7F1370C61451CDDAA
:105B7000571CEDD08442E7D24FF0FF32E8E700F047
:105B8000EFF8162303600020BDE8F88F1029D4D168
:105B9000302F27D00E46D0E7A7F1610CBCF1190FCA
:105BA00003D8A7F1570C6145E2DC511C30D0BBF1A2
:105BB000000F0CD1B9F1000FE6D0AABBC9F80080E4
:105BC000BDE8F88F6545C0DA4FF0FF32C0E74042CC
:105BD000F0E79EF8002002F0DF02582A08D00826DD
:105BE0003146AAE79EF8002002F0DF02582AD1D100
:105BF00010269EF8017031460EF1020E9DE79EF8C8
:105C000000704FF0004300F1020E4FF0010B8FE7E0
:105C10002222CAF80020B9F1000F07D00EF1FF3898
:105C20001846C9F80080CBE70346F7E71846ABE70C
:105C30007995030800B5DFF818E084461346DEF8CE
:105C400000005DF804EB0A466146FFF751BF00BF54
:105C5000B0020020032A11D8002A3BD0013A431E8B
:105C60000139024401E09A4234D013F8010F11F8CF
:105C700001CF6045F7D0A0EB0C00704710B541EAAA
:105C80000004A40784460B460FD0013A431E013995
:105C9000024401E09A421BD013F8010F11F801CF22
:105CA0006045F7D0A0EB0C0010BDDCF80040D3F845
:105CB00000E074451946604603F104030CF1040C3E
:105CC000E3D1043A032AF0D860461946002ADCD111
:105CD000002010BD0020704730B58407864603467B
:105CE00006D0A2B303F8011B980702F1FF32F8D1E6
:105CF000032A26D95FFA81FC0CEB0C2C0F2A0CEB43
:105D00000C402AD922F00F0C9C44C3E90000C3E9DF
:105D1000020010336345F8D112F00C0F02F00F04AB
:105D200017D04FEA940C0CF1FF351A4603EB8C0C9C
:105D300042F8040B6245FBD1043304F0030203EB89
:105D4000850322B11A4403F8011B9A42FBD1704625
:105D500030BD2246002AF5D1F9E71446E1E700BF3D
:105D6000014B1868704700BFB002002070B50E4E9E
:105D70000E4DAE4208D0761BB610002455F8043BF9
:105D800001349847A642F9D8094E0A4D03F076FC33
:105D9000AE4208D0761BB610002455F8043B0134FF
:105DA0009847A642F9D870BD9C9603089C960308B4
:105DB000A49603089C96030838B5074D074C2C1B86
:105DC000A41005D0013C55F8043D9847002CF9D1AA
:105DD000BDE8384003F058BCA8960308A496030811
:105DE000704700BF704700BFF0B51D4C83B005463B
:105DF0002068019116461F46FFF7F2FF194A0199E4
:105E0000136823B35A6820681F2A23DC4DB9541C39
:105E100002325C6043F82210FFF7E4FF002003B079
:105E2000F0BD03EB820E0124CEF88860D3F88861C0
:105E3000944046EA040C022DC3F888C1CEF80871DC
:105E4000E5D1D3F88C512543C3F88C51DFE7064BDD
:105E50001360D7E7FFF7C6FF4FF0FF30DFE700BF63
:105E6000B80400202CC100209CBF0020024B13B1BD
:105E70000248FFF733BE704700000000B95D030819
:105E80000000C03E0000003F000000BF000040BF17
:105E90000000003E0000803E00D57FAAFE2B81540A
:105EA00029FC5683D702A87D52872DF8AC79D306FA
:105EB0007BAE04D18550FA2FA471DB0E5A8F25F0EA
:105EC0008D58F22773A60CD9F623895C08DD77A2DA
:105ED000DF0AA07521F45E8B9D48E23763B61CC9CA
:105EE000B461CB1E4A9F35E0CF1AB06531E44E9BBA
:105EF000E633994C18CD67B239EC4693C712B86DAA
:105F000010C56FBAEE3B91446BBE14C19540EA3F99
:105F100042973DE8BC69C316EF3A904511C46EBB89
:105F2000C613B96C38ED4792BD68C21743963CE979
:105F30009441EB3E6ABF15C04B9E34E1B560CA1F69
:105F400062B71DC89C49E33619CC66B3E732984D59
:105F500030E54F9ACE1BB16472A70DD88C59F32649
:105F60005B8E24F1A570DA0F20F55F8ADE0BA17439
:105F700009DC76A3F722885DD603A97C28FD578229
:105F8000FF2A805501D47EAB8451FB2E7AAF05D019
:105F9000AD78D20753862CF900000000000069405C
:105FA00000000000000069400000484200008040FE
:105FB0000000000000C072400000000000004940E6
:105FC000000082420000E0400000000000000000ED
:105FD000000000000D424C48656C69F47D00000033
:105FE00000002110422063308440A550C660E77055
:105FF000088129914AA16BB18CC1ADD1CEE1EFF1FD
:106000003112100273325222B5529442F772D662A4
:10601000399318837BB35AA3BDD39CC3FFF3DEE34C
:106020006224433420040114E664C774A4448554F4
:106030006AA54BB528850995EEE5CFF5ACC58DD59C
:106040005336722611163006D776F6669556B44644
:106050005BB77AA719973887DFF7FEE79DD7BCC7EC
:10606000C448E5588668A778400861180228233894
:10607000CCC9EDD98EE9AFF9488969990AA92BB93C
:10608000F55AD44AB77A966A711A500A333A122AE4
:10609000FDDBDCCBBFFB9EEB799B588B3BBB1AAB8C
:1060A000A66C877CE44CC55C222C033C600C411C34
:1060B000AEED8FFDECCDCDDD2AAD0BBD688D499DDC
:1060C000977EB66ED55EF44E133E322E511E700E84
:1060D0009FFFBEEFDDDFFCCF1BBF3AAF599F788F2C
:1060E0008891A981CAB1EBA10CD12DC14EF16FE10C
:1060F0008010A100C230E320045025404670676044
:10610000B9839893FBA3DAB33DC31CD37FE35EF35B
:10611000B1029012F322D232354214527762567293
:10612000EAB5CBA5A89589856EF54FE52CD50DC5AB
:10613000E234C324A01481046674476424540544E3
:10614000DBA7FAB79987B8975FE77EF71DC73CD7FB
:10615000D326F2369106B016576676761546345633
:106160004CD96DC90EF92FE9C899E9898AB9ABA94B
:106170004458654806782768C018E1088238A32883
:106180007DCB5CDB3FEB1EFBF98BD89BBBAB9ABB9B
:10619000754A545A376A167AF10AD01AB32A923AD3
:1061A0002EFD0FED6CDD4DCDAABD8BADE89DC98DEB
:1061B000267C076C645C454CA23C832CE01CC10C23
:1061C0001FEF3EFF5DCF7CDF9BAFBABFD98FF89F3B
:1061D000176E367E554E745E932EB23ED10EF01E73
:1061E00001000000000000000200000000D57FAAAE
:1061F000FE2B815429FC5683D702A87D52872DF8A7
:10620000AC79D3067BAE04D18550FA2FA471DB0E96
:106210005A8F25F08D58F22773A60CD9F623895C86
:1062200008DD77A2DF0AA07521F45E8B9D48E23776
:1062300063B61CC9B461CB1E4A9F35E0CF1AB06566
:1062400031E44E9BE633994C18CD67B239EC469356
:10625000C712B86D10C56FBAEE3B91446BBE14C146
:106260009540EA3F42973DE8BC69C316EF3A904536
:1062700011C46EBBC613B96C38ED4792BD68C21726
:1062800043963CE99441EB3E6ABF15C04B9E34E116
:10629000B560CA1F62B71DC89C49E33619CC66B306
:1062A000E732984D30E54F9ACE1BB16472A70DD8F6
:1062B0008C59F3265B8E24F1A570DA0F20F55F8AE6
:1062C000DE0BA17409DC76A3F722885DD603A97CD6
:1062D00028FD5782FF2A805501D47EAB8451FB2EC6
:1062E0007AAF05D0AD78D20753862CF9E46603085F
:1062F000086703082C6703085067030874670308DE
:1063000098670308BE3786350000000000000000D3
:106310000000000000000000FAED6B3A00000000F1
:10632000000000000000000000000000FAED6B3AE1
:10633000000000000000000000000000000000005D
:10634000FAED6B3A2E90A03B000000000000000028
:10635000000000000000000000401C45000000009C
:106360000000000000000000000000000000964354
:10637000000000000000000000000000000000001D
:106380000000964329950008A8000000AE08000010
:10639000E8030000D0070000E99500080E000000A7
:1063A000E803000001000000E70300000000000017
:1063B00001000000020000000300000006000000D1
:1063C00007000000080000000900000004000000B1
:1063D0000500000003060404040808060608080176
:1063E0000202020202020102020202020200000094
:1063F000000000001800000028000000000000005D
:106400000800000008000000010000000800000073
:106410000800000000000000080000000800000064
:10642000000000000800000008000000000000005C
:106430000800000008000000000000000800000044
:106440000800000000000000080000000800000034
:10645000000000000800000008000000000000002C
:106460000800000008000000000000000800000014
:106470000800000001000000080000000800000003
:1064800001000000000034C3000034C3000034C326
:1064900000000000000034C200000000000034C210
:1064A000000000000000F0C1000000000000B4C1C6
:1064B00000000000000000000000000000000000DC
:1064C00000000000000000000000000000000000CC
:1064D00000000000000000000000000000000000BC
:1064E00000000000000000000000000000000000AC
:1064F00048617264204661756C743A004346535299
:106500002020000048465352202000004D4D4641B7
:10651000522000004246415220200000466F726324
:1065200065643A0055736167652000004275732009
:10653000202000004D656D202020000053502020B9
:106540002000000052302020200000005231202086
:106550002000000052322020200000005233202072
:106560002000000052313220200000004C52202038
:1065700020000000504320202000000050535220F3
:10658000200000006C65676163790000656E756DC1
:10659000000000007261642F730000006269746D76
:1065A00061736B005600000025000000487A00006F
:1065B0006D000000646567006D2F73006D41680019
:1065C0006465672F73000000252F73006761696E93
:1065D0000000000041000000493243002063656E66
:1065E0007375733A00000000206E6F6E6500000046
:1065F00053544D3332205669727475616C20436F69
:106600006D506F727420696E204653204D6F646523
:106610000000000053544D6963726F656C656374CC
:10662000726F6E696373000030303030303030305C
:10663000303530430000000056435020436F6E66F3
:106640006967000056435020496E74657266616345
:10665000650000006D34774643496E7466000000A3
:10666000434C464C0000000053504B5900000000C2
:1066700053657020323320323032360032313A34B2
:10668000323A31320000000056332E003000000054
:10669000424C55454245525259463430353A3020E5
:1066A00056323032362D30392D32330057500000FB
:1066B0005254480021455252000000004F4B000048
:1066C000414E474C000000004143524F0000000083
:1066D00041480000484F4C440000000055415658C6
:1066E0002000000024505542582C34312C312C30DD
:1066F0003030332C303030312C3233303430302C99
:10670000302A31430D0A000024505542582C3431B0
:106710002C312C303030332C303030312C3131357D
:106720003230302C302A31450D0A000024505542B9
:10673000582C34312C312C303030332C3030303137
:106740002C35373630302C302A32440D0A00000008
:1067500024505542582C34312C312C303030332CCD
:10676000303030312C33383430302C302A32360D42
:106770000A00000024505542582C34312C312C3062
:106780003030332C303030312C31393230302C3005
:106790002A32330D0A00000024505542582C34315F
:1067A0002C312C303030332C303030312C393630E5
:1067B000302C302A31360D0A00000000030301019D
:1067C00000010102020404000005060708090A0D81
:1067D0000B0B0C0D0E00000000000000CDCC4C3F58
:1067E0007B142E3ECDCC0C3FCDCC6441000000008C
:1067F0000000000000000000000000000000000099
:106800000EF8FC3A349D9D3B0000000000000000A3
:1068100000000000368DA740368DA740DB0F4940B1
:106820000000704100000000CDCCCC3D0000000015
:10683000CDCC4C3F7B142E3ECDCC0C3FCDCC644117
:106840000000000000000000000000000000000048
:10685000000000000EF8FC3A349D9D3B0000000053
:106860000000000000000000368DA740368DA740D4
:10687000DB0F49400000704100000000CDCCCC3D52
:10688000000000009A99993FCDCC4C3ECDCC0C3FF6
:106890003333AB41000000000000000000000000A6
:1068A00000000000000000006F12833B0AD7233C69
:1068B000000000000000000000000000368DA7402E
:1068C000368DA740DB0F49400000704100000000FA
:1068D000CDCCCC3D00000000CDCC8C3FEC51383EFF
:1068E000CDCC0C3FCDCC9C4100000000000000004E
:1068F000000000000000000000000000A69B443BD8
:10690000A69BC43B00000000000000000000000047
:10691000368DA740368DA740DB0F494000007041FF
:1069200000000000CDCCCC3D000000000000C03FC6
:10693000AE47613ECDCC0C3F6666D64100000000FC
:106940000000000000000000000000000000000047
:10695000143FC63BFE65773C0000000000000000CD
:1069600000000000368DA740368DA740DB0F494060
:106970000000704100000000CDCCCC3D01000000C3
:106980003333333F000000006666E63E00002041DE
:10699000000050410000D0400000E0410000003FF6
:1069A000295C8F3D4260653B0AD7A33BCD4C024337
:1069B00066668A430000C040000060409A99993F93
:1069C0000000C03F00006041C3F5E83F0000000048
:1069D00001000000CDCC4C3F000000000000003F53
:1069E0000000404100006041000000410000F04113
:1069F0006666E63E295C8F3DA69BC43B6F12033C56
:106A00003333834166668D43333373420000404025
:106A10009A99993F0000C03F000040411F850B40FC
:106A200000000000010000009A99993F9A99193FCF
:106A30003333B33E00007041000020410000D040DD
:106A40000000B0419A99193F8FC2753D295C0F3DF6
:106A5000CDCC4C3D00009C41CDCC2C423333314257
:106A60000000C03F0000803F0000803F0000204148
:106A70000000803F00000000010000009A99993F4B
:106A80009A99193F3333B33E000070410000204112
:106A90000000C0400000B0413333333FAE47613D9A
:106AA000295C0F3DCDCC4C3D9A99034200002F4309
:106AB000666688420000C03F0000803F0000803FC3
:106AC00000002041713D4A3F00000000010000002D
:106AD0006666663F6666E63ECDCCCC3E0000504121
:106AE000000030410000F0400000C041CDCC0C3F20
:106AF0008FC2753D8FC2753C0AD7A33C0000704120
:106B0000000034420000C841000020409A99993F9B
:106B10009A99993F000030419A99993F00000000EE
:106B2000010000000000803F0000003F3333B33E0F
:106B300000004041000020410000E0400000A04172
:106B4000CDCC0C3FB81E853D0AD7A33C8FC2F53C87
:106B50000000000066665042CDCCE44100000040D9
:106B60000000803F0000803F000010413D0A973F39
:106B700000000000020000000000C03FCDCCCC3E71
:106B80000000003F0000A041000040410000A04084
:106B90000000C8410000003FCDCCCC3D0AD7A33C4B
:106BA0008FC2F53C00000000000000000000000063
:106BB000000020409A99993F0000C03F00004041EA
:106BC000000000000AD7A33D030000000000A04021
:106BD000000000000000003F000000000000000076
:106BE000000000000000A040000000000000003F86
:106BF000000000000000003F000000000000000056
:106C00000000000000000000000000000000C03F85
:106C10000000000000000000CDCC4C3E030000004E
:106C200000000040000000000000003F00000000E5
:106C300000000000000000000000204100000000F3
:106C40009A99993E00000000CDCC4C3E0000000017
:106C50000000000000000000000000000000000034
:106C60000000004000000000000000009A99193E5A
:106C7000030000000000C03F000000000000003FD3
:106C80000000000000000000000000000000404183
:106C9000000000000000803E00000000CDCCCC3D94
:106CA00000000000000000000000000000000000E4
:106CB0000000000000002040000000000000000074
:106CC000CDCCCC3D0000003F0000003FCDCC4C3E81
:106CD0000000804000008040CDCC4C3FE001B80077
:106CE0005C00290014000A000500CC01FA00B8007D
:106CF0006200290014000A000500100E643E002006
:106D0000030100000AD7A33B000000000000F0418F
:106D1000A69BC43A84650308DC3800200306000003
:106D2000282CF13900000000713D6A40EBF5F63483
:106D300084650308403E0020030400000000803FFB
:106D400000000000000048430000E03FB86703086F
:106D50001A7D0020000000000000803F00000000BD
:106D60000000803F000000008C6503084C3E0020BE
:106D7000030A00008FC2753C000000000000F041D3
:106D80000AD7233C94650308AC3B002003010000B4
:106D90000AD7A33B000000000000F041BC74133B85
:106DA00084650308D838002003060000E2E9953C1A
:106DB00000000000713D6A4009E1D13B8465030891
:106DC000883B0020030400000000803F000000001A
:106DD000000048430000E03FB867030870A60020A9
:106DE000000000000000803F000000000000A04004
:106DF0000000A0408C650308943B0020030A0000BB
:106E00008FC2753C000000000000F0410AD7233C0F
:106E1000946503081C410020030100000AD7A33B2E
:106E2000000000000000F0418FC2753B846503083C
:106E3000743E00200302000017B7D13800000000A4
:106E400000000040BD3706368465030880810020BD
:106E5000000000000000803F000000000000A04093
:106E6000000000008C650308FCA00020000000006A
:106E70000000803F00000000000080400000000093
:106E80008C65030884000020000000000000803FA3
:106E9000000000000000A040000080408C65030856
:106EA000A38E0020000000000000803F00000000D2
:106EB00000007F430000B0419C650308683000205B
:106EC000000000000000803F000000000000704152
:106ED000000000008C650308602E00200300000005
:106EE0000000803F000010410000A0419A99194124
:106EF000A4650308F005002003080000CDCCCC3DBC
:106F0000000000000000A041CDCCCC3D846503080A
:106F100000000000030000000000803F00000000AF
:106F200000007F430000000000000000AC3800209B
:106F3000030E00000AD7233C000000000000803F41
:106F40000AD7A33CA865030888380020030E000078
:106F50000AD7233C000000000000803F0000000032
:106F6000A8650308A4380020030E00000AD7233CBC
:106F7000000000000000803FCDCC4C3DA865030818
:106F8000443E002003050000CDCC4C3D0000000035
:106F900000007A43CDCC4C3C846503088C3B002038
:106FA00003050000CDCC4C3D0000000000007A43FA
:106FB000CDCC4C3C84650308F40500200308000098
:106FC000CDCCCC3D000000000000A041CDCCCC3D9C
:106FD0008465030834000020031000000000803F97
:106FE0000000000000007F430000C841AC650308BA
:106FF000BC3B00200302000017B7D138000000009E
:1070000000000040BD3706368465030810210020CB
:10701000030700008FC2753D0000000000007041B2
:107020008FC2F53C84650308743B00200306000012
:107030000000803F00000000713D6A40931ADA3979
:1070400084650308B0380020030000000AD7233C01
:10705000CDCC4C3E0000003F9A99993EA8650308AC
:10706000C80F0020030000000AD7233C00000000E6
:10707000CDCC0C3F0AD7A33B846503087881002060
:10708000030000000000803F000000000000F0410D
:1070900000002041B065030828BD0020030B00005C
:1070A00035FA8E3C00000000960A863F7EC3643E9F
:1070B000B465030800000000000000000000803FED
:1070C0000000000000007F430000000000000000FE
:1070D0000C000020000000000000803F00000000C5
:1070E00000000040000000408C6503080000000024
:1070F000000000000000803F000000000000804110
:107100000000E040000000006930002000000000A6
:107110000000803F00000000000070410000803F40
:107120008C65030848000020030000000000803F39
:10713000000000000000003FCDCC4C3E00000000ED
:107140007C810020030E00000AD7233C00000000D1
:107150000000803F00000000A86503085C210020BB
:10716000030700000000803F0000000000007041A5
:107170000000A040846503086A3000200000000081
:107180000000803F0000000000007041000000404F
:107190008C6503086B300020000000000000803F79
:1071A0000000000000007041000040408C650308B2
:1071B000F5000020000000000000803F00000000FB
:1071C0000000D041000080408C650308FDA0002035
:1071D000000000000000803F000000000000E040D0
:1071E000000000408C650308BC380020030000004C
:1071F0000000803F000000000000484200004040C6
:10720000B865030881810020000000000000803F75
:10721000000000000000F041000070419865030884
:10722000C3000020000000000000803F00000000BC
:107230000000E040000000408C6503084821002069
:10724000030700000AD7233C000000000000704143
:1072500017B7513A846503086E3000200000000023
:107260000000803F00000000000070410000C040AE
:107270008C6503086D300020000000000000803F96
:1072800000000000000070410000A0408C65030871
:1072900082810020000000000000803F000000000C
:1072A0000000FE42000000009C650308440000202E
:1072B000030000000000803F000000000000484282
:1072C0000000C84100000000542E002003150000FB
:1072D0000000803F0080BB4400401C460080BB444F
:1072E000BC6503086C300020000000000000803FF7
:1072F0000000000000007041000080408C65030821
:1073000073300020000000000000803F00000000FB
:1073100000007041000030418C6503080821002006
:1073200003070000022B873C0000000000007041B2
:10733000022B873B84650308848100200300000042
:107340000000803F0000000000007F43000020415B
:1073500000000000A4100020030000000AD7233C16
:10736000000000BF0000003F00000000A865030807
:1073700071300020000000000000803F000000008D
:1073800000007041000010418C6503080C210020B2
:10739000030700006F12833B0000000000007041F3
:1073A000ACC5A73884650308000000000000000099
:1073B0000000803F0000000000007F43000000004C
:1073C0000000000014210020030700000000803F9F
:1073D00000000000000070410000803FB865030815
:1073E00030410020030D000035FA8E3C0000000003
:1073F000378D2741910A0640C06503089C3800205C
:10740000030E00000000803F000000000000803FED
:107410009A99193E0000000094380020030E0000E5
:107420000AD7233C000000000000803F0AD7233C1D
:10743000A86503080000000003000000CDCC4C3D0F
:107440000000000000007F430000803F84650308C7
:1074500090380020030B000035FA8E3C000000003D
:10746000960A863F960A863FB4650308602100208D
:10747000030B000035FA8E3C00000000960A863FA0
:10748000E866DF3EB465030884380020030F00007F
:107490000AD7233C000000000000003F000000006D
:1074A000C865030898380020030E00000AD7233C63
:1074B000000000000000803F0000803EA865030837
:1074C000D02F0020000000000000803F00000000DE
:1074D00000008040000080408C6503080000000030
:1074E000030000000000803F0000000000007F4318
:1074F0000000000000000000A28E0020000000003C
:107500000000803F0000000000007F430000964222
:107510009C650308983B0020030B000035FA8E3C65
:1075200000000000960A863F960A063FB4650308ED
:1075300000000000030000000000803F0000000089
:1075400000007F4300008040CC650308503E0020CF
:10755000030B000035FA8E3C00000000960A863FBF
:10756000960A063FB46503083800002003000000B7
:107570000000803F0000C84100007F4300004842F7
:10758000AC65030864210020030B000035FA8E3C33
:1075900000000000960A863FC7B8B23EB4650308F3
:1075A00074380020030000000000803F000000004D
:1075B000CDCC4C3EA69B443BC8650308E8000020A8
:1075C000030E00000AD7233C000000000000803FAB
:1075D000CDCC4C3FA86503088C380020030C00007C
:1075E00035FA8E3CC7B8B2BEC7B8B23E0000000044
:1075F000B4650308783E0020030D000035FA8E3C88
:1076000000000000378D2741910A8640C0650308BD
:10761000C03B0020030D000035FA8E3C0000000046
:10762000378D2741910A0640C06503085C2E002073
:10763000031200000000803F0000000000007F43B4
:1076400000000000D4650308600000200311000062
:107650000000803F0000000000007F4300009441D4
:10766000A465030880380020030E00000AD7233CDD
:10767000000000000000803FCDCC4C3EA865030810
:107680007C380020030E00000AD7233C00000000D5
:107690000000803F00000000A8650308682100206A
:1076A000030D000035FA8E3C00000000378D2741A5
:1076B000960A063FC0650308C100002000000000D4
:1076C0000000803F000000000000A040000080405B
:1076D0008C6503082C4100200300000017B7D13748
:1076E00000000000CDCC4C3DBD37863584650308D5
:1076F00000000000000000000000803F00000000CB
:1077000000007F43000000000000000000000000B7
:10771000000000000000803F000000000000C842A0
:10772000000000008C65030872300020000000009B
:107730000000803F00000000000070410000204178
:107740008C6503086F300020000000000000803FBF
:1077500000000000000070410000E0408C6503085C
:1077600070300020000000000000803F000000009A
:1077700000007041000000418C650308F8400020C3
:10778000030400000000803F0000000000004843A8
:107790000000403FB8670308FC40002003050000DC
:1077A000CDCC4C3D0000000000007A43CDCC4C3CD9
:1077B0008465030804410020030A00000ADA643AE1
:1077C000000000000000F0418FC2F53C9465030802
:1077D000E438002003060000CDCC4C3D0000000042
:1077E000713D6A408FC2753B84650308A18E0020FD
:1077F000000000000000803F00000000000080400A
:107800000000803F8C65030800390020030600005B
:10781000C98E8D3900000000713D6A4084F49034B7
:107820008465030894000020030000000AD7233C6D
:10783000000000000000803E0000803EA8650308B4
:1078400078380020030000000000803F000040C0A6
:10785000000000000000C0BFB86503080000000081
:10786000000000000000803F0000000000007F4397
:10787000000000000000000098000020030000004D
:107880000000803F000000000000F0410000803F49
:10789000B865030850210020030000000000803F6D
:1078A000000000000000204100008040B065030897
:1078B00054210020030000000000803F0000000071
:1078C0000000F04100004040B06503082041002066
:1078D000030300006F12833A000000000000004024
:1078E0000000000084650308284100200300000018
:1078F0000AD7233C000000000000004052499D3997
:107900008465030800000000030000000000803FC1
:107910000000000000007F430000000000000000A5
:1079200000000000030000000000803F0000000095
:1079300000007F4300000000000000001000002055
:10794000030000000AD7233C9A99193E0000803FAB
:10795000CDCCCC3EA8650308000000000300000069
:107960000000803F0000000000007F430000000096
:1079700000000000E42F0020030E00000AD7233C83
:10798000000000000000803F0AD7A33CA865030860
:1079900058210020030000000000803F000000008C
:1079A00000007A4400004843B065030864000020EA
:1079B000030000000000803F000000000000C841FC
:1079C00000007041B0650308A08E00200000000098
:1079D0000000803F000000000000004000000000A8
:1079E0008C650308F4000020000000000000803FC8
:1079F00000000000000070420000A04098650308ED
:107A0000F0000020030000000AD7233C0000000023
:107A10000000003F9A99193EA86503087481002070
:107A2000030600006F12833A00000000713D6A40B7
:107A300017B7513884650308B838002003000000E8
:107A40000000803F0000000000004842000040406D
:107A5000B865030870810020030000000AD7233CAA
:107A6000000000000000A04100000000A86503081D
:107A7000B4380020030000000000803F0000000038
:107A80000000704100004040B065030800000000A5
:107A9000000000000000803F0000000000007F4365
:107AA0000000000000000000EC00002000000000CA
:107AB0000000803F000000000000A0400000803F68
:107AC0008C65030800000000000000000000803FFB
:107AD0000000000000007F430000000000000000E4
:107AE0009F8E0020000000000000803F000000008A
:107AF0000000E040000000008C650308000000006A
:107B000000000000000000000000F0410000000044
:107B100000000040000000000000004000000000E5
:107B2000000048430000000000007A43000000000D
:107B3000713D6A400000000000007041000000003C
:107B40000000A041000000000000A0410000000073
:107B50000000F04100000000960A863FC7B8B2BEA0
:107B6000C7B8B23E00000000378D2741000000007A
:107B70000000803F000000000000003F0000000007
:107B800000007F430000000000007F430000000071
:107B900000007F430000000000007A440000000065
:107BA000000048420080BB4400401C46000000002A
:107BB000000070420001000202000000787D8B3A54
:107BC0000AE89C3B0000004501030000010301019D
:107BD000000000000008024000400E000103000108
:107BE000EC000000000000000000000000020000A7
:107BF0000000000000000000000000000000000085
:107C00000000000000000000000000000000000074
:107C10000000000000000000000000000000000064
:107C20000000000000000000000000000000000054
:107C30000000000000000000000000000000000044
:107C40000000000000000000000000000000000034
:107C50000000000000000000000000000100000122
:107C60003C000000000000000000000000000000D8
:107C70000000000000000000000000000000000004
:107C800000000000000000000000000001000000F3
:107C900000300140000002402000050000040240C6
:107CA00010000400000002408000070001000000F6
:107CB000003800400004024000200D00000802408F
:107CC0000400020000080240080003000000000059
:107CD000003C004000000000000000000000000028
:107CE0000000000000000000000000000000000094
:107CF0000000000000000000000000000000000084
:107D000000000000000000000100000000540040DE
:107D10000004024000010800000402408000070047
:107D200004000000000000000058004000000000B7
:107D30000000000000000000000000000000000043
:107D400000000000005C0040000000000000000097
:107D50000000000000000000000000000100000022
:107D60000000000000000000000000000000000013
:107D70000000000000000000000000000000000003
:107D800000000000000000000000000000000000F3
:107D90000100000000100140000002400002090044
:107DA0000000024000040A0000C2010000000020A0
:107DB0000007250000000008B864024046000000EB
:107DC00088640240010000000044004000000240BE
:107DD00004000200000002400800030000C201008D
:107DE000000000200007260000000008A0600240FC
:107DF00011000000886002400100000000480040BF
:107E00000008024000040A000008024000080B00BD
:107E100000C2010000000020000727000000000849
:107E2000586002400E00000028600240010000007F
:107E3000004C004000000240010000000000024031
:107E40000200010000E100000004002000083400EE
:107E500000000008706002400F0000004060024017
:107E600001000000005000400008024000100C001B
:107E7000000C02400400020000C2010000000000EB
:107E80000008350000000008B86002402F00000024
:107E9000106002400100000000000000000000002F
:107EA00000000000000000000000000000000000D2
:107EB00000000000000000000000000000000000C2
:107EC0000000000000000000010000000020014050
:107ED00000080240100004000E0000000100000035
:107EE00000000000106402400100000001000000DA
:107EF0000020014000080240200005000F000000A3
:107F000001000000000000001064024002000000B8
:107F100001000000002001400004024001000000B8
:107F20000800000001000000000000001064024092
:107F30000300000001000000002001400008024092
:107F4000010000000A000000010000000000000025
:107F50001064024004000000000000000000000067
:107F60000000000000000000000000000000000011
:107F70000000000000000000000000000000000001
:107F800000000000000000000000000000000000F1
:107F900000000000000000000000000000000000E1
:107FA000010000000000024000400E00010000003F
:107FB00000000000000000000000000000000000C1
:107FC00000000000000000000000000000000000B1
:107FD00000000000010000000000024000200D0031
:107FE0000100000000000000000000000000000090
:107FF0000000000000000000000000000000000081
:108000000000000000000000000000000000000070
:108010000000000000000000000000000000000060
:108020000000000000000000000000000000000050
:108030000000000000000000000000000000000040
:108040000000000000000000000000000000000030
:108050000000000000000000000000000000000020
:108060000000000000000000000000000000000010
:1080700001000000000402400002090001000100AC
:1080800000000000000000000000000000000000F0
:1080900000000000000000000000000000000000E0
:1080A00000000000000000000000000000000000D0
:1080B00000000000000000000000000000000000C0
:1080C00000000000000000000000000000000000B0
:1080D00000000000000000000000000000000000A0
:1080E0000000000000000000000000000000000090
:1080F0000000000000000000000000000000000080
:10810000000000000000000000000000010000006E
:108110000000024010000400010001000000000007
:10812000000000000000000000000000000000004F
:10813000000000000000000000000000000000003F
:1081400001000000000402402000050001000100C1
:10815000000000000000000000000000000000001F
:10816000000000000000000000000000000000000F
:1081700000000000000000000000000000000000FF
:1081800000000000000000000000000000000000EF
:1081900000000000000000000000000000000000DF
:1081A00000000000000000000000000000000000CF
:1081B00000000000000000000000000000000000BF
:1081C00000000000000000000000000000000000AF
:1081D000000000000000000000000000000000009F
:1081E000000000000000000000000000000000008F
:1081F000000000000000000000000000000000007F
:10820000000000000000000000000000000000006E
:108210000100000000080240000209000200010005
:1082200001000000000401400C0000004004014077
:10823000030000000000000000000000000000003B
:1082400000000000010000000008024000010800DA
:1082500002000100010000000004014008000000CD
:108260003C0401400300000000000000000000008A
:1082700000000000000000000100000000040240B7
:1082800000800F000200010001000000000001401A
:10829000080000003C000140010000000000000058
:1082A00000000000000000000000000001000000CD
:1082B000000002400001080002000100010000006F
:1082C00000000140000000003400014001000000F7
:1082D000000000000000000000000000000000009E
:1082E000010000000004024000080B000200010031
:1082F00001000000000000400C00000040000040B1
:10830000010000000000000000000000000000006C
:1083100000000000010000000004024000040A0008
:108320000200010001000000000000400800000001
:108330003C000040010000000000000000000000C0
:1083400000000000000000000100000000040240E6
:1083500008000300020001000100000000000040CE
:108360000400000038000040010000000000000090
:1083700000000000000000000000000001000000FC
:108380000000024000800F00020001000100000018
:108390000000004000000000340000400100000028
:1083A00000000000000000000000000000000000CD
:1083B000010000000004024000400E000200010025
:1083C00001000000001800400000000034180040C8
:1083D0000900000000000000000000000000000094
:1083E0000000000001000000000002404000060004
:1083F0000200010001000000001C0040000000001D
:10840000341C0040090000000000000000000000D3
:10841000000000000000000000000000000000005C
:10842000000000000000000000000000000000004C
:10843000000000000000000000000000000000003C
:10844000000000000000000000000000000000002C
:10845000000000000000000000000000000000001C
:10846000000000000000000000000000000000000C
:1084700000000000000000000000000000000000FC
:108480002837154328370B43283701434F6EEE42F8
:108490004F6EDA424F6EC6424F6EB2424F6E9E42F0
:1084A0004F6E8A429FDC6C429FDC44429FDC1C4240
:1084B0003EB9E9413EB999417C72134145D848BF64
:1084C000848D2CC1C246A6C1C246F6C1612323C217
:1084D00061234BC2612373C2B1918DC2B191A1C21C
:1084E000B191B5C2B191C9C2B191DDC2B191F1C230
:1084F000D8C802C3D8C80CC3D8C816C3D8C820C3AC
:10850000D8C82AC3283733432837294328371F437D
:1085100028371543E27D0143D27CEA424B35D442F1
:1085200081D8BF423907AD4244649B427D9E8A4256
:1085300081E97442C56C554237833642BA0018420D
:10854000DA8FF341EC80B741DA387741145CFE40B2
:108550005F24C43E938CE9C0AE5872C14F9EB9C12E
:1085600022ECFBC1F01320C2712643C2082967C266
:10857000EC0F86C2DF1099C222B0ACC24F16C1C246
:108580004B7CD6C2AF28EDC29BB302C3D9BA0FC38E
:1085900070B11DC349722CC39A602C43F24F1D4326
:1085A000EAE40E43E27D0143C52BAB4231589B42C6
:1085B000209E8E4240BA83421DB4734238B8604256
:1085C000E47A4D421D3839426480234282450C4290
:1085D0000FAEE7418B94B541C3988341418E25414D
:1085E000378E8D401F2EB5BFD7C0EBC0BE875AC196
:1085F0005EA2A3C1C168DEC1EB760EC233ED2EC20E
:10860000BCD94FC205AB70C2129088C224AB98C2CD
:10861000E4E7A8C232C6B9C2032CCCC289CFE1C2FA
:108620005749FEC265B814C358043143B86C0A43B5
:108630009E44E0424574C042C52BAB42E18B3E42B2
:108640000C653942F68B334274DE2D428A8828420B
:10865000EB052342DE281C42356C12427B86044225
:108660001FDDE341D240B641CF438341BBE11E4110
:10867000522C7B40D673A2BF5778B7C02E4A1FC179
:10868000CC8B69C12569A1C139B4D6C10B3809C2E7
:108690002D3228C2D52C46C263AB61C2BEDC79C282
:1086A0003D2B87C2CB578FC24EFA94C26BD496C271
:1086B000037591C22BA172C28340A6C19D8BD2418A
:1086C00041942A426C983D42C72E4142E18B3E4282
:1086D000CFC3F741A375F9414E5CF7411A1DF44130
:1086E0002895F1412F97F041A7B3EF41309EEA4121
:1086F000D589DB410FBFBD41DFEC8F4165532B4175
:1087000072BF3B40EBAD80C03F1114C153964BC1CB
:10871000CFAC72C19F7C8DC175F0AAC12C71D6C13E
:108720003F8306C24A1523C2F3E83CC2D38151C23B
:1087300045675FC2005A65C2548F61C21ED050C2E5
:108740008D9F2EC21AE3F1C1F74C5CC1E206EC3FEB
:108750002CF15D419722B041AC6DD8416F6AEE417A
:10876000CFC3F74128DBB2410F05B74162A1B74142
:10877000002EB641AA02B441F2F5B24126DEB34161
:10878000481CB441CEC7AC41381B95416AC14E412B
:1087900007259840C19089C06C1542C10F968BC1C6
:1087A000D6E2A2C1FCAFADC134E8B1C165A5B7C185
:1087B000C067CCC1EE7CF4C10AF111C2185226C2C6
:1087C000074E33C25D9E36C249EB2EC285651BC281
:1087D00075EBF7C149CBA8C1EE0835C1314240C0A5
:1087E0004E7F7E4021021F4144866D415EA394412D
:1087F0001C5FA84128DBB24180AB86413D898A419C
:108800001D3D8C4172338C4123338A41A32F874114
:10881000A52B8541FF2C84416D2D7D41F0335341C3
:10882000912CF04095D481BF57F824C1BFE58EC18B
:10883000112AB4C18A3CC6C11725CCC13E6EC5C140
:10884000905AB1C15E63A1C1AFBCABC1E9E0CBC17D
:108850009912EDC19048FFC1445DFBC1ABE1E1C19C
:108860007F01B7C13A407FC1862C0EC163B45AC0A4
:108870004E9CDC3E06F57740772DEE4083A32D41DC
:1088800023CA5B41AF147C4180AB86411BAA524195
:108890003ED05641D2185941E1625A413BFC574102
:1088A000D7B450419FB048415DC44241E151354188
:1088B00029F90941B77A3640F4FDAFC087FE60C19F
:1088C00039FFA3C1D1E8BFC156C8C7C1E313C1C1B5
:1088D000A29DAAC14E7483C17A5F35C1132C11C108
:1088E000199C2BC1B1F966C174648AC1448B8DC1D6
:1088F00086727CC1FAE143C11939F2C0894140C096
:108900003E5CF2BD9B1BB33F9B3849403A5DB4408F
:10891000AD2F054144862B41FD4146411BAA5241E2
:108920004D782E41261E2E4170FC2C417ED72D41C4
:1089300036CD2C410F6226411DAC1E4146EB17413E
:10894000E696064161C3AB403D2CF4BE0A2E04C13D
:10895000DC917AC15316A6C1A251B6C10332AFC190
:10896000211F97C1A57768C1829018C1A04F9DC0F3
:108970008DEEF4BF47E6E1BF771088C0B398E5C03D
:10898000D5E708C1457002C1B493CCC0E3C762C04B
:1089900005FA24BF5BB14F3FAB3E933F5D160740E6
:1089A00034BA8540B2F4D2409ED20C41795D254163
:1089B0004D782E41A1101B418D0B1841EDBB134189
:1089C000C8181441F8881441B3B50F417E18094105
:1089D0007EC60041AE2AD24044344440E04A30C012
:1089E0003B191CC14DB27EC1A9079DC12CDAA0C1A3
:1089F000CFF78CC1893556C100D70CC13CA09AC0B5
:108A0000AB26D0BFC1C55A3F4E9CDC3F89EFB43E78
:108A1000672C00C0E67465C04AEF7BC00E4F53C0A0
:108A200001FBE4BF488A08BEEE08D73E4018183E56
:108A3000C0CF383FD59527405CACA0400118EB4033
:108A40004D101141A1101B410DE00F41685C104118
:108A5000B4F10C41D3070F4153791241EAE70F41BA
:108A6000F5E707413E79F1400C3CAC406132A53F4F
:108A7000A1A190C0E3A52BC1A8D279C1C3078FC122
:108A800099A488C10D0E5EC150C218C169E3AAC085
:108A90009FC809C0E50AEF3D2D950140740743408A
:108AA00047E61340228EF53EEC6977BFD34DC6BF33
:108AB00087E1C3BFF8FC80BF0A9DD7BE658D22BF8A
:108AC0001B0DB0BFA1B996BF6F47F83ECE883C40A2
:108AD00078D1B340C520FC400DE00F41EAB200411F
:108AE0006D280E41FBF41341A34C1C4192DC244140
:108AF000B840254160BC1941E145FE4067279A40D6
:108B0000D9CEB7BD793BC3C03C773AC1BB1B74C15A
:108B1000094481C1615468C1DE9F33C198DDE7C05B
:108B200062845CC032031DBF4165A03FBB2731405A
:108B300052D56E401C7C57409A5FFD3F60EA3F3F34
:108B400054E3053E4F5842BE3350D9BEDAAC5ABF4B
:108B50002445F8BF687952C0F2D267C0DE8E16C0D5
:108B60003EEDB03D71AC4740F0BFC140EAB20041BC
:108B7000255DCE40B47608419F1F204157213441E6
:108B8000F6234341CB2146413108374181EC104166
:108B9000C9E59B404D1089BF26C7F2C0C6504CC1E5
:108BA000458D75C11F6873C17CFE50C1D3D91CC1EE
:108BB0009F3CC3C09ED221C0FC6F853E431C074032
:108BC000C3475E40EFFE8C4019C58D40CD0667401F
:108BD00085EB2B405D3301408FDFAB3FB471B43E7A
:108BE0005E6397BFA06C56C0AC39B0C0E691CEC0F2
:108BF000E960B3C0653650C0B1DC523CFCC65F4092
:108C0000255DCE406F9E93405F46FD401FCB2A41BD
:108C100073CB4D412D8964412996694135245741D3
:108C2000ADEE26414547A640A5BDF9BF072514C1B5
:108C3000090A67C17AAA83C16B8E7BC1729653C140
:108C4000FE9A1DC1CE8DC4C051F721C09B38F93E9C
:108C50005BCE2B40FF95894089D2B0408447C64007
:108C6000486DC640D174B74022719D40547466402F
:108C7000740CC43F0B7BB2BF670F9CC06440FEC046
:108C800041E516C1B29D0DC1247FD0C0D3D943C0E8
:108C9000C8D2573F6F9E934000004E40BA4EED4001
:108CA000BD1833419285644187908241AF2B874143
:108CB000390B794117D93C41E59BA640348063C00C
:108CC00042A63FC13C718BC12DCF99C1586291C161
:108CD000841276C1A1213BC1D9CEF4C0C78068C03F
:108CE0003D2C54BC75C83F40FAF2AE407AFCF140CE
:108CF000EB101441F0162541CCDD2741D2A91841D3
:108D00006952E840C72E6340DB33ABBF0534D0C0A7
:108D1000F5E728C1F63446C13FA93CC1641214C12D
:108D2000C3F5AFC0EC6997BF00004E400950214029
:108D3000AA9AEA405BA53C41B36F7941D055924174
:108D40001D789A416AD88E41F2354F4153E87E40F2
:108D50001119F1C06D628CC15391B9C123D5C4C141
:108D60009897B8C19D349EC122F177C1AAC82BC182
:108D7000253BBBC081958FBF2C2B51403D9BE840CC
:108D8000DA382E41A7966041F55083412E398C4147
:108D9000F62386411CB1584167D5F340ED2A64BEE5
:108DA000F5B9FCC0761A53C1DA7E73C1364D65C180
:108DB0001EFE35C1EFE1E5C0FE261AC00950214074
:108DC000BCE8014024D6EB40D6EE45413AAF8541A0
:108DD0004E2E9F41D4EBA841C1CA9741E76F36415F
:108DE000B1F92CC0AC8596C1B947EDC1F88A07C26C
:108DF000464E06C283B4F4C1975CD0C103C9A4C176
:108E00002C486AC10A1D07C19DD70CC016187C40AA
:108E1000C5AC1D41AAC3764182A8A3416120C541CA
:108E2000B594DB41A655E0419178C941E8538C41A6
:108E30004AEFAF40AD4CD7C09C5069C179C68AC1DA
:108E40000A2E83C14A5252C14A6F09C119E258C061
:108E5000BCE80140CAE0D83E9487B540F1572741AD
:108E6000BBFE6241D27B7D41171A57415AF55340F0
:108E70007A8D88C12A7A17C23DA441C28FFF4AC2A7
:108E800043A742C2B8D530C26C9E19C2064CFEC17F
:108E9000264DC5C1EFC989C1FDA419C1E57EF3BF47
:108EA000BB44B9406F2F5641B953A6412703DF4158
:108EB0004AD8094243052142D007334286233C4227
:108EC000C3073542BCB91042B5328E415AF5CDBF09
:108ED00027E641C1DB3F6EC1D20C56C1E18B1AC1FE
:108EE00002F19AC0CAE0D83E21C332C321C328C3CD
:108EF00021C31EC321C314C321C30AC321C300C39A
:108F00004286EDC24286D9C24286C5C24286B1C2FD
:108F100042869DC2428689C2830C6BC2830C43C2C7
:108F2000830C1BC20719E6C1071996C10E320CC18A
:108F3000936F9E3FF2CD3341F9E6A941F9E6F9413D
:108F40007DF324427DF34C427DF37442BE798E4220
:108F5000BE79A242BE79B642BE79CA42BE79DE422D
:108F6000BE79F242DF3C0343DF3C0D43DF3C174355
:108F7000DF3C2143DF3C2B4321C332C3010000000F
:108F800002050A0A0A0105000001020A0A0A01058F
:108F9000050501020A0A0A0102020502020A0A0A7A
:108FA0000101020502010A0A0A0000000003040090
:108FB0000102060532000000CDCCCC3E0000A040EE
:108FC00046000000CDCC4C3E6666CE4064000000FA
:108FD000CDCC4C3ECDCCF44001000000CDCC4C3E7D
:108FE0000000C03F010000000000803F0000B040D2
:108FF000000000000000000000000000000002036C
:10900000040506000B300B500B330B310B00100224
:10901000100210021010210E21082109210B210F2E
:10902000210D0A050A090A0B0A020A060A070A2183
:109030000A2E0A08016001220131010401400109E0
:10904000013401010102010701350132010601036A
:1090500001300124012301200121011101120230FC
:109060000231021002150211021302200D110D1619
:109070000D130D040D030D120D010D0600840300E8
:1090800000C2010000E1000000960000004B00005B
:109090008025000000000000010203040102030417
:1090A000060708090000000059F3F8C21F6EA50169
:1090B000000000000000F03F000000000000008001
:1090C000182D4454FB210940182D4454FB2109C09C
:1090D000182D4454FB21E9BFD221337F7CD90240B3
:1090E000D221337F7CD902C0763C7935EF39EA3D15
:1090F000763C7935EF39EABD0000E0FE422EE63FCE
:109100000000E0FE422EE6BF000000000000E03F4D
:10911000000000000000E0BFE2652F227F2B7A3CB8
:10912000075C143326A6813CBDCBF07A8807703CDF
:10913000075C143326A6913C4FBB610567ACDD3F4D
:10914000182D4454FB21E93F9BF681D20B73EF3F6E
:10915000182D4454FB21F93F00000080DB0F4940EB
:10916000DB0F49C0DB0F49BFE4CB1640E4CB16C090
:10917000D1F71737D1F717B78071313F807131BF01
:109180000000003F000000BF000FC93F000F494032
:1091900000CB9640000FC9400053FB4000CB164166
:1091A00000ED2F41000F49410031624100537B41E6
:1091B000003A8A4100CB9641005CA34100EDAF41EB
:1091C000007EBC41000FC94100A0D5410031E24101
:1091D00000C2EE410053FB4100F20342003A0A4252
:1091E0000083104200CB164200141D42005C234253
:1091F00000A5294200ED2F4200363642007E3C4257
:1092000000C74242000F4942A2000000F9000000DE
:10921000830000006E0000004E00000044000000CB
:109220001500000029000000FC00000027000000DD
:1092300057000000D1000000F500000034000000DD
:10924000DD000000C0000000DB0000006200000044
:1092500095000000990000003C0000004300000061
:109260009000000041000000FE00000051000000DE
:1092700063000000AB000000DE000000BB00000047
:10928000C500000061000000B700000024000000DD
:109290006E0000003A000000420000004D00000097
:1092A000D2000000E00000000600000049000000BD
:1092B0002E000000EA00000009000000D1000000BC
:1092C000920000001C000000FE0000001D000000D5
:1092D000EB0000001C000000B100000029000000AD
:1092E000A70000003E000000E8000000820000002F
:1092F00035000000F50000002E000000BB0000005B
:109300004400000084000000E90000009C00000010
:109310007000000026000000B40000005F000000A4
:109320007E000000410000003900000091000000B4
:10933000D600000039000000830000005300000048
:1093400039000000F40000009C00000084000000D0
:109350005F0000008B000000BD000000F90000006D
:10936000280000003B0000001F000000F800000083
:1093700097000000FF000000DE0000000500000074
:10938000980000000F000000EF0000002F00000018
:10939000110000008B0000005A0000000A000000CD
:1093A0006D0000001F0000006D000000360000008E
:1093B0007E000000CF00000027000000CB0000006E
:1093C00009000000B70000004F0000004600000048
:1093D0003F000000660000009E0000005F000000EB
:1093E000EA0000002D0000007500000027000000CA
:1093F000BA000000C7000000EB000000E50000001C
:10940000F10000007B0000003D00000007000000AC
:1094100039000000F70000008A0000005200000040
:1094200092000000EA0000006B000000FB0000005A
:109430005F000000B10000001F0000008D00000070
:109440005D0000000800000056000000030000005E
:109450003000000046000000FC0000007B0000001F
:109460006B000000AB000000F0000000CF00000027
:10947000BC000000200000009A000000F400000082
:10948000360000001D000000A9000000E3000000FD
:1094900091000000610000005E000000E600000096
:1094A0001B0000000800000065000000990000009B
:1094B000850000005F00000014000000A000000014
:1094C00068000000400000008D000000FF00000068
:1094D000D8000000800000004D0000007300000074
:1094E0002700000031000000060000000600000018
:1094F0001500000056000000CA00000073000000C4
:10950000A8000000C900000060000000E2000000A8
:109510007B000000C00000008C0000006B00000019
:109520006937AC3168212233B40F14336821A23378
:109530003863ED3EDA0F493F5E987B3FDA0FC93F53
:109540000000C93F0000F0390000DA370000A23304
:109550000000842E0000502B0000C2270000D02203
:109560000000C41F0000C61B0000441704000000D8
:1095700007000000090000000020202020202020FB
:1095800020202828282828202020202020202020B3
:1095900020202020202020202088101010101010C3
:1095A000101010101010101010040404040404040F
:1095B00004040410101010101010414141414141A9
:1095C000010101010101010101010101010101018B
:1095D000010101011010101010104242424242429B
:1095E000020202020202020202020202020202025B
:1095F0000202020210101010200000000000000003
:10960000000000000000000000000000000000005A
:10961000000000000000000000000000000000004A
:10962000000000000000000000000000000000003A
:10963000000000000000000000000000000000002A
:10964000000000000000000000000000000000001A
:10965000000000000000000000000000000000000A
:1096600000000000000000000000000000000000FA
:10967000000000000000000000000000F8B500BF7E
:10968000F8BC08BC9E467047F8B500BFF8BC08BCE3
:049690009E4670473B
:0896940084F5FC7F01000000D9
:08969C006D5E0308818E0008D9
:0496A400598E0008D3
:1096A80006000000040000000000803F02000000E7
:1096B800C3F5A83E00000000FF0000000000000005
:1096C8000000803F4EE640BB0000803F000048425B
:1096D800000020410000A041000096420000C8425E
:1096E8000000A0410000C841CDCCCC3E0000803F26
:1096F800010101FF010000000000803F030000009D
:109708000AD7934100007041CAF249710100000074
:109718000000803F010000000000803F0000803F03
:109728000000803F05041400DC0300000000803FB7
:10973800030000000000803ECDCC4C3E0000803F7E
:109748000000803F0000803F0A0000000000803FCA
:109758000000000000000000000000000000C841F8
:1097680003040102640000006400000064000000BB
:10977800B004000000000000E80300000000000042
:10978800D007000000000000CDCC4C3F01000000D5
:1097980000007041051A0102A1E0010879E0010802
:1097A800A9DF0108000000007DDE0108F1E00108E2
:1097B80079DF0108BDDE010800000000000000009C
:1097C800B1DE0108FF00000009024300020100C0E9
:1097D80032090400000102020100052400100105FD
:1097E8002401000104240202052406000107058261
:1097F800030800FF09040100020A00000007050130
:1098080002400000070581024000000070010020AE
:1098180035E301085DE2010809E20108A9E1010850
:10982800D9E101088DE1010875E10108B9E10108F4
:10983800C9E1010800000000000000000403090459
:109848001201000200000040830440570002010298
:109858000301000025E4010831E4010855E401088A
:109868003DE401086DE4010885E401089DE4010870
:10987800B5E401086DE5010819E50108B9E4010836
:10988800F9E4010800C20100000008011DEB01080D
:1098980029EB010835EB010841EB01084DEB010804
:1098A80059EB010865EB01080500000010F330F3DF
:1098B80010F490F350F8B1E8B2E8000007930A9367
:1098C8000F930B9400000000007A030A0000803F09
:1098D800F87800007878000011A0010000004842E4
:1098E80000007A430000B4420000000000000000BD
:1098F8000000000000000000000000000000000060
:10990800000000000000000000000000000000004F
:10991800000000000000000000000000000000003F
:10992800000000000000000000000000000000002F
:109938000000004100401C460000704200007A43CD
:1099480000000041050000000000000000000000C9
:10995800B8020020000000000000000060BE0020E7
:10996800C8BE002030BF002000000000000000003A
:1099780000000000000000000000000000000000DF
:1099880000000000000000000000000000000000CF
:1099980000000000000000000000000000000000BF
:1099A80000000000000000000000000000000000AF
:1099B800000000000000000000000000000000009F
:1099C800000000000000000000000000000000008F
:1099D800000000000000000000000000000000007F
:1099E800000000000000000000000000000000006F
:1099F80001000000000000000E33CDAB34126DE60C
:109A0800ECDE05000B000000000000000000000074
:109A1800000000000000000000000000000000003E
:109A2800000000000000000000000000000000002E
:109A3800000000000000000000000000000000001E
:109A4800000000000000000000000000000000000E
:109A580000000000000000000000000000000000FE
:109A680000000000000000000000000000000000EE
:109A780000000000000000000000000000000000DE
:109A880000000000000000000000000000000000CE
:109A980000000000000000000000000000000000BE
:109AA80000000000000000000000000000000000AE
:109AB800000000000000000000000000000000009E
:109AC800000000000000000000000000000000008E
:109AD800000000000000000000000000000000007E
:109AE800000000000000000000000000000000006E
:109AF800000000000000000000000000000000005E
:109B0800000000000000000000000000000000004D
:109B1800000000000000000000000000000000003D
:109B2800000000000000000000000000000000002D
:109B3800000000000000000000000000000000001D
:109B4800000000000000000000000000000000000D
:0C9B5800000000000000000098BF00208A
:040000050803159D3A
:00000001FF
