:020000040800F2
:10000000000002208D0803082565010875670108B6
:100010008D670108916701089567010800000000DD
:1000200000000000000000000000000099670108C7
:100030009D67010800000000A1670108096501082B
:10004000F9080308F9080308F9080308F908030880
:10005000F9080308F9080308F9080308F908030870
:10006000F9080308F9080308F9080308F908030860
:10007000F9080308F908030809690108516901082A
:10008000F9080308C1680108F9080308F90803081A
:10009000F9080308F9080308F9080308F908030830
:1000A000F9080308F9080308F9080308F908030820
:1000B000CD670108F9080308F9080308216A010857
:1000C000196A0108316A0108296A0108F908030858
:1000D000F9080308E1690108E9690108F169010803
:1000E000F9080308F9080308CDCE0108A56701083F
:1000F000F9080308F9080308F908030899690108D1
:10010000F9080308F908030855680108F908030805
:10011000F9690108116A0108F9080308F9080308D8
:10012000F9080308F9080308F9080308F90803089F
:10013000F9080308F9080308F9080308F90803088F
:10014000F9080308F9080308F9080308D5CE0108DF
:10015000F9080308F908030879680108F908030891
:10016000416A0108396A0108F9080308F908030817
:10017000F9080308F9080308F9080308F90803084F
:08018000F9080308F90803085F
:1080000081F0004102E000BF83F0004330B54FEA49
:1080100041044FEA430594EA050F08BF90EA020FB6
:108020001FBF54EA000C55EA020C7FEA645C7FEA49
:10803000655C00F0E2804FEA5454D4EB5555B8BF6C
:108040006D420CDD2C4480EA020281EA030382EADD
:10805000000083EA010180EA020281EA0303362D6F
:1080600088BF30BD11F0004F4FEA01314FF4801C42
:108070004CEA113102D0404261EB410113F0004F54
:108080004FEA03334CEA133302D0524263EB43030B
:1080900094EA050F00F0A780A4F10104D5F1200EA9
:1080A0000DDB02FA0EFC22FA05F2801841F1000104
:1080B00003FA0EF2801843FA05F359410EE0A5F1D8
:1080C00020050EF1200E012A03FA0EFC28BF4CF009
:1080D000020C43FA05F3C01851EBE37101F00045BF
:1080E00007D54FF0000EDCF1000C7EEB00006EEBCC
:1080F0000101B1F5801F1BD3B1F5001F0CD3490856
:108100005FEA30004FEA3C0C04F101044FEA4452AC
:1081100012F5800F80F09A80BCF1004F08BF5FEA33
:10812000500C50F1000041EB045141EA050130BD13
:108130005FEA4C0C404141EB0101013C28BFB1F525
:10814000801FE9D291F0000F04BF01460020B1FA70
:1081500081F308BF2033A3F10B03B3F120020CDA43
:108160000C3208DD02F1140CC2F10C0201FA0CF021
:1081700021FA02F10CE002F11402D8BFC2F1200C86
:1081800001FA02F120FA0CFCDCBF41EA0C0190403C
:10819000E41AA2BF01EB0451294330BD6FEA040485
:1081A0001F3C1CDA0C340EDC04F11404C4F1200270
:1081B00020FA04F001FA02F340EA030021FA04F382
:1081C00045EA030130BDC4F10C04C4F1200220FAD9
:1081D00002F001FA04F340EA0300294630BD21FA17
:1081E00004F0294630BD94F0000F83F4801306BFDD
:1081F00081F480110134013D4EE77FEA645C18BFD1
:108200007FEA655C29D094EA050F08BF90EA020F67
:1082100005D054EA000C04BF1946104630BD91EA5F
:10822000030F1EBF0021002030BD5FEA545C05D162
:108230004000494128BF41F0004130BD14F58004A1
:108240003CBF01F5801130BD01F0004545F0FE4115
:1082500041F470014FF0000030BD7FEA645C1ABF4A
:10826000194610467FEA655C1CBF0B46024650EA81
:10827000013406BF52EA033591EA030F41F40021AD
:1082800030BD00BF90F0000F04BF0021704730B533
:108290004FF4806404F132044FF000054FF0000108
:1082A00050E700BF90F0000F04BF0021704730B5C9
:1082B0004FF4806404F1320410F0004548BF40429E
:1082C0004FF000013EE700BF42004FEAE2014FEAF3
:1082D00031014FEA02701FBF12F07F4393F07F4FCE
:1082E00081F06051704732F07F4208BF704793F0D1
:1082F0007F4F04BF41F40021704730B54FF46074E4
:1083000001F0004521F000411CE700BF50EA0102E6
:1083100008BF704730B54FF000050AE050EA01028F
:1083200008BF704730B511F0004502D5404261EBFF
:1083300041014FF4806404F132045FEA915C3FF440
:10834000D8AE4FF003025FEADC0C18BF03325FEADD
:10835000DC0C18BF033202EBDC02C2F1200300FA8E
:1083600003FC20FA02F001FA03FE40EA0E0021FAB3
:1083700002F11444BDE600BF70B54FF0FF0C4CF4A1
:10838000E06C1CEA11541DBF1CEA135594EA0C0F53
:1083900095EA0C0F00F0DEF82C4481EA030621EA8E
:1083A0004C5123EA4C5350EA013518BF52EA0335C9
:1083B00041F4801143F4801338D0A0FB02CE4FF07B
:1083C0000005E1FB02E506F00042E0FB03E54FF0AB
:1083D0000006E1FB03569CF0000F18BF4EF0010EA3
:1083E000A4F1FF04B6F5007F64F5407404D25FEA9F
:1083F0004E0E6D4146EB060642EAC62141EA555152
:108400004FEAC52040EA5E504FEACE2EB4F1FD0C93
:1084100088BFBCF5E06F1ED8BEF1004F08BF5FEA11
:10842000500E50F1000041EB045170BD06F00046C3
:1084300046EA010140EA020081EA0301B4EB5C0470
:10844000C2BFD4EB0C0541EA045170BD41F4801168
:108450004FF0000E013C00F3AB8014F1360FDEBF8D
:10846000002001F0004170BDC4F10004203C35DA69
:108470000C341BDC04F11404C4F1200500FA05F3EC
:1084800020FA04F001FA05F240EA020001F000428D
:1084900021F0004110EBD37021FA04F642EB060103
:1084A0005EEA430E08BF20EAD37070BDC4F10C042D
:1084B000C4F1200500FA04F320FA05F001FA04F2F1
:1084C00040EA020001F0004110EBD37041F10001DD
:1084D0005EEA430E08BF20EAD37070BDC4F12005E8
:1084E00000FA05F24EEA020E20FA04F301FA05F250
:1084F00043EA020321FA04F001F0004121FA04F2F8
:1085000020EA020000EBD3705EEA430E08BF20EAC7
:10851000D37070BD94F0000F0FD101F00046400001
:1085200041EB010111F4801F08BF013CF7D041EA83
:10853000060195F0000F18BF704703F00046520087
:1085400043EB030313F4801F08BF013DF7D043EA58
:108550000603704794EA0C0F0CEA135518BF95EA0E
:108560000C0F0CD050EA410618BF52EA4306D1D195
:1085700081EA030101F000414FF0000070BD50EAB4
:10858000410606BF1046194652EA430619D094EA3E
:108590000C0F02D150EA013613D195EA0C0F05D128
:1085A00052EA03361CBF104619460AD181EA03017C
:1085B00001F0004141F0FE4141F470014FF0000034
:1085C00070BD41F0FE4141F4780170BD70B54FF0CF
:1085D000FF0C4CF4E06C1CEA11541DBF1CEA13554F
:1085E00094EA0C0F95EA0C0F00F0A7F8A4EB050431
:1085F00081EA030E52EA03354FEA013100F0888028
:108600004FEA03334FF0805545EA131343EA1263F0
:108610004FEA022245EA111545EA10654FEA0026A5
:108620000EF000419D4208BF964244F1FD0404F55E
:10863000407402D25B084FEA3202B61A65EB0305BA
:108640005B084FEA32024FF480104FF4002CB6EB77
:10865000020E75EB030E22BFB61A754640EA0C00F7
:108660005B084FEA3202B6EB020E75EB030E22BF37
:10867000B61A754640EA5C005B084FEA3202B6EB78
:10868000020E75EB030E22BFB61A754640EA9C0037
:108690005B084FEA3202B6EB020E75EB030E22BF07
:1086A000B61A754640EADC0055EA060E18D04FEAC5
:1086B000051545EA16754FEA06164FEAC30343EA65
:1086C00052734FEAC2025FEA1C1CC0D111F4801F32
:1086D0000BD141EA00014FF000004FF0004CB6E72B
:1086E00011F4801F04BF01430020B4F1FD0C88BFCA
:1086F000BCF5E06F3FF6AFAEB5EB030C04BFB6EBD5
:10870000020C5FEA500C50F1000041EB045170BDC7
:108710000EF0004E4EEA113114EB5C04C2BFD4EBF4
:108720000C0541EA045170BD41F480114FF0000E78
:10873000013C90E645EA060E8DE60CEA135594EAF4
:108740000C0F08BF95EA0C0F3FF43BAF94EA0C0FF7
:108750000AD150EA01347FF434AF95EA0C0F7FF46C
:1087600025AF104619462CE795EA0C0F06D152EAC0
:1087700003353FF4FDAE1046194622E750EA4106A4
:1087800018BF52EA43067FF4C5AE50EA41047FF4B5
:108790000DAF52EA43057FF4EBAE12E74FF0FF3C1A
:1087A00006E000BF4FF0010C02E000BF4FF0010CEB
:1087B0004DF804CD4FEA410C7FEA6C5C4FEA430C64
:1087C00018BF7FEA6C5C1BD001B050EA410C0CBFB3
:1087D00052EA430C91EA030F02BF90EA020F002015
:1087E000704710F1000F91EA030F58BF994208BF7C
:1087F00090422CBFD8176FEAE37040F00100704739
:108800004FEA410C7FEA6C5C02D150EA013C07D18F
:108810004FEA430C7FEA6C5CD6D152EA033CD3D0DA
:108820005DF8040B704700BF8446104662468C46D4
:108830001946634600E000BF01B5FFF7B7FF002807
:1088400048BF10F1000F01BD4DF808EDFFF7F4FF30
:108850000CBF012000205DF808FB00BF4DF808EDBB
:10886000FFF7EAFF34BF012000205DF808FB00BFDE
:108870004DF808EDFFF7E0FF94BF012000205DF800
:1088800008FB00BF4DF808EDFFF7CEFF94BF0120B5
:1088900000205DF808FB00BF4DF808EDFFF7C4FFAE
:1088A00034BF012000205DF808FB00BF4FEA410CF7
:1088B0007FEA6C5C02D150EA013C0AD14FEA430CDA
:1088C0007FEA6C5C02D152EA033C02D14FF0000017
:1088D00070474FF0010070474FEA410212F5001255
:1088E00015D211D56FF47873B3EB625212D94FEAF7
:1088F000C12343F0004343EA505311F0004F23FAE1
:1089000002F018BF404270474FF00000704750EA35
:10891000013005D111F0004008BF6FF000407047F2
:108920004FF00000704700BF4FEA4102B2F1E04350
:1089300024BFB3F5001CDCF1FE5C0DD901F0004C46
:108940004FEAC0024CEA5070B2F1004F40EB830096
:1089500008BF20F00100704711F0804F21D113F1C2
:108960003872BCBF01F00040704741F480114FEAFB
:108970005252C2F11802C2F1200C10FA0CF320FA84
:1089800002F018BF40F001004FEAC1234FEAD323A1
:1089900003FA0CFC40EA0C0023FA02F34FEA43030B
:1089A000CCE77FEA625307D150EA01331EBF4FF094
:1089B000FE4040F44000704701F0004040F0FE40AF
:1089C00040F40000704700BF80F0004002E000BFAC
:1089D00081F0004142001FBF5FEA410392EA030FAA
:1089E0007FEA226C7FEA236C6AD04FEA1262D2EBF4
:1089F0001363C1BFD218414048404140B8BF5B42F9
:108A0000192B88BF704710F0004F40F4000020F091
:108A10007F4018BF404211F0004F41F4000121F0A7
:108A20007F4118BF494292EA030F3FD0A2F10102F1
:108A300041FA03FC10EB0C00C3F1200301FA03F12F
:108A400000F0004302D5494260EB4000B0F5000F52
:108A500013D3B0F1807F06D340084FEA310102F111
:108A60000102FE2A51D2B1F1004F40EBC25008BFC3
:108A700020F0010040EA03007047490040EB00008D
:108A8000013A28BFB0F5000FEDD2B0FA80FCACF18E
:108A9000080CB2EB0C0200FA0CF0AABF00EBC250BB
:108AA00052421843BCBFD0401843704792F0000FA9
:108AB00081F4000106BF80F400000132013BB5E7FC
:108AC0004FEA41037FEA226C18BF7FEA236C21D072
:108AD00092EA030F04D092F0000F08BF08467047D7
:108AE00090EA010F1CBF0020704712F07F4F04D1A5
:108AF000400028BF40F00040704712F100723CBFB8
:108B000000F50000704700F0004343F0FE4040F4E1
:108B1000000070477FEA226216BF08467FEA23639F
:108B20000146420206BF5FEA412390EA010F40F48A
:108B3000800070474FF0000304E000BF10F00043D6
:108B400048BF40425FEA000C08BF704743F09643BD
:108B500001464FF000001CE050EA010208BF7047D8
:108B60004FF000030AE000BF50EA010208BF70475F
:108B700011F0004302D5404261EB41015FEA010C74
:108B800002BF84460146002043F0B64308BFA3F16C
:108B90008053A3F50003BCFA8CF2083AA3EBC2534E
:108BA00010DB01FA02FC634400FA02FCC2F120026D
:108BB000BCF1004F20FA02F243EB020008BF20F0A4
:108BC0000100704702F1200201FA02FCC2F120020A
:108BD00050EA4C0021FA02F243EB020008BF20EAFF
:108BE000DC70704753B94AB9002908BF00281CBF80
:108BF0004FF0FF314FF0FF3000F00CB8ADF1080C32
:108C00006DE904CE2BF052FFDDF804E0DDE902232C
:108C100004B07047704700BF844641EA000313F078
:108C200003036DD1403A41D351F8043B40F8043B73
:108C300051F8043B40F8043B51F8043B40F8043B36
:108C400051F8043B40F8043B51F8043B40F8043B26
:108C500051F8043B40F8043B51F8043B40F8043B16
:108C600051F8043B40F8043B51F8043B40F8043B06
:108C700051F8043B40F8043B51F8043B40F8043BF6
:108C800051F8043B40F8043B51F8043B40F8043BE6
:108C900051F8043B40F8043B51F8043B40F8043BD6
:108CA00051F8043B40F8043B403ABDD2303211D376
:108CB00051F8043B40F8043B51F8043B40F8043BB6
:108CC00051F8043B40F8043B51F8043B40F8043BA6
:108CD000103AEDD20C3205D351F8043B40F8043B76
:108CE000043AF9D2043208D0D2071CBF11F8013B74
:108CF00000F8013B01D30B8803806046704700BF3A
:108D0000082A13D38B078DD010F003038AD0C3F148
:108D10000403D21ADB071CBF11F8013B00F8013B2A
:108D200080D331F8023B20F8023B7BE7043AD9D3E9
:108D3000013A11F8013B00F8013BF9D20B780370BE
:108D40004B7843708B78837060467047000000005A
:108D50000000000000000000000000000000000013
:108D60000000000000000000000000000000000003
:108D700000000000000000000000000000000000F3
:108D800030B490F800F020F007016FF0000C10F004
:108D9000070491F820F040F048804FF000046FF095
:108DA0000700D1E9002391F840F000F1080082FAB1
:108DB0004CF2A4FA8CF283FA4CF3A2FA8CF34BBB7C
:108DC000D1E9022382FA4CF200F10800A4FA8CF2F5
:108DD00083FA4CF3A2FA8CF3E3B9D1E9042382FAC3
:108DE0004CF200F10800A4FA8CF283FA4CF3A2FAD8
:108DF0008CF37BB9D1E9062301F1200182FA4CF210
:108E000000F10800A4FA8CF283FA4CF3A2FA8CF376
:108E1000002BC6D0002A04BF04301A4612BAB2FA98
:108E200082F200EBD20030BC7047D1E9002304F09D
:108E30000305C4F100004FEAC50514F0040F91F8D2
:108E400040F00CFA05F562EA05021CBF63EA05036F
:108E500062464FF00004AAE708B5064B1A783AB903
:108E6000054A1AB10548AFF30080024B01221A707F
:108E700008BD00BFC004002000000000C488030833
:108E800008B5034B1BB103490348AFF3008008BD8D
:108E900000000000C4040020C48803080F4BDFF862
:108EA0004CC010B553F820400D4BDCF800204FF4B7
:108EB0002E7E0EFB00300B4BD0F82CE0D0F8B40225
:108EC0009950134408495C60C3F808E0D8600B6807
:108ED00010320133CCF800200B6010BD4C7D002017
:108EE000B83B0020000000105C0500206405002055
:108EF00000B5244B24491B782448DFF8A4E0244A19
:108F00008B71A3F1020CBCF1020FDFF898C0C1F81D
:108F100000C0DFF894C00388DCF800C012681D4868
:108F2000CB81C1F818C0DEF800300068C8614FF08E
:108F3000020CA1F804C04FF4E02CC1F808C0C1E94C
:108F400004238CBF4FF0020C4FF0140C124B81F82D
:108F50000CC00A4615204FF0100E4FF0000C42F8DE
:108F6000200F81F807E003F1540081F80DC053F899
:108F7000041B42F8041F8342F9D1084B0022C3E9C5
:108F8000002200BDEC00002000000010440500207D
:108F90006005002050050020F0040020780000103B
:108FA0005C0500205452414354050020774B1A7849
:108FB000F2B170B5764C217882B0D1B1754B1E7884
:108FC0001D4608F007FCFFF7C7FD734A9FED737A53
:108FD000117807EE900A67EE877A0129FCEEE77AAE
:108FE00022D011F0FD0F60D02178297002B070BD41
:108FF000704708F0EFFB684A92F800C0BCF1010F1F
:1090000005D0634B634D1978297002B070BD019291
:10901000FFF7A2FD9FED617A5E4D5F4A07EE900A71
:1090200067EE877AFCEEE77A5D49097805292ED14B
:109030005749097859B35B48D0F800C040F6F7703B
:10904000844524D8584A17EE904A1068A042CCD8DC
:1090500017EE901A0120FFF721FF17EE901A00205B
:10906000FFF71CFF17EE901A0220FFF717FF474B80
:10907000474A1B7811784D484B4AC0ED007A023BB5
:10908000022B8CBF0223142323441360ADE7474B0C
:109090000192C3ED007AFFF72BFF3D4A1178019A48
:1090A00029700223137002B070BD1EB93C4B1B78AF
:1090B000052B02D0364B197897E73A4B3C491E6096
:1090C00080230B603B499FED3C6A0B603B493C4B66
:1090D00091ED007ADFED3B6AC3ED007A27EE067A68
:1090E000324B3149C3ED007AB4EEE67A0123F1EE5A
:1090F00010FAC1ED007A137044DCDFED337AF4EE40
:10910000C77AF1EE10FAD8BFF0EE477AFCEEE77AB4
:1091100017EE900A2D4B2E4A2E491080D3F8EC0200
:109120000860D3F8FC024860D3F800038860D3F8E5
:10913000C802C860D3F8CC020861D3F8D4024861F1
:10914000D3F8D802886103F2A4500068C86103F222
:10915000B4500068086203F5B7600068486203F520
:10916000B0600068886203F284500068C86203F24D
:109170008C5003F5B26300681B6808634B63FFF70C
:10918000B7FE97E74FF6FF70C4E700BFEC00002082
:10919000343000204D0500204F0500206F12833A27
:1091A000A87D00205C050020480500205005002017
:1091B000640500206005002000007A447000002053
:1091C0005405002000FF7F4700000000B83B00204E
:1091D00044050020F0040020154B1B7813B1154BFB
:1091E0001A6802B9704700B583B008F0F3FAFFF7C8
:1091F000B3FC9FED117A114A07EE900A67EE877A69
:10920000FCEEE77AC2ED007AFFF772FE094B0C48DC
:109210001B680C49009108331B0103600A4A502166
:10922000012011F0FFFE094B187003B000BD00BF14
:10923000EC0000205C0500206F12833A50050020EE
:10924000580500200000001000000C084C0500200C
:109250000B48027910B400230A4C802163F34102C9
:1092600021600271084C094A094821601370094CB9
:1092700009490A4A037023600B6010BC13607047F1
:10928000AC7D002060050020640500204F05002013
:10929000EC0400205C050020E0040020E404002031
:1092A000704700BF364A37483749D0F800C008B584
:1092B000137943F002031371344A0020012308603C
:1092C0001370BCF1000F1AD0314B324A03F1800009
:1092D00052F8041F43F8041B8342F9D12E4B2F4848
:1092E0002F49304A006808604FF0010E83F800E013
:1092F0004FEA0C1313602C4B80221A6008BD244ADD
:109300002A48802111F042FE214A294910688842EA
:109310004FF001030FD0802200211D482BF012FED8
:10932000204A1D481E490023136003700B601E4B2A
:1093300080221A6008BD92F804C0BCF1020FEAD185
:10934000D1791029E7D1516940F6F77001F1FF3E5C
:109350008645E0D8107A40F002001072154A16488F
:1093600013700D4A0E4B82F800C018600D4A0801B8
:1093700001F10803114910601B010B60BBE700BF3E
:10938000AC7D00205C050020DC040020EC04002003
:1093900068050020FCFFFF0F4E050020600500203F
:1093A000E8040020E4040020E004002000000C0891
:1093B000545241434C05002080000C085805002001
:1093C000054B187838B1054B054A1B6812681343E2
:1093D00014BF012000207047EC040020E0040020AE
:1093E000E4040020474B1B78002B7FD02DE9F04F81
:1093F000454B464F1D683A68A7B08246002D5CD0A9
:109400000DF1180942484946002301E0802B76D02F
:10941000013304780C709D4200F1010001F101015B
:10942000F4D12C46ED1A384B1D60002A4CD0CDF8F3
:109430000490DFF8F080374D374EA1441FE0D3F899
:1094400004E0D3F808C056F800B0DB68C9F80C3067
:10945000C9F800B0C9F804E0C9F808C0012900F152
:10946000100004F11004A2F1100203D1B0F5803F06
:1094700028BF80203A60286009F1100912B37F2CC0
:1094800020D898F800102868022900EB0603D6D1EE
:1094900002AA102111F07AFDDDE90202DDE90431B2
:1094A000C9F80000C9F80C10C9F80420C9F8083040
:1094B00028683A6898F80010D0E7A2B12C460DF160
:1094C0001809B4E7DDF80490E2B2144C4B46216869
:1094D00050461DF069FC0C4B22681B68396801324C
:1094E0000B43226003D027B0BDE8F08F70470C49D2
:1094F000044A13700A7963F341020A71F3E71C46C8
:1095000090E700BFEC040020E0040020E404002009
:1095100068050020E804002000000010DC040020A2
:10952000AC7D00204E050020144B154A53F8203026
:109530001268934220D2F7EE007A30EE270AF6EE58
:10954000007A20EE270ADFED0F7A0F4A20EE270A75
:109550003421BDEEC00A01FB032210EE103A1BB20B
:10956000B3F5FA6FA8BF4FF4FA63D269B3F57A7F07
:10957000B8BF4FF47A731360704700BF1C560308DE
:10958000000000200000FA4464740308124B134AE0
:1095900053F82030126893421CD2F7EE007A30EE76
:1095A000270ADFED0F7A0F4A20EE270A3421BDEE9D
:1095B000C00A01FB032210EE103A40F698011BB2DC
:1095C0008B42A8BF0B46D269B3F5487FB8BF4FF4B2
:1095D00048731360704700BF1C560308000000204A
:1095E00000007A44647403080F4B104A53F820308B
:1095F0001268934216D2DFED0E7A0E4A20EE270A49
:109600003421BDEEC00A01FB032210EE103A40F2F5
:10961000E7311BB28B42A8BF0B46D269012BB8BF02
:1096200001231360704700BF1C5603080000002090
:1096300000007A4464740308704700BF2DE9F84FB6
:109640002DED028BC24EDFF86093F27899F800306E
:10965000900740F1AC80002B00F0A980BD4ABE4BC2
:10966000D2ED007A93EDAE7A27EE877AFEEE006AAD
:10967000B4EEE67AF1EE10FAB6EE006A07D4B4EE74
:10968000C67AF1EE10FA00F3D281B1EE476A93ED9B
:10969000007AB24B27EE877AFEEE006AB4EEE67AE5
:1096A000F1EE10FA83ED006A00F1BB81B6EE006ABC
:1096B000B4EEC67AF1EE10FA01DCF1EE476AA84A80
:1096C000A84B92ED006AC3ED006A67EE867ABEEEA3
:1096D000007AF4EEC77AF1EE10FA08D4B6EE007A0A
:1096E000F4EEC77AF1EE10FAD8BFB0EE677A9E4B6F
:1096F0009E4900221A6081ED007A03F015FF9C4B11
:109700001B78002B00F0B080DFF8A082994CD8F8CD
:10971000003000202060002B00F08C819FED968AA5
:10972000DFF88CA2954F964D9AED001A07EB800357
:1097300005EB800BD3ED000A9BED000A01F090F9D8
:1097400099F800308BED000A002B40F054818D4BCE
:1097500020681B78052B00F03381022B00F030814C
:1097600005EB800383ED008AB0EE480A8300F278AF
:10977000120700F1DD80844B1B6898472068834BFB
:10978000D8F8002003EB800305EB8001D3ED007ACD
:1097900091ED007A013077EE877A9042C3ED007A3E
:1097A0002060C1D37A4A13680133136060E0794ABC
:1097B00092ED007AFEEE007AB4EEE77AF1EE10FA5E
:1097C00039D4F6EE007AB4EEE77AF1EE10FAC8BFBB
:1097D000B0EE677A6049614AD1EDAD6A82ED007AF8
:1097E000FEEE007AF4EEE76AF1EE10FA08D4F6EE37
:1097F000007AF4EEE76AF1EE10FAD8BFF0EE667A7E
:10980000654A584992ED007AC1ED007A13F0FD0FD8
:10981000FEEE007AB4EEE77A10D0F1EE10FA00F125
:109820000381F6EE006AB4EEE67AF1EE10FA11DC8E
:10983000F1EE477A0EE0B0EE677ACBE7F1EE10FA80
:1098400008D4F6EE007AB4EEE77AF1EE10FAD8BF5B
:10985000F0EE477A454BC3ED007A03F065FE444BCA
:109860001B78002B7FF450AF424CDFF84081434F10
:1098700004F0A4F803F01EFED8F800302360092B92
:1098800046D83F4D9FED458ADFF82881DFF828A1B3
:10989000DFF8289198ED001A07EB830205EB830BA4
:1098A000D2ED000A9BED000A01F0DAF88BED000A18
:1098B000F378226813F0080F02F1010325D15AF85A
:1098C0002200374905EB820CD9F800204FF0340E06
:1098D00090420EFB0011B7EE007A40F6980014D2C9
:1098E000DCED007AC96977EE877A67EE887AFDEE5B
:1098F000E77A17EE902A12B28242A8BF0246B2F56A
:10990000487FB8BF4FF448720A60092B2360C1D961
:109910001A4E244D0A2323600FCE0FC50FCE0FC55C
:1099200096E8030085E80300BDEC028BBDE8F88FE4
:10993000164A1344D3ED007A77EE807A0130C3EDF6
:10994000007AD8F8003020609842FFF4EDAE29E7A5
:10995000AC7D002010000020B83B00200406002051
:109960002841002000060020F8050020FC0500200A
:10997000B8060020E8050020000000005C0600207A
:1099800034060020A87D0020EC0500208806002079
:109990008406002024410020DC43002000007A449B
:1099A000647403080C060020758E0020040000205B
:1099B000B4060020B00600201C560308000000205A
:1099C0001D4B93ED000A05EB8003D3ED007AF4EE16
:1099D000C07AF1EE10FA4FEA800308D4B7EE000A1D
:1099E000F4EEC07AF1EE10FAD8BFB0EE670AEA18CA
:1099F00082ED000ABBE60FF0AFFB0346206843B1DF
:109A0000F378190709D405EB800393ED000A83006E
:109A1000EDE7B0EE480A8300E9E79FED080A83000E
:109A2000E5E7F6EE006A4AE6F6EE007A12E7B0EEF7
:109A3000666A2CE6024FB5E6E4380020000000001C
:109A40005C0600202DE9F047B249DFF81483CB789B
:109A5000B148B24F98F800203D68DFF8089323F032
:109A6000200382B0CB70AE4BAE491B78C35CAE48CE
:109A7000A2F10104B4FA84F4AB4200784FEA541422
:109A800028BF2B460B6089F80040002840F0BA80C0
:109A9000022A00F0698107EE903AB8EEE77AF7EE15
:109AA000006AC6EE877AA149A14E02EB8202033317
:109AB00056F8220033F003039A46C1ED007A9D491F
:109AC000086006EB82013ED0DFED9B7A9B4C9C4EFA
:109AD000C4ED007AC6ED007A002D40F07B81C4ED24
:109AE000017AC6ED017A3B680025022BA560B560BE
:109AF00000F21D830023E360F360BAF1040F20D06D
:109B00003B680025062B2561356100F241836561C4
:109B10007561BAF1060F14D93B680025082BA561C1
:109B2000B56100F2FE83E561F561BAF1080F08D96D
:109B30003B680025042B2562356200F2448465628F
:109B4000756299F80040002C40F0D4807D4C3A6852
:109B500054F82A309342C0F0CC830AF1010354F840
:109B6000232039688A42C0F0FE83BAF1080F0AF157
:109B7000020300F0BF8054F8232039688A42C0F005
:109B800009840AF1030354F8232039688A42C0F09B
:109B90003C840AF1040354F8232039688A42C0F057
:109BA0004D840AF1050354F8232039688A42C0F035
:109BB0005E84BAF1040F00F09D803B68082B00F230
:109BC00087843B68042B40F295805C4E5C4D5E4878
:109BD0004FF07C5440F2DC5345F2E472A821346229
:109BE0002C6212F0E1FC3B68052B40F28380574861
:109BF000746240F2DC5345F2E472A8216C6212F008
:109C0000D3FC77E04B4A52494C4C1160002B00F0DA
:109C1000F8804FEA83084A4E0193424600212046CD
:109C20002BF090F90021424630462BF08BF9019B36
:109C30000A2B5CD004EB0801B0444FF07C52092B96
:109C40000A60C8F8002003F1010150D004EB810044
:109C500006EB8101082B0A60026003F1020146D085
:109C600004EB810006EB8101072B0A60026003F11F
:109C700003013CD004EB810006EB81014FF07C52E4
:109C8000062B0A60026003F1040130D004EB81006E
:109C900006EB8101052B0A60026003F1050126D065
:109CA00004EB810006EB8101042B0A60026003F1E2
:109CB00006011CD004EB810006EB8101032B0A6036
:109CC000026003F1070112D004EB810006EB810171
:109CD000022B0A60026003F1080108D004EB810046
:109CE00006EB810102600A600BB962627262002DAC
:109CF00040F09C802822002116482BF023F9164BB7
:109D000001241C6004F06EFB144B1C7002B0BDE813
:109D1000F08700BFAC7D00204456030800000020FF
:109D2000F500002004000020758E002008060020A9
:109D3000F4550308EC050020000000003406002064
:109D40005C0600201C560308347503086875030878
:109D50008D9500088806002084060020B8060020A3
:109D60000C000020B90600202B4B2C4C2C4E2D4A09
:109D700008604FF07C581A60C4F80080C6F8008074
:109D8000002D40F03D82C4F80480C6F804804FF0F6
:109D90007C53A360B3604FF07C53E360F3604FF0FB
:109DA0007C53236133614FF07C53636173614FF0E7
:109DB0007C53A361B3614FF07C53E361F3613B6873
:109DC0004FF07C55042B2562356200F202826562F9
:109DD00075628FE7D1E9022313488988CDED017AB6
:109DE00012F0E2FB3B68DDED017A012BC4ED017A54
:109DF000C6ED017A00F28D81C4ED027AC6ED027AD9
:109E000078E6074E4FF07C5222606260A2603260BA
:109E10007260B26003212DE7EC05002034060020BB
:109E20005C0600203996000864740308D04E4FF495
:109E30007A7345F2E472A821304612F0B5FB3D6812
:109E4000012D67D94FF47A7345F2E472A82106F127
:109E5000340012F0A9FB3D68022D5BD94FF47A73F0
:109E600045F2E472A82106F1680012F09DFB3D68FE
:109E7000032D4FD94FF47A7345F2E472A82106F10D
:109E80009C0012F091FB3D68062D2DD94FF47A739A
:109E900045F2E472A82106F59C7012F085FB3D683E
:109EA000072D21D94FF47A7345F2E472A82106F503
:109EB000B67012F079FB3D68082D15D94FF47A730E
:109EC00045F2E472A82106F5D07012F06DFB3D68F2
:109ED000092D09D94FF47A7345F2E472A82106F5E9
:109EE000EA7012F061FB3D68042D13D9A1484FF4CC
:109EF0007A7345F2E472A82112F056FB3D68052DF5
:109F000008D99D484FF47A7345F2E472A82112F003
:109F10004BFB3D68002D3FF4EDAE94ED007ADFED94
:109F2000976AF169D4ED017AB7EE006A37EE067AE6
:109F300040F6980227EE267ABDEEC77A17EE103A61
:109F40001BB29342A8BF1346B3F5487FB8BF4FF486
:109F50004873012D0B603FF4CDAE77EE867A316DFC
:109F600094ED027A67EEA67AFDEEE77A17EE903A64
:109F70001BB29342A8BF1346B3F5487FB8BF4FF456
:109F80004873022D0B603FF4B5AE37EE067AD6F873
:109F90008410D4ED037A27EE267ABDEEC77A17EE49
:109FA000103A1BB29342A8BF1346B3F5487FB8BF1F
:109FB0004FF44873032D0B603FF49CAE77EE867A26
:109FC000D6F8B81094ED047A67EEA67AFDEEE77A3B
:109FD00017EE903A1BB29342A8BF1346B3F5487FE1
:109FE000B8BF4FF44873062D0B6040F28F8237EEF6
:109FF000067AD6F85411D4ED057A27EE267ABDEE0E
:10A00000C77A17EE103A1BB29342A8BF1346B3F5B6
:10A01000487FB8BF4FF44873072D0B6043D077EEED
:10A02000867AD6F8881194ED067A67EEA67AFDEE68
:10A03000E77A17EE903A1BB29342A8BF1346B3F5E6
:10A04000487FB8BF4FF44873082D0B602BD037EE14
:10A05000067AD6F8BC11D4ED077A27EE267ABDEE43
:10A06000C77A17EE103A1BB29342A8BF1346B3F556
:10A07000487FB8BF4FF44873092D0B6013D077EEBB
:10A08000867A67EEA67AFDEEE77A17EE903A1BB273
:10A090009342A8BF1346B3F5487FD6F8F021B8BF66
:10A0A0004FF448731360D4ED087ADFED346AD6F8C4
:10A0B000EC1094ED097AB7EE006A77EE867A40F6F6
:10A0C000980267EEA67AFDEEE77A17EE903A1BB299
:10A0D0009342A8BF1346B3F5487FB8BF4FF4487307
:10A0E000052D0B603FF406AE77EE067AD6F8201108
:10A0F00067EEA67AFDEEE77A17EE903A1BB293422E
:10A10000A8BF1346B3F5487FB8BF4FF448730B6040
:10A11000F0E598F800101A4B1A4801EB810103EBA7
:10A120008101D1E90223898812F03EFADBE498F834
:10A130000010134B144801EB810103EB8101D1E9BD
:10A140000223898812F030FA3B68E560032BF56042
:10A150007FF6D3AC98F80010094B0C4801EB810155
:10A1600003EB8101D1E90223898812F01DFAC4E4CE
:10A1700064740308347503086875030800007A44A2
:10A18000F455030898740308CC7403080075030899
:10A1900098F80010C14BC24801EB810103EB81012B
:10A1A000D1E90223898812F0FFF93B686561072B2A
:10A1B00075617FF6AEAC98F80010B84BB94801EB6A
:10A1C000810103EB8101D1E90223898812F0ECF9C6
:10A1D0009FE440F2DC53B44845F2E472A82112F047
:10A1E000E3F93B686562052B75627FF683ADAF4886
:10A1F00040F2DC5345F2E472A82112F0D5F979E57A
:10A2000040F2DC53AA4845F2E472A82112F0CCF9DE
:10A210003B68C4F80480012BC6F804807FF6B7AD14
:10A2200040F2DC53A34845F2E472A82112F0BCF9D5
:10A230003B68C4F80880022BC6F808807FF6ABADF7
:10A2400040F2DC539C4845F2E472A82112F0ACF9CC
:10A250003B68C4F80C80032BC6F80C807FF69FADDA
:10A2600040F2DC53954845F2E472A82112F09CF9C3
:10A270003B68C4F81080062BC6F810807FF693ADBB
:10A2800040F2DC53864845F2E472A82112F08CF9C2
:10A290003B68C4F81480072BC6F814807FF687AD9E
:10A2A00040F2DC537F4845F2E472A82112F07CF9B9
:10A2B0003B68C4F81880082BC6F818807FF67BAD81
:10A2C00040F2DC537E4845F2E472A82112F06CF9AA
:10A2D0003B68C4F81C80092BC6F81C807FF66FAD64
:10A2E000784840F2DC5345F2E472A82112F05CF9A0
:10A2F00065E57549754A6E4801EB8A0102EB8A02F1
:10A30000342505FB03004FF07C530B601360A8213C
:10A3100040F2DC5345F2E47212F046F90AF101030F
:10A320001DE498F800105D4B654801EB810103EBDB
:10A330008101D1E90223898812F036F93B68E56191
:10A34000092BF5617FF6F1AB98F80010534B5D488F
:10A3500001EB810103EB8101D1E90223898812F02D
:10A3600023F9FFF7E2BB5949574D05EB830501EB94
:10A3700083034F49342000FB02104FF07C522A60C7
:10A380001A60A82140F2DC5345F2E47212F00CF995
:10A39000FFF7EBBB4D494C4D05EB830501EB830308
:10A3A0004349342000FB02104FF07C521A602A60AF
:10A3B00040F2DC5345F2E472A82112F0F5F80AF1FC
:10A3C0000303FFF7E0BB98F80010344B364801EB6D
:10A3D000810103EB8101D1E90223898812F0E4F8BD
:10A3E0003B686562052B75627FF6ABAB98F8001091
:10A3F0002A4B2E4801EB810103EB8101D1E90223B5
:10A40000898812F0D1F8FFF79CBB30492E4D05EB3F
:10A41000830501EB83032649342000FB02104FF033
:10A420007C521A602A6040F2DC5345F2E472A821A3
:10A4300012F0BAF80AF10403FFF7ADBB2349224D2D
:10A4400005EB830501EB83031949342000FB02105F
:10A450004FF07C521A602A6040F2DC5345F2E472FD
:10A46000A82112F0A1F80AF10503FFF79CBB1749D8
:10A47000154C04EB830401EB83030D49342000FBEE
:10A4800002104FF07C5222601A60A82140F2DC5387
:10A4900045F2E47212F088F8FFF78BBBF45503081D
:10A4A0009C750308D07503083475030868750308A4
:10A4B0006474030898740308CC74030800750308D7
:10A4C0000476030838760308340600205C06002072
:10A4D000104E114D11484FF07C5440F2DC5345F2C0
:10A4E000E472A821B461AC6112F05EF83B68092BFC
:10A4F0007FF667AB0A48F46140F2DC5345F2E47240
:10A50000A821EC6112F050F8FFF75BBB042D3FF47B
:10A51000F1ABC8E5340600205C0600200476030891
:10A52000387603082DE9F0411E4C054607F052F934
:10A53000D4E9022390429941F8D30121284600F042
:10A54000B5FE01210746284600F0FCFE9F21384653
:10A5500000F0D8FF144E154B3446187006F105086C
:10A560000021384600F0CEFF04F8010B4445F7D136
:10A570002846002100F0E6FE33783279B17874780D
:10A58000F0781F2B08BF282C42EA01020CBF0123E0
:10A590000023012808BF002A0CBF0120002018401A
:10A5A000BDE8F081B02F002018000020BB0600207D
:10A5B00070B5194C054607F00DF9D4E90223904215
:10A5C0009941F8D30021284600F070FE012106468B
:10A5D000284600F0B7FE8021304600F093FF0F4C74
:10A5E00000212070304600F08DFF002120703046A1
:10A5F00000F088FF00212070304600F083FF00212A
:10A600002070284600F09EFEBDE870402322002303
:10A61000012007F01FBA00BFB02F0020BB060020AA
:10A62000F8B52A4C054607F0D5F8D4E90223904244
:10A630009941F8D30021284600F038FE0121074651
:10A64000284600F07FFE3D21384600F05BFF204E9B
:10A650002A213070384600F055FF8021307038468E
:10A6600000F050FFA6213070384600F04BFF00216B
:10A670003070284600F066FE48F6B802002301203C
:10A6800007F0E8F907F0A6F8D4E9022390429941CF
:10A69000F8D30121284600F009FE0121044628468E
:10A6A00000F050FED721204600F02CFF0021307032
:10A6B000204600F027FF074C00212070284600F0BC
:10A6C00041FE207800F00100F8BD00BFB02F00204F
:10A6D000BB060020BA06002010B50320FFF768FF74
:10A6E0000320FFF71FFF04460320FFF799FF2040D8
:10A6F000C0B210BD00000000534B1B68002B40F09F
:10A7000094802DE9F04F514B514E1F68514D85B04B
:10A710008DED030A0024504B06FB0737380CFDF77C
:10A72000C1FD47A3D3E90023FDF750FF02460B46C6
:10A73000FDF76CFC22462B46FDF766FC464B06FBFC
:10A7400007378246380C8B46FDF7ACFD3CA3D3E9B6
:10A750000023FDF73BFF02460B46FDF757FC224660
:10A760002B46FDF751FC5246CDE900015B465046B1
:10A770005946FDF701FE80468946DDE900010246A3
:10A780000B46FDF7F9FD02460B4640464946FDF7EC
:10A790003DFC22462B4680468946FEF773F800288A
:10A7A000B9D10022002340464946FEF74DF8002863
:10A7B000B1D1264B294C1F6049EC108B26F0F0F8E4
:10A7C000002251EC100B4FF04043FDF7D5FD4246FF
:10A7D0004B46FDF7FBFE41EC100B26F0A9F957ECB8
:10A7E000106BDDE9000132463B46FDF7C5FDFEF783
:10A7F0009BF8154D2060012432463B462C605046A4
:10A800005946FDF7B9FD044603980D46FDF75CFD7A
:10A8100002460B4620462946FDF7AEFDFEF784F8BA
:10A8200000EE100A05B0BDE8F08F0C4AD2ED007AB8
:10A83000054A002320EE270A13607047AFF300801B
:10A840000000E0FFFFFFEF41C806002024000020C9
:10A850000D6619000000F03F5FF36E3CC406002057
:10A8600010B5044607F07AF80023C4E90003C4E9F0
:10A87000023310BD10B5C160044607F06FF82060C8
:10A8800010BD00BF10B5044607F068F82368C01A71
:10A89000B0F57A7F8ABF0020B4F90C00E06010BDEB
:10A8A00003787BB343781C4A0133A2FB031202F402
:10A8B000FF7101EB52029B1A00EB8302437082EDA1
:10A8C000010A90ED017A90ED020AD0ED037AB4EE20
:10A8D000C07AF1EE10FA0EDDB4EEE77AF1EE10FA7E
:10A8E000D8BFF0EE477AB4EEE70AF1EE10FAD8BF1F
:10A8F000B0EE670A7047F0EE406AB0EE470AB0EE7D
:10A90000667AE9E7012380ED030A80ED020A80ED13
:10A91000010A0380704700BFABAAAAAAD0F80021A1
:10A92000012A34D090F80C31A3B93AB100F1800378
:10A9300003EB8201A3EC010A8B42FBD107EE902AC4
:10A94000F8EEE77A012367EE807A80F80C31C0EDEB
:10A95000447A7047D0F80831D0ED447A00EB830197
:10A96000D1ED206A81ED200A07EE102A77EEE67A13
:10A97000B8EE477A77EE807A013387EE870AB3FB29
:10A98000F2F102FB1133C0F80831C0ED447A704790
:10A990000B46202B10B51146044613D8013BB3FAE1
:10A9A00083F3C3F1200301209840042200F1FF3C0F
:10A9B0009A40C4E9400C2046FEF72EF9002384F8A3
:10A9C0000C3110BD80224FF01F0C2020F1E700BF9A
:10A9D00090F80C31D0F80011FBB100B5D0E941E29C
:10A9E000531C03EA0E0300EB820282ED200A9FED66
:10A9F000130AC0F8083179B1024600EB810CB2ECC1
:10AA0000017A00EB8301D1ED207A01339445A7EE62
:10AA1000270A0EEA0303F2D100BD39B100F1800329
:10AA200003EB8101A3EC010A9942FBD1002201232F
:10AA3000C0F8082180F80C31704700BF000000000A
:10AA4000DFED067A20EE277AF7EE006AC6EE877A07
:10AA500077EEA07A80EEA70A704700BFDB0FC940EF
:10AA600070EEC00AA0EE810A704700BFDFED0C7ADD
:10AA70009FED0C7A20EE270AF7EE006AC6EE807A88
:10AA80000023037027EE877AC6EEA75A86EE876A00
:10AA9000C0ED017AC0ED025A80ED036A704700BF35
:10AAA000DB0FC940F304353F0378F0EE407AD3B1B1
:10AAB000D0ED076A90ED027A30EE666A20EE877A72
:10AAC000F0EE667AE6EE077A90ED080A90ED037AEA
:10AAD000C0ED077A60EE870A37EEC07AA7EE200A4B
:10AAE00080ED080A704701230370C0ED077A80EDFE
:10AAF000080A7047B5EEC00AF1EE10FA02DC9FEDCD
:10AB0000050A7047F1EEC07AB7EE007A87EE270AA1
:10AB1000704700BF00000000254B00B5D3ED007A60
:10AB2000F4EE417AF1EE10FA87B0F0EE406A13D1FC
:10AB3000204A214B92ED000AD3ED007A20EEA77A4D
:10AB400060EE800AA6EE807AE6EEE70A80ED007AF3
:10AB5000C1ED000A07B000BD8DED040AB0EE410A58
:10AB6000CDE90201CDED050A8DED001A26F08EF932
:10AB70009DED001A104A8DED011AF0EE407AB0EE0C
:10AB8000410AC2ED007ACDED007A26F03FF9094A7C
:10AB90009DED011A064BDDED050ADDED046ADDEDE4
:10ABA000007A83ED001ADDE9020182ED000AC5E7B3
:10ABB000C006002020000020BC060020012AB0F9B9
:10ABC00000C0B1F900300FD0032A08D0022A04D106
:10ABD000CCF1000CA0F800C05B420B8070475B42D8
:10ABE000038063460B8070470380CCF100030B8029
:10ABF000704700BFB5EEC00AF1EE10FA08D5DFEDE0
:10AC00000C7A30EE270AB5EEC00AF1EE10FAF8D44D
:10AC1000DFED077AB4EEE70AF1EE10FA06DB30EE6C
:10AC2000670AB4EEE70AF1EE10FAF8DA704700BFEF
:10AC3000DB0FC940DFED107AB4EEE70AF1EE10FA4F
:10AC400009D59FED0E7A30EE070AB4EEE70AF1EE71
:10AC500010FAF8D47047DFED0A7AB4EEE70AF1EEA5
:10AC600010FA08DB9FED057A30EE470AB4EEE70AEA
:10AC7000F1EE10FAF8DA7047DB0F49C0DB0FC9407C
:10AC8000DB0F4940B4EEE00AF1EE10FA02DD30EEDF
:10AC9000600A7047F1EE607AF4EEC07AF1EE10FAD5
:10ACA00002DD30EE200A70479FED010A704700BFB9
:10ACB0000000000021EE211A70EE417AF4EEE07AF5
:10ACC000F1EE10FA0ADC31EE001AF4EEC10AF1EEF0
:10ACD00010FAD4BFF0EE607AF0EE417AB0EE670A77
:10ACE000704700BF60EE810AF1EE607AF4EEC07A40
:10ACF000F1EE10FA02DD30EE800A7047F4EEC00A81
:10AD0000F1EE10FA02D530EE600A70479FED010AAD
:10AD1000704700BF0000000000B52DED108BDFED87
:10AD2000EB4A8DB09E460023CDE90933CDE90633C9
:10AD3000CDE903338DED010A0B9308930593B0EE33
:10AD4000649AB0EE644AF0EE642AB0EE641AF0EE53
:10AD5000643A002900F0AB8101EB410CB0EE643A9B
:10AD6000B0EE642AF0EE641AF0EE640AF0EE649A33
:10AD7000B0EE64AAF0EE64AAB0EE64BAF0EE64BA83
:10AD800000EB8C0CB0EE640AB0EE648AF0EE648ADC
:10AD9000D0ED006A90ED017AD0ED027A26EEA65A47
:10ADA00067EE075A27EEA76A0C308445E6EE85AABF
:10ADB000E7EE250AA7EE863AE6EE878AA6EEA78A90
:10ADC000A7EE270AE5EE073AA5EE271AE6EEA52A32
:10ADD000A5EEA74AA6EE869AE7EE064A7BEEA6BA4D
:10ADE0003BEE05BA3AEE07AA79EEA59A71EEA71ADC
:10ADF00032EE062ACCD1CDED051A8DED082ACDED27
:10AE000003BA8DED06BACDED09AA8DED04AACDEDFC
:10AE1000079ACDED0A0A8DED0B3AB0EE6B2AF0EEF3
:10AE20004A1AB0EE4BDAF0EE69DA07EE901AF8EE55
:10AE3000677AB7EE007AC7EE276A0020DDED0A7A5E
:10AE4000DDED08CA66EEA33A26EE844AE6EEA73A9E
:10AE5000A6EE814AE6EEA43A26EE822A66EEA11A12
:10AE60009DED051A26EE8DDA66EEADDA26EE811A34
:10AE7000B0EE63BA22EE023A61EEA13A66EEACCAD7
:10AE80003DEE8DCA61EE010A33EE236A3CEE2CCA18
:10AE900036EE206AB8EE00EAB0EE4C7AA6EE0E7AF4
:10AEA00066EEA2BA37EE067AF6EE00EA36EE477A9A
:10AEB0002CEE2EFAF0EE477AE6EE0E7A9DED096A58
:10AEC000E6EE86BA9DED0B6AE6EE89BAA6EE264A54
:10AED00077EE8C7A27EE2E7A66EEA88A26EE888A9E
:10AEE00026EE800AF2EE00FAFAEE006A6BEEA6BADF
:10AEF0002BEE26BA64EE26AA67EEAF7A3FEE075A2B
:10AF0000B0EE416AF0EE615AF0EE426AF3EE002ACA
:10AF100019E024EE044A37EE497AA4EEA44A77EE0B
:10AF2000277AA5EE054ADDED014A27EE2E7A77EE67
:10AF30008C7AB4EEE44AF1EE10FA67EEAF7A3FEEA7
:10AF4000075A40F39E8068EE064A20EE064A36EE27
:10AF5000A6AAE8EEA54A013080B2A6EEA84AB1EE54
:10AF6000439A39EE479AAAEE423AB0EE63AAF1EE5E
:10AF7000633A73EEC73AE9EE024A36EE069AA3EE5A
:10AF8000A14AF0EE603AE1EE493A33EE0D3A73EE43
:10AF9000AC3AF1EE600A70EEC70AB0EE677AA3EE43
:10AFA000227AB0EE673AE3EEA27A75EE2D3A75EEAC
:10AFB000A59AE6EEC23AA9EEE1AAE1EE463A3AEEE9
:10AFC0002DAAA3EEA54AAAEE223AF0EE4B3AB5EE30
:10AFD000407AE4EE223AF1EE10FAB5EE403A08BFBC
:10AFE000B7EE007AF1EE10FA08BFB7EE003A83EE42
:10AFF000834A75EE0D3A3CEE855AE1EE463AA6EEEE
:10B00000C25AE5EEE13AA5EEE15AE3EEA64AF0EEC9
:10B010006B3AE4EEA23AF5EE407AC3EE874A20EEB0
:10B02000257AF0EE6A3AA6EE887AF1EE10FAA1EEF1
:10B03000207A08BFF7EE007AA5EE067A904275EE08
:10B04000C45AE7EE223A76EEE46A83EEA75A65EE3A
:10B05000A17A36EE456AE6EE827A26EEA63AE1EE6F
:10B06000067A65EEA53A66EE060A67EE8E7A33EE4C
:10B07000237A3CEE279A37EE207A39EE079AFFF4CE
:10B0800048AFB5EEC09AF1EE10FACEED006ACEED03
:10B09000015A8EED026A01D5B1EE499AF1EEC97AF4
:10B0A0001E9BC3ED007A0DB0BDEC108B00BD9DED75
:10B0B000032ADDED041A9DED06DADDED07DAB0EEC8
:10B0C000640AB0EE648AF0EE648AAEE60000000026
:10B0D000002946D09FED246A92ED004AD2ED014A44
:10B0E00092ED025A01EB4103F0EE465A00EB830366
:10B0F00090ED007AD0ED016A37EE447AF0EE657A91
:10B10000E7EE077A76EEE46A90ED027AE6EEA67A4A
:10B1100037EE457AE7EE077AB1EEE77A77EE407AD6
:10B12000F5EEC07AF1EE10FA0BD40C30834236EE15
:10B13000276ADDD107EE901AF8EE677A86EE270AC5
:10B140007047B1EE477A37EE407A0C30984236EECF
:10B15000076ACDD107EE901AF8EE677A86EE270AD5
:10B1600070479FED010A70470000000008B51A4BB8
:10B170001A4993F800C00022134660F30F23BCF174
:10B18000050F0A710B6022D0154B1B795A0613D498
:10B19000C3F380130B7006F0E1FB124B0021186023
:10B1A000282006F04BFC2920002106F047FCBDE8D2
:10B1B000084002200AF03ABF0B4B1B78002BE9D065
:10B1C00023F0BAFC0549012213468A70E2E7BDE884
:10B1D0000840342118F014BDA87D0020D0060020BE
:10B1E000AC7D0020CC060020718E002010B52D4CC7
:10B1F000237882B0002B35D0A378E27833BB32BB02
:10B20000019206F0ABFB284B1B6803F5922303F574
:10B210007873984231D901200AF008FF08200EF017
:10B2200037F823783BB123F0D3FC019A2270022037
:10B23000A2700AF00DFF60780022342118F0E0FCC3
:10B24000607802B0BDE8104019F0A6BCFAB10AF06F
:10B250005BFF6421292006F0F1FB607819F09CFC6B
:10B2600023780BB902B010BD002302202370A37015
:10B2700002B0BDE810400AF0EBBE292006F034FC15
:10B280000028EFD06421292006F0D8FBD8E723F06E
:10B29000C5FC08B9E278B2E7607823F02DFD0246DC
:10B2A000E070ACE7D0060020CC060020204B214AFD
:10B2B00030B500EB400503EB00101F4BC07803EBEB
:10B2C000401302EB85005C68D0E901C3002918BF78
:10B2D00063461A4908889BB2984283B002D120463F
:10B2E00003B030BD0B8020460021019325F0FAF910
:10B2F0002188104A019B12F82500114D21F03802D7
:10B30000134323802B88834208D02388288060B988
:10B3100023F003032380052006F09AFA204601213A
:10B3200025F0E0F9204603B030BD43F00303F1E718
:10B33000206E030860560308C06E0308D80600207C
:10B34000D606002008B50001094B1A5C3AB1083056
:10B35000184429B1BDE80840002110F09DBE08BD89
:10B36000012110F099FEBDE80840012006F070BAF6
:10B37000206E030810B5594C237813B1A378002B25
:10B3800048D1237C13B1A37C002B4FD194F82030FB
:10B390001BB194F82230002B53D194F830301BB1FC
:10B3A00094F83230002B57D194F840301BB194F808
:10B3B0004230002B5BD194F850301BB194F85230DE
:10B3C000002B5FD194F860301BB194F86230002BF1
:10B3D00063D194F870301BB194F87230002B67D1B0
:10B3E00094F880301BB194F88230002B6BD194F824
:10B3F000903013B194F8923003B910BD3848012150
:10B4000010F04AFE012006F023FABDE81040642047
:10B4100006F0AABA012104F1080010F03DFE012057
:10B4200006F016FA642006F09FFAAAE701212D48DB
:10B4300010F032FE012006F00BFA642006F094FAB8
:10B44000A4E70121284810F027FE012006F000FAA9
:10B45000642006F089FAA0E70121244810F01CFEC0
:10B46000012006F0F5F9642006F07EFA9CE7012140
:10B470001F4810F011FE012006F0EAF9642006F0E2
:10B4800073FA98E701211B4810F006FE012006F030
:10B49000DFF9642006F068FA94E70121164810F0FD
:10B4A000FBFD012006F0D4F9642006F05DFA90E778
:10B4B0000121124810F0F0FD012006F0C9F96420C6
:10B4C00006F052FA8CE701210D4810F0E5FD01204D
:10B4D00006F0BEF9642006F047FA88E7206E0308FC
:10B4E000B86E0308386E0308486E0308586E0308E8
:10B4F000686E0308786E0308886E0308986E030868
:10B50000A86E0308F8B505460F464FF480544FF671
:10B51000FF7603E0013CA4B2B44208D002212846E1
:10B5200025F0FAF80028F5D00CB92046F8BD3946C8
:10B53000284625F0E5F84FF480544FF6FF7603E0F7
:10B54000013CA4B2B44207D00121284625F0E4F81A
:10B550000028F5D0002CE8D0284625F0CDF8C0B260
:10B56000F8BD00BF2DE9F04F85B0074603936C4B43
:10B570000191D3F800A09346002800F08280694B27
:10B580001B78834200F0C680DFF8A0910121384685
:10B590004FEA0718FFF78AFE19F8083002930446AD
:10B5A0002BB108F108004844002110F075FD4FF45C
:10B5B00080564FF6FF7504E0013EB6B2AE4200F091
:10B5C0008F800221204625F0A7F80028F4D0002E15
:10B5D00040F0868009EB08035B78042B56D0BBF162
:10B5E000000F18D0039E0197B3444FF6FF754FF438
:10B5F000805703E0013FBFB2AF422BD0022120466B
:10B6000025F08AF80028F5D027BB384606F8010B4C
:10B610005E45ECD1019F029B43B108F1080048440C
:10B62000012110F039FD012006F012F93C4B186899
:10B63000504507D03C4B07EB470703EB87039A685D
:10B6400001329A60A0EB0A00B0FA80F0400905B020
:10B65000BDE8F08F0021204625F052F84FF48057C6
:10B6600003E0013FBFB2AF4207D00121204625F0E1
:10B6700053F80028F5D0002FC7D0204625F03CF81D
:10B68000C4E7019B43F0800301937DE74FF48056AC
:10B690004FF6FF7503E0013EB6B2AE4207D002217D
:10B6A000204625F039F80028F5D0002E97D000214B
:10B6B000204625F025F84FF480564FF6FF7503E03D
:10B6C000013EB6B2AE4207D00121204625F024F853
:10B6D0000028F5D0002E82D0204625F00DF87EE718
:10B6E0000199204625F00CF84FF480564FF6FF756F
:10B6F00003E0013EB6B2AE4208D00121204625F05B
:10B700000BF80028F5D0002E3FF464AF204624F05B
:10B71000F3FF5FE7012AB4D941F0C003019333E797
:10B72000DC060020F7000020A48E0020206E030815
:10B730002DE9F04FDFF840B1DFF840A185B0804639
:10B7400002938946DBF80030009300211746FFF78B
:10B75000ADFD4FEA081304461AF803200393019243
:10B760002AB103F108005044002110F095FC4FF479
:10B7700080564FF6FF7503E0013EB6B2AE4260D090
:10B780000221204624F0C8FF0028F5D0002E58D111
:10B79000EFB1029ECDF8088037444FF6FF7516F8DA
:10B7A000019B4FF4805805E008F1FF381FFA88F834
:10B7B000A8452CD00221204624F0AEFF0028F3D06B
:10B7C000B8F1000F23D1B742E9D1DDF80880019B21
:10B7D00043B1039808305044012110F05DFC012072
:10B7E00006F036F8DBF80000009B984207D0214BAA
:10B7F00008EB480803EB88039A6801329A60009BC3
:10B80000C01AB0FA80F0400905B0BDE8F08F494693
:10B81000204624F075FF4FF4805905E009F1FF3907
:10B820001FFA89F9A94508D00121204624F074FFA8
:10B830000028F3D0B9F1000FC5D0204624F05CFFFA
:10B84000C1E74946204624F05BFF4FF480564FF68F
:10B85000FF7503E0013EB6B2AE4207D0012120469B
:10B8600024F05AFF0028F5D0002E91D0204624F075
:10B8700043FF8DE7A48E0020DC060020206E030825
:10B8800010B53D4A3D4B3E49D3ED007A91ED000A9B
:10B890003C4B3D4C3D483E4993ED007A90ED006AAB
:10B8A0003C4B3D482DED048B92ED008A3B4A94EDD4
:10B8B000009AD2ED005A3A4AD1ED008AD2ED006AE0
:10B8C000384C3949394A78EE670A38EE278A30EE23
:10B8D000250AD3ED007A364B70EEC70A38EE478A58
:10B8E00039EE069A78EEE68A70EEA70A38EE678A95
:10B8F00030EE000A78EEA88A39EE099A84ED008AC3
:10B9000080ED009AC1ED008A82ED000AC3ED000AC5
:10B9100025F06EF9DFED277A274CF4EEE78AF1EE99
:10B9200010FA84ED010A24D49FED240AF4EEC08AB3
:10B93000F1EE10FAD8BFB0EE680A25F02DF9204BD1
:10B940001B78F1EE407A012BC4ED007A06D11D4B35
:10B95000D3ED007A77EEC07AC4ED007AF0EE480AB3
:10B96000B0EE490A25F044F9BDEC048B84ED020ADF
:10B9700010BDB0EE670AE0E7D00F0020C00F002036
:10B98000CC0F0020B40F0020BC0F0020C40F0020FB
:10B99000B80F0020AC0F0020A40F0020B00F002033
:10B9A000C80F0020A80F0020A00F00209C0F00202F
:10B9B000980F0020EFFF7FBF347D0020EFFF7F3F17
:10B9C000758E0020CC380020F8B5584C584F594E91
:10B9D000594D2DED068B94ED028AF6EE009A28EE75
:10B9E000298AB0EE480A25F011FAB0EE409AB0EE7E
:10B9F000480A25F04BFAD4ED018A68EEA98AB0EE28
:10BA0000408AB0EE680A25F001FAF0EE40AAB0EEE6
:10BA1000680A25F03BFA94ED00AA484C2AEE29AAC0
:10BA2000F0EE408AB0EE4A0A25F0F0F9F0EE409AC6
:10BA3000B0EE4A0A25F02AFA28EE2A5A28EE288A79
:10BA400020EE456A69EE288A68EE005AA8EEA96AD7
:10BA500029EE2A9A66EE066AE9EE295A68EE297AF4
:10BA6000E5EEA56AE9EE007A20EE687AB0EE660AA5
:10BA7000A5EE297AA7EEA70AC7ED005AA7EE070A96
:10BA800084ED007A86ED006AC5ED007AFFF732F8A2
:10BA900094ED006AD7ED006A96ED007AD5ED007A54
:10BAA00027482849284A294B60EE266A20EE077A63
:10BAB00060EE277A20EE060ABDEC068B66EEA61A2B
:10BAC00066EEA72A26EE803A67EE073AC7ED006ACF
:10BAD00084ED000AC0ED001AC1ED002A82ED003AA3
:10BAE000C3ED003A26EE872A27EE274A67EE004A82
:10BAF00027EEA75A67EE805A20EE006A144F154CC5
:10BB000015481649164A174B86ED007AC5ED007A9E
:10BB100087ED002A84ED004AC0ED004A81ED005A0D
:10BB2000C2ED005A83ED006AF8BD00BF347D0020ED
:10BB3000E00F0020DC0F0020D80F0020D40F0020E1
:10BB4000D00F0020C80F0020C40F0020C00F00201D
:10BB5000CC0F0020BC0F0020B80F0020B40F002035
:10BB6000B00F0020AC0F0020394B3A4AD3ED004A09
:10BB7000DFF8FCC0384BD2ED005A93ED002A9CED63
:10BB8000006A91ED013A354A354BD1ED022A74EE47
:10BB9000866A75EEC27AB7EE005AB0EE004AF0EE51
:10BBA000453AE6EEC43A37EEA77AD2ED006AD1ED17
:10BBB000007A2C4A27EE037A93ED003A2A4BA3EE43
:10BBC000A77A76EE837AD3ED003A284B77EEA77A00
:10BBD00074EEA34AA7EEA27A76EE237AB0EE456A17
:10BBE000A7EEC46AD3ED002AD2ED007A80ED007A88
:10BBF000D1ED011A35EE827A26EE216A91ED002A06
:10BC000037EE077A77EEE25AA7EE026A75EEA55A8A
:10BC100091ED027AA5EE876A77EEA27A80ED016A4D
:10BC200036EEC37A91ED016AD1ED006A77EEA77A1C
:10BC300037EE077A67EE867AA4EEC45AE7EE267AE4
:10BC400091ED027AE5EE077AC0ED027A704700BF07
:10BC5000B40F0020BC0F0020C40F0020B80F00203C
:10BC6000C80F0020B00F0020C00F0020CC0F002014
:10BC7000AC0F00200A480B4990ED007A0A4A0B4BA2
:10BC8000D1ED007AD2ED006A67EEC77A93ED007AC3
:10BC9000E6EE877A77EEA77A27EE800A704700BF34
:10BCA000DC0F0020D40F0020E00F0020D80F002070
:10BCB000094A0A4BD2ED007A93ED007A084B77EEF1
:10BCC000C77A93ED007A074B77EEC77A93ED000AB7
:10BCD00037EE800A704700BFD00F0020C00F002051
:10BCE000B40F0020AC0F002008B50E4A0E4B52785E
:10BCF0009FED0E0A520783ED010A83ED000A05D578
:10BD000083ED020ABDE80840FFF75EBE22F022FD87
:10BD1000054B074A82ED000A83ED020ABDE80840A0
:10BD2000FFF752BEAC7D0020347D002000000000F3
:10BD300058BD00202DE9F04F854B864C93ED027ADB
:10BD4000D4ED007ADFF858B2DFF85892824F834E74
:10BD5000DFF85482DFF854A2E7EE007A2DED028B73
:10BD6000B0EE670A83B0C4ED007AFEF743FF99EDA9
:10BD7000007ADBED007AD6ED000A84ED000A77EE5A
:10BD8000877A97ED007A764C77EEC77AB0EE408AE4
:10BD900077EEE00A98ED000ADAED007A30EE270A35
:10BDA00030EE000A24F024FF6E4B83ED020A627A23
:10BDB000D209F0EE407A1CD16B4B6C4D93ED000A2A
:10BDC00037EEC00AFEF716FF694BD5ED007A83ED1A
:10BDD000000A30EE670AFEF70DFF637A654A23F02A
:10BDE000800382ED000A637203B0BDEC028BBDE8F4
:10BDF000F08F6278530740F19F805F4A5B4D92ED70
:10BE0000250A95ED007A30EE070A30EE670AFEF754
:10BE1000F1FE9FED5A7A20EE078AF6EE007A28EEC0
:10BE2000278AB0EE480A24F0F1FF8DED010AB0EE4A
:10BE3000480A25F02BF8524A5249D2ED006A9DED8E
:10BE4000015A91ED007A504B5048D3ED007A66EEDE
:10BE5000805A20EE676AE7EE055A20EE477AC1ED78
:10BE6000005AA6EE857A65EEA56AD0ED005A82EDFD
:10BE7000007AA5EE856A67EE857AE6EE066AE5EE5B
:10BE8000807AB0EE660AA7EE070A80ED006AA7EE98
:10BE9000A70AC3ED007AFEF72DFE324B3B48D3EDE7
:10BEA000027A374A384B90ED006A3649D3ED005A92
:10BEB00092ED007AD1ED006A20EE066A60EE266A05
:10BEC00020EE077A20EE250A66EE065A26EE265A5E
:10BED00080ED006ACBED005A66EE075A26EE006A46
:10BEE00083ED000A8AED006A26EEA66A82ED007AEA
:10BEF00066EE874A264B89ED006A27EE076A27EE31
:10BF0000007A244A83ED007AC1ED006A164BC8ED31
:10BF1000004A66EE806A20EE000AC2ED006A86EDF5
:10BF2000000A1D4A93ED000A1C4B87ED006A82ED62
:10BF3000005AC3ED005A43E738EE400AFEF75AFEB6
:10BF4000094A084B094DD3ED027A82ED000A37E722
:10BF50004C7D0020700F0020B40F0020AC0F00209B
:10BF6000AC7D0020347D0020E006002064BD002070
:10BF70005CBD002054BD0020B0A800200AD7A33C1F
:10BF8000D80F0020DC0F0020D40F0020E00F00208D
:10BF9000B00F0020B80F0020CC0F0020C80F0020E9
:10BFA000D00F0020C00F0020BC0F0020C40F0020C5
:10BFB00062EE026A2DE9F04FE1EEA16ACD4BDFF8A7
:10BFC000A8B3DFEDCD5A93ED006A9BED007ADFF860
:10BFD0009CA3CA4BDFF89883C94CCA4ECA4DCB4FBD
:10BFE000DFF89093E2EEA26A2DED108BF1EEE6EA17
:10BFF00085B0F7EE007AEEEEE57A9AED008AD8ED9C
:10C0000000CAD4ED00DACDED013A27EE07DAF0EE02
:10C01000408A27EE860A83ED00DA27EE08AABC4B99
:10C020008DED024A20EE000AFEEE007A83ED00AAB2
:10C0300027EE2CEA20EE270AB64BC9ED00EA68EE9F
:10C04000087A83ED00EAC6ED007AB34B68EE2C7AED
:10C0500028EE2D8AC5ED007A83ED008A6CEEAC7A6D
:10C06000AE4B6CEEADCAC3ED007AAD4B27EE2D7A28
:10C07000C3ED00CA6DEEADDAAA4B87ED007AB6EEDD
:10C0800000FAF0EE609A64EE8FAAB0EE42BAF0EEDB
:10C0900061BAB0EE62CAB0EE419AF0EE43FAC3ED77
:10C0A00000DA24F0A7FDF5EEC0EAF1EE10FAF0EEAA
:10C0B000400A40F3E4809C4B93ED027AC7EE2E7A5F
:10C0C0009FED9A7AF4EEC77AF1EE10FA40F1C8804B
:10C0D000974B9FED981A93ED000AFEF7C1FC944B25
:10C0E00099ED007A83ED000A934B1A78934B052A59
:10C0F000D3ED006A924BF2EE0E7A08BFF0EE407A72
:10C1000083ED000A67EEA67A8E4BB5EEC07AC3EDDA
:10C11000007A8D4B0021F1EE10FA197040F3AA80DD
:10C12000B7EE006AC6EE076A88493DEE2DDAF0EEFA
:10C13000005ABFEE006AADEE256A2BEE26BA38EE45
:10C140004E8A3AEE2CAA6BEEA6BA2CEE26CA38EE30
:10C15000088A3AEE0AAA6BEE466A2CEE487AEAEEB4
:10C160000C6A2BEECAAAA6EE2B7AA8EE0BAAE7EE73
:10C17000A68AE7EE879AA7EE8A9AC1ED006A81ED5A
:10C18000017A81ED02AA01211970714B197AC90750
:10C1900009D55978480706D4D978C1F340008907F2
:10C1A00001D4052A7FD098ED007A9BED006ADAED84
:10C1B000006A94ED004A29EE2A9A68EEAA8A69EE8E
:10C1C000AA9A67EE094A29EEC75AE6EE284AA6EE71
:10C1D000E85AE4EE694A69EE665AA4EE495AE6EE78
:10C1E000295A66EEA97A76EEA46AE6EE097AE4EEBA
:10C1F000285A36EE056A26EEA60AE7EE687AA6EE1B
:10C20000060A37EE257A77EE847AA7EE070A8BEDD9
:10C21000006AA7EEA70ACAED006A88ED007AC4EDAD
:10C22000007AFEF767FC9BED006ADAED006A98ED94
:10C23000007AD4ED007A26EE006A66EE806A27EE78
:10C24000007A67EE807A8BED006ACAED006A88EDAD
:10C25000007AC4ED007A05B0BDEC108BBDE8F08F1C
:10C260009FED3C7AF4EEC77AF1EE10FA07D560EE56
:10C270000F0A2DE738490B8833B1354B86E7DFEDE0
:10C28000377A60EEA70A23E7DFF8ECC0304BBCF842
:10C2900000000130ACF80000587940F0800058717F
:10C2A0000220088072E7DDED017A1A7A27EEA70AEC
:10C2B000DDED027AAFEEAF0A60F300021A72A7EE6C
:10C2C000A70AB4EE400AF1EE10FA0DD19FED248AD0
:10C2D000B4EEC80AF1EE10FA06DC9FED22BAB4EE15
:10C2E000CB0AF1EE10FA49DC5A7842F004025A7097
:10C2F00059E700BF440000207CD6D03DD00F00207D
:10C30000D40F0020C00F0020BC0F0020C40F00205D
:10C31000CC0F0020C80F0020B80F0020B40F002061
:10C32000B00F0020AC0F0020587D0020333333BF06
:10C3300028000020CDCCCC3DA87D00204800002066
:10C34000940F0020F80F0020600F0020640F0020E1
:10C35000AC7D00209A9999BE740F00200000000067
:10C36000CAF24971BD378635E00F0020DC0F00208E
:10C37000D80F0020F40F0020900F00200393FEF749
:10C38000B9FB5F4B9DED017AD3ED007A5D4BD6EDA5
:10C39000006A93ED006A97ED004AD5ED005A5A4BBA
:10C3A00067EE00BA9DED027A93ED005A574B27EEE7
:10C3B00000AAB6EE007A77EE666A37EE467A2FEE7E
:10C3C00080CA37EE677A36EEE70A75EEC47AD3EDA7
:10C3D000004A4F4B67EEAB7A75EE845AE7EE0C7A63
:10C3E00020EE2B0A93ED007A4A4BA5EE8C0AD3ED92
:10C3F000005A039B37EE654A75EE243AA4EE0A0A0A
:10C40000E3EE8A7A30EE000A77EEA77A20EE000A91
:10C41000A7EEA70AB4EE400AF1EE10FA7FF464AF7B
:10C42000B4EEC80AF1EE10FA3FF75EAFB4EECB0AF5
:10C43000F1EE10FA7FF758AF37EE258A35EE645AE1
:10C4400028EE2B8A76EEC66AA5EE0C8AA6EE8A8ABC
:10C45000FEF750FB2B4BD6ED007A93ED006A2A4B8A
:10C4600095ED005AD3ED005A284BD3ED004A244BEA
:10C4700093ED004A274BD3ED006A254B93ED007AEC
:10C48000254B76EE876AB6EE007A77EE677A38EE5D
:10C49000088A37EE467A77EEC67A35EEE46A37EEEA
:10C4A000447A26EE086A75EEA45AA7EE006A97ED64
:10C4B000007A67EE887A35EE477A66EE886AE5EEAE
:10C4C000807AE7EE006A36EE066A37EEA77A76EEF5
:10C4D000A66A27EE4C5A66EE6B5A66EECA7AAAEE48
:10C4E000065AB0EE656AEBEE877AACEE266A93EDFB
:10C4F000007AE7EE878AE7EE059AA7EE069A52E6FB
:10C50000AC0F0020B40F0020B80F0020C80F00208F
:10C51000B00F0020CC0F0020F00F00202DE9F047D5
:10C52000AF48B04FD0ED007ADFF8E4C2DFF8E48224
:10C53000BCF800302DED028BF4EE677A0022F1EEAC
:10C5400010FA98F800503A8007D19FEDA77AF4EEE0
:10C55000C77AF1EE10FA40F3FE80A44A1678002E56
:10C5600040F0F6800022A24C0260617941F0800127
:10C570000133012261714FF0000E9E49D1ED007A26
:10C58000F4EE677AF1EE10FA0ED19FED977AF4EEA1
:10C59000C77AF1EE10FA07DC9FED977AF4EEC77ACE
:10C5A000F1EE10FA40F11481002D40F0ED800022F0
:10C5B0008F4C0A60627942F08002627101334FF061
:10C5C000000901220424D0ED017AF4EE677AF1EE3D
:10C5D00010FA0ED19FED847AF4EEC77AF1EE10FADC
:10C5E00007DC9FED857AF4EEC77AF1EE10FA40F1A0
:10C5F000E880002E40F0C5800022DFF8F4A1426000
:10C600009AF8054044F080048AF80540013301227D
:10C610000324D1ED017AF4EE677AF1EE10FA0ED12F
:10C620009FED717AF4EEC77AF1EE10FA07DC9FED18
:10C63000727AF4EEC77AF1EE10FA40F1BB80002D69
:10C6400040F09C800022DFF8A8A14A609AF80540DB
:10C6500044F080048AF80540013301220424D0ED1F
:10C66000027AF4EE677AF1EE10FA0ED19FED5E7A5F
:10C67000F4EEC77AF1EE10FA07DC9FED5F7AF4EE84
:10C68000C77AF1EE10FA40F18E80002E74D05B4A2A
:10C690009268574C8260607940F08000607101338D
:10C6A00001220324D1ED027AF4EE677AF1EE10FA5A
:10C6B0000DD19FED4D7AF4EEC77AF1EE10FA06DC5B
:10C6C0009FED4D7AF4EEC77AF1EE10FA62D5002DA7
:10C6D00050D04B4A92688A6045494A7942F08002BC
:10C6E00001334A71B9F1000F51D10424ACF8003084
:10C6F0003C80BEF1000F01D03C4B1E70414B1B78BB
:10C70000012B21D03B4C404F354E404DB0EE408A7E
:10C7100004F10C08384694ED000AF0EE480AFEF7E2
:10C72000C3F9F0EE407A284696ED000AE4EC017A6F
:10C73000F0EE480AFEF7B8F9444507F59A77A6ECFB
:10C74000010A05F59A75E5D1BDEC028BBDE8F087CD
:10C750002A4A126807E79FED287AF4EEC77AF1EECD
:10C7600010FA3FF5FAAE25494FF0010EC1ED007AFF
:10C77000764602E70022AEE700228AE7204A5268A6
:10C7800061E71E4A526838E71D4A126810E788F8C8
:10C790000050AAE71A49C1ED027A012188F8001079
:10C7A000002AA6D0A2E715484FF0010EC0ED027A8C
:10C7B000764677E7124D4FF00109C5ED017A4D46F7
:10C7C0004DE70E4E4FF0010EC6ED017A764620E79A
:10C7D0000B4C0125C4ED007AA9460324F3E600BF03
:10C7E0004C7D0020740F0020CAF24971770F0020A1
:10C7F000AC7D0020587D0020CAF249F1840F002052
:10C80000780F00208C7D0020B40B00201808002039
:10C81000900F0020760F002000B5704B5A79D1069A
:10C8200083B02DD55A78520740F1BA801A7A9FED1D
:10C830006C4A22F00102F0EE443AB0EE443A1A7229
:10C84000684A694992ED021AD1ED022A91ED002A57
:10C85000D1ED011AD2ED000A8DED010AF0EE404A49
:10C8600092ED010AFFF7A4FBFFF70AF85E495F4863
:10C87000FFF77AF95E4A594B1278002A40F09D8002
:10C880005C4AD2ED007AF4EE677AF1EE10FA06D146
:10C890009FED597AF4EEC77AF1EE10FA0CDD5748A5
:10C8A0005A79018842F0800201315A7101800123D6
:10C8B000534A138003B000BDDFED526AF4EEE67A0E
:10C8C000F1EE10FAEBD4504AD2ED007AF4EE677A2A
:10C8D000F1EE10FAE3D1F4EEC77AF1EE10FADEDCF5
:10C8E000F4EEE67AF1EE10FAD9D4484AD2ED007AA5
:10C8F000F4EE677AF1EE10FAD1D1F4EEC77AF1EEE8
:10C9000010FACCDCF4EEE67AF1EE10FAC7D4404A25
:10C91000D2ED007AF4EE677AF1EE10FABFD1F4EEC0
:10C92000C77AF1EE10FABADCF4EEE67AF1EE10FA1C
:10C93000B5D4384AD2ED017AF4EE677AF1EE10FA06
:10C94000ADD1F4EEC77AF1EE10FAA8DCF4EEE67A97
:10C95000F1EE10FAA3D4D2ED007AF4EE677AF1EE9C
:10C9600010FA9CD1F4EEC77AF1EE10FA97DCF4EEEF
:10C97000E67AF1EE10FA92D4D2ED027AF4EE677A0A
:10C98000F1EE10FA8BD1F4EEC77AF1EE10FA86DCF4
:10C99000F4EEE67AF1EE10FA81D41F4B1B8887E79C
:10C9A0001E4A1278002A3FF441AF1D4A92ED003A28
:10C9B000D2ED013A92ED024A42E71A4A1A499DED38
:10C9C000012AD1ED001A92ED021AD2ED010A92ED80
:10C9D000000A0BF021FD014B52E700BFAC7D0020A7
:10C9E000000000004C7D0020587D0020E40F002056
:10C9F000600F0020E00F0020CAF24971900F002064
:10CA0000920F0020CAF249F1DC0F0020D80F00205D
:10CA1000D40F0020347D0020740F0020718E002080
:10CA200048BD0020640F0020F40F00202DE9F047DE
:10CA3000414C424FD4ED000A97ED000ADFF83C91DB
:10CA400086B0FDF7FDFF3E4A3E4BD4ED000AF0EE06
:10CA5000407A92ED000AC3ED007AFDF7F1FF3A4A01
:10CA60003A49107809783A4B3A4A33F8103032F89C
:10CA70001120394907EE902A06EE903A0B78374A92
:10CA8000B0EE407AF8EE677AB8EE660A012B82EDD6
:10CA9000007A89ED000AC7ED007A1ED0304C314E85
:10CAA000314DDFF8DC8004F5677A2046FDF7DEFFC4
:10CAB00097ED000A3046FDF7D9FF04F59A7498ED1A
:10CAC000000A2846FDF7D2FF544514D099ED000A1C
:10CAD00006F59A7605F52E75E7E7234CDFF8A0807A
:10CAE00004F62805204698ED000A04F52E74FDF79B
:10CAF000BDFFAC42F6D11D4C04F628051C4E0FCEEE
:10CB0000EC46ACE80F0096E803006A468CE80300A8
:10CB10002046062104F52E74FDF73AFFA542EDD11B
:10CB2000144B15480022B6EE000A1A7006B0BDE894
:10CB3000F047FDF79BBF00BFA47D00203C00002014
:10CB400034000020B4060020C0000020C1000020F6
:10CB5000305F0308405F03088C7D0020B006002092
:10CB6000B40B002018080020303D00201C3C0020A1
:10CB7000EC500308500F0020E40600204000002085
:10CB80002C00002091ED016AD2ED017AD1ED006A0E
:10CB900092ED007AD1ED025A67EEC67A92ED026A02
:10CBA000E6EE877AD1ED036A92ED037AE5EEC67A76
:10CBB000E6EEC77AC0ED007A92ED006AD1ED017A17
:10CBC000D1ED006A92ED017AD1ED025A67EE867AD4
:10CBD00092ED036AE6EE877AD1ED036A92ED027A6E
:10CBE000E5EE867AE6EEC77AC0ED017A91ED016A4C
:10CBF000D2ED037AD1ED006A92ED027AD1ED025ABC
:10CC000067EEC67A92ED006AE6EE877AD1ED036AA6
:10CC100092ED017AE5EE867AE6EE877AC0ED027A49
:10CC2000D1ED017A92ED026AD1ED006A92ED037ABC
:10CC3000D1ED025A67EE867A92ED016AE6EE877AC6
:10CC4000D1ED036A92ED007AE5EEC67AE6EE877AD8
:10CC5000C0ED037A704700BF344B91ED017AD3EDFC
:10CC6000007A334BD1ED006AD3ED004A314B27EE09
:10CC7000877A93ED005A304BA4EEA67AD1ED026A82
:10CC8000D3ED005AA5EE267AD1ED036AA5EEA67A79
:10CC900080ED007A91ED006AD1ED016A91ED034AD1
:10CCA00027EEC66AB5EEC07AA4EEA66AD1ED026A96
:10CCB000A5EE446AF1EE10FAA5EEA66A80ED016ACF
:10CCC000D1ED036A91ED024AD1ED003A67EEA66A12
:10CCD000E4EE846A91ED014AE5EE636AE5EEC46A2A
:10CCE000C0ED026A91ED024AD1ED033A67EEC47AD3
:10CCF00091ED014AE4EEA37AD1ED004AE5EE047A23
:10CD0000E5EEE47AC0ED037A0FD5B1EE477AB1EEE5
:10CD1000466AF1EE666AF1EE677A80ED007A80EDA0
:10CD2000016AC0ED026AC0ED037A7047DC0F002093
:10CD3000E00F0020D80F0020D40F002010B52DEDFB
:10CD4000068BF6EE009A21EE298AF0EE408AB0EECC
:10CD5000480A0446B0EE60AA24F058F8B0EE409AB3
:10CD6000B0EE480A24F092F868EEA98AB0EE408A44
:10CD7000B0EE680A24F04AF8F0EE40AAB0EE680A75
:10CD800024F084F82AEE29AAF0EE408AB0EE4A0A8E
:10CD900024F03CF8F0EE409AB0EE4A0A24F076F81F
:10CDA00028EE2A5A28EE288A20EE456A69EE288A5B
:10CDB00068EE005AA8EEA96A29EE2A9A66EE066A7B
:10CDC000E9EE295A68EE297AE5EEA56AE9EE007ADD
:10CDD00020EE687AB0EE660AA5EE297AA7EEA70AD9
:10CDE00084ED016AA7EE070AC4ED027A84ED037AA6
:10CDF000C4ED005AFDF77EFEBDEC068B94ED006A93
:10CE0000D4ED016A94ED027AD4ED037A26EE006A3D
:10CE100066EE806A27EE007A67EE807A84ED006A1B
:10CE2000C4ED016A84ED027AC4ED037A10BD00BF3F
:10CE3000204901EB8013D3ED087AF5EE407A002209
:10CE40004FF0000CF1EE10FA1A615A61C3F82CC0D1
:10CE500083F830C05A639A6383F83CC0C3ED007A0C
:10CE6000C3ED037A5A609A6008D4B1EEE77A01EB19
:10CE7000801183ED097A81ED0A7A704700B5B0EE32
:10CE8000670A85B0CDE90230CDED017A23F096FF37
:10CE9000029BB0EE407A9DED010A83ED097A23F002
:10CEA0008DFF0398034901EB801181ED0A0A05B05B
:10CEB00000BD00BF00100020F0B5384C384D394F90
:10CEC000394EA1B001202566A765E665FFF7B0FFE2
:10CED0000220C4F8A050C4F89870C4F89C60FFF712
:10CEE000A7FF324B324D3348C4F8C05000211970AF
:10CEF0006A4680210EF04AF82F4B009A9A424BD195
:10CF0000DDED0A6A9DED0B7ADDED055A9DED066AB1
:10CF1000089A039B04980999DDED0F7A226166EE69
:10CF2000A64A0D9A616127EE075A65EEA53A26EEEC
:10CF3000064A07992365C4F8902002230E9A60657B
:10CF40000C98C4F89420C4ED096A119A84ED0A7A09
:10CF5000C4ED195AE06284ED1A6AE166C4ED103A34
:10CF600084ED134A84F87030C4ED004A84ED035A0E
:10CF700084F83030C4ED297A9DED107AC4F8AC20E5
:10CF800067EEA77A67EE076A84ED2A7AC4ED207A05
:10CF9000C4ED236A84F8B03021B0F0BD0010002049
:10CFA000CDCCCC3D95BFD633CD024C35FC0F002007
:10CFB0006F12033B00000C084944454ED54AD64B3E
:10CFC000127883ED300A052A00D07047D34A1278D0
:10CFD000032AFAD010B5D248D24A93F87C100068E0
:10CFE000D2ED017A84B0002900F0A08093ED1D7A83
:10CFF000B5EEC07AF1EE10FA00F1BC81DFEDCA6A3D
:10D00000B4EEE67AF1EE10FACCBF0121002100293E
:10D0100000F08C80D3ED1E6A37EEE66AB5EEC06A8A
:10D02000F1EE10FA00F19C81DFEDC05AB4EEE56A32
:10D03000F1EE10FACCBF01210021002976D0D3ED0A
:10D04000135AD3ED111A93ED122A93ED101AD3ED62
:10D05000170A93ED154AD3ED143A25EE873A61EE9F
:10D06000872AA2EE263AE1EE262A23EE075A24EE7C
:10D07000076AA2EEA65AA3EEA66A35EE205A37EE4C
:10D08000C66A82EE850AC3EE052AB7EE003AB7EE0D
:10D09000005AA0EE663AA2EEC75A20EE077AE0EEFA
:10D0A000063A62EEA66A22EE470AA2EE864AA3EE8E
:10D0B000010A26EEE16AD3ED160AC3ED143AA5EE95
:10D0C000856A66EEC16A65EEC75A30EE200AE2EE66
:10D0D000056AE3EE215A36EE206AB5EE400AF1EE1B
:10D0E00010FAC3ED126A83ED154A58BFF1EEC06A1B
:10D0F00083ED100AC3ED115A83ED136A00F17B81B1
:10D10000B5EE406AF1EE10FAC3ED196A58BFF1EEC0
:10D11000C66A00F16181D96E854C01314FF0010C76
:10D12000D96684F800C0C3ED1A6A00E0D96E58676A
:10D130004FF0010CC829C3ED1E7A83F87CC000F2C1
:10D14000AD80002940F0BE807A4993F8BC000968A0
:10D1500092ED027A002800F0B980D3ED2D7AF5EE39
:10D16000C07AF1EE10FA00F10F81DFED6F6AF4EE94
:10D17000E67AF1EE10FACCBF01220022002A00F07C
:10D18000A580D3ED2E6A37EE666AB5EEC06AF1EE81
:10D1900010FA00F1DB80DFED655AB4EEE56AF1EEDE
:10D1A00010FACCBF01220022002A00F08F8093EDFC
:10D1B000231A93ED212AD3ED222AD3ED201AD3EDA1
:10D1C000270AD3ED254A93ED244A67EE813A27EEEC
:10D1D000823AE6EEA23AA6EEA13A67EEA35A27EE0D
:10D1E000A46AE6EE835AA6EE846A75EEA05A37EE7C
:10D1F000466A83EE250A83EEA53AF7EE003AF7EE8B
:10D20000005AE6EEC03AE7EEC35A67EE807AA6EE21
:10D21000004A66EE836A27EEE20AE6EE034AA1EED2
:10D22000A30A26EEC26AD3ED260A83ED244AA1EEB4
:10D23000256A67EEC17A66EEE16A30EE200AE2EE18
:10D24000237AE2EEA56A36EE206AB5EE400AF1EEE8
:10D2500010FAC3ED254A83ED200AC3ED217AC3ED10
:10D26000226A83ED236A00F1A780F1EEC07AB5EE61
:10D27000406AF1EE10FAC3ED297A00F18F80F1EEE9
:10D28000C67AD3F8AC202A4801324FF0010C80F85E
:10D2900000C0C3F8AC20C3ED2A7A19E0DFED267A8E
:10D2A00093ED197AB4EEE77AF1EE10FA0AD593ED20
:10D2B0001A7AB4EEE77AF1EE10FA03D5022183F878
:10D2C000701041E7012183F870103DE7D3F8AC20DE
:10D2D000C3F8B4100120C82A83ED2E7A83F8BC006D
:10D2E00014D9DFED157A93ED297AB4EEE77AF1EEF1
:10D2F00010FA06D593ED2A7AB4EEE77AF1EE10FA39
:10D3000020D4012283F8B02004B010BD002AFBD045
:10D31000F7E700BFA87D002000100020758E0020D8
:10D32000244100204C7D0020CDCCCC3DCDCC4C3DCB
:10D33000FC0F0020DC4300200AD7233CCDCC4CBDA1
:10D34000CDCCCCBD022283F8B020DDE75FED055ADD
:10D35000B4EEE56AF1EE10FA4CBF0122002223E799
:10D360005FED0A5AB4EEE56AF1EE10FA4CBF012106
:10D37000002162E65FED0E6AB4EEE67AF1EE10FA95
:10D380004CBF0121002142E65FED136AF4EEE67A1C
:10D39000F1EE10FA4CBF01220022EFE6B0EE460A91
:10D3A0008DED027A019123F009FD1B4B9DED027A70
:10D3B0000199F0EE407A64E78DED036A8DED027A13
:10D3C000019123F0FBFC144B9DED036A9DED027A65
:10D3D0000199F0EE407A4AE7B0EE460A0290CDEDB0
:10D3E000017A23F0EBFCDDED017A02980B4A0A4B3F
:10D3F000F0EE406A8FE68DED036A0290CDED017A82
:10D4000023F0DCFCDDED017A02989DED036A034A0E
:10D41000014BF0EE406A73E6001000204C7D0020C6
:10D4200010B5204C2378A2B0002B39D01E4B1F49D9
:10D430001A6D0291012103910592596D5A6ED3F82C
:10D44000C0000490CDE90612D3E91A12CDE9081202
:10D45000D3E90412CDE90A12D3E90912CDE90C127D
:10D46000D96AD3F89020CDE90E12D3F89410D3F8EE
:10D47000A420CDE91012D3F8A82012920021D3F8ED
:10D48000AC301393382214A827F05CFD02A9802346
:10D490000091074A502101200DF0C4FD00232370A4
:10D4A00022B010BDFC0F0020001000204944454E62
:10D4B00000000C08154A164B1648D2ED006A93ED91
:10D4C000017AD0ED007A144992ED016A134AE6EE32
:10D4D000877A93ED007AD1ED006A114BE6EE076A88
:10D4E00092ED007A93ED085AD3ED095A0D4B77EE81
:10D4F000877AB6EE007AB0EE476AA5EE266AA5EE08
:10D50000A77A83ED086A83ED097A7047347D00209D
:10D51000F00500200C390020FC800020383000206D
:10D52000D81000205C060020BE4B1B78002B40F07A
:10D530009780BD4ABD48BE49D2ED007A91ED007A90
:10D54000D0ED005ABB4BBC4993ED006A0978BB484B
:10D5500067EE876A67EEA57AE6EE256A0529E6EEAC
:10D56000477AC3ED006A90ED007AC2ED007A00F0D0
:10D57000F180B34B5B7A5B0720D5DFEDB25AB24B3B
:10D58000B7EE006A77EE655A36EE476A93ED005AB9
:10D59000AE4BF4EEC65AF1EE10FAD8BFB0EE656AA3
:10D5A00026EE056A93ED005AF1EE465AF4EEC55A9E
:10D5B000F1EE10FA40F3E380C3ED005AA44B1B7860
:10D5C000152B3BD8DFE813F08C01A9011600A80049
:10D5D000A800A800A800F200F200640164013A006B
:10D5E0003A003A003A003A003A003A003A003A006B
:10D5F000A800A800954B974A974992ED056A93EDCC
:10D60000004AD1ED005A954BB7EE005A26EE046A57
:10D6100075EE654A75EE855AB0EE465AA4EEA75AE5
:10D6200094EEA76AE5EEA76AF1EE455AF1EE467A66
:10D63000C3ED026AC3ED005AC3ED017A884B196845
:10D6400051B1864A0023D2ED007A013377EE877A12
:10D650009942E2EC017AF6D1824B83ED007A704771
:10D66000013B012B00D97047754AD3789807C3F363
:10D67000400140F19080714BD3ED007AD3789B0745
:10D680001ED4694B93ED007AB5EEC07AF1EE10FA34
:10D6900001D5B1EE477A744BD3ED006AE6EE877A96
:10D6A000F5EEC07AF1EE10FA00F172816F4B93ED56
:10D6B000007AF4EEC77AF1EE10FAC8BFF0EE477ABE
:10D6C000F5EEC07AF1EE10FA00F15681B7EE007A6D
:10D6D000F4EEC77AF1EE10FACCBF01210021B7EECB
:10D6E000007A002918BFF0EE477A614A574BD2ED15
:10D6F000006A93ED007A5B4A584BF0EE675AB0EE41
:10D70000676AE6EE875AA6EEC76AC3ED005AC2ED15
:10D71000007A83ED016A70474C4A564B92ED006ADD
:10D7200093ED005A4D4B26EE056AF1EE665A36EE41
:10D73000675A75EEC65A76EEC66A76EE277A82ED9D
:10D74000006AC3ED015AC3ED026A83ED005AC3EDCE
:10D75000037A73E7484B494AD3ED005A92ED006AC9
:10D76000474B37EE066A93ED007A354B5B7A26EE2F
:10D77000256A5B0726EE077A7FF520AFFDE6B4EE5B
:10D78000C65AF1EE10FAD4BFF0EE455AF0EE465A02
:10D79000C3ED005A12E73B4B1B78002B00F0EF80E3
:10D7A000D378DFED397A9A0799D46AE7274A314B63
:10D7B0009FED366AD2ED005A66EE866A93ED006AF6
:10D7C000264B25EE866AB6EE005AB0EE664AF0EEBB
:10D7D000664AF0EE665A97EEC54AD7EE855AE7EEEE
:10D7E000C54AE7EE856AB0EE463AF0EE463AA7EE55
:10D7F000C53AD7EE853A34EE464A34EEC65A75EE4F
:10D80000865A76EE867A82ED006A83ED003A83EDE1
:10D81000014A83ED025AC3ED035AC3ED047AC3ED06
:10D82000053A0BE7758E0020000600204C00002012
:10D83000D010002004060020A87D0020E838002039
:10D84000AC7D0020CDCC4C3DE8000020FC05002044
:10D85000F5000020D8100020C81000205C06002031
:10D8600004000020CC100020D4380020C83800204C
:10D87000F080002008000020A000002000390020D7
:10D88000A40000205CBE0020000000003BCD133F40
:10D89000414A424B92ED006A93ED005A404B26EE0E
:10D8A000056AF1EE665A76EE674A75EEC65A76EE6E
:10D8B000C66A76EE277AB6EE005A65EE855A66EEAF
:10D8C000856A64EE854A67EE857A82ED006AC3ED6B
:10D8D000015AC3ED026AC3ED004AC3ED037AADE617
:10D8E000304B9FED315AD3ED004A2D4BB7EE006A15
:10D8F00074EE865A36EE646A65EEA75A67EEC67A0B
:10D90000F0EE654AE6EEC54AE6EE855AC3ED014AF9
:10D91000C3ED025AC3ED007A90E69FED236A1E4BD9
:10D92000B0EE675AF0EE675AA6EEC65AE6EE865A91
:10D9300093ED006ADFED1D6A194BF0EE673AB0EE29
:10D94000454AF0EE654AD6EE263AA6EE264AE6EEBF
:10D95000264AD6EE667AA6EE665AE6EE665AC3ED1B
:10D96000003A83ED014AC3ED024AC3ED037A83ED29
:10D97000045AC3ED055A61E6DFED0D7AB5E60D49AF
:10D980000D4BD1ED007A93ED007A77EE877A75E64C
:10D99000DFED077A0021A2E6FC0500200800002048
:10D9A0005C060020C810002036CD933FDAAC2A3F39
:10D9B00000000000E838002000390020B54B1B783B
:10D9C000152B17D8DFE813F0BB0016001600160061
:10D9D0001600160016001600160016001600C900E4
:10D9E000F60024018A01D90194023A021C03F202D2
:10D9F00057034300A84AA94BA948AA4990ED005AE9
:10DA000090ED016AA848D1ED015AD0ED007ADFF817
:10DA1000C8C291ED007ADCED006AA449E5EE257AF2
:10DA2000E6EE076A91ED007A92ED085AD2ED095AB6
:10DA300077EE877AB6EE007AB0EE476AA6EE856A90
:10DA4000A7EEA57A83ED086A83ED097A70479849B5
:10DA5000984ACB78D2ED007A9A0704D4964B93ED8E
:10DA6000007A77EE877AF5EEC07AF1EE10FA00F1DF
:10DA7000A283B7EE007AF4EEC77AF1EE10FAD8BFBF
:10DA8000B0EE677A8D488E4B834ADFF844C2D0ED02
:10DA9000002A1B788B4892ED043ADCED006AD0ED49
:10DAA000007A002B00F08D83CB789B0700F1748403
:10DAB000F5EEC02AF1EE10FA00F17F84B0EE625A62
:10DAC000814B93ED006AF0EE665AE6EE055A734B11
:10DAD00063EE266AB0EE675A92ED056A92ED022A6D
:10DAE000A5EE835AF0EE673AE5EEC33AB0EE664A29
:10DAF000A6EE674AD6EE676AF6EE007AD2ED035AD2
:10DB0000F0EE674AE2EE054AB0EE675AA5EEA35A78
:10DB1000F0EE675AE4EE035AE6EE267A77EE226AD2
:10DB200037EE627AC3ED024A83ED035AC3ED016A10
:10DB300083ED007AC3ED045AC3ED057A5CE7614BCF
:10DB4000554A93ED007AD2ED046A544BF6EE007A12
:10DB5000E6EE877AC3ED047A4EE7554B5949DB78F8
:10DB60004D4A564891ED007A92ED054AD0ED006A93
:10DB7000990704D4554BD3ED007AA7EEA67A544BFF
:10DB8000F6EE007AD2ED024A92ED045AD3ED005A35
:10DB9000424BB0EE676AA4EE076AB0EE677AA4EE75
:10DBA000A67AE5EE257A83ED056A83ED027AC3ED68
:10DBB000047A21E7464A434BD2ED007AD3ED006A5E
:10DBC000354A364BD2ED033A92ED024A3B4993ED8A
:10DBD000016A91ED005AF1EE675A37EEA67A75EEBA
:10DBE000E65AF6EE007AF0EE674AE3EE874AD3EDA6
:10DBF000006AC3ED034AE4EE257A36EE456A36EE56
:10DC0000857A83ED016A83ED007AC3ED027AF3E64B
:10DC1000274B214ADB7829482D4992ED046AD0ED43
:10DC2000007A91ED007A9B070CD4F5EEC07AF1EE04
:10DC300010FA00F1BC83F0EE675A234BD3ED006A73
:10DC4000A6EEA57A1F4BF0EE676AE6EE076AE6EEEF
:10DC5000477A93ED007A92ED025AD2ED035A1D4BAA
:10DC600076EE876A77EE877AB6EE007AB0EE476A8C
:10DC7000A5EE266AA5EEA77AD3ED006AD2ED067A64
:10DC8000064B67EEA67A83ED026A83ED037AC3ED55
:10DC9000067AB1E6F5000020D81000205C060020CE
:10DCA000347D0020F00500200C39002038300020A1
:10DCB000AC7D0020E8380020003900200406002058
:10DCC000C4100020FC050020DC380020C0380020F3
:10DCD00000060020F8050020FC800020BD49BE4859
:10DCE000CB78BE4ADFF810C3D0ED006A92ED056A2A
:10DCF000DCED007A980704D4B94B93ED007AE7EE97
:10DD0000276AC978B74BB848B6EE007AA6EE667AAD
:10DD1000890783ED057AD2ED046A90ED007A0CD480
:10DD2000F5EEC07AF1EE10FA00F14483F0EE675A96
:10DD3000AE4991ED006AA6EE257AAD49F0EE675A3C
:10DD4000E6EE875AE6EEC77A92ED025AD2ED036A02
:10DD5000B6EE007AB0EE476AA5EE256AA6EEA77A7F
:10DD6000D2ED067AD1ED006A83ED026A67EEA67AFB
:10DD700083ED037AC3ED067A3EE69649974ACB785F
:10DD8000DFF874C29448D2ED055ADCED007AD0ED8C
:10DD9000006A9B0704D4924B93ED007AE7EE276A62
:10DDA000C878904BB6EE007AB0EE476AA5EEA66A48
:10DDB0008007D2ED035A83ED056A92ED046A92ED75
:10DDC000025AF1EE674A00F1DF818A48F5EEC07A27
:10DDD00090ED004AF7EE006AF1EE10FA76EEC46AB2
:10DDE00040F3C28266EEA76AB6EE007AF0EE474ACA
:10DDF000E6EE854AC978A5EEA77A8807C3ED024A00
:10DE000083ED037A00F1C18278487749D0ED006A4A
:10DE100091ED007AA6EEA77A754992ED065AD1EDFA
:10DE2000005AF6EE007AF0EE676AE7EE066AE5EE73
:10DE3000257AC3ED046AC3ED067ADDE56E4B6549CC
:10DE4000D3ED007ACB78654A9807D2ED036A92ED5C
:10DE5000026AB1EE675A00F17D81664BF5EEC07A39
:10DE6000D3ED005AB7EE007AF1EE10FA37EE657A8C
:10DE700040F3078227EE877AF6EE005AB0EE655A35
:10DE8000A7EE065AC978574BE7EEA65A890783EDE5
:10DE9000025AC3ED035A00F109825448524990EDE9
:10DEA000007A91ED006AA7EE276A51484A4992ED3F
:10DEB000047AD2ED055A92ED065AF6EE007AF0EEAB
:10DEC000676AE7EE066AB0EE677AA5EEC67AD0ED2D
:10DED000005A91ED006AE5EE257A76EEC66A37EED5
:10DEE000467AC3ED046A83ED057AC3ED067A83E5CD
:10DEF00038493A4ACB78DFF800C1374892ED056AD5
:10DF00009CED007AD0ED006A9B0704D4344BD3ED2E
:10DF1000007AE7EE876AC878324BF6EE007AE6EED2
:10DF2000267A8007B1EE475AC3ED057A40F10081A9
:10DF3000F0EE456AF0EE475A2D48D2ED067AD0ED64
:10DF4000004A9FED2E6A92ED034AC978264867EE93
:10DF5000E47AD2ED024A67EE867A8907B0EE676A04
:10DF600094EE666AE4EEA57AF6EE005A76EE256A3D
:10DF700077EEA57AC3ED036AC3ED027A92ED046AE7
:10DF8000D0ED006A0BD4B5EEC07AF1EE10FA01D4F0
:10DF9000B0EE475A1549D1ED007AE7EE856AF6EE04
:10DFA000007AE6EE267AC3ED047A25E50D4B0B4A9E
:10DFB000114992ED026AD1ED006A93ED007AD3ED3A
:10DFC000017AA6EE267AE6EE667A83ED007AC3ED54
:10DFD000017A11E5AC7D0020FC050020D81000205E
:10DFE000C03800205C06002000060020DC3800203D
:10DFF000F8050020D8380020040600209A99993EA0
:10E00000CA4ACB49CB4BD1ED006AD2ED027A93EDEF
:10E01000007A92ED056AC849C84BC978C84892EDA4
:10E02000045AA7EEA67A8907F6EE007AE6EE077A9A
:10E03000C3ED057A90ED007A0BD4F5EEC06AF1EEEF
:10E0400010FA01D5F1EE666ABE49D1ED007AA7EE6D
:10E05000A67ABD49D2ED065A91ED006AF6EE007A35
:10E06000F0EE676AE5EE076AE5EE867AC3ED046ACC
:10E07000C3ED067AC0E4B049B44ACB78D2ED007A59
:10E08000980704D4B24B93ED007A77EE877AF5EED9
:10E09000C07AF1EE10FA00F19180F7EE006AF4EE2A
:10E0A000E67AF1EE10FAD8BFF0EE676ADFF884C2C4
:10E0B000A848A94B9D4A9CED007AD0ED007ADFF884
:10E0C00070C29F481B789CED006AD2ED044A92ED25
:10E0D000055AD0ED005A67EE277A002B00F0EA804F
:10E0E00064EEA56AB6EE007AB0EE663AA5EE673A3F
:10E0F000924BD5EE676AF0EE473AE3EE243AA6EE8D
:10E10000857AB1EE464A74EE676A36EE676A37EE94
:10E11000E55A77EEA57AC3ED043A83ED057AC3EDAF
:10E12000016A83ED026A83ED005AC3ED037A63E46A
:10E130008A48B5EEC07AD0ED007AF7EE006AF1EECB
:10E1400010FA76EEE76A40F32B8166EE875AF0EE1E
:10E15000456AF1E6B6EE007AF0EE475AE7EE865AE7
:10E16000C978764BA7EEA67A8807C3ED025A83EDED
:10E17000037A00F19B80F5EEC07AF1EE10FA7FF59C
:10E180008CAEF0EE457A88E6F0EE476AE5EE276A57
:10E19000C978A5EEA77A8907C3ED026A83ED037AF1
:10E1A00000F1F380F5EEC07AF1EE10FA7FF52CAEB7
:10E1B000F0EE647A28E69FED6A7A63E4DFED686A40
:10E1C00074E7CB78980700F1E480F5EEC02AF1EE11
:10E1D00010FA00F1FC80B0EE625A5A4BD3ED005AAF
:10E1E000B0EE666AA5EE856AC978544B92ED035A83
:10E1F000D2ED023AB0EE624AF0EE625AE6EE435ACF
:10E200008907A6EE034AB6EE006AF0EE464AE3EE50
:10E21000844AA5EE256AD2ED055AC3ED024A37EECF
:10E22000275A37EE677A83ED036A65EEE77A83ED66
:10E23000015A83ED007A0CD4F5EEC02AF1EE10FA03
:10E2400000F1C280B0EE626A3E4991ED007AE7EEDD
:10E25000066AB0EE676AA6EE836AE6EEC37AB6EEA9
:10E26000007A76EE226A77EEA27AB0EE476AA6EEE0
:10E27000836AA5EEA77A83ED046A83ED057AFFF73A
:10E28000BBBB40F1A780F6EE005A25EE077AF0EE10
:10E29000654AE7EE864AC978284BE6EEC75A8907F1
:10E2A000C3ED024AC3ED035A7FF56BAF244991EDEC
:10E2B000006AFAE52B4BC978D3ED003A1F4B36EED6
:10E2C000A74A76EEE76AF0EE447AE7EE237A89070A
:10E2D000E7EE636AC3ED017A25EE477AC3ED006A83
:10E2E0000BD4B5EEC06AF1EE10FA6AD4F0EE466ACD
:10E2F0001449D1ED007AE7EEA65AF0EE476AE5EE52
:10E30000A46AA5EEE47A76EE866A37EE067AF6EE31
:10E31000007AB0EE676AA6EEA46AE7EE057A83EDAE
:10E32000046AC3ED057AFFF767BB00BFD810002071
:10E3300004060020FC050020AC7D00205C060020C7
:10E3400000060020DC380020F8050020E838002016
:10E350000039002008000020C4100020D838002018
:10E3600000000000F080002037D564EEA66AB0EE11
:10E37000474AA5EE274AC978A5EEE67A880783EDD5
:10E38000024A83ED037A7FF513AF154991ED007AC8
:10E3900042E5B0EE666A27E7F0EE665AFFF797BBF4
:10E3A0007FF5C6AD65EE266AF0EE475AC4E5F1EE9C
:10E3B000675A42E4F1EE675ABAE4B1EE625AFFF7E7
:10E3C0007FBBF1EE466A93E7B1EE626A3CE7B1EEDD
:10E3D000625A02E7B0EE677A4EE5F0EE676A03E54F
:10E3E00000060020254B1A78254BF7EE007ABFEE89
:10E3F000007A12F0010F0CBFB0EE674AB0EE474A48
:10E4000012F0020F0CBFF0EE674AF0EE474A12F02E
:10E41000040F0CBFB0EE675AB0EE475A12F0080F67
:10E420000CBFF0EE675AF0EE475A12F0100F0CBF17
:10E43000B0EE676AB0EE476A12F0200F0CBFF0EE44
:10E44000676AF0EE476A12F0400F08BFB0EE677AD5
:10E45000C3ED007AC3ED017AC3ED077A83ED024A7A
:10E46000C3ED034A83ED045AC3ED055A83ED066AF2
:10E47000C3ED086A83ED097A704700BF028100206E
:10E48000D8100020000000002DE9F04F684B1C78E8
:10E49000052C87B018D09FED5A7B664B8DED027B23
:10E4A0009FED597B1A788DED007BCAB158A1D1E957
:10E4B0000001614A614CC2E90601002284ED000BB3
:10E4C0001A7007B0BDE8F08F9FED537B594B8DED6F
:10E4D000027B9FED537B1A788DED007B002AE5D1FE
:10E4E000564D554E95ED007B51EC100B53EC172B10
:10E4F0008DED047BF9F788FD96ED067BB0EE470ABB
:10E50000F0EE670A804689465BEC17AB22F010FB01
:10E5100029F00047DDE9000153EC102BCDF8008015
:10E520000197F9F729FF02460B46DDE90001FAF7EA
:10E5300095F9E8B9052C4BD03BA3D3E9002350460D
:10E540005946FAF78BF978B93D4B002250465946A7
:10E55000FAF7A2F900284FD0394B00223649C1E919
:10E560000C2307B0BDE8F08F2FA3D3E90023F5E714
:10E57000DDE9022333490020F9F746FD42464B46C8
:10E58000CDE90001F9F7F8FEDDE90423F9F73EFDD6
:10E590004246C5E900014B4640464946F9F7ECFEC4
:10E5A000DDE90023F9F7E8FEDDE9022307468846A6
:10E5B00050465946F9F7E0FE02460B4638464146BA
:10E5C000F9F724FD052CC6E9060182468B46B3D136
:10E5D000194BD3E90003002223F00041194BFAF74D
:10E5E0005BF90028A8D052465B4650465946F9F7D9
:10E5F0000DFD82468B469FE752465B46AEE700BF65
:10E60000666666666666EE3F000000000000004039
:10E6100000000040E17AA43FAE47E17A14AEEF3F3C
:10E6200000000000000008409A9999999999B93F13
:10E63000A87D002052000020301100201811002079
:10E64000000014400000F03F2DE9F04F684B1B78AC
:10E6500089B0052B8DED020B00F0B2809FED5C7B45
:10E660008DED047B634D0024634B644F1A78002AC0
:10E6700040F08580624E96ED087BD7E90089B0EEC8
:10E68000470AF0EE670A8DED007B22F051FA424610
:10E690004B46DDE902018DED060BF9F7B5FC9DED6A
:10E6A000060B8C4653EC102B8346294620462CF053
:10E6B0000045F9F761FE02460B4658462946FAF72F
:10E6C000CDF8002843D0DDE904AB4E4952465B4605
:10E6D0000020F9F799FC424604460D464B46504649
:10E6E0005946F9F749FEDDE902AB804689465246B4
:10E6F0005B4620462946F9F73FFE02460B46404658
:10E700004946F9F783FC02460B46C7E90023504609
:10E710005946F9F779FC02460B4680468946204661
:10E720002946F9F729FE42464B46F9F725FEDDE971
:10E73000002304460D46DDE90401F9F71DFE0246FB
:10E740000B4620462946F9F761FCCDE90001DDE9D9
:10E75000004521A3D3E9002320462946FAF77EF895
:10E76000F8B9294B002220462946FAF795F800BB54
:10E7700022462B46C6E9082309B0BDE8F08F9DED7F
:10E78000027B87ED007B9FED167B00228DED007BE9
:10E79000B0EE470AF0EE670ADDE90289184E1A70FA
:10E7A00073E70DA3D3E90023C6E9082309B0BDE848
:10E7B000F08F154B0022C6E9082309B0BDE8F08FA1
:10E7C0009FED097B104D8DED047B00244CE700BFCD
:10E7D000666666666666EE3F9A9999999999B93F19
:10E7E0000000000000000040AE47E17A14AEEF3FA9
:10E7F000A87D0020000008405100002010110020DA
:10E80000301100200000F03F0000144008B5244BF8
:10E810001B785B060BD5234BD3ED007AF4EE677AB9
:10E82000F1EE10FA04D0204A13680133136008BDDA
:10E830009FED1E7AF4EEC77AF1EE10FAF3DCDFED0D
:10E840001C6AF4EEE67AF1EE10FAECD4D3ED010A8C
:10E85000F4EE600AF1EE10FAE5D1F4EEC70AF1EE3B
:10E8600010FAE0DCF4EEE60AF1EE10FADBD4B0EEDA
:10E87000401AB0EE670A1FF0D7FB0E4A0E4B106924
:10E88000586192ED007B83ED007B92ED027B03F5F6
:10E89000A66181ED007B516903F24452116008BD0D
:10E8A000AC7D0020E40F002020110020CAF2497145
:10E8B000CAF249F130AA0020B8160020000000007A
:10E8C0002DE9F0472DED048B042084B003F01AF9F4
:10E8D00020B904B0BDEC048BBDE8F0870A22002308
:10E8E0000420C14D03F0B6F8C04803F047F8D5E95D
:10E8F00010321343B0EE408A40F0A281BC4CBD4AB6
:10E90000A379D2ED027ADB07B0EEE77AF1EE678AFF
:10E9100040F185806378C3F3000613F001037ED1D4
:10E92000A27968688DED007A63F30002A271F9F7AD
:10E93000CBFC9DED007AF1EE007AB4EEE77AF1EED1
:10E9400010FA41EC100B40F31C81F3EE047AB4EEA4
:10E95000E77AF1EE10FA40F11481FFF795FD18EE19
:10E96000900AF9F7B1FC0746884648EC107BFFF7A0
:10E970006BFEA14B1A78002A40F06D819F4E3846FD
:10E98000D6E900234146F9F73FFB48EC177B86EDBB
:10E99000007B9B4E81468A4689A3D3E90023D6E9B2
:10E9A0000A01F9F7E9FC88A3D3E900230746884662
:10E9B00048465146F9F7E0FC4A465346F9F7DCFC75
:10E9C00083A3D3E90023F9F7D7FC02460B46384668
:10E9D0004146F9F71BFB80A3D3E90023074688468D
:10E9E000F9F73CFF002840F046817DA3D3E90023DE
:10E9F00038464146F9F750FF002800F0428178A3DD
:10EA0000D3E9002310461946CDE90023F9F78CFF1E
:10EA1000DDE900238046C6E90A230127BAE0A3798D
:10EA2000F1EE007AB4EEE77A23F00103F1EE10FA8A
:10EA3000A37100F39C800023714ED6E906011F46A6
:10EA4000F9F772FF6F4A1060D6E90801F9F76CFF19
:10EA50006D4B18606D4B0093D6E90A01F9F764FF1E
:10EA60006B4A6A4B92ED000A18600020DFED696A7C
:10EA70000393002F0CBFF0EE660AF0EE680AB0EECA
:10EA8000481ACDED026A009203F0E4F8009A92ED84
:10EA9000009A19EE100AF9F717FC5F4A92ED000A86
:10EAA000C6E9040110EE100A8DED000AF9F70CFC1E
:10EAB0005A4AD2ED009A78EEE97AC6E9000117EEDB
:10EAC000900AF9F701FCC6E9020119EE900AF9F77C
:10EAD000FBFB039BC6E90E011868F9F7F5FB504BE9
:10EAE00095ED017A93ED006A4E4B4F4A9DED000A79
:10EAF00037EE467A79EE467A83ED007A4B4BC2EDDB
:10EB0000007AC6E90A01F0EE480A494883ED000A96
:10EB1000FBF7CAFF374ADDED026A464B4648F0EE86
:10EB2000407A92ED020AC3ED007A30EE260AF0EE4A
:10EB3000480AB1EE400AFBF7B7FFDFED407AE37811
:10EB4000B4EEE70AF1EE10FACCBF0122002262F324
:10EB50008613E3706379B0EE480A43F008036371EB
:10EB600004B0BDEC048BBDE8F047FFF74FBEF3EEF9
:10EB7000047AB4EEE77AF1EE10FA4CBF01230023D9
:10EB80005AE71F4EFFF780FCD6E90A01F9F7CCFEE1
:10EB900000278046D6E90601F9F7C6FE194B186032
:10EBA000D6E90801F9F7C0FE174B95ED010A186088
:10EBB000164B174AC3F80080012057E7AFF30080D7
:10EBC000666666666666EE3FA09999999999A93F2F
:10EBD000FCA9F1D24D62503F8DEDB5A0F7C6B03E15
:10EBE0007B14AE47E17A843F48800020001100206A
:10EBF000AC7D0020E40F0020500000200811002010
:10EC000030110020083000200430002000300020A7
:10EC1000F82F00200AE81C41FC2F00200C300020B7
:10EC20003C80002024110020281100202880002092
:10EC3000F07E002024800020BC7D00200AE89C405B
:10EC40000BF038F9144C00287FF459AE637843F088
:10EC50000103637053E648EC177B1E700F4B104E98
:10EC6000DFF8408083ED007B07A3D3E90023012771
:10EC7000C6E90A238EE706A3D3E90023DFF828803C
:10EC8000C9E63A464346BDE6000000E0E2361A3FD8
:10EC90008DEDB5A0F7C6B03EAC7D00200811002078
:10ECA0003011002017B7D138BD3786352DE9F04730
:10ECB000DFF80C813E4ED8E90001D6E90823F9F7C8
:10ECC000A3F90D46A8F5A661D6E902230446D1E9C9
:10ECD0000001F9F799F9224606460F462B462046D1
:10ECE0002946F9F749FB324681468A463B4630467B
:10ECF0003946F9F741FB0B46024651464846F9F7BB
:10ED000085F941EC100B21F013FF51EC100BF9F7D2
:10ED10000BFE07EE900AB2EE047A08F5AD63F4EE4E
:10ED2000C77AF1EE10FA18600CDC08F2745108F59D
:10ED3000AE6208F26C5800230B601360C8F8003014
:10ED4000BDE8F08747EC116B45EC104B21F0D6FD88
:10ED500051EC100BF9F7E8FD00EE100AFBF74AFF43
:10ED6000144A08F26C54F0EE407A54ED010A92ED28
:10ED7000000AC4ED007A21F03BFFFBF75BFFDFEDFB
:10ED80000E6AD4ED007A0D4BB0EE407A77EEE67A5B
:10ED900093ED000A08F5AE6337EEC00A83ED007A02
:10EDA000FBF748FF08F2745888ED000ABDE8F087C9
:10EDB000402D002028110020DB0F494054BD0020C9
:10EDC000E81B002010B5494A494B11781A78494C84
:10EDD0008A42D4ED007A82B04DD047481970037A48
:10EDE000224643F04003F0EE676A62ED017A037257
:10EDF000424B1B78052B0DD00B2B0BD03E494048C6
:10EE00000B7AC2ED007A002423F040030B720460F9
:10EE100002B010BD3B4B93ED067A93ED006AF1EE24
:10EE2000005A27EE257AB4EEC76AF1EE10FAE5DD56
:10EE300077EEE67A0192B0EE670ACDED007AFBF745
:10EE4000F9FEDDED007AB5EEC00AF1EE10FAB0EE93
:10EE5000670A14D4CDED007AFBF7ECFE9FED2A7A19
:10EE6000DDED007AB4EEC07AF1EE10FA12DCD4EDEA
:10EE7000007A019AC2E7224672ED016AB8E7FBF711
:10EE8000D9FE9FED227ADDED007AB4EEC70AF1EEED
:10EE900010FAECDDB0EE670A21F0F8FF184A9FED9A
:10EEA0001C7A52ED047A52ED016A60EE277A94EDF5
:10EEB000000AC2ED007A67EEA67AF4EEC77AF1EEA8
:10EEC00010FA08D49FED137AF4EEC77AF1EE10FA37
:10EED000D8BFB0EE677A30EE070A84ED000AFBF780
:10EEE00089FE84ED000A02B010BD00BF6D2C002029
:10EEF0008811002074210020AC7D00207F38002084
:10EF00007C2100206C210020DB0F493FDB0F49BF33
:10EF1000920A06BF920A063F094BDFED0A7A93ED8B
:10EF2000007AD3ED086A27EE277A4FF47A70C7EE9D
:10EF3000267AFCEEE77A17EE903A00FB03F0704772
:10EF40006C2100209999993F0F4B104AD3ED007A1C
:10EF500092ED007A77EEC77AF5EEC07AF1EE10FA0C
:10EF600001D5F1EE677A9FED0A7AD3ED106A67EE6C
:10EF7000877A4FF47A7087EEA67ABCEEC77A17EEDE
:10EF8000103A00FB03F070471039002028110020D0
:10EF90009999993F264BDFF8A4C01A78254826494D
:10EFA00022F0040200B51A709A7822F008029A70D2
:10EFB0009A7822F004029A709A7822F002029A70EB
:10EFC0001A7A22F040021A72DA7922F08002DA719B
:10EFD000DA78C2F300028CF8002093F803C02CF01A
:10EFE000010C83F803C000F65C2C00F21C530022D5
:10EFF000CCF800201A6000F64C2C01F5AD6300F24D
:10F000002C5ECCF800201A6001F2645C01F502630A
:10F0100000F67C70C1F8B022C1F8AC2201F61C01E8
:10F02000CEF80020CCF8002002601A600A6000BD13
:10F03000AC7D0020A8110020B83B0020A0110020CA
:10F0400010B5304C2DED028BB0EE408A94ED000AE5
:10F0500082B038EE400AFBF7EDFD2B4B1B78012BFD
:10F0600003D002B0BDEC028B10BD284AD4ED007A6B
:10F0700012780C2A38EE670A2AD00193FBF7DAFDE2
:10F080009FED237AF0EE407AB0EEC00AB4EEC70AE4
:10F09000F1EE10FA0FDD1F4A019B1370F5EEC07AF6
:10F0A000F1EE10FA2AD44FF07E521B4B1A6002B0D8
:10F0B000BDEC028B10BD9FED197A164BB4EEC70A5A
:10F0C000F1EE10FA11D500221A70B0EE670AC8E707
:10F0D0001048114A03704FF07E51116002B0BDEC30
:10F0E000028BBDE81040FBF785BD1B78002BECD0F0
:10F0F000094BD3ED007A20EE270AB2E7084AB1EEB9
:10F10000400AD2E754BD0020758E00207F380020D1
:10F11000C2B832407C11002078110020E4CB1640A8
:10F12000000080BF414B03F5A662D2ED007A93ED5B
:10F13000007A67EEA77AB0EE006AE7EE077AB0EEE3
:10F14000407AF1EEE76AF4EEC66AF1EE10FA63DD9A
:10F15000374B93ED056AF6EE007AB4EEE76AF1EE0E
:10F1600010FA59DB334A92ED1F6AF1EE047AB4EEDD
:10F17000E76AF1EE10FA4FD800B52DED028B83B09F
:10F18000CDED016A8DED000A21F040FEB0EE408A1F
:10F190009DED000A21F07AFE254BDDED016AD3EDED
:10F1A000007A93ED016A9DED007A67EEC07AFFEE7A
:10F1B000005AE6EE087A87EEA66AB4EEE56AF1EE4A
:10F1C00010FA2DD4B7EE000AB4EEC06AF1EE10FAD0
:10F1D000D8BFB0EE460A8DED007A21F0DDFCDFED00
:10F1E000167A9DED007AB4EEE70AF1EE10FA17D424
:10F1F000DFED127AB4EEE70AF1EE10FAD8BFF0EEC6
:10F20000407A37EE677AB0EE470A03B0BDEC028B66
:10F210005DF804EBFBF7EEBCB0EE470AFBF7EABC87
:10F22000DFED067A37EE277AEDE700BFCC16002037
:10F230007CA00020B0A80020920A06BF920A063FD8
:10F2400038B54E4B1A7855072DED028B27D54C4912
:10F250004C4A4D4C91ED001A1278D4ED007A14ED21
:10F260000B0AB1EE411A002A31D09FED487A77EEB1
:10F27000C77AF2EE000A27EE800AA4F27451A4F6CF
:10F28000A420FBF749FC94ED020AFFF74BFF04EDC5
:10F29000020ABDEC028B3E4B00221A6038BD9A7800
:10F2A00014071DD4DA78D0072DD4DA795106F0D5B9
:10F2B0009A78520759D59B789B07EAD5354B1B782E
:10F2C000002BE6D1344B53F8182C1A60E1E7B1EE6D
:10F2D0000C7A77EEC77AF7EE080A27EE800ACCE7B9
:10F2E000294C274A90ED147AD4ED007A92ED001A59
:10F2F00014ED0B0AD0ED160A77EEC77AB1EE411A7B
:10F3000027EE800AB9E7254D254CA869F8F7CAFF12
:10F31000D4E90023F8F778FEF9F706FB08EE100AA7
:10F320002868F8F7BFFFA4F5A663D3E90023F8F730
:10F330006BFEF9F7F9FA00EE900A20EEA07A04F2DB
:10F340009C54A8EE087AD4ED007AF1EEC76A77EE05
:10F35000A77AF4EEE67AF1EE10FA0AD4084B93EDB0
:10F36000000A0D4B83ED000A93E70B4B1A691A60F4
:10F370008FE7B0EE480A21F03BFCF2E7AC7D0020BD
:10F3800054BD0020758E00206C21002000007042CA
:10F39000D44300206D2C002064210020702C00201C
:10F3A000E81B0020B04BD3ED1F7AB0EE007AF4EEEC
:10F3B000C77AF1EE10FA5AD977EEC77AF0EE086AFA
:10F3C00087EEA67AF7EE007A77EEC77AF5EE005A66
:10F3D000F4EEE75AF1EE10FAD8BFF0EE675AA34AFE
:10F3E000A349D2ED007AD1ED126AA24912ED137A47
:10F3F0008878F4EEE67AF1EE10FAD4BFB0EE676AE0
:10F40000B0EE666A000703D40B785B0740F19E807C
:10F41000994B002243F8042BD3ED007A974A887861
:10F420001346F3EC016A77EEE67A000767EE276A87
:10F43000C3ED007A66EEA57AC2ED027A02D40B78AB
:10F440005B0717D58E4B002243F8042BD3ED007ACF
:10F450008C4A1346F3EC016A77EEE67A27EE877A58
:10F46000C3ED007A27EE257A82ED027A7047F7EE37
:10F47000005AB4E7844902F22453D1ED016A93EDB6
:10F48000005A02F66C22D2ED007A66EE266A65EE2C
:10F49000277A66EEA56A67EEA57AF1EE663AF4EE93
:10F4A000E37AF1EE10FA00F1BD80F4EEE67AF1EEC7
:10F4B00010FAC8BFF0EE667A744B754993ED006A96
:10F4C00093ED024A25EE065AA3F5A96291ED006A72
:10F4D000D2ED004A25EE255AE5EE064AB1EE446A21
:10F4E000F4EEC64AF1EE10FA08D4F4EEC44AF1EE96
:10F4F00010FAD4BFB0EE646AB0EE446A77EE867A52
:10F50000644B82ED006AF5EEC07AF1EE10FAC3EDBD
:10F51000007A00F18A8037EEE65AB5EEC05AF1EE75
:10F5200010FA95DDF7EE004AB5EEC06AF1EE10FA7A
:10F5300001D5B1EE466A36EE456AF0EE667A26EE01
:10F54000246AC3ED006A82ED006A81E74E4852EDFD
:10F55000157AD0ED006AA2F6CC2393ED005A66EE40
:10F56000266A65EE277A66EEA56A67EEA57AF1EE61
:10F57000663AF4EEE37AF1EE10FA50D4F4EEE67A5D
:10F58000F1EE10FAC8BFF0EE667A404B4048D3ED7A
:10F59000004A90ED003A93ED024A25EE245AA3F674
:10F5A000782225EE255AD2ED004AE5EE034AB1EE67
:10F5B000445AB4EEE45AF1EE10FA08DCF4EEC44A10
:10F5C000F1EE10FAD4BFB0EE645AB0EE445A77EEC2
:10F5D000857A314B82ED005AF5EEC07AF1EE10FAE1
:10F5E000C3ED007A30D477EEE64AF5EEC04AF1EE8C
:10F5F00010FA7FF713AFB7EE004AB5EEC05AF1EE3E
:10F6000010FA01D5B1EE455A35EE645AF0EE667A3D
:10F6100025EE045AC3ED006A82ED005AFEE6F0EED4
:10F62000637AB2E7F0EE637A46E7B1EE675A35EEF9
:10F63000665AB5EEC05AF1EE10FA7FF709AFF0EE58
:10F64000636AFFEE004A6FE7F1EE674A74EEE64A3E
:10F65000F5EEC04AF1EE10FA7FF7E0AEF0EE636A25
:10F66000BFEE004AC9E700BFB0A800208C210020EF
:10F67000102E0020AC7D0020C4160020CC160020E7
:10F68000F41B0020FC1B0020801100203C210020E6
:10F69000A4210020F81B0020C81600202DE9F0430B
:10F6A0002DED048B064683B0CA48CB4C02F066F9B8
:10F6B000B7EE007AC7EE007AC84BD6E90878D6E9EB
:10F6C0000201254604F5A66949E9027883ED000A9E
:10F6D000C34B44E90201C3ED007AF5E80223F8F7D1
:10F6E00093FCF9F721F9D9E9002308EE100A286004
:10F6F00041463846F8F788FCF9F716F968EE087ABB
:10F7000000EE100AE0EE007A04F5A76304F6B425D3
:10F71000F0EE480AB1EEE77A1860DFF8EC8204F602
:10F72000BC2785ED007A21F063FAFBF763FA87EDD9
:10F73000000AFFF747FB98ED1F8A95ED009A97EDB9
:10F74000007A04F6CC23D3ED008AA64B38EE088A63
:10F750001B78B4EEE88AF1EE10FAC8BF012504F672
:10F76000C824D8BF0025012BD4ED009A00F0AF804B
:10F77000B0EE470A8DED017A21F048FBB5EEC00AE4
:10F78000F1EE10FA9DED017AF0EE407A00F19980E9
:10F79000954CB0EE470AC4ED007A21F077FBB5EE48
:10F7A000C00AF1EE10FA00F18980002D8F4B84ED34
:10F7B000010A08BFB0EE688AB4EEC89A9A78F1EEF2
:10F7C00010FA4CBF0121002161F382029A701A786D
:10F7D000D1074DD499789A78C1F3800161F3410241
:10F7E0009A70834C3046FFF72BFDFFF7DBFD814A13
:10F7F000814992ED001AD4ED000AA4F5A66393EDB9
:10F80000000AB1EE411AB1EE400AA1F52E70FBF7E5
:10F8100083F904F28C54794AD4ED006A92EDAC7A03
:10F82000F1EE667AB4EEE77AF1EE10FA4CD4B4EE6B
:10F83000E67AF1EE10FAC8BFB0EE667A6E4C82ED51
:10F84000AC7A94ED007AF4EEC77AF1EE10FA08DCA7
:10F85000B4EEE67AF1EE10FAD4BFF0EE477AF0EEAD
:10F86000667AC4ED007A03B0BDEC048BBDE8F0838A
:10F870009A78C2F3800152077BD5614A92ED017AF2
:10F88000B5EEC07AF1EE10FA01D5B1EE477AD8EDB7
:10F89000207A9A7877EEA77AF4EEE97AF1EE10FA08
:10F8A000D8BFF0EE697AF4EEC77AF1EE10FACCBF69
:10F8B0000121002161F341029A7092E7B1EE400A02
:10F8C00073E7F1EE407A63E7B0EE677AB6E7002DB2
:10F8D000464B08BFB0EE688AB4EEC89A9A78F1EE4B
:10F8E00010FA4CBF0121002161F382029A701A784C
:10F8F000D40743D499789A78C1F3800161F3410227
:10F900009A703E4C3F4E04F502620023B0EE470A67
:10F910001360C4F8B032FFF705FC364BF0EE407AC6
:10F9200093ED000AC6ED007A37EEC00AFBF782F9C4
:10F9300096ED0B7A96ED0C6A27EE000AF1EE477A07
:10F94000C0EE066AF4EEE67AF1EE10FA08DCF4EEA8
:10F95000C76AF1EE10FAD4BFF0EE667AF0EE477A9D
:10F9600004F5AD64C4ED007A03B0BDEC048BBDE8D2
:10F97000F0839A7861F341029A7032E79A785007DF
:10F98000C2F380011ED51E4AD2ED016AF5EEC06AAF
:10F99000F1EE10FA1BD4D8ED207A9A7877EEA77A98
:10F9A000F4EEE97AF1EE10FAD8BFF0EE697AF4EEEF
:10F9B000E67AF1EE10FACCBF0121002161F3410299
:10F9C0009A709EE79A7861F341029A7099E7F1EE96
:10F9D000666AE0E770110020B8160020A42100201C
:10F9E000A0210020758E002080110020AC7D002019
:10F9F000041C002054BD002020410020B83B002002
:10FA00001039002064210020B0A8002010B54E4C11
:10FA10004E4AE17821F0010182B0E170E17921F0F4
:10FA20000801E171E178104621F010010023E17036
:10FA300040F808392178036021F08001444842F8F9
:10FA4000103C42F8303C42F82C3C42F8283C42F84A
:10FA5000183C42F8243C21703E4B00210170FF22EB
:10FA60003D481A7000220023C0E900233B48C0E94A
:10FA700000233B4B3B481970682225F063FAA07ABB
:10FA8000394B3A4A0021C3E9001199604307C2E9A2
:10FA90000011916055D400F065FD9FED350A8DEDA4
:10FAA000010A0AF047FB21789DED010A314B324AE9
:10FAB00083EDAC0A21F004012170A17882ED000AE7
:10FAC00021F00801A170A17802ED040A21F00401DF
:10FAD000A170A17883EDAB0A21F00201A170217A17
:10FAE000264821F040012172E17921F08001E17185
:10FAF000E178C1F300010170E178214821F00101B2
:10FB0000E17002F5A66C02F5A46403F5AD6102F59F
:10FB1000256284ED000A81ED000A03F2645403F5C6
:10FB2000026182ED000A03F61C030A228CED000A32
:10FB300084ED000A81ED000A83ED000A027002B034
:10FB400010BD00F0FBF9A6E7AC7D00207C21002071
:10FB50006D2C0020881100209011002098110020A9
:10FB6000FC210020702C0020002200201022002008
:10FB700000000000B83B0020D4160020A011002097
:10FB80007F38002070B51C4B1C4C93F9EAC24FF033
:10FB9000000EA4F800E0BCF1000F26D0184D03F2CF
:10FBA000FB237046724604E00132624503F12903EB
:10FBB00017D093F828100729F6D1092816D81E68FF
:10FBC000D3F804E045F8306005EBC00101320130A4
:10FBD0006245C1F804E080B24FF0010E03F1290341
:10FBE000E7D1BEF1000F00D0208070BD01329445F6
:10FBF000F7D02933D8E700BF30810020A8210020AA
:10FC0000AC2100201B4BDFED1C7A93ED007A2DE92F
:10FC1000F04FB4EEE77AF1EE10FADFF868E083B067
:10FC20000CDD9EF80A305B0708D49EF8053043F0DF
:10FC300020038EF8053003B0BDE8F08F0F4BB3F80A
:10FC400000C0BCF1000F1FD10D4A9EF8053092EDA7
:10FC5000007AD2ED0E7AB4EEE77AF1EE10FACCBF6C
:10FC60000122624662F345138EF8053003B0BDE809
:10FC7000F08F00BF281100200000F042A8210020D2
:10FC800050210020AC7D0020AA4BAB4A0CF1FF3183
:10FC9000D3E91C0652F8313014689842ACBF0027F3
:10FCA0000127A042ACBF00250125AF42B046A346C4
:10FCB000A9460FD002EBC1011D1B4B6851685B1AAE
:10FCC000011B01FB03F3516893FBF5F30B449E42C8
:10FCD000C0F22D8101230021BCF1010F00F01E8133
:10FCE00094680194A042ACBF0025012581F0010376
:10FCF000A945DBB2AA4610D0D7685668ABEB04051D
:10FD0000F61B041B04FB06F494FBF5F43C44A045ED
:10FD1000B6BF0C461C4619462346BCF1020F00F044
:10FD2000FD801469A042ACBF0025012581F00103CC
:10FD3000AA45A346DBB2A94610D05769019DD668F3
:10FD40002D1BF61B041B04FB06F494FBF5F43C444A
:10FD5000A045B6BF0C461C4619462346BCF1030F0E
:10FD600000F0DC8094690194A042ACBF002501251D
:10FD700081F00103A945DBB2AA4610D0D7695669C4
:10FD8000ABEB0405F61B041B04FB06F494FBF5F433
:10FD90003C44A045B6BF0C461C4619462346BCF160
:10FDA000040F00F0BB80146AA042ACBF00250125FF
:10FDB00081F00103AA45A346DBB2A94610D0576AD9
:10FDC000019DD6692D1BF61B041B04FB06F494FB56
:10FDD000F5F43C44A045B6BF0C461C4619462346E4
:10FDE000BCF1050F00F09A80946A0194A042ACBF68
:10FDF0000025012581F00103A945DBB2AA4610D0F8
:10FE0000D76A566AABEB0405F61B041B04FB06F429
:10FE100094FBF5F43C44A045B6BF0C461C4619467D
:10FE20002346BCF1060F79D0146BA042ACBF00256D
:10FE3000012581F00103AA45A346DBB2A94610D0F3
:10FE4000576B019DD66A2D1BF61B041B04FB06F4A1
:10FE500094FBF5F43C44A045B6BF0C461C4619463D
:10FE60002346BCF1070F59D0946B0194A042ACBF5C
:10FE70000025012581F00103A945DBB2AA4610D077
:10FE8000D76B566BABEB0405F61B041B04FB06F4A7
:10FE900094FBF5F43C44A045B6BF0C461C461946FD
:10FEA0002346BCF1080F39D0146CA042ACBF00252A
:10FEB000012581F00103AA45A346DBB2A94610D073
:10FEC000576C019DD66B2D1BF61B041B04FB06F41F
:10FED00094FBF5F43C44A045B6BF0C461C461946BD
:10FEE0002346BCF1090F19D0D2F848C08445D4BFCD
:10FEF0000024012481F001034C45DBB20ED0A0EBBD
:10FF00000C04D06C526C121AABEB0C0C04FB02F21A
:10FF100092FBFCF202449045B8BF0B469EF80520C8
:10FF200063F345128EF8052003B0BDE8F08F00237F
:10FF30000121D1E6B0A80020AC21002008B540F690
:10FF4000512200212C4824F0FDFF2C4A2C49034665
:10FF50004FF0000E2120A2F800E004221A709872DF
:10FF60006FF0150298742648DFF8A8E0C3F8011076
:10FF70004FF0170C6FF008011A73C3F86B001A7575
:10FF80002048214A83F809C083F811C0D972DFF8EC
:10FF900088C0D974C3F842E01C49DFF880E0C3F898
:10FFA0006F00C3F81D00C3F867201948C3F89020FC
:10FFB0006FF01F02C3F83EE0C3F819C0DFF844E059
:10FFC000C3F83A10C3F86310C3F894006FF07701D8
:10FFD0005420DA73DA75DFF848C0C3F846E05822D7
:10FFE000C3F88CC058735875997399751A741A763A
:10FFF000C3F898E008BD00BF1A840020A8210020A3
:020000040801F1
:100000000000C84200002041D5C8E058BA55F7EAC0
:1000100000007A43000016430000A0415488E058D5
:100020001721F7EA38B5264B1A78530600D438BDA5
:10003000244D254C6A6BAA6301F090FC234A0021F1
:10004000D0626422204624F07DFF1D4BD5E93601A5
:100050005A78C4E9010122F04002D5E93C015A7006
:10006000DA78C4E907011A481A4922F01002DA7056
:10007000027807EE902A0A686264D5F8E820626187
:100080001A78D5F8D01044F8041C42F080021A7097
:100090001A7AF8EE677A062542F08002C4ED127AE9
:1000A0001A7284F8605003F0CFFD0221084609F06F
:1000B000CFF828460221BDE8384009F0C9B800BF92
:1000C000AC7D0020B0A80020442D0020EC2E0020A4
:1000D000018100208C2100202DE9F04F244CE37891
:1000E000DB0683B002D503B0BDE8F08F214D95ED5E
:1000F000007B05F5A66359EC178B93ED007B424618
:100100004B46404649465BEC17ABF8F735F952468B
:1001100006460F465B4650465946F8F72DF902460B
:100120000B4630463946F7F771FF41EC100B20F0D3
:10013000FFFC05F6CC238DED000B1868F8F7C4F82A
:100140009DED000B02460B4651EC100BF8F7A4FB9B
:100150000028C8D0084BC3E90289C3E908AB03F003
:1001600073FDE37843F01003E37003B0BDE8F08F54
:10017000AC7D0020B8160020D82C00200023B1EB65
:10018000030C18BF4FF0010CC0E90012437280F855
:1001900008C019462B2001F051BC00BF10B5044621
:1001A0002B2001F0A1FC78B1637A73B1012B07D148
:1001B000D4E9002191421CDC114900220A7022720C
:1001C000B3FA83F35B09637210BD0E4B1B7ADB0934
:1001D00001D0237A1BB90A4B1B78002BF0D0216881
:1001E0002B2001F02BFC637AB3FA83F35B09637273
:1001F000EAE7891A2B2001F021FC637AE0E700BFCF
:10020000FC210020AC7D0020074A0849137891F9B1
:10021000EA120133DBB28B421370C4BF00231370A8
:10022000034B05221A7070476D2C0020308100208E
:100230007F38002008B50B4B1B78012B05D00A49ED
:100240000A486822F8F7E8FC08BD094B5A7A5206BA
:10025000F5D5DB78DB06F2D5064904486822F8F7C5
:10026000DBFC08BD758E0020402D0020102E0020E4
:10027000AC7D0020D82C00202DE9F843474D484C98
:100280002DED048BD4E90023D5E90201F7F7BCFE7C
:1002900004F5A664D4E9002306460F46D5E9080113
:1002A000F7F7B2FE3246804689463B46304639462D
:1002B000F8F762F8424606460F464B464046494626
:1002C000F8F75AF80B46024639463046F7F79EFED5
:1002D00041EC100B20F02CFC51EC100BF8F724FB38
:1002E000304B93ED247AF6EE007AB4EEE77AF1EE35
:1002F00010FA06EE900A3FDDC6EE877A2A4A2B4BAB
:10030000D5E90E459FED2A7AD2ED008AD3ED006A39
:10031000B4EEE77AF1EE10FAD4BFB0EE478AB0EE51
:10032000678AF0EE687AE8EE667A17EE900AB0EE29
:10033000679AF7F7C9FF02460B4620462946F8F7A9
:100340008DFA88B91B4BD3ED007AE8EE278A18EEB8
:10035000900AF7F7B9FF02460B4620462946B0EE51
:10036000689AF8F799FA50B1B0EE490ABDEC048BDF
:10037000BDE8F84309F0DEBE66EEA77ABEE7204688
:100380002946F8F7D1FA09EE100AB0EE490ABDEC99
:10039000048BBDE8F84309F0CDBE00BF102E00204D
:1003A000B8160020B0A8002028110020FC3800203A
:1003B0000000F042F8380020F0B55C4B5C4A197838
:1003C000147883B0002900F082805A495A4F0C708B
:1003D0000020187097F9EA329C427EDC002C7DD018
:1003E00004EB840604EBC6063E4406F53E73019317
:1003F000D6F8FB02514D1CF02FFC85ED020B019B42
:10040000D3F807001CF028FC4D4953EC102BD1E920
:100410001401F7F7B1FFC5E90801D6F80303F7F7B0
:1004200053FFC5E90E01D6F80733AB6496F82333C2
:10043000D6F80B23434E85F86430032B08BFF378BE
:10044000EA6404BF43F00103F37004EB840304EB9C
:10045000C3043B1904F546742744D3F80F03D7F8B7
:100460000310D7F807202865D3F813036865D3F87D
:100470001733AB65E9652A66B37A5B0725D42F4D40
:10048000D5E90E670022002330463946F8F7E6F931
:10049000002838D12C4B002230463946F8F7FCF9B9
:1004A00070BB95ED157AB5EEC07AF1EE10FAC5E99C
:1004B0000E672BD4DFED257AB4EEE77AF1EE10FA71
:1004C000D8BFF0EE477AC5ED157A03B0F0BD1949F3
:1004D0000878A0427FF47AAFF7E710701C4B194EF2
:1004E0001B78012B15D01B4914486822F8F794FBA0
:1004F000F378194A052123F001031170F370BBE76B
:10050000114F0026CDE700260027CAE7DFED137A5A
:10051000D9E7737A5906E6D5F378DA06E3D51049B8
:1005200006486822F8F778FBE2E700BF5400002095
:100530006D2C00205300002030810020102E002060
:10054000B0A80020AC7D002000005E400000F0421A
:10055000758E0020402D00207F3800200000000014
:10056000D82C0020F8B5FFF727FF284F284C294E3C
:10057000294D14E0072B3FD1284A2949137891F9D6
:10058000EA0228490133DBB283421370C8BF00205E
:100590004FF00503C8BF10700B70FFF70DFF97F801
:1005A0006430DA1E012AE5D8042B1F4A4FF00001FF
:1005B0004FF02B000CD0EB7897ED027BD7E90801C8
:1005C00043F0010382ED027BC2E90801EB70D3E73F
:1005D000D7E91732B3F1000C18BF4FF0010C4FF000
:1005E000000EC4E9003284F809E084F808C001F084
:1005F00025FA237A3370BFE7D7E90E01F8F794F9AB
:10060000BDE8F84000EE100A09F094BD102E00205D
:1006100010220020FC210020AC7D00206D2C002049
:10062000308100207F380020702C002070B52A49CE
:1006300091F90040002C40DD40F651222748284D1A
:10064000F8F7EAFA0022274BDFF8A8E02A801646DE
:10065000104604E00132A24203F1290317D293F8B5
:1006600028100729F6D1092822D81E68D3F804C01B
:100670004EF830600EEBC00101320130A242C1F8E9
:1006800004C080B24FF0010603F12903E7D306B19D
:10069000288040F6512200210F4824F053FC1249D3
:1006A000124A01230B701370BDE8704009F0B2BF0D
:1006B00001329442EBD92933CCE740F65122002194
:1006C000064824F03FFC064A034600210848C3F8C8
:1006D00001001180DDE700BF1C2200201A840020E9
:1006E000A82100202B840020288100205400002015
:1006F0000000C842AC2100202DE9F041794B7A4836
:10070000DFF838822DED028B00221A7001F036F9E5
:10071000764B1B78B0EE408A5BB1D8ED007AF5EEEF
:10072000C07AF1EE10FA04DD714B1B78052B00F056
:10073000AD80704B704FF7EE007AC3ED007AB0EEEB
:10074000670A0023DFED6D7A002B08BFF0EE407AD8
:100750006B4B6C4CD3ED000A94ED007ADFED6A6AC6
:100760006A4D6B4B95ED000AC3ED007A28EE206AC6
:10077000B5EE001AA6EE267A664E84ED007AFAF7F8
:100780006FF9D7ED000AF0EE407AF0EE481A96EDD8
:10079000000AC5ED007AB7EE001AFAF78BFAD8ED29
:1007A000007A86ED000AB4EEE70AF1EE10FA19D8E5
:1007B000F5EEC07AF1EE10FA14DD574AD5ED006A75
:1007C000DFED567A1378F4EEE76A43F02003F1EE9A
:1007D00010FA13704FDCBDEC028B514A00231380DA
:1007E000BDE8F0814F4B94ED007AD3ED007AB4EE82
:1007F000E77AF1EE10FAE0DCF5EEC07AF1EE10FAED
:1008000069DD494B444A93ED006A1378F7EE006ABC
:1008100076EEC66A9FED416A66EEA76AB4EEE67AA6
:10082000D5ED006AF1EE10FAC8BF0121F4EEC66AF8
:10083000D8BF002161F34513F1EE10FA1370CADD41
:1008400077EEC77A9FED397A9FED396A344AB4EE74
:10085000E77AF1EE10FAD8BFB0EE677A27EE067AA3
:10086000BDEC028BC7EE267AFCEEE77A17EE903AE3
:100870001380BDE8F0812B4BD3ED007AF5EEC07A02
:10088000F1EE10FAA7DD94ED007AD9E7294B1A4F63
:10089000D3ED000AD7ED007A164C9FED271AC0EE73
:1008A000A70AF0EE401A94ED000AFAF703FAF7EE01
:1008B000007AB4EEE70AF1EE10FA84ED000A3FF593
:1008C00047AFDFED0E7AB4EEE70AF1EE10FACCBFD7
:1008D0000123002336E7104A137823F02003137016
:1008E00079E700BF802E0020782E0020748E002033
:1008F000A87D002058000020882E00209A99993F5A
:10090000842E0020A42E0020E4388E3EA82E002045
:10091000A4000020B02E0020AC7D0020CDCCCC3D2A
:100920008C2E0020902E0020F000002000000000FF
:1009300066666640AC2E0020CCCC4C3D9C2E002040
:1009400010B5834BDB781B0782B00FD5814B1B782A
:10095000052B0BD08048814C814A824912680023C4
:1009600003602360804B002008801A60132001F090
:10097000BBF830B97D4B1B78002B40F0888002B06B
:1009800010BD1421132001F059F8794979487A4BA8
:10099000D1ED007A90ED007A1B78784ADFED786A25
:1009A000D256784B37EE277A5421B4EEE67A01FB23
:1009B0000233F1EE10FAD3ED047A6DD4F7EE006A4B
:1009C000B4EEE67AF1EE10FAF5EEC07AD8BFF0EEAA
:1009D000476AF1EE10FA40F3898066EEA77A9FED40
:1009E0006A7A87EE870AB5EE400AF1EE10FA00F156
:1009F000A280B1EEC07A654B1B7827EE277ADFED37
:100A0000647A87EE276A002B52D007EE903A9FED6A
:100A1000617AF8EE677A27EE877AC6EE076A5E4A51
:100A20005E4B92ED006AC3ED006AB5EEC06AF1EE6E
:100A300010FA58D9DFED5A6A484B66EE266A93EDF4
:100A4000007AF4EEC76AF1EE10FA36DD9FED556AD2
:100A5000CDED017A27EE067AC7EE267A17EE900AD8
:100A6000F7F732FC02460B4637A1D1E90001F7F750
:100A7000CBFAF7F759FFDDED017A07EE100A4A4984
:100A80003A4B67EE877A0122C1ED007A1A7002B004
:100A9000BDE81040FFF730BEF4EEE67AF1EE10FA52
:100AA0003ADD67EEA67A9FED387A87EE870AA0E7EF
:100AB0009FED3E7AF0EE087AAFE7DFED3D5A66EE45
:100AC000255AB4EEE57AF1EE10FA1AD5DFED395A6F
:100AD00037EE667A26EE256AF1EE006AC7EE065A10
:100AE00036EEE57ACBE79FED347AC8E793ED017AED
:100AF000DFED327A66EE876A66EEA77A77EEA77A3E
:100B00006DE737EE657AB0EE086A27EE067AC7EE33
:100B1000265A36EE657AB2E7D3ED017A9FED276A61
:100B20009FED197A67EEA67A67EE867A77EEA77A56
:100B300087EE870A5DE7CDED017A20F03FF9DDED24
:100B4000017AB0EE407A56E7CDCCCCCCCCCC10407C
:100B5000AC7D0020A87D0020A82E0020A42E00201F
:100B6000AC2E00208C2E0020B02E0020802E0020E5
:100B700000390020E8380020F5000020105A030852
:100B8000000000002C5A0308D03EFE3C5C00002010
:100B90006666A63ECDCC6C40902E0020842E0020B0
:100BA000CDCC4C3DCDCC4C3E882E00209A99314185
:100BB0003333733F6666663F666686400AE81C41CB
:100BC00008B5132000F090FF18B9154B1B781BBB1C
:100BD00008BD1421132000F031FF012003F0E2FDD5
:100BE000104A114B92ED007AD3ED007A0F4A104B68
:100BF000107830EE470A20EE270A83ED000A03F052
:100C0000D1FD0C4B0C49D3ED007A054B67EE807A91
:100C10000122C1ED007A1A70BDE80840FFF76CBDF3
:100C2000802E0020942E0020982E0020086E0308AD
:100C3000842E002060000020882E002005480649F0
:100C4000064A074B0B604FF0030C80F800C013609E
:100C5000704700BF5C000020B02E0020AC2E0020AA
:100C60009A9949412DE9F843414B4249D3ED007A25
:100C7000414ADFF84091096840482DED048BB6EEFB
:100C8000087AD278C9F8001067EE877A3C494FF0AD
:100C90007E540460C1ED007A3A483B4900230B6062
:100CA00003603A4B0021198013070BD53849394AA4
:100CB000394BC9F8003003200870BDEC048B136079
:100CC000BDE8F883354B364F93F80080314D354EF3
:100CD0009FED358A9FED359A404603F063FDD7EDD1
:100CE000007A67EE807A0120C5ED007A03F05AFDA4
:100CF000C82486ED000A052000F036FE4046D5EDFA
:100D0000008A03F04FFDD7ED000AB0EE001A60EE46
:100D1000200AF0EE481AB0EE680AF9F7CBFF01207E
:100D2000D6ED008A85ED000A03F03CFDF0EE481A8E
:100D3000F0EE400AB0EE491AB0EE680AF9F7BAFFD1
:100D4000013CA4B286ED000A002CD4D195ED007AC6
:100D5000DFED176A0E4A89ED007AC7EE267AFDEEBE
:100D6000E77A17EE903A1370BDEC048BBDE8F88378
:100D7000902E00209C2E0020AC7D0020A40000209E
:100D8000A02E0020A42E0020A82E00208C2E0020B3
:100D90005C000020AC2E00209A994941086E03089F
:100DA00060000020942E00200AD7A33B0000484397
:100DB000CDCC6C40B02E002070B51A4B0546D879CA
:100DC000C30694B02AD50C461646012000F09AFEC0
:100DD0000028FAD06BBAADF80C304CB132460DF1A8
:100DE0000D03301912F9011B03F8011F9042F9D1CC
:100DF0000D49A31C03AA009291F83410DBB2FF2224
:100E000003200AF0D9FC00F0010441F288320023EB
:100E1000012000F01FFE204614B070BDC0F3001486
:100E2000F3E700BFAC7D0020206E0308F0B5194B3E
:100E3000DC791346E20685B021D5174C1F460E46D5
:100E4000054600F0C7FCD4E9022390429941F8D34B
:100E5000124A92F8344003AB6ABA0093ADF80C2002
:100E60000223FF22214603200AF0A6FCFF220320D2
:100E70000097F3B221460AF017FC05B0F0BD002937
:100E8000FBD00A461846FF2105B0BDE8F04024F02B
:100E900059B800BFAC7D0020B02F0020206E0308A1
:100EA000024B1878003818BF01207047E82E002048
:100EB000C84ADFEDC90AD2ED007AF4EEE07AF1EE2D
:100EC00010FA40F2BC802DE9F0412DED028BC34BAE
:100ED0001B7888B0F0EE401A002B00F0A180022BA6
:100EE00000F04782032B00F06481012B40F03F8229
:100EF000BB4DAA7A910704D4BA4A1278002A40F06E
:100F0000A183B949B94EDFF80883B94FB94A92EDC8
:100F1000007AFAEE086AB4EEE67AF1EE10FA00F31F
:100F2000C382F0EE046A27EE667A77EE877AD1ED17
:100F3000006A96ED007AF4EEE67AF1EE10FA07DD3B
:100F4000D7ED007AF4EEC77AF1EE10FA00F32E81B5
:100F500071EE877AC6ED007AEA79920703D52A788E
:100F6000540640F16B83A44A92F83210022903D947
:100F7000A979C90600F1E482B0EE007AF4EEC77AEE
:100F8000F1EE10FA40F16682B6EE007A67EE877AEB
:100F90009FED9A7A67EE877AF0EE678AB1EE678AFC
:100FA0002A78520640F13582DFED8B0A9FED931AC5
:100FB000B0EE600ACDE90030F9F77CFE904ADDE939
:100FC000003092ED001AF0EE407AB0EE670AF0EED3
:100FD000480A009388ED001A0190FBF7AFFED7EDA9
:100FE000007A884B884A1A60B1EE047A77EE877AE5
:100FF00096ED007AF4EEC77AF1EE10FA1E46009BE9
:1010000017D8DFED827AF4EEE78AF1EE10FA10D805
:10101000744A019800211170704902220A70ABE1F4
:10102000714991ED007AF4EEC77AF1EE10FA09DD1C
:101030000023184608B0BDEC028BBDE8F081002308
:1010400018467047DFF8DCC1DCED156AF4EEE67A8D
:10105000F1EE10FAC8BFF0EE676A37EEA66AB4EE9A
:10106000C67AF1EE10FAE3D45D4C94F80AC01CF095
:10107000020F254600F01B82DFF8A4C19CF800E0B7
:10108000BEF1000F3FF435AFF4EEC70AF1EE10FAEF
:10109000D4BFF0EE477AF0EE607A77EEE67AB2EE01
:1010A000086AF4EEE70AF1EE10FAC8BFF0EE607AD3
:1010B00087EE867A8CF8003094F801C0009363F3D1
:1010C000861C84F801C0DFF838C1484BDCF800E02A
:1010D000DFF854C103901E460191DCED004ADFF8B1
:1010E0004CC1C3ED000AB3EE056AB4EEC76A9CEDCD
:1010F000005A474BDFF838C1C3F800E0F1EE10FAB0
:10110000D8BFB0EE467AF1EE005A37EE257A98460F
:10111000DCED005A364BDFF81CC183ED007A9CED04
:10112000006ADFF814C18DED020A1F46394BCCED81
:10113000004AC3ED000A8CED015ACCED025A8CED49
:10114000036A354BDFF8F4C0C3ED000ACCED006A4A
:10115000324BDFF8ECC0C3ED000ACCED007A04F0AE
:1011600033F9FDF717FFDFF8DCC0009B8CF8003087
:101170001C4B94F80AE0174A0199DDED021A039816
:101180004FF0010C83F800C0144B1EF0020F83F8DF
:1011900000C040F0A482634696ED007AD7ED007A55
:1011A000B4EEE77AF1EE10FA7FF5D2AE87ED007A71
:1011B000CEE60B4CA37A99072546C3F3400243D4ED
:1011C0006378064916480A7062F38613012202709A
:1011D00063702DE76400002000000000E82E00206E
:1011E000AC7D0020D42E002024110020D02E002021
:1011F00068000020FC2F0020B0A80020920A863F43
:1012000054BD0020E8380020CDCC0C3F35FA8E3C90
:10121000B82E0020C42E0020C02E0020003900204F
:101220006C000020402D0020E00F0020DC0F00208B
:10123000D80F0020D40F0020D82E0020CC2E002064
:10124000C82E0020BC2E0020A34BDFEDA47A93ED26
:10125000000ACDED001AA1EEA70A0290CDED010A19
:10126000F9F7C8FC9C4BDDED010A0298B0EE401A7C
:101270009FED9B0A83ED001AFBF760FD99499A4A9E
:101280009A4BD1ED005A92ED007A9949D3ED0B7A41
:1012900091ED006ADDED001AC3ED095A35EEC77A0B
:1012A000F1EE466A67EE277A83ED0A7AF4EEE67A83
:1012B000F1EE10FAC3ED117A08D4F4EEC67AF1EE2D
:1012C00010FAD4BFF0EE676AF0EE466A894B8A499D
:1012D00093F83200C1ED006A022816D9A879C20637
:1012E00013D5DFED867A93ED237AB4EEE77AF1EE4B
:1012F00010FA0AD5DFED827AF4EEE67AF1EE10FA12
:10130000D8BFF0EE667AC1ED007A7E49CDED001AC5
:101310007D4BD1F8E012196002F0CCF9DDED001A36
:10132000002840F0A581794B6F4AD3ED007AF5EEA5
:10133000C07AF1EE10FA00F1D681B6EE007AF4EE42
:10134000C77AF1EE10FA0FD5D2ED007AF5EEC07A39
:10135000F1EE10FA00F18481B6EE007AF4EEC77A6D
:10136000F1EE10FA00F18481694B00221A6001232A
:101370005FE6684D644E0123674A4FF07E51D2F814
:1013800000C0C0F800C03160516841609168D26807
:101390008160C260EA79940703D52A78520640F149
:1013A0005681014604A80093FBF756FCDDED067A52
:1013B000DDED056A9DED077A9FED586A009B67EEAB
:1013C000A77AE6EEA67AE7EE077AF4EEC67AF1EEB1
:1013D00010FA7FF52EAE524A117841B1E9798F07A4
:1013E00005D529784C06C1F3801040F164816B78F3
:1013F0004C4A4D494D4C92ED000A43F04003002207
:101400006B7022700A7008F095FE494B1B683360C0
:101410000EE6DFED480A9FED481ACDED011AB0EE59
:10142000600ACDE90230F9F745FCDFED2C6A98ED52
:10143000007ADDED011A8DED000AA1EEA67AB0EE7C
:10144000470AF9F7D7FBDDE90230DDED007AB0EEAF
:10145000401ABAE5F1EE006AF4EEE67AF1EE10FA1F
:1014600029D497ED007AB4EEE77AF1EE10FA00F3A2
:10147000F280F1EE046A37EE266AB4EEE76AF1EE26
:1014800010FA40F3138177EEC77AB7EE007A87EE51
:10149000A66ADFED2A6A77EE467A67EEA67AF0EE64
:1014A000678AB1EE678A7BE5B3EE0E7A3DE51E4AA8
:1014B000012111701DE577EEC77AB6EE007A27EEAE
:1014C000677ADFED1C6ADFED1C7AE7EE267AF0EE34
:1014D000678AB1EE678A63E5B82E0020960A063F58
:1014E000C7B8B23EB8380020FC2F002010390020C9
:1014F00094000020B0A8002000390020CDCCCC3DC5
:101500000000000030810020E83800202811002071
:10151000B42E0020AC7D0020D82E002017B7D13B80
:10152000BC2E0020CC2E00206C000020E82E0020D5
:101530003C300020920A863E920A863FDB0F493FEC
:1015400097ED007AF4EEC77AF1EE10FA7FF514AD5C
:101550006949D2ED230A91ED000ACDED001AB1EEF2
:10156000046A81EE861ACDE901308DED036AF9F740
:1015700077FA624ADDED001AD2ED236A604A9FEDE8
:10158000617A92ED005A97ED003A5B49A1EEA65AB6
:10159000DDE9013082ED005A5B4A81ED000AD2EDAF
:1015A000006AF7EE007A76EEC56AF4EEC07AF1EEE4
:1015B00010FAB4EEE67AD4BFF0EE405AF0EE675A75
:1015C000F1EE10FAD4BFB0EE665AB0EE475A85EE8F
:1015D000257AD6ED007A37EE277AB0EE084A37EE54
:1015E000047AF3EE0E4AF4EEC74AF1EE10FAD8BFD1
:1015F000B0EE647AB4EEC37AF1EE10FA65EE843A96
:1016000013D59DED036A37EE866AB4EEC76AF1EE34
:1016100010FAC8BFB0EE467AB4EEC76AF1EE10FA1F
:10162000D8BFB0EE476A87ED006AF4EEE36AF1EEE8
:1016300010FA3FF6A1ACC7ED007A9DE4334A0121D0
:10164000117090E4324EDFF8EC80324FA4E52F4A5F
:1016500001211170A5E69FED308ADFED308A9FE40D
:10166000BEEE007AF4EEC77AF1EE10FA7FF77CAEA8
:101670002B4B93ED007A71EE871AF7EE087AF4EEB1
:10168000E71AF1EE10FAC3ED001A7FF770AE6B782F
:10169000244A254C002060F3861310706B70207074
:1016A00002F0DEF8214B04221A70C1E49FED208A7B
:1016B000DFED148A74E4DFF884C01E49DCF800C052
:1016C000174BC1F800C01C49107000221A600A6054
:1016D00003F07AFE144B03221A70009BA9E4D2EDAA
:1016E000007A634612E4BEEE007AF4EEC77AF1EEB9
:1016F00010FA3FF729AE37E6C42E0020B0A800202C
:10170000C02E002000000000C82E0020BC2E0020AB
:10171000D02E002068000020DB0F49BFDB0F493FBF
:10172000B42E00206C000020E82E0020A87D0020B0
:1017300000000080B82E00200039002054BD002099
:101740001248827A22F0020210B48272104A114CBE
:1017500011484FF0010C002382F800C000210F4A0D
:10176000217003600E4C0F4810600F4A21700F4C1F
:1017700013600F480F4A23600F4C036013600F483B
:101780000F4A217010BC036013607047AC7D0020CD
:101790006C000020E82E0020D02E002068000020E1
:1017A000D42E0020CAF24971C82E0020CC2E002071
:1017B000C42E0020C02E0020BC2E0020B82E0020F9
:1017C000B42E0020704700BF014B00221A707047F2
:1017D000E92E00202DE9D0481B4985B04FF0E024C8
:1017E00008680190A06900230246CDE9022300BFEA
:1017F000019E08688642F3D1144B019CD3E900672F
:1018000079017001801B41EAD66161EB0701890013
:1018100041EA907180008019DDE902BC41EB0701CB
:10182000C90041EA5071C000B0EB0B00D3E90023BE
:1018300061EB0C01F7F7D6F94FF47A73E4FB03017F
:1018400005B0BDE8D08800BFEC430020D82F0020B1
:101850002DE9F04F3F4E8BB007464FF0E02C31683A
:101860000491DCF8181000230A46CDE9062300BFD6
:10187000049831688842F2D1DFF8DC90DDF81080FE
:10188000D9E900014B014201121A43EAD06363EB2C
:1018900001039B0043EA927392001218DDE906AB44
:1018A00043EB0103DB0043EA5273D200B2EB0A00C0
:1018B00063EB0B01D9E90023F7F794F910EB070A62
:1018C0004FF47A7341F1000BE8FB03AB03934FF045
:1018D000E02733680593BB6900251C46CDE9084520
:1018E00000BF059A33689A42F3D1DDF81480D9E934
:1018F00000234FEA431C4FEA421EBEEB020EDDE915
:1019000008014CEAD26C6CEB030C4FEA8C0CCDE96D
:1019100000014CEA9E7C4FEA8E0E1EEB020E0099EF
:101920004CEB03034FEACE02501A4FEAC303019A6D
:1019300043EA5E7363EB0201D9E90023F7F752F93A
:10194000039BE8FB0301504571EB0B01C1D30BB0C6
:10195000BDE8F08FEC430020D82F0020014B186821
:10196000704700BFEC430020034A1368013318445A
:1019700013689842FCD87047EC430020F0B52B491F
:1019800085B004464FF0E02508680190A86900235F
:101990000246CDE9022300BF019E08688642F3D1CA
:1019A000234E019DD6E9002359015001801A41EAD6
:1019B000D26161EB0301890041EA907180008018D7
:1019C00041EB0301DDE90223C90041EA5071C00087
:1019D000801A61EB0301D6E90023F7F703F94FF40E
:1019E0007A730646E5FB0361D4E900030F46301A1B
:1019F00061EB030177EB030302D2013841F10001EF
:101A0000F7F7AAF8DFED0B7A00EE100A20EE270AAE
:101A1000F5EE007AB4EEE70AF1EE10FAC4E90067D9
:101A200001DD9FED050A05B0F0BD00BFEC430020CD
:101A3000D82F0020BD378635CDCC4C3E034B1A68DD
:101A4000034B114443F82010704700BFEC430020C3
:101A5000EC2E00202DE9F0412049164684B00746BF
:101A600098464FF0E0220B680193936900251C46CD
:101A7000CDE9024500BF019B08688342F3D1184DB0
:101A8000019CD5E9002359015001801A41EAD26135
:101A900061EB0301890041EA90718000801841EBFD
:101AA0000301DDE90223C90041EA5071C000801A38
:101AB00061EB0301D5E90023F7F794F84FF47A734B
:101AC0004246E4FB0362074B841903EBC70342EB76
:101AD0000105C3E9004504B0BDE8F081EC430020F6
:101AE000D82F0020B02F0020044A054B1B6852F865
:101AF000200098428CBF002001207047EC2E00206F
:101B0000EC430020D0B5204984B006464FF0E024D5
:101B100008680190A06900230246CDE9022300BFB6
:101B2000019F08688742F3D1184F019C1849D7E9F3
:101B3000002301EBC60C50015901801A41EAD26121
:101B400061EB0301890041EA90718000801841EB4C
:101B50000301DDE90223C90041EA5071C000801A87
:101B600061EB0301D7E90023DCE90067F7F73AF8F6
:101B70004FF47A73E4FB0301B042B9412CBF01205A
:101B8000002004B0D0BD00BFEC430020D82F0020BF
:101B9000B02F002010B584B068461EF0C3FD009C35
:101BA0002349A1FB04C100208A0C2249DFF89CC014
:101BB0000346C1E900232049204AD1F8FC3043F014
:101BC0008073C1F8FC30136843F001031360DCF844
:101BD0000030DFF87CC0ACFB03C34FF0E0229B0970
:101BE000013B5361F02381F823304FF0070C144977
:101BF00090610346C2F810C0024641F82320013329
:101C0000312BFAD10F4B00210020C3E90001C3E9B9
:101C10000201C3E90401C3E90601C3E908010A4955
:101C20000A6802F2E9320B689A42FCD804B010BD8F
:101C300083DE1B43D82F002000ED00E0001000E001
:101C4000EC2E0020B02F0020EC43002028020020C2
:101C5000D34D62102DE9F04F2DED048BCA4B1A784D
:101C60008346002A40F05881DFF86093C74FDFF8C1
:101C7000608399ED003A97ED004AD8ED003AC44EE2
:101C8000C448C549DFF84CE3C44A96ED005AD0ED8C
:101C9000006AD1ED007ADEED005A92ED007AC04D77
:101CA000DFF834C3DFF834A3BE4CD5ED008A94EDE1
:101CB000008ADCED004ADAED002ABB4BE6EE817AC1
:101CC000E5EE416AA5EE817A61EE011AB6EE009A60
:101CD00021EE899AB0EE666AF0EE656AA8EEC97ADE
:101CE000E5EE497AE8EEC16AE4EE812AE8EE414A7F
:101CF00070EEC30AE8EE492AA0EE814AA8EE815AA6
:101D0000E1EE077AA1EE266AE1EE646AA8EE495A8E
:101D1000E4EE013AE8EE418AE9EE627AA9EE646AFD
:101D200021EE092A69EE090AF0EE665A93ED009A4F
:101D3000DFED9E6A87ED004AB4EEE69AF1EE10FA06
:101D4000A1EE627AC8ED003ACCED004ACAED002A55
:101D500086ED005AC5ED008A08D4F2EE046AB4EEAE
:101D6000E69AF1EE10FAD8BFF0EE496A904BA6EE73
:101D7000827AA6EE826AE6EEA07AE1EEA65A93EDAA
:101D8000002ADFED8C6AC1ED007AB4EEE62AF1EEAE
:101D900010FA82ED007A80ED006ACEED005A08D488
:101DA000DFED856AB4EEE62AF1EE10FAD8BFF0EE68
:101DB000426A66EE816A9FED812AA6EE828A84EDF0
:101DC000008ABBF1000F00F0A3807D4BDFED7A6A43
:101DD00093ED002AB4EEE62AF1EE10FA40F1CA8043
:101DE00030EE630AB9EE042AB4EEC20AF1EE10FA3C
:101DF00040F1B68077EEA61AB7EE001AC1EE216A5E
:101E0000BAEE041A66EE260A67EEA61AA2EE204A79
:101E1000E2EE213AB4EEC14AF1EE10FAC8ED003A12
:101E200065EE263A40F19280A2EE233AFAEE0E6A6F
:101E3000B4EEE63AF1EE10FA87ED001A7CD5A7EE83
:101E4000E35AE7EE638AA2EEE38AC9ED006ADFEDAA
:101E50005D6AA7EEE06AF4EEC56AE7EE605AF1EE5D
:101E600010FAE2EEE04AF4EEE86AC8BFB0EE665A55
:101E7000E7EEE17AF1EE10FAF4EEC86AC8BFF0EED0
:101E8000668AA7EE617AF1EE10FA86ED005AF4EE5A
:101E9000C66AB0EE625AC8BFB0EE668AA2EEE15AD8
:101EA000F1EE10FAF4EEE56AC8BFB0EE666AF1EE44
:101EB00010FAF4EEE46AC8BFF0EE665AF1EE10FADA
:101EC000F4EEE76AC8BFF0EE664AF1EE10FAF4EEFF
:101ED000C76AC8BFF0EE667AF1EE10FAF4EEC56A92
:101EE000C8BFB0EE667AF1EE10FAD8BFF0EE456AE0
:101EF000C5ED008A84ED008A80ED006ACEED005ABF
:101F0000CCED004AC1ED007A82ED007ACAED006A9C
:101F1000BDEC048BBDE8F08FDFED2B3ADFF8AC9021
:101F20001A4FDFF8AC80C9ED000A0022B0EE603A2B
:101F3000B0EE634A1A70A2E6F2EE0E6AB4EEE63A2A
:101F4000F1EE10FAD8BFF0EE436A78E7B2EE041A69
:101F5000B4EEC14AF1EE10FAD8BFB0EE441A63E70E
:101F6000B1EE042AB4EEC20AF1EE10FAD8BFB0EE18
:101F7000402A3FE7F1EE046AB4EEE62AF1EE10FAE9
:101F8000D8BFF0EE426A2BE774000020FC2F00203F
:101F9000E42F0020EC2F002080000020F42F0020F0
:101FA000E02F00207800002004300020CDCCCC3D74
:101FB0000030002077CC2B320AD7233C0000484267
:101FC00008300020BD378635000000000C300020AE
:101FD000F82F00207C000020E82F0020F02F0020A8
:101FE00059B170B5054E0446451814F8011B3078F8
:101FF00004F060FEAC42F8D170BD7047389000200C
:10200000044B1B7823B1044B044A1B680121D154B3
:10201000704700BF84000020389000202444002036
:1020200038B504460D46FFF7D5FBDFF8F8C0DCF8FD
:102030000830CCF80C50DA179C4275EB02023CBF1A
:10204000A3F57F43FF3BE31A1DB2CCF808402C4CAC
:10205000B5F52F6F22789BB21ADD2A4DDFF8C8C084
:10206000CCF800302B682860C01A6B68696061EB9F
:102070000301254BC3E90001244B01211970244BB6
:1020800024491A7000232370CCF804300B7038BD3B
:102090006FF46171591889B240F2AE40814225D97E
:1020A0001A4B002119701A4B01321B78D2B293429D
:1020B0002270ECD8154B184C1A782378EAB9043BF7
:1020C0005BB2002BD4BF00210121142BA8BF142325
:1020D0006FF013051148AB42B8BF2B46027923704D
:1020E0000F4B61F3C3021970027138BD02EB82011C
:1020F0000CEBC10CCCF81C30D5E70133E0E700BF96
:10210000BC300020D0300020C03000207D370020BF
:10211000850000207E37002086000020AC7D002056
:102120007F37002020340020C8300020884BDFEDAE
:10213000897A1A791968B3F802C09888C1F3CA215C
:1021400002F0010207EE101A920242EA9C12F8EE27
:10215000C70A07EE102A59681A7AB3F806C0C0F306
:102160004A00F8EEC75A07EE100AC1F30A3102F02E
:102170000302B8EEC71A520207EE101A42EADC1246
:10218000B3F808C09968187BF8EEC71A07EE102A52
:10219000CCF38A0CB8EEC76A07EE10CADA7A93F865
:1021A0000FC0C1F34A31B8EEC72A00F0070007EEAE
:1021B000101A42EA00229889D968F8EEC72A07EE79
:1021C000102AC0F3CA001A7CB8EEC73A07EE100A0C
:1021D000C1F38A3102F00F02F8EEC73AD20107EEDE
:1021E000101A188A196942EA5C02B8EEC74A07EE6B
:1021F000102AC0F30A10F8EEC76A07EE100AC1F3FE
:10220000CA311A7D93F813C0F8EEC74A07EE101AC8
:10221000998A1B88C3F30A03B8EEC75A07EE103A2F
:10222000B8EEC70A2DED048BB6EE047AF0EE679A8D
:10223000E0EE079A02F01F029201B0EE670AA1EEEB
:10224000870A42EA9C02C1F34A11F0EE671AE2EEF5
:10225000871A414BB0EE679AB0EE678AF0EE672AB4
:10226000A0EE879AA1EE078AE3EE872AF0EE670ACE
:10227000B0EE671AF0EE673AE6EE070AA2EE071A2A
:10228000E6EE873AB0EE672A06EE902A06EE101ABE
:10229000A3EE072AB0EE673AA4EE073AF0EE678A9B
:1022A000B0EE674AF8EEE66AB8EEC66AE5EE878AEF
:1022B000A4EE874AF0EE675AF0EE674AE5EE074A69
:1022C000E6EE875AE6EE077AFDEEE99ABDEEC99A88
:1022D000FDEEE88ABDEEC88ABDEEC00AFDEEE00A5A
:1022E000BDEEC11AFDEEE11ABDEEC22AFDEEE22AF4
:1022F000BDEEC33AFDEEE33ABDEEC44AFDEEE44A5C
:10230000FDEEE55AFDEEE77AC3ED079A83ED119AEB
:10231000C3ED1B8A83ED258A83ED2F0AC3ED390AAD
:1023200083ED431AC3ED4D1A83ED572AC3ED612A9D
:10233000BDEC048B83ED6B3AC3ED753A83ED7F4AB8
:10234000C3ED894AC3ED935AC3ED9D7A704700BF30
:102350009837002000005C442034002010B5444A27
:1023600092F84630162B68D0282B5FD0142B5CD106
:1023700007CA404B3F4C03C3A17823F8022B100C33
:1023800064293D4A18700B463C4828BF6423C2F8B4
:10239000C432F8F76FFA2379002B5DD1354B1978E9
:1023A00037484942F8F766FA324B364893F903103A
:1023B000F8F760FA3148F8F765FA334B4F289A7905
:1023C0002E48CCBF0021012161F345129A71F8F724
:1023D00059FA2D4B3128DA792948CCBF0021012147
:1023E00061F38202DA71F8F74DFA274B5A305A7AC4
:1023F0002248ACBF0021012161F3C3025A72F8F7F1
:1024000041FA224A18288CBF002301231B4813706D
:10241000F8F738FA1E4B312894BF012200221A70B7
:1024200003D81C4A13680133136010BD1A4B1B7884
:10243000042BFAD117F038FB10BDFFF777FE164BCF
:10244000164A1B780121117043B1042BEDD1FFF71F
:10245000C1F915F0B1FC10BD6178A1E717F076FF66
:102460000028E2D00E4B187817F066FF10BD00BFB1
:102470009837002040370020203400206C3700209F
:102480005C3700204C370020AC7D002081370020D5
:102490008237002088370020840000207E3700200B
:1024A0003090002038B50546FFF794F9DFF8B8C240
:1024B000A74B9CF800C09A6CD3F84CE09864BCF130
:1024C000030FD96445D8821A61EB0E0EBCF1010FDF
:1024D00018D816D140F6A174A2427EF1000455D25C
:1024E00093F84120022A74D00BD8002A00F02981E9
:1024F00093F842104A1CD2B2172A5D5483F8422046
:102500007FD038BD41F64D5C62457EF1000C57D25C
:1025100093F842209D540132D2B20F2A83F8422010
:10252000EFD98C4BDFF844C21A681860821A8A48C7
:10253000CCF80020027942F008020271874A4FF07D
:10254000010010705A68596061EB0202CCF8042057
:1025500038BDBCF1040FD4D11A6DB0EB020E5A6D28
:1025600040F24D4461EB0202A64572F100021CD21A
:1025700093F84120042A48D0052A4DD0032AC0D11F
:10258000AA1E83F8452083F841C038BD74490A600B
:102590004FF00002C1F804E0A3F841200F2DB0D1A4
:1025A0004FF00102A3F8412038BD012283F84020FA
:1025B000032283F8445083F84120C3E9140138BD55
:1025C00067491D700A60012283F84220C1F804E0C7
:1025D00038BD624ADFF894E182F800C05D4AD2F863
:1025E00000C01060B0EB0C00CEF800004FF000000F
:1025F000A3F841005368516061EB0303CEF8043047
:1026000038BD022283F8412038BD4FF0050283F81F
:102610004650A3F8412038BD93F8422093F845C0B6
:10262000624504D2511C83F842109D5438BD494A7A
:10263000DFF838E114681060001BCEF80000506825
:10264000516061EB0001CEF8041093F84620454933
:102650008A5CBCF1000F60D018469C446FF02A01E0
:1026600030E04FEA4E0E4FFA8EF2002A50DB4FEA6E
:102670004E0E4FFA8EF2002A45DB4FEA4E0E4FFA0D
:102680008EF2002A3ADB4FEA4E0E4FFA8EF2002A03
:102690002FDB4FEA4E0E4FFA8EF2002A24DB4FEA70
:1026A0004E0E4FFA8EF2002A19DB4FEA4E0E4FFA09
:1026B0008EF2002AACBF4FEA4E0281EA4202844504
:1026C000D2B22AD010F801EB8EEA020E4FFA8EF247
:1026D000002AC6DA81EA420252B29646C5E781EA8A
:1026E000420252B29646E4E781EA420252B296466C
:1026F000D9E781EA420252B29646CEE781EA420227
:1027000052B29646C3E781EA420252B29646B8E711
:1027100081EA420252B29646ADE70F48DFF83CC06C
:102720000179AA1AB2FA82F2520962F3C301017165
:10273000002006218CF8002083F8400083F8411027
:1027400038BD93F84220002A3FF428AF38BD00BFBF
:1027500098370020D0300020AC7D00207F3700204B
:10276000C83000200451030884000020C03000203D
:102770002DE9F047BF4AC04992F800E0BF4A91F8FE
:1027800000C092F80280D178BD48BE4EBE4B90ED9D
:10279000007A1C68307808EA0105FF2D00F04E81B0
:1027A00048FA0CF34FEAD81708EA0E0841EA082164
:1027B00009B2091B07EE901ADFEDB46AB449F8EECE
:1027C000E77A03F00F03E7EE876A03EB830883429F
:1027D00001EBC801FDEEE66A26BF581C0125002565
:1027E000C1ED076A4FF00108117992F8059009EAE6
:1027F000010ABAF1FF0F20D041FA0CF303F00F03E6
:10280000834280F015810EEA010149EA012109B2F3
:10281000091B07EE901ADFED9D6A9D49F8EEE77AF5
:1028200003EB8307E7EE876A01EBC7014FF001086E
:102830000027FDEEE66AC1ED076A917992F80790EC
:1028400001EA090ABAF1FF0F20D041FA0CF303F0B4
:102850000F03984240F2E9800EEA010149EA0121A2
:1028600009B2091B07EE901ADFED886A8849F8EE75
:10287000E77A03EB8307E7EE276A01EBC7014FF026
:1028800001080027FDEEE66AC1ED076A117A92F8A9
:10289000099001EA090ABAF1FF0F20D041FA0CF3BE
:1028A00003F00F03984240F2BD800EEA010149EAAD
:1028B000012109B2091B07EE901ADFED746A744911
:1028C000F8EEE77A03EB8307E7EE276A01EBC7012F
:1028D0004FF001080027FDEEE66AC1ED076A917A24
:1028E00092F80B9001EA090ABAF1FF0F20D041FAE1
:1028F0000CF303F00F03984240F291800EEA0101BD
:1029000049EA012109B2091B07EE901ADFED5F6A5F
:102910005F49F8EEE77A03EB8307E7EE276A01EBFE
:10292000C7014FF001080027FDEEE66AC1ED076A16
:10293000117B92F80D9001EA090ABAF1FF0F00F03D
:10294000828041FA0CF303F00F03984201D8581C1F
:1029500001250EEA010149EA012109B2091B07EE2E
:10296000901ADFED4A6A4A4992F80E9092F80FA049
:10297000F8EEE77A03EB8307E7EE276A01EBC70778
:10298000FDEEE66AC7ED076A09EA0A07FF2F52D093
:1029900049FA0CFC0CF00F03834226D20EEA090E12
:1029A0004AEA0E2A0FFA8AFAAAEB040A07EE90AA5C
:1029B000DFED366AF8EEE77A03EB8304E7EE276A89
:1029C00001EBC401FDEEE66AC1ED076A25BB2F46A7
:1029D0003048314903700F701388304A3048012164
:1029E0005BBA11700380BDE8F0870EEA09004AEA7D
:1029F000002000B2001B07EE900ADFED246AF8EE1B
:102A0000E77A03EB8300E7EE276A01EBC001581C6D
:102A1000FDEEE66AC1ED076A30700027D8E7581C62
:102A200001256BE7581C01253FE7581C012513E7DA
:102A3000581C0125E7E6002DEED1EEE700273B46C6
:102A40003D46B846D0E692F80E9092F80FA00AEAFA
:102A50000901FF2907D049FA0CFC0CF00F0383424F
:102A60000B499BD3C1E705B13070B8F1000FB3D06B
:102A7000AEE700BF9437002095370020983700203C
:102A80008C00002085000020880000200080BB44CE
:102A900020340020BC300020903700207E370020FA
:102AA0009237002030B52D4A2D482E4954688BB0FE
:102AB000CDE908019168126807910023CDE9003340
:102AC000CDE90233CDE9043206940DF113010DF185
:102AD000270011F8013F6B4488421A7802F1010285
:102AE0001A70F6D1204B597921F004016A460DF194
:102AF000140E5971597911F0040F597927D112F830
:102B0000010B013818BF012060F38201964559710D
:102B1000F0D193F805C01CF0040F16D1BEE80F00E9
:102B20000E4C124D0FC42346DEF8002043F8112945
:102B3000CCF3800C13F8011F0CF1010205F801C061
:102B40005FFA82FCBCF1140FF4D10BB030BD01323E
:102B500041F0040196455971CCD1DAE7A830002044
:102B60000C0D0E0F10111213AC7D002090300020C0
:102B70002DE9F84FA04DA14CAB79DFF80883012275
:102B800023F004032270AB71FEF724FE9C4BC3E9D3
:102B900000019C4B3C221A70FEF7E0FE58220021F7
:102BA0000646994822F0CEF998F80030032B00F23F
:102BB0000D8153B9954B1B78002B40F01681944F33
:102BC0003B68944A0021D15436E0934A904F1278E2
:102BD0003A60013B032BF3D8DFE813F0F000DA0092
:102BE000C4000400AB798D4843F00403AB718C4BF7
:102BF0004FF00008C3E90088C3F80780F7F730FEFC
:102C00008848F7F72DFE8848F7F72AFE122323702D
:102C10006B7A864968F3C3036B72EB7968F38203BE
:102C2000EB71AB7968F34513AB71387809F05CFD53
:102C3000784A3B680121D154FFF734FF7C4B7D4F2C
:102C400001210022597400200021C3E90522C3E9B3
:102C50000201DA6107F548713B464FF47A72DA6196
:102C600028338B42FBD1744B002403F54872DC619E
:102C700028339A42FBD150220021704822F062F999
:102C80006A786F4B6F4993F8019093F8028093F83C
:102C900000E093F804C0987993F80AA022F080022B
:102CA0006A70AA7822F00102AA70DA78DB7A09EB5E
:102CB000890903EB830308EB880802EB82020EEB21
:102CC0008E0E0CEB8C0C00EB80000AEB8A0A07EBF3
:102CD000C80807EBC20207EBCE0E07EBCC0C07EBE4
:102CE000C00007EBC90907EBCA0A07EBC3072B783B
:102CF0004FF0000B43F001032B70C1F800B040F21D
:102D0000DC534E49C9F81C30C8F81C30D3614FF071
:102D10007C524A608A60CA60CA6240F21A484FF424
:102D2000FA62CEF81C80CCF81C20C261CAF81C30B4
:102D3000FB61454B44F62061DE630E20FEF77EFE0C
:102D4000424B4349C3F800B02B79424A0C7023F040
:102D500008032B71404B1C70404B1C70EC2313700C
:102D6000BDE8F88FAB793E493A683E483E4C43F0A7
:102D70000403AB713D4B032718600F703C48254B93
:102D8000072121704FF4806101600121995453E7BC
:102D9000AB7933493A683748334C43F00403AB719D
:102DA000324B022718600F7031481A4B03212170F3
:102DB0004FF400710160012199543DE7AB792E4930
:102DC00043F00403AB71122323702EE7042B104F42
:102DD0007FF4F6AE294B2A481B783B6014F0C8FFFD
:102DE00014F0CEFF98F80030F3E609F081F9084FAF
:102DF00098F80030EDE600BFAC7D00208500002093
:102E0000D03000201C30002098370020A076030826
:102E100038900020244400200B6E03086C370020FB
:102E2000403700205C3700204C370020A0680600A7
:102E3000D830002000310020203400204030002015
:102E4000A830002038300020EC2E00203C3000203C
:102E5000BC300020860000207C3800207E37002017
:102E6000953700209A99193F943700208C00002054
:102E7000880000209A99993FA08601000C6E0308F3
:102E8000E11F01088400002010B5FEF7A3FC4B4BA6
:102E90004B4A1B78DFF85CC1146852680CFB03F3E3
:102EA0001B1942F1000283428A4128D2454A137815
:102EB00023BBDFF844C14448DCF800100131CCF8F2
:102EC0000010017963F3C3014FF0010C01713F4918
:102ED00082F800C03E4A81F800C03E483E4982F870
:102EE00000C051F8232040F823200A33C82BF8D122
:102EF0003A493B4BEC20012208701A7010BD394B47
:102F00001A78002AFAD0384A2E4912784FF0000C6D
:102F100081F800C083F800C0042A45D8DFE802F039
:102F20003C0703034000BDE81040FFF721BCFFF75A
:102F3000FDF82E4B2E489B7D234913F0010F0CBF4B
:102F40004FF47A7C4FF4FA6C13F0020FC0F89CC275
:102F50000CBF4FF47A7C4FF4FA6CC0F8C4C21C4822
:102F60000A79C3F3800C80F800C01848C3F3C00C82
:102F700080F800C0DFF884C019488CF8003013F0E6
:102F80000C0F0CBF4FF0010E4FF0000E01236EF33B
:102F9000C30203700A7110BD114B01221A7010BDDB
:102FA000BDE81040FFF7DAB9074A0D491379002050
:102FB00023F008030870137110BD00BFF400002057
:102FC000D03000207C370020AC7D002082370020EC
:102FD000813700203C3400201C3100208600002076
:102FE0007E3700207F3700208400002098370020A3
:102FF0002034002040420F00883700208037002016
:10300000022806D807EE900A024BFBEEEF7AC3EDDA
:10301000067A7047403000202DE9F04182B0FFF77A
:1030200033FFB94B1A7812B902B0BDE8F081B74C42
:1030300094F800E000221A70BEF1000F00F0BC828C
:10304000B348B44DDFF83883B34F0146FB69DFED79
:10305000B37A0E78A3F57A7300EE903A98F80030C0
:10306000F8EEE00A60EEA70A002B00F08B81013237
:1030700005EB86069645C6ED000A1DD9A64B8618B7
:1030800002EB8202B0EE677A03EBC202013ED36923
:10309000A3F57A7307EE903AF8EEE77AB11C16F8CA
:1030A00001CF67EE877A091A05EB8C0C8E4502F189
:1030B0002802CCED007AEAD895ED017AD5ED027AB6
:1030C000D5ED036A964BB6EE006A37EE467A77EE98
:1030D000C67A37EE077A76EEC66AF1EE677A77EE51
:1030E000A77A76EEA66AB5EEC07A03F5AE62F1EE87
:1030F00010FA83EDAE7AC3ED007AC2ED006A00F1FA
:103100005B81F5EEC07AF1EE10FA00F12182F4EE67
:10311000C77AF1EE10FAC8BFB0EE677ADFED817AB8
:10312000814F82497A7881ED007AB4EEE77AF1EE48
:1031300010FA48BF0121D5ED007ADFED7D6A7D4EA2
:1031400058BF002161F304127A70F4EEE67AF1EED2
:1031500010FA7A79C6ED007AACBF0121002161F343
:10316000000219207A71FEF7BFFC002840F0B781F9
:10317000714E2278F179914280F0798195ED077A4C
:10318000DFED6E7AB4EEE77AF1EE10FACCBF0120F3
:103190000020F97860F34101F970B179914280F033
:1031A0005681D5ED067A9FED667AF4EEC77AF1EE98
:1031B00010FA80F2B7819FED637A634BF4EEC77A21
:1031C000F1EE10FAACBF01210021197080F2AD813F
:1031D000F17A96F804C08A4200F21F815B484FF0F2
:1031E000000E6245C0F800E000F2F8805849002067
:1031F0000870397841F001013970F6EE007A5549CE
:10320000C1ED097A707A904280F06581D5ED097A36
:10321000B6EE007AF4EEC77AF1EE10FAACBF0120F8
:1032200000204D4A0093C1ED077A107000F0B0FE07
:103230004A4A24781278009B0A2A00F02D81002146
:103240000120FA7860F38202FA70454A1160B27A7E
:10325000A24280F01B81D5ED0A7AB6EE007AF4EE38
:10326000C77AF1EE10FA04DB3E4A1278142A00F015
:103270009D8100223C49B0EE007AFFEE000AE7EEA5
:10328000870A0A70B1EE000A1DF020FD327A374934
:10329000A24281ED000A0DD2DFED287A95ED087A81
:1032A000B4EEE77AF1EE10FA04DD314A1278002A22
:1032B00000F06D8100202F4CBA7A98F80010247825
:1032C00060F341022143BA720FD02B49FA79097891
:1032D00042F02002FA71002940F0CB80244A127893
:1032E0001AB9FA78910740F15981244991F90020DF
:1032F000002A40F0A5807A7A42F020027A7202B069
:10330000BDE8F041FEF75EBA7E3700208500002060
:103310009030002040300020203400206F12833A8B
:10332000B83B0020CDCC4C3EAC7D002020300020AE
:103330000AD7233D3C300020A83000203333333FF0
:10334000ABAA2A3FABAAAA3E7C3800203830002026
:10335000768E00205C060020343000207F3800206C
:1033600008390020F5000020C41000207000002063
:10337000758E0020813700206D8E00201C300020CB
:103380008237002005EB860696ED000AB6EE081A95
:10339000CDE90021F7F764FB009A94F800E0019969
:1033A00086ED000A0132724501F1010107F128079B
:1033B000BFF482AE844849E6F5EEC07AF1EE10FA29
:1033C000F1EE476A00F1DB80F4EEE67AF1EE10FAF6
:1033D000D4BFB0EE667AB0EE677A9FE67B4800789D
:1033E000012800F0C08095ED047ADFED797A794804
:1033F000B4EEE77AF1EE10FACCBF4FF0010C4FF0CB
:10340000000C80F800C038788A4240F00100387023
:103410007FF6F3AED5ED0B7AF1E6D5ED0B7A6E487B
:10342000B6EE007A37EEC77A624580ED007AD5D8DD
:10343000684900200870397841F001013970DEE6F2
:10344000013A0A7002B0BDE8F041FEF7BBB9F87965
:10345000624B002161F3C300F8717878197061F351
:10346000C7107870B87861F30000B870B0E600203B
:103470008FE601295ED002297FF437AF7A7AD3072D
:103480003FF533AF032000F0EBF92EE7544A00215B
:10349000B7EE000A1170F9E61A78013A012A7FF6B0
:1034A000CEAE7279A242BFF4CAAED5ED057A9FEDD9
:1034B0004D7AF4EEC77AF1EE10FA80F281809FED3A
:1034C0004A7AF4EEC77AF1EE10FAACBF012100217E
:1034D00081F00100B5E6DFED457A0020A1E6FA2192
:1034E0001920FEF7ABFA424A96ED007AD2ED007A47
:1034F00077EE677AF5EEC07AF1EE10FA01D5F1EECB
:10350000677A82ED007A3B4A92ED007A7A78B4EEDF
:10351000E77AF1EE10FA4CBF0121002161F3451268
:103520007A7025E62D4B022119703348016801316C
:1035300001604DE67A7AD2073FF5D7AE7A7A2F4905
:1035400042F0010206207A72087000F0A5F8CCE67D
:10355000F1EE677AB4EEE77AF1EE10FA7FF5DEADC0
:10356000B0EE677ADAE5264890F8340000283FF498
:103570003AAF18484FF0000C80F800C043E7B4EEB3
:10358000E77AF1EE10FA0EDDF1EE677AE8E7F87807
:10359000C0F3400080F00100C0B28CE6BA7A42F07D
:1035A0000202BA72A1E6B0EE667AB7E5FA78C2F323
:1035B000400282F001025DE6124DDFF84C807BE5AF
:1035C000002002213DE600BF903000208E7D0020CB
:1035D000CDCCCC3D768E0020383000207C380020C9
:1035E000C4100020ABAA2A3FABAAAA3E00000000EC
:1035F00018300020243000208C3700207E38002036
:10360000C472030840300020823700201C4BD3EDE9
:10361000007AF5EEC07AF1EE10FA0DD9194B93ED60
:10362000036AD3ED056AE6EE667AB7EE087AF4EE41
:10363000C77AF1EE10FA01D500207047124B93EDD6
:10364000007AB5EEC07AF1EE10FA16D90F4A104B97
:1036500092ED006A1B88DFED0F6A86EE277A07EE8F
:10366000903A37EE267AF8EEE77AB4EEE77AF1EEA2
:1036700010FA4CBF0120002070470120704700BFA6
:10368000143000207CA00020902E0020502100202B
:103690008C2E002000007042044A0548D378002197
:1036A00061F386130170D370704700BFAC7D0020BA
:1036B0007D380020244B1B78013B032B42D8DFE8E8
:1036C00003F03C201B02214A214B92ED007AF6EEDA
:1036D000087A67EEC77A93ED007AF4EEC77AF1EED6
:1036E00010FA2FDD1B4BDFED1C7A93ED007AB4EE60
:1036F000E77AF1EE10FA25DD184BD878C0F3801088
:103700007047124A124B92ED007AF6EE087A67EE95
:10371000C77A93ED007AF4EEC77AF1EE10FA11DD74
:103720000C4BDFED0D7A93ED007AB4EEE77AF1EE13
:1037300010FACCBF012000207047084B1878C0F366
:10374000C0007047002070476E8E0020940000205B
:103750000039002024800020CDCC4C3EAC7D0020E0
:1037600008B59FED380A06F0E5FC374A1378032BBD
:1037700048D8DFE803F03D2C0402012008BD33489F
:10378000FEF7FCF8DFED327A20EE270AFFF792FF12
:10379000304BD3ED007AF8EE677AA8BBB0EE007A32
:1037A000E0EE077A9FED2C7AF4EEC77AF1EE10FA8C
:1037B0003FD5FCEEE77A17EE901A284A1960D378C5
:1037C00023F04003D3700720FEF738F91AE00720F2
:1037D000FEF78AF9B0B1FDF7FDFF1C4B1D4AC3E9A6
:1037E000000140F6B8301060174A0223137009E058
:1037F000184B4FF47A7107201960FEF71FF9124A2F
:1038000001231370002008BD77EEC07A0E4AF5EE52
:10381000C07AF1EE10FA0FDDFCEEE77A17EE901A9F
:10382000F8EE677A1960F5EEC07AF1EE10FACAD8B0
:1038300004E040F6B831C0E700211960032313709B
:10384000C1E700BF0000C8C27D380020F837002063
:1038500000007A440038002000803B45AC7D002009
:1038600010B50A4B82B0002401901C60FBF792FB5C
:10387000074A0849D3780C6023F02003D37002F084
:1038800009FC054B0198187002B010BD00390020EA
:10389000AC7D0020E83800207E380020324BDA79F9
:1038A0009006C2F340110CD53049314A91ED007AAF
:1038B000D2ED007AB4EEE77AF1EE10FACCBF012136
:1038C00000211A7861F382021A701A78520742D5E1
:1038D00026482849284AD0ED007A91ED007A1278DE
:1038E00077EEC77A72B122491A7891ED007AB4EE78
:1038F000E77AF1EE10FA4CBF0121002161F3820258
:103900001A7070471D4A92ED247AF6EE006AB4EE02
:10391000E67AF1EE10FA1FDCDFED196A19491A4A4E
:1039200091ED006A92ED007AE6EE667AF4EEC77ADF
:10393000F1EE10FA16DD154A92ED007AF2EE0C7AED
:10394000B4EEE77AF1EE10FA4CBF012100211A78AB
:1039500061F382021A7070470C4A92ED006AC6EE5B
:10396000076ADBE70021F2E7AC7D00202811002088
:10397000F880002010390020758E0020B0A80020AB
:1039800000000000FC380020F43800206C210020EA
:1039900010B5514B1B7882B04BBBFBF7FBFAFFF71E
:1039A0007DFF4E4C9FED4E0A0623237006F0C2FBAE
:1039B0004C4A1378032B18D8DFE803F0655328022C
:1039C000494B002119600191FBF7E4FA474A484846
:1039D000D3780199016023F02003D37002F05AFBE1
:1039E000444B0621042221701A7002B010BDFBF76F
:1039F000D1FA414C414B94ED000AD3ED007A30EE00
:103A0000270AF7F7F7F804ED0C0ACAE73C48FDF778
:103A1000B5FFDFED3C7A20EE270AFFF74BFE3A4B6D
:103A2000D3ED007AF8EE677A002838D1B0EE007A4C
:103A3000E0EE077A9FED357AF4EEC77AF1EE10FAF0
:103A400042D5FCEEE77A17EE901A284A1960D3782F
:103A500023F04003D370072002B0BDE81040FDF70B
:103A6000EDBF0720FEF740F80028BED0FDF7B2FEFC
:103A7000234B254C1B4AC3E9000140F6B830022312
:103A800020601370B1E7204B4FF47A710720196062
:103A9000FDF7D4FF134A0123137002B010BD77EE77
:103AA000C07A104AF5EEC07AF1EE10FA0FDDFCEEA6
:103AB000E77A17EE901AF8EE677A1960F5EEC07A99
:103AC000F1EE10FAC7D804E040F6B831BDE70021A6
:103AD000196003231370BEE7758E00207E38002026
:103AE0000000C8C27D38002000390020AC7D0020D5
:103AF000E8380020A87D00209421002054BD00203B
:103B0000F837002000007A440038002000803B4550
:103B100030B5404C237813F0400F83B0637A16D150
:103B2000C3F3000113F001032CD03B4B3B4D1B783A
:103B3000002B3FD1FBF72EFAFFF7B0FE4FF0060245
:103B40002A70FFF70DFE00284CD103B030BDDB0713
:103B5000FBD5334B93ED007AF2EE0E7AB4EEE77AB2
:103B6000F1EE10FAF1DD2F48637A2C4A90ED000A4D
:103B700023F0010300216372117003B0BDE83040EF
:103B800006F0D8BA627ADFF8BCC0264842F00102DB
:103B90006272DCF800200260204806220270224A8D
:103BA0001170E27863F386121B4BE2701B780546B6
:103BB000002BBFD0FBF7EEF91C4A1D4BD2ED007A6B
:103BC0001C4A019392ED000A30EE270AF7F712F82B
:103BD000019B4FF0060283ED000A2A70FFF7C0FD3B
:103BE0000028B2D0144A002313600193FBF7D2F9E6
:103BF000124A019B1360E37823F02003E37002F084
:103C000049FA0F4B04224FF0060028701A7003B0D7
:103C100030BD00BFAC7D0020758E00207E380020B6
:103C200028110020783800207D38002054BD002065
:103C3000642100209421002000390020E838002071
:103C4000A87D002010390020064A02F5A663D3E9BA
:103C5000000192ED007B044B83ED027BC3E9080178
:103C6000704700BFB8160020A82D002010B5104CDA
:103C70001049A378104A23F00403A370A37823F01B
:103C80000203A370E37923F00803E3712378002093
:103C900023F004030870FF2111702370FCF7CAFAA7
:103CA000A378064A052143F001031170A37010BDEB
:103CB000AC7D00206D2C0020881100207F38002072
:103CC00070B5334CDFED337A334D04F6CC732DED04
:103CD000028B93ED008ADFED318A38EE278A82B0BD
:103CE000B0EE480A1DF092F860EE287A04F5A2665C
:103CF00017EE900AF4F7E8FA02460B46D6E90001FF
:103D0000F4F784F9B0EE480AC5E902011DF0BEF8E7
:103D100060EE287A04F5246617EE900AF4F7D4FAD8
:103D200002460B46D6E90001F4F770F91C4B93EDFF
:103D3000000AC5E9080110EE100A8DED010A04F62B
:103D4000E474F4F7C1FA22689DED010AAA64002325
:103D5000C5E90E0185F8643006F0ECF9D4ED006A8F
:103D60009FED107AC8EEA67A072067EE877AFCEE00
:103D7000E77A17EE901A01F59C510831FDF75EFEC7
:103D8000094B12221A7002B0BDEC028B70BD00BF4D
:103D9000A8110020DB0FC93F103800200000484365
:103DA0002811002000007A447F38002038B51C4BD1
:103DB00000241C6001F008FB1A4A1B4BD2ED137A59
:103DC0001A4AC3F8B04202F22C50FCEEE77A0460C3
:103DD00002F65C2017EE905A046002F21C50C3F801
:103DE000AC42046002F64C204FF47A71046003F593
:103DF000AD6002F67C72046003F2645001FB05F1D1
:103E0000046003F5026003F61C03046007201460DD
:103E10001C60FDF713FE064B08221A7038BD00BF68
:103E200000390020102E0020B83B0020A8110020EF
:103E30007F3800204A4B1B78012B00D07047494A3D
:103E4000D279D209FAD04849484AD1ED007A92EDA8
:103E5000007AB4EEE77AF1EE10FA03D5444B102263
:103E60001A707047434A92ED007AB4EEE77AF1EEA9
:103E700010FA28DC30B5404A127883B03AB3012AF0
:103E80001CD11BF07DF900282ED0364A3A4C93798C
:103E900047F2305123F0080324209371FDF7CEFD43
:103EA000364B374AD3E9000103F5A663C2E90201A4
:103EB000D3E90001C2E908010023237011222C4B31
:103EC0001A7003B030BD2A4B0F221A7070472C486D
:103ED0000193FBF7E3FB1BF01FF928BB264B1B7874
:103EE000012BEBD10C22EAE7264C244D1BF038FACB
:103EF000A068F4F7E9F9D5E90023F4F787F8F4F7B7
:103F000013FD0346E068204C2360F4F7DDF905F566
:103F1000A663D3E90023F4F779F8F4F705FDA06070
:103F20001A48FBF7BBFBD9E71BF090F90D4B134880
:103F30009A7990ED007B42F008029A71104B00F5DF
:103F4000A66C83ED027B9CED007B41F2883123203F
:103F500083ED087BFDF772FD074A019B1370C1E7F3
:103F6000758E0020AC7D002028110020400200202A
:103F70007F3800203C02002024BE0020B81600201C
:103F8000A82D00206CBD002010BE0020480200209B
:103F900010B5824BDA78910782B0C2F3400C03D49B
:103FA0007F4A1278052A42D059797E48DFF828C224
:103FB000002262F345115971D979027062F3C71179
:103FC000D971597878489CED000A62F386115970CE
:103FD000997862F300019970597862F3C7115970AA
:103FE000597A4FF0030C80F800C0704862F300016A
:103FF0005972027006F09EF86D4A00211160FAF7BE
:10400000C9FF664B1B78DB0904D16A4B0A221A7080
:1040100002B010BD684A694B02F5A66192ED007BC3
:10402000D1E9000183ED027BC3E90801EDE75F4CB4
:104030005C4894F800E00078BEF1C70F1FD95A4CD5
:1040400094F800E08645E3D093F802E06CF3000EAC
:1040500083F802E093F801E06CF3C71E83F801E0F7
:1040600093F807E001286CF3C71E83F807E053D0EC
:10407000022828D058B14C4B187002B010BD4A4BE2
:104080000EF1010E84F800E0187002B010BD5A79EC
:1040900060F345125A715A7A60F300025A72FAF7C5
:1040A00079FF454A3F49454B087892ED007B02F580
:1040B000A66183ED027B91ED007B83ED087B3D4B98
:1040C0000A221A70D7E793F800E05FEADE1ED2D02A
:1040D00098783B4901926CF382009870987881F847
:1040E00000C06CF341009870D87936496CF3C30076
:1040F000D87118786CF382001870FF200870FCF7F4
:1041000099F8284B2B491878244B019A0A709A7811
:1041100042F001029A70AEE75A7A6CF300025A72CA
:104120001A78D209A7D05A7852062DD55A78DFF8D6
:1041300088E0224942F080025A70234A92F800C077
:10414000DA786CF30002DA70204A92F9EAC21A793E
:10415000BCF1000FD4BF4FF0000C4FF0010C6CF31A
:1041600004121A719EED007B194B1A680EF5A663B6
:1041700081ED027B93ED007B164B1A600D4B002204
:1041800081ED087B1A7076E7134A92ED000A05F07C
:10419000D1FF044B1878014BC8E700BFAC7D00206D
:1041A000A87D00207C38002090000020F0370020FF
:1041B000003900207F380020B8160020A82D0020EC
:1041C0006D2C002088110020A011002030810020DB
:1041D00054BD0020043900202811002030B5994C2E
:1041E0006378DB0983B019D1A37813F0010315D1EB
:1041F000227A63F3C7122272237ADB0928D1237A49
:10420000C3F3C011DB0914D0637A23F02003637277
:10421000E37923F00803E37103B030BD8A4B1B78C8
:104220000A2B13D0E378C3F3400383F00103DBB21E
:10423000DEE7DFF858C2627A84488CF800108449BF
:104240000068086063F300026272DDE70023CFE7D5
:10425000FCF726FE0028D2D1FFF75AFCE3791907B4
:10426000D2D5FBF7CFFC784B1B78132B20D8DFE897
:1042700013F082011F006101370114000F013400A7
:104280003400980168001F00C30025001F001F00B4
:10429000970085002500A90082006E4B93F86430DA
:1042A000022B00F0DD816C496C4A00230B70137205
:1042B0000022A37862F3C303A370A5E7FFF7BAFD5A
:1042C000614B1B78072BF3D1624B93F86420A2F16A
:1042D0000102B2FA82F25209EBE7FCF743F95D48BA
:1042E000FBF7DCF95B4890F86430002B00F0D681D6
:1042F000012B40F0CF815A4BD0ED157A93ED000A97
:10430000D0ED140A30EE670A1CF072FCDFED557A2E
:1043100037EEC07AB5EEC07AF1EE10FA00F1EB811B
:10432000B4EEE77AF1EE10FAD8BFF0EE477A4E4BD2
:10433000C3ED007A0720FDF7D7FBE0B9424B1B78AD
:10434000C0E7FCF70FF94348FBF7A8F9444BD3ED5E
:10435000007AB1EE047AF4EEC77AF1EE10FA0ADCD4
:1043600017EE900AF3F7B0FF3A4BD3E90E23F4F7B8
:1043700089FA0028E2D0FBF747FFDFE7384A3B4BDA
:1043800092ED007AD3ED007AB4EEE77AF1EE10FA0E
:104390008ED5374A002111602B4A1123137087E70D
:1043A0003448FBF77BF92E4A334B92ED007AD3ED7C
:1043B000007AB4EEE77AF1EE10FABFDD224A11235B
:1043C000137075E72D48FBF769F963795A0600F118
:1043D0004C8163792A4A00211170C3F380125B0675
:1043E00040F16A81274A13780133DBB2022B137044
:1043F000C1D9FFF73BFCA1E7FCF7B4F81548FBF780
:104400004DF963795D0619D4A3789807C3F3400288
:1044100000F1DF8007200192FDF766FB002800F025
:10442000D880174B019A1978002940F09081164ADC
:10443000127801218A42197000F0C680FFF740FC13
:104440007CE700BFAC7D00207F38002004390020CD
:1044500074210020102E0020FC21002010220020BA
:1044600028110020DB0FC93F0C390020400200203A
:10447000F8050020A82D002044020020103800205C
:10448000AB38002008380020758E00207E380020D0
:10449000FCF768F8FFF702FA23785D0740F1F78030
:1044A000AC48FBF7FBF8A378D80708D5AA4BD3EDA7
:1044B000007AF5EEC07AF1EE10FA00F30081A378ED
:1044C00059077FF53BAFA54B00221A70FAF73CFD68
:1044D00001460720FDF7B2FAA14A0B231370E7E665
:1044E000FCF740F89B48FBF7D9F89A4890F86430FD
:1044F000022B00F0B080FFF733F900283FF41EAF25
:104500009849974D002304222A700B600193FAF713
:1045100041FD9549019B0B60E37823F02003E37094
:1045200001F0B8FD91492B780020087090490422D1
:104530000A70C7E68748FBF7B1F82378DA077FF5FA
:10454000FDAEA378DB067FF5F9AE0720FDF7CCFAC8
:1045500000283FF4F3AE874B1B78012B3FF4EEAEFF
:10456000E3788549002262F38613E3707C4B0A707E
:1045700003221A709CE67F4B1B78012B66D0637870
:10458000DA0656D52379DB0640F1AF80FAF7C4FC92
:1045900001460720FDF752FAFBF736FE704B1B78F9
:1045A00090E60720FDF7A0FA00283FF4C7AE694B5C
:1045B000D3E90E01F4F7B8F900EE100A05F0BAFDE0
:1045C000674A0923137073E642F210710720FDF762
:1045D00035FAFFF763F9A37899077FF5AFAE5D4B26
:1045E000D3ED137AFCEEE77A4FF47A7217EE901A55
:1045F00002FB01F5614A5949127800200870002A2F
:1046000040F0A08093F86420022A00F09280062AED
:1046100000F08980002A71D007232946504D0720D9
:104620002B70FDF70BFA22782B7822F0040222700F
:1046300048E6534B534AD3E9000103F5A663C2E9A8
:104640000201D3E90001C2E9080131E6E379DB099F
:104650007FF4B4AE93E7FFF783F800283FF46EAE23
:10466000FFF7A4FB3E4B1B782CE60720FDF73CFA36
:1046700000283FF463AE444B93ED007AD3ED067A05
:10468000B4EEE77AF1EE10FA7FF558AEA1E6FBF74B
:10469000F3FD05E73D4B00221A604BE60720FDF7CE
:1046A00023FA00283FF446AE394B1B78002B7FF4E9
:1046B00041AE384A13723DE6374B1A705BE6FDF7A0
:1046C0004DF9364A13689842FFF4F9AEFDF746F902
:1046D000324A00F59C5008301060FEF797FF002822
:1046E0007FF4EDAEFFF754F9E9E62648FAF7D6FF76
:1046F0001B4B1B78E6E5DFED2A7A18E6D3ED137A3B
:10470000F5EEC07AF1EE10FA86DD22480268AA4280
:1047100082D21F4A1278002A7FF47EAFD3E91712A3
:10472000FBF72CFD78E74FF4FA7004F0CDFD02237F
:1047300073E7E3781049002262F38613E3700A708E
:1047400003236AE7C82004F0BFFD024B5AE71A7042
:1047500074E600BF102E002050210020AB3800204E
:104760007F38002000390020E83800207E38002003
:10477000A87D0020758E00207D380020728E0020DC
:10478000B8160020A82D00206C2100200C39002034
:10479000FC210020102200200838002004380020CE
:1047A00000000000084B00EBC00213F8223043B1B8
:1047B000064B33F810309BB200EE103ABBEECA0A3B
:1047C00070479FED030A70471C7103088038002072
:1047D000000000001448154B417810B521F040014D
:1047E000134C41700022134913482260DA639A6126
:1047F000C3F8F422C3F8D02203F2AC5C0F4C0A6079
:1048000003F5B16300211A60CCF8002001808170AB
:104810002170FAF7BFFB0A4B0A480B4A1B6803607A
:1048200040F8183C136010BDAC7D0020B83B002060
:10483000E838002000390020A8380020AB380020DC
:1048400054BD002064210020043900202D4A92F834
:104850003230022B2C4B02D99979C90630D4012071
:104860009A79C2F3C001120723D4284A12780C2A7D
:1048700011D00F2A0FD0DFF8B0C0254A9CED007A86
:10488000F6EE087A67EEC77A92ED007AF4EEC77A10
:10489000F1EE10FA28DA5A7961F386125A711A7A0F
:1048A000910708D55B795B0616D51A4B01221A7061
:1048B00070470021EFE7174BC2F340021A707047B0
:1048C00092ED237ADFED147AB4EEE77AF1EE10FA86
:1048D0004CBF01200020C3E7104B1A780D4B003A63
:1048E00018BF01221A7070470D4ADFED0E7A92ED63
:1048F000007AB4EEE77AF1EE10FA00F00101D8BFC9
:104900000021C8E7B0A80020AC7D00207F3800203F
:1049100000390020AC380020CDCC4CBEAB38002094
:1049200024800020CDCC4C3E9400002010B5FCF734
:10493000B7FA38B9274BDA78910704D5264A274BBE
:1049400012681A6010BD5A7AD20710D41A7AD209A6
:10495000F4D0234A1278002AF0D0082A11D0042A71
:104960000FD0204A1D4BD2F8E0221A6010BD5A78B1
:104970001C481A49D0F8E002086042F040025A7020
:1049800010BD5878184A154C20F04000002158708E
:10499000164B21601648D1639161C2F8F412C2F837
:1049A000D01202F2AC5C134C196002F5B162002324
:1049B00011602370CCF8001003808370FAF7EAFAD4
:1049C0000D4A0E4B12680E4943F818290A601A6006
:1049D00010BD00BFAC7D00203C300020E838002036
:1049E0007F38002030810020B83B002000390020B3
:1049F000A8380020AB38002054BD002064210020DE
:104A000004390020354B1B78052B00D07047344B00
:104A1000DB781B07FAD4334BD3ED007AF5EEC07A7E
:104A2000F1EE10FA4FD4B7EE007AF4EEC77AF1EE59
:104A300010FAEBD52C4B93ED007AB5EEC07AF1EE7F
:104A400010FA48D4B0EE476A284BDFED296AD3ED5F
:104A5000007A67EEA67AF4EEC67AF1EE10FAD5DDAA
:104A6000DFED247A244A20EE270AD2F8E032F1EE74
:104A7000407AB4EEE77AF1EE10FA08D4B4EEC07AD8
:104A8000F1EE10FAD4BFF0EE477AF0EE407A07EE7E
:104A9000103A37EE277ADFED197AB4EEE77AF1EEC5
:104AA00010FA08D4DFED167AB4EEE77AF1EE10FAD8
:104AB000D8BFF0EE477A17EE903A1249C2F8E032CA
:104AC00001200870A2E7BFEE007AF4EEC77AF1EE9B
:104AD00010FA9BDDAEE7B1EE476AB5E7A87D00208E
:104AE000AC7D0020248000200039002094000020AC
:104AF0006666663F0AD7A33C30810020CDCC4C3E91
:104B0000CDCC4C3F288100204D4B4E4A93ED097A85
:104B1000D2ED006AD3ED0C7A93ED0D6AD3ED0E5A07
:104B200037EE667A67EE276AD3ED0B7A83ED0A7A61
:104B3000A6EE806AF1EE656A67EE277AB4EEE66A61
:104B4000F1EE10FAC3ED117A08D4B4EEE56AF1EE95
:104B500010FAD4BFF0EE466AF0EE656A3A4AC3ED49
:104B60000D6A92ED006AC3ED126A77EEA67AB1EE95
:104B7000467AF4EEC77AF1EE10FA08D4F4EEC67A6B
:104B8000F1EE10FAD4BFB0EE677AB0EE467A2F4A53
:104B90002F4992F8323081ED007A022B2D4B02D949
:104BA0009979C90629D401209A79C2F3C001120764
:104BB0001CD4294A12780C2A0AD00F2A08D0F6EE03
:104BC000087A67EEC67AB4EEE77AF1EE10FA28D9E1
:104BD0005A7961F386125A711A7A910708D55B796E
:104BE0005B0616D51D4B01221A7070470021EFE7B6
:104BF0001A4BC2F340021A707047D2ED236ADFED00
:104C0000187AF4EEE76AF1EE10FA4CBF01200020AA
:104C1000CAE7144B1A78114B003A18BF01221A70D8
:104C20007047114ADFED117A92ED007AB4EEE77A1F
:104C3000F1EE10FA00F00101D8BF0021C8E700BF73
:104C4000103900202880002094000020B0A8002007
:104C500000390020AC7D00207F380020AC380020D7
:104C6000CDCC4CBEAB38002024800020CDCC4C3EB7
:104C7000644B654A93ED004AD2ED005AD3ED037AB6
:104C8000D3ED046A93ED055A34EE656A26EE277A71
:104C9000D3ED027A83ED016AE7EE006AB1EE457A60
:104CA00066EE277AF4EEC76AF1EE10FAC3ED077AE2
:104CB00008D4F4EEC56AF1EE10FAD4BFB0EE667A0D
:104CC000B0EE457A514A524812785249D0ED004A26
:104CD000D1ED006A83ED047A012A77EE877A83EDBD
:104CE000087AB1EE645A7BD093ED106AB1EE467A41
:104CF000B4EEE77AF1EE10FA65DD474A83ED097A02
:104D000075EEC45AD2ED007AF4EEE75AF1EE10FADD
:104D100010D8424AD2ED007AF4EEC77AF1EE10FADA
:104D20006CDCB4EEC67AF1EE10FAC8BFB0EE467A8B
:104D300083ED097A3A4AD2ED007A67EE277AF5EEEA
:104D4000C07AF1EE10FA48D4D3ED0D5A93ED0C6A07
:104D500093ED0E4AD3ED0B7A82ED007A77EE666A18
:104D600026EE866A66EEA77AE6EE005AB1EE446A4F
:104D7000F4EEC65AF1EE10FAC3ED0A6AC3ED117AE9
:104D800008D4F4EEC45AF1EE10FAD4BFB0EE656A5E
:104D9000B0EE446A77EE867A83ED0D6AF4EEC57A5A
:104DA000F1EE10FA83ED126A08D4F4EEE47AF1EE33
:104DB00010FAD4BFB0EE675AB0EE645A194B83EDC7
:104DC000005AFFF743BDF4EEC67AF1EE10FAD4BFF5
:104DD000B0EE677AB0EE467A8FE7DFED135AB5E7AB
:104DE00093EDA97AE7EE667AF4EEC57AF1EE10FA61
:104DF000DBD50C4B83ED005AFFF728BDB0EE677A88
:104E000096E700BF1039002028110020758E002081
:104E100094000020FC2F0020F4380020B838002037
:104E2000A4380020003900200000000008B52DED56
:104E3000028BB0EE408AFEF731FD344B1B785B07E6
:104E400021D4334B1B7853B1324B334A93ED007A64
:104E5000D2ED007AB4EEE77AF1EE10FA19D4B0EEA2
:104E6000480AFFF705FF2D4B2D4A93ED000AD2EDBE
:104E7000000AB0EE481AF5F735FF284B83ED000A1B
:104E8000BDEC028B08BD234B234A93ED007AD2ED93
:104E9000007AD3ED066A234B77EEC77AD3ED000A8A
:104EA00077EEE67A87EEA67A67EE207AF5EEC07A9C
:104EB000F1EE10FA27D4F4EEE07AF1EE10FAD8BF52
:104EC000F0EE670A154B9FED181A93ED000AF0EE0D
:104ED000481AF5F7EFFE114BB5EEC00AF1EE10FAE5
:104EE00083ED000ACCDD114B114A93ED000AD2ED9F
:104EF000000AB0EE481AF5F7F5FEBDEC028B0B4B3D
:104F000083ED000A08BDDFED0B0ADBE7AC7D002076
:104F1000AB3800201039002028110020F8050020AF
:104F2000C4380020BC380020CCCC4C3E00390020D6
:104F3000B43800200000000010B52DED028B7B4C32
:104F4000637ADB0782B0B0EE408A00F19680E379A5
:104F5000DB0966D0237ADB0963D0754B1B780F2BF6
:104F600000F0D780734A744BD2ED007A93ED007A4B
:104F700077EEC77AF5EEC07AF1EE10FA01D5F1EED0
:104F8000677A6E4A6E4BD2ED066AD3ED000A87EE61
:104F9000A67A67EE207AF5EEC07AF1EE10FA00F10B
:104FA000B580F4EEE07AF1EE10FAD8BFF0EE670AC1
:104FB000644B9FED651A93ED000AF0EE481AF5F781
:104FC00079FE604B614883ED000AF0EE407A604B59
:104FD000F5EEC07AF1EE10FA93ED000A0ADDD0ED9D
:104FE000000A0190B0EE481AF5F77CFE584B019884
:104FF00083ED000A6378574AD0ED000A002161F37F
:105000008613B0EE481A63701170F5F76BFE504BC3
:1050100083ED000A237ADB0938D002B0BDEC028BA5
:1050200010BD237ADB0963785DD1580602D5637819
:10503000990662D53F4B93ED000A05F07BF8464B8D
:105040001B78002B57D1454BD3ED007AF5EEC07A93
:10505000F1EE10FA01D5F1EE677AB7EE007AF4EED0
:10506000C77AF1EE10FACCBF0122002282F00102D1
:10507000637862F38613637005E0637843F040035E
:105080006370FFF7D3FE237ADB09C6D1637ADA07B0
:10509000C3D4A37A9B07C0D4314B9FED327AD3EDB2
:1050A000007AF4EEC77AF1EE10FA06D49FED2E7A6C
:1050B000F4EEC77AF1EE10FAAFDD244A6378D2ED50
:1050C000000A234AF2EE047A92ED000A23F040032C
:1050D00060EEA70AB0EE481A6370F5F703FE1C4AAB
:1050E00082ED000A99E743F04003B0EE480A63708E
:1050F000FFF79CFEC7E70122BAE7B0EE480AFFF7C8
:1051000081FCB0EE480AFFF791FEBCE7DFED170A1D
:105110004EE76378094A0B4943F04003002063706F
:10512000136C08605362FFF7EFFCACE7AC7D002026
:105130007F38002028110020400200201039002074
:10514000BC380020F8050020CCCC4C3EB438002000
:1051500000390020AC380020B9060020248000204F
:105160003C300020CDCC4C3ECDCC4C3F000000006C
:1051700010B52DED028B834B5A79C2F3C004120790
:1051800002D4BDEC028B10BD5A797F4822F0080290
:105190005A71FCF7F3FB7D4A7A4B11780129B0EE86
:1051A000408A00F0C7801A78D20744D5FBF778FE12
:1051B0000028E6D1734B5A7AD10776D41A7AD209ED
:1051C00073D15A78520603D55A78930640F1CD80B0
:1051D0006F4A92ED000A04F0ADFF6E4A694B1278F7
:1051E000A2B96D4AD2ED007AF5EEC07AF1EE10FA6E
:1051F00001D5F1EE677AB7EE007AF4EEC77AF1EEF8
:1052000010FACCBF0122002282F001045A786349CF
:1052100064F386125A705A78540607D50A782AB968
:105220005F480022026142635E4802605A78C2F31E
:1052300080120A704AE05C495C4A91ED007AD2ED36
:10524000007A53491A7891ED000AB4EEE77AF1EE4C
:1052500010FA4CBF0120002060F382021A7004F0A3
:1052600069FF53494F4AD1ED000A92ED000AB0EEB2
:10527000481AF5F737FD4F494F484A4AD0ED000A22
:10528000F0EE407AB0EE481A91ED000AC2ED007AD5
:10529000F5F728FD3B4B47495A7881ED000ABDECF4
:1052A000028B22F040025A7010BD3C495A780878AF
:1052B0004FF0010C42F0400281F800C05A70002803
:1052C0004CD0B0EE480AFFF7D3FC2E4B1A7AD20925
:1052D0007FF457AF5A7AD0073FF553AF9A7A9107C8
:1052E0003FF54FAF354A9FED367AD2ED007AF4EEB6
:1052F000C77AF1EE10FA07D49FED327AF4EEC77A4E
:10530000F1EE10FA7FF73DAF29495A78D1ED000A46
:105310002449F2EE047A91ED000A22F0400260EE98
:10532000A70AB0EE481A5A70F5F7DCFC1D4981ED6A
:10533000000A26E71AF0A4F8124B1978C8077FF57F
:105340007AAF124A1278012A7FF430AFB0EE480AE1
:10535000BDEC028BBDE81040FFF7EEBD10491148CF
:1053600000220A614A630260ABE7B0EE480AFFF729
:1053700049FBB0EE480AFFF77BFC084A014B0121CC
:105380001170A3E7AC7D002098380020758E0020B6
:1053900028110020B906002024800020A038002019
:1053A000103900200039002028800020B838002063
:1053B000B4380020F8050020C43800203C3000201C
:1053C000CDCC4C3ECDCC4C3F094B0A49002203F2D8
:1053D000AC5CDA639A61C3F8F422C3F8D02203F517
:1053E000B1630020CCF800201A60088088707047F4
:1053F000B83B0020A838002070B5514C4FF42E73F4
:1054000003FB0043D3ED126A93ED0B7A2DED028B73
:10541000F1EE667AB4EEE77AF1EE10FA82B0064663
:10542000F0EE400A08D4B4EEE67AF1EE10FAD4BFFA
:10543000F0EE477AF0EE667A424A02EB860292ED8F
:10544000007A4FF42E7303FB064337EEC70AD3ED01
:105450000D7A83ED0C0A67EE807AF5EEC00AF1EE64
:1054600010FAC3ED137A65DDF7EE007A87EEA08AB5
:1054700035494FF42E7506FB05F5097805F5BC7224
:1054800005F1640322442344002940D01846CDEDA1
:10549000010A0092F5F79CFA20EE080A2544DDED9A
:1054A000010A009885ED170AF5F7FEFA4FF42E73FE
:1054B00003FB064393ED117AD3ED137A234A83ED70
:1054C000170A20EE077A92ED006A83ED157A77EEDF
:1054D000277AFFEE006A67EE867AF4EEE67AF1EE5E
:1054E00010FA2AD4B7EE007AF4EEC77AF1EE10FA89
:1054F000C8BFF0EE477AF1EE677A4FF42E7303FBE4
:105500000644C4EDAD7A02B0BDEC028B70BD10460E
:1055100025440093F5F7C8FAD5ED167A85ED160AFD
:1055200070EE677A009827EE880A85ED170AF5F77E
:10553000F5F9BBE79FED068A9AE7F7EE007ADCE71C
:10554000B83B00204C7D0020F0560308700000207E
:105550000000000030B5494B93ED077AD3ED007A97
:105560002DED028BF0EE400AB1EE470AF4EEC07A60
:10557000F1EE10FA83B008D4F4EEC77AF1EE10FA27
:10558000D4BFB0EE670AB0EE470A3D4A3D4BD2EDBC
:10559000027A30EE670A03F11C04A3EC010AD3ED92
:1055A000007AF5EEC00A67EE807AF1EE10FAC4EDEB
:1055B000007A5CDDF7EE007A87EEA08A324B1B782A
:1055C000002B3CD03148314DCDED010AF5F700FA02
:1055D00020EE080ADDED010A05ED020A05F58A70E4
:1055E000F5F762FAA5F10803294AD4ED007A92EDA5
:1055F000007A284983ED000A20EE077A91ED006ACF
:1056000082ED047A77EE277AFFEE006A67EE867AFB
:10561000F4EEE67AF1EE10FA2CD4B7EE007AF4EE5E
:10562000C77AF1EE10FAC8BFF0EE477AF1EE677A6A
:10563000194BC3ED007A03B0BDEC028B30BD1748A7
:10564000F5F732FA1648D0ED007A80ED000A70EED8
:10565000677A034667EE887A04330C30B0EE670A47
:10566000C3ED007A0193F5F759F9019BBCE79FED73
:105670000D8AA3E7F7EE007ADAE700BF5441002075
:105680004C7D002058410020F05603088C4100203A
:105690006C41002070000020DC430020A04200206C
:1056A000804100200000000030B5384C384B4FF4EA
:1056B0002E7505FB004583B0D3ED000A95ED000A79
:1056C0000190F5F7DFFA334B019895ED0D6A03EB86
:1056D0008003D3ED007AB5EEC00AF1EE677AF1EE01
:1056E00010FAC5ED0C7A67EE867A45D4B0EE405AD2
:1056F000294BD3ED005AC5EE256AB7EE007A77EE56
:10570000666AF5EEC06AF1EE10FA3BD4F4EEC76AB1
:10571000F1EE10FAD8BFB0EE667A4FF42E7303FBA9
:105720000043D3ED126A1D4A67EE877A20EE260AFF
:10573000B0EE677AA6EE007A92ED006AC3ED137AB6
:1057400067EE067AFFEE006AF4EEE67AF1EE10FA02
:1057500015D4B7EE007AF4EEC77AF1EE10FAC8BFAE
:10576000F0EE477AF1EE677A4FF42E7303FB0044B4
:10577000C4EDAD7A03B030BDB1EE405AB8E7F7EEF4
:10578000007AF1E79FED067AC7E700BFB83B00203B
:10579000EC3800204C7D0020F03800207000002004
:1057A000000000002DE9F04FC14E2DED028B336853
:1057B000022B93B0B0EE408A00F05581DFF83093B1
:1057C000BC4C09F5AE68CA464D46D4ED000A95EDCD
:1057D000000AF5F757FAD5ED086A95EDAB7AA0EE19
:1057E000267AF1EE667AB4EEE77AF1EE10FA40F13D
:1057F000FF80C5ED027A05F52E754545E5D1AE4D24
:105800002B78012B00F01582AC4FFB79D80700F103
:10581000CA80AB4B93ED000AAA4BD3ED028AF9F78D
:105820000FFC0DF1180B38EE801AA74BDAED020AC7
:105830009AEDB00A83ED001A5846F7F77FFA0DF19A
:10584000380A2B78012B08D0B0EE480A0AA8FBF7DB
:105850002FFB0090002840F0E78159465046F7F7AB
:10586000FBF900230093DDED118A0F9ACDED058A37
:10587000FB790492D907109A039240F1AA812B7800
:105880003268012B14BF4FF0020A4FF0010A012ABF
:1058900000F03081012B8D4A0DF10C0B4FF000060A
:1058A00017D0DBED007A77EEA77AF5EEC07AF1EE4D
:1058B00010FA00F1FA80012392F90010002900F09B
:1058C000B680994200F0B380DFED817A1370C9EDA4
:1058D000067A022E30D0DBED007A99ED046A99ED5C
:1058E000067AD9ED126A77EEA77AA7EE867AF1EEFC
:1058F000667AF4EEC77AF1EE10FA73DCB4EEE67A6B
:10590000F1EE10FAD8BFF0EE476A0192B0EE480A05
:10591000C9ED0B6A30460136FFF76EFDB2453DD347
:105920002B78019A012B09F52E7902F101020BF176
:10593000040BB6D1022ECED1FB79DB0703D5009B39
:10594000002B00F0E081634B634AD3ED007A93EDC6
:10595000027A624BD2ED006A78EEA88AA8EEA77AA6
:10596000D3ED007AF4EEE76AF1EE10FAD8BFF0EE6C
:10597000667AF1EE676AF4EEC76AF1EE10FA00F3A8
:105980004681B4EEE77AF1EE10FAD8BFF0EE477A2E
:1059900043ED077AB0EE480AFFF7DCFD13B0BDEC2B
:1059A000028BBDE8F08F4E4BDAED020A1B680A93BA
:1059B0004C4B9AEDB00A1B680B934B4B9FED441A6E
:1059C0001B680C93494B0DF1380A1B680D93504628
:1059D0000DF1180BF7F7B2F952460AA95846F7F736
:1059E000D1F82EE70192B0EE480AC9ED0B7A91E7A3
:1059F000D4ED000A95ED000AF5F744F9D5ED087AE3
:105A000095EDAB7AA0EE277AF4EEC77AF1EE10FAB4
:105A10003FF5EFAED4ED000A95ED000AF5F732F947
:105A2000D5EDAB7A95ED087AE0EE077AE1E6D9EDAF
:105A3000056A99ED067A67EEA67AD9ED076AA8EEAF
:105A4000277AF1EE667AB4EEE77AF1EE10FA3FF5D6
:105A50003DAFB4EEE67AF1EE10FAD4BFF0EE477A3D
:105A6000F0EE667A32E7144B1C78012C00F0F180DE
:105A70001F4D104C002695ED000AD4ED000AF5F7F5
:105A800001F9D5ED127AB0EE407A67EE877A022EF0
:105A9000C5ED0B7AB0EE480A304605F52E7500F0DC
:105AA000BC80FFF7A9FC0136E5E74FF0FF3303E7C1
:105AB00008390020EC380020758E0020AC7D0020D5
:105AC00004390020347D002030410020A838002017
:105AD0000000000038410020982100207041002083
:105AE000E00F0020DC0F0020D80F0020D40F002092
:105AF000B83B0020964B93ED006A964BD3ED006ABD
:105B0000C6EE267AB7EE007A77EE677AF5EEC07ABF
:105B1000F1EE10FA7ED4F4EEC77AF1EE10FAD8BFA7
:105B2000B0EE677A8C4E009B86ED007A002B00F079
:105B30009B804FF0000B0DF10C080025D8ED007A8A
:105B400099ED046A99ED127AC9F818B077EEA77A40
:105B5000F1EE478A67EE867A022DF4EEE78A08BFF7
:105B6000FB79D6ED006AF1EE10FA08DCF4EEC77AA4
:105B7000F1EE10FAD4BFF0EE678AF0EE478AD4ED6A
:105B8000000A99ED000ACDED006AF5F77BF8D6ED35
:105B9000007A99ED127AF7EE006A76EEE77A20EE57
:105BA000077ADDED006A67EE877A022DE6EEA87AC5
:105BB00008F10408B0EE480AC9ED0B7A3FF4EAAEEA
:105BC00028460135FFF718FCAA4509F52E79B5D20C
:105BD000E4E6F6F76DF8B5EEC00AF1EE10FA0CD473
:105BE0005E4B9FED5F7AD3ED007AF0EEE77AF4EE4C
:105BF000C77AF1EE10FA7FF742AEDFED5A7A5A4BD0
:105C0000CDED057AF0EE678AC3ED007A37E643ED15
:105C1000076ABFE69FED537A84E713B0BDEC028BB1
:105C2000BDE8F04FFFF796BC0AA95046F7F714F805
:105C300019E64A4BDAED020A9AEDB00A93ED021A20
:105C40004A4F0DF1180B5846F7F778F80DF1380A5E
:105C5000F7E50020FFF728FD204613B0BDEC028BCE
:105C6000BDE8F04FFFF720BD1D460DF10C0BDFED39
:105C70003D7A022DC9ED067A53D0DBED007A99ED1D
:105C8000046A99ED127AD6ED006A77EEA77AF1EE02
:105C9000478A67EE867AF4EEE87AF1EE10FA08D4D5
:105CA000F4EEC77AF1EE10FAD4BFF0EE678AF0EEA8
:105CB000478AD4ED000A99ED000ACDED006AF4F7A9
:105CC000E1FFD9ED127A96ED007AF7EE006A60EE08
:105CD000277A36EEC77ADDED006A67EE877A022D05
:105CE000E6EEA87A0BF1040BB0EE480AC9ED0B7A88
:105CF0003FF450AE28460135FFF77EFB554509F5C8
:105D00002E79B4D94AE6D4ED000A98ED000AF4F7EA
:105D1000B9FF174BD3ED077A67EE807AC3ED007AAF
:105D200038E6FB79DA07A8D5D4ED000A98ED000A29
:105D3000F4F7A8FF0E4BD3ED077AB0EE407A67EE8A
:105D4000877AB0EE480AC3ED007AFFF703FC25E638
:105D500020300020F03800209C000020347D0020FE
:105D6000508DA73F0000000040410020AC7D002086
:105D700054410020F0B52DED028B7D4C7D4D7E4FC2
:105D800083B0B0EE408AF3F711F9F5F791FF94ED87
:105D9000B67AD4ED087AB4EEE77AF1EE10FAF0EEC6
:105DA000408A9FED760AD8BFF0EE477A27EE800A48
:105DB0001BF02CF8F4EEC08A2B78F1EE10FACCBF71
:105DC0000122002262F304132B7004F5AE66D4EDB9
:105DD000AC0A94EDAB0A97ED001AF0EE481AF4F70E
:105DE00069FF04F52E74A64204ED030AEFD1644C5A
:105DF0002378012B37D013F0FD0F08D0B0EE480AFE
:105E000003B0BDEC028BBDE8F040F7F7D7B8002B2C
:105E100070D05C4BB7EE000AD6ED007A83ED000A35
:105E2000F5EEC07AF1EE10FA00F18E80564AEB7969
:105E300092ED007AB4EEE77AF1EE10FA4CBF01224F
:105E4000002262F30003EB71EB79DE0713D54F4BB1
:105E50004F4918684F4B086000221A70B0EE480A8C
:105E6000FFF7A0FCCAE70220FFF71EFCB0EE480ACD
:105E7000FFF798FCC2E7484B1B78002BEED0AB78BD
:105E8000180708D42B78590705D4EB78DA0702D421
:105E9000EB795B06E2D5414A2378D2ED007A002BFC
:105EA00055D13C4B1A78002A55D03D4C94ED000A50
:105EB00037EEC00AF4F7BEFE97ED007A28EE077AB7
:105EC000F1EE477AB4EEE70AF1EE10FA08D4B4EE38
:105ED000C70AF1EE10FAD4BFF0EE407AF0EE477A3E
:105EE00094ED007A2A4B77EE877AC4ED007AC3ED01
:105EF000007AB3E72B4B1B78052B8AD1FAF7D0FF3A
:105F0000002886D1F5F7D4FEF7EE007A87EE807A86
:105F1000B4EEE77AF1EE10FA26D4DFED237AB4EE90
:105F2000E77AF1EE10FAD4BFF0EE470AF0EE670A16
:105F3000144B9FED1D1A93ED000A0193F0EE481AE1
:105F4000F4F7B8FE019B67E7F1EE677A6EE7104B56
:105F5000C3ED007A82E70D4A114C92ED000A01224E
:105F600084ED000A1A70A3E7F0EE670AE0E700BFCD
:105F7000B83B0020AC7D0020982100209A99593F21
:105F8000758E0020A0000020EC38002054BD0020B9
:105F900004390020903800207F3800206421002040
:105FA0008C380020A87D002057429C3F03480449BC
:105FB000044A002303600B6013607047F80500205B
:105FC0004080002000390020084808B503781BB93C
:105FD000074B01221A7008BD064B0430197806F0F1
:105FE0005BF8034B01221A7008BD00BFC47203089E
:105FF000E2430020096E0308094808B503781BB97D
:10600000084B00221A7008BD074B1978B1FA81F1CC
:106010000430490906F040F8024B00221A7008BD0E
:10602000C4720308E2430020096E03083422064BC1
:1060300002FB00F01A5C02B97047044A0430117880
:10604000184406F029B800BFF47103080A6E03086B
:106050003422074B02FB00F01A5C02B97047054A74
:1060600011780430B1FA81F11844490906F014B8E6
:10607000F47103080A6E03083422054B02FB00F09A
:106080001A5C02B970470430184406F00DB800BF1E
:10609000F471030810B5174C23784BB994F83430D9
:1060A0007BB994F86830ABB994F89C30DBB910BD7B
:1060B000114B201D197805F0EFFF94F83430002BB8
:1060C000EFD00D4B0D48197805F0E6FF94F86830D5
:1060D000002BE9D0084B0A48197805F0DDFF94F849
:1060E0009C30002BE3D0044B06481978BDE81040E3
:1060F00005F0D2BFF47103080A6E03082C7203087E
:10610000607203089472030810B51D4C23784BB9D4
:1061100094F8343093B994F86830DBB994F89C3033
:1061200023BB10BD174B1978B1FA81F1201D490925
:1061300005F0B2FF94F83430002BECD0114B12482C
:106140001978B1FA81F1490905F0A6FF94F8683091
:10615000002BE3D00B4B0D481978B1FA81F14909B6
:1061600005F09AFF94F89C30002BDAD0054B0848D4
:106170001978B1FA81F1BDE81040490905F08CBFEA
:10618000F47103080A6E03082C7203086072030896
:106190009472030810B5504C82B022780346002850
:1061A00030D002BB012B94F834200DD1002A65D1E8
:1061B00094F868308BB1494B49481978B1FA81F1AC
:1061C000490905F069FF08E0002A40F08280022BAF
:1061D0004FD194F86830002B75D194F89C30002B87
:1061E00031D102B010BD3D4A00901178B1FA81F171
:1061F000201D490905F050FF009B94F83420012B25
:10620000D4D0E1E7002A47D194F8342032BB94F887
:106210006820002AE1D0314A117831480093B1FA60
:1062200081F1490905F038FF009B032BD5D194F883
:106230009C30002BD5D0294B2A48197802B0BDE8F4
:10624000104005F029BF254B26481978B1FA81F195
:10625000490902B0BDE8104005F01EBF1F4A00907A
:106260001178B1FA81F104F13800490905F014FF01
:10627000009B94F86820002AD7D0CCE7174A1A4828
:1062800011780193009205F007FF94F86810DDE99A
:1062900000230029A1D0BFE7104A01901178009295
:1062A000201D05F0F9FE94F83410DDE900230029E3
:1062B000DFD011780C480093B1FA81F1490905F05B
:1062C000EBFE009B83E7054B0548197805F0E4FEDB
:1062D00083E7024AEDE700BFF47103080A6E030882
:1062E00060720308947203082C72030808B52E200C
:1062F000FBF7FAFB00B908BD4FF47A712E20FBF7CB
:106300009DFB164B164A1B883421D8B201FB00F0C6
:10631000115CA9B901339BB2032B88BF0023184637
:10632000342101FB00F00D490B80135C002BE2D0FF
:106330000C4B043019781044BDE8084005F0ACBEA1
:10634000084B19780430B1FA81F11044490905F07D
:10635000A3FE024B024A1B88DCE700BFE04300209B
:10636000F47103080A6E03082DE9F0415D4C2778AB
:1063700082B0002F6ED194F83450002D45D194F89E
:106380006880B8F1000F4DD194F89C4074B9002F8B
:106390007ED1002D40F0968053480378002B2BD1FE
:1063A000524B00221A7002B0BDE8F081504E337893
:1063B00050480193B3FA83F1490905F06DFE019B42
:1063C000002F72D1002D57D1B8F1000F09D025460A
:1063D00031784948B1FA81F1490905F05DFE002D97
:1063E000DAD031784348B1FA81F1490905F054FE19
:1063F0003D480378002BD3D0404B1978B1FA81F196
:106400000430490905F048FECAE7394E3C48317866
:10641000B1FA81F1490905F03FFE94F86880B8F1BE
:10642000000FB1D0324E344833780193B3FA83F180
:10643000490905F031FE94F89C40002CB7D1019B2E
:106440008FB9002D47D1B3FA83F12B48490905F0E4
:1064500023FEA1E7264E3178B1FA81F1201D4909CA
:1064600005F01AFE87E7B3FA83F12648490905F0DB
:1064700013FEC5B90025ABE7254631782048B1FAAF
:1064800081F1490905F008FEB8F1000FA7D09FE798
:10649000174E1C483178B1FA81F1490905F0FCFD2D
:1064A000002D3FF479AF0025E7E7B3FA83F11548F3
:1064B000490905F0F1FD002DDED12546B8F1000FA8
:1064C0008DD085E70A4B0E481978B1FA81F1490958
:1064D00005F0E2FD60E7B3FA83F10948490905F0E8
:1064E000DBFDC7E7F4710308C4720308E243002030
:1064F0000A6E03089472030860720308096E0308A9
:106500002C720308F87103084FF0E022034B9169E5
:10651000034A19601368013313607047E843002091
:10652000EC430020704700BF2DE9F04F074689B0CB
:106530003E687C4B7C4C9D6ADA6A586B9B6B7B494E
:106540000290B0467E6820780192B146BE680393FF
:10655000B246FE68B3463E6904967E690596BE69FA
:106560000696FE6907960CF08BFF20780CF07AFFF8
:1065700026786F4930460CF083FF294630460CF0F0
:106580008DFF30460CF06EFF26786A4930460CF0DD
:1065900077FF019930460CF081FF30460CF062FF26
:1065A0002678654930460CF06BFF029930460CF0B6
:1065B00075FF30460CF056FF2678604930460CF0E7
:1065C0005FFF039930460CF069FF30460CF04AFF3C
:1065D00020780CF047FF002D77D1257858492846C0
:1065E0000CF04EFF394628460CF058FF28460CF0B8
:1065F00039FF2578534928460CF042FF414628468A
:106600000CF04CFF28460CF02DFF25784E4928460B
:106610000CF036FF494628460CF040FF28460CF0A7
:1066200021FF2578494928460CF02AFF5146284683
:106630000CF034FF28460CF015FF25784449284615
:106640000CF01EFF594628460CF028FF28460CF097
:1066500009FF25783F4928460CF012FF0499284687
:106660000CF01CFF28460CF0FDFE25783A49284620
:106670000CF006FF059928460CF010FF28460CF098
:10668000F1FE2578354928460CF0FAFE0699284691
:106690000CF004FF28460CF0E5FE2578304928462A
:1066A0000CF0EEFE079928460CF0F8FE28460CF098
:1066B000D9FE20780CF0D6FE41F28830FBF754F971
:1066C00009B0BDE8F04F02F0A7BE207825490CF0D4
:1066D000D7FE2678244930460CF0D2FE290C3046ED
:1066E0000CF0DCFE30460CF0BDFE26781F4930462B
:1066F0000CF0C6FEC5F3072130460CF0CFFE304645
:106700000CF0B0FE26781A4930460CF0B9FEE9B21A
:1067100030460CF0C3FE30460CF0A4FE20780CF09E
:10672000A1FE5AE700ED00E0349000206057030816
:106730006C570308745703087C57030884570308F1
:10674000AC570308B4570308BC570308C4570308E1
:10675000CC570308D4570308DC570308E457030851
:10676000EC5703088C570308945703089C570308F9
:10677000A45703081EF0040F0CBFEFF30880EFF3DB
:106780000980DFF80410084729650108704700BF39
:10679000704700BF704700BF704700BF704700BF21
:1067A000704700BF08B50848042119F0D5FB01283F
:1067B00000D008BD0020FFF75FFCBDE8084002489C
:1067C000042119F0D5BB00BF000401401F4B1B780A
:1067D00003B170471E4B5A8B10B54FF080401146E5
:1067E000144619F0B9FB0128194B00D010BD1B8BC2
:1067F0000C2B08D8DFE803F0240707071E0707075C
:1068000018070707120000200021FBF709FC2146AA
:106810004FF08040BDE8104019F0AABB4FF0804017
:1068200019F07EFB80B2EFE74FF0804019F076FB65
:1068300080B2E9E74FF0804019F06EFB80B2E3E7E9
:106840004FF0804019F066FB80B2DDE78400002045
:10685000A076030808B50748012119F07DFB00B9AF
:1068600008BD062000F0B2F9BDE80840014801214A
:1068700019F07EBB000C004008B50C490C4819F01B
:10688000FDFC00210A4819F0C7FC0A4A0A4B52884D
:106890000A495A805A884B8812B21BB29A4200D1D8
:1068A00008BDBDE80840012000F0CEB800800028F7
:1068B000B86402406460002074600020846000209E
:1068C00008B50C490C4819F0D9FC00210A4819F008
:1068D000A3FC0A4A0A4B92880A499A809A888B88B4
:1068E00012B21BB29A4200D108BDBDE80840022096
:1068F00000F0AAB800802020A06002406460002060
:10690000746000208460002008B50C490C4819F020
:10691000B5FC00210A4819F07FFC0A4A0A4BD288CC
:106920000A49DA80DA88CB8812B21BB29A4200D1C7
:1069300008BDBDE80840032000F086B800800018BC
:106940005860024064600020746000208460002071
:1069500008B50C490C4819F091FC00210A4819F0BF
:106960005BFC0A4A0A4B12890A491A811A890B8967
:1069700012B21BB29A4200D108BDBDE80840042003
:1069800000F062B820800020706002406460002047
:10699000746000208460002008B50C490C4819F090
:1069A0006DFC00210A4819F037FC0A4A0A4B52894B
:1069B0000A495A815A894B8912B21BB29A4200D1B4
:1069C00008BDBDE80840052000F03EB80080002862
:1069D000B860024064600020746000208460002081
:1069E000012000F09BBA00BF022000F097BA00BF60
:1069F000032000F093BA00BF034B044A1B881380A6
:106A0000042000F08BBA00BF004C0040E44300209B
:106A1000052000F083BA00BF012004F065BB00BF71
:106A2000012004F0DBBB00BF022004F05DBB00BF0F
:106A3000022004F0D3BB00BF032004F055BB00BF0D
:106A4000032004F0CBBB00BF2049214A30B50446E7
:106A5000342000FB041132F81430886A1D49A50265
:106A600005FA83F30B441C4D83B0C36035F8141052
:106A700032F8143009B21BB2994214DD35F8141003
:106A800032F814300190C91A89B219F0CFFB134BB8
:106A900035F81420019823F81420012103B0BDE833
:106AA000304019F0B9BB32F814100190C1F5806183
:106AB00089B219F0BBFB094B01980022012123F890
:106AC000142003B0BDE8304019F0A6BBB06F030836
:106AD00074600020946000208460002064600020C6
:106AE00000B583B0C8B10628034613D0144A342138
:106AF00001FB002292F82010B1B91249124A31F874
:106B0000130032F8133000B21BB2C01A18BF0120B4
:106B100003B000BD002003B000BD08F03FFBB0FA99
:106B200080F0400903B000BD0190106B19F080FBAC
:106B3000044A019B0449C0F5806022F81300DEE797
:106B4000B06F03083C4400202C44002000B583B003
:106B500000228DF8072040B30628034602D11046D4
:106B600003B000BD1549164831F81320DFF854C0B2
:106B700012B200EB8320805C31F813200132C2F3A3
:106B8000090221F813203CF8132031F81310DFF824
:106B900038C0521A3CF8131092B209B28A42C0B2FD
:106BA000DEDD2CF8132003B000BD0DF1070008F066
:106BB000FDFA9DF8070003B000BD00BF2C44002083
:106BC0004C4400203C4400201444002008B5334BC2
:106BD0001A78002A4ED0324A1278092A4BD9314B02
:106BE000314933F8102031F8103012B21BB29A42FA
:106BF0004FD031F810302D4A1BB202EB80224FF0FB
:106C0000010CD35C31F810200132C2F3090221F8E3
:106C10001020274A6FEA530101F00101D843918007
:106C20006FEAD30100F0010001F0010150801181F1
:106C30006FEA93006FEA531100F0010001F00101C7
:106C4000D08091816FEA13106FEA9311DB0983F012
:106C5000010300F001001382114B508100201870D5
:106C600001F00101BDE80840A2F800C0D1815082C6
:106C700005F09EBE08BD0E49181D11F8121005F052
:106C80000BFA074A137801331370BDE8084005F08A
:106C90008FBEBDE8084005F08DBE00BF6C760308CE
:106CA000A800002084600020746000209460002010
:106CB000F843002030B58E4C8E4D225C03460846CA
:106CC0002978424085B0E254002969D0002B6FD06A
:106CD000062B41D0884D894C35F8132034F8131019
:106CE0000132C2F3090209B2914200F0B380844933
:106CF000DFF81CE200934FF0340C0CFB031135F865
:106D000013C00EEB832E0FFA8CFC0EF80C0025F846
:106D1000132091F82020002A40F09080486801223A
:106D200040F2277119F07AFB009B35F8132034F8F4
:106D30001310744C521A02F5806034F8131012B21A
:106D400000B232EA220228BF024609B2914201DAB9
:106D500024F8132005B030BD6B4B1B78002BF9D005
:106D6000654D664CAB89A2890133C3F3090312B2A6
:106D700093427CD0AA89DFF898C164490CFA82F268
:106D800002F5C0521070AB810B78092B75D85D4BA2
:106D9000AA89A2899A891204DCD500229A81D9E7AE
:106DA000CDE90003F2F77CFADDE90003002B8FD177
:106DB000534B1B78002BCDD04F4D504C2B88228845
:106DC0000133C3F3090312B29A424AD02A885049C8
:106DD00012B288542B802B8822881BB212B29A429E
:106DE00015D119E023884A4A1BB20DF10F00D35C7C
:106DF0008DF80F3008F000FA23880133C3F309033C
:106E000023802A88238812B21BB29A4204D006F04B
:106E1000B9FE01210028E5D12B88228839489B1A28
:106E200003F5806102881BB209B233EA230328BF4D
:106E30000B4612B29A428DDA03808BE7886A19F00A
:106E4000FBF9009B00287FF470AF1846FFF7FCFDAC
:106E5000009B6AE72F49CA5C42F00102CA5405B0A0
:106E600030BD2C4A137843F00103137072E7294AAE
:106E7000937943F0010393716CE7A3890CFA83F3D0
:106E800003F5C0531B78A2890132C2F30902A28123
:106E9000D843214A00F0010050806FEA530000F00F
:106EA000010090806FEA930000F00100D0806FEA4B
:106EB000D30000F0010010816FEA131000F0010010
:106EC00050816FEA531000F0010090816FEA931037
:106ED000DB0983F001031382012300F0010013801A
:106EE0000023D08153820B7005F062FD4FE700BF95
:106EF000F0430020C2A000208460002074600020C5
:106F0000B06F0308546000206C760308A8000020CE
:106F1000946000204C600020F843002038B5334BCB
:106F2000342202FB003304465D6840F225512846B6
:106F300019F08EFA012822D040F22771284619F064
:106F400087FA012800D038BD294A2A4B32F814109C
:106F500033F8142009B212B291422CD133F8142024
:106F6000234B33F8143012B21BB29A42EBD12846AD
:106F70000022BDE8384040F2277119F04FBA284688
:106F800019F03EFA1C4B1B5D002BD5D01B4B1B6828
:106F90009C42C0B222D01A4A1A4932F8143001EB8E
:106FA00084211BB2C85432F814300133C3F30903EF
:106FB00022F81430C0E733F81420134912B201EB61
:106FC00084212846895C19F017FA0A4B33F81420FB
:106FD0000132C2F3090223F81420BFE70B4B9B795F
:106FE0005B07A9D5FBF75EFAA6E700BFB06F030801
:106FF0008460002074600020244400203890002029
:107000003C4400204C44002094600020AC7D0020D3
:1070100010B5244CC8211D20FAF710FD94ED3C1B3F
:1070200094ED360BD4ED263A94ED1F3AD4ED3E2A7A
:1070300094ED382A17F01CF9FAF7CCFB0B461A49E5
:10704000024609680D20C4E91023FAF7F7FC94ED15
:10705000247AF6EE007AB4EEE77AF1EE10FA1DDD4E
:10706000D4ED380A94ED3E0AC4ED277A19F0C0FD3C
:1070700084ED250AF7F71AFE0C4BDA7942F002028A
:10708000DA71DA7942F00802DA719A7942F0100284
:107090009A711A7842F040021A7010BD044BC4F87D
:1070A0009C30E7E7B0A80020A8A80020AC7D002015
:1070B0000000A0402DE9F047DFF830C12DED028B34
:1070C000BCE80F0094B008AC0FC4BCE80F000FC4BC
:1070D0009CE80F0084E80F00414B1B78052B08D07B
:1070E000DFED407AB0EE670A14B0BDEC028BBDE86C
:1070F000F0873D4B9FED3B8A93ED006B03F5A66255
:107100008DED046B92ED006B8DED066B08AC606944
:10711000F1F7DAF8D4E90023CDE90201DDE9040151
:10712000F0F772FF94ED047A27EE077A074677EEC0
:10713000077A884617EE900AF1F7C6F8D4E90223D9
:1071400005460E46DDE90601F0F75EFF3A46814648
:107150008A46434638464146F1F70EF92A463346F9
:10716000F1F734FA4A4607468846534648465146A0
:10717000F1F702F92A463346F1F728FA02460B46A0
:1071800038464146F0F742FF01F100430090019379
:107190009DED000B19F0B4FBDDE9020153EC102B5F
:1071A000F1F7EAF8054618EE100A0E46F1F78CF8EA
:1071B0000B46024631462846F0F728FFF1F7B4FBAC
:1071C000183407EE900A14ABA342B0EE678A9ED142
:1071D000B0EE670A14B0BDEC028BBDE8F08700BFCB
:1071E000A87D002000000000B81600200852030807
:1071F0002DE9F04F2DED0A8B1F4B204A1B78204DB7
:1072000012F90380542303FB085393ED01BA8BB0AA
:10721000F7EE007A1D20C7EE8B8AB0EE408AFAF7AF
:1072200063FC002840F07C86542303FB08F3EA1833
:1072300015F803A0BAF1010F00F0D883BAF1000FDE
:1072400030D0BAF1030F00F0F4860E4B9FED0EAA7A
:107250001B78DFF848B0DFF848908BED00AA052BCB
:1072600089ED00AA00F07086084F094C094E0A4DBE
:10727000F0EE4A9A44E100BFF5000020105A0308DE
:107280002C5A0308A87D002000000000AC7D0020DF
:10729000B0A80020A47C0020C07C0020B47C00208A
:1072A000BC7C0020EA4AEB4BD2ED007A93ED007AE9
:1072B000E94AEA4BD2ED006A67EE877A93ED007AED
:1072C000A7EEA67AB5EEC07AF1EE10FA00F1388694
:1072D000F7EE007AB4EEE77AF1EE10FAD8BFF0EEEE
:1072E000477A542303FB085393ED147ADC4ADFF802
:1072F000C893D2ED00AA93ED046AD9ED00BA38EE36
:10730000077A77EEEA7AC8EE076AF5EEC0BAE6EEDB
:10731000A7AA9FEDEC7AC2ED00AA2AEE869AF1EEBA
:1073200010FAB0EE49AAABEE47AAB0EE46CA00F199
:107330007C86F7EE007A6BEEAB6A9FEDCA7ACA4B99
:10734000DFF878B3C94ECA4C67EEE67A93ED001BBE
:10735000A7EE87AA03F5A66393ED000B2AEE28AAF1
:107360008BED00AAFFF7A6FE9FEDC27AD4F890201D
:1073700060EE079A5423EAEE089A03FB0853F2EEF4
:10738000085A79EEAB9AD3ED02BABB4BC9ED009A1D
:107390002BEEAB6AF7EE084A26EE0B6AB0EE045A03
:1073A00085EE86BAF5EE007ACBEE245ACBEE056A6E
:1073B00093EDAD7A96ED006AB04B6CEE277AB5EEA0
:1073C000C06A27EE877AF1EE10FA27EE2B7AF0EEFC
:1073D00066CA27EE257A1A6027EE2A7A00F12186FE
:1073E000B0EE005A66EE065AA54FA64DCDED007AD6
:1073F000A5EE857AA8EE476A86ED006A97ED000A49
:1074000019F044FDD5ED015ADDED007AF5EEC05AD4
:10741000F1EE10FA29EE007A00F1E685B7EE006A87
:1074200065EEA54A9FED8F5A974B26EE646AA6EE4D
:10743000057A96ED016A27EE287AB5EEC06AE8EE85
:10744000075A93ED007AC5ED015A67EE877AF1EE9F
:1074500010FA67EEAB7A67EE8B7A67EEAA7A00F1E4
:10746000BF85F0EE005A26EE067A97ED010AE7EEA8
:10747000257AA8EE676A86ED016A19F007FDD5ED59
:10748000045AF5EEC05AF1EE10FA29EE007A00F136
:10749000A385F7EE007A25EEA56A9FED725A7B4B25
:1074A00067EEC67A9FED7A6AA7EE857A6CEE067A69
:1074B00027EE287A96ED026AE8EE075A93ED007AF5
:1074C000C5ED045A67EE877AB5EEC06A67EEAB7A0F
:1074D000F1EE10FA67EEAC7A67EEAA7A00F17885E1
:1074E000F0EE006A26EE067A6A4BE7EE267A1B7803
:1074F000052BA7EEC86A86ED026A00F02786664F64
:10750000DFF8BC81D8ED007AE8EE297ABEEE007A89
:10751000F4EEC77AF1EE10FAC8ED007A40F11D855D
:107520009FED5E7AF0EE479A89ED007AF0EE477AA9
:1075300088ED007ABAF1030F00F01585444BDFEDBA
:107540004D6A93ED007A454B93ED006A37EE067A6B
:10755000B4EEE67AF1EE10FA40F14A857B78DFED81
:107560004F7A4F4AC8ED007A23F080037B70BB78D6
:10757000C9ED007A23F00103BB703F4BCBED007ADD
:107580000A211170C3EDAD7A03F26C52BAF1010F0A
:1075900003F62403C6ED007AC6ED017AC6ED027A41
:1075A000C2ED007AC3ED007A00F0E7859FED3D0A59
:1075B000C5ED017AF0EE670AC5ED047A9FED377AE2
:1075C000F0EE477A84ED3E7A84ED387A364B3749CF
:1075D00093ED001A364B374DC3ED007AB1EE411AE8
:1075E000A1F11800F3F798FAF6EE007A68EE277A20
:1075F000D6ED024AD5ED023A96ED007A96ED015AA3
:1076000095ED003AD5ED012A95ED034A67EEA44ABF
:1076100027EE855A24EEA36A67EE877AA5EE036A01
:1076200063EEE75A62EEE46AE2EEC55AA7EEC46A78
:10763000E7EE836AE4EEC45A27EEA27A36EE226AB7
:10764000F0EE477AB0EE667A75EE835A3CE000BF02
:10765000E8380020A0000020A4000020003900200D
:10766000B07C0020C7FAD03DB8160020A47C0020D2
:10767000B0A800200AD7233CB83B002014300020DB
:10768000347D0020C07C002024410020DC43002009
:107690008FC2753CA87D0020AC7D0020000000005A
:1076A0007F3800200000008054BD0020A8A90020E1
:1076B000947C0020AC000020BC7C0020B47C002026
:1076C000B87C00200AE81C41E4EE837AA5EE047A37
:1076D00026EE060A37EE237AA5EEA50AE5EE637AD2
:1076E000A7EE070A77EE847AC5ED005AA7EEA70A3F
:1076F00085ED016A85ED027AC5ED037AF3F7FAF9B3
:10770000D5ED037AD5ED005A95ED016A95ED027A33
:10771000DBED003A60EE255A20EE066A20EE077A8D
:1077200020EE270A25EE86AA25EE875A65EEA56A81
:1077300066EE06AA66EE009A67EE007A67EE070A22
:1077400039EEC54A7AEE274A25EE802AC5ED005A61
:1077500085ED027A66EE075A36EEEA7A68EE898A95
:1077600020EE001A34EE044A74EEA44A37EE603A72
:1077700085ED016A1FED2D6A94ED3E9A85ED030AB1
:10778000BAF1010F64EE282A64EEA81A73EE863A65
:1077900033EE013AD4ED388A05D196ED026AE6EE71
:1077A000492AE6EE281ADFF840A236EEAA6A77EEFA
:1077B000CA7A72EE256A37EE207A35EE295A36EE0D
:1077C000606A37EE417A77EEA77A75EEC25A76EEA6
:1077D000A66A36EE416A75EEA55A66EEA16A27EEF4
:1077E000217A35EE055A67EEA17AE6EE226AA5EE19
:1077F000A27AE5EE227AE4EE236AA4EEA37AE3EE1F
:10780000237AD8ED009A9FED706AF4EEC69AF1EEF5
:10781000666AB1EE477AF1EE677AF1EE10FACAEDD8
:10782000016A8AED007ACAED027A09DDF7EE007A84
:1078300078EE868A39EE679AC4ED388A84ED3E9AEE
:1078400068EE287A17EE900AF0F73EFDD4E9362369
:10785000F0F7DCFB68EE097AC4E93601CDE90001F6
:1078600017EE900AF0F730FD02460B46D4E93C01D2
:10787000F0F7CCFB28EEA87AD9ED007AC4ED218A86
:10788000A9EE097AC4E93C01F1EEC76AF1EE677A24
:107890009DED000BC4ED237AC4ED457AC4ED447A26
:1078A000C4ED246A84ED229AC4ED398A84ED3F9AAE
:1078B000C4ED129A15F0E0F9D4E914232067C4F856
:1078C000D000D4E93C01F0F781FE41EC100B15F03B
:1078D000D3F93E4B3E491B78D8ED004A606703EB75
:1078E000430201EB8202D2ED017AC4F8E800F4EE23
:1078F000E74AF1EE10FAC0F23E83D2ED027AF4EEDE
:10790000E74AF1EE10FA94BF01200020BA7860F344
:10791000C712BA70BA78D20905D103EB430301EB61
:107920008303D3ED024AD5ED015AD5ED007A95EDEA
:10793000025A95ED036A3A7A264B274C25EEA57A32
:1079400067EE856AA7EEA77A42F001023A7266EE08
:10795000677AA5EE457A214AE5EE857A0320E5EEC1
:10796000866AA6EE467A77EEA77A76EEA66A83ED69
:10797000007AC3ED017AC3ED026AC2ED004A3268B3
:10798000226072686260B268A260154BDAF800206B
:107990001A60DAF804205A60DAF808209A60FAF7D8
:1079A000B1F8002840F0E982F9F77AFA38B1D4ED5D
:1079B000007A9FED0C7A77EE877AC4ED007A0BB0EF
:1079C000BDEC0A8BBDE8F08F0000000040A600204F
:1079D0000882030848BD00204C7D002044A60020FA
:1079E000587D00200ADA643A987C0020E54FFB7845
:1079F0009807C3F3400240F19782E34B93ED009A5E
:107A0000FB789B071ED4E14BD3ED007AF5EEC07AEC
:107A1000F1EE10FA01D5F1EE677ADD4B93ED007AC5
:107A2000A7EE279AB5EEC09AF1EE10FA00F1A18305
:107A3000D84BD3ED007AB4EEE79AF1EE10FAC8BF56
:107A4000B0EE679AB5EEC09AF1EE10FA00F18283BB
:107A5000F7EE007AB4EEE79AF1EE10FACCBF01220D
:107A60000022F7EE007A002A18BFB0EE679ACA4BE0
:107A7000D3F8E03207EE903A79EE677ABFEE00AACB
:107A8000F4EECA7AF1EE10FA00F19682B7EE007ABF
:107A9000F4EEC77AF1EE10FAD4BFB0EE67AAB0EEFA
:107AA00047AA3AEE077A542303FB0853D3ED056A3D
:107AB000D3ED06BA93ED046A26EE877A29EE069A8C
:107AC000B4EEEB7AF1EE10FA0AD4D3ED077AB4EE05
:107AD000E77AF1EE10FAD4BFF0EE47BAF0EE67BAEB
:107AE000AE4BCDED036AC3ED00BAAD4BAD4CD3ED5B
:107AF000017ADFF8FC92CDED007AB0EE670A19F05A
:107B000085F9A94B99ED00BA93ED005AA74BDFF820
:107B1000E4B2D3ED005A542606FB085696ED137ACC
:107B200096ED126A95EE257A94ED361BC7EE009A13
:107B300094ED3C0BE6EE0A9AC9ED009AFFF7BAFA0B
:107B4000DDED036A96ED0C7A994B9A4EDDED007AE5
:107B5000B7EE006AC6EE26AA79EE809A6AEEABAA64
:107B600039EECBBAD3EDAD6A96ED006AC9ED009A55
:107B70008BEE08AA6AEEAAAA27EE267AB5EEC06AAC
:107B8000F1EE10FA27EE2A7A8BED00AA00F11D82A1
:107B9000B0EE005A66EE065A874BD6ED016AA5EEA6
:107BA000857AF5EEC06AA8EE476AF1EE10FAB0EEFB
:107BB00046BA93ED006A4FF0540303FB085393ED6C
:107BC0000D7A27EE067A27EE2A7A00F1FB81F0EE95
:107BD000005A26EEA66AF5EEC0BAA6EE257AF1EEB8
:107BE00010FAE8EE476A40F3EA81744B93ED007AAD
:107BF000B1EE470AF4EEC07AF1EE10FA08D4F4EED2
:107C0000C77AF1EE10FAD4BFB0EE670AB0EE470AB9
:107C1000CDED006A19F074F99FED696A694B96ED34
:107C2000027ADDED006A20EE060A93ED006AC0EEEE
:107C30002B5A542303FB085393ED0E5A77EE655AE3
:107C400026EE056AF5EEC05AF1EE10FA26EE2A6A23
:107C500000F18C82B0EE005A65EEE55AA5EE856A19
:107C6000A6EE087A542303FB0853D3ED0F5AB1EE66
:107C7000656AB4EEE66AF1EE10FA08DCF4EEE56A45
:107C8000F1EE10FAD4BFB0EE666AB0EE656A542326
:107C900003FB085386ED016A93ED106AF1EE466A24
:107CA000F4EECB6AF1EE10FA08DCB4EEC6BAF1EEEF
:107CB00010FAD4BFF0EE4B6AF0EE466A542303FB91
:107CC000085393ED116AC6ED006AF1EE466AF4EED0
:107CD000C76AF1EE10FA08DCB4EEC67AF1EE10FADB
:107CE000D4BFF0EE476AF0EE466A374B374D1B784B
:107CF000C6ED026AF1EE6B7A052BC5ED017A7FF4D1
:107D0000FFABDFF8F480324BDFED32AAD3ED00BADF
:107D1000DFED314A98ED004ACDED074A78EE2BBAF7
:107D2000B0EE6A0AABEEA40AC3ED00BA8DED084AC4
:107D300019F0ACF89FED296AF0EE407A9FED280A21
:107D40008DED066AF6EE005AABEE860AB0EE6ABA20
:107D5000A7EEA5BACDED055A19F098F89FED217A56
:107D6000DFED216A8DED047AF0EE407A9FED1F0A77
:107D7000CDED036AA7EEA6BAABEE870A19F086F836
:107D80004AE000BFAC7D0020E8380020000600205B
:107D9000D4380020C8380020308100201430002062
:107DA000347D0020B0A80020F8050020B83800205D
:107DB000B83B0020A47C002024410020902100201A
:107DC0000AE81C41DC430020A87D0020C07C002084
:107DD000E47C002000000000FF545640BB8CFF40B4
:107DE0009A99D93FC0308C41C3F5A83E666646409B
:107DF000BC7C0020B47C0020185F03087B142E3E5E
:107E00006666663F66662640CDCCCC3ECDCC0C4047
:107E1000CDCC4C3F3333F33F5FED087A9DED084AFC
:107E200096ED005ADDED074AD8ED013ACDED007A26
:107E3000A0EE27BA1FED0E0ACDED093A2BEE04BADB
:107E4000ABEEA40AA8EE0B5ACDED084A86ED005A17
:107E500019F01CF8DDED055A9DED066ACDED075AC7
:107E6000B0EE6ABAA0EE25BA1FED1A0AABEE860A8A
:107E700019F00CF8DDED036A9DED047ACDED056A8D
:107E8000A0EE26BA1FED200AABEE870A18F0FEFF1F
:107E9000DDED007ADDED093A96ED015ADDED084A97
:107EA00098ED024ACDED037AA0EE27BA1FED290A1C
:107EB0008DED004A2BEE23BAABEEA40AA8EE0B5AC6
:107EC00086ED015A18F0E2FF9DED066A1FED305A6B
:107ED000DDED075AABEE865AE0EE25AAB0EE450A74
:107EE00018F0D4FF9DED047A1FED366ADDED056ACA
:107EF000ABEE876AE0EE26AAB0EE460A18F0C6FF9F
:107F0000DDED037A9DED004AE0EE27AAD6ED027A78
:107F10006AEE84AAEAEE887AC6ED027AFFF7F0BA32
:107F2000FFF776F8FFF780B99D4B1B78002B00F028
:107F30001481FB789FED9B9A99073FF592AD62E51E
:107F4000DFED987AFFF7CDB9DFF88882964F974C2E
:107F5000974E984DF0EE4A9AD5E6F5EEC07AF1EEDE
:107F600010FA7FF6E7AA95ED010AD5ED040AB1EE05
:107F7000400AFFF72BBB0020C8E48F4D0320D5E952
:107F80001223F9F767FD9FED8D0AF2F7B5FB8C4BD5
:107F9000D3ED007A012030EE270A01F041FF05F110
:107FA000280085ED010AF9F7E9FCBB7985ED0C0A9B
:107FB00043F00103BB71F7E49FED7A7A73E59FED1F
:107FC000797A4FE6F8EE005A03E6B8EE005AE1E59A
:107FD000F8EE006AFFF786BAFFEE007AFFF75BBAA9
:107FE000F8EE005AFFF73FBABFEE006AFFF718BA83
:107FF000B5EEC0AAF1EE10FA4FF0000301D5CBF8B0
:10800000003095ED010AD5ED040AF5EEC09A002383
:10801000F1EE10FA48BFC9F80030B1EE400AFFF7A0
:10802000D5BAB8EE005AFFF7DDB9FFEE007AFFF7D8
:1080300082B9644BD2ED076AD3ED007A92ED096AFA
:10804000614B624A93ED007AD2ED005AB5EEC07AE8
:1080500077EEA57AF1EE10FA67EEA67A00F19D8030
:10806000F0EE475A26EE256A27EE467AE8EE077AC2
:10807000F5EEC07AF1EE10FA00F18A80F4EEE67ABD
:10808000F1EE10FAD8BFF0EE676AF7EE005AF6EE9E
:10809000007AE6EEA75A4E4A92ED007AC3ED006AE6
:1080A000FEEE007AB4EEE77AF1EE10FA08D4F6EEBE
:1080B000007AB4EEE77AF1EE10FAD8BFF0EE477A24
:1080C0003B4E542303FB085393ED116A96ED027A5D
:1080D00066EE277AB5EEC07AF1EE10FA67EEA57A71
:1080E00053D4F0EE004A27EE475AF1EE465AE5EE39
:1080F000247AA7EE887AB4EEE57AF1EE10FA08D485
:10810000B4EEC67AF1EE10FAD4BFF0EE475AF0EEB4
:10811000465ADFED247ADFF8C0B0DFF8C090254D75
:10812000214F224CC6ED025AB0EE67AAF0EE679AD4
:10813000B0EE679AC6ED007AC6ED017ACBED007A13
:10814000C9ED007AC5ED016AFFF7DAB9DFF8908072
:10815000154FD8E59FED139A89E41A4B93ED009AD9
:108160001A4BD3ED007A39EE279A49E4B8EE005A5B
:1081700072E59FED0C9A002273E495ED010AD5EDAE
:10818000040AB1EE400AFFF719BAF8EE004AAAE76E
:10819000DFED046AF7EE005A7DE7F1EE475A61E73A
:1081A0005CBE002000000000AC7D0020B0A80020D4
:1081B000A47C0020C07C002048800020CDCCCC3C9A
:1081C000947C0020E8380020143000200039002082
:1081D00024410020185F0308B47C0020BC7C0020F0
:1081E000245F0308000000002DE9F041724C2DEDE2
:1081F000028BF8F723FD4FF07C53C4F89C3040F21B
:108200000A33A4F831306D4BC4F8A4306C4BE367EB
:10821000C4F880304FF07E536A4AC4F898306A4BF5
:108220006A49C4F828310023136093605360536196
:108230001361D3601362D3619361654AC4F8E82087
:10824000626701F5A6620B60136001F526620026E5
:10825000136057A3D3E9002300275E48C4F8D00079
:108260000D4601F21C5801F64C21C1E90067C4E932
:10827000142365E905672067C8E9006714F0ECFC82
:10828000606F84ED360B85ED000B14F0E5FCD4E94E
:10829000142351EC100BF0F76FF84F4BC8E90001B5
:1082A000C4E93C011D200021C4E94267C3E90E670F
:1082B000F9F7C4FB1D20F9F717FC002872D1474BD2
:1082C0009FED470A5A79474C474E9FED488A84ED07
:1082D000000A42F010025A715A78454C454922F082
:1082E00004025A705879444A81ED030A40F00200B2
:1082F0005871987882ED000A40F020009870D87983
:1083000082ED010A40F00200D8713C4B82ED020A76
:1083100083ED000A83ED010A83ED028A337884F845
:10832000E532374B81ED020A0122F7EE008AC1EDFA
:10833000008A83ED000A81ED010A324B324984F84C
:108340005F2284F84B22314A81ED000A82ED000A57
:1083500083ED000A01F0EEFE2D4833782D4AC35616
:10836000542101FB03F3D118D35C8BB9D1ED046A1E
:10837000D1ED017A88EEA67A67EE887ABDEC028BA1
:1083800067EE877A17EE903AC4F8E032BDE8F081E4
:10839000BDEC028BD1ED037A17EE903AC4F8E032CF
:1083A000BDE8F081FEF734FE89E700BFAFF300803F
:1083B000000000009A1EEA3FB0A800206666663FF3
:1083C0000000A03FC07C0020CDCC4C3ECC1600204D
:1083D0005488E0581721F7EA402D0020AC7D00209A
:1083E00000000000BC7C0020F50000200AE81C41D1
:1083F00030810020AC000020A47C0020987C00206C
:10840000B47C0020E47C0020B87C0020947C002018
:10841000105A03082C5A03087B4B1B78052B00D0FD
:1084200070477A4B1B78002BFAD0794B5B79DB09CC
:10843000F6D1B4EE400AF1EE10FAF1D1DFED757A23
:10844000B4EEE70AF1EE10FAEADC9FED737AB4EECF
:10845000C70AF1EE10FAE3D4F4EE600AF1EE10FA76
:10846000DED1F4EEE70AF1EE10FAD9DCF4EEC70A39
:10847000F1EE10FAD4D4B4EE411AF1EE10FACFD1E5
:10848000B4EEE71AF1EE10FACADCB4EEC71AF1EE58
:1084900010FAC5D4F5EEC01AF1EE10FAC0DDDFED2A
:1084A0005F7A5F4B5F4AD3ED026A92ED007A61EE2C
:1084B000A71A77EE077AF4EEE16AF1EE10FA64DDBE
:1084C000B5EEC00AF1EE10FA58D4DFED576AB4EEFB
:1084D000E60AF1EE10FA58D5F5EEC00AF1EE10FA00
:1084E00000F18980DFED506AF4EEE60AF1EE10FA51
:1084F0004BD5DFED4E6AB5EEC01AF1EE10FA67EE1D
:10850000265A6ED49FED487AB4EEC71AF1EE10FAEF
:108510004CBF01220022464BB1EE677AD3ED006AD0
:10852000B0EE475AA2B320EE250AE2EE406AF4EE1E
:10853000C76AF1EE10FA51DBF4EEE76AF1EE10FAD9
:10854000D4BFB0EE666AB0EE676A60EEA50AD3EDFE
:10855000016A83ED006AE2EE606AF4EEC76AF1EE4A
:1085600010FA08DBF4EEE76AF1EE10FAD4BFB0EED1
:10857000665AB0EE675A83ED015A7047DFED2D6AF7
:10858000B4EEE60AF1EE10FAA6DC294BB1EE677AFA
:10859000D3ED006A9FED286A66EEC25AB0EE475AE4
:1085A000E5EE866AF4EEC76AF1EE10FA13DBF4EE3C
:1085B000E76AF1EE10FAC8BFF0EE676A93ED016A60
:1085C000DFED1D5AC3ED006A26EE422AF0EE466A40
:1085D000E2EE256AC1E7F0EE476AEFE7B0EE476AE0
:1085E000B3E79FED147AB4EEC71AF1EE10FACCBFE0
:1085F000012200228FE7DFED0F6AF4EEE60AF1EECA
:1086000010FA3FF776AFC0E7A87D0020317D00204B
:10861000AC7D0020CAF24971CAF249F19A99993E9B
:10862000587D0020887D0020CDCC4C3E258CC43E5A
:108630007C7D0020CDCC4CBEB9FC073C494B4A495F
:10864000D3F8602291ED005AD3F87002D3F8D8C263
:10865000464907EE902AD3F87C2291ED003AD1EDFD
:10866000013A91ED024AD3F8DC1235EE675A07EE73
:10867000902A3F4A92ED016AD2ED005AD2ED026A89
:108680003C4A02EE100AD2ED001AD3F88002D3F869
:10869000742204EE900A02EE902AD3F87802D3F8FE
:1086A0008422E5EE242A01EE102A04EE900AD3F883
:1086B000D4223148A5EE272AE5EE014A07EE90CAFA
:1086C00005EE102A73EEA73A33EE055A07EE901A1C
:1086D00075EEC55A34EE274A80ED005AC0ED013AD6
:1086E00080ED024ADFF8A0C024488CED002A36EE67
:1086F000636A65EEA15ACCED012ACCED024AC0EDC9
:10870000005A26EE216AD3F868C21D4980ED016A3D
:1087100076EEC46A91ED017AD1ED007A194A66EEDF
:10872000E16A06EE10CAD3F864C2C0ED026A77EEC1
:10873000C27A37EE627A06EE90CA27EE067A67EEC4
:10874000A67A82ED017AC2ED007AD3F86C32D1EDCF
:10875000027A07EE103A77EEE47A67EEC77AC2ED56
:10876000027A704730810020BC0000207C7D002010
:10877000147D0020106E0308707D00204C7D0020C9
:10878000207D0020587D0020647D00202DE9F84FD9
:10879000CF4AD04BDFF86883CF4ED04CD04FD14D6D
:1087A000DFF86093DFF860B3DFF860A32DED028B94
:1087B000002093ED008AD2ED008AFDF737FCCA4B0A
:1087C000B8F8000000221A605A609A60F9F740F881
:1087D000B0EE480A11F016FF336823603B602B604F
:1087E000736863607B606B60B368A360BB60AB6001
:1087F000D9F80030CBF800300123CAF800302FE060
:10880000D7ED016AF4EEE67AF1EE10FA01D5C7ED84
:10881000017AD4ED027AD6ED026AD5ED025A76EEEF
:10882000A77AF4EEE56AF1EE10FAC4ED027A49DCBB
:10883000D7ED025AF4EEE56AF1EE10FA01D5C7ED74
:10884000026ADBED006ADAF80030D9ED005A013334
:1088500076EEA56AF92BCBED006ACAF8003037DC5A
:10886000B8F80000F8F7F4FFB0EE480A11F0CAFEBD
:1088700094ED006AD6ED007A95ED007A37EE866ABF
:10888000F4EEC77AF1EE10FA84ED006A1DDC97ED84
:10889000007AF4EEC77AF1EE10FA01D5C7ED007A4E
:1088A00094ED017AD6ED017AD5ED016A37EE877A3B
:1088B000F4EEE67AF1EE10FA84ED017AA0DDC5ED72
:1088C000017AA6E7C5ED026ABBE7C5ED007AE7E7E6
:1088D0009FED865AD5ED005A7D4B26EE056A97ED41
:1088E000005A93ED004A84ED006A75EEC65A35EEE3
:1088F000465AF5EEC05AF1EE10FAC5ED005A87ED72
:10890000005A00F12781B5EEC05AF1EE10FA00F1DD
:10891000D480B4EEE55AF1EE10FAC8BFF0EE455A35
:10892000DFED724A95ED015A27EE247AD7ED014A20
:1089300084ED017A35EE475AB4EEE54AF1EE10FACD
:1089400074EEC74AB5EEC05ACCBF01230023F1EE46
:1089500010FA85ED015AC7ED014A00F1EA80F5EE03
:10896000C04AF1EE10FA00F11581F4EEC54AF1EEBD
:1089700010FAC8BFB0EE645ADFED5C4AD5ED025A7A
:1089800067EEA47AD7ED024AC4ED027A75EEE75A93
:10899000B4EEC54AF1EE10FA74EEE74AF5EEC05AAD
:1089A00003F00103D8BF0023F1EE10FAC5ED025A1F
:1089B000C7ED024A00F1AC80F5EEC04AF1EE10FAC4
:1089C00000F1F380F4EEE54AF1EE10FAC8BFF0EEE4
:1089D000645AB4EEE54A464AF1EE10FA03F0010398
:1089E000D8BF00231370002B00F0C9804149DFED90
:1089F000425AD1F8D4329FED3D4A04EE903A36EE19
:108A0000645A68EEA55AB5EEC05AF1EE10FA66EE59
:108A1000846A03D5B1EE465A35EE645AD1F8D8329D
:108A200004EE903A16EE103A37EE646AF4EEC55A48
:108A3000F1EE10FAB5EEC06A4CBF01220022F1EE51
:108A400010FAC1F8D43203D5B1EE476A36EE646A43
:108A5000D1F8DC3205EE103A17EE103A37EEC57A4F
:108A6000F4EEC65AF1EE10FAB5EEC07A54BF1046D5
:108A700042F00100F1EE10FAC1F8D83203D5B1EEA0
:108A8000677A37EE457A17EE903A16EE902AB4EEF2
:108A9000E57AF1EE10FAC1F8DC32C1F8C4226ADCE2
:108AA000002868D1154B18780CF076F8BDEC028BD5
:108AB0000120BDE8F84FFDF7B9BAB1EE455AF4EE22
:108AC000C55AF1EE10FA7FF52BAFF0EE455A27E7C5
:108AD000887D0020A47D0020147D0020087D0020DA
:108AE000FC7C0020F07C00207C7D00206F12833B0A
:108AF000317D002030810020CDCCCC3D3490002051
:108B0000E0000020BC000020EC7C0020E87C00207D
:108B1000F5EEC04AF1EE10FAB1EE655A50D4F4EE1B
:108B2000C54AF1EE10FAD4BFF0EE455AF0EE645AA1
:108B30004FE7F5EEC04AF1EE10FAF1EE455A4FD488
:108B4000F4EEE54AF1EE10FAD4BFB0EE655AB0EE9D
:108B5000645A11E7B5EEC05AF1EE10FAF1EE654A2B
:108B600036D4B4EEE45AF1EE10FAD4BFF0EE645A03
:108B7000F0EE455AD4E6234B01221A7092E7022008
:108B8000082100F065FBBDEC028B0120BDE8F84F29
:108B9000FDF74CBAF1EE644AB4EEE45AF1EE10FA85
:108BA0007FF5EAAEB0EE645AE6E6F1EE644AF4EE22
:108BB000E45AF1EE10FA7FF50CAFF0EE645A08E7D4
:108BC000F4EEE45AF1EE10FA12DDF1EE644AF4E745
:108BD000B4EEE55AF1EE10FA0DD5B1EE455A74E750
:108BE000B4EEE45AF1EE10FA08DDF1EE644AD9E78A
:108BF000F0EE455AEDE6F0EE645A91E6B0EE655AB5
:108C0000BAE600BF2881002038B5154BDFED156AA4
:108C100093ED007A144A15491548164C164DC6EEC8
:108C2000877A0023C2E900339360144A036013601B
:108C30002B602360C1ED007AF3F7F8FE104BA360C0
:108C400011F072FF0F4A104992F85F224B79A2F19E
:108C50000102B2FA82F2520962F304134B7138BD79
:108C6000106E030835FA8E3C7C7D0020887D002044
:108C7000207D0020587D00204C7D0020147D0020A8
:108C80000AE81CC130810020AC7D00202DE9F041B4
:108C9000CA4BCB4FD3ED007ACA4BCB4D2DED088B91
:108CA0009FEDCAAADFEDCAAADFEDCA9AD3ED008A0A
:108CB0009FEDC98A9FEDC99A86B08046022027EEB3
:108CC0008AAA67EEAAAAB0EE67BAFDF7AFF94FF429
:108CD000FA60CDED039ACDED009ACDED049ACDED7D
:108CE000019ACDED059ACDED029AF8F7B1FDB0EEFF
:108CF000680A11F087FC2AEE0AAA6AEEAAAA4FF4C3
:108D0000166400264FF4FA60F8F7A2FDB0EE680A88
:108D100011F078FCD7ED006AF4EE666AF1EE10FA15
:108D200016D1F4EEC86AF1EE10FA11DCF4EEC96A5D
:108D3000F1EE10FA0CD4D5ED007AF4EE677AF1EE8C
:108D400010FA05D1F4EEC87AF1EE10FA40F356812C
:108D5000002397ED017AB4EE477AF1EE10FA16D1BE
:108D6000B4EEC87AF1EE10FA11DCB4EEC97AF1EE85
:108D700010FA0CD4D5ED017AF4EE677AF1EE10FA20
:108D800005D1F4EEC87AF1EE10FA40F3FE8000232C
:108D9000D7ED027AF4EE677AF1EE10FA72D1F4EEC2
:108DA000C87AF1EE10FA6DDCF4EEC97AF1EE10FA41
:108DB00068D4D5ED025AF4EE655AF1EE10FA61D19D
:108DC000F4EEC85AF1EE10FA5CDCF4EEC95AF1EE9A
:108DD00010FA57D4F5EEC05AF1EE10FA00F12C81DA
:108DE000B0EE656A7E4A92ED005AB4EEC56AF1EEC5
:108DF00010FA47DC002B45D027EE076AA6EEA66ADC
:108E0000A7EEA76AB4EEC6AAF1EE10FA3AD5F4EED0
:108E1000C6AAF1EE10FA35DD9DED004A9DED015A2E
:108E2000DDED034A9DED046ADDED053A95ED003A6E
:108E30006C4B34EE264A35EE075AD5ED016A9DEDAE
:108E4000027A8DED004A37EE277A74EE834A36EEC9
:108E5000266A73EEA53AD3ED007ACDED034A013CC4
:108E60000136A4B279EEA79A8DED046A8DED015A10
:108E7000CDED053A8DED027A36B244B1B6F5167FE6
:108E800015D03FE7013CA4B2002C7FF43BAFB6F510
:108E9000E17FC0F2D480DDED034A9DED004A9DEDF7
:108EA000046A9DED015ADDED053A9DED027A4E48CA
:108EB0004E4B41791A684E4B4E4CC3F8642207EE74
:108EC000906AF8EEE76AF7EE005AC5EEA67A41F02E
:108ED00010014171C3F86822247883F8E5424648BE
:108EE000F0EE4B6AD7EE276A29EEA79A16EE901A93
:108EF000C3F8781219EE101A67EEA44AC3F8C41228
:108F0000C3F860121146002227EE855AC3F87C226E
:108F1000C3F88022C3F88422C3F8C822C3F8CC2245
:108F2000C3F8D02214EE902A27EE866AC3F8D42222
:108F300015EE102A27EE844AC3F8742267EEA37A4E
:108F400016EE102A14EE104AC3F8D82217EE902A13
:108F5000C3F870420124C3F86C12C3F8DC2283F812
:108F60005F42047001F056FB2146082000F070F9C2
:108F70000220FDF76DF822463421404606B0BDECD4
:108F8000088BBDE8F0410AF03BBEF4EEC97AF1EE81
:108F900010FA3FF5FCAEF5EEC07AF1EE10FA48D4C7
:108FA0000F4A92ED006AF4EEC67AF1EE10FACCBFE9
:108FB0000122002282F001021340E9E6186E030844
:108FC000207D0020A47D0020147D00206666663F81
:108FD000CDCC8C3F00000000CAF24971CAF249F1C1
:108FE000887D0020BC000020AC7D0020146E0308AA
:108FF00030810020F500002028810020F4EEC97A9D
:10900000F1EE10FA3FF5A4AEF5EEC07AF1EE10FAEB
:109010000CD40F4B93ED007AF4EEC77AF1EE10FA10
:10902000CCBF0123002383F0010392E6F1EE677ABF
:10903000EFE7F1EE677AB3E7B1EE656AD2E60220B8
:10904000FDF706F8032000F023F9002294E700BFA3
:10905000887D0020274B284AD3F86012D3F870028D
:10906000D2ED007A254A07EE101AD3F87C12D2ED21
:10907000006A77EEC77A05EE100A07EE101AD3F8E9
:109080008002D3F87412A7EE875A07EE100AD3F8BD
:10909000780205EE901A06EE100AD3F88412D3F87F
:1090A000D402E7EE875A04EE900A07EE101AD3F8BE
:1090B000D812D3F8DC32A7EE876A76EEA46A92ED76
:1090C000017AD2ED027A0E4A04EE901A37EE247A33
:1090D00004EE903A0B4B82ED005A77EEA47AC2ED83
:1090E000015A82ED026AC3ED006A83ED017AC3ED95
:1090F000027A704730810020BC0000207C7D002077
:10910000647D0020707D002008B50F4802F0C0FF8C
:10911000DFF840C00D499CF80020B0FA80F040090B
:1091200082420FD0B1F90030002B09DD013B02F083
:109130000100074A0B80137860F3C303137008BD66
:109140008CF800006423F4E730730308CC0000209F
:10915000AC7D00208D7D002008B5174B1B78012BBE
:1091600013D0164B164A1B7843B903F0FF0311794D
:1091700063F3C71111711079C00908BD5379C3F3A6
:10918000800383F00103DBB2F1E70E4890F834303E
:10919000002BE6D0383002F07BFF094A28B1507925
:1091A000C0F3800080F00100C0B2137960F3C713F0
:1091B00013711079C00908BD8E7D0020768E0020C5
:1091C000AC7D0020C472030808B5104B5A79D10653
:1091D00009D50F4A127852B10E4A1278012A06D0E8
:1091E0001A7952060ED42720F8F77EFC00B908BD84
:1091F00027204FF4FA71F8F721FCBDE80840002061
:10920000FCF73ABF5B799B07F1D4ECE7AC7D00201B
:10921000718E0020758E00200A4B93F85F020128A2
:109220000ED1094A127862B1084A1078012808D094
:1092300093F84B02A0F10100B0FA80F040097047AA
:109240000020704730810020718E0020758E002034
:1092500070B506460D46FCF7B7FE56B1642303FB16
:1092600006F600244FF47A700134F8F7F1FAB442AC
:10927000F8DBFCF7C1FE55B1642303FB05F50024C0
:109280004FF47A700134F8F7E3FAAC42F8DB70BDC2
:10929000C8B170B506460025FCF796FEC8244FF409
:1092A0007A70F8F7D5FA013CF9D1FCF7A5FE4FF436
:1092B00048744FF47A70F8F7CBFA013CF9D10135D4
:1092C000B542E9D170BD7047084B9B799B0700D52B
:1092D000704700B583B00190FCF776FE0199042039
:1092E00003B05DF804EBF8F7A9BB00BFAC7D00202C
:1092F00008B5404B5A7912F0200FC2F340113E4A94
:1093000041D0042111703D4A1278002A39D15A798E
:10931000C2F34011920625D59A7961F341029A7100
:109320009A79910741D55A79920631D540F6B833EA
:109330004FF0FA0C3249334A0B601520C2F800C0D6
:10934000F8F7D2FB002834D02F4B2E4A1B78002B85
:1093500030D02B4915200968F8F770FBBDE80840AC
:10936000FCF74ABE1A789006C2F34011D4D4274ABB
:109370001278042A05D0092A03D0254A1278032A34
:109380002CD10121C8E710780028BCD01170BAE7B1
:109390001B789B0616D41F4B1B78DBB91B4B1B7825
:1093A000042B21D07D239C46C4E70420F8F79CFBC6
:1093B00060B908BD11681520F8F740FBBDE808400A
:1093C000FCF702BE4FF416739C46B3E7BDE80840B5
:1093D000FCF712BE4FF47A739C46ABE70D4A117846
:1093E000003918BF012197E741F28E234FF0FA0CA4
:1093F000A0E700BFAC7D00207E3800208F7D0020DC
:10940000C8000020C4000020E2430020A87D002006
:109410007F380020AC380020002009F037BF00BFA3
:1094200008B5194B1B789BB9184BD3ED017AF5EEB3
:10943000C07AF1EE10FA0DD49FED157AF4EEC77AEA
:10944000F1EE10FA0DD54FF4FA612220F8F7F6FA92
:10945000002008BD9FED0F7AF4EEC77AF1EE10FA06
:10946000F1DC2220F8F740FB0028F1D00A4A0B4B30
:1094700092ED007AD3ED007AB4EEE77AF1EE10FACD
:10948000E6DD074BDB78E3E7758E0020347D0020B6
:10949000AA619C3FAA619CBFE8380020E438002004
:1094A000AC7D00204B4B1B78192B4B4B53D01A79BA
:1094B00012070AD401209A78D20702D45A78D20926
:1094C0004BD0464A0123137070475A795007C2F3B4
:1094D0008001EFD4424A92F90020002AEADC00B56C
:1094E000404A1278012A83B044D03F4A12782AB108
:1094F0005979C1F3800181F00101C9B21A7961F390
:10950000C7121A711A79D20902D0384A127892B960
:109510005A79D1070FD4364A127862B91A7992066D
:1095200009D55A79D00606D59A78910631D4314AB0
:10953000527C052A2DD001209A78D10715D45A786B
:10954000D20912D11B79254AC3F3C00383F001036A
:10955000137003B000BD0020ADE71B791F4AC3F3B1
:10956000C00383F00103137070471C4A012313707A
:1095700003B000BD204890F83420002AB5D0383020
:10958000CDE9001302F084FDDDE900130028B5D019
:10959000AEE71A4A12788AB11A79520602D55A7978
:1095A00090070BD41649134A097802EB011252783E
:1095B000022A03D0134A1278012ABCD11A789106E4
:1095C000B9D41A7A1207B6D49A78D007B3D4587897
:1095D000C009B1E7F5000020AC7D00208F7D0020A0
:1095E0001C3000208E7D0020768E0020907D002093
:1095F0007C380020206E0308C4720308718E00209E
:10960000F7000020758E00202DE9F843354C3649CF
:1096100000202070034660700246A070E070207148
:109620006071A071E07120726072A072E07241F806
:1096300023200133312BFAD12C4B2D48DFF8F49045
:10964000DFF8F4802B4F2C4E00240025C3E90045A1
:109650004FF49872C3E902450021C3E90445C3E908
:109660000645C3E908451BF06DFC40F6F872002181
:1096700022481BF067FC22484FF42A7200211BF09D
:1096800061FC204B254618464FF42E7200211BF03A
:1096900059FC3D51355104340C2C49F8045B48F811
:1096A000045B00F52E73EED11749184A1848194C7F
:1096B000002313600B60184B1849194A0D700026DF
:1096C0000027C3E900674FF07E530360154823600D
:1096D000072111700360144A144815490360116092
:1096E000BDE8F883AC7D0020EC2E0020B02F0020D8
:1096F000B0A80020587D0020347D0020A811002053
:1097000010390020B83B00203C300020E838002011
:10971000303000202C300020D0000020317D00208F
:10972000A87D002028300020E4380020E038002008
:10973000CCCCCC3D4C7D0020407D00202DE98848DC
:109740007D2017F081F8002840F05A83BF4BC04FAE
:1097500018781C460D210AF001FAF8F71BFA207858
:109760000E210AF0FBF9FFF74FFF20780F210AF0D6
:10977000F5F901F0E7FA207810210AF0EFF903F08B
:1097800083F9207811210AF0E9F910F0EFFD207833
:1097900012210AF0E3F9F7F765FA132120780AF0AD
:1097A000DDF9FCF7E1FD0020FCF740FC20781D21ED
:1097B0000AF0D4F9F1F7DEFD207814210AF0CEF991
:1097C000FFF722FA207815210AF0C8F915F0CEF833
:1097D000207816210AF0C2F9F2F786FA20781721CC
:1097E0000AF0BCF900F0DEFC207818210AF0B6F986
:1097F00002F0A8F8207819210AF0B0F910F000FF63
:1098000020781A210AF0AAF9FCF7D0FBF3F754FBF1
:1098100014F06AFBFB781D0700F1F7828B4BDFED3C
:109820008D8A18788C4E8D4CDFF87092DFF870A21C
:10983000DFF84CB29FED8A8A1B210AF08FF9F6F708
:10984000E5F8FCF761FC02210820FFF701FDFB7839
:1098500023F02003FB70F8F7D3FB824B0020D3E901
:109860000023F8F7F7F8804B804A0120187007238F
:109870001370FCF78FFC4FF0340800250CE02068D3
:1098800008FB009393F82030002B74D1F9F7C4FB48
:109890000020F8F737F9A0B93378192BEFD1744BC2
:1098A0001D70744B1D70744B83ED008A734B1D70DB
:1098B0003B79002043F008033B71F8F723F90028B7
:1098C000EAD0684B0020D3E90023F8F7C3F86C48CE
:1098D000F8F754F88AED000AEFF7B0FEFB789AED3E
:1098E000000A180740F1CA81FDF782FC9AED000AD0
:1098F000F2F714FE9AED000AF2F78EFFF4F7E0FF9C
:109900009AED000AF2F716FA9AED000AFCF732FA1D
:1099100014F00CFA00F02EFDFB78190740F1AB8132
:10992000F7F70EF8FFF7F0FBFFF7E2FCFFF74CFC50
:10993000F1F75CFC454B18780EF08AF906F002F856
:1099400010F016FD494B1B780C2B60D8DFE813F0A4
:109950007C0111014B0119006101E7005F003E012C
:10996000D400C200B7005F00AA002078FDF7EEF82F
:10997000F8F798FD2068C0B2FDF7B2F80028F4D1DE
:1099800084E7FAF727FF00F0E7FBFB7823F02003DA
:10999000FB70FFF7E1FB002800F0988101F09CF8D4
:1099A000FB79980702D53B78590630D5324B93EDB9
:1099B000007A344BD3ED007AB4EEE77AF1EE10FA88
:1099C000C0F2E8814FF4FA612220F8F737F82E4907
:1099D0001620F8F733F82C490720F8F72FF844F64B
:1099E00020610E20F8F72AF8F6F7CCF8F7F7B6FF63
:1099F000264B1860FB7843F02003FB7005231B4ABD
:109A000023491370234BD3E90023C1E90023F7F75F
:109A1000E1FEDBF800301F4AC01ADBF804301060AA
:109A200061EB030115465160FFF796FB48B1D5E99C
:109A30000012174DD5E900038842934138BFC5E9AC
:109A40000012154A0123137015E700BF349000205F
:109A5000AC7D00200AD7233DF5000020389000207F
:109A600000000000E0000020907D0020A87D002084
:109A700081370020823700203C3000201C3000203D
:109A8000987D0020E4380020C0D40100EC2E002096
:109A9000D0000020D8000020F6000020B06F03089E
:109AA000A07D0020FFF758FB002800F0C9803B781C
:109AB000DB0900F07C81BF4A09231370A7E7FEF79A
:109AC00065FE4FF4FA611720F7F7B8FFB94A012392
:109AD00013709CE7FAF77EFE7B79C3F30005DB0782
:109AE00040F1EA800320FCF7B3FA0120FCF79EFA6C
:109AF000B14A092313708AE7FAF76CFE00F02CFBD9
:109B0000FFF72AFB10B93378192B80D1FFF784FBBC
:109B100000283FF47CAFA74A0023137077E7A74BD8
:109B20001B78012B00F01681FAF758FBA448F6F7D2
:109B300035FBA44BD3ED007AF4EEE87AF1EE10FA9F
:109B400009D59E4B1B78002B00F0CA80FFF704FB61
:109B5000002800F0C580FAF7E9FEFFF761FC002855
:109B600000F0A1800520F9F77BFE924A04231370D0
:109B70004DE7FAF72FFE1720F7F7B6FF00283FF45E
:109B800046AF0320FFF784FB02210820FFF760FBAC
:109B90004FF4FA612220F7F751FF8B491620F7F7AF
:109BA0004DFF89490720F7F749FF44F620610E2051
:109BB000F7F744FF3378192B00F01681FB799A07E9
:109BC0007FF579AF7B4A0C23137020E7FAF702FE8A
:109BD00000F0C2FAFFF766FC0546002800F09B8003
:109BE000FCF758FA13E7FFF7B7FA00284FD0754B88
:109BF000D3ED007A754BD3ED006A754B77EEA67AFC
:109C000093ED007AF4EEC77AF1EE10FA3FDD05230A
:109C1000F5E66C4B93ED007A6D4BD3ED007AB4EE24
:109C2000E77AF1EE10FA44D56A4A002313706A4AC3
:109C300001231370EFF7D0FAF3F7F2FBFCF764FAA5
:109C40005C4A07231370E2E6FAF7C4FD02210820FC
:109C5000FFF7FEFAEFF7FCFAFCF7A8F9F3F72CF997
:109C6000F5F7D4FEF7F76CFD5C4A00231370514AF8
:109C70000A231370CBE6F6F7A3FF53E610F0C2FCFD
:109C8000FEF7DCFC14F002FE11F03AF82EE6FBF7CA
:109C90009BFB0520F7F728FF002862D14C4B504A68
:109CA0001B681360B3E6FBF763FA7B785B067FF50E
:109CB000AEAEFCF71BFBAAE60120FCF7C9F90320B6
:109CC000FCF7B4F93C4B1D70032398E600F0A2FCAE
:109CD000EFF782FAF3F7A4FB364A0723137096E6F0
:109CE0004FF4FA612220F7F7A9FE37491620F7F75B
:109CF000A5FE35490720F7F7A1FE44F620610E20A6
:109D0000F7F79CFE40F6C4110520F7F797FE294AA5
:109D1000022313707BE602210820FFF799FA2E4BED
:109D2000304A1D70244B1D70FB7865F30413FB70E3
:109D30003B7A65F3C7133B723B7865F3C7133B70FF
:109D4000204B03201B681360FCF724FA194A0823F0
:109D500013705CE67B7A5A067FF5E6AEF6F7BCF93F
:109D6000E2E61F4B4FF4FA61222083ED008AF7F7F9
:109D700065FE15491620F7F761FE13490720F7F72E
:109D80005DFE44F620610E20F7F758FE0320FCF735
:109D900001FA99E71620F7F7A7FE00283FF437AE3F
:109DA0000820F9F75DFD034A042313702FE6F6F748
:109DB00039F92CE6A87D00207E380020758E002021
:109DC000102200203C300020C0D4010000390020C7
:109DD000E4380020768E0020907D0020317D002028
:109DE000E8380020E0380020FCF754F9FB7823F035
:109DF0002003FB70FAF7EEFC074A0B23137006E60C
:109E000009F05EFA054B1870A0E420781C2109F0D7
:109E1000A5FEFEF7E9F901E5A87D0020C5A0002018
:109E2000F0EE407A80B3B4EE400AF1EE10FA2BD196
:109E30009FED1A7AB4EEC70AF1EE10FA24DC9FED1A
:109E4000187AB4EEC70AF1EE10FA1DD4B5EEC00AC6
:109E5000F1EE10FA11D49FED137AB4EEC70AF1EEC9
:109E600010FA11DC104A11495378C1ED007A23F041
:109E70000103B0EE670A537070479FED0D7AB4EEA0
:109E8000C70AF1EE10FAEDD5074A0849537891ED6B
:109E9000000A43F001035370704700BFCAF24971D2
:109EA000CAF249F10060EA46AC7D0020B87D00208E
:109EB0000060EAC608B50B4BD3E910210A4301D173
:109EC000002008BDF7F786FC064BD3E90A2C801A60
:109ED000D3E9102361EB0C0182428B412CBF01209E
:109EE000002008BD4880002000B5B4EE400AF1EE25
:109EF00010FA83B006D1DFED4A7AB4EEE70AF1EE4C
:109F000010FA09DD474A4849537891ED000A43F0B9
:109F10000103537003B000BD9FED447AB4EEC70A4D
:109F2000F1EE10FAEED4F4EE600AF1EE10FAE9D197
:109F3000F4EEE70AF1EE10FAE4DCF4EEC70AF1EE13
:109F400010FADFD4DFED3A7AB4EEE70AF1EE10FA58
:109F5000D8DBDFED387AB4EEE70AF1EE10FAD1D8AB
:109F6000DFED357AF4EEE70AF1EE10FACADBDFED49
:109F7000337AF4EEE70AF1EE10FAC3D880B9DFEDD8
:109F8000307A9FED307A77EEC07A27EE870A254A3D
:109F90002549537881ED000A23F001035370B9E796
:109FA000DFED297ACDED010A20EE270A16F05EFEDC
:109FB000DFED267A20EE270A16F01CFE9FED247AAC
:109FC000DDED010AF7EE007A37EEC00A70EE870A7F
:109FD000DFED207A20EE200A20EE270AB4EE400AB8
:109FE000F1EE10FA8ED1DFED117AB4EEE70AF1EE60
:109FF00010FA87D4B5EEC00AF1EE10FA07D4DFEDFF
:10A00000167AB4EEE70AF1EE10FAC0DD7AE7DFED7A
:10A01000137AB4EEE70AF1EE10FA3FF573AFB6E744
:10A02000CAF24971AC7D0020B87D0020CAF249F126
:10A0300000409C460060EA470000A0C20000C84201
:10A0400080E6C547A627AC3D08942537B4C9423EF3
:10A05000339388439ED819430060EA460060EAC6FD
:10A06000F8B52A4C10F0B8FFA378980604D5E37829
:10A070001907C3F3C00511D5254A002319465360BB
:10A080002448254C254A01602160254825490023A4
:10A09000036013600B6053631361F8BDA37965F32C
:10A0A0000003A371F7F796FB1F4BC3181E4641F13F
:10A0B000000710F025FE10F0C9F9A3791B4A4FF0F4
:10A0C00001011170DA0719D5A37923F00103A371F7
:10A0D000F7F780FB864205F1010577EB01012DB210
:10A0E00001D3C82DE5D1A3785B0604D5104B5A796E
:10A0F0000AB11968C4E7064B5968C1E7F7F76AFB6C
:10A10000864277EB0101D4D2EDE700BFAC7D0020A1
:10A1100048800020281100203C80002010390020B9
:10A1200040800020F805002080969800F60000206E
:10A1300044A60020054B0648064980ED000A00228F
:10A1400083ED000A0A605A631A61704710390020D3
:10A1500040800020F80500200B490C4A10B500246F
:10A160000C700B4950680B4C0B4A206000230B60AD
:10A170000A4913600B6053631361EEF7A5F8084CAE
:10A18000C4E90E0110BD00BF4480002048800020BB
:10A19000408000203C80002010390020F80500207D
:10A1A000402D002010B51248124CB7EE000AF0F70F
:10A1B0005DFC114B114893ED000AF5EE007A20EE9C
:10A1C000270AF0F753FC0E480E490F4A00234FF0C0
:10A1D000000C84F800C003600B60136010F086F977
:10A1E000FFF73EFFBDE810404FF4FA70F7F7BCBB35
:10A1F000BC7D00202C80002030000020F07E00205C
:10A20000248000202880002028110020F0B5514E25
:10A2100091B000236FF00D02CDE90C33CDE90E3380
:10A2200000920F4696F820400546F7F7D3FA4A4BBE
:10A23000DFED4A7AD3ED015A93ED006A93ED027A8D
:10A24000474B484A93ED025AD3ED016A12780190C8
:10A2500027EE277A25EE275ABDEEC77ABDEEC55AFE
:10A260008DED077A93ED007A3F4B8DED0A5A93ED11
:10A27000005A029265EEA75A26EE276A66EEA76A92
:10A2800027EE277A65EE277A384A96F82130127839
:10A290000497FDEEE77AFDEEE55ABDEEC66AFDEEE7
:10A2A000E66ABDEEC77ACDED0B7A0392CDED055A85
:10A2B0008DED066ACDED086A8DED097AF3B1621E67
:10A2C00002F00F02B018B15C027C012B42EA0122BD
:10A2D0000C9213D0A21E02F00F02B018B15C027CE7
:10A2E000022B42EA01220D9208D0033C04F00F0435
:10A2F000315D3444227C42EA01220E921C4996F8D8
:10A300002020C9781B0643EA0123134328460F93F4
:10A3100009F0ECFB4A21284609F04EF94221284673
:10A3200009F04AF9FF21284609F046F9002128469C
:10A3300009F042F9ADF104040FAE54F8041F2846A9
:10A3400009F05AF9A642F8D1284611B0BDE8F0400C
:10A3500009F0DCBBA8800020587D002000007A4472
:10A360004C7D0020A87D0020BC0000207F3800200C
:10A37000206E030870B58448844C0278A568002AD2
:10A380004CD0834B1E78F7F725FA824BDFF828C2B2
:10A390001A68801A5A6861EB0201002284458A41DA
:10A3A000C0F0E0807C4B7D4A19787D4B107893F8A3
:10A3B00030208A4200F0D08093F8202083F83100CA
:10A3C00003EB020C9954013202F00F0283F82020B3
:10A3D00093F821208CF810000F2A9CBF013283F8DB
:10A3E000212083F830105A6AAA4234D0002229462C
:10A3F000304683F84020FFF709FF6A4A684B12781D
:10A400005D6202EB420204EB8202616992683046AF
:10A41000BDE87040C3E90A210BF044BA6149604BC2
:10A4200009785D6201EB410104EB8101646989688F
:10A4300099625949DC62594C0978247883F83010C4
:10A44000C3E90D22012183F831401A84DA6383F8CD
:10A450004020017070BD534A6069127802EB4202DD
:10A4600004EB82029C6A9268944202D1DC6A8442C4
:10A4700007D0C3E90A2030460BF014FA464B19788E
:10A48000474B032977D90739012976D8464A92EDF7
:10A49000016AB5EEC06AF1EE10FA01D5B1EE466A76
:10A4A000D3ED0E7ADFED416A9FED417A76EE675A81
:10A4B000B1EE085AE5EEA67ADFED3E5AD2ED026A19
:10A4C000C3ED0E7AF4EEC77AF1EE10FAD8BFB0EE13
:10A4D000677AE7EE055AF4EEC65AF1EE10FAF5EE99
:10A4E000C06A4CBF01210021F1EE10FA01D5F1EE56
:10A4F000666AD3ED0F7A9FED2D6A9FED2D7A93F862
:10A50000402076EEE75AE5EE867A9FED2A6AC3EDA3
:10A510000F7AF4EEC77AF1EE10FAD8BFB0EE677A90
:10A52000F1EE085AA7EE256AF4EEC66AF1EE10FACB
:10A5300027DC31BB8A4218BF013AD2B2022A83F823
:10A54000402087D929463046FFF760FE144B002291
:10A5500083F840205D6270BD93F8312082427FF421
:10A560002BAF40E7F7F736F90A4BC3E90001304655
:10A570000BF098F916E7012988D8002283F84020CB
:10A5800070BD0132D2B2D9E7EC800020A48E002049
:10A5900034900020A0800020A87D00207F3800207B
:10A5A000A8800020F70000204C7D0020CDCC4C3D41
:10A5B0009A99193ECDCCCC3D40420F0003061ED4E3
:10A5C000124BC0EBC00003EB80035A79C2B1104BB1
:10A5D00003EBC20393ED007AD3ED016AD1ED007A6B
:10A5E000F4EEC77AF1EE10FA02DA81ED007A7047E4
:10A5F000F4EEE67AF1EE10FA01DDC1ED006A704783
:10A6000093ED037AD3ED046AE8E700BF505F0308D7
:10A61000506D030810B5484C484A2378107882B032
:10A620000BB1052804D1053818BF012002B010BDB8
:10A63000434BDFF810C1DFF81CE1002218E093ED76
:10A64000037AD3ED046AB4EEE77AF1EE10FA29D872
:10A65000F4EEE67AF1EE10FAD4BF17EE901A16EE89
:10A66000901A60440132802AC0F8071022D01C33AF
:10A670001968002953D01879032858D0097807EEB3
:10A68000901AF8EE677A900059790029D7D00EEB2E
:10A69000C10191ED007AD1ED016AB4EEE77AF1EEF5
:10A6A00010FAD5D917EE101A60440132802AC0F88A
:10A6B0000710DCD1234B002203F6385053F8041B5B
:10A6C000834282EA0102F9D19CF8393D9CF8381D99
:10A6D000CDF800C059409CF83A3D59405140C2F372
:10A6E00007235940C2F30743594081EA12618CF8AD
:10A6F0003B1D154A40F63C530821012000F092FC16
:10A70000002893D0114B0093114A202308210020E8
:10A7100000F088FC002889D00023237086E70CEB2A
:10A7200082019000D1F8071007EE901AACE7D1ED46
:10A73000007A9000A8E700BF28810020A87D0020B3
:10A74000505F03083081002000400008088100208D
:10A7500000500008506D030838B55A4D044640F6C5
:10A760005122002128461AF0EDFB40220021A5F1DC
:10A77000DF001AF0E7FB002C71D0A5F2EA2E524858
:10A78000524900238EF80630AEF8043000F1FF3C49
:10A7900000F6FF554FF0FF331CF8012F5A4012F01E
:10A7A000010318BF0B4683EA520313F0010218BFDE
:10A7B0000A4682EA530212F0010318BF0B4683EAED
:10A7C000520313F0010218BF0A4682EA530212F044
:10A7D000010318BF0B4683EA520313F0010218BFAE
:10A7E0000A4682EA530212F0010318BF0B4683EABD
:10A7F000520313F0010218BF0A46AC4582EA530324
:10A80000CAD1DB43324ACEF80732CEF8002000230B
:10A8100010E0D0ED057AFCEEE77A17EE901A117091
:10A820000EEB830201334169C2F80710802B00F15F
:10A830001C0008D00268002AF2D001790329E8D16F
:10A8400041691160ECE71CB9224B1B788EF8E532A8
:10A85000214B01221A70BDE83840FFF7DBBE6522AC
:10A860002146A5F18B0045F89F4C45F89B4C45F8D7
:10A87000974C45F8934C45F88F4C1AF063FB174BF7
:10A88000174A1B6845F81A4CA5F2EA2E45F8164CF3
:10A89000CEF86432CEF86832CEF86C32114B45F8FF
:10A8A000124C45F80E4C45F81E4C45F8224C45F824
:10A8B000264C1470CEF8E032AEF8E642AEF8E8422C
:10A8C0005DE700BF1A840020505F03082083B8EDC5
:10A8D000E9BEEDFEF500002028810020146E03087B
:10A8E00008810020CDCC0C3F00B52D4A2D4B1278AD
:10A8F0009978C2F3400060F304119970197AC2F399
:10A90000001060F341011972597A62F3041159720F
:10A91000D97941F02001D971D978C2F3C00C6CF318
:10A92000C301D970597ADFF894C0C2F3401060F3C4
:10A93000861159721C491D484FEAD21EC2F380028B
:10A940000A705A7A6EF382025A72D9789A7AC1F3EF
:10A95000C00161F382029A729CF80020144902F04F
:10A96000010C81F800C01349C2F3C00C81F800C08B
:10A970001149C2F3801C81F800C0D97912F0100F80
:10A98000FFEE007AB7EE007AC2F3401218BFF0EE85
:10A99000477A62F38611C0ED007AD97100BD00BF1D
:10A9A000708E0020AC7D0020718E002008000020F9
:10A9B000748E0020738E0020728E00206F8E002017
:10A9C000404ADFED417A92ED006ADFED405AD2ED68
:10A9D000016A92ED027AB4EEE76AF1EE10FAB4EE93
:10A9E000E56ACCBF01230023F1EE10FA10B5D2EDD9
:10A9F000037A4FEAC31301D543F040039FED326A57
:10AA0000F4EEC66AF1EE10FA4FEA930302DD63F04A
:10AA10007F03DBB29FED2D6AF4EEC66AF1EE10FA09
:10AA200001D543F04003DFED286AB4EEE67AF1EE9B
:10AA300010FA4FEA930302DD63F07F03DBB2DFED30
:10AA4000236AB4EEE67AF1EE10FA01D543F0400342
:10AA50009FED1D7AF4EEC77AF1EE10FA4FEA9304F7
:10AA600002DD64F07F03DCB29FED187AF4EEC77A62
:10AA7000F1EE10FA01D544F04004F6F76FFF144AE6
:10AA8000137843B1012B05D1124B1B78A34210D090
:10AA90000023137010BD0F4B1978A142FAD04FF468
:10AAA000FA6110201C70F6F7C9FF094A01231370E0
:10AAB00010BD1020F7F718F80028EBD0044A022345
:10AAC000137010BD403000209999993E3333333FC5
:10AAD000EE800020ED8000202E4B1B78032B02D04F
:10AAE0000020FBF7B5BA10B5FFF76AFF2A4B1A78BA
:10AAF000022A04D0BDE810400020FBF7A9BA274A7B
:10AB00001278DD2A37D02FD87D2A3ED0BD2A37D102
:10AB10009FED236AF9EE046A224A234992ED9D7A59
:10AB2000D2ED9C7A37EE067A77EEA67A82ED9D7AA0
:10AB3000C2ED9C7A4FF0010214460A70FEF78AFAC1
:10AB40000020FBF799FA00210120FEF781FBF6F7C0
:10AB500005FF64211020F6F771FF14491620F6F75F
:10AB60006DFF0D4B1C70C5E7ED2A09D1DFED0C6AB6
:10AB7000B1EE046AD0E7DFED0A6AB9EE046ACBE70A
:10AB800000201870FBF764FAB4E79FED056AF1EE58
:10AB9000046AC1E7A87D0020EE800020ED8000203F
:10ABA000000000003081002028810020C0D4010076
:10ABB0000020FFF7D1BD00BF10B52DED028BF7F7D8
:10ABC00071FF494B1B78DA1F012A12D90B2B10D0C9
:10ABD000464B1C78A4F10D03052B2FD9A4F11403C7
:10ABE000012B64D9A4F11603022B94BF0321002189
:10ABF00025E03F4B3F4AD3ED007A3F4B11683F4C75
:10AC00001C64F1EE677A4FF07C520020C3ED067AA7
:10AC10009A63D863D962F3F7E5FBF6F7D5FD384AB6
:10AC2000384B127807EE902AF8EE677AC3ED137A64
:10AC30002E4B1C78A4F10D03052BCFD80121324BEC
:10AC4000DFED327A324A03EB840393ED008A314B15
:10AC5000117028EE278AB0EE480A83ED008A16F0BC
:10AC600015F92D4B83ED000AB0EE480A16F0CEF828
:10AC70002A4B2B4993F85F2281ED000A012A18D054
:10AC8000284B00221A70FFF72FFE274B9B7853B1F9
:10AC90009FED117B254A2649264BBDEC028B81EDA9
:10ACA000007B1A6010BD9FED0E7B234AF3E7022163
:10ACB000C5E793F8E512A14209D02048FF2183F8A7
:10ACC0005F12417921F0100141711D490A7083F82A
:10ACD000E542D5E7AFF30080E80300000000000084
:10ACE000D007000000000000A87D0020F500002033
:10ACF000B8380020F4800020103900200000A04067
:10AD000001810020402D0020F456030835FA8E3CC6
:10AD1000758E0020D4100020D0100020308100203B
:10AD20004C0000208C7D0020206E03086F12833AB7
:10AD3000E0000020A47D00206F12033BAC7D0020CA
:10AD40002881002038B58448844A202100F01EF96B
:10AD50008248034600F1200102E08B4200F0888027
:10AD60001A78FF2A03F10103F7D00023C3777C4C44
:10AD70007B4A7C4840F63C5100F008F9234604F633
:10AD80003C5102E0994200F089801A78FF2A03F1D1
:10AD90000103F7D0744B22689A426CD1DFF8E8E1E6
:10ADA000D4F8075271490EF1FF300EF6FF5C4FF0F8
:10ADB000FF3310F8012F5A4012F0010318BF0B4661
:10ADC00083EA520313F0010218BF0A4682EA5302D3
:10ADD00012F0010318BF0B4683EA520313F001027D
:10ADE00018BF0A4682EA530212F0010318BF0B464D
:10ADF00083EA520313F0010218BF0A4682EA5302A3
:10AE000012F0010318BF0B4683EA520313F001024C
:10AE100018BF0A46604582EA5303CAD1DB439D420C
:10AE200043D14F4B002203F6385053F8041B8342A2
:10AE300082EA0102F9D194F8391D94F8383D4B406B
:10AE400094F83A1D4B405340C2F307214B40C2F3E4
:10AE500007414B4083EA126394F83B2DDBB29A42E0
:10AE60002AD00423002084F8E432FFF775FC08E0C0
:10AE7000002303707BE70223002084F8E432FFF70D
:10AE80006BFC3B4A3B491278CB78C2F3C00262F3B9
:10AE9000C303CB70BDE83840FFF78EBE052300200A
:10AEA00084F8E432FFF758FCEBE70323012084F831
:10AEB000E432FFF751FCE4E72F4D002327E0DEEDFD
:10AEC000037ADEED046AB4EEE77AF1EE10FA22447A
:10AED00008DBB4EEE67AF1EE10FAD4BFF0EE477A72
:10AEE000F0EE667A9EF80400032817EE90CA18BFA9
:10AEF000FCEEE77AC2F807C016BF17EE902AC1ED44
:10AF0000007A0A700133802B0EF11C0E15D0DEF88A
:10AF1000001004EB83020029F4D0D2F807209EF839
:10AF2000050007EE102A9A000028C8D005EBC000E3
:10AF3000D0ED007AD0ED016AC5E7104B1B781A1FDF
:10AF4000012A05D923B10E480E4A03700121117060
:10AF5000012384F8E43294E70050000808810020BF
:10AF60003081002000400008E9BEEDFE2083B8EDEE
:10AF7000708E0020AC7D0020506D0308C5A000201D
:10AF80006C8E002028810020505F030881B34B1E87
:10AF9000052B70B502F1FF33154620D91A1A022A83
:10AFA0001DD921F003048E0802190346A5EB000EFB
:10AFB000D3F800C04EF803C004339342F8D1A14245
:10AFC0000CD01B7805F82630631C994206D9023450
:10AFD000C25CEA54A14201D9035D2B5570BD01301A
:10AFE0001944401BC25C03F8012F8B42FAD170BD9B
:10AFF000704700BF10B582B0044614F0D5FCF320B2
:10B0000014F0EAFC0221204614F036FD019014F001
:10B01000DBFC0198A0F10800B0FA80F0400902B012
:10B0200010BD00BF2DE9F04190461D4670B10C46A1
:10B0300014F0BAFCF32014F0CFFC0221204614F0E7
:10B040001BFD044614F0C0FC082C1AD114F0ACFC13
:10B05000F32014F0C1FCBDB1069B08F104061C1FCF
:10B06000F61AC3F1040701E09D420DD9301954F8D6
:10B07000041F14F031FD082807EB0403F4D014F08A
:10B08000A3FC0020BDE8F08114F09EFC154B1A686B
:10B0900022F480621A601A6842F480521A601A68B8
:10B0A00022F480521A60BFF34F8FCDB1069B069AEF
:10B0B000013B08F101001D44801A01E0AB420FD0B2
:10B0C000C25C13F8011F52B28A42F7D00020054A31
:10B0D000136843F480631360BFF34F8FBDE8F081C2
:10B0E0000120F4E7003C02403A4AC0EBC00100B541
:10B0F00002EB810203465068828A85B092B20292C6
:10B10000029A029A12F4E06F12D1828A324903EB5A
:10B110004303DB0001EB030C22F470624FF0010EDD
:10B12000828201F803E000238CF8013005B000BDF5
:10B13000B0F818C0019300221FFA8CFC4FF4806114
:10B140000090CDF80CC014F025FC029A12F4007F98
:10B15000DDE90003D9D102889105D6D40288D20551
:10B1600017D547F2305201E0013A22D00188C905D3
:10B17000FAD447F2305201E0013A02D00188890541
:10B18000FAD401210193009014F0E0FBDDE9000303
:10B19000BBE701210193009014F0D8FBDDE9000327
:10B1A00047F2305201E0013AAFD001888905ACD5B1
:10B1B000F9E703EB43030849DB004FF0010C01F80A
:10B1C00003C00B444FF4E0615A7005B05DF804EB26
:10B1D00014F0E0BB406F03081C8F0020B54AC0EBA1
:10B1E000C00302EB83032DE9F0435D68AB8A13F0E3
:10B1F000010187B0044673D113F0020C45D0BFF3B0
:10B200005F8FAD4F00EB400807EBC8084600B8F869
:10B210000E309BB2012B00F02B812B8B8DF8173059
:10B22000BFF35F8F06EB040807EBC808C4EBC40349
:10B2300002EB8302B8F80E3055689BB2022B00F087
:10B240003F8106EB040807EBC808B8F80E309BB244
:10B25000032B07D198F80B3023B198F80830002B56
:10B2600040F03C8101224FF48061284614F092FBAB
:10B27000331907EBC303DB89904A9BB212570133A2
:10B280009A421CD007B0BDE8F08313F0040261D1EC
:10B29000DFF8288218F9001013F04000814640F0D2
:10B2A00045811A06844F00F1878104EB4403660050
:10B2B00007EBC303DB899BB201339942E2D1331917
:10B2C00007EBC30300221A725B7A002B40F0EC807C
:10B2D000264407EBC6060023737007B0BDE8F08371
:10B2E0002B88DFF8D881744F23F400632B80012171
:10B2F000284614F03FFB002308F8043004EB440315
:10B3000007EBC3036600DA7A002A6BD01A7A002AA8
:10B3100065D0331907EBC30301221A72DB899BB294
:10B32000022B03D12B8843F400632B80331907EBE6
:10B33000C3030122197B0093284614F011FB009BE4
:10B34000DB8918F904209BB201339A42B7D007B0C9
:10B35000BDE8F083584F00EB400307EBC303012225
:10B360005A724600D87A002850D0197A00294DD058
:10B37000D98989B2022900F25E815B7A114628469A
:10B38000002B00F0558114F0E1FADFF83081331919
:10B3900007EBC30318F904205969009202F1010C6C
:10B3A0002846CDE9011308F804C014F0EFFADDE9EE
:10B3B0000021029B88545A6918F904300192591CE3
:10B3C0002846009308F8041014F0E0FADDE9003292
:10B3D000D05418F80430013308F8043034E05B7BB3
:10B3E000FF2B96D0331907EBC3030022197B009380
:10B3F000284614F0B5FA009B5A7BFF2AA0D0DB89BF
:10B40000FF2208F8042007B0BDE8F08306EB04082B
:10B4100007EBC80898F8083023B998F80A30002BD1
:10B4200000F0B880331907EBC30301215B7A28468B
:10B43000002B00F0AC8014F089FADFF8808018F857
:10B440000430013308F8043047F2305201E0013A89
:10B450004DD02B88D905FAD4331907EBC30318F95B
:10B460000420DB899BB201339A427FF40BAF26E7BD
:10B4700098F80B0000283FF4D0AE98F80800002898
:10B480003FF4CBAE2846009314F074FABFF35F8FFD
:10B490002A8B00998DF81720284614F057FA009B44
:10B4A00088F809301A461AE028464FF4407114F023
:10B4B00071FA0DE7406F03081C8F0020788E002082
:10B4C00098F80B30002B3FF4BCAE98F80830002BF6
:10B4D0003FF4B7AE0021284614F04CFA00224FF496
:10B4E0008061284614F056FAB8F80E30C4E63119D7
:10B4F00007EBC10C18F90400BCF80E309BB2013305
:10B5000098424FEAC1013FF4DAAEDCF8043001336F
:10B51000CCF8043001237B5428464FF4E0618CF8CA
:10B52000012007B0BDE8F04314F034BA5C4F039239
:10B5300004EB440307EBC303481C5A6908F80400F2
:10B540002846CDE90023029114F020FA009A0299CE
:10B55000019B505418F90410DB89039A9BB2C81C54
:10B5600083424FEA44061FD0331907EBC303DA893D
:10B57000DB8992B28A427FF49EAE4A1C9BB252B2E1
:10B5800001339A4208F804207FF47CAE97E614F069
:10B59000D3F952E70121284614F0CEF9012388F8A7
:10B5A0000830DFF800814FE74FF48061284614F03F
:10B5B000F1F918F90410D7E74B1C1ED004EB440333
:10B5C00007EBC3034A1C08F804201A690093515C76
:10B5D000284614F0D9F9009B18F90410DA8992B2C0
:10B5E0008A424FEA44067FF465AE4A464FF48061D2
:10B5F000284614F0CFF9009BA2E604EB440307EBC6
:10B60000C30308F80400597B0093284614F0BCF9E2
:10B61000009BDA7A660022B9DA8992B2002A7FF4B6
:10B620008FAE00224FF48061284614F0B3F913E77F
:10B6300014F082F9A9E6DFF86C8000936146284691
:10B6400014F098F9009B18F904105A69029101F15D
:10B65000010C2846CDE9002308F804C014F096F93F
:10B66000009A029950542846012114F06FF9019B69
:10B6700001225A72596918F90430019103EB020C46
:10B680002846009308F804C014F080F9DDE9003181
:10B690000122C8544FF48061284614F07BF9D3E6A8
:10B6A0001C8F0020788E002070B505463E483F4E26
:10B6B00000EB051082B0C4783D4804EB440EC4EBA7
:10B6C000C40C00EB8C0006EBCE0C4FEACE0E8CF8CF
:10B6D0000C108CF80D20012100228CF80A20406803
:10B6E0008CF80B108CF808208CF8092006F80E2036
:10B6F000069ACCF81420CCF81020ACF80E308CF858
:10B70000011083889B0514D40388D9050CD447F213
:10B71000305301E0013B3BD002889205FAD401216D
:10B72000019014F009F9019804EB4403DB00F35C89
:10B7300043B304EB4401C80047F2305306EBC101A8
:10B7400001E0013B04D04A78002AFAD1335CB3B15E
:10B7500004EB440306EBC30300265E705A68013213
:10B760005A60144B05EB450503EB850320469A68A8
:10B7700001329A6000F09EFD304602B070BD01209B
:10B7800002B070BD01224FF4407114F003F9D0E70C
:10B7900004EB4403DB000122F25404EB4403DB001E
:10B7A000F35C002BC5D1EDE7848F00201C8F0020B7
:10B7B000406F0308A48E0020F0B5A1B01C06DDF890
:10B7C00098E07FD406465B485B4D00EB0610C478DA
:10B7D00004EB440005EBC00CC0008CF80C108CF896
:10B7E0000D20012100228CF808208CF809208CF80B
:10B7F0000A108CF80B202A54CCF810D06A46CCF8EA
:10B8000014D0ACF80E308CF801106BB3591E05291A
:10B810007AD90DF1FF31A1EB0E000228714673D9E0
:10B8200003F0FC0CF44451F8040B42F8040B61459E
:10B83000F9D19F0718D003F0FC02511C0DEB020058
:10B84000C9B21EF802C080F800C08B420CD9023287
:10B850000DEB0100D2B21EF801100170934203D922
:10B860001EF802306A441370344BC4EBC40203EB7D
:10B87000820337465E68B388980526D504EB4401F9
:10B88000C80047F2305305EBC10101E0013B05D090
:10B890004A78002AFAD12B5C002B32D0284A04EBDC
:10B8A000440305EBC30307EB470102EB81020021D0
:10B8B00059705D6891680135013120465D60916085
:10B8C00000F0F8FC002021B0F0BD3388D9050BD47E
:10B8D00047F2305301E0013B1FD032889205FAD481
:10B8E0000121304614F028F804EB4403DB00EB5C44
:10B8F000002BC3D1012230464FF4407114F04AF8B6
:10B90000BCE7012021B0F0BD7146734411F8010B72
:10B9100002F8010B9942F9D1A6E704EB4403DB00DE
:10B920000122EA5404EB4403DB00EB5C002BA5D1BD
:10B93000E0E700BF848F00201C8F0020406F0308C9
:10B94000A48E0020574B93F830203AB956495748F7
:10B95000CB79026062F30413CB71704770B584B089
:10B96000F5F738FF4F4B524A93F83130012BC2E9BB
:10B97000020168D0022B53D0002B74D14A4C4B48A3
:10B98000E2794C4901934FF4803CC0F800C042F08A
:10B99000100220200860E27118464FF0FF350DF1CB
:10B9A0000F0201218DF80F50F5F740FA55210DF1E6
:10B9B0000F028DF80E1001989DF90F608DF80F5051
:10B9C0000121F5F733FA9DF90F209DF90E109142F0
:10B9D0005DD1FF230DF10F02012100208DF80F3002
:10B9E000F5F724FAFF230DF10F02012100209DF944
:10B9F0000F408DF80E608DF80F30F5F717FA9DF9AE
:10BA00000F309DF90E209A4236D12749A4F15502F4
:10BA1000CB79B2FA82F2520962F30413CB7110E0CF
:10BA2000244B22494FF480724FF4003C30201A60BE
:10BA3000C1F800C0FFF7DEFA1B4AD37960F30413A4
:10BA4000D37104B070BD1B4B18494FF480724FF492
:10BA500000001A600860EEF73FFE134AD37960F3E6
:10BA60000413D371EDE7104A1048D379002161F334
:10BA700004130160D371E4E70B4BDB79DB06C4D51B
:10BA80000DF10E0201210020F5F796F9BDE7E279EC
:10BA9000D2069ED501980DF10E020121F5F78CF921
:10BAA00097E700BF206E0308AC7D0020808F002048
:10BAB000B02F00207C8F0020F0B585B0CDE9023298
:10BAC00004460D46F5F786FE0F46264901EB0411A4
:10BAD00006468878DDE9023240B129462046EFF774
:10BAE00041FD034663B9184605B0F0BD09790093DE
:10BAF000204613462A46FFF7D7FD0346002BF2D017
:10BB00000293F5F767FE801B61EB0701EDF724F860
:10BB1000154A029B04EB440102EB810191ED007A8E
:10BB200007EE900AB5EE407AF1EE10FA04EB440409
:10BB300014BF37EE877AB0EE677A02EB8402FCEE30
:10BB4000E77A506817EE901A1CBFF6EE006A27EEEF
:10BB5000267A8142184682ED007A88BF516005B08E
:10BB6000F0BD00BF848F0020A48E0020F0B585B00A
:10BB7000CDE9023204460D46F5F72CFE0F46264964
:10BB800001EB041106468878DDE9023240B129460E
:10BB90002046EFF7CDFD034663B9184605B0F0BD6A
:10BBA00009790093204613462A46FFF705FE03460F
:10BBB000002BF2D00293F5F70DFE801B61EB07011D
:10BBC000ECF7CAFF154A029B04EB440102EB81012A
:10BBD00091ED007A07EE900AB5EE407AF1EE10FA98
:10BBE00004EB440414BF37EE877AB0EE677A02EBB9
:10BBF0008402FCEEE77A506817EE901A1CBFF6EE4E
:10BC0000006A27EE267A8142184682ED007A88BFC4
:10BC1000516005B0F0BD00BF848F0020A48E0020CD
:10BC2000F0B585B004460D46F5F7D4FD264B03EB81
:10BC3000041306469A780F465AB10DF10F032946B0
:10BC400001222046EFF78EFC70B99DF80F0005B079
:10BC5000F0BD19790DF10F0300932A460123204608
:10BC6000FFF722FD0028F0D0F5F7B4FD801B61EB53
:10BC70000701ECF771FF154B04EB440203EB820262
:10BC800092ED007A07EE900AB5EE407AF1EE10FAE6
:10BC900004EB440414BF37EE877AB0EE677A03EB07
:10BCA0008403FCEEE77A596817EE902A1CBFF6EE83
:10BCB000006A27EE267A8A4283ED007A88BF5A60AE
:10BCC0009DF80F0005B0F0BD848F0020A48E0020E9
:10BCD000F0B585B004468DF80F200D46F5F77AFDD6
:10BCE000274B03EB041306469A780F465AB10DF121
:10BCF0000F03294601222046EFF71AFD034673B9C8
:10BD0000184605B0F0BD19790DF10F0300932A46CE
:10BD100001232046FFF750FD0346002BF0D002938D
:10BD2000F5F758FD801B61EB0701ECF715FF154A8D
:10BD3000029B04EB440102EB810191ED007A07EED6
:10BD4000900AB5EE407AF1EE10FA04EB440414BF09
:10BD500037EE877AB0EE677A02EB8402FCEEE77A80
:10BD6000506817EE901A1CBFF6EE006A27EE267A8E
:10BD70008142184682ED007A88BF516005B0F0BD5F
:10BD8000848F0020A48E0020F0B585B004460D46B7
:10BD9000F5F720FD264B03EB041306469A780F4671
:10BDA0005AB10DF10F03294601222046EFF7DAFBC5
:10BDB00070B99DF80F0005B0F0BD19790DF10F03B2
:10BDC00000932A4601232046FFF76EFC0028F0D09E
:10BDD000F5F700FD801B61EB0701ECF7BDFE154B8D
:10BDE00004EB440203EB820292ED007A07EE900A24
:10BDF000B5EE407AF1EE10FA04EB440414BF37EECE
:10BE0000877AB0EE677A03EB8403FCEEE77A596831
:10BE100017EE902A1CBFF6EE006A27EE267A8A42B9
:10BE200083ED007A88BF5A609DF80F0005B0F0BD21
:10BE3000848F0020A48E00202DE9F0412A4C04EBD1
:10BE4000001484B094F802C0BCF1000F04D004B018
:10BE5000BDE8F041FFF730BE1E46CDE902120546AF
:10BE6000F5F7B8FC884621790096DDE902230746FC
:10BE700001F0FE012846FFF717FC044618B92046DA
:10BE800004B0BDE8F081F5F7A5FCC01B61EB08012B
:10BE9000ECF762FE154B05EB450203EB820292EDD7
:10BEA000007A07EE900AB5EE407AF1EE10FA05EB53
:10BEB000450018BF37EE877A03EB800308BFB0EE6A
:10BEC000677AFCEEE77A596817EE902A1CBFF6EE07
:10BED000006A27EE267A20468A4283ED007A88BFE0
:10BEE0005A6004B0BDE8F081848F0020A48E002049
:10BEF000F0B587B004468DF817200D46F5F76AFCBB
:10BF0000274B03EB041306469A780F465AB10DF1FE
:10BF10001703294601222046EFF70AFC034673B9AE
:10BF2000184607B0F0BD19790DF1170300932A46A2
:10BF300001232046FFF740FC0346002BF0D003937B
:10BF4000F5F748FC801B61EB0701ECF705FE154A8D
:10BF5000039B04EB440102EB810191ED007A07EEB3
:10BF6000900AB5EE407AF1EE10FA04EB440414BFE7
:10BF700037EE877AB0EE677A02EB8402FCEEE77A5E
:10BF8000506817EE901A1CBFF6EE006A27EE267A6C
:10BF90008142184682ED007A88BF516007B0F0BD3B
:10BFA000848F0020A48E00202DE9F04F89B0002A54
:10BFB00064D0984613440493A1EB08030393324BD7
:10BFC00000EB4002054603EB82094FF0010B0DF137
:10BFD0001F07039B08EB030218F8013B8DF81F3085
:10BFE0005FFA82FAF5F7F6FB284B0E4603EB0511D4
:10BFF000044688783B4678B1514601222846EFF73F
:10C0000097FB034693B903EA0B0B049B4345E0D12E
:10C01000584609B0BDE8F08F0979009701235246D0
:10C020002846FFF7C9FB0346002BECD00593F5F734
:10C03000D1FB001B61EB0601ECF78EFD99ED007A58
:10C04000D9F80410059B07EE900AB5EE407AF1EEA0
:10C0500010FA18BF37EE877AF0EE676AFCEEE77ADF
:10C06000B6EE006A17EE902A18BF67EE066A8A429B
:10C07000C9ED006A88BFC9F80420C4E74FF0010B7E
:10C08000584609B0BDE8F08FA48E0020848F0020B0
:10C090008188006813F0CEBF0368828809B11A83D3
:10C0A00070475A83704700BF0268838851694B40CC
:10C0B0005361704730B5044683B068460D4613F0AF
:10C0C000B3FF23782289009283B1B5FA85F35B0927
:10C0D0004FF0000C4FF4807260688DF804306946B0
:10C0E0008DF805C0ADF8062013F04CFF03B030BD4D
:10C0F00030B500248DB021464FF08040CDE9044496
:10C10000069413F00FFF0121084614F06DFB04A8FC
:10C1100013F05AFD07A813F049FE214813F0F4FE6E
:10C120004FF4817304A8ADF8053013F04DFD4FF6C0
:10C13000FF72532302A801250592ADF8103013F0C9
:10C1400073FF184B1848039302A9029513F01AFFC6
:10C150002A462146144813F077FF1C2301A88DF8C6
:10C1600004308DF8075014F0A7F804A94FF0804070
:10C1700013F0D2FC0A4813F0C7FE09494FF0804083
:10C180000C8013F037FE2A4602214FF0804013F056
:10C19000D9FE29464FF0804013F01EFD0DB030BD92
:10C1A0002490002002030001000002402DE9F04726
:10C1B0003C493D4F0B7AC0EBC00223F0080382B02C
:10C1C0000B7217F8223007EB820413B902B0BDE8F6
:10C1D000F0878246684613F027FFA568A689334B8F
:10C1E000019369462846009613F0CCFE2369A48A81
:10C1F000009418466946984613F0C4FE3146284616
:10C2000013F01EFF2146404613F01AFFA1460924F1
:10C210003146284613F016FF0520F5F719FB314685
:10C22000284613F00DFF0520F5F712FB631E13F0EF
:10C23000FF04EDD14946404613F004FF0520F5F711
:10C2400007FB3146284613F0FDFE0520F5F700FBFD
:10C250003146284613F0F4FE0520F5F7F9FA494671
:10C26000404613F0EDFE124B0193694628460096B6
:10C2700013F088FECAEBCA0307EB830728463C7E0F
:10C28000F989224613F0E0FE69464046CDF8009059
:10C2900013F078FEF98A2246404613F0D5FE02B02C
:10C2A000BDE8F087AC7D0020406F0308010201016A
:10C2B0000202010130B55F4BC0EBC00203EB820408
:10C2C00013F8223089B00BB909B030BD227EE18964
:10C2D00001920546A06813F0B7FE019AE18A206931
:10C2E00013F0B2FE2846FFF761FF022D5AD0032D4E
:10C2F0002DD0012D40F0818029464FF4001014F01C
:10C3000073FA4D4813F05EFA04A813F0FDFA002208
:10C3100049484FF4407113F03DFB484B46480493A5
:10C3200004A913F085FA2946434813F0FBFA4FF4A9
:10C33000A06013F0B7FF424B039303A813F0BCFFB8
:10C340001F2303A88DF80C3013F0B6FFBCE70121C2
:10C350004FF4000014F048FA3A4813F033FA04A8F6
:10C3600013F0D2FA002237484FF4407113F012FB59
:10C37000324B3448049304A913F05AFA012131488E
:10C3800013F0D0FA4FF4A06013F08CFF2E4B039300
:10C3900003A813F091FF482303A88DF80C3013F085
:10C3A0008BFF91E701214FF4800014F01DFA27481C
:10C3B00013F008FA04A813F0A7FA002223484FF458
:10C3C000407113F0E7FA1D4B2048049304A913F0C1
:10C3D0002FFA01211D4813F0A5FA4FF4A06013F0C5
:10C3E00061FF1B4B039303A813F066FF212303A8EF
:10C3F0008DF80C3013F060FF66E76468204613F098
:10C40000E1F904A813F080FA002220464FF44071AD
:10C4100013F0C0FA094B049304A9204613F008FA5C
:10C420002046012113F07EFA4FF4A06013F03AFF8A
:10C430004AE700BF406F030800540040801A06001E
:10C4400020000001005C004049000001005800404D
:10C45000220000012DE9F041514B420103EB401550
:10C460009B5C8AB013B90AB0BDE8F0816C6801909A
:10C47000204614F0D3F803A813F0D6FDAB6840F2C1
:10C4800002221846ADF8102003A9AA8903921F467C
:10C4900013F078FD2A69164603A9AA8A039230464A
:10C4A00013F070FDAA691346184603A99046AA8B9B
:10C4B000039213F067FD019B022B59D0032B3FD051
:10C4C000012B16D119464FF4805014F099F96420CD
:10C4D000F5F7BEF905221146384613F0B5FD0522E1
:10C4E0000621304613F0B0FD05220721404613F027
:10C4F000ABFD05A814F0EEF800252A4BCDF81E3050
:10C500004FF4827205A92046ADF81620CDF81A50D6
:10C5100014F0BAF82946204614F0F4F80121204618
:10C5200014F0E0F80221204614F0F6F80028F9D0C3
:10C53000204614F0E1F88DF80B000AB0BDE8F08158
:10C5400001214FF4004014F04FF96420F5F780F911
:10C55000384606220A2113F077FD304606220B21C9
:10C5600013F072FD06220C21404613F06DFDC0E76A
:10C5700001214FF4804014F037F96420F5F768F991
:10C58000384605220D2113F05FFD304605220E21AD
:10C5900013F05AFD05220F21404613F055FDA8E780
:10C5A000C06E030800023000F0B589B090F800C0FA
:10C5B00004460020CDE90300CDE905000790BCF159
:10C5C000000F01D109B0F0BD68461F4616460D4662
:10C5D00013F02AFD03238DF8053023890093237B74
:10C5E0008DF80430637B8DF806306068A37B8DF88E
:10C5F0000730694613F0C6FC237C002BE2D094F888
:10C6000020206189606813F01FFD03A813F0CEFBA2
:10C61000334A03920422ADF81020238B059702229F
:10C62000ADF818204FF48072ADF81C200C2B10D8F8
:10C63000DFE803F04D0F0F0F440F0F0F070F0F0F21
:10C640003B00606903A913F047FB6069082113F000
:10C65000C3FB684613F0B8FA6069224B984212D0C7
:10C6600003F5806398420ED003F5705398420AD0C8
:10C6700003F58063984206D003F58063984202D0A8
:10C680006908013900E0691E721EADF80010012131
:10C69000019213F0A1FA6069694613F03DFA6069EE
:10C6A000012113F03FFC09B0F0BD606903A913F04C
:10C6B0004FFB6069082113F095FBCAE7606903A985
:10C6C00013F0CEFA6069082113F07EFBC1E76069C0
:10C6D00003A913F08BFA6069082113F06FFBB8E728
:10C6E000700001000000014040B1062806D034224D
:10C6F000134B02FB00F01A181B5C03B9704710B50E
:10C70000536886B01846019100211C46009213F030
:10C7100069FE02A813F05CFE009A019BD08BADF875
:10C720000E00928B029302A92046ADF8102013F060
:10C73000F3FD0121204613F055FE06B010BD00BFE9
:10C74000B06F03082DE9F0433423914D00FB03F350
:10C7500099B0EB5C04465BB10F4606281DD8DFE8B4
:10C7600010F010001800DA00E000E600EC000C0009
:10C77000884A135419B0BDE8F083864B01229A71A0
:10C78000F8E7844B01221A7019B0BDE8F04302F0BB
:10C79000DFBC0121102014F033F803A813F044FC8F
:10C7A000342303FB045340F202229868ADF81020B2
:10C7B00003A99A8901930392009013F0E3FBDDE94A
:10C7C000000393F82120D9890093164613F03CFC0E
:10C7D000009B9A8A9046002A40F0CC8005A813F06E
:10C7E000F7FD342303FB045305A99A6958680592A1
:10C7F000DA8BADF81A209A8B009306468146ADF885
:10C800001C2013F089FD009B634A644893F82010B4
:10C8100040F2012EADF809E04FF0000C4FF0010E90
:10C820008DF80BE022F814C05D4A20F814C022F8FD
:10C8300014C0002900F0878009A8009313F0DAFCE7
:10C84000009B1A6B4FF480630F930D934FF480336A
:10C8500013931046331D90461E460A9313F008FCAE
:10C86000404613F0E9FC0028FAD1342303FB0455B9
:10C870004C4B0C9003EB84230B936B6A099309A92F
:10C880004FF48073404612930A9613F081FC012105
:10C89000404613F0C1FC01224021484613F0B4FD8C
:10C8A000404613F0C5FC404BC0F5806023F81400EF
:10C8B0003E4B23F8140095F82C308DF8083002A870
:10C8C00013F0FAFCAB6A18461E4613F0D1FB304653
:10C8D00013F0B2FC05460028F9D1402309A91290B3
:10C8E00030460C9313F054FC2946304613F09EFC5E
:10C8F00001223046102113F0A3FC0122802148467A
:10C9000013F082FD234B01211F55484613F06AFDA9
:10C9100019B0BDE8F08301214FF4003013F064FF3B
:10C920003BE701214FF4802013F05EFF35E7012142
:10C930004FF4002013F058FF2FE701214FF480102F
:10C9400013F052FF29E7184A93F8223022F8141006
:10C95000164A02A822F814108DF8083013F0ACFC27
:10C96000B8F1000FCED0012240F22551304613F02D
:10C9700055FDC7E71869039203A9CDE9000313F039
:10C9800001FB019B0098D98A324613F05DFB25E735
:10C99000B06F03082444002064600020746000200D
:10C9A000846000204C4400202C4400203C440020A3
:10C9B000704700BF704700BF30B52E489BB013F0E2
:10C9C00057FB2C4813F038FC04460028F9D10BA87B
:10C9D00013F010FC284B294A0C934FF480630D92FE
:10C9E00011934FF400624FF40053CDE912234FF43A
:10C9F000807C4FF4003306251E480B940BA9CDE92B
:10CA000014C3CDE90F5413F0C3FB012119481C4C8A
:10CA100013F002FC01A813F085FD01A813F06CFDD2
:10CA200005A813F05FFD40F2011316488DF8285059
:10CA300005A9ADF8183013F02DFD04F1D80594F8D0
:10CA40002020217C60680223243413F07BFDAC425B
:10CA5000F5D10C48012113F0D7FD0A48012113F04C
:10CA6000C9FD0121074813F063FD064813F0BCFD22
:10CA70001BB030BD106402404C20014080380020C3
:10CA80001C710308002001402DE9F041B848B94C61
:10CA900084B0012113F090FE0121002013F098FED4
:10CAA000B548012113F0A0FEB448012113F0A8FEFF
:10CAB00001214FF4001013F07FFE01214FF480009C
:10CAC00013F07AFE01211F2013F076FE13F0D6FE3C
:10CAD000684613F0A9FA4FF6FF720323A8480092A4
:10CAE00069468DF8043013F04DFAA648694613F0F4
:10CAF00049FAA548694613F045FAA448694613F077
:10CB000041FA6946A24813F03DFA4FF4A06013F0D1
:10CB1000C9FBA04B012108461960FFF713FE9E4B8D
:10CB20001A78002A40F08281A3799C490A2062F396
:10CB300082030860A371E379994A914E032043F080
:10CB4000020300211060E371FFF7FCFD954B042008
:10CB5000012118600825FFF7F5FD02A813F064FA1B
:10CB600040F201340DEB05018548CDE9025413F084
:10CB700009FA75830DEB050013F056FA10253046BF
:10CB800002A9CDE9025413F0FDF9758302A813F050
:10CB90004BFA4FF4006502A97A48CDE9025406F534
:10CBA000806613F0EFF9758302A813F03DFA4FF495
:10CBB0008055304602A9CDE9025413F0E3F97A4CCE
:10CBC00075837A4EF9F7A0FA06F1A005A6469EE80D
:10CBD0000F0086E80F001036B5420EF1100EF6D1A8
:10CBE00002A813F021FA724E6948724D0396102381
:10CBF00002A9029313F0C6F902A813F015FA4FF038
:10CC0000020802A96248CDE9028513F0BBF902A827
:10CC100013F00AFA4FF4007702A95A4803950297D5
:10CC200013F0B0F902A813F0FFF9202302A9584825
:10CC30000293039613F0A6F902A813F0F5F902A9DE
:10CC4000534803964FF40046029613F09BF902A84E
:10CC500013F0EAF902A94B48CDE9026513F092F905
:10CC6000F9F7CAF9474B40265E8302A8FF3D13F04F
:10CC7000DBF902A942480297039513F083F9404B70
:10CC800002A85F8313F0D0F94FF4807702A93C48E3
:10CC90000297039513F076F9394B02A85F8313F0DE
:10CCA000C3F9802702A936480297039513F06AF961
:10CCB000334B02A85F8313F0B7F902A93048CDE9DE
:10CCC000026513F05FF92E4B02A85E8313F0ACF9F6
:10CCD00002A92C48CDE9026513F054F9294A02A8AB
:10CCE000568313F0A1F902A92648CDE9027513F085
:10CCF00049F9244A02A8578313F096F902A9244857
:10CD0000CDE9026513F03EF9214A02A8568313F0DB
:10CD10008BF902A91E48CDE9027513F033F91C4ABC
:10CD200002A85783164F13F07FF9012602A9144871
:10CD30000395029613F026F902A87E8313F074F986
:10CD400002A93846CDE9028513F01CF91A4BA7F861
:10CD50001A801B78434503D0184B1B781A2B62D1DD
:10CD6000174B00221A70F5F703FF164D2CE000BF99
:10CD70001F906700AC7D0020FFC9FE36335F0700BF
:10CD80000004024000080240000C02400010024073
:10CD900000000240349000208400002000000020A9
:10CDA0003C90002030900020206E0308848F0020EB
:10CDB00001030001000300010C000020F500002029
:10CDC000B8060020C06E03081F4F11E0FFF742FBBA
:10CDD00002A813F029F9A668A38902A93046CDE973
:10CDE000023713F0CFF8A38933831034AC420BD051
:10CDF0002378002BF9D0A378E078002BE6D110340B
:10CE0000FFF758FAAC42F3D10A20F4F7ADFDFFF773
:10CE1000D3FD0A20F4F7A8FD4FF4FA70F4F7A4FD4F
:10CE200004B0BDE8F081ECF70DFE9CE7074AA3795A
:10CE30000A211160064A022043F004030021A37175
:10CE40001060FFF77FFC76E6010200010000002081
:10CE50003890002000B5012183B0084613F0ACFCE7
:10CE600040F202334FF4C05269460D48CDE9002329
:10CE700013F088F80A480A220B2113F0E5F80A2279
:10CE800007480C2113F0E0F801214FF4804013F023
:10CE9000B7FC0121802013F09BFC03B000BD00BF54
:10CEA0000000024000B54FF4C06083B013F0FAF9FF
:10CEB000034B019301A813F0FFF903B000BD00BFBD
:10CEC00043010301704700BF704700BF4FF480204B
:10CED00013F052B8014800F065BE00BFA8980020CA
:10CEE00010B5044601F07CF962780120002384F833
:10CEF000120184F81431002A00F0CD814FF48071C2
:10CF0000A4F81C1182424FF04001C4E94913A4F86F
:10CF1000223184F81F31C4F8303100F0CE81A4F8FA
:10CF20004A01022A40F20110C4E9531384F8473140
:10CF3000C4F85831A4F8440100F0D2804FF4817055
:10CF4000A4F86C01032A4FF00200C4E95D13A4F8B1
:10CF5000720184F86F31C4F8803100F0C18040F272
:10CF60000310A4F89401042A4FF00300C4E96713E6
:10CF7000A4F89A0184F89731C4F8A83100F0B08081
:10CF80004FF48270A4F8BC01052A4FF00400C4E9F4
:10CF90007113A4F8C20184F8BF31C4F8D03100F095
:10CFA0009F8040F20510A4F8E401062A4FF0050026
:10CFB000C4E97B13A4F8EA0184F8E731C4F8F83136
:10CFC00000F08E804FF48370A4F80C02072A4FF013
:10CFD0000600C4E98513A4F8120284F80F32C4F8DD
:10CFE00020327DD040F20710A4F83402082A4FF016
:10CFF0000700C4E98F13A4F83A0284F83732C4F862
:10D0000048326DD04FF48470A4F85C02092A4FF0C6
:10D010000800C4E99913A4F8620284F85F32C4F8E6
:10D0200070325DD0092140F20910A4F88A120A2A50
:10D030004FF04001C4E9A313A4F8840284F88732B6
:10D04000C4F898324CD04FF48570A4F8AC020B2A87
:10D050004FF00A00C4E9AD13A4F8B20284F8AF326D
:10D06000C4F8C0323CD040F20B10A4F8D4020C2A11
:10D070004FF00B00C4E9B713A4F8DA0284F8D732F2
:10D08000C4F8E8322CD04FF48670A4F8FC020D2AC4
:10D090004FF00C00C4E9C113A4F8020384F8FF3276
:10D0A000C4F810331CD040F20D10A4F824030E2A4B
:10D0B0004FF00D00C4E9CB13A4F82A0384F82733FA
:10D0C000C4F838330CD04FF48770C4E9D513A4F8F2
:10D0D0004C030E20A4F8520384F84F33C4F8603395
:10D0E000002340210120022AC4E9DF13C4E9E91327
:10D0F000A4F87433A4F87A3384F87733C4F8883307
:10D10000A4F89C03A4F8A20384F89F33C4F8B033B6
:10D1100000F0C1800220032AC4E9F313A4F8C40379
:10D12000A4F8CA0384F8C733C4F8D83300F0B38036
:10D130000320042AC4E9FD13A4F8EC03A4F8F203C5
:10D1400084F8EF33C4F8003400F0A5800420052AE9
:10D15000A4F81404A4F81A0484F81734C4F81C14AE
:10D16000C4F82034C4F8283400F095800520062A3D
:10D17000A4F83C04A4F8420484F83F34C4F84414EE
:10D18000C4F84834C4F8503400F085800620072ADB
:10D19000A4F86404A4F86A0484F86734C4F86C142E
:10D1A000C4F87034C4F8783475D00720082AA4F87D
:10D1B0008C04A4F8920484F88F34C4F89414C4F84E
:10D1C0009834C4F8A03466D00820092AA4F8B4041E
:10D1D000A4F8BA0484F8B734C4F8BC14C4F8C03452
:10D1E000C4F8C83457D009200A2AA4F8DC04A4F8EB
:10D1F000E20484F8DF34C4F8E414C4F8E834C4F872
:10D20000F03448D00A200B2AA4F80405A4F80A0533
:10D2100084F80735C4F80C15C4F81035C4F818356F
:10D2200039D00B200C2AA4F82C05A4F8320584F878
:10D230002F35C4F83415C4F83835C4F840352AD031
:10D240000C200D2AA4F85405A4F85A0584F8573583
:10D25000C4F85C15C4F86035C4F868351BD00D20DF
:10D260000E2AA4F87C05A4F8820584F87F35C4F85A
:10D270008415C4F88835C4F890350CD00E22A4F873
:10D28000A425A4F8AA2584F8A735C4F8AC15C4F8D9
:10D29000B035C4F8B835204601F0F6F9204601F063
:10D2A00067F90021204601F017FA204601F038FA0C
:10D2B0002046BDE8104001F0DFB9C4E9DF13A4F84F
:10D2C0007433A4F87A3384F87733C4F88833E2E708
:10D2D00010B514460A0619D401EB810C4FEACC0CA8
:10D2E00000EB0C0E00228EF874130CF55D71CEF875
:10D2F0007C4301448EF877338EF87523022B04BFEC
:10D3000000230B7101F0EEFC002010BD01F07F0E38
:10D310000EEB8E0C4FEACC0C00EB0C020CF58E7170
:10D320004FF0010CC2F82441014482F81CE182F85C
:10D330001F31A2F822E182F81DC1DFE708B50B0614
:10D3400001F07F020DD401EB810300EBC30303F571
:10D350005D73C90959701A70194601F001FD00206A
:10D3600008BD02EB820300EBC30303F58E73F0E705
:10D3700008B501F07F0E0EEB8E0C4FEACC0C19466F
:10D3800000EB0C030CF55D7CC3F8881300EB0C017B
:10D390004FF0000CC3F8802383F874E3C3F88CC308
:10D3A00083F875C390F803C0BCF1010F08BFC3F840
:10D3B0008423BEF1000F03D101F0A0FD002008BDC1
:10D3C00001F0EAFC002008BD01F07F0C0CEB8C01A1
:10D3D000C90008B500EB010E01F58E71CEF83031B1
:10D3E0000023CEF834310123CEE94A2201448EF8DD
:10D3F0001CC18EF81D31BCF1000F03D101F07EFD80
:10D40000002008BD01F0C8FC002008BD08B50B06CF
:10D4100001F07F0211D401EB810300EBC30303F59C
:10D420005D734FF0010CC909597083F802C01A707E
:10D43000194601F0E1FD002008BD02EB820300EB7C
:10D44000C30303F58E73ECE70B0610B501F07F0202
:10D450000FD401EB810300EBC30303F55D730024DC
:10D46000C90959709C701A70194601F0E9FD2046EF
:10D4700010BD02EB820300EBC30303F58E73EEE7EE
:10D4800002690023106861F30A13034313607047B5
:10D49000084B1868FF280BD010B50749074A8C685D
:10D4A00012680749A047034BFF221A60002010BDF5
:10D4B0000020704724010020D0010020449000206B
:10D4C00058900020432301480B807047280100201A
:10D4D000284A38B51368052B03D0013313600020A8
:10D4E00038BDDFF8A4C09CF80010002301291360A8
:10D4F000F5D021490A68B2F5006F08BF0B601F4BD9
:10D50000D1F800E01A6896452FD0D1F800E01A68EB
:10D5100096451BD90B681A4AC3F50063136013685C
:10D52000402B0B681FFA83FE16D90B6840330B6043
:10D530001368403B1360402301228CF80020114AFD
:10D5400081217244FFF740FF002038BD1B680A6844
:10D550009B1A0B4A1360E2E7136814680D682C44A9
:10D560000C6000219BB21160E6E700238CF80030CC
:10D57000B5E700BF4090002050900020549000205C
:10D580004C900020609000204890002010B501EBE6
:10D59000810100EBC101074BB1F88C131B690446F4
:10D5A00005489847044A402301212046FFF7E0FE42
:10D5B000002010BDD00100206098002030B591F807
:10D5C00000C01CF0600283B00B4605461AD0202A2A
:10D5D00004D002F05FF8022003B030BDCA8891F891
:10D5E00001E012B31CF0800F2FD0214901938C6809
:10D5F00020497046A047019B1E49DA88284601F061
:10D600005BFD0FE04A780A2A1AD00B2A13D0062AAB
:10D6100008D14A88120A212A20D017493A222846DE
:10D6200001F04AFD002003B030BD114B11469B684C
:10D6300070469847F6E78B78B3B9104A1360F1E764
:10D640000E49012201F038FDECE70D490D4BC1F800
:10D6500000E008491A6001F045FDE3E7CA880A497D
:10D660003A2A28BF3A22DAE702F014F8DAE700BFD4
:10D67000D00100205890002031010020A098002007
:10D6800024010020449000203A01002010B581219F
:10D690000446FFF753FE01212046FFF74FFE82218B
:10D6A0002046FFF74BFE024B5B689847002010BDF9
:10D6B000D001002010B50223044640228121FFF74B
:10D6C00007FE0223402201212046FFF701FE03232B
:10D6D000082282212046FFF7FBFD074A074B4FF047
:10D6E000020191801B689847054A4023012120468A
:10D6F000FFF73EFE002010BDA0010020D001002059
:10D70000609800201C4B1A78012A01D00020704735
:10D710001A490A68D2B10B68402B10B519D9184BB9
:10D720001A68D3F800C00CF1400CC3F800C0D1F85F
:10D7300000C0ACF1400C92B24023C1F800C01149C6
:10D740000A448121FFF740FE002010BD1A7000201E
:10D750007047DFF82CC0DCF800200B68D1F800E03F
:10D76000DCF80040A644CCF800E04FF0000C92B288
:10D770009BB2C1F800C0E2E7489000204C90002026
:10D78000509000206090002010B5D0F8E835044695
:10D790001B699847032384F81231002010BD00BF95
:10D7A00008B5042290F81211D0F8E83580F813116A
:10D7B00080F81221DB689847002008BD08B5D0F832
:10D7C000E435DB6903B19847002008BD08B5D0F8FF
:10D7D000E4351B6A9847002008BD00BF08B5D0F8A3
:10D7E000E4355B6A9847002008BD00BF002310B5F0
:10D7F000194604464022FFF76BFD8021002340229A
:10D800002046FFF765FDD4F8E835A078012284F8BA
:10D8100012215B689847002010BD00BF00B585B09D
:10D8200002A9019001F024FF9DF80810019801F071
:10D830001F03012B0ED0022B06D08BB902A901F0D9
:10D8400001FD002005B000BD02A901F099FE0020F5
:10D8500005B000BD02A901F06FFE002005B000BDBB
:10D8600001F08001FFF7D2FD002005B000BD00BF30
:10D8700010B5034682B051B990F81121022A1DD08B
:10D8800093F81621012A0FD0002002B010BDD0F865
:10D89000E4255269002AF7D090F81231032BF3D116
:10D8A0009047002002B010BD264A196910684860F0
:10D8B0000022002083F8162102B010BDD0F83821D4
:10D8C000D0F824C1624513D9C078D3F82811009349
:10D8D0000128A2EB0C0208BF6144C3F8382108BF3D
:10D8E000C3F82811184692B201F0F4FB009BC7E779
:10D8F000D0F83CE1BEFBFCF20CFB12E272B9F4453D
:10D900000CD8D0F84041A64508D2CDE9002001F05E
:10D91000E1FBDDE90023C3F84021B1E7D3F8E425BA
:10D92000D2681AB193F81211032905D01846009352
:10D9300001F0FEFB009BA3E7184600939047009B75
:10D94000F4E700BFA498002000B5034683B031B9C6
:10D9500090F81121032A0FD0002003B000BDD0F8A9
:10D96000E4259269002AF7D090F81231032BF3D105
:10D970009047002003B000BDD0F89013D0F87C236E
:10D98000914214D990F803C0881AD3F88013C3F8D1
:10D990009003BCF1010F04BF8918C3F880138242C1
:10D9A00028BF024692B2184601F0AAFBD4E7D0F88D
:10D9B000E42512691AB190F81211032903D0184610
:10D9C00001F0A6FBC8E701909047019BF7E700BF75
:10D9D00030B585B00446CDE90221089D0193FFF7DB
:10D9E00039FA019B029A0399C4F8E4352046C4F839
:10D9F000EC25C4F8E855FFF773FAD4F8E8351B684E
:10DA00009847204605B0BDE83040FFF74BBA00BF4D
:10DA1000D0F8E43510B504461B689847D4F8E835CB
:10DA20009B689847002010BD08B5D0F8E4355B68C6
:10DA30009847002008BD00BF122301480B807047A3
:10DA4000A0010020042301480B8070479C010020A6
:10DA500008B50A460248034901F02AFE014808BDFC
:10DA600048580308309F002008B50A460248034979
:10DA700001F01EFE014808BD6C580308309F0020CD
:10DA800008B50A460248034901F012FE014808BDE4
:10DA900080580308309F002008B50A460248034911
:10DAA00001F006FE014808BD90580308309F002091
:10DAB00008B50A460248034901F0FAFD014808BDCD
:10DAC0009C580308309F002000207047C1B110B55A
:10DAD00001440C4BDFF830E00138013900241A68AA
:10DAE00010F801CF0EF802C01A6801321A601A68E5
:10DAF000B2F5006F28BF1C608842F0D1002010BD35
:10DB000000207047549000206090002059B138B533
:10DB10004518441E013D14F8010F01F073FBAC429F
:10DB2000F9D1002038BD0020704700BF202815D053
:10DB3000212801D000207047104B1A680A701A681B
:10DB4000120A4A705A888A70DA78CA701A790A7189
:10DB50005A794A719B798B7100207047074B0A797B
:10DB6000D1F800C048791A71897958710122C3F837
:10DB700000C09971DA710020704700BFE4010020F5
:10DB800000207047054A064B10681B68984234BF56
:10DB900003F1FF3303F2FF73181A7047549000200B
:10DBA000509000202DE9F04F85B0044600F0ACFD08
:10DBB00018B9002005B0BDE8F08F204600F0AAFD9E
:10DBC00001460028F5D0C0F3074313F0080099463A
:10DBD00040F0898019F0040F3FD18A0702D5E3682D
:10DBE00002225A610029C0F2C7810B05C1F3072543
:10DBF00000F1DA800E070AD5844B00911B6820469D
:10DC0000DB689847E368009908225A610120C90639
:10DC100000F18C81EA0600F1FD80AB0600F1AB80DB
:10DC200019F0100F09D0794B1B682046DB69984723
:10DC3000E3684FF4801201205A6119F0200FB9D027
:10DC4000724B1B6820461B6A9847E3684FF400122A
:10DC500001205A6105B0BDE8F08F2046009101F027
:10DC600015FA0099002800F0D081264604F1180327
:10DC7000A046002504460191E10740F1C881D8F88B
:10DC80001000D3F800C00169426B22FA05FEDCF8EF
:10DC9000082041EACE111140CA0740F18A81009361
:10DCA0005A4BD0F834E0196801234A6803FA05F1A9
:10DCB0002EEA01014163CCF80830E9B240469047B2
:10DCC00098F80310009B012900F0CA81640800F055
:10DCD0009A81013528360433E107D0D40135640830
:10DCE00028360433C8E72046009101F0C1F90099B5
:10DCF0000546002800F08581224604F15406274697
:10DD000088460024E80704D401346D08043628321C
:10DD10002AE0E1B238460192009101F0AFF910F02B
:10DD2000010FDDE9001200F0568133680120986090
:10DD3000F878012807D11869D2F87C33C0F31200B3
:10DD40001B1AC2F88C33314B00921B6838461B6893
:10DD50009847FB78009A012B00F095816D0800F040
:10DD60004E81013404362832E807D2D401346D08DC
:10DD700004362832C6E7204600F0A0FFE3682046BC
:10DD8000DD6800F08DFF032800F04681012340226A
:10DD90000521A370E368A28061F38D254FF4005242
:10DDA000DD6001205A613BE700238DF80F3094F8C5
:10DDB00012318DF80F30154B00911B6820465B69BE
:10DDC0009847236900999868E3684FF400625A61A4
:10DDD000A37AC3B1C70716D594F81531012B12D118
:10DDE0009DF80F30032B0ED1D4F80C3108481A6877
:10DDF00042F001021A601A6842F003021A600369D5
:10DE000043F0060303610120F4E600BF6C0100202B
:10DE100000ED00E022695368002623F001035360FF
:10DE20003146204600F038FC62783746002A5CD044
:10DE3000A169606DFF23012A8B60836055D0E16981
:10DE40008B60A16D022A8B604FD0216A8B60E16DDF
:10DE5000032A8B6049D0616A8B60216E042A8B6033
:10DE600043D0A16A8B60616E052A8B603DD0E16A68
:10DE70008B60A16E062A8B6037D0216B8B60E16EC0
:10DE8000072A8B6031D0616B8B60216F082A8B6011
:10DE90002BD0A16B606F8B60092A836025D0E16B6A
:10DEA0008B60A16F0A2A8B601FD0216C8B60E16FA1
:10DEB0000B2A8B6019D0616C8B60D4F880100C2A0F
:10DEC0008B6012D0A16C8B60D4F884100D2A8B600B
:10DED0000BD0E16C8B60D4F888100E2A8B6004D0D4
:10DEE000226D9360D4F88C20936023690B2239460D
:10DEF00062F3070162F307064FF0FF329A614FF0B9
:10DF00000112DA615E6119611A6822F4FE621A6018
:10DF1000204601F0C1F8854BE2681B684FF4805140
:10DF20001B69516120469847012076E6E3689A69AB
:10DF300022F010029A611E6AC6F34342022A06F0DA
:10DF40000F076ED0062A11D1082204F2CC512046C8
:10DF500000F02EF907EB870304EBC303C6F30A16A0
:10DF6000D3F88C233244C3F88C23E3689A6942F0D7
:10DF700010029A6101204DE6A37A43B1D4F80C3126
:10DF800023F0030262F30703D4F80C211360226923
:10DF90000091536823F001035360644B1B682046D3
:10DFA0009B699847E36800994FF0004201205A614D
:10DFB0001BE60F070BD4C80605D44A065DD54021E1
:10DFC000CCF8081082E61021CCF808107EE6082272
:10DFD000CCF808207AE6810703D5336802219960DE
:10DFE000BCE603077FF5BAAE504B00921B6838467B
:10DFF0009B6898473368009A08219960AEE63C46D2
:10E0000041460120E6E5019944460120E5E5013558
:10E010006408283604335FE600234FF400720921B8
:10E02000B7E647F6F0723240002A9FD007EB87032D
:10E0300004EBC303C6F30A16D3F8801300933246E9
:10E04000204600F0B5F8009BD3F88023D3F88C135A
:10E0500032443144C3F88023C3F88C13E36885E766
:10E06000002D7FF433AE98F8111104297FF42EAE01
:10E07000404601F011F8009B28E68F0710D50221D9
:10E08000CCF8081022E6002C7FF468AE97F8113126
:10E09000052B7FF463AE384600F0FEFF009A5DE684
:10E0A00008067FF513AED6E94C1EDCF81800D6F84A
:10E0B000242187B2A1EB0E00904228BF1046033006
:10E0C000B7EB900F2ED9EFB2A246AB4660461D4685
:10E0D0000C4673461EE0D6F82431D6F828119C422F
:10E0E00028BF1C46A3B23A46404600F04BF8D6F88B
:10E0F0003431D6F82821286823442244C6F8343124
:10E10000C6F828218269033492B2B2EB940F05D984
:10E11000D6F830419C42A4EB0304DCD82B4684465D
:10E1200054465D468021CCF80810CFE56C010020F4
:10E13000014B05221A70704708020020014B05228E
:10E140001A70704708020020014B06221A707047AF
:10E1500008020020014B05221A70704708020020B7
:10E16000014B05221A70704708020020014B05225E
:10E170001A70704708020020014B05221A70704780
:10E180000802002090F803C0BCF1000F0DD103334A
:10E190009B100AD000EB8200D0F8D00051F8042B7D
:10E1A00002600CF1010C6345F8D10020704700BFFC
:10E1B00010B502F1030E5FEAAE0E0C460ED0D0F899
:10E1C000D010A4460023184601330A684CF8042BEB
:10E1D0009E45F8D1043404EB800010BD084610BD04
:10E1E00001234022994230B54380828000F07B8138
:10E1F000002940F05781DFF848C3C17240F20C6239
:10E200004FF4A063C84CDFF83CE3C849C84D028016
:10E21000C38006226346C0E903C403F5106CC0F84E
:10E2200018C003F5306CC0F854C003F5126CC0F888
:10E230001CC003F5326CC0F858C003F5146CC0F86C
:10E2400020C0032A03F5346CC0F85CC074D003F519
:10E25000166CC0F824C0042A03F5366CC0F860C000
:10E260006AD003F5186CC0F828C0052A03F5386C8D
:10E27000C0F864C060D003F51A6CC0F82CC0062A40
:10E2800003F53A6CC0F868C056D003F51C6CC0F8B2
:10E2900030C0072A03F53C6CC0F86CC04CD003F5C5
:10E2A0001E6CC0F834C0082A03F53E6CC0F870C07C
:10E2B00042D003F5206CC0F838C0092A03F5406C41
:10E2C000C0F874C038D003F5226CC0F83CC00A2AEC
:10E2D00003F5426CC0F878C02ED003F5246CC0F86A
:10E2E00040C00B2A03F5446CC0F87CC024D003F571
:10E2F000266CC0F844C00C2A03F5466CC0F880C0F8
:10E300001AD003F5286CC0F848C00D2A03F5486CF4
:10E31000C0F884C010D003F52A6CC0F84CC00E2A97
:10E3200003F54A6CC0F888C006D003F52C6202657C
:10E3300003F54C62C0F88C2002784561C0F8CC101F
:10E34000002A00F0AB8003F5A061012AC0F890100C
:10E3500000F0DD8003F5A461022AC0F8941000F0FB
:10E36000DB8003F5A861032AC0F8981000F0EE8066
:10E3700003F5AC61042AC0F89C103FD003F5B061EE
:10E38000052AC0F8A01039D003F5B461062AC0F8F8
:10E39000A41033D003F5B861072AC0F8A8102DD017
:10E3A00003F5BC61082AC0F8AC1027D003F5C061A2
:10E3B000092AC0F8B01021D003F5C4610A2AC0F8B8
:10E3C000B4101BD003F5C8610B2AC0F8B81015D0E3
:10E3D00003F5CC610C2AC0F8BC100FD003F5D06156
:10E3E0000D2AC0F8C01009D003F5D4610E2AC0F878
:10E3F000C4101CBF03F5D861C0F8C81003F5405124
:10E4000003F5805403F5005CC0F8D810042A03F526
:10E410008041C0E9344CC0F8DC103FD003F5A04186
:10E42000052AC0F8E01039D003F5C041062AC0F82B
:10E43000E41033D003F5E041072AC0F8E8102DD0EE
:10E4400003F50041082AC0F8EC1027D003F510416D
:10E45000092AC0F8F01021D003F520410A2AC0F89B
:10E46000F4101BD003F530410B2AC0F8F81015D07A
:10E4700003F540410C2AC0F8FC100FD003F55041C1
:10E480000D2AC0F8001109D003F560410E2AC0F82A
:10E49000041103D003F57043C0F80831C0F80CE153
:10E4A000002030BD427800234FF40061C0E9033101
:10E4B0008AB14FF4106C4FF43061012AC0F818C0D3
:10E4C000416508D04FF4126C4FF43261022AC0F853
:10E4D0001CC0816545D14FF4606E4FF488614FF4E4
:10E4E0008065002328E74FF4816C4FF4A07102226D
:10E4F000A0F800C04FF0A04CC372C18002720D4C56
:10E50000DFF844E00C490D4D0422634683E603F531
:10E510008053C0F8D030C1E703F5805203F50053B3
:10E52000C0E93423BAE700BF0008044040040440B7
:10E530000004044000080050400400500004005053
:10E5400000000440000E0440000E005003F580510E
:10E5500003F5005203F54053C0E93412C0F8D83037
:10E560009CE74FF4606E4FF480654FF4886164E679
:10E5700070B5027AC368012A82B0054636D19E6B17
:10E58000417A26F4803600292DD062F314569E631A
:10E59000DA68384C22F49402002122F04002DA605A
:10E5A00000910320FEF78EFCEB68013C1A69009293
:10E5B00013D0009A002AF4DA00992E4A41F00101A2
:10E5C00000910099196119690091013A02D00099EE
:10E5D000C807F8D40320FEF775FCEB78012B3BD07D
:10E5E000002002B070BDC6F30052CEE7DA68214CBD
:10E5F000002642F04002DA6001960320FEF762FC3A
:10E60000EB68013C1A69019214D0019A002AF4DAED
:10E610000199184A41F001010191019919611969A3
:10E620000191013A02D00199C907F8D40320FEF7FD
:10E6300049FCEB686A7A003A18BF0122120142F0E5
:10E640002D0262F317469E631420FEF73DFCEB7823
:10E65000012BC5D1E96802E0E9682A238B608B6849
:10E6600023F03E0242F02A0262F3070300208B608F
:10E6700002B070BD410D030003460020DA689368C4
:10E6800043F001039360704703460020DA68936803
:10E6900023F001039360704700B583B0002301931A
:10E6A000019B43F020030193019B61F38A130193C3
:10E6B000C168019A074B0A610A690192013B02D0C5
:10E6C000019A9206F8D40320FEF7FCFB002003B069
:10E6D00000BD00BF410D0300C06808B5C368C3F3A7
:10E6E000076222F06002012962F31F6308D009B9B2
:10E6F00043F08043C3603220FEF7E6FB002008BDF4
:10E7000043F00053F6E700BFC3685869C04300F008
:10E7100001007047C36858699B691840704700BF83
:10E7200010B504460020D4F80C312269E16882B0AB
:10E730001860136860F3CC231360E37A012B13D1C4
:10E7400013681E4843F0030313604FF0800C1C4B0A
:10E75000C1F824C01B4A8862C1F804314FF4A07389
:10E76000C1F80821C1F80C3100230193019B43F04B
:10E7700020030193019A144B102060F38A12019236
:10E78000019A0A610A690192013B02D0019A90063E
:10E79000F8D40320FEF796FB00220092009AE1686D
:10E7A000094B42F010020092009A0A610A69009235
:10E7B000013B0BD0009AD206F8D407E0800020007D
:10E7C000A000800020012000410D03000320FEF77F
:10E7D00079FB216900224FF0FF330A614A618B61A6
:10E7E000CA616378002B00F01782D4F818C0DCF8F7
:10E7F00000E0BEF1000FB4BF4FF0904E4FF0000E9E
:10E80000FF20012BCCF800E0CCF81020CCF8080059
:10E8100000F03482D4F81CC0DCF800E0BEF1000F38
:10E82000B4BF4FF0904E4FF0000E022BCCF800E03A
:10E83000CCF81020CCF8080000F0F080D4F820C00C
:10E84000DCF800E0BEF1000FB4BF4FF0904E4FF087
:10E85000000E032BCCF800E0CCF81020CCF8080018
:10E8600000F0DC80D4F824C0DCF800E0BEF1000F3A
:10E87000B4BF4FF0904E4FF0000E042BCCF800E0E8
:10E88000CCF81020CCF8080000F0C880D4F828C0DC
:10E89000DCF800E0BEF1000FB4BF4FF0904E4FF037
:10E8A000000E052BCCF800E0CCF81020CCF80800C6
:10E8B00000F0B480D4F82CC0DCF800E0BEF1000F0A
:10E8C000B4BF4FF0904E4FF0000E062BCCF800E096
:10E8D000CCF81020CCF8080000F0A080D4F830C0AC
:10E8E000DCF800E0BEF1000FB4BF4FF0904E4FF0E7
:10E8F000000E072BCCF800E0CCF81020CCF8080074
:10E9000000F08C80D4F834C0DCF800E0BEF1000FD9
:10E91000B4BF4FF0904E4FF0000E082BCCF800E043
:10E92000CCF81020CCF8080078D0D4F838C0DCF847
:10E9300000E0BEF1000FB4BF4FF0904E4FF0000E5C
:10E94000092BCCF800E0CCF81020CCF8080065D0FA
:10E95000D4F83CC0DCF80020002AB4BF4FF090424D
:10E960000022CCF800200020FF220A2BCCF8100057
:10E97000CCF8082052D0D4F840C0DCF800E086453E
:10E98000B4BF4FF0904E86460B2BCCF800E0CCF88D
:10E990001000CCF8082041D0D4F844C0DCF800E0E6
:10E9A0008645B4BF4FF0904E86460C2BCCF800E065
:10E9B000CCF81000CCF8082030D0D4F848C0DCF8EF
:10E9C00000E08645B4BF4FF0904E86460D2BCCF844
:10E9D00000E0CCF81000CCF808201FD0D4F84CC0D0
:10E9E000DCF800E08645B4BF4FF0904E86460E2B13
:10E9F000CCF800E0CCF81000CCF808200ED0D4F809
:10EA000050C0DCF800E08645B4BF4FF0904E86461B
:10EA1000CCF800E0CCF81000CCF80820D4F854E092
:10EA2000D4F858C0DEF80020002AB4BF4FF090425E
:10EA30000022CEF800200020FF22CEF81000CEF8F1
:10EA40000820DCF800E08645B4BF4FF0904E8646C3
:10EA5000022BCCF800E0CCF81000CCF8082000F035
:10EA6000DB80D4F85CC0DCF800E08645B4BF4FF032
:10EA7000904E8646032BCCF800E0CCF81000CCF882
:10EA8000082000F0C980D4F860C0DCF800E08645BA
:10EA9000B4BF4FF0904E8646042BCCF800E0CCF883
:10EAA0001000CCF8082000F0B780D4F864C0DCF87F
:10EAB00000E08645B4BF4FF0904E8646052BCCF85B
:10EAC00000E0CCF81000CCF8082000F0A580D4F8C5
:10EAD00068C0DCF800E08645B4BF4FF0904E864633
:10EAE000062BCCF800E0CCF81000CCF8082000F0A1
:10EAF0009380D4F86CC0DCF800E08645B4BF4FF0DA
:10EB0000904E8646072BCCF800E0CCF81000CCF8ED
:10EB1000082000F08180D4F870C0DCF800E0864561
:10EB2000B4BF4FF0904E8646082BCCF800E0CCF8EE
:10EB30001000CCF808206FD0D4F874C0DCF800E0E6
:10EB40008645B4BF4FF0904E8646092BCCF800E0C6
:10EB5000CCF81000CCF808205ED0D4F878C0DCF8EF
:10EB600000E08645B4BF4FF0904E86460A2BCCF8A5
:10EB700000E0CCF81000CCF808204DD0D4F87CC0D0
:10EB8000DCF800E08645B4BF4FF0904E86460B2B74
:10EB9000CCF800E0CCF81000CCF808203CD0D4F839
:10EBA000802010680028B4BF4FF090400020106013
:10EBB0004FF0000CFF200C2BC2F810C090602BD03F
:10EBC000D4F88420D2F800E0E645B4BF4FF0904E70
:10EBD000E6460D2BC2F800E0C2F810C090601BD0D2
:10EBE000D4F88820D2F800E0E645B4BF4FF0904E4C
:10EBF000E6460E2BC2F800E0C2F810C090600BD0C1
:10EC0000D4F88C301A686245B4BF4FF09042624627
:10EC10001A60C3F810C098600B69E26843F480730F
:10EC20000B61E078012819D0002393616FF08041D7
:10EC30004FF0FF34984208BF1023174851615460C9
:10EC40005161906143F47013916943F4605343F050
:10EC500008030B430020936102B010BDDFF83CC0F5
:10EC6000C1F830C06FF080400B4C00234FF0FF31F3
:10EC700093615061516050619461E3E7636DD3F833
:10EC800000C0BCF1000FB6BF4FF0904C1A60C3F843
:10EC900000C01A619860BFE700080080030181008E
:10ECA00003699868C0F3410002281DBF20F00200EC
:10ECB000C0F10300C0B20120704700BF0369816941
:10ECC0009A680868C2F34102022A0CBF032200229C
:10ECD00062F30A0008605A6842F4807200205A60A9
:10ECE000704700BF10B591F800C091F801E0012312
:10ECF00003FA0CF300EB8C0CBEF1010F0CBFDCF837
:10ED000018C0DCF854C0DCF800E04FF000029BB201
:10ED10000CBF63F30F0263F31F421EF4004F16D1C2
:10ED20008B68CC78C988C3F30A0343F0805343F45B
:10ED3000004304F0030401F00F0143EA844343EA73
:10ED4000815306490EEA01010B43CCF800300369F8
:10ED5000D9690A430020DA6110BD00BF007833ECA6
:10ED60000A7891F801C00123934000EB82029BB224
:10ED7000BCF1010F4FF000010BBF63F30F0163F310
:10ED80001F419369536D026900201860D36923EA1B
:10ED90000103D361704700BF2DE9F04391F801E012
:10EDA0000A784B69CD78BEF1010F31D000EB8202B9
:10EDB0008E68D2F854E0C6F31202DEF800C0DEF826
:10EDC00010401BB33344013BB3FBF6F3C3F3090616
:10EDD00006FB02F23346C2F3120242EAC34262F376
:10EDE0001C04CEF81040C378012B04BF0B69CEF889
:10EDF0001430012D3CD0CCF3076363F07B0363F345
:10EE00001F6CCEF800C00020BDE8F0830123E4E7CA
:10EE100000EB8204A046A669D6F800C0346963B34B
:10EE20008F681F4404F06049013F8C68B7FBF4F71A
:10EE3000314C04EAC744C3F312073C43012D44EAB2
:10EE4000090447D03461C378012B51D00EFA02FE79
:10EE50000269536B4EEA03035363CCF3076363F019
:10EE60007B0363F31F6CC6F800C00020BDE8F0838D
:10EE70004B7963B34CF0005CBDE704F0604444F4AC
:10EE800000243461C478012C2DD0012DE5D1026914
:10EE9000926812F4807FCCF307620CBF62F05B02D1
:10EEA00062F06B0262F31F6CC6F800C0002CAAD19E
:10EEB00098B203308010A6D0CA68D8F8D050234644
:10EEC000013352F8041B29609842F9D19BE74CF0BA
:10EED000805C90E765F35E743461C478012CD6D110
:10EEE0000A697261D3E70A697261012DB5D1CEE773
:10EEF0000B697361B1E700BF0000F81F10B54B78D4
:10EF0000D1F814C0012B82B02DD00B7800EB830315
:10EF1000D3F854E0DEF80020DEF8103000938B6860
:10EF2000BCF1000F1DD1009C03F07F0324F4C01C32
:10EF300043F400232CF07F0C43EA0C03CEF810308E
:10EF4000C378012B04BF0B69CEF81430C2F30763FA
:10EF500063F07B0363F31F62CEF80020002002B051
:10EF600010BD4B61DFE7D0F818E0DEF80020DEF8D6
:10EF700010300093BCF1000F23D1009B23F4C01389
:10EF80004CF4002C23F07F0343EA0C03CEF810303E
:10EF90000093C378012B1CD0C2F3076C6CF07B0C80
:10EFA0006CF31F62CEF80020002BD7D14B69002BE9
:10EFB000D4D002690878516B012383400B4353631B
:10EFC000CCE78B6863453CBF9C464B610CF07F0CE3
:10EFD000D3E70B78D1F810C000EB8301C2F30763CD
:10EFE000896963F07B0363F31F620020C1F814C0DA
:10EFF000CEF8002002B010BD4B78012B09D00B7861
:10F0000000EB8300426D136843F40013136000208B
:10F0100070470A78094900EB820080690268002A7B
:10F02000A8BFC2F380739B0301EA124143F020039F
:10F030000B4363F31F42026000207047DFBFFFFFF6
:10F040000B784A7800EB8300012A0CBF8069406D81
:10F05000CA780368023A012A23F400138CBFC3F371
:10F060000072012262F31C7303600020704700BF2E
:10F0700003699869DB691840000C704700EB810157
:10F0800003694A6D90685B69184070470369986925
:10F09000DB69184080B27047436D064A1A61C27836
:10F0A000012A06D100F2CC5058614FF08022196835
:10F0B0001A607047180008C008B513460A460221B6
:10F0C000C0E94E3380F811110021FEF77DF90020D0
:10F0D00008BD00BF08B513460A460021FEF774F9C3
:10F0E000002008BD08B513460A460321C0E9E433F1
:10F0F00080F811110021FEF73BF9002008BD00BF88
:10F1000008B513460A460021FEF732F9002008BD73
:10F1100010B5002304220446194680F811211A462E
:10F12000FEF752F92046FFF7B7FF002010BD00BFE1
:10F1300010B5002305220446194680F811211A460D
:10F14000FEF716F92046FFF7A7FF002010BD00BF0D
:10F1500010B582B009490091094B0A4A0A480B4C84
:10F160000121FEF735FC0A490A4B0B4A00200860D2
:10F17000012120601170186002B010BDEC01002068
:10F18000F8000020B4010020A8980020A49E0020D0
:10F19000A89E0020A09E00209C9E0020024B186884
:10F1A000B0FA80F040097047A09E00200F4B1A680B
:10F1B00012B90270042070470D4A11687F2984BF7C
:10F1C00000211160D2F800C00A4911F80CC080F883
:10F1D00000C010684FF0000C01F800C01168013148
:10F1E00011601A68013A03201A607047A09E00203F
:10F1F000A49E0020AC9E002008B5FEF767FC00200E
:10F2000008BD00BF0C4B1A687F2A01D90220704745
:10F210000A4ADFF82CC011687F2984BF00211160E1
:10F2200011680CF801001168013111601A6801328F
:10F2300000201A60704700BFA09E0020A89E0020FA
:10F24000AC9E002010B54B7884B00A460446092BCA
:10F2500011D8DFE803F03D501065107A0510971EB5
:10F2600051880B0A022B00F03C81032B00F0F48044
:10F27000012B00F0A98080212046FEF7C7F800216D
:10F280002046FEF7C3F82046FFF706FF002004B033
:10F2900010BD9178A44B01291970ECD890F8122177
:10F2A000022A7FD0032AE6D1002900F02D8190F8B0
:10F2B0001011012930D0FEF7B7FB9B4B197884F869
:10F2C00010112046FEF7A4FB2046FFF721FFDDE7E3
:10F2D00090F81231023B012BCDD8944BD0F8182175
:10F2E000012119600AB103221A60904902222046C6
:10F2F000FFF7E2FECAE790F81231023B012BBAD8C1
:10F300005388012BC2D1D0F8E43500219B68C0F8A6
:10F3100018111146204698472046FFF7F9FEB5E739
:10F320005388012B00F09280022BAFD19388DAB280
:10F33000002AABD102691B0A013B5268042B6CD82E
:10F34000DFE803F07C80787468009388002B92D10A
:10F35000D388002B8FD190F81231032B8BD051889A
:10F3600001F07F0180F814110091FEF789F8204622
:10F37000FFF7CEFE0099002900F0C280022384F836
:10F38000123183E7D288012A7FF475AF90F81231E9
:10F39000022B15D0032B7FF46EAF00F58871FFF7B9
:10F3A0008BFE73E70029B7D00121032380F81011E9
:10F3B00080F81231FEF72CFB2046FFF7A9FE65E727
:10F3C0005B49FFF779FE61E7D0F8EC3580781B6880
:10F3D00000920DF10E019847009AD388402B00F05F
:10F3E0009E8094F81211012900F09B80BDF80E1048
:10F3F00000293FF44BAFD388002B3FF447AF8B423B
:10F4000028BF0B461A4601462046ADF80E30FFF7DE
:10F4100053FE3BE7052363F30612464B012184F8B4
:10F42000161120461A60FFF773FE2FE7042363F3DB
:10F430000612F2E7032363F30612EEE7012363F3F8
:10F440000612EAE7022363F30612E6E7D0F8E415B2
:10F45000C0F818318B685CE7C9B205293FF60BAFDD
:10F46000DFE801F0352B21170D03D0F8EC350092C1
:10F4700080789B690DF10E019847009AB6E7D0F8A5
:10F48000EC35009280785B690DF10E019847009A87
:10F49000ACE7D0F8EC35009280781B690DF10E01D5
:10F4A0009847009AA2E7D0F8EC3500928078DB68A4
:10F4B0000DF10E019847009A98E7D0F8EC350092CC
:10F4C00080789B680DF10E019847009A8EE7D0F87E
:10F4D000EC35009280785B680DF10E019847009A38
:10F4E00084E7D0F8E405CDE900320DF10E01836A1E
:10F4F000A0789847009B4370019AC4F8F00575E71F
:10F50000012384F81231C1E6022380F8123180F819
:10F510001011FEF789FA2046FFF7FAFDB6E608213A
:10F520006DE7082168E700BF2C9F002030A0002075
:10F5300034A00020A498002010B590F81231032BBD
:10F5400082B004460ED10B79012B0BD8D0F8E435EC
:10F5500001919B689847019AD38873B92046FFF7B9
:10F56000D7FD0AE080212046FDF750FF002120460C
:10F57000FDF74CFF2046FFF78FFD002002B010BDC5
:10F5800010B50B46B1F804C05A78012A82B004467F
:10F590005FFA8CF131D0032A1BD0BAB990F812313E
:10F5A000022B2ED0032B3FD11CF0800F51D101EB49
:10F5B000810100EBC10191F87633003B18BF0123B4
:10F5C0002A49022220460B60FFF776FD002002B098
:10F5D00010BD90F81221022A13D0032A24D15A8890
:10F5E00082B3D4F8E425194693682046984720460C
:10F5F000FFF78EFD002002B010BD90F81221022A04
:10F6000004D14B06E2D0FDF701FFDFE7032A0BD15F
:10F610005A88002ADAD14A06E9D00193FDF714FF8F
:10F62000D4F8E4250199DFE780212046FDF7EEFEBE
:10F6300000212046FDF7EAFE2046FFF72DFD0020C1
:10F6400002B010BD4A06CCD00193FDF7DFFE019B4E
:10F65000C7E70CF07F0C0CEB8C0C00EBCC0C9CF88F
:10F660001E31003B18BF0123AAE700BF38A00020CD
:10F67000B0F8CC350B80B0F8CE354B80B0F8D03533
:10F680008B80B0F8D235CB800122C0F8403180F8B1
:10F690001121704710B580210446FDF7B7FE2046C2
:10F6A0000021FDF7B3FE2046BDE81040FFF7F4BC93
:10F6B000037843B300B585B003460130CDE90212AB
:10F6C0000193E9F75DFB0130C0B20299039A019BF7
:10F6D000013040004FF0030C1080087081F801C029
:10F6E000187870B19C464FF0000E02235A1CD2B21B
:10F6F000C85401F802E01CF8010F0233DBB2002805
:10F70000F4D105B000BD704710B5874C86B0206FAE
:10F71000E8F7C8FD82A3D3E90023E8F72DFEE9F757
:10F7200003F99FED827A07EE900AF4EEC77AF1EEC4
:10F7300010FA00F1E6809FED7E6AF4EEC67AF1EEF3
:10F7400010FA00F3DE80606FCDED017A8DED036A73
:10F750008DED027AE8F7A6FD71A3D3E90023E8F75F
:10F760000BFEE9F7E1F8DFED736A05EE900AF4EEBF
:10F77000E65AF1EE10FA00F1C480DFED6F6AF4EEA4
:10F78000E65AF1EE10FA00F3BC80DDED017A9DED52
:10F79000027AF4EEC77AF1EE10FA40F2B680B2EED9
:10F7A000045A87EE850A04908DED025A11F0F0FCA0
:10F7B000FDEEC06A9DED025A9DED036ADDED017A12
:10F7C000DDED045A16EE903A1BB206EE903AF8EED2
:10F7D000E66AF4EEC67A66EE856AF1EE10FAA8BF24
:10F7E00076EEC56AFDEEE66A16EE903A1BB206EEBC
:10F7F000903AF8EEE66A36EE866A86EE057ABDEE57
:10F80000C77A17EE103A1CB2631C9FED4A7AF4EEE9
:10F81000C75AF1EE10FA7DD9F2EE044A85EEA40A39
:10F820000493CDED057ACDED036ACDED024ACDED21
:10F83000015A11F0ADFCBDEEC07A9FED3F6ADDEDDF
:10F84000024ADDED015ADDED036ADDED057A17EEC2
:10F85000103A1BB207EE103AB8EEC77AF4EEC65A69
:10F8600027EE247AF1EE10FAA8BF37EE647A049BF3
:10F87000BDEEC77A17EE102A12B207EE102AB8EEC4
:10F88000C77A37EE065A85EE246ABDEEC66A16EED2
:10F89000102A12B202F1010C35EEC77AF2EE045AC8
:10F8A00087EE256A04EBC40004EB800403EBC3007D
:10F8B000224903EB8003A0181A446444634401EB1B
:10F8C000800001EB830301EB820277EEE67A01EB25
:10F8D000840187EEA55A90ED000AD2ED007AD3EDAF
:10F8E000006A91ED007A76EEE76A37EE407AE6EE4E
:10F8F000267AA6EE070A77EEC07AA5EE270A06B0AA
:10F9000010BD9FED0F0A06B010BDF0EE476A01234F
:10F9100000247AE74FF0010C0022BDE7AFF300802E
:10F9200048AFBC9AF2D77A3EB0A800200000B4C21B
:10F930000000B442000034C300003443D47603080E
:10F94000000000002DE9F04F2DED088B8FB0F2F78D
:10F9500005F8CF4B1B78052B024612D0CD4B00206B
:10F96000197A60F345111972197A890604D5CA48C3
:10F9700001686431914213D90FB0BDEC088BBDE82A
:10F98000F08FC64B93F832100229E7D993F8313043
:10F99000042BC04B40F29B809879C0F30010DFE746
:10F9A000BE490260D1ED227AD1ED216A27EEA77A15
:10F9B000F7EE004AA6EEA67AB1EEC76AB4EEE46AA4
:10F9C000F1EE10FA00F18580B5480078012800F0CA
:10F9D000D780B449B44A91ED007A92ED008AB349D8
:10F9E000DFF8EC82B24DB34EB34F8DED007ACDE926
:10F9F0000113F1F7B3FF32689FEDB06AD5ED007ADD
:10FA0000DFEDAF5A801A07EE100AF8EE476A9DED57
:10FA1000007A66EE666A37EE487AE6EEA57ADDE9A8
:10FA200001139FEDA86AB0EEC77AE7EE467AFFEEC3
:10FA3000006AF4EEE67AF1EE10FA00F1848098EDB7
:10FA4000000AD1ED000AA04A3968C2ED000A60EE52
:10FA5000006AB7EE007AE0EEA06A91600092F4EEE0
:10FA6000C77AB1EEE66AF1EE10FAC8BFF0EE477A57
:10FA7000C2ED057ACDED017A82ED010A82ED036ACD
:10FA80008DED036A11F0B4F8DDED017A009A029B66
:10FA9000B6EE007AF4EEC77AF1EE10FAC0F2F58015
:10FAA000DFED8A7A9DED036AB4EEE76AF1EE10FAB3
:10FAB000CCBF01200020197A82ED040A0A4660F3C7
:10FAC00045121A720FB0BDEC088BBDE8F08F002014
:10FAD00046E77F48754990ED007A91ED006ADFEDC9
:10FAE0007D5A734C77EEC77A76EEC66AA7EEA57A92
:10FAF00080462546D4ED007A80ED007AA6EEA56A10
:10FB000077EEA57AFFEE006AF4EEE67AF1EE10FAEF
:10FB100081ED006A08D4F4EEE47AF1EE10FAD4BF75
:10FB2000F0EE676AF0EE646A5E48634F90ED007A2B
:10FB30005D48C5ED006A80ED007A5E48B0EE478A08
:10FB40000646026051E798ED000AD1ED000A5E4AD0
:10FB50003968019360EE007AC2ED056AE0EEA07AA2
:10FB600091600092C2ED000AB1EEE77A82ED010ADF
:10FB700082ED037A11F03CF8DDE9002300209AE7DA
:10FB8000DFF870C154489CED007ADFF86CC190ED4D
:10FB9000005ADCED005A514827EE256AD0ED003AB4
:10FBA0004F4825EEA54A25EE477AA5EE054A90F87E
:10FBB00000C0A3EE856AA3EEA57AB0EE645AF0EE1B
:10FBC000005AA4EE655A76EE065A91ED234A37EEB6
:10FBD000076ABCF1000F14D1DFF810914149424B84
:10FBE00081ED005AC1ED015A81ED026A0121C3ED98
:10FBF000006AC3ED017A83ED024AC9F80020017062
:10FC0000BAE63A498946096801F57A719142E5D91F
:10FC100034499FED371AD1ED013A91ED002AD1ED2B
:10FC2000021A35EEE33A75EE422A23EE037AF0EE3D
:10FC300061AAA2EEA27A76EE611AA1EEA17AB4EEE2
:10FC4000C17AF1EE10FA59DC27481849DFF88080B4
:10FC5000174DDFF850B0DFF850A0164E164F009049
:10FC6000C9F800201F4A9BED007A82ED005AC2EDD0
:10FC7000015A82ED026A009A9AED008AC2ED006A8A
:10FC8000C2ED017A82ED024AAFE6002013E700BF21
:10FC9000A87D0020AC7D00203CA00020B0A8002062
:10FCA000758E00202811002048A0002078A0002098
:10FCB0006CA000204CA0002070A000206F12833A9E
:10FCC000CDCC4C3D0AD7A33C7CA000209A99993E0C
:10FCD00074A00020CDCCCC3DD80F0020DC0F00203C
:10FCE00044A0002060A0002054A0002050A00020CC
:10FCF0000AD7233DE00F0020D40F0020CDE90C32BD
:10FD0000AB4BCDED047A93ED00BACDED0B4A9B469B
:10FD1000A84B009393ED019AD3ED008AD3ED029A9C
:10FD2000A54BCDED0A3A37EEC90AB1EEC71A9A468D
:10FD300036EEE87A60EE000A74EE691AE7EE070A1A
:10FD4000D3ED00BACDED012AE1EEA10A8DED092A2D
:10FD5000F0EE607AF0EE470AB1EEE77A8DED086AD0
:10FD600087EE018ACDED075A8DED065ACDED056A75
:10FD70008DED034A8DED023A10F03AFFDDED010AF8
:10FD8000B0EE40AA9DED020A10F032FF3AEE403A82
:10FD9000B0EE430A8DED023A11F078F88DED010ACC
:10FDA0009DED020A11F032F8DDED075ADDED0A3A59
:10FDB0009DED065A9DED092ADDED010ADDED047A7F
:10FDC000DDED056A9DED086A9DED034A7B4B7C499C
:10FDD000DDED0B4A75EEA33A35EE022A23EE801ACA
:10FDE00060EEE33AA2EE201A9846E2EE003A79EE8F
:10FDF000271A76EE2A2AE1EE481A38EEA63A39EEAC
:10FE0000847AA3EEC83AA2EEC87AF6EE002A61EE32
:10FE1000A23A27EE227A23EE223A63EEA32A91ED4C
:10FE2000002AE3EE032AB1EE001AE7EE072AF1EE0C
:10FE3000E21AD3ED002A634B62EEA22A1F46E2EEDD
:10FE4000022A93ED002AE2EE022ADDE90C32B1EE3D
:10FE5000E22A72EE012AF4EEE12AF1EE10FA09DC50
:10FE600059485A4D90ED007A594E37EE247A80ED7C
:10FE7000007AF5E60B918DED097ACDED083A8DED1E
:10FE8000073A8DED064ACDED057ACDED046A8DED8C
:10FE9000036ACDED025A8DED015ACDED0A4AF1F714
:10FEA0005DFD4B4B494ADFED4B0A92ED002A9FED79
:10FEB0004A0A9DED015ADDED025A9DED036ADDED22
:10FEC000046A9DED064A9DED073ADDED083A9DED89
:10FED000097A1E461B68C01A07EE900AB8EE671A28
:10FEE000DFED3E7A60EEC10AB0EE421AA0EEA71A2C
:10FEF0001546DDE90B137BEE6B1AFFEE002AF0EEE0
:10FF0000E11AA1EEC01A0D9ADDED057AB4EEE21AFF
:10FF1000F1EE10FA46D4DDED0A4AB4EEE41AF1EE41
:10FF200010FAD8BFF0EE414AF7EE000A70EEE44A4C
:10FF3000DFED2B1ADFED282A91ED001AE4EEA12A5D
:10FF4000D7ED004AD8ED001A37EE647A73EEE13A45
:10FF5000E7EE224A33EE413A9FED227AE3EEA21A0F
:10FF6000A3EE221A32EE077AF0EE643AFFEE004A70
:10FF7000B4EEE47AF1EE10FA81ED001AC8ED001A41
:10FF8000C7ED003A11D4B4EEE07AF1EE10FAC8BF32
:10FF9000B0EE607ADBF8000085ED007A3260CAF8D6
:10FFA00000005DE6F0EE624ABEE7B0EE647AF1E78B
:10FFB0002811002054A0002048A0002074A0002098
:10FFC00078A0002070A0002040A000206CA000209D
:10FFD0004CA000206F12833A0AD7A33CCDCC4C3DF5
:10FFE0000AD7A33DCDCCCC3D2DE9F041F1F7F2FB92
:10FFF0001C4F00F5FA6405E0F1F7ECFBA04271F14B
:020000040802F0
:1000000000012BD2387802F007F805460028F3D11A
:10001000F1F7E0FB2E4600F127044FF00108F1F75D
:10002000D9FBA04271F10001F9D3387801F0F4FF57
:1000300008FA06F32B439BB20136002818BF1D4671
:100040000A2E04F13404EAD140F201232B40B3F527
:10005000007F03D1C5F34F00BDE8F0814FF0FF30C2
:10006000BDE8F081C3A000202DE9F047664E471E91
:1000700000F10109307802F00BF84FF0000840F26F
:10008000014A17F8015FF1F7A5FB4AEA8505ADB211
:10009000E90700F1340430780ED501F0D3FF6D0884
:1000A0000ED0F1F797FBA04271F10001F9D3E907F7
:1000B000307804F13404F0D46D0801F0D1FFF0E79A
:1000C0003B7883EA080202F0010202EB820102EBB4
:1000D000413080EA580080B280EA530202F0010207
:1000E00002EB820102EB413181EA500189B281EADF
:1000F000930202F0010202EB820002EB403080EA40
:10010000510080B280EAD30202F0010202EB8201C8
:1001100002EB413181EA500189B281EA131202F007
:10012000010202EB820002EB403080EA510080B213
:1001300080EA531202F0010202EB820102EB41312C
:1001400081EA500189B281EA931202F0010202EBC6
:10015000820002EB403282EA510292B282EAD31369
:1001600003F0010303EB830103EB413383EA520302
:100170004F451FFA83F884D14FEA880505F47F754F
:10018000F1F728FB45F4806545F00105EA0700F129
:10019000340430780ED501F055FF6D080ED0F1F71C
:1001A00019FBA04271F10001F9D3EA07307804F19C
:1001B0003404F0D46D0801F053FFF0E74FEA18283B
:1001C00040F20145F1F706FB45EA8805ADB2EB07C1
:1001D00000F1340430780ED501F034FF6D080ED0F4
:1001E000F1F7F8FAA04271F10001F9D3EB0730788A
:1001F00004F13404F0D46D0801F032FFF0E73078F8
:10020000BDE8F04701F03ABFC3A0002070B582B04E
:100210000C888DF8040001A80D468DF80540FFF705
:1002200023FF002C6BD06D6800262C4403E005F8FA
:10023000011BAC4264D0FFF7D7FEC1B281EA0603CE
:1002400003F0010303EB830203EB423CC6F34E06CB
:100250008CEA060C1FFA8CFC8CEA510303F00103B4
:1002600003EB830203EB423282EA5C0292B282EA3F
:10027000910303F0010303EB830603EB463C8CEA96
:10028000520C1FFA8CFC8CEAD10303F0010303EB40
:10029000830203EB423282EA5C0292B282EA1113D9
:1002A00003F0010303EB830603EB463C8CEA520C9C
:1002B0001FFA8CFC8CEA511303F0010303EB830259
:1002C00003EB423282EA5C0292B282EA911303F0BB
:1002D000010303EB830603EB463383EA52039BB22D
:1002E00083EAD11202F0010202EB820602EB4632EF
:1002F000013082EA53069AD1002002B070BD264632
:100300000224FFF771FEC3B283EA060101F0010186
:1003100001EB810201EB4235C6F34E067540ADB2EA
:1003200085EA530202F0010202EB820102EB413145
:1003300081EA550189B281EA930202F0010202EBDF
:10034000820502EB453585EA5105ADB285EAD30257
:1003500002F0010202EB820102EB413181EA550118
:1003600089B281EA131202F0010202EB820502EB6C
:10037000453585EA5105ADB285EA531202F0010216
:1003800002EB820102EB413181EA550189B281EA37
:10039000931202F0010202EB820502EB453282EA7F
:1003A000510292B282EAD31303F0010303EB8301FB
:1003B00003EB413383EA520301309EB29CD0012CFF
:1003C0000DD1FFF711FE431C96D0002E94D1C0B280
:1003D000A0F13000B0FA80F0400902B070BD0124F5
:1003E0008FE700BF2DE9F04F03888A4F834685B021
:1003F000BBF8001038780191FE225BBAADF80C20F2
:10040000ADF80E3001F044FE4FF0000840F2014A12
:100410000DF10C0919F8016BF1F7DCF94AEA8605D0
:10042000ADB205F0010300F134046D0838787BB1FA
:1004300001F008FE7DB1F1F7CDF9A04271F10001A4
:10044000F9D305F00103387834346D08002BEFD16F
:1004500001F006FEEFE786EA080303F0010303EB71
:10046000830203EB423282EA580292B282EA5603D6
:1004700003F0010303EB830103EB413181EA5201F5
:1004800089B281EA960303F0010303EB830203EBD5
:10049000423282EA510292B282EAD60303F00103A9
:1004A00003EB830103EB413181EA520189B281EA16
:1004B000161303F0010303EB830203EB423282EADB
:1004C000510292B282EA561303F0010303EB830157
:1004D00003EB413181EA520189B281EA961303F0BC
:1004E000010303EB830203EB423282EA510292B230
:1004F00082EAD61303F0010303EB830103EB4133DC
:1005000083EA52031FFA83F804AB994582D14FEA7C
:10051000880505F47F75F1F75DF945F4806545F0D0
:100520000105EE0700F1340438780ED501F08AFD9C
:100530006D080ED0F1F74EF9A04271F10001F9D328
:10054000EE07387804F13404F0D46D0801F088FD2A
:10055000F0E74FEA182840F20146F1F73BF946EA86
:100560008806B6B2F10700F1340438780ED501F0F0
:1005700069FD76080ED0F1F72DF9A04271F1000166
:10058000F9D3F107387804F13404F0D4760801F097
:1005900067FDF0E7387801F071FD032401E0013CCC
:1005A0000AD0FFF721FD421CF9D0C0B2FF2803D0CA
:1005B000002005B0BDE8F08F3878DBF8044001F08A
:1005C00067FD019B002B00F0D780A04603EB040AD7
:1005D00040F2014918F8015BF1F7FCF849EA85059A
:1005E000ADB2EB0700F1340438780ED501F02AFDE6
:1005F0006D0811D0F1F7EEF8A04271F10001F9D3C6
:10060000EB07387804F13404F0D46D0801F028FDCC
:10061000F0E700BFC3A0002018F8013C83EA0602FF
:1006200002F0010202EB820102EB413080EA560047
:1006300080B280EA530202F0010202EB820102EB77
:10064000413181EA500189B281EA930202F001024C
:1006500002EB820002EB403080EA510080B280EA77
:10066000D30202F0010202EB820102EB413181EA86
:10067000500189B281EA131202F0010202EB8200FA
:1006800002EB403080EA510080B280EA531202F05F
:10069000010202EB820102EB413181EA500189B291
:1006A00081EA931202F0010202EB820002EB403277
:1006B00082EA510292B282EAD31303F0010303EB00
:1006C000830103EB413383EA5203D0459EB281D1CB
:1006D000B30040F20142340A03F47F7642EA840414
:1006E0001643A4B2B6B2F1F775F8F10700F134057C
:1006F00038780ED501F0A6FC76080ED0F1F76AF82E
:10070000A84271F10001F9D3F107387805F13405F9
:10071000F0D4760801F0A4FCF0E7F1F75BF8E2070B
:1007200000F1340538780ED501F08CFC64080ED049
:10073000F1F750F8A84271F10001F9D3E2073878D7
:1007400005F13405F0D4640801F08AFCF0E738784C
:1007500001F094FC292402E0013C3FF429AFFFF7AB
:1007600043FC431CF8D0C0B2A0F13000B0FA80F0D6
:10077000400905B0BDE8F08F40F201463446B2E7CB
:100780002DE9F04F334D344E002389B0834603608A
:100790000FCD02AC0FC495E8030044F8040B307889
:1007A000217001F075FC0DF107084746A24640F2A2
:1007B000014917F8014FF1F70DF849EA8404A4B292
:1007C00004F0010300F13405640830787BB101F0D6
:1007D00039FC7CB1F0F7FEFFA84271F10001F9D3BA
:1007E00004F00103307834356408002BEFD101F0B8
:1007F00037FCEFE7BA45DCD1307801F03FFC0DF172
:10080000FF34FFF7F1FB421C10D004F8010FA045A4
:10081000F7D1FFF7E9FB431C08D0C0B2302805D15F
:10082000BDF8002043F234739A4203D0002009B08F
:10083000BDE8F08F9DF80230312BF7D1BDF80430C0
:100840009DF803208BF802205BBAABF80030012042
:10085000EDE700BF38520308C3A0002000B583B005
:10086000FD2301A8ADF80430FFF7FEFBFFF7BCFB4A
:10087000421C07D1FFF7B8FB431C08BF002001D181
:1008800003B000BDC0B2A0F1C100B0FA80F04009D1
:1008900003B000BD00B583B0002301A8ADF804305B
:1008A000FFF7E2FB03B000BD2DE9F04F43884FF6A0
:1008B000FF72934283B0074600F0E280744E5BBA49
:1008C000FF223078ADF80420ADF8063001F0E0FBEF
:1008D0004FF0000940F2014B0DF1040A1AF8018BA8
:1008E000F0F778FF4BEA8804A4B204F0010300F1AA
:1008F0003405640830787BB101F0A4FB7CB1F0F7DB
:1009000069FFA84271F10001F9D304F001033078C6
:1009100034356408002BEFD101F0A2FBEFE789EA40
:10092000080303F0010303EB830203EB423282EA84
:10093000590292B282EA580303F0010303EB8301E8
:1009400003EB413181EA520189B281EA980303F055
:10095000010303EB830203EB423282EA510292B2BB
:1009600082EAD80303F0010303EB830103EB413177
:1009700081EA520189B281EA181303F0010303EB03
:10098000830203EB423282EA510292B282EA5813A6
:1009900003F0010303EB830103EB413181EA5201D0
:1009A00089B281EA981303F0010303EB830203EB9E
:1009B000423282EA510292B282EAD81303F0010372
:1009C00003EB830103EB413383EA52031FFA83F9FC
:1009D00002AB9A4582D14FEA890505F47F75F0F79D
:1009E000F9FE45F4806545F00105E90700F134049E
:1009F00030780ED501F026FB6D080ED0F0F7EAFE38
:100A0000A04271F10001F9D3E907307804F1340410
:100A1000F0D46D0801F024FBF0E74FEA192940F209
:100A20000145F0F7D7FE45EA8905ADB2EA0700F1C6
:100A3000340430780ED501F005FB6D080ED0F0F7C8
:100A4000C9FEA04271F10001F9D3EA07307804F140
:100A50003404F0D46D0801F003FBF0E7307801F0C6
:100A60000DFB032401E0013C06D0FFF7BDFA431C57
:100A7000F9D0C0B2302803D0002003B0BDE8F08F19
:100A80003946072003B0BDE8F04FFFF7BFBB00BFFA
:100A9000C3A000202DE9F04F43884FF6FF72934228
:100AA00083B0074600F0E280744E5BBAFF223078D4
:100AB000ADF80420ADF8063001F0EAFA4FF0000975
:100AC00040F2014B0DF1040A1AF8018BF0F782FE97
:100AD0004BEA8804A4B204F0010300F13405640871
:100AE00030787BB101F0AEFA7CB1F0F773FEA8422A
:100AF00071F10001F9D304F0010330783435640852
:100B0000002BEFD101F0ACFAEFE789EA080303F01C
:100B1000010303EB830203EB423282EA590292B2F1
:100B200082EA580303F0010303EB830103EB413135
:100B300081EA520189B281EA980303F0010303EBD1
:100B4000830203EB423282EA510292B282EAD80374
:100B500003F0010303EB830103EB413181EA52010E
:100B600089B281EA181303F0010303EB830203EB5C
:100B7000423282EA510292B282EA581303F0010330
:100B800003EB830103EB413181EA520189B281EA2F
:100B9000981303F0010303EB830203EB423282EA72
:100BA000510292B282EAD81303F0010303EB8301EE
:100BB00003EB413383EA52031FFA83F902AB9A45F0
:100BC00082D14FEA890505F47F75F0F703FE45F4FD
:100BD000806545F00105E90700F1340430780ED551
:100BE00001F030FA6D080ED0F0F7F4FDA04271F17B
:100BF0000001F9D3E907307804F13404F0D46D082A
:100C000001F02EFAF0E74FEA192940F20145F0F71A
:100C1000E1FD45EA8905ADB2EA0700F13404307818
:100C20000ED501F00FFA6D080ED0F0F7D3FDA042FB
:100C300071F10001F9D3EA07307804F13404F0D4FB
:100C40006D0801F00DFAF0E7307801F017FA03248F
:100C500001E0013C06D0FFF7C7F9431CF9D0C0B250
:100C6000302803D0002003B0BDE8F08F39460320C0
:100C700003B0BDE8F04FFFF7C9BA00BFC3A0002022
:100C80002DE9F04F43884FF6FF72934283B0074639
:100C900000F0E280744E5BBAFF223078ADF8042099
:100CA000ADF8063001F0F4F94FF0000940F2014BC5
:100CB0000DF1040A1AF8018BF0F78CFD4BEA880459
:100CC000A4B204F0010300F13405640830787BB16C
:100CD00001F0B8F97CB1F0F77DFDA84271F1000197
:100CE000F9D304F00103307834356408002BEFD1D8
:100CF00001F0B6F9EFE789EA080303F0010303EB1B
:100D0000830203EB423282EA590292B282EA58032A
:100D100003F0010303EB830103EB413181EA52014C
:100D200089B281EA980303F0010303EB830203EB2A
:100D3000423282EA510292B282EAD80303F00103FE
:100D400003EB830103EB413181EA520189B281EA6D
:100D5000181303F0010303EB830203EB423282EA30
:100D6000510292B282EA581303F0010303EB8301AC
:100D700003EB413181EA520189B281EA981303F011
:100D8000010303EB830203EB423282EA510292B287
:100D900082EAD81303F0010303EB830103EB413331
:100DA00083EA52031FFA83F902AB9A4582D14FEAD4
:100DB000890505F47F75F0F70DFD45F4806545F074
:100DC0000105E90700F1340430780ED501F03AF955
:100DD0006D080ED0F0F7FEFCA04271F10001F9D3CE
:100DE000E907307804F13404F0D46D0801F038F9E3
:100DF000F0E74FEA192940F20145F0F7EBFC45EA2C
:100E00008905ADB2EA0700F1340430780ED501F05F
:100E100019F96D080ED0F0F7DDFCA04271F1000168
:100E2000F9D3EA07307804F13404F0D46D0801F006
:100E300017F9F0E7307801F021F9032401E0013CD3
:100E400006D0FFF7D1F8431CF9D0C0B2302803D048
:100E5000002003B0BDE8F08F3946042003B0BDE8A0
:100E6000F04FFFF7D3B900BFC3A000202DE9F04F2A
:100E700043884FF6FF72934283B000F0E380804FC7
:100E80005BBAFF223878ADF80420ADF8063001F0E7
:100E9000FFF80DF1040B4FF0000840F2014AD9466B
:100EA00019F8016BF0F796FC4AEA8605ADB205F039
:100EB000010300F134046D0838787BB101F0C2F809
:100EC0007DB1F0F787FCA04271F10001F9D305F084
:100ED0000103387834346D08002BEFD101F0C0F8ED
:100EE000EFE786EA080303F0010303EB830203EB59
:100EF000423282EA580292B282EA560303F00103B8
:100F000003EB830103EB413181EA520189B281EAAB
:100F1000960303F0010303EB830203EB423282EA00
:100F2000510292B282EAD60303F0010303EB83017C
:100F300003EB413181EA520189B281EA161303F0D1
:100F4000010303EB830203EB423282EA510292B2C5
:100F500082EA561303F0010303EB830103EB4131F3
:100F600081EA520189B281EA961303F0010303EB8F
:100F7000830203EB423282EA510292B282EAD61332
:100F800003F0010303EB830103EB413383EA5203D4
:100F90001FFA83F802AB994582D14FEA880505F420
:100FA0007F75F0F717FC45F4806545F00105EE0705
:100FB00000F1340438780ED501F044F86D080ED0F5
:100FC000F0F708FCA04271F10001F9D3EE07387880
:100FD00004F13404F0D46D0801F042F8F0E74FEA70
:100FE000182840F20145F0F7F5FB45EA8805ADB257
:100FF000E90700F1340438780ED501F023F86D08C4
:101000000ED0F0F7E7FBA04271F10001F9D3E90738
:10101000387804F13404F0D46D0801F021F8F0E7D9
:10102000387801F02BF8032401E0013C06D0FEF7EC
:10103000DBFF421CF9D0C0B2302805D0002003B03D
:10104000BDE8F08F0DF1040B4FF481735846ADF8F5
:1010500004301524FFF708F801E0013C0CD0FEF73E
:10106000C3FF431CF9D0C0B2A0F13000B0FA80F049
:10107000400903B0BDE8F08F204603B0BDE8F08F13
:10108000C3A000202DE9F04F43884FF6FF72934232
:1010900083B0074600F0E280814E5BBAFF223078D1
:1010A000ADF80420ADF8063000F0F2FF4FF0000973
:1010B00040F2014B0DF1040A1AF8018BF0F78AFB9C
:1010C0004BEA8804A4B204F0010300F1340564087B
:1010D00030787BB100F0B6FF7CB1F0F77BFBA84223
:1010E00071F10001F9D304F001033078343564085C
:1010F000002BEFD100F0B4FFEFE789EA080303F01B
:10110000010303EB830203EB423282EA590292B2FB
:1011100082EA580303F0010303EB830103EB41313F
:1011200081EA520189B281EA980303F0010303EBDB
:10113000830203EB423282EA510292B282EAD8037E
:1011400003F0010303EB830103EB413181EA520118
:1011500089B281EA181303F0010303EB830203EB66
:10116000423282EA510292B282EA581303F001033A
:1011700003EB830103EB413181EA520189B281EA39
:10118000981303F0010303EB830203EB423282EA7C
:10119000510292B282EAD81303F0010303EB8301F8
:1011A00003EB413383EA52031FFA83F902AB9A45FA
:1011B00082D14FEA890505F47F75F0F70BFB45F402
:1011C000806545F00105EB0700F1340430780ED559
:1011D00000F038FF6D080ED0F0F7FCFAA04271F174
:1011E0000001F9D3EB07307804F13404F0D46D0832
:1011F00000F036FFF0E74FEA192940F20145F0F719
:10120000E9FA45EA8905ADB2E90700F1340430781E
:101210000ED500F017FF6D080ED0F0F7DBFAA042F4
:1012200071F10001F9D3E907307804F13404F0D406
:101230006D0800F015FFF0E7307800F01FFF032481
:1012400001E0013C06D0FEF7CFFE421CF9D0C0B24F
:10125000302803D0002003B0BDE8F08F3846FFF7F8
:10126000C1F80028F6D040F2051301A8ADF804300B
:1012700040F2DD54FEF7F8FE01E0013C0CD0FEF731
:10128000B3FE431CF9D0C0B2A0F13000B0FA80F038
:10129000400903B0BDE8F08F204603B0BDE8F08FF1
:1012A000C3A000202DE9F04F43884FF6FF72934210
:1012B00083B0074600F0E280814E5BBAFF223078AF
:1012C000ADF80420ADF8063000F0E2FE4FF0000962
:1012D00040F2014B0DF1040A1AF8018BF0F77AFA8B
:1012E0004BEA8804A4B204F0010300F13405640859
:1012F00030787BB100F0A6FE7CB1F0F76BFAA84223
:1013000071F10001F9D304F0010330783435640839
:10131000002BEFD100F0A4FEEFE789EA080303F009
:10132000010303EB830203EB423282EA590292B2D9
:1013300082EA580303F0010303EB830103EB41311D
:1013400081EA520189B281EA980303F0010303EBB9
:10135000830203EB423282EA510292B282EAD8035C
:1013600003F0010303EB830103EB413181EA5201F6
:1013700089B281EA181303F0010303EB830203EB44
:10138000423282EA510292B282EA581303F0010318
:1013900003EB830103EB413181EA520189B281EA17
:1013A000981303F0010303EB830203EB423282EA5A
:1013B000510292B282EAD81303F0010303EB8301D6
:1013C00003EB413383EA52031FFA83F902AB9A45D8
:1013D00082D14FEA890505F47F75F0F7FBF945F4F2
:1013E000806545F00105EB0700F1340430780ED537
:1013F00000F028FE6D080ED0F0F7ECF9A04271F174
:101400000001F9D3EB07307804F13404F0D46D080F
:1014100000F026FEF0E74FEA192940F20145F0F707
:10142000D9F945EA8905ADB2E90700F1340430780D
:101430000ED500F007FE6D080ED0F0F7CBF9A042F4
:1014400071F10001F9D3E907307804F13404F0D4E4
:101450006D0800F005FEF0E7307800F00FFE032481
:1014600001E0013C06D0FEF7BFFD421CF9D0C0B23E
:10147000302803D0002003B0BDE8F08F3846FEF7D7
:10148000B1FF0028F6D040F2011301A8ADF80430F6
:101490001524FEF7E9FD01E0013C0CD0FEF7A4FDA8
:1014A000431CF9D0C0B2A0F13000B0FA80F040097E
:1014B00003B0BDE8F08F204603B0BDE8F08F00BF59
:1014C000C3A000202DE9F041F0F784F9234D074631
:1014D00000F1FA064FF0000805E0F0F77BF98642CC
:1014E00078EB010134D3287800F096FD04460028FB
:1014F000F3D105E0F0F76EF9864274EB010127D3D2
:10150000287800F091FD80460028F3D1F0F762F9C9
:10151000134B144A1B68C01B984210601CD807F577
:10152000FA7705E0F0F756F9874278EB01010FD31F
:10153000287800F071FD04460028F3D1287800F0E7
:1015400073FD38B1F0F746F9874274EB0101F5D22B
:101550004FF0FF30BDE8F0810120FBE7C3A0002081
:1015600098A000209CA000202DE9F047864E874DD2
:10157000602382B02B603378122B8046894621D0BD
:10158000152B1FD0012B0CBF02248C24FFF79AFFD0
:1015900001301AD00A24FFF795FF01300ED0013C2C
:1015A000F9D17B4B1A68930803EB52032B6001E0DF
:1015B000012811D1FFF786FF411CF9D1002002B0AC
:1015C000BDE8F08744F6206401E0013CF6D0FFF767
:1015D00079FF0130F9D0DDE76E4D00242C702746ED
:1015E000FFF770FF421C00FA07F044EA000407F11D
:1015F0000107E4B2E2D0082FF2D12B781B2C83EA4A
:1016000004032B70DAD100273C46FFF75BFF431C35
:1016100000FA04F040EA070004F10104C7B2CDD09B
:10162000082CF2D15C4B1A782B78BA4283EA070374
:101630002B70C3D100242746FFF744FF411C00FA5A
:1016400007F044EA000407F10107E4B200F09880D3
:10165000082FF1D12B7863402B704FEA042A002722
:101660003C46FFF72FFF421C00FA04F047EA000750
:1016700004F10104FFB2A1D0082CF2D12B784AEA80
:1016800007025F40531EB3F5817F92462F7095D8B5
:1016900000273C46FFF716FF431C00FA04F047EA18
:1016A000000704F10104FFB288D0082CF2D12B7896
:1016B0000E2F83EA07032B7080D100221746019278
:1016C000FFF700FF019A00FA07F31343441C07F1E8
:1016D0000107DAB23FF472AF082FF0D12B783178DE
:1016E000534091422B707FF469AF00263746FFF7D5
:1016F000E9FE00FA07F33343411C07F10107DEB2AC
:101700003FF45CAF082FF2D12B7873402B70002E82
:101710007FF454AFBAF1020F1DDDAAF1020A34467C
:1017200000231F460193FFF7CDFE019B421C00FAE8
:1017300007F043EA000307F101073FF43FAF082F2A
:10174000F0D14C452978B8BF08F80430013459402D
:1017500054452970E4D10024FFF7B4FE431C00FA7D
:1017600004F046EA000604F1010404D0082CF3D189
:101770002B785E402E702878B0FA80F040091EE782
:101780006FF0FF0A6BE700BF96A0002098A0002032
:101790009CA0002095A0002097A0002070B51B4AB7
:1017A0001B4E137843400446137008250EE000F0EA
:1017B00049FC4020F0F74CF8307800F051FC402014
:1017C000F0F746F8013D4FEA54041DD0E3073078A6
:1017D000EDD400F037FC2020F0F73AF8307800F034
:1017E0003FFC2020F0F734F8307800F02BFC20206C
:1017F000F0F72EF8307800F033FC2020F0F728F8CE
:10180000013D4FEA5404E1D170BD00BF94A0002017
:10181000C3A000202DE9F041324EB0F80080324FD5
:101820000546307800F034FCFF20FFF7B7FFFF20BB
:10183000FFF7B4FF7F200024FFF7B0FF1B203C70B0
:10184000FFF7ACFF294B18780130C0B208F10A0845
:101850001870FFF7A3FFC8F30720FFF79FFF5FFA99
:1018600088F0FFF79BFF0E20FFF798FF204B1878BA
:10187000FFF794FF2888000AFFF790FF2878FFF70A
:101880008DFF2046FFF78AFF2046FFF787FF20469F
:10189000FFF784FF2046FFF781FF2046FFF77EFF1A
:1018A0002046FFF77BFF2046FFF778FF2B883BB1F0
:1018B0006B68185DFFF772FF2B880134A342F7DCD9
:1018C0003878FFF76BFF307800F0BCFB2020EFF793
:1018D000BFFF307800F0D2FBBDE8F0410548102191
:1018E000FFF742BEC3A0002094A0002097A00020D4
:1018F00096A00020A0A00020F8B51D4C1D4B20781C
:101900001D4E01251D7000F0C3FBFF20FFF746FFB1
:10191000FF20FFF743FF7F20FFF740FF00271B203A
:101920003770FFF73BFF154B18782844C0B218708A
:10193000FFF734FF3846FFF731FF2846FFF72EFF49
:101940000E20FFF72BFF2846FFF728FF3078FFF720
:1019500025FF207800F076FB2020EFF779FF207834
:1019600000F08CFBBDE8F84005481021FFF7FCBDF6
:10197000C3A0002096A0002094A0002097A00020E3
:10198000A0A000202DE9F04F5A4D5B4FDFF8708189
:10199000DFF8709185B00124019028783C7000F048
:1019A00077FBFF20FFF7FAFEFF20FFF7F7FE7F200F
:1019B000FFF7F4FE00261B2088F80060FFF7EEFE1C
:1019C00099F800002044C0B289F80000FFF7E6FE55
:1019D0003046FFF7E3FE2046FFF7E0FE0E20FFF75C
:1019E000DDFE2046FFF7DAFE98F80000FFF7D6FE8E
:1019F000287800F027FB2020EFF72AFF287800F056
:101A00003DFB3E481021FFF7AFFD002852D00DF1FD
:101A10000C0B28784FF01D0A87F800A000F038FB67
:101A2000FF20FFF7BBFEFF20FFF7B8FE7F2000245A
:101A3000FFF7B4FE1B2088F80040FFF7AFFE99F8CF
:101A400000000130C0B289F80000FFF7A7FE204671
:101A5000FFF7A4FE0820FFF7A1FE0E20FFF79EFE71
:101A60005046FFF79BFE0420FFF798FE0420FFF787
:101A700095FE2046FFF792FE3020FFF78FFE2046AE
:101A8000FFF78CFEF0B2FFF789FE2046FFF786FED7
:101A900098F80000FFF782FE287800F0D3FA2020A3
:101AA000EFF7D6FE287800F0E9FA14481021FFF786
:101AB0005BFD10B905B0BDE8F08F104B1A78013608
:101AC0004AB95A78302A00D02AB90C4B9A7812B900
:101AD000DA788BF80020032E0BF1010B99D1BDF8B9
:101AE0000D3001999DF80C208A705BBA0B8005B00F
:101AF000BDE8F08FC3A0002096A00020A0A0002089
:101B000094A0002097A00020F8B5264C264F2078FE
:101B1000264E12233B7000F0BBFAFF20FFF73EFE7B
:101B2000FF20FFF73BFE7F20FFF738FE00251B203C
:101B30003570FFF733FE1E4B18780130C0B21870B5
:101B4000FFF72CFE2846FFF729FE0720FFF726FEA9
:101B50000E20FFF723FE3878FFF720FE1420FFF752
:101B60001DFE2846FFF71AFEAC20FFF717FE88205F
:101B7000FFF714FE1320FFF711FE7620FFF70EFE8D
:101B80003078FFF70BFE207800F05CFA2020EFF7AA
:101B90005FFE207800F072FABDE8F8400548102199
:101BA000FFF7E2BCC3A0002096A0002094A0002074
:101BB00097A00020A0A0002042882DE9F8434FF60E
:101BC000FF739A42044600F093804C4DDFF83C814D
:101BD00028784B4E4B4F062388F8003000F058FA17
:101BE000FF20FFF7DBFDFF20FFF7D8FD7F20FFF789
:101BF000D5FD4FF000091B2086F80090FFF7CEFDC1
:101C000038780130C0B23870FFF7C8FD4846FFF79A
:101C1000C5FD0520FFF7C2FD0E20FFF7BFFD062022
:101C2000FFF7BCFD4846FFF7B9FD4846FFF7B6FD94
:101C30006088000AFFF7B2FDA078FFF7AFFD3078AB
:101C4000FFF7ACFD287800F0FDF92020EFF700FE4B
:101C5000287800F013FA2C481021FFF785FC0028A3
:101C600044D01423287888F8003000F011FAFF20BF
:101C7000FFF794FDFF20FFF791FD7F20FFF78EFD1A
:101C80004FF000091B2086F80090FFF787FD387899
:101C90000130C0B23870FFF781FD4846FFF77EFD86
:101CA0000420FFF77BFD0E20FFF778FD98F8000079
:101CB000FFF774FD2088000AFFF770FD2078FFF71A
:101CC0006DFDA020FFF76AFD3078FFF767FD2878EB
:101CD00000F0B8F92020EFF7BBFD287800F0CEF92E
:101CE00021886068BDE8F843FFF73EBCBDE8F88393
:101CF000DFF81880014D024E024FB2E7C3A000206A
:101D000094A0002097A00020A0A0002096A0002072
:101D100042882DE9F8434FF6FF739A42044600F0DB
:101D200093804C4DDFF83C8128784B4E4B4F062377
:101D300088F8003000F0ACF9FF20FFF72FFDFF20FE
:101D4000FFF72CFD7F20FFF729FD4FF000091B2036
:101D500086F80090FFF722FD38780130C0B2387065
:101D6000FFF71CFD4846FFF719FD0520FFF716FD9C
:101D70000E20FFF713FD0620FFF710FD4846FFF782
:101D80000DFD4846FFF70AFD6088000AFFF706FDD3
:101D9000A078FFF703FD3078FFF700FD287800F00A
:101DA00051F92020EFF754FD287800F067F92C480E
:101DB0001021FFF7D9FB002844D01623287888F893
:101DC000003000F065F9FF20FFF7E8FCFF20FFF787
:101DD000E5FC7F20FFF7E2FC4FF000091B2086F8AE
:101DE0000090FFF7DBFC38780130C0B23870FFF7A5
:101DF000D5FC4846FFF7D2FC0420FFF7CFFC0E20AD
:101E0000FFF7CCFC98F80000FFF7C8FC2088000A18
:101E1000FFF7C4FC2078FFF7C1FCA020FFF7BEFC51
:101E20003078FFF7BBFC287800F00CF92020EFF7A2
:101E30000FFD287800F022F921886068BDE8F8439A
:101E4000FFF792BBBDE8F883DFF81880014D024E22
:101E5000024FB2E7C3A0002094A0002097A000206A
:101E6000A0A0002096A0002070B542884FF6FF7316
:101E70009A4282B0044656D02C4E2D4B30780193B6
:101E80000621197000F004F9FF20FFF787FCFF20FE
:101E9000FFF784FC7F20FFF781FC264A00251B20EA
:101EA0001570FFF77BFCDFF894C09CF80000013050
:101EB000C0B28CF80000FFF771FC2846FFF76EFCFB
:101EC0000520FFF76BFC0E20FFF768FC0620FFF7EC
:101ED00065FC2846FFF762FC2846FFF75FFC608838
:101EE000000AFFF75BFCA078FFF758FC114A107856
:101EF000FFF754FC307800F0A5F82020EFF7A8FC9D
:101F0000307800F0BBF80C481021FFF72DFB019B47
:101F100038B1132220461A7002B0BDE87040FFF7B6
:101F200079BC02B070BD024BF3E700BFC3A0002034
:101F300096A0002094A00020A0A0002097A0002040
:101F400070B542884FF6FF739A4282B0044656D06D
:101F50002C4E2D4B307801930621197000F098F823
:101F6000FF20FFF71BFCFF20FFF718FC7F20FFF787
:101F700015FC264A00251B201570FFF70FFCDFF823
:101F800094C09CF800000130C0B28CF80000FFF74C
:101F900005FC2846FFF702FC0520FFF7FFFB0E209B
:101FA000FFF7FCFB0620FFF7F9FB2846FFF7F6FBDF
:101FB0002846FFF7F3FB6088000AFFF7EFFBA078E5
:101FC000FFF7ECFB114A1078FFF7E8FB307800F0E0
:101FD00039F82020EFF73CFC307800F04FF80C483F
:101FE0001021FFF7C1FA019B38B1152220461A7063
:101FF00002B0BDE87040FFF70DBC02B070BD024BEF
:10200000F3E700BFC3A0002096A0002094A000200A
:10201000A0A0002097A00020024B342202FB003039
:10202000FAF736B86874030808B5054B342202FB8A
:102030000030FAF72DF8B0FA80F0400908BD00BF73
:10204000687403083422054B02FB00F01A5C02B9E5
:102050007047043001211844FAF71EB8647403086D
:102060003422054B02FB00F01A5C02B970470430C1
:1020700000211844FAF710B864740308034B3422A3
:10208000012102FB0030FAF715B800BF64740308A1
:10209000034B3422002102FB0030FAF70BB800BFDB
:1020A0006474030870B51C4E054603242846FFF7E8
:1020B00069FC38B92846FEF763FBA0B9013CF5D1AD
:1020C000204670BD3388002BF4D02988124A03E0E3
:1020D00032F8023F002BEDD09942F9D103230F4A89
:1020E0001370012070BD0E4A298813881BB906E0C1
:1020F00032F8023F1BB19942FAD10123EFE7064AB9
:10210000138823B9DAE732F8023F002BD6D0994280
:10211000F9D10223E3E700BF1C020020B9A0002090
:102120000C02002010B54FF4FA612C20EFF786FC6A
:10213000144C02E0EFF7D8FC30B92078F4F7D0FC6B
:1021400003462C20002BF5D02C20EFF7CDFC10B14E
:102150000D4B01221A702078F4F7C2FC60B90346D7
:102160000A490B4A0C886340C3F3072432F8142051
:1021700082EA03230B8010BD2078F4F7E7FC03020A
:10218000EEE700BFB8A00020C0A00020B6A000204D
:102190005052030800B585B0A0F1300CADF80A101C
:1021A0000392BCF10F0F3BD8DFE80CF084AD5B6904
:1021B00070743A3D359D1C083A1C08967D4AADF86E
:1021C00008303B38127818BF012040EA420002383C
:1021D000052825D8DFE810F09D0024009D00B600FA
:1021E000C200BC001378734A002B08BF4FF4807301
:1021F0001278ADF808303A3818BF012040EA4200A2
:10220000023805280CD8DFE810F0B9000B00AF0049
:10221000CB00C500BF00674B1B78032B00F08A8002
:10222000022005B000BD644B64480021198011787C
:102230000078884274D9DFF890C1019218468CF872
:102240000010FFF72FFF5C4B019A002800F0B080D0
:1022500058480078D8701B681360069B04211960E9
:102260000AE0574B03CB1B781372069B10604FF0AC
:10227000090C5160C3F800C0002005B000BD4FF448
:1022800092611180069A02231360F5E74D4B0122FB
:102290001A70F1E7494B12781B78934240D9454BAD
:1022A00049491B780A70013B012B48D9424B002257
:1022B0001A80E1E7404B1A88002ADDD03D4A1278A7
:1022C000022A2FD9032A04D1FFF716FB3A4B002824
:1022D000D2D100221A8021E013785A1E022A65D832
:1022E000344A1370C8E7334B1B78012B98D10699F9
:1022F0000B60137802A85B02ADF80A30FEF7B6FD5A
:102300000028B9D10AE06A211170069A01231360EE
:10231000B2E702A8FEF7C6FF0028ADD10F2080E784
:1023200008207EE7002AD4D0FEF798FA224B002836
:10233000CFD0A1E7FFF7E8FB00289DD1EEE7FEF73D
:10234000A9FAB3E702A8FEF79DFE002894D1E5E7BD
:1023500002A8FFF7F5FD00288ED1DFE702A8FFF7FE
:1023600083FD002888D1D9E702A8FEF79DFA00284E
:10237000D4D0069ABDF8083013607DE702A8FEF7B6
:1023800089FB0028F5D1C9E702A8FFF7C1FC0028A6
:10239000EFD1C3E702A8FFF70FFC0028E9D1BDE7A2
:1023A00002A8FEF76DFC0028E3D1B7E7092038E763
:1023B0001880B3E7B9A00020BCA00020C4A0002072
:1023C000AC580308C1A00020C3A000202DE9F04FA5
:1023D000414B424ECBB083461870F3F795FEF3F7AE
:1023E0000BFE33689BB13E4D4FF0000834275FFA77
:1023F00088F407FB04F401212819F9F75BFE2B5D33
:10240000002B54D1336808F101084345EFD8DFF8B9
:10241000E080344F00234FF47A612C2088F800309C
:102420003B70EFF70BFB98F800300BBB2E4D0CE028
:102430004FF47A612C20EFF701FB2C80FFF772FE3E
:102440002F2857D098F8003093B93C7884B9584673
:10245000F4F746FB0028EBD12C20EFF745FB0028D2
:10246000F0D04FF001033B7098F80030002BECD017
:10247000336883B11A4D00274FF03408FCB208FBD3
:1024800004F400212819F9F715FE2B5DD3B9336840
:1024900001379F42F2D341F28830EFF765FA134BD0
:1024A00000221A70E7F7CEFA4BB0BDE8F08F201D7E
:1024B00001212844F9F7F0FD336808F1010843458C
:1024C00095D8A4E7201D00212844F9F7E5FD3368DD
:1024D00001379F42D2D3DEE7B8A0002004000020DD
:1024E00064740308C0A00020B6A00020C4A000208F
:1024F000C1A000202046F3F799FDFFF713FE0390DB
:10250000FFF710FE0446FFF70DFE40EA04239BB2DE
:102510000293FFF707FE031E08BF4FF480730AAC57
:1025200004EB030904949A46FFF7FCFD04F8010B41
:10253000A145F9D1049CCDF814A0FFF7F3FDFFF7F6
:10254000F1FD002209922A88059B002A00F0E5810E
:102550004FF440720323CDE9042300238DF8283083
:102560004FF480720123CDE906239A46B54BDFF87C
:10257000D892187800222E21A9F8002000F0F0FF50
:10258000B9F8002082F4385210B20028C0F2FE825E
:10259000520011B20029C0F2F082520010B200289D
:1025A000C0F2E482520011B20029C0F2D882520077
:1025B00010B20028C0F2CC82520011B20029C0F241
:1025C000C082520010B20028C0F2B482520011B290
:1025D00000299C4BBABF41F2210282EA410252001B
:1025E00018789DF90C10A9F8002000F0B9FFB9F88F
:1025F0000020039B82EA032210B20028C0F29382DB
:10260000520011B20029C0F28782520010B2002895
:10261000C0F27B82520011B20029C0F26F825200D8
:1026200010B20028C0F26382520011B20029C0F239
:102630005782520010B20028C0F24B82520011B2F1
:10264000804B00291878029BBABF41F2210282EA2E
:102650004102520043F30721A9F8002000F080FF57
:10266000029BB9F8001023F0FF024A4010B2002884
:10267000C0F22882520011B20029C0F21C8252001E
:1026800010B20028C0F21082520011B20029C0F22C
:102690000482520010B20028C0F2F881520011B238
:1026A0000029C0F2EC81520010B20028C0F2E08193
:1026B000520011B20029634BBABF41F2210282EAF3
:1026C0004102520018789DF90810A9F8002000F086
:1026D00047FFB9F80020029B82EA032210B20028CB
:1026E000C0F2BF81520011B20029C0F2B381520082
:1026F00010B20028C0F2A781520011B20029C0F226
:102700009B81520010B20028C0F28F81520011B29A
:102710000029C0F28381520010B20028C0F27781F4
:10272000520011B20029474BBABF41F2210282EA9E
:102730004102520018780799A9F8002000F010FF14
:10274000B9F80020069B5A4010B20028C0F2588108
:10275000520011B20029C0F24C81520010B2002880
:10276000C0F24081520011B20029C0F234815200FF
:1027700010B20028C0F22881520011B20029C0F224
:102780001C81520010B20028C0F21081520011B218
:102790000029B6BF41F22102520082EA4102BAF199
:1027A000000FA9F800203CDD0AAB5344029341F22C
:1027B000210ACDF80CB014F801BB224B4FFA8BF173
:1027C000187800F0CDFEB9F8002082EA0B2213B28F
:1027D000002BC0F29680520013B2002BC0F29880FA
:1027E000520013B2002BC0F28780520013B2002BAC
:1027F0007DDB520013B2002B74DB520013B2002BAE
:102800006BDB520013B2002B62DB520013B2002BC1
:1028100055DB029B5200A342A9F80020CBD1DDF882
:102820000CB0084B0599187800F09AFEB9F8002012
:10283000049B5A4011B20029C0F2B18051000AB283
:1028400004E000BFB8A00020B4A00020002AC0F21D
:102850009F80490008B20028C0F2938049000AB264
:10286000002AC0F28780490008B200287BDB4900BB
:102870000AB2002A70DB490008B2002865DB490073
:102880000AB2002AC04BB6BF41F22101490081EAD9
:1028900042011C461878A9F8001041F3072100F006
:1028A0005FFE99F90010207800F05AFE4FF47A612B
:1028B0002C20EFF7C3F80020F3F7CAFBC2E58AEA41
:1028C0004303A9F80030029BA3427FF474AFA6E74C
:1028D0008AEA43031BB21A4699E78AEA43031BB20A
:1028E0001A4690E78AEA43031BB21A4687E78AEA48
:1028F00043031BB21A467EE78AEA43031BB21A4619
:1029000075E78AEA43031BB2002B1A46BFF668AF8D
:102910008AEA43031BB21A4664E709AA0092DDE97A
:1029200002100AAAFFF736FCDDF824A043B2059393
:1029300003020493BAF1000F3FF40FAE4FFA8AF38B
:1029400007934FEA0A23069310E641F2210282EA36
:10295000400212B2114694E741F2210080EA42009F
:1029600000B2014689E741F2210282EA400212B236
:1029700011467EE741F2210080EA420000B20146A2
:1029800073E741F2210282EA400212B2114667E780
:1029900041F2210080EA420000B201465BE741F2C9
:1029A000210282EA410212B211464FE741F22101AF
:1029B00081EA400109B20A46EAE641F2210080EAD2
:1029C000410000B20246DEE641F2210181EA400107
:1029D00009B20A46D2E641F2210080EA410000B283
:1029E0000246C6E641F2210181EA400109B20A46E7
:1029F000BAE641F2210080EA410000B20246AEE6AA
:102A000041F2210181EA400109B20A46A2E641F2FF
:102A1000210181EA400109B20A4683E641F2210020
:102A200080EA410000B2024677E641F2210181EAE4
:102A3000400109B20A466BE641F2210080EA4100FA
:102A400000B202465FE641F2210181EA400109B28B
:102A50000A4653E641F2210080EA410000B20246F4
:102A600047E641F2210181EA400109B20A463BE60C
:102A700041F2210181EA400109B20A461AE641F217
:102A8000210080EA410000B202460EE641F2210137
:102A900081EA400109B20A4602E641F2210080EAD9
:102AA000410000B20246F6E541F2210181EA40010F
:102AB00009B20A46EAE541F2210080EA410000B28B
:102AC0000246DEE541F2210181EA400109B20A46EF
:102AD000D2E541F2210181EA400109B20A46AFE59F
:102AE00041F2210080EA410000B20246A3E541F232
:102AF000210181EA400109B20A4697E541F221002D
:102B000080EA410000B202468BE541F2210181EAF0
:102B1000400109B20A467FE541F2210080EA410006
:102B200000B2024673E541F2210181EA400109B297
:102B30000A4667E541F2210181EA400109B20A46ED
:102B400046E541F2210080EA410000B202463AE542
:102B500041F2210181EA400109B20A462EE541F223
:102B6000210080EA410000B2024622E541F2210143
:102B700081EA400109B20A4616E541F2210080EAE5
:102B8000410000B202460AE5B8A0002041F221014E
:102B900081EA400109B20A46FCE400BF10B50446D0
:102BA000F3F79EFF08B9002010BD2046F3F7CEFFD3
:102BB0001C4ADFF878C0137883EA000111709CF892
:102BC00000100629EFD8DFE801F00C12181E2329A7
:102BD0000400181A0022B0FA80F08CF80020400996
:102BE00010BD2428DFD101238CF80030DBE74D280D
:102BF000D9D102238CF80030D5E73C28D3D1032368
:102C00008CF80030CFE7042310708CF80030CAE74E
:102C1000054A062310708CF80030C4E706238CF8B0
:102C20000030C0E7B0A00020B2A00020B1A000207A
:102C30002DE9F8434FF4FA6104462C20EEF7FEFE2E
:102C4000C24E2046FFF7AAFF38B92C20EEF74CFF02
:102C50000028F6D00020BDE8F8834FF4FA612C205C
:102C6000EEF7ECFE0220F3F7E1F93378242B7ED85F
:102C7000002B78D0013B232B75D8DFE813F01D0221
:102C8000FA01CF01A4016F01740074007400740094
:102C90007400740074007400740074007400740094
:102CA0007400740074007400740074007400740084
:102CB0007400740074007400740074007400740074
:102CC00074007400440124212046F3F7F3FFA04F61
:102CD0004D2120460025F3F7EDFF3E212046F3F776
:102CE000E9FF122120463D5500F03AFC72212046B2
:102CF00000F036FC40F2DC51204600F035FC4FF489
:102D00007A71204600F030FC4FF4FA61204600F062
:102D10002BFC4FF47A71204600F026FC4FF47A71B8
:102D2000204600F021FC2946204600F019FC2946E7
:102D3000204600F015FC2946204600F011FC2946EB
:102D4000204600F00DFC2946204600F009FC2946EB
:102D5000204600F005FC2946204600F005FC3957C6
:102D6000204600F0FDFB0220F3F772F96DE77C2BA3
:102D700000F2C381642BF6D9653B172BF3D801A26F
:102D800052F823F0A12E0208672D0208672D0208D1
:102D9000252E0208672D0208672D0208672D0208FC
:102DA000672D0208672D0208672D0208672D0208AB
:102DB000672D0208672D0208C72C0208672D02083C
:102DC000672D0208672D0208672D0208672D02088B
:102DD000672D0208672D0208672D0208672D02087B
:102DE000E52D020820462421F3F764FF584F2046C2
:102DF0004D21F3F75FFF002520463E21F3F75AFFF0
:102E000020463D55062100F0ABFB20467C2100F01A
:102E1000A7FB2946204600F0A7FB2946204600F0E4
:102E2000A3FB98E724212046F3F744FF4D212046D9
:102E3000F3F740FF3E212046F3F73CFF444B454F5C
:102E4000DFF8148100251D5510212046994600F019
:102E500087FB6821204600F083FB0CE0D7ED007A69
:102E6000FDEEE77A013517EE903A19B200F07CFBDF
:102E7000082D0CD00437D8F80030AB4220464FF074
:102E80000001EBD8013500F06FFB082DF2D119F9E4
:102E90000410204600F064FB0220F3F7D9F8D4E6D2
:102EA00024212046F3F706FF294F4D212046002517
:102EB000F3F700FF3E212046F3F7FCFE0F212046EA
:102EC0003D5500F04DFB6521204600F049FB4FF4D5
:102ED000FA71204600F048FB2946204600F044FBEA
:102EE0002946204600F040FB2946204600F04CFBD6
:102EF0002946204600F034FB2946204600F034FBEA
:102F00004FF4FA7128E720462421F3F7D3FE104D41
:102F100020464D21F3F7CEFE002720463E21F3F751
:102F2000C9FE20462F55042100F01AFB204624211B
:102F300000F016FB3946204600F026FB20462957B4
:102F400000F00EFB0220F3F783F87EE6B2A000202B
:102F5000F04300205C0600200400002024212046CD
:102F6000F3F7A8FE4D212046F3F7A4FE3E212046AC
:102F7000F3F7A0FE784A002313551A212046914604
:102F800000F0EEFA0521204600F0EAFA73492046E7
:102F900000F076FA7249204600F072FA7149204634
:102FA00000F06EFA7049204600F06AFA03252021ED
:102FB000204600F0D5FA013DF9D119F90410204658
:102FC00000F0CEFA68E720462421F3F773FE624F43
:102FD00020464D21F3F76EFE002520463E21F3F7F3
:102FE00069FE20463D55062100F0BAFA204604212C
:102FF00000F0B6FA20465D4900F042FA2946204624
:1030000000F0AEFA2946204600F0AAFA20463957C9
:1030100000F0A6FA0220F3F71BF816E6242120465A
:10302000F3F748FE4D212046F3F744FE4A4D3E217A
:103030002046F3F73FFE00232B550321204600F0E6
:103040008FFA0321204600F08BFA0121204600F080
:1030500087FA0E21204600F083FA0121204600F075
:103060007FFA2046295700F07BFA0220F2F7F0FFA2
:10307000EBE520462421F3F71DFE20464D21F3F712
:1030800019FE354D20463E21F3F714FE00232B5543
:103090002046042100F064FA2046022100F060FA84
:1030A0002046334900F0ECF92046295700F058FA41
:1030B0000220F2F7CDFFC8E524212046F3F7FAFD00
:1030C000254D4D212046F3F7F5FD00273E212046F2
:1030D000F3F7F0FD032120462F5500F041FA0121BE
:1030E000204600F03DFA3946204600F039FA012129
:1030F000204600F035FA1921B0E7F52B7FF433AE06
:1031000020462421F3F7D6FD20464D21F3F7D2FDCA
:10311000114D20463E21F3F7CDFD00232B552046CF
:10312000012100F01DFA20466FF00A0100F018FAA4
:10313000104B204693F9001000F012FA2957204650
:1031400000F00EFA0220F2F783FF2C20EEF7CCFC01
:103150000020BDE8F88300BFF0430020C8580308F2
:10316000D4580308E0580308E4580308C05803087B
:10317000B8580308C4A000202DE9F04142F21071B4
:1031800004462C20EEF75AFC0020F2F74FFFEEF732
:10319000E5FB054609E02046F3F7A2FC50B9EEF73F
:1031A000DDFB401BB0F57A7F60D22C20EEF79CFC53
:1031B0000028F0D02046F3F793FC002844D02F4D90
:1031C0002F4A29680123137059B100232D4E34274B
:1031D000184607FB03620133D269DBB28B421060F1
:1031E000F7D33220EEF7C0FB274A2B681370204636
:1031F000FFF71EFD2046FFF7E9F82B6893B1214E3B
:103200004FF0000834275FFA88F407FB04F400212C
:103210003019F8F74FFF335DEBB92B6808F101085F
:103220004345F0D841F28830EEF79EFB164B002460
:103230001C70E6F707FC124B02201C70F6F728F80A
:10324000BDE8F041F2F760BF0320F6F721F8BDE8D2
:10325000F041F2F759BF201D00213044F8F71CFF60
:103260002B6808F101084345CDD8DBE70221084669
:10327000F5F7EEFFEEF772FB054696E70400002037
:10328000C2A0002064740308C4A0002018B1084B39
:10329000084AC3F8FC2F72B6BFF34F8F0649074B9D
:1032A000CA6802F4E0621343CB60BFF34F8FFEE7BE
:1032B00000F00120EFBEADDE00ED00E00400FA05F5
:1032C00000B57F2083B00DF0BFFA30B1012001902E
:1032D0000DF0D4FA019803B000BD7E200DF0B4FAD1
:1032E00008B10220F3E77D200DF0AEFA28B97C206A
:1032F0000DF0AAFA18B10420E9E70320E7E77B20E4
:103300000DF0A2FA50B97A200DF09EFA40B979205A
:103310000DF09AFA002818BF0720D8E70520D6E755
:103320000620D4E74848494AD0F8883043F470036F
:1033300084B0C0F888301368002143F001031360A3
:1033400091601368A0F1BC2023F0847323F48033D0
:10335000F03813605060136823F480231360D16049
:1033600001910291136843F48033136003E0019BE1
:10337000B3F5A06F09D0136803F400330293019BE7
:1033800001330193029B002BF1D0304B1B6813F4E7
:10339000003318BF01230293029B012B1ED02B4840
:1033A0002B4A036B2B4943F004030363136823F098
:1033B00070531360136843F0A053002013605369E7
:1033C00083F4C04353610390039B8B42F7DC039B60
:1033D00001330393039B8B42F9DDF0E71B4B1E493E
:1033E0001A6C1E4842F080521A640A6842F4804205
:1033F0000A609A689A609A6842F400429A609A68F1
:1034000042F4A0529A6058601A6842F080721A60C2
:103410001A689201FCD5124A40F205611160996860
:1034200021F003019960996841F00201A2F58062E0
:103430009960936803F00C03082BFAD1024B4FF00C
:1034400000629A6004B0704700ED00E0003802406E
:10345000000802403F0D0300007000400854400780
:10346000003C024000B583B00D210190F3F722FC2F
:1034700001980A2103B05DF804EBF3F71BBC00BF11
:1034800038B50C46097839B105462846F3F712FCE1
:1034900014F8011F0029F8D138BD00BFF8B50C465B
:1034A000B4F1204F4FEA21464FEA11674FEA1171FC
:1034B0002CBF5731303107F00F070546F3F7FAFB01
:1034C000092F8CBF07F1570107F130012846F3F7A8
:1034D000F1FBC6F303110929F6B28CBF5731303125
:1034E00006F00F062846F3F7E5FB092E8CBF06F120
:1034F000570106F130012846F3F7DCFBC4F3033132
:103500000929C4F307268CBF5731303106F00F0666
:103510002846F3F7CFFB092E8CBF06F1570106F1C1
:1035200030012846F3F7C6FBC4F303110929E4B2BE
:103530008CBF57313031284604F00F04F3F7BAFB43
:10354000092C06D904F157012846BDE8F840F3F7E5
:10355000B1BB04F130012846BDE8F840F3F7AABB3F
:10356000C9B2F3F7A7BB00BF10B582B00C46C9B211
:103570000190F3F79FFB0198C4F3072102B0BDE867
:103580001040F3F797BB00BF38B505460C46C9B2EB
:10359000F3F790FBC4F307212846F3F78BFBC4F342
:1035A000074128462414F3F785FBC4F30721284676
:1035B000BDE83840F3F77EBB10B51B2982B00B463F
:1035C000044603D80B4ACA40D20706D419462046FF
:1035D00002B0BDE81040F3F76DBB01911B21F3F77A
:1035E00069FB019B2046194602B0BDE81040F3F785
:1035F00061BB00BF1200000870B5CBB21B2B82B0BC
:103600000C4605460EB203D8284ADA40D20747D402
:1036100019462846F3F74EFBC6F307231B2B4FEA48
:10362000262603D8214AF240D10732D4C4F30746F4
:1036300019462846F3F73EFB1B2E4FEA244403D8D5
:103640001A4BF340DA071FD431462846C4F3072645
:10365000F3F730FB1B2E4FEA242403D8134BE3402F
:10366000DB0706D43146284602B0BDE87040F3F7C8
:1036700021BB28461B21F3F71DFB3146284602B02B
:10368000BDE87040F3F716BB1B212846F3F712FB89
:10369000DAE71B2128460193F3F70CFB019BC5E7F2
:1036A0001B210193F3F706FB019BB1E71200000811
:1036B0002DE9F04FFF21054683B0DFF898A1DFF830
:1036C0009881614FF3F7F6FA002401212846F3F7B9
:1036D000F1FA402128460AF80540F3F7EBFA1521E4
:1036E0002846F3F7E7FA21462846F3F7E3FAD8F835
:1036F0000C102846FFF780FFD8F810102846FFF777
:103700007BFF464608F10C0956F8044BE3B21B2B2D
:103710000FFA84FB09D827FA03F2D20705D51B213B
:1037200028460193F3F7C6FA019B19462846F3F79A
:10373000C1FACBF307231B2B4FEA2B2B0AD827FA0E
:103740000BFB1BF0010F05D01B2128460193F3F75B
:10375000B1FA019BC4F3074B19462846F3F7AAFABE
:10376000BBF11B0F4FEA244407D827FA0BF3D80705
:1037700003D51B212846F3F79DFA59462846C4F382
:10378000072BF3F797FABBF11B0F4FEA242407D856
:1037900027FA04F4E10703D51B212846F3F78AFA38
:1037A00059462846F3F786FAB145ADD198ED057A2A
:1037B000FFEE007AB4EEE77AF1EE10FA41D4F7EEBC
:1037C000007AB4EEE77ADFED216AF1EE10FAD8BFA5
:1037D000F0EE477A67EEA67AFCEEE77ACDED017A55
:1037E0009DF804401B2C03D8174BE340DA0723D481
:1037F00021462846F3F75EFA1AF805401B2C03D839
:10380000114BE340DB0712D421462846F3F752FA66
:1038100028460421F3F74EFA28460D21F3F74AFA19
:103820000A21284603B0BDE8F04FF3F743BA1B2145
:103830002846F3F73FFAE7E71B212846F3F73AFA61
:10384000D6E7DFED037AC7E71200000800007F43E8
:1038500000007FC3F04300207CA0002070B5FF2152
:1038600082B004463A4EF3F725FA0025012120469E
:10387000F3F720FA35553B212046F3F71BFA0E21CA
:103880002046F3F717FA29462046F3F713FA314B8F
:10389000D3ED007AFDEEE77ACDED017A9DF80430A4
:1038A000BDF904501B2B03D82B4ADA40D10747D46B
:1038B00019462046F3F7FEF9C5F307231B2B4FEA01
:1038C000252503D8244AEA40D20732D4234D19468D
:1038D0002046F3F7EFF9D5F8AC1F2046FFF78CFE32
:1038E000D5F8B01F2046FFF787FED5F8B41F204655
:1038F000FFF782FE355D1B2D03D8174BEB40DB072E
:1039000012D429462046F3F7D5F920460421F3F7CF
:10391000D1F920460D21F3F7CDF90A21204602B056
:10392000BDE87040F3F7C6B91B212046F3F7C2F992
:10393000E7E71B2120460193F3F7BCF9019BC5E79C
:103940001B2120460193F3F7B5F9019BB0E700BFB7
:10395000F04300205021002012000008A811002090
:1039600070B582B08DED010A019B5E4AC3F3C75169
:10397000FF29044602EA1342C3F3160E4BD059B98D
:103980000192F3F797F9019A130A1946204602B0FB
:10399000BDE87040F3F78EB9A1F1700CBCF11E0FB9
:1039A00058DCBCF1000F64DD4FEA5E3EDE044EF4ED
:1039B000806576D4C5F30903134343EA8C2C5FFA80
:1039C0008CF21B2A5FFA8CF60FFA8CF507D8464B5F
:1039D000D340D90703D51B212046F3F76BF93146B5
:1039E0002046F3F767F9C5F307231B2B4FEA252C75
:1039F000CBD83D4A22FA0CF2D207C6D520461B216D
:103A00000193F3F757F9019B2046194602B0BDE830
:103A10007040F3F74FB9130A0193BEF1000F0CD0B9
:103A20000021F3F747F9019B43F07E031946204636
:103A300002B0BDE87040F3F73DB97146F3F73AF9CB
:103A4000019B43F07C031946204602B0BDE870405C
:103A5000F3F730B900210192F3F72CF9019A130A18
:103A600043F07C031946204602B0BDE87040F3F7EE
:103A700021B91CF10A0F22DBCCF10E014EF4000E2D
:103A80004FF0FF33CCF10D008B402EFA01FC0121E9
:103A90002EEA030381408B421BD817D042EA0C0C5C
:103AA0008DE70EF0010EC3F30B035EEA030E81D027
:103AB0006B1CB3F5006F0FD0C3F309037CE7002143
:103AC0000192F3F7F7F8019A130A5EE71CF0010F71
:103AD000E4D00CF1010CE1E78E29A1F16F0CB9D013
:103AE000002369E70080FFFF1200000810B5FF21E6
:103AF0000446F3F7DFF801212046F3F7DBF8024B29
:103B000000221A5510BD00BFF043002010B5114B24
:103B10001B5C1B2B82B0044603D80F4ADA40D20745
:103B200012D419462046F3F7C5F820460421F3F7CE
:103B3000C1F820460D21F3F7BDF80A21204602B056
:103B4000BDE81040F3F7B6B81B210193F3F7B2F8C4
:103B5000019BE6E7F043002012000008F8B5254B72
:103B6000254E04460D46FF211D700027F3F7A2F8ED
:103B700001212046F3F79EF8462120463755F3F7FA
:103B800099F81B212046F3F795F801212046F3F719
:103B900091F839462046F3F78DF81B2D03D8174BC3
:103BA000EB40DA0721D429462046F3F783F8355D48
:103BB0001B2D03D8114BEB40DB0711D429462046BF
:103BC000F3F778F820460421F3F774F820460D2126
:103BD000F3F770F820460A21BDE8F840F3F76AB819
:103BE0001B212046F3F766F8E8E71B212046F3F790
:103BF00061F8D8E7A87D0020F043002012000008FB
:103C00002DE9F04104460D46264EFF21904600273F
:103C1000F3F750F801212046F3F74CF83321204602
:103C20003755F3F747F802212046F3F743F83946B2
:103C30002046F3F73FF81B2D03D81B4BEB40DA0768
:103C40002AD429462046F3F735F8B8F1000118BF09
:103C500001214942C9B22046F3F72CF8355D1B2DEE
:103C600003D8114AEA40D30711D429462046F3F776
:103C700021F820460421F3F71DF820460D21F3F723
:103C800019F820460A21BDE8F041F3F713B81B21CB
:103C90002046F3F70FF8E8E71B212046F3F70AF870
:103CA000CFE700BFF0430020120000082DE9F04FDD
:103CB0008A4A8B4B11681E682DED048B044685B033
:103CC000002900F00881874A9FED878A0023F2ECE3
:103CD000017A01338B4238EE278AF8D1DFF814825B
:103CE000824B98F80050D3ED008A1B2D04D8804BEE
:103CF000EB40D90700F1EA8029462046F2F7DAFFC7
:103D0000D8F80030002B00F0DC8007EE906AF8EE67
:103D1000677AB7EE007A87EE279ADFF8DC91744F66
:103D2000002628EE888A59F8045B5FFA85FBBBF110
:103D30001B0F0FFA85FA07D827FA0BF3DA0703D51A
:103D40001B212046F2F7B6FF59462046CAF3072B3F
:103D5000F2F7B0FFBBF11B0F4FEA2A2A08D827FA67
:103D60000AFA1AF0010F03D01B212046F2F7A2FF36
:103D7000C5F3074A59462046F2F79CFFBAF11B0FDC
:103D80004FEA254507D827FA0AF3DB0703D51B219D
:103D90002046F2F78FFF51462046C5F3072AF2F777
:103DA00089FFBAF11B0F4FEA252507D827FA05F539
:103DB000ED0703D51B212046F2F77CFF5146204634
:103DC000F2F778FFD8F800300136B342ABD8002BB9
:103DD00077D0DFF810B1DFF818910027FFEE008AE6
:103DE0004DE0B7EE007AF4EEC77AF1EE10FAD4BFE8
:103DF00017EE90AA17EE10AA5FFA8AF2CAF30745E7
:103E0000CAF307231B2A02934FEA1A66019509D8C1
:103E100029FA02F1C80705D51B2120460392F2F7C3
:103E200049FF039A11462046F2F744FFCAF30723DD
:103E30001B2B3BD902992046F2F73CFF1B2D07D8DC
:103E400029FA05F5EA0703D51B212046F2F732FFD0
:103E500001992046F2F72EFF1B2E07D829FA06F308
:103E6000DB0703D51B212046F2F724FF314620460D
:103E7000F2F720FFD8F800300137BB4221D9FBEC24
:103E8000017A77EEC87A67EE897AF4EEE87AF1EE95
:103E900010FAA6D500212046F2F70CFF002120469B
:103EA000F2F708FF8023BF260193D1E7CAF3072367
:103EB00029FA03F3D907BDD51B212046F2F7FAFEF4
:103EC000B8E705B0BDEC048BBDE8F08F1B212046A0
:103ED000F2F7F0FE10E79FED048AFFE604000020F1
:103EE000840600208806002000000000080600204C
:103EF00012000008000000200C060020F8B5394A26
:103F0000394B11681D682DED048B0646002965D0DC
:103F1000364A9FED378A0023F2EC017A01338B4257
:103F200038EE278AF8D1334F334B3C78D3ED008AF3
:103F30001B2C03D8314BE340DB074AD421463046E3
:103F4000F2F7B8FE3B68002B40D007EE905AF8EE2F
:103F5000677AB7EE007AC7EE279A294D002428EE3B
:103F6000888AB5EC010A3046FFF7FAFC3B68013459
:103F7000A342F6D853B31D4D0024BFEE009AF7EECE
:103F8000008A0FE0F4EEE87AF1EE10FAD4BFB0EE5A
:103F9000670AB0EE680AFFF7E3FC3B6801349C4215
:103FA00014D20435D5ED007A77EEC87A304667EE44
:103FB000A97ABFEE000AF4EEC97AF1EE10FAE1D563
:103FC000FFF7CEFC3B680134A342EAD8BDEC048B7A
:103FD000F8BD1B213046F2F76DFEAFE79FED048A76
:103FE000A1E700BF0400002084060020880600200E
:103FF0000000000000000020080600201200000859
:104000000C0600202DE9F04F2DED028B474B484F59
:104010001968484EDFF834A1DFF834919FED468AE5
:10402000DFF8308183B00546FFF7E6FA434B2846B8
:104030001968FFF7E1FA424B28461968FFF7DCFAE6
:10404000404B28461968FFF7D7FAB468E2B21B2A3A
:104050000FFA84FB09D828FA02F1CB0705D51B21FA
:1040600028460192F2F726FE019A11462846F2F7F9
:1040700021FECBF307221B2A4FEA2B2309D828FA6B
:1040800003F3D80705D51B2128460192F2F712FE4B
:10409000019A11462846F2F70DFEC4F307431B2B85
:1040A0004FEA244409D828FA03F2D10705D51B2189
:1040B00028460193F2F7FEFD019B19462846F2F7C8
:1040C000F9FDC4F307231B2B4FEA242409D828FA4F
:1040D00004F4E20705D51B2128460193F2F7EAFD17
:1040E000019B19462846F2F7E5FD57F8041B2846C0
:1040F000FFF782FAFAEC017A67EE887A284617EE23
:10410000901AFFF779FAF16A2846FFF775FA59F81D
:10411000041B2846FFF770FA0B4BBB4206F52E76C0
:1041200093D103B0BDEC028BBDE8F08FE00F00200F
:10413000347D0020B83B00207CD6D03DDC0F002031
:10414000D80F0020D40F0020407D0020587D002093
:104150004C7D0020120000082DE9F843224B234E2D
:1041600093ED000A224DDFF8A080224F2DED028B47
:104170000446FFF7F5FB204B9FED208A93ED000AE4
:104180002046FFF7EDFB1E4B204693ED000AFFF79C
:10419000E7FB1C4B204693ED000AFFF7E1FB06F11D
:1041A0000C0995ED020A2046FFF7DAFBB6EC010A8E
:1041B0002046FFF7D5FBB8EC010A204620EE080A9E
:1041C000FFF7CEFB95ED0B0A2046FFF7C9FBB7ECD6
:1041D000010A2046FFF7C4FB4E4505F52E75E0D1D8
:1041E000BDEC028BBDE8F883E00F0020347D002099
:1041F000B83B00204C7D0020DC0F00207CD6D03D59
:10420000D80F0020D40F0020587D00202DE9F04366
:10421000FF21044683B0F2F74DFDDFF89C930121A6
:104220002046F2F747FD002309F804300D2120460F
:10423000F2F740FDC64B1D68AD00763505F0FE0176
:104240002046ADB2F2F736FD2A0AB5F5E05F164614
:1042500004D2C04BD340DD0700F1DE813146204659
:10426000F2F728FDDFF85483BA4F002518F805301F
:10427000DEB21B2B27FA06F207D812F0010F4FF01F
:104280001B01204601D0F2F715FD314620460135CD
:10429000F2F710FD0C2DE9D1AF4B1D781B2D04D882
:1042A000AC4BEB40D80700F1B28129462046F2F72B
:1042B00001FDAA4B204693ED000AFFF751FBA84BE6
:1042C000204693ED000AFFF74BFBA64BD3ED007A97
:1042D000F5EEC07AF1EE10FA00F1A9819FEDA27A15
:1042E000F4EEC77AF1EE10FA00F39B81FDEEE77A67
:1042F000CDED017A9DF80460BDF904501B2E07D85E
:10430000944BF340D90703D51B212046F2F7D2FC8A
:1043100031462046C5F30726F2F7CCFC1B2E4FEAA8
:10432000252507D88B4BEB40DA0703D51B21204608
:10433000F2F7C0FC31462046F2F7BCFC8B4BB3F9D8
:104340000060002EC0F27C811D781B2D07D8814BA8
:10435000EB40DB0703D51B212046F2F7ABFC2946D7
:104360002046F2F7A7FCB6F5E05F4FEA2622C6F337
:10437000072507DA774BD340DF0703D51B212046FB
:10438000F2F798FC29462046F2F794FC784B204639
:1043900093ED000AFFF7E4FA2046FFF7DDFE754BC8
:1043A000204693ED000AFFF7DBFA734B204693EDAE
:1043B000000AFFF7D5FA714BD3F8E032204600EE41
:1043C000103AFFF7CDFA6E4B204693ED000AFFF747
:1043D000C7FA6C4B204693ED000AFFF7C1FA6A4B0F
:1043E000204693ED000AFFF7BBFA684B204693ED99
:1043F000000AFFF7B5FA664B204693ED000AFFF777
:10440000AFFA644B204693ED000AFFF7A9FA624B1E
:10441000204693ED000AFFF7A3FA604BD3ED007A34
:10442000F5EEC07AF1EE10FA00F10781B7EE000A5E
:10443000F4EEC07AF1EE10FAD8BFB0EE670A584D2C
:104440002046FFF78DFA95ED040A2046FFF788FA1B
:10445000E968544D2046FFF7CFF8D5E90401E4F7A9
:1044600063FA01462046FFF7C7F8D5E90601E4F7ED
:104470005BFA01462046FFF7BFF8D5E90801E4F7EB
:1044800053FA01462046FFF7B7F8D5E90A01E4F7E9
:104490004BFA01462046FFF7AFF8434B93ED000A75
:1044A000E6F7A8FB2046FFF75BFA404B204693ED6A
:1044B000000AFFF755FA00212046F2F7FBFB002126
:1044C0002046F2F7F7FB3A4B204693ED000AFFF740
:1044D00047FA384B1D781B2D07D81E4BEB40DE07E3
:1044E00003D51B212046F2F7E5FB29462046F2F7CB
:1044F000E1FB2046FFF702FDEDF730FAC6B21B2EB6
:10450000054607D8134BF340D80703D51B21204697
:10451000F2F7D0FB31462046C5F30726F2F7CAFB77
:104520001B2E07D80B4BF340D90703D51B21204680
:10453000F2F7C0FB31462046C5F30745F2F7BAFB58
:104540001B2D41D8034BEB40DA073DD538E000BFC7
:104550000000002012000008A87D0020B02E0020DE
:10456000A82E0020A42E00200000FA468C2E002049
:10457000E838002028800020281100203081002009
:1045800044A600204080002054BD002004390020B3
:10459000A0000020A400002000390020940F00207B
:1045A00048800020301100205CBD0020BC000020AD
:1045B000B03800207F380020F0430020AC7D002080
:1045C0001B212046F2F776FB29462046F2F772FBC4
:1045D00019F804501B2D07D81C4BEB40DB0703D503
:1045E0001B212046F2F766FB29462046F2F762FBC4
:1045F00020460421F2F75EFB20460D21F2F75AFB1C
:104600000A21204603B0BDE8F043F2F753BB1B215B
:104610002046F2F74FFB48E61B212046F2F74AFB03
:104620001CE600212046F2F745FB7D2682E60021AC
:104630002046F2F73FFB00267CE69FED050AFEE6EA
:10464000FF212046F2F736FB7F259BE6120000088B
:104650000000000070B5FF21044682B0F2F72AFB8B
:104660004D4E01212046F2F725FB00233355102142
:104670002046F2F71FFB494B1D68ED005535E9B2A6
:104680002046ADB2F2F716FB290AB5F5E05F0A46FF
:1046900003D2434BCB40D90777D411462046F2F7DB
:1046A00009FB404B20461968FEF7A6FF2046FFF79E
:1046B000A9FC3D4B1D781B2D03D8394BEB40DB0784
:1046C0005ED429462046F2F7F5FA2046FFF7EEFAC7
:1046D000EDF744F9C3B21B2B054603D8304ADA4044
:1046E000D00746D419462046F2F7E4FAC5F307236B
:1046F0001B2B03D82A4ADA40D10733D41946204667
:10470000C5F30745F2F7D6FA1B2D03D8244BEB402F
:10471000DA0722D429462046F2F7CCFA355D1B2D64
:1047200003D81F4BEB40DB0712D429462046F2F793
:10473000C1FA20460421F2F7BDFA20460D21F2F716
:10474000B9FA0A21204602B0BDE87040F2F7B2BAC9
:104750001B212046F2F7AEFAE7E71B212046F2F7CD
:10476000A9FAD7E71B2120460193F2F7A3FA019B90
:10477000C4E71B2120460193F2F79CFA019BB1E7A5
:104780001B212046F2F796FA9BE71B212046019257
:10479000F2F790FA019A80E7F04300200000002031
:1047A00012000008E8380020F5000020F0B5FF21D5
:1047B000044683B0CF4FF2F77DFA00250121204651
:1047C000F2F778FA3D550E212046F2F773FA56219A
:1047D0002046F2F76FFA29462046F2F76BFAC64BED
:1047E0001D781B2D04D8C54BEB40D90700F1BD81C6
:1047F00029462046F2F75EFAC14B1D781B2D04D8DE
:10480000BE4BEB40DA0700F1AB812946BD4D204697
:10481000F2F750FA95F831601B2E04D8B74BF340ED
:10482000DB0700F1988131462046F2F743FA95F80C
:1048300032601B2E04D8B14BF340D80700F18681BB
:1048400031462046F2F736FAAF4B1E781B2E04D8BD
:10485000AA4BF340D90700F1748131462046F2F7A4
:1048600029FADFEDAA7A95ED1F7AB4EEE77AF1EE38
:1048700010FA00F12581DFEDA67AB4EEE77AF1EEC9
:1048800010FAD4BF17EE101A17EE901A2046FEF752
:10489000B3FEDFED9E7A95ED207AB4EEE77AF1EE85
:1048A00010FA00F10A81DFED9A7AB4EEE77AF1EEC0
:1048B00010FAD4BF17EE101A17EE901A2046FEF722
:1048C0009BFEDFED927A95ED267AB4EEE77AF1EE73
:1048D00010FA00F1EF80DFED8E7AB4EEE77AF1EEB8
:1048E00010FAD4BF17EE101A17EE901A2046FEF7F2
:1048F00083FEDFED867A95ED277AB4EEE77AF1EE66
:1049000010FA00F1D480DFED827AB4EEE77AF1EEAE
:1049100010FAD4BF17EE101A17EE901A7D4E2046EB
:10492000FEF76AFED6F8CC1F2046FEF765FED6F8E5
:10493000D41F2046FEF760FED5F890102046FEF703
:104940005BFE95ED250AE6F755F9204610EE101AA4
:10495000FEF752FEA96C2046FEF74EFED5F8D010A9
:104960002046FEF749FED5F8E8102046FEF744FE43
:10497000D6F818152046FEF73FFED6F8481A20460E
:10498000FEF73AFE644BDE69ECF7E8FF361AF3B245
:104990001B2B04D8594ADA40D20700F1CB801946C4
:1049A0002046F2F787F9C6F307231B2B04D8534A96
:1049B000DA40D00700F1968019462046C6F3074634
:1049C000F2F778F91B2E04D84C4BF340D90700F1CD
:1049D000848031462046F2F76DF9D5F8281120463B
:1049E000FEF70AFE296A2046FEF706FE95F82C61BE
:1049F0001B2E03D8414BF340DA0769D431462046D9
:104A0000464EF2F757F900212046F2F753F9D6F84F
:104A1000AC122046FEF7F0FDD6F864152046FEF7EE
:104A2000EBFDD6F87C152046FEF7E6FD95F8323012
:104A3000022B04D995F83130032B00F29B80384BC0
:104A400093ED000ADFED377AB4EEE70AF1EE10FAE3
:104A50002BD4DFED357A9FED357AB4EEE70AF1EE2F
:104A600010FAD8BFF0EE407A67EE877A17EE901A08
:104A70002046FEF7C1FD3D5D1B2D03D81F4BEB40CB
:104A8000DB0720D429462046F2F714F920460421FA
:104A9000F2F710F920460D21F2F70CF90A21204611
:104AA00003B0BDE8F040F2F705B92149E0E74FF067
:104AB000424133E74FF0424118E74FF04241FDE6F3
:104AC0004FF04241E2E61B212046F2F7F3F8D9E726
:104AD0001B212046F2F7EEF890E71B212046F2F763
:104AE000E9F876E71B2120460193F2F7E3F8019BF2
:104AF00062E700BFF04300207F380020120000086A
:104B00007E380020B0A800206D2C0020000000C2DC
:104B100000000042A8110020EC2E0020B83B00202D
:104B200060BD0020000034C30000344335FA8E3CE1
:104B3000DB0F49C01B2120460193F2F7BBF8019B14
:104B40002DE71B212046F2F7B5F886E61B2120460B
:104B5000F2F7B0F874E61B212046F2F7ABF862E6F4
:104B60001B212046F2F7A6F84FE61B212046F2F75C
:104B7000A1F83DE6064D2B78002B7FF460AFFAF7E5
:104B8000C3FD044A012382ED000A2B705AE700BFDF
:104B9000C7A0002060BD00202DE9F04FFF21044692
:104BA00083B0F2F787F801212046F2F783F8C34B70
:104BB000DFF83083C24F00251D553E212046F2F715
:104BC00079F89D212046F2F775F829462046F2F73C
:104BD00071F818F80530DEB21B2B27FA06F207D859
:104BE00012F0010F4FF01B01204601D0F2F762F8DE
:104BF000314620460135F2F75DF80C2DE9D1B14F71
:104C00002046D7F8C412FEF7F7FCAF4B1D781B2DDA
:104C100004D8AB4BEB40DE0700F1C38229462046A7
:104C2000F2F748F8A94B1B781D1E18BF0125002B71
:104C300040F0BE8229462046F2F73CF8DFF8A89201
:104C4000DFF87C82002606F1B00307EB83032046E1
:104C50009968FEF7D1FC06F1B40307EB8303204605
:104C60005968FEF7C9FC06F19C0307EB8303204655
:104C7000D968FEF7C1FC06F1960307EB83032046D3
:104C8000D968FEF7B9FC06F19A0307EB83032046C7
:104C90009968FEF7B1FCF9EC017AFDEEE77ACDED0B
:104CA000017A9DF804A0BDF90450BAF11B0F28FA4F
:104CB0000AF307D813F0010F4FF01B01204601D073
:104CC000F1F7F8FF51462046C5F3072AF1F7F2FF46
:104CD0002D12BAF11B0F28FA05F507D815F0010FB0
:104CE0004FF01B01204601D0F1F7E4FF514620466A
:104CF000F1F7E0FF06F1940307EB83032046D3F8B6
:104D000003100136FEF778FC032E9CD1704B93ED17
:104D1000007AF7EE006AC6EE877AFDEEE77ACDED0F
:104D2000017A9DF80460BDF904501B2E04D8644B31
:104D3000F340D80700F1308231462046C5F30726FC
:104D4000F1F7B8FF1B2E4FEA252504D85C4BEB404A
:104D5000D90700F11C8231462046F1F7ABFF5D4BCD
:104D6000D3ED007AFDEEE77ACDED017A9DF804608F
:104D7000BDF904501B2E04D8514BF340DA0700F163
:104D8000018231462046C5F30726F1F793FF1B2E1B
:104D90004FEA252504D84A4BEB40DB0700F1ED81B3
:104DA00031462046F1F786FF4B4BD3ED007AFDEEFE
:104DB000E77ACDED017A9DF80460BDF904501B2E11
:104DC00004D83F4BF340DF0700F1D2813146204643
:104DD000C5F30726F1F76EFF1B2E4FEA252504D8F1
:104DE000374BEB40DD0700F1BE8131462046F1F73D
:104DF00061FF3A4BD3ED007AFDEEE77ACDED017A13
:104E00009DF80460BDF904501B2E04D82C4BF340D0
:104E1000D80700F1A38131462046C5F30726F1F7F4
:104E200049FF1B2E4FEA252504D8254BEB40D90717
:104E300000F18F8131462046F1F73CFF284BD3ED3E
:104E4000007AFDEEE77ACDED017A9DF80460BDF9B8
:104E500004501B2E04D81A4BF340DA0700F174817A
:104E600031462046C5F30726F1F724FF1B2E4FEAF3
:104E7000252504D8124BEB40DB0700F16081314659
:104E80002046F1F717FFDFF864900D4F00230193E0
:104E90004E464FF00008002516F835B036F935A01B
:104EA000BBF11B0F27FA0BF122D811F0010F20469E
:104EB0004FF01B011CD0F1F7FDFE19E0F04300207C
:104EC00012000008308100201D6E03081C6E0308CC
:104ED000A47D0020400000203C000020380000207D
:104EE00034000020AC7D002048BD002070AA0020C6
:104EF00059462046CAF3072BF1F7DCFE4FEA2A2376
:104F0000BBF11B0F27FA03F307D813F0010F4FF083
:104F10001B01204601D0F1F7CDFE59462046F1F79E
:104F2000C9FE6B1C022B4FF00105B5D108EB050340
:104F3000022B06F10406A846ADD1019B0195013371
:104F4000022B09F10209A3D19C4B20461988FEF7D8
:104F500053FB9B4B20461968FEF74EFB994B1D787F
:104F60001B2D04D8984BEB40DF0700F1E380294666
:104F70002046F1F79FFE954B1D781B2D04D8924BD0
:104F8000EB40DE0700F1D18029462046F1F792FE82
:104F90008F4B1D781B2D04D88B4BEB40D80700F1AD
:104FA000BF8029462046F1F785FE8A4B1D781B2DD0
:104FB00004D8854BEB40D90700F1AD802946204647
:104FC000F1F778FE844B1D781B2D04D87E4BEB4007
:104FD000DA0700F19B8029462046F1F76BFE7F4BF4
:104FE0009A781D78003A18BF0122003D18BF0125AC
:104FF00045EA42051A79DB78002B78D045F00805A0
:10500000002A00F0D38045F020012046F1F752FE3F
:1050100000212046F1F74EFE00212046F1F74AFE1E
:1050200000212046F1F746FE00212046F1F742FE1E
:1050300000212046F1F73EFE00212046F1F73AFE1E
:1050400000212046F1F736FE00212046F1F732FE1E
:1050500000212046F1F72EFE00212046F1F72AFE1E
:1050600000212046F1F726FE00212046F1F722FE1E
:1050700000212046F1F71EFE00212046F1F71AFE1E
:1050800000212046F1F716FE00212046F1F712FE1E
:1050900000212046F1F70EFE00212046F1F70AFE1E
:1050A00000212046F1F706FE00212046F1F702FE1E
:1050B00000212046F1F7FEFD494B1D5D1B2D03D855
:1050C000414BEB40DB071CD429462046F1F7F2FDAB
:1050D00020460421F1F7EEFD20460D21F1F7EAFD0F
:1050E0000A21204603B0BDE8F04FF1F7E3BD002AE6
:1050F00089D1012D5AD11B212046F1F7DBFD29462C
:1051000083E71B212046F1F7D5FDDDE71B21204673
:10511000F1F7D0FD5FE71B212046F1F7CBFD4DE70E
:105120001B212046F1F7C6FD3BE71B212046F1F786
:10513000C1FD29E71B212046F1F7BCFD17E71B2124
:105140002046F1F7B7FD9AE61B212046F1F7B2FDA4
:1051500086E61B212046F1F7ADFD6BE61B212046BC
:10516000F1F7A8FD57E61B212046F1F7A3FD3CE629
:105170001B212046F1F79EFD28E61B212046F1F772
:1051800099FD0DE61B212046F1F794FDF9E51B2161
:105190002046F1F78FFDDEE51B212046F1F78AFD61
:1051A000CAE51B212046F1F785FD37E5E9B22CE77A
:1051B0001B212046F1F77EFD3CE500BF6CAA0020D4
:1051C00068AA0020307D0020120000086BBD00207E
:1051D0006ABD002069BD002068BD0020D006002007
:1051E000F04300202DE9F04F2DED028B044683B0F3
:1051F000FF21F1F75FFDDFF89CA2DFF89C8201211F
:105200002046F1F757FD00230AF804301621204606
:10521000F1F750FD98F8005006356D00EEB2042EFF
:1052200000F0248131462046F1F744FD2B0A012B82
:105230001D4600F0168129462046F1F73BFD8E4BB6
:10524000D3E90053B5F5004F73F1000328BF47F6CB
:10525000FF752EB2EDB21B2D04D8884BEB40DF0753
:1052600000F1FA8029462046F1F724FDB6F5E05F0B
:105270004FEA2622C6F3072504DA804BD340D8072D
:1052800000F1E58029462046F1F714FD98F800501A
:105290001B2D04D8794BEB40D90700F1D380294668
:1052A0002046F1F707FD764B1D781B2D04D8734B74
:1052B000EB40DA0700F1C18029462046714D9FED91
:1052C000728ADFED728ADFF8B4B1F1F7F3FC05F111
:1052D0001007F5EC017AB7EE007A77EE877A67EE81
:1052E000887AF5EEC07AF1EE10FA59D4F4EEE87A45
:1052F000F1EE10FA5ADDFF212046F1F7DBFCFF2624
:1053000031462046F1F7D6FCAF42E2D198F80030A2
:10531000002B70D05E4FDFF86491012616E0B5F5E2
:10532000803F1DDBFF212046F1F7C4FC4FF0FF0B4F
:1053300059462046F1F7BEFC98F80020F3B29A4295
:1053400059D90136152E07F1280754D0FD69002DD3
:10535000E5DA00212046F1F7ADFC4FF0000BE7E75E
:105360005FFA85FBBBF11B0FADB207D829FA0BF32F
:10537000D90703D51B212046F1F79CFC594620464E
:10538000F1F798FC2B0AB5F5E05F9B46D0D229FADD
:1053900003F3DA07CCD51B212046F1F78BFCC7E7D6
:1053A00000212046F1F786FC0026A9E7FCEEE77A0B
:1053B000CDED017A9DF80460BDF804901B2E07D84E
:1053C0002BFA06F3DB0703D51B212046F1F772FC0D
:1053D00031462046F1F76EFC4FEA1923B9F5E05F3C
:1053E0001E468DD22BFA03F3D80789D51B21204600
:1053F000F1F760FC84E71AF804501B2D03D81F4B0B
:10540000EB40DB0714D429462046F1F753FC204635
:105410000421F1F74FFC20460D21F1F74BFC0A2146
:10542000204603B0BDEC028BBDE8F04FF1F742BC63
:105430001B212046F1F73EFCE5E71B212046F1F752
:1054400039FC39E71B212046F1F734FC27E71B2103
:105450002046F1F72FFC15E71B212046F1F72AFC27
:1054600000E71B212046F1F725FCE4E61B2120463E
:10547000F1F720FCD6E600BFC03000201200000883
:10548000803700204030002000007A4400FF7F4732
:1054900020340020F043002085000020F0B52DEDE1
:1054A000028B044683B0FF21B94DF1F703FC0026BF
:1054B00001212046F1F7FEFB2E5543212046F1F74E
:1054C000F9FB32212046F1F7F5FB31462046F1F792
:1054D000F1FBB04B20461968FEF78EF8AE4B204624
:1054E0001968FEF789F8AD4B9E88F7B21B2F36B2CC
:1054F00004D8AB4BFB40DB0700F1988139462046CE
:10550000C6F30727F1F7D6FB1B2F4FEA262604D850
:10551000A34BF340D80700F1848139462046F1F7C8
:10552000C9FBA04B1B6847F6FF769E4228BF1E466C
:10553000F7B21B2F36B204D8994BFB40D90700F1C4
:105540006B8139462046F1F7B5FBB6F5E05F4FEACF
:105550002622C6F3072704DA914BD340DA0700F17D
:10556000568139462046F1F7A5FB00212046F1F788
:10557000A1FB00212046F1F79DFB8B4B1F78B3F96F
:1055800000601B2F04D8864BFB40DB0700F13A81FB
:1055900039462046C6F30727F1F78CFB1B2F4FEA4D
:1055A000262604D87E4BF340D80700F126813946E1
:1055B0002046F1F77FFB7D4BB3F90070002FC0F25E
:1055C0006B811E781B2E07D8754BF340D90703D586
:1055D0001B212046F1F76EFB31462046F1F76AFBAE
:1055E000B7F5E05F4FEA2722C7F3072607DA6C4BCF
:1055F000D340DA0703D51B212046F1F75BFB314688
:105600002046F1F757FB6A4B6A4E93ED008A06F18C
:105610000C07F6EC017AF8EE677A204667EE887A96
:1056200017EE901AFDF7E8FFB742F2D1624B634ED6
:1056300093ED008A06F10C07F6EC017AF8EE677A32
:10564000204667EE887A17EE901AFDF7D5FFB7422D
:10565000F2D15B4B1B6847F6FF769E4228BF1E4681
:10566000F7B21B2F36B204D84D4BFB40DB0700F1DD
:105670000E8139462046F1F71DFBB6F5E05F4FEA93
:105680002622C6F3072704DA454BD340DE0700F194
:10569000F98039462046F1F70DFB4A4B1B6847F667
:1056A000FF769E4228BF1E46F7B21B2F36B204D8A3
:1056B0003B4BFB40D80700F1E08039462046F1F72C
:1056C000F9FAB6F5E05F4FEA2622C6F3072704DAB7
:1056D000334BD340D90700F1CB8039462046F1F750
:1056E000E9FA394BD3E900619A68384B0E44164405
:1056F000D3E900129B681144194447F6FF7399429D
:1057000028BF1946CBB21B2B0FB204D8244ADA406B
:10571000D20700F1A68019462046F1F7CBFAB7F57B
:10572000E05F4FEA2721C7F3072204DA1C4BCB4086
:10573000D80700F18F8011462046F1F7BBFA47F6F3
:10574000FF739E4228BF1E46F7B21B2F36B203D806
:10575000134BFB40D90778D439462046F1F7AAFA13
:10576000B6F5E05F4FEA2622C6F3072703DA0C4BB3
:10577000D340DA0764D439462046F1F79BFA2D5D11
:105780001B2D25D8064BEB40DB0754D420E000BF8F
:10579000F0430020D8000020D000002030810020FD
:1057A0001200000884A60020920F0020900F002015
:1057B000106E030878A60020146E03086CA6002063
:1057C00050A600204CA6002054A6002060A6002071
:1057D00029462046F1F76EFA20460421F1F76AFACD
:1057E00020460D21F1F766FA0A21204603B0BDECF0
:1057F000028BBDE8F040F1F75DBA1B212046F1F7BE
:1058000059FAD4E61B212046F1F754FAC0E61B21D1
:105810002046F1F74FFAA4E61B212046F1F74AFA99
:105820008FE61B212046F1F745FA76E61B2120463C
:10583000F1F740FA62E61B212046F1F73BFAC7E791
:105840001B212046F1F736FA95E71B212046F1F798
:1058500031FA81E71B2120460192F1F72BFA019AD8
:1058600069E71B2120460193F1F724FA019B52E7D7
:105870001B212046F1F71EFA2FE71B212046F1F7E6
:1058800019FA1AE71B212046F1F714FA01E71B2148
:105890002046F1F70FFAECE6FF212046F1F70AFA6D
:1058A0007F26ACE62DE9F04FFF21044683B0F1F7E7
:1058B00001FA01212046F1F7FDF9C44B00251D55E1
:1058C0004C212046F1F7F6F954212046F1F7F2F980
:1058D0002946BF4D2046F1F7EDF9EE781B2E04D88E
:1058E000BC4BF340DA0700F1CB84BB4F3146204676
:1058F000F1F7E0F93B7805EB0313DE781B2E04D8B3
:10590000B44BF340DB0700F1B58431462046F1F794
:10591000D1F9ED7C1B2D04D8AE4BEB40D80700F13C
:10592000A3842946AD4D2046F1F7C4F9AB6847F68C
:10593000FF769E4228BF1E465FFA86F8B8F11B0F1D
:1059400036B205D8A34B23FA08F3D90700F18684B1
:1059500041462046F1F7AEF9B6F5E05F4FEA262260
:10596000C6F3072804DA9B4BD340DA0700F17084B2
:1059700041462046F1F79EF93B7803EB430305EBE4
:10598000830347F6FF769B689E4228BF1E465FFA58
:1059900086F8B8F11B0F36B205D88E4B23FA08F300
:1059A000DB0700F14F8441462046F1F783F9B6F555
:1059B000E05F4FEA2622C6F3072804DA854BD3407E
:1059C000D80700F1398441462046F1F773F96B6935
:1059D00047F6FF769E4228BF1E465FFA86F8B8F16A
:1059E0001B0F36B205D87B4B23FA08F3D90700F119
:1059F000128441462046F1F75DF9B6F5E05F4FEAC3
:105A00002622C6F3072804DA724BD340DA0700F1E6
:105A1000FC8341462046F1F74DF9D5ED007AF5EECD
:105A2000C07AF1EE10FA00F138849FED6D7AF4EE51
:105A3000C77AF1EE10FA00F32984FDEEE77ACDED96
:105A4000017A9DF80460BDF904801B2E07D8614BD4
:105A5000F340DB0703D51B212046F1F72BF9314634
:105A60002046C8F30726F1F725F91B2E4FEA282810
:105A700008D8584B23FA08F3D80703D51B21204632
:105A8000F1F718F931462046F1F714F96B6847F63B
:105A9000FF769E4228BF1E465FFA86F8B8F11B0FBC
:105AA00036B208D84B4B23FA08F3D90703D51B218C
:105AB0002046F1F7FFF841462046F1F7FBF8B6F52E
:105AC000E05F4FEA2622C6F3072807DA414BD340AE
:105AD000DA0703D51B212046F1F7ECF841462046B2
:105AE000F1F7E8F83B7803EB430305EB8303D3EDD1
:105AF000007AF5EEC07AF1EE10FA00F1DB839FED4B
:105B0000387AF4EEC77AF1EE10FA40F3FF83FF2102
:105B10002046F1F7CFF87F2631462046F1F7CAF844
:105B20003B7803EB430305EB830347F6FF765B68A3
:105B30009E4228BF1E4637B2F6B21B2E07D8254B11
:105B4000F340D90703D51B212046F1F7B3F83146BE
:105B50002046F1F7AFF8B7F5E05F4FEA2722C7F329
:105B6000072607DA1B4BD340DA0703D51B21204653
:105B7000F1F7A0F831462046F1F79CF8D5ED037A0D
:105B8000F5EEC07AF1EE10FA00F18E839FED147AF3
:105B9000F4EEC77AF1EE10FA40F39283FF2120462B
:105BA000F1F788F87F2631462046F1F783F82A6915
:105BB00047F6FF739A4228BF1A46D6B21B2E15B27B
:105BC00015D8044BF340D8070CE000BFF043002089
:105BD000206E030812000008F7000020A48E0020A9
:105BE00000FEFF4603D51B212046F1F763F831463E
:105BF0002046F1F75FF8B5F5E05F4FEA2522C5F3DF
:105C0000072607DAB74BD340D90703D51B21204617
:105C1000F1F750F831462046DFF8F882B24EDFF84F
:105C2000F892B04FF1F746F808F1020B18F8015F4F
:105C30001B2D07D827FA05F3DA0703D51B212046C9
:105C4000F1F738F829462046F1F734F819F8015FE2
:105C50001B2D07D827FA05F3DB0703D51B212046A8
:105C6000F1F728F829462046F1F724F8A6F1040AAE
:105C70001AF8015B1B2D27FA05F207D812F0010F65
:105C80004FF01B01204601D0F1F714F829462046B9
:105C9000F1F710F85645EBD1C34506F10406C5D11E
:105CA000924B1E78B3F900501B2E07D88D4BF34052
:105CB000D80703D51B212046F0F7FCFF31462046CC
:105CC000C5F30726F0F7F6FF1B2E4FEA252507D868
:105CD000844BEB40D90703D51B212046F0F7EAFFA0
:105CE00031462046F0F7E6FF814B1E78B3F90050AD
:105CF0001B2E07D87B4BF340DA0703D51B21204628
:105D0000F0F7D8FF31462046C5F30726F0F7D2FF5B
:105D10001B2E4FEA252507D8724BEB40DB0703D536
:105D20001B212046F0F7C6FF31462046F0F7C2FFA0
:105D3000704B1E78B3F900501B2E07D8694BF34007
:105D4000DF0703D51B212046F0F7B4FF314620467C
:105D5000C5F30726F0F7AEFF1B2E4FEA252507D81F
:105D6000604BEB40DD0703D51B212046F0F7A2FF77
:105D700031462046F0F79EFF5F4B1E78B3F9005086
:105D80001B2E07D8574BF340D80703D51B212046BD
:105D9000F0F790FF31462046C5F30726F0F78AFF5B
:105DA0001B2E4FEA252507D84E4BEB40D90703D5CC
:105DB0001B212046F0F77EFF31462046F0F77AFFA0
:105DC0004E4B1E78B3F900501B2E07D8454BF340BD
:105DD000DA0703D51B212046F0F76CFF3146204639
:105DE000C5F30726F0F766FF1B2E4FEA252507D8D7
:105DF0003C4BEB40DB0703D51B212046F0F75AFF55
:105E000031462046F0F756FF3D4B1E78B3F900505F
:105E10001B2E07D8334BF340DF0703D51B21204649
:105E2000F0F748FF31462046C5F30726F0F742FF5A
:105E30001B2E4FEA252507D82A4BEB40D80703D560
:105E40001B212046F0F736FF31462046F0F732FF9F
:105E50002C4B1E78B3F900501B2E07D8214BF34072
:105E6000D90703D51B212046F0F724FF31462046F1
:105E7000C5F30726F0F71EFF1B2E4FEA252507D88E
:105E8000184BEB40DA0703D51B212046F0F712FF31
:105E900031462046F0F70EFF1B4B1D781B2D07D80F
:105EA000104BEB40DB0703D51B212046F0F702FF28
:105EB00029462046F0F7FEFE144B1D781B2D07D80F
:105EC000084BEB40DF0703D51B212046F0F7F2FE1D
:105ED00029462046F0F7EEFE0D4B1D781B2D25D8E8
:105EE0001CE000BF12000008988E0020888E002061
:105EF000868E0020848E0020828E0020808E0020DE
:105F00007E8E00207C8E002002A7002001A70020AA
:105F100000A70020A08E00208C8E0020C14BEB40FB
:105F2000DE0703D51B212046F0F7C4FEBE4E2946EE
:105F30002046F0F7BFFE96F850501B2D07D8B94BFE
:105F4000EB40D80703D51B212046F0F7B3FE2946C6
:105F5000B64D2046F0F7AEFE95F80280B5F9027016
:105F6000B8F11B0F08D8AF4B23FA08F3D90703D5B4
:105F70001B212046F0F79EFE41462046C7F3072826
:105F8000F0F798FEB8F11B0F4FEA272707D8A54B6B
:105F9000FB40DA0703D51B212046F0F78BFE414674
:105FA0002046F0F787FE95F80480B5F90470B8F143
:105FB0001B0F08D89B4B23FA08F3DB0703D51B21E3
:105FC0002046F0F777FE41462046C7F30728F0F752
:105FD00071FEB8F11B0F4FEA272707D8914BFB4002
:105FE000D80703D51B212046F0F764FE4146204622
:105FF000F0F760FE95F80680B5F90670B8F11B0F52
:1060000008D8884B23FA08F3D90703D51B2120466B
:10601000F0F750FE41462046C7F30728F0F74AFE46
:10602000B8F11B0F4FEA272707D87E4BFB40DA0752
:1060300003D51B212046F0F73DFE41462046F0F7F0
:1060400039FE95F80880B5F90870B8F11B0F08D82B
:10605000744B23FA08F3DB0703D51B212046F0F726
:1060600029FE41462046C7F30728F0F723FEB8F182
:106070001B0F4FEA272707D86A4BFB40D80703D5E9
:106080001B212046F0F716FE41462046F0F712FE8F
:1060900095F80A80B5F90A70B8F11B0F08D8614B62
:1060A00023FA08F3D90703D51B212046F0F702FE97
:1060B00041462046C7F30728F0F7FCFDB8F11B0F57
:1060C0004FEA272707D8574BFB40DA0703D51B2198
:1060D0002046F0F7EFFD41462046F0F7EBFD95F83E
:1060E0000C80B5F90C70B8F11B0F08D84D4B23FA92
:1060F00008F3DB0703D51B212046F0F7DBFD414603
:106100002046C7F30728F0F7D5FDB8F11B0F4FEA7B
:10611000272707D8434BFB40DF0703D51B21204629
:10612000F0F7C8FD41462046F0F7C4FD95F80E8013
:10613000B5F90E70B8F11B0F08D83A4B23FA08F3E3
:10614000D80703D51B212046F0F7B4FD4146204671
:10615000C7F30728F0F7AEFDB8F11B0F4FEA27276A
:1061600007D8304BFB40D90703D51B212046F0F759
:10617000A1FD41462046F0F79DFD29882046FDF708
:106180003BFA2B4B20461988FDF736FA716A2046F8
:10619000FDF732FA316A2046FDF72EFA96F8505094
:1061A0001B2D07D81F4BEB40DA0703D51B212046D8
:1061B000F0F780FD29462046F0F77CFD00212046BF
:1061C000F0F778FD00212046F0F774FD194B1D5DB6
:1061D0001B2D07D8134BEB40DB0703D51B212046B3
:1061E000F0F768FD29462046F0F764FD20460421BB
:1061F000F0F760FD20460D21F0F75CFD0A212046F6
:1062000003B0BDE8F04FF0F755BD1B212046F0F775
:1062100051FDFFF7FEBB1B212046F0F74BFDFFF7BA
:10622000E8BB00BF1200000848800020E8A600205C
:10623000ACA60020F04300201B212046F0F73AFDD9
:10624000FFF7C1BB1B212046F0F734FDFFF7ABBBC6
:106250001B212046F0F72EFDFFF78ABB1B212046AD
:10626000F0F728FDFFF774BB1B212046F0F722FD55
:10627000FFF757BB1B212046F0F71CFDFFF745BB7E
:106280001B212046F0F716FDFFF72FBBFF2120460C
:10629000F0F710FD7F26FFF7F5BB00212046F0F751
:1062A00009FD0026FFF7EEBB00212046F0F702FDB6
:1062B000002678E400212046F0F7FCFC00262BE4C1
:1062C000FDEEE77ACDED017A9DF80470BDF904602A
:1062D0001B2F07D8224BFB40DB0703D51B21204691
:1062E000F0F7E8FC39462046F0F7E4FC3212C6F33A
:1062F00007261B2E3FF657AC194BD340DF077FF51F
:1063000052AC1B212046F0F7D5FC4CE4FDEEE77AB9
:10631000CDED017A9DF80460BDF904801B2E07D8ED
:106320000F4BF340DB0703D51B212046F0F7C2FCDF
:1063300031462046C8F30726F0F7BCFC1B2E4FEA77
:1063400028283FF6E9AB064B23FA08F3D8077FF578
:10635000E3AB1B212046F0F7ADFCFFF7DDBB00BF30
:10636000120000082DE9F84306464848DFF82C9152
:10637000E2F706FDFF2100F118043046F0F79AFC21
:1063800001213046F0F796FC002309F80630E4B20C
:106390003F213046F0F78EFC1B2C71D02146304651
:1063A000F0F788FC00213046394DDFF8EC80F0F73B
:1063B00081FC552405F115071B2C28FA04F307D896
:1063C00013F0010F4FF01B01304601D0F0F772FCC3
:1063D00021463046F0F76EFC15F8014FBD42EBD177
:1063E00000213046F0F766FC2A4B1C781B2C03D8A2
:1063F000294BE340DA073ED4244D21463046F0F7DE
:1064000059FC2C78A4B1244F1B2C27FA04F307D88D
:1064100013F0010F4FF01B01304601D0F0F74AFC9A
:1064200021463046F0F746FC15F8014F002CEBD121
:1064300021463046F0F73EFC19F806401B2C03D8E5
:10644000154BE340DB0711D421463046F0F732FC10
:1064500030460421F0F72EFC30460D21F0F72AFCDF
:1064600030460A21BDE8F843F0F724BC1B21304632
:10647000F0F720FCE8E71B213046F0F71BFCBBE7F8
:1064800021463046F0F716FC88E700BF088100205F
:10649000E8580308F500002012000008F04300202F
:1064A0002DE9F0478F4BDFF86082044693E8070040
:1064B00086B003AB83E80700F2F74EFE8A4B003844
:1064C00018BF01201A7840F00203052A08BF1846B9
:1064D000864A126840F00403002A08BF1846844B1D
:1064E0001B7803F0010340EAC300FF21C5B2204638
:1064F000F0F7E0FB002601212046F0F7DBFB392115
:10650000204608F80460F0F7D5FB62212046F0F73A
:10651000D1FB31462046F0F7CDFB6FF012032B4143
:10652000D90740F1D98029462046F0F7C3FB714BCB
:106530009FED717AD3ED007A67EE877AF5EEC07A37
:10654000F1EE10FA00F1C680F4EEC77AF1EE10FA1F
:1065500000F3BE80FCEEE77ACDED017A9DF80450A1
:106560001B2D07D8654BEB40DA0703D51B212046CE
:10657000F0F7A0FB2946624D624EDFF890915F4F25
:106580002046F0F797FBD5F8E4122046FDF734F8E3
:1065900071682046FDF730F8D5F86C152046FDF7F8
:1065A0002BF8E96A2046FDF727F831682046FDF709
:1065B00023F8D5F8B4122046FDF71EF8D5F89C153F
:1065C0002046FDF719F8B1682046FDF715F8D5F813
:1065D00024182046FDF710F803AE56F8045B09EBCB
:1065E000851520462969FDF707F869692046FDF7FA
:1065F00003F8696A2046FCF7FFFFA96A2046FCF70A
:10660000FBFFED6A5FFA85FABAF11B0F07D827FA8C
:106610000AF3DB0703D51B212046F0F74BFB51465D
:106620002046C5F3072AF0F745FBBAF11B0F07D840
:1066300027FA0AF3D80703D51B212046F0F73AFBC7
:1066400051462046C5F3074AF0F734FBBAF11B0F59
:1066500007D827FA0AF3D90703D51B212046F0F7FC
:1066600029FB51462046F0F725FB2B0EB5F1E05FE4
:106670009A4607D227FA03F3DA0703D51B212046EF
:10668000F0F718FB51462046F0F714FB06ABB34277
:10669000A3D118F804501B2D07D8184BEB40DB078B
:1066A00003D51B212046F0F705FB29462046F0F7CD
:1066B00001FB20460421F0F7FDFA20460D21F0F7FA
:1066C000F9FA0A212046F0F7F5FA06B0BDE8F0879E
:1066D000C8254FE700254DE71B212046F0F7EAFAD1
:1066E00021E700BF50540308A87D0020083900208E
:1066F000AC7D0020E838002000004843120000086C
:10670000B83B00204C7D0020F0430020001000200A
:1067100070B5FF2182B00446924EF0F7CBFA002507
:1067200001212046F0F7C6FA355545212046F0F7FD
:10673000C1FA0B212046F0F7BDFA29462046F0F7B2
:10674000B9FA8948E4F79EF8C5B21B2D04D8874BE7
:10675000EB40DA0700F1008129462046F0F7AAFA5B
:106760008348E4F78FF8C5B21B2D04D87F4BEB406C
:10677000DB0700F1EC8029462046F0F79BFA7D48C4
:10678000E4F780F8C3B21B2B054604D8774ADA40F9
:10679000D00700F1D58019462046F0F78BFAC5F3F3
:1067A00007231B2B45F30F2504D8704AEA40D10775
:1067B00000F1BF8019462046F0F77CFA6E4B1B684B
:1067C00047F6FF759D4228BF1D46EBB21B2B2DB22D
:1067D00004D8664ADA40D20700F1A4801946204660
:1067E000F0F768FAB5F5E05F4FEA2521C5F3072217
:1067F00004DA5E4BCB40DD0700F18D801146204668
:10680000F0F758FA5D4B1B6847F6FF759D4228BFAD
:106810001D46EBB21B2B2DB203D8544ADA40D007E9
:1068200072D419462046F0F745FAB5F5E05F4FEA15
:106830002521C5F3072203DA4C4BCB40D9075CD4A2
:1068400011462046F0F736FA4D4B1D781B2D03D824
:10685000464BEB40DB074BD429462046F0F72AFA9B
:10686000484B1D88EBB21B2BADB203D83F4ADA4030
:10687000D00736D419462046F0F71CFA290AB5F598
:10688000E05F0A4603D2394BCB40D90722D41146E8
:106890002046F0F70FFA355D1B2D03D8334BEB4044
:1068A000DB0712D429462046F0F704FA20460421DB
:1068B000F0F700FA20460D21F0F7FCF90A212046F6
:1068C00002B0BDE87040F0F7F5B91B212046F0F7A3
:1068D000F1F9E7E71B2120460192F0F7EBF9019A65
:1068E000D5E71B2120460193F0F7E4F9019BC1E7AE
:1068F0001B212046F0F7DEF9AEE71B21204601926E
:10690000F0F7D8F9019A9BE71B2120460193F0F795
:10691000D1F9019B85E71B2120460192F0F7CAF9C6
:10692000019A6BE71B2120460193F0F7C3F9019B05
:1069300054E71B2120460193F0F7BCF9019B39E78E
:106940001B2120460193F0F7B5F9019B23E71B219A
:106950002046F0F7AFF90EE71B212046F0F7AAF921
:10696000FAE600BFF04300206C3700201200000858
:106970004C3700205C370020843700208837002007
:1069800084000020001001402DE9F04FFF21044653
:1069900083B0DFF87883DFF87893DFF878B3DFF837
:1069A00078A3F0F787F9002501212046F0F782F956
:1069B00008F8045042212046F0F77CF914212046C3
:1069C000F0F778F929462046F0F774F907212046B8
:1069D000F0F770F929462046F0F76CF91B212046A4
:1069E000F0F768F904212046F0F764F9D9F800308F
:1069F0001BF803201AF8035045EA4205EDB21B2D9F
:106A000004D8BD4BEB40DA0700F16B8129462046E4
:106A1000F0F750F9B94ED9F8003036F81350EFB20C
:106A20001B2F2DB204D8B44BFB40DB0700F154817F
:106A300039462046C5F30727F0F73CF91B2F4FEAEC
:106A4000252504D8AC4BEB40DD0700F140813946E9
:106A50002046F0F72FF9AA4FD9F8003037F8135035
:106A6000EBB21B2B2DB204D8A34ADA40D00700F1B9
:106A7000278119462046F0F71DF9C5F307231B2B84
:106A80004FEA252504D89C4AEA40D10700F111813C
:106A900019462046F0F70EF9D9F80030002227F801
:106AA000132026F81320974BDB799A07C3F3400590
:106AB00040F1EA80DFF86492D9F800301BF8032037
:106AC0001AF8035045EA4205EDB21B2D04D88A4B53
:106AD000EB40DB0700F1478129462046F0F7EAF852
:106AE000D9F8003036F81350EBB21B2B2DB204D876
:106AF000814ADA40D00700F13B8119462046F0F781
:106B0000D9F8C5F307231B2B4FEA252504D87A4A69
:106B1000EA40D10700F1338119462046F0F7CAF860
:106B2000D9F8003037F81350EBB21B2B2DB204D834
:106B3000714ADA40D20700F1298119462046F0F760
:106B4000B9F8C5F307231B2B4FEA252504D86A4A59
:106B5000EA40D50700F1218119462046F0F7AAF84E
:106B6000D9F80030002227F8132026F813209BF8CC
:106B700006309AF8065045EA4305EDB21B2D04D8BD
:106B80005D4BEB40D80700F1E98029462046F0F73D
:106B900091F8B5895FFA85F9B9F11B0F2DB205D8C7
:106BA000554B23FA09F3D90700F1D3804946204613
:106BB000C5F30729F0F77EF8B9F11B0F4FEA252539
:106BC00004D84D4BEB40DA0700F1BE804946204621
:106BD000F0F770F8BD895FFA85F9B9F11B0F2DB296
:106BE00005D8454B23FA09F3DB0700F1A880494695
:106BF0002046C5F30729F0F75DF8B9F11B0F4FEAFE
:106C0000252504D83C4BEB40D80700F1938049463A
:106C10002046F0F74FF800233B4ABB81B38115882B
:106C2000EEB21B2EADB203D8334BF340D9077CD460
:106C300031462046F0F73EF82A0AB5F5E05F1646E1
:106C400003D22D4BD340DA076AD431462046F0F701
:106C500031F818F804501B2D03D8274BEB40DB0705
:106C600044D429462046F0F725F820460421F0F7C1
:106C700021F820460D21F0F71DF80A21204603B027
:106C8000BDE8F04FF0F716B829462046F0F712F8A5
:106C900029462046F0F70EF829462046F0F70AF874
:106CA00029462046F0F706F829462046F0F702F874
:106CB0005DE71B2120460193EFF7FCFF019BE7E610
:106CC0001B2120460193EFF7F5FF019BD1E61B2125
:106CD0002046EFF7EFFFBAE61B212046EFF7EAFF69
:106CE000A6E61B212046EFF7E5FF8FE61B21204695
:106CF000EFF7E0FFB5E700BF120000085460002086
:106D000014440020AC7D0020E4430020F043002028
:106D1000349000204C6000200C4400203C90002067
:106D20001B212046EFF7C6FF8FE71B212046EFF718
:106D3000C1FF7DE71B212046EFF7BCFF67E71B2162
:106D40002046EFF7B7FF52E71B212046EFF7B2FFCF
:106D50003CE71B212046EFF7ADFF27E71B2120462C
:106D6000EFF7A8FF11E71B212046EFF7A3FFB3E6DB
:106D70001B2120460193EFF79DFF019BBDE61B21E0
:106D800020460193EFF796FF019BC5E61B212046A5
:106D90000193EFF78FFF019BCFE61B212046019364
:106DA000EFF788FF019BD7E62DE9F043054683B056
:106DB000DFF800818946FF2117461C460026EFF7C1
:106DC00079FF01212846EFF775FF08F805603621A5
:106DD0002846EFF76FFF3B1DDAB21B2A5BD89EB245
:106DE000334BD340D90748D411462846EFF762FF0A
:106DF000330A4FEA162247D111462846EFF75AFFC9
:106E000049462846FCF7F8FBBFB1DFF8A4902744B9
:106E100014F9011BCEB21B2E29FA01F107D811F08B
:106E2000010F28464FF01B0101D0EFF743FF314619
:106E30002846EFF73FFFA742EAD118F805401B2C80
:106E400003D81B4BE340DB0712D421462846EFF75B
:106E500031FF28460421EFF72DFF28460D21EFF7DB
:106E600029FF0A21284603B0BDE8F043EFF722BF0F
:106E70001B212846EFF71EFFE7E71B21284601925A
:106E8000EFF718FF019AAFE71B2128460192EFF7B1
:106E900011FF019AB0E711462846EFF70BFF314684
:106EA0002846EFF707FF49462846FCF7A5FBACE765
:106EB00012000008F04300201B4AD3783F2B32D841
:106EC00010B403EB8301194803EBC103D2E9014C71
:106ED00003F110010144C1F80140C1F805C0C11817
:106EE000303303441069C1F81D009069C1F82500D2
:106EF000106AD2F80CC0C1F82D00D2E90940C1F8DF
:106F000019C0D2F814C0C1F821C0D2F81CC0C1F811
:106F100029C0C3F80140C3F8050092F82C3081F86D
:106F2000393010BC70477047D0A000201C220020D0
:106F30000C4A0D4BD178D2F805C0D2F80900C3F83D
:106F400001C0402928BF40211970D2F81110D2F891
:106F50000D20C3F80500C3F80920C3F80D10E9F7A8
:106F600065BB00BFD0A000201C22002070B5FF210F
:106F7000044682B0304EEFF79DFE002501212046E9
:106F8000EFF798FE355513212046EFF793FE1221B7
:106F90002046EFF78FFE2946284D2046EFF78AFE60
:106FA00095F9EA22D3B21B2B04D8254921FA02F223
:106FB000D2073AD419462046EFF77CFE322120460C
:106FC000EFF778FED5F8EB122046FCF715FBD5F865
:106FD000EF122046FCF710FBD5F8F3122046FCF721
:106FE0000BFBD5F8F7122046FCF706FB355D1B2D91
:106FF00003D8134BEB40DB0712D429462046EFF7AA
:1070000059FE20460421EFF755FE20460D21EFF7EB
:1070100051FE0A21204602B0BDE87040EFF74ABE9B
:107020001B212046EFF746FEE7E71B212046019390
:10703000EFF740FE019BBDE7F043002030810020C8
:10704000120000083F29F8B5044600F283800D467F
:10705000FF21EFF72FFE504F01212046EFF72AFEC8
:1070600000233B5514212046EFF724FE2A21204619
:10707000EFF720FE00212046EFF71CFE1B2D2E46C9
:1070800007D8464BEB40D90703D51B212046EFF725
:1070900011FE29462046EFF70DFE414D06EB860313
:1070A00006EBC30635442046D5F8FB12FCF7A4FADC
:1070B000D5F8FF122046FCF79FFAD5F803132046B7
:1070C000FCF79AFAD5F807132046FCF795FAD5F89D
:1070D0000B132046FCF790FAD5F80F132046FCF767
:1070E0008BFAD5F813132046FCF786FAD5F8171358
:1070F0002046FCF781FAD5F81B132046FCF77CFAF2
:10710000D5F81F132046FCF777FA95F823531B2D6B
:1071100003D8224BEB40DA0739D429462046EFF753
:10712000C9FD3D5D1B2D03D81C4BEB40DB0729D46B
:1071300029462046EFF7BEFD20460421EFF7BAFDB1
:1071400020460D21EFF7B6FD20460A21BDE8F840A4
:10715000EFF7B0BDFF21104FEFF7ACFD0025012187
:107160002046EFF7A7FD142120463D55EFF7A2FD7D
:107170002A212046EFF79EFD29462046EFF79AFD8B
:107180002E4686E71B212046EFF794FDD0E71B2112
:107190002046EFF78FFDC0E7F04300201200000803
:1071A0003081002010B55249DFF868C10B789CF897
:1071B00000204340012A0B7024D0022A03D07ABB5E
:1071C000012846D010BD4B490A78531CDBB20B7026
:1071D0004949012B885432D0022B49D04749032B0F
:1071E0000A8876D003329A4258DA4548454A4649D9
:1071F0000023037001201070444A097811708CF844
:10720000003010BD1B2820D0012837D004280BD116
:107210003F4A1388002101338CF80010138010BD01
:1072200000238CF8003010BD3249DFF8CCE00B7839
:107230000EF803000133DBB2012B0B7032D1324A5E
:10724000012310708CF8003010BD02238CF8003040
:1072500010BD2D4B0A701A70284BDFF898E08CF89F
:10726000000002211980264B8EF800201A7010BDF4
:10727000224A012310808CF8003010BD8CF80000E9
:1072800023481C4C0288013202801F481B4A0023FD
:107290000B70237002210370118010BD01238CF844
:1072A000003010BD022BE3D0DFF850E0032BBEF816
:1072B000001015D003319942F0DA11481249002329
:1072C00003708CF800300F48104B09780270197069
:1072D00010BD42EA002201230A808CF8003010BD64
:1072E00041EA0021AEF800108CF8002010BD00BF6C
:1072F000A5A80020D4A40020D0A00020D2A4002063
:10730000D0A40020D1A40020D6A40020D7A400201F
:10731000CAA00020D5A400202DE9F84F05460C4650
:10732000FF21EFF7C7FC01212846EFF7C3FC694AAC
:1073300000231B2C535504D8674BE340D80700F1BA
:10734000C38021462846EFF7B5FC1B212846EFF7FE
:10735000B1FC04212846EFF7ADFC02212846EFF7E7
:10736000A9FC5E4EDFF878A15B4F00212846EFF7BD
:10737000A1FC80212846EFF79DFC4FF0000806F5A0
:10738000606952E03279032A57D01C7807EE904AA0
:10739000F8EE677A17EE904A5FFA84FBBBF11B0F99
:1073A00007D827FA0BF2D10703D51B212846EFF7A0
:1073B00081FC59462846C4F3072BEFF77BFCBBF151
:1073C0001B0F07D827FA0BF2D20703D51B2128463B
:1073D000EFF770FC59462846C4F3074BEFF76AFCF9
:1073E000BBF11B0F07D827FA0BF2D30703D51B21DC
:1073F0002846EFF75FFC59462846EFF75BFCB4F1EF
:10740000E05F4FEA146B07D227FA0BF2D00703D5DF
:107410001B212846EFF74EFC594628461C36EFF74D
:1074200049FCB14508F1010809D03368002BA9D106
:107430000AEB8803D3F80740AEE71C68ACE7BAF85C
:107440000440E6B21B2E24B203D8234BF340D907E5
:1074500035D431462846C4F30726EFF72BFC1B2E04
:107460004FEA242403D81C4BE340DA0722D43146E8
:107470002846EFF71FFC174B5C5D1B2C03D8164BFF
:10748000E340DB0711D421462846EFF713FC2846DA
:107490000421EFF70FFC28460D21EFF70BFC2846DF
:1074A0000A21BDE8F84FEFF705BC1B212846EFF78E
:1074B00001FCE8E71B212846EFF7FCFBD7E71B217F
:1074C0002846EFF7F7FBC4E71B212846EFF7F2FB4E
:1074D00037E700BFF043002012000008505F0308A8
:1074E00030810020F0B5764D95F903306A68EE786A
:1074F00085B0002B0392C0F28A80724BB5F8017000
:107500001B78052B044640F084806F4B03EB860309
:10751000D3F80760FF212046EFF7CCFB012120467E
:10752000EFF7C8FB694A0023135511212046EFF7F6
:10753000C1FBFBB21B2B04D8654ADA40D00700F12F
:10754000B48019462046EFF7B5FB390AB7F5E05F7E
:107550000A4604D25E4BCB40D90700F19F8011460A
:107560002046EFF7A7FBED781B2D04D8584BEB40D6
:10757000DB0700F18E8029462046F5B2EFF79AFB33
:107580001B2D03D8524BEB40DF077DD42946204604
:10759000C6F30725EFF78EFB1B2D03D84C4BEB40B2
:1075A000D8076CD429462046C6F30745EFF782FB7F
:1075B0001B2D03D8464BEB40D9075BD42946204608
:1075C000EFF778FBB6F1E05F4FEA166503D2404B68
:1075D000EB40DA0749D429462046EFF76BFB3B4BDB
:1075E0001D5D1B2D03D83A4BEB40DB0738D42946F1
:1075F0002046EFF75FFB04212046EFF75BFB0D21F0
:107600002046EFF757FB0A212046EFF753FB05B062
:10761000F0BD304603A9F2F7D1FFC6EBC6062D4BED
:1076200053F826206AB103EB8603DDED037A1B795C
:10763000032B17BFFCEEE77AC2ED007A17EE903A03
:107640001370EA78204B2449039803EB8203332A12
:10765000C3F807004FF001030B702DD0039E59E7CC
:107660001B212046EFF726FBC1E71B212046EFF741
:1076700021FBB0E71B212046EFF71CFB9EE71B21F7
:107680002046EFF717FB8DE71B212046EFF712FB93
:107690007CE71B212046EFF70DFB6CE71B21204602
:1076A0000192EFF707FB019A59E71B21204601934E
:1076B000EFF700FB019B44E7E6F794FECEE700BF3F
:1076C000D0A00020A87D002030810020F0430020C1
:1076D00012000008505F03082881002030B5A44C38
:1076E000A44A94F9003000218B4283B00546117002
:1076F000227805DBA04931F81230013321F812302D
:107700000220EEF793FC2478322C70D00ED8132C84
:1077100064D0142C59D0112C02D12846FFF7E2FE78
:10772000022003B0BDE83040EEF792BC482C32D0C6
:107730004B2CF5D1914B1B78052B00F03C819048E8
:10774000DFF850E2B0F801C06346BCF1000F0FD083
:1077500002307146012303E00133202B00F0298120
:107760009AB210F8014F0C70944501F10101F3D861
:10777000844A00210EF8031001231370F2F74AFF28
:107780004B2102462846FCF73BFA022003B0BDE835
:107790003040EEF75DBC794B1B78052B00F0008183
:1077A000F3F70AFAF2F736FF21460246019028461F
:1077B000FCF726FA019A002A44D04FF4FA70EAF74F
:1077C000D3F80020FBF762FDAAE72846FFF774FB19
:1077D000022003B0BDE83040EEF73ABC2846FFF780
:1077E000A7FB022003B0BDE83040EEF731BC644A8D
:1077F000D3780D3B3A2B1FD8DFE803F06A661E6290
:107800005D1E6E581E1E1E1E1E1E1E1E1E1E1E1ECF
:107810001E1E1E1E1E1E1E1E1E1E1E1E1E1E1E1E88
:107820001E1E1E351E1E1E1E311E1E1E1E1E2D1E3F
:107830001E1E1E1E1E1E2800002232212846FCF796
:10784000DFF96DE70220F1F723FD69E747212846BC
:10785000FFF762FD64E72846FEF784FD60E72846EF
:10786000FEF71EFE5CE713790D2B3FF659AF01A121
:1078700051F823F0E1780208EF7802080D79020848
:1078800021770208FD78020821770208E1780208D2
:1078900021770208617902082177020851790208EC
:1078A000997902082D790208197902081179284678
:1078B000FFF7C8FB34E711212846FFF72DFD2FE71E
:1078C0002846FCF7C7FE2BE72846FCF76FFF27E7A3
:1078D0002846FCF79BFC23E72846FFF747FB1FE7FA
:1078E0002846F1F7D3F92846FDF756F918E7284658
:1078F000E3F73CFC2846FDF74FF911E7E1F7D2FC2E
:10790000012204212846FCF77BF909E70022022125
:107910002846FCF775F903E71B4BDB789B0653D52C
:1079200000220D212846FCF76BF9F9E6174C184B9D
:10793000217801221144A3FB01039B0803EB4303BD
:10794000A1EB4301217028460C21FCF759F9E7E629
:10795000F3F72EF901220A212846FCF751F9DFE658
:10796000064B1B78052B38D00120FBF78FFCD7E6A0
:10797000D6A40020D1A40020D8A40020A87D0020F7
:10798000D0A0002028810020AC7D0020C8A00020CD
:10799000ABAAAAAA088100205079EBF731FBBFE619
:1079A000284600222146FCF72BF90220F1F770FC53
:1079B000B6E61F23DCE6284600222146FCF720F924
:1079C0000820F1F765FCABE6284601220D21FCF703
:1079D00017F92846FBF7D0FBA2E62846002208212B
:1079E000FCF70EF90820F1F753FC99E6F0B5914B3E
:1079F000914A1B781278134383B0054620D18F4AF1
:107A000013789F061CD413785E0719D48C4B1B780F
:107A1000052B40F003811379DC0600F1C0809378D8
:107A2000D80700F1BC805378DB0940F0B880937828
:107A3000190700F1B480D77807F00107023700E09A
:107A40000427804E804B317807EBC7071F44002383
:107A50003C4614F8010B78B1B1FBF0F200FB1212B6
:107A6000D2B24AB9013B072B6BD8DFE803F0798724
:107A70000B1D2E3E4D5A07230133DBB2092B54D088
:107A80002746E5E76E4B1B78052B00F0BA8014F80B
:107A9000012B002A00F0A780B1FBF2F302FB1313C5
:107AA000DBB2002B40F0A2802846FDF79BFB14F8C8
:107AB000012B3178002A00F09080B1FBF2F302FB39
:107AC0001313DBB2002B40F093802846FEF720FE14
:107AD00014F8012B3178002A7CD0B1FBF2F302FBC1
:107AE0001313DBB2002B40F088802846FDF7D6FC4C
:107AF00014F8012B3178002A69D0B1FBF2F302FBB4
:107B00001313DBB2002BB6D12846FEF73DFF2278D7
:107B1000317852B1B1FBF2F302FB1313DBB2002B4D
:107B200068D12846FDF738F83178484B0131A3FB7E
:107B30000123DB0803EB8303A1EB4301317003B0A6
:107B4000F0BD2846FCF762FB22783178BC1C002A85
:107B50006AD0B1FBF2F302FB1313DBB2002B66D148
:107B6000364BDB799B0727D414F8012B62B3B1FBAA
:107B7000F2F302FB1313DBB2002B40D1304B1A7827
:107B8000052A0ED014F8010B50B3B1FBF0F200FB44
:107B90001212D2B2002A3FF476AF03236CE7032718
:107BA0004FE7264A1278D209ECD02846FBF756FE5A
:107BB0002746317803234BE72846FCF7F7FD14F8F6
:107BC000012B3178002AD2D10323274640E708232E
:107BD00027463DE7072327463AE70623274637E7A8
:107BE0000423274634E70523274631E7042343E7E8
:107BF000052341E7013408233EE706233CE702233F
:107C00003AE728460193FBF753FD14F8012B31782E
:107C1000019B002A7FF440AF274619E7F1F79CFA51
:107C2000071E18BF01270CE70223274610E7012390
:107C300022E700BF8237002081370020AC7D002082
:107C4000A87D0020C6A00020D0810308CDCCCCCCDC
:107C500010B50446EEF744FF60B9174B1B7893B993
:107C6000E9F77CFE154B1B6D984215D2E1F7A8FB96
:107C7000E8B910BD2046EEF769FFFFF793FA0E4B07
:107C80001B78002BECD02046FFF728FDE9F766FEB5
:107C90000A4B1B6D9842E9D364211420E9F7CEFE0C
:107CA0002046FFF7A3FEE1F78BFB0028E1D020463A
:107CB000BDE81040E1F796BBD1A40020EC2E0020D7
:107CC00030B503684468A3424FEA116236D2DFF848
:107CD0009CE05C1C04601A709EF8003004684568E3
:107CE0005A40214BAC429A5C4FEA114C2FD2651C92
:107CF000056084F800C08CEA020204684568D2B2CC
:107D0000AC4213F802C04FEA112227D282EA0C0CCF
:107D10005FFA8CFC651C0560227013F80C20D0E91A
:107D200000C4A44504D20CF1010404608CF80010D6
:107D30005140C9B25B5C8EF8003030BDDFF82CE0FA
:107D4000094B9EF8000042404FEA114C9A5C8CEAC5
:107D5000020C5FFA8CFC0A0A13F80CC082EA0C02CF
:107D6000D2B29A5CE4E700BF5C540308EBA50020A4
:107D7000014B1860704700BFD8A50020000000002C
:107D80009FED077B084B094809490A4A83ED007BB0
:107D90004FF0010C002380F800C00B701370704787
:107DA0000000000000000000E0A50020EAA500207F
:107DB000E9A50020E8A500209F4B1B78D3B12DE951
:107DC000F04F9E4B1B688BB0994683B19C4B884605
:107DD0001978074611BB9B48026843F2D4039B18ED
:107DE000426842F100029F4278EB020203D20BB0DC
:107DF000BDE8F08F7047944C944A23780760D25CBA
:107E0000C0F80480062A00F20285DFE812F0D10AE9
:107E10005302250A3907F70665062D058C498D4A58
:107E20008D4C00230B70C8238A46137002A80123CF
:107E30005521017014F8011F0130002900F003855D
:107E400001331D2BF5D11C23194602A801F1150E93
:107E5000824C03445FFA8EFE55201C2901F1010C6F
:107E600007D05FFA8CF1714503F8010B14F8010F8C
:107E7000F3D169447A4800240C7290F8B2304EF67F
:107E800029215180C821117183F0C8039DF8081081
:107E9000C35C002900F0C3840DF10900CDE9003274
:107EA000E0F76EFFDDE9003B05466E48A64602AEF0
:107EB00000F13B016FF02A0432788446884283EA5D
:107EC000020338BF0CF8012B5AB2002AC0F2AF806F
:107ED0005B001A465BB2002BC0F2A48053001A4626
:107EE0005BB2002BC0F2998053001A465BB2002BA4
:107EF000C0F28E8053001A465BB2002BC0F2838022
:107F000053001A465BB2002B78DB53001A465BB273
:107F1000002B6EDB53001A465BB2002BACBF530044
:107F200084EA4303754540F39F80884206F10106C9
:107F30000EF1010E5BD302A886446FF02A04284696
:107F400026E0520053B2002B2EDB520053B2002B1E
:107F500030DB520053B2002B32DB520053B2002B05
:107F600034DB520053B2002B36DB520053B2002BED
:107F700038DB520053B2002BA8BF530002AAAEEB6D
:107F8000020202F1FF32B8BF84EA430382426BDA95
:107F90001EF8012B5A4053B2002BD2DA84EA430375
:107FA0005BB2002B1A46D0DA84EA43035BB2002BA3
:107FB0001A46CEDA84EA43035BB2002B1A46CCDAC7
:107FC00084EA43035BB2002B1A46CADA84EA43030D
:107FD0005BB2002B1A46C8DA84EA43035BB2002B7B
:107FE0001A46C6DA84EA43035BB21A46C3E7604620
:107FF00062E784EA43035BB21A468EE784EA4303EE
:108000005BB21A4684E784EA43035BB21A467AE716
:1080100084EA43035BB21A466FE784EA43035BB228
:108020001A4664E784EA43035BB21A4659E784EAD6
:1080300042035BB21A464EE7EAA50020D8A500200D
:10804000E9A50020E0A50020E8A5002000820308A3
:10805000EBA50020ECA5002030590308E8580308E0
:108060005C540308F1A500208C455A468AF800307C
:10807000C0F0D9838A48DBB21646C35C6FF02A048D
:10808000002062468A42964638BF00254FFA83FC9C
:1080900038BF0EF8015BBCF1000FC0F2CC804FEA94
:1080A000430C4FFA8CF3002BC0F2C0804FEA4C0C0B
:1080B0004FFA8CF3002BC0F2B4804FEA4C0C4FFA0D
:1080C0008CF3002BC0F2A8804FEA4C0C4FFA8CF3D3
:1080D000002BC0F29C804FEA4C0C4FFA8CF3002B23
:1080E000C0F290804FEA4C0C4FFA8CF3002BC0F298
:1080F00084804FEA4C0C4FFA8CF30130002BC0B255
:10810000ACBF4FEA4C0384EA43030C2800F098808C
:108110008A4270D332462CE05B005CB2002C35DB27
:108120005B004FFA83FCBCF1000F39DB5B005CB2F3
:10813000002C3DDB5B004FFA83FCBCF1000F41DB00
:108140005B005CB2002C45DB5B004FFA83FCBCF1AA
:10815000000F49DB5B005CB2002C00F10100B8BFEE
:108160006FF02A03C0B2ACBF5B0083EA44030C2863
:1081700067D04FFA83FCBCF1000FCDDA6FF02A0410
:1081800084EA4C0464B2002C2346C9DA6FF02A0C4E
:108190008CEA440C4FFA8CFCBCF1000F6346C5DA44
:1081A0006FF02A0484EA4C0464B2002C2346C1DA3E
:1081B0006FF02A0C8CEA440C4FFA8CFCBCF1000FD7
:1081C0006346BDDA6FF02A0484EA4C0464B2002CE2
:1081D0002346B9DA6FF02A0C8CEA440C4FFA8CFC77
:1081E000BCF1000F6346B5DA6FF02A0484EA4C0450
:1081F00064B22346B0E7724644E784EA43035BB2C5
:108200009C467AE784EA43035BB29C466EE784EAC5
:1082100043035BB29C4662E784EA43035BB29C463D
:1082200056E784EA43035BB29C464AE784EA430389
:108230005BB29C463EE784EA4C035BB29C4632E765
:1082400032468E45DBB2704680F0F182002400F8A1
:10825000014B134D8842EB5C80F0EB8283F001030D
:108260000120104C8EF801000EF1020015F803C039
:108270008AF800C0031B884253703CBF8EF802C0CE
:108280000EF10300811A89B20748C847074B084915
:108290000022C3E900780A700BB0BDE8F08F00BF80
:1082A0005C540308EDA50020ECA50020E0A500200B
:1082B000E9A50020BF4A40F6C82313800823937025
:1082C000BD4BD3ED007AB2EE047A67EE877AB2EE58
:1082D000047AFCEEE77A17EE900A030AD37083F073
:1082E00029034FFA83FCBCF1000FBABF6FF02A03D9
:1082F00083EA4C035B004FFA83FCBCF1000FBABF6A
:108300006FF02A0383EA4C035B004FFA83FCBCF155
:10831000000FBABF6FF02A0383EA4C035B004FFAE9
:1083200083FCBCF1000FBABF6FF02A0383EA4C0351
:108330005B004FFA83FCBCF1000FBABF6FF02A0359
:1083400083EA4C035B004FFA83FCBCF1000FBABF19
:108350006FF02A0383EA4C035B004FFA83FCBCF105
:10836000000FBABF6FF02A0383EA4C035B004FFA99
:1083700083FCBCF1000FBABF6FF02A0383EA4C0301
:108380005B004340107158B20028BABF6FF02A0357
:1083900083EA40035B0058B20028BABF6FF02A039B
:1083A00083EA40035B0058B20028BABF6FF02A038B
:1083B00083EA40035B0058B20028BABF6FF02A037B
:1083C00083EA40035B0058B20028BABF6FF02A036B
:1083D00083EA40035B0058B20028BABF6FF02A035B
:1083E00083EA40035B0058B20028BABF6FF02A034B
:1083F00083EA40035B0058B20028BCBF6FF02A0339
:1084000083EA40036D48D0ED007A67EE877AA8BF13
:108410005B00FCEEE77A17EE900A4FEA102C8CEA2C
:10842000030382F805C04FFA83FCBCF1000FBABF0A
:108430006FF02A0383EA4C035B004FFA83FCBCF124
:10844000000FBABF6FF02A0383EA4C035B004FFAB8
:1084500083FCBCF1000FBABF6FF02A0383EA4C0320
:108460005B004FFA83FCBCF1000FBABF6FF02A0328
:1084700083EA4C035B004FFA83FCBCF1000FBABFE8
:108480006FF02A0383EA4C035B004FFA83FCBCF1D4
:10849000000FBABF6FF02A0383EA4C035B004FFA68
:1084A00083FCBCF1000FBABF6FF02A0383EA4C03D0
:1084B0005B004FFA83FCBCF1000FBABF6FF02A03D8
:1084C00083EA4C035B004340907158B20028BABF66
:1084D0006FF02A0383EA40035B0058B20028BABF5A
:1084E0006FF02A0383EA40035B0058B20028BABF4A
:1084F0006FF02A0383EA40035B0058B20028BABF3A
:108500006FF02A0383EA40035B0058B20028BABF29
:108510006FF02A0383EA40035B0058B20028BABF19
:108520006FF02A0383EA40035B0058B20028BABF09
:108530006FF02A0383EA40035B0058B20028BCBFF7
:108540006FF02A0383EA40031D4890ED007AFCEEA9
:10855000C77AA8BF5B0017EE900A4FEA104C83EA77
:108560000C0382F807C04FFA83FCBCF1000FBABFBE
:108570006FF02A0383EA4C035B004FFA83FCBCF1E3
:10858000000FBABF6FF02A0383EA4C035B004FFA77
:1085900083FCBCF1000FBABF6FF02A0383EA4C03DF
:1085A0005B004FFA83FCBCF1000FB8BF6FF02A03E9
:1085B00008E000BFECA50020B02E0020A82E00206F
:1085C000A42E0020B4BF83EA4C035B004FFA83FC67
:1085D000BCF1000FBABF6FF02A0383EA4C035B00C3
:1085E0004FFA83FCBCF1000FBABF6FF02A0383EA95
:1085F0004C035B004FFA83FCBCF1000FBABF6FF075
:108600002A0383EA4C035B004FFA83FCBCF1000FA2
:10861000BABF6FF02A0383EA4C035B004FEA102CC9
:1086200083EA0C0382F808C04FFA83FCBCF1000F08
:10863000BABF6FF02A0383EA4C035B004FFA83FC56
:10864000BCF1000FBABF6FF02A0383EA4C035B0052
:108650004FFA83FCBCF1000FBABF6FF02A0383EA24
:108660004C035B004FFA83FCBCF1000FBABF6FF004
:108670002A0383EA4C035B004FFA83FCBCF1000F32
:10868000BABF6FF02A0383EA4C035B004FFA83FC06
:10869000BCF1000FBABF6FF02A0383EA4C035B0002
:1086A0004FFA83FCBCF1000FBABF6FF02A0383EAD4
:1086B0004C035B004FFA83FCBCF1000FBABF6FF0B4
:1086C0002A0383EA4C035B004340507258B20028EF
:1086D000BABF6FF02A0383EA40035B0058B2002858
:1086E000BABF6FF02A0383EA40035B0058B2002848
:1086F000BABF6FF02A0383EA40035B0058B2002838
:10870000BABF6FF02A0383EA40035B0058B2002827
:10871000BABF6FF02A0383EA40035B0058B2002817
:10872000BABF6FF02A0383EA40035B0058B2002807
:10873000BABF6FF02A0383EA40035B0058B20028F7
:10874000BCBF6FF02A0383EA40034048D0ED007AB3
:10875000F5EEC07AA8BF5B00F1EE10FA0EDDC7EEB1
:10876000276AF7EE007A9FED3A7A77EEE67A67EEBF
:10877000877AFCEEE77A17EE901A4B40917259B265
:108780000029BABF6FF02A0383EA41035B0059B2A4
:108790000029BABF6FF02A0383EA41035B0059B294
:1087A0000029BABF6FF02A0383EA41035B0059B284
:1087B0000029BABF6FF02A0383EA41035B0059B274
:1087C0000029BABF6FF02A0383EA41035B0059B264
:1087D0000029BABF6FF02A0383EA41035B0059B254
:1087E0000029BABF6FF02A0383EA41035B0059B244
:1087F0000029B8BF6FF02A031648B4BF83EA4103CB
:108800005B000370D37214480C21C84723780133EE
:10881000DBB2072B88BF00232370FFF7E8BADFF82D
:1088200044C00CF13B0100200CF8010B22E40B4981
:10883000CB5C0A4983F00103CB5C8AF80030084B1B
:10884000C31A53701EE5D9B2FFF7FFBA902E00206D
:108850000000C842EBA50020ECA500205C540308F2
:10886000EDA50020F1A50020964B974AD3ED007AA4
:10887000964B1360B2EE047A67EE877AB2EE047A12
:10888000FDEEE77A17EE901A0B0A137183F07F035F
:1088900058B20028BABF6FF02A0383EA40035B0096
:1088A00058B20028BABF6FF02A0383EA40035B0086
:1088B00058B20028BABF6FF02A0383EA40035B0076
:1088C00058B20028BABF6FF02A0383EA40035B0066
:1088D00058B20028BABF6FF02A0383EA40035B0056
:1088E00058B20028BABF6FF02A0383EA40035B0046
:1088F00058B20028BABF6FF02A0383EA40035B0036
:1089000058B20028BABF6FF02A0383EA40035B0025
:108910004B40517159B20029BABF6FF02A0383EA64
:1089200041035B0059B20029BABF6FF02A0383EA02
:1089300041035B0059B20029BABF6FF02A0383EAF2
:1089400041035B0059B20029BABF6FF02A0383EAE2
:1089500041035B0059B20029BABF6FF02A0383EAD2
:1089600041035B0059B20029BABF6FF02A0383EAC2
:1089700041035B0059B20029BABF6FF02A0383EAB2
:1089800041035B0059B20029BCBF6FF02A0383EAA0
:1089900041034F49D1ED047A67EE877AA8BF5B00A7
:1089A000FDEEE77A17EE901A080A4340907158B22C
:1089B0000028BABF6FF02A0383EA40035B0058B275
:1089C0000028BABF6FF02A0383EA40035B0058B265
:1089D0000028BABF6FF02A0383EA40035B0058B255
:1089E0000028BABF6FF02A0383EA40035B0058B245
:1089F0000028BABF6FF02A0383EA40035B0058B235
:108A00000028BABF6FF02A0383EA40035B0058B224
:108A10000028BABF6FF02A0383EA40035B0058B214
:108A20000028BABF6FF02A0383EA40035B004B4083
:108A3000D17159B20029BABF6FF02A0383EA41030A
:108A40005B0059B20029BABF6FF02A0383EA4103E1
:108A50005B0059B20029BABF6FF02A0383EA4103D1
:108A60005B0059B20029BABF6FF02A0383EA4103C1
:108A70005B0059B20029BABF6FF02A0383EA4103B1
:108A80005B0059B20029BABF6FF02A0383EA4103A1
:108A90005B0059B20029BABF6FF02A0383EA410391
:108AA0005B0059B20029B8BF6FF02A030948B4BF70
:108AB00083EA41035B000370137203480921C8472E
:108AC0002378A4E6BC000020ECA50020C8070D0018
:108AD00048800020EBA50020624A927892067FF53C
:108AE00096AE614A6148C8231370614BD3ED007A9A
:108AF000B2EE047A67EE877AFDEEE77A17EE903AE7
:108B0000834280F2798740F60413A2F801300023F3
:108B1000D3705A235B0058B20028BABF6FF02A0303
:108B200083EA40035B0058B20028BABF6FF02A0303
:108B300083EA40035B0058B20028BABF6FF02A03F3
:108B400083EA40035B0058B20028BABF6FF02A03E3
:108B500083EA40035B0058B20028BABF6FF02A03D3
:108B600083EA40035B004B40117159B20029BABF40
:108B70006FF02A0383EA41035B0059B20029BABFB0
:108B80006FF02A0383EA41035B0059B20029BABFA0
:108B90006FF02A0383EA41035B0059B20029BABF90
:108BA0006FF02A0383EA41035B0059B20029BABF80
:108BB0006FF02A0383EA41035B0059B20029BABF70
:108BC0006FF02A0383EA41035B0059B20029BABF60
:108BD0006FF02A0383EA41035B0059B20029B8BF52
:108BE0006FF02A032348B4BF83EA41035B0003709C
:108BF00053711D480621C847237808E6194A927820
:108C000091067FF504AE1C4B9FED1C7AD3ED007AE4
:108C1000154A67EE877A4FF49963FDEEE77A138081
:108C200017EE901A0B0A0720D37083F0540390704C
:108C300058B20028B6BF6FF02A035B0083EA4003F6
:108C400058B2002880F2CD866FF02A0383EA4003F1
:108C500058B20028BFF65EAF6FF02A0383EA4003E4
:108C600059E700BFAC7D0020ECA50020F0D8FFFF45
:108C700028110020EBA50020288000200000C84219
:108C8000D04A127850067FF5C2ADCF4ACF49D04DB9
:108C9000009241F2C8131380022393707F230B705C
:108CA000D31C8A460293D5F8D0109FEDCA7ADFED27
:108CB000CA6A02F1400302A80393FFF701F8D5F84E
:108CC000E81002A8FEF7FCFFD5ED247A029B03987A
:108CD0009AF800E0009A67EE877A9842FCEEE77A0D
:108CE0009FEDBE7A17EE901A4FEA112C88BF03F859
:108CF00001CB8CEA0E0C4FFA8CFEBEF1000FBABF0E
:108D00006FF02A0C8CEA4E0C4FEA4C0C4FFA8CFE9A
:108D1000BEF1000FBABF6FF02A0C8CEA4E0C4FEA7E
:108D20004C0C4FFA8CFEBEF1000FBABF6FF02A0C4C
:108D30008CEA4E0C4FEA4C0C4FFA8CFEBEF1000F41
:108D4000BABF6FF02A0C8CEA4E0C4FEA4C0C4FFA6B
:108D50008CFEBEF1000FBABF6FF02A0C8CEA4E0CED
:108D60004FEA4C0C4FFA8CFEBEF1000FBABF6FF009
:108D70002A0C8CEA4E0C4FEA4C0C4FFA8CFEBEF1DA
:108D8000000FBABF6FF02A0C8CEA4E0C4FEA4C0C65
:108D90004FFA8CFEBEF1000FBABF6FF02A0C8CEABE
:108DA0004E0C4FEA4C0C984288BF03F8011B81EA35
:108DB0000C014FFA81FCBCF1000FBABF6FF02A0121
:108DC00081EA4C0149004FFA81FCBCF1000FBABFA7
:108DD0006FF02A0181EA4C0149004FFA81FCBCF195
:108DE000000FBABF6FF02A0181EA4C0149004FFA27
:108DF00081FCBCF1000FBABF6FF02A0181EA4C017F
:108E000049004FFA81FCBCF1000FBABF6FF02A0194
:108E100081EA4C0149004FFA81FCBCF1000FBABF56
:108E20006FF02A0181EA4C0149004FFA81FCBCF144
:108E3000000FBABF6FF02A0181EA4C0149004FFAD6
:108E400081FCBCF1000FBABF6FF02A0181EA4C0C23
:108E50004FEA410C5E49D1ED257A67EEA67A984239
:108E600067EE877A9FED5E7AFCEEE77A17EE901A4E
:108E70004FEA112E8EEA0C0C88BF03F801EB4FFA73
:108E80008CFEBEF1000FBABF6FF02A0C8CEA4E0CBC
:108E90004FEA4C0C4FFA8CFEBEF1000FBABF6FF0D8
:108EA0002A0C8CEA4E0C4FEA4C0C4FFA8CFEBEF1A9
:108EB000000FBABF6FF02A0C8CEA4E0C4FEA4C0C34
:108EC0004FFA8CFEBEF1000FBABF6FF02A0C8CEA8D
:108ED0004E0C4FEA4C0C4FFA8CFEBEF1000FBABF9D
:108EE0006FF02A0C8CEA4E0C4FEA4C0C4FFA8CFEB9
:108EF000BEF1000FBABF6FF02A0C8CEA4E0C4FEA9D
:108F00004C0C4FFA8CFEBEF1000FBABF6FF02A0C6A
:108F10008CEA4E0C4FEA4C0C4FFA8CFEBEF1000F5F
:108F2000BABF6FF02A0C8CEA4E0C4FEA4C0C9842F8
:108F300088BF03F8011B81EA0C014FFA81FCBCF1E8
:108F4000000FBABF6FF02A0181EA4C0149004FFAC5
:108F500081FCBCF1000FBABF6FF02A0181EA4C011D
:108F600049004FFA81FCBCF1000FBABF6FF02A0133
:108F700081EA4C0149004FFA81FCBCF1000FBABFF5
:108F80006FF02A0181EA4C0149004FFA81FCBCF1E3
:108F9000000FBABF6FF02A0181EA4C0149004FFA75
:108FA00081FCBCF1000FBABF6FF02A0181EA4C01CD
:108FB00049004FFA81FCBCF1000FB8BF6FF02A01E5
:108FC00010E000BFAC7D0020ECA50020EBA5002048
:108FD000B0A8002000001042E12E65420000C84207
:108FE00000007A44B4BF81EA4C0149004FFA81FC89
:108FF000BCF1000FBABF6FF02A0181EA4C0C4FEAB6
:10900000410C9349D1ED127A77EE877A9842FCEEC3
:10901000E77A17EE901A4FEA112E8EEA0C0C88BFF1
:1090200003F801EB4FFA8CFEBEF1000FBABF6FF0F0
:109030002A0C8CEA4E0C4FEA4C0C4FFA8CFEBEF117
:10904000000FBABF6FF02A0C8CEA4E0C4FEA4C0CA2
:109050004FFA8CFEBEF1000FBABF6FF02A0C8CEAFB
:109060004E0C4FEA4C0C4FFA8CFEBEF1000FBABF0B
:109070006FF02A0C8CEA4E0C4FEA4C0C4FFA8CFE27
:10908000BEF1000FBABF6FF02A0C8CEA4E0C4FEA0B
:109090004C0C4FFA8CFEBEF1000FBABF6FF02A0CD9
:1090A0008CEA4E0C4FEA4C0C4FFA8CFEBEF1000FCE
:1090B000BABF6FF02A0C8CEA4E0C4FEA4C0C4FFAF8
:1090C0008CFEBEF1000FBABF6FF02A0C8CEA4E0C7A
:1090D0004FEA4C0C984288BF03F8011B81EA0C014F
:1090E0004FFA81FCBCF1000FBABF6FF02A0181EA90
:1090F0004C0149004FFA81FCBCF1000FBABF6FF080
:109100002A0181EA4C0149004FFA81FCBCF1000FB1
:10911000BABF6FF02A0181EA4C0149004FFA81FC85
:10912000BCF1000FBABF6FF02A0181EA4C0149007F
:109130004FFA81FCBCF1000FBABF6FF02A0181EA3F
:109140004C0149004FFA81FCBCF1000FBABF6FF02F
:109150002A0181EA4C0149004FFA81FCBCF1000F61
:10916000BABF6FF02A0181EA4C0149004FFA81FC35
:10917000BCF1000FBABF6FF02A0181EA4C0C4FEA34
:10918000410C334991F83110984288BF03F8011B14
:1091900081EA0C014FFA81FCBCF1000FBABF6FF0FD
:1091A0002A0181EA4C0149004FFA81FCBCF1000F11
:1091B000BABF6FF02A0181EA4C0149004FFA81FCE5
:1091C000BCF1000FBABF6FF02A0181EA4C014900DF
:1091D0004FFA81FCBCF1000FBABF6FF02A0181EA9F
:1091E0004C0149004FFA81FCBCF1000FBABF6FF08F
:1091F0002A0181EA4C0149004FFA81FCBCF1000FC1
:10920000BABF6FF02A0181EA4C0149004FFA81FC94
:10921000BCF1000FBABF6FF02A0181EA4C0149008E
:109220004FFA81FCBCF1000FBABF6FF02A0181EA4E
:109230004C014900984288BF03F8011B9B1A8AF829
:109240000010044899B2C8472378FFF7E0BA00BF7E
:10925000B0A80020ECA50020514A524BC821117043
:10926000212191701979C90900F0A7839978CD0758
:1092700000F1AD835978C90900F0B6831979C806A1
:1092800040F1B283484E0092701CDFF779FD07462B
:109290004648DDF80080751E71234FF0000E00F186
:1092A0003D0115F8012F8446884238BF0CF8012B88
:1092B0005A4053B2002BC0F2B38253001A465BB23D
:1092C000002BC0F2A68253001A465BB2002BC0F2FC
:1092D000C38253001A465BB2002BC0F2B682530021
:1092E0001A465BB2002BC0F2A98253001A465BB249
:1092F000002BC0F29C8253001A465BB2002BC0F2D6
:10930000B28253001A465BB2002BB6BF6FF02A023E
:10931000530082EA4303BE4580F2F68288420EF192
:10932000010EC0F06A82B6446FF02A002CE05200B1
:1093300053B2002BC0F2AD82520053B2002BC0F2E8
:10934000A382520053B2002BC0F29982520053B252
:10935000002BC0F28F82520053B2002BC0F2548215
:10936000520053B2002BC0F24A82520053B2002B7B
:10937000A8BF5300AEEB060202F1FF32B8BF80EA8D
:109380004303974240F3C0821EF8012B5A4053B268
:10939000002BCCDA80EA43035BB21A46C9E700BF70
:1093A000ECA50020AC7D002000590308EFA50020AB
:1093B000C1499FEDC27AD1ED007AC14A40F6C80397
:1093C000F4EEC77A1380F1EE10FA4FF01E0393709B
:1093D00040F36482DFEDBB6A77EEE67AF4EEC77A9B
:1093E000F1EE10FAF8DC9FEDB87A67EE877A9FED20
:1093F000B37AFDEEE77A17EE900A030AD37083F092
:109400000503DB434FFA83FCBCF1000FBABF6FF0DA
:109410002A0383EA4C035B004FFA83FCBCF1000F84
:10942000BABF6FF02A0383EA4C035B004FFA83FC58
:10943000BCF1000FBABF6FF02A0383EA4C035B0054
:109440004FFA83FCBCF1000FBABF6FF02A0383EA26
:109450004C035B004FFA83FCBCF1000FBABF6FF006
:109460002A0383EA4C035B004FFA83FCBCF1000F34
:10947000BABF6FF02A0383EA4C035B004FFA83FC08
:10948000BCF1000FBABF6FF02A0383EA4C035B0004
:109490004FFA83FCBCF1000FBABF6FF02A0383EAD6
:1094A0004C035B004340107158B20028BABF6FF004
:1094B0002A0383EA40035B0058B20028BABF6FF06A
:1094C0002A0383EA40035B0058B20028BABF6FF05A
:1094D0002A0383EA40035B0058B20028BABF6FF04A
:1094E0002A0383EA40035B0058B20028BABF6FF03A
:1094F0002A0383EA40035B0058B20028BABF6FF02A
:109500002A0383EA40035B0058B20028BABF6FF019
:109510002A0383EA40035B0058B2D1ED017A0028A8
:10952000B8BF6FF02A03F4EEC77AB4BF83EA4003F2
:109530005B00F1EE10FA40F3D581DFED626A77EE61
:10954000E67AF4EEC77AF1EE10FAF8DC9FED5E7A77
:1095500067EE877A9FED597AFDEEE77A17EE900A6B
:109560004FEA102C83EA0C0382F805C04FFA83FC03
:10957000BCF1000FBABF6FF02A0383EA4C035B0013
:109580004FFA83FCBCF1000FBABF6FF02A0383EAE5
:109590004C035B004FFA83FCBCF1000FBABF6FF0C5
:1095A0002A0383EA4C035B004FFA83FCBCF1000FF3
:1095B000BABF6FF02A0383EA4C035B004FFA83FCC7
:1095C000BCF1000FBABF6FF02A0383EA4C035B00C3
:1095D0004FFA83FCBCF1000FBABF6FF02A0383EA95
:1095E0004C035B004FFA83FCBCF1000FBABF6FF075
:1095F0002A0383EA4C035B004FFA83FCBCF1000FA3
:10960000BABF6FF02A0383EA4C035B0043409071BA
:1096100058B20028BABF6FF02A0383EA40035B0008
:1096200058B20028BABF6FF02A0383EA40035B00F8
:1096300058B20028BABF6FF02A0383EA40035B00E8
:1096400058B20028BABF6FF02A0383EA40035B00D8
:1096500058B20028BABF6FF02A0383EA40035B00C8
:1096600058B20028BABF6FF02A0383EA40035B00B8
:1096700058B20028BABF6FF02A0383EA40035B00A8
:1096800058B2D1ED027A0028B8BF6FF02A03F4EE89
:10969000C77AB4BF83EA40035B00F1EE10FA40F3EF
:1096A0000F81DFED086A77EEE67AF4EEC77AF1EE25
:1096B00010FAF8DC0AE000BF347D0020DB0F4940DF
:1096C000ECA50020DB0FC94000401C461FED027ACC
:1096D00067EE877AFDEEE77A17EE901A080A4340A4
:1096E000D07158B20028BABF6FF02A0383EA400352
:1096F0005B0058B20028BABF6FF02A0383EA400328
:109700005B0058B20028BABF6FF02A0383EA400317
:109710005B0058B20028BABF6FF02A0383EA400307
:109720005B0058B20028BABF6FF02A0383EA4003F7
:109730005B0058B20028BABF6FF02A0383EA4003E7
:109740005B0058B20028BABF6FF02A0383EA4003D7
:109750005B0058B20028BABF6FF02A0383EA4003C7
:109760005B004B40117259B20029BABF6FF02A0357
:1097700083EA41035B0059B20029BABF6FF02A03A4
:1097800083EA41035B0059B20029BABF6FF02A0394
:1097900083EA41035B0059B20029BABF6FF02A0384
:1097A00083EA41035B0059B20029BABF6FF02A0374
:1097B00083EA41035B0059B20029BABF6FF02A0364
:1097C00083EA41035B0059B20029BABF6FF02A0354
:1097D00083EA41035B0059B20029B8BF6FF02A0346
:1097E000A348B4BF83EA41035B0003705372A148EE
:1097F0000A21C8472378FFF70AB8604651E580EA96
:1098000043035BB21A46B2E580EA43035BB21A46F1
:10981000A8E56FF02A0282EA43035BB21A4655E5D7
:109820006FF02A0282EA43035BB21A4648E56FF002
:109830002A0282EA43035BB21A465FE56FF02A020E
:1098400082EA43035BB21A4652E56FF02A0282EACB
:1098500043035BB21A4645E56FF02A0282EA4303EE
:109860005BB21A4638E56FF02A0282EA43035BB224
:109870001A4649E580EA43035BB21A466DE580EA81
:1098800043035BB21A4663E580EA43035BB21A46C0
:1098900059E580EA43035BB21A464FE59FED767ABD
:1098A000F4EEC77AF1EE10FA7FF59DADDFED736A45
:1098B00077EEA67AF4EEC77AF1EE10FAF8D492E5D4
:1098C0009FED6D7AF4EEC77AF1EE10FA7FF5FEAEF9
:1098D000DFED6A6A77EEA67AF4EEC77AF1EE10FA57
:1098E000F8D4F3E69FED647AF4EEC77AF1EE10FA5D
:1098F0007FF52CAEDFED616A77EEA67AF4EEC77ADB
:10990000F1EE10FAF8D421E68C453CBF00200CF8AB
:10991000010B58B20028BABF6FF02A0383EA400354
:109920005B0058B20028BABF6FF02A0383EA4003F5
:109930005B0058B20028BABF6FF02A0383EA4003E5
:109940005B0058B20028BABF6FF02A0383EA4003D5
:109950005B0058B20028BABF6FF02A0383EA4003C5
:109960005B0058B20028BABF6FF02A0383EA4003B5
:109970005B0058B20028BABF6FF02A0383EA4003A5
:109980005B0058B20028BCBF6FF02A0383EA400393
:109990003B48A8BF5B00ACEB00008C4588F8010099
:1099A00038BF0CF8013B3248ACEB0801037089B2B8
:1099B0003048C8472378FEF72ABF1979C90904D16E
:1099C0005B78DD0701D52F4E5DE42F4E5BE42F4E13
:1099D00059E440F60411FF23A2F80110D370FE21D0
:1099E00006235B00FFF734B95978C9091AD01978F2
:1099F000C90717D5264E46E426498B42E9DC45F6D1
:109A0000EF018B421ADC03F51C531033180A194678
:109A1000430083F02D03D07040F60410A2F801003B
:109A2000FFF70EB91978CF0720D4DB781A4913F065
:109A3000040F1A4B14BF0E461E4624E4053307EEEE
:109A4000903A9FED177AF8EEE77A67EE877AFDEEA7
:109A5000E77A17EE903A6FEA43436FEA5343180AE6
:109A600019466FF0070383EA4003D4E70D4E0AE47A
:109A7000EBA50020ECA50020DB0F49C0DB0FC9409F
:109A8000EDA50020085903081059030804590308DC
:109A900028590308E7FF0400145903081C59030858
:109AA000CDCCCC3D24590308014B01221A707047DC
:109AB000E9A5002070B50E465E2105461446EDF777
:109AC000F9F85E2E46D05D2E3146284614D0EDF7CB
:109AD000F1F8E1B25E2918D05D29284633D0EDF7C0
:109AE000E9F8C4F307215E291BD05D29284622D05E
:109AF000BDE87040EDF7DEB8EDF7DCF83D21284613
:109B0000EDF7D8F8E1B25E29E6D15D212846EDF700
:109B1000D1F83E212846EDF7CDF8C4F307215E29A0
:109B2000E3D128465D21EDF7C5F828463E21BDE882
:109B30007040EDF7BFB8EDF7BDF828463D21BDE810
:109B40007040EDF7B7B8EDF7B5F83D212846EDF7D1
:109B5000B1F8C6E728465D21EDF7ACF83E2128466E
:109B6000EDF7A8F8B5E700BF2DE9F843354FDFF86A
:109B7000DC90D7F8D040344E002CB8BF6442A9FB2B
:109B800004239B0D06FB1344C4EB0414A40089FBBF
:109B900004124FEAE47803EB830303EB8303C8EB7F
:109BA000A25808EB830212B213210546FFF782FF89
:109BB00006FB1842DFF89880A8FB023242F38F12AE
:109BC00028461B21FFF776FFD7F8D030002BACBF1B
:109BD0004E22532228462321FFF76CFFD7F8E84096
:109BE000002CB8BF6442A9FB04239B0D06FB134461
:109BF000C4EB0414A40089FB042903EB8303E217DC
:109C000003EB8303C2EBA95909EB83022846122117
:109C100012B2FFF74FFF06FB1942A8FB028242F384
:109C20008F1228461A21FFF745FFD7F8E830002B9E
:109C300028464FF02201BDE8F843ACBF4522572229
:109C4000FFF738BFB0A80020809698006BCA5F6B02
:109C5000D34D62102DE9F04385B00446E7F77EFE50
:109C60004A4BD3F8C030834202D905B0BDE8F08337
:109C7000474D7D213020E7F7E1FE9FED467AD5ED97
:109C8000007A45498DED017A67EE877A0B88FDEE03
:109C9000E77A013317EE902A0B8012B20821204692
:109CA000FFF708FF9DED017AD5ED017A67EE877A1F
:109CB0002021FDEEE77A204617EE903A1AB2FFF720
:109CC000F9FE364BDFED367A93ED007AB4EEE77AA3
:109CD000F1EE10FA57D4DFED337ADFED336AB4EEEC
:109CE000E77AF1EE10FAD8BFF0EE477A67EEA67A7F
:109CF000FDEEE77A17EE903A1AB230212046FFF7D0
:109D0000D9FE254B1B889A0700F07C8113F00702CF
:109D1000174640F06581254B1B78192B40F02D82AA
:109D2000234EDFF8A090234B1B78002B40F0FE81E0
:109D3000DFF89480D8ED007AB2EE047A67EE877A85
:109D40003921FDEEE77A204617EE903A1AB28DEDF2
:109D5000017AFFF7AFFE184B9DED017AD3ED007A43
:109D600067EE877AF5EEC07AF1EE10FA00F15682CE
:109D70009FED127AF4EEC77AF1EE10FA40F3958275
:109D80004FF4FA424BE20E4AB7E700BFEC2E002038
:109D9000347D0020E12E65422CA600202880002082
:109DA000CDCCC7C2CDCCC7420000C842F5000020D0
:109DB000AC7D00205C000020A82E00200000FA46A8
:109DC000FAD8FFFF902E0020B02E002000220421A0
:109DD0002046FFF76FFEC94B9FEDC97AD3ED247A79
:109DE00067EE877A2046BDEEE77A112117EE103A2A
:109DF0001AB2CDED017AFFF75DFEDDED017AC149C2
:109E0000B2EE047A67EE877AFDEEE77A17EE902AD3
:109E1000002AB8BF5242A1FB0201C90801EB81012F
:109E2000A2EB410212B219212046FFF743FE32781D
:109E3000B24B12F0400F4ED03278D2094BD0B24A1A
:109E4000D2ED007AF5EEC07AF1EE10FA00F14F8211
:109E50009FEDAE7AF4EEC77AF1EE10FA00F34D8280
:109E6000FDEEE77A17EE902A12B2A94D072120469F
:109E7000FFF720FE9FEDA77AF5EC017A8DED017AD0
:109E800067EE877A2A21FDEEE77A204617EE903AB0
:109E90001AB2FFF70FFE9DED017AD5ED007A67EE5D
:109EA000877A2B21FDEEE77A204617EE903A1AB218
:109EB000FFF700FE964B9DED017AD3ED027A67EE37
:109EC000877A2C21FDEEE77A204617EE903A1AB2F7
:109ED000FFF7F0FD894B93ED127ADFED8F7AB4EE48
:109EE000E77AF1EE10FA00F1BA81DFED8C7AB4EE88
:109EF000E77AF1EE10FAD8BFF0EE477ABDEEE77AD6
:109F000017EE102A12B220460121CDED017AFFF79B
:109F1000D1FDDDED017A7B49B2EE047A67EE877AF6
:109F20008DED017AFDEEE77A17EE902A002AB8BF90
:109F30005242A1FB0201C90801EB8101A2EB4102DF
:109F400012B209212046FFF7B5FD6C4B9DED017A59
:109F5000D3ED1F5A93F831003178B1EE046AC5EEA3
:109F6000866AF7EE007A77EEE67A67EE877AFDEE9C
:109F7000E77A17EE903A1AB2092A1346A8BF0923C6
:109F800003EB830303EB83039B009BB233EA2203BF
:109F900028BF3B46632894BF1B1863339BB203F56D
:109FA0007A7211F0400F317892B218BF1346C90986
:109FB0001AB21CBF03F5FA631AB2CDE90123EFF719
:109FC000CBF8019A18B17178C90900F074810521A4
:109FD0002046FFF76FFD2046FFF7C6FD504B1B885C
:109FE000272B08D9454B4E4893F8282000210180A3
:109FF000002A40F038815E21204605B0BDE8F043DC
:10A00000ECF758BE474BDFED447A93ED007AB4EE9F
:10A01000E77AF1EE10FA00F12481DFED407AB4EE38
:10A02000E77AF1EE10FAD8BFF0EE477ABDEEE77AA4
:10A0300017EE103A1AB210212046CDED017AFFF743
:10A0400039FDDDED017A2F4BF2EE046A67EEA67A58
:10A050002121FDEEE77ACDED036A17EE902A002A62
:10A06000B8BF5242A3FB02C0C00800EB8000A2EBC5
:10A07000400212B22046FFF71DFD204A9FED257ACF
:10A08000D2ED257A8DED027A67EE877A2046BDEE15
:10A09000E76A142116EE103A1AB2CDED017AFFF7F5
:10A0A00009FDDDED036ADDED017A164B67EEA67A58
:10A0B0001C21FDEEE77A17EE902A002AB8BF524223
:10A0C000A3FB0203DB0803EB8303A2EB430212B200
:10A0D0002046FFF7EFFC144B9DED027AD3ED007A9A
:10A0E00067EE877A2D21FDEEE77A204617EE903A4B
:10A0F0001AB2FFF7DFFC0A4B1B8807E6B0A8002066
:10A10000E5CFF83FCDCCCCCC50210020003C1C4604
:10A1100054210020E12E65429AF979C49AF97944D4
:10A120002CA600202811002054BD002007EE903AF4
:10A13000734B9FED747AD3ED006AF8EEE77A66EE22
:10A14000876A984686EEA77A0023FCEEC77A17EE58
:10A15000902AC2F3032141EA022545EA031212B212
:10A16000062120460193FFF7A5FC674A019B117861
:10A170000133DAB29142F0D8DCE5644A64481178E0
:10A18000644A43781278132928BF13211D2A28BF57
:10A190001D22C3F3801342EA411242EA832201786E
:10A1A0000378C3F34013C1F380011B0343EAC123C7
:10A1B0001A4392B201920646EEF7CEFF019A42F49C
:10A1C0008043002818BF1A4602212046FFF772FC80
:10A1D000EEF7C2FF002878D04F4B93ED007A4F4B3B
:10A1E000D3ED007A37EE277AB5EEC07AF1EE10FAA9
:10A1F0007FD4F7EE007AB4EEE77AF1EE10FAD8BF2A
:10A20000F0EE477AB3EE047A67EE877ADFF82091B2
:10A21000FDEEE77A17EE903A1AB263E000222821A9
:10A220002046FFF747FC3E4B99ED006AD3ED005AFC
:10A230009FED3C7AC5EE866AF7EE007A77EEE67A15
:10A2400067EE877AF5EEC07AF1EE10FA3FF5BEAD13
:10A25000F4EEC77AF1EE10FA21DD6422B7E5324A56
:10A2600051E6314AE7E69A8D20461521D2BAFFF72A
:10A2700021FC2E4B2046B3F92A201621FFF71AFCA9
:10A280002A4B2046B3F92E201721FFF713FC274B4A
:10A29000182193F830202046FFF70CFCABE6FDEECA
:10A2A000E77A17EE903A1AB291E5FDEEE77A17EEEB
:10A2B000903A1AB2B3E7029BB17803F57A631BB206
:10A2C00011F0010F08BF1A4681E6194B9FED197A6C
:10A2D000D3ED007A67EE877A9946FDEEE77A17EEBE
:10A2E000903A1AB203212046FFF7E4FB1BE5002257
:10A2F000BBE5DFF83C903A46F4E742F20F72B4E572
:10A30000B02E00200000FA435C0000207F380020BF
:10A31000AC7D0020A87D0020E83800200039002016
:10A32000A42E00200000C84219FCFFFFB0A80020A6
:10A33000902E0020CDCC4C3E034B1B68984200D0A1
:10A340007047FFF787BC00BF30900020054B18789E
:10A3500030B9054B1B6823B1981F18BF0120704707
:10A36000012070476C76030830900020704700BFD2
:10A37000704700BF00B52D4B1B7883B0042B50D81D
:10A38000DFE803F0131F3B3F03000020EAF70AFA5F
:10A39000DFED270A06F09AFCDFED267A264B20EE49
:10A3A000270A83ED000A03B000BD0020EAF7FAF99E
:10A3B000DFED227A204B20EE270A83ED000A03B05E
:10A3C00000BD022201AB11460520F1F775FBBDF877
:10A3D00004309FED1B7A5BBA9BB207EE903AF8EE21
:10A3E000E77A154B67EE877A012251210520C3EDEC
:10A3F000007AF1F76DFC03B000BD01AB0222002131
:10A40000E2E70020EAF7CEF9DFED0E0A06F05EFC87
:10A41000DFED0D7A084B20EE270A83ED000A03B02A
:10A4200000BD054B00221A60BDE700BF40A600201A
:10A43000BBB8F5BF1799BE4244A600200AD72341F6
:10A440000AD7233CE17A94BF9CC47041224B9A788E
:10A45000C2F38011520604D49A7861F3C7129A703D
:10A46000704710B51F20E7F73FFB00B910BD1B4C2C
:10A470001B4A217801EB41011F2032F82110E7F738
:10A48000DDFAFFF777FF2178154A164B01EB410102
:10A4900002EB810293ED000AD2ED017A0E4BB4EE8D
:10A4A000E70AF1EE10FA15DBD2ED027AB4EEE70A14
:10A4B000F1EE10FA94BF012100219A780A4861F365
:10A4C000C7129A70E0F7ECF9E1F7D4FB054B83ED86
:10A4D000000A10BD0021F0E7AC7D002040A600205E
:10A4E0000882030844A6002030A6002070B53E4C28
:10A4F000A37843F04003A370E3781A0713D5A37839
:10A5000023F04003A370A378384D3948002100227E
:10A510002960C3F380115B0602701FD4A37861F336
:10A52000C713A37070BD334D2B78042B09D8DFE817
:10A5300003F04B03030C0C002F4A92F85010002933
:10A5400047D1A27822F04002A2702C4A03EB4303C9
:10A550001F2032F82310E7F771FAD4E71F20E7F73E
:10A56000C3FA0028DED0234E244B317801EB4101A1
:10A570001F2033F82110E7F761FAFFF7FBFE31786F
:10A580001E4B95ED000A01EB410103EB8103D3ED76
:10A59000017AB4EEE70AF1EE10FA4FF0000207DBA1
:10A5A000D3ED027AB4EEE70AF1EE10FA98BF012279
:10A5B000A3780F4862F3C713A370E0F771F9E1F7CE
:10A5C00059FB85ED000A70BDA27842F04002A270EE
:10A5D000BBE792F85220002AB3D101225121052075
:10A5E000F1F776FB2B78B0E7AC7D002044A6002085
:10A5F00030A6002040A60020206E03080882030831
:10A60000704700BF30B52DED028B8BB006AB0E222C
:10A610003B210020B0EE408AF1F70EFCA8B1A64A1B
:10A6200013780BB3DFF898C2A448DCF80010036875
:10A630004FF0000E0131013382F800E0CCF8001039
:10A6400003600BB0BDEC028B30BD9D489B49026896
:10A650000B68013202600133974A0B6001231370CB
:10A660000BB0BDEC028B30BD9DF818E09DF81C20AE
:10A670009DF819109DF81DC09DF81A0001930CEB70
:10A68000022C01EB0E211A4661F30F029DF81B10FC
:10A690009DF822E001EB002161F31F429DF82000AC
:10A6A0009DF82110029201EB0021ADF810109DF8E9
:10A6B0001F009DF81E10834A00EB01209DF8231017
:10A6C0001278009201EB0E21ADF812109DF824E0F3
:10A6D0009DF8251001EB0E21ADF8141019466CF30E
:10A6E0000F0160F31F41039102A80DF10A01E0F789
:10A6F00065FA009A0DF1120104A8E0F75FFABDF9BE
:10A700000A30BDF90C209FED706ADFF8B0C107EE8A
:10A71000903ABDF90830DCF8001007EE103AF8EE78
:10A72000E77AB8EEC77A67EEA76A05EE902AE7EEF9
:10A73000076AF8EEE55AE5EEA56AF4EEC66AF1EEB0
:10A7400010FA57DBBDF910306048DFED614A90ED3B
:10A75000005A06EE903AF8EEE66A36EEC56AB4EEB6
:10A76000E46AF1EE10FA00F3928035EE666A019B1E
:10A77000B4EEE46AF1EE10FA13DD564AFCEEC66A56
:10A78000146816EE903AA34201D9C2ED006A524A0B
:10A79000DFED4F6A136875EE666A013313600131AD
:10A7A0000123DFF850E14D4ACEED006A92ED006AD8
:10A7B0009FED4B5AC0ED006A77EE466AF4EEC56A2B
:10A7C000F1EE10FA21DC76EE476AF4EEC56AF1EE9E
:10A7D00010FA2EDD434BBCEEE67A1C6817EE105AD9
:10A7E000AC4201D283ED007A9FED3D7A013136EE25
:10A7F000477A19E03C48026801310132CCF8001078
:10A8000002600BB0BDEC028B30BD364BBCEEE67A7D
:10A810001C6817EE105AA54201D983ED007A9FED0E
:10A82000307A36EE077A0131304C256801231D4419
:10A830002560BDF91240D0ED016ADFED254A82EDB9
:10A84000007A06EE104AB8EEC66A294C36EE665A11
:10A8500084ED007AB4EEE45AF1EE10FA4CDC36EEF8
:10A86000C67AB4EEE47AF1EE10FA40F33681194B71
:10A87000BCEEC77A5C6817EE105AA54201D983ED89
:10A88000017A9FED137A013176EEC76A42E0114AF0
:10A89000FCEEC66A146816EE903AA34201D9C2EDE6
:10A8A000006A0D4ADFED0A6A13680133136075EE22
:10A8B000266A0131012374E788A6002084A60020BF
:10A8C00050A600201D6E03080AD7234998A6002031
:10A8D00000409C4578A6002060A600208CA60020A1
:10A8E000000000476CA600204CA6002054A60020C3
:10A8F000207D0020147D00207E4BBCEEC57A5C6874
:10A9000017EE105AA54200F2E5809FED7B7A76EEB5
:10A91000876A0131794C656801231D44656092EDB9
:10A92000015ADFED774ACEED016A37EEC57AC0ED08
:10A93000016AB4EEE47AF1EE10FA6FDC35EE677A74
:10A94000B4EEE47AF1EE10FA00F3B4806D4CD0ED81
:10A95000026AC4ED017ABDF91440C2ED017A07EE36
:10A96000904AF8EEE77A9FED645A37EEE67AB4EE55
:10A97000C57AF1EE10FA7BDDFCEEC77A5D4B17EE7F
:10A98000905A9C68A54288BFC3ED027ADFED5A7ADF
:10A9900076EEA77A0131594CA56801231D44A560C4
:10A9A000CEED027AC0ED027AD2ED027ADFED546A82
:10A9B00035EEE77AB4EEE67AF1EE10FA41DD524870
:10A9C000BCEEC77A846817EE103A9FED4D7AA34229
:10A9D00088BF836077EE877A4C480131494BC3EDDD
:10A9E000027A8368C2ED027A01338360CCF80010EA
:10A9F000474B5B78012B73D0DFED467AB3EE050A47
:10AA0000A6EE270A4448F0EE480AE0F74DF8434B1B
:10AA100083ED000A0BB0BDEC028B30BD3A4BFCEE6F
:10AA2000C77A5C6817EE905AA54240D8DFED347AB9
:10AA300075EE277A0131354C656801231D44656048
:10AA400084E737EEE57AB4EEE67AF1EE10FA26DD29
:10AA50002D48BCEEC77A846817EE103A9FED287A2D
:10AA6000A34288BF836077EEC77A28480131B5E7F3
:10AA700036EEE77AB4EEC57AF1EE10FA90DDFCEE30
:10AA8000C77A1C4B17EE905A9C68A54288BFC3ED4D
:10AA9000027ADFED197A013176EEE77A7BE7194821
:10AAA000C0ED025AC2ED025A002BA1D09EE7C3EDC1
:10AAB000017ABBE7144BFCEEC77A5C6817EE905A3C
:10AAC000A54201D9C3ED017ADFED0D7A013175EEB2
:10AAD000677AB0E783ED017A17E7F0EE466A1EE782
:10AAE0009FED0F0ADFED0F7A36EE000A20EE270AFF
:10AAF00088E700BF78A6002000409C4560A60020A3
:10AB000000000047207D00206CA6002054A60020F5
:10AB1000206E0308BF4A443BE4060020BC0000202E
:10AB200000A04246CBBD403B10B52320E6F71CFFFA
:10AB30006C4C75210020F1F773F86B4AA378107004
:10AB40008BB1021E18BF012268490B79642062F3A1
:10AB500045130B71E6F708FF6478012C6CD014F0F4
:10AB6000FD0409D010BD23795B0803F07E031A1A97
:10AB7000B2FA82F25209E7E780226B212046F1F710
:10AB8000A7F86420E6F7F0FE072268212046F1F7D7
:10AB90009FF86420E6F7E8FE224623212046F1F7DD
:10ABA00097F8224619212046F1F792F801226B21ED
:10ABB0002046F1F78DF80C212046F1F731F84C4B87
:10ABC000182218701B212046F1F782F80B221C2155
:10ABD0002046F1F78DF922461D212046F1F788F92C
:10ABE0006420E6F7C1FE22461A212046F1F780F9DB
:10ABF0006420E6F7B9FE1A212046F1F7C5F83D4A70
:10AC000000F007031C2120461370F1F7BDF83A4A03
:10AC100000F007031D2120461370F1F7B5F8DFF8A7
:10AC2000DCC000F007038CF8003020460122BDE8AC
:10AC300010403821F1F74CB880226B210020F1F749
:10AC400047F86420E6F790FE002223211046F1F732
:10AC50003FF8002219211046F1F73AF822466B21FD
:10AC60000020F1F735F80C210020F0F7D9FF204B38
:10AC7000182218701B210020F1F72AF80B221C2142
:10AC80000020F1F735F900221D211046F1F730F9C7
:10AC9000022237210020F1F71BF82246382100203C
:10ACA000F1F716F86420E6F75FFE002210461A213D
:10ACB000F1F71EF96420E6F757FE1A210020F1F79C
:10ACC00063F80C4A00F007031C2100201370F1F711
:10ACD0005BF8094A00F007031370BDE810406420D8
:10ACE000E6F742BE206E0308307D0020AC7D0020D8
:10ACF0002F7D00202E7D00202C7D00202D7D00202A
:10AD00002DE9F04FA84CA3789B0689B005D5A7493B
:10AD10000B7843B909B0BDE8F08FA54B00225A600B
:10AD200009B0BDE8F08F0320E6F7ECFE9F4900284C
:10AD3000F0D04FF0000607AB03220E700120002177
:10AD4000F0F7BAFE9DF81D309DF81C2099499A4DE8
:10AD50001B0243EA02439DF81E2013430A782B602E
:10AD6000002A00F009810E700DF11B03582100220A
:10AD700001208DF81B60F0F7F9FE904B0320D3E91A
:10AD80000023E6F767FE8E4B89482968026A416214
:10AD900003918C48996AB0F808C01D690195521A50
:10ADA000D96A5E69B0F806E0808961EB4108D3E9B1
:10ADB0000271ACFB02350CFB085CDB09019D43EA28
:10ADC0004C635D1946EBEC1AAEFB023C0EFB08CC63
:10ADD0001B0A43EA0C63A946DD1941EB2C23A0FBB7
:10ADE00002CE00FB08EE4FEADC5C4CEA4E2CAB4690
:10ADF0004FEAEE5E1CF5FA6501934EF10003B5F5DE
:10AE0000FA6F73F10000029573DAACFB0C610CFB76
:10AE10000EF001EB4007B900B000801941EA9671CD
:10AE200047EB010601184FEA500040EAC6774FEAA7
:10AE3000D10146EB060041EA4071C010049062481F
:10AE4000059185424FF0FF3573EB05004FEA66062A
:10AE500032DA40F6AC501CEB000C4EF100000CFB5B
:10AE600000F0ACFB0CEC0CEB400C4FEACC054FEACD
:10AE7000CE00B0EB0E0045EA5E7565EB0C05C0191F
:10AE800046EB050607461EEB0E004CEB0C0510EBDF
:10AE90000E004CEB0505AD0045EA90758000B0EB67
:10AEA0000E0065EB0C0C400840EACC704018049989
:10AEB00041EB6C01CDE90410B9EB0700059D019948
:10AEC0006AEB060A049EBBEB050561EB060E8146A4
:10AED00002FB08F1A2FB022000EB4101D20F029815
:10AEE000CDF804E042EA4102821AAB4663EBE1731B
:10AEF000029202982E4D1946DDF736FE039ADFEDD9
:10AF0000337A00EE900A0198A2FB0B3102FB00118C
:10AF10005B0D43EAC123B3EB090360EEA70A4FEAD6
:10AF2000615161EB0A01D80AC5ED040A40EA4150BB
:10AF3000C912CDED020ADDF717FEDFED257ADDED52
:10AF4000020A00EE100A20EE270A012085ED050A0C
:10AF500085ED030AEEF7C8FF1E48DFF7A1FC05F1F7
:10AF6000280085ED010AE6F709FDA37985ED0C0AB5
:10AF700043F00103A371CDE601200DF11B0308701E
:10AF800048218DF81B20F0F7F1FD0C4B0320D3E98D
:10AF90000023E6F75FFD084B1B68002B3FF4BAAEB9
:10AFA000034A1362B6E600BFAC7D0020F600002025
:10AFB00048800020A4A60020A8A60020F8A6002013
:10AFC000B0A60020E8A6002024FAFFFF0AD7233C01
:10AFD0000000803D2C8000202DE9F041984E82B089
:10AFE00042F210720023C6E90023E6F7F3FB336850
:10AFF0007268DB180D46934952410446B3F5FA6076
:10B00000C1E91232C1E90A45886342F1FF348E4832
:10B01000CC6313F5FA6342F100024A64027C0B64CC
:10B020000023ADF804308DF8033072B1427C002A61
:10B0300000F0E580854CA37843F02003A370A3784B
:10B040009A060AD402B0BDE8F081804CA37862F37E
:10B050004513A370A3789A06F4D5E378C3F3C0022E
:10B060001B07EFD47A4DADF804206FF05F032F4635
:10B07000A3EB050808EB070101ABC9B202220120CE
:10B08000F0F71AFDBDF804305BBA27F8023B714BAC
:10B09000BB42EFD16B89704AE8891B029362AB888F
:10B0A0001B0413612B89DB0913626B88DB0393603C
:10B0B000EB881B0A936100235362D361D36253610F
:10B0C000D36020F0FF02EA81194600F00F001A4613
:10B0D0002AE04FEA4C0C0FFA8CF3002B42DB4FEACC
:10B0E0004C0C0FFA8CF3002B43DB4FEA4C0C0FFA9D
:10B0F0008CF3002B44DB4FEA4C0C0FFA8CF3002B43
:10B1000045DB4FEA4C0C0FFA8CF3002B46DB4FEA81
:10B110004C0C0FFA8CF3002B47DB01324FEA4C0C3E
:10B12000102A1FFA8CF347D0570835F817C0D707F5
:10B130004CEA010146BF5FFA8CFC83EA0C0C83EAFF
:10B140001C2C0FFA8CF3002B73DB4FEA4C0C0FFA1C
:10B150008CF3002BBDDA5B0083F440531BB2002B51
:10B160009C46BCDA5B0083F440531BB2002B9C4628
:10B17000BBDA5B0083F440531BB2002B9C46BADA67
:10B180005B0083F440531BB2002B9C46B9DA5B0092
:10B1900083F440531BB2002B9C46B8DA5B0083F467
:10B1A00040531BB2002B9C46B7DA5B00013283F49C
:10B1B0004053102A9BB2B7D100394FEA133318BF5E
:10B1C00001218342A37818BF002161F34513A370C6
:10B1D000A3789B067FF536AF6420E6F7C5FB1F49D1
:10B1E000002201AB0A70012058218DF80420F0F7ED
:10B1F000BDFCD6E900230320E6F72CFC22E70DF185
:10B2000003031E210120F0F7B1FC104C1E20E6F7CD
:10B21000ABFB0222A02101AB0120F0F74DFCA3788B
:10B22000BDF804200E4943F0200352BA0A80A370EF
:10B2300010E75B0083F440531BB29C4689E700BFD4
:10B24000F8A6002048800020206E0308AC7D002076
:10B25000E8A60020F8A60020B0A60020A4A60020A2
:10B26000ACA6002038B5174C00210546EBF722FDAF
:10B2700094F89A2194F8993100211344284684F8CF
:10B280009A31EBF717FD94F89A2194F8993100213F
:10B290001344284684F89A31EBF70CFD94F89A2170
:10B2A00094F8993100211344284684F89A31EBF739
:10B2B00001FD94F89A2194F89931134484F89A3155
:10B2C00038BD00BF04A70020F8B5564C0F46B52185
:10B2D00005461646EBF7EEFC94F8993194F89A215E
:10B2E0004B3B84F8993128461344622184F89A3103
:10B2F000EBF7E0FC4FF0000328460621A4F8993153
:10B30000EBF7D8FC94F8993194F89A21063384F835
:10B31000993128461344012184F89A31EBF7CAFC8D
:10B3200094F8993194F89A21013384F89931284698
:10B330001344032184F89A31EBF7BCFC94F899315B
:10B3400094F89A21033384F8993128461344002154
:10B3500084F89A31EBF7AEFC94F89A2194F899317D
:10B3600039461344284684F89A31EBF7A3FC94F845
:10B3700099311F4494F89A3184F8997131461F44E9
:10B38000284684F89A71EBF795FC94F899311E449D
:10B3900094F89A3184F8996128461E44002184F873
:10B3A0009A61EBF787FC94F8991194F89A311E4E44
:10B3B0000B44284684F89A31EBF77CFC94F89A11F8
:10B3C0002846EBF777FC2846F8F74CF8E6F7C6FA7C
:10B3D000002400F1320503E0E6F7C0FA85421FD9E8
:10B3E00001340120E4B2E6F7BFFA0A2CF4D1307838
:10B3F000FCF72EFCE6F7B2FA85424FF001000FD9B8
:10B40000E6F7B2FAE6F7AAFA85424FF0010007D94B
:10B41000E6F7AAFAE6F7A2FA85424FF00204DFD86F
:10B42000F8BD00BF04A700203490002070B5234C65
:10B4300082B00D46C9B206460191EBF73BFC94F889
:10B4400099310199194494F89A3184F899110B446F
:10B450003046C5F3072184F89A310191EBF72AFCB5
:10B4600094F899310199194494F89A3184F8991112
:10B470000B443046C5F3074184F89A310191EBF74C
:10B4800019FC94F899310199194494F89A3184F887
:10B4900099110B443046290E84F89A31EBF70AFCD7
:10B4A00094F8992194F89A3102EB15652B4484F8AD
:10B4B000995184F89A3102B070BD00BF04A70020F2
:10B4C00070B5234C82B00D46C9B206460191EBF728
:10B4D000F1FB94F899310199194494F89A3184F860
:10B4E00099110B443046C5F3072184F89A31019134
:10B4F000EBF7E0FB94F899310199194494F89A31EB
:10B5000084F899110B443046C5F3074184F89A3109
:10B510000191EBF7CFFB94F899310199194494F814
:10B520009A3184F899110B443046290E84F89A31E7
:10B53000EBF7C0FB94F8992194F89A3102EB15656A
:10B540002B4484F8995184F89A3102B070BD00BF41
:10B5500004A700202DE9F041584C8846B521054646
:10B560001E461746EBF7A6FB94F8993194F89A21FA
:10B570004B3B84F8993128461344622184F89A3170
:10B58000EBF798FB4FF0000328460621A4F8993109
:10B59000EBF790FB94F8993194F89A21063384F8EC
:10B5A000993128461344012184F89A31EBF782FB44
:10B5B00094F8993194F89A21013384F89931284606
:10B5C0001344032184F89A31EBF774FB94F8993112
:10B5D00094F89A21033384F89931284613440021C2
:10B5E00084F89A31EBF766FB94F89A2194F8993134
:10B5F00041461344284684F89A31EBF75BFB94F8F4
:10B600009931984494F89A3184F89981394698444C
:10B61000284684F89A81EBF74DFB94F899311F4442
:10B6200094F89A3184F8997131461F44284684F879
:10B630009A71EBF73FFB94F8992194F89A31B1187D
:10B64000C9B20B44284684F89A3184F89911EBF773
:10B6500031FB94F89A111A4E2846EBF72BFB28463B
:10B66000F7F700FFE6F77AF9002400F1320503E06E
:10B67000E6F774F985421FD901340120E4B2E6F7F8
:10B6800073F90A2CF4D13078FCF7E2FAE6F766F9A0
:10B6900085424FF001000FD9E6F766F9E6F75EF94B
:10B6A00085424FF0010007D9E6F75EF9E6F756F953
:10B6B00085424FF00204DFD8BDE8F08104A70020E6
:10B6C0003490002070B56B4C82B00E46B521054613
:10B6D000EBF7F0FA94F8993194F89A214B3B1A441D
:10B6E0002846622184F89A2184F89931EBF7E2FA2E
:10B6F0004FF0000328460621A4F89931EBF7DAFA57
:10B7000094F8993194F89A2106331A44284608216E
:10B7100084F8993184F89A21EBF7CCFA94F89931AE
:10B7200094F89A2108331A442846062184F899315E
:10B7300084F89A21EBF7BEFA94F8993194F89A219B
:10B7400006331A442846002184F8993184F89A2156
:10B75000EBF7B0FA94F89A2194F89931F1B21344C6
:10B76000284684F89A310191EBF7A4FA94F89931BC
:10B770000199194494F89A3184F899110B44284698
:10B78000310A84F89A31EBF795FA94F8993103EB82
:10B79000162694F89A3184F8996128461E440121AE
:10B7A00084F89A61EBF786FA94F8993194F89A2123
:10B7B000314E01331A442846002184F8993184F827
:10B7C0009A21EBF777FA94F89A2194F89931284660
:10B7D0001344012184F89A31EBF76CFA94F899310B
:10B7E00094F89A2101331A442846002184F89A21BA
:10B7F00084F89931EBF75EFA94F8991194F89A313C
:10B8000028460B4484F89A31EBF754FA94F89A11CD
:10B810002846EBF74FFA2846F7F724FEE6F79EF89E
:10B82000002400F1320503E0E6F798F885421FD9BD
:10B8300001340120E4B2E6F797F80A2CF4D130780D
:10B84000FCF706FAE6F78AF885424FF001000FD9B7
:10B85000E6F78AF8E6F782F885424FF0010007D94B
:10B86000E6F782F8E6F77AF885424FF00204DFD86F
:10B8700002B070BD04A700203490002070B54E4C7B
:10B880004E4EB5210546EBF715FA94F8993194F828
:10B890009A214B3B1A442846622184F89A2184F865
:10B8A0009931EBF707FA4FF0000328460621A4F878
:10B8B0009931EBF7FFF994F8993194F89A2106330E
:10B8C0001A442846092184F8993184F89A21EBF723
:10B8D000F1F994F8993194F89A2109331A442846D9
:10B8E0000D2184F8993184F89A21EBF7E3F994F863
:10B8F000993194F89A210D331A440021284684F88E
:10B90000993184F89A21EBF7D5F994F89A2194F8B3
:10B9100099312846134484F89A31FFF7A3FC40F28A
:10B920001F412846FFF782FD2846FFF79BFC28466B
:10B930000321EBF7BFF994F8991194F89A31033188
:10B94000C9B20B44284684F89A3184F89911EBF770
:10B95000B1F994F89A112846EBF7ACF92846F7F7B5
:10B9600081FDE5F7FBFF002400F57A7503E0E5F7BC
:10B97000F5FF85421FD901340120E4B2E5F7F4FF59
:10B980000A2CF4D13078FCF763F9E5F7E7FF85423C
:10B990004FF001000FD9E5F7E7FFE5F7DFFF85423C
:10B9A0004FF0010007D9E5F7DFFFE5F7D7FF854244
:10B9B0004FF00204DFD870BD04A7002034900020AF
:10B9C00070B55D4C5D4EB5210546EBF773F994F803
:10B9D000993194F89A214B3B1A442846622184F805
:10B9E0009A2184F89931EBF765F94FF00003284666
:10B9F0000621A4F89931EBF75DF994F8993194F8A0
:10BA00009A2106331A442846162184F8993184F87D
:10BA10009A21EBF74FF994F8993194F89A2116335B
:10BA20001A442846082184F8993184F89A21EBF7C2
:10BA300041F994F8993194F89A2108331A44284628
:10BA4000002184F8993184F89A21EBF733F994F8BE
:10BA50009A2194F8993128461344002184F89A31A8
:10BA6000EBF728F994F89A2194F899312846134471
:10BA7000032184F89A31EBF71DF994F8993194F881
:10BA80009A2103210B441A44284684F8993184F8FA
:10BA90009A21EBF70FF994F8993194F89A2103332E
:10BAA0001A440021284684F8993184F89A21EBF74A
:10BAB00001F994F89A2194F899312846134484F8AE
:10BAC0009A31FFF7CFFB94F899112846EBF7F2F87B
:10BAD00094F89A112846EBF7EDF82846F7F7C2FCE0
:10BAE000E5F73CFF002400F1320503E0E5F736FFFF
:10BAF00085421FD901340120E4B2E5F735FF0A2C55
:10BB0000F4D13078FCF7A4F8E5F728FF85424FF030
:10BB100001000FD9E5F728FFE5F720FF85424FF038
:10BB2000010007D9E5F720FFE5F718FF85424FF040
:10BB30000204DFD870BD00BF04A7002034900020AD
:10BB400070B58B4C8B4EB5210546EBF7B3F894F8E6
:10BB5000993194F89A214B3B1A442846622184F883
:10BB60009A2184F89931EBF7A5F84FF000032846A5
:10BB70000621A4F89931EBF79DF894F8993194F8DF
:10BB80009A2106331A442846002184F8993184F812
:10BB90009A21EBF78FF894F89A2194F89931284676
:10BBA0001344142184F89A31EBF784F894F899310E
:10BBB00094F89A2114331A442846002184F89931C4
:10BBC00084F89A21EBF776F894F89A2194F8993151
:10BBD00028461344012184F89A31EBF76BF894F866
:10BBE000993194F89A2101331A442846002184F8A7
:10BBF000993184F89A21EBF75DF894F89A2194F83A
:10BC0000993128461344002184F89A31EBF752F811
:10BC100094F89A2194F8993128461344002184F825
:10BC20009A31EBF747F894F89A2194F8993128461D
:10BC300013444FF40D6184F89A31FFF7F7FB28465F
:10BC40004FF4E131FFF7F2FB28460721EBF732F81A
:10BC500094F8993194F89A2107331A442846002120
:10BC600084F8993184F89A21EBF724F894F89A2112
:10BC700094F8993128461344012184F89A31EBF75E
:10BC800019F894F8993194F89A2101331A44284606
:10BC9000002184F8993184F89A21EBF70BF894F895
:10BCA0009A2194F8993128461344002184F89A3156
:10BCB000EBF700F894F89A2194F899312846134448
:10BCC000002184F89A31EAF7F5FF94F89A2194F864
:10BCD000993128461344002184F89A31EAF7EAFFA3
:10BCE00094F89A2194F8993128461344002184F855
:10BCF0009A31EAF7DFFF94F8991194F89A312846BF
:10BD00000B4484F89A31EAF7D5FF94F89A11284643
:10BD1000EAF7D0FF2846F7F7A5FBE5F71FFE00245A
:10BD200000F5C87503E0E5F719FE85421FD9013417
:10BD30000120E4B2E5F718FE0A2CF4D13078FBF7C5
:10BD400087FFE5F70BFE85424FF001000FD9E5F7BD
:10BD50000BFEE5F703FE85424FF0010007D9E5F73A
:10BD600003FEE5F7FBFD85424FF00204DFD870BD0E
:10BD700004A700203490002070B5764C764EB52193
:10BD80000546EAF797FF94F8993194F89A214B3BCE
:10BD90001A442846622184F89A2184F89931EAF7F6
:10BDA00089FF4FF0000328460621A4F89931EAF7ED
:10BDB00081FF94F8993194F89A2106331A44284661
:10BDC000072184F8993184F89A21EAF773FF94F8EF
:10BDD000993194F89A2107331A442846142184F89B
:10BDE000993184F89A21EAF765FF94F8993194F82B
:10BDF0009A2114331A442846002184F8993184F892
:10BE00009A21EAF757FF94F89A2194F89931534907
:10BE10001344284684F89A31FFF708FB2846504916
:10BE2000FFF704FB28460021EAF744FF94F89A2123
:10BE300094F8993128461344012184F89A31EAF79D
:10BE400039FF94F8993194F89A2101331A4428461D
:10BE5000002184F8993184F89A21EAF72BFF94F8AD
:10BE60009A2194F8993128461344002184F89A3194
:10BE7000EAF720FF94F89A2194F899312846134460
:10BE8000002184F89A31EAF715FF94F89A2194F882
:10BE9000993128461344002184F89A31EAF70AFFC1
:10BEA00094F89A2194F8993128461344002184F893
:10BEB0009A31EAF7FFFE94F89A2194F899312846CE
:10BEC0001344002184F89A31EAF7F4FE94F89A2199
:10BED00094F8993128461344002184F89A31FFF7E9
:10BEE000EFFA94F899112846EAF7E4FE94F89A11CB
:10BEF0002846EAF7DFFE2846F7F7B4FAE5F72EFD05
:10BF0000002400F1320503E0E5F728FD85421FD942
:10BF100001340120E4B2E5F727FD0A2CF4D1307892
:10BF2000FBF796FEE5F71AFD85424FF001000FD9A9
:10BF3000E5F71AFDE5F712FD85424FF0010007D93C
:10BF4000E5F712FDE5F70AFD85424FF00204DFD860
:10BF500070BD00BF04A700203490002040420F00B5
:10BF6000A086010070B52A4CB5210546EAF7A2FE6D
:10BF700094F8993194F89A214B3B1A44284662214F
:10BF800084F8993184F89A210026EAF793FE28462E
:10BF90000A21A4F89961EAF78DFE94F8993194F892
:10BFA0009A210A331A442846042184F8993184F8E6
:10BFB0009A21EAF77FFE94F8993194F89A21043394
:10BFC0001A443146284684F8993184F89A21EAF7D0
:10BFD00071FE94F89A2194F8993131461344284619
:10BFE00084F89A31EAF766FE94F8991194F89A3138
:10BFF00028460B4484F89A31EAF75CFE284694F808
:10C000009A11EAF757FE2846BDE87040F7F72ABABA
:10C0100004A700202DE9F04782B08A460546E5F7DF
:10C020009DFCDFF8A081624E624C0027814688F8B3
:10C030000070E5F793FCA0EB0900504598F800303C
:10C0400033D293BB2846EAF74BFDF0B12846EAF716
:10C050007DFD3378082BF5D8DFE803F09A94867AD3
:10C060006B53382F050094F898215349121A0B7A14
:10C07000B2FA82F20020520962F3041330702846AB
:10C080000B72EAF72DFD0028E0D10137FFB20A2F2D
:10C0900000F087800120E5F767FCE5F75FFCA0EB87
:10C0A0000900504598F80030CBD3A3F10100B0FA55
:10C0B00080F0400902B0BDE8F08794F897311B1A70
:10C0C000B3FA83F35B09DB003370BBE7B4F80130EC
:10C0D0003A4AD054B4F80130B4F8051001339AB29A
:10C0E0009142A4F8013004BF0723337094F89731CC
:10C0F00094F8982103441A4484F8973184F89821DD
:10C10000A0E7B4F8052094F8973194F89811034407
:10C1100002EB0022194490B2A4F8052084F897316C
:10C1200084F89811D0B3002306226370A370327094
:10C1300088E794F8973194F89821A4F8050003440F
:10C140001A44052184F8973184F89821317079E7F1
:10C150004FF0000360F3070360F30F230222E07047
:10C16000A4F8973132706DE794F8973194F89821DC
:10C17000207103441A44042184F8973184F89821EB
:10C1800031705FE7622814BF00230323337059E73F
:10C19000B5287FF457AF0123337053E7072333707B
:10C1A00050E7074A01901078FBF752FD019F71E7B5
:10C1B000E0A9002004A70020AC7D00200BA70020F0
:10C1C00034900020A4A800202DE9F04FDFF8C0E152
:10C1D0006C4C6D4F6D4E05468B46BEE80F0087B028
:10C1E000EC46ACE80F009EE803004FF0000A8CE834
:10C1F000030004F805A0E84607F1180957F8041BE6
:10C200002846F0F771FAE5F7A9FB002400F1320A9D
:10C2100003E0E5F7A3FB82451FD901340120E4B216
:10C22000E5F7A2FB0A2CF4D13078FBF711FDE5F716
:10C2300095FB82454FF001000FD9E5F795FBE5F737
:10C240008DFB82454FF0010007D9E5F78DFBE5F73F
:10C2500085FB82454FF00204DFD858F8044B217863
:10C2600031B12846EAF726FD14F8011F0029F8D15C
:10C27000E5F774FB002400F1640A03E0E5F76EFBC8
:10C2800082451FD901340120E4B2E5F76DFB0A2C89
:10C29000F4D13078FBF7DCFCE5F760FB82454FF02A
:10C2A00001000FD9E5F760FBE5F758FB82454FF039
:10C2B000010007D9E5F758FBE5F750FB82454FF041
:10C2C0000204DFD84F4599D1E5F748FB2F4F00F125
:10C2D000C806002403E0E5F741FB86421FD901347C
:10C2E0000120E4B2E5F740FB0A2CF4D13878FBF7E3
:10C2F000AFFCE5F733FBB0424FF001000FD2E5F79A
:10C3000033FBE5F72BFB86424FF0010007D9E5F739
:10C310002BFBE5F723FB86424FF00204DFD82846CB
:10C320005946F0F7E1F9E5F719FB184E00F16405FD
:10C33000002403E0E5F712FB85421FD901340120F8
:10C34000E4B2E5F711FB0A2CF4D13078FBF780FC5E
:10C35000E5F704FBA8424FF001000FD2E5F704FB1C
:10C36000E5F7FCFA85424FF0010007D9E5F7FCFA42
:10C37000E5F7F4FA85424FF00204DFD807B0BDE8D4
:10C38000F08F00BF24440020C882030834900020AE
:10C390005C55030830B59B4DEB78013B83B00C2B0B
:10C3A0000CD8DFE803F0540B0B0B470B0B0B0B0700
:10C3B0000B0B39002B79042B00F0B680924C94EDD6
:10C3C000267AD4ED276A914BF7EE007AB4EEE77A3D
:10C3D0009A79F1EE10FA94BF0121002161F3041261
:10C3E0009A71F4EEE76A5A7AF1EE10FA94BF0121DD
:10C3F000002161F3C7125A72E5F7ECF9DCF7ACFBE8
:10C400009FED837A07EE900A67EE877AFCEEE77A73
:10C41000C4ED327A03B030BD2B797B4C012B08BFC1
:10C42000D5F8073094ED267AD4ED276A08BFC4F812
:10C43000BC30C8E7744C2B7994ED267AD4ED276A8A
:10C44000002B6DD0012BBED1724A1370BBE72B7944
:10C45000023B302BB2D801A252F823F0C9C902081E
:10C46000E1C80208FDC80208BDC30208CDC5020824
:10C4700021C60208BDC30208BDC30208BDC302082D
:10C48000BDC30208BDC30208BDC30208BDC3020884
:10C49000BDC30208BDC30208BDC30208B1C702087C
:10C4A000BDC30208BDC30208BDC30208BDC3020864
:10C4B000BDC30208BDC30208BDC30208BDC3020854
:10C4C000BDC30208BDC30208BDC30208BDC3020844
:10C4D000BDC30208BDC30208B1C80208BDC302083B
:10C4E000BDC30208BDC30208BDC30208BDC3020824
:10C4F000BDC30208BDC30208BDC30208BDC3020814
:10C50000BDC30208BDC30208BDC30208BDC3020803
:10C51000BDC30208BDC30208BDC3020899C9020811
:10C520003C4B02221A704EE7DFF8F0E0364CD5F8AB
:10C530000700DEF80410DEF80820DEF80C30A44610
:10C54000ACE80F00DEF81000DEF81820DEF814105A
:10C55000BEF81C30ACE807000EF11E00ACF800304D
:10C5600008F03AFC95F825202062002A00F0F182BC
:10C57000A2F13003DBB2092B00F2AB82302A00F0CB
:10C58000008395F82620D2B1303AD2B2092A12D9C6
:10C5900095F827209AB1303AD2B2092A0BD995F8EA
:10C5A000281061B1A1F13002D2B2092A00F24D8205
:10C5B000002B00F0468203EB830302EB430394ED70
:10C5C000267AD4ED276A84F82C31FCE60E4C6B7C7D
:10C5D00094F83220DFED107AD4ED276A9A4238BF02
:10C5E00084F83230D5F82F3007EE103AB8EE477A9B
:10C5F00095F8363084F8313027EE277A84ED267AA4
:10C60000E1E600BF04A70020B0A80020AC7D002018
:10C61000BD378635A4A800200AD7233C0BA70020ED
:10C62000D5F82F30D5F82B10EA7AE04CDFEDE07A20
:10C6300006EE103AD5F8333007EE101A297B06EED5
:10C64000903AD5F8373042EA0122A97C00EE903AC0
:10C65000D5F80730628500394FF47A7018BF012190
:10C6600000FB03F384F82810D5F80D0063632364FE
:10C67000E97E6B7CE062B8EE466AF8EE666AF8EE38
:10C68000E00AB8EEC77A84F8321084F83030D5F872
:10C690001F20D5F82330A97FC4F8E82060EEA70A50
:10C6A00027EE277A26EE276A66EEA76A62670022DF
:10C6B00084ED1F6A84F83110C4ED380AC4F8D03014
:10C6C000236784ED127A84ED1E7AC4ED206A6264D9
:10C6D000C4ED210AD5F83B20B64B94ED390A93ED11
:10C6E000001A06EE902AD5F83F20CDED017A07EE2C
:10C6F000102AF8EEE66AB8EEC77A66EEA76A27EE69
:10C70000277AC4ED3E6AC4ED226A84ED447A84ED52
:10C71000237ADEF7A5F9A74BD4ED3E0A93ED001A74
:10C72000B0EE407A94ED3F0A84ED397ADEF798F95D
:10C73000A04BD4ED440A93ED001AB0EE407A94ED8C
:10C74000450A84ED3F7ADEF78BF9D5F847309FED47
:10C750009A5ADDED017ADFED994A06EE103AD5F8E6
:10C76000433005EE903AD5F84B3007EE103AD5F845
:10C770004F3084ED450AB8EEC66A06EE903AF8EE00
:10C78000E55A26EE056AB8EE477AF8EE666A65EE77
:10C79000A75A26EE246A27EE277A66EE856AC4ED4C
:10C7A000245A84ED256A84ED267AC4ED276A0AE6C8
:10C7B000D5F80B30DFED825A7C4C00EE903AD5F87C
:10C7C0000F3094ED390A07EE103AD5F81330CDED5D
:10C7D000015A07EE903AF8EEE00AB8EEC77AF8EEA2
:10C7E000E77A744BD5F8072093ED001A626360EE88
:10C7F000A50A27EE257A67EEA57A84ED3E7A84EDC8
:10C80000227AC4ED380AC4ED210AC4ED447AC4ED9D
:10C81000237ADEF725F9674BD4ED3E0A93ED001A33
:10C82000F0EE407A94ED3F0AC4ED397ADEF718F95C
:10C83000604BD4ED440A93ED001AF0EE407A94ED8B
:10C84000450AC4ED3F7ADEF70BF9D5F81F309FEDAE
:10C850005A5ADDED015ADFED594A07EE903AD5F804
:10C860001B3006EE103AD5F8233007EE103AD5F813
:10C87000273084ED450AF8EEE77A06EE903AB8EEF6
:10C88000466A67EE857AB8EE477AF8EE666A26EE73
:10C89000256A67EEA47A27EE257A66EE856A84ED2E
:10C8A000246AC4ED257A84ED267AC4ED276A8AE5E8
:10C8B000AB7E5B077FF582AD287DEB7C3B4C414A2C
:10C8C000B5F81510A18543EA00230121107863858E
:10C8D0002122FEF7F9FC94ED267AD4ED276A72E561
:10C8E000324CEB7A94F8322094ED267AD4ED276A14
:10C8F0009A42BFF468AD84F8323064E5B5F80D3083
:10C90000DFED2F7A294C03EE903AB5F81330D4EDD1
:10C91000276A04EE103AB5F8113004EE903AB5F8F3
:10C920000F3005EE103AB5F8153005EE903AB5F82F
:10C93000173006EE103AB5F80B3007EE103AF8EE65
:10C94000E33AB8EEC77AB8EEC44AF8EEE44AB8EE75
:10C95000C55AF8EEE55AB8EEC66A63EEA73A24EE79
:10C96000274A64EEA74A25EE275A65EEA75A26EE17
:10C97000276A67EE277AC4ED283A94ED267A84ED8B
:10C98000294AC4ED2A4A84ED2B5AC4ED2C5A84ED71
:10C990002D6AC4ED2E7A16E5044CD5F8073094EDD7
:10C9A000267AD4ED276AE3660DE500BFB0A8002023
:10C9B0006F12833AA0A80020ACC5273735FA8E3C09
:10C9C0000AD7233C3C900020D5F81B30A04CD5F86A
:10C9D0000F209FEDA05A94ED267AD4ED276A05EE3C
:10C9E000903AD5F81F3006EE103AD5F807304FF4DC
:10C9F0007A7101FB03F363632364D5F8173007EE04
:10CA0000903AF8EE655AB8EE466AF8EEE77A65EEC7
:10CA1000855A67EE857A26EE056AD5F80B30C4F89C
:10CA2000E83000216164C4F8D02022676367C4ED58
:10CA3000127AC4ED1E7AC4ED1F5A84ED206AC2E456
:10CA40001946302900F0C180134695F829100029B5
:10CA50003FF4B5ADA1F13002D2B2092A06D8002BBD
:10CA60007FF4A9AD302900F0C680134695F82A104E
:10CA700000293FF4A4ADA1F13002D2B2092A05D8B1
:10CA8000002B7FF498AD302965D0134695F82B1014
:10CA900000293FF494ADA1F13002D2B2092A05D8A1
:10CAA000002B7FF488AD30295FD0134695F82C1009
:10CAB00000293FF484ADA1F13002D2B2092A3FF639
:10CAC0007EAD002B7FF477AD302914BF13460023D1
:10CAD00075E595F82620002A3BD0A2F13003DBB2A1
:10CAE000092B12D8302A59D095F82720002A3FF474
:10CAF00066ADA2F13001C9B209293FF650AD73B15C
:10CB000003EB830301EB430359E595F8272002B3B8
:10CB1000A2F13003DBB2092B02D900233FE50B461B
:10CB2000302A7FF43CAD95F82830002B3FF447AD18
:10CB3000A3F13002D2B2092A82D995F82930002B0C
:10CB40003FF43DADA3F13002D2B2092A79D90023D6
:10CB50008CE7134633E595F82B30002B3FF42FADCF
:10CB6000A3F13002D2B2092A5BD995F82C30002B00
:10CB70003FF425ADA3F13002D2B2092A65D90023D2
:10CB80001DE595F82630002B3FF419ADA3F13001D7
:10CB9000C9B2092947D81A460B46A3E795F82730AA
:10CBA000002B3FF40CADA3F13001C9B2092945D9DE
:10CBB00095F82830002B3FF402ADA3F13002D2B239
:10CBC000092A7FF63DAF00233FE795F82930002B77
:10CBD0003FF4F5ACA3F13002D2B2092A31D995F86D
:10CBE0002A30002B3FF4EBACA3F13002D2B2092A79
:10CBF00029D900234AE795F82A30002B3FF4DFAC0F
:10CC0000A3F13002D2B2092A1DD995F82B30002B9E
:10CC10003FF4D5ACA3F13002D2B2092A01D90023E6
:10CC200044E719463FE795F82730002B3FF4C7AC9F
:10CC3000A3F13001C9B209293FF66FAF1A460B467E
:10CC40006EE719460EE719461DE719463CE700BF97
:10CC5000B0A800206F12833A08B5DBF723FB04A3CA
:10CC6000D3E90023DBF788FB41EC100B08BD00BFC4
:10CC70000E4685C758CC863F08B551EC100B04A36F
:10CC8000D3E90023DBF7A2FCDBF726FE08BD00BFDB
:10CC90000E4685C758CC863F4E4A1378082B17D8C6
:10CCA000DFE803F0171C223140506C8B05004A4925
:10CCB000DFF828C191F898119CF80830091AB1FAE8
:10CCC00081F14909002061F3041310708CF80830D9
:10CCD0007047B528FCD1012313707047622814BF38
:10CCE00000230323137070473B4B93F8971193F87D
:10CCF00098C1187101448C4483F89711042183F87A
:10CD000098C1117070474FF00003334960F3070377
:10CD100060F30F234FF0020CC870A1F8973182F82E
:10CD200000C070472C4B93F8971193F898C1A3F863
:10CD3000050001448C4483F89711052183F898C1BC
:10CD400011707047244BB3F8051001EB00211FFA56
:10CD500081FCA3F8051093F89711014493F898010A
:10CD600083F89711014483F89811BCF1000F2ED07D
:10CD7000002106205970997010707047164BB3F857
:10CD8000011003F1070C0CF80100B3F80110013198
:10CD90001FFA81FCA3F80110B3F80510614504BF28
:10CDA0000721117093F8972193F8981102441144C8
:10CDB00083F8972183F898117047074B93F89731C0
:10CDC0001B1AB3FA83F35B09DB0013707047072368
:10CDD00013707047E0A9002004A70020AC7D00205C
:10CDE0002DE9F04F044687B00020E9F71FF9E4F77A
:10CDF000B5FD804F00F5FA66002503E0E4F7AEFDCF
:10CE000086421FD901350120EDB2E4F7ADFD0A2DB0
:10CE1000F4D13878FAF71CFFE4F7A0FDB0424FF0E8
:10CE200001000FD2E4F7A0FDE4F798FDB0424FF007
:10CE3000010007D2E4F798FDE4F790FD86424FF039
:10CE40000205DFD86C4BD3F8E632002B40F0B185F9
:10CE50004FF461330293022201230DEB83034FF45D
:10CE6000E13199600DF1080808EB8203634F644ECD
:10CE7000DFF880A10193D8F8009020464946EFF7EB
:10CE800033FC4FF001033B5501E0E9F75FFE20461C
:10CE9000E9F726FE83462046BBF1000FF5D1326A42
:10CEA000002A40F0C780FFF75DF8E4F757FD00F572
:10CEB000FA7503E0E4F752FDA84224D20120E4F71A
:10CEC00053FD0BF101035FFA83FBBBF10A0FF1D1B4
:10CED0009AF80000FAF7BCFEE4F740FDA8424FF0D4
:10CEE000010010D2E4F740FDE4F738FDA8424FF00E
:10CEF000010008D2E4F738FD4FF0020BDAE7E9F75A
:10CF000025FEFFF7C9FE2046E9F7EAFD0546204663
:10CF1000002DF4D1336A002B40F08C80019B08F186
:10CF200004089845A7D14FF4E131FFF74DF90123EB
:10CF30003B554FF416512046EFF7D6FBE4F70EFDB4
:10CF4000DFF8B09000F132082F4603E0E4F706FD69
:10CF5000804520D901370120FFB2E4F705FD0A2FF3
:10CF6000F4D199F80000FAF773FEE4F7F7FC4045B6
:10CF70004FF001000FD2E4F7F7FCE4F7EFFC804537
:10CF80004FF0010007D9E4F7EFFCE4F7E7FC804538
:10CF90004FF00207DED82046FEF7D2FDE4F7DEFCB4
:10CFA000DFF8508000F5FA7704E0E4F7D7FC874219
:10CFB00040F2108501350120EDB2E4F7D5FC0A2DD1
:10CFC000F3D198F80000FAF743FEE4F7C7FC874274
:10CFD0004FF0010040F2FE84E4F7C6FCE4F7BEFC2B
:10CFE000B8424FF0010080F0F584E4F7BDFC022563
:10CFF000DBE700BF34900020308100202444002073
:10D00000B0A800202046E9F7A1FDFFF745FE204625
:10D01000E9F766FD0028F5D1336A013F1D1A18BFF4
:10D02000012517F0FF0740F01885002B00F0FC8168
:10D030004FF4E139D14AD2F8E6324B4504D0D04B17
:10D04000C2F8E69201221A70CE4D05F178076A788F
:10D0500015F8021B2046FEF737F9AF42F7D1CA4D4B
:10D06000B5212046E9F726FE95F8993195F89A21E1
:10D070004B3B1A446221204685F89A2185F8993164
:10D08000E9F718FE4FF0000306212046A5F8993174
:10D09000E9F710FE95F8993195F89A2106331A446C
:10D0A0002421204685F8993185F89A21E9F702FE76
:10D0B00095F8993195F89A2124331A442421204671
:10D0C00085F8993185F89A21E9F7F4FD95F89931B9
:10D0D00095F89A2124331A440021204685F8993185
:10D0E00085F89A21E9F7E6FD95F89A2195F89931A6
:10D0F0002046134485F89A31FEF7B4F80221204601
:10D10000E9F7D8FD95F8993195F89A2102331A4438
:10D110000321204685F8993185F89A21E9F7CAFD5F
:10D1200095F8993195F89A2103331A44204685F8E9
:10D13000993185F89A21FEF795F82046FEF792F886
:10D140000A212046E9F7B6FD95F8993195F89A211C
:10D150000A331A440021204685F8993185F89A212E
:10D16000E9F7A8FD95F89A2195F899310021134423
:10D17000204685F89A31E9F79DFD95F89A2195F8B2
:10D18000993100211344204685F89A31E9F792FD40
:10D1900095F89A2195F8993100211344204685F895
:10D1A0009A31E9F787FD95F89A2195F89931002190
:10D1B0001344204685F89A31E9F77CFD95F89A21C9
:10D1C00095F8993100211344204685F89A31E9F702
:10D1D00071FD95F89A2195F8993100211344204664
:10D1E00085F89A31E9F766FD95F89A2195F8993115
:10D1F00000211344204685F89A31E9F75BFD95F844
:10D200009A2195F8993100211344204685F89A31E6
:10D21000E9F750FD95F89A2195F8993100211344CA
:10D22000204685F89A31E9F745FD95F89A2195F859
:10D23000993100211344204685F89A31E9F73AFDE7
:10D2400095F89A2195F8993100211344204685F8E4
:10D250009A31E9F72FFD95F89A2195F89931002137
:10D260001344204685F89A31E9F724FD95F89A2170
:10D2700095F8993100211344204685F89A31E9F751
:10D2800019FD95F89A2195F899310021134420460B
:10D2900085F89A31E9F70EFD95F89A2195F89931BC
:10D2A00000211344204685F89A31E9F703FD95F8EB
:10D2B0009A2195F8993100211344204685F89A3136
:10D2C000E9F7F8FC95F89A2195F899310021134473
:10D2D000204685F89A31E9F7EDFC95F89A2195F802
:10D2E000993100211344204685F89A31E9F7E2FC90
:10D2F00095F89A2195F8993100211344204685F834
:10D300009A31E9F7D7FC95F89A2195F899310021DF
:10D310001344204685F89A31E9F7CCFC95F8991129
:10D3200095F89A3120460B4485F89A31E9F7C2FC0A
:10D3300095F89A112046E9F7BDFC2046F6F792F8D9
:10D340004FF4FA712046FEF765FE2046FEF714FD05
:10D350004FF4FA712046FEF75DFE2046FEF730FBE3
:10D360004FF4FA712046FEF755FE96F82C21082A54
:10D370000ED8336A05498B4268D909E03081002014
:10D38000288100205082030804A700202FE6020015
:10D39000022201212046FDF797FFC8212046FEF713
:10D3A00039FE032201212046FDF78EFFC8212046C9
:10D3B000FEF730FE122201212046FDF785FFC8212D
:10D3C0002046FEF727FE212201212046FDF77CFFA3
:10D3D000C8212046FEF71EFE0123194607222046DB
:10D3E000FEF7B8F8C8212046FEF714FE35220121C9
:10D3F0002046FDF769FFC8212046FEF70BFE4322B9
:10D4000001212046FDF760FFC8212046FEF702FEFD
:10D4100064212046FEF756F94FF4FA712046FEF7D4
:10D42000F9FD2046FEF72AFA064A0749137A716287
:10D4300023F010030020137207B0BDE8F04FE8F7A7
:10D4400007BE00BFAC7D00200060EA47082A07D075
:10D45000024A934240F2308302E000BF7F3801006D
:10D46000022220460121FDF72FFFC8212046FEF7AA
:10D47000D1FD032220460121FDF726FFC8212046C9
:10D48000FEF7C8FD0123194606222046FEF762F882
:10D49000C8212046FEF7BEFD122220460121FDF7DD
:10D4A00013FFC8212046FEF7B5FD212220460121A9
:10D4B000FDF70AFFC8212046FEF7ACFD01231946FF
:10D4C00007222046FEF746F8C8212046FEF7A2FDB7
:10D4D000302220460121FDF7F7FEC8212046FEF745
:10D4E00099FD20466421FEF7EDF84FF4FA712046CD
:10D4F000FEF790FD2046B521E9F7DCFB95F8993160
:10D5000095F89A214B3B1A442046622185F89A21CE
:10D5100085F89931E9F7CEFB4FF00003204606214C
:10D52000A5F89931E9F7C6FB95F8993195F89A2154
:10D5300006331A4420463E2185F8993185F89A2110
:10D54000E9F7B8FB95F8993195F89A213E331A44DA
:10D5500020462C2185F8993185F89A21E9F7AAFB14
:10D5600095F8993195F89A212C331A4420460021D8
:10D5700085F8993185F89A21E9F79CFB95F89A216D
:10D5800095F8993120461344002185F89A31E9F73E
:10D5900091FB95F89A2195F8993120461344022180
:10D5A00085F89A31E9F786FB95F8993195F89A2133
:10D5B00002331A442046022185F8993185F89A21D0
:10D5C000E9F778FB95F8993195F89A2102331A44D6
:10D5D0002046002185F8993185F89A21E9F76AFB00
:10D5E00095F89A2195F8993120461344002185F841
:10D5F0009A31E9F75FFB95F89A2195F89931204621
:10D600001344082185F89A31E9F754FB95F89931CC
:10D6100095F89A2108331A442046102185F899314B
:10D6200085F89A21E9F746FB95F8993195F89A2102
:10D6300010331A442046012185F8993185F89A2142
:10D64000E9F738FB95F8993195F89A2101331A4496
:10D650002046002185F8993185F89A21E9F72AFBBF
:10D6600095F89A2195F8993120461344002185F8C0
:10D670009A31E9F71FFB95F89A2195F899312046E0
:10D680001344012185F89A31E9F714FB95F8993193
:10D6900095F89A2101331A442046032185F89931DF
:10D6A00085F89A21E9F706FB95F8993195F89A21C2
:10D6B00003331A442046082185F8993185F89A21C8
:10D6C000E9F7F8FA95F8993195F89A2108331A4450
:10D6D0002046012185F8993185F89A21E9F7EAFA7F
:10D6E00095F8993195F89A2101331A442046002182
:10D6F00085F8993185F89A21E9F7DCFA95F89A21AD
:10D7000095F8993120461344002185F89A31E9F7BC
:10D71000D1FA95F89A2195F89931204613440221BF
:10D7200085F89A31E9F7C6FA95F8993195F89A2172
:10D7300002331A442046042185F8993185F89A214C
:10D74000E9F7B8FA95F8993195F89A2104331A4413
:10D750002046082185F8993185F89A21E9F7AAFA37
:10D7600095F8993195F89A2108331A4420460121F9
:10D7700085F8993185F89A21E9F79CFA95F899315D
:10D7800095F89A2101331A442046002185F89931F1
:10D7900085F89A21E9F78EFA95F89A2195F899314A
:10D7A00020461344002185F89A31E9F783FA95F869
:10D7B0009A2195F8993120461344032185F89A312E
:10D7C000E9F778FA95F8993195F89A2103331A44D4
:10D7D0002046042185F8993185F89A21E9F76AFAFB
:10D7E00095F8993195F89A2104331A442046082176
:10D7F00085F8993185F89A21E9F75CFA95F899311D
:10D8000095F89A2108331A442046012185F8993168
:10D8100085F89A21E9F74EFA95F8993195F89A2109
:10D8200001331A442046002185F8993185F89A2160
:10D83000E9F740FA95F89A2195F899312046134472
:10D84000002185F89A31E9F735FA95F89A2195F88B
:10D85000993120461344042185F89A31E9F72AFAD0
:10D8600095F8993195F89A2104331A4420460121FC
:10D8700085F8993185F89A21E9F71CFA95F89931DC
:10D8800095F89A2101331A442046042185F89931EC
:10D8900085F89A21E9F70EFA95F8993195F89A21C9
:10D8A00004331A442046012185F8993185F89A21DC
:10D8B000E9F700FA95F8993195F89A2101331A445D
:10D8C0002046002185F8993185F89A21E9F7F2F987
:10D8D00095F89A2195F8993120461344002185F84E
:10D8E0009A31E9F7E7F995F89A2195F899312046A8
:10D8F0001344062185F89A31E9F7DCF995F8993156
:10D9000095F89A2106331A442046082185F8993162
:10D9100085F89A21E9F7CEF995F8993195F89A2189
:10D9200008331A442046102185F8993185F89A2148
:10D93000E9F7C0F995F8993195F89A2110331A440E
:10D940002046012185F8993185F89A21E9F7B2F945
:10D9500095F8993195F89A2101331A44204600210F
:10D9600085F8993185F89A21E9F7A4F995F89A2173
:10D9700095F8993120461344002185F89A31E9F74A
:10D9800099F995F8991195F89A3120460B4485F844
:10D990009A31E9F78FF995F89A112046E9F78AF953
:10D9A0002046F5F75FFD4FF4FA712046FEF732FB93
:10D9B00037E5B3F5613F02933FF44DAA4FF461326E
:10D9C000B3F5E13F039240F0BD800222FFF74ABA6F
:10D9D000E9F7BCF82046E9F783F805462046002D14
:10D9E000F6D14FF4E131EEF77FFEE3F7B7FFDFF852
:10D9F0005C8100F1640703E0E3F7B0FF87421FD9C1
:10DA000001350120EDB2E3F7AFFF0A2DF4D198F80C
:10DA10000000FAF71DF9E3F7A1FF87424FF001007C
:10DA20000ED9E3F7A1FFE3F799FF87424FF001001A
:10DA300006D9E3F799FF0225DEE72046E9F786F8E5
:10DA40002046E9F74DF80028F7D1356ADFF8FC8069
:10DA50002D1A4FF0030718BF0125002D7FF4E8AA07
:10DA60002046FEF77FFAE3F779FF00F5FA7904E044
:10DA7000E3F774FF81457FF6CAAA01350120EDB2B4
:10DA8000E3F772FF0A2DF3D198F80000FAF7E0F8F7
:10DA9000E3F764FF48454FF00100BFF4B8AAE3F78D
:10DAA00063FFE3F75BFF81454FF001007FF6AFAA0C
:10DAB000E3F75AFF0225DBE701231946022220463D
:10DAC000FDF748FDC8212046FEF7A4FA01231946B8
:10DAD00003222046FDF73EFDC8212046FEF79AFAB4
:10DAE0000123194606222046FDF734FDC8212046B1
:10DAF000FEF790FA0123194612222046FDF72AFD6F
:10DB0000C8212046FEF786FA0A2321220121204659
:10DB1000FDF720FDC8212046FEF77CFA07220121EF
:10DB20002046FDF7D1FBC8212046FEF773FA3022CC
:10DB300001212046FDF7C8FBC8212046FEF76AFAFE
:10DB4000C82166E403220223FFF787B9349000203E
:10DB500070B52DED028B704C022084B0E8F766FAA8
:10DB600094F832106D4B94F831001A7894ED1F7AC6
:10DB7000A1F10301B1FA81F1490961F386121A702A
:10DB80001A781978C2F38012052894BF002202F097
:10DB9000010262F3861119701A781978F1EE047A8D
:10DBA000B4EEE77AF1EE10FAC2F3801202F001024D
:10DBB00088BF002262F38611197094ED207A1A78DA
:10DBC0001978B4EEE77AF1EE10FAC2F3801202F09F
:10DBD000010288BF002262F38611197094ED267A43
:10DBE0001A781978F7EE007AB4EEE77AF1EE10FAC7
:10DBF000C2F3801202F0010288BF002262F3861194
:10DC0000197094ED287A1A781978F0EE007AB4EE4B
:10DC1000E77AF1EE10FAC2F3801202F0010258BF67
:10DC2000002262F3861119701978DA79C1F3801134
:10DC300061F3C302DA711B785B0603D404B0BDEC58
:10DC4000028B70BD04F14000E3F798FE344B84ED85
:10DC50004A0A19680D20E3F7F1FE94ED348A9FED2E
:10DC6000317A9FED310AF8EEC87A67EE877A27EEAF
:10DC7000800A03F0CBF810EE100ADAF725FB024613
:10DC80000B4643EC172B054684ED147B18EE100A67
:10DC90000E46DAF707FB1EA3D3E90023DAF76CFB85
:10DCA000C4E93601CDE90201D4F8E800DAF7FAFA5E
:10DCB00017A3D3E90023DAF75FFB2A463346DAF7E6
:10DCC0005BFBC4E93C01CDE90001D4F80001DAF7BF
:10DCD000E9FA0FA3D3E90023DAF74EFB9DED001B11
:10DCE0009DED020BD4ED263A94ED1F3AD4ED3E2A79
:10DCF00094ED382AC4E9420100F0BAFA04B0BDEC50
:10DD0000028BBDE87040E0F7D1BF00BFAFF30080E9
:10DD10000E4685C758CC863FB0A80020AC7D0020B9
:10DD2000A8A8002095BFD63335FA8E3C70B5694C53
:10DD3000E37819071FD4E3799A0716D5664D674E25
:10DD40002878E8F7CDFE60B12878E8F7FFFE337851
:10DD5000082BF5D8DFE803F0908A7B6E5E44281E1E
:10DD60001000237ADB0600F1AC800D20E3F7BCFE47
:10DD7000002840F0878070BD00233370584B93F823
:10DD800098311A1AB2FA82F2237A520962F3041312
:10DD90002372D5E7524B93F897311B1AB3FA83F3EA
:10DDA0005B09DB003370CBE74D4BB3F80120D91D85
:10DDB0008854B3F80120B3F805100132A3F801200C
:10DDC00092B2914204BF0722327093F8972193F8E0
:10DDD0009811024483F897210A4483F89821AFE709
:10DDE0003F4BB3F8052093F8971102EB0022014452
:10DDF00093F89801A3F8052083F8971192B2014493
:10DE000083F89811002A59D000225A709A7006237C
:10DE1000337095E7324A92F8973192F89811A2F848
:10DE20000500034482F897310B4482F898310523AA
:10DE3000337085E74FF00003294A60F3070360F36E
:10DE40000F23A2F897310223D070337078E7244A69
:10DE500092F8973192F898111071034482F8973133
:10DE60000B4482F898310423337069E7622814BFA9
:10DE700000230323337063E7B5287FF461AF0123E8
:10DE800033705DE7174B0D201968E3F7D7FDE1F715
:10DE900081F8237A23F080032372E37923F00803C7
:10DEA000E371A37923F01003A371237823F04003D7
:10DEB00023700220BDE87040E8F7CAB8072333702A
:10DEC0003EE7237A60F304132372FEF763FAFFF749
:10DED0003FFE4AE7AC7D00203C900020E0A90020F6
:10DEE00004A70020A8A8002010B5254A254C1178C9
:10DEF000E379254A61F341031078E3710C21F5F7CA
:10DF00002DFE237A2149224AC1F8282123F010034B
:10DF10002372237823F040032370E37823F0100367
:10DF2000E370237823F08003237000F03FF84FF470
:10DF300098720021154807F005F8DFED160AB7EED4
:10DF4000000ADCF77DFDE37813491448144A81ED9B
:10DF5000000A4FF4FA6400211B070460117000D519
:10DF600010BD104C4FF4E1312078EEF7BDFB206876
:10DF70000D4B01221A54C0B2BDE81040FEF730BF6D
:10DF8000738E0020AC7D002034900020B0A80020CB
:10DF9000CDCC4C3E00000000A0A80020A8A8002086
:10DFA000E0A900203C90002024440020154A0023D2
:10DFB00010B4154C13605360144A00200021C4E9CA
:10DFC0000001C4E90201C2E90001C2E90201104CEA
:10DFD0001048114913614FF0000C82F818C05361CA
:10DFE0004FF07E52236003600C4C43600A600C4883
:10DFF0004A600C492260036010BC0A6043604A60BA
:10E00000704700BF14AA002020AA002030AA0020D8
:10E01000F0A900200CAA002004AA00202C02002055
:10E02000FCA90020F4A90020F0B52DED048B834C51
:10E03000237E87B01BB907B0BDEC048BF0BD60EE4A
:10E04000A07A7F4B9FED7F5AD3ED005A7E4ADFEDD9
:10E050007F4A92ED004AE0EE007A61EE016AB1EE8D
:10E06000E76A61EE263AB6EE007A23EE877A36EE5C
:10E07000656AB0EE479A26EE067AE6EE055A27EE76
:10E08000057ADFED737AC3ED005AA4EE247A66EECA
:10E09000A62AB5EE003A22EE833AB4EEE77AF1EE24
:10E0A00010FAF0EE438A40F184806A4D6A4E6B4B61
:10E0B000C2ED007A95ED006A694A96ED007A1B7808
:10E0C00092ED004A674A71EE013A013BA6EE237ACF
:10E0D000DBB2012B92ED005A634AA6EE857A1F4609
:10E0E000A1EE056A61EE044AD2ED005A6BD974EED6
:10E0F000A55A86ED007AC2ED005A85ED006A15EE4C
:10E10000900ACDED043A8DED034ACDED026A8DED16
:10E11000011ACDED057AB0EE608ADAF7D5F80B4634
:10E1200052490246D1E90001D9F770FF95ED016A25
:10E1300096ED017ADDED043A4A4B494AD3ED014AA6
:10E140009DED034A9DED011A92ED015ADDED026A43
:10E1500084ED044AA3EE867AC4E900014249012F06
:10E16000A1EE246AA6EEA47AD1ED015A21EE054A69
:10E1700047D975EE847A3C4B86ED017AC3ED017A7E
:10E1800085ED016A17EE900A8DED015ADAF79CF8D9
:10E190000B4636490246D1E90201D9F737FF9DED1A
:10E1A000015AC4E9020184ED055A07B0BDEC048BA5
:10E1B000F0BDF2EE047AB4EEE77AF1EE10FAD8BFD1
:10E1C000F0EE477A71E7B6EE003A20EE033AA0EEA1
:10E1D000014A234BE6EE834A83ED004AA8EEA77A74
:10E1E000214BA9EE276AA6EEA75A74EEA55A86ED32
:10E1F000007AC3ED005A1B4B85ED006A83ED005A8F
:10E200007DE7F6EE003A68EE233ADDED057AA3EEFF
:10E21000A64AA8EEA77AA9EE276AE6EEA74AA8EED4
:10E22000015A74EE257A82ED015A86ED017A85ED68
:10E23000016AC1ED017AC3ED014AA3E730AA0020CB
:10E24000F0A900200AD7233C2C020020A4707D3FB7
:10E25000CDCCCC3DFCA9002004AA0020758E002066
:10E260000CAA0020F4A9002014AA002020AA002053
:10E270002DE9F0472DED048BB0EE418AF0EE618A76
:10E28000204C8CB08DED020B8DED043ACDED013AB2
:10E29000F0EE429AB0EE629AE3F79CFA237EDDED4F
:10E2A000013A9DED043A9DED020B002B3AD1164B3D
:10E2B00018601648164D59600022426002601548E9
:10E2C0001549C0ED009A4FF07E5380ED019A134836
:10E2D0004B600B6084ED000B1149426085ED000B33
:10E2E00085ED028B84ED028B026001224B600B6096
:10E2F000C4ED049A84ED059A22760CB0BDEC048B33
:10E30000BDE8F08730AA0020E8A9002014AA002068
:10E3100020AA00200CAA002004AA0020FCA90020AA
:10E32000F4A90020EC4BED4F1A685D68821A61EB8E
:10E33000050500269742AE41BAD323EE033A9FED7E
:10E34000E87AB4EEC73AF1EE10FAC3E9000140F101
:10E35000B88163EEA33A9FEDE25AF4EEC53AF1EECE
:10E3600010FA40F1A481DF4EDF4FE04DD6ED006A98
:10E37000D7ED003A95ED006ADFEDDD7A66EEE64A0C
:10E3800077EE235A75EE062AB0EE644AA5EEA24A4D
:10E39000B4EEE74AF1EE10FA40F2C080D54B8DEDB5
:10E3A000027A93ED007BD44A8DED045A5AEC179B08
:10E3B00092ED002A8DED054A51EC100B5346904624
:10E3C0004A468DED012ACDED065ACDED072ACDED59
:10E3D000084ACDED096A8DED0A6ACDED0B3AD9F701
:10E3E00013FEDAF7A1FA9DED012A9DED045A9DED89
:10E3F000027A9DED054ADDED065ADDED072ADDEDD9
:10E40000084ADDED096A9DED0A6ADDED0B3A07EE7B
:10E41000900A77EEC27ABAEE043AF4EEC37AF1EEDD
:10E4200010FA40F18381B54BD3ED001A79EEE19AF1
:10E43000F9EE047AF4EEE79AF1EE10FA40F1628117
:10E44000B0EE641AA5EE861A65EEA65AE3EEA24A6D
:10E45000E3EEE65A84EE840AC1EE049AC5EE844ADD
:10E4600066EE665AB6EE001AE6EEA25AF7EE002AFB
:10E47000C5EE840A72EEE95A69EEA79A64EEA77AAD
:10E48000E0EE839AE0EE037A26EEE43A77EE827AC3
:10E4900072EEC02A17EE900A66EE644AC8ED007A62
:10E4A00065EEA67A25EE866AF0EE435AE2EEA35AAE
:10E4B000E2EEA64AE0EEE37AA0EEE66A9FED8C4A31
:10E4C0008DED047AB4EEE54A77EEA47AF1EE10FA17
:10E4D000B4EEC64AC8BFF0EE445A79EEA19A67EE90
:10E4E000817AF1EE10FAD8BFB0EE464AC3ED009A39
:10E4F000C7ED005AC6ED007A85ED004A8DED015A50
:10E50000D9F7E2FE4A465346D9F780FDC4E9000137
:10E510009DED015A9DED047AC4ED049AD6ED016A91
:10E52000D7ED014A95ED016ADFED717A26EEE64AF4
:10E5300034EE877A76EE059AF0EE445AE7EE295AE1
:10E54000F4EEE75AF1EE10FA7FF6D7AE6A4A694B5D
:10E5500092ED013ACDED045A8DED013A93ED023B77
:10E560005AEC139B51EC180B534690464A468DEDDE
:10E57000027A8DED054ACDED066A8DED076ACDED87
:10E58000084AD9F741FDDAF7CFF99DED013ADDED03
:10E59000045A9DED027A9DED054ADDED066A9DED7A
:10E5A000076ADDED084A07EE900A77EEC37ABAEE05
:10E5B000045AF4EEC57AF1EE10FA40F1C1804F4BE7
:10E5C000D3ED013A39EE639AF9EE047AB4EEE79AA4
:10E5D000F1EE10FA40F1A080F0EE441AE6EE071AD0
:10E5E00027EE267AA4EEA94AA4EEE67A26EEC62AFB
:10E5F000C1EEA52AA6EEA92AC4EE250A87EE251AA1
:10E60000C2EE251AB7EE004A27EEA28A74EE622AFD
:10E6100061EE665A34EE604A21EE467A22EEA62A70
:10E62000E4EE845A26EE226AA4EE267AB0EE424A3E
:10E63000A1EEE44A67EE817AA1EEE66AE5EE207A81
:10E64000A5EE218ADFED2A6A37EE047AF4EEE56A58
:10E65000B6EE005AF1EE10FAF4EEC66AC8BFF0EE5C
:10E66000665A77EE837A38EE238A27EE057AF1EE42
:10E6700010FAD8BFF0EE466A17EE900AC8ED017A9C
:10E68000C7ED015A83ED018A86ED017AC5ED016A75
:10E69000D9F71AFE4A465346D9F7B8FC84ED058AE5
:10E6A000C4E902010CB0BDEC048BBDE8F0879FED1E
:10E6B000145AF4EEC53AF1EE10FAD8BFB0EE635A30
:10E6C00051E69FED0F7AB4EEC73AF1EE10FAD8BFDB
:10E6D000B0EE437A3DE600BFE8A9002080841E002A
:10E6E0000AD7233CFCA9002004AA0020F4A900209A
:10E6F000BD37863520AA002014AA00200CAA0020CD
:10E700000000C842F1EE047AF4EEE79AF1EE10FA56
:10E71000D8BFF0EE697A93E6F1EE047AB4EEE79AA8
:10E72000F1EE10FAD8BFF0EE497A55E7B2EE043AAE
:10E73000F4EEC37AF1EE10FAD8BFB0EE673A72E6A3
:10E74000B2EE045AF4EEC57AF1EE10FAD8BFB0EE8C
:10E75000675A34E710B51C4C2DED048BD4ED018ABB
:10E76000B0EE680A02F052FBB0EE408AB1EE680AE1
:10E7700002F08CFB94ED009AF0EE408AB0EE490A6C
:10E7800002F044FBF0EE409AB0EE490A02F07EFB44
:10E790000E4BD3ED017A93ED007A68EEE70AF0EEC6
:10E7A000406A93ED020AE0EE080A20EE280A60EEC5
:10E7B000A60AA7EE880AE7EE290A02F019FABDECCC
:10E7C000048BB1EE400A10BD347D002048BD00200E
:10E7D00030B583B000230F2120200093ADF8043022
:10E7E000E3F72CF9244B0622187803216B46EDF74A
:10E7F00023FB00B3BDF80010BDF80230BDF80420C3
:10E800001E4D49BA08B25BBA52BA10F5805F6B80F0
:10E81000AA8029801BB212B22BD012F5805F18BFDC
:10E8200013F5805F0CBF01230023154C627863F35E
:10E830008202627005E0124C104D637843F00403CD
:10E840006370637A0F49DA0656BF0F4B00221A78BD
:10E85000881EDCF7B3F9637ADB0608D50949AB8873
:10E8600031F8022C5B42524221F8022CAB8003B0FB
:10E8700030BD0123D9E700BFF700002040BD0020D4
:10E88000AC7D002042BD00201D6E030808B52F4B53
:10E890001A79C2F38011520603D52D4A117829B98D
:10E8A00008BD1A7A61F300021A7208BD2020E3F74E
:10E8B0001BF9274A0028F3D000211170FFF788FFC9
:10E8C0002449254AB1F90230D2F857029FED236A54
:10E8D00007EE903AB1F9043007EE103AB1F9003082
:10E8E000D2F85B12D2F8532206EE903A05EE900A67
:10E8F000F8EEE77A05EE102A77EEA57AF8EEE66AEA
:10E9000005EE901AB8EEC77A76EE856A37EE257A6C
:10E91000DFED135A134A144867EE867A27EE257AFC
:10E9200066EE866A82ED017AC2ED006AC2ED027A75
:10E93000E3F724F8054B5A78197AC2F3800282F083
:10E94000010262F30001197208BD00BFAC7D002016
:10E95000F600002040BD002030810020CD0C9E44F8
:10E960006626934448BD002050AA002030B5654C6F
:10E97000654D237995F8202023F0400383B023715F
:10E9800022B195F82110002900F09B8023795A06C6
:10E99000C3F3801106D4237995F8902061F3861390
:10E9A0002371A2B92379C3F380125B0633D4637851
:10E9B000564843F004036370237A027062F3000345
:10E9C00053482372534B02701A7003B030BD95F850
:10E9D00091100029E6D1504B03220920EDF7E4FA0B
:10E9E0003220E2F7C1FF4D2101220DF107038DF81E
:10E9F000071009200A21EDF75FF89DF80730474A14
:10EA0000482B1370CED12379454A092143F04003A6
:10EA100011702371C6E73220E2F7A6FF404B187849
:10EA200005EB0015A978002945D13E4B0422EDF7EE
:10EA3000BBFA3B4D6420E2F797FF28780021EDF701
:10EA4000EFF8344B0246012128781A70EDF7E8F808
:10EA50002F4B0246022128781A70EDF7E1F82B4B74
:10EA60001870FFF7B5FE00212020E2F7E7FF6420D1
:10EA7000E2F77AFF2C4B01221A70FFF707FFFFF72E
:10EA800069FE2A4A637992F84B222949A2F10102D0
:10EA9000B2FA82F2520962F34103637163796278D8
:10EAA00081ED000AC3F3400383F0010363F38202A4
:10EAB000627003B030BD1F4B04220021EDF774FAE1
:10EAC000B7E7154B03220220EDF76EFA3220E2F78A
:10EAD0004BFF4D2101220DF107038DF80710022095
:10EAE0000A21ECF7E9FF9DF807300C4A482B137018
:10EAF0007FF44CAF23790A4A022143F0400311709E
:10EB0000237143E7AC7D0020206E030868BD002020
:10EB100069BD00206ABD0020380200206BBD0020C6
:10EB2000F700002034020020F60000203081002091
:10EB300058BD0020300200201D4A1E4B51781E484F
:10EB400010B5002464F382015170517964F34101DE
:10EB50005171D3F853C2C0F800C0D3F857C2C0F8FF
:10EB600004C0D3F85BC2C0F808C0144893F84BC285
:10EB700080F800C0FF20214683F84B024FF49652E4
:10EB80000F48C3F85342C3F85742C3F85B4206F03C
:10EB9000D9F90C4B0C4A0F212020C3E90044C3E9EA
:10EBA00002441480E2F74AFF084BDC70012010BDDC
:10EBB000AC7D0020308100205CAA002058AA0020F3
:10EBC00080AA002070AA00206CAA0020D006002095
:10EBD0000E4BDFF844C019780D4B9CF8052083F8E4
:10EBE0004B12A1F10101B1FA81F10A48490961F31F
:10EBF00041028CF805204168D0F800C08268C3F853
:10EC000053C2C3F85712C3F85B22704758AA0020BA
:10EC1000308100205CAA0020AC7D002010B52020AF
:10EC200082B0E2F761FF08B902B010BDFFF7D0FD76
:10EC30002C4B5B78C3F380005B0742D42A4A2B49F4
:10EC4000B2F90030B2F902C0B2F90420B1F800E024
:10EC5000002B07EE903AD4BF00230123F8EEE76AB9
:10EC60005B0007EE90CABCF1000FC8BF0133B8EEDD
:10EC7000E77A5B0007EE902A002AC8BF01331C4ADE
:10EC8000DFF870C0F8EEE77A0EEB4E0402EB840278
:10EC9000C2ED006A82ED017AC2ED027A3CF81320DF
:10ECA000362A17D801320EF1010EA1F800E00191C9
:10ECB0002CF81320E7F7CCF90320E7F7B7F901990F
:10ECC00000E00A490888B0F5C87F94BF0020012001
:10ECD00002B010BD0191E7F7A9F90320E7F7B8F9F1
:10ECE0000199EFE7AC7D002040BD00206CAA002018
:10ECF00080AA002070AA0020F0B587B0404C9FED9C
:10ED0000410A02AB0093218803ABC82206463E4865
:10ED1000DCF702F821889DED020A3C4C054603AA67
:10ED20003948DCF7D5F9DFED3A7A9DED027A394BB7
:10ED300067EE277AC72DF4EEC07A8CBF0027012733
:10ED4000F1EE10FA83ED000A94BF01230023C72DD2
:10ED5000237123D9304A314B314C1278314883F832
:10ED60004B22A2F101012268C3F85322B1FA81F1CA
:10ED70004279490961F3410242716268C3F857223E
:10ED80000820A268C3F85B22EAF782FA3046002224
:10ED90003421F4F735FF384607B0F0BD1F4A17EEAF
:10EDA000103AC2F84F32039BC2F85332049BC2F8A8
:10EDB00057320121059BC2F85B3282F84B12194A87
:10EDC000537823F0040353705379082043F002036F
:10EDD0005371EAF73DFA23796BB9134B01251D7086
:10EDE000EBF718FC304634212A46E570F4F708FFAB
:10EDF000384607B0F0BD0320EAF74AFAEDE700BF56
:10EE00006CAA00200AD7233C80AA0020D00600204C
:10EE10003333B33E68AA002058AA00203081002076
:10EE20005CAA0020AC7D00202881002000000000AA
:10EE30002DE9F04F2DED028B694C85B00546A06899
:10EE4000D9F742FA0646E0680F46D9F73DFA8246FE
:10EE500060688B46D9F738FA3246804689463B4689
:10EE600030463946D9F788FA524606460F465B4681
:10EE700050465946D9F780FA02460B463046394685
:10EE8000D9F7C4F84246064601F100474B464046D2
:10EE90004946D9F771FA02460B4630463946D9F74A
:10EEA00095FB41EC100B01F02BFD51EC100BD9F749
:10EEB0003BFD064607EE106AD4ED007A2860A06894
:10EEC00094ED008A67EE278AD9F7FEF902460B46D1
:10EED000E068CDE90223D9F7F7F9824660688B46EE
:10EEE000D9F7F2F99FED3C1B41EC100B01F0A0FDAE
:10EEF00030468DED000BD9F7E7F9DDE90223064630
:10EF00000F4610461946D9F737FA524680468946C9
:10EF10005B4650465946D9F72FFA02460B46404603
:10EF20004946D9F773F89DED000B53EC102BD9F738
:10EF30004DFB78EE087A804617EE900A8946D9F79D
:10EF4000C3F902460B4640464946D9F715FA324600
:10EF50003B46D9F711FAD9F7E7FC68606068D9F742
:10EF6000B3F9D4ED027A68EE277A02460B4617EE23
:10EF7000900ACDE90023D9F7A7F9DDE900238046FF
:10EF8000894610461946D9F7F7F902460B4640461E
:10EF90004946D9F71BFB00224FF04043D9F7ECF963
:10EFA00032463B46D9F7E8F9D9F7BEFCA86094EDA4
:10EFB000037AD4ED026A07EE900A67EE877AB0EE24
:10EFC000680A87EEA67A85ED037A05B0BDEC028B60
:10EFD000BDE8F08FAFF300800000000000000840A3
:10EFE0006CBD00202DE9F0411746042206461D465F
:10EFF00008460C4B114600F069FA30460A4B0122D4
:10F00000042100F063FA042211463846074B00F051
:10F010005DFA01222846064BBDE8F041114600F09A
:10F0200055BA00BF7CBD00206CBD0020BCBD0020D7
:10F03000FCBD00202DE9F041364C2DED028B94ED06
:10F04000027AD4ED037A9EB037EE607A77EEC17A19
:10F0500004F11006042300961A4684ED027AC4EDEA
:10F06000037A04F150013046B0EE408A00F008FB0C
:10F0700002A8FFF7DDFE01250DF1180804230EAFED
:10F080001A4602A93046CDE90058F0EE408A00F059
:10F0900093FA02A82A46414600950197042300F0FE
:10F0A00033FA94ED247ADDED0E7A77EE877AB7EEB7
:10F0B000000A80EE270A0AAB2A464046042100F0E7
:10F0C0002FFB3B462A460AA8042138EE680A00F0C6
:10F0D00027FB009421462B4604243846042200F0E6
:10F0E000CFFA2B4641460AA822460197009400F029
:10F0F00063FA2346224639463046009600F0E8FA85
:10F100002146304600F02EFB1EB0BDEC028BBDE860
:10F11000F08100BF6CBD002008B52420E2F7E4FCBC
:10F12000F0B1114BDFED117A93ED007AB4EEE77A8E
:10F13000F1EE10FA15DD0E4A0E4BD2ED007A93ED8A
:10F14000007AF4EEC77AF1EE10FA0ADB0A4B93ED7F
:10F15000007AF4EEC77AF1EE10FA94BF0120002095
:10F1600008BD002008BD00BF08BE00203333B33FF8
:10F17000281100203C020020400200200000000076
:10F1800038B52320E2F7B0FC002847D0284A294BA5
:10F19000D2ED007A93ED007AF4EEC77AF1EE10FA30
:10F1A0003DDB254B93ED007AF4EEC77AF1EE10FAD1
:10F1B00035D8224B1868D9F787F8214A1F4BD2ED72
:10F1C000006A93ED017AC6EE877A04460D4667EE33
:10F1D000E77A17EE900AD9F777F841EC100B01F0B7
:10F1E0008FFB204653EC102B2946D9F7C5F80EA308
:10F1F000D3E90023D8F708FFD9F796FB9FED117AE2
:10F20000114B07EE900AF4EEC77AF1EE10FACCBF7C
:10F2100001200020C3ED007A80F0010038BD0120FC
:10F2200038BD00BFAFF30080000000606666E63FB7
:10F23000281100203C020020400200206CBD00206C
:10F2400000BE00203333B33F04BE002070B52DED67
:10F25000028BDFF808C1344B344EDFED357AA6B0AF
:10F260000CF140040193BCE80F0006AD0FC5BCE8EB
:10F270000F000FC5BCE80F000FC59CE80F0085E824
:10F280000F000FCC0DF1580EAEE80F000FCCAEE81A
:10F290000F000FCCAEE80F0094E80F00D6ED008A07
:10F2A000CDED037AB0EE007AB0EE680A8EE80F007A
:10F2B0008DED027A01F0AAFDB1EE048A60EE087AC3
:10F2C000B0EE680ACDED047A01F0E0FD20EE080A08
:10F2D00001AB06AA16A902A88DED050AFFF782FE6A
:10F2E000144B154A1A601548154B1649164A174C07
:10F2F0001A600460D1E90001D9F716FB144C154BD4
:10F300002060D3E90001D9F70FFBA060E2F726FBEC
:10F31000114B41F2883118602320E2F78FFB26B0B1
:10F32000BDEC028B70BD00BF285C4F3E54BD002079
:10F33000000016434002002000007A4344020020EF
:10F340003C020020B8160020000048420000B442F1
:10F3500010BE0020E81B002060BE0020745503088A
:10F360002DE9F0472DED028BDFF80C913C4EDFF8D4
:10F370000CA13C4C3C4D84B0E2F7F0FA99ED007BD7
:10F38000804630688DED007BD8F79EFF02460B4625
:10F39000DDE90001D8F738FED9F7C6FA08EE100A01
:10F3A000B068D8F791FF09F5A66702460B46D7E982
:10F3B0000001D8F729FED9F7B7FADAF80030636010
:10F3C0002B68236101EE100A6B68A8686361EB6823
:10F3D00084ED031AE361C4F8008084ED028AA06121
:10F3E0008DED031AD8F770FFDDE90023D8F70EFE84
:10F3F00041EC100BFDF740FC2062E868D8F764FF91
:10F40000D7E90023D8F702FE184BD3E91423D9F724
:10F41000DDF841EC100BFDF72FFC154B9DED031AA9
:10F420001B689AED000AA362F0EE480A0023E3622B
:10F4300023636062FFF7FEFDD9E90001D9F774FA92
:10F4400003463360D7E90001D9F76EFA094BB06083
:10F45000C3F8008004B0BDEC028BBDE8F08700BFAC
:10F4600010BE002028BE00206CBD0020B0A80020E7
:10F470002811002060BE0020B81600200CBE00201D
:10F4800009480A4ADFF83CC009490A4BC0F800C0E5
:10F490001160094809490A4A1B68DFF82CC0C0F806
:10F4A00000C00B601360704744020020400200203F
:10F4B00000007A43288000203C02002008BE002083
:10F4C0000CBE00200000B44200004842F0B5151EFA
:10F4D00019DD00290E4616DD1F46002134B204FB5B
:10F4E00001FC04FB016E00EB8C0200EB8E0307EBCA
:10F4F0008C0C52F804EB4CF804EB9342F9D1013137
:10F5000009B28D42EBDCF0BD2DE9F04FB2F10008FD
:10F51000BDF92440DDF828A04ADD002C48DD9FED30
:10F52000256A074689461E4601EB84004FF0000C11
:10F5300014FB0CF10AEB8101002EA1EC016A1EDD27
:10F5400006FB0CF307EB830E334407EB8305CB4636
:10F55000DFED187A5A46734692ED007AF3EC016AB1
:10F56000E6EE877A9D4202EB840241ED017AF3D107
:10F570000BF1040B834515D0A1EC016AE8E74A467C
:10F58000131D98424FF0000502F108020AD0824292
:10F590000D6007D0131D98424D6002F1080201F181
:10F5A0000801F4D10CF1010C0FFA8CFCE045BFDC32
:10F5B000BDE8F08F000000002DE9F04F83B0B2F1FC
:10F5C000000BBDF93070DDF834A04BDD002F49DDB4
:10F5D0009FED2A6A80460E461D464FF0000C0FFA3A
:10F5E00087F95A4609FB0CF109FB0C7E0AEB8101F5
:10F5F000002DA1EC016A0AEB8E0ED8BF00201FDDA2
:10F6000005FB0CFB0BEB050008EB800008EB8B0BFC
:10F610000024CDF804C0DFED197A06EB840C5B46BC
:10F62000F3EC016ABCEC017AE6EE877A984241ED90
:10F63000017AF5D1714518D02C44A1EC016AEAE7B2
:10F6400071450B4608D043F8040B9E4504D0486032
:10F65000083171450B46F6D10CF1010C0FFA8CFC08
:10F660006245BFDC03B0BDE8F08FDDF804C00CF1EB
:10F67000010C0FFA8CFC6245B4DCF3E700000000DB
:10F680002DE9F041161E069D1FDD002B98461CDD5E
:10F690000F461CB2002104FB01FC04FB018300EBBC
:10F6A0008C0207EB8C0E00EB830305EB8C0CF2EC69
:10F6B000017ABEEC017A77EE877A9342ECEC017A1C
:10F6C000F5D1013109B28E42E5DCBDE8F08100BF21
:10F6D0002DE9F041161E069D1FDD002B98461CDD0E
:10F6E0000F461CB2002104FB01FC04FB018300EB6C
:10F6F0008C0207EB8C0E00EB830305EB8C0CF2EC19
:10F70000017ABEEC017A77EEC77A9342ECEC017A8B
:10F71000F5D1013109B28E42E5DCBDE8F08100BFD0
:10F720009C460B1E1DDD002A1BDD30B5044600255E
:10F7300060468646A4460021DCED007A013167EE82
:10F74000807A8A42CEED007A0CEB820C0EEB830EAF
:10F75000F2D10135AB4204F1040400F10400E8D118
:10F7600030BD704770B50C1E2ADD4FF0000EF6EE6E
:10F77000006ABEF1010F1DDD00230EF1FF3614FB00
:10F780000EF51A46A91802FB04E200EB820C00EB0E
:10F790008101D1ED007A9CED007A77EE877A013312
:10F7A00067EEA67A1BB2B342C1ED007A1A46CCEDE1
:10F7B000007AE7DB0EF1010E0FFA8EFE7445D8DCFD
:10F7C00070BD00BF08B5174B984206D0164B984243
:10F7D0000FD0164B984218D008BD01214FF40010ED
:10F7E00001F01AF8BDE8084000214FF4001001F0C4
:10F7F00013B801214FF4800001F00EF8BDE8084075
:10F8000000214FF4800001F007B801214FF40000FF
:10F8100001F002F8BDE8084000214FF4000000F0BC
:10F82000FBBF00BF0054004000580040005C004097
:10F8300030B5044687B002A8A588019100F072FF98
:10F8400004982E4B0199DFF8BCC0A3FB002325F0E0
:10F850003F059B0C1D43A580228822F001022280D7
:10F860000A6862451DD85200B0FBF2F292B2013331
:10F87000042A38BF04222384A283238888884A89E3
:10F8800043F0010323802388104323F481638A8992
:10F89000098923F002030A4303432380228107B02E
:10F8A00030BDB1F806C04BF6FF75AC4520D002EB79
:10F8B000820202EB8202B0FBF2F040F4804082B29E
:10F8C00003EB83030E48C3EB03139B00A0FB03036E
:10F8D0009B090133238442F00103C2F30B059BB261
:10F8E000002D08BF1A466FEA42426FEA5242C3E750
:10F8F00002EB4202B0FBF2F292B2E1E783DE1B437D
:10F90000D34D6210A0860100054941F2883C0022D7
:10F910004FF48043C0E900C182608381704700BF1B
:10F920000000FFBF038819B143F001030380704753
:10F9300023F0010303807047038819B143F48073F7
:10F940000380704723F4807303807047038819B1E4
:10F9500043F400730380704723F4007303807047FF
:10F960001AB141F001010182704701F0FE010182EC
:10F97000704700BF038819B143F480630380704768
:10F9800023F480630380704701827047008AC0B20D
:10F99000704700BF838812B119438180704723EA02
:10F9A00001038380704700BF044B1A69002A03DA01
:10F9B0000349044A59605A60704700BF003C024046
:10F9C00023016745AB89EFCD024A136943F0004339
:10F9D00013617047003C0240014BD860704700BF84
:10F9E000003C024082B00822224B8DF80720DA68E2
:10F9F000D20316D4DA68D00638D4DA6812F0EF0FE2
:10FA000036D1DB6813F0020F0CBF082307238DF8F3
:10FA100007309DF80730012B0AD09DF8070002B08F
:10FA2000704701238DF807309DF80730012BF4D182
:10FA3000104A0FE0D36813F0EF0F15D1D36813F01D
:10FA4000020F0CBF082307238DF807309DF80730FD
:10FA5000012BE2D1D168C9034FF00103F4D4D3687C
:10FA6000DB06E7D50523EFE70623EDE70523D9E716
:10FA70000623D7E7003C024038B5022994BF0C02A8
:10FA80004FF440740546FFF7ADFF082800D038BD9D
:10FA9000104B1A6922F440721A611A6922431A61E2
:10FAA0001A6922F0F8021A611869284340F002002E
:10FAB00018611A6942F480321A61FFF793FF054B0F
:10FAC0001A6922F002021A611A6922F0F8021A6118
:10FAD00038BD00BF003C024038B504460D46FFF774
:10FAE00081FF082800D038BD0A4B1A6922F4407201
:10FAF0001A611A6942F400721A611A6942F001022D
:10FB00001A612560FFF76EFF024B1A6922F00102AD
:10FB10001A6138BD003C024000B5DFF894E00A8865
:10FB2000038870458C4649681BD0DFF888E0704533
:10FB300017D0B0F1804F29D0DFF87CE0704525D098
:10FB40000EF5806E704521D0DFF870E070451DD055
:10FB5000DFF86CE0704525D0DFF868E0704521D013
:10FB60001AE0BCF802E023F0700343EA0E03BCF88D
:10FB700008E023F4407343EA0E030380C162028568
:10FB80009CF80A3003860123838200BDBCF802E0A2
:10FB900023F0700343EA0E03BCF808C023F440735B
:10FBA00043EA0C0303800123C1620285838200BD06
:10FBB000000001400004014000040040000C00402F
:10FBC000001000400014004000234FF0FF3242605C
:10FBD0000381036083727047038819B143F0010306
:10FBE0000380704723F0010303807047038C23F0E8
:10FBF000010310B50384038C4C88B1F80CE08288B3
:10FC0000B0F818C04EEA040E23F00203134C43EA86
:10FC10000E03B1F800E02CF0730CA0424CEA0E0C7D
:10FC20000AD004F58064A04206D089688280A0F8DA
:10FC300018C04163038410BDCC89B1F810E023F0F3
:10FC4000080323434C8A4EEA040E8C8822F4407247
:10FC500023F0040342EA0E022343E6E700000140DA
:10FC6000038C23F0100310B50384038C4C88B1F887
:10FC70000CE08288B0F818C04EEA040E23F020038E
:10FC8000144C43EA0E13B1F800E02CF4E64CA04209
:10FC90004CEA0E2C0AD004F58064A04206D0896894
:10FCA0008280A0F818C08163038410BDCC89B1F8AC
:10FCB00010E023F0800343EA04134C8A4EEA040E5A
:10FCC0008C8822F4406223F0400342EA8E0243EA29
:10FCD0000413E4E700000140038C23F4807310B5A3
:10FCE0000384038C4C88B1F80CE08288B0F81CC007
:10FCF0004EEA040E23F40073144C43EA0E23B1F8C9
:10FD000000E02CF0730CA0424CEA0E0C0AD004F573
:10FD10008064A04206D089688280A0F81CC0C163BC
:10FD2000038410BDCC89B1F810E023F4006343EAEA
:10FD300004234C8A4EEA040E8C8822F4405223F4A9
:10FD4000806342EA0E1243EA0423E4E70000014024
:10FD5000038C23F4805310B50384028C4C88B1F8D3
:10FD60000CE08388B0F81CC04EEA040E22F4005266
:10FD70000D4C42EA0E32B1F800E02CF4E64CA04201
:10FD80004CEA0E2C0AD004F58064A04206D08968A3
:10FD90008380A0F81CC00164028410BD0C8A23F487
:10FDA000804343EA8413F2E7000001400023C0E9E6
:10FDB0000233036083800361704700BF038B23F02D
:10FDC00008030B4303837047038B23F4006343EA68
:10FDD00001230383704700BF838B23F008030B4389
:10FDE00083837047838B23F4006343EA0123838377
:10FDF000704700BF0A88B1F802C00B8900B5B1F89E
:10FE000004E0C988DAB9028C22F001020284028B74
:10FE100022F0F3024EEA020242EA0312038C02834A
:10FE200023F00A034CEA030343F001030384038B2A
:10FE300023F00C030383038B0B43038300BD042ACD
:10FE400024D0082A43D0028C22F4805202841B035F
:10FE500043EA0E23B0F81CE0028C22F40052520454
:10FE6000520C42EA0C3240F6FF4C0EEA0C0C4CEA03
:10FE7000030342F4805283830284838B23F4406320
:10FE80008383838B43EA0123838300BD4FEA0E2ED5
:10FE90004EEA033E038C23F010030384028B038C91
:10FEA00023F0A00343EA0C1340F6FF4C02EA0C02D5
:10FEB00043F0100342EA0E0202830384038B23F40F
:10FEC00040630383038B43EA0123038300BD028C59
:10FED00022F480720284828B22F0F3024EEA020244
:10FEE00042EA0312038C828323F4206343EA0C2347
:10FEF00043F480730384838B23F00C038383838B0D
:10FF00000B43838300BD00BF0023012203604260D6
:10FF100003817047406B7047806B7047C06B7047C0
:10FF2000006C7047B0F8443031B16FEA43436FEA78
:10FF30005343A0F844307047C3F30E03A0F8443095
:10FF4000704700BF838912B119438181704723EA4A
:10FF500001038381704700BF038A8289114214BF65
:10FF600001200020194200F0010008BF0020704766
:10FF7000C9430182704700BF014B5861704700BF01
:10FF8000003C014000222DE9F04713460E680C4664
:10FF90000125032704E00133102B02F1020241D0B6
:10FFA00005FA03FC3CEA0601F5D1016807FA02F9FB
:10FFB00021EA0901016094F804E0D0F800A00EFAEB
:10FFC00002F10EF1FF3E41EA0A01BEF1010FC846FF
:10FFD000016016D8816821EA090181606179D0F851
:10FFE00008E0914041EA0E018160416821EA0C017C
:10FFF0004160A179D0F804C0994089B241EA0C016E
:020000040803EF
:100000004160C16821EA0801C16094F807C0C16875
:100010000CFA02FC01334CEA0101102BC16002F121
:100020000202BDD1BDE8F0874FF6FF720023C0E9A0
:10003000002370470369194214BF01200020704754
:100040000183704741837047CB0800EB830001F0C8
:100050000701036A89004FF00F0C0CFA01FC23EA38
:100060000C030362036A8A401A430262704700BFAE
:1000700002683349002322F001024FF0210C88422C
:100080000260036043608360C3600361C0F814C012
:1000900032D02C4B98422AD02B4B984234D02B4B49
:1000A000984236D02A4B98422AD02A4B984235D0D3
:1000B000294B98423AD0294B98423BD0284B984242
:1000C00030D0284B984212D0274B98421CD0274B57
:1000D00098421ED0264B984212D0264B98421DD0F3
:1000E000254B984222D0254B984223D070474FF49D
:1000F000746243F8202C7047214B3D229A60704770
:10010000204A43F8642C70474FF4741243F8382C9B
:1001100070474FF0746243F8502C70471A4A43F806
:100120007C2C70473D2243F8082C7047174A43F84F
:10013000942C70474FF03D5243F8AC2CD6E700BFEB
:100140001060024028600240406002405860024057
:100150007060024088600240A0600240B8600240C7
:100160001064024028640240406402405864024027
:100170007064024088640240A0640240B864024097
:10018000006002403D000020400F002000003D20A4
:1001900010B50B68CC684A69D0F800E0DFF850C0B1
:1001A00023431343D1E9064223431343D1E90842D1
:1001B00023438C6A13434A6B234313438A6B0EEA2F
:1001C0000C0C134343EA0C03CA6A03604369D1F879
:1001D00010E023F0070C0B6B134343EA0C0343615D
:1001E000D1E90123C0F804E08260C36010BD00BF04
:1001F0003F801CF00023C0E90033C0E90233C0E9AE
:100200000433C0E90633C0E90833C0E90A33C0E962
:100210000C338363704700BF036819B143F00103D7
:100220000360704723F0010303607047416070472B
:10023000406880B2704700BF006800F0010070475E
:100240000B060CD543699AB143F0800380294361C2
:100250000DD0036801F01E01194301607047002AA8
:10026000F7D1036801F01E0123EA01030360704720
:1002700023F0800380294361F3D17047064B9842F5
:1002800094BF064A064A21F0F02323F08213890026
:100290004CBFD360936070470F640240006002401F
:1002A00000640240034B40F0BF6040F40030D8606F
:1002B000704700BF00ED00E010B50378C17801225F
:1002C00003F01F0C4FEA531E02FA0CF2D1B1104991
:1002D0004478C9686FEA010CCCF3022C8178CCF128
:1002E0000400C0B204FA00F00F2444FA0CFC01EA46
:1002F0000C01014307480344090183F8001340F847
:100300002E2010BD034B0EF1200E43F82E2010BD01
:1003100000ED00E000E100E010B5028ACB8822F495
:100320004052134386B0038282898B880191044630
:1003300008890343488922F4B05222F00C02034397
:100340001343A381A28A8B8922F440721343A382B0
:1003500002A800F0E7F91C4B01999C4205D003F577
:1003600080639C4201D0049B00E0059BA0890A6841
:1003700001041649A08903EB83034CBF520092008D
:1003800003EB8303B3FBF2F3A1FB03E24FF0640C36
:10039000520900040CFB12330AD41B013233A1FBB7
:1003A0000313C3F3431343EA0212228106B010BDC4
:1003B000DB003233A1FB0313C3F3421343EA0212FF
:1003C000228106B010BD00BF001001401F85EB5117
:1003D00000234FF416514FF44022C0E9001382600D
:1003E00083817047838919B143F400538381704737
:1003F00023F4005383817047C1F308018180704763
:100400008088C0F308007047838A12B11943818243
:10041000704723EA01038382704700BF01F01F0C7D
:10042000C1F342110123012903FA0CF30DD0022973
:100430000CBF103014301AB10268134303607047C8
:10044000026822EA0303036070470C30F3E700BF41
:10045000C1F3421201F01F0C0123012A03FA0CF32D
:1004600013D0022A0CBF028A828A92B21A400388F1
:10047000090A012000FA01F19BB20B40002A18BFC3
:10048000002B14BF012000207047828992B21A40CD
:10049000EDE700BF436891F804C00A6823F0407399
:1004A00023F4807343EA0C2313434360D1E903230D
:1004B00013438A68D0F808C01343094A0CEA0202C1
:1004C00091F805C0134343EA4C0383600A7DC36A75
:1004D000013A23F47003D2B243EA0253C362704775
:1004E000FDF7FFC000230122C0E9023303608380CF
:1004F00003610275704700BF4268036807491343F0
:10050000D1F804C0064A0CEA0202D0E902C0134343
:1005100043EA0C0303434B60704700BF00230140D4
:10052000E030FCFF0023C0E90033C0E9023370472C
:10053000836819B143F001038360704723F001031E
:1005400083607047092910B531D9A1F10A0CC4683C
:100550000CEB4C0C4FF0070E03FA0CF30EFA0CFCEC
:1005600024EA0C0E43EA0E03C360062A0ED8013AB1
:10057000436B02EB82024FF01F0C0CFA02FC23EAE1
:100580000C0301FA02F21A43426310BD0C2A1DD873
:10059000073A036B02EB82024FF01F0C0CFA02FCCD
:1005A00023EA0C0301FA02F21A43026310BD01EBC5
:1005B000410C04694FF0070E0EFA0CFE03FA0CF31F
:1005C00024EA0E0C43EA0C030361CEE70D3AC36A3A
:1005D00002EB82024FF01F0C0CFA02FC23EA0C0320
:1005E00091401943C16210BD836843F0804383602A
:1005F000704700BF836819B143F48073836070470C
:1006000023F4807383607047836819B143F40073E7
:100610008360704723F400738360704708B5174BFD
:10062000984206D0164B98420FD0164B984218D0DD
:1006300008BD01214FF4805000F0FAF8BDE80840F1
:1006400000214FF4805000F0F3B801214FF48040B6
:1006500000F0E2F8BDE8084000214FF4804000F0CF
:10066000DBB801214FF4004000F0D6F8BDE80840A7
:1006700000214FF4004000F0CFB800BF003001402F
:1006800000380040003C0040B1F802C00B888A8866
:1006900043EA0C03B1F806C013430A8900B543EAE4
:1006A0000C03B1F80AE0B1F80CC0134343EA0E039F
:1006B000028843EA0C03B1F80EC002F4415243EA47
:1006C0000C0313430380838B0A8A23F40063838320
:1006D000028200BD00230722036043608360C36081
:1006E00002827047038819B143F0400303807047CA
:1006F00023F0400303807047808980B2704700BFB9
:1007000081817047038819B143F400530380704717
:1007100023F40053038070470389194214BF01205A
:1007200000207047204A936803F00C03042B38D054
:10073000082B1DD01D4B1C4A0360D2F808C01C4971
:10074000CCF3031C11F80CC023FA0CF34360D2F86D
:1007500008C0CCF3822C11F80CC023FA0CFCC0F8B2
:1007600008C09268C2F342328A5CD340C3607047CB
:100770005368516813F4800F536814BF0D4A0B4A35
:10078000C3F3881301F03F01B2FBF1F202FB03F364
:10079000054A5268C2F3014201325200B3FBF2F340
:1007A000C9E7044BC7E700BF003802400024F4004B
:1007B000E082030800127A00044A136B11B103436C
:1007C0001363704723EA0003136370470038024045
:1007D000044A536B11B103435363704723EA000388
:1007E0005363704700380240044A136C11B103434D
:1007F0001364704723EA0003136470470038024013
:10080000044A536C11B103435364704723EA000355
:100810005364704700380240044A136A11B103431D
:100820001362704723EA00031362704700380240E6
:10083000044A536A11B103435362704723EA000329
:1008400053627047003802404309012B0BD0022B42
:10085000094B0CBF1B6F5B6F00F01F0023FA00F009
:1008600000F001007047044B1B6800F01F0023FAE2
:1008700000F000F00100704700380240024A536F58
:1008800043F08073536770470038024012481349A1
:10089000026800608A4219D0002103E0104B5B58C7
:1008A000435004310F48104B42189A42F6D30F4A76
:1008B00002E0002342F8043B0D4B9A42F9D3F2F7D1
:1008C00031FD04F089FBE8F739FFFEE70948D0F86D
:1008D00000D0406800470000FCFF0120EFBEADDE05
:1008E000F088030800000020BC040020C0040020A1
:1008F00034C100200000FF1FFEE7000000F094BCA0
:1009000008B52DED048BB0EE409AF0EE609A00F041
:100910006FFDB0EE408AF0EE608AB0EE490AF0EE6C
:10092000690A00F015FB78B119A3D3E9002351EC53
:10093000190BD7F7B1FF70B917A3D3E9002351EC16
:10094000190BD7F78BFF98B9B0EE480AF0EE680A9A
:10095000BDEC048B08BD9FED0A8B04F037FBB0EEB5
:10096000480AF0EE680ABDEC048B2223036008BD40
:1009700004F02CFB22239FED048B0360E4E700BF0F
:10098000000000000000F07F0000000000000000F8
:10099000EF39FAFE422E864051302DD5104987C0DE
:1009A00038B52DED028B55EC104B00F0F5FE2246CC
:1009B0002B4620462946B0EE408AF0EE608AD7F7F3
:1009C00075FFB8B90022002320462946D7F764FFF7
:1009D00080B90022002320462946D7F735FF80B191
:1009E00004F0F4FA9FED0E7B22230360B0EE478AF9
:1009F000F0EE678AB0EE480AF0EE680ABDEC028BB2
:100A000038BD04F0E3FABDEC028B034621221A60E4
:100A10000548BDE8384000F0A7BA00BFAFF300803A
:100A2000000000000000F0FF0C5A03080000000066
:100A300038B52DED048BB0EE409AF0EE609A55EC8F
:100A4000114B01F0ADF822462B4620462946B0EE68
:100A5000408AF0EE608AD7F729FF78B951EC190B7C
:100A600000220023D7F7F0FEF0B100220023204639
:100A70002946D7F7E9FE40B19FED2B8BB0EE480A2F
:100A8000F0EE680ABDEC048B38BD45EC104B00F06D
:100A90005FFA0028F2D00022002320462946D7F72B
:100AA000DDFE0028EAD032E0B0EE480AF0EE680A37
:100AB00000F04EFAB0B151EC180B00220023D7F72A
:100AC000C3FE0028DAD0B0EE490AF0EE690A00F061
:100AD0003FFA0028D2D045EC104B00F039FA00283C
:100AE000CCD014E0B0EE490AF0EE690A00F030FA1A
:100AF0000028E0D045EC104B00F02AFA0028DAD0AC
:100B000053EC182B51EC180BD7F7D0FE20B904F09A
:100B10005DFA22230360B1E704F058FA2123036051
:100B2000ACE700BFAFF30080000000000000F03F22
:100B300038B52DED028B55EC104B00F02DFA224606
:100B40002B4620462946B0EE408AF0EE608AD7F761
:100B5000ADFE30B90022002320462946D7F77EFE9D
:100B600030B9B0EE480AF0EE680ABDEC028B38BD31
:100B700004F02CFA002200232121016010461946BE
:100B8000D7F724FD41EC180BB0EE480AF0EE680AE6
:100B9000BDEC028B38BD00BF08B52DED028BB0EE69
:100BA000408A02F09FF9B4EE488AF1EE10FAF0EEB6
:100BB000408A0AD6B0EE480A00F060F9F7EE007AF3
:100BC000B4EEE70AF1EE10FA04DCB0EE680ABDEC10
:100BD000028B08BD04F0FAF9BDEC028B034621221A
:100BE0001A600248BDE8084000F0D0B90C5A03086A
:100BF00002F082BA08B52DED028BF0EE408A02F0C9
:100C00001DFBB0EE408AB0EE680A00F0B5F968B19D
:100C1000DFED127AF4EEE78AF1EE10FA0BDCDFED8D
:100C2000107AF4EEE78AF1EE10FA0FD4B0EE480A2B
:100C3000BDEC028B08BD9FED0B8A04F0C7F9B0EE46
:100C4000480ABDEC028B2223036008BD04F0BEF904
:100C500022239FED058A0360E8E700BF1772B142C7
:100C6000B5F1CFC20000807F0000000008B52DED77
:100C7000028BB0EE408A02F0D5FBB4EE488AF1EE6A
:100C800010FA0FD6B5EEC08AF1EE10FA0ADCB5EE16
:100C9000408AF1EE10FA08D104F098F922239FED72
:100CA000090A0360BDEC028B08BD04F08FF9BDECAE
:100CB000028B034621221A600348BDE8084000F079
:100CC00065B900BF000080FF0C5A030800B52DED88
:100CD000028B83B0B0EE608AF0EE408A02F09CFC9A
:100CE000B4EE488AF1EE10FAF0EE407A0BD6F5EE4B
:100CF000408AF1EE10FA1CD1B5EE408AF1EE10FAFE
:100D000007D1F7EE007AB0EE670A03B0BDEC028BB4
:100D100000BD8DED010AB0EE480A00F02DF9DDEDC1
:100D2000017A0028EFD0B5EEC08AF1EE10FAEAD5CC
:100D300036E08DED010A00F01FF9DDED017AB8B162
:100D4000F5EE407AF1EE10FADDD1B0EE680ACDEDA5
:100D5000017A00F011F9DDED017A0028D3D0B0EE70
:100D6000480A00F009F9DDED017A0028CBD017E040
:100D7000B0EE680A00F000F9DDED017A0028DFD05E
:100D8000B0EE480A00F0F8F8DDED017A0028D7D07F
:100D9000F4EE677AF1EE10FA78BFCDED017A06D65F
:100DA00004F014F92223DDED017A0360ABE704F0CF
:100DB0000DF92123DDED017A0360A4E700B52DEDE7
:100DC000028BB0EE408A83B000F0DEF9B4EE488AC0
:100DD000F1EE10FA06D6DFED0C7AB4EEE78AF1EE0A
:100DE00010FA03D403B0BDEC028B00BDCDED017A47
:100DF00004F0ECF8DDED017A87EEA70A2123036009
:100E000003B0BDEC028B00BD0000000010EE103AF4
:100E1000184A23F00043934219D9B3F1FF4F02D38C
:100E200030EE400A704700B583B0684602F07EFF9E
:100E300000F0030001289DED000ADDED010A0FD04E
:100E4000022808D088B901F0A9FE03B000BDDFED8B
:100E50000A0A01F0A3BE01F0A1FEB1EE400AF4E7D8
:100E600001F01EFFB1EE400AEFE7012001F018FF8C
:100E7000EBE700BFD80F493F0000000010EE103A2A
:100E800023F0004300EE103A704700BF10EE103A16
:100E9000194A23F0004393421AD9B3F1FF4F02D30A
:100EA00030EE400A704700B583B0684602F03EFF5E
:100EB00000F0030001289DED000ADDED010A12D0CB
:100EC00002280AD090B9012001F0EAFE03B000BD6B
:100ED000DFED0A0A002001F0E3BE012001F0E0FE90
:100EE000B1EE400AF2E701F059FEEFE701F056FEDD
:100EF000B1EE400AEAE700BFD80F493F000000000A
:100F000010EE103A104A23F00043934217D9B3F180
:100F1000FF4F02D330EE400A704700B583B06846F9
:100F200002F004FF400000F00200DDED010A9DED3B
:100F3000000AC0F1010001F0FBFE03B000BDDFEDCF
:100F4000030A012001F0F4BEDA0F493F000000005F
:100F500082B08DED000B019840F0004000F580104C
:100F6000C00F02B0704700BF9FED010B704700BF7C
:100F7000000000000000F87F10EE103A23F000405F
:100F8000B0F1FF4F2CBF0020012070479FED010AF8
:100F9000704700BF0000C07F2DE9F84F55EC104BA3
:100FA000764BAB4300F0AF80002D29462A462346FE
:100FB00055DD2C1562D0C2F31302E007A4F2FF3115
:100FC00042F4801203D4520002EBD3725B00520051
:100FD00000264FEA610902EBD37216245B00B44687
:100FE0004FF400110CEB010090424FEAD3754FEA29
:100FF000430303DC00EB010C121A0E44013C05EB29
:1010000042024FEA5101EDD1274620254FF0004022
:101010000AE042D0510001EBD371013D0A464FEA8C
:1010200043034FEA500044D0624500EB070EF0DD69
:10103000BEF1000F0EEB00070CDBE046A2EB0C014B
:101040009E4588BF01F1FF314900C446A3EB0E0362
:101050000444E0E7002FF0DB0CF10108EEE725F097
:101060000040204347D0002D74D1D90A153A5B05C2
:101070000029FAD0CE0214467CD40A460021520040
:10108000D502084601F10101F9D5C1F1200523FA85
:1010900005F52A438B40241A8DE79E4502D94FEA75
:1010A0004C01B8E7BEF1000F0EEB000725DB002175
:1010B000CCE7194313D0324FDFF8C880D7E90001DD
:1010C000D8E9002397ED007B5BEC17ABD6F79CFFCC
:1010D00002460B4650465946D7F7CAFB08BB65087F
:1010E000711001F17F5101F5001101EB095345EA3F
:1010F000C67243EC102BBDE8F88F002FD7DB0CF144
:10110000010C0021A2E722462B4620462946D7F7AC
:1011100033F922462B46D6F779FF41EC100BBDE898
:10112000F88FB4F1FF3FD7E90001D8E900231DD0C3
:10113000D6F76CFFD7E9007802460B4638464146A1
:10114000D7F78CFBA0B1A31C04F1020508BF013640
:101150006D08C5E722462B462046D6F755FF0246C6
:101160000B46D7F733FA41EC100BC4E70136B7E76B
:101170000134B4E74FF0FF300A468CE70000F07FFF
:10118000F8820308F0820308B1EEC00A704700BF7E
:1011900010EE101AC1F3C7527F3A162A21F000430D
:1011A0001BDC002A1FDB1B481041014224D0DFED6D
:1011B0001A7A70EE277AF5EEC07AF1EE10FA1BDD9E
:1011C0004FF4000313410B4413EA210338BF0B46CD
:1011D00023EA000300EE103A7047B3F1FF4F0BD340
:1011E00030EE000A7047DFED0C7A70EE277AF5EEEC
:1011F000C07AF1EE10FA00DC7047002902DB9FEDA7
:10120000070A704713B99FED060A7047BFEE000A40
:10121000F2E700BFFFFF7F00CAF249710000000043
:1012200000000080000000002DE9F04B5CEC11BBD9
:10123000CBF10003DFF8B0E143EA0B032CF00045EB
:1012400051EC100B45EAD37373450746884644D8E2
:101250007B4206463B43084621F0004141EAD373F6
:1012600073453AD80CF1404303F5801353EA0B035E
:10127000644643D0A31703F0020343EAD8730E4336
:10128000994634D05BEA05023CD075454BD0714598
:1012900038D04B1BB3F1747F4FEA235240DA002C55
:1012A0004DDA3C324BDA9FED400BB9F1010F64D0BF
:1012B000B9F1020F50D0B9F1000F16D051EC100B5C
:1012C00043A3D3E90023D6F79FFE3DA3D3E9002330
:1012D000D6F79AFE41EC100B07E03A4643465846D3
:1012E0006146D6F793FE41EC100BBDE8F08B022B64
:1012F00010D0032B0BD048EC107BF6E7BDE8F04B89
:1013000001F09EBA002808DB9FED290BEDE79FED69
:101310002A0BEAE79FED2A0BE7E79FED2B0BE4E7AB
:101320009FED230BC1E7A94203F1FF332ED0022B1F
:1013300034D82B4A02EBC30393ED000BD5E75A4692
:10134000634638464146D7F741F941EC100B01F0AE
:101350001BFC01F075FAA8E71DA3D3E9002351ECAB
:10136000100BD6F751FE02460B4615A1D1E900013C
:10137000D6F74AFE41EC100BB7E710EE901A53EC8B
:10138000102B01F1004343EC102BAEE7022B08D8E1
:10139000144A02EBC30393ED000BA6E79FED020B8B
:1013A000A3E79FED0D0BA0E7000000000000000088
:1013B000182D4454FB21F93F182D4454FB2109C03A
:1013C000182D4454FB210940182D4454FB21F9BF2A
:1013D000075C143326A6A13C182D4454FB21E93F99
:1013E00000830308188303080000F07F000000005A
:1013F0002DE9F04755EC104BD34925F000428A42C5
:1014000086B04FEAD5760CD9D0498A4270D9C5F357
:101410001303234340F05481002E66D09FEDB20B9E
:1014200063E0CB4B9A4200F21A81CA4B9A4240F2D7
:10143000308122462B4620462946D6F79DFFACA395
:10144000D3E9002306460F46D6F796FFAAA3D3E9B1
:101450000023D6F7D9FD32463B46D6F78DFFA8A329
:10146000D3E90023D6F7D2FD32463B46D6F784FFB8
:10147000A5A3D3E90023D6F7C7FD32463B46D6F7EE
:101480007BFFA3A3D3E90023D6F7C0FD32463B463A
:10149000D6F772FF02460B4620462946D6F7B4FD22
:1014A000CDE90201DDE90289204642464B46294644
:1014B000D6F762FF002206460F464FF080434046B3
:1014C0004946D6F7A1FD02460B4630463946D7F7C6
:1014D0007DF822462B46D6F797FD02460B460020A4
:1014E0009D49D6F791FD41EC100B06B0BDE8F087A1
:1014F00089A3D3E9002320462946D7F7CDF907462B
:10150000002840F0E88086A3D3E90023204629463E
:10151000D7F7A4F9002840F03781904B204603EB21
:10152000C606294680A3D3E90023D6F725FFD6E9CE
:101530000023D6F76BFDD7F7CFF90646D6F7B2FEF4
:101540007BA3D3E9002307468846D6F715FF02465A
:101550000B4620462946D6F757FD02460B4638462D
:10156000414691469A4674A3D3E90023D6F704FF77
:10157000CDE90001DDE9002348465146D6F744FD98
:1015800002460B4604460D46D6F7F6FE58A3D3E9AD
:10159000002307468846D6F7EFFE57A3D3E900237A
:1015A000D6F732FD3A464346D6F7E6FE54A3D3E9D2
:1015B0000023D6F72BFD3A464346D6F7DDFE52A36D
:1015C000D3E90023D6F720FD3A464346D6F7D4FEAA
:1015D0004FA3D3E90023D6F719FD3A464346D6F781
:1015E000CBFE02460B4620462946D6F70DFD0746A0
:1015F0008846204629463A464346CDE90278D6F742
:10160000BBFECDE90401002E3FF44CAF3A46434601
:1016100000204FF08041D6F7F7FC02460B46DDE98B
:101620000401D6F7D3FF02460B46DDE90001D6F7E9
:10163000EBFC4A465346D6F7E7FC0B4602464649C2
:101640000020D6F7E1FC6FF47F739E42C0F28E80DB
:1016500001EB065141EC100B06B0BDE8F087404BA2
:101660009A423FF65AAF3F4B03EBC603D3E9002340
:1016700020462946D6F7C8FC3B4B03EBC60393ED47
:10168000007B86F001038DED007B81468A469E1B20
:1016900070E72BA3D3E9002320462946D6F7B6FCF2
:1016A0002D4B0022D7F7F8F800283FF4C2AE2A4BA2
:1016B000002220462946D6F7A9FC41EC100B14E77E
:1016C00022462B4620462946D6F7A0FC41EC100BBB
:1016D00006B0BDE8F087002006B0BDE8F04702F094
:1016E000FBBD00BFAFF30080000000000000000061
:1016F000D0A4BE726937663EF16BD2C541BDBB3E18
:101700002CDE25AF6A56113F93BDBE166CC1663FF5
:101710003E5555555555C53FEF39FAFE422E864088
:1017200051302DD5104987C0FE822B654715F73FF4
:101730000000E0FE422EE63F763C7935EF39EA3D87
:101740009C7500883CE4377E412E8640FFFFEF7F8A
:10175000422ED63FFFFFEF3D0000F03F50830308CD
:10176000B1A2F03F408303083083030806F57A7383
:1017700001EB035100224FF0B873D6F7FDFD41ECA9
:10178000100B06B0BDE8F087384606B0BDE8F0475C
:1017900002F09ABD000000002DE9F04F51EC100B53
:1017A000B1F5801F87B00C4680F2838021F00043A2
:1017B000034300F029810029C0F2BC81D84B0022EC
:1017C000D6F7DAFDD74B0C469C426FF0350C75DC32
:1017D0002215C4F3130404F51523A2F2FF3203F615
:1017E0006473624403F4801302EB135583F07F5358
:1017F00083F4401343EA04010022CB4B0195D6F752
:1018000003FCA31CC3F31303022B82468B464FF049
:1018100000025CDC0023D7F717F8002840F0FF80B7
:10182000ABA3D3E9002350465946D6F7A5FD02469F
:101830000B460020BD49D6F7E7FB524606460F4649
:101840005B4650465946D6F797FD0B460246394649
:101850003046D6F791FD019B54465D468046894649
:10186000E3B10198D6F71EFD9BA3D3E900230646FA
:101870000F46D6F781FD9AA3D3E9002304460D460F
:1018800030463946D6F778FD02460B464046494673
:10189000D6F7BAFB52465B46D6F7B6FB02460B4676
:1018A00020462946D6F7B0FB41EC100B07B0BDE847
:1018B000F08F9C4B9C424FF0000C89DD02460B469A
:1018C000D6F7A4FB41EC100B07B0BDE8F08F4FF04A
:1018D0008043D6F79BFB02460B4650465946D6F747
:1018E00075FE804601988946D6F7DCFC4246CDE974
:1018F00004014B4640464946D6F73EFD06460F4694
:1019000002460B46CDE90267D6F736FD76A3D3E94A
:10191000002306460F46D6F72FFD75A3D3E9002313
:10192000D6F774FB32463B46D6F726FD72A3D3E9C1
:101930000023D6F76BFB32463B46D6F71DFD70A35E
:10194000D3E90023D6F762FBDDE90223D6F714FDC5
:101950006DA3D3E90023CDE9020130463946D6F71D
:101960000BFD6BA3D3E90023D6F750FB32463B4671
:10197000D6F702FD68A3D3E90023D6F747FB32462A
:101980003B46D6F7F9FCA4F5C22502460B46C4F542
:10199000D724DDE90201D6F739FBA5F27A455134A7
:1019A0002C43002C06460F4602460B4656DD5F4B85
:1019B000002250465946D6F7DFFC52465B46D6F722
:1019C000DBFC02460B4604460D4630463946CDE95F
:1019D0000245D6F71BFB4B464246D6F7CDFC019B92
:1019E00080468946002B40F0B0800B4602462946CF
:1019F0002046D6F709FB02460B4650465946D6F715
:101A000003FB41EC100B5FE7002200234849002054
:101A1000D6F7DCFD41EC100B07B0BDE8F08F002DD0
:101A200000F0AE802846D6F73DFC2BA3D3E9002377
:101A300006460F46D6F7A0FC29A3D3E900230446A7
:101A40000D4630463946D6F797FC02460B462046EF
:101A50002946D6F7DBFA41EC100B35E750465946DC
:101A6000D6F7D2FA4B464246D6F786FC019B54463F
:101A70005D4680468946002B3FF410AFDDE9044502
:101A800015A3D3E9002320462946D6F775FC14A3F5
:101A9000D3E9002306460F4620462946D6F76CFCBC
:101AA00002460B4640464946D6F7AEFA52465B46DA
:101AB000D6F7AAFA02460B4630463946D6F7A4FABC
:101AC00041EC100B07B0BDE8F08F00BFAFF3008012
:101AD000555555555555D53F0000E0FE422EE63F81
:101AE000763C7935EF39EA3D44523EDF12F1C23F90
:101AF000DE03CB966446C73F599322942449D23FD4
:101B0000935555555555E53F9FC678D0099AC33F23
:101B1000AF788E1DC571CC3F04FA97999999D93F3A
:101B200000005043FFFFEF7F0000F03F0000E03F68
:101B3000000050C302460B46D6F766FA0022002387
:101B4000D6F744FD41EC100BBEE6DDE9044510A3D9
:101B5000D3E9002320462946D6F70EFC0EA3D3E98D
:101B6000002306460F4620462946D6F705FC424686
:101B70004B46D6F74BFA02460B46DDE9020193E7E6
:101B80009FED010BA0E600BF000000000000000078
:101B90000000E0FE422EE63F763C7935EF39EA3D23
:101BA0002DE9F04F59EC118B29F0004358EA03005E
:101BB00055EC104B93B012D123196B4985F40022D8
:101BC00052419842914122D242464B4620462946F4
:101BD000D6F71CFA41EC100B13B0BDE8F08F634947
:101BE00025F0004088422F468346A24614D907F1CB
:101BF000404303F5801353EA0A03E5D142469218A5
:101C0000594889F40021494193428841DCD39FED32
:101C1000540B13B0BDE8F08F4E46424612D08B42B3
:101C2000E5D8014653D0002F14DB002A40F0848011
:101C30004F48834240F05684002EC0F2158545EC93
:101C4000104BC9E7002CBFD18342BDD800F05A84A5
:101C50000146E8E74748834200F2A48346488342AE
:101C600000F2A683002A40F0F183B6F1804F00F025
:101C70000885009245EC104B0493029100F084FF1C
:101C80000299049BBAF1000F33D00098FA0F013A81
:101C9000104361D000980138104300F07E839FED1F
:101CA000307B8DED067BB3F1844F69D9334A934283
:101CB000314B40F23A849B4500F20B85002EC0F276
:101CC0000B85002013B0BDE8F04F02F0FDBA002AEA
:101CD0008DD100F1404303F58013234397D0264B69
:101CE0009B4540F29984002EC0F21F8549EC108B71
:101CF00072E71F4A27F04040904202D0BBF1000F2C
:101D0000C3D1002EC0F27E84002FBFF665AF009ACB
:101D10000BF1404303F58013134340F0BC8453ECB4
:101D2000102B10461946D6F76FF902460B46D6F728
:101D30004DFC41EC100B4FE70022009245EC104B9C
:101D40000493029100F020FF0299049BBAF1000F66
:101D5000CFD0FA0F013A9DE722462B46E1E700BFBC
:101D6000000000000000F03F0000F0FF0000F07FE6
:101D70000000F03FFFFF3F43FFFFEF3F0000F04355
:101D8000CD4B3B40002253B951EC100BCB4BD6F757
:101D9000F3FA41EC100B10EE901A6FF034020B15B1
:101DA000A3F2FF339E18C64BC1F3130141F07F54D9
:101DB000994244F4401440F3AA83C24B994240F341
:101DC00078849FEDA77B8DED0E7B9FEDA77B8DED3E
:101DD000047B9FEDA37B8DED107B0136A4F5801471
:101DE000002553EC102B92465046DDE90423214692
:101DF000D6F70AF9A346DDE90423CDE90A015046E6
:101E00002146CDE908ABD6F701F902460B46002082
:101E1000AD49D6F7DBFB0A460146CDE90C12134665
:101E20000246DDE90A01D6F7A7FA0A460146CDE9DE
:101E30000012DDE900BC0021CDE902BC02919DED5C
:101E4000027B63105CEC17BB43F0005303F50023E7
:101E5000DA460020591904460D4602460B46504604
:101E60006146E346D6F788FA02460B46DDE90A01E9
:101E7000D6F7CAF8DDE90423CDE90A012046294650
:101E8000D6F7C2F802460B46DDE90801D6F7BCF8E2
:101E900052465B46D6F770FA02460B46DDE90A0168
:101EA000D6F7B2F8DDE90C23D6F766FADDE900458E
:101EB000CDE9040122462B4620462946D6F75CFA96
:101EC0006BA3D3E9002304460D46D6F755FA6AA35F
:101ED000D3E90023D6F79AF822462B46D6F74CFAD8
:101EE00067A3D3E90023D6F791F822462B46D6F70D
:101EF00043FA65A3D3E90023D6F788F822462B4698
:101F0000D6F73AFA62A3D3E90023D6F77FF8224640
:101F10002B46D6F731FA60A3D3E90023D6F776F83B
:101F20002246CDE908012B4620462946D6F724FA59
:101F300002460B46DDE90801D6F71EFA5246044672
:101F40000D465B46DDE90001D6F760F8DDE90423C4
:101F5000D6F712FA22462B46D6F758F852460446D0
:101F60000D465B4650465946D6F706FA574B0022B7
:101F7000CDE90A01D6F74AF822462B46CDE90845B5
:101F8000D6F744F800240D4622462B4650465946C3
:101F9000D6F7F2F94D4B82468B4600222046294661
:101FA000D6F732F8DDE90A23D6F72EF802460B46BB
:101FB000DDE90801D6F728F8DDE90023D6F7DCF9DA
:101FC00022462B46CDE90001DDE90401D6F7D4F91C
:101FD00002460B46DDE90001D6F718F8CDE9040109
:101FE00002460B4650465946CDE900ABD6F70EF8EF
:101FF000DDE902AB2AA3D3E9002350460D46D6F70C
:10200000BBF9DDE90023CDE9020129465046D5F7A9
:10201000FBFF02460B46DDE90401D5F7F5FF22A3DD
:10202000D3E90023D6F7A8F921A3D3E90023CDE90A
:10203000000129465046D6F79FF902460B46DDE9D6
:102040000001D5F7E3FFDDE91023D5F7DFFFCDE988
:1020500000013046D6F726F93AE000BFAFF3008022
:102060000000000000000000000000000000F03F41
:10207000EF4E454A287ECA3F65DBC9934A86CD3F6D
:1020800001411DA96074D13F4D268F515555D53F53
:10209000FFAB6FDBB66DDB3F033333333333E33FEB
:1020A000000000E009C7EE3FFD033ADC09C7EE3F40
:1020B000F5015B14E02F3EBE0000F07F00004043BE
:1020C0008E98030079B60B000000F03F0000084036
:1020D000DDE9002304460D46DDE90201D5F796FF50
:1020E000DDE90E6732463B46D5F790FF22462B4688
:1020F000D5F78CFF22462B4650468B46D5F784FFFA
:1021000032463B46D5F780FFDDE90223D5F77CFF59
:1021100002460B46DDE90001D5F776FFCDE9020165
:102120000023CDE900890093DDE9004540462246C1
:102130002B464946D5F768FF52465B46D6F71CF951
:102140005646424682464B465F468B46DDE90201D3
:10215000D6F712F902460B4650465946D5F756FFB8
:10216000224682468B462B4630463946CDE902ABA5
:10217000D6F702F9804689464B46504659464246B4
:10218000D5F744FFD24B994204460D460E4640F324
:102190003D8101F13F4303F5E003034340F0AA8290
:1021A000B7A3D3E90023DDE90201D5F72FFF4246AB
:1021B00082468B464B4620462946D5F725FF0246E8
:1021C0000B4650465946D6F767FB002840F09282EE
:1021D0004FF400733344C3F30A52BE4CA2F2FF32F1
:1021E000C3F31301144141F48011C2F1140241FA06
:1021F00002F5002E04EA03010B464FF00000B8BFC1
:10220000694204950246B8BF049140464946D5F755
:10221000FBFE049B1B05009302460B468046894645
:10222000DDE90201D5F7F2FE0D46002496A3D3E9BD
:10223000002320462946D6F79FF8424606460F4619
:102240004B4620462946D5F7DFFE02460B46DDE920
:102250000201D5F7D9FE8EA3D3E90023D6F78CF877
:102260008DA3D3E900238046894620462946D6F728
:1022700083F802460B4640464946D5F7C7FE8046DE
:10228000894602460B4630463946D5F7BFFE3246F0
:102290003B4604460D46D5F7B7FE02460B46404680
:1022A0004946D5F7B1FE224606460F462B46204644
:1022B0002946D6F761F87AA3D3E9002380468946F8
:1022C000D6F75AF878A3D3E90023D5F79DFE424606
:1022D0004B46D6F751F876A3D3E90023D5F796FEFF
:1022E00042464B46D6F748F873A3D3E90023D5F707
:1022F0008BFE42464B46D6F73FF871A3D3E9002345
:10230000D5F784FE42464B46D6F736F802460B46D2
:1023100020462946D5F778FE8046894602460B4678
:1023200020462946D6F728F8002282468B464046AA
:1023300049464FF08043D5F767FE02460B465046AC
:102340005946D6F743F93246804689463B462046F1
:102350002946D6F711F832463B46D5F757FE0246D6
:102360000B4640464946D5F74FFE22462B46D5F749
:102370004BFE02460B4600205749D5F745FE009A12
:102380008B18B3F5801FC0F2AD811946DDE9062335
:10239000D5F7F2FF41EC100B1EE49FED4B7B8DED6A
:1023A000067B80E4002A00F0BC8102220092C5E492
:1023B0001815A0F2FF30142840F33B81C0F134001F
:1023C00022FA00FC0CFA00F0904200F0B281002AE0
:1023D0003CD1B6F1804F00F0548145EC104B009198
:1023E000029300F0D1FBBAF1000F7FF4B5AC3A4A8A
:1023F00027F04040904200F0DF815A460099029B4E
:10240000002A00F0D381002200923EE4DFF8D0C021
:1024100021F00043634540F21E81304BCB1803434B
:102420000AD142464B46D5F7EFFDDDE90223D6F748
:1024300029FA00283FF4CCAEDDE906010022002392
:10244000D6F70CFA003818BF01203BE445EC104BDE
:102450000293009100F098FBBAF1000F7FF47CAC7E
:102460001D4A27F04040904200F078810099029B7D
:10247000BBF1000F00F0C180CDF800A005E400BF63
:10248000FE822B654715973C00000000432EE63F77
:10249000EF39FAFE422EE63F396CA80C615C20BE93
:1024A000D0A4BE726937663EF16BD2C541BDBB3E5A
:1024B0002CDE25AF6A56113F93BDBE166CC1663F38
:1024C0003E5555555555C53F000000000000F0BF72
:1024D000FFFF8F400000F0FF0000F03F00346F3F2F
:1024E000FFCB9040B6F1804F00F0CB80A0F580107C
:1024F00086427FF4BEAB45EC104B13B0BDE8F04F05
:10250000FEF74ABD002A7FF45FABFFF7E8BB9FED03
:10251000B67B8DED0E7B9FEDB67B8DED047B9DED47
:102520000E7B00258DED107B5BE49B45C0F0EC80BD
:10253000BF4B9B454FF0000200F2048151EC100BA1
:10254000BB4BD5F761FDACA3D3E9002304460D4690
:10255000D5F712FFAAA3D3E9002306460F4620466B
:102560002946D5F709FFB34BCDE9000100222046EB
:102570002946D5F701FF02460B46A3A1D1E9000188
:10258000D5F742FD22462B46D5F7F6FE02460B460E
:102590000020A949D5F738FD224682468B462B46B6
:1025A00020462946D5F7E8FE02460B4650465946D6
:1025B000D5F7E2FE96A3D3E90023D5F7DDFE024668
:1025C0000B46DDE90001D5F71FFD02460B46044628
:1025D0000D4630463946D5F719FD002032463B46B8
:1025E00082468B46D5F710FD02460B46204629460B
:1025F000D5F70AFDCDE9020192E55E45CDF800B0C0
:10260000BFF685AB53EC102B89490020D5F7DEFFD0
:1026100041EC100BFFF778BB002E9FED730BBFF65C
:10262000DBAA09F1004300EE108A00EE903AFFF7B2
:10263000D3BA002A7FF40AAFC0F1140043FA00FCB9
:102640000CFA00F0984200F08F80794883423FF402
:10265000F3AAFFF70ABB784A934200F29380DDE9C0
:10266000001200910491E0E57149002022462B46BA
:10267000D5F7ACFF41EC100BFFF7AEBAB6F1804FC7
:102680004FD122462B4620462946D5F775FE41EC10
:10269000100BFFF7A1BA009B012B7FF49DAA10EE4F
:1026A000901A10EE102A01F1004343EC102BFFF7B3
:1026B00093BA9FED597B8DED0E7B9FED597B8DED90
:1026C000107B9FED597B4FF480258DED047BFFF748
:1026D00088BB002E7FF7F5AA002013B0BDE8F04FAD
:1026E00001F0FABD41EC100B049801F031FD51EC02
:1026F000100B4BE6DDE9060100220023D6F7AEF809
:10270000003818BF0120E8E7DDE9060100220023B8
:10271000D6F7A4F8003818BF0120002EBFF6D2AAC1
:10272000DBE702220092FFF7A5BA9FED2F0BFFF720
:1027300053BA002AA2D00CF0010CCCF10202009294
:10274000FFF7FCBADDE906010023D6F787F8003869
:1027500018BF0120002EC0DCFFF7B4BA002E19DB31
:10276000CDF800A0FFF7D3BA314A93423FF464AAF0
:10277000B6F1804F85D00CF0010CCCF10202009232
:10278000FFF778BA1B15A3F2FE334FF4801242FA1A
:1027900003F31FE553EC102B25490020D5F716FF56
:1027A000CDF800A041EC100BFFF7B1BA5E4509DB94
:1027B000CDF800B0FFF7ABBA002E06DB0023009384
:1027C000FFF7A5BA002300931CE753EC102B184920
:1027D0000020D5F7FBFE002341EC100B0093FFF720
:1027E00096BA00BFAFF300800000000000000000B8
:1027F000000000000000F03F000000604715F73FB8
:1028000044DF5DF80BAE543E555555555555D53FF3
:10281000FE822B654715F73F0000004003B8E23FFA
:1028200006D0CF43EBFD4C3E000000000000F83F17
:102830000000F03F0000D03F0000E03F000000003B
:102840002DE9F84F55EC104BC54B25F000469E4244
:10285000A8460DD9C34B9E4200F2B68000F0B1806D
:10286000B8F1000F40F3F4809FEDA10BBDE8F88FA5
:10287000BD4B9E4200F2C380A3F1DE739E4240F244
:10288000AD804FF0FF3B22462B4620462946D5F728
:1028900073FD02460B4681468A46D5F76DFD96A329
:1028A000D3E9002306460F46D5F766FD94A3D3E986
:1028B0000023D5F7ABFB32463B46D5F75DFD92A32F
:1028C000D3E90023D5F7A2FB32463B46D5F754FDAA
:1028D0008FA3D3E90023D5F799FB32463B46D5F7C2
:1028E0004BFD8DA3D3E90023D5F790FB32463B4641
:1028F000D5F742FD8AA3D3E90023D5F787FB4A46E3
:102900005346D5F739FD88A3D3E9002381468A468B
:1029100030463946D5F730FD85A3D3E90023D5F7F6
:1029200073FB32463B46D5F727FD83A3D3E900234B
:10293000D5F76AFB32463B46D5F71EFD80A3D3E9A7
:102940000023D5F761FB32463B46D5F715FD7EA344
:10295000D3E90023D5F758FB32463B46D5F70CFDAB
:1029600002460B4648465146D5F750FB22462B46B9
:10297000D5F702FDBBF1FF3F02460B466CD07B4B07
:102980007B4E03EBCB03D3E90023D5F73DFB224677
:102990002B46D5F739FB06EBCB0602460B46D6E9AC
:1029A0000001D5F731FBB8F1000F41EC100B13DA41
:1029B00010EE901A024601F1004343EC102BBDE8E3
:1029C000F88F002C3FF44CAF22462B462046294678
:1029D000D5F71CFB41EC100BBDE8F88F5CA3D3E9E5
:1029E000002320462946D5F711FB624B0022D5F77C
:1029F00053FF00283FF445AF45EC104BECE700F0E7
:102A0000C3F85D4B9E4255EC104B2DD8A3F55023D7
:102A10009E4254D822462B4620462946D5F7F6FA40
:102A2000544B0022D5F7F0FA002206460F46204606
:102A300029464FF08043D5F7E9FA02460B46304667
:102A40003946D5F7C3FD4FF0000B04460D461AE793
:102A50009FED410BBDE8F88F20462946D5F7D4FA03
:102A600041EC100BBDE8F88F444B9E421CD2444B06
:102A7000002220462946D5F7C7FA414B06460F46A5
:102A8000204629460022D5F777FC3A4B0022D5F79D
:102A9000BDFA02460B4630463946D5F797FD4FF052
:102AA000020B04460D46EEE622462B463549002031
:102AB000D5F78CFD4FF0030B04460D46E3E62D4B96
:102AC000002220462946D5F79FFA2A4B06460F4694
:102AD000204629460022D5F799FA02460B46304691
:102AE0003946D5F773FD4FF0010B04460D46CAE693
:102AF000182D4454FB21F93F11DA22E33AAD903FFF
:102B0000EB0D76244B7BA93F513DD0A0660DB13F24
:102B10006E204CC5CD45B73FFF8300922449C23F8C
:102B20000D5555555555D53F2F6C6A2C44B4A2BF51
:102B30009AFDDE522DDEAD3F6D9A74AFF2B0B33F19
:102B4000711623FEC671BC3FC4EB98999999C93F91
:102B50009C7500883CE4377E182D4454FB21F9BF56
:102B6000FFFF0F440000F07FFFFFDB3F608303089F
:102B7000808303080000F03FFFFFF23F0080034026
:102B80000000F83F0000F0BF10EE901A53EC102B3D
:102B900021F0004343EC102B704700BF10EE103AB9
:102BA00023F00043B3F1485F2CD2FDEEC07A17EE5C
:102BB000903A002B60D060EE007A9FED317A9FED65
:102BC000315ADFED315A9FED316ADFED316AA7EE00
:102BD000875A9FED307AE7EE855AA7EEA56AA7EEF1
:102BE000867AE7EE876A66EEA76A60EEC00AB6EEFE
:102BF000007AE7EEA60AB7EE000AD7EE870A30EEB3
:102C0000600A704760EE007A9FED1D7A9FED1D5AB5
:102C1000DFED1D5A9FED1D6ADFED1D6A1E4AA7EE0E
:102C2000875A93429FED1B7AE5EE275AA5EEA76AD5
:102C3000A6EE277AE7EE276A66EEA76AD5D9174A85
:102C4000934214D803F17F4307EE103AB7EE006ABF
:102C500036EE476A60EEC00AF6EE005A97EEA57AA5
:102C6000E7EEA60A37EE607A36EE470A7047B6EE10
:102C7000076AB5EE027AEDE7B7EE000A704700BFCB
:102C80004ED747ADF6740F317CF293B4010DD037B7
:102C9000ABAA2A3D610BB6BA9999993E0000483F0C
:102CA00010EE103A23F00043B3F1485F04D2FDEE7A
:102CB000C07A17EE903A5BB360EE007A9FED157A1A
:102CC000DFED155A9FED156ADFED156AE7EE875ABD
:102CD0009FED147AA5EEA76A20EE275AE6EE276A42
:102CE000A6EEA77A30B9DFED106AE7EE876AA6EEA6
:102CF000850A704727EE457AF6EE006AA0EEA67ABE
:102D0000DFED0A6AD7EE270AE5EE260A30EE600A02
:102D1000704700BFD3C92E2F342FD7B21BEF3836E0
:102D2000010D50B98988083CABAA2ABEABAA2A3E3D
:102D300008B510EE103A23F00042B2F1465FF0EE13
:102D4000407A0FD2BDEEC07A17EE101AF9B9431CC3
:102D5000134300F09E80012803D0BFEE007A87EE77
:102D6000270A08BD4E498A4211D39FED4E7ADFED06
:102D70004E6A002BBCBFF1EE600AF1EE407A77EEAE
:102D8000677A36EEE07ADFED490A77EE277A67EE6A
:102D9000A76ADFED474ADFED475A9FED475A9FED9F
:102DA000476A3F4926EEA67A8A42E7EE245AA7EE02
:102DB000056ADFED434A9FED435AE5EE874AA6EEEA
:102DC000075ADFED415A9FED416AE4EE875AA5EEBE
:102DD000076ADFED3F4A9FED3F5AE5EE874AA6EED0
:102DE000075A9FED3D6ADFED3D5AA4EE876AE5EE96
:102DF000075AB0EE467AA5EEA67A27EEA65AB0EEAE
:102E0000606AA7EE056ADFED364AE6EE260AE5EED1
:102E1000240A37EEA00A1ED20128A2D0BFEE007A03
:102E2000C7EE006A10EE103A6FF30B0306EE103A8D
:102E300016EE903A76EE677A6FF30B0300EE103AD7
:102E400070EEE70AF7EE007AE6EE007AE0EE807ABE
:102E5000A7EEA60A08BD07EE100AF8EEC76A20EE34
:102E6000007A30EE260A9B1787EE006A03F0020311
:102E7000C3F10103F0EE005A36EE606A07EE103A35
:102E800077EEC67AB8EEC77AE7EEE56A26EE870AED
:102E900008BDFDF7F3FFB7EE007A87EE000A08BD24
:102EA00040A12C3FDA0F493F682122330000000087
:102EB0005FAE9BB745F4A3388453D9377AC09538B1
:102EC000C8261A3AB937813916696B3B48DEBE3AD3
:102ED000A427B33C1F37113C8988083ED10D5D3DC6
:102EE000ABAAAA3E10EE102A22F00043B3F17E5F97
:102EF00000F0918000F28880B3F17C5F0FD2B3F1D3
:102F0000485F80F0A380DFED6C7A70EE277AB7EE31
:102F1000007AF4EEC77AF1EE10FA00F3948000B56F
:102F200087B0CDE90423FDF7A9FFF7EE006A76EE3E
:102F3000C07AB6EE007A67EE877ADFED605A9FEDD1
:102F4000607A9FED606A9FED605ADFED604ACDEDDB
:102F5000027AE7EE875A9FED5E7AA5EEA76AA7EEA2
:102F6000857AE6EE274A9FED5B5ADFED5B5A9FEDCF
:102F70005B6AA7EE275AE4EEA75AA5EE276A9FEDF3
:102F8000587AA5EEA77AE6EE276A27EE277AB0EE02
:102F9000670ACDED036A8DED017AFEF7F5F8514928
:102FA000059B9DED017ADDED036ADDED027A049A61
:102FB0008B42C7EE265A39D810EE103A6FF30B0346
:102FC00006EE103AE6EE467A30EE067ADFED466A15
:102FD000C7EE874AB0EE005AE4EEC56A9FED437A29
:102FE00030EE000AF0EE477AE6EE457AD0EE256A3A
:102FF00076EEE76A37EE667A002A01DCB1EE477AB0
:10300000B0EE470A07B000BD70EE407A87EEA77AAF
:10301000B0EE470A70479FED347ADFED357A20EE47
:10302000077AA0EE277AB0EE470A7047A0EE250A8D
:10303000DFED307A9FED2E7AF0EE006AE0EE267A30
:1030400037EE677AD8E7B0EE407AE1E760EE007AD3
:103050009FED1B7ADFED196A9FED1A6ADFED1A5AB0
:103060009FED1A5AE7EE876A9FED197AA6EEA76AD6
:10307000A7EEA57AA6EE275ADFED166ADFED165AFF
:103080009FED166AE7EE276AE5EE275AA6EEA76AD5
:103090009FED137AA5EEA77AF7EE006AE6EE276AAF
:1030A00067EE277AB0EE407A87EEA66AA0EE067A3F
:1030B000B0EE470A704700BFCAF24971047F4F3A29
:1030C00008EF1138461124BD2EC69D3DA80A4E3E7C
:1030D000613330BF2D57014090B0A6BE39D119C021
:1030E000ABAA2A3E9999793F2EBD3BB3DB0F493FEE
:1030F000DB0FC93F2EBD3B3310EE903A23F0004169
:10310000B1F1FF4FF0EE407A33D810EE10CA2CF038
:103110000040B0F1FF4F2CD8B3F17E5F3DD09A173D
:1031200002F0020242EADC7230B371B3B1F1FF4F38
:103130003ED0B0F1FF4F35D000B5401AB0F1F45F8A
:1031400083B04FEAE0512ADA002B3EDA3C313CDA18
:103150009FED310A012A41D0022A46D03AB19FEDB3
:103160002F7ADFED2F7A30EE070A30EE670A03B0D0
:1031700000BD30EEA70A7047022A0BD09FED297AD6
:10318000032A08BFB0EE470A70478C450DDB9FED60
:10319000260A70479FED220A704700F0FDBE9FEDA2
:1031A000220AD7E7BCF1000FF1DA9FED200A704741
:1031B000B0F1FF4F02F1FF3220D0022A26D81C4B7B
:1031C00003EB820393ED000A704787EEA00A019299
:1031D000FDF754FE00F0E0FE019ABBE710EE103A56
:1031E00003F1004300EE103AC1E79FED0C7ADFEDEA
:1031F0000C7A30EE070A37EEC00AB8E7022A08D880
:103200000C4B03EB820393ED000A70479FED020A1B
:1032100070479FED090A7047000000002EBDBB33C8
:10322000DB0F4940DB0F49C0DB0FC93FDB0FC9BFD4
:10323000A0830308AC830308DB0F493F10EE103A6C
:1032400023F00042B2F1FF4F56D84FEAD37100F09D
:1032500095806248834200F38780002BC0F287800C
:103260005F4B9A424BD95F4B9A4200F29A805E4B79
:103270005E4A03EB8103D3ED004A02EB810281F049
:10328000010370EE644AD2ED007A5B1A34EEE70A6D
:10329000DFED576A9FED575ADFED575A9FED576A9A
:1032A00020EE007AA7EE265ADFED556AE5EE075AC2
:1032B000E5EE876AA6EE876AF0EE406AE6EE476AB8
:1032C00020EE266A002B42D0B0EE007A37EE667A06
:1032D000B7EE000AC6EE076A13F17D0F77EEE67AC5
:1032E00077EEE47A30EE670A4FDB10EE102A02EB3D
:1032F000C35300EE103A704730EE000A7047B2F147
:10330000505F0AD2DFED3F7A70EE277AB7EE007A8F
:10331000F4EEC77AF1EE10FA5DDC60EE007A9FED14
:10332000347ADFED345A9FED346ADFED356AE7EE2B
:10333000875A9FED327AA7EEA56AE7EE866AA7EE76
:10334000A67AF0EE406AE7EEC76A20EE266AF0EE53
:10335000007A76EEE76AB7EE007AC6EE267A77EE66
:10336000C07A37EE670A7047002001F04DB8264B4F
:103370009A427FF675AF002001F040B8DFED237A66
:10338000002918BFB0EE670A704710EE102A6433A8
:1033900002EBC353DFED1E7A00EE103A20EE270A4F
:1033A00070471C4B9FED1C7ADFED1C6A03EB810319
:1033B000D3ED007AE0EE077A9FED197AFDEEE77A19
:1033C000F0EE404A17EE903AF8EEE77AE7EEE64A7A
:1033D00067EE877A5AE730EE070A70471772B142F4
:1033E0001872B13E9115853FC0830308B883030866
:1033F0004CBB31330EEADDB555B38A38ABAA2A3E51
:10340000610B36BBCAF24971B5F1CF420000000032
:103410000000800DC88303083BAAB83F8071313F8C
:10342000D1F7173710EE102A32F000432FD0002AC0
:10343000134633DBB2F1FF4F40DAB2F5000F34DB55
:103440004FF0000C6448C3F31601081800F40002A2
:1034500082F07E520A43DB1500EE102A7F3B5F4A62
:10346000634401F10F0CF7EE007A0CEA020230EE31
:10347000670A03EBD05322BBB5EE400AF1EE10FA17
:1034800062D1002B40F090809FED550A70479FED70
:10349000557ADFED537A87EE270A704770EE407A4F
:1034A0009FED4F7A87EE870A7047DFED4F7A60EE27
:1034B000277A6FF0180C17EE903AC3E730EE000A47
:1034C0007047F0EE007A70EE277A07EE103A80EE41
:1034D000274A4648C1F55712081802F522720243DE
:1034E000002A9FED433ADFED434ADFED435ADFED1B
:1034F000433A9FED435ADFED437ADFED436A24EE12
:10350000046AF8EEC72A26EE067AE7EE034AA7EE2B
:10351000235AE4EE875AE5EE076AE5EE877A67EE0E
:10352000867AE6EE877A2ADDB6EE007A20EE077A12
:1035300027EE007A77EE877A67EE847A3BBB37EE28
:10354000677A30EE470A7047DFED307AB6EE007AE0
:10355000A0EE677A60EE007A27EE277A002BF0D093
:1035600007EE903A9FED2A6ADFED2A6AF8EEE77AD5
:10357000A7EEC67A37EE400A97EEA60A704770EEBD
:10358000677A67EE847AE3B930EE670A70479FED99
:10359000206ADFED206AE2EE867A37EE677A37EE50
:1035A000400A92EEA60A704707EE903A9FED180A7D
:1035B0009FED187AF8EEE77A27EE800AA7EE870AE1
:1035C0007047DFED136A9FED137AE2EEE67A37EE8D
:1035D000C00A92EE870A704720FB4A00F0FF7F0086
:1035E00000000000000000CC0000004C305CCFFF69
:1035F0009788173E25333A3E2549923E4FD01C3ED0
:10360000298E633EABAA2A3FCDCCCC3EABAAAA3EC4
:10361000D1F717378071313F10EE902A32F0004118
:1036200010EE103AF0EE407A08D183F480035B008C
:1036300013F5000F10D937EEA00A704723F00040B1
:10364000B0F1FF4F0BD9B3F17E5FF4D182F4800269
:10365000520012F5000FEED8B7EE000A7047B1F134
:10366000FF4FF0D830B52DED028B002B87B0F0EE78
:10367000606A054616DBB1F1FF4F00F00081B1F141
:103680007E5F00F03481B2F1804F00F06D81B2F1C5
:103690007C5F40F04A8107B0BDEC028BBDE8304052
:1036A000FDF772BDB1F1974F80F0F580B1F17E5F0B
:1036B00080F02A81B2F1804F00F05681B2F17C5F38
:1036C00000F05E82CDE9022100908DED010A8DEDC2
:1036D000040ACDED050AFDF7D1FB0098DDED017A76
:1036E000049BDDED056AB0F1FF4FDDE902214FF0EB
:1036F000000400F0EA80002800F03C81B0F17E5F19
:1037000000F038814FEAD37C0CF1FF3C54EA0C0EF8
:1037100000F03381B1F19A4F40F25481994B9842B5
:1037200040F27682984B984200F28582F7EE007A5A
:1037300070EE670A9FED956A9FED957ADFED955AD9
:10374000F5EE007AA0EEE76AF6EE007AE6EE607A31
:1037500020EEA05A9FED906A67EE857A27EE677A91
:10376000A0EE867AB0EE476AA0EEA56A16EE103A91
:103770006FF30B0306EE103AF0EE467AE0EEE57AD0
:1037800037EE677A6FF30B0207EE902A27EE267A60
:1037900076EEE75A66EE277AA5EE867A631E53EA3E
:1037A0000C03FFEE005A77EE276AB7EE006A16EEBA
:1037B000902A18BFF0EE465A002A22F0004340F348
:1037C000F481B3F1864F00F27D8200F06182B3F1A3
:1037D0007C5F00F24382002318466FF30E0206EE70
:1037E000102ADFED6E6A9FED6E3ADFED6E1A9FEDE7
:1037F0006E4A9FED6E5A76EE677AF0EE002A37EE4B
:10380000677A66EE267ADFED6A6AE7EE267AB7EE29
:10381000000AB0EE677AA6EE037AB0EE472A67EEAA
:10382000076AA6EE432A9FED636AA6EEA16A77EEC9
:10383000C27AA6EE264A9FED606AA4EE266AE7EEFB
:10384000277AA6EE265AB0EE476AA5EE666A27EEFC
:10385000065A36EE626AC5EE066A76EEE77A77EECB
:10386000C77A30EE670A10EE102A1344B3F5000F42
:10387000C0F2D88100EE903A20EEA50A07E0B0F140
:103880007E5F74D03BD9002A36DBB0EE660A07B003
:10389000BDEC028B30BDB1F1FF4FF0D0CDE900108F
:1038A000CDE902238DED050ACDED040AFDF7E6FA18
:1038B00001980224B0F1FF4FDDE902230099DDED0C
:1038C000046ADDED057A7FF416AF002A05DAF7EE1B
:1038D000007A87EE800A002BD9DAA0F17E502043CF
:1038E00000F03181012CD2D1B1EE400ACFE7002A9D
:1038F00035DBB0EE670ACAE79FED300AC7E7002A5A
:10390000FADAB1EE660AC2E74FEAE15CCCF1960C56
:1039100041FA0CFE0EFA0CFC8C4500F01981B1F155
:103920007E5FE4D0B2F1804F1ED0B0EE670ACDE9E1
:103930000323CDE90110CDED056ACDED007AFDF749
:103940009DFA0298B0F1FF4FDDE903234FF0000428
:1039500010D0DDED007A0199DDED056ACBE6B7EE1A
:10396000007A87EE270A92E727EEA70A8FE7B7EEDD
:10397000000A8CE7002AAADBADE777EEE77A87EE4C
:10398000A70A84E7F3FF7F3F0700803FABAAAA3E68
:103990003BAAB83F00AAB83F70A5EC368CBEBF3535
:1039A0000072313F4CBB313355B38A38ABAA2A3E43
:1039B0001872313F0EEADDB5610B36BB0000000026
:1039C0000000804B13F0FF4F40F020815FED047A40
:1039D00060EE277A6FF0170317EE905AE915DFF8BB
:1039E00044E37F391944C5F31603734543F07E5011
:1039F00040F30381DFF830E3734540F326819FED08
:103A0000B94A0131B0EE448AA0F50000F7EE000A91
:103A10004FF0000E04EE900A74EEA07AB7EE007A32
:103A200087EE270AB04B03EA600343F0005303F527
:103A30008003734434EEE06A07EE901A66EE001AD3
:103A4000B8EEE77ADFEDA92A9FEDA93ADFEDA93AB2
:103A50009FEDA95ADFEDA95A9FEDA91A61EEA17A4F
:103A6000B0EE082AA7EEA23AE3EE273AA3EEA75A51
:103A7000E5EE275A27EEA75AA5EEA71A07EE903AC9
:103A800011EE903A6FF30B0303EE103AA3EE676A60
:103A9000F0EE465A37EEE06A71EE837A74EEC63A7B
:103AA000B0EE656AA3EE636AF0EE424A26EE006A63
:103AB000E3EE034A67EE867ADFED920ADFED923A93
:103AC000E5EE017A9FED911A74EEA75A15EE903A41
:103AD0006FF30B0305EE903A35EEC25AA3EE435A4C
:103AE00077EEC57A67EEA17AE6EE257AB0EE675AF0
:103AF000A3EE255A15EE103A6FF30B0305EE103ABC
:103B0000B0EE456AA3EE656A77EEC67A67EEA07AF4
:103B1000E5EE017A77EE887AB0EE676AA5EE236A61
:103B200036EE046A36EE076A16EE103A6FF30B03B0
:103B300006EE103A36EE477A37EE447AA5EE637A0F
:103B400037EEC77A1EE670EE407A87EEA70A9EE649
:103B5000B1F17E5F3FF4CBAEB2F1804F3FF404AFE2
:103B60000EF0010ECDE90010CDE902238DED050A1E
:103B7000CDED040ACEF10204FDF780F9019899E633
:103B800001908DED000AFDF779F90198B0F1FF4F32
:103B90003FF47DAEDDED007A00283FF478AEB0F161
:103BA0007E5F7FF4EAAE002497E659498B4200F22B
:103BB00091807FF40CAE76EEE76AF4EEC76AF1EE20
:103BC00010FA80F2878002F50042524BC2F3C751CF
:103BD0007F39C2F316000B4140F40000C1F1170118
:103BE00013400841404206EE903A77EEE67AC3056C
:103BF00077EE276A16EE902AEFE59FED3A4AF7EE48
:103C0000000AB0EE448A4FF0000E03E70023E5E619
:103C1000002A12DB002007B0BDEC028BBDE830406B
:103C200000F0ECBBCDED005A00F05EFBDDED005A7C
:103C3000F0EE400A20E6002AECDD002007B0BDECE3
:103C4000028BBDE8304000F0DFBB9FED334A9FEDB3
:103C5000338AF7EE080A4FF4001EDBE6DB157E3BE5
:103C60004FF40001194111442A4BC1F3C75CACF178
:103C70007F0CC1F3160043FA0CF340F40000CCF1C2
:103C8000170C002A40FA0CF003EA0103ABDAA9E7AB
:103C90009FED236A76EEE76A37EE066AB4EEE66ACF
:103CA000F1EE10FA0EDC02F500421A4BD1157F3905
:103CB000C2F316000B4140F40000C1F1170113409C
:103CC000084190E7F5EEC05AF1EE10FA4CBF012022
:103CD0000020B3E7F5EEC05AF1EE10FA4CBF012018
:103CE000002098E70000000000F0FFDF42F1533EA3
:103CF00055326C3E05A38B3EABAAAA3EB76DDB3EA8
:103D00009A99193F4F38763F0040763FC623F6B860
:103D100000001643000080FF00C0153FDCCFD13506
:103D20003CAA383371C41C00D6B35D0010B510EE48
:103D3000104A8B4A24F00043934288B070D9894AD4
:103D4000934222D824F00043002C9FED877A874AC3
:103D500023F00F0340F3EB80934270EE477A09BFE4
:103D60009FED837ADFED836ADFED836A77EEC77AB2
:103D700037EEE67A77EEC77A80ED007A77EEE67A6C
:103D8000C0ED017A012008B010BD7C4A9342014683
:103D900054D9B3F1FF4F4AD2DA15863AA3EBC25396
:103DA00007EE903ABDEEE77ADFED756AB8EEC77AB6
:103DB00077EEC77A8DED057A67EEA67ABDEEE77AE3
:103DC000B8EEC77A77EEC77A8DED067A67EEA67AF7
:103DD000F5EE407AF1EE10FACDED077A40F09280E0
:103DE000B5EE407AF1EE10FA40F08E80012365487E
:103DF00001900220009005A8029100F00BFB002C1E
:103E00000299C0DA91ED007AD1ED017AB1EE477AEC
:103E1000F1EE677A81ED007AC1ED017A4042B2E7B6
:103E2000002380ED000A4360002008B010BD70EE52
:103E3000407AC0ED017AC0ED007AF5E7CDE90230B5
:103E4000FDF71CF89FED507A9FED476AF6EE007A79
:103E5000E0EE077ADDE90231FDEEE77A9FED457A83
:103E6000F8EEE76A17EE900AA6EEC60A1F2866EE7D
:103E7000877A30EE677A20DCDFF818C100F1FF3E68
:103E800024F000425CF82EC022F0FF02624514D0FC
:103E900081ED007A30EE470A002C30EE670A81EDA2
:103EA000010ABFF670AFB1EE477AB1EE400A81ED7C
:103EB000007A81ED010A404265E717EE102AC2F34D
:103EC000C752C2EBD352082AE2DD9FED297ADFED1B
:103ED0002A5AB0EE406AA6EEC76A70EE467AE6EE5F
:103EE000C77AD6EEA57A36EE677A17EE102AC2F3B5
:103EF000C752C2EBE353192B08DCB0EE460A81ED42
:103F0000007AC7E7032372E7022370E79FED1F7A69
:103F1000DFED1F5AB0EE460AA6EEC70A76EE407AEB
:103F2000E6EEC77AD6EEA57A30EE677AB0E793422E
:103F300070EE077A09BF9FED0E7ADFED0E6ADFEDB6
:103F40000E6A77EE877A37EEA67A77EEC77A80ED3B
:103F5000007A77EEA67AC0ED017A4FF0FF3012E7D3
:103F6000D80F493FE3CB1640800FC93FD00FC93F60
:103F7000004435374344353708A3852E800F494325
:103F8000000080435084030884F9223F00A3852E5B
:103F900032318D24D083030810EE102A22F0004322
:103FA000B3F1A14FF0EE407A07D3B3F1FF4F56D8EB
:103FB000002A7CDD9FED530A704700B552498B42C1
:103FC00083B05BD8B3F1445F4CD34FF0FF3327EE9F
:103FD000A76A9FED4E5A9FED4E7ADFED4E5ADFED08
:103FE0004E4A66EE066A591CA6EE857AE6EEA54AAA
:103FF0009FED4A5ADFED4A5AA7EE265AE4EEA65A3A
:104000009FED487ADFED484AA5EE267AE5EEA64A0E
:104010009FED465ADFED465AA7EE265A9FED457AA8
:10402000A4EEA67AE5EE265A27EE267AA5EE867A43
:1040300027EE277A42D04048404900EB8300D0ED7C
:10404000006A37EE667A01EB8303D3ED006A37EE40
:10405000677A002A36EEC70A2CDB03B000BD30EECB
:10406000000A70479FED367A30EE077AF7EE006A65
:10407000B4EEE67AF1EE10FAA7DDEEE7CDE9003214
:10408000FCF7FCFE2F49009B019A8B421AD8A1F540
:10409000D0018B422BD8F0EE007ABFEE007AA0EE72
:1040A000277A002330EE270AC7EE007A8FE79FEDCC
:1040B000260A7047B1EE400A03B000BD37EEC70ACA
:1040C00003B000BD21498B420BD8F7EE087AB7EE5A
:1040D000007AA0EE277A022330EE670AC0EE077A54
:1040E00075E7BFEE007AC7EE007A03236FE7F7EEBD
:1040F000007A30EE677A30EE270A0123C7EE007AA5
:1041000065E700BFDB0FC93FFFFFDF3ED769853C96
:1041100059DA4B3D21A215BD6BF16EBD356B883D63
:1041200095879DBD6E2EBA3D388EE3BD2549123E62
:10413000ABAAAA3ECDCC4CBE68870308788703089B
:10414000CAF24971FFFF973FDB0FC9BFFFFF1B405A
:104150002DE918485CEC10BBCCF30A5304466146C9
:1041600093BB2CF0004151EA0B012BD0404B584639
:1041700061460022D4F700F93E4B9C4283468C46B0
:104180005BDBC1F30A53363B4CF25032944228DCDD
:1041900004EB030E40F2FE739E4522DCBEF1000FDD
:1041A00039DC1EF1350F3FDB0EF1360E6FF31E5179
:1041B00041EA0E53194658462F4B0022D4F7DCF83B
:1041C00041EC100BBDE8188840F2FF729342DBD13E
:1041D0005A4663465846D3F719FF41EC100BBDE829
:1041E0001888BCF1000F1AA1D1E9000108DB18A35F
:1041F000D3E90023D4F7C0F841EC100BBDE81888D0
:1042000015A1D1E9000112A3D3E90023D4F7B4F832
:1042100041EC100BF2E76FF31E515A4641EA0E5380
:1042200043EC102BBDE81888BCF1000F0CA1D1E9BC
:10423000000102DA0CA1D1E9000109A3D3E90023AE
:10424000D4F79AF841EC100BBDE81888AFF3008062
:104250009C7500883CE4377E9C7500883CE437FE02
:1042600059F3F8C21F6EA50159F3F8C21F6EA5815C
:1042700000005043B03CFFFF0000903C10B582B0FE
:104280008DED000B044600F0A1FE9DED000B0460D7
:1042900002B010BD00B5034683B051EC100B83B1E2
:1042A000024601F10043CDE90023DDE90023D4F704
:1042B00063F841EC100B222003B05DF804EBFFF72C
:1042C000DDBF02460B46EEE79FED010BFFF7E2BFB5
:1042D00000000000000000109FED010BFFF7DABFA7
:1042E000000000000000007010EE103A33F00041B2
:1042F0001A4625D0B1F1FF4F1FD213F0FF4F20D146
:10430000DFED297A294A60EE277A904217EE903A3B
:1043100031DB4CF2503CC3F3C75160451A46A1F162
:10432000190114DD002BDFED227A9FED210AB8BFC1
:10433000DFED207A27EE800A704730EE000A7047E2
:1043400070474CF2503C60454FEAD151EADC0844DA
:10435000FE28E7DC002815DC10F1160F19DB1930F8
:1043600022F0FF4242EAC05207EE902A9FED120A65
:1043700027EE800A7047DFED117A07EE103A27EE3C
:10438000270A704722F0FF4242EAC05300EE103A7B
:104390007047002BDFED097A9FED080AB8BFDFED0B
:1043A000087A27EE800A70470000004CB03CFFFFFF
:1043B000CAF24971CAF249F1000000336042A20D0D
:1043C0006042A28D10B582B08DED010A044600F066
:1043D000FDFD9DED010A046002B010BD30B1F1EEAB
:1043E000407A27EE800A2220FFF7ECBFF0EE407AF9
:1043F00027EE800A2220FFF7E5BF00BF9FED010AEC
:10440000FFF7ECBF000000109FED010AFFF7E6BFC9
:10441000000000702DE9F04F2DED048BDBB01C4641
:104420000393814613466898CB4A04F1FF381C1D5C
:1044300052F82050C0F26682DA1E48BF1A1DD21010
:1044400004920132D2000692069A15EB0806A3EBFD
:1044500002021BD404989FEDC47A699F0136A0EB39
:10446000080006441EAC9C460028A4BF57F8203024
:1044700007EE903A00F10100ACBFF8EEE77AF0EEFB
:10448000477AB042E4EC017AEED16346002DC0F2E7
:10449000EC800398B8F1000F0DF58C7C464605EBD7
:1044A000000EB8BF0024C0F2D38003981EAF07EB04
:1044B0008007840009EB8000DFEDAB7ABB46CA467B
:1044C000FAEC016A3BED017A8245E6EE877AF7D194
:1044D00001367645ECEC017A07F10407ECD109A826
:1044E000CDE9071300EB85000DF1280A9FED9B9A9B
:1044F000DFED9B8A05904C440AEB8507AB4646AE40
:10450000019510460DEB8B03BBF1000F93ED460AAE
:104510004FEA8B0515DD7319524660EE097AB0EE4D
:10452000407AFDEEE77A73ED016AF8EEE77AB3427E
:10453000A7EEE87A37EEA60ABDEEC77AA2EC017ABA
:10454000EBD10290FFF7D0FEB0EE408AB4EE000A45
:1045500028EE000AFCF71CFEF2EE007AA0EE678A55
:1045600002980028FDEEC89AF8EEE97A38EE678ADC
:104570007EDD0BF1FF31C0F108035AF821E04EFA5D
:1045800003FC0CFA03F3AEEB030EC0F1070219EEC5
:10459000903A4EFA02F26344002A09EE903A4AF841
:1045A00021E000F3FA80B5EE408AF1EE10FA70D106
:1045B000019B9B450CDD0AEB05030021944653F853
:1045C000042DBB4241EA0201F9D1002940F04681A5
:1045D000019B013B0BF1010E5AF82330002B40F0F8
:1045E0003B81059B012153F8042D0131002AFAD0AB
:1045F0005944049B03EB0B02039B5B440293699BAE
:1046000003EB820B029B0DF1780C0CEB830C47AB98
:104610001D44DBED017AF8EEE77AB8F1000F0BF1FB
:10462000040BECEC017ADFED507A09DB62464B4675
:10463000F3EC016A32ED017AA342E6EE877AF7D114
:104640000EF1010E8E45E5EC017AE2DD8B4659E76D
:10465000701C7045CCF8004006F1020605D0B64546
:10466000CCF804400CF1080CF2D10398840036E732
:1046700000F0D980F6EE007AB4EEE78AF1EE10FA97
:1046800080F22E81B5EE408AF1EE10FA4FF0000272
:104690008ED0CDE90220089B069A0799019D0191D1
:1046A000D01AB0EE480AFFF71FFE9FED2D7A019950
:1046B000039AB4EEC70AF1EE10FAC0F29781DFED6B
:1046C000277A60EE277A0BF10104FDEEE77A0832D3
:1046D000F8EEE77AA7EEC70AFDEEE77ABDEEC00A6C
:1046E00010EE103A4AF82B3017EE903A4AF8243080
:1046F0001046B7EE000A0191FFF7F6FD002C019974
:10470000B0EE407AC0F29D810AF1040347A8DFEDC4
:10471000136A03EB840300EB8400A2000DF58C7C8C
:1047200073ED017AF8EEE77A534567EE877A27EE64
:10473000267A60ED017AF3D1002D0DF1C80EC0F29A
:10474000998194442746F04600269146054ADFEDBC
:10475000067A6046002311E0B48703080000803B1E
:10476000000080438887030800000000F2EC016A23
:10477000B0EC017A9D42E6EE877A03DB9E4203F1BC
:104780000103F3DA013F7B1CC8ED007A7ED008F10B
:1047900004080136ACF1040CD8E70133BBF1000F7B
:1047A00009EE903A40F3438151464FF0000E51F824
:1047B000043B3BBB0EF1010EF345F8DC9E4600289E
:1047C0000CDD012800F08380022807D10BF1FF31B6
:1047D0005AF8213003F03F0C4AF821C0022A7FF436
:1047E000E2AEB7EE000A30EE488ABEF1000F3FF4A9
:1047F000DAAE09920290FFF777FD0298099A38EE37
:10480000408AD0E6C3F5807341F8043C04E00B68AD
:10481000C3F1FF0341F8043B0EF1010EF345F6DC52
:104820004FF0010ECBE70BF1FF335AF82320D211E2
:10483000002A7FF7B8AE19EE903ABBF1000F03F1F2
:10484000010309EE903AAFDC022A7FF4ACAEF7EE3A
:10485000007A37EEC88AA6E67146CAE60BF1FF3445
:10486000A0F108025AF824300799CDF808C028466C
:10487000019D002B7FF43CAF034609A8034453F885
:10488000040D013C083A0028F9D031E74A46689BFC
:10489000022B62DC002B3ADC10D10EF104035FED39
:1048A0004E7A134433ED017A9E4577EE877AF9D13B
:1048B000029B002B40F0AB80C1ED007A19EE903ADC
:1048C00003F007005BB0BDEC048BBDE8F08F0BF18B
:1048D000FF315AF8213003F07F0C4AF821C07DE700
:1048E00019EE903ABBF1000F03F1010309EE903A83
:1048F000C8BF02223FF758AFF7EE007A37EEC88AFA
:10490000022250E608220692002204929CE50EF153
:104910000403DDED327A1FED6C7A1A4452ED016A20
:104920001346043A964537EE267AF7D1029A002AC2
:1049300064D177EEC77A81ED007A5CB10122B3ECE5
:10494000017A0132944277EE877AF8DA029B0BB152
:10495000F1EE677AC1ED017AB0E7689B032BADD128
:10496000002C00F084800EEB020696ED007A3046B3
:10497000354655ED017AF0EE476A37EE277A2B4639
:1049800077EEC77A043D77EEA67AAE45C3ED007A9E
:1049900003ED017AEDD1012C69D096ED007A70ED2E
:1049A000017AF0EE476A37EE277A834277EEC77ACC
:1049B00080ED007A77EEA67AC0ED017AEFD15FED57
:1049C000967A1A44043332ED017A934277EE877A6D
:1049D000F9D1029BDDED326A9DED337AD3B9C1ED99
:1049E000006A81ED017AC1ED027A67E7BDEEC00A87
:1049F0005C4610EE103A4AF82B3079E6F1EE476A41
:104A000077EEC77AC1ED006A002C97D1A0E7F1EEEE
:104A1000677A51E7F1EE666AB1EE477AF1EE677AAE
:104A2000C1ED006A81ED017AC1ED027A46E7012805
:104A300011D002287FF408AF0EF03F034AF821306E
:104A400002E7689B022B0EDC002B21DC7FF436AFE3
:104A50005FEDBB7A2CE70EF07F03022A4AF8213083
:104A60007FF4A1ADF3E6689B032B7FF427AFDFED66
:104A70000E7AAEE70025204673461D6000283FF4FD
:104A800006AF0238461C5D6003F10803F5D1FEE66F
:104A9000029BDDED327A1BB14FF000430B6057E70C
:104AA00000230B6056E700BF000000002DE9F0472F
:104AB00082B00646DDF828E00846B4460D46002BD5
:104AC0004ED18A4214466DD9B2FA82F242B1C2F195
:104AD0002003954026FA03F394401D4306FA02FC96
:104AE000260CA7B2B5FBF6F14FEA1C4306FB1155A5
:104AF00043EA054301FB07F0984209D9E31801F1A5
:104B0000FF3580F00381984240F20081023923444E
:104B10001B1A1FFA8CFCB3FBF6F006FB10334CEAB1
:104B2000034C00FB07F363450AD914EB0C0C00F1AE
:104B3000FF3580F0ED80634540F2EA80A4440238FE
:104B400040EA0140ACEB030C0021BEF1000F04D0A1
:104B50002CFA02F30022CEE9003202B0BDE8F08761
:104B60008B4209D9BEF1000F01D0CEE900610021CE
:104B7000084602B0BDE8F087B3FA83F11746002972
:104B80004DD1834202D3B24200F20F81B6EB070C43
:104B900060EB030301201D46BEF1000FDDD0CEE91E
:104BA00000C5DAE7002A00F098801A46B4FA84F3C8
:104BB000002B40F0AF800B1B270CA6B20121B3FBEA
:104BC000F7F54FEA1C4007FB153340EA034306FBA9
:104BD00005F8984507D9E31805F1FF3002D298454A
:104BE00000F2E8800546A3EB08031FFA8CFCB3FB38
:104BF000F7F007FB10334CEA034C06FB00F3634568
:104C000008D914EB0C0C00F1FF3602D2634500F218
:104C1000CE803046ACEB030C40EA054095E7C1F18D
:104C200020058B4022FA05FC4CEA030C00FA01F443
:104C300026FA05F3E84002FA01F943EA04084FEACC
:104C40001C4206FA01FAB0FBF2F71FFA8CF602FBDF
:104C500017004FEA184444EA004407FB06F0A0425C
:104C60000AD91CEB040407F1FF3380F09C80A042BA
:104C700040F29980023F6444241A1FFA88F3B4FB7F
:104C8000F2F002FB104443EA044300FB06F69E42A6
:104C900009D91CEB030300F1FF3480F082809E42AF
:104CA0007FD90238634440EA0740A0FB09749B1B8C
:104CB000A3423E46A04664D361D0BEF1000F0AD0A5
:104CC000BAEB060263EB080303FA05F5CA40154385
:104CD000CB40CEE9005300213FE7730843EAC1739C
:104CE0004A08190C41EA02414FEAC67C9BB2B2FB6A
:104CF000F4F02646A04627461F2243EA0143B1FBB3
:104D0000F4F1A3EB080341EA004158E72946FFE626
:104D1000284615E71A46C3F120019C4026FA01F304
:104D200020FA01F190400343270C06FA02FCB1FB84
:104D3000F7F0A6B207FB1015190C41EA054100FB7C
:104D400006F58D423BD9611801D28D4220D8491B0E
:104D50000138B1FBF7F5019505FB06F8019D9BB203
:104D600007FB151143EA0143434526D2E31805F139
:104D7000FF31C6D24345C4D2A91E2344C1E7BA4578
:104D80009BD2B7EB090664EB0C040138A04694E70C
:104D9000651B29440238B1FBF7F5019505FB06F8C0
:104DA000DCE720467FE71F4666E70846F4E6A444B2
:104DB00002382FE7023D234415E70199A1E7491B7B
:104DC000B1FBF7F5019505FB06F8C7E7002301469F
:104DD0001A46184600F03EB90A22002100F0A2B897
:104DE000242B2DE9F84F42D8012B884619463ED096
:104DF00091464B4A82461E46C64670461EF8017BC7
:104E0000D35D13F00803F8D12D2F70D02B2F05BFE1
:104E10009EF800709B469B4600F1020E6FF0004327
:104E200061BB302F4DD00A2631460022B3FBF6F489
:104E3000104606FB143505E03CD006FB00C00122FD
:104E40001EF8017BA7F1300CBCF1090F06D9A7F1C0
:104E5000410CBCF1190F17D8A7F1370C61451CDDC7
:104E6000571CEDD08442E7D24FF0FF32E8E700F064
:104E7000ADF8162303600020BDE8F88F1029D4D1C7
:104E8000302F27D00E46D0E7A7F1610CBCF1190FE7
:104E900003D8A7F1570C6145E2DC511C30D0BBF1BF
:104EA000000F0CD1B9F1000FE6D0AABBC9F8008001
:104EB000BDE8F88F6545C0DA4FF0FF32C0E74042E9
:104EC000F0E79EF8002002F0DF02582A08D00826FA
:104ED0003146AAE79EF8002002F0DF02582AD1D11D
:104EE00010269EF8017031460EF1020E9DE79EF8E5
:104EF00000704FF0004300F1020E4FF0010B8FE7FE
:104F00002222CAF80020B9F1000F07D00EF1FF38B5
:104F10001846C9F80080CBE70346F7E71846ABE729
:104F2000C187030800B5DFF818E084461346DEF8B1
:104F300000005DF804EB0A466146FFF751BF00BF71
:104F4000B002002030B584078646034606D0A2B3DF
:104F500003F8011B980702F1FF32F8D1032A26D982
:104F60005FFA81FC0CEB0C2C0F2A0CEB0C402AD9BD
:104F700022F00F0C9C44C3E90000C3E90200103387
:104F80006345F8D112F00C0F02F00F0417D04FEA6E
:104F9000940C0CF1FF351A4603EB8C0C42F8040B11
:104FA0006245FBD1043304F0030203EB850322B115
:104FB0001A4403F8011B9A42FBD1704630BD2246C9
:104FC000002AF5D1F9E71446E1E700BF014B186864
:104FD000704700BFB002002070B50E4E0E4DAE42BD
:104FE00008D0761BB610002455F8043B01349847CE
:104FF000A642F9D8094E0A4D03F064FCAE4208D02F
:10500000761BB610002455F8043B01349847A6429D
:10501000F9D870BDE4880308E4880308EC88030825
:10502000E488030838B5074D074C2C1BA41005D0A5
:10503000013C55F8043D9847002CF9D1BDE83840B3
:1050400003F046BCF0880308EC880308704700BFF3
:10505000704700BFF0B51D4C83B005462068019134
:1050600016461F46FFF7F2FF194A0199136823B34A
:105070005A6820681F2A23DC4DB9541C02325C6038
:1050800043F82210FFF7E4FF002003B0F0BD03EB6C
:10509000820E0124CEF88860D3F88861944046EAF5
:1050A000040C022DC3F888C1CEF80871E5D1D3F8FD
:1050B0008C512543C3F88C51DFE7064B1360D7E7CB
:1050C000FFF7C6FF4FF0FF30DFE700BFB804002056
:1050D00030C10020A0BF0020024B13B10248FFF7EF
:1050E00075BE704700000000255003080000C03E58
:1050F0000000003F000000BF000040BF0000003E75
:105100000000803E00D57FAAFE2B815429FC5683E7
:10511000D702A87D52872DF8AC79D3067BAE04D197
:105120008550FA2FA471DB0E5A8F25F08D58F22787
:1051300073A60CD9F623895C08DD77A2DF0AA07577
:1051400021F45E8B9D48E23763B61CC9B461CB1E67
:105150004A9F35E0CF1AB06531E44E9BE633994C57
:1051600018CD67B239EC4693C712B86D10C56FBA47
:10517000EE3B91446BBE14C19540EA3F42973DE837
:10518000BC69C316EF3A904511C46EBBC613B96C27
:1051900038ED4792BD68C21743963CE99441EB3E17
:1051A0006ABF15C04B9E34E1B560CA1F62B71DC807
:1051B0009C49E33619CC66B3E732984D30E54F9AF7
:1051C000CE1BB16472A70DD88C59F3265B8E24F1E7
:1051D000A570DA0F20F55F8ADE0BA17409DC76A3D7
:1051E000F722885DD603A97C28FD5782FF2A8055C7
:1051F00001D47EAB8451FB2E7AAF05D0AD78D207B7
:1052000053862CF9000000000000000000006940F7
:10521000000000000000694000004842000080409B
:105220000000000000C07240000000000000494083
:10523000000082420000E04000000000000000008A
:10524000000000000D424C48656C69F47D000000D0
:1052500000002110422063308440A550C660E770F2
:10526000088129914AA16BB18CC1ADD1CEE1EFF19A
:105270003112100273325222B5529442F772D66242
:10528000399318837BB35AA3BDD39CC3FFF3DEE3EA
:105290006224433420040114E664C774A444855492
:1052A0006AA54BB528850995EEE5CFF5ACC58DD53A
:1052B0005336722611163006D776F6669556B446E2
:1052C0005BB77AA719973887DFF7FEE79DD7BCC78A
:1052D000C448E5588668A778400861180228233832
:1052E000CCC9EDD98EE9AFF9488969990AA92BB9DA
:1052F000F55AD44AB77A966A711A500A333A122A82
:10530000FDDBDCCBBFFB9EEB799B588B3BBB1AAB29
:10531000A66C877CE44CC55C222C033C600C411CD1
:10532000AEED8FFDECCDCDDD2AAD0BBD688D499D79
:10533000977EB66ED55EF44E133E322E511E700E21
:105340009FFFBEEFDDDFFCCF1BBF3AAF599F788FC9
:105350008891A981CAB1EBA10CD12DC14EF16FE1A9
:105360008010A100C230E3200450254046706760E1
:10537000B9839893FBA3DAB33DC31CD37FE35EF3F9
:10538000B1029012F322D232354214527762567231
:10539000EAB5CBA5A89589856EF54FE52CD50DC549
:1053A000E234C324A0148104667447642454054481
:1053B000DBA7FAB79987B8975FE77EF71DC73CD799
:1053C000D326F2369106B0165766767615463456D1
:1053D0004CD96DC90EF92FE9C899E9898AB9ABA9E9
:1053E0004458654806782768C018E1088238A32821
:1053F0007DCB5CDB3FEB1EFBF98BD89BBBAB9ABB39
:10540000754A545A376A167AF10AD01AB32A923A70
:105410002EFD0FED6CDD4DCDAABD8BADE89DC98D88
:10542000267C076C645C454CA23C832CE01CC10CC0
:105430001FEF3EFF5DCF7CDF9BAFBABFD98FF89FD8
:10544000176E367E554E745E932EB23ED10EF01E10
:1054500001000000000000000200000000D57FAA4B
:10546000FE2B815429FC5683D702A87D52872DF844
:10547000AC79D3067BAE04D18550FA2FA471DB0E34
:105480005A8F25F08D58F22773A60CD9F623895C24
:1054900008DD77A2DF0AA07521F45E8B9D48E23714
:1054A00063B61CC9B461CB1E4A9F35E0CF1AB06504
:1054B00031E44E9BE633994C18CD67B239EC4693F4
:1054C000C712B86D10C56FBAEE3B91446BBE14C1E4
:1054D0009540EA3F42973DE8BC69C316EF3A9045D4
:1054E00011C46EBBC613B96C38ED4792BD68C217C4
:1054F00043963CE99441EB3E6ABF15C04B9E34E1B4
:10550000B560CA1F62B71DC89C49E33619CC66B3A3
:10551000E732984D30E54F9ACE1BB16472A70DD893
:105520008C59F3265B8E24F1A570DA0F20F55F8A83
:10553000DE0BA17409DC76A3F722885DD603A97C73
:1055400028FD5782FF2A805501D47EAB8451FB2E63
:105550007AAF05D0AD78D20753862CF938590308B5
:105560005C59030880590308A4590308C859030863
:10557000EC590308BE37863500000000000000002B
:105580000000000000000000FAED6B3A000000008F
:10559000000000000000000000000000FAED6B3A7F
:1055A00000000000000000000000000000000000FB
:1055B000FAED6B3A2E90A03B0000000000000000C6
:1055C000000000000000000000401C45000000003A
:1055D00000000000000000000000000000009643F2
:1055E00000000000000000000000000000000000BB
:1055F0000000964329950008A8000000AE080000AE
:10560000E8030000D0070000E99500080E00000044
:10561000E803000001000000E703000000000000B4
:10562000010000000200000003000000060000006E
:10563000070000000800000009000000040000004E
:105640000500000003060404040808060608080113
:105650000202020202020102020202020200000031
:1056600000000000180000002800000000000000FA
:105670000800000008000000010000000800000011
:105680000800000000000000080000000800000002
:1056900000000000080000000800000000000000FA
:1056A00008000000080000000000000008000000E2
:1056B00008000000000000000800000008000000D2
:1056C00000000000080000000800000000000000CA
:1056D00008000000080000000000000008000000B2
:1056E00008000000010000000800000008000000A1
:1056F00001000000000034C3000034C3000034C3C4
:1057000000000000000034C200000000000034C2AD
:10571000000000000000F0C1000000000000B4C163
:105720000000000000000000000000000000000079
:105730000000000000000000000000000000000069
:105740000000000000000000000000000000000059
:105750000000000000000000000000000000000049
:1057600048617264204661756C743A004346535236
:105770002020000048465352202000004D4D464155
:10578000522000004246415220200000466F7263C2
:1057900065643A00557361676520000042757320A7
:1057A000202000004D656D20202000005350202057
:1057B0002000000052302020200000005231202024
:1057C0002000000052322020200000005233202010
:1057D0002000000052313220200000004C522020D6
:1057E0002000000050432020200000005053522091
:1057F000200000006C65676163790000656E756D5F
:10580000000000007261642F730000006269746D13
:1058100061736B005600000025000000487A00000C
:105820006D000000646567006D2F73006D416800B6
:105830006465672F73000000252F73006761696E30
:10584000000000004100000053544D3332205669DF
:10585000727475616C20436F6D506F727420696E45
:10586000204653204D6F64650000000053544D697D
:1058700063726F656C656374726F6E696373000049
:1058800030303030303030303035304300000000C0
:1058900056435020436F6E666967000056435020A0
:1058A000496E746572666163650000006D34774609
:1058B00043496E7466000000434C464C00000000F3
:1058C00053504B590000000053657020323820328D
:1058D0003032360030353A33313A3135000000008D
:1058E00056342E0030000000554156584634563488
:1058F0003A3020323032362D30392D323800000027
:1059000057500000525448002145525200000000F8
:105910004F4B0000414E474C000000004143524FA6
:105920000000000041480000484F4C4400000000C7
:10593000554156582000000024505542582C34310F
:105940002C312C303030332C303030312C3233305D
:105950003430302C302A31430D0A00002450554297
:10596000582C34312C312C303030332C3030303115
:105970002C3131353230302C302A31450D0A0000BF
:1059800024505542582C34312C312C303030332CAB
:10599000303030312C35373630302C302A32440D0F
:1059A0000A00000024505542582C34312C312C3040
:1059B0003030332C303030312C33383430302C30E0
:1059C0002A32360D0A00000024505542582C34313A
:1059D0002C312C303030332C303030312C313932C6
:1059E00030302C302A32330D0A000000245055424A
:1059F000582C34312C312C303030332C3030303185
:105A00002C393630302C302A31360D0A0000000097
:105A1000030301010001010202040400000506075E
:105A200008090A0D0B0B0C0D0E0000000000000011
:105A3000CDCC4C3F7B142E3ECDCC0C3FCDCC644125
:105A40000000000000000000000000000000000056
:105A5000000000000EF8FC3A349D9D3B0000000061
:105A60000000000000000000368DA740368DA740E2
:105A7000DB0F49400000704100000000CDCCCC3D60
:105A800000000000CDCC4C3F7B142E3ECDCC0C3F13
:105A9000CDCC6441000000000000000000000000C8
:105AA00000000000000000000EF8FC3A349D9D3B11
:105AB000000000000000000000000000368DA7403C
:105AC000368DA740DB0F4940000070410000000008
:105AD000CDCCCC3D000000009A99993FCDCC4C3EF6
:105AE000CDCC0C3F3333AB41000000000000000080
:105AF0000000000000000000000000006F12833B67
:105B00000AD7233C00000000000000000000000055
:105B1000368DA740368DA740DB0F4940000070410D
:105B200000000000CDCCCC3D00000000CDCC8C3F6F
:105B3000EC51383ECDCC0C3FCDCC9C410000000058
:105B40000000000000000000000000000000000055
:105B5000A69B443BA69BC43B000000000000000045
:105B600000000000368DA740368DA740DB0F49406E
:105B70000000704100000000CDCCCC3D00000000D2
:105B80000000C03FAE47613ECDCC0C3F6666D641BB
:105B90000000000000000000000000000000000005
:105BA00000000000143FC63BFE65773C000000008B
:105BB0000000000000000000368DA740368DA74091
:105BC000DB0F49400000704100000000CDCCCC3D0F
:105BD000010000003333333F000000006666E63EFC
:105BE00000002041000050410000D0400000E04192
:105BF0000000003F295C8F3D4260653B0AD7A33B14
:105C0000CD4C024366668A430000C04000006040FD
:105C10009A99993F0000C03F00006041C3F5E83FFA
:105C20000000000001000000CDCC4C3F000000004F
:105C30000000003F000040410000604100000041C2
:105C40000000F0416666E63E295C8F3DA69BC43BA2
:105C50006F12033C3333834166668D4333337342A3
:105C6000000040409A99993F0000C03F0000404129
:105C70001F850B4000000000010000009A99993F29
:105C80009A99193F3333B33E000070410000204120
:105C90000000D0400000B0419A99193F8FC2753D75
:105CA000295C0F3DCDCC4C3D00009C41CDCC2C421D
:105CB000333331420000C03F0000803F0000803F8E
:105CC000000020410000803F0000000001000000B3
:105CD0009A99993F9A99193F3333B33E0000704126
:105CE000000020410000C0400000B0413333333F8A
:105CF000AE47613D295C0F3DCDCC4C3D9A990342A6
:105D000000002F43666688420000C03F0000803FCD
:105D10000000803F00002041713D4A3F000000002C
:105D2000010000006666663F6666E63ECDCCCC3E6E
:105D300000005041000030410000F0400000C04130
:105D4000CDCC0C3F8FC2753D8FC2753C0AD7A33CAA
:105D500000007041000034420000C84100002040B3
:105D60009A99993F9A99993F000030419A99993FA1
:105D700000000000010000000000803F0000003F24
:105D80003333B33E00004041000020410000E040BA
:105D90000000A041CDCC0C3FB81E853D0AD7A33CE6
:105DA0008FC2F53C0000000066665042CDCCE44155
:105DB000000000400000803F0000803F00001041D4
:105DC0003D0A973F00000000020000000000C03FB5
:105DD000CDCCCC3E0000003F0000A041000040417F
:105DE0000000A0400000C8410000003FCDCCCC3DE9
:105DF0000AD7A33C8FC2F53C000000000000000061
:105E000000000000000020409A99993F0000C03F28
:105E100000004041000000000AD7A33D030000003D
:105E20000000A040000000000000003F0000000053
:105E300000000000000000000000A0400000000082
:105E40000000003F000000000000003F00000000D4
:105E50000000000000000000000000000000000042
:105E60000000C03F0000000000000000CDCC4C3E10
:105E70000300000000000040000000000000003FA0
:105E800000000000000000000000000000002041B1
:105E9000000000009A99993E00000000CDCC4C3ED5
:105EA00000000000000000000000000000000000F2
:105EB00000000000000000400000000000000000A2
:105EC0009A99193E030000000000C03F0000000046
:105ED0000000003F00000000000000000000000083
:105EE00000004041000000000000803E0000000073
:105EF000CDCCCC3D00000000000000000000000000
:105F00000000000000000000000020400000000031
:105F100000000000CDCCCC3D0000003F0000003F61
:105F2000CDCC4C3E0000804000008040CDCC4C3FAA
:105F3000E001B8005C00290014000A000500CC0153
:105F4000FA00B8006200290014000A000500100ED3
:105F5000A43E0020030100000AD7A33B000000007C
:105F60000000F041A69BC43AF45703081C390020F6
:105F700003060000282CF13900000000713D6A4042
:105F8000EBF5F634F4570308803E002003040000CC
:105F90000000803F00000000000048430000E03F98
:105FA0000C5A03088E7D0020000000000000803F96
:105FB000000000000000803F00000000FC570308C4
:105FC0008C3E0020030A00008FC2753C00000000D8
:105FD0000000F0410AD7233C04580308EC3B0020A2
:105FE000030100000AD7A33B000000000000F041BD
:105FF000BC74133BF4570308183900200306000053
:10600000E2E9953C00000000713D6A4009E1D13BA6
:10601000F4570308C83B0020030400000000803F41
:1060200000000000000048430000E03F0C5A030855
:1060300040A60020000000000000803F000000009B
:106040000000A0400000A040FC570308D43B002003
:10605000030A00008FC2753C000000000000F04100
:106060000AD7233C045803085C41002003010000C8
:106070000AD7A33B000000000000F0418FC2753B2F
:10608000F4570308B43E00200302000017B7D138CC
:106090000000000000000040BD370636F45703083A
:1060A00000810020000000000000803F0000000090
:1060B0000000A04000000000FC570308C8A000201A
:1060C000000000000000803F000000000000804051
:1060D00000000000FC5703088400002000000000BE
:1060E0000000803F000000000000A0400000804051
:1060F000FC570308708E0020000000000000803F65
:106100000000000000007F430000B0410C5803086D
:10611000A8300020000000000000803F00000000C8
:106120000000704100000000FC5703089C2E002076
:10613000030000000000803F000010410000A0416B
:106140009A99194114580308F0050020030800002B
:10615000CDCCCC3D000000000000A041CDCCCC3D1A
:10616000F457030800000000030000000000803F17
:106170000000000000007F4300000000000000005D
:10618000EC380020030E00000AD7233C000000007A
:106190000000803F0AD7A33C18580308C8380020E5
:1061A000030E00000AD7233C000000000000803FDF
:1061B0000000000018580308E4380020030E000017
:1061C0000AD7233C000000000000803FCDCC4C3DAE
:1061D00018580308843E002003050000CDCC4C3D38
:1061E0000000000000007A43CDCC4C3CF45703087B
:1061F000CC3B002003050000CDCC4C3D000000004E
:1062000000007A43CDCC4C3CF4570308F405002041
:1062100003080000CDCCCC3D000000000000A041F0
:10622000CDCCCC3DF457030834000020031000000F
:106230000000803F0000803F00007F430000C84115
:106240001C580308FC3B00200302000017B7D1389C
:106250000000000000000040BD370636F457030878
:1062600040210020030700008FC2753D00000000A0
:10627000000070418FC2F53CF4570308B43B002086
:10628000030600000000803F00000000713D6A40EE
:10629000931ADA39F4570308F0380020030000009D
:1062A0000AD7233CCDCC4C3E0000003F9A99993E42
:1062B00018580308F00F0020030000000AD7233C01
:1062C00000000000CDCC0C3F0AD7A33BF4570308D5
:1062D000F8800020030000000000803F0000000064
:1062E0000000F041000020412058030864BD002058
:1062F000030B000035FA8E3C00000000960A863F32
:106300007EC3643E24580308000000000000000023
:106310000000803F0000000000007F4300000000FC
:10632000000000000C000020000000000000803F82
:10633000000000000000004000000040FC5703087F
:1063400000000000000000000000803F000000008E
:10635000000080410000E04000000000A930002063
:10636000000000000000803F0000000000007041BD
:106370000000803FFC570308480000200300000095
:106380000000803F000000000000003FCDCC4C3EEC
:1063900000000000FC800020030E00000AD7233C10
:1063A000000000000000803F0000000018580308B3
:1063B0008C210020030000000000803FCDCCCC3DAC
:1063C000000070410000A040F4570308AA300020EC
:1063D000000000000000803F00000000000070414D
:1063E00000000040FC570308AB3000200000000014
:1063F0000000803F000000000000704100004040AD
:10640000FC570308F5000020000000000000803F5A
:10641000000000000000D0410000D041FC570308FC
:10642000C9A00020000000000000803F0000000024
:106430000000E04000000040FC570308FC3800204A
:10644000030000000000803F000000000000484200
:10645000000040402858030801810020000000008F
:106460000000803F000000000000F041000070418B
:1064700008580308C1000020000000000000803F11
:10648000000000000000E04000000040FC5703084E
:1064900078210020030700000AD7233C00000000F9
:1064A0000000704117B7513AF4570308AE3000208E
:1064B000000000000000803F00000000000070416C
:1064C0000000C040FC570308AD3000200000000071
:1064D0000000803F00000000000070410000A0406C
:1064E000FC57030802810020000000000000803FEC
:1064F000000000000000FE42000000000C580308ED
:1065000044000020030000000000803F0000000065
:10651000000048420000C84100000000902E00200A
:10652000031500000000803F0080BB4400401C4673
:106530000080BB442C580308AC3000200000000051
:106540000000803F0000000000007041000080401B
:10655000FC570308B3300020000000000000803F1B
:10656000000000000000704100003041FC570308AB
:106570003821002003070000022B873C00000000A8
:1065800000007041022B873BF45703080481002070
:10659000030000000000803F0000000000007F4377
:1065A0000000204100000000C8100020030000008F
:1065B0000AD7233C000000BF0000003F000000009D
:1065C00018580308B1300020000000000000803F90
:1065D000000000000000704100001041FC5703085B
:1065E0003C210020030700006F12833B00000000E5
:1065F00000007041ACC5A738F45703080000000044
:10660000000000000000803F0000000000007F4309
:1066100000000000000000004421002003070000EB
:106620000000803F00000000000070410000803F3B
:106630002858030870410020030D000035FA8E3CF5
:10664000CDCCCC3D378D2741910A06403058030808
:10665000DC380020030E00000000803F0000000036
:106660000000803F9A99193E00000000D4380020B5
:10667000030E00000AD7233C000000000000803F0A
:106680000AD7233C1858030800000000030000004C
:10669000CDCC4C3D0000000000007F430000803F57
:1066A000F4570308D0380020030B000035FA8E3C65
:1066B00000000000960A863F960A863F2458030889
:1066C00090210020030B000035FA8E3C00000000F2
:1066D000960A863FE866DF3E24580308C438002047
:1066E000030F00000AD7233C000000000000003F19
:1066F0000000000038580308D8380020030E0000BE
:106700000AD7233C000000000000803F0000803ECC
:106710001858030810300020000000000000803FDF
:10672000000000000000804000008040FC5703088B
:1067300000000000030000000000803F0000000097
:1067400000007F4300000000000000006F8E00206A
:10675000000000000000803F0000000000007F43B8
:10676000000092420C580308D83B002003000000B0
:1067700035FA8E3C0AD7233C960A863F960A063F96
:106780002458030800000000030000000000803FC0
:106790000000000000007F43000080403C580308D8
:1067A000903E00200300000035FA8E3C0AD7233CBF
:1067B000960A863F960A063F2458030838000020B0
:1067C000030000000000803F0000C84100007F433C
:1067D000000048421C58030894210020030B0000CD
:1067E00035FA8E3C00000000960A863FC7B8B23EDC
:1067F00024580308B4380020030000000000803F44
:1068000000000000CDCC4C3EA69B443B385803080A
:10681000E8000020030E00000AD7233C000000001F
:106820000000803FCDCC4C3F18580308CC380020E6
:10683000030C000035FA8E3CC7B8B2BEC7B8B23EF2
:106840000000000024580308B83E0020030D00009B
:1068500035FA8E3CCDCCCC3D378D2741910A864010
:1068600030580308003C0020030D000035FA8E3C30
:10687000CDCCCC3D378D2741910A064030580308D6
:10688000982E0020031200000000803F000000004E
:1068900000007F430000000044580308600000200F
:1068A000031100000000803F0000000000007F4353
:1068B0000000944114580308C0380020030E000063
:1068C0000AD7233C000000000000803FCDCC4C3EA6
:1068D00018580308BC380020030E00000AD7233CD8
:1068E000000000000000803F00000000185803086E
:1068F00098210020030D000035FA8E3CCDCCCC3D14
:10690000378D2741960A063F30580308C000002003
:10691000000000000000803F000000000000A040D8
:1069200000008040FC5703086C4100200300000079
:1069300017B7D13700000000CDCC4C3DBD378635B0
:10694000F457030800000000000000000000803F32
:106950000000000000007F43000000000000000075
:1069600000000000000000000000803F0000000068
:106970000000C84200000000FC570308B2300020AD
:10698000000000000000803F000000000000704197
:1069900000002041FC570308AF3000200000000039
:1069A0000000803F00000000000070410000E04057
:1069B000FC570308B0300020000000000000803FBA
:1069C000000000000000704100000041FC57030877
:1069D00038410020030400000000803F0000000058
:1069E000000048430000403F0C5A03083C4100208F
:1069F00003050000CDCC4C3D0000000000007A43B0
:106A0000CDCC4C3CF457030844410020030A00005D
:106A10000ADA643A000000000000F0418FC2F53C41
:106A2000045803082439002003060000CDCC4C3D57
:106A300000000000713D6A408FC2753BF4570308A7
:106A40006E8E0020000000000000803F000000006B
:106A5000000080400000803FFC57030840390020C0
:106A600003060000C98E8D3900000000713D6A40A8
:106A700084F49034F45703089400002003000000CD
:106A80000AD7233C000000000000803E0000803E4A
:106A900018580308B8380020030000000000803FA9
:106AA000000040C0CDCCCCBD0000C0BF28580308BA
:106AB00000000000000000000000803F0000000017
:106AC00000007F430000000000000000980000204C
:106AD000030000000000803F000000000000F041C3
:106AE0000000803F28580308802100200300000098
:106AF0000000803F000000000000204100008040B6
:106B00002058030884210020030000000000803F7B
:106B1000000000000000F041000040402058030841
:106B200060410020030300006F12833A0000000060
:106B30000000004000000000F457030868410020F6
:106B4000030000000AD7233C0000000000000040C2
:106B500052499D39F457030800000000030000006B
:106B60000000803F0000000000007F4300000000A4
:106B70000000000000000000030000000000803F53
:106B80000000000000007F43000000000000000043
:106B900010000020030000000AD7233C9A99193EF8
:106BA0000000803FCDCCCC3E185803080000000008
:106BB000030000000000803F0000000000007F4351
:106BC000000000000000000024300020030E000040
:106BD0000AD7233C000000000000803F0AD7A33CF6
:106BE0001858030888210020030000000000803F9F
:106BF0000000000000007A440000484320580308C9
:106C000064000020030000000000803F000000003E
:106C10000000C84100007041205803086D8E00201C
:106C2000000000000000803F000000000000004065
:106C300000000000FC570308F400002000000000E2
:106C40000000803F00000000000070420000A040F3
:106C500008580308F0000020030000000AD7233C76
:106C6000000000000000003F9A99193E18580308E0
:106C7000F4800020030600006F12833A0000000039
:106C8000713D6A4017B75138F4570308F8380020AF
:106C9000030000000000803F0000000000004842A8
:106CA0000000404028580308F08000200300000046
:106CB0000AD7233C000000000000A04100000000B3
:106CC00018580308F4380020030000000000803F3B
:106CD0000000000000007041000040402058030800
:106CE00000000000000000000000803F00000000E5
:106CF00000007F430000000000000000EC000020C6
:106D0000000000000000803F000000000000A040E4
:106D10000000803FFC570308000000000000000056
:106D20000000803F0000000000007F4300000000E2
:106D3000000000006C8E0020000000000000803F7A
:106D4000000000000000E04000000000FC570308C5
:106D50000000000000000000000000000000F04102
:106D600000000000000000400000000000000040A3
:106D700000000000000048430000000000007A43CB
:106D800000000000713D6A400000000000007041FA
:106D9000000000000000A041000000000000A04131
:106DA000000000000000F04100000000960A863F4D
:106DB000C7B8B2BEC7B8B23ECDCCCC3D378D2741A7
:106DC000000000000000803F000000000000003FC5
:106DD0000000803F00007F430000000000007F4370
:106DE0000000000000007F430000000000007A4423
:106DF00000000000000048420080BB4400401C46E8
:106E000000000000000070420001000202000000CB
:106E1000787D8B3A0AE89C3A0000004600000000AA
:106E200001000102000000000004024000100C00FC
:106E300001000102000000000008024020000500DF
:106E400001000102000000000008024010000400E0
:106E500000010102000000000008024008000300D9
:106E60000000000000000000000000000000000022
:106E70000000000000000000000000000000000012
:106E80000000000000000000000000000000000002
:106E900000000000000000000000000000000000F2
:106EA00000000000000000000000000000000000E2
:106EB000010000033C000000000000000000000092
:106EC00000000000000000000000000000000000C2
:106ED00000000000000000000000000000000000B2
:106EE00000000000003001400000024020000500CA
:106EF0000000024040000600000002408000070041
:106F000001000000003800400004024000200D0095
:106F10000004024000400E000004024000800F0008
:106F200000000000003C00400008024000040A008D
:106F30000008024000080B000008024000100C008E
:106F40000000000000000000000000000000000041
:106F50000000000000000000000000000000000031
:106F600000540040000402404000060000040240BB
:106F700080000700040000000000000000580040EE
:106F80000004024000040A000004024000080B0054
:106F90000400000000000000005C00400000000051
:106FA00000000000000000000000000000000000E1
:106FB00000000000000000000000000000000000D1
:106FC00000000000000000000000000000000000C1
:106FD00000000000000000000000000000000000B1
:106FE000000000000100000000100140000002400D
:106FF000000209000000024000040A0000C2010073
:10700000000000200007250000000008B8640240CE
:107010004600000088640240010000000044004077
:1070200000000240040002000000024008000300CB
:1070300000C2010000000020000726000000000838
:10704000A0600240110000008860024000000000C3
:10705000004800400004024000040A00000402400E
:1070600000080B0000C201000000002000072700FC
:1070700000000008586002400E0000002860024036
:1070800001000000004C00400008024000040A001B
:10709000000000000000000080250000000000202B
:1070A0000008340000000008706002400F0000007B
:1070B00040600240000000000000000000000000EE
:1070C00000000000000000000000000000000000C0
:1070D00000000000000000000000000000000000B0
:1070E000000000000000000001000000000000009F
:1070F0000000000000000000000000000000000090
:10710000000000000000000000000000000000007F
:10711000000000000000000000000000010000006E
:107120000020014000080240010000000A000000A9
:107130000100000000000000106402400100000097
:107140000100000000200140000802400200010090
:107150000B0000000100000000000000106402406D
:107160000200000001000000002001400008024071
:10717000040002000C0000000100000000000000FC
:107180001064024003000000000000000000000046
:1071900000000000000000000000000000000000EF
:1071A00000000000000000000000000000000000DF
:1071B00000000000000000000000000000000000CF
:1071C00000000000000000000000000000000000BF
:1071D00000000000000000000000000000000000AF
:1071E000000000000000000000000000000000009F
:1071F000000000000100000000040240080003003D
:10720000010000000000000000000000000000007D
:10721000000000000000000000000000000000006E
:107220000000000000000000010000000004024017
:107230001000040001000000000000000000000039
:10724000000000000000000000000000000000003E
:10725000000000000000000000000000010000002D
:107260000008024000080B000100000000000000C0
:10727000000000000000000000000000000000000E
:1072800000000000000000000000000000000000FE
:10729000010000000008024000100C000100000086
:1072A00000000000000000000000000000000000DE
:1072B00000000000000000000000000000000000CE
:1072C0000000000001000000000002401000040067
:1072D00001000100000000000000000000000000AC
:1072E000000000000000000000000000000000009E
:1072F000000000000000000001000000000002404B
:107300000200010000000100000000000000000079
:10731000000000000000000000000000000000006D
:10732000000000000000000000000000010000005C
:1073300000080240000209000000010000000000F7
:10734000000000000000000000000000000000003D
:10735000000000000000000000000000000000002D
:1073600001000000000002402000050001000100B3
:10737000000000000000000000000000000000000D
:1073800000000000000000000000000000000000FD
:1073900000000000010000000000024000800F001B
:1073A00001000100000000000000000000000000DB
:1073B00000000000000000000000000000000000CD
:1073C00000000000000000000000000000000000BD
:1073D00000000000000000000000000000000000AD
:1073E000000000000000000000000000000000009D
:1073F000000000000000000000000000010000008C
:107400000008024000800F000000010000000000A2
:10741000000000000000000000000000000000006C
:10742000000000000000000000000000000000005C
:10743000000000000000000000000000000000004C
:10744000000000000000000000000000000000003C
:10745000000000000000000000000000000000002C
:1074600000000000010000000004024000020900CA
:107470000200010001000000000800400C000000B4
:107480004008004002000000000000000000000072
:1074900000000000000000000100000000040240A5
:1074A0000001080002000100010000000008004087
:1074B000080000003C08004002000000000000003E
:1074C00000000000000000000000000001000000BB
:1074D00000040240800007000200010001000000DB
:1074E00000080040040000003808004002000000CE
:1074F000000000000000000000000000000000008C
:1075000001000000000402404000060002000100EB
:1075100001000000000800400000000034080040A6
:107520000200000000000000000000000000000059
:1075300000000000010000000008024040000600BA
:1075400002000100010000000004014000000000F2
:1075500034040140030000000000000000000000AF
:1075600000000000000000000100000000080240D0
:10757000800007000200010001000000000401403B
:107580000400000038040140030000000000000077
:1075900000000000000000000000000001000000EA
:1075A000000002404000060002000100010000004F
:1075B000000400400000000034040040020000000D
:1075C00000000000000000000000000000000000BB
:1075D00001000000000002408000070002000100DE
:1075E00001000000000400400400000038040040D6
:1075F0000200000000000000000000000000000089
:107600000000000001000000000402400100000032
:10761000020001000100000000040040080000001A
:107620003C040040020000000000000000000000D8
:107630000000000000000000010000000004024003
:1076400002000100020001000100000000040040EF
:107650000C00000040040040020000000000000098
:10766000000000000000000000000000000000001A
:1076700000000240020001000100010000000000C3
:1076800000000000000000000000000000000000FA
:1076900000000000000000000000000000000000EA
:1076A0000100000000000240010000000200010093
:1076B0000100000000000040000002000000000087
:1076C00001000000000000000000000000000000B9
:1076D0001C0000002837154328370B432837014387
:1076E0004F6EEE424F6EDA424F6EC6424F6EB2425E
:1076F0004F6E9E424F6E8A429FDC6C429FDC44423A
:107700009FDC1C423EB9E9413EB999417C7213416C
:1077100045D848BF848D2CC1C246A6C1C246F6C119
:10772000612323C261234BC2612373C2B1918DC215
:10773000B191A1C2B191B5C2B191C9C2B191DDC23D
:10774000B191F1C2D8C802C3D8C80CC3D8C816C3F7
:10775000D8C820C3D8C82AC3283733432837294379
:1077600028371F4328371543E27D0143D27CEA4284
:107770004B35D44281D8BF423907AD4244649B4265
:107780007D9E8A4281E97442C56C554237833642F8
:10779000BA001842DA8FF341EC80B741DA3877410A
:1077A000145CFE405F24C43E938CE9C0AE5872C1A5
:1077B0004F9EB9C122ECFBC1F01320C2712643C217
:1077C000082967C2EC0F86C2DF1099C222B0ACC292
:1077D0004F16C1C24B7CD6C2AF28EDC29BB302C3C9
:1077E000D9BA0FC370B11DC349722CC39A602C4320
:1077F000F24F1D43EAE40E43E27D0143C52BAB4249
:1078000031589B42209E8E4240BA83421DB473423F
:1078100038B86042E47A4D421D38394264802342D0
:1078200082450C420FAEE7418B94B541C39883412A
:10783000418E2541378E8D401F2EB5BFD7C0EBC07E
:10784000BE875AC15EA2A3C1C168DEC1EB760EC27B
:1078500033ED2EC2BCD94FC205AB70C2129088C2A4
:1078600024AB98C2E4E7A8C232C6B9C2032CCCC28A
:1078700089CFE1C25749FEC265B814C358043143E9
:10788000B86C0A439E44E0424574C042C52BAB42EB
:10789000E18B3E420C653942F68B334274DE2D4259
:1078A0008A882842EB052342DE281C42356C1242AE
:1078B0007B8604421FDDE341D240B641CF43834182
:1078C000BBE11E41522C7B40D673A2BF5778B7C094
:1078D0002E4A1FC1CC8B69C12569A1C139B4D6C15B
:1078E0000B3809C22D3228C2D52C46C263AB61C207
:1078F000BEDC79C23D2B87C2CB578FC24EFA94C2F1
:107900006BD496C2037591C22BA172C28340A6C1EB
:107910009D8BD24141942A426C983D42C72E4142F0
:10792000E18B3E42CFC3F741A375F9414E5CF7416D
:107930001A1DF4412895F1412F97F041A7B3EF416B
:10794000309EEA41D589DB410FBFBD41DFEC8F415D
:1079500065532B4172BF3B40EBAD80C03F1114C15A
:1079600053964BC1CFAC72C19F7C8DC175F0AAC13B
:107970002C71D6C13F8306C24A1523C2F3E83CC22C
:10798000D38151C245675FC2005A65C2548F61C23C
:107990001ED050C28D9F2EC21AE3F1C1F74C5CC1BC
:1079A000E206EC3F2CF15D419722B041AC6DD8412D
:1079B0006F6AEE41CFC3F74128DBB2410F05B741F3
:1079C00062A1B741002EB641AA02B441F2F5B2411C
:1079D00026DEB341481CB441CEC7AC41381B9541AB
:1079E0006AC14E4107259840C19089C06C1542C1BB
:1079F0000F968BC1D6E2A2C1FCAFADC134E8B1C1D4
:107A000065A5B7C1C067CCC1EE7CF4C10AF111C253
:107A1000185226C2074E33C25D9E36C249EB2EC2B3
:107A200085651BC275EBF7C149CBA8C1EE0835C10E
:107A3000314240C04E7F7E4021021F4144866D414D
:107A40005EA394411C5FA84128DBB24180AB864114
:107A50003D898A411D3D8C4172338C4123338A41DB
:107A6000A32F8741A52B8541FF2C84416D2D7D419E
:107A7000F0335341912CF04095D481BF57F824C185
:107A8000BFE58EC1112AB4C18A3CC6C11725CCC13D
:107A90003E6EC5C1905AB1C15E63A1C1AFBCABC15E
:107AA000E9E0CBC19912EDC19048FFC1445DFBC133
:107AB000ABE1E1C17F01B7C13A407FC1862C0EC165
:107AC00063B45AC04E9CDC3E06F57740772DEE40FD
:107AD00083A32D4123CA5B41AF147C4180AB864117
:107AE0001BAA52413ED05641D2185941E1625A4137
:107AF0003BFC5741D7B450419FB048415DC442411F
:107B0000E151354129F90941B77A3640F4FDAFC05A
:107B100087FE60C139FFA3C1D1E8BFC156C8C7C144
:107B2000E313C1C1A29DAAC14E7483C17A5F35C15E
:107B3000132C11C1199C2BC1B1F966C174648AC19F
:107B4000448B8DC186727CC1FAE143C11939F2C000
:107B5000894140C03E5CF2BD9B1BB33F9B3849400E
:107B60003A5DB440AD2F054144862B41FD4146416D
:107B70001BAA52414D782E41261E2E4170FC2C41ED
:107B80007ED72D4136CD2C410F6226411DAC1E41C2
:107B900046EB1741E696064161C3AB403D2CF4BE6F
:107BA0000A2E04C1DC917AC15316A6C1A251B6C1F6
:107BB0000332AFC1211F97C1A57768C1829018C158
:107BC000A04F9DC08DEEF4BF47E6E1BF771088C09F
:107BD000B398E5C0D5E708C1457002C1B493CCC0E5
:107BE000E3C762C005FA24BF5BB14F3FAB3E933F92
:107BF0005D16074034BA8540B2F4D2409ED20C41A3
:107C0000795D25414D782E41A1101B418D0B184106
:107C1000EDBB1341C8181441F8881441B3B50F41A6
:107C20007E1809417EC60041AE2AD2404434444009
:107C3000E04A30C03B191CC14DB27EC1A9079DC1AD
:107C40002CDAA0C1CFF78CC1893556C100D70CC141
:107C50003CA09AC0AB26D0BFC1C55A3F4E9CDC3F6A
:107C600089EFB43E672C00C0E67465C04AEF7BC064
:107C70000E4F53C001FBE4BF488A08BEEE08D73E52
:107C80004018183EC0CF383FD59527405CACA04087
:107C90000118EB404D101141A1101B410DE00F41A7
:107CA000685C1041B4F10C41D3070F415379124184
:107CB000EAE70F41F5E707413E79F1400C3CAC4063
:107CC0006132A53FA1A190C0E3A52BC1A8D279C183
:107CD000C3078FC199A488C10D0E5EC150C218C1DF
:107CE00069E3AAC09FC809C0E50AEF3D2D95014090
:107CF0007407434047E61340228EF53EEC6977BF98
:107D0000D34DC6BF87E1C3BFF8FC80BF0A9DD7BE75
:107D1000658D22BF1B0DB0BFA1B996BF6F47F83E5E
:107D2000CE883C4078D1B340C520FC400DE00F41E7
:107D3000EAB200416D280E41FBF41341A34C1C41F3
:107D400092DC2441B840254160BC1941E145FE4028
:107D500067279A40D9CEB7BD793BC3C03C773AC1BB
:107D6000BB1B74C1094481C1615468C1DE9F33C12A
:107D700098DDE7C062845CC032031DBF4165A03F4F
:107D8000BB27314052D56E401C7C57409A5FFD3F67
:107D900060EA3F3F54E3053E4F5842BE3350D9BEE0
:107DA000DAAC5ABF2445F8BF687952C0F2D267C036
:107DB000DE8E16C03EEDB03D71AC4740F0BFC14015
:107DC000EAB20041255DCE40B47608419F1F2041B4
:107DD00057213441F6234341CB21464131083741F5
:107DE00081EC1041C9E59B404D1089BF26C7F2C008
:107DF000C6504CC1458D75C11F6873C17CFE50C112
:107E0000D3D91CC19F3CC3C09ED221C0FC6F853E0C
:107E1000431C0740C3475E40EFFE8C4019C58D40B0
:107E2000CD06674085EB2B405D3301408FDFAB3FD4
:107E3000B471B43E5E6397BFA06C56C0AC39B0C09D
:107E4000E691CEC0E960B3C0653650C0B1DC523CAB
:107E5000FCC65F40255DCE406F9E93405F46FD406F
:107E60001FCB2A4173CB4D412D896441299669412D
:107E700035245741ADEE26414547A640A5BDF9BF83
:107E8000072514C1090A67C17AAA83C16B8E7BC119
:107E9000729653C1FE9A1DC1CE8DC4C051F721C048
:107EA0009B38F93E5BCE2B40FF95894089D2B0408C
:107EB0008447C640486DC640D174B74022719D408A
:107EC00054746640740CC43F0B7BB2BF670F9CC0F8
:107ED0006440FEC041E516C1B29D0DC1247FD0C0F3
:107EE000D3D943C0C8D2573F6F9E934000004E4045
:107EF000BA4EED40BD18334192856441879082416E
:107F0000AF2B8741390B794117D93C41E59BA640FE
:107F1000348063C042A63FC13C718BC12DCF99C153
:107F2000586291C1841276C1A1213BC1D9CEF4C05F
:107F3000C78068C03D2C54BC75C83F40FAF2AE40C3
:107F40007AFCF140EB101441F0162541CCDD2741BD
:107F5000D2A918416952E840C72E6340DB33ABBF5A
:107F60000534D0C0F5E728C1F63446C13FA93CC16D
:107F7000641214C1C3F5AFC0EC6997BF00004E4056
:107F800009502140AA9AEA405BA53C41B36F794170
:107F9000D05592411D789A416AD88E41F2354F41B1
:107FA00053E87E401119F1C06D628CC15391B9C183
:107FB00023D5C4C19897B8C19D349EC122F177C121
:107FC000AAC82BC1253BBBC081958FBF2C2B51402C
:107FD0003D9BE840DA382E41A7966041F550834139
:107FE0002E398C41F62386411CB1584167D5F340A8
:107FF000ED2A64BEF5B9FCC0761A53C1DA7E73C1AE
:10800000364D65C11EFE35C1EFE1E5C0FE261AC042
:1080100009502140BCE8014024D6EB40D6EE454152
:108020003AAF85414E2E9F41D4EBA841C1CA97413A
:10803000E76F3641B1F92CC0AC8596C1B947EDC1A7
:10804000F88A07C2464E06C283B4F4C1975CD0C119
:1080500003C9A4C12C486AC10A1D07C19DD70CC021
:1080600016187C40C5AC1D41AAC3764182A8A34125
:108070006120C541B594DB41A655E0419178C941E5
:10808000E8538C414AEFAF40AD4CD7C09C5069C11A
:1080900079C68AC10A2E83C14A5252C14A6F09C1A8
:1080A00019E258C0BCE80140CAE0D83E9487B54008
:1080B000F1572741BBFE6241D27B7D41171A5741E0
:1080C0005AF553407A8D88C12A7A17C23DA441C21D
:1080D0008FFF4AC243A742C2B8D530C26C9E19C2B4
:1080E000064CFEC1264DC5C1EFC989C1FDA419C109
:1080F000E57EF3BFBB44B9406F2F5641B953A6414B
:108100002703DF414AD8094243052142D0073342C1
:1081100086233C42C3073542BCB91042B5328E417A
:108120005AF5CDBF27E641C1DB3F6EC1D20C56C127
:10813000E18B1AC102F19AC0CAE0D83E21C332C312
:1081400021C328C321C31EC321C314C321C30AC32F
:1081500021C300C34286EDC24286D9C24286C5C24F
:108160004286B1C242869DC2428689C2830C6BC2DE
:10817000830C43C2830C1BC20719E6C1071996C1C1
:108180000E320CC1936F9E3FF2CD3341F9E6A94107
:10819000F9E6F9417DF324427DF34C427DF37442CC
:1081A000BE798E42BE79A242BE79B642BE79CA423B
:1081B000BE79DE42BE79F242DF3C0343DF3C0D4331
:1081C000DF3C1743DF3C2143DF3C2B4321C332C359
:1081D0000100000002050A0A0A0105000001020A66
:1081E0000A0A0105050501020A0A0A01020205023E
:1081F000020A0A0A0101020502010A0A0A00000035
:10820000000304000102060532000000CDCCCC3E84
:108210000000A04046000000CDCC4C3E6666CE403B
:1082200064000000CDCC4C3ECDCCF44001000000F9
:10823000CDCC4C3E0000C03F010000000000803F5C
:108240000000B0400000000000000000000000003E
:108250000B300B500B330B310B00100210021002CD
:108260001010210E21082109210B210F210D0A05D3
:108270000A090A0B0A020A060A070A210A2E0A0834
:1082800001600122013101040140010901340101B1
:108290000102010701350132010601030130012409
:1082A00001230120012101110112023002310210CB
:1082B00002150211021302200D110D160D130D04EB
:1082C0000D030D120D010D060084030000C2010014
:1082D00000E1000000960000004B00008025000037
:1082E000000000000102030401020304060708095C
:1082F00059F3F8C21F6EA501000000000000F03F16
:108300000000000000000080182D4454FB210940AB
:10831000182D4454FB2109C0182D4454FB21E9BFFA
:10832000D221337F7CD90240D221337F7CD902C055
:10833000763C7935EF39EA3D763C7935EF39EABD5F
:108340000000E0FE422EE63F0000E0FE422EE6BFC7
:10835000000000000000E03F000000000000E0BF5F
:10836000E2652F227F2B7A3C075C143326A6813CE2
:10837000BDCBF07A8807703C075C143326A6913C8D
:108380004FBB610567ACDD3F182D4454FB21E93F2D
:108390009BF681D20B73EF3F182D4454FB21F93F1C
:1083A00000000080DB0F4940DB0F49C0DB0F49BFF5
:1083B000E4CB1640E4CB16C0D1F71737D1F717B787
:1083C0008071313F807131BF0000003F000000BF6D
:1083D000000FC93F000F494000CB9640000FC94035
:1083E0000053FB4000CB164100ED2F41000F4941E7
:1083F0000031624100537B41003A8A4100CB9641F3
:10840000005CA34100EDAF41007EBC41000FC941BB
:1084100000A0D5410031E24100C2EE410053FB41D2
:1084200000F20342003A0A420083104200CB164297
:1084300000141D42005C234200A5294200ED2F429A
:1084400000363642007E3C4200C74242000F49429D
:10845000A2000000F9000000830000006E00000090
:108460004E0000004400000015000000290000003C
:10847000FC0000002700000057000000D1000000B1
:10848000F500000034000000DD000000C000000026
:10849000DB00000062000000950000009900000071
:1084A0003C0000004300000090000000410000007C
:1084B000FE0000005100000063000000AB0000005F
:1084C000DE000000BB000000C500000061000000ED
:1084D000B7000000240000006E0000003A00000019
:1084E000420000004D000000D2000000E00000004B
:1084F00006000000490000002E000000EA00000015
:1085000009000000D1000000920000001C000000E3
:10851000FE0000001D000000EB0000001C00000039
:10852000B100000029000000A70000003E0000008C
:10853000E80000008200000035000000F5000000A7
:108540002E000000BB00000044000000840000007A
:10855000E90000009C000000700000002600000000
:10856000B40000005F0000007E0000004100000039
:108570003900000091000000D60000003900000022
:10858000830000005300000039000000F4000000E8
:108590009C000000840000005F0000008B000000D1
:1085A000BD000000F9000000280000003B000000B2
:1085B0001F000000F800000097000000FF0000000E
:1085C000DE00000005000000980000000F00000021
:1085D000EF0000002F000000110000008B000000E1
:1085E0005A0000000A0000006D0000001F0000009B
:1085F0006D000000360000007E000000CF0000008B
:1086000027000000CB00000009000000B7000000B8
:108610004F000000460000003F0000006600000020
:108620009E0000005F000000EA0000002D00000036
:108630007500000027000000BA000000C70000001D
:10864000EB000000E5000000F10000007B000000EE
:108650003D0000000700000039000000F7000000A6
:108660008A0000005200000092000000EA000000B2
:108670006B000000FB0000005F000000B100000084
:108680001F0000008D0000005D00000008000000D9
:10869000560000000300000030000000460000000B
:1086A000FC0000007B0000006B000000AB0000003D
:1086B000F0000000CF000000BC000000200000001F
:1086C0009A000000F4000000360000001D000000C9
:1086D000A9000000E300000091000000610000001C
:1086E0005E000000E60000001B0000000800000023
:1086F0006500000099000000850000005F00000098
:1087000014000000A000000068000000400000000D
:108710008D000000FF000000D80000008000000075
:108720004D00000073000000270000003100000031
:1087300006000000060000001500000056000000C2
:10874000CA00000073000000A8000000C90000007B
:1087500060000000E20000007B000000C00000009C
:108760008C0000006B0000006937AC3168212233B7
:10877000B40F14336821A2333863ED3EDA0F493F5A
:108780005E987B3FDA0FC93F0000C93F0000F03917
:108790000000DA370000A2330000842E0000502BC6
:1087A0000000C2270000D0220000C41F0000C61B2A
:1087B000000044170400000007000000090000004A
:1087C00000202020202020202020282828282820A1
:1087D0002020202020202020202020202020202099
:1087E0002088101010101010101010101010101001
:1087F00010040404040404040404041010101010F1
:1088000010104141414141410101010101010101BA
:10881000010101010101010101010101101010100C
:10882000101042424242424202020202020202028C
:1088300002020202020202020202020210101010E0
:108840002000000000000000000000000000000008
:108850000000000000000000000000000000000018
:108860000000000000000000000000000000000008
:1088700000000000000000000000000000000000F8
:1088800000000000000000000000000000000000E8
:1088900000000000000000000000000000000000D8
:1088A00000000000000000000000000000000000C8
:1088B00000000000000000000000000000000000B8
:1088C00000000000F8B500BFF8BC08BC9E46704729
:0C88D000F8B500BFF8BC08BC9E4670471D
:0888DC003C03FD7F01000000D8
:0888E400D9500308818E000841
:0488EC00598E000899
:1088F00006000000040000000000803F02000000AD
:10890000C3F5A83E00000000FF00000000000000CA
:108910000000803F4EE640BB0000803F0000484220
:10892000000020410000A041000096420000C84223
:108930000000A0410000C841CDCCCC3E0000803FEB
:10894000010101FF010000000000803F0300000062
:108950000AD7934100007041CAF24971010000003A
:108960000000803F010000000000803F0000803FC9
:108970000000803F05041400DC0300000000803F7D
:10898000030000000000803ECDCC4C3E0000803F44
:108990000000803F0000803F0A0000000000803F90
:1089A0000000000000000000000000000000C841BE
:1089B0000402000064000000640000006400000085
:1089C000B004000000000000E80300000000000008
:1089D000D007000000000000CDCC4C3F010000009B
:1089E00000007041051A0102B5D601088DD60108B4
:1089F000BDD501080000000091D4010805D7010889
:108A00008DD50108D1D4010800000000000000004D
:108A1000C5D40108FF00000009024300020100C0A4
:108A200032090400000102020100052400100105C2
:108A30002401000104240202052406000107058226
:108A4000030800FF09040100020A000000070501F5
:108A50000240000007058102400000007001002074
:108A600049D9010871D801081DD80108BDD70108EE
:108A7000EDD70108A1D7010889D70108CDD7010892
:108A8000DDD7010800000000000000000403090415
:108A9000120100020000004083044057000201025E
:108AA0000301000039DA010845DA010869DA010832
:108AB00051DA010881DA010899DA0108B1DA01080E
:108AC000C9DA010881DB01082DDB0108CDDA0108D4
:108AD0000DDB010800C201000000080131E10108BE
:108AE0003DE1010849E1010855E1010861E10108A2
:108AF0006DE1010879E101080500000010F330F391
:108B000010F490F350F8B1E8B2E8000007930A932C
:108B10000F930B9400000000007A030A0000803FCE
:108B2000F87800007878000011A0010000004842A9
:108B300000007A430000B442000000000000000082
:108B40000000000000000000000000000000000025
:108B50000000000000000000000000000000000015
:108B60000000000000000000000000000000000005
:108B700000000000000000000000000000000000F5
:108B80000000004100401C460000704200007A4393
:108B9000000000410500000000000000000000008F
:108BA000B8020020000000000000000064BE0020A9
:108BB000CCBE002034BF00200000000000000000F8
:108BC00000000000000000000000000000000000A5
:108BD0000000000000000000000000000000000095
:108BE0000000000000000000000000000000000085
:108BF0000000000000000000000000000000000075
:108C00000000000000000000000000000000000064
:108C10000000000000000000000000000000000054
:108C20000000000000000000000000000000000044
:108C30000000000000000000000000000000000034
:108C400001000000000000000E33CDAB34126DE6D1
:108C5000ECDE05000B00000000000000000000003A
:108C60000000000000000000000000000000000004
:108C700000000000000000000000000000000000F4
:108C800000000000000000000000000000000000E4
:108C900000000000000000000000000000000000D4
:108CA00000000000000000000000000000000000C4
:108CB00000000000000000000000000000000000B4
:108CC00000000000000000000000000000000000A4
:108CD0000000000000000000000000000000000094
:108CE0000000000000000000000000000000000084
:108CF0000000000000000000000000000000000074
:108D00000000000000000000000000000000000063
:108D10000000000000000000000000000000000053
:108D20000000000000000000000000000000000043
:108D30000000000000000000000000000000000033
:108D40000000000000000000000000000000000023
:108D50000000000000000000000000000000000013
:108D60000000000000000000000000000000000003
:108D700000000000000000000000000000000000F3
:108D800000000000000000000000000000000000E3
:108D900000000000000000000000000000000000D3
:0C8DA00000000000000000009CBF00204C
:040000050803088D57
:00000001FF
